Date,SPY,EEM,TLT,GLD
2005-01-04,-0.01229496335088831,-0.03127225234281136,-0.010536411136795827,-0.006529845317733264
2005-01-05,-0.00692412703613452,-0.012317362868208897,0.005339313273692684,-0.0016392348746523818
2005-01-06,0.005071181700190942,-0.0006799060655858182,0.0006785419860274198,-0.012261333638891793
2005-01-07,-0.0014341940113779062,0.0019342193842051241,0.002262694666653548,-0.007381897245418499
2005-01-10,0.004716819605693467,0.0012528102214625627,0.0015793435350598473,0.002625627696485633
2005-01-11,-0.0069145822545099295,-0.00187949676852001,0.0058464020333105484,0.006178687004495116
2005-01-12,0.00329454997162416,0.01220615922449266,0.0013440987303591305,0.009197079351984367
2005-01-13,-0.008044462925000731,-0.004138532694869603,0.00958239263873755,0.0
2005-01-14,0.005257554515154033,0.017726963686720353,-0.00011010055451466961,-0.0065944371176744334
2005-01-18,0.010348893040843936,-0.0017843167804968574,0.0033213618720341577,0.0
2005-01-19,-0.010518396247574098,-0.013871679501654693,0.002870393522438957,-0.0014188078686102948
2005-01-20,-0.006108564399034984,-0.012493371675266996,0.0019811364089642003,-0.00023661866710279286
2005-01-21,-0.006146687845336417,0.01352782387922571,0.001098993827396389,0.011530935359385552
2005-01-24,-0.001971424371059401,-0.0015516736203324778,0.004276657986186531,0.0007016437791639085
2005-01-25,0.0028272623558192184,0.009017170554174971,-0.009454889595461974,-0.012469253807297102
2005-01-26,0.0029901589702953577,0.014513248126031466,0.0018772825628790577,0.010596989466519383
2005-01-27,0.0017047662310464013,0.0009607842483029109,-0.0018772825628791323,-0.0016410669918453088
2005-01-28,0.0,0.0009081777627885358,0.010000545185457043,0.001641066991845344
2005-01-31,0.00619714319567429,0.013084673911313965,0.0028390130884259437,-0.011070597267868664
2005-02-01,0.0063272385186904,0.008529459783296195,-0.0015879847796399327,-0.0028463668889051274
2005-02-02,0.003023060471792506,0.0031560662716797186,0.002300463223806742,0.0014241961696689009
2005-02-03,-0.002602335957501969,-0.0010344564575947247,-0.0005468084055065055,-0.011450495846862259
2005-02-04,0.010618965633510797,0.015500552891748726,0.013801507456301496,-0.005051101072885615
2005-02-07,-0.0013316342972912781,0.003148855646827846,0.007420238758999409,-0.0048344488376878625
2005-02-08,0.0011654059496282658,0.0019329376725266104,0.005662125114641805,-0.00024238789355093634
2005-02-09,-0.007515258203260408,-0.003239564216657229,0.0026596011738854314,0.001211167689359154
2005-02-10,0.0035978082116140883,0.004831335324383083,-0.013585378351288653,0.010594816644642752
2005-02-11,0.008564885711600571,0.009688679161767941,-0.0006461837203093103,0.007873160646245932
2005-02-14,-0.000745365728676509,0.007134401659919025,0.0031204937165587097,0.011107225145850637
2005-02-15,0.0037218439564506013,0.0023669293512023353,-0.005062377438415953,0.0007048653790649931
2005-02-16,0.0006605379990167317,-0.0030781516285220403,-0.003786415626894545,-0.0014101382284351636
2005-02-17,-0.00811822359908235,-0.0016609498637725178,-0.006306571221403398,0.004926674703408775
2005-02-18,0.001329957081171476,0.012228836249188668,-0.00898478175328123,0.000467956439769851
2005-02-22,-0.01498015766955286,-0.0036670898912479592,-0.004411770500942265,0.018999637742317513
2005-02-23,0.007141067270504677,0.0046050248232973896,0.003310903329936824,-0.0034487108457084453
2005-02-24,0.006592237130907577,0.01540019699397763,-0.002205460961683808,-0.0020748442692022466
2005-02-25,0.009848168634774852,0.018252527078589372,0.004846296745313325,0.003915660084462377
2005-02-28,-0.006609783838244814,-0.001678194705214462,-0.010827290538961892,0.0006893894267664206
2005-03-01,0.004961685054821895,0.002810908415023085,-0.0003122231136977159,-0.007146948198724407
2005-03-02,-0.0004952110624269535,-0.016619564199473944,-0.0013385375901798472,0.0006938540552079055
2005-03-03,0.00041278594806201446,0.002758769437588131,-0.0005585857579236862,-0.006495007182720466
2005-03-04,0.012379070823883965,0.011866901006659129,0.01077476260620947,0.009496303825856959
2005-03-07,0.0004888264308341028,0.0065577186408109335,0.003970238898828597,0.002072543061182761
2005-03-08,-0.0037527453115301103,-0.007647536812244174,-0.009509900854990483,0.012800118961104523
2005-03-09,-0.01117966899777646,-0.005739499469176695,-0.016465717642327075,-0.00022710554600360026
2005-03-10,0.002228988413500285,-0.009639468062114083,0.006080451075910734,0.004080719847417438
2005-03-11,-0.007035262827757802,-0.005643803431059379,-0.0073239781134418,0.005190117471778481
2005-03-14,0.006210401092351943,-0.007682800814241154,0.005975882305677557,-0.009043731773192292
2005-03-15,-0.008289354401626352,-0.025230205652313528,-0.006315083507733026,0.0006811804995411508
2005-03-16,-0.008526202541122387,-0.008521387273128128,0.006089882179144591,0.005658043661345511
2005-03-17,0.0020128375509899494,0.01806351521473354,0.0032551410665997366,-0.011120089001181777
2005-03-18,-0.0029737728379617035,-0.00452139821007405,-0.0062950605214873384,0.001596162590733232
2005-03-21,-0.0037182096427060473,-0.014558235136427995,-0.0028239017835765628,-0.018395534624859662
2005-03-22,-0.010212734789582475,-0.018660933535128238,-0.00851787507847413,-0.010263645454440903
2005-03-23,0.0008546881816323235,-0.012753434787419665,0.004779031949269176,-0.005407403742805499
2005-03-24,0.0011960855608459657,-0.0010994645107903058,0.0020406319433914142,-0.0007074350055783737
2005-03-28,0.0014496002530753926,0.006876197336492092,-0.006135297553398362,0.0035323603275894165
2005-03-29,-0.006670957297507395,-0.026211166550884152,0.0059099722066770525,0.00047004600690944275
2005-03-30,0.014060048320948189,0.022529675377669256,0.004972725191352129,0.0011741045353950623
2005-03-31,-0.0018629921174057233,0.010658193134932834,0.007190341295194095,0.004916294198632268
2005-04-01,-0.0045034344791257275,0.005899715676920444,0.0033645361603800933,-0.004681674425482663
2005-04-04,0.0017013242219013425,0.002203282614038994,-0.00022376959052775172,-0.005175203383487659
2005-04-05,0.004750077289021888,-0.0002441856035157828,-0.0025786568100789223,0.0011785325043955194
2005-04-06,0.0034623301497228383,0.013605739404057182,0.003475384349091145,0.004231325102584404
2005-04-07,0.005382219612467205,0.01003590104046147,-0.0080913556822743,-0.0014084831613397084
2005-04-08,-0.010453740405727807,-0.004741347969258224,0.0034921168659397903,0.002814895929692614
2005-04-11,0.0007623507053823698,-0.009648065234568555,0.0053817659646962345,0.0021060065188699692
2005-04-12,0.005152370234635472,0.012524350988914787,0.009238740210391536,0.0014015740215325113
2005-04-13,-0.011864634058958365,-0.020114530642483874,-0.002441344040178596,0.0013996123608867256
2005-04-14,-0.01312952600863814,-0.025926598852399788,-0.0015558950013073696,-0.013848364312432566
2005-04-15,-0.014091767577342368,-0.021277535931984195,0.013150158450809324,0.0021249010358104564
2005-04-18,0.0030615706890404592,0.011758348441646664,-0.0007691765794104183,0.006816270375332937
2005-04-19,0.007916025544772188,0.016611103706918786,0.009621853354711864,0.01372593773248563
2005-04-20,-0.014048174079150575,-0.023874046151349994,-0.002505214177216074,0.0027688699314186373
2005-04-21,0.01923350446224783,0.028393325870757668,-0.010527617361546712,-0.004850521088753664
2005-04-22,-0.0037998407989208094,-0.011110238389955798,0.008342742939000414,0.004620030567512913
2005-04-25,0.0065543117114121845,0.018760811987549548,0.002947772963446581,0.0011516582685481746
2005-04-26,-0.00976124751032356,-0.010279783151924892,-0.001527289089097158,0.004593502966645929
2005-04-27,0.0038988642785307602,-0.009082509663455708,0.0034865011022888787,-0.010133634068112189
2005-04-28,-0.012617185187021642,-0.016069877818737553,0.0073713263657938,-0.004640397217137494
2005-04-29,0.013481398803796986,0.020022400527244008,-0.0017288054593934934,0.008106552333935738
2005-05-02,0.005600077076429452,0.006619075044988166,-0.00021747880691653718,-0.010901126355548211
2005-05-03,0.0017164620073655296,-0.000942792658093831,0.0027103511356594352,-0.0028024947683054522
2005-05-04,0.007689212831608543,0.026892816562361574,-0.008809887594999358,0.003268814598599033
2005-05-05,-0.00034031385029531454,0.005254539286149258,0.0022913283560482447,0.00023303394519147896
2005-05-06,-0.0031548686450993467,0.0026887738055498406,-0.0074402146315691526,-0.009130331207844171
2005-05-09,0.006214771516113935,0.0009105295816215977,0.0009884323905476283,0.0007052728493703425
2005-05-10,-0.010408801852327738,-0.022724373644541995,0.007105413854731913,0.0021129284545669176
2005-05-11,0.005473997927882429,0.004645260324399055,0.0030461471935510783,0.0011719030574265017
2005-05-12,-0.011063959621941651,-0.017220869618977754,0.003902108309475911,-0.012492767987104848
2005-05-13,-0.0019857339404751144,-0.010326276276641759,0.0038863717456474557,-0.004993449513758401
2005-05-16,0.00928988968925069,0.01181414686612619,-0.0011854552683983968,-0.001670039593571195
2005-05-17,0.006655776930527136,0.00024797936803927273,0.00280082357986787,-0.00047767990788377847
2005-05-18,0.010238235419429996,0.019719689676604348,0.006648702446446755,0.004528636676695042
2005-05-19,0.004200305433682714,0.0036361743686690374,-0.002569300366436879,-0.0016660647871720412
2005-05-20,-0.0014261818219621723,-0.0025196873108273665,0.0011783818386856917,-0.007891898239560196
2005-05-23,0.00552517235357205,0.0032939872749527276,0.0077819901747707325,-0.0007206099466198394
2005-05-24,-0.002340598566915968,-0.002905690456090913,0.0027572666380336576,0.0026394883318275482
2005-05-25,-0.0007531642256315736,-0.007204529308219158,-0.0070140296488519615,0.0033492708869692074
2005-05-26,0.0053453379838592,0.011173643549460887,-0.0003195742557571934,-0.004308295568608848
2005-05-27,0.0016647856051391911,0.006739870179852927,0.0010657888805403841,0.004547152554352749
2005-05-31,-0.00642401900917229,-0.008674273217256325,0.012285532975919668,-0.005507006257920899
2005-06-01,0.008501064519765067,0.01174118767007269,0.012171039502670945,-0.0028853769992222954
2005-06-02,0.0021548834402448343,0.007577168853375444,0.002396927738666576,0.013631676194803669
2005-06-03,-0.005063788323087495,-0.005188260631484696,-0.008258895477416922,0.0016613198934977114
2005-06-06,-0.0009162102353157396,0.010019384242259668,0.0052355689143533,0.007324341820024229
2005-06-07,0.0007496804807811228,-0.004973167499594202,0.007905669240656527,-0.002356788114264282
2005-06-08,-0.0018328168166167908,-0.003806418233266052,-0.004777826371329499,-0.0009443087328481455
2005-06-09,0.004742485173813576,0.005229733548836096,-0.0008331457449185067,-0.001654643902374655
2005-06-10,-0.0023268887757174643,0.0028409386270703465,-0.011317840475367873,0.008245976200893991
2005-06-13,0.00315591134040984,0.003963667982119306,-0.006025078678874335,0.003747073510715156
2005-06-14,0.0023196583398039415,0.004088957835361641,-0.0065942292743234295,-0.004216457663253803
2005-06-15,0.0019011779766231745,0.00742964391557992,0.0018126976263687145,0.0032810717059978092
2005-06-16,0.002556808019598198,0.008898825430633167,0.00499380668593665,0.01670566459973835
2005-06-17,0.003698545571758795,0.011971196991728474,-0.00010569346640889335,0.0039040578544222043
2005-06-20,0.00032934580634599365,-0.009068493144576029,-0.0016978864671474579,0.0006873360101561252
2005-06-21,0.0005763936382582734,-0.004842551436108089,0.007300949384996802,0.0034297855454410334
2005-06-22,0.0008229224780371937,0.009387167536869473,0.01205024757525994,-0.002056441943057124
2005-06-23,-0.014165697570166575,-0.017743661389450043,-0.001042248859875633,0.006838395268039535
2005-06-24,-0.007369340159989154,-0.003502725772376295,0.004991840604554117,-0.0027297316581218743
2005-06-27,0.0014279454383314327,0.0062958682827222055,0.0026940023419308704,0.00022772625942488032
2005-06-28,0.008357886809483196,0.007503198931190345,-0.006851941307247478,-0.010531211828189758
2005-06-29,-0.002666968617696673,-0.005830989847936884,-0.00156336168804198,0.0041341423463071925
2005-06-30,-0.005439387848028558,-0.0030678355826963583,0.008931756804765129,-0.004364367604562605
2005-07-01,0.0029321955033874674,0.003624354849248165,-0.012193417372067436,-0.017181705910153004
2005-07-05,0.007999985237365526,0.004443455873235432,-0.009498723777801647,-0.00988480597185764
2005-07-06,-0.008417635278079271,-0.004860588644121903,0.005499355089366322,-0.0007097783269727351
2005-07-07,0.003925999193212921,0.0029199136304256367,0.002106497061738177,0.002600181338699863
2005-07-08,0.011356439949555729,0.010356318094170598,-0.004112591484573306,-0.002363562671597049
2005-07-11,0.0050971854671593335,0.01513431032072633,0.0,0.0066038588233694575
2005-07-12,0.0026213391639445037,0.011837803504138574,-0.005616335397272778,0.0023479342498727383
2005-07-13,0.0013890226662067672,-0.0006691497941256087,-0.0014884958726174315,-0.006824380475663703
2005-07-14,0.0039132396299105315,0.005737717845450568,-0.002558278213737529,-0.01068252172261526
2005-07-15,-0.0005698208714989315,-0.005470050860318202,0.0026649006939802318,0.003573504930082332
2005-07-18,-0.003997223450426028,-0.0030813341841882964,-0.007477586718171012,-0.0009517230480238243
2005-07-19,0.005461457827851271,0.011341705993194487,0.0035313686339890032,-0.0028605248387047126
2005-07-20,0.0034087155638293245,0.00013247458199496214,0.005434077627825188,0.007373118732496952
2005-07-21,-0.005850085922768306,0.010819305507974837,-0.013693555092570316,0.00614219559189617
2005-07-22,0.006659427432714081,-0.002364495010440558,0.007725504119493066,-0.00023550398297923907
2005-07-25,-0.0028370642655321863,-0.008719777213364133,-0.003641301257960903,0.001412372156634946
2005-07-26,0.0012169999896408574,0.005689309102319582,0.0016091487155695068,-0.006134949083469094
2005-07-27,0.0036419578266266663,0.005394963121485141,-0.0016091487155694265,0.004486927584186658
2005-07-28,0.006280924788005887,0.012390295239303684,0.00886546012297598,0.007277913995399496
2005-07-29,-0.006685012753418869,-0.0006480218064308284,-0.009938968776333573,0.001636080651822505
2005-08-01,-0.0007279510445161214,0.016209997861049045,-0.003725586771167949,0.007213559390177959
2005-08-02,0.005967141689013825,0.017583177517294667,-0.0032518425135182713,0.00023179138808199025
2005-08-03,0.002649258496837404,-0.002510901860737773,0.004873242371867014,0.008999700708553276
2005-08-04,-0.008050130058971724,-0.008838859302861705,-0.002055203467499193,0.003440010901869789
2005-08-05,-0.006812491281516629,-0.018559877361925957,-0.007822898736123839,-0.0018332230655092423
2005-08-08,-0.0018736728908047874,0.00682392472122557,-0.0018569925799135226,-0.005750447330267251
2005-08-09,0.006015554782719407,0.0199463469559605,0.003709161041414681,-0.00023066839856781824
2005-08-10,-0.00048695107693522615,0.010634790449194862,-0.0010897608188630715,0.007127317613814467
2005-08-11,0.003965432694737073,-0.005616348693087107,0.006952515931547582,0.01816166188116084
2005-08-12,-0.006157060525320551,-0.01069522926251237,0.01012552934004561,0.0008995034208769364
2005-08-15,0.006157060525320434,0.006933541876062805,-0.002575149085082225,-0.00812463505949221
2005-08-16,-0.013087875642855505,-0.0174884941837768,0.006959663342566737,0.009472289306063036
2005-08-17,-8.175770837611178e-05,0.0006388574432857696,-0.006637647390009325,-0.01447005569274202
2005-08-18,-8.23137846799794e-05,-0.018568835574885582,0.007384020105586428,-0.0018235248916069417
2005-08-19,0.0022894389280023334,-0.003912518540415253,-0.00010603331143525503,-0.005261440849239186
2005-08-22,0.0,0.012336739881307613,-0.0010670883462357156,0.0022910042023477372
2005-08-23,-0.0018800428803164174,-0.009466306167950427,0.004578986878594387,0.0013720001974238192
2005-08-24,-0.008957274426113404,-0.013115414205197328,0.0009566553428876866,-0.003892350006710497
2005-08-25,0.0036255965065406645,0.011158687214566724,0.0031790448010225953,0.0032065852060479284
2005-08-26,-0.006849693154852439,-0.00130600701961222,-0.0003170865548406462,-0.0027478591065202046
2005-08-29,0.007672079662592493,0.010920334863650854,0.001269164091451196,-0.0009176627252673096
2005-08-30,-0.005273390152031078,-0.010528034566765015,0.0063239666804130994,-0.012936225354478486
2005-08-31,0.01255989329988745,0.020562997899367004,0.008368692143945273,0.00902686849425043
2005-09-01,-0.0007342032615489008,0.01373003957036985,-0.006040555778025723,0.018717726769667944
2005-09-02,-0.0017974695732398801,0.00879964077250449,0.0008408819423242513,0.0006781684194120493
2005-09-06,0.011627613791200874,0.012437769324946266,-0.007064979254542444,0.0004518856303791501
2005-09-07,0.0016957181226496772,0.0012356659758752228,-0.009464193697325228,0.0013544329777345609
2005-09-08,-0.003313865914162303,-0.0016061245206693492,0.0010682564553088686,0.006072134751433877
2005-09-09,0.008867314467073615,0.014607654500648548,0.003196752162633297,0.005366776793414331
2005-09-12,-0.002008466793550065,-0.0014638122323728322,-0.0069393380691957305,0.001114437590335973
2005-09-13,-0.005564463847612163,-0.011290660034152786,0.00523513628626127,-0.007378412759289671
2005-09-14,-0.00364552231999343,-0.0035865423076485866,-0.0038426787771516993,0.008936558784336007
2005-09-15,-0.0004869360055133237,0.005805278760073655,-0.008271786252203655,0.010179311141287253
2005-09-16,0.0070859592193450996,0.015277217689838904,-0.00660147056290646,0.008768174001461274
2005-09-19,-0.003325610622720138,-0.0014566711263801573,0.0021687423671152718,0.009340793593402948
2005-09-20,-0.008485046916381226,0.0026685927982243274,0.0025966673310451366,-0.00043253586017500794
2005-09-21,-0.00938466389444005,0.009404382051306394,0.009251449273088972,0.01779448438266131
2005-09-22,0.003550569537644862,-0.010010529264722628,-0.0009650027687096839,-0.014986380843891567
2005-09-23,0.0008235240326076757,-0.0008488641228981089,-0.007530135995284549,-0.0017271556880254209
2005-09-26,0.0011522353165887276,0.00881709249775884,-0.004544933703644839,0.006246674492227192
2005-09-27,-0.0002467107159838821,-0.006635421403436169,0.0014090793298354135,-0.006895086482796446
2005-09-28,0.0009865694437758087,0.011314541875977595,0.0066939425934794,0.011821722663041578
2005-09-29,0.008103793421305202,0.01744103478872982,-0.004529880326545457,0.006389782004315867
2005-09-30,0.0030934363494003496,-0.0016478599980800043,-0.003464847949481902,-0.008528787613907051
2005-10-03,-0.003582663526955751,0.006341955062135146,-0.00784898789004431,-0.006013819610977734
2005-10-04,-0.011319805505594048,-0.009410019443712827,0.0032880951556959097,0.0006461202839017118
2005-10-05,-0.013203805864942506,-0.030841618135605178,0.0043653584920927595,-0.001939450047779739
2005-10-06,-0.003600760875096568,-0.035604888683192955,-0.003819080858860006,0.018168683528509144
2005-10-07,0.0034337679291593084,0.024452095090467755,0.004036885664088181,0.003172288297702827
2005-10-10,-0.008480088008911691,-0.0033329583629586523,-0.0006534760418711557,0.00021109092407153046
2005-10-11,-0.00143450792032972,0.0043183680319584744,-0.0020723782849145526,0.000422128712852118
2005-10-12,-0.007883267711992123,-0.03113730067760895,-0.009765277338733929,-0.011460246985187512
2005-10-13,-0.000596004040195665,-0.006243056918000864,-0.0036445755576421006,0.003622076732456221
2005-10-14,0.010504187631316823,-0.003841763055695355,-0.001550220467978642,-0.004689866225957319
2005-10-17,0.0037008100976863912,0.01097389148404273,-0.00022111654911712944,0.009781049621695053
2005-10-18,-0.010889661287149365,-0.025708604563894222,0.0011070635042690138,-0.005516634533112237
2005-10-19,0.016498803900885952,0.019343149920440682,0.0004425972927952498,-0.01414207941303838
2005-10-20,-0.01777247264304668,-0.041061482129308484,0.0026520505114387576,-0.007799012917697535
2005-10-21,0.0039014104307120503,0.026265258648232478,0.009230703364517374,0.011675828111288618
2005-10-24,0.015372908899485014,0.026603626816209418,-0.007795762870963529,-0.0027984318839231513
2005-10-25,-0.0020026537058270575,-0.019885990364726283,-0.00863550139657017,0.014339506874232317
2005-10-26,-0.0029275191341078723,0.003598144961979171,-0.007365248378648326,-0.0027662761718075758
2005-10-27,-0.010696275616474665,-0.024018943773274702,0.003578170554498913,0.005312944138745386
2005-10-28,0.014291729712226274,0.025941591838370706,0.00011173066553182109,0.0008474770609084391
2005-10-31,0.002750664708741613,0.017767357245015037,0.0018947073964021802,-0.017518065391236633
2005-11-01,0.002992247148303763,0.017456211081053843,-0.0011528545987422164,-0.014544964457705811
2005-11-02,0.010403508299734285,0.015333226039801263,-0.00471408804113556,0.008708993064364326
2005-11-03,0.004261610751825176,0.0010950421978824165,-0.0067763009693304855,-0.0036920876637241665
2005-11-04,-0.0013096684364874585,-0.0020690783352553858,-0.0015869008287353206,-0.009839387913189087
2005-11-07,0.0009824120952079628,0.0007305894879599607,0.0033979361085831198,0.00569681951966618
2005-11-08,0.0,-0.009419709283861145,0.009679353730618283,0.0030540902705580722
2005-11-09,0.0013078371063100465,0.01488366127068619,-0.010357784111857593,0.014058877980764004
2005-11-10,0.007732453358821598,0.0015734201554017525,0.012149219849450752,-0.001719730223224147
2005-11-11,0.003399542866336284,0.0021737663324870567,0.0005574657882236817,0.0068610839264361964
2005-11-14,-0.0005658485695683075,-0.0026578429631482206,-0.007514175519728267,-0.003853575924959696
2005-11-15,-0.0036446174959809618,-0.005701438356374801,0.0065089452605072455,0.0008576526265601306
2005-11-16,0.0020267078572148364,0.008479738195239261,0.010459653418349825,0.02371985302617489
2005-11-17,0.00926922223746434,0.014609597978962203,0.0024325818749901997,0.014544215969487923
2005-11-18,0.0039235287484634205,0.0027303705507005136,-0.004649017873391759,-0.0004126358227933849
2005-11-21,0.005021933620661387,0.0005925466734099737,0.002990825446235083,0.010877533415953692
2005-11-22,0.004284532377773037,-0.0004740712718041987,0.0013267249398351201,0.006713442196576113
2005-11-23,0.005763151122210274,0.010494729231168707,-0.003873542759127344,-0.003452794469951524
2005-11-25,0.0007870893907049497,-0.0007039441474288757,0.003652258839586957,0.005478285871055113
2005-11-28,-0.007104265140020319,-0.006359235703358259,0.004959174506558551,0.006454308610487604
2005-11-29,-0.0011099428616935627,-0.008899428062247458,-0.009498417568516165,0.0012054965904707295
2005-11-30,-0.005407640903456126,0.0023811843788453784,-0.0011112108609131542,-0.01415596498702683
2005-12-01,0.01015499706064168,0.025822771692374746,-0.0015630107557198303,0.0215581982756461
2005-12-02,0.0012619127687397644,-0.0011590272325090701,0.0003347613945154962,0.002985404328326618
2005-12-05,-0.0021305069690177795,0.008087329082067616,-0.004479294028125998,0.009099945909995211
2005-12-06,0.0018943105886810943,0.00916445584256657,0.010162217267112129,0.002163876369716232
2005-12-07,-0.005852597003509918,-0.009509632880208395,-0.0037863082460970953,0.008414105193713344
2005-12-08,-0.0006343013506391375,-0.007510299792751307,0.006448250990942498,0.011238285771298415
2005-12-09,0.002615403060692743,0.010154551708051482,-0.007898144781959899,0.009587800874615747
2005-12-12,0.0009491700279513593,0.005723970984905626,-0.0018998626639384797,0.0030487798575956843
2005-12-13,0.0067782772968538576,0.01304241201707377,0.0036850002222074242,-0.0174651751961011
2005-12-14,0.003920030833646902,-0.0066698232629691726,0.01020426952651892,-0.02549163624918632
2005-12-15,-0.002899306902253798,-0.004091666077152401,-0.0024307431104016496,-0.0021870332902152977
2005-12-16,-0.003223770039422903,-0.0034229393013910643,0.0033131941857001495,-0.0029901651531156147
2005-12-19,-0.005157160900154505,-0.0022884527884958683,0.0009920399229096618,0.0025919876207500217
2005-12-20,0.0009541060588559862,0.008554604899450447,-0.0012119518869216426,-0.023777067739602628
2005-12-21,0.0015880979967626103,0.01611015387852519,-0.0017670440508934426,0.006706620338919612
2005-12-22,0.005223180995184286,0.00022335443566877234,0.007922635139381169,0.015476149921333452
2005-12-23,0.0005523385020390968,0.005947863135989964,0.006119611896258118,-0.0003989718404908519
2005-12-27,-0.010228847626826857,-0.011180933045771127,0.00813631898868379,0.010321657066455383
2005-12-28,0.002229407465324234,0.0027218473629091224,-0.0027923589963982963,0.016257371598287152
2005-12-29,-0.0044632651581744285,0.00011330666666537158,0.0021730730307688447,0.0
2005-12-30,-0.0054467502701605695,-0.0005664663050297575,-0.002281723377464301,0.00213489857106166
2006-01-03,0.01743619121379723,0.036711371151172484,-0.0013065590068033278,0.02941944910807375
2006-01-04,0.0047245970885657065,0.009025372395741625,0.002393565316326621,0.003382831797150453
2006-01-05,0.0006280832975105063,0.005075158936478123,-0.0011953500212579745,-0.018175416840417152
2006-01-06,0.00828677863133782,0.0206782834131964,-0.0018533717653098716,0.02602449436115473
2006-01-09,0.0025663844449173227,0.009763397206378695,0.0006551564702412698,0.016248460425883546
2006-01-10,0.0010089103485224399,-0.012086855638574147,-0.008095632319811818,-0.009939288552968184
2006-01-11,0.003175685774241696,0.011669058897457507,-0.001648285211208996,0.008656420300679264
2006-01-12,-0.003951653820795883,-0.013997928363491112,0.006689077758719889,-0.001835508499204341
2006-01-13,-0.0009322672017388279,0.0010589671889850642,0.005773887208906064,0.018385852058020367
2006-01-17,-0.002723267104033917,-0.01762399415391378,0.004445716361978886,-0.003252040989607987
2006-01-18,-0.003982496492942437,-0.000538897272330389,-0.0003241964215455429,-0.02176979137145157
2006-01-19,0.0038261782653315857,0.03183315260554413,-0.0029267150698239577,0.02772383396043182
2006-01-20,-0.018405634510845027,-0.030217145564991395,0.002601780006471981,-0.007040364605841864
2006-01-23,0.003566378898439164,0.028649096550267848,-0.00032393168762029714,0.010273131505108786
2006-01-24,0.001028093032470739,0.015568888968017919,-0.004885141619262828,-0.0007175052420346415
2006-01-25,0.0008686827818279936,0.0005144060670383021,-0.010941745644143392,0.007329966694290513
2006-01-26,0.00551117784734373,0.023399151280406316,-0.004299318682489286,-0.004642006558574431
2006-01-27,0.009222315032493319,0.01139795539756028,0.0,-0.004483910215659325
2006-01-30,-0.0007784872952315564,-0.004683902043955967,-0.000993822533193772,0.018698776919120332
2006-01-31,-0.007345262353720776,0.006570523820847612,0.002760209102478507,0.00035280398276080644
2006-02-01,0.00695622290515063,-0.0004963011627819904,-0.0034257083576859524,0.0
2006-02-02,-0.01167313059028234,-0.026048250216903057,0.0018872199324944843,0.004926096846573146
2006-02-03,-0.004977079423787461,-0.013748083532740332,0.007068330369779726,-0.008459682883606469
2006-02-06,0.0026102558021775624,0.023482415496705798,0.0019796422485828654,0.0038862655930409257
2006-02-07,-0.008886293955263901,-0.02658643217934026,-0.004734827154189809,-0.03809304894107721
2006-02-08,0.009044110723846406,0.0031040166826345906,-0.0023205232522380045,0.00420366800672235
2006-02-09,-0.0016598537710732018,0.002579207508425774,0.004524732216257512,0.02432330429712352
2006-02-10,0.0018176456374530585,-0.0015468506963061278,-0.005521434982310286,-0.025053114848127972
2006-02-13,-0.001817645637453145,-0.0249738960890267,0.00011082969599823281,-0.019722317881601545
2006-02-14,0.01054483010602562,0.024973896089026684,-0.003549173817140926,0.014231835019739241
2006-02-15,0.0035160808015055763,-0.005173190514066824,0.002442424675260744,-0.013487564404801337
2006-02-16,0.007460529878945821,0.025602939224079673,0.00022081769617540316,0.01403795023117115
2006-02-17,-0.002713734783137586,-0.0013154678864566419,0.00794743259203503,0.008038016031443143
2006-02-21,-0.002487355937463932,-0.008847587926563894,-0.0016508958600181137,0.0029069760713780913
2006-02-22,0.006052484561641796,0.005399623991241005,0.006806033932048129,0.0039833697886547965
2006-02-23,-0.0014708186249191267,-0.000304966059115647,-0.002519968102289121,-0.012729773023942181
2006-02-24,0.0025532466954436062,0.0019293579589220293,-0.001535978183895437,0.018136151993469803
2006-02-27,0.00038640163004041874,0.009087300770488577,-0.0016497222495075663,-0.007577127477402215
2006-02-28,-0.009546689070110461,-0.026378009558528252,0.004939508229849661,0.015275676084631486
2006-03-01,0.008851007201917704,0.027281746559284708,-0.006059944029971404,0.0005348806365655907
2006-03-02,-7.718508649187359e-05,0.000803492469244858,-0.0069878951757148715,0.011343673633042218
2006-03-03,-0.004649185206896532,-0.016797166364835945,-0.005804535276418851,-0.008140248406057845
2006-03-06,-0.00459264747886178,-0.015424446158447904,-0.008769895500915486,-0.01883293493158655
2006-03-07,-0.0015615613071957568,-0.03586881580619782,0.0006774392694850138,-0.005082580890901775
2006-03-08,0.0021077827954751856,0.005890072588357436,-0.0003382112445538963,-0.017995335485148433
2006-03-09,-0.006728934144303578,-0.010195734033825813,0.0003382112445539686,0.004990315328593799
2006-03-10,0.009454110061476178,0.020817380460525274,-0.0037309908991767908,-0.007587707988952681
2006-03-13,0.0018649693910040696,-0.0010570017910363993,-0.0007934421385652692,0.00887743074453615
2006-03-14,0.010424049504816112,0.030723481532404787,0.006666075796273623,0.010258334271688237
2006-03-15,0.004445453685839962,0.011522904417316435,-0.005419602891047159,0.004545875722809695
2006-03-16,0.002062856405322436,-0.008962455253297322,0.00901680250220306,0.0039833697886547965
2006-03-17,0.0008346849646269361,0.0070344929576589095,-0.003034319268225587,-0.003983369788654952
2006-03-20,-0.001608783820985495,0.005672418768563619,0.0015738590750957982,0.0009066867676153741
2006-03-21,-0.006307724370924221,-0.02040890037053808,-0.005181025450440558,-0.006181771283939387
2006-03-22,0.006077468981126664,0.010970508607039164,0.0021434109491555915,-0.0014601541144710205
2006-03-23,-0.002072821341828217,-0.009322188899462703,-0.0031610298974980595,-0.0009136453209700005
2006-03-24,0.0007685078072404955,0.008608282980940149,0.0073220137042493754,0.01829592422327758
2006-03-27,-0.0014606022453700351,0.006103930922122401,-0.0037099537889927437,0.012132179396417623
2006-03-28,-0.0061720787395439436,-0.018424360397935758,-0.009395153264609643,-0.005869256761886151
2006-03-29,0.006249247018597571,0.01893111766038276,-0.004788242464391135,0.017856008967773458
2006-03-30,-0.0017705109358991113,0.005055412024248786,-0.006994935920416295,0.026456091342854822
2006-03-31,0.0002310290372619433,-0.0015138025267969163,-0.0003454529208865385,-0.008569032949188241
2006-04-03,-0.0007705880707974023,0.027890444815697742,0.0003231341819595516,0.006348185470116209
2006-04-04,0.006377202485463254,0.005876497624969984,-0.0010395015243297348,-0.00239725090815688
2006-04-05,0.003441003660366148,0.010201584037249644,0.0013870154866804031,0.005641488791230979
2006-04-06,-0.0010686757696022119,-0.005136259015766821,-0.0076504399829784445,0.010513899447593818
2006-04-07,-0.010215285665976064,-0.015372310239950148,-0.009822106698346504,-0.011707924234642699
2006-04-10,0.0015428408235891515,-0.003459348305417817,0.0018776069666173176,0.01709151230827808
2006-04-11,-0.008514718981894317,-0.008551138100048195,0.003511853210430423,-0.009948655844000452
2006-04-12,0.0018639767413473046,0.005775154240187351,-0.006095759750998271,0.0070922618883069175
2006-04-13,-0.0013195898065713543,0.004754499452069112,-0.007080285314346872,0.0011771580379689472
2006-04-17,-0.00038865823547666546,0.011787817931676933,0.0036643350937415743,0.026371876607847133
2006-04-18,0.01573099554545519,0.03266388164879696,0.0017679072994615985,0.012363885008428301
2006-04-19,0.001911166991867908,0.006125053672393247,-0.006143121687858493,0.030257109870676136
2006-04-20,0.001373974005520972,-0.003576416435820508,-0.000830255884804595,-0.044751287678637945
2006-04-21,0.00015167760340082374,0.007794520831659822,0.005796001861821239,0.03608641686474083
2006-04-24,-0.0018309265317606525,-0.013182916121818582,0.0040010893265510295,-0.024831058863613812
2006-04-25,-0.004133703191298467,-0.013839167204507096,-0.011933423788677225,0.018163277608642465
2006-04-26,0.00023001906330430736,0.01951047934322665,-0.001666313518818124,0.013762817006708136
2006-04-27,0.0048196506727862356,-0.015864923363962054,0.0013088530945049453,-0.010899759408640247
2006-04-28,0.0033528674464559267,0.009719928509962185,0.0007135033362328518,0.03327128175431663
2006-05-01,-0.008172518119242233,-0.00028474278271080095,-0.007543677634784706,0.0010749686135923268
2006-05-02,0.007487081700773173,0.0174898783904085,0.0026406561953138475,0.02110775076209168
2006-05-03,-0.0037362808199861786,0.0011176329394851307,-0.0021603721905604552,-0.0013533415469022937
2006-05-04,0.0035846167221457747,0.009729034650437238,-0.0016837823655528254,0.015231058274022213
2006-05-05,0.00879178375421716,0.016008173905248155,0.005999007378184922,0.007529296693737569
2006-05-08,-0.001208010856475745,0.007233141441566542,0.0005987189008373173,-0.006344548315854382
2006-05-09,0.0019622148423635052,0.0009002713304320632,-0.0005987189008372506,0.030897281121183933
2006-05-10,-0.000528082921039227,-0.01085970999960528,0.0017938774373279771,0.009995755944479651
2006-05-11,-0.012144363371165302,-0.025807822406208828,-0.004908233034148426,0.009193212955575812
2006-05-12,-0.013144319640469896,-0.02649163328192049,-0.008313811993171282,0.0012663240006524636
2006-05-15,0.0020097934997599207,-0.024261162692033326,0.003985618908927707,-0.053575200633378034
2006-05-16,-0.0014683601534262187,0.004997154018995413,0.007442548681064018,0.017644876407503035
2006-05-17,-0.01920745725788712,-0.034909864495523794,-0.006238700998316127,-0.0067271250662083795
2006-05-18,-0.005058363119207093,-0.01941810468488417,0.013510118261970181,-0.010176364470453626
2006-05-19,0.007027304495342128,0.021339310568335147,0.0026082559874034458,-0.028264016724660453
2006-05-22,-0.007660801105808447,-0.04821969367311697,0.002128847452155288,-0.0042787163206261586
2006-05-23,-0.007640571437356391,-0.01097886137799415,-0.0005901343432036006,0.016403681898370586
2006-05-24,0.007957676113343819,-0.0069910848828001445,0.0004733281714109155,-0.035575658845409586
2006-05-25,0.012288261002923885,0.04164586044663825,-0.003909065161697099,0.009941048269267854
2006-05-26,0.005075702559421115,-0.003006704278394105,-0.0007112321060689006,0.0061633714364872465
2006-05-30,-0.01791940043226237,-0.04405075884573415,-0.0004750924792342891,0.00015363084740756304
2006-05-31,0.011119450875887381,0.01668099526237282,-0.0059583392669275885,-0.013607713088968276
2006-06-01,0.009522538269390668,0.02028337664505376,0.004453575383767742,-0.026344325345324347
2006-06-02,0.0020955328395942745,0.010196840503518318,0.012819067049452952,0.014913787710007854
2006-06-05,-0.014681033775674538,-0.04337007372846964,-0.001298480028996726,-0.003312552645839676
2006-06-06,-0.002441526813798949,-0.00737857958077025,0.00471324059801319,-0.011761128537159677
2006-06-07,-0.007519895359892286,-0.02224510146587527,0.00023456526894566443,-0.004325897350092141
2006-06-08,-0.000874605208990085,-0.017977997921906366,0.0019953753540177294,-0.02224296502229821
2006-06-09,-0.0031857656441693404,-0.013124478099375687,0.005263648712688648,-0.007580772661454671
2006-06-12,-0.010908865374827782,-0.03793000635502502,0.0008167889248240771,-0.0069721727529347115
2006-06-13,-0.011681899446905434,-0.022443144731522674,0.000699299411497095,-0.07092235174749513
2006-06-14,0.007722132008492341,0.028272581290612615,-0.010068774954789089,-0.005379235579350925
2006-06-15,0.020992890419449486,0.0566112903906568,-0.005781529654921319,0.030106768033878732
2006-06-16,-0.007313595297371512,-0.005733259969878752,-0.002251474533272592,0.006260900631636242
2006-06-19,-0.00789323258085098,-0.03791386878877975,-0.0014246629956470938,-0.023150800407539796
2006-06-20,0.0033903318996307873,0.012220182885954903,-0.0016631101322796043,0.016540912545872956
2006-06-21,0.007386305347639648,0.031875133414938125,0.0002370977740485253,0.017815961750979315
2006-06-22,-0.004408932939213927,-0.01808979507042385,-0.005725760309785818,-0.010339611013396036
2006-06-23,-0.00016080569959724928,-0.0017130815388714277,-0.0020354327303575654,0.004493649688969512
2006-06-26,0.004409816266319413,0.0,-0.0019204926662990652,0.004988349549092548
2006-06-27,-0.008678089148511458,-0.019037151886469008,0.00491297031302582,-0.010348462113978564
2006-06-28,0.006756318402208028,0.030853101049942676,-0.005272961481864341,-0.002430124232988146
2006-06-29,0.019998706833394886,0.057710250300151276,0.0033576969193108348,0.033832024181210556
2006-06-30,7.831605800519941e-05,0.0010656328207288182,0.009653867494564622,0.0283248597979711
2006-07-03,0.004077507041746749,0.021909487460204873,-0.0009889544004794187,0.015396151524819567
2006-07-05,-0.005728103861998183,-0.031540384669124094,-0.00801671893492564,0.005133147203806899
2006-07-06,0.002907649461769183,0.020224140345101293,0.006107689789810286,0.008285586850556694
2006-07-07,-0.006534415368790058,-0.01914934582063092,0.006426606956437541,-0.006207730001220553
2006-07-10,0.0018939118753841786,0.008023520117315244,0.000950169357492991,-0.009787492538485095
2006-07-11,0.004404883329611935,0.004783245542374542,0.0031934551462785765,0.028453018348612674
2006-07-12,-0.010731834893737642,-0.022520729054195422,0.00023748926562570225,0.017245775039784833
2006-07-13,-0.016396467852707205,-0.040392830296611656,0.003889541327208827,0.009657542324286587
2006-07-14,-0.0038787269552847865,0.005068910130970083,0.0005891129360535427,0.004566148251357566
2006-07-17,-0.0014585882720303265,-0.015855531305982582,0.0015273171893540908,-0.02927786506214761
2006-07-18,0.005095069107353313,0.01383099121028357,-0.008607824498148313,-0.016555351989900366
2006-07-19,0.013778696290762928,0.05986918931553614,0.009429131797709463,0.01780551650096022
2006-07-20,-0.006865836867840877,-0.029158876698359704,0.002929132396933258,-0.023545337797397207
2006-07-21,-0.007074655431665408,-0.01962567653511395,-0.0018738806864051357,-0.013360389171752314
2006-07-24,0.018069385411757507,0.04400130769109925,-0.0005862718739786394,-0.009279671017174801
2006-07-25,0.003558938370767795,0.002660447527283496,-0.002935516902928944,0.0066835337551839295
2006-07-26,0.001341362051905206,-0.004259715124339882,0.0036388678331025566,0.007284544810071161
2006-07-27,-0.0009464835309066533,0.013673247128552278,-0.0015246087070848674,0.014411802920109096
2006-07-28,0.009972853240579178,0.021248437709937153,0.005735024694456905,0.0033330573021811403
2006-07-31,-0.0010164511560399993,-0.009630944958223867,0.0012820619892019254,0.0007919417041651264
2006-08-01,-0.004940062502626013,-0.01626027517650369,-9.39326000530412e-05,0.018199433154515745
2006-08-02,0.006737630718037942,0.013133792752799528,0.003737650634105263,0.006663080453584655
2006-08-03,0.0026511577972311447,-0.00104448698581798,0.00023339940610286352,-0.009777330003267252
2006-08-04,-0.0017144505571932529,0.002087794224633212,0.006042162917529148,0.0024921513025285714
2006-08-07,-0.0023431575480968646,-0.006276233511728606,0.0005788818189701363,0.003416701922818477
2006-08-08,-0.0038383774202661483,0.0,-0.0022018169667206147,-0.008250981257249518
2006-08-09,-0.003380683179900056,0.0037703748974688067,-0.00325487150589187,0.010264414233311715
2006-08-10,0.0030666666619490386,0.010192686661331354,-0.0015141851290664341,-0.021583529170159283
2006-08-11,-0.0028303352137394977,-0.012180927988640532,-0.0043234530537943905,-0.008574217652083825
2006-08-14,0.0007865614137463929,0.003972537393876038,-0.0017576566170883893,-0.007362374610728818
2006-08-15,0.011887804072084372,0.02422176424025471,0.008410358562074963,-0.003862900050710145
2006-08-16,0.008283620399097594,0.0097283269604871,0.006723059423628405,0.007710935506649349
2006-08-17,0.002541603022340031,0.001411051814339729,-0.00034630318815371755,-0.023641044246042624
2006-08-18,0.0050624789850863515,-0.009511360643596227,0.0028857047516115198,0.0001638754202975384
2006-08-21,-0.004294010031185601,-0.005198531077911928,0.003566237084085427,0.02267667167844972
2006-08-22,-7.710748462013556e-05,-0.00030668585537507254,0.00034481238859315527,-0.006265574298403905
2006-08-23,-0.0027705204024539858,-0.0182603045955531,0.0004591290608542084,-0.003551786170239269
2006-08-24,-0.0008476244064097375,-0.0027106212381564653,0.0018331057836772878,-0.0012947376767310466
2006-08-25,0.001232647756646584,0.002815043550093924,0.0014877427851434247,0.0003238416104977378
2006-08-28,0.004765401305735811,0.011282801123874392,0.0009155620279750557,-0.012543952945273145
2006-08-29,0.001149118292359426,0.003391131581605292,0.001369985117110263,-0.0009841131508817223
2006-08-30,0.0006125871320352624,0.004299011669939741,0.002621110711744657,0.007845734178219533
2006-08-31,-0.00015292233089488487,-0.0028637471555434247,0.0023866296007250777,0.014065428763227219
2006-09-01,0.005952647398953107,0.011103585036454679,0.0003417876416196489,-0.002411019821175847
2006-09-05,0.0019006963007007513,0.00545571699399466,-0.006286696240229138,0.01944286299654392
2006-09-06,-0.008849256567009325,-0.02913543828596509,-0.0013767287348680369,-0.007922716060125687
2006-09-07,-0.004607569541829405,-0.011476415082978475,0.0019493799119004746,-0.025946191654282313
2006-09-08,0.0028440059674998265,0.008151358163462389,0.000801697326465939,-0.010009118155884447
2006-09-11,0.0009972485436278286,-0.021780283442914012,-0.0009153718977574648,-0.035927977031141096
2006-09-12,0.009767548125349869,0.01698097074085734,0.0050301951611056266,-0.0030816717701889667
2006-09-13,0.004016200601650535,0.014844410831945648,0.0004558985758036558,0.0051308345941207655
2006-09-14,7.571663282351469e-05,-0.008277329937943516,-0.0022828710698429675,-0.024696883147300203
2006-09-15,0.002344293642670617,0.005904803779016852,-0.0007996211611828154,0.0036652959943343877
2006-09-18,0.001363204500178853,0.011194993723522078,-0.0016023818404480585,0.014356348078949017
2006-09-19,-0.0025003804965940363,-0.015542508774968239,0.011161276165501824,-0.022753936934990223
2006-09-20,0.005296700651178499,0.020331354286009424,0.0014701263551888028,0.005955529304156023
2006-09-21,-0.0048417414386148555,-0.02469776292824079,0.009117741935458078,0.011978312594347288
2006-09-22,-0.003037339157981389,-0.012792585552995586,0.00491894012244358,0.009446171286572042
2006-09-25,0.007652725598570572,0.011541620338160107,0.00700080265075226,0.0
2006-09-26,0.008268873882718887,0.011719157516149319,-0.004217429080677866,0.004094200107174069
2006-09-27,0.0011971409215386693,-0.002270962974550823,-0.002894217847152002,0.018051939672373406
2006-09-28,-0.0003739526097518598,0.008028117633788225,-0.0016746810771902441,-0.00033445581216309524
2006-09-29,-0.0008231883117868594,-0.008028117633788164,-0.0012286517580015629,-0.0053664339603248755
2006-10-02,-0.0037503292665489263,-0.0016547005497788306,0.0027352628284159713,-0.005395388023705695
2006-10-03,0.0021016707959589822,-0.013652535217731233,-0.001344547786526797,-0.0350973728570958
2006-10-04,0.011629594962538006,0.026405922257608714,0.007262020814602798,-0.013042160218877828
2006-10-05,0.0019250090386443398,0.01319785621194822,-0.007036998489695714,0.009709657907544174
2006-10-06,-0.0012580470637061944,-0.002524424162498998,-0.010481288850384447,0.0012291022461254299
2006-10-09,0.0005923288845277643,-0.0037479871241385475,0.002714556796843875,0.0036780684249936844
2006-10-10,0.0013318832306034117,0.008992014866247572,-0.00793986829317979,-0.003502643889304294
2006-10-11,-0.0011839165512632307,-0.005344928070504511,-0.0029641453229974518,-0.0021074635611676128
2006-10-12,0.008622623026820769,0.02407796999661086,0.0005704283689118103,0.010667244557621159
2006-10-13,0.0025651877995908068,0.005905419355535964,-0.005036388393952482,0.018611566060242047
2006-10-16,0.0015355923076766393,0.0027441361420816376,0.004465960025040727,0.010192010851696898
2006-10-17,-0.0031473377661862026,-0.013200825122419898,0.0007982182882248485,-0.0088270246267677
2006-10-18,0.0013188430065872384,0.009769794327902174,0.0020524459575398937,-0.0010235649551442205
2006-10-19,0.0016091430697095484,0.004409564507172275,-0.0018242241071701904,0.013898523638232187
2006-10-20,0.0002193516898895392,-0.004704092427087671,-0.001026440138594579,-0.01066091957581257
2006-10-23,0.0045933158934472265,-0.000884613367375467,-0.004006835922639165,-0.017505174698208014
2006-10-24,0.0029782138263415576,0.005686262011310319,0.0,0.007073260919781201
2006-10-25,0.0034030156106636482,0.011566514073799907,0.007881582768867572,0.01009159629586728
2006-10-26,0.0031027991518985712,0.0024130776011423104,0.006464943936763886,0.008979350419899177
2006-10-27,-0.00628824452924733,-0.016818596435234354,0.004623385285489991,0.0018535788960060886
2006-10-30,-0.000725815255498796,-0.003437519385164756,0.0028097344942854753,0.008382278538378779
2006-10-31,-0.0001452262894532208,0.019002022214841725,0.007711961489264967,0.005660080759457596
2006-11-01,-0.006772063867256643,-0.010089521201252009,0.005518516194704243,0.018421555651427647
2006-11-02,-0.0005841860876746772,0.0031154663656072753,-0.004122023099183158,0.009085032704114484
2006-11-03,-0.0017566921995139002,0.0031055396603915774,-0.011902205971863726,0.0061182138370136285
2006-11-06,0.011215750624561028,0.023462754287761945,0.002932746684415693,-0.0066028076577951044
2006-11-07,0.0038312429208718895,-0.004268363910511529,0.004607687401254193,0.0024207471759942175
2006-11-08,0.002161903685562649,0.0025630731591618195,0.0035797872987938678,-0.015103824170810666
2006-11-09,-0.005269542126440441,0.003407922917515891,-0.0005579346604489263,0.029665243715548233
2006-11-10,0.000434465536649419,0.0014160929177876426,0.004349188106245004,-0.0073342018093687155
2006-11-13,0.0024564647009746796,0.003391063794597376,-0.00022227637977205133,-0.0048123777671425306
2006-11-14,0.007476660050924353,0.015489634055075774,0.0038887706377029327,-0.009045410728369615
2006-11-15,0.0028605305606537535,0.0018504768697264946,-0.0037774303992532316,0.0034016244413848868
2006-11-16,0.0025677649818177965,-0.010125001627727266,-0.004573492816577575,-0.008607422572897042
2006-11-17,0.000285385483141576,-0.0011211438193617245,0.005685822606518521,0.007636683557831217
2006-11-20,0.0005692028544649005,-0.003933041440662095,0.0015545608806979742,-0.00016185061297892278
2006-11-21,0.0009959289942450041,0.015825973965521694,0.0024391450466263063,0.008061959117047567
2006-11-22,0.0019890425829571018,0.006994718006254565,0.0016603598939020651,0.0036867805067237296
2006-11-24,-0.00405298983339524,-0.0001835335304297754,0.0017670694760748725,0.015873349156290163
2006-11-27,-0.013846752782713197,-0.01907797670574051,0.00363510201048167,0.003144668656543143
2006-11-28,0.004325060472012249,0.005780018973617281,0.0020862684113492824,-0.0020429184074974753
2006-11-29,0.010376307199061775,0.01604640438103206,-0.0023072739985036564,-0.006470469176144637
2006-11-30,0.00042683906389746293,0.00447280877929763,0.006577095028631498,0.019287145099564598
2006-12-01,-0.0022080401616597052,-0.004107019210713302,0.00254083303418387,-0.004201961494731662
2006-12-04,0.007601667874906067,0.020635901384582066,0.0017496618216897813,0.0
2006-12-05,0.004308025945975419,0.017317891748433446,-0.004707131879591671,-0.004846431174560282
2006-12-06,-0.0008456131067407609,-0.006891393019259824,-0.0019763115608656505,-0.017708016022004423
2006-12-07,-0.00438306430522348,-0.0035521308713242356,-0.0007693216069943389,0.0006378714314723856
2006-12-08,0.0018406108514076715,-0.004458289296454966,-0.0072875134339818945,-0.010899295456230593
2006-12-11,0.002894994870956031,0.0004466165748486716,0.004312329405091223,0.008345425777865432
2006-12-12,-0.0007760022983386247,-0.012132024825347204,0.002094075663451925,-0.0007994122577706783
2006-12-13,0.0010576991767754299,0.005410345322079981,-0.008958997717539769,-0.0006400146702843091
2006-12-14,0.00877252829888059,0.016941706638605503,-0.003672368637786195,-0.005778517118766663
2006-12-15,9.097193736067158e-05,0.004411394892163945,0.0005564249812077117,-0.018194116912789278
2006-12-18,-0.0027438026404212777,-0.006978930754524401,0.00033517536827203825,0.0006555378016999935
2006-12-19,0.0019005043698104333,-0.00631337548657344,-0.0013383247217572808,0.012373950143335283
2006-12-20,-0.0005624921227222717,0.011004428719903602,-0.00011118410812633219,-0.0029168762837298865
2006-12-21,-0.0036649301053903525,-0.0017914799462723664,0.005008137629867223,-0.0039024092413447
2006-12-22,-0.006162292008535124,0.003579680272831584,-0.007690000295912211,0.004389187767752673
2006-12-26,0.005879740325997395,0.009246825907879227,0.0030156907988239372,0.005338490612910114
2006-12-27,0.006546989558099453,0.01414837981560663,-0.0073793841808044505,0.0038647661146999175
2006-12-28,-0.002107175963800477,-0.0019216564075913978,-0.002256730577397594,0.01086967687656617
2006-12-29,-0.004157261911761054,-0.0018377630055006616,-0.0007916848540857135,0.004916314035106273
2007-01-03,-0.0017668551545319347,0.008460434052117858,0.007099090673786494,-0.014822174634752381
2007-01-04,0.0021193756895845108,-0.013905703475757003,0.006045335086347383,-0.010167073004529946
2007-01-05,-0.0080080304249158,-0.029674204532619316,-0.004361888187289571,-0.02429939556012064
2007-01-08,0.004614561659092186,0.007231635106028468,0.0017912914762494648,0.005138865501529681
2007-01-09,-0.0008506323568229147,-0.02258957279158683,0.0,0.006099070055031333
2007-01-10,0.003326320488923651,-0.002305761666502956,-0.004486262787568705,-0.004281928882199839
2007-01-11,0.004370498468359516,0.012570730178729412,-0.005860979241557534,0.0006599722253165242
2007-01-12,0.007568374279233861,0.02012954546822184,-0.0046461571348238575,0.02508270112828025
2007-01-16,-0.001956446474416131,0.003568428454772672,0.0021562586681832608,-0.003222122156554715
2007-01-17,0.0004199738846954625,-0.004193959989768998,-0.0030659471910143977,0.010753625266441386
2007-01-18,-0.0033623736309631976,-0.010608191143101207,0.003065947191014341,-0.006084903884278258
2007-01-19,0.001963043999646,0.017825131676037886,-0.0027244687704748595,0.011815588337062208
2007-01-22,-0.003086275835493679,-0.001154644436876675,0.0023833648542777083,-0.004454330886639369
2007-01-23,0.002946006523518522,0.022498421618464857,-0.006597147273204203,0.023790048029069068
2007-01-24,0.008020504305205591,0.008652964387100996,-0.00011432040143778212,0.0015556703524108786
2007-01-25,-0.01180903681719963,-0.031240574028792125,-0.0072165265766030015,-0.0042060078166053835
2007-01-26,-0.0009144314048856963,0.006114954030341919,-0.0008053642935900808,0.0017156771582206524
2007-01-29,-0.000563307903396128,-0.013340833209552384,-0.002189045210040558,-0.006252915722453849
2007-01-30,0.00519578687352635,0.01537047001574779,0.00115248484296284,0.007031840163978631
2007-01-31,0.006700856893677734,0.007728819622140217,0.008372972766787518,0.009453779761331271
2007-02-01,0.00596492968880742,0.01217394643558863,-0.0012049755342322156,0.005997701647027386
2007-02-02,0.001382020986974482,-0.0030292335810804057,0.0012628551331068062,-0.014517667198963751
2007-02-05,0.00027610002839859873,0.0009530255818122924,0.001374952275778806,0.0004665803047738857
2007-02-06,0.0002763242107970343,0.009825133442312768,0.00548137821783669,0.007436182408872659
2007-02-07,0.0022061257512004076,-0.0038667739817778955,0.002957277389570551,-0.00247262781476593
2007-02-08,-0.0013098557953621847,-0.0053526355314443275,0.0007955001364790556,0.01367673153177363
2007-02-09,-0.007474754031444095,-0.012016596939025138,-0.005690265763918575,0.009115926182613185
2007-02-12,-0.0034097194839461317,-0.006856775387182969,-0.002284598396419466,-0.006829142171961048
2007-02-13,0.008399593117252701,0.01575284913810733,-0.0021755567570934226,0.0025853284272528386
2007-02-14,0.006546220602147284,0.021304704253080647,0.009468907289246896,0.008017687793249467
2007-02-15,0.0013031323166313251,0.0005951021593018309,0.0029473551847650574,0.0006025141558484927
2007-02-16,-0.0004802810893674654,0.00229068214738478,0.0035038322709852595,-0.0007532281767395391
2007-02-20,0.002125103663105748,0.0026238460879429216,0.002252820703678794,-0.01594934798707457
2007-02-21,-0.0004109893465548422,0.002954093580705436,-0.001689100303796962,0.030757753667661307
2007-02-22,-0.0007535589161894057,-0.0025315250216529504,-0.00542724638661358,-0.002973934507727785
2007-02-23,-0.00391568956911849,-0.007207991338362728,0.0071163466904105525,0.008452629597989566
2007-02-26,-0.0008948417066785264,-0.00042548128234734284,0.006620054765846075,0.005595615458346798
2007-02-27,-0.03984069412685137,-0.08480802410365491,0.01255652819672006,-0.040301982788906086
2007-02-28,0.010198470631380858,0.02471542460583695,-0.00453751856131813,0.016225993082467267
2007-03-01,-0.0029847690488260348,-0.014480589062351088,-0.0006353302445854548,-0.009977462163909176
2007-03-02,-0.013181216580265904,-0.009308394066607186,0.005001030319756874,-0.03258221712050644
2007-03-05,-0.009565251551277996,-0.025982614096089013,0.001662823669026416,-0.012318519369876343
2007-03-06,0.01696553149292445,0.04296732768471535,-0.002993090044220129,0.019201112459463956
2007-03-07,-0.0010027666537157922,-0.006118109075816137,0.003877378786884481,0.002335563857059509
2007-03-08,0.008419118750198169,0.025501112769933214,-0.0008842887426642744,0.002795471555182954
2007-03-09,0.0002843925738983019,0.0017840608920071243,-0.010570900692045474,-0.003573426484667515
2007-03-12,0.001490597196729561,0.00489002633090634,0.003907046703262121,0.0018660049578603111
2007-03-13,-0.01962542339418917,-0.029522534740344792,0.0059986261674958965,-0.010149224534042496
2007-03-14,0.007423150506974005,0.008187964756395577,-0.004551664799762779,0.0034466179547404147
2007-03-15,0.001362941541114488,0.00812108399977097,-0.00011018572092174487,0.0006254052126911442
2007-03-16,-0.0028044894714892845,-0.008574134990706044,-0.00022272333778855668,0.00995347553336337
2007-03-19,0.01198324713386491,0.021698849077459226,-0.0021164931704374438,0.0018552126010832166
2007-03-20,0.005477710165480675,0.006542307440499075,0.0005570442344672625,0.008153245714605661
2007-03-21,0.01632276191231404,0.029521040049278545,0.00044539662694725873,0.008391277663042266
2007-03-22,-0.000767931887702672,-0.004286666698561626,-0.007941487701424652,-0.0009119556454928486
2007-03-23,0.0014657396813583924,0.004629206081118854,-0.002812463100632634,-0.009319456241314986
2007-03-26,-0.0013260167881102708,-0.0005993935893748439,0.0012377251122981988,0.0105351737556021
2007-03-27,-0.0023771138226942917,-0.004459535408931358,-0.0016882509997087646,-0.002128621706794342
2007-03-28,-0.007306115292685326,-0.018041875817675475,-0.0020302344096741133,0.005313198131411976
2007-03-29,0.0010571033011189002,0.01967376845142132,-0.0013553127222500217,-0.006074453180646416
2007-03-30,0.00021151560166714382,-0.00017158751003263186,-0.0019247080023505185,0.0013699117494945744
2007-04-02,0.0011257526579172125,0.006843103448003672,0.0016599812210324242,0.0016718692763152765
2007-04-03,0.01070492830102991,0.016235622591700433,-0.0012506363399029156,-0.00030371572256647657
2007-04-04,0.0011131981530539035,0.0062713110146716275,0.0010225512707131964,0.014777044100175683
2007-04-05,0.0027071459711853598,0.0009166252850463584,-0.00375321779567993,0.0007481567258945134
2007-04-09,0.0013862465886531207,0.005729841518814681,-0.006632120107589401,-0.004947934715117107
2007-04-10,0.0011756988523952115,0.004708511096682593,0.0029788032348303413,0.009424931331835548
2007-04-11,-0.004087368892128518,-0.00927327398139384,-0.0006865742362940182,-0.0011919224858818033
2007-04-12,0.0044331113144731454,0.016581189350561125,0.0002291476445141153,-0.0013426416202099607
2007-04-13,0.004551752096668521,0.004896741991823897,-0.0030950773804625112,0.012608614870701874
2007-04-16,0.009451852526761013,0.01181635923259688,0.005494650119835739,0.008220909434594505
2007-04-17,0.002654475950534742,-0.005405039773804686,0.005578202257298354,-0.0058651417605689645
2007-04-18,0.0012233419980420426,-0.007469915800017428,0.0049821463523725676,0.005572638868595165
2007-04-19,-0.0002714463817695843,-0.008101252348926821,-0.0016953786939577573,-0.012508418534408147
2007-04-20,0.009396455584087172,0.01184297805565796,-0.0026062733968523167,0.017177229296498005
2007-04-23,-0.0037747405930278785,-0.003986325698766961,0.0036240016848512416,-0.006425180032736332
2007-04-24,0.0004051526751330021,-0.00016333101013482756,0.003722496605125343,-0.0077947119837775795
2007-04-25,0.009139585045302543,0.01231706507972178,-0.003497290848182936,0.0023594765329765753
2007-04-26,0.0011365156023930168,-0.0026616186583025016,-0.007258049202844236,-0.015138262183911516
2007-04-27,-0.0008018904989953919,-0.005018802091257384,-0.00022826242916066883,0.010265578663396079
2007-04-30,-0.008327265634487272,-0.019504045509413922,0.010420746725830035,-0.006981108812969409
2007-05-01,0.00255920454819179,0.003964500172808365,0.0007232023148884091,-0.005979893737274426
2007-05-02,0.00583459579971936,0.01967004568980811,-0.0005651784627662247,-0.00044992543576865114
2007-05-03,0.005402127861673946,0.008370340085315023,-0.0022640695733870835,0.012374279286040058
2007-05-04,0.003784214741179306,-0.00032071212680895517,0.0040724808640013,0.010318555232789657
2007-05-07,0.00019839895768836404,0.006473018121104301,0.0027043301216793532,0.0008794717295128392
2007-05-08,-0.0013254887483896537,-0.013068635992327441,-0.002253553285280281,-0.005436034161360725
2007-05-09,0.002715618165300275,0.016011256117737117,-0.003956096814368099,-0.006354862494686028
2007-05-10,-0.010507761997212699,-0.024765883544988737,0.0023753489917052793,-0.02173179538259684
2007-05-11,0.008521455486201758,0.025083928184930507,-0.003508353383772028,0.006794997207202193
2007-05-14,-0.002189820586772891,-0.00997450612125273,-0.0026122086237841116,-0.002561565092633459
2007-05-15,0.0002655683713240292,0.0012023787732271523,-0.00034128434867012155,0.003915110208388489
2007-05-16,0.006817443029402104,0.014393099370642974,-0.0006825266059721268,-0.014227611659689022
2007-05-17,-0.0019810366453380246,-0.0036378061207098587,-0.004105286020856708,-0.008265789169946459
2007-05-18,0.008686987000699678,0.005137109228101637,-0.006649771353948869,0.007045504789815029
2007-05-21,-0.0005247094995312278,0.0018112707432173523,0.002986785390557157,0.00228678401065233
2007-05-22,-0.0007869053281919345,0.00015723633422835728,-0.005174746725366236,-0.007182750193709896
2007-05-23,0.00013125314420258012,-0.0015748171827046212,-0.002886569609650473,0.005201235113149631
2007-05-24,-0.009093969454792229,-0.024328158674122656,0.0009250798966695804,-0.012126956660007309
2007-05-25,0.004162005898618184,0.015225054245003668,-0.0023137483718416074,0.0029301036898510342
2007-05-29,0.0036192257576664237,-0.0034254390570793176,-0.00011533783137096309,0.0019998045474331656
2007-05-30,0.008112222620364205,0.01016206084150971,0.002082480387660877,-0.005393317205398538
2007-05-31,-0.001043456127883751,0.002839523147243011,-0.0018507023044132583,0.01259036562812169
2007-06-01,0.004945077478347389,0.024661817135428355,-0.005267300702364636,0.013638664251469168
2007-06-04,0.0001299094584950389,-0.004466950243233887,0.004546444464264343,0.0015039628582593058
2007-06-05,-0.003966496572223324,-0.0034794406104205443,-0.006300342520905773,-0.002558095808665873
2007-06-06,-0.010807770879069563,-0.025496787193259523,-0.0004673589743896793,0.0006025141558484927
2007-06-07,-0.01821057126735887,-0.015534945373498,-0.01807952597251005,-0.017468378797244048
2007-06-08,0.012927473109232937,0.017519415939454983,-0.000834445962672366,-0.016064616229808024
2007-06-11,0.0017197246614242513,0.008527900140516147,-0.002868775824155528,0.007446446669522527
2007-06-12,-0.010965362849485719,-0.01752923865637893,-0.014585541732814624,-0.009316814217075012
2007-06-13,0.014857661685706538,0.01980716222513609,0.011829483148853731,0.0066858729089560335
2007-06-14,0.0063656778347963745,0.01556828111907464,-0.002522675788007948,0.0010841741372225324
2007-06-15,0.005673920401452399,0.022529166058499986,0.006833577114942227,0.003862500064954589
2007-06-18,-0.0011767767920277926,0.0009061257431136782,-0.002033047970580862,0.0015408088972500085
2007-06-19,0.002482152485269583,0.0011308469032765866,0.009295877786144458,0.008127107639137423
2007-06-20,-0.01399407913787121,-0.008552632436479858,-0.008098825154186692,-0.011829068848465286
2007-06-21,0.005542283334365745,0.012389034148490368,-0.004794607512503028,-0.0023207487754052505
2007-06-22,-0.009453672441941154,-0.013301589588675394,0.006466636676307129,0.00340190875374527
2007-06-25,-0.004794414374670884,-0.0076370583909171905,0.005476849192216415,-0.005417527012256908
2007-06-26,-0.010331192661215167,-0.008777877375978186,0.00023746956388008054,-0.012651498355086123
2007-06-27,0.014128467203885973,0.01413028624592525,0.0009500466361070073,0.0007855957384052849
2007-06-28,-0.00013303670139119776,0.00022847956351650824,-0.00023756940182073522,0.009223921660842944
2007-06-29,0.0003320564115997923,0.0035007296870276437,0.010267113476481416,0.00015552022019765682
2007-07-02,0.009000099494002505,0.02008106335545667,0.005243152356601773,0.011601956095053004
2007-07-03,0.0036174345754822856,0.007935797549531668,-0.006115701277979326,-0.004315647745486389
2007-07-05,-0.0010508679628137966,0.004422540390939058,-0.011270179476138117,-0.004955100021671941
2007-07-06,0.005242766937986248,0.016990984771382348,-0.004064280936088796,0.00834756628035994
2007-07-09,0.0007844690902461988,0.009642646190648873,0.003587264876007719,0.006444677526836182
2007-07-10,-0.014341309385342563,-0.01989028801845314,0.01680716315941123,0.0035117733729580895
2007-07-11,0.0070650910704755385,0.008221234702515833,-0.010382434845029546,-0.0025944030574640994
2007-07-12,0.01566658579346774,0.021715528985508846,-0.003445559759731945,0.008823945975780085
2007-07-13,0.0029753691701620883,0.012330657081638254,0.0027337090199365424,0.00015149014155740927
2007-07-16,-0.00012935269032605763,-0.009852199750999864,0.00956676880911937,-0.0031854268407077637
2007-07-17,-0.0005164623892034622,-0.0007783645617580358,-0.002117892304765758,-0.001064067820799445
2007-07-18,-0.001811049148152887,-0.01231963906919046,0.0037622156311987657,0.013145202935248576
2007-07-19,0.003876135322831949,0.009910622030135607,-0.00023426821315998433,0.005837019871235102
2007-07-20,-0.010175483751508008,-0.006905840650195493,0.008998060316633198,0.008470214516410005
2007-07-23,0.003057146591951121,0.028521819360956074,-0.0016298048911898245,-0.0016290356489017837
2007-07-24,-0.01749353922176204,-0.03482826759616162,0.0037215993664414014,0.0
2007-07-25,0.002046857248669326,0.005734709068919014,0.0019715696267383342,-0.008484082789328835
2007-07-26,-0.023963592683565765,-0.052309515105322224,0.008306818445862592,-0.018861365951098222
2007-07-27,-0.019855884705647576,-0.013039358482111978,0.0028690164780186336,-0.003662416031323392
2007-07-30,0.01552299791554991,0.03221140353038641,-0.0028690164780187082,0.005488548312644498
2007-07-31,-0.01132781270847559,-0.02067949365969287,0.0072134290832458065,0.00030410874105093354
2007-08-01,0.0048604013864477,-0.003930008716760693,-0.0021661376417082276,0.0021257127401822437
2007-08-02,0.007958929973385633,0.010995577325865168,0.002521174215489868,-0.0006069020914542221
2007-08-03,-0.02608268723508196,-0.044101195698312425,0.006618168016272492,0.012068377589956174
2007-08-06,0.016620385196783525,0.017689718662870994,-0.007306151281210484,-0.002552449392796444
2007-08-07,0.010613387126727459,0.007432323880543499,-0.000801568556302535,-0.0006014028171162535
2007-08-08,0.013843690734831379,0.03303593468344447,-0.012227385062338685,0.004352626551117794
2007-08-09,-0.030081611241093646,-0.04223866265329984,0.0013911536000449111,-0.019814572506723634
2007-08-10,-0.004687621866746122,-0.01748604555269531,-0.0023208513532929336,0.016814765941351804
2007-08-13,0.0035869375988386784,0.009830087336914484,0.002900637337531235,-0.004667591916457224
2007-08-14,-0.01540420807450906,-0.026192015006417404,0.002660697786086485,0.0004526409523711157
2007-08-15,-0.013870899661311544,-0.04008197295852042,-0.0035881696670716913,-0.002416609910743651
2007-08-16,0.007487441596312195,-0.017151645748501046,0.010266928864612862,-0.0221704207263521
2007-08-17,0.018200728540669796,0.03115521664653218,-0.004025200341325162,0.005089097649259215
2007-08-20,-0.00048439487169342374,0.0020427798322173686,0.0005755961956699124,0.0016906267951208541
2007-08-21,0.0020031894040634392,-0.0036801946982182344,0.004825200626277257,-0.0007681550545950952
2007-08-22,0.011797921695055004,0.04211598960175451,-0.001605424136273054,0.0050586729777030584
2007-08-23,-0.0008862279890839333,0.00509276614580399,0.003436743915855822,-0.0013771552618831308
2007-08-24,0.012277211645185394,0.02355776237098497,0.0049068948733944715,0.012174904045098961
2007-08-27,-0.009347512856693874,0.004569669547690727,0.005222703988586374,-0.001968313899368514
2007-08-28,-0.022225030454808285,-0.04150283795833969,0.0016970396419602226,-0.005928527206188511
2007-08-29,0.019431062788695552,0.0388396979663125,-0.0027163081588076694,0.007291591950524386
2007-08-30,-0.0026647424507425907,-0.005117944381874266,0.006665746089719032,-0.00409489671224921
2007-08-31,0.00980454433905448,0.025480683011988407,0.0007871465312241289,0.010882719149130153
2007-09-04,0.010045497628732131,0.016731169270430484,0.00047414852482689036,0.013735746035060996
2007-09-05,-0.008690955350810225,-0.015238858862829514,0.007985629830725715,0.0017777059079792377
2007-09-06,0.0022983299751396014,0.007796272376938309,-0.002579575804447973,0.019059410971297826
2007-09-07,-0.014004856173614695,-0.02281739533973158,0.014052216820839219,0.0076672893414621345
2007-09-10,-0.001918772148944333,0.0007561144723189384,0.007721247157104872,0.0033091657188421245
2007-09-11,0.011593088934347066,0.019987920883205633,-0.0007690971727035608,0.012844388092752193
2007-09-12,0.0025729875496153863,0.0035514436973343388,-0.0037465846172965683,-0.0008511500075774832
2007-09-13,0.0070088502976148855,0.011017465400835801,-0.008981588320713128,-0.005407687163316696
2007-09-14,-6.72541987926728e-05,0.001970502800423032,0.0014478524935547987,-0.001285128576689731
2007-09-17,-0.005387028641325479,-0.006362621639450557,0.004770685658195476,0.01390492555765156
2007-09-18,0.029014773854423366,0.047286350120294446,-0.007556095663652301,0.010233435305542457
2007-09-19,0.0058857466901917,0.0045383604317058455,-0.009299965617716531,-0.0037727516034467587
2007-09-20,-0.007067730657592557,-0.00313962798238655,-0.019092848524341142,0.01789851321631325
2007-09-21,0.0026952962884013634,0.0131901664264681,0.008453989336437148,-0.00523929075519364
2007-09-24,-0.0018438494716527495,0.012337128315231932,0.0028406567275052353,-0.0008297270648809739
2007-09-25,-0.0019802705251706475,-0.00375308087474792,-0.003522783468324306,0.0006915573409805822
2007-09-26,0.005271279088715821,0.013244873299400403,0.0009100927251494532,-0.004572887160420416
2007-09-27,0.00589576089530058,0.014735595036979488,0.006914680068363429,0.009675223546006088
2007-09-28,-0.003336953262894397,-0.006336121508035331,0.0022573157250698568,0.011080137884340773
2007-10-01,0.01120976335329026,0.03096362932883331,0.005698261975445903,0.0052913681556413985
2007-10-02,-0.001362112149313791,0.00678895070711923,0.0031445008508098186,-0.02119741661479163
2007-10-03,-0.0020134422534312485,-0.03075155421369215,-0.002920178301686434,-0.006239146038013328
2007-10-04,0.0015591549722226946,0.009917406176288262,0.0038169236305024942,0.013400783424484728
2007-10-05,0.011811967583729498,0.03281131226564608,-0.010815073889814467,0.00724688703528734
2007-10-08,-0.0053405242917251555,-0.010689761225743557,-0.000793391910422367,-0.011923703864010008
2007-10-09,0.009374147274861367,0.015452945494230366,-0.001247429888741692,0.007691255843188692
2007-10-10,-0.0016622903544804483,0.0013299717346496264,0.000567206495715152,0.003687327879970425
2007-10-11,-0.004813100723910627,-0.008834999364948836,-0.0010217400271125157,0.007469350076860184
2007-10-12,0.0055164662751453165,0.01809410854897039,-0.004894533085851674,0.009158214525531264
2007-10-15,-0.008479312917183058,-0.01230115432032021,0.00022844618797555392,0.007346631152413257
2007-10-16,-0.007966507818659659,-0.01870774665227365,0.0003414166622317222,-0.0002661605603641906
2007-10-17,0.003051267654953419,0.022824967490179385,0.010889064337940298,-0.008287746077086587
2007-10-18,-0.003637006114334505,0.005043867108932899,0.005513314067220598,0.01993421490081733
2007-10-19,-0.026504961562760394,-0.04370879909953281,0.014811428267281154,-0.003955220156770456
2007-10-22,0.0057961267134546465,0.007201512325423281,0.00011110394389772769,-0.014637633373986493
2007-10-23,0.008071882437275912,0.027346198827271084,-0.0013273386788843846,0.008409645438828075
2007-10-24,-0.0018465445486292706,-0.006559233504708559,0.007388272785212722,0.0038473451919205023
2007-10-25,0.0023733817729277135,0.01263345404196776,-0.0034119770580216917,0.0067305057984769715
2007-10-26,0.011655134739533075,0.027932760346593512,-0.0023178823011678934,0.02159859720250343
2007-10-29,0.003313840453666764,0.022745676394709452,0.003860133006801004,0.005519560779674641
2007-10-30,-0.006966348278783932,-0.019071317700720312,-0.0005505679877965728,-0.00990558387484408
2007-10-31,0.010333973440166786,0.02170654516437188,-0.009071094624561498,0.016285597636482487
2007-11-01,-0.02368577273041283,-0.04121109427621734,0.01290857437485947,-0.008815163157122153
2007-11-02,0.001125403807778563,0.005656136829424584,0.00319117956256083,0.024088404823137864
2007-11-05,-0.007634949212674017,-0.03538804989616531,-0.00043940237112239495,-0.0010026549296778963
2007-11-06,0.013372448550962387,0.03724544060634783,-0.004847547898595692,0.020847017561792937
2007-11-07,-0.02773707434610296,-0.03237723127095608,0.0017646094484128157,0.009898016504542712
2007-11-08,-0.0050832558606623834,0.005099166441234934,-0.0017646094484128063,-0.00012153592477733841
2007-11-09,-0.013822159845189235,-0.023803622361131566,0.008466580455067848,-0.0006082726377443839
2007-11-12,-0.00997102177576359,-0.05692833979744202,0.0036062756597735573,-0.04836432519681577
2007-11-13,0.030024986173713974,0.06825714148800129,-0.00371533629531352,0.010418080056634612
2007-11-14,-0.002772671880697635,0.0009651040172612814,0.0010943352880865345,0.014554786693980836
2007-11-15,-0.014528838894423399,-0.023291530304043188,0.009362916423776091,-0.02945295236897934
2007-11-16,0.0017160943130362673,0.01229920377576638,0.0014078777896303185,-0.0025690052942447775
2007-11-19,-0.014022219052746294,-0.047195371522518625,0.006471134115591478,-0.006581121156079224
2007-11-20,0.006102898675053552,0.027098759579794827,-0.001075184497846199,0.02846217740937644
2007-11-21,-0.02067668324979259,-0.0516636659488856,0.005795992940720563,-0.0013851366451013488
2007-11-23,0.017144437303362268,0.0291210343140619,0.0029910699222152858,0.023536350542307537
2007-11-26,-0.022310522861998135,-0.04050245366412458,0.019545700282318827,0.0006152328809138596
2007-11-27,0.011428214372234565,0.037580535865281775,-0.00956727331008157,-0.014870219066121595
2007-11-28,0.03148347204205893,0.05333306513033212,-0.006782978127243274,-0.006638701470507684
2007-11-29,0.00033975809769475307,-0.012333806658903433,0.008578194424129807,-0.01634500662031746
2007-11-30,0.01000570968412392,0.008455184776709125,-0.004861855628552824,-0.012339476540602861
2007-12-03,-0.006614317147109923,-0.008716710461710483,0.007903965605102795,0.012339476540602936
2007-12-04,-0.008979156018497447,-0.0026166860250184925,-0.00010590614711710192,0.014206260536894314
2007-12-05,0.01660141445268683,0.04345470290439837,-0.011998531877605169,-0.009745116397743728
2007-12-06,0.01421205237089113,0.015619886981044119,-0.008798658208683828,0.009367226634607144
2007-12-07,-0.00019840692399928728,-0.011926553767112274,-0.011271712976782075,-0.009748817685628595
2007-12-10,0.007723114215821108,0.0003123952730886869,-0.006012297984480258,0.017654954651938483
2007-12-11,-0.027802898189797046,-0.04327672559800294,0.019437298867305816,-0.01460619883925386
2007-12-12,0.00982276652804146,0.029564731534978753,-0.010377472747607221,0.020712490730692895
2007-12-13,-0.002077707258880593,-0.027870022441305667,-0.010926008452768214,-0.025034301776957927
2007-12-14,-0.012760368137938535,-0.02412305167442519,-0.0046242332089517215,0.00025470186730374784
2007-12-17,-0.014372488355871908,-0.04356393619772307,0.008900377115694589,-0.004979255801014288
2007-12-18,0.005568324193027429,0.02708452873448621,0.006432725541766004,0.01423334190273785
2007-12-19,0.0,0.006489518516470004,0.013171504008497615,-0.00012621788603144562
2007-12-20,0.006286460271017632,0.005442945194600209,-0.002146373183751451,-0.007219329805340328
2007-12-21,0.014312573650621094,0.029711288885188793,-0.014727669208425023,0.01801396995862084
2007-12-24,0.00739800994531904,0.01677190783521588,-0.004701328259452983,0.0004992625672929884
2007-12-26,0.0021429857983048957,0.005170077092592231,-0.008807359415179973,0.017073250143272604
2007-12-27,-0.012651368502147766,-0.023346497267323327,0.010841980918567334,0.0004905680371817453
2007-12-28,-0.0025083816286207454,0.0037537583690564207,0.015474106643389864,0.01750169202421168
2007-12-31,-0.007427635023378421,-0.01210195872939498,0.006038030624530287,-0.006527291620528274
2008-01-02,-0.008793491600847783,-0.01663804134632652,0.01429908733122005,0.028689530790562096
2008-01-03,-0.00048296366906364145,0.008957017351660991,-0.0013780162185718053,0.008331903896944106
2008-01-04,-0.024811308042579812,-0.030497106407061544,0.00021219141612572378,-0.005155283230996526
2008-01-07,-0.0008496375483153612,0.007300304041283813,0.004339538064007018,-0.004237800612756689
2008-01-08,-0.01628049789215391,-0.007784308088781785,-0.001162340022453741,0.023434499283740494
2008-01-09,0.010455912581830255,0.03225438505536214,0.001901442466200115,-0.0026538494212900304
2008-01-10,0.006532754940865611,0.011716205239648359,-0.013601542958382921,0.019451378931132805
2008-01-11,-0.008101202530455109,-0.028530249017484313,0.007779823098716499,0.003732423352843317
2008-01-14,0.008029969525678572,0.014601623237409909,0.003709182233960207,0.010779343871355922
2008-01-15,-0.02225850707438117,-0.04628645278059093,0.01114807759837111,-0.017462315658241516
2008-01-16,-0.008650470930239426,-0.04250160383606377,-0.007243480043740438,-0.014769298791920495
2008-01-17,-0.026257603000872407,-0.02954851863259247,0.012875238713520965,-0.002309434649609837
2008-01-18,-0.010320604910094754,0.022556660630184158,-0.006887649332142315,0.010579654551845074
2008-01-22,-0.010198624098922153,-0.02543119211800237,0.010624956954089673,0.008542679841935765
2008-01-23,0.023736887529867013,0.006343574126230919,-0.002282569310575204,-0.003180722699554567
2008-01-24,0.008406187562479428,0.019235494132597855,-0.020246231571022316,0.02461215908630366
2008-01-25,-0.014550942139395258,-0.01532877666920795,0.016709190887534604,0.0024393095003429448
2008-01-28,0.01640122786818001,0.024443777773537505,-0.0037575575896275524,0.015929992715972913
2008-01-29,0.004942028050889847,-0.004914914241982536,-0.006823982557793894,-0.0065609690697016314
2008-01-30,-0.007385129000275519,-0.013250090904089972,-0.006552733903627684,0.009933994004387969
2008-01-31,0.018070062518814198,0.019846491842822434,0.0070787829801365635,-0.007195016714744232
2008-02-01,0.015959827671330442,0.01974665586040407,0.005993793385875017,-0.022684270626732738
2008-02-04,-0.01268934006525878,0.0030753388602111744,-0.010344657821287299,-0.0028019071765902166
2008-02-05,-0.027139070248278673,-0.055341479127808735,0.007610082335420705,-0.01606549067103019
2008-02-06,-0.008084283265547833,-0.016511723010404798,-0.003058152533612339,0.014380553122886813
2008-02-07,0.006592151671738855,0.01681339547672459,-0.02178194007215768,0.010067216443898174
2008-02-08,-0.006441762492281957,-0.0018880582662060962,0.011376941727353476,0.012717910269796405
2008-02-11,0.005096706133200846,0.012319965569212865,0.004154155283372062,0.0036198342355131343
2008-02-12,0.009228523296883952,0.015998501646397958,-0.005969313713126909,-0.022141942540969888
2008-02-13,0.010171208652631615,0.022233992495656756,-0.010641436406619333,0.0012306384919769915
2008-02-14,-0.008838816006702173,-0.01294641996537483,-0.014805325921568845,0.0030141986624117353
2008-02-15,-0.00022173137512714863,0.007109088942015366,0.0076472369327190036,-0.006261873940772848
2008-02-19,0.002807966967109136,0.012997751525575946,-0.010174082808410138,0.026892565797985494
2008-02-20,0.0029471827046288744,0.008312959227198033,0.006903739768022723,0.01796386403346683
2008-02-21,-0.008348508446364944,-0.014108942618058127,0.010536047797685726,0.000107267267463442
2008-02-22,0.0061384831484443,0.013330309709941368,-0.005742759069065365,0.0015002080621885686
2008-02-25,0.012530622324170324,0.018451954550280127,-0.010268883137309961,-0.00698441065741686
2008-02-26,0.007471922563777029,0.013122055708557066,0.0003299556909072876,0.010405041437242168
2008-02-27,-0.0010126797506565762,0.008403561193141456,0.0008780385042314289,0.011353506294170987
2008-02-28,-0.009814789575303424,-0.010808302162432826,0.01760948418091957,0.012685593460616694
2008-02-29,-0.022535834776549343,-0.04056394975462764,0.015183723029834334,0.001977441901755274
2008-03-03,-0.0023945477136284297,0.005428239348586957,-0.0025804629448708985,0.010960688456801523
2008-03-04,-0.0038273202779196855,-0.023496047476099596,-0.009766369623980245,-0.02141228858001734
2008-03-05,0.006296353327252036,0.020785850899240964,-0.012042155391184629,0.02633641998211893
2008-03-06,-0.020914807963688577,-0.034887227063871235,0.005334247931028704,-0.012563250536444711
2008-03-07,-0.01035450784778272,-0.013927701933364406,0.0013012631786073368,-0.004257794167007869
2008-03-10,-0.01327074765547368,-0.017706538663198875,0.01463817070457377,-0.0022920784400025053
2008-03-11,0.035306996251654045,0.06509184610995726,-0.008584640595435705,0.0012508613827964979
2008-03-12,-0.009395723960828826,-0.018700433180538937,0.019107087254500277,0.010570090873189882
2008-03-13,0.002205414369118008,-0.00915159779515511,-0.00785419037774446,0.013616736750610736
2008-03-14,-0.015616943824549041,-0.036095097620575875,0.012285422769336689,0.0037554244103494877
2008-03-17,-0.010158556293482984,-0.025016960830038723,0.007655290560577852,0.004649281579360488
2008-03-18,0.04070363782687058,0.05068731897477465,-0.00387293514907984,-0.027292522389296952
2008-03-19,-0.025081948400700355,-0.0619310424889602,0.016432797745238724,-0.03651349029438361
2008-03-20,0.018353336106650724,0.016701609640609728,0.002472228092425903,-0.03422030732304092
2008-03-24,0.019790823533884006,0.03761946190620458,-0.01953454151885376,0.002110936951383417
2008-03-25,0.000964248465570021,0.015236036726716466,0.004187783339228072,0.0287719333343951
2008-03-26,-0.012311229865761115,-0.008146482963916055,-0.004187783339228087,0.011472807533615594
2008-03-27,-0.0031581814844687498,-0.004845342364783125,-0.007055175546003943,-0.0036313610705569657
2008-03-28,-0.009610900740589774,-0.0017948151852778989,0.009674854383033692,-0.01705017954859946
2008-03-31,0.0034920580614294307,0.005895886217230657,0.0035521031231106987,-0.01612842667290047
2008-04-01,0.0345553016384711,0.03767986612178083,-0.016408891841084856,-0.04005728712133439
2008-04-02,0.0006589303659580449,0.0007166386748513475,0.0021276426286515643,0.027367813453476903
2008-04-03,0.002483691959097762,0.012100773878670765,0.002228003592063923,0.0016789027418238158
2008-04-04,-0.0010949815402451766,-0.004041080506359541,0.009075008029154391,0.009239246884171022
2008-04-07,0.0005115080094047226,0.013196134114557414,-0.005266537470954881,0.010142278299860375
2008-04-08,-0.0010232777931584625,-0.00548284988948169,-0.0034911080274577966,-0.009034875363145666
2008-04-09,-0.007261835735647834,-0.01570185298893684,0.010331763953566494,0.02124480304789454
2008-04-10,0.0013978338201792438,0.014219984986362965,-0.0033616933451370993,-0.005650392946536727
2008-04-11,-0.01959965339174354,-0.01644190538264157,0.006711916868966403,-0.005134589224534746
2008-04-14,-0.003379898703735003,-0.0023710856429968907,-0.005870641380889548,-0.002083246601698784
2008-04-15,0.002329858958628937,0.011657655412444564,-0.012484354847963378,0.00601854460933773
2008-04-16,0.02673348984691013,0.029149771277182383,-0.009842400631493557,0.017412357713036033
2008-04-17,0.0014598764857464582,-0.007277860050911742,-0.00172193534921074,-0.007641420238254219
2008-04-18,0.01038017171811995,0.014983337474412864,-0.0008616900701172676,-0.021182086961172856
2008-04-21,0.0005054063426745,0.005058132350953974,0.003980655031076255,-0.004091372334785702
2008-04-22,-0.004412358404619033,-0.009316507497599373,0.0034292263596295263,0.00022154490937352197
2008-04-23,-0.0015964136733406388,0.01428162807250571,-0.003322937415369905,-0.011699898740300238
2008-04-24,0.004347454667644645,-0.012906199723347944,-0.008516750956097397,-0.02267156697176417
2008-04-25,0.009211538657052487,0.007327552159406636,-0.0058634931391481114,0.0005730462988536478
2008-04-28,0.00021458064111119635,-0.0019125132757947128,0.0030443322107067397,0.004801172923441089
2008-04-29,-0.003946409095658164,-0.017863001853376626,0.0037932660464607025,-0.021672374264867317
2008-04-30,-0.005913521556416109,0.020389042118206347,0.007112750024923097,0.009741512403569545
2008-05-01,0.020474629031783372,0.010580567892467476,6.583402903883921e-05,-0.031179315068104025
2008-05-02,0.0027596785721618303,0.009534933199936884,-0.012691243006289007,0.007000134989940103
2008-05-05,-0.00481706530005081,-0.0007354892749408989,0.0,0.01978402048340779
2008-05-06,0.008626014983574657,0.011106216787119927,-0.007230453609857055,0.004164270020763222
2008-05-07,-0.017971134911443813,-0.03021342907934635,0.0042789549391661534,-0.00939406818992347
2008-05-08,-0.0025835602462097587,0.010240133172863024,0.008937172139896882,0.0164108408392243
2008-05-09,-0.0018703026384812328,-0.008197247894739452,0.0036827206359743916,0.0020611516430740643
2008-05-12,0.011168340047022626,0.012774999765868794,-0.0015145379862011646,-0.004930923527425635
2008-05-13,0.00014251100709744913,0.004757601928458547,-0.010995277422281822,-0.018564154190549235
2008-05-14,0.0020622047822805288,0.0024031485217373616,0.000437098208247202,-0.0022275927551882613
2008-05-15,0.012425098920137633,0.021049723397699813,0.009041059055452574,0.020906720638068043
2008-05-16,0.0009118089122515292,0.012651916993430733,-0.004128618208526796,0.023851198696715047
2008-05-19,0.0027297800901196208,0.00019344666207060725,0.0013054474350738955,0.003249494920499919
2008-05-20,-0.00814188962614325,-0.017492097315945577,0.005206377302744624,0.016751205697980824
2008-05-21,-0.01705927452492821,-0.010220267711168868,0.00021553429785363737,0.01159367196948849
2008-05-22,0.00014334952536862957,0.0029117132466833394,-0.011858720441255709,-0.010713950899921191
2008-05-23,-0.013494578212379918,-0.0175990506377175,0.00436904476175376,0.002744088114413663
2008-05-27,0.007383146877028808,-0.0016154100008347184,-0.006779979091538083,-0.02071066556256065
2008-05-28,0.004605120974868773,0.013382531307304062,-0.008925198384427617,-0.0024650009199021954
2008-05-29,0.005012539533985725,0.0021909333014380273,-0.007221890546898727,-0.029948121785563844
2008-05-30,0.0024968790623723877,0.003442913259528212,0.006556984164350827,0.010807127681703298
2008-06-02,-0.010385037369082235,-0.011968243181799957,0.0038508681535278635,0.005814988710672287
2008-06-03,-0.005848684091450482,-0.01822535736930461,0.007171126259816657,-0.01235433070599784
2008-06-04,-0.0005068592439829606,-0.008757596496469832,-0.008944747944243301,-0.00265079080081508
2008-06-05,0.019799587014515976,0.03132135789549751,-0.006009459704312163,-0.002310856942839816
2008-06-06,-0.03241323353463682,-0.036903316696971195,0.012863465784501829,0.029744095652049107
2008-06-09,0.0024185551488568532,-0.0025596578266070947,0.0,-0.01208712510114185
2008-06-10,-0.004989988428745262,-0.023340789819252854,-0.006520990057430073,-0.028122111368949234
2008-06-11,-0.01482184761987072,-0.0150768535119966,-0.002332207812299534,0.01703690270554308
2008-06-12,0.0038005966794000968,0.0058144054175612025,-0.010055104474552394,-0.016452673393949773
2008-06-13,0.012565154114345766,0.010750322445081879,-0.0021352306882828484,0.0026833517416247226
2008-06-16,0.0005870998160626239,0.0033933274157576213,0.00022485195868346929,0.013654462065851207
2008-06-17,-0.004856324492277737,0.004225206088834815,0.0020227916345135905,0.0027544819530526043
2008-06-18,-0.009784374444073676,-0.004860452518295743,0.008384737670697988,0.011736006478369521
2008-06-19,0.0012657544331772148,0.0015516655137273027,-0.005917703659042467,0.0015846001285877345
2008-06-20,-0.016365226278020232,-0.033189256733777005,0.0058072495007208125,0.0059762121136616485
2008-06-23,-0.0009886139688027912,0.0029113301043403156,0.002112832614600696,-0.02113235514821951
2008-06-24,-0.001980003583846779,-0.004442772129542282,0.006644364075561285,0.004353866732505198
2008-06-25,0.004714782232402086,0.019825935483269642,0.0004417913287375457,-0.0005718228977623296
2008-06-26,-0.027536093035099875,-0.03491298609286387,0.0067077593575009435,0.03584052048031919
2008-06-27,-0.005473534786237627,0.009623083041542444,0.0116575274062744,0.009446474043668393
2008-06-30,0.003522699253545651,0.007543676887837724,0.00021616667399335018,-0.0007655678590445136
2008-07-01,0.003120254280889039,-0.017991876739614082,-0.002372309331017629,0.013691424355889053
2008-07-02,-0.01728486791408382,-0.028920942657546505,0.005217098792039932,0.0054888422989871725
2008-07-03,0.001029296321725954,-0.0028613722307104846,-0.0021703663364111307,-0.011985249940131814
2008-07-07,-0.010265474249534246,-0.0035685107326335203,0.004550226335248327,-0.009056684715605397
2008-07-08,0.01760166803356771,0.012204531378608992,0.006466287066791035,-0.004063960105008701
2008-07-09,-0.01944301077730135,-0.02039867247797093,0.004395260029221533,0.007019105232723836
2008-07-10,0.004078788812817277,0.01793929522460234,-0.0001071199328623285,0.021943255113523116
2008-07-11,-0.011720386820503545,-0.006718682073103276,-0.014329032926413623,0.017277496523462485
2008-07-14,-0.009085381267271663,-0.0012407858931892525,0.008750499213468096,0.007850566004166892
2008-07-15,-0.014197200342833057,-0.01682028030225519,-0.0003212626970235769,0.0027071497619921858
2008-07-16,0.024250762599302218,0.0284671225137949,-0.018242902200852593,-0.01815270161590802
2008-07-17,0.00995340886584687,0.004666444643892377,-0.005162456495404317,-0.0023322518409360084
2008-07-18,0.006211207416939718,-0.008662178011495481,-0.003752089888151071,-0.0005308461499447085
2008-07-21,0.0005552092519232224,0.012319122292649759,0.0038623234516395365,0.010037641179610729
2008-07-22,0.01128102357279605,0.0006081295628921523,-0.004968249732444849,-0.021894861075694584
2008-07-23,0.00539801432102385,0.0014426461554635957,-0.001994087316853871,-0.027121391164392418
2008-07-24,-0.020972252568638484,-0.03765854639311067,0.009711226591507555,0.008356311735007812
2008-07-25,-0.0002388846173375943,0.006832524834527862,-0.010044419536555282,0.0039340079361909145
2008-07-28,-0.014772227084701205,-0.0170499990172677,0.010044419536555325,0.0004361674288188628
2008-07-29,0.021127279619067837,0.053929102307061896,-0.004071632123229249,-0.01250572486127245
2008-07-30,0.01766050351855174,-0.010464277970867795,0.000991861763145787,-0.01188176475168946
2008-07-31,-0.013314506584066736,-0.02266529452876622,0.009866020011799663,0.006236158213952812
2008-08-01,-0.005296549821829477,-0.00680660615687263,0.0022094951734978685,-0.0056777456383802685
2008-08-04,-0.00931737180114768,-0.031095635614945785,-0.0022967018787670716,-0.016093986590938986
2008-08-05,0.026605289310925862,0.01279476455861708,-0.0074734718456577805,-0.023649334804024327
2008-08-06,0.004430802144930089,0.019713030354320316,-0.004089760849115181,0.006484477963029264
2008-08-07,-0.015003870857673803,-0.034940042293165274,0.016151373697458137,-0.006368377516337615
2008-08-08,0.018410708527610384,0.002432247380227794,0.00272121980176285,-0.01947042583576133
2008-08-11,0.010304714346780586,-0.010501888760396507,-0.009611135773350528,-0.039870019743063895
2008-08-12,-0.010459512368177265,-0.008382697097090193,0.00928525984472366,-0.007547213471977264
2008-08-13,-0.006048073784326199,-0.00024746770508328654,-0.003485681760573109,0.012833356691477001
2008-08-14,0.007516014367811931,0.013039833401010148,0.006417284707349046,-0.027470488029696195
2008-08-15,0.004851409426908508,-0.015767745405425894,0.00863515799682058,-0.021914512705522013
2008-08-18,-0.013768583994714246,-0.017030222769905366,0.0039686802103335046,0.014959120554555644
2008-08-19,-0.010963768007516783,-0.008370530150688471,-0.003861362193256727,0.020474209118556685
2008-08-20,0.0046346353099183495,0.025152616442471853,0.0027898540653177656,-0.0046109216405604905
2008-08-21,0.0017230604646206928,-0.0014917651362614994,-0.0018231147940763943,0.027594821694200418
2008-08-22,0.014371990151698053,-0.0007466490307526653,-0.0006445053215814994,-0.014934800596812396
2008-08-25,-0.02049380810985177,-0.020878394717718702,0.009942242684120263,-0.00185175688863645
2008-08-26,0.0029084970553092814,0.0017776924227659026,0.0008513036220940116,0.00370009111066845
2008-08-27,0.009687115972086475,0.021090299714903914,0.0016987129143829125,0.0015990808530273566
2008-08-28,0.012054765368903299,0.006932513947660655,0.00010511319166797347,0.010028207926600663
2008-08-29,-0.01081218170211417,-0.011913742171119488,-0.004465209790392994,-0.005735584976745511
2008-09-02,-0.006230813098753238,-0.030677881336360704,0.009261417669629571,-0.031200121903938532
2008-09-03,-0.0008596734060098323,-0.016615259022765127,0.004230037047833722,-0.003921790917827457
2008-09-04,-0.03056871981717435,-0.04716854308244142,0.007987285841141185,-0.006358108955715176
2008-09-05,0.0031394649426971354,0.014169694879109712,-0.0005231112182004702,0.007498337947551977
2008-09-08,0.02044566686866977,0.012368697724102934,0.004179880669153665,-0.001520562172927079
2008-09-09,-0.030137394890541323,-0.05775581615254089,0.009859781094108986,-0.03051415078362391
2008-09-10,0.004049427414578646,0.016009254382074466,-0.006215393156254918,-0.03012631332599945
2008-09-11,0.014364595134866624,-0.014877838358696082,-0.000519977845373005,-0.015478915514254269
2008-09-12,0.0046107222763976325,0.03282673294956422,-0.012975665765960258,0.0332399725473417
2008-09-15,-0.048754790633095665,-0.08180038436819388,0.031926082056716466,0.026257069784174
2008-09-16,0.01659908546602443,0.008575797120024325,-0.00020427953476419302,-0.009977363631870767
2008-09-17,-0.046005591177549376,-0.07360970239534195,0.004986992387815482,0.10697398423801134
2008-09-18,0.029240185090617665,0.0809446362851304,-0.014727749372460831,-0.03162032125475302
2008-09-19,0.0389453600111389,0.11736076514179104,-0.032251406305626056,0.03768665186313431
2008-09-22,-0.022899726051429314,-0.06747174991143126,-0.00010636448874509484,0.036542052510024896
2008-09-23,-0.023014322374594436,-0.03164070293756497,-0.0038380590296622353,-0.009690223547907538
2008-09-24,0.003200394729206536,0.011415334751548462,0.00437059464661244,-0.018397372242872228
2008-09-25,0.015518252804288755,0.05008666381686778,-0.002023310557071327,-0.0030030300021146434
2008-09-26,0.0004964469499811831,-0.03459998396060329,0.007221205966174262,0.0021954188195928825
2008-09-29,-0.08160197281800644,-0.1241947670396253,0.028685420761897614,0.033258843431934
2008-09-30,0.04055615937194107,0.07787448282590012,-0.02467198193595963,-0.051545995679539464
2008-10-01,0.0006031696228897307,0.011927402021642945,0.01250186117297526,0.010523968985084205
2008-10-02,-0.03694859530298228,-0.09170208099365589,0.008007739982671864,-0.04326282883476272
2008-10-03,-0.013592118086104173,-0.026659553128298912,0.008764979570167756,0.003152979931026516
2008-10-06,-0.05227610516723543,-0.07817269006285697,0.018010073174064355,0.02025601097029596
2008-10-07,-0.04582029659402779,-0.08098162607634088,-0.0030308392693835875,0.03486214825706517
2008-10-08,-0.02551520135733404,0.0,-0.014466210739392272,0.02433762761966628
2008-10-09,-0.07239750376038637,-0.07651853488277835,-0.008449669109783616,0.005353608121824253
2008-10-10,-0.02455477405403355,0.011470960719370293,-0.007061996433375228,-0.07721024022746184
2008-10-13,0.13557727884725818,0.2051412762863131,-0.012902430039218652,-0.014890455669864109
2008-10-14,-0.014910406622247784,-0.05104883392526193,-0.006461176080921313,0.0025580023828085247
2008-10-15,-0.10363772881316195,-0.1763338360952042,0.009517350848333439,0.01341329574561084
2008-10-16,0.040812872079604476,0.04797649983914047,-0.005169784021355768,-0.04945653185086193
2008-10-17,-0.005989274950077772,-0.03186421119386767,-0.0069008310222765535,-0.0265830583677772
2008-10-20,0.05834333630063297,0.06773581791740005,0.007958876096113843,0.016569654325264915
2008-10-21,-0.030310168810487755,-0.0830156224735628,0.005269088460823203,-0.03197064160356307
2008-10-22,-0.055992893594294504,-0.1112500998871815,0.02008780071092674,-0.058497788057396756
2008-10-23,0.01151786592289263,0.02752480295581997,0.00739194728499282,-0.014892064399146903
2008-10-24,-0.05204557176874151,-0.10888623678306024,-0.01069495979911204,0.021840397056156174
2008-10-27,-0.03614633651145305,-0.026586280370679425,0.0007231313883592908,-0.00041552434178707896
2008-10-28,0.11051693284489218,0.19006303925446255,-0.014673193707010469,0.022060230034850928
2008-10-29,-0.00727889696160486,-0.03221825426083739,-0.005044484806638147,0.0028418597266937724
2008-10-30,0.03400870477486157,0.12659352429520726,-0.009102114794911796,-0.01758617913369578
2008-10-31,0.005488359876982583,-0.008614010253109369,-0.01305684255476841,-0.019021785472914204
2008-11-03,0.0028875411788118845,-0.009085474385686455,0.0026999779422602933,-0.0033698132493902304
2008-11-04,0.033417463852642944,0.08734199418468037,0.018593782722906255,0.05978044962665676
2008-11-05,-0.04293618720693438,-0.13613204855715497,0.011788141038014352,-0.03615176785243687
2008-11-06,-0.05700536913513216,-0.051732147955666566,-0.007245295253189518,-0.007998964370514715
2008-11-07,0.03248402539867072,0.07804932152222693,-0.006556052779398945,0.003869529108754129
2008-11-10,-0.013191464639904667,0.009290895107086427,0.004868322423712448,0.014786712701221597
2008-11-11,-0.031361946348882154,-0.06435066805266655,0.00295125550663763,-0.021012909760209354
2008-11-12,-0.04499910518519372,-0.07708134848233879,0.006401291510387609,-0.02886512275228242
2008-11-13,0.06047441242003672,0.12970297963341956,-0.024243521698146208,0.030252064319223424
2008-11-14,-0.05119562545326735,-0.1009403705357239,0.01963096462858833,0.015813344157826127
2008-11-17,-0.013365345041364322,-0.01679168084464738,0.0044028519861440026,-0.008907239506966189
2008-11-18,0.018662262420200488,-0.014753598960881797,0.012785568764873315,-0.0019288981747573384
2008-11-19,-0.06622445583901354,-0.09035268136001263,0.02529265177836984,-0.003453757562079425
2008-11-20,-0.07713257330280836,-0.07438173859177646,0.05037121904118575,0.016334105788500954
2008-11-21,0.0525378515962594,0.13455750890745674,-0.014564936791771822,0.07094243298627406
2008-11-24,0.06699591469134032,0.05901808667902311,-0.01576731502369164,0.025790177023884007
2008-11-25,0.007381682530259383,-0.01913494480727356,0.028990676502084978,-0.0004945100106059737
2008-11-26,0.037913542959503214,0.07358228415026467,0.001341575313378464,-0.006077606219572271
2008-11-28,0.01251002430851332,-0.01941810672349694,0.012277046934361805,-0.0008712390504950196
2008-12-01,-0.09274909291152562,-0.101253477265186,0.03758037637726298,-0.059776655395983355
2008-12-02,0.037762112371021415,0.06124822384589342,0.003831830749673452,0.01703836022130856
2008-12-03,0.02375730824858417,0.008130420483893033,0.0028181417855929545,-0.01005685556947555
2008-12-04,-0.023405104619946618,-0.043674914587787876,0.019512609089544893,-0.008966308801461867
2008-12-05,0.030366597720372503,0.057523642239596995,-0.01633829842216001,-0.01306515556901043
2008-12-08,0.034318014216577326,0.06192821370215883,-0.002175364820348829,0.022293921957316113
2008-12-09,-0.016620668809001107,-0.013856598889446693,0.01958141542934295,0.0017046471557575096
2008-12-10,0.006792387817101851,0.05790964876981706,-0.0024042761601719667,0.043830671865911774
2008-12-11,-0.024376169034580418,-0.025870575913705465,0.0019597079892651006,0.0112220818260269
2008-12-12,0.01186952440014774,0.013826988377540277,0.0,0.001981866542690083
2008-12-15,-0.01403286836505857,-0.013417478243918174,0.011326160617034993,0.021908972020150932
2008-12-16,0.0459914507983706,0.07679415679039098,0.02442479439830007,0.022268376612201064
2008-12-17,-0.009733344273516955,-0.01759127540044312,0.02677200708243861,0.011419292069736266
2008-12-18,-0.01885976346561899,-0.02223615041616187,0.020765750448819724,-0.01842931699135299
2008-12-19,-0.004311293560394649,0.00354438195524268,0.0010650632102304977,-0.014895236270839864
2008-12-22,-0.012895657110243812,-0.03805824544060128,-0.007718965646000138,0.009994686720185789
2008-12-23,-0.010391782790162814,-0.00831569913952147,-0.0013192540161344028,-0.009994686720185745
2008-12-24,0.005786057919440988,0.007072597030836467,-0.002148725427727328,0.009994686720185789
2008-12-26,0.005753968915747562,-0.00332209749881066,0.0033034318985439063,0.025317801128255938
2008-12-29,-0.0028732960951270846,-0.0016651397176251372,-0.0012004952440414186,0.008723521599817628
2008-12-30,0.023426497949070618,0.026317233018681163,0.009479003341707919,-0.005224940168183113
2008-12-31,0.014173719755660747,0.013303977821668275,-0.021141405165159624,0.007191715531704658
2009-01-02,0.02969655012561335,0.046556232996321764,-0.025456718975677015,-0.003357378391118624
2009-01-05,-0.001184368519571685,0.012913214274827174,-0.026123081196472143,-0.020503324199848343
2009-01-06,0.006655633642987108,0.022389156363924405,-0.01010799135284625,0.00766460793819893
2009-01-07,-0.0304144690701769,-0.05928777872844401,0.003913488134969564,-0.028355453375407055
2009-01-08,0.004072728559697076,-0.004316310533669208,-0.00079867141073229,0.020454024408850847
2009-01-09,-0.021651850794527094,-0.021865074939813035,0.001508922293530988,-0.006414096397031772
2009-01-12,-0.024314072731029288,-0.043119306584266,0.010325089582761812,-0.03838212237276427
2009-01-13,0.0018384010805134754,0.002933236381466797,0.001052271402466669,0.001484720857258964
2009-01-14,-0.03195948331367724,-0.0497530126853058,0.016355019689079264,-0.013568345959084955
2009-01-15,0.0003558134615634801,0.01136890716766143,0.0016377372947812816,0.007491587953086663
2009-01-16,0.007789351011299197,0.01081074645179437,-0.015539780892677118,0.028450719887202026
2009-01-20,-0.05423065358892158,-0.07732260006357787,-0.0001751887585140021,0.021647650395541167
2009-01-21,0.04228586738070802,0.05294191153560306,-0.03209838189106536,-0.0043872142605711085
2009-01-22,-0.015588513584782684,-0.0336133003353012,-0.01943381187973375,0.005096914923472842
2009-01-23,0.004341285492073142,0.012681443594795054,-0.007861951952809833,0.04564361014124338
2009-01-26,0.006834609446227824,0.011633305324274928,-0.008766852367417243,0.004732915968779248
2009-01-27,0.010106188179964743,0.01763693056822808,0.023239803249543514,-0.006428711177525445
2009-01-28,0.033274925769108114,0.04945622808875536,-0.02530344492513801,-0.01092160013595116
2009-01-29,-0.03303730836649839,-0.05208171112052123,-0.023266017861300444,0.023514556791130875
2009-01-30,-0.020553298385483445,-0.007477375394664092,-0.0031763913469045647,0.02002165860988255
2009-02-02,-0.0030230970851968545,-0.010206698958153562,0.018433816055766827,-0.027423326085868636
2009-02-03,0.013949456881159056,0.029446702581396623,-0.024103690347144914,-0.004173432511596273
2009-02-04,-0.004908259382829254,0.007335289829180392,-0.003505457682413643,0.007993277328123664
2009-02-05,0.01477053841528515,0.020847403739132353,0.0008774860895477925,0.010485343419634507
2009-02-06,0.028099074358310404,0.048890315202393474,-0.0031242157779974005,-0.005898480307817772
2009-02-09,0.0013786423170221928,-0.005226280523563178,0.0032217563411740726,-0.014277086659724235
2009-02-10,-0.0468914721470695,-0.06236416617727914,0.02149764288070475,0.021173696446258473
2009-02-11,0.005878215477870991,0.02958784081651813,0.012887985743146509,0.022795527677897713
2009-02-12,0.000717677385869111,-0.006267010042464243,-0.009459627429042642,0.009489958611898299
2009-02-13,-0.010816279729668116,0.00501665510447435,-0.02697486151136627,-0.00667668981583939
2009-02-17,-0.043716124938729825,-0.0659293923358186,0.03067402732625383,0.030853446205778977
2009-02-18,-0.0024012048211034982,-0.0071522934839254445,-0.008559072511317283,0.015180232335787214
2009-02-19,-0.010813394154165372,-0.009465961164494757,-0.017146334469076797,-0.011833302053734346
2009-02-20,-0.009768601075484948,-0.02568983684856692,0.009668172322099119,0.02097515976334867
2009-02-23,-0.036434584519712224,-0.02493640747409446,0.009195871584190475,-0.000715999545035443
2009-02-24,0.037209392836529714,0.05334021558939191,-0.0010495362404214254,-0.031177833375502513
2009-02-25,-0.007904223597669888,-0.017313165936668613,-0.011616283747978288,-0.01681966189582418
2009-02-26,-0.01639508396264242,-0.008769826285998417,-0.010580538911280545,-0.0009666932467289369
2009-02-27,-0.022602366877940393,-0.015888000784348728,-0.005774643312989054,-0.004631386566918853
2009-03-02,-0.0460884819133549,-0.06268745465607245,0.016419798263154997,-0.01852305052084567
2009-03-03,-0.007535435437694186,0.013944096213618851,-0.006703290473359203,-0.009835956887444822
2009-03-04,0.02341425621698741,0.06787136572228218,-0.004591899114753759,-0.011730046343054587
2009-03-05,-0.041705093830868234,-0.04199719958458864,0.027430551149367505,0.033155872403161146
2009-03-06,0.0017424713861833288,0.016726924363084015,-0.006690644240595771,0.003255950930954496
2009-03-09,-0.011822298231460464,-0.019622634286336437,-0.0058685187881263425,-0.01881277418024431
2009-03-10,0.057900795612311026,0.0780703347963407,-0.019385843681811715,-0.02719657652831088
2009-03-11,0.006490906691084037,0.0,0.010762513167757974,0.01217879089301902
2009-03-12,0.03861700623289087,0.03772389802832918,0.004757157122326296,0.02085254413435487
2009-03-13,0.007784204057805088,0.005580640390513754,-0.0050494029358251966,0.002193033510109556
2009-03-16,-0.003027168675243673,0.0008556678943037241,-0.015894960816181608,-0.005491501809613432
2009-03-17,0.030124305088279655,0.02157912829639029,-0.005455039036452886,-0.008405293010376257
2009-03-18,0.02213722772701433,0.02071292778755977,0.03718760795725633,0.03331270158240966
2009-03-19,-0.012462733319469737,-0.00658157545739475,0.001246249799852175,0.013444527853073575
2009-03-20,-0.021524523896914557,-0.013712975486883824,-0.005567176397158146,-0.008087754602137932
2009-03-23,0.06936657061384112,0.08844016744434828,-0.0086982094002862,-0.016265716740780103
2009-03-24,-0.019899953652992193,-0.03151455688981559,0.009467772510281204,-0.012347912889209464
2009-03-25,0.010490723325650575,0.01490870647083406,-0.013552125112174906,0.011261327198225552
2009-03-26,0.020175961643562248,0.026893348995950143,0.011531675106499866,-0.0005437774128025601
2009-03-27,-0.018213195744812952,-0.030013852851489806,0.007390812214409382,-0.013580296815494405
2009-03-30,-0.03516603535732922,-0.05293943832128075,0.0038181325302297435,-0.00785966365924459
2009-03-31,0.00922240059245315,0.02159383015358226,0.007120925389789434,0.00332847770745487
2009-04-01,0.019180900240658064,0.03251656593190545,0.009084627863465014,0.008273170679264967
2009-04-02,0.028818691601883686,0.052814013342143334,-0.012297027798272945,-0.02480242474253235
2009-04-03,0.009898691780544101,0.0121391084633188,-0.02067411770410325,-0.013719889999443402
2009-04-06,-0.007863443678979362,-0.012509267433399045,-0.004284803810956969,-0.02684414097964916
2009-04-07,-0.023601384648685452,-0.0232219619768122,0.00253365782422008,0.017092460393572564
2009-04-08,0.010719935123496574,0.014670369927983378,0.008818504693248321,-0.0014998243891666274
2009-04-09,0.03897372191118151,0.04276168637116982,-0.01262189766558053,-0.003469851444995191
2009-04-13,0.0002330737165017059,0.00606377291547755,0.009143040752305584,0.01802677831754674
2009-04-14,-0.017393178252757973,-0.016132217878523987,0.005213422073344946,-0.00582021051641387
2009-04-15,0.010612494573053964,0.014352471761066864,-0.0017345651600699185,0.0014867876173518325
2009-04-16,0.014556467920651262,0.00851415599760151,-0.007943010169748934,-0.019503271995841835
2009-04-17,0.006682963001173006,-0.007089989317269771,-0.011050178932960777,-0.006899358971822021
2009-04-20,-0.042819341446179306,-0.04996482888959631,0.015029049146629078,0.020097043306539473
2009-04-21,0.019349026147321383,0.021092237788035186,-0.009928301932754081,-0.0006902618757463332
2009-04-22,-0.006131847411449629,-0.008457255160583661,-0.006083557029483884,0.0056234482639747705
2009-04-23,0.009769716632184924,0.015390316572884406,-9.865197352304809e-05,0.016120292274093014
2009-04-24,0.014997108119502594,0.018732638498655287,-0.010091685618897771,0.010307038892938492
2009-04-27,-0.009507194475684039,-0.03412295507153974,0.004267528574184489,-0.007944976286971623
2009-04-28,-0.0031499949041562444,-0.0033292718773724563,-0.016472154172985164,-0.014256884624757573
2009-04-29,0.021045921495736728,0.05127486010712572,-0.008896034323665094,0.0065879591407686485
2009-04-30,0.00034368549939276465,0.009110133271406229,-0.00396922555347455,-0.012073098777590854
2009-05-01,0.00536181324386367,0.014543248652741855,-0.006906830761251138,-0.0036735170067088633
2009-05-04,0.033453566435268645,0.06681329938896434,0.0032893917975917526,0.019250010410794313
2009-05-05,-0.0034171598853244877,-0.009043935947964354,-0.0012318407656297433,-0.004409520299832408
2009-05-06,0.01718664884000966,0.017050520407236442,-0.0023660907586715305,0.01451176722419934
2009-05-07,-0.013989609889855772,-0.025195443263461542,-0.024715594352929665,-0.0011174263342352655
2009-05-08,0.023064494943359066,0.03282167131845122,0.002425958372479588,0.006019424017208001
2009-05-11,-0.018890687313400337,-0.023704108570122256,0.014118440774203576,-0.0032281533701712588
2009-05-12,-0.0029639124574806232,0.007106127537273961,0.0036283123236452385,0.011198016123960024
2009-05-13,-0.025495037223205164,-0.03738108298781084,0.01080609460671608,0.004290665079152016
2009-05-14,0.00853359472523989,0.014264495872011779,0.003882893450927853,-0.0006588794462207963
2009-05-15,-0.008195725339432691,-0.009265579168967966,-0.00030609832097686963,0.005696195347549881
2009-05-18,0.028010949224033233,0.05403235093292913,-0.015625132862918993,-0.013083606100380167
2009-05-19,-0.0012059905156270594,0.011274861365715334,-0.005297951381148878,0.006618141022648309
2009-05-20,-0.006717037097953103,0.0031093214645882728,0.010464476046015673,0.014082443543520349
2009-05-21,-0.014467430063230967,-0.01880357124007786,-0.0254710094066513,0.017195463853182144
2009-05-22,-0.002131808847918967,0.004419388409774261,-0.011163072307170287,0.0031915245362349074
2009-05-26,0.025289866120383135,0.011897431634262974,-0.015190413754825606,-0.004150922697323314
2009-05-27,-0.01801455104216712,-0.011582611454645158,-0.017853598104400965,-0.00331184736774341
2009-05-28,0.013843834178094037,0.03038996757657549,0.01437344688145113,0.00841819599030902
2009-05-29,0.01755224611701279,0.015156572792279744,0.025488901536822907,0.020584628713310075
2009-06-01,0.0239204124990587,0.04125494603206893,-0.030009502136211483,-0.004897561923661561
2009-06-02,0.0008437843137756492,-0.014539616285743009,0.005365101232161774,0.006559420055802069
2009-06-03,-0.01273246900166677,-0.036085385634949015,0.009347630140700489,-0.02044414554689964
2009-06-04,0.009352722746730302,0.018354863294652347,-0.020878886260723768,0.01909415571894292
2009-06-05,0.00021201419314476077,0.002084771123159492,-0.007651153674746613,-0.02653629688685098
2009-06-08,-0.004133440591922347,-0.015592684592898549,-0.002563542627784469,-0.0016019817445124753
2009-06-09,0.0050849237327764835,0.0018117311052602988,-0.0001117144464758219,0.0028817381951294313
2009-06-10,-0.002539449274784018,0.012589735122868078,-0.015861456135072484,0.00031966305250262516
2009-06-11,0.004439266917459864,0.021221349068591508,0.011051323414661236,-0.0017061601941360273
2009-06-12,0.002738284696307939,-0.016169836871251914,0.008931711502393323,-0.016463478535408964
2009-06-15,-0.023195122575530844,-0.036521259344786894,0.008962153835344258,-0.011676890623094857
2009-06-16,-0.013655510111435091,-0.015177889362182673,0.017255223596252107,0.009069633678898644
2009-06-17,-0.000983212857579969,-0.01129955235081065,-0.005645781860012174,0.0045582689271499
2009-06-18,0.007292121145229788,-0.002844735467764329,-0.015251947355357068,-0.008045247432850396
2009-06-19,0.0036790402588814178,0.005052203615313489,0.013616428246321878,0.003160603275712481
2009-06-22,-0.03044550931706459,-0.036892927850507726,0.009660490348394238,-0.01490929384566157
2009-06-23,0.0007839889522138253,0.006469311438194334,0.011704978849100595,0.004188226725490046
2009-06-24,0.00858058281336904,0.02169448426021497,-0.010085442256951732,0.0058123626209368685
2009-06-25,0.021515397516922833,0.02935336154323439,0.018165550177693963,0.00936011008805884
2009-06-26,-0.002609707798724842,0.0052738674897166325,0.0016934669776562912,-0.00021664835655369304
2009-06-29,0.009320200339265821,0.007398459528515532,0.0014789532059920174,-0.002712528083375162
2009-06-30,-0.008122982077885869,-0.010187002472460774,-0.0016904299125610743,-0.009387696981969475
2009-07-01,0.004124070305142098,0.018140221300324902,-0.0019854304226942505,0.013183162944147444
2009-07-02,-0.02767276871119584,-0.027805284869195205,0.0023356498688542364,-0.012415748613801528
2009-07-06,-0.00011125625412123975,-0.0021952910535030573,-0.0019107680787373567,-0.005384309013824143
2009-07-07,-0.019566244338435426,-0.023829724175767075,0.006670551250578352,-0.0005510889148283001
2009-07-08,-0.0006819334363547712,-0.01164284083866235,0.01830246813771238,-0.01600214694695305
2009-07-09,0.0019299257465959158,0.017734120306987147,-0.011989681760671403,0.0026849271616822263
2009-07-10,-0.0023847674920499536,-0.011895886811437826,0.009186615050152697,0.000781726470917072
2009-07-13,0.02403842117433014,0.007089908899922246,-0.0056268663292458375,0.006786482027611023
2009-07-14,0.005644218361175307,0.010859346540364787,-0.016755338057724205,0.00685080156975785
2009-07-15,0.02882702990971217,0.05229334981231454,-0.02605357297664238,0.01562446798435957
2009-07-16,-0.0016099696223771092,0.0018072060075011466,0.010740149505743351,-0.0028226541932032975
2009-07-17,0.010895380768987148,0.010180054457481116,-0.015551438592539811,-0.0005437774128025601
2009-07-20,0.0105673734181493,0.03512214434897451,0.005246948999099047,0.014578288320425086
2009-07-21,0.004614922639051908,-0.0028803562115883165,0.019755724556376322,-0.0016093724740910249
2009-07-22,-0.00020975862744297943,-0.002310132527619469,-0.00901982217886158,0.003323208166328789
2009-07-23,0.021842301880883354,0.027937779467636696,-0.018506629174992177,-0.0019282309216242279
2009-07-24,0.004087633441801758,-0.00479053811576103,0.004822183342841923,0.0016071308030831514
2009-07-27,0.0029529768057904335,0.008718915732420854,-0.01154834340827586,0.003206452276499924
2009-07-28,-0.00468819299010677,-0.004490444781242803,0.008811022812952696,-0.0172213757394612
2009-07-29,-0.002454624701029345,-0.02276077166236914,0.005467715856444324,-0.009928658008449049
2009-07-30,0.01039144962599636,0.024447166321386982,0.014077183680573107,0.004594754818541675
2009-07-31,0.0014178929122928884,0.004762429168398093,0.019275919726566903,0.018706235205377633
2009-08-03,0.016361449456286047,0.03676696139462308,-0.015270270745966484,0.005555021966375179
2009-08-04,0.002585287086249317,-0.009201614681344865,-0.007984346246160687,0.00859191226069412
2009-08-05,-0.002884169919019937,-0.008464483937570101,-0.015061439082464382,0.001055615791092795
2009-08-06,-0.005192061559728799,-0.008259850013573076,0.0034038942122303034,-0.0019009437320754224
2009-08-07,0.013029402178796076,0.009903812622741766,-0.008364039569853411,-0.009025795077514111
2009-08-10,-0.0020778052703820556,-0.011287324021377124,0.012410036194068684,-0.008785139997340487
2009-08-11,-0.01255480742863557,-0.01900553084255689,0.011503585925317427,-0.0015076396214322287
2009-08-12,0.010671959046424154,0.008988581116552203,-0.010739375589944332,0.0017227961034532154
2009-08-13,0.007610111237480551,0.017189697856499913,0.014078258421233121,0.008249945329395655
2009-08-14,-0.007709543457106823,-0.01830885248952173,0.003864117234548046,-0.007712133511340266
2009-08-17,-0.024912893232693575,-0.03998213892957605,0.014674969775146,-0.015059050463639348
2009-08-18,0.007902424842602153,0.021618007828471203,-0.005823344277907148,0.0049000691797493594
2009-08-19,0.00874189738849844,0.0025627817561396336,0.008247515356247109,0.0050923911990607956
2009-08-20,0.010250851603430318,0.017200115957084375,0.008180833331312552,-0.002813877859599588
2009-08-21,0.019415994976144938,0.014983962436295522,-0.020791472736418695,0.014845419974691357
2009-08-24,-9.653637980968733e-05,0.0043967367228203635,0.01796808192917568,-0.014087067763647543
2009-08-25,0.0019408412014030342,-0.002196063511669359,0.00563915803296977,0.0045381579971108974
2009-08-26,9.654888658522758e-05,-0.0030274089679395125,0.004573182068517614,0.00032334981476544154
2009-08-27,0.002227021044142818,-0.0019313634805943876,-0.003947150505883459,0.004301560763973328
2009-08-28,-0.00019317565949138565,-0.0052608530114788095,0.004569225519863924,0.007270429612602234
2009-08-31,-0.008939631429999904,-0.019908160236963172,0.0009320640123201029,-0.005019514036492951
2009-09-01,-0.022304254845086854,-0.01915712089131023,-0.002423242875502048,0.005339040892428647
2009-09-02,-0.0037992286374785088,0.010624603291488944,0.014469092357884206,0.024095025081346855
2009-09-03,0.00828052957540276,0.019797124986585174,-0.006175367055836815,0.013116600475876481
2009-09-04,0.013911402666483944,0.019138098840985045,-0.017181711944176094,0.000717982446260517
2009-09-08,0.008585445609245929,0.020395057664589183,-0.007062201567524306,-0.0010258358982360054
2009-09-09,0.007645453405719699,0.005369093505099407,-0.0011644343614806009,-0.003598774849809519
2009-09-10,0.010166697626791158,0.013033744804343267,0.01825930895141661,0.006366128093033135
2009-09-11,-0.00019090798332537114,0.0005284899721890601,0.00549569739865925,0.010993614941952026
2009-09-14,0.004855435163524799,-0.0037047345990856976,-0.00997689186019928,-0.008335920016645862
2009-09-15,0.004171221847073423,0.011859218176030483,-0.0051303853991731705,0.009550031319132289
2009-09-16,0.015020928631140788,0.024840011656919497,0.0017818588862541097,0.010160563341840068
2009-09-17,-0.0014920378445604468,-0.005381488905292383,0.012497560187190416,-0.0057215445842040275
2009-09-18,0.0006372747304961809,0.002822414027383136,-0.008940216126461389,-0.0067673425030896645
2009-09-21,-0.00253295244136539,-0.00874955288612131,0.0022947688758311203,-0.003146706758441258
2009-09-22,0.005807562984029957,0.015134382588909244,0.0020809400081412363,0.013230487054918885
2009-09-23,-0.008347430313136303,-0.01513438258890924,0.003010980550362336,-0.008463489692784069
2009-09-24,-0.01107998239620274,-0.019838955479315547,0.0028987784807313604,-0.013036122562252067
2009-09-25,-0.005347008801942648,0.004209631020513657,0.012632472549391363,-0.00565411984977392
2009-09-28,0.017744786104067073,0.012782282331091653,0.008739230658351235,0.000515362556847874
2009-09-29,-0.0030143405960492823,0.0023301024410575986,-0.0009110638753881402,0.0039078335092760045
2009-09-30,-0.0038749438075570573,0.006186891333313194,-0.0009118946697374096,0.014469359610812447
2009-10-01,-0.025126662024352084,-0.027620064942147027,0.013602896355242302,-0.00975914114205605
2009-10-02,-0.004672033221041475,0.0002642458256528194,-0.006945271398345047,0.00489151440733444
2009-10-05,0.014817389296317606,0.022977607671774744,0.00010181227425071317,0.014632653538604653
2009-10-06,0.014222856434422972,0.01638517584279839,-0.009947432836646461,0.02434557750386831
2009-10-07,0.002744939113915138,-0.0010158112398525368,0.011661879147583504,0.0007818787663110404
2009-10-08,0.0076267537209102594,0.01212732258199901,-0.010539355255864885,0.012427332550376955
2009-10-09,0.006078664352765244,0.0007528588318683426,-0.023191257693419686,-0.007749003016846714
2009-10-12,0.003907936965089002,0.008246880082059087,0.0015623556631363545,0.006976784520624898
2009-10-13,-0.002045355127271334,0.0017407002385389158,0.005192544803681363,0.006736668520876528
2009-10-14,0.017069525886823818,0.031787802340862065,-0.014922246405105222,-0.0007676245830555696
2009-10-15,0.003652592003422195,-0.005550922623908841,-0.004636823312408731,-0.01275132896577922
2009-10-16,-0.007502142005806445,-0.01389065117482375,0.00810064592750517,0.0031061924936279916
2009-10-19,0.008230726012663557,0.01895970385259364,0.007826572300433886,0.010124989184004255
2009-10-20,-0.00529627161802218,-0.013331883726603128,0.005391340173710208,-0.0078016786951705126
2009-10-21,-0.009014389116820003,-0.00538284209957303,-0.006014795462054984,0.0031858098477671078
2009-10-22,0.010112159606730635,0.008306980355015554,-0.004900852601163381,0.001637195631687369
2009-10-23,-0.011498969685288001,-0.008306980355015457,-0.007554741792982514,-0.004146385704315989
2009-10-26,-0.01088461327223206,-0.012591206568546972,-0.013038156763545802,-0.015875641589657388
2009-10-27,-0.0045937680633009155,-0.01754391810658089,0.01356455619029834,-9.819975733603636e-05
2009-10-28,-0.019067887455921095,-0.04684516455422575,0.004726077955304185,-0.011057424410540882
2009-10-29,0.021227223358321765,0.043298674541609176,-0.010956094432944215,0.019271061704086094
2009-10-30,-0.029401693406558224,-0.047813786147216986,0.01440763613654608,-0.0015593382085453942
2009-11-02,0.007312225997445563,0.014795843127946493,-0.00443001552214244,0.01375455816989644
2009-11-03,0.003158129326308757,0.0015720228756136068,-0.010045189997971795,0.023859334198798456
2009-11-04,0.0025767569541710845,0.018420786166027214,-0.009181367570676075,0.005993644061587079
2009-11-05,0.018227902025153866,0.020356964232570718,0.0,-0.001121030724287651
2009-11-06,0.0026170737484469096,-0.0012600748980545963,0.0009644895782781737,0.004197543036965226
2009-11-09,0.02252067549454458,0.03615999519370916,0.0011783317366728067,0.0070494877462507185
2009-11-10,0.00018242853973878825,-0.004632542553588772,-0.0018212214177680936,0.001846864931193741
2009-11-11,0.005096953811151698,0.008517044127926098,0.004173529343908374,0.011101532395072736
2009-11-12,-0.010220113734411364,-0.022544239683235857,-0.0018172033871480316,-0.012763585468758788
2009-11-13,0.005396927385653994,0.016955813108941772,0.0045892734894453025,0.014040137041637483
2009-11-16,0.014400049174143907,0.024787574314789947,0.011642869787540047,0.01707589425776357
2009-11-17,0.0011688288072620422,-0.003571778080109573,0.005353636656190949,0.0030411827518562703
2009-11-18,-0.0006292492027020831,-0.00790327851174815,-0.005879340838802067,0.0024975374482029953
2009-11-19,-0.013117203120229246,-0.018687401006336774,0.0017884543518843865,0.0004453622970806544
2009-11-20,-0.003557397266259308,-0.004173719966240279,-0.00021060801949008583,0.005682836942088943
2009-11-23,0.012621887580944515,0.02069466022856219,-0.0012619735601386239,0.011882360058537005
2009-11-24,0.0015332267937382081,-0.005557630404623319,0.006295685902895158,0.0038424851504036766
2009-11-25,0.003507668285905909,0.011563845815909923,0.004592781020592125,0.016339238275087858
2009-11-27,-0.01638400705493682,-0.039575267906496056,0.003740988309453352,-0.013467099128963782
2009-11-30,0.003370857977517656,0.009671266494686217,0.002383323274460239,0.005028201653515722
2009-12-01,0.01229460141137072,0.028225829279215336,-0.011201960131971797,0.014934599861011129
2009-12-02,-0.0004492163985721311,0.004070140980370667,0.0008384749729524639,0.015218446148337
2009-12-03,-0.007851127680566242,-0.009362404761421063,-0.010439040805181682,-0.004035681973678308
2009-12-04,0.005691687648019351,0.00912348458633461,-0.010655480491203975,-0.04259621807472385
2009-12-07,-0.0015325799555574672,-0.008641258120012771,0.0012842857309017582,-0.005642255891681633
2009-12-08,-0.011159492724344416,-0.018737625991192934,0.0014971528095630634,-0.019281180066479105
2009-12-09,0.0037334677417309708,0.0061223469099072145,-0.004605040378191215,-0.0009919349177228208
2009-12-10,0.005619644990007021,0.0058421323112944346,-0.011550756158843652,-0.00018042626976952085
2009-12-11,0.004238947409087772,0.0036342154742453835,-0.0001088307802397943,-0.013627902417121703
2009-12-14,0.006816769922596983,0.006748659091397042,0.0011938101458224318,0.008380429619065604
2009-12-15,-0.0046589021265783575,-0.010382874565642505,-0.004456722756310367,-0.000272159491016775
2009-12-16,0.0015256581461829948,0.005808526492774915,-0.0011987417944713287,0.012443778983734818
2009-12-17,-0.012088837319083395,-0.029136860097105904,0.016335110058676636,-0.03883007474829872
2009-12-18,0.005641946460677433,0.00272914473879399,-0.004300854673503489,0.014887700748231638
2009-12-21,0.010110670153670042,-0.0012393895518703487,-0.017942346010346936,-0.018527626386022195
2009-12-22,0.0035868889911538026,0.010027924671204239,-0.0056109700588038176,-0.007319841214939189
2009-12-23,0.0019668495698437548,0.009854319241448818,0.00021979382365717152,0.0035728214071417724
2009-12-24,0.004722918562564764,0.010001315231299816,-0.01042292891996565,0.016844635663340383
2009-12-28,0.0021316087385107405,0.003392416057301546,-0.0027909396134408603,0.0017519015886225233
2009-12-29,-0.0014205071186624647,-0.0035875363687523525,0.0065748236724499426,-0.009999174226535323
2009-12-30,-0.0003554422913263202,0.00436149197797383,0.006553461745247983,-0.005037332589067185
2009-12-31,-0.009644188100294026,0.0033792406321680314,-0.004771542995547519,0.0035474015655265327
2010-01-04,0.016817137407782838,0.0287394748752721,-0.0008908021322337066,0.022938737681147854
2010-01-05,0.002643512179074805,0.00723215984965878,0.006437432282211105,-0.0009112174071558337
2010-01-06,0.0007037280608084904,0.002090158760554006,-0.013477049234703945,0.016364952672508887
2010-01-07,0.004212714438397651,-0.005816108269483232,0.0016809668526589607,-0.006207031449163178
2010-01-08,0.00332207249456092,0.007901658860540232,-0.00044874840610575813,0.00495075538137829
2010-01-11,0.001395692258083915,-0.002085550591057087,-0.005502960256142095,0.013201473675458084
2010-01-12,-0.009369611993345538,-0.016134983219666017,0.016972703889863123,-0.02113448995131151
2010-01-13,0.008410188335037904,0.0030596199488453005,-0.011693470040404025,0.009458279378539308
2010-01-14,0.002700927056703628,-0.0025884843039889224,0.013905587895556511,0.004383402504944763
2010-01-15,-0.011287504451555233,-0.011613222519071516,0.006167280049530378,-0.010498532177150062
2010-01-19,0.012418229676989773,0.020060002731789726,-0.0028590979556152424,0.005935767413319545
2010-01-20,-0.010220881832081695,-0.024359572265949102,0.010079347872123124,-0.023406622544498178
2010-01-21,-0.0194165181927555,-0.030629716822965725,0.004567721133028638,-0.01451645533950801
2010-01-22,-0.02254344739059074,-0.022467325099881984,-0.0017375231128826396,-0.0018644973871885428
2010-01-25,0.005114633829817276,0.007294950543457042,-0.00457548130005363,0.002888473341000015
2010-01-26,-0.0041996788445964805,-0.021021262921322715,0.000326906316053644,0.0007439937221865503
2010-01-27,0.004745914775446594,-0.0025631269595479027,-0.000545373407958082,-0.009622184538243794
2010-01-28,-0.011538404953318355,-0.006952391339246769,-0.0005467462453673807,-0.0004694185510533905
2010-01-29,-0.01092860197558973,-0.010912033342278032,0.008704208511923191,-0.004895549849721357
2010-02-01,0.015431478660118016,0.02655114174425947,-0.009118262978099343,0.022305058135940522
2010-02-02,0.012030560718609496,0.008107543729878992,0.0028479950740500914,0.007173093057516182
2010-02-03,-0.004995032449819597,-0.005820617696631901,-0.011663823535744175,-0.003948040904900219
2010-02-04,-0.03135264806486506,-0.04623006511550213,0.015703355613751066,-0.0406494619043355
2010-02-05,0.0020649789313110724,-0.011226776755426713,0.0021765054214261136,0.0029657764294868027
2010-02-08,-0.007245196318479727,-0.00999617962785987,0.0013031805791057802,-0.006132631197052165
2010-02-09,0.012481791827965003,0.03206265537084767,-0.010038980242884807,0.01308209362845793
2010-02-10,-0.0019601300660009595,-0.0026328180925374273,-0.009586790956404969,-0.002754962144308314
2010-02-11,0.010411730882664689,0.026022737577631443,-0.005440735336237038,0.018940443772260875
2010-02-12,-0.0008329209226046063,-0.012666739979320878,0.00411096163091516,-0.0008404197035730865
2010-02-16,0.015612370404090614,0.025428561444000877,0.0018826464290449766,0.023817259740401706
2010-02-17,0.0047276406740061235,0.0035440133312378917,-0.011463283803136801,-0.00338103069775341
2010-02-18,0.005877901919227007,0.0037837776856419893,-0.004038548165705392,0.006659727627096444
2010-02-19,0.0020715671328471845,-0.00859700313905006,0.005381114585621575,-0.004648011335301192
2010-02-22,0.0001798977358239399,0.001269212122169975,-0.00414524485943515,-0.003660675124824127
2010-02-23,-0.012219153438621852,-0.02334931282323863,0.015483103959194262,-0.010877691236587123
2010-02-24,0.009155469685712313,0.009559011270284598,0.0024286318385656645,-0.0049245049976189585
2010-02-25,-0.001354305928280405,-0.008261759861350592,0.005607287543575025,0.008809784398268496
2010-02-26,0.0006323113510872178,0.010060803111851662,0.005140660024186478,0.010287614912394953
2010-03-01,0.010331398584677616,0.016798325534463844,-0.000437690815540652,0.0
2010-03-02,0.0027665528154764032,0.011293720199174538,-0.0013140221620488788,0.01442525680569016
2010-03-03,0.0008907651521713951,0.0012469685082770793,-0.002525476947554006,0.0054794713974865225
2010-03-04,0.003022915490727161,-0.005247776018755985,0.005261928824763436,-0.007192294113451878
2010-03-05,0.014192055405439998,0.025724680092186022,-0.013205750507593157,-0.0001805113929827648
2010-03-08,0.0001751797124777949,0.0007323700332924631,-0.00522104051782669,-0.008428164684993255
2010-03-09,0.0016612085935926659,0.005596893002703492,0.00022303055492020252,-0.0014571590358533955
2010-03-10,0.004446038497235183,0.007012386436114385,-0.002563734321385654,-0.011458028889065516
2010-03-11,0.004166199006982655,0.00024114114391171666,0.003676647005528998,0.0011977451434267712
2010-03-12,8.681573277867258e-05,-0.003378683988429815,0.006209133658005798,-0.006003264758673447
2010-03-15,0.00025987224374707517,-0.007277969903371543,-0.0013285472462952546,0.0037908941588112085
2010-03-16,0.007934347569338496,0.012822375908239878,0.007937893923225666,0.018651124814839434
2010-03-17,0.005910066758402121,0.010759127705407576,0.004272367451420292,-0.007364051605517102
2010-03-18,-0.0005126632996245093,-0.007639227089317287,-0.0032853924173573473,0.006820378596121279
2010-03-19,-0.005075027108793397,-0.01302480742296863,0.0009871398059704219,-0.018846021182444456
2010-03-22,0.005332610993428407,0.003635232114969843,0.0010945585229296193,-0.004906724488664302
2010-03-23,0.007008079469644517,0.006990283093790014,-0.004717859741058123,0.005276077362753657
2010-03-24,-0.0048665280185165565,-0.015004851494138667,-0.018423856889253732,-0.018824492289792633
2010-03-25,-0.0016272790755416007,-0.0026861450718864113,-0.006405950164981904,0.004505317583276473
2010-03-26,-0.0006006779708203196,0.004878373795104774,0.0028153928010247564,0.016808656864527635
2010-03-29,0.006327626767199235,0.017844382630489652,-0.0038306929817688434,0.0014723814641710547
2010-03-30,0.0006817481309937179,0.0038169942718255753,0.0031549735546534978,-0.007198247903797274
2010-03-31,-0.0034128772269274234,0.0028530873708234065,0.006838983795976105,0.009035611315005328
2010-04-01,0.006814146328765555,0.02578084831550834,-0.002448241938525599,0.011952199156018703
2010-04-05,0.008116444673963576,0.008982725093938389,-0.01677769551290342,0.005697480924987118
2010-04-06,0.00235508596873154,0.0029771770281369313,0.0015988843059854447,0.0012617106108131124
2010-04-07,-0.005729157340640922,-0.008725855251576266,0.012703572253326101,0.013063885742510774
2010-04-08,0.0034584634287260123,0.0034533067959406313,0.0004503311161812001,0.001421370609229975
2010-04-09,0.006545784214547225,0.006185997299823478,0.002363122760892978,0.008749871191504223
2010-04-12,0.0015878366316575984,-0.008026503370916318,0.00526783166197557,-0.00555922233998455
2010-04-13,0.000751365567813452,-0.0020744329707763336,0.0032361677708314484,-0.0028356216460236707
2010-04-14,0.011285630530167201,0.014659124027568273,-0.007044912449601007,0.003012551773767293
2010-04-15,0.0008249338014351448,-0.005471636530063452,0.0011215731840361468,0.005470304321850955
2010-04-16,-0.01604038363019063,-0.029700950962836748,0.007259892607088786,-0.021433553562709227
2010-04-19,0.0037626907680540574,-0.004011693030031797,-0.002450684281541804,-0.0008093560236553409
2010-04-20,0.00889129063176156,0.011753497047542584,0.003563578052244118,0.0027851197891251185
2010-04-21,-0.0018215985826863382,-0.0032767585398854266,0.00819134698173195,0.007597109309406448
2010-04-22,0.002979476688031416,0.004211230322750729,-0.0029808867258461816,-0.004193637495525288
2010-04-23,0.006506260524820924,0.005355475127877785,-0.003545228214778305,0.011998598472109824
2010-04-26,-0.0037835544529370812,0.0,0.0011101453401263736,-0.0038948658306392175
2010-04-27,-0.023934598825089054,-0.03641902717306288,0.013979747510581727,0.016536547783718297
2010-04-28,0.007567621637062743,0.008394192217966284,-0.008563777910083495,-0.002795491486585349
2010-04-29,0.012321220444157116,0.016345592941338024,0.004181676889644864,-0.00026246799903482677
2010-04-30,-0.017107419106538693,-0.012055630587934357,0.011462278680848407,0.00940611214659533
2010-05-03,0.01287842720211534,0.0054547991301090145,-0.001307700789879613,0.003202242039102839
2010-05-04,-0.023795640785418192,-0.04697036120707469,0.017834563968062576,-0.007458842798920333
2010-05-05,-0.005974185809893306,-0.018262316854195344,0.005875662271605323,0.0019133210932084476
2010-05-06,-0.033777412329491115,-0.0417584296850043,0.030419006244220562,0.029114151638993547
2010-05-07,-0.014986860903849542,0.005250650142579335,-0.012579069333669,-0.0018584329204847005
2010-05-10,0.04309859299059949,0.06953364443257333,-0.02093309654849935,-0.005936219595425441
2010-05-11,-0.00284496707601179,-0.018240328961122203,-0.0025679090406454832,0.025942805079309364
2010-05-12,0.013889035373678955,0.012361263491706432,-0.00763355167911809,0.006114187831152085
2010-05-13,-0.01250848208161447,-0.009380549710685195,0.0065621389062810245,-0.006943357126726535
2010-05-14,-0.01827126341788001,-0.020800270051689825,0.017221223327272345,-0.0015771788582184835
2010-05-17,0.0005271743612637746,-0.0060960021001392195,-0.0036959944415774076,-0.008426213640485862
2010-05-18,-0.013696119238446776,-0.021113013601505238,0.015223149417320222,0.001088526414774818
2010-05-19,-0.00571039026772626,-0.009674616586551787,0.0033280558644019445,-0.024226160830335432
2010-05-20,-0.038490423928320805,-0.05093389396896315,0.020861115597854807,-0.006796610129532807
2010-05-21,0.014493474689262742,0.03183511744750041,0.0010170606027723609,-0.005366542125113491
2010-05-24,-0.012914084944652678,-0.010499232634033339,-0.003460676656860245,0.013962091277818433
2010-05-25,0.0010203368090626053,-0.010884431785433015,0.0048818291598515685,0.004440692858806834
2010-05-26,-0.006046253607618144,-0.0005475202369992092,-0.0028450680024612422,0.009413635235164157
2010-05-27,0.032949229895038935,0.058738893850191466,-0.02294989501699039,0.0018552983674487234
2010-05-28,-0.012629198814376795,-0.016658599548522418,0.00457115857381221,0.0015994852276123958
2010-06-01,-0.016966331490416247,-0.01854331759053972,0.007004387572792827,0.00862693406619541
2010-06-02,0.025705831830077415,0.0344273228491722,-0.009544679426052464,-0.0010847752867185415
2010-06-03,0.003438331720841792,-0.003623168586438109,-0.007324385197625162,-0.01531114045936818
2010-06-04,-0.035769014417532226,-0.03616615527845696,0.026527188332471675,0.01037330279219341
2010-06-07,-0.012529195651720176,-0.01571444474813768,0.007639873986761504,0.019113058305128095
2010-06-08,0.01065494673047094,0.022679161839223985,-0.004984092088154507,-0.004041391686318541
2010-06-09,-0.005360440756951532,-0.005353463141780504,-0.0011222788809207513,-0.003643011529050801
2010-06-10,0.02881237711435724,0.03429551603604,-0.018030045197864338,-0.01327616331865957
2010-06-11,0.004844148550660929,0.005172957329551183,0.012602793914111907,0.008703719694756393
2010-06-14,-0.0015515558997794164,0.00025839328265857357,-0.00514539924550008,-0.003422261685440584
2010-06-15,0.02248342699123524,0.029731456082671533,-0.004135892786245235,0.011555051138783462
2010-06-16,-0.0003572056760500921,0.0,0.005682437586538285,-0.005469896230116363
2010-06-17,0.0016062858482102742,-0.005020280357388327,0.008106372623802384,0.01296306533767651
2010-06-18,0.0010837178934260362,0.004519512693637063,-0.0016363820593265571,0.00760025145353973
2010-06-21,-0.002868155497469227,0.017136368243715755,-0.0028711361192688208,-0.020064832581080997
2010-06-22,-0.016653700446272564,-0.019393739808100784,0.011839107818557152,0.008766162443343445
2010-06-23,-0.0031075971692069446,0.002574732767487479,0.006773438044768836,-0.004125418496021565
2010-06-24,-0.01670971855359364,-0.017803209949407508,-0.005962554023711351,0.002889629284295153
2010-06-25,0.004180817817348627,0.011734823576172374,0.004046722169507101,0.011964406044451084
2010-06-28,-0.00315674236493138,-0.0068711332491378065,0.009344872131615499,-0.01369720662981477
2010-06-29,-0.0313621284389537,-0.041449795386574936,0.010843219914687324,0.0014853964638133306
2010-06-30,-0.009545623898564132,-0.006676911496774969,0.0067053647583053995,0.0033752134718408188
2010-07-01,-0.004466546044654065,0.007208757603439076,0.001575943982531442,-0.03887888592484208
2010-07-02,-0.00546444489139916,0.004248006768080484,-0.00800421515773281,0.012312786265651068
2010-07-06,0.00653454268342621,0.018373172220114798,0.008201700757493489,-0.0168514262328477
2010-07-07,0.031010348490040418,0.02186562635713137,-0.011778778726519258,0.010416771036920415
2010-07-08,0.009846283671154801,0.0048228802797816404,-0.0063929955037880576,-0.004426705679849722
2010-07-09,0.00743736988402963,0.012081427534456356,-0.005728764552353946,0.009763642764658647
2010-07-12,0.0006491082009368117,-0.00803793336404569,-0.0004035339373309182,-0.008655160400420137
2010-07-13,0.014975483998308215,0.011534592815450037,-0.008607215933063222,0.008655160400420107
2010-07-14,-9.115476643200795e-05,-0.001996850645816887,0.010017083030686972,-0.0005070359076372465
2010-07-15,0.0002737158183359276,-0.004757533525130705,0.009918576459499583,-0.0005918885128414277
2010-07-16,-0.02792109076620235,-0.030324656245748934,0.004873529391710719,-0.013282487126809137
2010-07-19,0.0058891895843655034,0.013109217085638407,-0.006169976457041083,-0.008089500274875386
2010-07-20,0.011030368622555908,0.023221696058141998,0.0014967123484212457,0.007918090681685528
2010-07-21,-0.013082931899212003,-0.010282176435769138,0.016801959015318023,-0.0068817738410447155
2010-07-22,0.022076396463200115,0.029800957009552646,-0.011633049544098994,0.00868040464199568
2010-07-23,0.008641379018347104,0.00682760137434507,-0.010666230838155457,-0.0066109215447102
2010-07-26,0.010362005656117336,0.006781236817117395,-0.0017056738554918004,-0.0049220747193229565
2010-07-27,-8.960222371713819e-05,-0.001691002968826166,-0.009683463486264405,-0.01755268849818397
2010-07-28,-0.006475377913397205,-0.005576316533136658,0.0032375408268305603,0.002375791006871298
2010-07-29,-0.004884268410551262,0.0017004508415927643,-0.00030253213782138576,0.004472337326195603
2010-07-30,-0.0001811846484097954,0.004842650424971007,0.015445625708317593,0.01044484170982206
2010-08-02,0.02232948969811917,0.02551697843574629,-0.014138172427730663,0.0004328706471263803
2010-08-03,-0.0048003788795985694,-0.004720418519697567,0.005755650859450242,0.0038871637993980568
2010-08-04,0.006661350162488966,0.00141869973357891,-0.007682033346503978,0.006273952596501684
2010-08-05,-0.0010633079112350942,-0.004498891326703754,0.004656953116363158,0.0022250940386060744
2010-08-06,-0.0040842567842328086,-0.001424721069066798,0.010847247483390374,0.007324732365886041
2010-08-09,0.0053240615816238365,0.00521467170181559,-0.003702163047629492,-0.003740820686149912
2010-08-10,-0.005412912124547423,-0.013806592563173492,0.0021029385977232988,0.002806975212677366
2010-08-11,-0.02778987993505416,-0.03239834628358926,0.013319196351489879,-0.003318223315611171
2010-08-12,-0.006148939097385423,0.0017314466076256657,-0.002472332420118889,0.012113149233667235
2010-08-13,-0.0029497534998882734,0.005422965653038121,0.012395649751876391,-0.000252610670289372
2010-08-16,-0.00046200689520067427,0.009297564251314028,0.024718162944133548,0.008303024914577904
2010-08-17,0.012210646776364702,0.010418240620277719,-0.0057381483931799575,0.0001670005247416709
2010-08-18,0.0018229749864764205,-0.000723234707291253,0.0026818009998715144,0.003917171473901901
2010-08-19,-0.017549806101412397,-0.007748263301430096,0.015472792116394676,0.0014130601122222405
2010-08-20,-0.003249120165843271,-0.0029208219350196295,-0.0011306577678230768,-0.0034947461752424026
2010-08-23,-0.0038205579546643723,-0.00906145355705741,0.00018792766981000033,-0.00158500505680003
2010-08-24,-0.014954467046007931,-0.012874390473750998,0.015901765400552426,0.004830540187787872
2010-08-25,0.0038778194328568734,-0.006500190649187979,-0.003252588792803831,0.00827408323664724
2010-08-26,-0.006724936927644768,-0.006290053146102505,0.00935918156898191,-0.0033014352071624076
2010-08-27,0.015371107411176832,0.021720872528059185,-0.028724147643838124,0.00041329960092031443
2010-08-30,-0.014611012754946768,-0.016685655419207204,0.01899234654690387,-0.0008267069892494204
2010-08-31,0.0,0.006008664344162123,0.011021805525643448,0.00963008506090663
2010-09-01,0.02947326194443102,0.03459236367340449,-0.020893087151394065,-0.003199735123742887
2010-09-02,0.009268800947787967,0.0016863926608249968,-0.010621916792373683,0.004918433276591497
2010-09-03,0.012888168825345731,0.011726481824510637,-0.01247243731198045,-0.0035224308588275117
2010-09-07,-0.011336292429290228,-0.01461933136577493,0.020259477785043428,0.006869477016185955
2010-09-08,0.006998374280238644,0.010805685965681633,-0.007978346357878608,8.151368239033065e-05
2010-09-09,0.004608391468070259,0.005715946083700824,-0.019937991179349086,-0.00941589256292237
2010-09-10,0.005036390178421261,0.003555504185940401,-0.004583106849713038,0.0013975570337529687
2010-09-13,0.011061549158676824,0.023618574798521804,0.00487495596055245,-0.0009040527231121419
2010-09-14,-0.0006211949654974082,-0.0004623233237310001,0.00958216161831036,0.019541363578779912
2010-09-15,0.0038096137000820634,0.0013860214175735546,-0.014945372368102628,-0.0006452186217994567
2010-09-16,-0.00026530616961171024,-0.005092384846750698,-0.009924665196155428,0.0055517285681441755
2010-09-17,0.00037362524446543806,-0.001625743629977545,0.004040575516423625,-0.0007223690048194798
2010-09-20,0.01517423328212913,0.01568312221714574,0.005785824470520374,0.0026462613270077863
2010-09-21,-0.0020154331821032826,-0.002979369240859453,0.013791571635092965,0.009088067711881243
2010-09-22,-0.004925149671180775,0.0006884667535550707,0.00892912929136258,0.0015066400907301708
2010-09-23,-0.00814482324430806,-0.006443253821288,0.0028639144364845676,0.0007921275940184022
2010-09-24,0.02041242433784827,0.01829887492808361,-0.013530867951953554,0.003083123365456964
2010-09-27,-0.004802107842462247,-0.0018145899141677037,0.017241202096699146,0.00023676081451782575
2010-09-28,0.003494862855853796,0.007239588091547315,0.006814687893194749,0.00887775210309078
2010-09-29,-0.001745597294965384,0.003375649325224213,-0.004159514581485821,0.0007818489523424245
2010-09-30,-0.002974367923705249,0.005824719533213629,-0.000663075928214884,-0.0003126185129611772
2010-10-01,0.004196448016540471,0.014634190636264538,-0.004844135501751918,0.0077875946216159906
2010-10-04,-0.007531634478122879,-0.003086144805003407,0.002578099985153212,-0.0034968907693697037
2010-10-05,0.019931876966795468,0.017943739131625287,-0.006025671393836504,0.019503402251400258
2010-10-06,-8.611722725876124e-05,-0.0004340152329739945,0.012488340814233572,0.0062404468569036255
2010-10-07,-0.0012074614740000052,-0.008935459190631592,-0.008372536814769344,-0.010984948981022643
2010-10-08,0.0055927721412346405,0.011968463988299219,-0.004403037732822039,0.009846345633438466
2010-10-11,0.0009441194137118972,-0.0006491721206751702,0.0001917654326532249,0.004773561868528394
2010-10-12,0.003081019257135554,-0.004121316149198742,-0.00992966130751476,-0.002497534484728762
2010-10-13,0.007746868654732585,0.018305967398243014,-0.0015517592714117303,0.015863209004852077
2010-10-14,-0.003908596317393329,-0.0017089087669634711,-0.015056719242585559,0.005059103545827353
2010-10-15,0.0020412812581720808,-0.0012832583789437412,-0.01229078094565231,-0.007972380291158545
2010-10-18,0.00491554383435713,0.000428278066847305,0.008045352963845545,0.004478333523156747
2010-10-19,-0.013191045955004125,-0.03217696901751579,0.006016580350098576,-0.03154691181467764
2010-10-20,0.009718853650070466,0.01578272927611237,0.0021610627856683247,0.009256897200788577
2010-10-21,0.002203382007570165,0.0,-0.011944414162766079,-0.014187944908196784
2010-10-22,0.0018610338335934029,0.0010870470925579995,0.006730268800423234,0.0020061311504169905
2010-10-25,0.0029521417073013812,0.010803562613744907,0.0028566252854349914,0.008596340971850403
2010-10-26,0.00016869215855206996,-0.0008595760905788678,-0.015563379208016283,0.0002292345407023127
2010-10-27,-0.002867737682857385,-0.01713928809280339,-0.00882926572471673,-0.01044556780572793
2010-10-28,0.00016897822980736467,0.006325572925997809,0.0027163414904306524,0.01319240759250659
2010-10-29,0.0007597943556800855,0.002822816174769363,0.009304811478423889,0.010460109173882851
2010-11-01,0.0003376990646543833,0.010997617807492293,-0.004314884269353625,-0.005292194751345636
2010-11-02,0.007899025509737284,0.012361631538054819,0.013058601755452814,0.00431154796969714
2010-11-03,0.004009505396567045,0.006123755778348919,-0.020611601037293002,-0.006968127295408858
2010-11-04,0.019075290328973336,0.022482553122377017,0.007753776130802101,0.03333635562596672
2010-11-05,0.003754773583713398,-0.0018545343855570968,-0.017301062217853217,0.00256970222394171
2010-11-08,-0.0018752962165333761,-0.004133223638155299,0.004479307217162472,0.010213058409749015
2010-11-09,-0.0072104660583820574,-0.012712742433021422,-0.022293872390791274,-0.01602260183973123
2010-11-10,0.004021095993258769,0.007314417379496788,0.0013480204329556508,0.012095658550698336
2010-11-11,-0.003774370385885659,-0.009833934206986285,-0.0005174422371579684,0.0030556455565671583
2010-11-12,-0.011908773959542568,-0.024477048071792663,-0.005412837740008447,-0.029263198316056956
2010-11-15,-0.0014157719467254575,-0.0004313241125039774,-0.0210957778029944,-0.009545029587657348
2010-11-16,-0.015701535855656628,-0.02665062220619034,0.024534594093645286,-0.011010377007280064
2010-11-17,0.000507792455980444,0.005079129268339379,-0.005528311999286478,-0.004514997714772795
2010-11-18,0.014610816505473514,0.023509783393786537,0.004070372363457542,0.013030179764404218
2010-11-19,0.002747203090150585,0.0006451481785002545,0.00612697058869132,0.0008324236217627286
2010-11-22,-0.0008319754955592128,-0.003014373856755576,0.0042358113372952646,0.009635717541740217
2010-11-23,-0.014582825154061967,-0.03221486618341168,0.004936445519730714,0.006943235453942185
2010-11-24,0.014666296400398935,0.022898287313150564,-0.01801150569613808,-0.001712729779152155
2010-11-26,-0.011715710916375759,-0.025128132721071023,0.013796290352810948,-0.008006268905469849
2010-11-29,0.003025767445104801,0.007782447711654671,0.008514318122006035,0.003000481613543358
2010-11-30,-0.005638539785289531,-0.008229156982668746,0.005195155572037135,0.014204706278409088
2010-12-01,0.02104460503170374,0.02818320555517657,-0.022479170087648933,-0.00029537138827830117
2010-12-02,0.012727282659247297,0.019564910483404273,-0.0026108687251996956,-0.0013305341112288544
2010-12-03,0.0026889208009408683,0.0036123344014264104,-0.007873069781689538,0.021005714938510268
2010-12-06,-0.0010582078693200485,-0.0016987499753069043,0.014023286237435663,0.007504135483824827
2010-12-07,0.0005702078007219902,-0.0046855862943480965,-0.021639114474034254,-0.01894037683401103
2010-12-08,0.0036569814894439707,-0.006425472638473464,-0.00971105292066461,-0.012606652684668887
2010-12-09,0.00388566793335777,-0.0034436148678549266,0.004920312169007968,0.004293772187225958
2010-12-10,0.005801105422579651,0.004517245589486791,-0.0061001126211729225,0.00029550591176138747
2010-12-13,0.0006423154837452155,0.006419054743304714,0.0037502129430691845,0.004715247621070945
2010-12-14,0.0008826316369482212,0.0014914376372851788,-0.014652267664299525,0.0009549986110493081
2010-12-15,-0.004582483587899726,-0.016316234379456323,-0.013109409860309517,-0.010927425511095372
2010-12-16,0.005785096310551733,0.002809887140036015,0.006904046567334818,-0.0066291956887806385
2010-12-17,0.0010707619918110163,0.0015096814652071147,0.018073275104230242,0.002910336725632516
2010-12-20,0.002410448221588903,-0.004536129962677703,-0.0010735856811480132,0.006758064192099476
2010-12-21,0.006320407484835458,0.014491792996978966,0.00695362168757029,0.001553132048372285
2010-12-22,0.003105653022710655,0.0034346283859415416,-0.007168095310300729,-0.001997295201813413
2010-12-23,-0.0014325412676334563,-0.0010720830745767995,-0.002042156717260903,-0.0028919925235061706
2010-12-27,0.0003981030731947053,-0.003223390470350539,0.008891006967673573,0.002669836944532674
2010-12-28,0.0014314946402147115,0.0008608451589857981,-0.019779033425239217,0.0161625389018061
2010-12-29,0.0007152575750483703,0.012721176541044842,0.01677867917501127,0.003564587333997068
2010-12-30,-0.0015900240311500723,0.00508542066161738,-0.0007520048742500803,-0.004950202442879679
2010-12-31,0.0002389232937954299,0.006951589182610555,0.011004632191612419,0.012257650782176114
2011-01-03,0.010284774346637526,0.00960915573099592,-0.007572631831223238,-0.005203836674790001
2011-01-04,-0.000551134725524809,0.004563398221721249,0.0011765474902984145,-0.023832475368098148
2011-01-05,0.00518406979054149,-0.002486604231195252,-0.022272993517652682,-0.0028240572403502554
2011-01-06,-0.0019606211723026,-0.010637375549167974,0.004363244167430425,-0.004026801058528414
2011-01-07,-0.00196439410428441,-0.009268900194848549,0.005320738317614513,-0.0018697884851869347
2011-01-10,-0.0012590545139544486,-0.010424818757168795,0.00539926765412108,0.004034322186689475
2011-01-11,0.0035377203482925665,0.010636218863991962,-0.005616309078444936,0.005873031403827585
2011-01-12,0.008983998126686286,0.01990221928930404,-0.007829169694516998,0.004068526754664966
2011-01-13,-0.0016347708948946842,-0.008749867701475601,0.008911924996024166,-0.010463555902437563
2011-01-14,0.007218734758723866,0.0029253949549367803,-0.006403879855378539,-0.01019728850011685
2011-01-18,0.0017002356853036192,-0.0014615724876832228,-0.004693176940620467,0.005561341914815331
2011-01-19,-0.00985384753954656,-0.007761254247122202,0.007194562594512654,0.0021711298182139015
2011-01-20,-0.0013263040186537601,-0.011009932696111788,-0.01389024721128431,-0.01902521743105847
2011-01-21,0.0022611811141728787,-0.010487063798821823,0.00789873366972692,-0.0012965579493562846
2011-01-24,0.005670616771687896,0.007715761201585307,0.00043677949863362727,-0.005126436648875738
2011-01-25,0.0005420868617831252,-0.005996020666757082,0.009457228244410112,-0.001996426218916223
2011-01-26,0.0038636037901975777,0.008767323263993695,-0.01526300074856666,0.008114547464887574
2011-01-27,0.002464615409364484,-0.0034123432463242036,0.004494667471334379,-0.02493473818294468
2011-01-28,-0.017616821343849988,-0.032127567998106864,0.005235037234685925,0.018202729323755898
2011-01-31,0.007487963985601213,0.010533412775943848,-0.0076444338395310904,-0.0031520585138855306
2011-02-01,0.015882146188120738,0.023941391499725042,-0.004962321253449647,0.00713554983027548
2011-02-02,-0.0019141641198416979,-0.007487570086439293,0.00022031948235821995,-0.002679474165923171
2011-02-03,0.0022201548758936443,-0.0012889100030996103,-0.008324444612830908,0.013325916144528013
2011-02-04,0.0028251268135651196,-0.00021492307656077186,-0.010194499787093097,-0.004093034478557125
2011-02-07,0.006232445608076739,0.0012891868708681082,0.00516648508129229,0.0001518114527852543
2011-02-08,0.004536942275879021,0.0004295869530228593,-0.009228670637418432,0.011026520280860727
2011-02-09,-0.002265822554003156,-0.023239509155772227,0.008668592517867836,-0.0005258409922787546
2011-02-10,0.00037788043092923954,-0.009493200716132239,-0.011612344862551981,-0.0016546424472632221
2011-02-11,0.005952448089609265,0.012126821818540589,0.014298284680306842,-0.003997431521033765
2011-02-14,0.0024012982640177344,-0.005053551986716203,0.0006712139993684983,0.004749808107153751
2011-02-15,-0.003153014914427541,0.001980938931545436,0.004457828424240468,0.007642808665807496
2011-02-16,0.0062956712867113535,0.00831867710997984,-0.0032304193799905555,0.0009699324016305088
2011-02-17,0.002984288180790722,0.0034818039373338805,0.00156075018413449,0.006985145327737571
2011-02-18,0.0020831875089523714,0.006064508630007155,-0.0031236112524708,0.002736258909305569
2011-02-22,-0.020273870054276777,-0.032480018518346566,0.014862694662738757,0.006477679138460114
2011-02-23,-0.006163439628140105,0.0008914158312625203,0.003626515231122311,0.008911682609680623
2011-02-24,-0.0006871774640434007,0.0024484798763218896,0.006342259200774428,-0.007518549348772146
2011-02-25,0.010635956085358172,0.011934187787532803,0.005869540848571623,0.006572791889415744
2011-02-28,0.006177569160077205,0.005913990562626679,0.0012989550460322016,0.002036059244667372
2011-03-01,-0.016813525245435425,-0.010317470856479924,0.0028939141400683177,0.017069773077460833
2011-03-02,0.002136489005040522,0.013587804738986799,-0.015491640906641126,-0.0007858590263391696
2011-03-03,0.01707768888943196,0.019615031774940277,-0.009833201263570082,-0.013165197646376121
2011-03-04,-0.007520708386560282,0.0010663589391458768,0.008292825994540056,0.009083177750322635
2011-03-07,-0.007881778659341442,-0.014172405633679367,-0.006407370976145609,0.002651630947559652
2011-03-08,0.008711763533108301,0.013319815747345006,-0.006114193325811091,-0.00257991119154468
2011-03-09,-0.0014341736852487568,0.001918488744000092,0.009654843973588675,0.000358740549755809
2011-03-10,-0.018679333139167663,-0.030053472211515355,0.016646818842359645,-0.011833598965568962
2011-03-11,0.006902326009256158,0.010263284587852087,-0.005663650200467497,0.0032609684267887263
2011-03-14,-0.006056110729455076,0.005848428770070719,-0.0004378057579016646,0.004619608225729074
2011-03-15,-0.011523120764408172,-0.016770073181022357,0.014859892287464557,-0.018827992605934686
2011-03-16,-0.018686109649112423,-0.02063818612898229,0.01124232060127815,-0.0002201664404463368
2011-03-17,0.013148292709082387,0.012257127548331897,-0.007695628168792676,0.005343855984731355
2011-03-18,0.0036304428334896495,0.0017700032045853415,0.0026789399525443997,0.010169288734282928
2011-03-21,0.015379142051664393,0.01905245046299106,-0.005902008093330769,0.005549394715688909
2011-03-22,-0.003474969098871161,0.0030321324563438636,0.0033303837854365493,-0.0006470134817238508
2011-03-23,0.0028581213676499963,0.013106046694533531,-0.0012878552462203732,0.009234421102419529
2011-03-24,0.009517844264501578,0.011459994749581995,-0.007546943054344167,-0.008012599220911064
2011-03-25,0.0030512292416146705,-0.0010553271717398218,-0.00249249813106641,0.0002872255603370287
2011-03-28,-0.0024402229347920855,-0.005082860494887302,0.0014094173238604903,-0.005183605936138139
2011-03-29,0.006696091422512205,0.011399958266208446,-0.0077221387322561055,-0.0023847279396549065
2011-03-30,0.006877312277659248,0.012722895955415188,0.00793874707610887,0.003322680368145147
2011-03-31,-0.0013564541200159256,0.00866680923705797,-0.0020596760938864493,0.008544930078369888
2011-04-01,0.004214400329197513,0.015899262349058578,0.0048499661374670905,-0.0047302006629672795
2011-04-04,0.0008259137798891927,0.008457486540879463,0.0010833125870595617,0.004587159742600465
2011-04-05,-0.00015004747670792858,-0.002007178598586354,-0.004016604637043073,0.01568024406451237
2011-04-06,0.0031470981447795036,0.005410765720133978,-0.015127330941841323,0.0023204441860725563
2011-04-07,-0.0025468192193186757,-0.0009998343958588425,-0.0019900777881884987,0.0009125601693485474
2011-04-08,-0.0034561415493345286,0.000999834395858746,-0.005326231161085168,0.008037287998853247
2011-04-11,-0.003014972844753176,-0.01186107366242709,0.0008895693342349187,-0.007125452862238653
2011-04-12,-0.007502422694120628,-0.018985873485308516,0.010724854246604482,-0.0072471647308646366
2011-04-13,-7.60423847288918e-05,0.008210029610325333,0.00624940884011915,0.00204573660814561
2011-04-14,0.0007603908167764721,0.00306195115947613,-0.0007654404567340382,0.013370425768477334
2011-04-15,0.0036418942620687115,0.0012219233169273105,0.013470834664224832,0.008585564685085078
2011-04-18,-0.011272175945298878,-0.02535463538078795,0.002263269138829416,0.006048472882944081
2011-04-19,0.005727954025875057,0.014302219416187024,0.004298044410444695,0.0
2011-04-20,0.013540049751782572,0.023391721378649213,-0.0064533835705080445,0.003898423967414405
2011-04-21,0.005095704326016674,0.00880725075004565,-0.0008637030806167239,0.001636922263399478
2011-04-25,-0.0010469424546340588,-0.008204278823220916,0.0037723493604272292,0.0008854577994363184
2011-04-26,0.00856819840149432,0.008602565353494036,0.009637056815696118,-0.0033417949897760106
2011-04-27,0.00650787574203276,-0.0017940676177016191,-0.010282237660832519,0.019081653785337462
2011-04-28,0.003238014570790171,-0.008216104615835943,0.007614278372514364,0.004146955091005261
2011-04-29,0.0023481393156965027,0.006018563919555211,0.0030932495438089577,0.01687711902897774
2011-05-02,-0.001540618469269768,0.0001995627287958399,0.0016032476513548667,-0.012946818420868185
2011-05-03,-0.0036039603150531865,-0.022445381480127945,0.005644063503293991,-0.003529916511002363
2011-05-04,-0.006652606919249901,-0.016703185853092033,0.004449965196483228,-0.014448752090855678
2011-05-05,-0.009089407381172695,-0.009611607702935059,0.009470138614434465,-0.029260291794056918
2011-05-06,0.004406167931071858,0.012933275739437823,-0.004408541679986166,0.01267462896066856
2011-05-09,0.0038671684664815646,0.00186371035348425,-0.0010520977258793892,0.014213726890232377
2011-05-10,0.008500094250099365,0.01172239953944436,-0.007185301097558824,0.0035220099792790545
2011-05-11,-0.010580739546239315,-0.02232902157861553,0.00571041630402264,-0.009237945533017843
2011-05-12,0.004749130966535006,0.002922842042579931,-0.006347418498658803,0.0003411664040718726
2011-05-13,-0.007728767097581283,-0.022131872084893672,0.008979953769016407,-0.006570357296572971
2011-05-16,-0.006361481371907391,-0.001492719576577734,0.0055587586703064575,-0.0017870091740066025
2011-05-17,-0.0001502758574121595,0.0031965716507597634,0.010198025784020855,-0.0043431154594507256
2011-05-18,0.008896339005944914,0.016040657792507004,-0.013340198255819363,0.005924110292412172
2011-05-19,0.002378983002136402,-0.006512020662781988,-0.00041985392545381333,0.0003432638177482088
2011-05-20,-0.007976619749128904,-0.008040453275549463,0.0005237980876956696,0.012553972615642393
2011-05-23,-0.011669039829125417,-0.021039884148332536,0.004815345121473616,0.0023025631834914487
2011-05-24,-0.00083296915080143,0.009930826027058111,0.0037513363821629437,0.005127833323306366
2011-05-25,0.0033289250159096273,0.0021458720640124516,-0.0046920878026248305,-6.726457516765322e-05
2011-05-26,0.004597247292020493,0.01277986987899534,0.008532729782722863,-0.0024258812883911256
2011-05-27,0.0038268187305150725,0.010526381929833182,-0.0004144517463916773,0.009935606280794308
2011-05-31,0.010357893235597482,0.01620301444838883,0.0022783847354400553,-0.00040086563861292825
2011-06-01,-0.022717322043763265,-0.018089775040941856,0.013424048801825315,0.0018027330517969423
2011-06-02,-0.0010626431575429145,0.009397745003306352,-0.019233315231415225,-0.0027387456222016378
2011-06-03,-0.009994087663285996,-0.005001196696160766,0.005725569358424062,0.004804501553227066
2011-06-06,-0.01063751716099656,-0.016215801888139668,-0.007606556615693637,0.0017292622165884623
2011-06-07,-0.0006202723345615355,0.007824709962289676,0.004591744448517943,-0.0003987873752467306
2011-06-08,-0.004196078938366448,-0.007188400584474029,0.0077787718056364285,-0.004063560992703724
2011-06-09,0.007602363781349988,0.007820642691106971,-0.004037334454902146,0.004993851388959323
2011-06-10,-0.014008414108498969,-0.021922830666333108,0.007647026498979914,-0.008805874461023683
2011-06-13,0.0007836963793472971,-0.0017229595946490024,-0.005057908846829746,-0.00989874533208827
2011-06-14,0.01260655658832256,0.014976607624424165,-0.015220112433226178,0.006072032480570563
2011-06-15,-0.017945836828037687,-0.021682046022798794,0.018010931838470516,0.003022245884073787
2011-06-16,0.002202210804998106,-0.007624122728595422,0.004528872203127048,-0.0010063666073081164
2011-06-17,0.00297963063229298,0.0013112265786274385,-0.004735944159756615,0.006490278771680714
2011-06-20,0.0051029130890858495,-0.0015299315948353821,0.001237905628243337,0.0006000356050579211
2011-06-21,0.013610973097337534,0.018205800533628726,-0.004441254010819718,0.004853865999923359
2011-06-22,-0.00604375292475193,-0.010006576913461948,0.0006196009339617272,0.0015245138749051255
2011-06-23,-0.002879738742197789,-0.0013152560729987148,0.0076280424907812045,-0.01770673421621351
2011-06-24,-0.011681517940694846,-0.0017570605118317052,-0.004218535607537983,-0.014121089335867159
2011-06-27,0.008871836975124156,0.011580993721617793,-0.01380886733774243,-0.003630257057320092
2011-06-28,0.012968207006515244,0.013594146141300719,-0.008083325377077514,0.0034935800405475424
2011-06-29,0.008527835103302912,0.00917297536875163,-0.006662108201796793,0.006407132466265777
2011-06-30,0.009516756726486386,0.010772250664201006,-0.0015921723746359496,-0.008049656026433037
2011-07-01,0.014668327388982985,0.011696377437481986,-0.0016008811715838007,-0.0073558050101630275
2011-07-05,-0.0008220801695410907,-0.0004156175247722494,0.0022394579147668125,0.018458359922485637
2011-07-06,0.0011953347040980055,-0.00666942942943489,0.005102500031308149,0.008632944574224394
2011-07-07,0.010322059768296718,0.01370765373661322,-0.002972837824844452,0.0016103488438778855
2011-07-08,-0.007117558219592969,-0.011410375166986161,0.014043333984514857,0.007348103376555757
2011-07-11,-0.018246083472243664,-0.028355514088087896,0.014882751316006382,0.008878910398621733
2011-07-12,-0.004327879391935018,-0.01013875466966777,0.0034037969070643105,0.007754066530314864
2011-07-13,0.003342303193489318,0.01613064710575388,0.0027760956367304706,0.008927726045871467
2011-07-14,-0.006926290583061329,-0.010725141019880365,-0.014373568081529854,0.002591642671108347
2011-07-15,0.005788376669897026,0.006234927586027471,0.0016646102607867593,0.004261669024496625
2011-07-18,-0.008235327995891266,-0.011640433671901103,-0.009717364051470327,0.008788653016896502
2011-07-19,0.016101410747809623,0.0144227698789076,0.020577002592823673,-0.012274058243285656
2011-07-20,-0.0006029603481449257,0.0029874036473608923,-0.011900078523964764,0.008755048684885084
2011-07-21,0.013775825510334523,0.015854765047294942,-0.007732492097062295,-0.007656478889253896
2011-07-22,0.0006689265679639082,-0.0006292205935484261,0.007524418479144108,0.008297158381419902
2011-07-25,-0.005588429303161412,-0.0021006697536638183,-0.010991867230035248,0.007784134589571454
2011-07-26,-0.0037431199101188345,0.003358934763888402,0.006819223646984238,0.0027292577237113358
2011-07-27,-0.020687894630622206,-0.0177633358844854,0.00010405451789742585,-0.003683023077966326
2011-07-28,-0.0029141939382764134,0.0008533483215040511,0.0037564576002340998,0.0008267138480823339
2011-07-29,-0.0068579187232910245,0.004254407743189097,0.019594444217987637,0.006146757162875088
2011-08-01,-0.0042616090753013714,-0.0008497240020344776,0.010041378080734856,-0.0036074345335545903
2011-08-02,-0.025879513975091403,-0.03128941005692276,0.029584572747289963,0.023807683707060965
2011-08-03,0.005404234678773348,-0.003513203926742077,0.001968135253357984,-0.00018574519969141986
2011-08-04,-0.04797447021083285,-0.058894068006443596,0.03496235413257723,-0.0052774225526159586
2011-08-05,-0.0014975316369773212,-0.006554397859873591,-0.029277785060314428,0.006886100677144776
2011-08-08,-0.06734064504915235,-0.08705399207199035,0.03108037453705086,0.032660154649896335
2011-08-09,0.045450413921357784,0.05701626472695207,0.003026445040481593,0.00887627137888437
2011-08-10,-0.045182936472563974,-0.054457417051065944,0.029319351293032772,0.03479474038575463
2011-08-11,0.043906011625841006,0.0537309944651248,-0.051767003212372875,-0.022182601344645846
2011-08-12,0.006710000712952902,-0.00048459619597576487,0.019610253323376615,-0.004578540379765363
2011-08-15,0.020943778392966593,0.022994761763908612,-0.010187157271629948,0.010709069242453939
2011-08-16,-0.008575901288032525,-0.008561066495082979,0.01641927473338651,0.0122643855311679
2011-08-17,0.0006690339575148147,0.007139591830096355,0.017357406037816325,0.002870760456120654
2011-08-18,-0.044075688710295775,-0.04833947884744532,0.020330319300293866,0.01874311163551858
2011-08-19,-0.01646578030583528,-0.012522367121330497,0.008035748475713377,0.012469732629723616
2011-08-22,0.0007988975884963985,-0.0010087153630855205,-0.0025211829521951815,0.02545811201523618
2011-08-23,0.032380773369443235,0.03446494089598358,-0.013888961883124237,-0.03820924283947076
2011-08-24,0.013986204156648186,-0.009796961554759249,-0.02884320783399914,-0.03447040239609572
2011-08-25,-0.015361619757993395,-0.01963520403355897,0.010762522129014926,0.004127831942992827
2011-08-26,0.014429713053307551,0.016924290580757537,0.009817931757354618,0.029216271136055655
2011-08-29,0.028330563399643474,0.03181841214882851,-0.013921760103871772,-0.02037867554084576
2011-08-30,0.002633618487861569,0.0014331450412330823,0.01594825816231659,0.029521431261488856
2011-08-31,0.004427839015638122,0.020322356900741783,-0.015575072996809049,-0.007735058209084623
2011-09-01,-0.010528062630049724,-0.005394679931805726,0.020976530060403682,0.0008436339994106385
2011-09-02,-0.02588164399958922,-0.02283699418230835,0.03196973126669095,0.029743880060709684
2011-09-06,-0.007324346895261871,-0.01040003249463063,0.01034569363000439,-0.0018572769704758563
2011-09-07,0.027817077893289202,0.02923046814561613,-0.019273304891085037,-0.032337903821831236
2011-09-08,-0.010445909387057336,-0.022445784075451874,0.00892761126108066,0.026360554098634244
2011-09-09,-0.026559421270496958,-0.03439287005144337,0.010609443832223845,-0.006123991593192474
2011-09-12,0.006449250295723946,-0.002001652948439132,0.001055112569887333,-0.022554605449326134
2011-09-13,0.00912920244337793,0.0015013533407502277,-0.014335135822485,0.010529052886616642
2011-09-14,0.013749348122054755,-0.002754489748649041,0.008431249325456419,-0.007477120273184911
2011-09-15,0.0171096760876044,0.014439002039165703,-0.015406134697612234,-0.015984031396099732
2011-09-16,0.005901384724513709,0.0017284811652088883,0.0072429088804449,0.00930295164559379
2011-09-19,-0.010007128452213652,-0.030054769647686684,0.018886810419362077,-0.015572543748898304
2011-09-20,-0.0011642436408826663,-0.007400783568545606,0.004187856726376147,0.014151321817653911
2011-09-21,-0.029900717859546965,-0.037848627044056095,0.032547793228506365,-0.012537030407863034
2011-09-22,-0.03285827090877601,-0.07281967886833937,0.036897839006471145,-0.026501628577849823
2011-09-23,0.006006671511528642,0.026261705360064863,-0.01877435865567462,-0.0562714947767603
2011-09-26,0.023501743084275818,0.014937719162363035,-0.01618646126315036,-0.013989774992148278
2011-09-27,0.011121816269593715,0.03135417064708765,-0.01542698049467758,0.019170336530176878
2011-09-28,-0.02062978380077232,-0.030530508601285377,-0.00034161988279418225,-0.0278383359714093
2011-09-29,0.007872395624190329,0.01362407775266756,0.006897520605165356,0.009429196621174493
2011-09-30,-0.025306829363861617,-0.051364701320528734,0.024808574317314962,0.0022802177134303657
2011-10-03,-0.02887052380058184,-0.021307685992812492,0.027147712819548014,0.01818123629201861
2011-10-04,0.021685734443145966,0.015307104513711525,-0.012761170731372838,-0.02084198016777855
2011-10-05,0.01834597036863593,0.02295046133123748,-0.007225428888535615,0.011479200723122179
2011-10-06,0.017929906818467678,0.032518500123410725,-0.018629964725207584,0.006438520382399495
2011-10-07,-0.006718724161336465,-0.012002306894051021,-0.007414803561525319,-0.008196078194995479
2011-10-10,0.03289882030860703,0.04375971438416865,-0.01422397859619671,0.025369706940620972
2011-10-11,0.0010029982857903824,0.0005249748151913921,-0.003351838330111127,-0.007191831911733941
2011-10-12,0.008733545348889288,0.02770403427578844,-0.014652842724587903,0.00713052198207639
2011-10-13,-0.0019896160715781267,-0.008977543524275183,0.009908157678117173,-0.00589749505275014
2011-10-14,0.016949701968379426,0.0198983161431041,-0.014636013979725323,0.006754651748949264
2011-10-17,-0.01927592133705515,-0.034432847169705696,0.017139849326955777,-0.004784984318897891
2011-10-18,0.01935746295947461,0.026317670983815676,-0.006230029264840427,-0.004807990522259361
2011-10-19,-0.011899523067474311,-0.01928345450514532,-0.0003469827153907599,-0.012247215797121397
2011-10-20,0.004365994777639936,-0.019398092455802825,-0.007146317637159099,-0.013222651084731378
2011-10-21,0.018809011900912134,0.028185665758567516,-0.010638795065721704,0.01103102964708361
2011-10-24,0.012186582270995366,0.03836909929634683,0.0016781940858147818,0.009359274408804371
2011-10-25,-0.019634847478388062,-0.020010946559675204,0.025096960703591527,0.02798622413330745
2011-10-26,0.010107071264546868,0.018276298875469946,-0.017624429061038383,0.010871290055837372
2011-10-27,0.0342419700690433,0.05900298883193765,-0.0344843143354239,0.012761764976101417
2011-10-28,-0.00023329009959478133,-0.00845438007463441,0.010460988038818913,0.00041272557597136334
2011-10-31,-0.024401180877003728,-0.03822139645220098,0.03889049082865766,-0.013532963163571735
2011-11-01,-0.028284732830193095,-0.024557760403294507,0.032926097779652774,0.00023905679353779965
2011-11-02,0.016179901331939285,0.030177980916402135,-0.012552151630509304,0.009986961282971352
2011-11-03,0.018063429430524258,0.010181471514231884,-0.013828830532001526,0.015611583405325672
2011-11-04,-0.0061176572752900385,-0.0065336515868947755,0.001202922441670679,-0.005079236179332056
2011-11-07,0.006196822162284555,0.008461635369358251,0.006332929327012351,0.023885642975553973
2011-11-08,0.012749067942814102,0.01172665409404418,-0.01287932994498888,-0.008321169193389317
2011-11-09,-0.037608064821936446,-0.06031221426187078,0.020527471346746044,-0.008449074737466438
2011-11-10,0.009374383461163252,0.006549175765508842,-0.015011707918058717,-0.0054194819068881525
2011-11-11,0.01864755947461921,0.02381679630011437,-0.006120895338803518,0.016343494900231577
2011-11-14,-0.009519402831995613,-0.01382443144957605,0.015955107122535606,-0.004378447815266984
2011-11-15,0.004929356356237518,0.0061952489384094365,-0.0013623966394961495,0.0009233822403350991
2011-11-16,-0.015989939640114855,-0.027296147987261217,0.009076811820503,-0.01072881883307553
2011-11-17,-0.01600394948593745,-0.02571496397086856,0.00799002349676979,-0.026049069788272285
2011-11-18,-0.0010653714258031404,0.0038998809238884966,-0.00025091663173006253,0.0031070114130365514
2011-11-21,-0.019202996347074053,-0.032703390934928904,0.0059311478543313855,-0.024886493203201684
2011-11-22,-0.00393503369113328,0.0034791780337490286,0.011100678724449088,0.011009493958958352
2011-11-23,-0.022313000906197245,-0.03286128236312053,0.009755276043069727,-0.002907833444255293
2011-11-25,-0.001889118689514702,-0.0033182589910691015,-0.014627845636453363,-0.00871350577932607
2011-11-28,0.02855552980594943,0.046809288686603674,-0.0004970886464547342,0.019574669781168473
2011-11-29,0.0028358939502086803,-0.004504048936542686,-0.008232784368924361,0.0014992056580314238
2011-11-30,0.04032546111696911,0.06053136691889225,-0.01573908537201264,0.019287858882640098
2011-12-01,-0.00016018163101119974,-0.0030041808022382493,-0.0050297068317720515,-0.0029432561018175956
2011-12-02,-0.0008808658226176599,-0.0030125089925118697,0.013919447408281953,0.0011194724078150643
2011-12-05,0.010833585560304467,0.016211966937836823,-0.002025443752697076,-0.014830905352806206
2011-12-06,0.00031708762506998543,-0.013700803537300327,-0.00958947101916569,0.005126600507155191
2011-12-07,0.0037154870199771553,0.004004987219148217,0.003574768137283721,0.007227955332883408
2011-12-08,-0.022180577575648272,-0.03663610985169106,0.01241367661953916,-0.020395472758271072
2011-12-09,0.016800372030597494,0.020011301629078795,-0.020775321143537112,0.002527218277842403
2011-12-12,-0.01470473343943315,-0.0383170642011182,0.011077010887179209,-0.026859852864766727
2011-12-13,-0.009382881211749771,-0.00928006240076053,0.009278078933587368,-0.022095571965698058
2011-12-14,-0.010703480568812738,-0.014489088696041746,0.018714072026393403,-0.03572036229643507
2011-12-15,0.0036078670184115664,0.006465182712938841,-0.0037150338421537686,-0.0036694724115009882
2011-12-16,0.0014814807372778615,0.007490958703039347,0.011594306167404759,0.018858628346003374
2011-12-19,-0.01074949027803223,-0.026193152730434613,0.012592512024924382,-0.0023218367153054562
2011-12-20,0.029811717152997196,0.04104833023186649,-0.025263167631568325,0.013532357682449965
2011-12-21,0.0019346503123666835,0.003176159243333829,-0.014006297009907822,0.0011460365099759205
2011-12-22,0.008819815996526646,0.013127328822931304,0.0041894026696410415,-0.007152076380172022
2011-12-23,0.008900812833090214,0.0039048757560256305,-0.01118313870179994,0.0017288576765001683
2011-12-27,0.000790931581188164,-0.009659324619472442,0.004738939973928385,-0.008996872529867412
2011-12-28,-0.013210529946817762,-0.016931575242446522,0.018319721766980452,-0.025365842262780703
2011-12-29,0.01028110840391157,0.011407342634677008,0.001823167079359252,-0.0045791131052559195
2011-12-30,-0.004927951757734552,0.0007909004810702341,0.003221345003465526,0.010915393959510784
2012-01-03,0.01581044962741417,0.030116146862107594,-0.015124175679882283,0.025528278105768725
2012-01-04,0.001567175974078402,-0.005641883415537406,-0.011961522501796005,0.005053962921992179
2012-01-05,0.0026590956548174266,-0.004382183026516965,-0.001780852592212479,0.006804643552456634
2012-01-06,-0.00258040247091035,-0.012739243062286272,0.007863487504341236,-0.003682789348313295
2012-01-09,0.0024243336782239734,0.010411616009504545,-0.0017705227550997003,-0.004462850601680474
2012-01-10,0.008633078526598103,0.021516888378990073,-0.0016885190593278743,0.01358147038393252
2012-01-11,0.0005418958570271547,0.0007601083988432284,0.012931940842707945,0.006471693519725533
2012-01-12,0.002396409018666498,0.004043659197122869,-0.0014198478765713252,0.004436855940286991
2012-01-13,-0.005186446398438824,-0.009120808078044811,0.009893288247947173,-0.00700797748665459
2012-01-17,0.003872948935312298,0.01890871209610455,0.00462236500036839,0.007755890232572322
2012-01-18,0.010995674842112014,0.024911973682700518,-0.012179200265654446,0.006830241286203655
2012-01-19,0.005262552157315794,0.008731711248195637,-0.013848545948797725,-0.0023542844291586738
2012-01-20,0.0037204171883069358,-0.0007247271619957914,-0.01138953393412567,0.005258486434611419
2012-01-23,-0.0025800492890433544,0.009619716120932256,-0.0063457560729628885,0.006702951032527608
2012-01-24,-0.0011403678992634222,0.0014350679598590333,0.001804242610869325,-0.007073309078255219
2012-01-25,0.008332679450635445,0.011170944067570455,-0.0024068697549898053,0.026856674653672707
2012-01-26,-0.0051431583865965864,-0.00402627243874735,0.013169028900000289,0.00509459639654765
2012-01-27,-0.00045471566587326377,0.005206923535073671,0.0031390101337914864,0.01011189273071679
2012-01-30,-0.0034197701656597302,-0.014504970125785457,0.011702485050954538,-0.005578663971878356
2012-01-31,-0.0003805481975758309,0.008586063039551159,0.01148508059780882,0.007588812095342065
2012-02-01,0.008719209217552046,0.02184455236489278,-0.011521205165589445,0.00147549236555642
2012-02-02,0.0015838728765859636,0.002784172439175434,-0.0004196159135460106,0.008749097178977205
2012-02-03,0.013921427310420523,0.01654466118769257,-0.021723517710643674,-0.020137109848909707
2012-02-06,-0.0006691329967194079,-0.008468080655395348,0.009902305788293977,-0.002747786955391367
2012-02-07,0.002525255796419147,0.0020664192904540643,-0.012479442320390496,0.014961121796296195
2012-02-08,0.0029632721399380202,0.0070851714716123355,0.0007741014704900879,-0.0070964044645123875
2012-02-09,0.0012569119948737284,-0.00045554271388419484,-0.00750486593335181,-0.002852704427427749
2012-02-10,-0.007415604166949426,-0.02234862588598248,0.012904150676209453,-0.005251264443437007
2012-02-13,0.007415604166949469,0.016177688156756957,0.0012822902534493743,0.0022112372609914763
2012-02-14,-0.0012569119948735747,-0.008287184165310435,0.005278088461217541,-0.002330930151636942
2012-02-15,-0.004670888910019999,0.0027697934485604323,-0.0017853770269221038,0.0059064426447289235
2012-02-16,0.011012282979761447,0.010776265167488688,-0.008028309322305765,-0.0006545512723762022
2012-02-17,0.002642517982968922,0.0018228232235733273,-0.0002568310589041268,-0.0038765152743636634
2012-02-21,0.0004398492264631986,-0.004105619834957155,-0.011127634883725987,0.02169306958114338
2012-02-22,-0.0032295347211014546,0.0018265119987550288,0.012499550535071393,0.011164193939316386
2012-02-23,0.004401114791949508,-0.001826511998754911,0.0,0.0004624917963242474
2012-02-24,0.0021938514528815197,0.010006893382109012,0.0064880779779398065,-0.0045764514047417675
2012-02-27,0.0016779423821488668,-0.01000689338210914,0.008812735819248893,-0.003082017911286478
2012-02-28,0.002912000719445327,0.013846449413434663,-0.0032956573796185783,0.01037124237129815
2012-02-29,-0.003932996742874278,-0.000676925045994028,-0.006112587715546141,-0.054486874448655936
2012-03-01,0.005168124550802964,0.009430057217242766,-0.009459225155532663,0.014022637552039158
2012-03-02,-0.0030541967133237225,-0.00246103692287066,0.009348263440587468,-0.0016218911795983044
2012-03-05,-0.004086850953644533,-0.017399789757982686,-0.007970125773428836,-0.00415677252468325
2012-03-06,-0.014733088128213709,-0.03408184449893946,0.012058978305241561,-0.017969096432021343
2012-03-07,0.006951674577340678,0.011956203490752448,-0.0061394204163117486,0.00569981581334447
2012-03-08,0.009900226447889647,0.020757260343969422,-0.010058705107164789,0.010033186704286951
2012-03-09,0.003859946181795508,-0.00045681965748848886,0.001984916830383159,0.0066333602174327025
2012-03-12,7.276272079957245e-05,-0.011021958183186797,-0.00017157195140934709,-0.007904687473264298
2012-03-13,0.01786537623511174,0.026881123892800105,-0.017750683587122663,-0.01692317740609355
2012-03-14,-0.0010716709224584749,-0.015859165709613342,-0.025517370941339643,-0.01696375000167828
2012-03-15,0.005772285108449556,0.007960962919293617,0.0015286295956997982,0.009418404028557977
2012-03-16,0.0013843944196146958,-0.0011331890912506767,0.001976315732592831,0.0013648567003107786
2012-03-19,0.0039120171473884585,-0.0038633503304132443,-0.012006846884649909,0.0017962362702596962
2012-03-20,-0.0029148525537725134,-0.0174557467703624,0.003988563530727466,-0.009076224493998303
2012-03-21,-0.0016392162885246063,0.0018520576940600712,0.011244469149661896,0.0004994807381019333
2012-03-22,-0.0072293867522168955,-0.015381253644875588,0.003214903821238601,-0.004002753243231974
2012-03-23,0.0032272740404297048,0.007486662286114779,0.009407335185786205,0.012208133046479623
2012-03-26,0.013937773158955603,0.0173315697662844,-0.005135774347023467,0.017611569127534244
2012-03-27,-0.003112276433405011,-0.0052827954579350534,0.007165302847768445,-0.0070809013076213
2012-03-28,-0.004970594107350932,-0.016955732703626186,-0.0014122341170786138,-0.010654517949322703
2012-03-29,-0.0017103542976033748,-0.001171944674086605,0.007476222122306293,-0.0014250489249673808
2012-03-30,0.004127718942673338,0.007244111605438893,-0.01705472819965656,0.005194794327439433
2012-04-02,0.0072879792399485315,0.013643226359419232,0.005524697466957299,0.0050452782243641
2012-04-03,-0.0040972698534254325,-0.005758511156700208,-0.017480555257552367,-0.01889597488595619
2012-04-04,-0.009960402652237355,-0.018181948132341825,0.013652070158343688,-0.016903541070223595
2012-04-05,-0.0005006304365387453,0.005395942188278611,0.00720009340056076,0.006972586754221729
2012-04-09,-0.011294551387114373,-0.014850108934098591,0.023111628649183664,0.006673391569320288
2012-04-10,-0.01692735122969339,-0.019664873163551394,0.01127340425376347,0.01079681583610527
2012-04-11,0.008061526049898984,0.010839528965199892,-0.012052470346128153,-0.0001862294945727839
2012-04-12,0.01298114309193625,0.02531214983250455,-0.004165660487011018,0.010068896893171232
2012-04-13,-0.01195954425404807,-0.015300119810401712,0.016046858425887284,-0.011435703837606927
2012-04-16,-0.0006566375380254495,-0.004993361340024229,-0.0014558896852747637,-0.0024275594635374416
2012-04-17,0.01470347872713652,0.011377194788863709,-0.0006000266697420255,-0.0013096363661056385
2012-04-18,-0.0033846720070559175,-0.004724946089822735,0.0029113102790122615,-0.005883121540853622
2012-04-19,-0.006441501045530071,-0.0045091300013281365,0.0009398192599902481,0.0007529342193186616
2012-04-20,0.0016682626889135614,0.00687399549176449,0.00017125416944147292,0.0006897239210806605
2012-04-23,-0.008444210180619395,-0.01932062680430608,0.0072338269242888656,-0.0029502294460589935
2012-04-24,0.003793898691580581,0.0021654151267502895,-0.007062890958940683,0.0014448331190362385
2012-04-25,0.013599408767514417,0.009091017665933648,-0.005136960568228282,0.002006723784330158
2012-04-26,0.006944323498689735,0.006172651036078053,0.005990721325303655,0.00879471559167779
2012-04-27,0.001639800450459851,0.0014193602922479352,0.0008536092482686251,0.0021711872276646304
2012-04-30,-0.0037112755901313943,-0.002129550943535513,0.00025519113449741005,0.0030934874938505622
2012-05-01,0.006201180915398884,0.0066101539508161365,-0.005200377463461909,-0.0034653347638567127
2012-05-02,-0.00298857561188946,-0.001884213440530429,0.007018182695005051,-0.00453550513766278
2012-05-03,-0.007655217722406764,-0.007572373543381147,-0.0002555912028370054,-0.010138997417698532
2012-05-04,-0.01628986288192365,-0.017733459258377222,0.007817324776212052,0.0031403115630244814
2012-05-07,0.0007298605829244211,0.0036203923189936918,0.00016964576538885324,-0.0024485925648660245
2012-05-08,-0.00401987726484652,-0.016027583822944384,0.005318179514219417,-0.01955122460022864
2012-05-09,-0.005949560363892024,-0.013059447525554407,0.0006729956909684798,-0.009856096620851877
2012-05-10,0.002060948250041705,0.004207824314575762,-0.002949295434638949,0.001940260901209398
2012-05-11,-0.003018872439127271,-0.012925738990777343,0.008234662389332993,-0.007848817296009933
2012-05-14,-0.011122403724288235,-0.023030414351035373,0.013878798695298714,-0.01462845943520308
2012-05-15,-0.005758736420745725,-0.008742730423341734,0.004035569802306156,-0.010562401311462568
2012-05-16,-0.0038321146582941633,-0.014306818904669113,0.002872361183625963,-0.001871650064246415
2012-05-17,-0.014942247233640358,-0.013716656589202203,0.017548683352571433,0.022101053281684286
2012-05-18,-0.008595081567972094,-0.009607787317044217,0.00024164935401659084,0.011387791619555667
2012-05-21,0.017041840879233952,0.023586781127234543,-0.0020957226866747444,0.0006467713402268693
2012-05-22,0.0017413299792598464,-0.010532099145185271,-0.011196388650266216,-0.016757749444190322
2012-05-23,0.0005293654891484406,-0.0069057806328687455,0.006910790063724592,-0.0030293517963689474
2012-05-24,0.001963680797442611,-0.00507668378265757,-0.003815182717426085,-0.0013859452168922916
2012-05-25,-0.003249748047762784,-0.0048335350013551165,0.0037347010633943167,0.008352766698997548
2012-05-29,0.012039340826498521,0.02787154838189425,-0.0030844156511659693,-0.010931873240010203
2012-05-30,-0.014616447895001248,-0.017428536171381123,0.025046017710675446,0.005875957660694494
2012-05-31,-0.002203385591756888,0.004253328206166798,0.011507455651174819,-0.001910905902789609
2012-06-01,-0.02549907225569301,-0.027156096107837098,0.02346239883088747,0.03804809984180762
2012-06-04,-0.0004686157855376942,0.004351440070417718,-0.007932030977319034,-0.0011434641458968186
2012-06-05,0.007544088925035565,0.002710013237412129,-0.01346742651975789,-0.0011448702562414747
2012-06-06,0.02221946355836645,0.028809621214458705,-0.020186401145918697,0.0004454100462342761
2012-06-07,0.000605988653394912,0.0060296825634281416,0.0015182365042352786,-0.017388437571983575
2012-06-08,0.007920452725668591,-0.008662360397593553,-0.0002396863186262351,0.0014875385514176553
2012-06-11,-0.012778749648062896,-0.014606639488247954,0.004541835641199308,0.004063373582424457
2012-06-12,0.01142514126395344,0.020651693545212752,-0.009185087646122086,0.007055420696368892
2012-06-13,-0.00641509071737472,-0.003675339150906588,0.009821258374900742,0.004209384361180728
2012-06-14,0.010544742259211518,0.0070765847173522075,-0.001271942753890624,0.004001687892130676
2012-06-15,0.010174947835868104,0.018116066544198315,0.0055531219623429625,0.0005703370916346761
2012-06-18,0.0019363946944615117,0.0020500001747818393,0.00536550948655642,0.0005700119926437334
2012-06-19,0.0096261252933084,0.015996258948696673,-0.013148901491432862,-0.004887432513551658
2012-06-20,-0.0016223879015591566,-0.00328031316363434,0.004931517797685276,-0.007600729101789924
2012-06-21,-0.02269434185154339,-0.037309082025236896,0.005301599762911887,-0.025651569647767526
2012-06-22,0.007672189457650804,0.0031805815023178887,-0.013427332293308726,0.004070084458850245
2012-06-25,-0.01616466018262881,-0.018697369615005774,0.014452978857471313,0.00731070579506714
2012-06-26,0.0050132045212410315,0.008590912286617123,-0.003949779469348658,-0.007441769628189937
2012-06-27,0.00897653748235568,0.006394737290330424,0.0015820504835649893,0.001375064652515789
2012-06-28,-0.002857804855513392,-0.004792232292982513,0.0024458666130862425,-0.011715276484427288
2012-06-29,0.024620942030149345,0.043348931791374515,-0.01309248399505789,0.027039260378949704
2012-07-02,0.0030078888326261185,0.0,0.010265116040049236,-0.000644618456697509
2012-07-03,0.006571078975448243,0.019737269954893052,-0.007714941562557581,0.01516593043631744
2012-07-05,-0.004522013083696569,-0.010579634657655244,0.005096847219566324,-0.011368929003809548
2012-07-06,-0.009549193252733469,-0.018400569501749862,0.009250967042955891,-0.012734817475435407
2012-07-09,-0.0012551021737738925,-0.0036173969624799423,0.008776001771009479,0.0021445114458555955
2012-07-10,-0.008758857985792122,-0.01119362354018436,0.002026327579333752,-0.012345429133629288
2012-07-11,0.00014948714978940976,0.005221839517278027,0.0012452881177529554,0.0055057594568082525
2012-07-12,-0.004857199649982894,-0.01680728231657213,0.007051013873138696,-0.002618033780691079
2012-07-13,0.016638791624645915,0.019148269994012274,-0.00262884500251152,0.010106714486149358
2012-07-16,-0.0023599542740254066,-0.0023409876774402117,0.004634297684106299,0.0004540770166103946
2012-07-17,0.006843537007628487,0.013193539538019673,-0.007891367156434913,-0.004810237265713993
2012-07-18,0.007379710748099083,-0.0025730268417952385,0.0005436546028686239,-0.002740430809986751
2012-07-19,0.0026167825788076205,0.009233057922680515,-0.002564924554254425,0.002153848840418498
2012-07-20,-0.009189992230401773,-0.014917926339774736,0.012144899436611322,0.001888899980288932
2012-07-23,-0.010163867292313054,-0.026521233654347495,0.005597232775671981,-0.0041734615256850535
2012-07-24,-0.008623878773222973,-0.004266629442718345,0.007844549667733451,0.00319690690338272
2012-07-25,0.00022395824561619428,0.0047985526343189795,0.0025761487343921425,0.013907490755906015
2012-07-26,0.01636286742751481,0.02235480995108893,-0.009198370510680452,0.007041420048145291
2012-07-27,0.018264887605537735,0.027701274031846208,-0.01904213202098911,0.00489956132478139
2012-07-30,0.0,-0.00583522862136365,0.0074443587161129934,-0.0006984831553893457
2012-07-31,-0.007018741754029319,-0.004590895718514649,0.002006449472710121,-0.005988723225470398
2012-08-01,-0.0008720025379106381,0.001787679261964097,-0.0050114113688551325,-0.00866421414888581
2012-08-02,-0.006928406401767209,-0.011807122027615106,0.005652667299331629,-0.006531497290067034
2012-08-03,0.01963898838878746,0.030513346821226077,-0.016269129875133643,0.009170809124329653
2012-08-06,0.0019354301775727943,0.006241762233116279,0.00039202002101867647,0.004810013989643127
2012-08-07,0.005001617638151388,0.0027338597377660674,-0.012949479349532536,-0.00012799457656319368
2012-08-08,0.001210406407784152,0.0019834565176037847,-0.005338804268955846,0.0012789166070782496
2012-08-09,0.0008534583491771533,0.0042023255929564554,-0.0007190451455003778,0.0032539650598126992
2012-08-10,0.001634956026495588,0.004675776011829685,0.005024092707557363,0.0012094547976165897
2012-08-13,-0.0004972704489181038,-0.008878101604786161,-0.001671983591361404,-0.007599660994752833
2012-08-14,0.00014203359535339165,-0.00024758210806144173,-0.013639618706337559,-0.005528431293767677
2012-08-15,0.0011356119310960602,-0.001487925795129452,-0.014156025176457369,0.003217920039555506
2012-08-16,0.007352087811935791,0.009139147248067483,-0.008557376988796632,0.005957880902347246
2012-08-17,0.0013368235577288724,-0.004929157588764438,0.004864411867757718,0.0010214739315963608
2012-08-20,7.034915736248463e-05,-0.0004947615042723486,0.0020537690129951735,0.0034396702075541645
2012-08-21,-0.0030290810137204847,-0.0014841054175445468,0.004421823775793891,0.009934007742546973
2012-08-22,0.0004236130064709207,0.0004948620268766112,0.016369266749562794,0.010708631507447481
2012-08-23,-0.008213087088253176,-0.009198409672952197,0.0041713514481547245,0.008373997600348033
2012-08-24,0.006024462578642419,0.00024981649431983163,-0.0009607870062047065,0.00049405195165326
2012-08-27,0.00021237446729986654,-0.010289926315534402,0.005831589345602807,-0.0037732430064034606
2012-08-28,-0.0009897973780988998,-0.0020200846623451402,0.0023865655169120095,0.0017337390057776023
2012-08-29,0.0007774229107990257,-0.004814331052154961,-0.004379641034712271,-0.006517126164973718
2012-08-30,-0.007233957463370861,-0.011753278117986703,0.005174608825960663,-0.0004359382542126009
2012-08-31,0.0047572698609132545,0.009464285248493149,0.01403430539621982,0.02278842769888954
2012-09-04,-0.0009213296636335521,-0.005616459899623162,-0.001004347865782649,0.0015819565772519967
2012-09-05,-0.0008507779329096746,-0.0051332474468601865,-0.004723986669448471,-0.00103408368603259
2012-09-06,0.0200934467062727,0.021889257103147555,-0.016790430074153033,0.0035237086061065126
2012-09-07,0.0038877442999791815,0.022898218718185023,-0.004665814960545538,0.021301036576637185
2012-09-10,-0.005697890132028426,-0.012878165939892616,0.002416277662366774,-0.0068508245778626286
2012-09-11,0.0027836346465788817,0.01189291901384451,-0.006293802898750583,0.0036397345213229062
2012-09-12,0.0033295877017432726,0.004423913235358925,-0.012542325398106164,0.0001191368766436192
2012-09-13,0.015121593971962981,0.026616587487236235,-0.003942671848811382,0.019987101882923578
2012-09-14,0.0044246238088508985,0.011632275390199138,-0.026937926978583077,0.002856260822614609
2012-09-17,-0.0034020822298587014,-0.010916287052008155,0.011932549191798163,-0.008182448737126974
2012-09-18,-0.0008176584509965659,0.0004772853703249373,0.004999599907149847,0.007716671888582333
2012-09-19,0.0005455546708541661,0.0,0.00654463874737487,0.00011648676464511073
2012-09-20,6.791716026872418e-05,-0.0059803513438093535,0.0024731753149435406,-0.0015734059198807039
2012-09-21,-0.00041809108003099295,0.0023961886649262695,0.0011525907710850736,0.00285359936146375
2012-09-24,-0.0015095186939904077,-0.0009576760653329691,0.007785083798727141,-0.0053060014063377545
2012-09-25,-0.010698823539740443,-0.014965243804690448,0.00982913563289325,-0.0016382823469836482
2012-09-26,-0.005636886596929988,-0.0046312636362253155,0.010693502306697565,-0.0056374963370224036
2012-09-27,0.0093769019383127,0.015755742524307084,-0.007142991735072442,0.014789097981363655
2012-09-28,-0.004642771535792695,-0.00603041106401847,0.0005643709475059631,-0.0026145147730523375
2012-10-01,0.0026361014214530175,0.00987117598062725,0.003703338008116174,0.0023243307866659033
2012-10-02,0.0010388339508010987,0.001436323646742148,-0.001366979075447436,-0.0011033258934751609
2012-10-03,0.004074475650457103,-0.006720893907565355,0.0003217049386257343,0.0017996437460312752
2012-10-04,0.00714250311161643,0.010303283430680541,-0.012549099482721463,0.006936025341043228
2012-10-05,6.834834638780161e-05,0.0,-0.013039161251780122,-0.00571878926447531
2012-10-08,-0.003427261047191745,-0.008859478086466041,0.008383909984070384,-0.0033074685239183545
2012-10-09,-0.00993654656839266,-0.007483266251488115,-0.0018022349576506734,-0.006180042594964688
2012-10-10,-0.00640062984768731,-0.006076157736611131,0.007027053362040439,-0.0008776828487819255
2012-10-11,0.000558334486345536,0.009221305876384525,0.006897468504290139,0.002805770961490514
2012-10-12,-0.003283776489494978,-0.00314514813977344,0.0025044444911195662,-0.0073818938973548055
2012-10-15,0.008293669451626339,0.005798551866121594,-0.0022614649779566097,-0.010106119739498041
2012-10-16,0.010081846260876968,0.010305569840111176,-0.013921571461345114,0.006335646333619325
2012-10-17,0.004524949829211735,0.007837665207143801,-0.009306978695676517,0.0007080193841468657
2012-10-18,-0.002602568378433434,-0.002842642642132577,-0.006141830621520913,-0.00443354865538353
2012-10-19,-0.016804791934421165,-0.015541436004670051,0.013479857249572775,-0.010841136052605957
2012-10-22,0.00013957301447736528,0.009592576235948893,-0.006428715060939889,0.003646697239812837
2012-10-23,-0.013973766524669536,-0.020738866282276152,0.014201633810300528,-0.012912759766492157
2012-10-24,-0.0028321622095660126,0.0009741897911626008,-0.009911021236742227,-0.003451467757776219
2012-10-25,0.0029027185985821386,0.010894827317364209,-0.005117409453976104,0.007011656174181994
2012-10-26,-0.0005654780936810549,-0.007735466556848429,0.014621037875666643,-0.0005423202272228979
2012-10-31,0.0,-0.0014567777998724994,0.005853932499378554,0.005409372308871991
2012-11-01,0.010415978376800037,0.016150827525912556,-0.008221999649814783,-0.004565910521291634
2012-11-02,-0.008931402129455503,-0.005274494947435942,-0.0007353747464140168,-0.02111619567115675
2012-11-05,0.0020463829491738274,0.004795831264309762,0.005627420774112327,0.003866988340753932
2012-11-06,0.0077945722714208915,0.00786381344939101,-0.009479192259441275,0.018633181558340834
2012-11-07,-0.022924247435248866,-0.016513359343761757,0.017982970696145923,0.0011418760009174647
2012-11-08,-0.012097172346763874,-0.012627855189612477,0.014730070830017702,0.008969205970755553
2012-11-09,0.000869088422094493,0.0019533247269512733,0.0011121853225628572,-0.0010124664362506366
2012-11-12,0.0007962398686098642,0.0036519125142454867,0.001664815540162182,-0.002207239069899678
2012-11-13,-0.0034779793667344757,-0.009032182255491704,0.00332353690603557,-0.0020923088878503668
2012-11-14,-0.013590413002152496,-0.015569446388835142,0.0009470924536854637,0.0002393087940783899
2012-11-15,-0.0016936654538162329,0.0034810063040601738,-0.0019747164900420044,-0.0063019928595901085
2012-11-16,0.004924950090074284,0.0029739333787758035,-0.0008698725904855459,-0.0012651232479694255
2012-11-19,0.020037407476318794,0.017417285352844477,-0.00563491490162769,0.011925176433462218
2012-11-20,0.0004314767257095366,-0.001947369143159692,-0.010077806617387036,-0.002863425779210265
2012-11-21,0.0018658540744120342,-0.0019513564715171357,-0.0005619272560819378,0.0010150660402493473
2012-11-23,0.013532929479557344,0.016225082789901615,-0.0009661896208097593,0.012160205973813025
2012-11-26,-0.002124438703589501,0.0,0.004738972328260577,-0.0010618685408751542
2012-11-27,-0.005117789312000411,-0.008443020912105047,0.003918335725904948,-0.004258514528236021
2012-11-28,0.008020095826299724,0.005556428239595703,-0.0014378085066232753,-0.012885721450133563
2012-11-29,0.004654746596885868,0.007201469872911401,0.00016038242034907503,0.0037754494975707773
2012-11-30,0.0002112907195696001,-0.00047853285171244324,-0.0027214434746540123,-0.006782066259329654
2012-12-03,-0.004936715169627463,-0.000479068691303096,0.0009235646648462178,0.0004816775885995999
2012-12-04,-0.0014149487075381276,0.0028690792661586143,0.005758881201952432,-0.010346525202362707
2012-12-05,0.0017681516300386366,0.010684978411359063,-0.00047861253791142905,-0.0018262807650325558
2012-12-06,0.0033868762162626077,0.007529430397312085,0.0021519105706146084,0.002312732382919267
2012-12-07,0.003023808730975477,0.0030427648470379553,-0.009279001804444189,0.004004152985563731
2012-12-10,0.00042120238692498367,0.005593148319569205,0.004410321849840585,0.0038675379164635304
2012-12-11,0.006785260073074703,0.00509941921616282,-0.007630138873036894,-0.0009051692074031703
2012-12-12,0.0004879812601725632,0.003001732893002829,-0.01167785425886678,0.0007242193101501478
2012-12-13,-0.006150676009672281,-0.00438980957937186,0.0007336767450604443,-0.008481356697994205
2012-12-14,-0.0037230711412542137,0.004389809579371806,0.007470980208284636,-0.0014611280186981382
2012-12-17,0.011683956054353893,0.0025324467242477627,-0.015080761359170016,0.0018869503829595713
2012-12-18,0.011066981260259106,0.006961854915716925,-0.010237055842578759,-0.014455725078867119
2012-12-19,-0.007456631987970896,-0.00045966063294039115,0.0033136186850447466,-0.002409114946575244
2012-12-20,0.005735924315390898,0.0059577740374265244,0.00016553543171218035,-0.012196073797178996
2012-12-21,-0.009118550002051995,-0.01148895048561334,0.010856107475904542,0.00374933956743618
2012-12-24,-0.0030864274930059122,-0.002082295899141166,-0.001800974202149569,0.0018070937392538678
2012-12-26,-0.004223800880113186,0.003006148608059285,0.0035901849399917096,0.0009956669468964311
2012-12-27,-0.00134141594200585,0.005619889030950905,0.003350109636178352,0.002360719739151777
2012-12-28,-0.010866741546135374,0.0036677902683178625,0.005693140697695794,-0.003854592163680614
2012-12-31,0.01685353383105359,0.014764898836862621,-0.017424511381627705,0.009176719889400711
2013-01-02,0.025307260670288104,0.019426545231217424,-0.01345848288889835,0.0070727801089134085
2013-01-03,-0.002262146466697924,-0.0071015152438868535,-0.013642651356750033,-0.012146779740190669
2013-01-04,0.004381912870533772,0.0020024143746893985,0.0038925238940764827,-0.0047257550222331544
2013-01-07,-0.002736518439790431,-0.007586301618000926,0.00042284592781662944,-0.006315147639550098
2013-01-08,-0.0028810877030246663,-0.008998710341670416,0.00656295733897321,0.007062780803268713
2013-01-09,0.002538815894045873,0.004284789352436259,-0.0009235143004976731,-0.0004360197219949153
2013-01-10,0.007918276428172333,0.008737446520957867,-0.0027738051483277883,0.009241174883853428
2013-01-11,-6.808476484186152e-05,-0.00806273267311013,0.008883815692161009,-0.005695893235337639
2013-01-14,-0.000679929134199472,0.004263522633683568,-0.0027570709963085772,0.002975797243476377
2013-01-15,0.0006799291341993828,-0.004263522633683575,0.004590627412411201,0.006294400919113552
2013-01-16,-0.0001357924540838473,-0.0008999106940496414,0.00208069909219289,0.0005534660222785934
2013-01-17,0.006439187003556972,0.005611115587744012,-0.010024266052128824,0.004294560017826217
2013-01-18,0.00222755318082367,0.002235409934726206,0.007694116336248458,-0.0015930021974330576
2013-01-22,0.00537864718760638,-0.0015642051573838808,0.0019144298225429017,0.003550021116017711
2013-01-23,0.001608039540902981,-0.0053824096710366545,-0.0014983749353299622,-0.002814438031338391
2013-01-24,0.00026754159105142123,-0.003604626966019697,-0.003502957303841832,-0.01102810374616787
2013-01-25,0.005606876460547258,-0.0033905810750807673,-0.013799324292555261,-0.004781604983568098
2013-01-28,-0.0011990077413462483,-0.007044718153567443,-0.0036493994333447392,-0.002243414817202356
2013-01-29,0.003923888714010037,0.011112566406326798,-0.005542976402134907,0.004357652623316265
2013-01-30,-0.0039238887140099835,-0.0047477616044227415,-0.001711621442495565,0.007426217176999296
2013-01-31,-0.0024685215778588654,0.0020375486499838173,0.004870205911524908,-0.006122691411324907
2013-02-01,0.01023475467182073,0.006536788736525354,-0.01306987388622446,0.0015496671610711066
2013-02-04,-0.011304108446871238,-0.013344284013648532,0.0127284848680476,0.0034008569302853
2013-02-05,0.010047297226468898,0.0011381916637551528,-0.00892699661082788,-0.0002469026145644602
2013-02-06,0.0007275631550758856,-0.0011381916637551654,0.008157522795452767,0.0026514131006226955
2013-02-07,-0.0013238073673547612,-0.008919175060962263,-0.002226003316170484,-0.003392675486914591
2013-02-08,0.005548896561306036,0.007324316886197394,0.0038498171341055888,-0.0016696396112383367
2013-02-11,-0.0001976636366677731,-0.00045615793961278027,-0.0007691944397427986,-0.011641494508639208
2013-02-12,0.001645710213047049,0.0027339475160536547,-0.0024806005972159346,0.001189038868357003
2013-02-13,0.0008548739865100924,0.004993271517856453,-0.008171424999196215,-0.005267437597442791
2013-02-14,0.0009197734006130534,-0.00045308315554285595,0.009026677301028494,-0.0044108258534539865
2013-02-15,-0.001182811255015192,-0.003630338058858157,-0.0029135240514283523,-0.016491485732013745
2013-02-19,0.0074669716848380025,0.00204391042379655,-0.004991264081916863,-0.00276442800912232
2013-02-20,-0.012541766530717095,-0.008887003059549117,0.0030151150941879193,-0.02536237476562978
2013-02-21,-0.006097469499421078,-0.013828410003699984,0.005831006024723828,0.007761616845874272
2013-02-22,0.009725201316905695,0.00439953062382084,0.000684015309816921,0.0022906918469714913
2013-02-25,-0.01921066576627857,-0.013491468011728243,0.0194630673091837,0.008916105586720739
2013-02-26,0.006822788880972256,0.005604599783023859,-0.005799845156471327,0.012107340694240326
2013-02-27,0.012519027202145915,0.010886169497162665,-0.0029540480820838522,-0.010618162447447536
2013-02-28,-0.0019767739519717976,-0.004617998143737539,0.0018581739149206942,-0.010209194156268543
2013-03-01,0.003292686663526624,0.002311841179194787,0.005431204918455172,-0.003666829371253608
2013-03-04,0.005311072522425391,-0.009511765690562527,-0.005313165868854345,-0.0009188120822602375
2013-03-05,0.008919225742180053,0.012048175741563654,-0.00287852344830504,0.0005251531495988175
2013-03-06,0.001359697148748116,0.004824975774252276,-0.009114816937613903,0.005562599618897849
2013-03-07,0.0018111934369917672,0.0027464630625456247,-0.007731668665662957,-0.0035302945226979147
2013-03-08,0.004254585152685607,0.008648143745925313,-0.010489252103028136,0.0001310037451856418
2013-03-11,0.0037888941360047458,-0.005453344742866661,0.0009581453316983854,0.0018318537547607815
2013-03-12,-0.0022458967460649267,-0.011457156209745254,0.007200664157013374,0.00781302833234655
2013-03-13,0.0014120441009178792,-0.009494262960537965,-0.0010382513837678845,-0.0034432307449765156
2013-03-14,0.005309775577774784,0.004179415151534232,-0.003032641060387725,0.00013007752936968284
2013-03-15,-0.0013207472326517758,-0.009077420777516398,0.0046755570575308944,0.0020801316122226374
2013-03-18,-0.005534279114228748,-0.01128602044675178,0.007572796513082165,0.008921158533619225
2013-03-19,-0.002325601936237356,-0.007119217254806001,0.006750195743056581,0.00449494709912103
2013-03-20,0.006960704430676406,0.005699398574104809,-0.011217801706065818,-0.004559370369457158
2013-03-21,-0.008579068828242343,-0.010234882841648555,0.009598833147012528,0.005647950939598429
2013-03-22,0.008000892890665417,0.0038205424821568888,0.0007668303637117086,-0.004490045653721258
2013-03-25,-0.004185718080686302,-0.000953828805873165,-0.0009377772451146702,-0.001994901077106218
2013-03-26,0.007970425177753296,0.01421163819764245,0.0011939462985292807,-0.00335530229094277
2013-03-27,0.0,0.0037559096078207967,0.008484105274168445,0.004127968876901494
2013-03-28,0.003068721836068235,0.002106460487354713,-0.005082176795158982,-0.005874608865923951
2013-04-01,-0.003965213860298527,-0.010813255354518882,0.007503634412256241,0.001423403605869597
2013-04-02,0.004921915415961779,0.00047242138795942803,-0.004062061800442491,-0.014588376987558337
2013-04-03,-0.010191017714762203,-0.011882088767951162,0.008949379303938427,-0.011215297746718735
2013-04-04,0.004050758506370932,-0.0028732557633425865,0.011865274006946671,-0.0029234122040560696
2013-04-05,-0.0045012151668784245,-0.002400263768197282,0.01998372119581947,0.016628587367166922
2013-04-08,0.006744064414374104,0.001681009299558428,-0.007683357687751634,-0.004262680775851177
2013-04-09,0.003451156453633993,0.009788883437752851,-0.0024643371023958917,0.007725031383893976
2013-04-10,0.012174133517656798,0.009458571685937485,-0.01383102100476557,-0.017034818641169572
2013-04-11,0.0032719002393760284,0.0009406797767899874,0.001915952463452687,0.0019880924290127428
2013-04-12,-0.002452620631888377,-0.015401267297150729,0.014789583868327938,-0.048144932178246586
2013-04-15,-0.02344684057799415,-0.02465662850366308,0.008655864957131516,-0.09190507457983844
2013-04-16,0.014654696319094421,0.020349504536495172,-0.008246035454100109,0.011283338744214735
2013-04-17,-0.01471921225570628,-0.01595390508926793,0.0066183831656850805,0.000526909831982771
2013-04-18,-0.00627327078585039,0.0,0.0024406202271336497,0.010704956398210237
2013-04-19,0.00865587466798428,0.014513860869791338,-0.0021146984652860917,0.008674096350888906
2013-04-22,0.004428078715643508,0.00479157735446009,0.0007324207153590626,0.01777851793528908
2013-04-23,0.010256058845812783,0.004768909283250417,-0.0035044844259871557,-0.007424075282657943
2013-04-24,0.0006339405746761863,0.005929226465344779,0.0025277444351369275,0.01082655613705574
2013-04-25,0.004045552245785456,0.00894549323881234,-0.0043256686244003365,0.023286836308933283
2013-04-26,-0.0017677008274121007,-0.010128565576378347,0.009118829021104797,-0.0050966430061307215
2013-04-29,0.0066765338331392235,0.010362632296963093,-0.0036538425422324656,0.009816111845741552
2013-04-30,0.0023823817386905716,0.014191155365746598,0.0005696648694478798,0.003297447184859199
2013-05-01,-0.008806341865531607,-0.01091639315471997,0.010220304787474079,-0.011695241331580094
2013-05-02,0.009244767135024078,0.007909119053844355,-0.001290937224909447,0.00572377326421984
2013-05-03,0.010090092833164034,0.008306321936742331,-0.02385942158660501,0.0011971282175668827
2013-05-06,0.0025368581414816,0.001377820676259347,-0.0024833628582820377,0.0004221612830436374
2013-05-07,0.0050557813524547334,0.007087861405747235,-0.0039041135821419365,-0.012529729074763163
2013-05-08,0.004540564580240812,0.00771704442078627,0.0015802013800258045,0.01470823959319662
2013-05-09,-0.002819577895166915,-0.007261277814115734,-0.0025792801515544836,-0.011649859087374476
2013-05-10,0.0032482982904945045,-0.00777350311715589,-0.010804630952828145,-0.008630212541188757
2013-05-13,0.0007950577057370392,-0.00922244497451172,-0.007692544975307453,-0.008416504259274501
2013-05-14,0.010280945364805382,0.004621795426877922,-0.010922048463164987,-0.0044888226191427795
2013-05-15,0.005372087563348993,0.0002308176025223595,0.006669702962915089,-0.023345595911785897
2013-05-16,-0.004706482653886685,-0.0034638654554883653,0.010343565957186674,-0.004019122278807547
2013-05-17,0.009630845132180968,0.0043851960712287434,-0.012732621433186526,-0.022779601469059194
2013-05-20,-6.0462142231003835e-05,0.002530460894621309,-0.0011966714973189933,0.030431648851024378
2013-05-21,0.0014371862912409513,-0.002069879252078116,0.007838072473568623,-0.01671673431161512
2013-05-22,-0.007445476358593586,-0.011111275198287284,-0.014962762562838515,-0.007099209752431566
2013-05-23,-0.0028969307483600673,-0.007476445386114464,0.004727325053373815,0.020034420891585903
2013-05-24,-0.0008470455727082888,-0.008715298113701147,0.0013706803129262446,-0.0063346049211476085
2013-05-28,0.005971330104477805,0.0054263304604008035,-0.025669413582206764,-0.0020204984510566455
2013-05-29,-0.006515677611811087,-0.012787259848194801,0.011181270047214944,0.009988129408433648
2013-05-30,0.0036853780023337517,0.0,-0.0024351824916748572,0.013773982178960965
2013-05-31,-0.014455821139176123,-0.018278321973395573,-0.003401986648399476,-0.02054612833699834
2013-06-03,0.005491033019481121,0.014697387354081088,0.005284942302883032,0.019155238706458418
2013-06-04,-0.004818882073888696,-0.012273143592934731,-0.00927807226561509,-0.00942083088363743
2013-06-05,-0.014099708065273348,-0.018080292472425992,0.013711141734574763,0.002142261538931351
2013-06-06,0.00901294127466488,0.008347668187368713,-0.0006066919379510333,0.007425099325577856
2013-06-07,0.012639726154052951,-0.005147927593693355,-0.018040868029770438,-0.024092192496149724
2013-06-10,0.0,-0.013608581128374467,-0.004784037698981523,0.004939787449919778
2013-06-11,-0.010368505899073824,-0.019115439001352832,0.01182881918778804,-0.0051648936635613095
2013-06-12,-0.008312019007908164,-0.00687976868489223,-0.01440669418398914,0.007476670343020137
2013-06-13,0.01509396264775554,0.021000128364160833,0.01554683894436249,-0.0038060756896859606
2013-06-14,-0.006291906757982713,-0.0158992476887383,-0.0023701892981202294,0.005145905283357988
2013-06-17,0.00769173590926525,0.009116076511215397,-0.005284232240581294,-0.00492162373629442
2013-06-18,0.007874804023656206,0.004275956095197281,0.0005291590004255967,-0.012335615865617823
2013-06-19,-0.013913181224748977,-0.031360056741518545,-0.010382207932982342,-0.011723707191219441
2013-06-20,-0.025090343947356195,-0.045841707362992985,-0.01654861773685316,-0.05501208351122277
2013-06-21,0.003204979363390293,0.01426857014864963,-0.01710382224809736,0.011663149049636777
2013-06-24,-0.012716929804310793,-0.02052431914149178,0.004143478666824787,-0.0089967891886606
2013-06-25,0.009568506146405342,0.021058670374560575,-0.00895164661518323,-0.0037186710729782786
2013-06-26,0.009852521744125278,0.015639981362214853,0.006467721147200464,-0.04294353680246575
2013-06-27,0.005852904424564923,0.019867071745843335,0.010170949970141636,-0.019981847694739895
2013-06-28,-0.004106057055637051,0.005730486003444747,0.0068139383848834665,0.026974604047993497
2013-07-01,0.00584283662453314,0.0031119750938804476,0.002013130993409204,0.016816885336969126
2013-07-02,-0.0009302316947551986,-0.018028213562535356,-0.0006336550289964128,-0.008955978266061641
2013-07-03,0.0004338627719875798,-0.009270043997402803,-0.002996045304242526,0.005731107587480113
2013-07-05,0.010730889202246815,-0.0064065287993576225,-0.034682595430804,-0.022192441073447894
2013-07-08,0.005689027982428843,0.001337816326691538,0.00964612493093669,0.01195305315168202
2013-07-09,0.007171128883651662,0.013019932111011236,0.001025452135662022,0.009245063039676966
2013-07-10,0.0003635924908333372,-0.00954922580420462,-0.007852780067053948,0.0027320810310944702
2013-07-11,0.013528595203189017,0.047876150900717694,0.011662639143225616,0.026837949821575214
2013-07-12,0.00041783660862204983,-0.010728022850958356,-0.0008354320258860998,-0.0008857802448473976
2013-07-15,0.0038134207872765097,0.010219890681722806,0.005278007191685375,0.0004027469930758848
2013-07-16,-0.003753825018785102,0.0040591186225547304,0.003411000203127178,0.005701216593606186
2013-07-17,0.0025638972498334195,0.009072399869365425,0.0018388939642847478,-0.01265074444459673
2013-07-18,0.005462363974809766,-0.01186141665111883,-0.012571316028841999,0.005579624197672816
2013-07-19,0.0017750982295492055,-0.0027967531751811043,0.015690006494861092,0.008831130466871416
2013-07-22,0.001949109922303176,0.009879956823056256,0.0014641544543150698,0.029377940831470724
2013-07-23,-0.0021263882494036036,0.010781052058549324,-0.004215110022010639,0.006729945073879884
2013-07-24,-0.003671894736709099,-0.010276829125471832,-0.012752993106795923,-0.017341725231021614
2013-07-25,0.0024297286406647412,0.005777813844802465,-0.000373066059451433,0.009291457084115504
2013-07-26,0.0010651930296597134,-0.002256742315527893,0.006122541392838881,0.000854539664784338
2013-07-29,-0.0030802127277299455,-0.012632698992560164,-0.007332733544230749,-0.002410089085684926
2013-07-30,0.0,-0.0022912746187848847,-0.0003721285541251358,-0.0027281369156585316
2013-07-31,0.000711911847533598,-0.005878684288206367,0.003627132628240082,-0.0012495787031893267
2013-08-01,0.011492032405973747,0.018037033115262602,-0.01945590791254277,-0.010606207573640596
2013-08-02,0.0016976546158522581,-0.0002520475235879649,0.010949886799434035,-0.001976519588739746
2013-08-05,-0.0014631360769431715,-0.006315299813850409,-0.007728189401481861,-0.005236889446047351
2013-08-06,-0.005699142504383648,-0.012751845463618332,0.0029287049061907373,-0.01385848062127863
2013-08-07,-0.003245732979376484,-0.010838828441819022,0.007424915624808534,0.0014509135479650783
2013-08-08,0.0036580451542736784,0.019018394741756157,0.0027111599673049084,0.02159359677218957
2013-08-09,-0.0028895374460918694,0.0020347835036150924,0.0015864792087449799,0.0
2013-08-12,-0.0011818822891081393,0.009356447467623001,-0.006829058114021477,0.017735565654740437
2013-08-13,0.0029522586077764643,0.0060227373869360884,-0.014561920754426493,-0.0108227552615397
2013-08-14,-0.0051430543592060046,0.003247040523431129,0.0015231566315762376,0.009815472951498759
2013-08-15,-0.014084845179758807,-0.0115374513767215,-0.01359618252104367,0.020638289899497057
2013-08-16,-0.003310964487251151,-0.008613945760491046,-0.003476724949882235,0.006735556363018295
2013-08-19,-0.0064125000410768,-0.019009264297495214,-0.008744906597938426,-0.004308614943246926
2013-08-20,0.004903697002372075,-0.0018170046988192723,0.00767980337563502,0.003327556996308892
2013-08-21,-0.006178943778773093,-0.023660238848317937,-0.01100364797930928,-0.002873052164441264
2013-08-22,0.009073705308012834,0.016097277747013954,0.01013146103588834,0.005587376516652108
2013-08-23,0.003366417988537428,0.011711338999326665,0.010797516581895861,0.015614200939507474
2013-08-26,-0.003727419372333661,-0.010926305922614279,0.00497337764596147,0.004068828031624427
2013-08-27,-0.016215024499708942,-0.023287867421257127,0.012515808449669256,0.00955189530149838
2013-08-28,0.003544524907467513,0.0021394792135509505,-0.008135606325981003,-0.00029249824790502016
2013-08-29,0.001584975337993004,0.007983291313215755,0.007947789567763897,-0.006163432755339088
2013-08-30,-0.003172930714574438,0.007656681041529395,-0.0011321706974621612,-0.009242551987358015
2013-09-03,0.00451205104309886,0.006292701761451533,-0.014204773549171362,0.013282390492898161
2013-09-04,0.008238804199371313,0.017617060020679396,-0.0022094388988791367,-0.012985238492024438
2013-09-05,0.001266783474734356,0.011743640823419896,-0.01404155601569718,-0.01843720597917757
2013-09-06,0.0004815745247311874,0.014613660700017022,0.0049616683609160946,0.014642627040753583
2013-09-09,0.009530459796255112,0.02592396776219328,0.0004844099832931824,-0.0017905715189216484
2013-09-10,0.007369583406268555,0.007527424502078545,-0.0070079587626819964,-0.016337634945460925
2013-09-11,0.003133711832184429,0.0007252448535717501,0.008849297386630546,-0.0003037393323617421
2013-09-12,-0.0026597595354082887,-0.01167040103622457,-0.001356741250989307,-0.03107779008702503
2013-09-13,0.002246809807261325,0.006581446518458249,0.0038710800275918093,0.0011742263444235006
2013-09-16,0.005770961903334459,0.011113682633974397,-0.006685717441372696,-0.010776072852725437
2013-09-17,0.004452596026655469,-0.0021645245333678197,0.008229333826556773,0.0003953591857079829
2013-09-18,0.011507689616243093,0.04104331537009402,0.012266382259884488,0.042635327513365635
2013-09-19,-0.0016772550960740282,-0.005329470966372856,-0.005921920813625523,-0.001971448259468817
2013-09-20,-0.0070162736797432755,-0.02255719755833963,0.0052549198269601005,-0.029188479494947676
2013-09-23,-0.004637990387552231,0.0035581855227826615,0.007312861429727769,-0.0032092394127312043
2013-09-24,-0.0023571114311861066,-0.008561359684068202,0.010727715848199862,0.000862040000545821
2013-09-25,-0.0028941655611651354,-0.007672310844141267,0.002058075510826398,0.008812610259893472
2013-09-26,0.0038378105213805022,0.0040834766771153195,-0.00703136849509952,-0.007794819989308921
2013-09-27,-0.004607053795879844,-0.011814619643288596,0.002443025471982612,0.009191529856392782
2013-09-30,-0.005343101195161856,-0.011465138802807768,-0.0015021982727147294,-0.006144359705342492
2013-10-01,0.007885206048408191,0.01967769585972826,-0.0030391849564045904,-0.028407152018487033
2013-10-02,-0.0009453731931788971,0.0038416068955761493,0.0015108639051872347,0.01963107970630708
2013-10-03,-0.009263629042086977,-0.0038416068955759997,-0.0016054392598640306,0.0009440116150262174
2013-10-04,0.007548026587332285,0.012906685785768503,-0.0007563090591972521,-0.005123983685186541
2013-10-07,-0.008681889166683566,-0.008585861365732788,0.0040593979175537545,0.008734372074589061
2013-10-08,-0.011715400382431048,-0.009627285170342966,0.0002826616151927277,-0.0018820415130879548
2013-10-09,0.0007248490790416227,0.007469206648968319,-0.008038438917971399,-0.01017720830751646
2013-10-10,0.021329094886055333,0.0232512566476923,0.0016130094373815337,-0.014697956002940963
2013-10-11,0.006422719288805437,0.004446311437054375,-0.0002839694336277633,-0.013529579748560205
2013-10-14,0.003986170114332822,0.005820008792881414,-0.008093187856737967,0.0018742894021133204
2013-10-15,-0.00728096313317508,-0.009797150732054491,-0.000669128186669112,0.007300498898775199
2013-10-16,0.01386923863430367,0.007938178180902044,0.012453179968195515,-0.001536801678475267
2013-10-17,0.0066608489639825436,0.006259389214255047,0.00902850866369201,0.030923704639582567
2013-10-18,0.006731802409826848,0.0009241183870474327,0.0021510275909638037,-0.0044834283018233756
2013-10-21,5.772511184212006e-05,-0.0016172740059195458,-0.0031816964046489267,0.0010243461627259776
2013-10-22,0.0057746995094449674,0.009666138163294887,0.011090872158563107,0.018414947525612457
2013-10-23,-0.004800806464464874,-0.023639719437461234,0.003885665320200716,-0.0050381372278342695
2013-10-24,0.003317013795586396,-0.002112986894800878,-0.0038856653202006203,0.009358446213496314
2013-10-25,0.004557186045034002,0.004689582424522555,0.0037012905595409924,0.00430184114069166
2013-10-28,0.0015901266854741129,0.005830752149061837,-0.003423213037882627,0.0007661546853194367
2013-10-29,0.005320116098442832,0.0032507628467262698,0.001296338888918352,-0.006069186843828599
2013-10-30,-0.004979573284055511,-0.0055790558760494624,-0.00603269001284375,-0.001310854659270559
2013-10-31,-0.0028404038103395945,-0.010309502608208523,0.0021382176713864703,-0.014455899603027917
2013-11-01,0.0023864638642851783,0.00047115803074947605,-0.010882636543294355,-0.006203647298539357
2013-11-04,0.003512122528304335,0.006101763271093011,0.000941309718509549,-0.0011034001173000462
2013-11-05,-0.003171755402210452,-0.020326952877954458,-0.01202055969481892,-0.0019733992654948685
2013-11-06,0.005093146104015967,0.0030992439976355876,0.00047631812253436264,0.00504414218537563
2013-11-07,-0.01272406962682185,-0.018256296427973467,0.00843475525339398,-0.008209655231932443
2013-11-08,0.013400788128595999,-0.002184204612463605,-0.0243595914670053,-0.015013896979636615
2013-11-11,0.00016905483739223953,-0.005115352731787046,-0.003779753138179771,-0.003304423963436345
2013-11-12,-0.0020320409996855697,-0.005386711814653071,0.004649841989310757,-0.011529892263514105
2013-11-13,0.007992229055943795,0.0017170388828404537,0.0036633822614836006,0.00326132807082609
2013-11-14,0.004977004271442609,0.016047049131336744,0.006142866347165926,0.011492504258155503
2013-11-15,0.004341705976403171,0.01887545244996425,0.0020074707053869914,0.00040229335990021333
2013-11-18,-0.0035049935805000422,0.008953652293929233,0.005997112464826232,-0.01148785517697459
2013-11-19,-0.0021761716307832604,-0.006117437920773453,-0.007622764484930107,0.0004067148534695573
2013-11-20,-0.0031331406440812293,-0.013783505466576335,-0.01716964709232557,-0.023286477860624745
2013-11-21,0.008036269404138497,-0.0009576263729362959,0.001652099558121047,-0.0014996278848543561
2013-11-22,0.004990252245855203,0.00715988437392322,0.009282254415114818,-0.00016679957021943872
2013-11-25,-0.000995997489608086,-0.012925041459059466,0.002882675439729096,0.004492901489940914
2013-11-26,0.0002766377263676746,0.0033669506842557463,0.003735842694827909,-0.005327125906487885
2013-11-27,0.002432285682854,0.006461620386554043,-0.0017228199347891894,-0.0030090344685490583
2013-11-29,-0.0006629254133554637,0.010204980289964112,0.0002878954890868392,0.01032652317938159
2013-12-02,-0.002600235492395333,-0.021238929259244834,-0.007808685111140249,-0.026189134272709247
2013-12-03,-0.004329613402902599,-0.003382041925912091,0.0036703922006893113,0.003226607638787976
2013-12-04,-0.0001111763669192359,-0.0012112280149630132,-0.009590872305428714,0.016812770063131668
2013-12-05,-0.00440518234893818,-0.005832468364746088,-0.0028275702865891814,-0.013934549467759712
2013-12-06,0.011114840992187755,0.021936673422037777,0.0047725984985922286,0.00211104147267288
2013-12-09,0.002539168136815945,0.0014295948641195554,0.002328779128868522,0.009820854927032762
2013-12-10,-0.003589830302007965,0.00047613762658617814,0.007148311993213808,0.01738884972238615
2013-12-11,-0.011294503909324962,-0.022380821329791325,-0.0077303910383603935,-0.00791168691971828
2013-12-12,-0.0033067357678673638,-0.005858092180691266,-0.0037899563509867424,-0.021493611686152832
2013-12-13,-0.0001120814766704312,0.002444869703836098,0.0048567554557420465,0.009172415436119621
2013-12-16,0.00621229762367948,0.006571958124346518,-0.00368851937071481,0.0025934275495750453
2013-12-17,-0.003185317964465606,-0.008771997890877611,0.00446306073460229,-0.008727091540916273
2013-12-18,0.0169282322903313,0.019708767224992086,-0.0050463781771702635,-0.008803924689540665
2013-12-19,-0.0011563638423740755,-0.018573367957967633,-0.0009740385685488038,-0.024008388970939976
2013-12-20,0.005800465313144219,-0.0014811313433682602,0.01527152494997855,0.009707154887455789
2013-12-23,0.005328170434471804,0.007383694058218926,-0.005675166979795554,-0.0031964326223482427
2013-12-24,0.002189213059687771,0.005867987527704233,-0.00803900195906629,0.004575471214311559
2013-12-26,0.005070768855667402,-0.008569244561686054,-0.0038610228658671297,0.005497345915552918
2013-12-27,-5.405057183300377e-05,0.015372062277098768,-0.002844781058853825,0.003249852187408676
2013-12-30,-0.0001634977736267462,0.004348687963065598,0.006851553904372997,-0.014881383746899304
2013-12-31,0.004721665323986073,0.007684857855691783,-0.006360529454766487,0.006306472892281937
2014-01-02,-0.009630032765607054,-0.03927793622598115,0.0030384765869084745,0.016060461656273138
2014-01-03,-0.00016432918706154977,-0.0017432635328754546,0.0,0.01087288650299346
2014-01-06,-0.0029013610739844387,-0.009516637675833384,0.0041997760460346124,0.001758860402907068
2014-01-07,0.006122625085970567,0.0042684139487531615,0.0025311050030483407,-0.005706631012357315
2014-01-08,0.0002179514507184945,-0.0032626803056938327,-0.002725901627287235,-0.005908660231014066
2014-01-09,0.0006536717746584392,-0.005292885685108043,0.0058321462286597915,0.002874262992047153
2014-01-10,0.0027190764645288667,0.017535887734870838,0.011850889821618379,0.015080740254614516
2014-01-13,-0.013394449122664093,-0.011991335382811207,0.004967773293762748,0.006299710080651556
2014-01-14,0.010838928415900253,0.010748684547951873,-0.0045849416751057425,-0.009381142826874576
2014-01-15,0.005375571717188768,-0.00024878990656934023,-0.0010539902539434488,-0.0019202320624570302
2014-01-16,-0.0013003388067140886,-0.005485920001654402,0.006686998634075679,0.001085798819833523
2014-01-17,-0.004238788668239646,-0.005013974639728186,0.004179787256032118,0.009471650934748868
2014-01-21,0.002936348799934023,-0.0015091955906843956,0.0007576525122752904,-0.01022328125188354
2014-01-22,0.0006510242645977565,0.013251864477222368,-0.0024654683106235687,-0.0042697080909429135
2014-01-23,-0.008226951868407079,-0.0248973078007605,0.014050708262367009,0.02157937863834963
2014-01-24,-0.021566533235806366,-0.026579120584413012,0.006440619965517509,0.004097023071523926
2014-01-27,-0.0049316878144431125,-0.003930218466110932,-0.007003191277753583,-0.010935375825426051
2014-01-28,0.005937395621151384,0.006281229390930554,0.0024336835092713285,-8.269303790833496e-05
2014-01-29,-0.009651446920895394,-0.014453233655601569,0.00819085558895189,0.012488900176089597
2014-01-30,0.01054452615145587,0.00922167393995326,-0.0028776886209785414,-0.022292903069312663
2014-01-31,-0.005875357133765858,0.0015723436853491068,0.0066720370670562265,0.0026682222466366365
2014-02-03,-0.022762672497999327,-0.02868752795105605,0.012110815651072545,0.010190249127034517
2014-02-04,0.006980006928924908,0.02000888210909881,-0.010668055951390497,-0.002723800407789108
2014-02-05,-0.0012546813057694776,-0.003704660808253791,-0.009288157679481766,0.0024764999719102173
2014-02-06,0.013100894125137654,0.02072731602525387,-0.004301673096387462,-0.00041234529928657837
2014-02-07,0.01231942550474119,0.005696670259849663,0.0008429295752434006,0.007641467858454635
2014-02-10,0.0018346168119580566,-0.01116438987231553,0.0028050787868055833,0.006120219937763649
2014-02-11,0.010884414738863715,0.021439503373750113,-0.005806257453524174,0.011646867732522596
2014-02-12,0.0004946483801636182,0.0002555283801397413,-0.005179252647605656,0.0005627211416357906
2014-02-13,0.005149578471463126,0.0010212703621199004,0.005648500832590666,0.008482745858973658
2014-02-14,0.005503733299940389,0.012176900324544849,0.0005633508842691751,0.01314144676964577
2014-02-18,0.0011950904167514328,-0.009373313296643801,0.0022500343810303493,0.001964251246385302
2014-02-19,-0.006643703916049345,-0.006895707359509068,-0.0042226986466213,-0.00890931024990728
2014-02-20,0.0058834962457518245,0.0035814565176561916,-0.0024469990085953927,0.01047791408716357
2014-02-21,-0.0011418558969820737,0.006871328858981888,0.005263944126839785,-0.00015672578637373395
2014-02-24,0.005531821643367274,0.0,-0.002534883171961124,0.010991291396995246
2014-02-25,-0.00037921338065607127,-0.011478565092947863,0.008889493506517493,0.0017041151320099485
2014-02-26,5.447250242646168e-05,0.0007694014926777101,0.00529555332716383,-0.008549765062402548
2014-02-27,0.005233891202975174,0.01879176425515481,0.005452165653644167,0.0007022460492867505
2014-02-28,0.0025260907969715425,-0.006815383946570872,0.0005526267926616779,-0.00453440072014137
2014-03-03,-0.007056780810738195,-0.017889752646131542,0.006653651317149902,0.02070556372289368
2014-03-04,0.013957762837475867,0.016875930955540352,-0.01515635559038003,-0.012434038231916314
2014-03-05,0.0009056105173647267,0.0007606834725552784,0.0021394743618478856,0.0016306772285005259
2014-03-06,0.002287847507933832,0.014087990797305857,-0.009898526957407467,0.009881951730484863
2014-03-07,0.00042487190980807806,-0.012822120705624825,-0.006307378528817181,-0.008331467261762834
2014-03-10,-0.0005309933022981737,-0.006855436294345257,0.0014157015936548355,0.00030987952174799755
2014-03-11,-0.004955300581122253,-0.011273616114637683,0.002637185172712246,0.0056372651087014634
2014-03-12,0.00026745261377659487,0.0020592243054896073,0.006936037639031647,0.01452509239828917
2014-03-13,-0.01127659447163238,-0.018163377402082407,0.013360159828933701,0.00340957412514151
2014-03-14,-0.00281212068141491,0.005483620480741271,0.0001848327293722427,0.006709152953836264
2014-03-17,0.009003009486552974,0.012165412323792802,-0.007492420213285491,-0.01102985181906253
2014-03-18,0.00711244760063849,0.013796862179197802,0.003614531971466589,-0.0077786123459218795
2014-03-19,-0.005343048013491573,-0.02154485098789219,-0.0077999868687320005,-0.01955919383977943
2014-03-20,0.005822427931249428,0.004397931381782654,-0.001773453831318485,-0.0017971931407437896
2014-03-21,-0.003886186340438147,0.00617571645304682,0.010775321287456358,0.004759503433198317
2014-03-24,-0.004143588873150267,0.009701670963674745,0.007089305426200464,-0.017985962184133498
2014-03-25,0.0047345325902825456,0.01136799444330242,-0.003768229037474689,0.0018211601163198826
2014-03-26,-0.00721851741485959,0.0022581480278483362,0.007796753563021947,-0.0079422224405048
2014-03-27,-0.0021103267287977436,0.012948584615459693,0.005013329537049987,-0.006560082119566911
2014-03-28,0.004917622812051472,0.007885840788452215,-0.005653484636087357,-0.00024080899198659537
2014-03-31,0.008161312084044251,0.00660535248677141,-0.0024709415009143312,-0.007656055088048172
2014-04-01,0.006608765714180385,0.011636494326006998,-0.0085828066999636,-0.0017813868735330133
2014-04-02,0.003340954187655502,0.0019263387905033335,-0.005763535428394324,0.0075088182006584885
2014-04-03,-0.0013243738409378302,-0.0038565158192505654,0.004371736971594784,-0.0032227028320670663
2014-04-04,-0.011892598368310364,-0.002659744543400313,0.0066609104682830034,0.013227188238038482
2014-04-07,-0.01111295245826616,0.004348687963065598,0.005974945139670244,-0.0052698622747470985
2014-04-08,0.004114387144335281,0.01150569844790437,0.0023797640018622325,0.009402401345718429
2014-04-09,0.010693468212835757,0.007597101290902902,-0.004949102142824869,0.0018224588899723945
2014-04-10,-0.021229949611618136,-0.010700428809957639,0.009237564644144377,0.005447472804123671
2014-04-11,-0.009049351880210155,0.0,0.008069915573388809,-0.0006300845312460606
2014-04-14,0.007847996998289013,-0.0021538468581124882,-0.0026225550582594237,0.007221933997910394
2014-04-15,0.006863440030019261,-0.015208479924659618,0.006228325419862269,-0.018631632703176887
2014-04-16,0.010423444819353775,0.012569492074081121,0.00125909817179891,0.00039838308299643756
2014-04-17,0.001396135971257439,0.009086898168651103,-0.011024578502712167,-0.006312705550471783
2014-04-21,0.0034809359912571602,-0.006208298497619584,-0.0008178522016339712,-0.004096572985582176
2014-04-22,0.004533924471706262,-0.0026381753146049384,0.0033581626402742278,-0.0037093751967073626
2014-04-23,-0.0023443592219639232,-0.007230463777155641,0.005694666599631045,-0.000161562923454372
2014-04-24,0.0020247800681497817,0.0009669473345607719,0.0018907503639839557,0.006443284399615783
2014-04-25,-0.008232358113752598,-0.013625473914100015,0.0014381577481938105,0.0069603285441200615
2014-04-28,0.003162199730016561,0.004887524101631486,-0.004862431902442141,-0.004394582256213849
2014-04-29,0.004644591222930801,0.009462562258813092,-0.0013549571218762115,-0.00016013969152065024
2014-04-30,0.0029783520955366733,-0.0019335482378631242,0.00414902598037847,-0.00513891756378345
2014-05-01,0.00010586889071407908,0.0012089357915185687,0.010671160620537915,-0.0033868120568972798
2014-05-02,-0.0014347513448304892,0.005542548755371966,0.006140283045883911,0.010126217716067469
2014-05-05,0.0019126108847666635,-0.005542548755372049,-0.006051307437404475,0.00923282321005491
2014-05-06,-0.008742239999819577,0.004581128265595071,0.004008985256618918,-0.0019032349869848157
2014-05-07,0.0058723483281115044,0.005278556247610231,-0.003563180783863815,-0.014471611157944956
2014-05-08,-0.001065319116289069,-0.00239616718535247,-0.004291518004278352,0.0
2014-05-09,0.001491387903731432,-0.0016806081983461658,-0.003231127119953946,-0.0005638997673951992
2014-05-12,0.00968881307608797,0.01667931834887653,-0.004052901057213398,0.006745961691050962
2014-05-13,0.000895372226824138,0.003773510690461577,0.008627422675441964,-0.0027250474989195758
2014-05-14,-0.00474929234752051,0.007037282643813102,0.01076903431739967,0.009664218850403477
2014-05-15,-0.008819097909273722,-0.009394131086624666,0.007935972035998069,-0.008300797439581266
2014-05-16,0.0034627062770006193,0.013127026482539857,-0.002814456522333907,-0.002166299613193375
2014-05-19,0.0036626408415285894,0.0,-0.007425267662116777,0.000642378619059264
2014-05-20,-0.0063249583640246675,-0.008184219827744315,0.0022157919192412096,0.0008825820644809731
2014-05-21,0.008388918475622087,0.007718688405713403,-0.006128332066663762,-0.002408890273186768
2014-05-22,0.0024291186022761613,0.006965273697736294,-0.001425630390772053,0.0022484453545559245
2014-05-23,0.004001075702712627,-0.0018526138839074335,0.005338170538194634,-0.0012841805482511725
2014-05-27,0.006127723382197626,-0.008613865860600915,0.005838283915871905,-0.02159528357280623
2014-05-28,-0.0007316038573894523,0.005828204281011917,0.012275113787057836,-0.005348719092920464
2014-05-29,0.005159607480592528,0.0027856615795889975,-0.005329505703476951,-0.0021474734237060316
2014-05-30,0.0016101787347682442,-0.0137709869759546,-0.0004388381841351299,-0.0042259012255481555
2014-06-02,0.0011409521274878957,0.003050544971696941,-0.007460997905072478,-0.006080086737565226
2014-06-03,-0.0005183650446513235,0.005607782190428738,-0.012381340544421087,0.002586503374912596
2014-06-04,0.002020541593488274,-0.005607782190428741,-0.0002688841628195158,-0.002085332494818545
2014-06-05,0.006501339924224436,0.010488436075228766,0.00044813184184913386,0.007486945414296175
2014-06-06,0.004771503940659603,0.009920533407475283,0.0,-0.00041449870757462217
2014-06-09,0.001022781614797482,0.0036661754514234796,-0.0014353584756612058,0.0003316000625026315
2014-06-10,0.00010222065048676716,0.0052469596043977435,-0.0036857856660123724,0.006114693163497651
2014-06-11,-0.0034824329212132764,-0.0034187861764697893,0.001800566120430976,0.00016477983735385757
2014-06-12,-0.007105241584098848,-0.004805587837162272,0.008861284801471154,0.010079951867740265
2014-06-13,0.0030438278016337687,0.0004584917917117246,-0.0005345827636033912,0.0026058621978226784
2014-06-16,0.0008237688088947486,-0.0045967001699998115,0.0024932229220689175,-0.004401351318836742
2014-06-17,0.002775628407999034,0.00023028016776250278,-0.007947478780543459,-0.0011442534259886873
2014-06-18,0.007313216525538941,0.01099392936864142,0.007680179147261397,0.0031843210782079717
2014-06-19,0.0011198657407798232,-0.005710699462476032,-0.012893505893372742,0.03421674499309155
2014-06-20,0.0020286199845838365,-0.002064062737828877,0.007541574428769827,-0.0034722449435065487
2014-06-23,-0.0003064111642766159,-0.0020684464995063454,-0.0031355248428992255,0.0027629658487138523
2014-06-24,-0.006042568433965912,-0.0004600835223285162,0.010088202134227314,0.0010243461627259776
2014-06-25,0.00450976891229905,0.002108982150565131,0.002572174534118138,7.870619989025702e-05
2014-06-26,-0.0007159461986653629,0.001156304448511987,0.004773154175989331,-0.002049460796069654
2014-06-27,0.0019424307492618873,0.0023095175609882724,-0.0015003793127478175,-0.0005525055816399519
2014-06-30,-0.0005106701503722297,-0.002771741717755141,0.0024695359551329143,0.010836302664764272
2014-07-01,0.006670417447068972,0.009439155383495398,-0.008407327146462662,-0.002658923525334879
2014-07-02,0.0010148609818547627,0.005940236560410378,-0.010744727703366682,0.0
2014-07-03,0.004906127490835581,0.005905382254958216,-0.003608151086509799,-0.004237574298798854
2014-07-07,-0.0034874460134404293,-0.0006801300581233306,0.007291991895655352,-0.0011016368953835223
2014-07-08,-0.006450673347174126,-0.004542010218141926,0.011149727936635231,0.00039358536836548694
2014-07-09,0.0044739835606968925,0.00567496786327279,0.0007973060347130881,0.006041340057119357
2014-07-10,-0.003965045436709303,-0.005447399220619485,0.00026569005543225694,0.005460634339476959
2014-07-11,0.0013744594517443973,-0.001138474047963724,0.006360045949028362,0.001865424919652749
2014-07-14,0.0050228298812696895,0.007716766590697765,-0.004323994239352932,-0.024048290991992773
2014-07-15,-0.001874235587222554,-0.000678606143814096,-0.002036051709675458,-0.0095105807084893
2014-07-16,0.0036942855356229777,0.0024854910492337033,0.005302672176336373,0.003527077335086919
2014-07-17,-0.01143092113973084,-0.018909126636999368,0.012524278030808368,0.01682174981323043
2014-07-18,0.010167430168316343,0.015518520822457681,-0.003225065293735849,-0.007582368755593338
2014-07-21,-0.0018734747457251045,0.003390605814541721,0.004965533044557174,0.0016635571611118736
2014-07-22,0.004348807672352106,0.00921058901981399,0.002082806871194339,-0.004760390518762728
2014-07-23,0.0022172785443791486,0.0008942275312837548,-0.0013018667027075133,-0.0009547670752033489
2014-07-24,5.031856478263705e-05,0.004458192863115644,-0.007494222306570948,-0.010161340911870228
2014-07-25,-0.004692374796624304,-0.00401176507279147,0.011739096849004883,0.01151369915042729
2014-07-28,0.0004046322398572588,0.006899089074348569,-0.0013844325023810674,-0.0016708368622554031
2014-07-29,-0.004306584527962392,-0.00600594878644518,0.0036297241857361187,-0.003030585975810523
2014-07-30,0.00015224322770309082,-0.004920621214327912,-0.013984388532359886,-0.0029596079595894664
2014-07-31,-0.019945757958646757,-0.01764375245355084,-0.0029789268470367452,-0.011602760367427354
2014-08-01,-0.00305974764971895,0.005462052208605868,0.007711130304560703,0.007991307629640355
2014-08-04,0.0071943134106243,0.009262386088799587,-0.0026216951367825894,-0.0031404736308630744
2014-08-05,-0.00974351888370424,-0.015408831750828494,0.0032325622555782895,-0.0009682492234866406
2014-08-06,0.0003121983358076748,-0.006874820535361741,0.0006103099440549133,0.014426758317503117
2014-08-07,-0.005429018588883147,-0.003916479659762186,0.009285668974761149,0.004050052304525599
2014-08-08,0.011502253525895768,0.008962374768953315,-0.0021619780928388488,7.926565064659302e-05
2014-08-11,0.002893620562890507,0.01273021774979049,-8.671546520870649e-05,-0.0018243380474585883
2014-08-12,-0.001393921477656241,0.0011288189699904419,-0.006513399162589011,0.00023813280255596478
2014-08-13,0.006745933857857038,0.0054007085381156785,0.0065133991625890035,0.0016654041582138744
2014-08-14,0.00471098701532859,0.0015695157705934875,0.008019745523500592,0.0008712575320018362
2014-08-15,-0.00020426132168948965,-0.0026921402993843016,0.010847538478572335,-0.00659277338198299
2014-08-18,0.00834417870069908,0.009614226661070147,-0.009989365572149819,-0.004152731310402707
2014-08-19,0.005205248935399832,0.004662064768499503,-0.0030941848808327976,-0.002243221418003945
2014-08-20,0.00266834332661376,-0.0019956489809447894,-0.0016367734557059049,-0.0036962603887065737
2014-08-21,0.0029111348590175642,-0.004225316600739967,0.005589029541665454,-0.010845949910482008
2014-08-22,-0.001555051690568722,-0.0026776107618220993,0.005556974862074563,0.0025196517444803458
2014-08-25,0.00505788580866492,0.007347151207142032,0.0037435145761835257,-0.003659619235666915
2014-08-26,0.0006489426190516671,0.005971303127961692,-0.0032321275118674967,0.0049575510486128994
2014-08-27,-0.00039989292733122505,0.005058928956099897,0.008484989322232343,-0.00024323006176227963
2014-08-28,-0.0005489398504804919,-0.009921794433592137,0.005225413373228595,0.005498965061752994
2014-08-29,0.0028441727021931073,-0.001552661495049358,0.0006722852276684728,-0.0011296651673684001
2014-09-02,-0.000498596403506107,-0.0015544168850989953,-0.017401382889318612,-0.01800381866494826
2014-09-03,-0.0005484184011957455,0.013028872813740402,0.005552854171275695,0.004101728422874365
2014-09-04,-0.001447155332130273,-0.0026360635696281286,-0.01225732914418865,-0.005500142384415236
2014-09-05,0.0044849628253101365,0.008541949013961317,-0.0018994229222426345,0.004763039303479569
2014-09-08,-0.0025889526224369998,-0.01184718492364299,0.0004326040728423109,-0.010956031965065586
2014-09-09,-0.006351496122315085,-0.012436083811893745,-0.0007775463667614647,0.0011589354452107377
2014-09-10,0.003755637351121527,-0.004255090557271981,-0.006330081023354434,-0.005059527219948347
2014-09-11,0.0011493533259439952,-0.006755176295380707,-0.0033113259377244696,-0.006590779328069263
2014-09-12,-0.005858446639161376,-0.010675643536345383,-0.010528279933700348,-0.009165537985610185
2014-09-15,-0.0007537846333030724,-0.005036992018086611,0.0014984025312541783,0.002193926623932413
2014-09-16,0.0075099851601155765,0.012997623994569907,-0.004059063654101993,0.0016002230258534479
2014-09-17,0.001345909584113305,-0.009332068868768235,-0.0025679826281436078,-0.01091520673738707
2014-09-18,0.005315886248035644,0.0013714368922849993,0.003186497162753637,0.0020397581785849142
2014-09-19,-0.0009014831807102317,-0.007564863739892343,0.01264458344715162,-0.005875628567548555
2014-09-22,-0.007752995471132697,-0.01530291145804453,0.0012217414095300244,-0.0020517906581858703
2014-09-23,-0.005740619945620624,-0.005623071537394214,0.006168695372470348,0.006397974562940498
2014-09-24,0.00779754973514508,0.014230863096158664,-0.005559531758579521,-0.004687802480188137
2014-09-25,-0.01626737579570157,-0.022015209007168884,0.011776169185329846,0.002900499681904287
2014-09-26,0.007914075506927418,0.004489452696911824,-0.0014642209178279742,-0.002815116684031948
2014-09-29,-0.0018206584772861134,-0.02048168108700533,0.00798520486410196,-0.00025630125106070766
2014-09-30,-0.002636029822785525,0.0,-0.005659963255253891,-0.007031410399421769
2014-10-01,-0.013644434442246724,-0.020664766111199228,0.01920504710020904,0.004807267982801864
2014-10-02,0.00015461046629276323,0.00538942150677756,-0.008749933100456938,-0.00025693786276910794
2014-10-03,0.010949121393021847,0.008514767003443498,0.004257493519777584,-0.018414155642527203
2014-10-06,-0.0011712115018776648,0.01299706590136273,0.0005945159474742419,0.012313702004798997
2014-10-07,-0.015556945325147918,-0.008887196353739083,0.013410798918352517,0.002840071033501484
2014-10-08,0.01733849934273707,0.014847403129988357,0.00025088943430756996,0.009494153355036908
2014-10-09,-0.020032506263143353,-0.015812656501910407,-0.004364645062235759,0.0014461162700842916
2014-10-10,-0.011480048637849427,-0.02197375081818591,0.009877106914915156,-0.00042514180520484993
2014-10-13,-0.01656349339553468,0.010070061463134987,0.00606280794156635,0.007877727689301057
2014-10-14,0.0015463326387892072,0.00584813855053031,0.0065194584671555205,0.0005904407146892826
2014-10-15,-0.0067893642111813745,-0.012713725725528459,0.007865896991708051,0.0033673029177564103
2014-10-16,-0.0008582988742025857,-0.009146237987515855,-0.006386498796649793,0.0019310980168237603
2014-10-17,0.011741575603996718,0.011112154703219164,-0.005600908491150892,-0.0019310980168237627
2014-10-20,0.009663171827597234,0.00294294837890021,0.003627717713808723,0.006784273141083318
2014-10-21,0.01961701324803121,0.004153934525296521,-0.008014631753544768,0.00183465643646135
2014-10-22,-0.007136458136021793,-0.0066051426589641814,0.0010779020165122204,-0.0056818361839991085
2014-10-23,0.011558093741089044,-0.0002460522458492874,-0.008907014411846666,-0.006894837025991361
2014-10-24,0.007665544147802353,0.007094844458192372,0.0010031013138460903,-0.0014353713145334821
2014-10-27,-0.0013755478427520422,-0.00783166460654674,0.00183573758967437,-0.0024533739338829107
2014-10-28,0.011404841893489606,0.019947458879767115,-0.006272669625469288,0.000338761149914085
2014-10-29,-0.0015133944815953007,0.0014437876412719834,0.0022625661313932896,-0.01441323656422149
2014-10-30,0.006390637982451063,0.009335680046930988,0.0008365564826227631,-0.010535513585850021
2014-10-31,0.011370433353179176,0.00428002382105672,-0.002595720981818032,-0.022208494160597073
2014-11-03,0.0005452993281405376,-0.008338869476855465,-1.763711201632699e-07,-0.004537191400506066
2014-11-04,-0.003475088343777878,0.0009566654930293133,0.0031055658973995776,0.0006239666286797927
2014-11-05,0.006296027538622458,-0.008882395814788448,-0.0014258958536812326,-0.021891782615057327
2014-11-06,0.003995000922952291,-0.01237419854317745,-0.006482660601138036,0.0008193776453400158
2014-11-07,0.0009347160712695851,0.006327495468155697,0.01142193927754039,0.027733471313511962
2014-11-10,0.0031430320803040946,0.0026651793145919898,-0.009227968226253751,-0.022468851359662735
2014-11-11,0.0009797327217491826,-0.0009685357662164462,0.0006735026554334462,0.014202502378614763
2014-11-12,-0.001078285660402905,-0.001939290622276829,-0.0008424798042626163,-0.004831367663167211
2014-11-13,0.001126738996356592,-0.002672950853743963,0.0023576158910610222,0.0015234861605119636
2014-11-14,0.0002455878236709802,0.00823845483071967,0.004865884297983429,0.024764713533656276
2014-11-17,0.0006360523834069784,-0.010674318841595384,-0.0025139017039196446,-0.0036758151058755954
2014-11-18,0.00575717601374847,0.0053514619385207985,0.002764084470318137,0.008729867518400021
2014-11-19,-0.0016065766097618935,-0.00048541301879785446,-0.0063783590512784295,-0.011979356533504938
2014-11-20,0.0017523126873912945,-0.0017002327530608514,0.00520687646593688,0.010326514276663132
2014-11-21,0.0053367513882478824,0.031353180869455655,0.0060128583170855196,0.004603689167085155
2014-11-24,0.0028021090847214713,-0.008281068102308432,0.0008327834603555809,-0.0024294916878058385
2014-11-25,-0.0007236980938088174,-0.006435172821700823,0.008285237463275131,0.0023428067947762364
2014-11-26,0.0025554160209886934,0.012593257643433456,0.0027186512631734833,-0.0019085074799196843
2014-11-28,-0.002121027019573803,-0.020274823871935795,0.007868001776185614,-0.026841959934437463
2014-12-01,-0.006974049937060879,-0.017256178237945046,-0.005850909668092561,0.03909721071410293
2014-12-02,0.006442865846033431,-0.00024550826635491205,-0.009759484000377554,-0.012428974377113709
2014-12-03,0.0038556022055318013,0.002693836807055764,0.003898229490101099,0.010282221622139046
2014-12-04,-0.0011066739374903344,0.0017106262840030815,0.008327092172252094,-0.0038758463696522295
2014-12-05,0.0016358144778089445,-0.001955292332690182,-0.00584591274606504,-0.012591864202654362
2014-12-08,-0.006705259825197878,-0.014785756007330772,0.012148476842886637,0.011728543111015293
2014-12-09,-0.0006779676480360583,-0.009478728763355284,0.005126233285880235,0.020601691573211994
2014-12-10,-0.016161031706697332,-0.01489717666802872,0.007278988336979086,-0.0019479434950336577
2014-12-11,0.005056596846076878,-0.008430581972201966,0.004100886297644594,-0.0022915065517861103
2014-12-12,-0.016292986459572768,-0.016554901202065504,0.01347146847790162,-0.002381955801053023
2014-12-15,-0.006893533410521631,-0.014448931162929828,-0.0020605982576051354,-0.026058456631024355
2014-12-16,-0.008051398222079969,-0.0015891597320774526,0.01230103197207819,0.004883567458748182
2014-12-17,0.01941520723864752,0.022726549669315425,-0.009053737098674353,-0.005933184879209219
2014-12-18,0.02442769113698443,0.01357387765942017,-0.017953910383686208,0.007671599736508545
2014-12-19,0.004245707735894805,0.006975686681419095,0.013356659636917845,-0.0033055430745708814
2014-12-22,0.0045897229547926036,0.013807625087439863,0.0013499558733643534,-0.019532501975925175
2014-12-23,0.001348465147305988,-0.009183784372371396,-0.020034768055814556,0.0016866692377105724
2014-12-24,9.640142019970079e-05,0.0023040832508907736,0.005428517876262756,0.00026605277109273347
2014-12-26,0.003219978531376449,0.007895010265073376,0.0037041867402594388,0.018102473257655193
2014-12-29,0.0013422819028694785,-0.006107313280667263,0.00744696393924689,-0.010153292143778678
2014-12-30,-0.005380948207295882,0.002040125100219289,0.00270958740822564,0.013370224180731385
2014-12-31,-0.009972627023394307,0.0007636728792220633,0.0019078634787630024,-0.014162271200273567
2015-01-02,-0.0005352261942592897,-0.01332309319170146,0.01105689488077932,0.0043925221460414865
2015-01-05,-0.018224566388030113,-0.017957365845815327,0.01558583468491846,0.014964618775983719
2015-01-06,-0.00946365536771698,-0.004210995464665172,0.01785731434697215,0.01133448217141997
2015-01-07,0.012384223758648895,0.02139412748557384,-0.0019768094333159907,-0.005908836993974842
2015-01-08,0.01758986583565597,0.016893285687655597,-0.013331696640498754,-0.004217399700950183
2015-01-09,-0.008046551040041353,-0.0033051331879970103,0.01089318877114955,0.011320872784880804
2015-01-12,-0.007863848510319692,-0.008182187644813883,0.0057059319365509505,0.011025431201653892
2015-01-13,-0.002816909170144219,0.008691362161763298,0.0,-0.003379471739693634
2015-01-14,-0.006055499506365818,-0.005615042885372521,0.0075576145162401095,-0.0016093040146014643
2015-01-15,-0.009202602324169876,0.0023010758602481592,0.015612425436512459,0.024864209830664365
2015-01-16,0.013029314530336681,0.008391626965031733,-0.012831013801780044,0.01297967953352017
2015-01-20,0.0021296713605013064,-0.0015203702217660106,0.013201709064759901,0.013618890362551296
2015-01-21,0.005035624314116463,0.021824191804845957,-0.011626635902494272,0.00024156831944978564
2015-01-22,0.01476170872697655,0.018926453319748807,-0.003604279664309435,0.008017360134577187
2015-01-23,-0.005497989423556878,-0.007576861718614045,0.013822254926235358,-0.008017360134577146
2015-01-26,0.002338703274347118,0.0004906855002240523,-0.003046678865862191,-0.010031679362329541
2015-01-27,-0.013277966329536298,-0.005409086850533581,0.0015614453786479316,0.011399158685807192
2015-01-28,-0.012907527566661125,-0.010907779912808,0.016216344152889556,-0.007909034514030033
2015-01-29,0.009201056755666933,0.0,-0.006602370176100026,-0.02178803552843412
2015-01-30,-0.012654655151629314,-0.027800470075742417,0.017581947915273014,0.022031068542067805
2015-02-02,0.01230805362445389,0.01778021854234391,-0.0037815313880340557,-0.008378450604819716
2015-02-03,0.0143575800498107,0.018706349398188184,-0.021394702675143977,-0.011254031870982083
2015-02-04,-0.003815120436589967,-0.004953853242444225,0.0017078265533349987,0.004368788786280421
2015-02-05,0.0100445019543151,0.005941950402066697,-0.011039953019584877,0.0017257602352123193
2015-02-06,-0.0027693321763651137,-0.017179572593104733,-0.017860610979958013,-0.026204564931172653
2015-02-09,-0.0044858250357367405,-0.0015081285387683531,-0.0016043119434723894,0.004457337052542182
2015-02-10,0.010597006005031863,-0.0025183058156857284,-0.007986139132195905,-0.005891255467082124
2015-02-11,0.0005802734537737515,-0.007338537364279248,0.0018485253796161297,-0.01188773038576783
2015-02-12,0.00957062212269938,0.02111090676052456,-0.0033139393216565323,0.0023036284035265445
2015-02-13,0.004108062924027441,0.01137521349101248,-0.010322291832880913,0.005439474740014081
2015-02-17,0.0015717435934464842,-0.002215126942476368,-0.01517026781896097,-0.016838734326833547
2015-02-18,9.531866540924368e-05,-0.00024658183043811216,0.005922156492373677,0.0028404943034609498
2015-02-19,-0.000714190195988307,-0.00419892938173371,-0.006635703324299199,-0.003444070035884628
2015-02-20,0.005982636545084397,0.006660638154648263,0.002928901863941311,-0.005708895866845205
2015-02-23,-0.0001420119501779086,-0.010132127582936327,0.011393277995723336,0.0013003471683988895
2015-02-24,0.002836675228210781,0.014303598301908502,0.013040947312230388,-0.0014738237281034486
2015-02-25,-0.0008503408163147083,-0.001961060419965545,0.00430911494002501,0.003810143280624359
2015-02-26,-0.0011816341097269478,0.0002456118556221636,-0.013762347022674856,0.003192846928133665
2015-02-27,-0.0034121247676294456,-0.0007364186537929031,0.008373146350963222,0.000775127851616969
2015-03-02,0.006293804960908493,-0.0014735080930943065,-0.01880270723442306,-0.004140821554351363
2015-03-03,-0.004112362841859026,-0.007649597376537897,-0.003632392955661748,-0.0018169945131893267
2015-03-04,-0.004224696112550368,-0.010959217264667177,0.0003165526838763482,-0.0031225683060647487
2015-03-05,0.0010934592427871064,-0.001503665574310161,-0.0012660710220795453,-0.0009560698660537595
2015-03-06,-0.01416416272799283,-0.015417950896563825,-0.0223394049777955,-0.027684033513420175
2015-03-09,0.004135674724605075,-0.0038278220846253218,0.00918809655116646,0.0009828943243309087
2015-03-10,-0.01635459203341277,-0.022496263814310972,0.0130722235701846,-0.004924161015297649
2015-03-11,-0.0023445219981988773,0.0075549570812046595,0.007258748097331064,-0.006031419233618076
2015-03-12,0.012633798835405309,0.006209708505252354,-0.0007077120864565862,-0.0002709060307489861
2015-03-13,-0.006151382151581049,-0.012196828541328373,-0.0030726080121431174,0.0014440077763354022
2015-03-16,0.01327244082905684,0.011938796247903184,0.00958084448575652,-0.0006315097549614711
2015-03-17,-0.0029770580081515587,0.011543056403234438,0.008251156791181427,-0.005429372519536195
2015-03-18,0.011949802530270075,0.02418846957432205,0.01911898771416758,0.019409393965783985
2015-03-19,-0.004572124581844486,-0.017072740552522524,-0.005109006896457306,-0.0007122036244302048
2015-03-20,0.00878837751731306,0.014829767659762044,0.005260350163171266,0.011334565478751316
2015-03-23,-0.001950540572942884,0.002989655329999363,-0.0012171697856196903,0.006319701703631724
2015-03-24,-0.005634800281310375,0.0039722736128144556,0.009622705216766258,0.002446901321801825
2015-03-25,-0.014762208048291522,-0.015984716214877518,-0.008481322870988923,0.001395583828601838
2015-03-26,-0.0023844783836958106,-0.00935854666625351,-0.015711857630896473,0.006515812793653495
2015-03-27,0.0022872111862147354,0.0027917009762936395,0.012360080698072299,-0.0036436736475295383
2015-03-30,0.012125919421854809,0.019076746832030887,-0.004971280921764078,-0.011450652385538355
2015-03-31,-0.008777655665641858,-0.0022401202222265193,0.002144822718935932,-0.000791489742224147
2015-04-01,-0.003542559010977642,0.012382572949223477,0.013048728565742273,0.016924374949796855
2015-04-02,0.003591075654595102,0.014901689776425506,-0.010652198291306529,-0.002772001936393702
2015-04-06,0.006710333543583109,0.012769781245854586,-0.0055995599781912125,0.012156925637931892
2015-04-07,-0.0026497760738802534,-0.005040013203931885,0.008349098031949902,-0.004982843844589143
2015-04-08,0.003371233380049316,0.020717353646592072,0.0003061200839708281,-0.005527256360212914
2015-04-09,0.004413915924610446,0.00984971278554643,-0.01304934217718613,-0.006952344453191623
2015-04-10,0.005442367590321785,0.0007001689443549332,0.0014666942506010253,0.011273125412459931
2015-04-13,-0.004533422396483664,-0.005847223163054589,0.001388006589644989,-0.007182773547924921
2015-04-14,0.0019112135806059543,0.00444673604408568,0.007062664577584655,-0.006098084431298223
2015-04-15,0.004477104282298311,0.006981661066108741,-0.0008417971383153583,0.008613598755223903
2015-04-16,-0.00028500382690025,0.007854194965840423,-0.004988947614991439,-0.0034713349747602833
2015-04-17,-0.011570125064366294,-0.017642043514214757,0.0113995479820386,0.004942989742755055
2015-04-20,0.009095226573341296,-0.0009372246304629814,-0.008863277131018206,-0.007641555546604684
2015-04-21,-0.0011923148542588359,0.005843124104249009,-0.004538631795928565,0.005736617532052148
2015-04-22,0.00490228236458142,0.010663032270690502,-0.01538417114744874,-0.013524881601083907
2015-04-23,0.0025132640132306794,0.007351422115157879,0.004296873943730238,0.007265135996097461
2015-04-24,0.002317609744165099,0.0036553213834497208,0.006217625072500486,-0.014141033700353254
2015-04-27,-0.004166434400649917,0.0038694849234916714,0.0,0.01996737439576267
2015-04-28,0.003173843114595266,0.001589118551861291,-0.013886650203891815,0.008633395454348151
2015-04-29,-0.004123102729474255,-0.012553120032503483,-0.012331412665936568,-0.007073870774361553
2015-04-30,-0.010070847310239642,-0.015274484084698782,0.001748312481072596,-0.01781862923365432
2015-05-01,0.010782920011275423,0.006045009942327888,-0.013553266225577697,-0.003442946542885586
2015-05-04,0.002843057526121532,0.005778073208505977,-0.009480084756184663,0.0089796944769085
2015-05-05,-0.011517638218163857,-0.010891118962747722,-0.0013851811823212177,0.0028006293425995657
2015-05-06,-0.004125196526287643,-0.01242503726698664,-0.017268450451321554,-0.0005245000462393765
2015-05-07,0.003981617177177237,-0.0014165722430466913,0.013347889371650011,-0.008253646349355704
2015-05-08,0.013079894310583274,0.01267623437330055,0.002697363791736474,0.0048375401365222245
2015-05-11,-0.00478400488190821,-0.009609717991502797,-0.02462556759488511,-0.003868158154194018
2015-05-12,-0.0029956502509297374,-0.003302730220422335,0.0025902452326588632,0.008507714570103646
2015-05-13,0.00019024799993447327,0.0018887247881196184,-0.00804304375156534,0.017745568671579635
2015-05-14,0.01037371457476394,0.009856647253483466,0.002688006029999304,0.005390825055101934
2015-05-15,0.001083372805868997,0.00767744731792797,0.019852169817799945,0.0029823930374759115
2015-05-18,0.003101848054530601,-0.010249408788592427,-0.016919673534480775,-8.510645761585739e-05
2015-05-19,-0.00032853205613823054,0.0016374782988016986,-0.008906737914824188,-0.013967043221181913
2015-05-20,-0.0007043486128441624,-0.0007012364549539794,0.0016868039317251432,0.0016381642703537944
2015-05-21,0.002908249426363033,-0.0035154072155474184,0.01388920185795842,-0.0033654032062089196
2015-05-22,-0.0023913743039429957,0.0032812864229673777,0.0004151893607984778,-0.0007782781051664031
2015-05-26,-0.01081032166436682,-0.016037916671817184,0.016965115812486244,-0.014727247977664972
2015-05-27,0.009447434836456183,0.0002374421767067713,0.0022835075124907596,-0.00017563013383993815
2015-05-28,-0.0011289286702335852,-0.013159495793951124,-0.0024469720402909255,0.0011407772346871212
2015-05-29,-0.006232557121984257,-0.009680679579813256,0.0022027467370571074,0.0007014013330434771
2015-06-01,0.0020349625214319007,-0.003898832031857922,-0.010805479580338867,-0.0008767951003625541
2015-06-02,-0.0009932268820854184,0.0038988320318578185,-0.014050424942650588,0.0040269605877943865
2015-06-03,0.002646040851009013,-0.005119886957560524,-0.016205695016249574,-0.0071898573672245485
2015-06-04,-0.008482247110998365,-0.015271334496868289,0.012934646763535574,-0.0070646979352704175
2015-06-05,-0.001715348637036932,-0.004477580981140636,-0.012253825041203772,-0.005331436918291504
2015-06-08,-0.00616825102909441,-0.00024953232560156595,-0.0011064167886503645,0.0029358308942225293
2015-06-09,-0.00014404462821379166,-0.006002887357989937,-0.007948182601007325,0.002218377951124773
2015-06-10,0.011922085671731142,0.01444586304222995,-0.008790763121985215,0.008473122987024092
2015-06-11,0.0032184659498911733,-0.004957779857324407,0.020816744745499577,-0.00458066904691928
2015-06-12,-0.007684683600552698,0.0,0.0,-0.0002649015739743867
2015-06-15,-0.004294651844477071,-0.011245806108709828,0.0016095862948977897,0.004406069740065375
2015-06-16,0.005437092436145125,0.00025110888701748116,0.007841742481522097,-0.0036115754437751487
2015-06-17,0.001615624085887399,0.006012154423203315,-0.007756776770298221,0.004666106837939518
2015-06-18,0.010345608316447371,0.009198012831831637,-0.0049211660875813175,0.012829091016651683
2015-06-19,-0.004449196702664064,-0.008698810180137224,0.012761637209974837,-0.0017357836863243674
2015-06-22,0.005110284579507836,0.014374621319860862,-0.020617681103691814,-0.012939534822473103
2015-06-23,0.0007076577655324118,0.00979440121459712,-0.006019216423767489,-0.006621663748214055
2015-06-24,-0.007289461067963632,-0.007091135130246075,0.008587628613603602,-0.002661018577875129
2015-06-25,-0.0030448805638828218,-0.003442401292668511,-0.003511735838173823,-0.0013331015376761225
2015-06-26,-0.00019034134314923037,-0.0094720259256046,-0.011304608621621626,0.0010666233650124298
2015-06-29,-0.021193339743060348,-0.02254080216626023,0.026124669892262187,0.004520702131842665
2015-06-30,0.0020907639594211535,0.014747016898378932,-0.006956984217505721,-0.006210070886037382
2015-07-01,0.007983961515437277,-0.0007572719268062899,-0.013590048447988383,-0.003476708463396305
2015-07-02,-0.0009166725141509555,0.004787715900649837,0.0032813974907514695,-0.0019665798355693646
2015-07-06,-0.0028499065551100336,-0.02830009056146558,0.018365177486534896,0.002680686287387427
2015-07-07,0.006269305045317089,-0.015112432248658636,0.009351028159434914,-0.011668702760757443
2015-07-08,-0.01691992926189534,-0.034997782817852124,0.008599336286021149,0.0029749330386005784
2015-07-09,0.0018074113222878488,0.01912031227348873,-0.019899216878309037,0.002427551438613741
2015-07-10,0.01251301553356891,0.02502418191920721,-0.015984862146374616,0.001166679551747385
2015-07-13,0.010976542836479789,0.006741002052072521,-0.0031078784699752025,-0.004494793701909413
2015-07-14,0.004329115779550955,0.001807195918884001,0.00327932728352541,-0.00225499581251802
2015-07-15,-0.0003323443483716303,-0.01141401807108083,0.010541607194338437,-0.005251204440368454
2015-07-16,0.007992284338873473,0.012445094581273014,0.006881237174586386,-0.0036377042236319986
2015-07-17,0.0008474556383735719,-0.001288824675943367,0.005151383639843751,-0.010164462693893107
2015-07-20,0.000517316789130078,-0.006471104326636179,-0.004220193312455598,-0.02752685674211234
2015-07-21,-0.003958870585975777,0.0002596723735303943,0.0053992669012125315,-0.003126872326802464
2015-07-22,-0.001796217090080773,-0.014381221729693458,0.006206545349045574,-0.005424190670740339
2015-07-23,-0.005645778417774708,-0.009792169886933589,0.012381514720855635,-0.00449483097628429
2015-07-24,-0.01042644928753732,-0.014466193610694258,0.0024742771860563183,0.009729155735813993
2015-07-27,-0.00583426095135732,-0.019068562713554928,0.005340375996629921,-0.004661992801277996
2015-07-28,0.012208219681443866,0.01012436527962991,-0.007319495059232532,0.0015246432799856059
2015-07-29,0.006855546793188418,0.009753602279260917,-0.0037213853284106817,0.0014272948765040416
2015-07-30,0.00023728178414205876,-0.010025799560891368,0.00767545984855522,-0.00859441451463339
2015-07-31,-0.0015192303548680508,0.010834354371134582,0.0073720428863288025,0.006309807471318708
2015-08-03,-0.003378262736035742,-0.01684363654974194,0.01047199440574068,-0.007941503115089978
2015-08-04,-0.001956421612172207,0.003555308588022525,-0.007963774915730285,0.002015250319480653
2015-08-05,0.0032901529379280666,0.0002730639645044211,-0.007534388621372846,-0.003649612745895922
2015-08-06,-0.00822141150893724,-0.008772114867383341,0.008838938243164968,0.004416281036678492
2015-08-07,-0.001921674320776269,-0.0005509496528574189,0.013032626673821468,0.0024875838994236877
2015-08-10,0.012520135321831027,0.016665060655727124,-0.012462918601721782,0.010172637809864738
2015-08-11,-0.009063915933028206,-0.022189910200250677,0.015755044080054743,0.005094839843947383
2015-08-12,0.0011971614551998153,-0.015633885500751354,-0.005466143506300037,0.013924787857253812
2015-08-13,-0.0012451022326018764,-0.0016895410584234227,-0.0032287156813078084,-0.008294156742538458
2015-08-14,0.00363556995525481,0.0014080242669662155,0.002341973815874991,-9.36047567321894e-05
2015-08-17,0.005571123016194421,-0.011037235684112613,0.0045073737108383,0.0026170571520377807
2015-08-18,-0.0029006457415966646,-0.010872791032729614,-0.007900995316746729,-0.00018667516172391786
2015-08-19,-0.007936701645963867,-0.012447747457556405,0.009826454184475709,0.013354574963244535
2015-08-20,-0.021102601434615176,-0.015854464309820744,0.01004876997267633,0.017261484729986225
2015-08-21,-0.03056501775951088,-0.03126208638098553,0.003010883782536213,0.006228253314387141
2015-08-24,-0.043019211310807735,-0.04464614605220584,-0.00031649142080520255,-0.005413696203742859
2015-08-25,-0.011837166380457531,0.012690616188754824,-0.016195286706350794,-0.012472236890549283
2015-08-26,0.037675087908502713,0.0325660348414651,-0.019492492907407493,-0.013743752566773907
2015-08-27,0.024434280090975154,0.043296648167483194,0.0005736137905265413,0.0005571512452685862
2015-08-28,5.010817458204841e-05,-0.012941165552444553,0.002946762349370275,0.00896363798539372
2015-08-31,-0.008111935360075916,0.001774493009647273,-0.00771215131215936,0.0011033722012558356
2015-09-01,-0.030301962414954607,-0.03948075038568038,0.00717995226961356,0.00348589711093372
2015-09-02,0.018802708218411575,0.01434495978418748,-0.008641369761704326,-0.005325457471451406
2015-09-03,0.0007160675759001191,0.003931499977287122,0.004864685854919604,-0.00720696468758582
2015-09-04,-0.015251937300194687,-0.030337814126099982,0.009088734237238648,-0.0032508130940551347
2015-09-08,0.0248205481619305,0.031242898124462022,-0.014863483824178327,0.0002790454421465056
2015-09-09,-0.013462548394816585,-0.005139772281103139,0.004786824456019727,-0.013012113659039884
2015-09-10,0.005427162910402481,0.010253334880629506,-0.006774260361838186,0.002352831601258748
2015-09-11,0.004534034145039958,0.003892650614317439,0.006280608422946142,-0.002070138975493721
2015-09-14,-0.003717311390044964,-0.001495196903349734,0.0015640290776791548,0.0005650019663848919
2015-09-15,0.012422239454727637,0.009532388649396897,-0.019350419530819726,-0.003017159470430642
2015-09-16,0.008628802652074255,0.024019790482254843,-0.0037806021321808354,0.013226552172031262
2015-09-17,-0.0022504876720233153,-0.002317976043811548,0.012131268185332042,0.01019855026531129
2015-09-18,-0.016476185079123573,-0.01874145963408392,0.015267486365851474,0.007352256373074212
2015-09-21,0.005154261252739246,-0.0017752326364476579,-0.016432478986094703,-0.006246004616141289
2015-09-22,-0.01306494931427587,-0.018831995686042775,0.013807974680141631,-0.006841722923155944
2015-09-23,-0.0015997493001831912,-0.01612173413562477,-8.189490476160252e-05,0.00398130520726097
2015-09-24,-0.0036220946536242886,-0.004302657635647552,0.006793154048512832,0.02075879629651289
2015-09-25,-0.0002595869832223547,-0.002158141848315333,-0.008683745028157854,-0.006173422414314381
2015-09-28,-0.025417536678064654,-0.021526226499916968,0.01696901318375122,-0.012739020432957309
2015-09-29,0.0005846936639825665,0.004719287808392605,0.0028273508660976317,-0.004066501065043471
2015-09-30,0.018486743261611663,0.028467026460847755,-0.003474519794824718,-0.010426483637297347
2015-10-01,0.0026054523641221286,0.005476245376178324,0.004256707811990736,-0.0012172598628681067
2015-10-02,0.014827581903299428,0.026348875658169974,0.006039676378679616,0.020953802922526705
2015-10-05,0.01763862276591414,0.02134290657115653,-0.013660639690783105,-0.0020205850578978056
2015-10-06,-0.0034325157398352388,-0.0017374093245025421,0.004304411729682864,0.009971303227116472
2015-10-07,0.008157350799202103,0.026310040153125012,-0.003328087716018322,-0.001457494008134859
2015-10-08,0.008985905639201328,0.010668137514047415,-0.008409970336900316,-0.005117883296347929
2015-10-09,0.0005966801823822718,0.003623824280343501,0.002620995664529273,0.015726912391542485
2015-10-12,0.0009431524845071988,-0.007540969354631941,0.007576152804050377,0.0039607110144831365
2015-10-13,-0.006322053642714379,-0.01639406581275133,0.0017031080490912927,0.004929015278091239
2015-10-14,-0.00480574729944572,0.0076652757031352905,0.008712386488531053,0.017282274992371418
2015-10-15,0.01523802319397829,0.024030451938650894,-0.004911792467193922,-0.004579458875531695
2015-10-16,0.004536088775127526,0.0008275677066932992,0.00032267445037901745,-0.007086601152338509
2015-10-19,0.0004918777085959477,-0.010259183553807219,-0.002747259821791911,-0.004186912999915291
2015-10-20,-0.0012790101059402545,-0.0002787139314782055,-0.006167993977640753,0.006318212020552837
2015-10-21,-0.00622301243566291,-0.014603140629826341,0.009883231265178241,-0.008910332230671142
2015-10-22,0.016752565567856082,0.02044048514420229,0.001691750465801943,-0.00035807819279052113
2015-10-23,0.010901897932912684,0.00580333431346752,-0.00856754661592314,-0.0017026075113336088
2015-10-26,-0.0024604494055815275,-0.009134911079381443,0.00663409621755008,-0.0006279971024889811
2015-10-27,-0.0019344021896378152,-0.011466967062056752,0.002496731813143185,0.002241047948969033
2015-10-28,0.011310309686010213,-0.011600053997993909,-0.004029435548311219,-0.008091400160860905
2015-10-29,-0.0005743056545345643,-0.009435344581702351,-0.016037397272541484,-0.009614564390769178
2015-10-30,-0.004319322708264927,0.001721963077016153,0.007520867052834552,-0.0038352540915993893
2015-11-02,0.011761591156737231,0.019594793918191574,-0.00460533608616618,-0.006517134598801595
2015-11-03,0.002895456199467784,0.013130371469496062,-0.008234214042004268,-0.014937356022442439
2015-11-04,-0.0030378033137066864,-0.008081372082746254,0.001156984463887186,-0.009485885776108033
2015-11-05,-0.0009991579505842412,0.001677193060615671,-0.0026461910397068003,-0.0031189650547963797
2015-11-06,-0.0005233842446497113,-0.014064485738117973,-0.014764433414745981,-0.014685120688170974
2015-11-09,-0.009375197881874124,-0.0252456310534673,-0.005646621613931319,0.0028777291011320622
2015-11-10,0.0023038578346917904,-0.004367169662315854,0.0029544097386416915,-0.002109514817878502
2015-11-11,-0.003939338728208387,0.002040498829756978,-0.0021090685439065153,-0.00336521129587392
2015-11-12,-0.014058261187089957,-0.009656218809150968,0.004801280419196202,0.00019257167853245404
2015-11-13,-0.011291508759387751,-0.013916049903103427,0.005698407362612182,-0.002796404320479703
2015-11-16,0.015092135144034872,0.019194550328965804,-0.0009197270021969764,0.001447402465342363
2015-11-17,-0.0007296089732827238,-0.002929209492262438,0.0016708337410871643,-0.013297966180688193
2015-11-18,0.015741529279608396,0.010795258101017129,0.0020856678404788526,0.0008790738346113607
2015-11-19,-0.0008625776843814411,0.00895567441555865,0.006643090744617595,0.010971489880734318
2015-11-20,0.0036375322214024838,0.010015997759965561,-0.0030667115940770664,-0.004548773723664315
2015-11-23,-0.0011473981467260473,-0.00944074196072696,0.003066711594076963,-0.008083747042833161
2015-11-24,0.0013382574610013224,0.005160528718822166,-8.270336217577744e-05,0.006627707399357638
2015-11-25,-0.0001429675538092918,-0.007751023262435287,0.0023150551300296506,-0.004673848365801943
2015-11-27,0.0011455949827020593,-0.022145445379255405,-0.0009912687457778206,-0.011879763588946619
2015-11-30,-0.004160215623283915,0.0014721500580759045,0.0039597823563390765,0.006595467871597316
2015-12-01,0.009490764997368293,0.007619972869173633,0.013416763117189656,0.0035259646298247574
2015-12-02,-0.010257620745897344,-0.012042869259763752,0.00032547592002300806,-0.015667624313787498
2015-12-03,-0.014101867149005007,-0.005630339746786907,-0.027558899846870745,0.010570606410359536
2015-12-04,0.019315045689052263,0.006811826058715088,0.008745804493972081,0.021966035488281806
2015-12-07,-0.006076671033349628,-0.016667243811834286,0.009656468162972788,-0.013063212596420425
2015-12-08,-0.00674236799302667,-0.011166454374663144,0.0004931735785573343,0.0016544033114080684
2015-12-09,-0.007810068576075892,-0.008227939082732404,-0.0010681933381714989,-0.0019466324270582696
2015-12-10,0.0025777955396578942,-0.0067547560489413,0.0013134744220556864,-0.0008772000837340084
2015-12-11,-0.019571130335627483,-0.02843514104923795,0.015635837918015837,0.0054458711721541595
2015-12-14,0.005039731918296515,0.016035636917610556,-0.013012048427828712,-0.012884508990749449
2015-12-15,0.010442703089049491,0.015168219040127679,-0.0059117664545892575,-0.0026560861191144095
2015-12-16,0.014526094451573834,0.019471251033914786,-0.0021430390753555675,0.012043063036934096
2015-12-17,-0.015355399565116706,-0.013040351179402039,0.011241827276234061,-0.022141125877213518
2015-12-18,-0.01797585099474538,-0.0033630943567983834,0.005533460819802614,0.015207174746719882
2015-12-21,0.008215477466146565,0.007776715000706494,-0.00024383931077183896,0.010819352064225785
2015-12-22,0.009033468353544405,0.007992824454801135,-0.007250260249331349,-0.0052488544876924
2015-12-23,0.012307214484786728,0.013986230836838542,-0.007549928775381528,-0.002928003794366426
2015-12-24,-0.0016517218307681083,-0.0036296961604908406,0.005712506548355212,0.007206940922791017
2015-12-28,-0.002288007382553197,-0.00699409270093143,0.00295070915746795,-0.007597994957113434
2015-12-29,0.010615830920283677,0.0009147804558568424,-0.01675305231878716,-0.0006846940847352253
2015-12-30,-0.007113103168747792,-0.015670805782374782,-0.000999493976538288,-0.007661355596264362
2015-12-31,-0.010053629932219622,-0.0031015056694946885,0.004489496704165219,0.0003943308023186173
2016-01-04,-0.01407812435371519,-0.027718332722409415,0.007188391360645549,0.013995827340626326
2016-01-05,0.0016897998173730077,0.0022330284432398677,-0.004042193212366209,0.00281458831856644
2016-01-06,-0.012694075417605229,-0.01930569846818541,0.01338516403829847,0.014337487598989632
2016-01-07,-0.024284248967462597,-0.03135052939136625,0.001792954541034227,0.014040676150811138
2016-01-08,-0.011037605681075655,-0.010785304084179938,0.004468867666043296,-0.0044375394222030354
2016-01-11,0.0009898192714599167,-0.0003390130765545001,-0.011004442780479,-0.008934594646018349
2016-01-12,0.008036091419320815,0.0020319539112359426,0.014322198644854034,-0.0050729832368576954
2016-01-13,-0.025257071585177773,-0.010542570455576437,0.009808535224263922,0.004882048039545079
2016-01-14,0.016283459296297723,0.012907561532271425,-0.009404777142589017,-0.016367021706295802
2016-01-15,-0.021699894356352313,-0.04028759417530375,0.015466882894773666,0.01023674024483427
2016-01-19,0.0013301274044728137,0.014649599926596119,-0.0031061914542721285,-0.0009612465570264486
2016-01-20,-0.01289786955340759,-0.022055799348406152,0.010474490157912469,0.013279386437522704
2016-01-21,0.005586044389010653,0.0038864058321857998,-0.006811753441069379,0.00113814976565955
2016-01-22,0.02030834207481513,0.033631108761796064,-0.0038223827174100294,-0.004655791285644273
2016-01-25,-0.015232146446213084,-0.01719438733282516,0.005410726604087508,0.010233193541102439
2016-01-26,0.013550718606365985,0.014463104803685553,0.0004763589590501057,0.011341913483231932
2016-01-27,-0.010942697701370506,-0.003424647616935442,-0.00023847428916682657,0.0037212948296183107
2016-01-28,0.005195438374894572,0.015657217289677932,0.001427089012594163,-0.0107362419293496
2016-01-29,0.024085175532032595,0.03190691905893483,0.008440991366604806,0.0038408969118528882
2016-02-01,-0.0003616436669331781,-0.00953158451000266,-0.003066626850494112,0.010232704202856196
2016-02-02,-0.018186436341862195,-0.03290017163178667,0.01838230887867613,0.00037006835108891606
2016-02-03,0.005976768331443951,0.027934076187715002,-0.008327573951484198,0.010674654427775114
2016-02-04,0.0015670931626323484,0.007604436547416258,0.004834011573344896,0.012009967818587527
2016-02-05,-0.019233855597141965,-0.011595051186799278,0.0011656142008835786,0.015703135766193033
2016-02-08,-0.01355222664215004,-0.013756492425374339,0.021291510335247798,0.013354185862515874
2016-02-09,5.345018772355247e-05,-0.013948131518352874,0.0010640694858818232,-0.002198672852432284
2016-02-10,-0.0008629514838017631,0.004102570441202591,0.008774141546654271,0.007717958411726099
2016-02-11,-0.013093080242415104,-0.01685900822068823,0.006978927168639779,0.03940213823727399
2016-02-12,0.02040705469414396,0.017200218539466242,-0.016741228189289005,-0.00589671453081662
2016-02-16,0.016737368323548114,0.021927118032932076,-0.01062621074409359,-0.030800736245396157
2016-02-17,0.016202887266315462,0.019494919502114027,-0.006167595286358155,0.006167287420776475
2016-02-18,-0.004104458999671871,-0.005907428559232757,0.012220666361573184,0.024041860433202913
2016-02-19,-0.00046860544209513733,-0.0046189592814573095,0.0008398506335818832,-0.006020275750380445
2016-02-22,0.014375295798343513,0.024499118432893482,-0.0005345663876667415,-0.01793504091705753
2016-02-23,-0.012710087663032613,-0.02152728893275299,0.004039953465893383,0.014868593832169054
2016-02-24,0.004565473016890617,-0.002310659285101786,-0.001979782202008609,0.003321549590506587
2016-02-25,0.012038890288702815,0.0032990744611510734,0.003575550110171998,0.002632341860518043
2016-02-26,-0.0023041707403188586,-0.009930451738294013,-0.009690971066547526,-0.006892743647260338
2016-02-29,-0.007872957704887953,0.008612190556352067,0.00436106161154183,0.012980023419282503
2016-03-01,0.023234598903818793,0.03500025991334348,-0.01776506154720751,-0.007360151335800538
2016-03-02,0.004482414104611012,0.013287169744379249,0.004117648424931182,0.007697256644730053
2016-03-03,0.003912159027936364,0.011250120189273764,0.003637921944545507,0.017125877155555313
2016-03-04,0.0032482565419339458,0.01969311601973862,-0.006432940507209378,-0.0015750194994792542
2016-03-07,0.0007977059625211316,-0.0015246531700032896,-0.00031159281344603283,0.004965240864288737
2016-03-08,-0.010977496902730987,-0.017236918148840204,0.010984916997715918,-0.0046334482677505085
2016-03-09,0.004927162172877282,0.006190546123793203,-0.006096405711343904,-0.00832782948151173
2016-03-10,0.0008023577165372534,0.0015414286700397234,-0.004110696910177698,0.015928644015462578
2016-03-11,0.016008163569621738,0.020732211175489075,-0.010155738907221509,-0.01735128256694606
2016-03-14,-0.0012832892735105453,-0.006053192543870762,0.003135359667035602,-0.012980634673388813
2016-03-15,-0.0016306296391394,-0.01437120846892248,0.0009393843814407904,0.0007632306454701139
2016-03-16,0.005770365401136217,0.01982092205373384,0.0029672872982639672,0.02205075556149502
2016-03-17,0.006323929699916759,0.021801466234026647,0.004123647522823904,-0.0038218648773646413
2016-03-18,0.003922049808994148,0.005303665530953712,0.0020941811206151846,-0.002750755714748547
2016-03-21,0.0014177597988936498,0.0020549367108214037,-0.007700411302957002,-0.007036416699314462
2016-03-22,-0.0005374495974141562,-0.0023488441174093896,-0.0002342763780305395,0.0029378329691904675
2016-03-23,-0.006621205397931695,-0.017196002311524877,0.011260988346538721,-0.02289008865862743
2016-03-24,-0.0004431591066292728,-0.0023951163019867152,0.0003861112337362631,-0.00240404319751751
2016-03-28,0.0005907468080162269,0.0032920747848653575,0.0013113825998427539,0.0023182652611009025
2016-03-29,0.009207366551528992,0.013650123095952248,0.010430535842700699,0.01835540705340136
2016-03-30,0.0043783544351528175,0.01026230095222074,-0.010584556656465925,-0.014076410310244578
2016-03-31,-0.002430129762669664,-0.000875546603703553,0.007068830411888021,0.004600850924385841
2016-04-01,0.006788963758533781,-0.002923549469742341,0.0026049486539956464,-0.006053640735366039
2016-04-04,-0.0032433304871765144,-0.012078818390215466,0.0006121035986857893,-0.006692995408569699
2016-04-05,-0.010037994359420287,-0.01975517355509496,0.010876309289892177,0.012916668207256437
2016-04-06,0.010861690353121192,0.012019471435140648,-0.00728822016505943,-0.0061381369358647206
2016-04-07,-0.012038031547060754,-0.020215013549705552,0.01226897860552511,0.014179801562102948
2016-04-08,0.0026931731926464436,0.017223840710715404,-0.006342933799472445,-0.0015187338768047718
2016-04-11,-0.0023497032972320748,0.012799385485881026,-0.0012886955753300506,0.013419630057020864
2016-04-12,0.009269581639506051,0.015263085624882216,-0.006926492530353007,0.00016664672071527165
2016-04-13,0.010050362891473041,0.017612772170426165,0.0035077725694011943,-0.010719526565990727
2016-04-14,4.79214751029489e-05,-0.004877592599057334,-0.0048067183946037045,-0.014075152256168354
2016-04-15,-0.0011061464472036297,-0.0057684637913222375,0.008528805770716701,0.006892743647260424
2016-04-18,0.007002185279737994,0.004617429976172494,-0.0043317946592042736,-0.0015276274565966695
2016-04-19,0.003149141936900949,0.015145205958200817,-0.003127291293792882,0.015506833308651099
2016-04-20,0.0009524033422515118,-0.00454779905302183,-0.01106142691774086,-0.005114248016109923
2016-04-21,-0.005392999137668264,-0.010021690128764195,-0.005965314019287383,0.003775305036917395
2016-04-22,0.0,-0.0060616209345141945,-0.002568060288903064,-0.012894694659209222
2016-04-25,-0.0017241065454132898,-0.00638971900076535,-0.004137474311823919,0.0028799271415296556
2016-04-26,0.001484717526930961,0.010723125664991711,-0.004547633694060171,0.003967367637514969
2016-04-27,0.0020561030681360117,0.006035693905890006,0.009931204558135048,0.002860302869919961
2016-04-28,-0.009117188612429303,-0.010369100570116353,0.004115383877410778,0.018724801093336303
2016-04-29,-0.0054134199590456155,-0.004351989895006364,0.002553563508797839,0.019270626438691787
2016-05-02,0.007917091710000069,-0.0026204529937500715,-0.01011921856339422,-0.0033213499131697927
2016-05-03,-0.008740885712657286,-0.028687611016323555,0.012517337609859399,-0.0022745646099545844
2016-05-04,-0.005594200130688862,-0.016334267803321544,0.005470529847850877,-0.006118222826125519
2016-05-05,-0.0001951185241702493,-0.0003051689041321257,0.006662868890320648,-0.0011462207767798868
2016-05-06,0.0036522175137971473,0.001524261365817111,-0.00428329104210523,0.009052054554673597
2016-05-09,0.000826428008960348,-0.012875459503949043,0.003137555351566413,-0.02075289801818274
2016-05-10,0.012356858027443199,0.018948872339768604,7.659308998173356e-05,0.002731465708414251
2016-05-11,-0.009398840096421082,-0.002424810501495394,0.005637851601805509,0.009378919930915114
2016-05-12,0.0002907128315577079,-0.0027352029639597956,-0.004568709001248647,-0.007892173973086844
2016-05-13,-0.00875257096616252,-0.018118029483277058,0.00964681500011119,0.004529141979827091
2016-05-16,0.009817216491610489,0.012013100658594367,-0.008655397910649698,0.0007392219670169126
2016-05-17,-0.009377605914777145,-0.004603445055563053,0.0016770260651449037,0.003442329123242772
2016-05-18,0.0002927034418285163,-0.009891643965033371,-0.014338232526402192,-0.017497993073654197
2016-05-19,-0.00347061235742538,-0.009363475413292934,0.00431521137092266,-0.0019168712488535215
2016-05-20,0.00629733130219451,0.009984088260465627,0.0007687259263428729,-0.001335701516612647
2016-05-23,-0.0013636977979269767,-0.0018641801637602822,0.002225334043637921,-0.002844207499474105
2016-05-24,0.012879098376793716,0.010211973791690717,-0.004456098095358677,-0.017493154439807392
2016-05-25,0.006759930133471747,0.011935747647595791,-0.003780372702581193,-0.002731772964595234
2016-05-26,0.00028702329285944055,0.006671012052470242,0.0051654124829193585,-0.003425260387699169
2016-05-27,0.0042900254134132215,-0.00030232975857113684,-0.0014620729722668363,-0.008268772914245718
2016-05-31,-0.0019043586362273023,0.0012084834408371396,0.002384264725501894,0.003798302317157037
2016-06-01,0.002046926269285226,-0.0006039872328745822,0.0040495346583120425,-0.0010344407576528966
2016-06-02,0.003039137159316049,0.00812381426061676,0.007181710854210861,-0.002331543491761781
2016-06-03,-0.002991562190829714,0.015167808554952825,0.014135139575092026,0.027373264388307245
2016-06-06,0.00507561872746234,0.010569750781924606,-0.007458305993356138,0.0003364248669020046
2016-06-07,0.0015600061549303733,0.00901276264998276,0.0024162996100782663,-0.0008412423733233627
2016-06-08,0.003254395643934758,0.007209706460700085,0.005341521138321125,0.014703707887444253
2016-06-09,-0.0013662355807497442,-0.011560502579518446,0.0064326232779125005,0.005541081570940133
2016-06-10,-0.009523163909867776,-0.025616233489779226,0.004834566000532379,0.004033075700703472
2016-06-13,-0.0077414777882707795,-0.014116464691507144,0.004441343896843564,0.007365624068488461
2016-06-14,-0.001968726383378635,-0.0033327537626937674,-0.0007383213186401377,0.0010594292626908233
2016-06-15,-0.0013950370122610338,0.010566202656877317,0.00383624259375264,0.0073849284570991006
2016-06-16,0.002980102485126771,-0.003610112353397112,0.004848411115815917,-0.01056665171524312
2016-06-17,-0.0037312978299345687,0.0027087159076853076,-0.006248526731642376,0.01274729826898987
2016-06-20,0.006419597716381037,0.017578282996966666,-0.010749638671119261,-0.005988024654369792
2016-06-21,0.002834541111421841,0.007649358531385373,-0.004632146255906667,-0.01942288299292089
2016-06-22,-0.0016324789044680885,0.0025369543944331408,0.001645796074177783,0.000496444028716167
2016-06-23,0.012938183756464527,0.0238731040698148,-0.011504653589252564,-0.0065557755937431204
2016-06-24,-0.036569306919150134,-0.06262235681038932,0.026493356398051136,0.047873912303474195
2016-06-27,-0.018072051843182575,-0.012947271651329787,0.024660492319176688,0.0053823171279899626
2016-06-28,0.01787510918389563,0.029049803774023168,0.0020817612022899484,-0.01079376043064916
2016-06-29,0.016884028747595314,0.02500102531398985,-0.00770273617752346,0.004140765999889028
2016-06-30,0.013553300761811089,0.009944776803119655,0.003678910077711197,0.0049939058952932335
2016-07-01,0.0020983192650287663,0.009558074870676852,0.013789177241148793,0.015223162818061162
2016-07-05,-0.0072192080946230155,-0.021562486701238517,0.012442697121146921,0.008220905136956962
2016-07-06,0.005979936742625632,-0.0026544604273185247,0.001614052403602372,0.005852881673551483
2016-07-07,-0.000620084165133769,-0.0026615253451829457,-7.01097670005741e-05,-0.0037695950478742334
2016-07-08,0.01478061354432491,0.021386430693714285,0.007339373803126278,0.005994014334570738
2016-07-11,0.0035205338276443968,0.009519813482100853,-0.008813098347466759,-0.00946861312154938
2016-07-12,0.007237288919933101,0.013970299519445983,-0.01657620775009111,-0.016690387468968386
2016-07-13,-0.0001394899905724407,-0.0017002325697992073,0.011716357542922174,0.009159697327218079
2016-07-14,0.005567867920278471,0.0143603958375524,-0.014648978106080833,-0.007745045230236175
2016-07-15,-0.0013429308607157261,-0.0022390603294922566,-0.008634154720449106,-0.003855735167465888
2016-07-18,0.0026838955522884753,0.008926382818323912,-0.0009398076356424535,0.0015755839071671933
2016-07-19,-0.0010169393416896463,-0.010328345669768844,0.005625642716279424,0.0013372522657107563
2016-07-20,0.004153998202177603,0.005037828338860973,-0.005481296170764689,-0.01441038163632243
2016-07-21,-0.0037841424953955235,-0.0030754979118668094,0.0020227347428879677,0.015117654201499693
2016-07-22,0.0044749243536239165,0.007254442046952222,0.0017313922883871523,-0.0074907077787214
2016-07-25,-0.002719892943713293,-0.010058562885891232,-0.0007215571467737795,-0.006989125856947095
2016-07-26,0.0004617293643867351,0.00783196612554587,0.0015851885743141793,0.004215211050825792
2016-07-27,-0.001061553757819565,0.0033381699561677272,0.012376478300815261,0.01598269497210111
2016-07-28,0.0011539564779542062,0.00027740520376605144,-0.001849824820679308,-0.00289409340924044
2016-07-29,0.0016131570938162686,0.005261023407198746,0.008298889912487575,0.010286811942904156
2016-08-01,-0.0008294374605305884,-0.0019350771561188593,-0.010901494178177778,0.0018590671194806466
2016-08-02,-0.006427679871947237,-0.0072199315493900835,-0.010356228045866745,0.008092864929715934
2016-08-03,0.0029182448794625717,0.003338704176261754,0.0005785312786064321,-0.004770787598632875
2016-08-04,0.0010636354996746858,0.005539963565024116,0.007486139979147403,0.0016954476164976306
2016-08-05,0.008145423359248581,0.01153565019935502,-0.01045276413200452,-0.018025444010511534
2016-08-08,-0.0005959444743034514,0.00707487095207217,0.0018824026131730863,-0.0008627837547004024
2016-08-09,0.0005959444743034792,0.006755875521613164,0.009789187400820298,0.004072023167431496
2016-08-10,-0.0024779366273426627,0.00026935667242082757,0.0038597835900254594,0.004677994512329687
2016-08-11,0.004629961730510997,0.012841142759361691,-0.008958372723626241,-0.006946906948684773
2016-08-12,-0.0008691855170875122,-0.003728251530509649,0.008387282294310773,-0.0021170403750345335
2016-08-15,0.0028795094891545976,0.010351426274961658,-0.009468539891552014,0.003447698256792746
2016-08-16,-0.005171034497840793,-0.004498862054144206,-0.002669502786010465,0.004915970173444719
2016-08-17,0.001879313479848149,-0.006386587370896267,0.005979703418267747,0.00023348078990268189
2016-08-18,0.0022414296598147363,0.009299918501714384,0.0015792774891482452,0.004735854578729188
2016-08-19,-0.0014633683475628733,-0.00556949068425685,-0.005249674421419005,-0.008868887925520175
2016-08-22,-4.562170239888893e-05,-0.013386967145102862,0.008399832985838416,-0.0014858453674488508
2016-08-23,0.0020114267478772473,-0.004051466549250183,0.001071886710635055,-0.0001565049936259337
2016-08-24,-0.005128273421820811,0.0027029494792732197,-0.002358777457762437,-0.011176864142998198
2016-08-25,-0.0006885187962279812,0.0008094048964308545,-0.0038017676102634432,-0.0008709901258544955
2016-08-26,-0.001884938352480319,-0.008667486054515186,-0.005837349835190849,-0.0014269885139346196
2016-08-29,0.004912125174460356,0.007588070093898101,0.013282328916151411,0.001981375674593548
2016-08-30,-0.001650131201554666,-0.002703488531574023,-0.0038588374193462677,-0.01010635477558835
2016-08-31,-0.002847898492455154,-0.011161162465433482,0.0014311938900566567,-0.0020015218438290436
2016-09-01,4.561647273266151e-05,0.007635793426866244,0.001101882921164249,0.004078880664929754
2016-09-02,0.004498152259615692,0.016168375956006915,-0.008189370584238707,0.010164454828507231
2016-09-06,0.0030177496314034813,0.02115919678654478,0.0072595730940039445,0.016766351430797802
2016-09-07,-9.144925415070737e-05,-0.003145543688793989,-0.0007164035813638558,-0.0034244132039321193
2016-09-08,-0.0022852739540036933,-0.0026284927460901255,-0.01262108198404456,-0.005315481388614766
2016-09-09,-0.024226175974202846,-0.03427387568271282,-0.01661126049225356,-0.006605326760192751
2016-09-12,0.014245319595656987,0.006786927225343972,0.0005166023248065455,-0.0012631537514554386
2016-09-13,-0.014479913736722147,-0.025484376139534633,-0.011423395307077549,-0.006657679739988439
2016-09-14,-0.0003748783606379404,0.0030483557050557148,0.0014912098545228388,0.0034136523813896856
2016-09-15,0.009943331037184163,0.01701022006042326,-0.004329659238563126,-0.006440074325495675
2016-09-16,-0.003873339103635815,-0.006824236918705498,0.008047016591256253,-0.002475784418470438
2016-09-19,0.00018761361946619505,0.007911613461547546,-0.003270308209349885,0.002076861031546589
2016-09-20,4.6897905558909965e-05,0.0005434056017209529,0.0034934004110522003,0.0009571124160199947
2016-09-21,0.0111825623735955,0.027589719439187827,0.00805407818586044,0.014483211562644741
2016-09-22,0.006281586706834365,0.007108239927514542,0.007918115092426384,0.0023544435304930274
2016-09-23,-0.005494175657983164,-0.012937606049762122,-0.0009501244048678244,0.0006269244831308528
2016-09-26,-0.00813529564338478,-0.01472364940698829,0.006338517590192866,-0.0007836871273146296
2016-09-27,0.006188819080438351,0.014191943886719276,0.007308374505034757,-0.00731797170627855
2016-09-28,0.004951263451384723,0.00899952356349492,-0.002165272957489025,-0.0031640709801869947
2016-09-29,-0.00908836939153392,-0.01754434656099032,0.002525780727220141,-0.001189120004834333
2016-09-30,0.007517903834341951,0.004281979798084418,-0.008977015020634522,-0.0034166360099868506
2016-10-03,-0.0024069212423734627,0.006918422899676608,-0.003305971421017581,-0.002550206163687112
2016-10-04,-0.005110982591968419,-0.01120040269776106,-0.011763119711305873,-0.03532787258610445
2016-10-05,0.004415229427202837,0.01437740532390729,-0.004670908823244846,-0.0015718922897908132
2016-10-06,0.0006957531647656381,0.000792598073531663,-0.005588444386525878,-0.009316280206747919
2016-10-07,-0.0034355012625175018,-0.004500365885646056,0.0006722168048311141,0.0006682890904551575
2016-10-10,0.005194810451932275,0.010819441999677774,-0.0059164115749574765,0.003501510836135576
2016-10-11,-0.012709870288639687,-0.02336767930553533,-0.002255904486422892,-0.005089499061391432
2016-10-12,0.0013111895811353167,-0.001882644309362573,0.0009783993290451648,0.0015879882252557648
2016-10-13,-0.0032812031332363797,-0.008922580695748672,0.0037535263161237336,0.0024189937106391113
2016-10-14,0.0005163907447937098,0.0016282551383365474,-0.014111024356504279,-0.005597559798283797
2016-10-17,-0.0034777862642182376,-0.001085401173789816,0.006363312980273405,0.0026773752071126027
2016-10-18,0.006242598652660815,0.017490429267002738,0.003241243670849133,0.006164100054633751
2016-10-19,0.0026634446285695333,0.006115970730278834,0.0008275493970506401,0.005713611741873303
2016-10-20,-0.0018683456953220944,-0.002920606165157078,0.0010528021217050133,-0.0030597728971403517
2016-10-21,0.0004671853101264855,-0.0002658645680701208,0.001500988729365497,0.0007451585177257722
2016-10-24,0.004243603096516128,0.004246312712488953,-0.0043597981229171875,-0.002237080125500534
2016-10-25,-0.003356037230659244,0.0010588449000621118,0.0026330980587367793,0.007519794693909835
2016-10-26,-0.0020094436622813683,-0.010638294263958865,-0.006785672408294931,-0.0056138205649168835
2016-10-27,-0.0026707658468754455,-0.008592942667241222,-0.010954229080920494,0.0018196962666161048
2016-10-28,-0.0029594204455606326,-0.004053655767225049,-0.0022209120475346297,0.004699292917769531
2016-10-31,4.6922587149353025e-05,0.005670439189643483,0.0061142505678140795,0.0029566431199742503
2016-11-01,-0.007272024893344633,-0.008110633367823817,7.626641142463826e-05,0.006457707460557924
2016-11-02,-0.006036458370090914,-0.012015483888314152,0.004341547215549639,0.0073872643657927
2016-11-03,-0.004587608069165918,-0.002751088619172802,-0.007705385682235826,0.005323910740822675
2016-11-04,-0.0011024393820765791,-0.01024482122525848,0.008920715775312671,0.0007237632468994597
2016-11-07,0.021817370738782652,0.03554240672892273,-0.008538110091318857,-0.01817197611952108
2016-11-08,0.004493681592176381,0.006425535673049036,-0.0040657296840485024,-0.004183952404118774
2016-11-09,0.010546574638808997,-0.03310131337266489,-0.04335864957404607,-0.0006579098268444278
2016-11-10,0.0024923754000394536,-0.02882512359562987,-0.014880855787781226,-0.015001711673606965
2016-11-11,-0.002307700021942651,-0.019206594692312767,-0.005638432722834174,-0.022377978717915834
2016-11-14,0.0007851467269526513,-0.007262271695449001,-0.005999385302199636,-0.008490234677527317
2016-11-15,0.007772465899953519,0.019916939629366984,0.004933866970281375,0.008661050768427549
2016-11-16,-0.0018801777359598714,-0.008322513558549533,0.008982503653917413,-0.002992914324639575
2016-11-17,0.005127505786675289,0.0014397096127112478,-0.01482358275041327,-0.00515153957584098
2016-11-18,-0.0022398917742106933,-0.00461470002357593,-0.0028917561486649017,-0.008818980245606272
2016-11-21,0.007522705758810423,0.009781357462535325,0.002479572101294107,0.0037273072140238833
2016-11-22,0.001951719122890752,0.015059204901651498,-0.0003302655946063111,-0.00034614845492716306
2016-11-23,0.0005437824565910483,-0.010774348203220345,-0.0038883163533489423,-0.020019033913875547
2016-11-25,0.003708903350190494,0.004834659597565525,0.0014905404848591214,-0.005667237234161627
2016-11-28,-0.0047062116677053486,0.003963709801849005,0.0073395223996251865,0.01051202138010083
2016-11-29,0.0019486391573744527,0.001411659370177368,0.004181491265426376,-0.004668228933024833
2016-11-30,-0.002402048127929265,0.0016916710915787908,-0.01633313477395543,-0.013510086082379656
2016-12-01,-0.003682540842412666,-0.011901699861170855,-0.010614536153138667,-0.0018809543242076046
2016-12-02,0.0005007237772839583,0.0011398931904732378,0.0073010611989236295,0.005364806083291903
2016-12-05,0.005991060199993591,0.008223392456697648,-0.001087739738416942,-0.005364806083291772
2016-12-06,0.003162039749196227,0.005351477843676054,-0.0007534358960325463,-0.0009866853717861235
2016-12-07,0.012996182130770431,0.016713221397426595,0.008507122199454601,0.003583283615967707
2016-12-08,0.0024457230064505293,0.0044102386405458415,-0.01186364493133197,-0.0023276835438490475
2016-12-09,0.006022380126276603,-0.005239458755369124,-0.012517150497251816,-0.010542046205441346
2016-12-12,-0.0011488059796088447,-0.006657053640284833,0.0018701840056069387,0.003797113021044969
2016-12-13,0.006651865209229834,0.011071463011155728,0.003561711546853397,-0.003344358449500988
2016-12-14,-0.008288259786937697,-0.03017851454675574,-0.011236011277770864,-0.01477585370302796
2016-12-15,0.004108746304359317,0.001700379749034084,0.005037788025132305,-0.013785715901107913
2016-12-16,-0.0019577427232744925,-0.004541145366949093,-0.0023023427201850286,0.006592778565065687
2016-12-19,0.0021751464828019484,-0.006851702749561653,0.010699230941847998,0.004985177307786946
2016-12-20,0.0038499404802314137,0.0034315847112931976,-0.004995981178588491,-0.007394390217464912
2016-12-21,-0.002786565900491984,-0.004166098254693773,0.004404109664648585,0.0005564603998491446
2016-12-22,-0.0017287446042526327,-0.011958866611609852,-0.0017892842489642693,-0.0024136861188265224
2016-12-23,0.0014630265250287124,0.005851235261637803,0.0020354766098528102,0.003155199096609045
2016-12-27,0.002477892724155343,0.004366270953972948,-0.003223662448698513,0.00582012137282036
2016-12-28,-0.008298622517356342,0.00752323895534111,0.007281640859490376,0.002759665575201272
2016-12-29,-0.00022291008498141851,0.016297653525936037,0.003537220662285779,0.01305061000633585
2016-12-30,-0.003661725957781795,-0.007115451142084645,0.0015119748626725971,-0.006184651823121631
2017-01-03,0.0076212519237131675,0.011925367959144976,0.004271666547992442,0.00781538513824579
2017-01-04,0.005931146584296498,0.007591605538325091,0.00383731573033805,0.0035241475629946054
2017-01-05,-0.0007947486923296823,0.010865047800267447,0.015532470261933424,0.015395946803090798
2017-01-06,0.0035716000415207828,-0.00416469597829488,-0.009223683332351608,-0.007399862806678017
2017-01-09,-0.0033065355823182286,-0.0008352067345739541,0.007993288663635486,0.008198942430912352
2017-01-10,0.0,0.005830945647711747,-0.0006568518026120867,0.004251209640407789
2017-01-11,0.0028221351191625756,0.011834231696833907,0.0033621804424632733,0.003088451356458922
2017-01-12,-0.002513060041227112,0.004368073599106366,-0.0022132991363923347,0.0036058581395100996
2017-01-13,0.002292800420400345,-0.0008172990835007631,-0.004769708691374704,0.002630155985373185
2017-01-17,-0.0035295961961956143,-0.00054555595717212,0.010414731733012087,0.014257386660884261
2017-01-18,0.0022072525229789156,-0.005470454567789484,-0.012890571451690765,-0.008495159639561354
2017-01-19,-0.0037113756203983827,-0.0030216641938893953,-0.00688251806603322,-0.0008709816243124942
2017-01-20,0.0036674154651279,0.0019241782122115054,-0.0019993652463153946,0.0024367465635149513
2017-01-23,-0.0026053593701684053,0.014717917398810666,0.009955776262338472,0.006411370524106662
2017-01-24,0.006391000690379885,0.00620370945700864,-0.006875188155520536,-0.00450104004040464
2017-01-25,0.008618481505321992,0.01096408663559773,-0.012630141655819254,-0.00827564253844338
2017-01-26,-0.001046071809571661,-0.0042645217001308225,0.0033606780023514135,-0.00931545140516917
2017-01-27,-0.0015709693643398512,0.0008010271785061924,0.003601176277833303,0.002028628943019752
2017-01-30,-0.006220905392032649,-0.005351818948273043,-0.0030135729231222847,0.004220558088409409
2017-01-31,-8.823449004942378e-05,0.001876349481529658,0.006934598817664545,0.013768096552717091
2017-02-01,0.0003959068963818948,0.0005354984868009347,-0.006202600386007274,-0.003033641360264487
2017-02-02,0.0006582810905374784,0.004273260032524828,-0.00041952909350328327,0.005540175253055282
2017-02-03,0.0068693849487181215,0.0061116483758954865,-0.0004201221300697146,0.002500332582847749
2017-02-06,-0.0017888888907344096,-0.002386838970719509,0.006032165744286123,0.013428758731216857
2017-02-07,4.330802773632763e-05,-0.005058098457758449,0.007323480781141664,-0.002041146037959061
2017-02-08,0.0013097025109377336,0.006119715549039582,0.013507079440554041,0.006195677380773958
2017-02-09,0.005914947859943914,0.004499125439033606,-0.011601769774685427,-0.0076440113416854985
2017-02-10,0.003938684143155379,0.009199634204151541,-0.0005793390226012843,0.0026395141502793757
2017-02-13,0.0054277744041066,0.003134812385992814,-0.0031511593650277022,-0.00682592596717586
2017-02-14,0.003987116919720249,0.0010427371840483466,-0.007253869720065313,0.0011123712399388251
2017-02-15,0.005206965608203823,0.008044511681665433,-0.004612629392571467,0.0044372173593291335
2017-02-16,-0.0008518290038330939,-0.003624984090539207,0.005448947837590829,0.005349691237603948
2017-02-17,0.0015752910281391281,-0.004159149992241925,0.005918608991805026,-0.0033932974726115484
2017-02-21,0.005937240815418791,0.010881165423775334,-0.0017466499235163707,0.0005946540100771037
2017-02-22,-0.0008882073570048108,0.0030871693529588747,0.0016635099099121104,0.0013579197505681978
2017-02-23,0.0006769184208419416,0.00025657950033382206,0.002987460751900307,0.00869753215772035
2017-02-24,0.001268258935422481,-0.01188316560957095,0.011043740648340142,0.006369402264058673
2017-02-27,0.0015617106647479286,-0.003123389390686178,-0.005918448451139739,-0.004857175635850916
2017-02-28,-0.0027031310909470577,-0.00969205889079505,0.003702807041150354,0.0009230175401251751
2017-03-01,0.013900625877082318,0.015410760513852663,-0.016898558554781628,-0.0014268817535848305
2017-03-02,-0.006317603938507913,-0.017782748713322992,-0.003605517587782244,-0.012508578672613836
2017-03-03,0.0006296085190227424,0.007622519661336287,0.002600631717843065,-0.0005955140219629334
2017-03-06,-0.0029824116075541293,0.0005235217417775955,-0.0047870257501824165,-0.006745539852068352
2017-03-07,-0.0029914821422685612,0.0010460387806056014,-0.003035414906680656,-0.008086086565359004
2017-03-08,-0.0018580935507539044,-0.009455947820960384,-0.00541856924156079,-0.006238117890961693
2017-03-09,0.0012672428133307897,-0.007949139263989907,-0.008013243395704956,-0.005140919622256575
2017-03-10,0.003498241562717479,0.011110903411036049,0.003502489169069183,0.0021815968976861885
2017-03-13,0.000504516181217944,0.01384740211615338,-0.006330851878627149,0.00017429306368713733
2017-03-14,-0.0038337690743167575,-0.005724532685577619,0.0047947026860092005,-0.005418130142925278
2017-03-15,0.008616054289309347,0.025761135939526864,0.012140629551738585,0.018492494054676123
2017-03-16,-0.0019685215512247655,0.006085357190424434,-0.005075956942558244,0.004120559955210867
2017-03-17,-0.0017577577862364514,-0.0017708421124900103,0.006257199721942908,0.0022248383768926597
2017-03-20,-0.0010976242186213835,0.011581167539897613,0.0042891224949664465,0.004435011725417898
2017-03-21,-0.012922815095150484,-0.011075230395874481,0.00827442170266826,0.008727009558066982
2017-03-22,0.0023504708922280795,0.0047976798995872216,0.003987980638766256,0.0024434516279076965
2017-03-23,-0.0010674307730312467,0.0002518977496707636,-0.0014105539464658741,-0.001347399463717088
2017-03-24,-0.000726826350481118,0.002514907032411253,0.0035633847042928096,0.0015998188263156232
2017-03-27,-0.0010267155455422452,-0.0027668047820821003,0.00453979774955214,0.005621040603803889
2017-03-28,0.007250668968951922,0.002766804782082128,-0.006692628507379121,-0.0041077969016607725
2017-03-29,0.0009339141196087157,0.0017568549542581729,0.005951165850057625,0.0024332009503229184
2017-03-30,0.0031794491894582503,-0.005279733924127093,-0.00810929961582228,-0.007233005455458062
2017-03-31,-0.002330452892259384,-0.007083447200003886,0.0029041025484692496,0.002108015430704589
2017-04-03,-0.0017408113230873215,0.0055698175887507586,0.01003598645751121,0.005292550298656713
2017-04-04,0.0006371025542810369,0.0005048763950077217,-0.005439171503252646,0.0022597345773738855
2017-04-05,-0.002976998858117115,-0.003032852495554992,0.003052628695831872,0.0
2017-04-06,0.002807054839838329,-0.001772967020188942,-0.0014839669982585452,-0.003685116697841802
2017-04-07,-0.0010194480795992643,-0.001776709292992071,-0.004050766832959904,0.002346621760815808
2017-04-10,0.0005949102664268061,-0.0040719896676669875,0.004627959285513305,0.0
2017-04-11,-0.0011905489650780015,-0.002298040711837172,0.009438428677166936,0.014378002485395934
2017-04-12,-0.004391297924401025,0.004845214364294711,0.005458518948483624,0.006825356086692966
2017-04-13,-0.006516334714096138,-0.004334075443691129,0.0030822140305334237,0.0047420728437496
2017-04-17,0.00882073645728668,0.010420855943943878,-0.003082214030533359,-0.0029407031136137306
2017-04-18,-0.0029886404407889543,-0.01272289180677007,0.012994573381124468,0.004733558474010278
2017-04-19,-0.0018403714433864473,-0.006164897229727436,-0.00546826417041102,-0.008914361418128501
2017-04-20,0.008106457030463995,0.012292021250651458,-0.003877431543336816,0.001887609614885789
2017-04-21,-0.003192229389843533,0.0,0.0,0.002865670925194773
2017-04-24,0.0109380261143001,0.014152276070894114,-0.004949952283853585,-0.006809117727285548
2017-04-25,0.005801706593073038,0.008744357686044878,-0.012112517523531792,-0.010176758825308857
2017-04-26,-0.000629048412937672,-0.0037382228788954007,0.005501347859159395,0.004894417227160271
2017-04-27,0.0008388153975490882,-0.001248952584687252,-0.0003274298450106486,-0.003730858335881937
2017-04-28,-0.0021818383238156737,0.0014986493140886079,0.0022087401851161323,0.003151414614046289
2017-05-01,0.002516828434490701,0.0057250720029323274,-0.008347476836924704,-0.009149943206636764
2017-05-02,0.00037710748688292716,0.0071722585432111895,0.005107340459682878,-0.00016711217732273407
2017-05-03,-0.0012149777347601422,-0.006676017060837667,0.0006570477598978135,-0.014055680078894413
2017-05-04,0.001173042980146962,-0.011226195300092057,-0.004938739116030272,-0.010137688898777003
2017-05-05,0.0039293553087362725,0.008244929602410416,0.0009072647121936945,0.0018819613581217375
2017-05-08,-0.00016709866899567883,-0.0002490051721545137,-0.005456221727031389,-0.0022245229386793674
2017-05-09,-0.0009182927658660776,0.012612829360345669,-8.299232554693618e-05,-0.006013737531638919
2017-05-10,0.0017940023267043262,0.006613877592116866,-0.0011616339778765725,-8.619187440805963e-05
2017-05-11,-0.002044344968882612,0.002194751036346739,0.0,0.003956305862795571
2017-05-12,-0.001672714361078351,0.004132833734069514,0.0075245806798065005,0.0028286293961141936
2017-05-15,0.005508508029529184,0.010137825052164961,-0.002721939592956333,0.00264989304932151
2017-05-16,-0.0009162854488723647,0.0009598589116519,0.003710270707942848,0.004344332691827055
2017-05-17,-0.017903243826885195,-0.017181118823151112,0.014461669809791416,0.018026089242991115
2017-05-18,0.004020609316999753,-0.01673682747608193,0.001134705733769073,-0.008214659464641129
2017-05-19,0.006483276944517553,0.021120795682193418,0.0023475983270394097,0.0049536558166890015
2017-05-22,0.005064594896913595,0.0009710561820837967,-0.002752365666882648,0.004178861021674379
2017-05-23,0.002210152752304985,0.0009709072646272808,-0.0067504742944083625,-0.006358807682167539
2017-05-24,0.0023299798534875864,0.003873214036941553,0.005614828690846144,0.003937188086656905
2017-05-25,0.004768499265527784,0.00482065654521981,0.00032489898008253315,-0.0010874337201151904
2017-05-26,-0.00020731604415079164,0.0036001630983048165,0.0017016735840123109,0.008832634206008617
2017-05-30,-0.0008689673786755516,-0.005285060165457941,0.004928603692545103,-0.0033239313084347183
2017-05-31,-0.0002484255614767146,-0.007736753765892887,0.0024943105870098,0.003987406451696997
2017-06-01,0.007920684420138626,0.008459264400200167,0.00010480878906603845,0.0008286937780719529
2017-06-02,0.0033227874104591612,0.005041556187267959,0.011771236979328423,0.007345383440385594
2017-06-05,-0.0007373074080648,-0.0011983391242416646,-0.00622879964005062,0.0009862969865506888
2017-06-06,-0.003201802053456209,0.00047935126251540745,0.005432382339112189,0.011191515796581182
2017-06-07,0.0018484055116526764,-0.0011988653045289035,-0.004791318330633464,-0.005294262319270497
2017-06-08,0.0004922642840884125,0.0059802280501452575,-0.00264548175221224,-0.006554676702975053
2017-06-09,-0.001518654078216287,-0.007660923055103332,-0.0015257927099748547,-0.009166426122606205
2017-06-12,-0.00020569366646290698,-0.0053012781284288305,-0.00032174131168494365,-0.0014943988172197275
2017-06-13,0.004877950080150021,0.00482065654521981,0.00016072533613902573,0.0009965350816834196
2017-06-14,-0.0012683746253453214,-0.0002405097920477899,0.015318611389057216,-0.005493177805750778
2017-06-15,-0.0019260840769029625,-0.010395324236824864,-0.0015847271834677882,-0.00418165701990386
2017-06-16,0.000218266243675096,0.0016994666532228332,0.0019805947859241725,0.00016757431865917162
2017-06-19,0.008290791899931881,0.00989749186978129,-0.0014264346302296504,-0.00765446009733337
2017-06-20,-0.006766854828906538,-0.011114149258351183,0.008917059273035958,-0.0021131828104241023
2017-06-21,-0.0002468366988867345,0.002193764436755191,0.002040028992784091,0.002872805881766109
2017-06-22,-0.0004531128987204103,0.0051000701117369885,0.0021928667120578236,0.0033692883509404193
2017-06-23,0.0011934402854752114,0.0053153438463708885,-0.0004697374438926334,0.004279445503073095
2017-06-26,0.0006579448770407808,0.009592396749892108,0.003749970807556184,-0.00899959554685728
2017-06-27,-0.008088901278968144,-0.01176340610868636,-0.010739177255838816,0.003794725232620457
2017-06-28,0.008910544293119115,0.007697849955874919,-0.003315475519097868,0.000757258608664271
2017-06-29,-0.008827682072338127,-0.012781868157016733,-0.008416755559493902,-0.004890000706728738
2017-06-30,0.0018628042953572977,0.004600943414613679,-0.0023146921722738243,-0.002538742638049931
2017-07-03,0.0016940082836757078,0.005781775793916677,-0.003225290259828819,-0.01648835238074312
2017-07-05,0.002309645549231311,-0.0019234720542874173,0.00024105870574777592,0.0036971824767883434
2017-07-06,-0.009186387066669573,-0.01210693498856659,-0.008308005508592153,-0.0004291636859008885
2017-07-07,0.006464050276251229,0.0019471042617047272,-0.006011946610698999,-0.010269798493159019
2017-07-10,0.0010733512335196344,0.00943740580627616,0.0014657213082666484,0.0016468254331296226
2017-07-11,-0.0007430833906757263,0.008155636864931972,0.0017070181113422091,0.0012982088742114774
2017-07-12,0.007486410628156756,0.01916520000800813,0.006881013109528964,0.0035397924292921755
2017-07-13,0.0016791804831447889,0.00490973542944454,-0.006312335051317129,-0.0018115086761426493
2017-07-14,0.00465314414094915,0.012514742141970313,0.0012170642446766209,0.008168900176639902
2017-07-17,-0.00012209346954880317,-0.004617079192445729,0.002752667279394389,0.004443348999716993
2017-07-18,0.0005292729672169994,0.003003514484048597,0.008695101863241838,0.006966890452323186
2017-07-19,0.005399333179552733,0.00827012643342335,0.0004009034668635167,-0.0002540224323477312
2017-07-20,0.00044521781976687486,-0.0011445704967381087,0.002880624417007664,0.00135406277392805
2017-07-21,-0.0008904920854672222,-0.0006873929615152648,0.004225382553627217,0.008589562474350264
2017-07-24,-0.00024310881168554583,0.002975119151416581,-0.0039060427103181973,0.0004191258176561492
2017-07-25,0.002428078740453542,-0.002516733661871539,-0.013104473416221177,-0.0032741446924645485
2017-07-26,4.055372036169747e-05,0.008213625768293526,0.0016167512800394008,0.008040236804836134
2017-07-27,-0.000930318349736323,-0.005468353959611085,-0.004940414034051168,-0.0007510021513585564
2017-07-28,-0.0011738503582065522,-0.0004569159676093897,0.005909750719564666,0.00748507747253413
2017-07-31,-0.0005669694888618959,0.001142004871969275,0.0012098561240084036,0.0004969976741389874
2017-08-01,0.0022260896657552423,0.002963800924423912,0.006996387933918901,-0.0008284878144892227
2017-08-02,0.00048531752652926146,0.0009099872435185934,0.000561896116987329,-0.002074259170059369
2017-08-03,-0.0019418340148672723,-0.0041019574080771205,0.01029069605723707,0.0015767861990997622
2017-08-04,0.0018205267126772595,0.0036471201959910535,-0.008528369654361111,-0.007825504639997654
2017-08-07,0.0018572056183690762,0.00680282263811422,0.001120243083175643,-0.0011707593535363761
2017-08-08,-0.0024638213162021558,0.00022590262642194943,-0.0036044137405502477,0.0029243323685439523
2017-08-09,-4.036914395649387e-05,-0.009078798829125757,0.005441612587396855,0.012024832535234332
2017-08-10,-0.01421588931564027,-0.023997256508780367,0.008503058866699276,0.007391636301004261
2017-08-11,0.0014759101311715532,0.0023323354411239464,0.00047483087174895387,0.004734717669981235
2017-08-14,0.009864340408594642,0.010199619367849246,-0.00515423155271272,-0.007110509708619983
2017-08-15,-0.00012182120802964872,0.0011523779839952369,-0.004222799637938647,-0.007739806493235807
2017-08-16,0.0017427964672347058,0.01031292371581213,0.0036659188076937385,0.007329654945785988
2017-08-17,-0.01571362350982791,-0.012850082321689814,0.007449793976819247,0.005074451187161252
2017-08-18,-0.0015643432490278794,0.008508913207426524,-0.0002373618284955516,-0.0015523089133794997
2017-08-21,0.0007824414742780469,0.003657123781519686,0.002445908263857256,0.003754179507042542
2017-08-22,0.01040262981062078,0.011117399130234476,-0.003868240652008514,-0.004490378194735464
2017-08-23,-0.0035918332912595755,0.004727484970152113,0.006778764702390006,0.003756939159508119
2017-08-24,-0.002333343078069771,0.003138696078471083,-0.0036992496491096514,-0.003102527430184758
2017-08-25,0.0023333430780698495,0.005803693689514239,0.0038563695742371193,0.0036729988686282277
2017-08-28,4.088477371756947e-05,-0.003567739600265713,-0.0006286278748596967,0.015762397031869272
2017-08-29,0.0011443100916814675,-0.0017882382753621137,0.0032173568933838025,-0.002167752218151974
2017-08-30,0.004726355250829757,0.0015648053780778313,-0.00031391272501194226,-0.0004823342716563527
2017-08-31,0.00599802101338675,0.0015627754808028645,0.0029736054043649576,0.011671721617894353
2017-09-01,0.001412985373361369,0.007334387136771126,-0.007678726984192313,0.0019056530015576626
2017-09-05,-0.007207946241920329,-0.01315106590888868,0.015733669348412884,0.011044617985341777
2017-09-06,0.0034082810171528945,0.006485781628480494,-0.006153991703059866,-0.005112698708954078
2017-09-07,-0.00012164357292032236,0.007329396356535826,0.010184573137824282,0.010355527635419215
2017-09-08,-0.0011753493989285482,-0.0066609480688525746,-0.002168294190601718,-0.0012495406412696415
2017-09-11,0.010609271069249268,0.013277514671381312,-0.012009933013527572,-0.014007143976598416
2017-09-12,0.0033652027388176276,-0.001099657143003142,-0.005269936361187252,0.0029277577169540335
2017-09-13,0.0004796701283425747,-0.0052959110726962496,-0.0039518229393102015,-0.007534611170577271
2017-09-14,-0.00031987121973305456,0.002651461366512358,0.004109327766981293,0.004369098124020519
2017-09-15,0.0013455131963536057,0.0059400040214638555,0.0003939619541082425,-0.005006207576558888
2017-09-18,0.0021244731997308738,0.0035034771742941955,-0.005770846611100864,-0.009364174007229185
2017-09-19,0.0010006691955344576,0.002183126895822331,-0.002460652864722693,0.002088539057238403
2017-09-20,0.00036004609480709684,-0.004590562959978442,0.0007145034037348424,-0.008056762706663206
2017-09-21,-0.002682968849342923,0.0,-0.0005557843732387338,-0.007633024715442955
2017-09-22,0.00020036707482700135,-0.005712741207067778,0.0028562856554596753,0.0045543146609353605
2017-09-25,-0.002046568290723816,-0.017113702490040468,0.006240809463058456,0.01041298453601274
2017-09-26,0.0006020910458989791,-0.0026937181863430867,-0.0018130882614581854,-0.011224726404076811
2017-09-27,0.003887010613158873,-0.003602459336968384,-0.015182354951742012,-0.009464790137827282
2017-09-28,0.0011989878848638878,-0.0006771051073211116,-0.002967902721950327,0.0018837445698112896
2017-09-29,0.0035090195635575925,0.011446612347297502,0.002247017444589587,-0.0051683715774128456
2017-10-02,0.0043291835115375,0.00022297607156564027,-0.0018328810273840644,-0.006684614889873803
2017-10-03,0.002137840936207388,0.01571719849289027,0.0009653118472288914,0.0004967317019956395
2017-10-04,0.0011857404699214696,-0.00021960067900939697,8.010639954378321e-05,0.0028098889387879367
2017-10-05,0.005907703889781571,0.007441326210311857,-0.003784634038670991,-0.005378816723625571
2017-10-06,-0.0011394310219416312,-0.0050277555871686905,-0.002828239784670772,0.0047183541150492775
2017-10-09,-0.0016527451120291851,-0.0006578080794477488,0.0031506030582699545,0.008142542011554031
2017-10-10,0.0026349252136639396,0.009819953841622245,0.0016117528558132446,0.002617800009600174
2017-10-11,0.001569757697862709,0.00454998564777501,0.0019309316895876074,0.0031812040839063376
2017-10-12,-0.0014910607172610505,-0.00043231661852922667,0.004250750515581381,0.0008140547013934963
2017-10-13,0.0012168248286022953,0.00904202257396198,0.007176921009082576,0.007539254296557061
2017-10-16,0.0013324788153568383,-0.0006432825915533013,-0.0007151846300411986,-0.006888462515220647
2017-10-17,0.0007047599630257431,-0.005160310391465305,0.0012712754161879104,-0.006854404417199568
2017-10-18,0.0009781576716690332,0.0023685607161175667,-0.006613291303849159,-0.0037735819439878113
2017-10-19,0.00027375092624907073,-0.008856445845393768,0.0017571539492053697,0.005900215657301968
2017-10-20,0.005146823729037577,0.003681772156862129,-0.010670309501567901,-0.006393454395473306
2017-10-23,-0.003896480446829116,-0.008030397249198733,0.001773028981008947,0.0015611723194451613
2017-10-24,0.0017554379122096853,0.0,-0.006219206090020689,-0.0038662591759729935
2017-10-25,-0.004962449755361914,-0.0021815261678576605,-0.004791680764288793,0.0001647984431062872
2017-10-26,0.0012919193412935987,-0.006793072858218317,-0.003342673286523872,-0.008440935931398883
2017-10-27,0.008143059812891647,0.014407381641600702,0.006593983485988477,0.0047257865747334146
2017-10-30,-0.00373223253884636,-0.006304984344443275,0.009529232219237087,0.0019005561122998722
2017-10-31,0.0015568126569022209,0.009334728779749165,0.00032127677674306104,-0.0038047944426046506
2017-11-01,0.0013210190045050373,0.005172643723279994,0.0044426459174879045,0.0036396966611634005
2017-11-02,0.0003884299350438508,0.0012887914007031639,0.004399443034547143,0.0006603535530684753
2017-11-03,0.0033333669222706825,-0.005165663290077645,0.0027096217874252653,-0.0047144513322975885
2017-11-06,0.0015461761165951997,0.011159117503293636,0.003733988890600649,0.008502950979344039
2017-11-07,-0.0006957562451083521,-0.006422600501271568,0.004193906544275863,-0.0036235108435323914
2017-11-08,0.0016998164044548215,0.004713790529630131,-0.0022135689929000993,0.003459056119704665
2017-11-09,-0.003634341479534757,-0.006218554766716028,-0.002852926931922241,0.004102401645100611
2017-11-10,-0.00030991211023219346,-0.004311228348286956,-0.015194598135919658,-0.008221702339946372
2017-11-13,0.0009293134388613354,-0.0021628559486447647,0.002093368247125594,0.0014849063034307734
2017-11-14,-0.002325073922908077,-0.0067339464763515435,0.00673179765642134,0.002058715307154061
2017-11-15,-0.005017800053461557,-0.005244785565285852,0.010803671864463267,-0.001234670245587114
2017-11-16,0.008464915665041015,0.020601530380207306,-0.008729065762653313,-8.238652462762423e-05
2017-11-17,-0.0029430820993421843,0.004924412085278035,0.007385290535292344,0.011954609509226865
2017-11-20,0.0017048812868413292,0.005112939048109792,-0.0003960299323360345,-0.012696268046166224
2017-11-21,0.006521418222993163,0.013298419289308618,0.0031611668574704987,0.001647348843739489
2017-11-22,-0.0008850063355824794,0.002513001614644696,0.0032299560766776334,0.009175087875408043
2017-11-24,0.0023073937493446883,-0.0020937292132910076,-0.002756515019619409,-0.0025311102507151856
2017-11-27,-0.0004995272268216195,-0.014780642979021978,-0.0014207653713277128,0.004160741332319787
2017-11-28,0.010093657730872218,0.007417531484416216,0.0013417204520715102,-0.00016287471547679085
2017-11-29,-0.000608833111477922,-0.015962562430758897,-0.009907491418645652,-0.006289558392421287
2017-11-30,0.008716787670846996,-0.011002523421291446,-0.0033513131477273268,-0.007732229391441411
2017-12-01,-0.002077348224234938,-0.0056559822466889535,0.013404137929254194,0.0040380612309282235
2017-12-04,-0.0012107752618803552,0.0019615090162954027,0.0004741069289756622,-0.003377653154607993
2017-12-05,-0.003603010930591081,-0.0006530037085025495,0.004963682109242373,-0.007122188370048705
2017-12-06,0.0001896634987957043,-0.013600120520867934,0.0034522486597074156,-0.002079954164184071
2017-12-07,0.0031481855249491297,0.0028671690656594763,-0.007863243423060126,-0.013246352701112026
2017-12-08,0.005438452023633078,0.011603393385995937,7.89523264549029e-05,-8.43525069872456e-05
2017-12-11,0.0030081219635046765,0.004994318509568302,-0.0020542509147457606,-0.003974813553107367
2017-12-12,0.0017631795109122358,-0.006736873243746243,-0.0003954822187399927,0.0011856318079057743
2017-12-13,-0.00011195714025871412,0.011921608336728512,0.007488996874322915,0.008596013189973703
2017-12-14,-0.004094840841113784,-0.007352815328799692,0.004232020323402142,-0.002015942432484809
2017-12-15,0.008292875221899787,0.0021680802358173485,0.0037464992039203874,0.00209987057429634
2017-12-18,0.006321366461692547,0.011199977988268753,-0.009157270435472369,0.004604277886820867
2017-12-19,-0.0038476145300408255,-0.005297323340746034,-0.013058878616628774,0.0007513783425439744
2017-12-20,-0.0005244366158774268,0.0013103158819086451,-0.011134239356300236,0.0026671102328525206
2017-12-21,0.0020575495059267663,0.006527438645237081,0.005811043704040795,0.0014140004111240193
2017-12-22,-0.00026145819628420065,0.008422319033119895,0.0013632522752217127,0.005222850279184247
2017-12-26,-0.001197100580372722,-0.0008603225133539645,0.0029611759489320036,0.006839416919106556
2017-12-27,0.0004864442916291023,0.002579340272107656,0.012941701283846859,0.003770551302149118
2017-12-28,0.0020553843925174373,0.006846477000842982,-0.0008689634782237723,0.0050595432932777126
2017-12-29,-0.003777977436225794,0.00468009101678719,0.0015786842460216459,0.006490919761210391
2018-01-02,0.0071322301355392055,0.01871170069006973,-0.010858820876638189,0.012058023762451863
2018-01-03,0.006305233737897903,0.009535663558692795,0.004770345977102928,-0.0026403330092135157
2018-01-04,0.004205701294810364,0.004939391919737136,-0.00015871212872861027,0.005114278310262769
2018-01-05,0.0066420897834920875,0.008585404191949446,-0.0028594366767814975,-0.001036702137934486
2018-01-08,0.0018270011399317931,0.0,-0.0006366109052152826,-0.0001596255390370604
2018-01-09,0.0022611181836093793,-0.0016296290157258601,-0.013462997263844381,-0.004639219643041588
2018-01-10,-0.0015312766228625686,-0.006340027875998198,-0.001211177273946266,0.002402270692406848
2018-01-11,0.00726964436007429,0.006136055665944038,0.004111313693971407,0.003273877321212141
2018-01-12,0.00649777451984213,0.009538393460388338,0.0016881947813968368,0.012044492942167013
2018-01-16,-0.00342401644516998,-0.003844882784619566,0.004167490526676991,0.001652690627169873
2018-01-17,0.009486767581297403,0.013093161129400838,-0.001361004951867779,-0.008132363237354055
2018-01-18,-0.001682525413108753,0.0011998169055218054,-0.009332636792572256,-0.002222213448585594
2018-01-19,0.004539132188646353,0.008161610541006871,-0.005268580936036906,0.0044394996120163946
2018-01-22,0.008098613253811851,0.005733046687514503,0.0009749307301090555,0.0018177059354296304
2018-01-23,0.002119510692787394,0.004720042585805436,0.004293650205927919,0.004961985943158681
2018-01-24,-0.00038793675122168384,0.00840084226237765,-0.005431280090131661,0.012104345577545294
2018-01-25,0.00042342991713883906,-0.0005841399966236776,0.008175581033693596,-0.006697849027902464
2018-01-26,0.011511701381698424,0.013727022518581792,-0.0037150526078366473,0.0007811756386790387
2018-01-29,-0.006651994753771541,-0.015285268211395413,-0.006983069068141509,-0.005637857183470335
2018-01-30,-0.010310461710115798,-0.013741992377881328,-0.005883470998455893,-0.004328123373076199
2018-01-31,0.0004969651794533463,0.008659647220846457,0.005883470998455958,0.00668108957049156
2018-02-01,-0.0011359580962003275,-0.013613479735943753,-0.0145984123937687,0.0032848909860550284
2018-02-02,-0.02201028627714226,-0.025959847994925744,-0.009322910012596736,-0.013204686797240324
2018-02-05,-0.04272227030571722,-0.03569596943371827,0.00940558748282071,0.0025286437555192493
2018-02-06,0.019510535868719127,0.032019401148081925,-0.006232606079360111,-0.01055189964568088
2018-02-07,-0.0054395573369054135,-0.03201940114808192,-0.009548819529160356,-0.004716772083453344
2018-02-08,-0.0382304426243214,-0.03526485782052197,-0.0010944938472195673,0.001521419504394612
2018-02-09,0.014909937319012885,0.015850929613523447,-0.0063391806133625125,-0.0016817358427458674
2018-02-12,0.014577541411607659,0.015603593060425046,0.00439943931261887,0.0047973715177869495
2018-02-13,0.0024842549463632703,0.007606110321453941,0.0044643670146207615,0.005647253596785453
2018-02-14,0.013405955912160882,0.024739211106620536,-0.011155488435756545,0.0169088525197643
2018-02-15,0.012679586501140995,0.020325837156284034,0.003393296318351738,0.0011691607653979673
2018-02-16,0.00029267290114366994,-0.0032245393654933927,0.0054057959897676824,-0.0032769459911664296
2018-02-20,-0.006280632563491099,-0.013821419014200436,-0.00438982723311796,-0.013532867750937797
2018-02-21,-0.00498684844396451,-0.0008189382640456994,-0.012344274675403364,-0.004604964057785746
2018-02-22,0.0012954806940722867,0.0006142665638159844,0.002993562578743754,0.005080177401414419
2018-02-23,0.015813410921178182,0.01765284072347163,0.008843061591285587,-0.0012676571223934087
2018-02-26,0.01154557129973844,0.009209304441402713,0.0003381073516895993,0.0024545525850455277
2018-02-27,-0.012565151197175443,-0.029526978390921783,-0.0014395715740737885,-0.010493774054732095
2018-02-28,-0.010182097507970223,-0.01447206440433062,0.006336049859587936,-0.0010394376248337527
2018-03-01,-0.014647327928799988,-0.0018758343315276504,0.0068030084366277905,-0.0022425027652310265
2018-03-02,0.005141659536922197,0.004163942787671075,-0.008162488440050124,0.005357640797750738
2018-03-05,0.011491765857012039,0.0014535119883687503,-0.0027074934765434562,-0.0016761714003699012
2018-03-06,0.0025317890406065077,0.00929264488221655,0.0009316863717494882,0.010726720619181963
2018-03-07,-0.00036632177230528815,0.0010274252272885773,-0.0011009539453077134,-0.006422202914569186
2018-03-08,0.0048273320970003905,0.00020520797599367306,0.005745839801189442,-0.002389131123572836
2018-03-09,0.017252422844633623,0.021126266943375122,-0.006593426980203548,0.000956349666608725
2018-03-12,-0.0012556735868852979,0.002408787930332668,0.005750535068635478,0.0
2018-03-13,-0.006483794115140014,-0.00906428094550111,0.005046889385293327,0.001909899228192024
2018-03-14,-0.0051448022583085624,0.0016176231899001762,0.008770142155393812,-0.0006362480921955626
2018-03-15,-0.0010900142989000339,-0.0036430834761683704,0.0,-0.0063846619697597
2018-03-16,0.0010839059690555184,-0.0022329318048271876,-0.003582407918101645,-0.002404835241203122
2018-03-19,-0.013622739359948836,-0.010828602609817719,-0.00317670358071082,0.0021646240154515875
2018-03-20,0.0016992209047659544,0.011031963311300503,-0.004027413082512812,-0.0044947919586221805
2018-03-21,-0.0019212046866881813,0.005874453887964095,0.0010928267376277556,0.017305793278474
2018-03-22,-0.025315109892167103,-0.03389453957156139,0.009860147772376508,-0.0039610286020946425
2018-03-23,-0.02154487353995584,-0.020475534751649132,-0.0007482783198660473,0.01285555168848731
2018-03-26,0.02699141675825688,0.03190193470967743,-0.003835185514033893,0.005236622780197456
2018-03-27,-0.017158090561752395,-0.018345343405463444,0.010634972704647576,-0.006177451915059315
2018-03-28,-0.0029593295403177295,-0.005062233562560153,0.002641662077805777,-0.013901136089334824
2018-03-29,0.012696574159044273,0.020718585355268757,0.004852389808043038,0.0004770798243684067
2018-04-02,-0.021820601457404012,-0.01818436191601302,0.001970637577327255,0.01161839746199109
2018-04-03,0.012735530774836745,0.009864815544486524,-0.0077424716393193725,-0.0075722010717776825
2018-04-04,0.01064206494514604,0.0004174961853524033,-0.0020686309581192733,0.0011868954626521053
2018-04-05,0.00786101373859161,0.002502086455893048,-0.007485666396994008,-0.005153580456720969
2018-04-06,-0.02253779340527235,-0.01976934146649912,0.010876513856279033,0.004678991304775993
2018-04-09,0.004916122720064736,0.0010615719991647773,0.0016498391204712618,0.0033963960355940744
2018-04-10,0.015775407791311417,0.019332171118617642,-0.0018147817706361702,0.002362787969159084
2018-04-11,-0.0052561138635689765,0.00041630537591343304,0.0035447277597610636,0.007757730797944395
2018-04-12,0.008193423661884082,-0.0004163053759134008,-0.007351291390066208,-0.011698777825105413
2018-04-13,-0.002937309798315098,-0.010039634156116369,0.002318462308232334,0.00653361006986455
2018-04-16,0.008188173715284627,0.001260600516786774,0.0003308274710720498,0.0014113245973425364
2018-04-17,0.010641704643231525,0.0020970600581113295,0.002725118854275325,0.000939797609092718
2018-04-18,0.0007398364424432252,0.008553508720622636,-0.008031056310596836,0.0007824607184664891
2018-04-19,-0.005562964114540037,-0.0058333814056801365,-0.008179606373954009,-0.001957330849889553
2018-04-20,-0.008515525657626654,-0.012615907237782662,-0.007233539768516098,-0.007630932179694891
2018-04-23,-0.00015020230218614874,-0.00807309444476614,0.00025320041965423603,-0.008007927882251619
2018-04-24,-0.013558582034931148,-0.004703715216300584,-0.004567854148863903,0.004844167468111617
2018-04-25,0.002468567172074487,-0.007745403414302539,-0.006720447741284297,-0.006517267321502421
2018-04-26,0.010114219429098927,0.014367219742764213,0.006974334334114308,-0.0035146807713917604
2018-04-27,0.0009385490263231103,0.006154993332605154,0.007683915361366587,0.0042320403061771
2018-04-30,-0.007720573284108478,-0.007220378606608772,0.001765225095581727,-0.00727744165435215
2018-05-01,0.001775464816980219,-0.004913835905843011,-0.003608217629971355,-0.007088207443339079
2018-05-02,-0.0067402729578356305,-0.007955961590924683,-0.0010989710505371634,-0.00048510316641562344
2018-05-03,-0.0022058905153410162,-0.0021613601268130255,0.004471233525463207,0.005082068394914099
2018-05-04,0.012863298580203776,0.004533246213738046,0.001513759272631401,0.0020898820929316714
2018-05-07,0.0033776096878813944,-0.005832129543276756,-0.001597955720805375,0.00024084765259023235
2018-05-08,0.0,0.005616547478021038,-0.0009261428895076582,0.0001605124693187213
2018-05-09,0.009619208247828265,0.0019369917591355629,-0.006000734730827576,-0.002088981225264128
2018-05-10,0.009307444759826693,0.020641210762086498,0.008020636269938049,0.006813368242228766
2018-05-11,0.003046836595358426,-0.001686212247954474,0.0025191730740923564,-0.0014389666321499815
2018-05-14,0.0004760372532730466,0.0012648291586144047,-0.005297621218574129,-0.0040883630684626394
2018-05-15,-0.006910869994973381,-0.020864910553980272,-0.011448612582366378,-0.016277595476396185
2018-05-16,0.004196180418264449,0.014947991848250082,-0.0038449135694135867,-0.0015524980696371136
2018-05-17,-0.000845001809668771,-0.015378442719896277,-0.005064679716434302,0.0005722435830601718
2018-05-18,-0.0025033414988867445,-0.008429797550452475,0.008568774964146738,0.00040857173330558584
2018-05-21,0.007490544451564908,0.006059247081123891,0.0005117580583960381,0.0005716827532715196
2018-05-22,-0.0027842201924203553,0.0034460842222085036,-0.00153622482269871,-0.0005716827532715781
2018-05-23,0.002747710801007106,-0.00043017322498682225,0.007233326498562568,0.0010614187645907496
2018-05-24,-0.0020508337329781298,-0.005391896213087295,0.00793831021224585,0.00853209120176816
2018-05-25,-0.002385298976333214,0.004100659744194173,0.006205211449444137,-0.0030793967645780895
2018-05-29,-0.011567755119350931,-0.023535622729693628,0.02166648714492275,-0.00016231041385129715
2018-05-30,0.013256177027655315,0.007906814646575798,-0.006730734936339637,0.001460093554237964
2018-05-31,-0.006144576534119076,-0.00043770359566135315,-0.0016485456475024373,-0.0021909715513725716
2018-06-01,0.009769975263222434,0.013910376368310991,-0.005297368852939001,-0.004967644235411557
2018-06-04,0.004739917239850513,0.01009342110598473,-0.00725808411214952,-0.0009801121170807511
2018-06-05,0.000727541886547376,-0.00772224335931853,0.002341642906170477,0.003914822104047846
2018-06-06,0.0083259503235807,0.014960970333055351,-0.008135882556864833,0.0005696358194504353
2018-06-07,-0.0001086878372470477,-0.015391594834508988,0.009638391238772826,-0.0004882216623280107
2018-06-08,0.002952219799337535,-0.001940553245212427,-0.0030072782936479635,0.0012201695433653895
2018-06-11,0.0013292653037908276,0.0,-0.001842127025158483,0.0017868849442266759
2018-06-12,0.0012917190856649315,-0.002593573456044159,0.0002511468590632124,-0.003332688774722517
2018-06-13,-0.0031959131057516126,-0.0067309915019985725,-0.0005028395014467839,0.003008032375587246
2018-06-14,0.0025142083245165625,-0.006776604945681466,0.008265568926436307,0.0015411027282310494
2018-06-15,-0.0012764730219597365,-0.007928011545585211,0.0009137771633781248,-0.016672509186741995
2018-06-18,-0.0020588544627189002,-0.012234489476706715,-0.0009137771633780707,-0.0018972637609840908
2018-06-19,-0.003840101669528797,-0.011099997196060096,0.005803241401902882,-0.0025629178089953803
2018-06-20,0.0017042485550630712,0.004318559732704146,-0.008801004036352414,-0.0044802273887545
2018-06-21,-0.006288443695340528,-0.014162100347772936,0.005240042644389512,-0.0017477352868705306
2018-06-22,0.0018213846201867504,0.010299032368775498,-8.28752472849655e-05,0.0024126912728642744
2018-06-25,-0.013706418995024703,-0.013524421175814984,0.002237528087474705,-0.003746388732216758
2018-06-26,0.002212070672442859,-0.003931168607458962,0.0014063085517731382,-0.0052686490212925504
2018-06-27,-0.008319021952144196,-0.01941812307106595,0.00937998704471653,-0.005718147886604777
2018-06-28,0.005701351716246244,0.008468490453853136,0.0002457815630314786,-0.003040547998821346
2018-06-29,0.0014384279154423536,0.01488080122467155,-0.0034447956933027182,0.0036306900201949913
2018-07-02,0.0021360020930308384,-0.009973571249242497,-0.0007831492557420524,-0.010080153442110952
2018-07-03,-0.0035379427885936787,0.0006989197568682944,0.005342553903676264,0.010080153442110855
2018-07-05,0.008125041973102556,-0.0025655225794046564,0.002864794255971146,0.0033656028250155126
2018-07-06,0.008422620114111096,0.013684407238525337,0.0032637651362851182,-0.0015972634935638506
2018-07-09,0.008964281524818977,0.017808848752156735,-0.0064563351143409695,0.002436881277559937
2018-07-10,0.0035916110538482217,-0.00226559276409077,-8.164668172401102e-05,-0.0018481290459546572
2018-07-11,-0.0073412594540576475,-0.01969820547321274,0.00384623890538801,-0.010905978807671088
2018-07-12,0.009024996306959555,0.013555601158893977,-8.157452445425002e-05,0.0041565812124297165
2018-07-13,0.0007875332497679423,0.0006843547861673116,0.0025292318569782603,-0.004411618657356192
2018-07-16,-0.0008944183781700906,-0.0054882055985503875,-0.0041643932640100636,-0.0005102701051305093
2018-07-17,0.0040368929537698914,0.007311107041616652,-0.0018834055691915631,-0.010862735754725461
2018-07-18,0.0021014978666087022,-0.001138910968611915,-0.0040253820919788985,0.00025795416772476286
2018-07-19,-0.0037786250650392985,-0.012382409864947787,0.006317730857329112,-0.004308123245285948
2018-07-20,-0.0011435377457188155,0.014203755459458367,-0.012344804652329384,0.006455244826308788
2018-07-23,0.001857646699033446,-0.006618716002385437,-0.012415376597787523,-0.004815949835095058
2018-07-24,0.005019573285639246,0.014549175449067675,0.003431509103155222,0.00034477603659500224
2018-07-25,0.008486330678757339,0.01611845590984444,-0.001588436900084181,0.00550018047205447
2018-07-26,-0.002362202530542395,-0.011165563224111868,-0.0019267209787689385,-0.00782971239395345
2018-07-27,-0.006799231639140497,0.003586146971546264,0.0016749335027356896,0.0005181795313150905
2018-07-30,-0.005236940080623835,-0.0015674718373304773,-0.003437518852153567,-0.001555212880989931
2018-07-31,0.004917120491578163,0.005364513056083833,0.005445006709719653,0.0029355602050311473
2018-08-01,-0.0016721796298415055,-0.008956909874155991,-0.00818012017342348,-0.007355188129705078
2018-08-02,0.0054330354814448025,-0.013358955466994712,0.0014339220290243285,-0.0053993230298752665
2018-08-03,0.004275573447474011,0.007720334495849645,0.004961251358178843,0.003486767260953241
2018-08-06,0.0036605156308901245,-0.007720334495849592,0.0005866075106018977,-0.005147198608389075
2018-08-07,0.0032969633202550993,0.010205500274265164,-0.00521026685152175,0.002271488910587502
2018-08-08,-0.00042059679849051234,-0.0013548540641815415,0.001010564832387072,0.002788736658924094
2018-08-09,-0.0013671073453561183,-0.0029411420968603413,0.00838271749585303,-0.0014805645831976347
2018-08-10,-0.006722497291997999,-0.021531107233741593,0.007236158814894502,-0.00043582289228197795
2018-08-13,-0.0037503056510270615,-0.016575557082922385,-0.0020740028077741667,-0.015199092023381782
2018-08-14,0.006360352211034709,0.006101535433298444,-0.002244485151500307,0.000973327608104041
2018-08-15,-0.007495433275480606,-0.029200915092667045,0.0058098477688052355,-0.016766621575930757
2018-08-16,0.008058442927647777,0.006244327042722475,-8.308928003254909e-05,-0.0008097887609237462
2018-08-17,0.0035144660550022818,0.010478684493981285,0.0012402454347272566,0.009228205066865915
2018-08-20,0.0021378602814018967,0.004491292990874141,0.006673556625107496,0.0049818196508907165
2018-08-21,0.002342297198461401,0.012655409866604565,-0.0033722143841021374,0.0029240568705197916
2018-08-22,-0.0005933646443563901,0.007886673763865875,0.003946838804293558,0.0022095550764809732
2018-08-23,-0.0013290660840020977,-0.01630597136878602,0.0015578535544475826,-0.009491353686729823
2018-08-24,0.006000508005645014,0.018383414129166886,0.001964064625235014,0.017318039357996126
2018-08-27,0.007864125790715978,0.014194313539798347,-0.005740608608000867,0.0037595032326643405
2018-08-28,0.00048275309208601323,-0.003643730909633034,-0.006021674534974465,-0.007973022006627225
2018-08-29,0.0053669109712341494,0.006141309976983718,0.0013232194927351151,0.0045637840256251986
2018-08-30,-0.0040567057608945165,-0.026423198652749415,0.0021459529282282994,-0.004915718883921124
2018-08-31,3.458057083860182e-05,0.005108903354707626,-0.0023114175427427944,-0.0011445940280617694
2018-09-04,-0.0017239704793272216,-0.01964943072044178,-0.0057983340592973834,-0.005122797149079999
2018-09-05,-0.0026947241380830067,-0.014515402754554048,-0.0026694680163647593,0.003447511831347845
2018-09-06,-0.0030146033915938865,0.0009582351850126615,0.0036687238563644082,0.0019395335367870974
2018-09-07,-0.0019454205379470285,-0.005041529988446937,-0.008525672860381552,-0.0027340278330774677
2018-09-10,0.0017368481774077565,-0.009916571372170993,0.0036865531191472858,-0.000706792407982718
2018-09-11,0.003292044854299416,0.0021853879472568407,-0.007639338942865908,0.0006184538252070439
2018-09-12,0.0002418963544195122,0.00508033917915903,0.002356621275457511,0.008355710260063364
2018-09-13,0.005897143830932457,0.013423232642915773,0.0015122320086903064,-0.0035975648169408914
2018-09-14,0.00017186673916192704,-0.0009531905909760659,-0.004796560799457231,-0.006526220333750846
2018-09-17,-0.005307787636597601,-0.009097139790217524,0.0,0.005206771454576303
2018-09-18,0.005411082592125552,0.009573902858904852,-0.010515053675559652,-0.0014974516487718237
2018-09-19,0.0010650647802976784,0.013721433291855684,-0.005984212614783503,0.0038711539862427546
2018-09-20,0.008070959889562674,0.010982683205080572,0.004619583559863458,0.0034188014897895418
2018-09-21,-0.0009140752397088234,0.004637195546305093,-0.0004266659700315272,-0.0068493312914384265
2018-09-24,-0.0033272184857907863,-0.011399657774552261,-0.002565294706468125,-0.00017621292914007548
2018-09-25,-0.0009283207662893549,0.003970042484496666,-0.001027685588313232,0.0015850681638403528
2018-09-26,-0.0029965018854045864,0.002095124867211426,0.007003168520593268,-0.005293338005935142
2018-09-27,0.002790130543282604,0.004871937436987488,0.0006803525088366593,-0.008884998236125718
2018-09-28,0.0001036030309521991,-0.006734301168085799,-0.002639984597911253,0.0063164577082286105
2018-10-01,0.003467915593025086,0.00023291897996887597,-0.007368561129662653,-0.0016864375351172442
2018-10-02,-0.000583001099078407,-0.012658378641852795,0.006094455033442482,0.011482223287117932
2018-10-03,0.0005485092866570193,-0.00829082906426002,-0.017524125872907366,-0.003959744500981412
2018-10-04,-0.007846164073035936,-0.025293180338547803,-0.007079018177589787,0.0005289130805079614
2018-10-05,-0.005612861805675125,-0.003666537026158675,-0.008631954840888046,0.0028159089867124108
2018-10-08,0.0,0.00146833968906198,-0.0033672159541829616,-0.011133826368821452
2018-10-09,-0.0014604583826807569,-0.003674285479607179,0.010067990280356513,0.0005329800140063239
2018-10-10,-0.032174977598373594,-0.030142911088090796,-0.002727665030165374,0.0024835810584159217
2018-10-11,-0.022273069357559076,-0.010168066493869846,0.01208564689807233,0.025366544894876334
2018-10-12,0.01379302240347418,0.028958296430039058,-0.0034876899157652496,-0.0047616679491750925
2018-10-15,-0.005632837074424118,-0.010729932703977887,-0.00043693204931016675,0.006660030947980057
2018-10-16,0.021630147659939807,0.024778282931388933,0.0022699150162126124,-0.0017255996137757622
2018-10-17,0.00017837107106523007,-0.012312228884014497,-0.0059475174084075355,-8.637796161615032e-05
2018-10-18,-0.0145464429932902,-0.026614729745391353,-0.0003507714504670942,0.001122068685606197
2018-10-19,-0.000542867266496944,0.009370613311773374,-0.0021956990614438285,0.0007761304849288288
2018-10-22,-0.004498740295205918,0.01078104763497759,-0.0013204742603058143,-0.0025893597255193914
2018-10-23,-0.005103491172754264,-0.011033109810654267,0.0031653622689643435,0.005859562733875961
2018-10-24,-0.030767311922050348,-0.03280663687705586,0.007520295996229988,0.0023171370069294235
2018-10-25,0.01778156919563682,0.019097148117547286,-0.0041903445402738165,-0.002231204310531111
2018-10-26,-0.017743774421385562,-0.0115695863077966,0.006018547419932327,0.0031736109331066205
2018-10-29,-0.005555781833705182,-0.017478094234389962,-0.0022635402649218922,-0.003947139978932357
2018-10-30,0.01470983697716883,0.01928664601686261,-0.0049809362765169795,-0.004394427867848015
2018-10-31,0.0106239979976436,0.01078327247346469,-0.005093114532087312,-0.005628951974666804
2018-11-01,0.010585644321938682,0.035126638920446894,0.0009263933145374729,0.01277086763550321
2018-11-02,-0.00594061898586403,0.00638966731961737,-0.012511243013358897,0.0001715043948444399
2018-11-05,0.005501934354336868,0.0026911638194921286,0.003921352188209305,-0.0024032178261358607
2018-11-06,0.006307648050456725,-0.0017118117548792179,-0.0006230540839797473,-0.002839826579174042
2018-11-07,0.021183398719864795,0.01866946593164183,0.0013343397490473009,-8.61993040877103e-05
2018-11-08,-0.0018165394518710294,-0.02628524026236418,-8.904115081450608e-05,-0.002156939731312277
2018-11-09,-0.009816581433280331,-0.018668959631048487,0.007438479448492096,-0.011291663536045476
2018-11-12,-0.018861602919977516,-0.014169925945130807,0.006506902500944261,-0.007188596482678694
2018-11-13,-0.0018730919002611464,0.011402363072544863,-0.0006139574825391485,0.00035180582721631255
2018-11-14,-0.006860282970752408,0.006028619650195945,0.0006139574825392249,0.008233404279793029
2018-11-15,0.010382235816687884,0.022044325119547736,-0.0004384907073966933,0.0011333182475063862
2018-11-16,0.00259740226919619,0.0019579684687301966,0.005770717182191941,0.0073788789662288
2018-11-19,-0.017059281755859378,-0.013538710384932198,0.002786356445684285,0.0004323180677422659
2018-11-20,-0.01867905845431834,-0.021797137985811805,0.0003478523656625178,0.0
2018-11-21,0.003401537844677291,0.01832135246242114,-0.00034785236566258637,0.001641277459165227
2018-11-23,-0.0067010511941891105,-0.011757463793326477,0.001042699921981678,-0.0007771357154266267
2018-11-26,0.016015343877690463,0.01225463173408569,-0.0022604763041335903,-0.0011235233509469095
2018-11-27,0.0033586941575408035,0.0069357574638438295,0.0011305881557902133,-0.005984687209490868
2018-11-28,0.022764352816722438,0.023662680623676578,-0.004880786882500044,0.00373378036345705
2018-11-29,-0.00218753538206237,-0.008716712588767371,0.003924434535912243,0.003115272664463216
2018-11-30,0.006076975092471422,-0.0009732674449993521,0.00373504399192498,-0.001729479411524255
2018-12-03,0.013154408844700656,0.0200031180847736,0.007075204457201018,0.007501675441848404
2018-12-04,-0.032938856690105996,-0.021464686712908274,0.016602793615672535,0.006080599945141696
2018-12-06,-0.0015186361848561767,-0.009306802290734145,0.0031359857451256595,0.00017072178718187972
2018-12-07,-0.023509834230897118,-0.01887789793595372,0.0018590402028021392,0.008077219150826301
2018-12-10,0.0018950710293765445,-0.010587555140603553,0.004130305468598609,-0.003477935715567025
2018-12-11,0.00022723734850820367,0.0075738950585735884,-0.00016806351423264977,-0.0011903699128753065
2018-12-12,0.005022753332748322,0.01621602048173642,-0.004469084762753354,0.00212467676965701
2018-12-13,-0.00033881259052527014,-0.0002477836609040153,-0.002368669032428949,-0.0022097759847801487
2018-12-14,-0.018637833038271205,-0.014209336274003354,0.0034670232303527196,-0.004007006751401848
2018-12-17,-0.019813052370463387,-0.009332795605402726,0.005806678427930461,0.0068957425332182515
2018-12-18,-0.0010972703879444327,0.006767799743852418,0.005970874257651241,0.0023726710074086807
2018-12-19,-0.015088947853256426,-0.016746663860987974,0.013124214040732853,-0.0061126025718981495
2018-12-20,-0.0164118874481678,0.007764341893522289,-0.0036372388589387262,0.015295836918707156
2018-12-21,-0.020702281475874128,-0.006984793522834427,-0.0001659708980645867,-0.004370461193212718
2018-12-24,-0.026778329503576875,-0.00938987760459397,0.004957843215602911,0.01089057789030817
2018-12-26,0.04928991507859122,0.01972024953600526,-0.01077323246002838,-0.003003949025405859
2018-12-27,0.007647862922522781,-0.0012851438685417163,0.0001666241587485875,0.0075760760319352385
2018-12-28,-0.00129078928480549,0.009473858145769705,0.00837869815707238,0.004055775698519239
2018-12-31,0.008720780587201167,-0.004597948291973134,0.00379262790884067,0.0015682595209626012
2019-01-02,0.0010398372604878523,0.0025569616814889065,0.005253671962302499,0.000659591337713554
2019-01-03,-0.02415221955879517,-0.01829709803850946,0.011314979677673089,0.00902531942317299
2019-01-04,0.03294687784560781,0.03174040118149833,-0.011642652450093185,-0.008119106827353268
2019-01-07,0.007853926874502405,0.002265237408611187,-0.0029522678849259673,0.0034525160778516237
2019-01-08,0.009351533882713606,0.00376346855692868,-0.0026320158802323884,-0.0027117139907279018
2019-01-09,0.004662433459724783,0.0176249717665412,-0.0015657489403732975,0.006397649700215412
2019-01-10,0.003521388982581982,0.007110624750499354,-0.006454269775841355,-0.005904086348646452
2019-01-11,0.0003862164789374486,-0.004898611507432736,0.0038936286495756746,0.0017256811414607263
2019-01-14,-0.0061195048082586315,-0.008382810419446744,-0.0037279266181316738,0.002378067354322114
2019-01-15,0.011395404679011258,0.006908678724571383,-0.0036587248058660956,-0.0017215161032263467
2019-01-16,0.0024170742378905362,0.012219119182971661,0.0009996338496345112,0.0031947551186356582
2019-01-17,0.007558355394800058,0.004362378685295464,0.00024900602995918316,-0.0013094038577051105
2019-01-18,0.013221837991637064,0.0048252316132639,-0.005255618427281719,-0.008966489387798326
2019-01-22,-0.013602725518525764,-0.017480347390120735,0.006752354797505428,0.0035468368649853345
2019-01-23,0.0020903756776970662,0.010233849406911256,-0.00041515611497795963,-0.0014007184915951448
2019-01-24,0.0005313528828193302,0.009650410710747737,0.006543937651493188,-0.0015678713054947328
2019-01-25,0.00842615312926359,0.013118834828362746,-0.004800592889336212,0.014511460180241248
2019-01-28,-0.007629556056732666,-0.01048134931337722,-0.0009958584324451548,0.0034938106026215594
2019-01-29,-0.0013279499553501455,0.001674941105176557,0.00505359894052233,0.005580978043920208
2019-01-30,0.01570663330414134,0.021521361091809455,-0.0007446539810757008,0.005710387238117351
2019-01-31,0.008744408580736933,0.008387662958029882,0.008563592208259314,0.00048105804332541224
2019-02-01,0.0004814797836065973,-0.007919813935416515,-0.006058251209820971,-0.002006018726865743
2019-02-04,0.0070107389485386225,0.001635697685572398,-0.004474318466548228,-0.0043467903708823
2019-02-05,0.004182834739276884,0.013681691731177873,0.004557267511542616,0.0025781491687657575
2019-02-06,-0.001318933763775643,-0.013681691731177923,0.0004956815617709722,-0.006781846869660092
2019-02-07,-0.00957840656708753,-0.010090335844434372,0.0065884229193425995,0.0024273450059934865
2019-02-08,0.0012207292072377459,-0.00567640001776617,0.0042587948954093515,0.003791101346321012
2019-02-11,0.0005543903885336098,-0.0033264058621245737,-0.003930723041406494,-0.004923141507008373
2019-02-12,0.012777555432419872,0.008294936130940674,-0.0025468297888100754,0.0021013677593768472
2019-02-13,0.003241877385767263,-0.007105541626411135,-0.0037916023963555407,-0.003963908091330168
2019-02-14,-0.0022209917632729104,0.001899838322908352,0.0056820260930886555,0.005577307519395154
2019-02-15,0.01083829488336682,-0.0014248598147997731,0.001558647708908316,0.005947180522781207
2019-02-19,0.001729011565126377,0.007810032578444758,0.0025379947985641736,0.015109582852092095
2019-02-20,0.0020134599544616755,0.005641706527186453,-0.0028656934738380225,-0.0017378437981698566
2019-02-21,-0.003562033679504823,-0.0021119380913583964,-0.008979209912944562,-0.011370537714508392
2019-02-22,0.00618056768130978,0.010980277058445037,0.0059402218043365495,0.0035920768439101198
2019-02-25,0.001360171942649809,0.011090779373665061,-0.002966166503274324,-0.0010363715360959395
2019-02-26,-0.0007157294899326679,-0.003452996492705056,0.004938038115152724,0.0016736332310033522
2019-02-27,-0.00042956184165375663,-0.008567816766461149,-0.011393783987300891,-0.00711234367844341
2019-02-28,-0.001864037914656918,-0.013108845481876252,-0.0034102494423386177,-0.005629776625606553
2019-03-01,0.0062244247455884956,0.0011777363708324951,-0.009285689241861152,-0.017163968380321165
2019-03-04,-0.0036442281517812453,0.0014108229524322957,0.0078071541038635,-0.0026289836177433583
2019-03-05,-0.001360817133996745,0.009822714364291366,0.002087821069675798,0.0013153870929190252
2019-03-06,-0.006075503241241709,-0.005601099620654777,0.003664824054236568,-0.0009041270457165541
2019-03-07,-0.008400644532192069,-0.018661040226667498,0.006464246139097961,-0.0008226265106168819
2019-03-08,-0.0020018667939313553,-0.007178760470070107,0.004203885299371131,0.010886084259377201
2019-03-11,0.01439716949584558,0.0185584605029406,-0.0029660326217863255,-0.004896357818091546
2019-03-12,0.003763848535986738,0.005172865720114074,0.006988423460890069,0.006035459879402026
2019-03-13,0.006597406551282287,0.0011717951509750228,-0.0018861943415897746,0.006968612448215201
2019-03-14,-0.0006401162420889549,-0.005402339326909792,-0.007249209109385224,-0.011614284265949192
2019-03-15,0.004928449693882732,0.014496581460269838,0.006592350321171031,0.00456433710702197
2019-03-18,0.003619343961488779,0.011080436315481489,-0.0005747675510897112,0.0005690800870331783
2019-03-19,0.0002475703015266416,0.0004590439217697646,-0.0022217639269309975,0.0027594883221057557
2019-03-20,-0.0030143617587107237,0.0016047395418754536,0.010405988177315244,0.006463126873942885
2019-03-21,0.011231669024165435,0.0013739718800613878,0.0021985600179141797,-0.004034541087699915
2019-03-22,-0.01943401988490771,-0.029721219684736285,0.015415540370981494,0.0023420233902432335
2019-03-25,-0.0007524311008293352,0.00235379727703504,0.0015998497459319264,0.007633907060241407
2019-03-26,0.0074268339422985516,0.0030520342712501733,-0.0007194802454999974,-0.0049754946888428755
2019-03-27,-0.0052428285395407686,-0.010841469985738492,0.009160151250347104,-0.005243016760484571
2019-03-28,0.00378314450739556,0.006613335162940999,0.0034828784184168025,-0.014253957303041619
2019-03-29,0.006285601528882409,0.010304295515128056,-0.000948862820131039,0.0009019770912032663
2019-04-01,0.011789278696419526,0.016407153386319186,-0.014305471013200944,-0.003941890257643701
2019-04-02,0.0004897294079308466,-0.0032138418403498074,0.0018473381255915686,0.003695988550420936
2019-04-03,0.0015725500569120177,0.006874434828612775,-0.008705268707463883,-0.0014767440573913667
2019-04-04,0.0026496834159652634,0.006146670361631197,0.0028292801316629626,0.0025419025120261784
2019-04-05,0.00482863620055773,0.0076872359174345465,0.0012913916585193081,-0.001065158454634802
2019-04-08,0.0007624317846525076,0.0,-0.0035545697172493732,0.004335552354601057
2019-04-09,-0.005138187480603189,-0.002029189990433343,0.003150976132698939,0.005210460213684454
2019-04-10,0.003404888333113985,0.0047281187638493136,0.00241663087135184,0.0030808947099307334
2019-04-11,-0.000277597474399878,-0.010840002988393643,-0.0058907834862357705,-0.012872932029622242
2019-04-12,0.006743443446939786,0.007239944903676497,-0.007148441757043034,-0.0009844542413608548
2019-04-15,-0.0006550809032575365,-0.005198530643226643,0.0025239544923799395,-0.0018896884121835308
2019-04-16,0.0006550809032575529,0.007450034868024945,-0.006280726069837923,-0.009004202217837268
2019-04-17,-0.0024499034829384946,0.002919739209246354,0.00040890062404432074,-0.0019104067944000637
2019-04-18,0.0019671309438560637,-0.0006728904084279339,0.005221320949959321,0.0007480072379889946
2019-04-22,0.0008614468752776068,-0.006529374261781186,-0.004812434060172384,0.0
2019-04-23,0.008951627258074149,0.002255975518642002,0.0021235974645557472,-0.0020790892290242957
2019-04-24,-0.0022216822353773574,-0.01361467566622567,0.00812531577785119,0.002909503431152912
2019-04-25,-0.0006165674067126906,-0.001371574514478005,-0.0014578237176573836,0.0008297251865102907
2019-04-26,0.004646363601843617,0.0038815758061630096,0.0033984148912904032,0.006613259149985578
2019-04-29,0.0015662518002286846,0.00204885046768688,-0.0064010528194773635,-0.004459139554905491
2019-04-30,0.0005104397954672899,-0.0009101500406920791,0.005107743893245854,0.003057434262503009
2019-05-01,-0.007545001618167304,-0.007540360019518714,0.004116651502652197,-0.0066225029075604345
2019-05-02,-0.0021610764581978755,0.0022911169346723687,-0.0047734233568657415,-0.003827907452540267
2019-05-03,0.009740297841808807,0.011828987483518346,0.002834750704470786,0.005902166622599615
2019-05-06,-0.0041242423218173585,-0.020793209824338278,0.0027454330488280877,0.0013252386046357174
2019-05-07,-0.016840255872335005,-0.019821583926949528,0.007632010471470724,0.0033055276063594123
2019-05-08,-0.001390260279558859,-0.0014139212553713372,-0.004330794888286661,-0.002478073455137969
2019-05-09,-0.0030303409278209423,-0.015928127916747276,0.004091094591185157,0.002395550981643927
2019-05-10,0.005010947596938099,0.005973128584257796,-0.00136218956125423,0.0018959191232165698
2019-05-13,-0.025451511009410097,-0.03391781103241897,0.007825258356759674,0.010159840539079522
2019-05-14,0.009003106055436557,0.013948366898714598,-0.002947285533932344,-0.0017133695443152437
2019-05-15,0.0058399043643577765,0.0019422723414139237,0.006123664510717853,-0.0005717761663673002
2019-05-16,0.009218825871040505,-0.004862772514591209,-0.0033355040379892797,-0.007216080906090217
2019-05-17,-0.00648611485282096,-0.018200262876668354,0.0022244097275941383,-0.007102776783024275
2019-05-20,-0.006633801153630067,-0.004228284242292878,-0.0020652846663904312,-8.290551782707826e-05
2019-05-21,0.008975330867595175,0.012632033996583152,-0.001592167473134471,-0.0023236423674714048
2019-05-22,-0.003076251590420007,-0.004934981598965191,0.005719369986826527,-0.0009975291545631813
2019-05-23,-0.012293532622416743,-0.012945071398195743,0.011184483074738074,0.007704775453647589
2019-05-24,0.0022655229111282035,0.0010017804277753543,0.0008616327358351423,0.0010723379767872785
2019-05-28,-0.009344179597879605,0.0034983494799614586,0.007173683702112894,-0.0038822269155751525
2019-05-29,-0.006733322567277497,0.006464642810666455,0.003026108997782623,0.0003309964016131658
2019-05-30,0.002727303706417884,0.005437297085361137,0.008561774835074618,0.006761236816409685
2019-05-31,-0.013566775868854034,0.003444758335383057,0.012441754332605163,0.013386857013473643
2019-06-03,-0.0025459513296282703,0.00904781347803212,0.006666233680830306,0.014329650783140814
2019-06-04,0.021474055823861086,0.0021883465399096746,-0.011466845150198328,0.00031967486235552026
2019-06-05,0.008625044033605827,-0.008047787581940084,-0.005667788921116673,0.002553665830468566
2019-06-06,0.006481915083053536,0.0004893899126518221,0.0032208329736181374,0.0032623544765036684
2019-06-07,0.009957176937626511,0.007801215648245234,0.008614512784048524,0.005624438342681366
2019-06-10,0.004578354547304482,0.010387725551748469,-0.00945702972536911,-0.010003215486538885
2019-06-11,-0.00024211668489233993,0.011232190695574459,0.00061260185437292,-0.0011975692988471266
2019-06-12,-0.0017670567606608211,-0.010751639361134505,0.0007652249558963978,0.005179100221238763
2019-06-13,0.004117856750041324,-0.0016825633855413779,0.0034381366494184457,0.0061006935016299476
2019-06-14,-0.0011051984424555745,-0.011130128406676624,0.002513164298461808,-0.0003160129284807664
2019-06-17,0.0003798521947595696,0.003939060295939475,0.001748299549377096,-0.0006322652864021801
2019-06-18,0.010416785728374161,0.023888207480113804,0.004999511001327268,0.005047324392238259
2019-06-19,0.0022544933472344137,0.008310880566067892,0.0014342847090546439,0.006038970838080658
2019-06-20,0.009509006036113639,0.014554285328363606,0.0026370559225197595,0.024866155493817887
2019-06-21,-0.001454908055282109,-0.0032681597135341364,-0.01104722415112318,0.00661369341666817
2019-06-24,-0.001225312965776629,-0.0014034547940556623,0.00742916035782411,0.014741593126273352
2019-06-25,-0.00985646828777219,-0.010355719151402189,0.0030913774496256776,0.0019392450876947497
2019-06-26,-0.0009975339733783392,0.009418396254171214,-0.0064204010778992565,-0.009207653748305768
2019-06-27,0.003539821373576312,0.007006269851933539,0.007022586867313328,-0.0009781791081800058
2019-06-28,0.00513246507377941,-0.001397332447112569,-0.0006773790031246598,0.0027063662544696662
2019-07-01,0.009037734293463188,0.011815087481416575,-0.002341836259019191,-0.019559428102497136
2019-07-02,0.0026005201799759706,-0.002536311331837195,0.007684115681083209,0.02113481354805423
2019-07-03,0.007963550028036935,-0.001849209718299243,0.0071033629896715125,0.0016477026920105947
2019-07-05,-0.0011384058266237945,-0.006963571966574667,-0.013351640945038238,-0.011212861349998495
2019-07-08,-0.005510151322235679,-0.0060749318695263255,0.0013585495520876325,-0.006453396174434407
2019-07-09,0.0012454315266695673,-0.0030509954328802073,-0.0003774281422017084,0.0034976216131429347
2019-07-10,0.004766911545004072,0.008426802289553732,-0.005522123825057578,0.015664164068756106
2019-07-11,0.0023415091954531652,-0.0018666918335490104,-0.013440344679778976,-0.008479433149487648
2019-07-12,0.0044672803564058386,0.0007002231474726808,0.0011525100282702685,0.006235244213343071
2019-07-15,0.0003320850464214446,0.003727196175155088,0.005743136896937195,0.0
2019-07-16,-0.0032301161914306954,-0.0013959286583254166,-0.0029825058826701916,-0.008498565150237166
2019-07-17,-0.00682850464877861,-0.003031490664302275,0.010740419010672736,0.01633123396202252
2019-07-18,0.0036543722450221388,0.006053612592010937,7.565349952073599e-05,0.01401922107283276
2019-07-19,-0.005570468991039217,-0.005119779200673878,-0.002351251670181998,-0.01483691752503857
2019-07-22,0.0024536803191626735,0.0002331405211585977,0.0018969621270449922,-0.0001487748968767623
2019-07-23,0.0071241214358920306,0.0011657173411280994,-0.0054719676484253086,-0.005668654760058427
2019-07-24,0.004688567603618985,0.0016297039960940147,0.004334066596843824,0.005073447292028362
2019-07-25,-0.004788353177090051,-0.008878569676185713,-0.004791910041433461,-0.007095118991376651
2019-07-26,0.0066775571226569,0.0021099515733632923,0.002361025533726342,0.00164757936404381
2019-07-29,-0.0018226613984333867,-0.001875443341582222,0.00030384715041660093,0.006637600502192369
2019-07-30,-0.0024578530976479577,-0.007772796751980599,0.002430359079056972,0.0033393742390960437
2019-07-31,-0.011000992055143597,-0.012372360531817304,0.008008472342340096,-0.013199706898717264
2019-08-01,-0.008745737662595525,-0.01982672751436451,0.019665959360866535,0.0237382025873749
2019-08-02,-0.007557891608651177,-0.0098159411776635,0.00919894404669908,-0.003819352910475418
2019-08-05,-0.03053463666889149,-0.03769292633385333,0.017140430609810024,0.013885007839557597
2019-08-06,0.013925294481145052,0.01423907927872884,0.00796097745916253,0.008095529492025941
2019-08-07,0.0005907992068821668,0.004533785824782079,0.00035684817373024926,0.01507548681526026
2019-08-08,0.019430218422873614,0.01223946176206502,0.002140739890630642,0.005022054446004403
2019-08-09,-0.006834914664977739,-0.010231099429974555,-0.0019975445892384367,-0.003321683939870917
2019-08-12,-0.012248013516626088,-0.012112029717228238,0.02063542056109249,0.009651773675578623
2019-08-13,0.015431931001833767,0.012613546467213929,-0.0034331275864307046,-0.005977346952418699
2019-08-14,-0.030013482318951817,-0.02925275516456741,0.02227948478980637,0.00681829671908825
2019-08-15,0.0026383398101681877,0.006689034858630176,0.011058126045858364,0.006632923311853109
2019-08-16,0.014647056942520047,0.013750937720412531,-0.008042855906627466,-0.00642279632319684
2019-08-19,0.011975756145618341,0.0040383558346289445,-0.014405691818088585,-0.011765243129746363
2019-08-20,-0.007691830444530529,0.0020133583487037224,0.010291812155065801,0.007765153200510364
2019-08-21,0.008102304029573869,0.009507207917919015,-0.0066874784529346405,-0.0031694374885161206
2019-08-22,-0.00030783939189906324,-0.013032744567809128,-0.0066629686553862965,-0.002542737809443374
2019-08-23,-0.02602312714528078,-0.014996139133505119,0.016300622214061776,0.0194004358255685
2019-08-26,0.010997789160838775,0.005363386019361774,-0.0040502489462505755,0.00013874512727632068
2019-08-27,-0.003931187034681697,0.0017814973282392,0.015291419934493388,0.009525229640210546
2019-08-28,0.007016782067949244,0.0027929542482623927,0.0012862641575554423,-0.002820513317677276
2019-08-29,0.012692110416774252,0.011094347012798232,-0.0037958889592559194,-0.007190355573252848
2019-08-30,-0.0004445280737007855,0.0077435054725466185,0.0002714643585107485,-0.0025705723222454796
2019-09-03,-0.00586451932935146,-0.006239863398258165,0.0012911635899674763,0.013817145553141903
2019-09-04,0.011286759629113812,0.016635587130883242,0.0014937211016260836,0.006224182405113975
2019-09-05,0.012773481048590508,0.011263967658811316,-0.018276627520678445,-0.02429383958928248
2019-09-06,0.000771834562019146,0.004372965927420114,0.007090123238579089,-0.008559662387184017
2019-09-09,0.000503221646842801,0.003146474322635548,-0.017925089328608236,-0.0037414803722944866
2019-09-10,-0.0002347298678188435,0.0007249040201239422,-0.017682981735759582,-0.008594766463448816
2019-09-11,0.007085522907256406,0.006978525546629795,-0.0017784882994766554,0.0060453662250154515
2019-09-12,0.003457615360999975,0.007168769191694184,-0.006572686786041288,0.0020542492696135994
2019-09-13,-0.000663425454256899,0.005697841738326545,-0.02159037037614819,-0.008313640257218174
2019-09-16,-0.003093806359499804,-0.007843208979616864,0.012663166725114246,0.008313640257218249
2019-09-17,0.0025285345617860216,0.0,0.005408974843921857,0.001979350045407386
2019-09-18,0.0005984143375101961,-0.004064499191792941,0.004235148140005613,-0.006305141849164153
2019-09-19,-6.662209893319535e-05,-0.004081193824900418,0.003003179415050051,0.004042645700960864
2019-09-20,-0.004736149731630272,0.0009618999692841639,0.013123712156437057,0.011751169204553406
2019-09-23,-0.00023460091257648452,0.0009607619455627968,-0.00021101852657929118,0.005580782257567522
2019-09-24,-0.007877665010759535,-0.01062057364420522,0.011982004684023759,0.00527299162043293
2019-09-25,0.005897399650227448,-0.0007280994135726414,-0.014734820798590523,-0.018719501081169466
2019-09-26,-0.0020854285749470304,-0.0002430338109381486,0.0064119240579647765,-0.0002821278180384957
2019-09-27,-0.005401590078610768,-0.0129567481733895,0.0024547230763055667,-0.005161727926224835
2019-09-30,0.004626969165251984,0.005643357683333303,0.002449491218751365,-0.015647105922203676
2019-10-01,-0.01196628658513841,-0.007120862169743733,0.0030059424812201078,0.005457893373498284
2019-10-02,-0.01782243682680849,-0.007668579492492598,0.0024401194832653823,0.011606023170116823
2019-10-03,0.00815937152609874,0.012829940823868005,0.009080394652830531,0.004520416059329575
2019-10-04,0.013441327917607368,0.004403353945834999,0.007356426912466865,0.0
2019-10-07,-0.0043241706128510655,-0.008333474258585579,-0.008322427359390483,-0.00856363541098911
2019-10-08,-0.015646437768458355,-0.007163076105212174,0.0026901254128488465,0.00870459991703739
2019-10-09,0.009451773534377952,0.007655104575273471,-0.0056647826804387775,0.0009156241246349503
2019-10-10,0.006740572230034041,0.010279449374463191,-0.015006893877462603,-0.008767683192965708
2019-10-11,0.01031319601817097,0.015942106418140915,-0.012453621887338177,-0.005554769940672898
2019-10-14,-0.0011135588543291267,-0.004322771300363751,0.00723642756405857,0.003991150393420187
2019-10-15,0.009851474914407375,0.008865467441022814,-0.01216193682983408,-0.0069950016712766044
2019-10-16,-0.0016074470325199977,0.0028584695378600857,0.0012157604724217107,0.005713914835703777
2019-10-17,0.0029446975408635575,0.003798767329350096,-0.002432801518929491,0.0014233647353723328
2019-10-18,-0.0043870239875580756,-0.00522682175633323,0.0,-0.001067306413452129
2019-10-21,0.0067563099800849805,0.00901121304646635,-0.007551571596589591,-0.004781550075213642
2019-10-22,-0.0032717731882920672,0.0007079292463043909,0.005830009273526134,0.0029287043785159624
2019-10-23,0.0029051278818515,0.00023583010916708024,0.001004693475934451,0.002351027592914482
2019-10-24,0.0016329259753880582,0.0,-0.002009398161317408,0.007090719694468963
2019-10-25,0.00408648719523239,0.007050624107002232,-0.004897196969696929,0.0023289599557340403
2019-10-28,0.005620614393658658,0.005837713517406735,-0.009137606121882929,-0.008637230479381003
2019-10-29,-0.00029634616901742425,-0.0051355233187687,0.0006557517222733487,-0.002776885194246242
2019-10-30,0.0030621363055492908,0.004436723908090246,0.014527687703973731,0.005475210184932403
2019-10-31,-0.002666880083195854,-0.00795303401262092,0.013400223330053435,0.009948844935468628
2019-11-01,0.009221139250251285,0.014918635713876175,-0.003083572072317544,0.0009123470738276627
2019-11-04,0.0040096222386400105,0.009900015618723803,-0.01324827539728861,-0.0028801514371747305
2019-11-05,-0.0011063672403794438,0.005710921115077225,-0.01131046315241923,-0.016312331868591004
2019-11-06,0.00022786229150904974,-0.0031942391419225178,0.0060335871844329585,0.004281068530555171
2019-11-07,0.0035104875516602588,0.007286182409511249,-0.018284667145363,-0.015643205521891117
2019-11-08,0.002463129365827354,-0.009115951542683791,-0.004216003962379795,-0.0063847338065501705
2019-11-11,-0.0019116392126480985,-0.007122494855886046,0.0006667630145341832,-0.0024048241483873045
2019-11-12,0.0021058386456487012,-0.00647695736303785,0.0045822469335482134,0.002695874927586959
2019-11-13,0.00032369050454047685,-0.007688000318142814,0.0064674355421637676,0.003994072881030811
2019-11-14,0.0014546074111135704,0.0007015173199642358,0.010276455165395824,0.004194711040663475
2019-11-15,0.007210470043622611,0.007914261322732333,-0.0010880078158573003,-0.0025291110010524226
2019-11-18,0.0007368882723380998,-0.001624203220213191,0.0018133823446403131,0.002962025072169786
2019-11-19,-0.0002880630789853761,0.0020880275846293862,0.008298053940144734,0.0005049030061831341
2019-11-20,-0.003725826560514887,-0.0044130220316861085,0.010294670233301243,0.0005045382424530197
2019-11-21,-0.0016101428080271894,-0.0020973759394488545,-0.006278378365065959,-0.005492097356825017
2019-11-22,0.0022214668736638406,0.0,0.0012872846599870427,-0.0018857951599790925
2019-11-25,0.007720330202945363,0.009980544720978353,0.002926515870791737,-0.004803179633254922
2019-11-26,0.00226287650547501,-0.0030069496953422674,0.005827200546781183,0.004803179633255016
2019-11-27,0.00444769171100281,0.0011577240167473832,-0.0029092899661556696,-0.005314014225370608
2019-11-29,-0.0037154266231111573,-0.015858403410883803,-0.0021342043488253182,0.006184806112979683
2019-12-02,-0.008531125332683728,-0.0002351584485023558,-0.013423097833271252,-0.0005079436043828876
2019-12-03,-0.006729139205725356,-0.005186474544617934,0.02075099909508302,0.009534253178573626
2019-12-04,0.006151150021061007,0.00753463487978228,-0.010034961724279748,-0.0013667767637935283
2019-12-05,0.0017962082948996883,0.004447108569342751,-0.004876374137546147,0.0005757184354598549
2019-12-06,0.009093267742254465,0.005821402080156951,-0.005550144877815312,-0.009977704836757457
2019-12-09,-0.003149415247992665,-0.003954710246608005,0.0021662540410759584,-0.0002906488870483782
2019-12-10,-0.0011159454687195444,0.003490540820983496,7.197665560238625e-05,0.002830699660654389
2019-12-11,0.002835028116028121,0.01452798875905253,0.007830297123426396,0.006861935627691577
2019-12-12,0.008581943875347092,0.01724964571270508,-0.016595252861444473,-0.0035334849047766476
2019-12-13,0.0005988561614066004,-0.00045015716953453395,0.011501553731038524,0.004468872836715887
2019-12-16,0.0068465402466617005,0.00844870196953852,-0.009030502339133812,-7.198939739749056e-05
2019-12-17,0.0002189699044856382,0.009078482163590714,-0.0013799768010681421,-0.00021577975709612248
2019-12-18,6.268902857415455e-05,0.005407966027702313,-0.008245945142282806,7.200493236905694e-05
2019-12-19,0.004090432694726255,0.00044934647076306703,0.0015985550039659222,0.0025862126377012157
2019-12-20,0.004374820589301487,0.002019515362557071,0.0013175434527591965,0.0010039397404910592
2019-12-23,0.001526770349766845,0.0013439187852629425,-0.0014643223508957388,0.003077203372165587
2019-12-24,3.0979446387221155e-05,-0.0022410971595600597,0.0028538936398909724,0.009387789011397068
2019-12-26,0.00530937658089239,0.007154310249184574,0.0024088861605843187,0.00782659080315549
2019-12-27,-0.00024799781707013813,0.004001478857773541,0.0010926970046529257,-0.0003512560225688557
2019-12-30,-0.005528459364720242,-0.006678314154301032,-0.0036475606382393305,0.0021055808220621446
2019-12-31,0.0024265025032224356,0.002230902114272232,-0.00984242953288456,0.001891143454574884
2020-01-02,0.009308298867301643,0.02007797351514173,0.01122993834402572,0.007320953634035891
2020-01-03,-0.007600741965526246,-0.01874144881837415,0.015283572807889004,0.013181265882528811
2020-01-06,0.003807540784116452,-0.0024513536385021802,-0.005695239249626514,0.010434868967011986
2020-01-07,-0.00281588047324491,-0.0006696305872060152,-0.004927872661557951,0.003927428056507489
2020-01-08,0.00531523086458234,0.0057882031207542135,-0.006632497609962862,-0.007529802584635164
2020-01-09,0.006758092064557787,0.006637040256628904,0.003504070312585917,-0.0056676844863565315
2020-01-10,-0.002881858619046861,0.0052784222002216314,0.008850921164157158,0.006008107616788398
2020-01-13,0.006853520574284824,0.015453363679432426,-0.003037818525761438,-0.007447144703816297
2020-01-14,-0.0015256019677318657,-0.005631210268906411,0.005130650469085195,-0.0008919411826434922
2020-01-15,0.0022572603843081696,-0.007849989588768135,0.006609948856244079,0.005817289492435278
2020-01-16,0.008283993215701007,0.006328431670198955,-0.003155590155661878,-0.0015707412123407796
2020-01-17,0.0031078030808295138,0.005639760868937258,-0.008585009169667262,0.0018437252860089575
2020-01-21,-0.0019602825389685645,-0.025633814967154476,0.010450915501823158,0.0010909837309721073
2020-01-22,0.00012054532866682297,0.008177671963963053,0.00350712317430264,0.0003405975107135845
2020-01-23,0.001146570509775549,-0.010399640762350892,0.006977953665389725,0.002245598875511729
2020-01-24,-0.008933169881170065,-0.008039123220907942,0.008055419608065191,0.0058285535187767275
2020-01-27,-0.016159062087098344,-0.0351394936674295,0.015434388376746355,0.006802125843070944
2020-01-28,0.01042464671347514,0.008325743301265997,-0.007861757011703038,-0.00896686803661793
2020-01-29,-0.0008265816355095939,0.004824971608933086,0.009732044788239603,0.005403248480831511
2020-01-30,0.003240275636971426,-0.015010455407679939,0.00013797064476265324,6.731894098032181e-05
2020-01-31,-0.01832469377322808,-0.02044940588318696,0.009088575435085471,0.005775708477189364
2020-02-03,0.0074011308464008285,0.011099388184490317,-0.0008106150395251686,-0.006516877595597702
2020-02-04,0.015126455608188559,0.02550579091353015,-0.013558136851994616,-0.013094308186782415
2020-02-05,0.011481739833013965,0.005707094153521274,-0.010994978348183252,0.0012285555646719122
2020-02-06,0.00335902072030036,0.0009101438342205075,0.004496527891727062,0.005373934234125879
2020-02-07,-0.00534379393644209,-0.01397026271269868,0.012400407252583675,0.002642363450658169
2020-02-10,0.007437641236750372,0.005519506373182283,0.002766622560885115,0.0025679490647931946
2020-02-11,0.0017316523987817895,0.01298869687942309,-0.005053617663363308,-0.0034478924308700464
2020-02-12,0.0064220413312287075,0.013492724885048546,-0.0050787082975957045,-0.000813078481224605
2020-02-13,-0.0010677444343546924,-0.013266199892342793,0.003828710933003471,0.005677303718111386
2020-02-14,0.0016010410531102858,0.00045250185494411595,0.004367917032987938,0.0041697222765956264
2020-02-18,-0.0025803713171140327,-0.006582593176071258,0.006825255489949594,0.012737350951843347
2020-02-19,0.004769939516188506,0.007261257754232782,-6.835095229458505e-05,0.005814285510176441
2020-02-20,-0.00411671487177581,-0.01572321132563642,0.007802765927302761,0.0040763395182913265
2020-02-21,-0.010351827591785724,-0.0057584624895256845,0.009297307742357874,0.014913455926308593
2020-02-24,-0.03372800419247632,-0.03814017972179206,0.014818387856400168,0.008945002656717951
2020-02-25,-0.030770516132255957,-0.00795079171773476,0.00531018762567895,-0.01803593472393269
2020-02-26,-0.003684859378180861,0.007950791717734725,-0.005310187625678963,0.004360980385151266
2020-02-27,-0.045951473375838915,-0.024290695053658044,0.010789862978573202,0.00019481624361363943
2020-02-28,-0.004210613049283753,-0.0036949552047671726,0.02233269645411326,-0.03717601874476565
2020-03-02,0.042394698906786155,0.021485109519131095,-0.007385787380726749,0.005511083646655957
2020-03-03,-0.02905016352477586,-0.006786505352847434,0.015406748065328376,0.030950390194086085
2020-03-04,0.04117380069091807,0.017597277758615405,-0.010674922457906069,0.001752990351755443
2020-03-05,-0.033806725489313814,-0.02125161754129909,0.024586859922608898,0.021370951204574475
2020-03-06,-0.01666915394218786,-0.0207161208457033,0.05073490013838955,0.0003808885074389379
2020-03-09,-0.08131280580776419,-0.07072078754457674,0.026742557652585555,0.0016488747161249012
2020-03-10,0.05045060964111508,0.049566857654881384,-0.05261902063226774,-0.02132715182628954
2020-03-11,-0.04997665878872504,-0.047696352834055857,-0.03749162124235344,-0.0035667044227174947
2020-03-12,-0.10056893627340466,-0.10547913144264297,0.0061780733440543025,-0.04070560424243849
2020-03-13,0.08202813588445576,0.0696055704721948,-0.022863574790439423,-0.03099155256530076
2020-03-16,-0.11588663728615417,-0.1332941740646472,0.0627556945804769,-0.011512126298224866
2020-03-17,0.052584977475445,0.06665062299065257,-0.06901054635770441,0.01346442633870517
2020-03-18,-0.05195982963664637,-0.09032408417769058,-0.05806642692300553,-0.02012310684271081
2020-03-19,0.002122778521807067,0.007739566295815537,0.026861534812763748,-0.019086492837834465
2020-03-20,-0.04405027186530495,0.007361153016428669,0.07250232560240649,0.014884383146683595
2020-03-23,-0.025900809019223158,-0.024206448152365667,0.04038332527697728,0.043231496146295734
2020-03-24,0.08673116434327709,0.07244979114291095,-0.01879010002403501,0.047389520259250466
2020-03-25,0.014859167769466837,0.03464079415657096,-0.0022739797594436935,-0.013784208180364264
2020-03-26,0.056748658466138455,0.03716389005410392,0.004909982966157912,0.012740714714697083
2020-03-27,-0.030238290581292817,-0.058523529798183566,0.02634284606528046,-0.006481449089244015
2020-03-30,0.03195965560463279,0.0163575768790358,-0.008262886433063955,0.004390990264267052
2020-03-31,-0.015017397680097003,0.00676137479194841,-0.008150193512634935,-0.032364821693651916
2020-04-01,-0.04604930705275896,-0.043719527967845694,0.013913434877177683,0.009411793149400162
2020-04-02,0.02281304916440003,0.03311570151914564,0.006325671864398269,0.01626050111056189
2020-04-03,-0.01455954306955342,-0.019133621083935768,0.0023773004484312116,0.004925309776577716
2020-04-06,0.06500664078570431,0.0531930946414496,-0.00261509025451046,0.02733353381543522
2020-04-07,0.001019092776241005,0.00513838343569849,-0.0105278534370749,-0.005368871400719198
2020-04-08,0.033017478890211796,0.010198598235359024,-0.007302142174532287,-0.008947881947437637
2020-04-09,0.015102627060636102,-0.003670901899847261,0.001815076096729651,0.025788169295063085
2020-04-13,-0.009172100963463211,0.0014132722709489015,-0.009172052807569215,0.01699510551392902
2020-04-14,0.029066192226219978,0.022623486253987097,-0.00024402591996941492,0.007837301543346824
2020-04-15,-0.021477231960614417,-0.02601889882259748,0.026144416522809688,-0.005115017933585634
2020-04-16,0.004813175813011096,0.005371024957589149,0.011292991381062127,-0.0008653689753940822
2020-04-17,0.0266567340125468,0.02202796424858552,-0.01349541075510982,-0.019608466717140425
2020-04-20,-0.01777524145715697,-0.012767393369957353,0.008012374291570326,0.007100853720992193
2020-04-21,-0.030833683703649705,-0.028042964724419455,0.012513704919998904,-0.006848673348053854
2020-04-22,0.021952191148259918,0.026924998551313067,-0.010269255149192835,0.019479888950845802
2020-04-23,-7.220460098704582e-05,-0.00364174035645778,0.005294057935675524,0.009905643795524405
2020-04-24,0.013842711092574745,-0.0014043872947273725,0.0023442707260701336,-0.004294729942651925
2020-04-27,0.014315467079434832,0.020033805752939386,-0.018789465390277618,-0.00666258998355511
2020-04-28,-0.004608916082483658,0.0019266774692554662,0.011445554268671693,-0.004466516323334757
2020-04-29,0.025841383533573903,0.028728322615987095,-0.005202749718433082,0.005518192454017435
2020-04-30,-0.009354207603332654,-0.02133212778721527,-0.011744613792504082,-0.018282683683788697
2020-05-01,-0.02683016748217977,-0.036691258865774415,0.008526130140492187,0.0061522933833428935
2020-05-04,0.002754676215361414,0.010701473256240572,-0.004714385610447047,0.003498676361159418
2020-05-05,0.009196701860379455,0.005586600250274617,-0.0064218933125213444,0.004232069630406605
2020-05-06,-0.0068017812985024335,-0.003068468953668713,-0.01626742820208009,-0.012938939248234135
2020-05-07,0.011994452434083409,0.008070031943969148,0.01656878577660482,0.015234124108560072
2020-05-08,0.016411074794249445,0.020845406264633465,-0.013086506313848948,-0.006028427741239837
2020-05-11,0.00020477442307351742,-0.006535986876085062,-0.007836607360783576,-0.006253147010599243
2020-05-12,-0.020132766152612207,-0.0038324307406915996,0.010211934716258059,0.0038815245238018456
2020-05-13,-0.01784386556488515,-0.0019219767323527912,0.006972521065328026,0.009576645345897673
2020-05-14,0.01189626907924678,0.003839968414009081,0.009739353110976156,0.008811127536123346
2020-05-15,0.0045862746705060175,-0.013781779165384058,-0.002575979791545891,0.005627947839551041
2020-05-18,0.030004975779177195,0.03838762599297902,-0.02219850189775525,-0.007592898231851983
2020-05-19,-0.010323985687352669,-0.008045144746879897,0.003734102376434996,0.009603940342589153
2020-05-20,0.01684506307444836,0.013107259617259925,0.0029892992890535367,0.0023714668825757603
2020-05-21,-0.006927871782004473,-0.011492903856713869,0.0024947159854051067,-0.014683616168536867
2020-05-22,0.0018971469367168399,-0.020916404052821802,0.00599774978415674,0.005899400714775776
2020-05-26,0.012245326985083887,0.021722371651134848,-0.013500309622252089,-0.014316858429627
2020-05-27,0.014769622657483297,0.0032178567726993475,-0.0018386443461618333,0.001800809585778032
2020-05-28,-0.0018468637093972961,-0.0069854311127262435,-0.0036867841176522827,0.0033447448656947374
2020-05-29,0.004446174383208938,0.017108378662867522,0.007115495042611669,0.007331471236597383
2020-06-01,0.004033467262458241,0.02279658368734237,-0.00675507767269044,0.004593203918142176
2020-06-02,0.008246391609325377,0.02355463627581638,-0.00364277703024106,-0.006497892824854574
2020-06-03,0.013220027650118883,0.02301245159961549,-0.01338591231288192,-0.01862251139241922
2020-06-04,-0.0026298477090332026,-0.014195255293114389,-0.014584448997155913,0.010471254055873179
2020-06-05,0.02530643906717442,0.025994938382343645,-0.007148953162209616,-0.02048368991541374
2020-06-08,0.012015086259608782,0.006090860745253575,0.003835633367221511,0.010764002439043798
2020-06-09,-0.007484693988401304,-0.006824335797358954,0.011294578242749919,0.009595645355064148
2020-06-10,-0.005595511841590793,0.007309912692340082,0.014718937520107047,0.014223142854853236
2020-06-11,-0.0593777768226601,-0.05360860234385271,0.018724556892350856,-0.007240232329265166
2020-06-12,0.011904606481094334,0.021037226321274548,-0.009688343656106421,0.0014153150353447643
2020-06-15,0.009292497083551517,-0.00912303158869334,0.0005541924699557321,-0.0017848491512042477
2020-06-16,0.019064757796984827,0.006344142798451341,-0.015452260836084598,-0.0004929560183834836
2020-06-17,-0.004162514119533886,0.009567009163777698,0.004118987158610858,0.0019087937874243815
2020-06-18,0.0003848965124283111,0.0005011601707629358,0.01053218556336223,-0.0019703951105462295
2020-06-19,-0.005731122051811058,-0.0002502774409540611,0.0008010881141114256,0.010972576221366465
2020-06-22,0.006394598174643902,0.012199739982810176,0.00012318738576752228,0.006441427074830093
2020-06-23,0.0045931750811155254,0.009604792547069797,-0.0068577966054119656,0.008384398864595731
2020-06-24,-0.025839950683824362,-0.013323589687154577,0.010668086757058106,-0.0034899960158010397
2020-06-25,0.010663791215989578,0.004213757772744713,0.0028788942746343724,-0.0006028992986150158
2020-06-26,-0.02403835510434234,-0.012193883020566985,0.01064658552706573,0.0044532193863769335
2020-06-29,0.0145907785369671,0.004496539040558978,-0.003151706915423621,0.0005403343600226875
2020-06-30,0.01272825870791904,-0.003245537130415527,-0.004868405782391735,0.004431086497931087
2020-07-01,0.00698025250001029,0.011190001825972483,-0.001944097235222664,-0.004491160110102202
2020-07-02,0.005491702174947676,0.022495047667401014,0.0010395816958850396,0.0021582779375089872
2020-07-06,0.015319447281769864,0.042136268558189846,-0.0041041737960241876,0.005970880083946397
2020-07-07,-0.010367343741877108,-0.01683053248907119,0.013957959473963546,0.0062904343270385864
2020-07-08,0.007619441668785493,0.02560036234531377,-0.004002462041866969,0.006192353605402356
2020-07-09,-0.005709052750015417,0.0,0.015796953933795894,-0.002708063902871328
2020-07-10,0.01015878059727103,-0.006454449671995436,-0.005037506554811915,-0.0025972650920347735
2020-07-13,-0.008696753172514305,-0.006729406821010088,0.003300702764341696,0.0012403879870823364
2020-07-14,0.012875677873022177,0.0013958342601408447,0.001437271708574909,0.004652728164010819
2020-07-15,0.009145520580864796,0.003018192376622066,-0.004678458393629098,0.0008809438623464781
2020-07-16,-0.0032989451701735165,-0.014241026194879143,0.0047388975299591865,-0.009496639325154646
2020-07-17,0.0028946459935516346,0.00562716082636883,-0.0020961511011142477,0.008204262794308569
2020-07-20,0.008049279658194604,0.01277765752601602,0.0024546596372109885,0.004808590336846309
2020-07-21,0.0021255291408375956,0.009191353325952755,0.0005976298280263009,0.011978962477666387
2020-07-22,0.005675651128420398,-0.00435553986157742,0.00298476646233519,0.015087942737564556
2020-07-23,-0.01200320355110723,-0.00807283019239648,0.01161299302481935,0.008786586410813348
2020-07-24,-0.006461269295282519,-0.0009267754294845726,-5.8320468619901304e-05,0.008542281441677423
2020-07-27,0.007265885389774477,0.015411391447945615,-0.0037183938419204925,0.019561196964697856
2020-07-28,-0.006362707495319906,-0.008251172910396844,0.006894866353930289,0.008306536040413818
2020-07-29,0.012223837516548278,0.015982073532273627,-0.0017051632038259594,0.007482169283186
2020-07-30,-0.0035742998958526845,-0.01276513948633286,0.006567498804659279,-0.007427778888433271
2020-07-31,0.007871060385243198,-0.006906289685011551,-0.0006430304616948096,0.00904688435302792
2020-08-03,0.006928432900587906,0.006906289685011453,-0.00504786167010127,0.0011318982444248418
2020-08-04,0.003854814724676176,0.013217984761492734,0.00948714917515663,0.021054515412853636
2020-08-05,0.006191860832399446,0.010808478309976348,-0.008781214857506577,0.009240417270834574
2020-08-06,0.006662146599760987,0.0031305153613859675,0.0055705034913834505,0.013186741026147062
2020-08-07,0.0007175940657792858,-0.020754089594972592,-0.006688014766663358,-0.016012829047696152
2020-08-10,0.0029845269294323405,0.0025042219301722383,-0.004484628948387287,-0.0034649534714480275
2020-08-11,-0.008288841364162431,-0.0027323154269812524,-0.011955928309010508,-0.0551897267189793
2020-08-12,0.013846033025100719,0.01336265670484713,-0.009137500979174679,-0.004679132411383586
2020-08-13,-0.0018092571541532478,-0.002929111041457009,-0.010746181919178706,0.023343474417206588
2020-08-14,2.953675621365226e-05,-0.0018066680827780904,-0.003914150039056151,-0.004318527254207777
2020-08-17,0.0031715425845235895,0.012578663497320139,0.0025088672584615466,0.02146194877539166
2020-08-18,0.0021581444882085845,-0.0011168052080517284,0.007127125092545289,0.008967673573403242
2020-08-19,-0.004172454678342464,-0.01236661381209961,-0.006271393627857566,-0.03207438281593019
2020-08-20,0.003108865454540565,-0.003172368976685412,0.008998556451499655,0.006890137653281628
2020-08-21,0.003540777215179935,0.004980670914368563,0.005974784106973217,-0.008043165542872153
2020-08-24,0.010082570681197887,0.011005086893471051,-0.0016259194366880529,-0.005674470685927035
2020-08-25,0.003493046691940915,0.010001318406712785,-0.007683494383524069,0.0012147382641175607
2020-08-26,0.009975631987125472,0.0026502490422269285,-0.0038331879823512134,0.011739667325137685
2020-08-27,0.0021842004315980232,-0.008416504469305431,-0.017155588981901282,-0.011629286747359606
2020-08-28,0.006438612317404104,0.01303727330847937,-0.0007444943908880012,0.01723092629924
2020-08-31,-0.0036289654583795483,-0.022422777569587483,0.006619048645943936,0.00238341719432408
2020-09-01,0.009374159948535766,0.0169192132210501,0.011372851439802422,0.001189581722410416
2020-09-02,0.014360498136144529,-0.0026523052069032443,0.009475166851488385,-0.013218610873058246
2020-09-03,-0.03502044453044762,-0.019218431958217968,0.0028369516857302307,-0.008137254873336977
2020-09-04,-0.008198100678794564,0.0004510109472984492,-0.019170825696586104,0.0027564932922231992
2020-09-08,-0.02770320856814803,-0.017518422866501137,0.006126390401997208,-0.0019287808618004912
2020-09-09,0.01955476140331359,0.01480851737235376,-0.0026909888933035883,0.009661434230238847
2020-09-10,-0.017516075220753435,-0.01618649821212438,0.005069560759548432,-0.0032283485242562797
2020-09-11,0.000509195946084391,0.009606719923032804,0.0021301937063206294,-5.4861557792618405e-05
2020-09-14,0.013085226883837101,0.016032880515695885,-6.0609444635097765e-05,0.00786160327773618
2020-09-15,0.005039499847088357,0.010473607299743528,-0.0024346281892237706,-0.0023956152677241513
2020-09-16,-0.003976378327989159,-0.001331002937912911,-0.0029914549365184792,0.0028305733071044767
2020-09-17,-0.008834167201152925,-0.004003478292835333,0.003052100844387632,-0.005505121062685115
2020-09-18,-0.011579601243358814,-0.007831086944395186,-0.003113043758531557,0.001310849171618332
2020-09-21,-0.011191957606362287,-0.009251950930689897,0.005060880127874206,-0.020291789448272826
2020-09-22,0.010132913381619773,-0.007509376626220614,-0.0007905939732042188,-0.004858095828927072
2020-09-23,-0.023463950070637035,-0.01565414846877541,0.0013381770936150166,-0.021843335368817322
2020-09-24,0.0026614731473539907,-0.004650824950390329,0.003822939874348922,0.0037119030895910897
2020-09-25,0.016038121808782613,0.0009315540595788224,0.0,-0.0028540460781505306
2020-09-28,0.016472799237281753,0.011116469476629278,-0.002850531184858341,0.010010290107421884
2020-09-29,-0.005461069261393971,-0.0006912330582234026,0.0011533492983547362,0.008397048385655496
2020-09-30,0.007553421222476099,0.01600409815971058,-0.009631223198742123,-0.006022969047958764
2020-10-01,0.006399495199292044,0.009256127923527422,0.0016477224076977732,0.008880963695329078
2020-10-02,-0.009539765774888959,-0.011526721431054371,-0.0037405057360669148,-0.0008957769408936138
2020-10-05,0.017577538707995832,0.013322746377855462,-0.019732919761127524,0.004861081696310086
2020-10-06,-0.014317736190245034,0.0017929989915246288,0.005374891359236241,-0.011830479550692698
2020-10-07,0.01725682589230712,0.010912244710806783,-0.0073198826032587665,-0.00045132478533539146
2020-10-08,0.008823730656675454,0.008161266438256425,0.0053861248748928005,0.0035486272055745486
2020-10-09,0.0088903601325602,0.006787211661184883,-0.00018785096445057427,0.017998399966815504
2020-10-12,0.01595946661716479,0.008689958729125643,0.003180841031418492,-0.002875813691634357
2020-10-13,-0.006547569528348109,-0.004118292445900278,0.0071352235293739965,-0.01585383405158326
2020-10-14,-0.0063030342951490145,-0.0067560540834755494,0.0022847156334286018,0.0030899939936110464
2020-10-15,-0.0012366065275795403,-0.007242484235970464,-0.0017286273914682597,0.003639489400711449
2020-10-16,-0.0006047052047474621,0.0035180961008044027,-0.0027844428080593614,-0.0034712263457632483
2020-10-19,-0.015320294861381178,-0.00285755132287713,-0.003786590445009811,0.0005046193567768562
2020-10-20,0.0039978021412583765,0.010945953906794526,-0.009561924747263431,0.004809318137998378
2020-10-21,-0.0018946459790727954,0.0028262050751284066,-0.0034596221400058184,0.00750319529892231
2020-10-22,0.005470217010548399,-0.00021687104449348446,-0.01045114919205716,-0.009849030639627157
2020-10-23,0.0033897566496717737,0.005845805206762358,0.006093648598313376,-0.0010630400237792174
2020-10-26,-0.018652981271655305,-0.013037684606988524,0.009259843511312286,-0.0005039129828936211
2020-10-27,-0.0034533974313990783,0.0043647775006953595,0.006687703453933976,0.002628864176270774
2020-10-28,-0.03477637551274261,-0.025362602692135756,0.0009333755657471117,-0.01627516884164325
2020-10-29,0.010111948970825815,0.010001318406712785,-0.009755111195701938,-0.004153341326592121
2020-10-30,-0.010479769673621329,-0.011342339609490174,-0.009914062362300798,0.004550651041840146
2020-11-02,0.011145997332887505,0.01266834210784494,0.007462094683823922,0.00965812884851217
2020-11-03,0.017501975513257866,0.0044070032926948185,-0.005817817525959771,0.0056609432999779495
2020-11-04,0.022103212266469146,0.030958363334210266,0.02146042493575928,-0.0005590140649358909
2020-11-05,0.019314805333639783,0.016910172772073462,0.001736269485109194,0.022723771699055755
2020-11-06,-0.00022815617431344237,0.004600596011145363,-0.012158011806185136,0.0014203529597109255
2020-11-09,0.012487521614361037,0.0068614056615849735,-0.021239301823193637,-0.045280856143465276
2020-11-10,-0.0014678512649201705,-0.011462001672730369,-0.00578368729129928,0.0033073065556014952
2020-11-11,0.0074011572008940395,0.00647666889293144,0.0036026060310239034,-0.00433598220930235
2020-11-12,-0.009748319337269143,-0.007525138804824781,0.01687510494027616,0.006042387508780373
2020-11-13,0.013749632928717488,0.013960040624694286,-0.0013274365993383166,0.006796565090032186
2020-11-16,0.0124052930858774,0.012338192299955303,-0.002405405707994848,-5.650286865533134e-05
2020-11-17,-0.005392698996681636,-0.0010224029696434104,0.006507038791183703,-0.0036759204841880807
2020-11-18,-0.01210791744504489,-0.003484045414085663,0.0028919037283568257,-0.005738783845972931
2020-11-19,0.004201145413367804,0.0016409219621503737,0.0051352586534023975,-0.0018822296869570197
2020-11-20,-0.00687146414885284,0.005518857100046501,0.008831320315139356,0.003021229432643738
2020-11-23,0.005977038525665637,0.0026462210885260457,-0.004592370471585817,-0.019890324232127853
2020-11-24,0.01598523128622991,0.013328065761520676,-0.010001734239924107,-0.015447030279527764
2020-11-25,-0.0015430270177681626,-0.0056325448516476,-0.003083038344523841,-0.0004718480371509017
2020-11-27,0.00278109577440551,0.009436937021499895,0.009658072235320359,-0.010198732236165305
2020-11-30,-0.004436797041337689,-0.026527819542295345,-0.0012492486818504107,-0.006697358920117144
2020-12-01,0.010877720565280028,0.019508579138047568,-0.014853950654768964,0.02084085881536413
2020-12-02,0.0021015876557896967,0.0014080563256196992,-0.007968223269125645,0.007493385024315116
2020-12-03,-0.0002726245760604512,0.01138961430390303,0.008031086059089436,0.007842668530553789
2020-12-04,0.008580521583156222,0.01027887767781479,-0.014773653143734104,-0.00283945502654119
2020-12-07,-0.0020568876743716127,0.0,0.008979830729001862,0.014803945459514797
2020-12-08,0.002921896837507009,0.0003931049645123438,0.004714553264729195,0.003481841534737405
2020-12-09,-0.00900929530041421,-0.008687128587810329,-0.003310966833812058,-0.017241806434506103
2020-12-10,-0.0003272485125306328,0.012806953987809969,0.008825247201610235,-0.0019148863181888906
2020-12-11,-0.001173086304173153,-0.007072654831391134,0.003533121747899423,0.001856945469586849
2020-12-14,-0.004487383368193511,-0.0052127542933710315,-0.0027752846820103903,-0.005522859199322822
2020-12-15,0.013429000445490492,0.010754883215695017,-0.0033526282310312448,0.013893989774039692
2020-12-16,0.001568013039820873,0.00474322959688087,-0.002665724426204503,0.005503920929853093
2020-12-17,0.005576270516014844,0.006485222262764726,-0.0026498901060204075,0.01046541004295572
2020-12-18,-0.00400067830337731,-0.0011761066951754015,-0.00300136323004355,-0.0016988680965652808
2020-12-21,-0.003581952753573203,-0.014818009593653477,0.0039578843618219076,-0.0031789169989821435
2020-12-22,-0.0016870239514164347,-0.007993766293782026,0.00514782676455773,-0.007934507183398202
2020-12-23,0.000898494943218451,0.01018068911301861,-0.0069331916105882544,0.006625879072275585
2020-12-24,0.0038828733125226677,-0.004378724271365293,0.003949774428658258,0.003977347328631379
2020-12-28,0.008554062597093282,0.002788763684571142,0.0004444754754150693,-0.003635744312567208
2020-12-29,-0.0019096899084806,0.014809231599349326,-0.001271313838509762,0.003635744312567162
2020-12-30,0.0014257354813209308,0.013240188516904438,0.002160826951706175,0.007626026694655132
2020-12-31,0.005068167967283796,-0.0005806115877501294,0.001459018155669647,0.0037072651943418997
2021-01-04,-0.013707897778122223,0.006366447715102119,-0.0012054289933370137,0.02201425891234798
2021-01-05,0.006864018270397903,0.023754080202328363,-0.007453919779930219,0.0029572490918935946
2021-01-06,0.005960467502982564,-0.008486546864558457,-0.020741932344910115,-0.016374384156319522
2021-01-07,0.014748430712459482,0.009425137565276007,-0.008853605028893714,-0.0023373497260989994
2021-01-08,0.005681408454396619,0.026110150220923105,-0.003232991888366503,-0.03480879472366203
2021-01-11,-0.0067635036923866295,-0.013618218457308092,-0.0016531294707440056,-0.001963368081678198
2021-01-12,0.00021111217894883235,0.009772369075872667,-0.0007949484681921967,0.006453094143516468
2021-01-13,0.00268914032388734,0.0021993604864111956,0.01119903754161409,-0.004316677807613859
2021-01-14,-0.00350787066059029,0.00929402062706693,-0.009411606948700456,-0.0005192346256867747
2021-01-15,-0.007319402326115205,-0.014249500115140439,0.0039590895727107354,-0.012485246085867416
2021-01-19,0.007821231241047685,0.01642367693443446,0.003222780561031582,0.008437377567923208
2021-01-20,0.013743897171418069,0.017404216302713063,0.000984346642491797,0.016151154600027997
2021-01-21,0.0009114154079864895,0.0017771917824757825,-0.007042661252877451,-0.0006273739671711188
2021-01-22,-0.0035459391947112325,-0.00873824641443521,0.003231079081224069,-0.007904302060517928
2021-01-25,0.003936096721281599,0.007494688683278113,0.011717039160302142,0.0008622455288576803
2021-01-26,-0.00156222760114044,-0.007315638739305663,-0.0018890573497056156,-0.002473656951145883
2021-01-27,-0.024744213530917512,-0.028150466606701764,0.0025392343971137503,-0.006355778295441206
2021-01-28,0.008563550325997845,0.0069751953887114216,-0.005542820417364833,0.000926931727635592
2021-01-29,-0.020222739137642116,-0.02519117061363085,-0.006033834593450185,-0.0004054103376829626
2021-02-01,0.01650841081160833,0.026653338233996345,0.0011582966720668883,0.00934152297824149
2021-02-02,0.014041353889133397,0.012884634472345518,-0.006468226482000602,-0.012242430084677477
2021-02-03,0.0007860904738586358,0.0050360639353907765,-0.008912943151202246,-0.0015117720158050482
2021-02-04,0.011301527864077643,0.0003587227708579998,-0.00267587708178136,-0.021765636924135134
2021-02-05,0.003928215247830283,0.008571576415476971,-0.0084089810384626,0.009823748692690917
2021-02-08,0.007195892425689263,0.001776559972844834,0.004381142071183504,0.01001975221091292
2021-02-09,-0.000666079994530061,0.010593134505290095,0.0007399944421428756,0.0032595928083516256
2021-02-10,-0.00043555991057202275,0.0035063292095254147,0.006631907008160945,0.003654430629279855
2021-02-11,0.001613410514136168,0.010619021454328083,-0.005489870604805457,-0.008723013798522866
2021-02-12,0.004927954508393091,0.0008654111857008038,-0.012497303475698659,-0.003041852351548402
2021-02-16,-0.0008665048574964178,0.002419218941460754,-0.015343863967134807,-0.014457496034195686
2021-02-17,0.00022935355443774461,0.0003450303385727264,0.0063304062358926615,-0.011417786234196115
2021-02-18,-0.004265129257920721,-0.013898746740763853,-0.004055290693507046,-6.0090224343136566e-05
2021-02-19,-0.0017670830524794648,0.006452294845225314,-0.01338103949746935,0.004139970385631239
2021-02-22,-0.007721657122558087,-0.029816147708630728,-0.0076368280676714344,0.014858231751961605
2021-02-23,0.0012134467626406737,0.0044670839574481565,-0.002887744572159514,-0.0023033964742125187
2021-02-24,0.010959112448840845,-0.006438860337958775,-0.006581991384172919,-0.0007097783269727351
2021-02-25,-0.02439059260632853,-0.023052163335119363,-0.016465475826446856,-0.018995808065307287
2021-02-26,-0.005165976329554409,-0.01349508082557895,0.03252433740100581,-0.024480114534154506
2021-03-01,0.023951006305730015,0.026447883067637876,-0.013294863744874328,-0.0017319159550744983
2021-03-02,-0.007833903531937901,-0.009836177008452086,7.007902216274465e-05,0.005433148366520264
2021-03-03,-0.013334242915315717,-0.0020154933782595896,-0.010904649652031579,-0.011082728374520621
2021-03-04,-0.012451940962589435,-0.023569853227420473,-0.0064706359735515655,-0.00988559566723337
2021-03-05,0.018229553589115117,0.010833036184936296,0.0019453166211160892,0.0006286134207733884
2021-03-08,-0.004991168497148916,-0.027305942029500575,-0.007805260042903782,-0.010422315048141234
2021-03-09,0.014176481306517942,0.02171727071815659,0.013762765329502026,0.02104806019448947
2021-03-10,0.006205221011358901,-0.0044933574929562625,0.0020018537847621494,0.005085327698430273
2021-03-11,0.010088057045061903,0.031038912081761405,-0.007239468228714029,-0.0008663865026826478
2021-03-12,0.0013459141580837183,-0.017988832313927828,-0.021449850923206188,-0.00018574519969141986
2021-03-15,0.005945650029100182,0.0024048538174644652,0.005862259793660564,0.004386867610048303
2021-03-16,-0.0012619161713515316,0.0042408315726088185,-0.0040266591377979355,0.0009244132771239594
2021-03-17,0.0034041859362279525,0.0012870029356730377,-0.007510914223104722,0.0071195808075622735
2021-03-18,-0.01465663144789969,-0.018546443771064344,-0.010178177655150828,-0.0058269675795917875
2021-03-19,-0.0018519005749382694,0.012279440765122293,0.006178533435345408,0.004174394816826358
2021-03-22,0.007953144029071005,-0.0029631039140724878,0.011143814262959758,-0.0014713433816878438
2021-03-23,-0.007901970592804767,-0.019287345289292802,0.008986219051414267,-0.007327408483150656
2021-03-24,-0.00509645431123626,-0.023143304178206286,0.005367474966425545,0.003454859203276189
2021-03-25,0.0056098054566563645,0.004633182245664075,-0.007915957004449114,-0.0036402714825327686
2021-03-26,0.015986586567780802,0.0256692119063088,-0.0035065472420161884,0.002839374216722469
2021-03-29,-0.0005053727218925284,-0.006969844950214196,-0.008524185688535912,-0.011967328788777756
2021-03-30,-0.0026563496970942392,0.0032084667865096123,0.0052256510964104295,-0.01723957501602924
2021-03-31,0.004045077761676357,0.00507461759991543,-0.005594989654221547,0.015053975494509144
2021-04-01,0.010741078178378587,0.009701624199854155,0.01646102889983965,0.012549018493591777
2021-04-05,0.014251135909343229,0.003891221637872128,-0.0043728219548636186,-0.00037046965366193687
2021-04-06,-0.0005906115776233693,0.005533248311945134,0.0067695972033555854,0.007996616729269289
2021-04-07,0.0011564445808315324,-0.014823221324593138,-0.006988985869383787,-0.0028223021365765604
2021-04-08,0.004735632334913534,0.008179989065322042,0.008221744326633034,0.010694635856861524
2021-04-09,0.007243756950268634,-0.008553539625275303,-0.003629533705740992,-0.007566026934120144
2021-04-12,0.0003647234215889011,-0.00599360970376056,-0.00043671265887654183,-0.006082067490100263
2021-04-13,0.002959228544046988,0.004124562988209768,0.007465996274798322,0.007061488473290135
2021-04-14,-0.003421149307365103,0.00503871014620546,-0.00318274791815382,-0.0043537794872208335
2021-04-15,0.010685283816536634,0.009079911239292816,0.016596412035816133,0.0160335365383925
2021-04-16,0.003337004598052576,0.0025792229285838287,-0.0077969289513571014,0.0060295628147861114
2021-04-19,-0.004925446243829691,-0.0036864176903162026,-0.002876624936304146,-0.0027691247303623773
2021-04-20,-0.007348416724141486,-0.00815907252581446,0.004598103886134518,0.003550241996940974
2021-04-21,0.009417509085496519,0.006125378224574777,0.0020057984496037588,0.009862362310853667
2021-04-22,-0.0091748785892675,-0.003522175678869199,0.00435426140364854,-0.00650425423162094
2021-04-23,0.010784031938757073,0.014380861737562279,-0.002353383446792431,-0.0038387727937765547
2021-04-26,0.002085367648131602,0.0012805675049849482,-0.0014288361579154654,0.002640755671589698
2021-04-27,-0.00021558010400432232,-0.0005485242409520595,-0.008761501316832808,-0.0025205449092440876
2021-04-28,-0.0002874863580208166,0.007471539869002898,0.0006490180744046257,0.002940064461277065
2021-04-29,0.006352747859476492,-0.002362967331219826,-0.002959655140847605,-0.004142547462168167
2021-04-30,-0.006592239424493691,-0.017810140436321772,0.0023106370664430775,-0.003374702192485256
2021-05-03,0.002154455903466218,0.0,0.0005992039811777266,0.01289485518814097
2021-05-04,-0.0061883849329476565,-0.011364811053652146,0.006763322749845425,-0.007356686965198023
2021-05-05,0.00031268823547960054,0.0046732612673016476,0.0016479382394706133,0.00413361336698124
2021-05-06,0.007954025467049302,0.009466533962723627,0.0016452916418474817,0.016542002735280385
2021-05-07,0.007251314110146679,0.010292169333344673,-0.004943563525466622,0.00895658735382193
2021-05-10,-0.009951373514079303,-0.018081693158479496,-0.010179085889624179,0.0030259218728549953
2021-05-11,-0.008965046228739235,-0.002796474639507371,-0.005675900169542834,0.0001742848474817966
2021-05-12,-0.021473883759497357,-0.0280215365086971,-0.01056287370207326,-0.009983483413452903
2021-05-13,0.011940699141878655,-0.0013451149733104404,0.0015471858351469288,0.004098917859921596
2021-05-14,0.015238749463038317,0.017912047855025693,0.009307866103270442,0.009074563611959028
2021-05-17,-0.0025478475129434744,-0.0009446357674620167,-0.002117584299812635,0.011572105937362132
2021-05-18,-0.008652880328813463,0.013332240140954124,-0.0025619748139712613,0.0019442812059788442
2021-05-19,-0.002625252315947421,-0.002988880204954438,-0.002421768097922406,0.0006853819629941132
2021-05-20,0.010700387322812099,0.005782989817192218,0.008195181477883402,0.004556871795741219
2021-05-21,-0.0008190902794541077,-0.011599859246086258,0.0032006983911027362,0.00045446916842239933
2021-05-24,0.010142704013398285,0.008245989642518894,0.003697979127512869,0.001759487487714246
2021-05-25,-0.0022211021710442764,0.009843151619316738,0.009220609682179002,0.009031903514378268
2021-05-26,0.0019826220592449972,0.0073651891590204585,-0.0017223072654575912,-0.0017435678186662285
2021-05-27,0.0005247526370129398,0.00018346401099770548,-0.004030594766786403,0.0003940189892895408
2021-05-28,0.0017870961314104816,0.006399111124765808,-0.0015877400896587173,0.0037630876338542248
2021-06-01,-0.0008812754377715133,0.02038498648639066,-0.0002240949220583589,-0.0026945732480542135
2021-06-02,0.001571418208845968,0.0016057942065746487,0.002312164657419349,0.004878526963101577
2021-06-03,-0.003718475529245533,-0.01075476285897906,-0.003760584205631984,-0.019772420864664846
2021-06-04,0.009104557196679661,0.008970277201610607,0.01360123070631004,0.010725633264657355
2021-06-07,-0.0009707367628009666,-0.0050133675164374695,-0.0030778514111091007,0.003999619209610979
2021-06-08,0.00021311833998785597,-0.00485844081867986,0.007002251951070372,-0.003096867753862795
2021-06-09,-0.001493015546771587,-0.00289023394874664,0.00878976838267636,-0.0019193434836643904
2021-06-10,0.0046376102762350655,0.007980811520329475,0.005981003998629294,0.004285131517665339
2021-06-11,0.0016512284129323262,-0.003430593788691642,-0.0016146062696824142,-0.011316177890912231
2021-06-14,0.0022363097709165894,0.002709154505333349,-0.007689388063543022,-0.005878166410042197
2021-06-15,-0.001835801777923001,-0.006877664329443937,-0.0012037867269895784,-0.0037848631237422004
2021-06-16,-0.005599003545159332,-0.013715119588754677,-0.0008516454802763486,-0.01703600368035545
2021-06-17,-0.0003315931626191077,0.005508437644053485,0.014861070638859027,-0.03122282591641038
2021-06-18,-0.013582228133146907,-0.00698264031280119,0.018630816733894145,-0.005562705142465907
2021-06-21,0.0142145059186013,0.004232253534092684,-0.016884455994137185,0.012173251058176099
2021-06-22,0.005331725835541474,-0.004601144025742785,0.0024395412343113216,-0.00420166857422807
2021-06-23,-0.0012058957022687766,0.006069125246962873,-0.0025792135567155234,-0.0006618767987564016
2021-06-24,0.005898314537528645,0.009125681328682224,0.0016041111100585873,-0.0006021199876096117
2021-06-25,0.0035457069251495854,0.008322880531320687,-0.010438197312081631,0.003306999189259349
2021-06-28,0.00201392487646576,0.0009004743588158692,0.010229491707131659,-5.999643961855651e-05
2021-06-29,0.0005380477330295838,-0.0007203761209695412,0.001671128628143253,-0.010561034647227364
2021-06-30,0.0008410714939193554,-0.006506534982135324,0.004443676356589217,0.004841763592293601
2021-07-01,0.005521445690610991,-0.005636697928828895,5.555334163860246e-05,0.0034354496150826534
2021-07-02,0.007614451724369797,-0.001094758802188409,0.00601636710910267,0.0065369291506959725
2021-07-06,-0.0018231234566404029,-0.017680015930250023,0.01165254825508007,0.004949187883217545
2021-07-07,0.0035277187730073664,-0.0011154389934786538,0.008820099206547498,0.0037995736126820853
2021-07-08,-0.008181251980610121,-0.02105351393221302,0.0039098160453750405,-0.0006520293887520076
2021-07-09,0.010618377407274742,0.017139610252112823,-0.014162160897237838,0.0033150614410246745
2021-07-12,0.003575255595420389,0.0009332494718264037,-0.0012975936475385877,-0.0012418718351821449
2021-07-13,-0.0034147162006561136,0.0009323793292466602,-0.007683111528745154,0.0013009357869861221
2021-07-14,0.0014911038984140245,0.004277910047995159,0.01129811355506705,0.010697757313475486
2021-07-15,-0.0034213772849965014,0.0024099335247884613,0.010969956291115787,0.00017546425482688882
2021-07-16,-0.007874462970761066,-0.0078068987097700895,-0.0018869154643218987,-0.009751038308664077
2021-07-19,-0.014878134033569839,-0.016936808702960188,0.021691196986126315,0.001179853512608669
2021-07-20,0.014228735493654396,0.0032213442904113366,-0.009686640116667835,-0.0012979424872485647
2021-07-21,0.00806364439427106,0.006411482860890346,-0.012747240074224673,-0.003726190289074976
2021-07-22,0.002091898024424876,0.0018779712518536482,0.00940841602857135,0.0019535411866020086
2021-07-23,0.010235644182665527,-0.014932905668059092,-0.006711460791064031,-0.003139340880551927
2021-07-26,0.0024519255956809037,-0.019227547043978704,-0.0029676238381061574,-0.0023758261058627853
2021-07-27,-0.004568121786827658,-0.020396790721835693,0.010615298993302524,0.0016636888817755746
2021-07-28,-0.00041018073903959586,0.026782945459958758,6.677865956612756e-05,0.0050335632022407
2021-07-29,0.004138898014911428,0.005002878825794432,-0.0055618598477823215,0.011044023020098688
2021-07-30,-0.004868259833408705,-0.009643298975852222,0.004692906688053641,-0.007918108309762988
2021-08-02,-0.0021002554620196357,0.007145070289283051,0.00887942589790004,-0.0012374082182159806
2021-08-03,0.008102305405575048,0.004224129103071485,0.0005313027480975425,-0.0007077270423842932
2021-08-04,-0.004930834429543825,0.005160063233455103,0.002053937086218107,0.00023593466942563418
2021-08-05,0.0063129258345141995,-0.0015260673237492567,-0.005110227646981953,-0.003959922253451811
2021-08-06,0.001651075599695899,-0.008435665791255214,-0.016842421314013197,-0.025308704477345147
2021-08-09,-0.0008139267176070601,0.003267701543798291,-0.0035924803641961362,-0.017894816057729707
2021-08-10,0.001243154556718893,0.0013423304792243226,-0.004629063333970707,0.00030914743149373187
2021-08-11,0.0024818291736510537,0.002679512210402164,-0.0006139190754131116,0.01369082807188368
2021-08-12,0.0029923893643923937,-0.008830901585778974,-0.0016399275632559434,0.00024383177142714218
2021-08-13,0.0018182707727573844,-0.00250996953726231,0.015672796730579825,0.014224167163591615
2021-08-16,0.002351978206556145,-0.009127149880303085,0.002420360301034496,0.004975891262677384
2021-08-17,-0.00657688040286464,-0.01850808140564887,-0.0004033297203699034,-0.001496155150116038
2021-08-18,-0.01100531676729127,0.0015885765530384093,0.003353406650720002,0.0007783092556947036
2021-08-19,0.001546970894836442,-0.017210794745022302,0.007338387883951909,-0.0029367165231408677
2021-08-20,0.007925655118594641,-0.000807632228378216,0.000664740941615768,0.0005400158455303154
2021-08-23,0.008758070752988711,0.015037783414382501,-0.0006647409416157821,0.012104007439095057
2021-08-24,0.0015860783524199314,0.022433019503337696,-0.0078073875236956605,-0.0004742535717267673
2021-08-25,0.002096113894543268,0.0011669337267775008,-0.008340837406083351,-0.006961609676564189
2021-08-26,-0.005920540136223223,-0.00956937762837016,0.0027654634663934322,0.001133835388463418
2021-08-27,0.008901135670348895,0.012286690796572738,0.006780911670422588,0.014917723322635659
2021-08-30,0.004388012629568365,0.002130058457752545,0.0026060214803953615,-0.004947859047149437
2021-08-31,-0.0014826261192963115,0.013639575394009841,-0.006829961413608283,0.00200564206756742
2021-09-01,0.000531193114233727,0.01270277584485696,0.0016738320544238791,5.88968847449306e-05
2021-09-02,0.003071947401915423,-0.004531688660091909,0.004355513383993817,-0.002655242464544409
2021-09-03,-0.00024293033323157317,0.005284950758120382,-0.009135446959558677,0.010637446088029513
2021-09-07,-0.0035817261500862567,0.005818841745893655,-0.008471828720157707,-0.019778020504279115
2021-09-08,-0.001218962915184924,-0.01470601424672283,0.006782732792247446,-0.002507544166051433
2021-09-09,-0.004289606817780781,-0.0019010968270536794,0.012027900601116994,0.004413734414974538
2021-09-10,-0.007915620430112555,-0.001142492899173089,-0.008855990941188385,-0.005071495164425335
2021-09-13,0.0025559567737338013,0.0026635458443017646,0.006046703854080847,0.0033441618437189445
2021-09-14,-0.0054110545804681555,-0.008395426747113705,0.012050484372449221,0.006417907636002404
2021-09-15,0.00831788614009445,-0.00019163785852676613,-0.0035137821868793727,-0.005881528710091136
2021-09-16,-0.0015864699880217496,-0.011371390806253242,-0.004592665503648136,-0.022902242747818987
2021-09-17,-0.009788763337608652,-0.004273527607838523,-0.004814912705801813,-0.0015862999324902439
2021-09-20,-0.01681487828822327,-0.02723128171532378,0.012325814159218925,0.007118755657039398
2021-09-21,-0.0009451847115618306,0.007374256032096206,-0.0008617279485724408,0.00664689654260444
2021-09-22,0.00970768318063274,0.012432255347042925,0.005947215850423415,-0.0037409995549623856
2021-09-23,0.012076836421319646,0.007814051049043223,-0.02285603415833393,-0.011613566243419594
2021-09-24,0.001645803920109661,-0.01194109859237199,-0.009822046919094638,-0.0012850982867509395
2021-09-27,-0.0028649580480349206,0.006477664063177599,-0.0036823980134540126,0.0020798706668898187
2021-09-28,-0.020357783801627942,-0.01299747737892985,-0.01569959110379007,-0.009763940911599527
2021-09-29,0.0016819699447269253,-0.00935980835850256,0.001733884263673394,-0.0045149330127863515
2021-09-30,-0.01229801415082635,0.007971415526086913,-0.00013894177317976854,0.01781698430701417
2021-10-01,0.011814354327724756,-0.0009929270240576426,0.00838047927448334,0.0022505110921036547
2021-10-04,-0.012979880238731126,-0.014812013779230198,-0.0025490874419872656,0.004667408258473528
2021-10-05,0.010351129645235723,0.007032920393755633,-0.009703210948184908,-0.004667408258473519
2021-10-06,0.004147482758493944,-0.0056225113116863575,0.005625780746939047,0.002669757352534067
2021-10-07,0.008608415912527713,0.01934451620634045,-0.010512986150331248,-0.005285683868044846
2021-10-08,-0.001825356690917993,0.0037456722360131238,-0.0070235526445133695,0.00042627404378714777
2021-10-11,-0.007265919826479393,-0.001969537839140325,-0.0025403371708529257,-0.0018893655741350408
2021-10-12,-0.0024647474582505345,-0.005139432725052524,0.016955405848414883,0.004504271350483098
2021-10-13,0.0035909354001494257,0.013777048708973724,0.009679800434015697,0.01763773443447277
2021-10-14,0.016681040061809874,0.003122590218314561,0.003708061635716031,0.0024434808580754102
2021-10-15,0.007586968790775065,0.012008585334520164,-0.0058440033622993125,-0.0160204917648545
2021-10-18,0.002955891696873146,-0.0025059341419106738,0.004677981018820996,-0.002482990902389477
2021-10-19,0.007685509078278687,0.01322982847581232,-0.01389055805579236,0.003208519186409284
2021-10-20,0.003919856110947674,-0.0001903435495403438,-0.0067727345391803175,0.008725778175468667
2021-10-21,0.002605013372719942,-0.006498489092812293,-0.001192275221673603,-0.0008991093021597419
2021-10-22,-0.0010368924063351016,-0.0021115769198405627,0.0109528611099837,0.006098334452755203
2021-10-25,0.005348711198663501,0.005174897827037382,-0.0015273988904556499,0.006890365329616705
2021-10-26,0.0008994401063188594,-0.005174897827037445,0.008235126578227642,-0.007427027125168416
2021-10-27,-0.004439944320720813,-0.008103551097523101,0.018030254456052046,0.0026206236403640355
2021-10-28,0.009602653778574336,0.0009681255725819011,-0.0033896381877621205,-0.00023791366260843256
2021-10-29,0.0020270216490188967,-0.014621562737206101,0.0030514342893176926,-0.008544299301700552
2021-11-01,0.0017187487180926084,0.007824918155918409,-0.007225772373315227,0.005207004497418708
2021-11-02,0.004034761234795308,-0.009003669535716107,0.0044285938258222714,-0.0021513131388870075
2021-11-03,0.0060866460753721185,0.004707526933218089,-0.010387176847997209,-0.0083501482773226
2021-11-04,0.004701647439489818,-0.0023512445427774425,0.010455199280052242,0.011277125295739413
2021-11-05,0.003463595918222356,-0.0011775310106430506,0.014845209039446439,0.012978359326946427
2021-11-08,0.000853349069212219,0.009187897812228023,-0.0018771774028657619,0.003585184846901929
2021-11-09,-0.003310939377621752,-0.003899393119714831,0.0129344045760395,0.004916006634195484
2021-11-10,-0.008077225781034798,-0.004110973681870198,-0.01845207248569202,0.010800248284572371
2021-11-11,0.0003233843718153033,0.017114615127441505,-0.0014857114980014656,0.005586453042738802
2021-11-12,0.007518345032482977,0.002695859300568892,-0.004402082001014912,0.0018934614978916627
2021-11-15,0.0003425976198801202,-0.0032744607773750284,-0.012636452679756322,-0.00154894492430588
2021-11-16,0.003950068685962978,0.0013496593665598784,-0.0025466523277634986,-0.007260156004477963
2021-11-17,-0.002432298410245081,-0.005215967547751132,0.007893772420596957,0.009095692432078762
2021-11-18,0.003390653597726139,-0.012277279880871829,0.003753208817299008,-0.0032143154449525086
2021-11-19,-0.0017898809605256664,-0.001569956599215493,0.010502852021566093,-0.007675708262916443
2021-11-22,-0.002819178689873326,-0.008084266043817148,-0.011797647262714185,-0.02267561664312034
2021-11-23,0.0013252640810663791,-0.0009904547275526331,-0.014564949515231594,-0.008690053468478977
2021-11-24,0.0026662941269413104,-0.0013882867700247316,0.01592814141017795,-0.0009569597921073518
2021-11-26,-0.022555644057256213,-0.034113766697052975,0.024954997128086385,-0.0016168462526691021
2021-11-29,0.012191811052336871,0.0038939137279665266,-0.008070544477307802,-0.0013795005365548109
2021-11-30,-0.019649364554448056,-0.0010232035914663872,0.015087357988444015,-0.006744546424564762
2021-12-01,-0.011169179421855817,0.0036787828766877972,0.00615027593643339,0.003980006790395922
2021-12-02,0.015200102449277098,0.012165490664923825,0.0012461663070714494,-0.005552205835401061
2021-12-03,-0.008739438324539122,-0.014207597602028903,0.011861589859822077,0.008376819081740972
2021-12-06,0.011773709263824185,0.00773772959533246,-0.01383027216418543,-0.0024635953850727986
2021-12-07,0.020473969685561345,0.015697761641600878,-0.008112186227083283,0.0035432060613326127
2021-12-08,0.0026443480783799314,0.003985564174381844,-0.01743631129868754,0.0005393685677794685
2021-12-09,-0.00677445046101702,-0.0047845696678360345,0.005577295175808024,-0.006130129283900702
2021-12-10,0.00936941244293867,0.0007990054934539871,-0.002415000655050066,0.004211020685246302
2021-12-13,-0.008897755143430806,-0.015986108108241602,0.014670916361255986,0.002518126917516811
2021-12-14,-0.006903812794076431,-0.002266282307834466,-0.002386142880908332,-0.009385206339641532
2021-12-15,0.015504150965828191,-0.0028919973342020904,-0.00966863565186038,0.004282351988516796
2021-12-16,-0.008857401052320354,0.0012405758941239858,0.00038948688522912544,0.012024970840539904
2021-12-17,-0.010700146038461124,-0.0049713024356673385,0.011267917209604687,-0.002143116686188639
2021-12-20,-0.01069037391887689,-0.015062957314029927,-0.007520047102101271,-0.004240244730917084
2021-12-21,0.017603267778763487,0.01672295100949632,-0.0038146851179255894,-0.00041897618344674124
2021-12-22,0.009948902478710395,0.00475647328641377,0.004615630177823155,0.00935611880010715
2021-12-23,0.006202905567427146,0.0051443935835395,-0.008714338280133184,0.002251481491211197
2021-12-27,0.014052845989052709,0.004505532279876175,0.0024209270369226275,0.002364450476828884
2021-12-28,-0.0008173988822336632,-0.0032747126429147648,-0.003971264578523268,-0.004319380340024978
2021-12-29,0.0012783574551544997,-0.004520170927114527,-0.010984705977093296,-0.0002965516280151311
2021-12-30,-0.002768400554296621,0.011390610547253455,0.008351248758805475,0.007151581744182501
2021-12-31,-0.00252322235972437,-0.004900864403445051,0.0019589175551428615,0.006808358432551388
2022-01-03,0.005773227034860588,0.0071393591040991335,-0.026600877620156792,-0.015503300973700684
2022-01-04,-0.0003350662505137263,-0.003461482354544367,-0.004166723857597278,0.007339514803169255
2022-01-05,-0.019388923778980067,-0.016450940809578405,-0.005442532666174604,-0.003012197052209778
2022-01-06,-0.0009398465434183173,0.004551027906271094,0.0025855228084544195,-0.012319703780209438
2022-01-07,-0.0039613191592866945,0.00904047364142748,-0.007213997252818854,0.004540812572282988
2022-01-10,-0.0012451939950104626,0.0,0.002457014349123995,0.0030355936239956378
2022-01-11,0.009067154563538817,0.022850184329319796,0.006639675944133158,0.01199245713664559
2022-01-12,0.0026997413733131762,0.016457185850683724,-0.003838486320577074,0.0026391371424113854
2022-01-13,-0.01387438604691539,-0.014260516908158542,0.008841223741619105,-0.003402771341298051
2022-01-14,0.00040884990716244735,-0.00039901271945013854,-0.015224918109932446,-0.002883829150556528
2022-01-18,-0.017868043068087112,-0.0179206130702693,-0.014174327677615145,-0.0016516182679313014
2022-01-19,-0.010437981357457174,0.0042574654148755525,0.006899316776787244,0.015755750605134237
2022-01-20,-0.011129823761487335,0.005849857146484567,0.006148693870523295,-0.0025020112544038944
2022-01-21,-0.019825866309240384,-0.014586994288504568,0.011835681290980898,-0.003267771913809988
2022-01-24,0.0042376060112043375,-0.014181661517284838,-0.008249586408927367,0.005479160681096094
2022-01-25,-0.012283862978366169,-0.0018647853429140052,-0.0016155727966438891,0.003192034576976311
2022-01-26,-0.002512068019811596,-0.012731115553015496,-0.012167867301779883,-0.01629856790431354
2022-01-27,-0.004950121367643512,-0.011619244496715026,0.01819635079789069,-0.01298211532059733
2022-01-28,0.024532134080554057,0.004875423426885308,0.00034946584195706735,-0.002987752337666492
2022-01-31,0.01785057080489949,0.03225071921992314,-0.005183488534110405,0.005907056331230696
2022-02-01,0.006734263336703493,0.006123693141505474,-0.003324826371777161,0.0008325368758188378
2022-02-02,0.009667327270766522,-0.001629293127359055,0.003381035181862724,0.00361943388995412
2022-02-03,-0.023785672888394765,-0.010655737297954347,-0.007836641308920726,-0.0014224174555621005
2022-02-04,0.004691095375345814,0.0024688675040840293,-0.01485222761533667,0.0015408910869810946
2022-02-07,-0.0032143949719132905,-0.002057038244370054,0.0006475007908504665,0.007375317353577323
2022-02-08,0.008194269296006427,0.009632055794113326,-0.006708039389346979,0.0030522079460774463
2022-02-09,0.014529970285847972,0.015582708997107038,0.0018796705778337931,0.003393414275398407
2022-02-10,-0.018129108679783526,-0.006648447295907454,-0.016019852114688343,-0.0038037857675304026
2022-02-11,-0.01991557804097281,-0.015276911668948614,0.014718868373789919,0.018875607865561438
2022-02-14,-0.0032747747798887966,-0.007002945425661861,-0.01251937786935647,0.005336451777182292
2022-02-15,0.015998232466999097,0.021470849028532187,-0.01141805608091227,-0.009545260370239185
2022-02-16,0.0011202890483588894,0.007256689096361742,0.005909442203052987,0.01023173130733765
2022-02-17,-0.02159274937048494,-0.011717201342430296,0.007410972812672619,0.013575508168976262
2022-02-18,-0.0064962520795297535,-0.010007391356801714,0.01047189353727941,-0.000733724019731723
2022-02-22,-0.010789605882912905,-0.014263838243545436,0.0026014281371619583,0.002086858856896338
2022-02-23,-0.017897930872411424,-0.011727807095215823,-0.013878073914284783,0.004497100140272996
2022-02-24,0.01493714992143592,-0.020860582038620224,0.0006585352957973452,-0.006471023453826176
2022-02-25,0.021823909158213427,0.018329479286524234,0.0007310669799442743,-0.0033362372759372606
2022-02-28,-0.002561902479516534,-0.013180379494586253,0.021682006108053067,0.010311993951243732
2022-03-01,-0.015347290960804108,-0.013356698461179598,0.011495143896020847,0.01800043176575384
2022-03-02,0.018228988726774965,0.0017335321335951576,-0.03478060305302339,-0.010460864384517259
2022-03-03,-0.0049908530996681634,-0.014172360979248065,0.010133745711750812,0.005935763844875876
2022-03-04,-0.008157661137270122,-0.02040876023550812,0.017117170056010045,0.015803608419049087
2022-03-07,-0.029922601921531386,-0.03814535278256854,-0.007659627744871894,0.014753495270293054
2022-03-08,-0.007610647303882214,0.003254159483360018,-0.010110069656443772,0.026991429368426304
2022-03-09,0.026457778743473725,0.027919575618212282,-0.009847533430154053,-0.030161495266205762
2022-03-10,-0.00452571053500035,-0.018909501179426354,-0.014471388425016392,0.003116366878477797
2022-03-11,-0.01279680655465619,-0.021151229878771452,0.003340980113116026,-0.007052696024243029
2022-03-14,-0.007335127557308636,-0.024492995949629327,-0.023625867637971722,-0.01518847505814139
2022-03-15,0.021752324963987348,0.001443241926115352,-0.0017472490806646902,-0.018882610033681094
2022-03-16,0.021931872931322243,0.07745083251335039,0.0097598781329646,0.006241285995487705
2022-03-17,0.01243347327497017,-0.005129973434774753,-0.0074817751203857235,0.004876733952655098
2022-03-18,0.010893047732573246,0.014209803536181986,0.012139260844256435,-0.008828710707897394
2022-03-21,-0.00029234976603095814,-0.015552568800632978,-0.023428997961047967,0.00761175501954624
2022-03-22,0.011633214083757467,0.01797463651661272,-0.012894154292240749,-0.007277189924242526
2022-03-23,-0.012961800624462928,-0.0066197775655530925,0.02167795040891462,0.013567209576051467
2022-03-24,0.014961928346011998,0.0052993601751853605,-0.007863626573508723,0.007234137513108609
2022-03-25,0.00487157829490963,-0.007959422095043836,-0.013969898066659448,-0.004103860537691329
2022-03-28,0.007087634865588428,0.003324182613364707,0.00851279213603527,-0.018371517706821095
2022-03-29,0.012295091346590119,0.016892007405617845,0.0075245334091358146,0.00044668806848975184
2022-03-30,-0.006193822991228128,-0.00283213973108915,0.007771286163200269,0.008006283379257595
2022-03-31,-0.015510931728908495,-0.015166639099673635,0.002425767386887683,0.00038752078804877134
2022-04-01,0.002829993063923898,0.016474861861234556,0.0037992918208470156,-0.00638621587890147
2022-04-04,0.008530212980649314,0.01749299590444952,-0.006973583953489869,0.004835061682683925
2022-04-05,-0.012711854044496512,-0.018582970924785676,-0.022851642432670172,-0.006284549046099261
2022-04-06,-0.010049749379792632,-0.013172567579487404,-0.008127010988675739,0.0023404756196963713
2022-04-07,0.005026468306295016,-0.007987585052008032,-0.007561135437494275,0.0037777415804506904
2022-04-08,-0.0026774848919109075,0.0008906978762828306,-0.010889769684499388,0.006246419748615932
2022-04-11,-0.01724017545608818,-0.012542074505647862,-0.01595157501162555,0.004947206140849894
2022-04-12,-0.003712378339511881,-0.0031605138798304054,-0.001381549001855052,0.007647435301758943
2022-04-13,0.011388536783231451,0.013028298905971182,0.0020313107413600707,0.004777109287769396
2022-04-14,-0.012529635613782286,-0.013028298905971103,-0.02024934850776105,-0.0033090194372706765
2022-04-18,0.0004109721065234946,-0.003397018248390343,-0.0049810840688617785,0.0030924062818564585
2022-04-19,0.016013822447966734,-0.005003433558513406,-0.00751943019628418,-0.015228268112133887
2022-04-20,-0.0007418194954014444,-0.005945536463638318,0.01992592609501249,0.0048830061930919995
2022-04-21,-0.015066506598076956,-0.019454180693692546,-0.007425411829866601,-0.003563943502360224
2022-04-22,-0.027822789696591663,-0.008926266185916177,-0.006313598949621433,-0.009769661352400816
2022-04-25,0.005780722643339468,-0.007341757331907332,0.009950959064765123,-0.018134432520229594
2022-04-26,-0.029388229254137973,-0.022111048439851153,0.010016424368305892,0.0015238553873300224
2022-04-27,0.0028075866962866632,0.011597188366293913,-0.012908535906575718,-0.007585723242633687
2022-04-28,0.02494590849785668,0.014309550181477329,0.0014884647122804014,0.0053838047894630165
2022-04-29,-0.03765578198132117,0.0035460672239873876,-0.013057993353902765,-0.00011298334784093811
2022-05-02,0.0060014047489613375,-0.0014169580481215563,-0.01748601074338972,-0.01871452290294498
2022-05-03,0.004573640644565463,0.00729854538184139,0.0067194513770549216,0.0026457593569150124
2022-05-04,0.02999838141596469,0.010732611546177846,0.005494971753697978,0.009774616775434711
2022-05-05,-0.036189967280859686,-0.03759757251139413,-0.02778087443982409,-0.0038184194446891804
2022-05-06,-0.005986689802588475,-0.013830081219551094,-0.014844964976374402,0.0016545049194706565
2022-05-09,-0.03254085131342064,-0.029253470497952235,0.008758755616337936,-0.014585347642546313
2022-05-10,0.002307670927949874,0.004768397558903363,0.00902880117484536,-0.00848106565352078
2022-05-11,-0.01601363459826349,-0.007035212489704433,0.019088817770890186,0.008133958004822058
2022-05-12,-0.001044624622721163,-0.006577138567472336,-0.0018671051427876304,-0.015452706170676834
2022-05-13,0.023626815641852036,0.027289242080956132,-0.01489101546484222,-0.008142627698810948
2022-05-16,-0.00406594944442659,-0.0039595438583576404,-0.0010352289679389872,0.009493279652076629
2022-05-17,0.020361681734043083,0.024251143158602335,-0.012157192268908192,-0.006299094085683991
2022-05-18,-0.041146594166073275,-0.0242511431586023,0.021093213552751334,0.000531343704844183
2022-05-19,-0.006143552158643216,0.015744557100493814,0.002392370015097629,0.014590277160260899
2022-05-20,0.00043671497814674117,0.004140741762584761,0.011286508137503053,0.000697767757192036
2022-05-23,0.018536876891902584,0.007507001105377302,-0.016591549055628207,0.004639589893868967
2022-05-24,-0.0076630083727526055,-0.01752299203253228,0.019540300587045218,0.007493711725538028
2022-05-25,0.008796146804760062,0.004898417837703833,0.003946532560015812,-0.006048248796558386
2022-05-26,0.019784328096856065,0.015515535433189601,-0.004535452810176754,-0.001850609639927292
2022-05-27,0.02425265627329231,0.011480586188684788,0.002438283793552389,0.0005208853826908474
2022-05-31,-0.005626706548952417,0.013933304280295539,-0.021389664130436453,-0.009942270255165302
2022-06-01,-0.00812134565166785,-0.007060287295546982,-0.001143659389673722,0.0063488366174163004
2022-06-02,0.018864261147021312,0.01709419933595103,0.0005162984117692639,0.012234040087981134
2022-06-03,-0.016547721167324704,-0.016386101908267257,-0.0021523916620640217,-0.010203900438868029
2022-06-06,0.0030401938141021343,0.005413732839328148,-0.018616101906552926,-0.004413447852864014
2022-06-07,0.009546506778459241,0.003047016874687347,0.010742493066670095,0.006497267812168451
2022-06-08,-0.010931723367424099,0.0053681461302907164,-0.008899857505506136,-0.0009256257836888652
2022-06-09,-0.02407008378954659,-0.023947400855203287,0.003324725841691995,-0.0031883338247287547
2022-06-10,-0.02942427024423724,-0.01112201405469,-0.006221365077020493,0.013323135228160962
2022-06-13,-0.03870793147180916,-0.03563861845107998,-0.03188164326512879,-0.02676735882447253
2022-06-14,-0.003017669458250668,0.01376231072354835,-0.01269384450520951,-0.008035407203286724
2022-06-15,0.014155542869762946,0.013084812668356031,0.018484558072115933,0.012966509676610984
2022-06-16,-0.033656220764680986,-0.031139412712790266,0.00790798162380956,0.011180446816136464
2022-06-17,0.002153473426491636,0.0037881270815849646,0.003217184620295342,-0.008256810144045654
2022-06-21,0.024861872456414087,0.016004402872283444,-0.01709736339831037,-0.0037437854344901486
2022-06-22,-0.0018144536013783865,-0.018023070783873007,0.02712894204319814,0.003977268335422712
2022-06-23,0.009754785132154727,0.0030266333186359843,0.008181447268468664,-0.006148118298448717
2022-06-24,0.03129884132728644,0.023395801313914145,-0.013939378578817257,-0.0009989609969459391
2022-06-27,-0.003827064394132588,0.0012293169509827605,-0.00856539833317929,-0.0011176944418580068
2022-06-28,-0.020644315920039513,-0.006161546723269286,0.004648692338518819,-0.0016493806069405818
2022-06-29,-0.0008147411369081037,-0.003963125974354347,0.015487924797754089,-0.0007666517068580592
2022-06-30,-0.00815757228302977,-0.004727197358358888,0.008743290379533215,-0.006095587698335223
2022-07-01,0.010520971525647614,-0.0062539243787427395,0.010214458538371983,-0.0008313996785857856
2022-07-05,0.0018868908963137147,-0.007809446582637737,0.007826220859762315,-0.021437799680384485
2022-07-06,0.003371588165323024,-0.006088599018517791,-0.016933568714171978,-0.01596901758740465
2022-07-07,0.01486612954172174,0.019902550025612246,-0.008839175501179576,0.0005548992912700342
2022-07-08,-0.000822877628857367,0.0,-0.011137722462801296,0.00043143823725389326
2022-07-11,-0.01148940557983697,-0.027052554163075674,0.01709746828580887,-0.0053749265251639535
2022-07-12,-0.0088883429999482,-0.00385156588683931,0.005924437577015206,-0.0037236489059839332
2022-07-13,-0.005265536121832775,-0.0023181018001843393,0.011401174511291242,0.004776265963686179
2022-07-14,-0.0024314731524797957,-0.009066368250957666,-0.008192352356687645,-0.014146649261641277
2022-07-15,0.018925018886573382,0.005190811823022672,0.005612500860867526,-0.0020104758163567997
2022-07-18,-0.008291331436973887,0.006964987553504768,-0.010473035643405735,0.000942949789432323
2022-07-19,0.026660614140358908,0.016318839717435325,-0.005409401298548784,0.002384623832616704
2022-07-20,0.006353052852599105,-0.004308925015943367,0.002621021498345104,-0.009446509339211243
2022-07-21,0.010131597706270775,0.011365227863288732,0.01712866308608729,0.01401179660226555
2022-07-22,-0.009321267456029812,-0.010096074276694431,0.016671194853434896,0.0024926409954947677
2022-07-25,0.0012140219794063065,0.00354537987132796,-0.009833034874899898,-0.0027423043036363935
2022-07-26,-0.011901331169838446,-0.007867026348153025,0.0007662504407090927,-0.001186514317386386
2022-07-27,0.025634847843489572,0.01842784428884856,-0.005633763140233249,0.010133467249785824
2022-07-28,0.012464270556393812,0.004243112047964633,0.007929374400594666,0.01211168004371747
2022-07-29,0.014473649860892562,-0.0047435119818647386,-0.0027212837967379496,0.0028071459585694595
2022-08-01,-0.0029658989664577222,-0.008545019454414722,0.023798155927346697,0.005651232868696488
2022-08-02,-0.006619123443123769,-0.00480701396304847,-0.021386470623903985,-0.005955990148902209
2022-08-03,0.015538211694931435,0.00783135888416264,0.015621559414744563,0.002435276067987767
2022-08-04,-0.0006757756999710504,0.007021123760641019,-0.0003350836379487733,0.016404693683584038
2022-08-05,-0.001691711720265894,0.0009989460913975973,-0.024091183078613233,-0.011309781450742627
2022-08-08,-0.0011614339083559884,0.0012473069533529308,0.016012539082643742,0.008434348290836127
2022-08-09,-0.0039787145688569715,-0.003746702272090797,-0.0038943636237764975,0.003054867797077557
2022-08-10,0.020786152971757118,0.012434868260654375,-0.0065529367192008895,-0.0025151110588634198
2022-08-11,0.0,0.003946815813462747,-0.023585453272827198,-0.002641706914863643
2022-08-12,0.01678737924008127,0.010530286924157953,0.01008964099202571,0.009155976822720392
2022-08-15,0.004112202351337802,-0.004639271024281522,-0.000865564143061183,-0.012950528089989187
2022-08-16,0.001957003999263181,-0.0002447801263010177,0.00414905246922016,-0.0017516299628300418
2022-08-17,-0.0071235561598845774,-0.004170250727949321,-0.010492568832546583,-0.006489345947105167
2022-08-18,0.002902419768236066,-0.005670001274423919,0.0014809685638433325,-0.0026198444873023344
2022-08-19,-0.013529269180643887,-0.013690267284094863,-0.01623331990896661,-0.007347552958114958
2022-08-22,-0.021042222337173008,-0.008810643556488173,-0.00336749782831113,-0.00665930336783302
2022-08-23,-0.002422153819946847,0.0052955281077994186,-0.005518534567450397,0.006966551217581505
2022-08-24,0.0031958410394104285,-0.000251343287472971,-0.007345448516777412,0.002944580504679446
2022-08-25,0.01401896188345937,0.021404412992667432,0.013839896077806996,0.0030581063588208724
2022-08-26,-0.03443527603671099,-0.014884928402756284,0.00750957076364637,-0.012227153201929956
2022-08-29,-0.0066340161277537845,-0.006268141302438076,-0.008308038439118927,0.0006180465249853886
2022-08-30,-0.011038667962735432,-0.011891090042402809,0.0024817958316650374,-0.008375556136480044
2022-08-31,-0.0076381824013399624,0.0035567715124037638,-0.009606735912382904,-0.0077553096129762645
2022-09-01,0.0031328667949677984,-0.00789317347681221,-0.01847805741531198,-0.00882902347465035
2022-09-02,-0.010600258671113158,-0.009245193791846405,0.005641280424591564,0.00876617372318804
2022-09-06,-0.0037803913402249447,-0.011938723067807432,-0.0250804485293748,-0.005856578259356107
2022-09-07,0.017805535349557852,0.008838115468452168,0.015691616033493953,0.010117286090114818
2022-09-08,0.006515268650071438,-0.005449657257260052,-0.010310537222660912,-0.006020378897494643
2022-09-09,0.015415662315163343,0.014723428537780348,0.002218391034116233,0.005269846503477033
2022-09-12,0.01069023129383442,0.014762488024430762,-0.008251145153890662,0.005055386193321507
2022-09-13,-0.044456223436060975,-0.031309052509320874,0.002324737847057711,-0.013096728906648173
2022-09-14,0.0038085481601770475,0.0049408768981498855,0.003430371047340221,-0.003855034555311845
2022-09-15,-0.011418238404453452,-0.010692374071185225,-0.0006482751268463643,-0.018855801737618274
2022-09-16,-0.0076580885307467594,-0.009219207460315175,-0.008370358518855635,0.005533767627080334
2022-09-19,0.00772500594155852,0.0031704583061271416,0.0023323282248814696,0.0007697907679810017
2022-09-20,-0.011545014895732102,-0.005554888355953969,-0.010020397726967062,-0.005722932055293624
2022-09-21,-0.017597788268247705,-0.016852015759901216,0.016614246608119856,0.004632228320962459
2022-09-22,-0.00843503019947215,-0.004867632935299561,-0.025880732434528323,-0.0005778441890031698
2022-09-23,-0.016896805681924865,-0.024977257573376047,0.004076683901689743,-0.017427816406674814
2022-09-26,-0.009941949725923535,-0.012304430386250103,-0.019295823478727134,-0.01170141432179742
2022-09-27,-0.0025559018813546344,-0.0011259469592330795,-0.02668422446974718,0.0020477436877313054
2022-09-28,0.019485121654155994,0.008694447802162938,0.032934001742854525,0.020573557832177892
2022-09-29,-0.021110268437741775,-0.02259338351349133,-0.005189065499037768,-0.0001939471718055397
2022-09-30,-0.015584196113024954,-0.00372013993853954,-0.012995021153471713,6.462035224685361e-05
2022-10-03,0.026058569312049702,0.016209798002811443,0.01576455511259221,0.024019005945363412
2022-10-04,0.030516302797854628,0.03219790590467221,-0.00279676346651393,0.014226444596111972
2022-10-05,-0.0023310229347297384,0.0005462904402305502,-0.009607693034734271,-0.005553659432976476
2022-10-06,-0.010369346412702945,-0.006024182707357865,-0.005573593700228818,-0.0011269264553861384
2022-10-07,-0.02829030664944674,-0.02109419548731233,-0.009755294902040398,-0.011023386142689101
2022-10-10,-0.007664556424822958,-0.014124634268604233,-0.01566828172547853,-0.015318203217156916
2022-10-11,-0.0063532849612114905,-0.016059888205311484,0.0044156377659085614,-0.002060212330939929
2022-10-12,-0.0033038611104884816,0.0011554911494393587,0.004894957106666205,0.005335071671709423
2022-10-13,0.026048860060801537,0.002883470389993238,-0.00961239042544185,-0.006947611087114204
2022-10-14,-0.023052296967654876,-0.015085887422800207,-0.0082845456153355,-0.012537160793022467
2022-10-17,0.02537237659479116,0.027106814088679054,-0.004881439092869241,0.0028720806307473926
2022-10-18,0.011681056475791013,0.0002845871746550323,0.002341591365007546,0.002148660090392182
2022-10-19,-0.00711165625131375,-0.018370392145483503,-0.018373348916927695,-0.013488925988338462
2022-10-20,-0.008420758009633402,0.006353026674537629,-0.01724080640189785,-0.0015834633753089122
2022-10-21,0.024010889796625457,0.01514083532788883,-0.01818733439440869,0.01767059741452654
2022-10-24,0.012162097128427515,-0.03873320760096949,-0.008298419040692522,-0.0032488658845126403
2022-10-25,0.015842578468869196,0.008218336480692095,0.02869653605660819,0.002275353560635257
2022-10-26,-0.007562710743422855,0.016236963561146046,0.014304871842894673,0.006343446354353355
2022-10-27,-0.005354385562173221,-0.007795585635124968,0.010416307475600382,-0.0015497241473593686
2022-10-28,0.023512216296990605,-0.006105555923259852,-0.006898003134430198,-0.01026317410117862
2022-10-31,-0.0072495832123032405,-0.002920585269416661,-0.007153714505286662,-0.008194886192774814
2022-11-01,-0.004385441444311125,0.018258965759931616,0.009302348524070723,0.010151726172797497
2022-11-02,-0.02541638956286785,-0.008363473526813202,-0.004349418480052739,-0.006996970202892216
2022-11-03,-0.010350304296679637,0.005775158456337432,-0.005411852356709656,-0.003813297433937162
2022-11-04,0.014290595402827604,0.04145535775863131,-0.016943232432326684,0.0302345832528433
2022-11-07,0.009520043149993095,0.0005524759892080874,-0.010026781270034873,-0.003970260739379374
2022-11-08,0.005380926998416122,0.007152605880847523,0.010875091711879734,0.022836328940686813
2022-11-09,-0.020817201614169313,-0.01742053339583398,0.0032820250632502627,-0.005029894759161607
2022-11-10,0.05349705916652987,0.03562012990640547,0.03775242853802031,0.029990153003992607
2022-11-11,0.009632190254248142,0.026824068326711855,-0.003670887526618195,0.00658459794711783
2022-11-14,-0.008543144554003701,-0.006045569854357393,-0.002454826135017731,0.0021852662272774694
2022-11-15,0.008492826924962983,0.022677923034523116,0.01605077542881867,0.0035106980811025834
2022-11-16,-0.007657815558163016,-0.01610846487253101,0.021632758129443444,-0.0022987420952167376
2022-11-17,-0.00306474456066971,0.0018318323276888741,-0.010608601149967463,-0.007293959961673216
2022-11-18,0.0045301731511976275,-0.005768304099354541,-0.0069007281081466055,-0.006917507382313755
2022-11-21,-0.003642643220090022,-0.012702130282464212,0.004206019891772592,-0.0056056352070885974
2022-11-22,0.013367158206414063,0.0023941657404101097,0.014091835584539116,0.0011730356909015207
2022-11-23,0.0062818993990073815,0.008202152309364332,0.017291702988585,0.006212503317279542
2022-11-25,-0.00022373213023012546,-0.00475427101757235,-0.003395605504546555,0.000858102340972588
2022-11-28,-0.01608562860243851,-0.004511198064244726,0.0028143029353549735,-0.007934893665371402
2022-11-29,-0.0017191059807746998,0.021313747059466176,-0.011795222359222821,0.004928261563008794
2022-11-30,0.031014711167372273,0.028489257286552598,0.007327507087750691,0.012700921015012894
2022-12-01,-0.0007361570964078424,-0.0032951640626561703,0.03144618809407696,0.01821784239630758
2022-12-02,-0.0011542541393606686,0.0038011337988214347,0.01249723018022812,-0.0034616677176241193
2022-12-05,-0.018153346896327714,-0.011446383687256334,-0.014106222295537188,-0.01730780530272015
2022-12-06,-0.01451947387677764,-0.0012796610554163233,0.012798141305902976,0.0027336344458788004
2022-12-07,-0.001702814492145851,-0.0059088924618655924,0.023289112911934286,0.008998493556537802
2022-12-08,0.007803544982837745,0.01203738378865126,-0.0027442303503177655,0.0008413425277820795
2022-12-09,-0.007498235962439802,-0.00664104974009432,-0.026358752039976546,0.0035378943750204003
2022-12-12,0.014314245210952353,-0.0030802365614540717,0.0031922342613158656,-0.008294841833501867
2022-12-13,0.007541404502263704,0.00712578653245244,0.009609477500269446,0.016936889733695327
2022-12-14,-0.006414176485464781,0.0005181496968319772,0.004262259557005447,-0.0024359858905979824
2022-12-15,-0.024765713688220385,-0.023321043996933643,0.0038939351286699907,-0.016494600382901816
2022-12-16,-0.011876393715667231,0.002912228303012831,-0.01123332729498418,0.008671019495160068
2022-12-19,-0.008515893998527493,0.0007925672330490436,-0.01694803115106336,-0.0028218082489996433
2022-12-20,0.001367435865227489,-0.0002641192879619174,-0.017916478499175086,0.016458298941440037
2022-12-21,0.014841775004599118,0.008942763724592493,0.0025100588399087657,-0.0016573862871153066
2022-12-22,-0.014369069751018485,-0.008942763724592418,-0.00019258536291830476,-0.012158980168932585
2022-12-23,0.005736081019285984,-0.001321969850208347,-0.01476894834083981,0.002993835039254722
2022-12-27,-0.003951401343619279,0.014706249714316033,-0.019971007301982584,0.008394677302769623
2022-12-28,-0.012505651599524761,-0.014706249714316045,-0.0059095742644954576,-0.004515989032750605
2022-12-29,0.017840244239236643,0.01652940349562063,0.011287349922857666,0.005582639597805041
2022-12-30,-0.002637517713153173,-0.013887209092512245,-0.011186925932334222,0.004667758029330661
2023-01-03,-0.004218819126372023,0.00840774567709213,0.01890426388281126,0.008335816871946341
2023-01-04,0.0076905270669946355,0.029645123775476057,0.013607119960701488,0.009367889939565922
2023-01-05,-0.011479037095905587,-0.0030526445915809064,0.004172361868130156,-0.01252963086748756
2023-01-06,0.02267302224251842,0.020676457513945562,0.018229185746975646,0.01853466381119925
2023-01-09,-0.0005669023933868007,0.007459123675507565,0.0053101096534599115,0.0022426010679794787
2023-01-10,0.006988344564648943,0.007157826513301225,-0.016688353674353694,0.003669304474491391
2023-01-11,0.012568380150097355,0.004172367129818321,0.016120810453041763,-0.0006870298860052756
2023-01-12,0.0036343537269705665,0.004886141160712885,0.019490748565860316,0.011501603213231942
2023-01-13,0.0038718223371899648,0.006559034456011322,-0.009416514624853786,0.011930333702592914
2023-01-17,-0.0018334330479069896,-0.005584584615801758,-0.006485001639720003,-0.006566591290624395
2023-01-18,-0.01591411018392143,-0.006840871972827967,0.023942774438338456,-0.0028758838411488395
2023-01-19,-0.007306432610171218,0.007571136687235797,-0.006279388405883622,0.015743931377470842
2023-01-20,0.018457687568834456,0.015212266148535712,-0.016344303976563515,-0.0033409804213138158
2023-01-23,0.011927131053695741,0.007163267430057457,-0.0047190423235833915,0.0018946378029897782
2023-01-24,-0.001073840653331656,0.0007135907584471682,0.014277917933703883,0.0036119840879409123
2023-01-25,0.0003747468991240459,0.0009505003092836373,0.0024220002853259253,0.004593393795208086
2023-01-26,0.010930428343608004,0.009456511328958963,-0.0046631189842001744,-0.009096515003608066
2023-01-27,0.002295075247341636,-0.0047172231698050975,-0.0025265287768383334,-0.0013939615756237058
2023-01-30,-0.01262621639804138,-0.020299056639335584,-0.0036620166127576794,-0.002570014931290955
2023-01-31,0.01459632209616094,-0.0021736645834213707,0.007963004933953582,0.0036296165072691286
2023-02-01,0.010571675899479762,0.012255260381807385,0.011949373647921608,0.012518134528387544
2023-02-02,0.01445206801788799,-0.005988686463581873,0.0012935570822501918,-0.0209702840085377
2023-02-03,-0.010686048722100425,-0.01793989612266685,-0.015068738148043733,-0.025274496401227434
2023-02-06,-0.00613016931069181,-0.014785901195056865,-0.007431147686005335,0.002073259184240806
2023-02-07,0.012993929272302246,0.003964440890264915,-0.008058368307446228,0.0009200023760844002
2023-02-08,-0.010994914029783419,-0.0012373528410926733,0.004748130762076316,0.002468544755507998
2023-02-09,-0.008707125977956627,0.004693190158691278,-0.009518413230669867,-0.007943887464013586
2023-02-10,0.0023312060300273306,-0.009657151350025891,-0.011253008367747765,0.0019053779351280687
2023-02-13,0.01167036281844664,0.008177554839888693,0.008379810906874932,-0.005089097798950408
2023-02-14,-0.00046023114411359103,-0.0017290350990615292,-0.0023049359629926697,0.000753454984742333
2023-02-15,0.0032422476690561956,-0.008441003801135603,-0.009368735954383246,-0.010014646847400324
2023-02-16,-0.013864539163298497,0.000249136943509981,-0.014269228350920177,-0.0008195726363130796
2023-02-17,-0.0025013947297460918,-0.011027381981538797,0.007746014656603675,0.002982339072148569
2023-02-21,-0.020264859418918597,-0.012681027481437434,-0.019628310137550547,-0.0037440046605545256
2023-02-22,-0.001379075778169668,-0.004861192500741573,0.009122114881075324,-0.0056423768979153
2023-02-23,0.005305360324906785,0.004861192500741622,0.009724455163901264,-0.0005305918526508475
2023-02-24,-0.010739884251809544,-0.022716537681579517,-0.01308588405382985,-0.0072206822499255125
2023-02-27,0.003400076924572109,0.005208388843528654,0.0027688583323381157,0.003912670406128105
2023-02-28,-0.0037029786750311863,-0.007037736620449461,0.004533063359661956,0.004545621851780495
2023-03-01,-0.003843105199196349,0.0212223054918661,-0.010800928637963532,0.005755555600934512
2023-03-02,0.007747122183346683,0.0035787346374538615,-0.008906872397341592,-0.000585735153896139
2023-03-03,0.01591074572302857,0.008891306238044834,0.023937124493535016,0.010666001055863707
2023-03-06,0.0006924542021813431,-0.0035468955464834713,-0.007783744657994256,-0.0050565936951402655
2023-03-07,-0.01544761366855851,-0.01689343648808895,0.006113668663335603,-0.017635068390636166
2023-03-08,0.0016307747244616476,0.004121817741899602,0.000982584560154887,-0.0004745630282821619
2023-03-09,-0.01862202699528113,-0.022356124762738714,0.0024525868017231975,0.00980112770009771
2023-03-10,-0.014534562183824162,-0.005271429341918835,0.03390492248445963,0.021333667247723984
2023-03-13,-0.001426374142073578,0.0015844136182902168,0.002270472991991799,0.022688861946558777
2023-03-14,0.016394986442090462,0.0005275805041548505,-0.016578136100463717,-0.005807897981361377
2023-03-15,-0.0062739691420760765,-0.017290080680091025,0.019125676747338217,0.007773838437142398
2023-03-16,0.017393032807608486,0.015178086557645853,-0.007853297129751474,0.0020180543660701534
2023-03-17,-0.011761589829891618,-0.006096784459079208,0.014897555009239064,0.028704276731304653
2023-03-20,0.009569521491217238,0.0037153927204514317,-0.00883633744834179,0.0003807952240648717
2023-03-21,0.0130453712921513,0.008966347961233979,-0.0086294495750512,-0.01905552456933767
2023-03-22,-0.017193547532982897,0.003930260144768082,0.013245238746653286,0.016877382247649345
2023-03-23,0.0026996906928519883,0.013764689156296969,0.0,0.012460224063675791
2023-03-24,0.006540631627113907,-0.002582614774110006,0.004220548276739757,-0.011316136891165252
2023-03-27,0.001868176940983886,-0.005445363304233496,-0.023771188066243818,-0.009299831745516636
2023-03-28,-0.0022473620022216353,0.014199217593574549,0.001819436651709575,0.008155744573006158
2023-03-29,0.014430198676311613,0.0028158507185026462,-0.0020113817244762234,-0.0049731154716589265
2023-03-30,0.005838149766230216,0.009919881440840928,0.004590813558782369,0.008998964139577773
2023-03-31,0.01399638543921766,-0.0012661845011973148,0.01486994705532201,-0.0052258772770236855
2023-04-03,0.0038031330551347394,0.0020253757002819507,0.004692053281523248,0.00717858251921089
2023-04-04,-0.005563345333580425,0.0,0.004959306163667714,0.018469345695108493
2023-04-05,-0.002621749594094601,-0.00787112867765625,0.010400609245531604,-0.0007982432900847153
2023-04-06,0.003893199863327592,0.004070230079267955,0.002582917858577219,-0.007159660374899705
2023-04-10,0.0010259076645685896,0.001015000263811202,-0.01625585933751269,-0.007427401530065852
2023-04-11,0.0002686194724859245,0.006068254440528168,0.0020579726753821212,0.00630066529229045
2023-04-12,-0.0040842953017268405,-0.007083254704339474,-0.0010282945026308854,0.0048732452945133
2023-04-13,0.013194936611153988,0.0136160268298648,-0.007889339611632889,0.013425150587981827
2023-04-14,-0.002445639672336632,-0.005273079334090977,-0.00918885801081679,-0.017869017219899228
2023-04-17,0.003581835136150419,0.0042706922640430075,-0.011967301700861343,-0.00446370276447651
2023-04-18,0.0006519894851144944,-0.0012541149225195557,0.003557199556974957,0.0038732698004284223
2023-04-19,-0.00016860494759934457,-0.010090883322829848,-0.0009599530637764984,-0.004789973842758077
2023-04-20,-0.005472325759616864,-0.0015225004797584912,0.00851298857096038,0.003930524556986942
2023-04-21,0.0007767384029077683,-0.00944016579474862,-0.005635556888529077,-0.009936876904451757
2023-04-24,0.0010426297604143769,-0.0023097805130701753,0.009628080521441176,0.0030347260178608367
2023-04-25,-0.016001191717914233,-0.018934411735849494,0.014597357617299939,0.005073426510561733
2023-04-26,-0.004244497680376398,0.005744092646721512,-0.01071529337150579,-0.005452222698837164
2023-04-27,0.019712322349789292,0.013447389123237848,-0.009972166492493816,5.4098929279836664e-05
2023-04-28,0.008499007166065206,0.005124212147853095,0.016002020857647656,0.0002706158931134578
2023-05-01,-0.0010103875479986208,-0.0033278338329689764,-0.02925840694623099,-0.004501468248394752
2023-05-02,-0.01130280939449503,-0.009791441401567675,0.024614075042174697,0.01911282169964576
2023-05-03,-0.006887681884989658,-0.0015545328547715176,0.00556680284822774,0.00844333039400089
2023-05-04,-0.007108118718585318,0.008007240315726154,-0.009927993615219507,0.007008337579460111
2023-05-05,0.018343357428504653,0.013289090864729089,-0.003330888214448934,-0.015771672012865213
2023-05-08,0.0002664232115789891,0.0005076289100920151,-0.014114174814624738,0.0012261535425393925
2023-05-09,-0.00439486004513166,-0.006108411011910082,-0.0035839443136718913,0.007061173494320752
2023-05-10,0.004661442738548644,-0.0005108449234191769,0.009657261856652277,-0.0014294640409972018
2023-05-11,-0.001745447552027435,-0.0035823977348027882,0.010516325763410977,-0.008619799546280105
2023-05-12,-0.001311145686868487,-0.011861950004855272,-0.008404078286819773,-0.001711544099310757
2023-05-15,0.0034440485543825333,0.01825014312126363,-0.010411940756666745,0.0021389727993926496
2023-05-16,-0.006705103336747419,-0.00715738681142467,-0.0030085803600881263,-0.01257816833072297
2023-05-17,0.0120658117583393,0.004607046511845373,-0.0029204100224064435,-0.003467895133703326
2023-05-18,0.009587235925634173,-0.0053769377831021925,-0.007436565968731935,-0.013057794413406836
2023-05-19,-0.0014561812900801081,0.0007698912712570101,-0.007096247767506883,0.009850156652287684
2023-05-22,0.00040619681320240293,0.008175746336810528,-0.0035673982764280712,-0.002344243508491738
2023-05-23,-0.011286383455892815,-0.015643328874653452,0.0028748548963527607,0.0012000108481294142
2023-05-24,-0.00727113204486241,-0.007523660180754981,-0.0049614495586185,-0.008101176111367243
2023-05-25,0.008622627928625268,-0.0020856739842778325,-0.0024897273606029552,-0.00966457904681634
2023-05-26,0.012867434451990869,0.017589778233815915,0.008044447785157604,0.003987606250000357
2023-05-30,0.00038084248781236656,-0.011605617840779084,0.00994180404484484,0.006171471778321201
2023-05-31,-0.0055605591777213486,-0.009382242244064478,0.008679468384247263,0.001537018842589403
2023-06-01,0.00945606166077789,0.017649126144230472,0.003915299408349439,0.007867103377943253
2023-06-02,0.014357554991902981,0.01708998946311733,-0.011018620629653343,-0.014857275420164701
2023-06-05,-0.0019180896470533905,-0.00025299969717842996,-0.0018643746743289215,0.0060023657211361265
2023-06-06,0.0021750686322846123,0.008815167269842663,0.0058766891815701765,0.0010974372841257363
2023-06-07,-0.003463574164404746,-0.004305384481228336,-0.014955153040122607,-0.012083252758880945
2023-06-08,0.006030255740617423,0.00708135828608945,0.011629163277415637,0.013124733073092816
2023-06-09,0.0017927727380282399,0.0045260295848788806,-0.0013726124439160038,-0.002688130119841765
2023-06-12,0.00903082240555067,0.0020049099258733364,0.0029391174494194008,-0.0008792504640156504
2023-06-13,0.006571485831661007,0.009965300515373797,-0.009929816932012222,-0.00739483312084137
2023-06-14,0.0011899985359819978,0.007409266269124129,0.007971365435770626,0.0005537743402144653
2023-06-15,0.012321561826227916,0.00930694379959479,0.009559956243940307,0.007005982383036308
2023-06-16,-0.0034122001073578255,-0.003418904408868648,-0.0038910818073859964,-0.0015404017609150433
2023-06-20,-0.005201551198940793,-0.019763479168564014,0.006896234266018593,-0.010404681043488588
2023-06-21,-0.005136923155296362,-0.004751737349362606,0.002417234158686777,-0.0014474699268161662
2023-06-22,0.003603088284429961,-0.0035157203016733256,-0.01214384642517098,-0.009966480697039254
2023-06-23,-0.007588546663250869,-0.014698787608117358,0.009920366639206275,0.0027534519339434175
2023-06-26,-0.004094187615475518,0.003313421159434343,0.0010640601401801834,0.0017380933759117798
2023-06-27,0.01090366953766956,0.010126662548300053,-0.0026135568220582235,-0.00460411859047838
2023-06-28,0.0005042637112705316,-0.0060636833521509935,0.004255622903688019,-0.002310076023493695
2023-06-29,0.003933612325568528,-0.0053360011291447565,-0.018213688562486403,-0.0010723394318449203
2023-06-30,0.01173157819530492,0.007867005722610586,0.0117260037126577,0.006641221688667137
2023-07-03,0.0011498183986176124,0.011060940559543866,-0.005685111848176224,0.001121247777740352
2023-07-05,-0.0014882268761313637,-0.00601806863519398,-0.009547860494399136,-0.003536277643963551
2023-07-06,-0.00786145032830153,-0.020582544359844152,-0.014244016741847125,-0.002984649764026069
2023-07-07,-0.002527908558196997,0.011233093595131645,-0.006037522904890451,0.007473004815488796
2023-07-10,0.002527908558197024,0.0007613760058578662,0.0013114988395005428,0.0007833887164984092
2023-07-11,0.006348297543414488,0.010095990679769018,0.005127382192020927,0.003740607755698653
2023-07-12,0.008013736021713177,0.022104500511699775,0.011069767654227389,0.013450555215707776
2023-07-13,0.007905609561008093,0.012934937686171806,0.010457732275707104,0.0007144446386035077
2023-07-14,-0.0006230257344811731,-0.00559286494334619,-0.005906180522813896,-0.0031917364290746223
2023-07-17,0.003466140571585066,0.0012185211535219482,0.0004937428733717652,0.0007163001287566721
2023-07-18,0.007403005178267041,-0.007333298847927052,0.00452878206064021,0.011391151915954547
2023-07-19,0.0022213069046752376,-0.0019645359989942865,0.011233405580676127,0.00016334311378929522
2023-07-20,-0.006656488316472831,-0.007402054765760242,-0.012216669936463316,-0.005076251540707524
2023-07-21,0.0,-0.0014867861975682605,0.00029535175990905773,-0.003069238517008006
2023-07-24,0.004457233189162964,0.013548514701395111,-0.003643457548778105,-0.0042906650791519445
2023-07-25,0.00272635743351208,0.008284742152597375,-0.0018766905765127953,0.0055524167407640206
2023-07-26,0.0001538592594539361,0.005806932508280237,0.0009880724169482446,0.0048672507195615744
2023-07-27,-0.0066522212467085,-0.012380343163927504,-0.019644610963207607,-0.015836715414990758
2023-07-28,0.009742839429551332,0.02389391824348534,0.005122747555335154,0.007949707574281263
2023-07-31,0.0019022097510292574,0.00047696863436129004,0.0024017454141726335,0.002690787072192315
2023-08-01,-0.0028655746690278722,-0.01271461806581706,-0.01652276376526367,-0.010418766955581948
2023-08-02,-0.014008642777009752,-0.024191909074700414,-0.010756422201596843,-0.004776993918500052
2023-08-03,-0.0028699204609922793,0.003949846238071778,-0.023341624846076332,-0.00033420291832367705
2023-08-04,-0.00453292624065431,-0.0012327398288515025,0.017557008613277553,0.003613876354074006
2023-08-07,0.008690605158160237,-0.0014810146125986386,-0.009890244750111398,-0.002277988932518744
2023-08-08,-0.0043582512851142,-0.012178543757808543,0.01154638415186501,-0.006361270240024672
2023-08-09,-0.006707618100624635,0.002497400476755809,0.005157872068739032,-0.00476956334967285
2023-08-10,0.00035888148423507605,0.0014956144172505953,-0.016599749881094084,-0.0010691758408616784
2023-08-11,-0.0005832478336693685,-0.014803975311555488,-0.002304007743773158,0.0
2023-08-14,0.005504781380903311,-0.004814450578426459,-0.0022044401374691366,-0.003045220530389694
2023-08-15,-0.011717244824460037,-0.011495893415790152,-0.006113587313641308,-0.0026580037072091345
2023-08-16,-0.007365192144689206,-0.009033321836684477,-0.007855041286198721,-0.005792775189194925
2023-08-17,-0.007649020203609237,0.0023304363935139033,-0.004271583155774478,-0.0015390561619561794
2023-08-18,0.000481034827827021,-0.006747799049527045,0.003525333118968135,0.0001711135895520659
2023-08-21,0.006485447337367256,0.002341059159173998,-0.01341971164781857,0.00273392964256731
2023-08-22,-0.002712321293083461,-0.0020807296174379228,0.007644538509402268,0.0016481975934526548
2023-08-23,0.011076107363861547,0.015756640394849083,0.024475229397662033,0.010113328144583607
2023-08-24,-0.01395597988681532,-0.003851639937897123,-0.006615397639937988,-0.0002248455933195227
2023-08-25,0.0070250291097934394,0.0010284366820495368,0.0032605818583167803,-0.0012941233726573686
2023-08-28,0.006321289271501626,0.009718844738345576,0.00104960071259561,0.002867238875764686
2023-08-29,0.014351462076071143,0.012645582395394065,0.01033267806834377,0.00972069237763269
2023-08-30,0.004110238304144395,-0.003272653317828799,-0.001039073584359042,0.002498750315822613
2023-08-31,-0.0014645253146765747,-0.012431916958783217,0.004459531888023758,-0.001665111347163996
2023-09-01,0.0018634802206241407,0.011675252881721193,-0.015701028280136902,0.0004997991755412262
2023-09-05,-0.004331309688020267,-0.008107359480164245,-0.014121460851962003,-0.008195174622491511
2023-09-06,-0.006745026725094656,-0.005612360103190185,0.0024562438403732093,-0.004544556063018457
2023-09-07,-0.0030749951638414873,-0.011837496297882395,0.0027693700392852363,0.0010678794784509471
2023-09-08,0.001505029278217109,0.002068786712092651,0.003822083383084725,0.0003369702787594387
2023-09-11,0.00655509360705635,0.012323536527935842,-0.007231432567224238,0.0018513951035425602
2023-09-12,-0.005500737244207287,-0.003066597386470171,0.005746938498409405,-0.005169992663578624
2023-09-13,0.0011653379483298786,-0.0012804164553229316,-0.00021213372247717193,-0.002312682045193072
2023-09-14,0.008585297413421967,0.0066409359256711705,-0.007244214407699134,0.0005080950731221542
2023-09-15,-0.012121466622412626,-0.003825993194786965,-0.006113272980144058,0.00658210689497754
2023-09-18,0.0005863863690219743,-0.001278556167800472,0.005685601003704279,0.00587038313631886
2023-09-19,-0.0020760468943669466,-0.005902799111971992,-0.007407616301884411,-0.0009480950413542692
2023-09-20,-0.009235913718130824,-0.004126905715036113,0.0031197027367946923,0.0007251297423292754
2023-09-21,-0.01666635401054136,-0.017468767840959604,-0.02600921890379384,-0.0072748111459232075
2023-09-22,-0.0022510941015016672,0.01176631920617448,0.008016071030687692,0.0031961900557462815
2023-09-25,0.004196266648327733,-0.004428764782175815,-0.02491660453858567,-0.005163898932470834
2023-09-26,-0.014800293509369329,-0.014199761657753255,-0.0034822582896390456,-0.008023084937964609
2023-09-27,0.00039913270472544994,0.001587829036632077,-0.0051895160873502415,-0.012443751217319037
2023-09-28,0.005780761159216433,0.002640720219889479,0.0030491915246127583,-0.005009715204337903
2023-09-29,-0.002429975572948729,0.0007907722453063308,0.00011316949132550658,-0.010328505518099336
2023-10-02,-0.0003977972691960831,-0.005019321501827957,-0.0168822151583407,-0.0105542058560987
2023-10-03,-0.013476436366882926,-0.013329970309985428,-0.021746116027107715,-0.002892421000056923
2023-10-04,0.007255708220654778,-0.002956318433627043,0.014008880875867071,-0.00011826350756014561
2023-10-05,-0.0003769276570075328,0.0037613110493407726,-0.004997389286416386,-0.0018344684108627424
2023-10-06,0.011802897125147479,0.014377235873139247,-0.012190973833831035,0.005139851922273756
2023-10-09,0.0063818314305041516,-0.004769373310851779,0.023198645508226177,0.018218478536943455
2023-10-10,0.005191294896654101,0.014240630317442363,-0.0013835354233464217,-0.0016795054754092334
2023-10-11,0.004087797998823344,0.006264593615564726,0.020670776040339324,0.007276507826110017
2023-10-12,-0.006114965337077675,-0.011251971304549137,-0.027502553619049706,-0.0030543103873241243
2023-10-13,-0.004993372913586674,-0.003691226478276948,0.017734395857550305,0.03164231938177581
2023-10-16,0.01046649174341024,0.00736855730381402,-0.01622511344633729,-0.004876800474351656
2023-10-17,-4.592384037330002e-05,-0.002625360809525431,-0.01108214944328335,0.0018525567250013085
2023-10-18,-0.01341465486220435,-0.015364639511806704,-0.008836354868171633,0.014367113783494704
2023-10-19,-0.008825168820850613,-0.005890241393201458,-0.02068609114880021,0.012199301049654077
2023-10-20,-0.012364274029204661,-0.012157321205755172,0.005662444204673766,0.0027271753020748097
2023-10-23,-0.0017346151561353626,-0.000815826570007311,0.011941933013029555,-0.0033827788768209456
2023-10-24,0.007511207965012094,0.01270452866028817,0.01309055861876342,-0.00010933686369138149
2023-10-25,-0.01445631354679231,-0.013248746059009038,-0.022512977234133934,0.004199991317574014
2023-10-26,-0.01204672991882489,-0.004911218987396975,0.015222308076958653,0.00157720800379265
2023-10-27,-0.004543147659717583,-0.0008210725908203673,-0.004257845376415079,0.011562693424814757
2023-10-30,0.01188483482521086,0.01034878149117278,-0.004514260530232572,-0.0056565149769635704
2023-10-31,0.006260603846441421,-0.00570570297742462,-0.004893570988219948,-0.005471503988171267
2023-11-01,0.010608375825366704,0.009221648600900623,0.02145050944459238,-0.0031556165767174377
2023-11-02,0.018982863862072034,0.01739633204465911,0.02254071619645557,0.0033185604405963163
2023-11-03,0.009082105529060878,0.02022397396140358,0.006755673757842314,0.0036323164276059108
2023-11-06,0.002297803556915171,0.008027953874080994,-0.009746972215868144,-0.00782308105070571
2023-11-07,0.0028420611716656165,-0.0018072032602715173,0.014641772276042771,-0.004153745714032089
2023-11-08,0.0007320631096917183,-0.006740906341523309,0.016890694925212578,-0.010017653470627112
2023-11-09,-0.007829304245654627,-0.00940936816459942,-0.023270004337758676,0.003975057413790778
2023-11-10,0.015484319530637641,0.00706526022916568,0.005584202328151771,-0.010969699953245399
2023-11-13,-0.0009536873317791092,-0.00026073688984224,-0.0022753488549795585,0.005555261386915847
2023-11-14,0.019214977140837083,0.026256318037123857,0.02241447443326909,0.008879636186604733
2023-11-15,0.0021148808133026977,0.008349138099537233,-0.014133750520136972,-0.0026390807860946154
2023-11-16,0.0012223524263700366,-0.009620218217683644,0.01235016410252994,0.011222864579353571
2023-11-17,0.0012430704381268395,0.001271080118146381,0.004675453651027082,-0.00010890827769753537
2023-11-20,0.0076681354847308505,0.012372274273080375,0.006089945941643607,-0.0016347162383040547
2023-11-21,-0.002181816347617833,-0.006293334886664573,-0.0004417541421242626,0.010740019593542038
2023-11-22,0.00385334249938516,-0.0020221412062350593,0.003527738486544953,-0.004271361889171939
2023-11-24,0.0006151509169234858,0.0005059445498059814,-0.011844859572575585,0.005188115339681599
2023-11-27,-0.001802528657874383,-0.004054742018606934,0.016565637867004546,0.006715220224108336
2023-11-28,0.0009894639865517024,0.008344915451880954,0.001969732119446853,0.013243765854618068
2023-11-29,-0.0007033951357944294,-0.00580887890779768,0.0124924585143253,0.0014783465644929395
2023-11-30,0.003929551090596817,0.002024394173882809,-0.011618678810528391,-0.004176660491012712
2023-12-01,0.005898408985175723,0.0042880091330860575,0.018659194212694484,0.0171240372669512
2023-12-04,-0.005263194110202455,-0.011391131757744028,-0.0039869558334360835,-0.021850417580745678
2023-12-05,-0.0001969830979772495,-0.006128718751939042,0.021258136640070525,-0.003786606077863042
2023-12-06,-0.0040380394094449,-0.0012814010789410774,0.013229959114337593,0.003680115406357525
2023-12-07,0.007601585633014233,0.004861050185191951,-0.0057534258118102435,0.001648967455985853
2023-12-08,0.004289841273468551,-0.004348334490587389,-0.008216748186936303,-0.013430173514668298
2023-12-11,0.0038821166121429077,0.0058786597447344794,-0.0021182191807849558,-0.011104320560253362
2023-12-12,0.004556799751689075,0.0002548612935887031,0.002963929475367499,-0.0005447904909059331
2023-12-13,0.013695822935358279,0.009887104361736943,0.023191207391549045,0.02231176448891427
2023-12-14,0.003204277084994864,0.014525870144665083,0.02568058996193007,0.005845435089187853
2023-12-15,-0.0016478570576882864,-0.005985254906259194,0.001110058339368846,-0.009208782757507668
2023-12-18,0.00560930337684178,-0.0005003750367806604,-0.007999468812442494,0.004535187656823467
2023-12-19,0.00606251943786412,0.00847261200634329,0.005373876949635498,0.006790830606181505
2023-12-20,-0.013954223435492321,-0.018165618682910185,0.006752175133544148,-0.005460866362358439
2023-12-21,0.00943721860601882,0.01862063014137652,-0.006347677210321539,0.007045755720440373
2023-12-22,0.0020077231427065734,-0.004813168760651707,-0.00455944039107592,0.004424614031362936
2023-12-26,0.00421358597133709,0.00784109748248388,0.0028394712603664733,0.007591842151508473
2023-12-27,0.0018063713058118712,0.00577821128360986,0.017564414904005315,0.0045275772625212145
2023-12-28,0.0003777232544097465,0.0077355396743619045,-0.007289459105792644,-0.005832413160524644
2023-12-29,-0.00289917915885732,-0.0004971851556146633,-0.009060698759051983,-0.001568069797763166
2024-01-02,-0.005612037323891652,-0.011757545892704521,-0.005781564226251067,-0.0023566846852945507
2024-01-03,-0.008200122897048237,-0.00555138090151196,0.0041619415445172765,-0.008371755159892112
2024-01-04,-0.0032263584177772424,-0.003294924291498508,-0.015310846864933558,0.0010041086074332737
2024-01-05,0.0013686345075346368,0.0012686027039713545,-0.009611998388808529,0.00015844285681933427
2024-01-08,0.01417508302444404,0.0027850716462511265,0.00981752461055696,-0.00784697829301582
2024-01-09,-0.0015182797494997166,-0.014260339597275516,-0.0063962867457268684,0.0003193058065587502
2024-01-10,0.005639558276374242,-0.0023109404491062913,-0.004668439881965182,-0.0022906686849215973
2024-01-11,-0.0004407563666352606,0.004104630911318423,0.0055995007433318564,0.001971362878362661
2024-01-12,0.0006925393510344002,0.0035777577070207605,-0.0019667658109774147,0.009746417465784744
2024-01-16,-0.0036780354700166754,-0.024533223606832615,-0.01776981681770713,-0.009533481464917172
2024-01-17,-0.005574245992172908,-0.015014070014930726,-0.0015829471168642207,-0.011077075533253638
2024-01-18,0.00885349159103606,0.008193628291452313,-0.009339111958786778,0.0081991767942437
2024-01-19,0.012389168003404982,0.010473930045223623,0.0031933861614805866,0.0029842685447011067
2024-01-22,0.0021120516821113732,-0.008895961263278228,0.005934173080397703,-0.003785111631635069
2024-01-23,0.0029122636446194446,0.008635536792848385,-0.00795540056190009,0.0038915513093621982
2024-01-24,0.001092637379179583,0.011141374799607563,-0.005874490911979909,-0.008281084265806402
2024-01-25,0.005424018690144202,0.001287549228341613,0.006513181593540203,0.003962127078988696
2024-01-26,-0.0012710901709971202,0.0007715288352390817,-0.0019174774030568363,-0.0006949345993064864
2024-01-29,0.007888159017031186,0.0005142619362127935,0.011450543903806181,0.007033690942252051
2024-01-30,-0.0007738463943895246,-0.007999015852380897,0.00902480031138489,0.0013795741766668092
2024-01-31,-0.016451764740123897,-0.0054552744765905435,0.00977260161635237,-0.0007426235867567754
2024-02-01,0.013003274959375977,0.009591741180361744,0.01942633833269069,0.010346957700093572
2024-02-02,0.010472204602632276,-0.0028419171970271227,-0.022336447605336117,-0.009498266920115546
2024-02-05,-0.003647745650281179,0.0012926690882754455,-0.020400298025132928,-0.005529246178959096
2024-02-06,0.0028990359876992547,0.022484510565297895,0.009726531930365783,0.0052110917695982265
2024-02-07,0.008305867332646566,0.0012624156920465531,-0.00485179665350557,-0.0002652330017039186
2024-02-08,0.00044146220751951,-0.005566832745798507,-0.005831394361961767,-0.0009022539588233346
2024-02-09,0.005762825195324282,0.004304417053751952,-0.0020226340746324995,-0.003883683822386861
2024-02-12,-0.0004390500819153809,0.007801630150341634,0.0011716907675210794,-0.0026153866387210066
2024-02-13,-0.013868690259843301,-0.01898074371282745,-0.01728347989810327,-0.01388463719494907
2024-02-14,0.009046563285581432,0.014206278396196278,0.005076311028202218,-0.0005962900909107332
2024-02-15,0.006876105436019894,0.004774465316631111,0.005157968085659685,0.00670130851432818
2024-02-16,-0.004992423374404816,0.00475177807413127,-0.005804611472027398,0.0036558786728406838
2024-02-20,-0.005520695836548124,0.001495945519401286,0.0008620377874633273,0.006045896751115412
2024-02-21,0.0009056066487369395,0.0017424460678400748,-0.007134363355440445,5.331114505738622e-05
2024-02-22,0.02048410676743146,0.010144739484002931,0.004869904571532007,0.0004266309391015458
2024-02-23,0.0006894399534164746,-0.0004925089489926821,0.013297842514845504,0.005635602023986148
2024-02-26,-0.003669338440078326,-0.0044434311715018755,-0.0029871974837307495,-0.002229172292928307
2024-02-27,0.001856084955042757,0.001977340135953596,-0.007076986474108808,-0.0010632481058260926
2024-02-28,-0.0013224590947657554,-0.013172823554906747,0.006328723170132482,0.001806857807827473
2024-02-29,0.0035885126838880936,0.0005003698849316378,0.007032585702277612,0.0051370494877010335
2024-03-01,0.009344479659008196,0.012178583883981915,0.006211556301411335,0.018734204946424127
2024-03-04,-0.0010730313170312933,-0.002225982079375681,-0.004030477532079049,0.016045575240364
2024-03-05,-0.010044495658969475,-0.008952912305925858,0.014141312870349624,0.006002093012312608
2024-03-06,0.005054544343641684,0.014385140001972316,0.005850915314253612,0.008181839163568716
2024-03-07,0.009877468537032736,0.006137292964483828,-0.000938326510496752,0.005667751261581818
2024-03-08,-0.006020281656443549,-0.00097937257760225,-0.0017740886524071017,0.008417025116951235
2024-03-11,-0.0008602291344054963,0.00220226545000389,-0.0005225607420229174,0.0018333385345244608
2024-03-12,0.010699918958305637,0.010939740127197277,-0.00839611097871443,-0.011000916093968595
2024-03-13,-0.0015687361746324097,-0.0031480135543190935,-0.004860196008815812,0.006982966028737541
2024-03-14,-0.00197880382382427,-0.005106497717689921,-0.015475811230676043,-0.004183879789555109
2024-03-15,-0.006890161179735775,-0.006113281163258854,-0.00032277594822322214,-0.003199519647615261
2024-03-18,0.005925499027260543,0.0017154461226159975,-0.0030175497381561994,0.0016010012977577042
2024-03-19,0.005541688705201126,-0.004909088994237669,0.0028023380102477633,-0.0011504677080451668
2024-03-20,0.009206763523735782,0.011255272250497125,-0.000323040098522445,0.011841472011166752
2024-03-21,0.003299320014365164,0.0012159507250901703,0.0021510005004219544,-0.0010391759354036452
2024-03-22,-0.0018976499768493791,-0.007072420668296643,0.009515003693592405,-0.008053310017860683
2024-03-25,-0.0027665749729333636,0.000733876033924599,-0.005013652527623543,0.0031893153617754324
2024-03-26,-0.0018487450962024043,-0.0007338760339246993,0.00277654155211034,0.0032287432792988957
2024-03-27,0.00836884517893104,0.0017116706902905036,0.00986924224352879,0.007214572450621008
2024-03-28,-0.00019128338811705167,0.0036581409952448686,-0.0008452029382739086,0.01281752820240996
2024-04-01,-0.0017412787581364028,0.0017026089827614165,-0.018817054090839475,0.01015632882706488
2024-04-02,-0.006378441037951427,0.0031541239221034496,-0.0055257286523352975,0.014664311961913869
2024-04-03,0.0010978210371850262,0.0007264119739648817,-0.0002172365967058963,0.008734121015036823
2024-04-04,-0.0122810068009817,-0.0036376396974243243,0.007146626750225053,-0.005751211782367559
2024-04-05,0.01039269025677078,0.0021841907180177307,-0.014016596565176754,0.01696939930469014
2024-04-08,0.0005592279797821865,0.006524093075117989,-0.00010956816868776114,0.006209168519561672
2024-04-09,0.001156043938918036,0.006721077532339909,0.009259261238534593,0.005482001328254476
2024-04-10,-0.010063667535723452,-0.013730058747136445,-0.022034354304212918,-0.009508923035404604
2024-04-11,0.007518532040234955,0.0060451841559907675,-0.004555372475262427,0.01924683287449554
2024-04-12,-0.013899070903168567,-0.023169075394711715,0.005330560811696843,-0.013327746093360097
2024-04-15,-0.012607423889442368,-0.006435523332750396,-0.015627110310253087,0.01854610800435578
2024-04-16,-0.0018253519772308193,-0.01324855906113619,-0.006659052121106361,0.0012212692273934644
2024-04-17,-0.005935822329561808,-0.0007552217141009655,0.011036997817240315,-0.007395532411290297
2024-04-18,-0.0020599092446938207,0.004021173982178277,-0.005053187465542167,0.0034096367107846366
2024-04-19,-0.008766562247691087,-0.004021173982178387,0.003596032100362069,0.0031266420969041134
2024-04-22,0.00916693564706046,0.010770321538965425,-0.0016838889510815017,-0.025012716627157542
2024-04-23,0.011796814660410418,0.00818763997165932,0.00033689186259231173,-0.0024616906480957905
2024-04-24,-0.00047484366808513747,0.0034533214263201997,-0.007101420069782331,-0.0018618228395408355
2024-04-25,-0.0038061433600497492,0.002213837877227464,-0.007038327417369937,0.005945756955740473
2024-04-26,0.009429351780170169,0.01148170633055713,0.005226862713893575,0.0032366836371748075
2024-04-29,0.0035352962247648307,0.009668911218743687,0.008351147089038485,-0.002033283758808563
2024-04-30,-0.015968214383781848,-0.014050687696526754,-0.008577929698573955,-0.02013850411793736
2024-05-01,-0.0032523098381237957,0.0009753128804366796,0.007343952961375078,0.009021337418355644
2024-05-02,0.009309871920648747,0.02550691041465349,0.004281647281471288,-0.003091862325121168
2024-05-03,0.01231916583607324,0.008987735987343056,0.010068410400082427,-0.0007979449099420573
2024-05-06,0.010273958611095734,0.00094134090357148,0.0038880985000557316,0.010463427933373832
2024-05-07,0.0011027633674508008,-0.005661856485531471,0.006079764788305233,-0.00461094049941965
2024-05-08,9.659186667725527e-05,0.0002366503679763476,-0.006079764788305144,-0.0029453952906236033
2024-05-09,0.005745331748304115,0.0030699544876099973,0.004866967834816098,0.01565541986116323
2024-05-10,0.0012873949696497603,0.0021199759346837606,-0.0056431754280606376,0.008079783894319735
2024-05-13,0.00013419341167694447,0.007501220991082538,0.0025488231322791603,-0.011265319955387511
2024-05-14,0.004577880124050738,0.005356971994364134,0.0056289424604701425,0.008426442720749588
2024-05-15,0.012306805293928066,0.010628521716513295,0.013555077905335965,0.012757032448187955
2024-05-16,-0.002059664345543783,0.00206625135357443,-0.0009776936563148594,-0.003900942141432421
2024-05-17,0.0014364832035496022,0.0043484102836347195,-0.006761201129009666,0.016363162829441925
2024-05-20,0.001151382748188333,-0.0036605463765199396,-0.0029589793764058436,0.004015863208074463
2024-05-21,0.002449649375212975,-0.006207506476485262,0.005145110638515823,-0.0014706294501547247
2024-05-22,-0.0028834455866350367,-0.003234040802860652,0.0012001835215990685,-0.018544867564565665
2024-05-23,-0.007331317187883766,-0.00743144557906381,-0.006454803348466415,-0.02014614803918644
2024-05-24,0.006594836731853365,0.0027931284542584735,0.0029589377612844634,0.0009266841017383871
2024-05-28,0.0006987193676004976,-0.0013956355883933493,-0.014439531817070368,0.01045829379441463
2024-05-29,-0.007027205122289881,-0.01500959664380688,-0.012175206587250546,-0.009347362870368763
2024-05-30,-0.006655685408964121,-0.0028395835309388173,0.009618449588221797,0.0018949634848045166
2024-05-31,0.009066491626549314,-0.00976314764428906,0.0067668668841989014,-0.005881436093592545
2024-06-03,0.0008153029005471729,0.010473634047487239,0.016044918181777564,0.008878251926791354
2024-06-04,0.0011172358120410402,-0.014069512413954975,0.011613679243632114,-0.00901759641821021
2024-06-05,0.01181497596193171,0.015962182886055522,0.007311039731400918,0.011775993219294973
2024-06-06,-1.8592521562115075e-05,0.004951095301151893,-0.0015006461850668412,0.0073641743967564136
2024-06-07,-0.0012163976943494067,-0.011352981775060424,-0.018516153353547345,-0.036335512840658196
2024-06-10,0.0030849122809887618,0.005929054581326696,-0.00668869481470521,0.009126408480625946
2024-06-11,0.0024054409931384382,-0.003338875008440279,0.010288813406797045,0.0028525382508942246
2024-06-12,0.008179651371035938,0.009983459696945814,0.0074856933365302575,0.002658183908153708
2024-06-13,0.0020112774649625373,-0.002367926874105259,0.014592641672414404,-0.008183543017197694
2024-06-14,0.00060813571757503,0.0011845232112379228,0.008379740717944593,0.012876289526632455
2024-06-17,0.007927375662002814,0.006373357856396131,-0.009978881235037694,-0.005205175700450875
2024-06-18,0.0025377113499828155,0.00913459016843999,0.009133125466393093,0.0039992641040523845
2024-06-20,-0.0027205701860997084,-0.001633402453265982,-0.00668218988277299,0.012407060942233438
2024-06-21,-0.0013413770682095454,-0.0035092379491338515,0.0,-0.015614512577113812
2024-06-24,-0.0032558070453931596,0.0,0.0040359273198079994,0.0039497558204108826
2024-06-25,0.003843452839589687,-0.0023462588995024907,0.0016949213314624912,-0.004974590412272679
2024-06-26,0.0012472591725555641,-0.002116452928668806,-0.014388819058992168,-0.009271011435783051
2024-06-27,0.0015751679490797151,0.0007060132859592933,0.003964182130220464,0.011273144249924162
2024-06-28,-0.003942753597241965,0.0018802066464524252,-0.018781182291647148,9.297215668029186e-05
2024-07-01,0.0020557738218435744,0.0023450651945384204,-0.01740940631256761,0.0026012036358740546
2024-07-02,0.006707310307836776,0.003040664650354937,0.007755168249490919,-4.643502198142268e-05
2024-07-03,0.0044527036595634105,0.014605636686242643,0.013048130728177372,0.01120993363706169
2024-07-05,0.005749795516621325,0.004134050467455385,0.0082446882652359,0.013396660734694752
2024-07-08,0.0011534995477815878,0.00022915901518939433,0.0021582208415596234,-0.012479622087256387
2024-07-09,0.0009717828716355293,0.004116270344235508,-0.004429785356851655,0.00169431118809057
2024-07-10,0.009846668354302415,0.005688847916610748,0.0031352687392973044,0.003653653384415314
2024-07-11,-0.008659891247896309,0.005882438900315543,0.00966840566108085,0.017578001160184497
2024-07-12,0.006287734733728249,0.0040521511167467715,0.004267068955385429,-0.0006272936376368344
2024-07-15,0.0027461235926625168,-0.010615603194727492,-0.011563279404111448,0.0032219172131206842
2024-07-16,0.005912678823870346,0.0056606899943409785,0.014008567224692813,0.01972987782004887
2024-07-17,-0.014120289404583713,-0.016390103251428603,0.0002123475860745407,-0.0046540195707980275
2024-07-18,-0.00771449355674057,-0.00945472994976678,-0.007673418997993387,-0.006401633154546632
2024-07-19,-0.0066628645941847215,-0.009778813226392895,-0.005901606234043672,-0.018100662230646155
2024-07-22,0.010257253083666889,0.008387575550440925,-0.002910017650511766,0.0003156824791686295
2024-07-23,-0.0015698653017631335,-0.00885569349663178,-0.0014041721233422678,0.003510507096461622
2024-07-24,-0.02292310658503702,-0.014619445790686547,-0.010867250141981484,-0.0035105070964615765
2024-07-25,-0.005224128709654965,-0.004046201673229336,0.008161489145558996,-0.015768400613655725
2024-07-26,0.011137459437553917,0.010203053894572663,0.007772917165641727,0.010479424389843233
2024-07-29,0.0005874925144674297,-0.0033105460193928442,0.005362488869348526,-0.0014060442276131696
2024-07-30,-0.005079342212160226,-0.0045103847390771815,0.0038431609547024074,0.009935936183544776
2024-07-31,0.01612412224025559,0.02165300198808948,0.010177092868072295,0.017948680176279857
2024-08-01,-0.0142623646585165,-0.01761640799032526,0.008587990492412712,-0.003448883709883457
2024-08-02,-0.018793893036102658,-0.014320075952065086,0.030685739510864132,-0.0019064443892985788
2024-08-05,-0.029556036517058074,-0.028775533589908083,0.005277173443877979,-0.01277316576262444
2024-08-06,0.009177105145005585,0.005674247305225613,-0.022622378547694787,-0.008032891286850252
2024-08-07,-0.006706314732075026,0.006131220125421759,-0.0070647890229343065,-0.0006798590470787476
2024-08-08,0.022854274784347792,0.02248370875150984,-0.006170621140463302,0.01556622880577821
2024-08-09,0.004399824364826987,0.005483408958890053,0.009812923089427723,0.002452251987911254
2024-08-12,0.0005253201136751975,0.003323024400925904,0.0036295967337164723,0.01699935451192235
2024-08-13,0.016311777161781584,0.011075815508284707,0.006911124155845721,-0.0015335341694870399
2024-08-14,0.0031498706634310713,-0.005404807717200932,0.006250987995034198,-0.008189191333501105
2024-08-15,0.016994895893336456,0.011013618460051824,-0.008103065056150344,0.0031339290416113642
2024-08-16,0.0022395823466458136,0.011585009625123615,0.00349534233558221,0.0221408117352879
2024-08-19,0.009515950300571948,0.009628699588953328,0.004607722720568031,-0.0016393656726291592
2024-08-20,-0.0016273260564742046,-0.007787438614523454,0.007936555599408921,0.003663270802502215
2024-08-21,0.003430549994761013,0.0039011633245775537,0.0006079418277127114,-0.0013345079227065216
2024-08-22,-0.007879316198772308,-0.012445444652485904,-0.009975677254553136,-0.012047289256477975
2024-08-23,0.010569256361582144,0.01655983338948506,0.006526084301764589,0.011487194343258993
2024-08-26,-0.002386514518325451,-0.008475595262583832,-0.0025442495692198325,0.0031842629268953445
2024-08-27,0.0013719345737819868,0.0013793126419840381,-0.0017339733684552708,0.00270301522962425
2024-08-28,-0.005822054624054497,-0.006221990354711558,-0.0012254413934047615,-0.007051666972008083
2024-08-29,8.929497271897521e-05,0.00046218413764714014,-0.003275514994225356,0.005164620716356872
2024-08-30,0.009500823223605135,0.002077372411143456,-0.01072088233556313,-0.0071515197828322195
2024-09-03,-0.020793581477993327,-0.020028615519672263,0.016223096467703337,-0.00433295027353233
2024-09-04,-0.0020489743853403975,-0.00023525122382820325,0.012807689303149563,0.0006077417877377091
2024-09-05,-0.0024352279710155326,0.0014107712554239098,0.0056399266709830686,0.008297784905920138
2024-09-06,-0.01697328104557086,-0.01849721245526605,-0.00010039319574115995,-0.007430165851405754
2024-09-09,0.01113398651894169,0.008342537864751365,0.004309643656942405,0.004197056104325384
2024-09-10,0.004346212941568779,-0.003805130306036446,0.006976473163036257,0.004394427867847918
2024-09-11,0.010206681706174558,0.007359079447598566,-0.0007948967022218617,-0.0015918222264343484
2024-09-12,0.008388007445118225,0.00824419135521895,-0.004682544527567496,0.01741476344611925
2024-09-13,0.00520914737236218,0.004680443920972021,0.0026926569789644857,0.009894570827460453
2024-09-16,0.0014757016664165748,0.0032634728824249273,0.009120906548292916,-8.375168155570817e-05
2024-09-17,0.00040870701479295187,0.0011628508348194078,-0.004847749123972138,-0.005546263478781612
2024-09-18,-0.0029702475783927105,-0.0034928950572214314,-0.012473175286673634,-0.007740344731775493
2024-09-19,0.016920307923775156,0.021004920812425953,-0.0033190510608981857,0.015421236419487627
2024-09-20,-0.0017300224972761856,-0.0020579886416687513,-0.003835752454139156,0.012630557682531525
2024-09-23,0.002495707790257474,0.007752019636160487,-0.0021259531405076796,0.00193852671610104
2024-09-24,0.002857246549837139,0.03350019533489825,-0.0002027116212149885,0.013872405171650835
2024-09-25,-0.0022079972930059673,-0.010598482801480333,-0.008346924693739806,-0.0013827232563758825
2024-09-26,0.003956909205468846,0.03597119676569564,0.002348076433795597,0.005073989582052931
2024-09-27,-0.0014514158032163835,-0.0019289296158794959,0.005187507074041216,-0.00796748708764577
2024-09-30,0.003999221306372743,-0.016221901126709348,-0.004779434484345846,-0.008031540905021974
2024-10-01,-0.008998800666687687,0.007170101363447219,0.0071938201795609495,0.01043659814331518
2024-10-02,0.000421992719650843,0.019509692156321146,-0.008462740724000467,0.000203566476664949
2024-10-03,-0.001829959097201489,-0.011960832962835179,-0.009465198765966467,-0.0006922454344502302
2024-10-04,0.009046446555651785,0.009196857293890163,-0.012377213860476076,-0.00199802503899798
2024-10-07,-0.009081679333255575,0.008268945596056926,-0.007563971927582543,-0.0033935140367649104
2024-10-08,0.009413098795424872,-0.025014662083433226,0.0016858723667607196,-0.007399232494344503
2024-10-09,0.006902584366259027,-0.005427207592092213,-0.005700986362953887,-0.0054610705017173605
2024-10-10,-0.0017514865874064195,0.0019571205707359673,-0.003924954324826823,0.007316064767089658
2024-10-11,0.005970301784518169,0.007143715264004039,-0.004047623980562571,0.01085428686886074
2024-10-14,0.008145081837390078,-0.004106774194440373,0.0007467709988936061,-0.0016308312397319176
2024-10-15,-0.0078000757963623,-0.02145441831290426,0.012084299229438747,0.0034623584364339233
2024-10-16,0.004336972339923714,0.007715264026034151,0.004205650450001825,0.0049891427128232555
2024-10-17,8.60997961183024e-05,-0.0015381932840390924,-0.015970100599972933,0.005970452161761758
2024-10-18,0.0038389937679599064,0.009847782301845583,0.0007461500609769988,0.010562207979593495
2024-10-21,-0.0016435547744221436,-0.006992931066944193,-0.017625444813140437,-0.0001990210805239133
2024-10-22,-0.0005313397958802228,-0.0021954231142154944,0.0009752494229400421,0.010729555523637746
2024-10-23,-0.009179427868702749,-0.005951708105762204,-0.002711526648458199,-0.012123752431615111
2024-10-24,0.002160499091810152,-0.0015488319745622396,0.006387567323752478,0.007663817134299539
2024-10-25,-0.0003454350047973738,-0.0008861628187807838,-0.005627580633497586,0.0020548662166116312
2024-10-28,0.0030866576271853827,0.004422894403749541,-0.002716830669651542,3.945329776617785e-05
2024-10-29,0.0016170844558278737,-0.0030939005178693695,0.0015221917498335188,0.010835937036952448
2024-10-30,-0.0030298165972406864,-0.009786540080295518,0.0029295982426307005,0.005490789207931537
2024-10-31,-0.019797856315194446,-0.006503108028456287,0.0016235676522337434,-0.01561647178727062
2024-11-01,0.00421156957670027,0.0008995140559825138,-0.014198382326175431,-0.004110813705942248
2024-11-04,-0.0021561208735384396,0.00560359397247381,0.015402404923351109,0.0014248987496042703
2024-11-05,0.012019295090288613,0.013542050602426569,0.005297620135896127,0.0022519104403696992
2024-11-06,0.024561360335779398,-0.012425178707068298,-0.027770294623924843,-0.030857976694085517
2024-11-07,0.007702321716288382,0.02186240448230988,0.01245007575361414,0.01594864539186116
2024-11-08,0.004322387626936474,-0.024992972587627477,0.012621060353810023,-0.006792442588197375
2024-11-11,0.0009524761854902485,-0.00764387405947527,-0.004877045431302271,-0.02375140115119195
2024-11-12,-0.0031111784923821034,-0.01913936879716651,-0.015106914905344562,-0.008668821068980244
2024-11-13,0.00048565151541094567,-0.006462190447433206,-0.009531568961532788,-0.010132384997697268
2024-11-14,-0.006450883465471252,-0.005572255211923455,0.005773814156926112,-0.002612551531378293
2024-11-15,-0.012891449069122629,0.0,-0.002660430039813445,-0.0017736414154014318
2024-11-18,0.004089010730116455,0.011344029516346605,0.0017745270816515164,0.01884162282592499
2024-11-19,0.0036488180625069496,-0.0006908016304127479,0.00508447483204377,0.00891942849470824
2024-11-20,0.00033884693030040655,-0.001152489191692091,-0.003202528988848387,0.005616245032295766
2024-11-21,0.005353982844241787,-0.0020778519770170154,-0.0007744633662603207,0.008304918886222272
2024-11-22,0.003094694540576657,0.00023106536705153874,0.0005534173708280187,0.012809813332372074
2024-11-25,0.0033862035942784905,0.0006929676542502973,0.025558357155973627,-0.029901483187305778
2024-11-26,0.005207792817385251,-0.004164751010904524,-0.0038900257139081683,0.001936433160954421
2024-11-27,-0.003034660038475973,0.001390086484301388,0.006904831979638994,0.0022202481870022992
2024-11-29,0.00619295331613714,0.001619512734705729,0.010268538324241754,0.008587567442534243
2024-12-02,0.001790654463791997,0.00392204737849723,0.002399878393286838,-0.008792948302693988
2024-12-03,0.00046388084486390736,0.0020702048278597894,-0.008666352903622337,0.0020107532444556663
2024-12-04,0.006190300704418938,0.0025243124678048954,0.010688177440201466,0.00302908748607766
2024-12-05,-0.0016469558453838266,0.006624745008744426,0.0020181774347683857,-0.0074252082091734815
2024-12-06,0.0018938421023573637,-0.0015950658825243243,0.0014843670625543889,0.0003705001517975754
2024-12-09,-0.0051629313144236,0.020316758396518662,-0.009259957625759995,0.009870874002918592
2024-12-10,-0.0031140652920432004,-0.01622025084200779,-0.00471575129651777,0.013078415980993926
2024-12-11,0.00770103838263702,0.004079794621745272,-0.009499453757766313,0.009488652360594872
2024-12-12,-0.005165913499901922,-0.004988620285379167,-0.012221745436902007,-0.01477229774782158
2024-12-13,-0.0001986415474580235,0.0009088256636339598,-0.010263178195502702,-0.01216527622337442
2024-12-16,0.004260893044531318,-0.005465657050902512,0.0029904554484202974,0.00241229791280552
2024-12-17,-0.004128563775186064,-0.0023947568973180437,0.0024301525766601277,-0.003846011153453628
2024-12-18,-0.030256729551406517,-0.023552684791110317,-0.012583382291482635,-0.01937149963953244
2024-12-19,-0.00030704648603850887,0.0033309374772755797,-0.015257021730215327,0.0014200879312812307
2024-12-20,0.011939437265177957,0.004029949190856678,0.0056778780065150376,0.01037999743966833
2024-12-23,0.005970465013517244,0.0056617465768798855,-0.009214573574410526,-0.004719916680210798
2024-12-24,0.011053644083991754,0.0030533864922569513,0.004219619889580481,0.001990032656870636
2024-12-26,6.652144536470361e-05,-0.0035239456449798574,-0.0005690095699249483,0.0067284927019149185
2024-12-27,-0.010582205728876493,-0.004481713590855897,-0.008232507998851227,-0.006894214453703814
2024-12-30,-0.011477220648675521,-0.008070360501433314,0.008004850475414237,-0.0031947790408758405
2024-12-31,-0.0036446843989559954,-0.0033420697128610233,-0.00536752968757727,0.006214287831739849
2025-01-02,-0.002460067216906564,-0.0014357552581081927,0.00274425268544599,0.013496228917030742
2025-01-03,0.012425845115167358,0.009295772035607445,-0.0032022681806999904,-0.007895124609843816
2025-01-06,0.005744137498316307,0.0035524134367951464,-0.004477823896955052,-0.0012328556129918074
2025-01-07,-0.011368391350712789,-0.0071174915182361815,-0.01134161863834409,0.0056176267350635505
2025-01-08,0.001459872842085627,-0.0047733570839243716,0.0012795021245525292,0.005301603121984425
2025-01-10,-0.015385123221368308,-0.017131489079678448,-0.006647835388642526,0.009512918374949771
2025-01-13,0.0015493461653662429,-0.006837592706417619,-0.0003511282871143954,-0.01000110030367562
2025-01-14,0.0013748770092878884,0.01120876289156381,-0.0016400086946147198,0.005235693007988435
2025-01-15,0.018026520303546564,0.012999650140069647,0.017088564787337588,0.007461090407550896
2025-01-16,-0.0019250258231096,-0.0011966681157793216,0.0032222655722528096,0.0068871946090514665
2025-01-17,0.009989991745035336,0.007871265613636979,0.0017217991210691952,-0.005321403332684962
2025-01-21,0.009111737917268138,0.010634662336943447,0.008906005822911286,0.015366546556984287
2025-01-22,0.005605930760551965,0.0007049723978878004,-0.005242719026535568,0.005122510213068569
2025-01-23,0.005442976801545756,0.002346264064040538,-0.007800857924242669,-0.0014158718257654048
2025-01-24,-0.002923344259831551,0.0065406034364264695,0.00448133344214701,0.006199449222329872
2025-01-27,-0.014246572147280395,-0.018327641801333748,0.01174007444455836,-0.010459313683880304
2025-01-28,0.008555641375815824,0.007324272427541118,-0.0006800746899233965,0.008619165823801737
2025-01-29,-0.004492998488387487,0.00023550058811571686,-0.002043095748993902,-0.0038478030414185464
2025-01-30,0.0053528298596161785,0.01680306963386419,0.003742645853309652,0.015031970539815968
2025-01-31,-0.0053360588431012705,-0.011404641936271238,-0.0065873243645008465,0.0019744486005825435
2025-02-03,-0.006752290940480301,-0.0072830659366365765,0.008109084962598826,0.005323078655223283
2025-02-04,0.006685822560832451,0.01776162467253347,0.0030580012740893656,0.00980023748604468
2025-02-05,0.004046405265045614,-0.0025512959420627354,0.016375333068843215,0.00619034264242983
2025-02-06,0.0034693834371239646,0.004171605034141584,-0.00044518734096734533,-0.0026537744373774834
2025-02-07,-0.009195632663307918,-0.0009256210841204124,-0.006475911185183767,0.001782570144409176
2025-02-10,0.006768338924216317,0.011965148283476031,-0.003029364638399258,0.01679638680250656
2025-02-11,0.0007602428865703221,-0.0038959432460522934,-0.006424869904292909,-0.003658285589870855
2025-02-12,-0.0032267956829822282,0.0054957958701568,-0.013663090490982544,0.001046607072714827
2025-02-13,0.010502227295592378,0.006373760103007958,0.016485985621462373,0.009814510830150894
2025-02-14,-4.905180973979657e-05,0.007685445563948962,0.005286077886221334,-0.014983466926549421
2025-02-18,0.002931466010428503,0.006285056122474742,-0.01184798561429624,0.01642526914447792
2025-02-19,0.002352073742817084,-0.0015675208271425933,0.0012480138304797267,0.0005539429240083393
2025-02-20,-0.004168941410624594,0.00914674641740409,0.0037342664853055357,0.000516699154436362
2025-02-21,-0.01725204722983592,-0.0028911781142293472,0.012012486780180713,-0.0009229691054979344
2025-02-24,-0.0045608649445578455,-0.015486838966784778,0.0028969646600722713,0.0054148811569904014
2025-02-25,-0.004985564277434552,0.0006784399816131112,0.017100205801582457,-0.013276072540975698
2025-02-26,0.0005048318009981803,0.009896620307386339,0.005889381990031964,0.0015251697060953886
2025-02-27,-0.016090796866751144,-0.019663848604417018,-0.007093371132734858,-0.015357280506670757
2025-02-28,0.015484988958083439,-0.013790287698425756,0.01219121108051109,-0.006285532695668532
2025-03-03,-0.017675163929164895,-0.008833066910794175,0.004656122640166453,0.01309428477593445
2025-03-04,-0.011907507261230079,0.00837013251436486,-0.012391433323397915,0.008660029400338953
2025-03-05,0.010690567257336967,0.029430673076814837,-0.00801629756453012,0.0020791481693780457
2025-03-06,-0.01791064955282235,-0.00631482326176685,-0.0033131897625007676,-0.005094160642131142
2025-03-07,0.005589214198181434,0.004964987237908883,-0.0032130305260850357,0.0005218196474086795
2025-03-10,-0.026996709750957863,-0.024152393586859947,0.010377740929593844,-0.008794495623060066
2025-03-11,-0.008347592381907083,0.00826824402139245,-0.007164710403508746,0.01165930639065754
2025-03-12,0.005292522344748348,0.005474484602983707,-0.0059911326362684075,0.004337373317600702
2025-03-13,-0.013420177072022468,-0.004103051203741356,0.008752663418537228,0.01760034574283983
2025-03-14,0.020445499994987317,0.01810826696965533,-0.005309035203675831,0.0003996778676249641
2025-03-17,0.007681525635144267,0.01690431549807245,0.004978178487331994,0.005398932434643415
2025-03-18,-0.01086728224627105,-0.005085681778048866,0.0009926865027841188,0.011604364010877142
2025-03-19,0.010832016990127256,0.0024355811018022364,0.005167922493078157,0.00409929439969153
2025-03-20,-0.0028958818324559083,-0.009331445141762531,0.0006578071772821813,-0.0012814060805390753
2025-03-21,0.00032975637740223734,-0.0049227696800633915,-0.00593590047656853,-0.008082476604942154
2025-03-24,0.017750086193809182,0.004476269004965987,-0.010306672914531908,-0.004462490783133984
2025-03-25,0.002400889846210259,-0.0029072552534727125,-0.00011123464537589411,0.004390711790074645
2025-03-26,-0.012010067262381878,-0.006065409868791384,-0.006595062439231935,-0.0008263225124260293
2025-03-27,-0.002659284863130742,0.004944899480333781,-0.002919637108733008,0.013316671121389569
2025-03-28,-0.02034382556782497,-0.018785152487978782,0.013739205237249443,0.007384788228782128
2025-03-31,0.0066904524718166955,-0.001600494791439486,0.009825037324123514,0.014261049112946074
2025-04-01,0.002820377385503122,0.003198521206323873,0.008628355534183747,-0.0019801896396476866
2025-04-02,0.006308494357111239,0.0013676819072309244,-0.000656032162600974,0.0020495598046479263
2025-04-03,-0.050536534960503074,-0.021412101998046777,0.004583037815030734,-0.0060565822044141146
2025-04-04,-0.06032656014450251,-0.05722692601058494,0.010828487634119761,-0.02367020473214484
2025-04-07,-0.0017827202215732311,-0.037920486416326664,-0.030620284708574558,-0.021719986685703737
2025-04-08,-0.015786794395784697,-0.01417730258990959,-0.019058767145949913,0.0054290299021522185
2025-04-09,0.09986273356161954,0.06701794877566279,0.005868377070512361,0.036323492196158734
2025-04-10,-0.0448079346342398,-0.017387509523746153,-0.027955490403121685,0.02413009288681445
2025-04-11,0.017685508564705313,0.030891465708076743,0.005423914893008692,0.01890679950058093
2025-04-14,0.009654678996110107,0.009060623605716777,0.007110143257730539,-0.005722318290653523
2025-04-15,-0.0028047389190455282,-0.0009499272914572627,0.003536111740880274,0.005218738019025799
2025-04-16,-0.022478913258385427,-0.011709992265768129,0.005564030171960131,0.032022570753676
2025-04-17,0.0014257923621276338,0.007662867010437508,-0.008871864890061795,-0.004400359490663115
2025-04-21,-0.024090623785153736,-0.00023860994164081941,-0.017634040054254445,0.030466725196562627
2025-04-22,0.025685115551747496,0.014920397533914954,0.005565755880347669,-0.014297390879940051
2025-04-23,0.015376643965653828,0.011452714199051408,0.009666287515072753,-0.024270798064606143
2025-04-24,0.020830547015513994,0.01155272728680817,0.010480906011085877,0.014451351409752674
2025-04-25,0.007199286808822397,-0.001839480160733737,0.007339210759185086,-0.010900878955956528
2025-04-28,0.0003812293734920367,0.0018394801607337333,0.00628017395243755,0.014141637459613693
2025-04-29,0.006279582464638656,0.0027530255994585974,0.008349804570606252,-0.009786658970495412
2025-04-30,0.000396845329843556,0.002516854393397768,-0.008126118556562366,-0.007510353244041899
2025-05-01,0.007061810223084447,-0.00022857583781486941,-0.005083536658194304,-0.02099106650379782
2025-05-02,0.014735143881568482,0.028170941459435567,-0.010883124267707088,0.0017466735903771576
2025-05-05,-0.005750908210447426,0.007527122604235689,-0.005601069560061963,0.029430400577679455
2025-05-06,-0.008393337877751367,-0.003977832568173699,0.0033186487436794487,0.027638515747736927
2025-05-07,0.004196508757069077,-0.01158157585587168,0.004218286222799229,-0.015106592963135799
2025-05-08,0.006943737651214226,-0.0006721836520789392,-0.011211655528071284,-0.019890788928179075
2025-05-09,-0.0012750371772895864,0.006702373198757084,0.0014945416948736168,0.007228485693538802
2025-05-12,0.03251307674144899,0.021368905273375555,-0.009348681486889082,-0.028595551740996136
2025-05-13,0.006582230528778774,0.001742053112212793,-0.004066755302206445,0.004249948759953267
2025-05-14,0.0012772436406420047,0.0075865494504964385,-0.006658407805798054,-0.02126227662564288
2025-05-15,0.004872452698348495,-0.00043202314830919286,0.008752091036027724,0.015837869719407486
2025-05-16,0.006314102279205575,-0.000648300429192141,0.0026687130394128815,-0.012160689602209927
2025-05-19,0.0010933200940945894,0.002159397045030866,-0.002901221208600704,0.012798420816745652
2025-05-20,-0.0033680006172298743,-0.0010790734675296774,-0.007231137057849347,0.018450974483986242
2025-05-21,-0.01699427924742923,-0.002594604670742385,-0.017237544735543703,0.007351594562024017
2025-05-22,0.0003945692246958432,-0.0032527514277710706,0.005226049753643341,-0.008900989925318167
2025-05-23,-0.006849289817504448,0.0041183115257055645,0.001657238983786624,0.021669792905121613
2025-05-27,0.02057749361541795,-0.0023822224252682844,0.013859759298447913,-0.017094433359300068
2025-05-28,-0.005802110384951137,-0.00456375250946549,-0.004325197150931364,-0.002268589173612519
2025-05-29,0.003939507281933468,0.0036962118834223097,0.009212552700932488,0.0059072333619440654
2025-05-30,-0.0011189780143527213,-0.01222732342112187,0.0015075181858821296,-0.006598665713002106
2025-06-02,0.00561699151826602,0.0072233475618292695,-0.009350165797259438,0.026233913208447007
2025-06-03,0.005686495731938926,0.0023962340329153732,-0.0017630188671851575,-0.008894994642019345
2025-06-04,-0.0002684798741675806,0.01232585452838295,0.016103180610823907,0.0064213132412345815
2025-06-05,-0.00484458823974022,0.005144723115347432,0.000694165749601915,-0.005062672644074125
2025-06-06,0.010216715128296139,0.0032020627292669262,-0.012805753915198777,-0.01350688232494814
2025-06-09,0.0009007739375168922,0.008488988438139895,0.0010542138207136813,0.004707437493749117
2025-06-10,0.005653754979559288,0.005689635071296187,0.005136406931267975,0.00029346792267399537
2025-06-11,-0.002856194072335503,0.0041938259274029305,0.003022887355923557,0.005397696978330561
2025-06-12,0.003966452380753689,0.0016724874629205691,0.011886421021905166,0.01234370232269246
2025-06-13,-0.011243031070609706,-0.016003626897567378,-0.009683081320143122,0.01301549409169947
2025-06-16,0.009469323987070349,0.012184813969654814,-0.010128774395786562,-0.014361734303802328
2025-06-17,-0.008581956398938374,-0.013214157142017463,0.012095907059355475,0.0005130624809404316
2025-06-18,-0.0001506471164413424,-0.0002146145189022361,0.0017326763009116708,-0.00540018233840262
2025-06-20,-0.002351298196901591,-0.005810735014271594,-0.001848055058095106,-0.0004191069541604869
2025-06-23,0.009829017063755472,0.008168468236703648,0.003232019391791448,0.003058490504208936
2025-06-24,0.010986735734259066,0.02557467758182421,0.007234394915108341,-0.015844238391270016
2025-06-25,0.0005601062431551068,0.000834390965638739,0.0012577887702242608,0.0030327025232496515
2025-06-26,0.0077933328130199795,0.006650101963772634,0.005015303496212163,-0.0011076604529502278
2025-06-27,0.004956130432601319,-0.0039431697371249035,-0.006387647964568932,-0.018289975504647085
2025-06-30,0.004769811928816336,0.003114391649024946,0.009793017822670532,0.011913301279755133
2025-07-01,-0.0003237317036786633,0.001863925820437307,0.002476377888377263,0.008883435847179964
2025-07-02,0.004523032166475909,0.004335670205728148,-0.006373753479928387,0.00551237530942954
2025-07-03,0.00785049006139128,0.004522024372349844,-0.006989648205558322,-0.006846293882020621
2025-07-07,-0.007479922081385233,-0.014251992712248794,-0.009589214007691069,0.0007485003525817282
2025-07-08,-0.000547866269065751,0.006221533518354563,-0.0012779499001465025,-0.010498326962963742
2025-07-09,0.005978718557821743,-0.0016552357794128486,0.010407119462886425,0.004461316177625558
2025-07-10,0.0028163406054207227,0.002688378547897459,0.0006899416446352233,0.002223316131965108
2025-07-11,-0.003521617492822476,-0.003309869157857576,-0.013890651925737381,0.00955577301886398
2025-07-14,0.0019063975979420422,0.0014494910051891592,-0.002100349748345068,-0.0036620144241214002
2025-07-15,-0.004282421636416066,0.007215708748139646,-0.0070332608126236935,-0.004164364075514542
2025-07-16,0.003337615079474222,0.004713649107333236,0.0014108204618702373,0.004975696789391886
2025-07-17,0.006101040721242929,0.005708418229921015,-0.00023520089079541014,-0.0021758989541098375
2025-07-18,-0.0007327793271960323,-0.00223865193586774,0.0015262794368565927,0.0025975477973482998
2025-07-21,0.0018944777745851093,0.006498760560289086,0.008876587770012467,0.015253192127432761
2025-07-22,0.00014311092236799798,0.00060707458674953,0.006028158667307259,0.0094401831613078
2025-07-23,0.008471555947003452,0.010064517402043784,-0.005563048138351718,-0.012478717461642091
2025-07-24,0.00033090071475673087,-0.005422222569943039,-0.0017451422486207003,-0.006137070328856787
2025-07-25,0.004215452532187758,-0.003025202659986397,0.0062675194367117475,-0.009293039490678532
2025-07-28,-0.00025103506196874024,-0.006687553623199387,-0.006500268746166241,-0.006494663067578282
2025-07-29,-0.002641133326156579,0.00040659381024936306,0.016744886872698074,0.002746613677307996
2025-07-30,-0.0012601246347007209,-0.007344023722295724,-0.0051665982824505305,-0.017424424698434752
2025-07-31,-0.0037582800219577626,-0.0057494440849540215,0.0005753051745532017,0.006623418228251275
2025-08-01,-0.01652617763451541,-0.0074410954755893145,0.014116540324155725,0.020096397826572604
2025-08-04,0.015085355384855111,0.010319949525785741,0.002729064674986594,0.005806339793967675
2025-08-05,-0.005082764440420212,0.0028705900347574635,0.00306159045828544,0.0008037680984962059
2025-08-06,0.0076303958197283745,0.004698243498380302,-0.005790655133272024,-0.0021233597342562006
2025-08-07,-0.0008379750805715818,0.008320646649678978,-0.0017095455723098443,0.008402586680171171
2025-08-08,0.007767426102698934,-0.000808748546844874,-0.0043438351164173375,-0.00022360485625666846
2025-08-11,-0.001979497560583303,-0.0028357033993225895,0.001145011910850505,-0.014479017992943764
2025-08-12,0.010589747830358579,0.012096977072674384,-0.005047669833039618,-0.0009078785028290671
2025-08-13,0.003417206376974111,0.011952310952547278,0.008246493038606395,0.003044643380447489
2025-08-14,9.315201910403848e-05,-0.012353199893649197,-0.00744195931732042,-0.006358881635978504
2025-08-15,-0.002344034961438168,0.0012021075306423022,-0.007150117365713645,0.0005856467855486066
2025-08-18,-0.00021765512234882508,0.005790235488710514,-0.002897637845700242,-0.0015624875893944005
2025-08-19,-0.005439899526511449,-0.008195975017247911,0.0057869950124355765,-0.005488312721199512
2025-08-20,-0.002660523481711854,-0.0014060319296407735,0.0021901810989698053,0.010071289165624142
2025-08-21,-0.004019987695829061,-0.0022135029861761525,-0.004963807212996708,-0.00347592916281607
2025-08-22,0.015239972288353226,0.019747323151354374,0.007379339251090976,0.010649518982753443
2025-08-25,-0.004410584084018229,-0.005744281579117637,-0.00287606110383881,-0.002417757282480456
2025-08-26,0.004178103890889278,-0.0025857863043677416,-0.0005761879084859623,0.0072358055476428994
2025-08-27,0.0022760168140987668,-0.005992853956032358,-0.0011534641247393125,0.0020166939883499383
2025-08-28,0.0035351068723046006,0.0037995750611905803,0.00655656803823544,0.007391652350960381
2025-08-29,-0.00598153537129435,-0.004801859176816037,-0.007133936552703656,0.009603638858147003
2025-09-02,-0.007437888193564877,-0.0008025822803944169,-0.007469317559935851,0.02336740250914344
2025-09-03,0.005404926745351524,0.0038064259319490106,0.010917605650953288,0.007801481349128729
2025-09-04,0.008322631068136768,-0.0032044676510718712,0.007595237703087622,-0.0044286747373555105
2025-09-05,-0.002900350441516548,0.011964305163281046,0.015131799245074342,0.013257668006979742
2025-09-08,0.0024535295419670193,0.009076626763970844,0.013236182075423146,0.011323711365555902
2025-09-09,0.0023092523208794106,0.005484776789386828,-0.005699245582295385,-0.002272485609217019
2025-09-10,0.0028866837953472123,0.006814086046459675,0.005699245582295485,0.0035857690781288176
2025-09-11,0.008275924601042638,0.014446933801606894,0.006663724035760491,-0.0014924929949519461
2025-09-12,-0.0003347625365709058,-0.0005739351307392581,-0.004326322327011054,0.0019696315993883206
2025-09-15,0.00530983028777682,0.0072450060518453605,0.0023321259659487914,0.010351078276418409
2025-09-16,-0.0013777414352981307,0.007381523343277887,0.002104897629263505,0.00200440059968761
2025-09-17,-0.0012433011331062585,0.004327755727496308,-0.002548709652758726,-0.007745087571334619
2025-09-18,0.004661749475952258,-0.0024437735228312924,-0.010373223151862832,-0.004014356216469492
2025-09-19,0.004940556697161345,-0.0022612049470505627,-0.0019079339843380816,0.010551365296973236
2025-09-22,0.004719943972387415,0.0048927586174374385,-0.0036012005035425663,0.017158380367683163
2025-09-23,-0.005458436585496771,0.0005629837779839431,0.00696556071346851,0.004078048498240162
2025-09-24,-0.003186705609680798,-0.00338281244681209,-0.003813768447172752,-0.009104369003754706
2025-09-25,-0.004624172513464782,-0.005852931166664753,0.0,0.004156538489887818
2025-09-26,0.005712795234045289,-0.001895409003766347,-0.0008993341091176344,0.005755674720215595
2025-09-29,0.0028064247447203627,0.009065230390744711,0.008177772362506105,0.01636192499893196
2025-09-30,0.0037597898827210047,0.0039403697835448,-0.0029049683649485154,0.008503744538253297
2025-10-01,0.003401684988263315,0.00783439182018299,0.002579314332159037,0.0015741326049985922
2025-10-02,0.001151140720406421,0.004634331529134807,0.0029074144641784193,-0.003488904306035992
2025-10-03,-1.4767471260179647e-05,0.0029547377313635342,-0.0018999907667609133,0.008000845595952238
2025-10-06,0.003579813724412676,0.004599445856804739,-0.007975366005568205,0.018670357712142448
2025-10-07,-0.0037143820348426687,-0.007739113583317052,0.005735041578755198,0.005146197838027116
2025-10-08,0.005945343779221919,0.007922689047995203,0.0007847330321606578,0.016356457714615965
2025-10-09,-0.002901212830195306,-0.010330326771560275,-0.000784733032160579,-0.018625225753276277
2025-10-10,-0.027399797306962,-0.03759773925023001,0.016018170151535546,0.010047058859954893
2025-10-13,0.01522754489520044,0.028657455264509697,-0.000551799400566728,0.024010471634505016
2025-10-14,-0.0012224016319925188,-0.009020861194911018,0.003196638910809639,0.007115811676483972
2025-10-15,0.004429697562726796,0.016290927897532528,-0.002203532413745579,0.01718391083164241
2025-10-16,-0.006833556809050219,0.0064796385286678545,0.007472576121258578,0.02311798516943165
2025-10-17,0.005660343785832389,-0.00018452044873112949,-0.0015337842386685754,-0.018996349267191237
2025-10-20,0.010346762560389149,0.013565768637458259,0.0038302303822832307,0.03575507474940295
2025-10-21,-1.4904592548673624e-05,-0.011169155743964671,0.004903293703390996,-0.066427122202817
2025-10-22,-0.005212468267243702,-0.0009211165227085,0.0006520052551965469,0.00010605032482095541
2025-10-23,0.00591237858353294,0.008807408210319187,-0.006866920353650491,0.0039943702532297155
2025-10-24,0.008139356488562998,0.006554986171013815,0.00043731237864635085,-0.003358466049881991
2025-10-27,0.011728661579555206,0.011009965697466791,0.0033834729523668033,-0.02823439606845571
2025-10-28,0.0026524780243792965,-0.00035907270434000277,0.002611540562918135,-0.007191829710492189
2025-10-29,0.00048027169098161166,0.005729610289463736,-0.010157826858619207,-0.003794458273018786
2025-10-30,-0.011059070654489161,-0.010409256617847177,-0.005835489624059093,0.019451474207493994
2025-10-31,0.003274731939679319,-0.0023480610255575862,-0.0029859293494698966,-0.005445349765875755
2025-11-03,0.001875018306885159,0.006309244442986436,-0.0025041940664654937,0.0017912982604373527
2025-11-04,-0.011924353295924664,-0.01849893719931628,0.002226279109439234,-0.01767243750416923
2025-11-05,0.003459398571762206,0.008929424008210295,-0.010955979011493089,0.01149801326624798
2025-11-06,-0.010787307565268271,-0.007466143534331737,0.00895283018877096,-0.0012012407765740096
2025-11-07,0.0009840232716329205,-0.0029287762066718295,-0.002119171152994148,0.006100376279774767
2025-11-10,0.015483847432383142,0.01744542628139829,-0.0002232538625610775,0.026974026330607748
2025-11-11,0.0022866236688574054,0.001080321517932544,0.0045679468060244146,0.0039300815092205245
2025-11-12,0.0005563336963194146,0.0001799749815265384,0.0017769450787587125,0.015982361021277473
2025-11-13,-0.016733243059015003,-0.011763737189805655,-0.008244959105389868,-0.00811594387120292
2025-11-14,-0.00016378217190490574,0.000545974874986953,-0.005722488468476254,-0.018212761198262515
2025-11-17,-0.009360102835536118,-0.011897235474725973,0.002472417621767841,-0.011530197275275704
2025-11-18,-0.008433010863377237,-0.004983910186447033,-0.00033683608890673714,0.0072386702324458525
2025-11-19,0.003855757148191913,-0.0035221352045975143,-0.002023050179608183,0.0016281258445646413
2025-11-20,-0.015359602533844793,-0.013837121532113793,0.003930114038715069,-0.00029336859393561273
2025-11-21,0.009911937023691694,-0.00018834590637397414,0.003021338717611631,-0.0015485295000223418
2025-11-24,0.014611241086193577,0.010490955043958496,0.005682147548002326,0.015720029429592993
2025-11-25,0.009362030553383407,0.003534512394529376,0.002552064143218959,-0.0003157406112365523
2025-11-26,0.006879763512976049,0.007216330164015371,0.00442293697711023,0.007966521739529534
2025-11-28,0.0054435632273936016,0.0014737940218216836,-0.004755479754042311,0.012347782735317652
2025-12-01,-0.004575959173217758,-0.0007366611442624596,-0.012526817202667158,0.004809481913078849
2025-12-02,0.0018505862825212542,0.0003683984058348666,0.00045044727098668733,-0.006460877304549151
2025-12-03,0.003456786217426821,0.0007363899093334789,0.002811036321824824,-0.0009300505859088987
2025-12-04,0.0007307890626128348,-0.0001840110366238899,-0.005404257823991235,0.0006459865002764292
2025-12-05,0.0018977350040129193,0.0075180967585363094,-0.004639282193340452,-0.001783943580710258
2025-12-08,-0.003008799415334641,-0.002194625924692317,-0.003294459772435787,-0.0026429393579943225
2025-12-09,-0.0008634278241621205,-0.0016491005081411896,0.0010236325253678254,0.005124051608821799
2025-12-10,0.006610281415951135,0.011124414725090622,0.003857529249402762,0.004250103468607047
2025-12-11,0.002324244979309141,-0.004726434453018742,-0.001359876089276278,0.010712248978541639
2025-12-12,-0.010810189042095767,-0.01173026075387853,-0.009685004523597421,0.005578987507631519
2025-12-15,-0.001512030324677354,-0.0029542633947337825,0.0006867863746756976,0.0009099271544499963
2025-12-16,-0.002736037133594218,-0.0063407796427112015,0.005476932463427549,0.00022742956353926302
2025-12-17,-0.01106460773219221,-0.007198384469053602,-0.0009105489211337931,0.0085515594385759
2025-12-18,0.007522963990016468,0.011342319954006693,0.004772021266655713,-0.0018048314286412761
2025-12-19,0.009022618958016409,0.00972698368990943,-0.00373946546539017,0.0011283535131121657
2025-12-22,0.006210566721978087,0.005383789149360661,-0.002172509759161316,0.022819254559298667
2025-12-23,0.004560042005282501,0.005539213805071648,0.0016012400781422144,0.013165297757330809
2025-12-24,0.0035114479496600164,0.0020233023754689405,0.006038988220707285,-0.00414265150874824
2025-12-26,-0.0001014201750952399,0.006958480323340761,-0.0032998297502827294,0.011609088487159046
2025-12-29,-0.0035699930558561223,-0.0025580023233772982,0.0037539792444290132,-0.04450407961760148
2025-12-30,-0.0012218468855631148,0.004016825172031164,-0.0023872969799760236,0.0007273032894686568
2025-12-31,-0.0074365500962735335,-0.003102511538822853,-0.007999099966550289,-0.006488999253824397
2026-01-02,0.0018313617663269853,0.02758178600557661,-0.0014926166547595745,0.004958545328225588
2026-01-05,0.006638033243240065,0.010963839610016311,0.0049286783835907864,0.025972938179914393
2026-01-06,0.005929568682081867,0.007359384384091269,-0.002060202117722047,0.010755105002161711
2026-01-07,-0.0032285629973805552,-0.007535307985125497,0.005826265560025546,-0.009605943617543307
2026-01-08,-0.00010153783677743937,0.00035174918090235326,-0.005024635690770175,0.005507322733438559
2026-01-09,0.006591570183952557,0.00473644358393169,0.006618039026272965,0.007215903791294916
2026-01-12,0.0015692219387488094,0.013903582518313015,-0.0029612646608574524,0.018549616736782293
2026-01-13,-0.002001476724789629,-0.007449152099242253,0.0017095123761782826,-0.0014220515093612454
2026-01-14,-0.004927356850498766,0.004164532861891754,0.005790455753429061,0.0101703332395237
2026-01-15,0.0027195131661778946,0.005870185229287973,-0.00022638057258476916,-0.0061465119926862365
2026-01-16,-0.0008382252035026964,-0.0037944375025929645,-0.005791770552334975,-0.0048305320875177415
2026-01-20,-0.020566840670864645,-0.009723944602449543,-0.013184583184935539,0.037137944625647984
2026-01-21,0.0114749889632404,0.01644057019520513,0.0075880090131829085,0.014463871678662811
2026-01-22,0.005209636268787033,0.007524017109962288,0.004342790153041989,0.01829421977969421
2026-01-23,0.00036271445090017455,0.006283436321486868,0.0027332316748804033,0.013651695099226603
2026-01-26,0.005065296757285074,0.001691449590139919,0.004765120792217554,0.014522878245374984
2026-01-27,0.003976348566725876,0.019580610516774098,-0.006244568448387313,0.024235866660731666
2026-01-28,-0.00010067497120472829,0.006771845960941189,-0.002280608419487028,0.03804054442699281
2026-01-29,-0.0019863539443873905,-0.005115967537678073,0.00022830390925203335,0.002705807739847273
2026-01-30,-0.0029870370168700792,-0.022420216089521564,-0.005608104140843046,-0.10841233744964726
2026-02-02,0.004959045712933714,0.0030410618022151553,-0.0028612532437692225,-0.04087351576386017
2026-02-03,-0.008491346084250548,0.00538358807363541,0.0024235360430482416,0.061647351472448514
2026-02-04,-0.004855691490926631,-0.013513706539888254,-0.0025390550665246986,-0.0007046601942605336
2026-02-05,-0.012567856956365418,-0.004602419482315726,0.01080344259918739,-0.02699275619765067
2026-02-06,0.019003005567205973,0.025971121334629456,0.0006855595044892388,0.030269515441489408
2026-02-09,0.004810244305276485,0.007298069113827605,-0.00022834963958975565,0.025085614324893347
2026-02-10,-0.00264064386524897,0.0014862550001867943,0.011474104887216402,-0.009963188662021111
2026-02-11,-0.000231085512616827,0.015717463383100785,-0.005323199983392938,0.011247091222494243
2026-02-12,-0.015569451553392327,-0.011436176781244178,0.013199049800323086,-0.03534565209196913
2026-02-13,0.0007042374603937072,0.004262972884952327,0.005476470397797877,0.02457422891441271
2026-02-17,0.0016121662321053362,-0.004098702424206661,0.001670414901569915,-0.031666383600955826
2026-02-18,0.005025111493454597,0.005243330073035202,-0.003790368015393452,0.022240759759257815
2026-02-19,-0.0026409180968155325,-0.0024543530563749185,0.0010046757904315577,0.0027891563109147515
2026-02-20,0.0072058400517004155,0.02107387481185221,-0.002345931062107931,0.0195226903950525
2026-02-23,-0.010263807839928392,-0.011130022425838673,0.0036839593364890837,0.02665702371732228
2026-02-24,0.007242165031108853,0.015611444480140655,0.0017814295855891676,-0.013955835494471214
2026-02-25,0.008402945104341215,0.010958617406403436,0.00011128788170874508,-0.0025104111690772445
2026-02-26,-0.005569959857260949,-0.009522406292023144,0.003995907123653159,0.008539325114314078
2026-02-27,-0.004813509630285336,-0.0020751424553871658,0.006074253383539034,0.01304594710817348
2026-03-02,0.0005684172026597193,-0.017408592687686415,-0.010092727172524673,0.012837146760680682
2026-03-03,-0.008853414553509194,-0.05137890919582004,-0.0020107344487112246,-0.04563796333219482
2026-03-04,0.007030536114047319,0.010726264106491317,-0.003135771347629461,0.007787713327779242
2026-03-05,-0.005591148225550186,-0.02434124574055445,-0.004046332942109738,-0.012090565447196364
2026-03-06,-0.013193791611277716,-0.005393686346689438,-0.0037236494930412345,0.015708476698148666
2026-03-09,0.008721878607696682,0.01952210333503412,0.008666871500239468,-0.0020718179527898957
2026-03-10,-0.001608419719141641,0.003927257504525144,-0.010703772672762644,0.011216537509720141
2026-03-11,-0.0012559513052689201,0.0025530015254112757,-0.012997566719272555,-0.003395863568684636
2026-03-12,-0.015301420789775961,-0.03247825671102488,-0.0019527643086906553,-0.01984963254664512
2026-03-13,-0.005676188622551868,-0.002637390994772242,-0.004956496651108137,-0.013021372569552835
2026-03-16,0.010125430484197413,0.027437071426805654,0.007712222922190966,-0.0008900836759419468
2026-03-17,0.002627101016221855,0.006317769302389748,0.002748241369351606,-0.002522571056499545
2026-03-18,-0.014051912692600945,-0.020463247146675294,-0.005618991516003174,-0.03214842869758357
2026-03-19,-0.0024673819700690397,0.0010418052415584317,0.006076254226952612,-0.042088486470760696
2026-03-20,-0.01443952585884218,-0.03496735503356364,-0.01915587208568702,-0.031034054726858728
2026-03-23,0.010445276906504148,0.029572796440560465,0.006503344944552514,-0.022853374485926194
2026-03-24,-0.0033624966130463346,-0.013880586610676676,-0.004408361729109982,0.00022271635118200717
2026-03-25,0.005557288574735996,0.015798076888649332,0.009603759571659045,0.029645532839315883
2026-03-26,-0.018020135919566853,-0.03455028673043176,-0.00844178363720817,-0.038318848265911816
2026-03-27,-0.01719894102480063,-0.004879388969272837,-0.005473047087765767,0.034492091653875186
2026-03-30,-0.003349064243429706,-0.0081855984078062,0.013223721945373402,-0.0002894695055479165
2026-03-31,0.028653466042465783,0.036582901314008265,-0.0010376931060411727,0.037193492650150234
2026-04-01,0.00750622148232205,0.007717958411726099,-0.00098485060920514,0.017348463901669588
2026-04-02,0.0009000692442135715,-0.01124593457153658,0.0061253793971653234,-0.019395701723403234
2026-04-06,0.004715661120724013,0.009146949513260975,-0.0016143968204644656,-0.004107092256447038
2026-04-07,0.0004399773016391101,0.0034959091620792877,-0.0001154328638290241,0.009680581273932702
2026-04-08,0.025150609779818547,0.053175962156831486,0.003226563393893107,0.006279313363379332
2026-04-09,0.005752513692051993,-0.0026507611752347934,-0.0025343433374989573,0.007748433781414136
2026-04-10,-0.0006619995879319516,0.004634278297984105,-0.0024250472373316236,-0.0017827733092611521
2026-04-13,0.009724956729963633,0.008386110432167124,0.0030015905570760027,-0.004057403475821635
2026-04-14,0.012111242670247968,0.01897716459989379,0.005288589614638959,0.02210325929203807
2026-04-15,0.0078600237887659,-0.0006428948267487354,-0.004366758019718849,-0.010456884729500534
2026-04-16,0.002454297369362188,0.004011236777350066,-0.006354364542351549,-0.0008631178955779131
2026-04-17,0.012013236382059651,0.018875945090503967,0.00911459504042833,0.013205474549607812
2026-04-20,-0.0020016695574076216,-0.007254393674696863,-0.00022976522986699834,-0.0086484996289279
2026-04-21,-0.006568474427903533,-0.014829264859381453,-0.005529285988170694,-0.02872874757171026
2026-04-22,0.01007576539985774,0.017989835770517357,0.0019616893243835586,0.01315885071808192
2026-04-23,-0.0038882734971482065,-0.016384723462086304,-0.0021927817549235807,-0.009742663076259298
2026-04-24,0.007719426373887486,0.0220486876689636,0.0018469798867271519,0.005114015549751456
2026-04-27,0.0017213241598695744,-0.0015701414433162996,-0.004971431278577753,-0.007785532512716458
2026-04-28,-0.004877826001792575,-0.010266183598498247,0.0010425688620509866,-0.01873736625464264
2026-04-29,-0.0001545530367001282,-0.004774086900581952,-0.007787625622052678,-0.010723068864617815
2026-04-30,0.009900455774975739,0.020524924001695536,-0.0009339023821976297,0.01486229443655377
2026-05-01,0.002765286895853703,0.0021853829509106853,0.0035690890623771322,-0.0011336522597227192
2026-05-04,-0.003670106278149628,-0.0004678902104605685,-0.007621630655612585,-0.02021814296632195
2026-05-05,0.007990179213504577,0.020077941672673454,0.005516816514030659,0.008547670573807937
2026-05-06,0.013803728106156042,0.03145712530813205,0.007579768822909394,0.029888127796577613
2026-05-07,-0.0030708152880456166,-0.013425045975121817,-0.005007858979399997,0.0016692975079796522
2026-05-08,0.008222178062143842,0.020070637539532758,0.005007858979399895,0.004829858327988968
2026-05-11,0.0022749958288905154,-0.0007362593439231366,-0.00605926557066717,0.0020266811021026647
2026-05-12,-0.0015160886733100647,-0.030965000444580927,-0.006684252569104922,-0.003965060284398247
2026-05-13,0.005579255007885031,0.020898293481309237,-0.0022379595909664428,-0.00562871133052066
2026-05-14,0.007863259651000725,0.002526164855852258,0.0014140022675137214,-0.007671648257758531
2026-05-15,-0.012102290069018232,-0.034884588398903606,-0.014948609648474642,-0.023494231397838114
2026-05-18,-0.0007036831481133525,-0.001537965135772172,-0.0011961349699193746,0.0027281501848720967
2026-05-19,-0.00668314190839915,-0.010988256749898158,-0.006483341573906108,-0.016700574279936407
2026-05-20,0.010196863400443316,0.01850186815571557,0.010663341217743995,0.01423595990327424
2026-05-21,0.0019811333287531405,0.008669910632404663,0.003687524211965227,-0.00098276274381623
2026-05-22,0.003923846005811892,-0.002274302100622971,0.00544703309136376,-0.007631102906282901
2026-05-26,0.006616670069624135,0.03753798331791757,0.00494753925097868,0.0004348594550147071
2026-05-27,-0.00017321858553491748,-0.00014624075124424884,0.0023475363570838437,-0.013398563535697896
2026-05-28,0.005501394045972513,0.00321169941332437,0.005144941510492766,0.010423100202116821
2026-05-29,0.002488294342467694,-0.0001457931100492122,0.00023331033980585517,0.010483427987444453
