datetime_utc,datetime_local,load_MW,load_GW,temperature_c,humidity_pct,is_weekend,is_peak_hour,hour,weekday,month
2022-01-01 00:00:00+00:00,2022-01-01 01:00:00+01:00,41957.765,41.957765,11.1,90,1,0,1,5,1
2022-01-01 01:00:00+00:00,2022-01-01 02:00:00+01:00,40887.9675,40.8879675,11.4,90,1,0,2,5,1
2022-01-01 02:00:00+00:00,2022-01-01 03:00:00+01:00,39963.9825,39.9639825,10.8,93,1,0,3,5,1
2022-01-01 03:00:00+00:00,2022-01-01 04:00:00+01:00,39733.485,39.733485,10.1,95,1,0,4,5,1
2022-01-01 04:00:00+00:00,2022-01-01 05:00:00+01:00,39222.915,39.222915,10.0,95,1,0,5,5,1
2022-01-01 05:00:00+00:00,2022-01-01 06:00:00+01:00,38812.07,38.81207,10.1,95,1,0,6,5,1
2022-01-01 06:00:00+00:00,2022-01-01 07:00:00+01:00,39485.5325,39.4855325,9.8,96,1,0,7,5,1
2022-01-01 07:00:00+00:00,2022-01-01 08:00:00+01:00,40711.33,40.711330000000004,9.4,97,1,1,8,5,1
2022-01-01 08:00:00+00:00,2022-01-01 09:00:00+01:00,42931.055,42.931055,9.2,98,1,1,9,5,1
2022-01-01 09:00:00+00:00,2022-01-01 10:00:00+01:00,44824.96,44.82496,9.6,96,1,1,10,5,1
2022-01-01 10:00:00+00:00,2022-01-01 11:00:00+01:00,47201.8825,47.201882499999996,10.6,93,1,1,11,5,1
2022-01-01 11:00:00+00:00,2022-01-01 12:00:00+01:00,47800.065,47.800065000000004,11.1,89,1,1,12,5,1
2022-01-01 12:00:00+00:00,2022-01-01 13:00:00+01:00,46868.5075,46.8685075,11.8,84,1,1,13,5,1
2022-01-01 13:00:00+00:00,2022-01-01 14:00:00+01:00,46193.2875,46.1932875,12.1,84,1,1,14,5,1
2022-01-01 14:00:00+00:00,2022-01-01 15:00:00+01:00,46141.784999999996,46.141785,12.1,85,1,1,15,5,1
2022-01-01 15:00:00+00:00,2022-01-01 16:00:00+01:00,48370.3825,48.3703825,11.8,88,1,1,16,5,1
2022-01-01 16:00:00+00:00,2022-01-01 17:00:00+01:00,52123.06,52.123059999999995,11.2,91,1,1,17,5,1
2022-01-01 17:00:00+00:00,2022-01-01 18:00:00+01:00,53111.445,53.111444999999996,10.5,93,1,1,18,5,1
2022-01-01 18:00:00+00:00,2022-01-01 19:00:00+01:00,52129.7175,52.1297175,9.3,93,1,1,19,5,1
2022-01-01 19:00:00+00:00,2022-01-01 20:00:00+01:00,50173.667499999996,50.17366749999999,8.0,94,1,1,20,5,1
2022-01-01 20:00:00+00:00,2022-01-01 21:00:00+01:00,48523.487499999996,48.523487499999995,7.1,94,1,0,21,5,1
2022-01-01 21:00:00+00:00,2022-01-01 22:00:00+01:00,47953.83,47.95383,6.3,96,1,0,22,5,1
2022-01-01 22:00:00+00:00,2022-01-01 23:00:00+01:00,45324.270000000004,45.324270000000006,7.3,94,1,0,23,5,1
2022-01-01 23:00:00+00:00,2022-01-02 00:00:00+01:00,43097.6875,43.0976875,7.1,96,1,0,0,6,1
2022-01-02 00:00:00+00:00,2022-01-02 01:00:00+01:00,41893.46,41.89346,7.2,97,1,0,1,6,1
2022-01-02 01:00:00+00:00,2022-01-02 02:00:00+01:00,41165.0275,41.165027499999994,6.6,98,1,0,2,6,1
2022-01-02 02:00:00+00:00,2022-01-02 03:00:00+01:00,40933.47,40.93347,6.2,98,1,0,3,6,1
2022-01-02 03:00:00+00:00,2022-01-02 04:00:00+01:00,41110.5425,41.1105425,5.7,98,1,0,4,6,1
2022-01-02 04:00:00+00:00,2022-01-02 05:00:00+01:00,41151.854999999996,41.151855,5.4,98,1,0,5,6,1
2022-01-02 05:00:00+00:00,2022-01-02 06:00:00+01:00,40815.39,40.81539,5.8,97,1,0,6,6,1
2022-01-02 06:00:00+00:00,2022-01-02 07:00:00+01:00,42685.0,42.685,5.9,96,1,0,7,6,1
2022-01-02 07:00:00+00:00,2022-01-02 08:00:00+01:00,45866.567500000005,45.8665675,5.6,96,1,1,8,6,1
2022-01-02 08:00:00+00:00,2022-01-02 09:00:00+01:00,48807.295,48.807294999999996,6.1,94,1,1,9,6,1
2022-01-02 09:00:00+00:00,2022-01-02 10:00:00+01:00,51074.64,51.07464,7.1,89,1,1,10,6,1
2022-01-02 10:00:00+00:00,2022-01-02 11:00:00+01:00,54160.0475,54.1600475,7.9,85,1,1,11,6,1
2022-01-02 11:00:00+00:00,2022-01-02 12:00:00+01:00,55069.707500000004,55.06970750000001,8.6,80,1,1,12,6,1
2022-01-02 12:00:00+00:00,2022-01-02 13:00:00+01:00,53846.52,53.84652,8.5,87,1,1,13,6,1
2022-01-02 13:00:00+00:00,2022-01-02 14:00:00+01:00,53191.3125,53.1913125,9.6,84,1,1,14,6,1
2022-01-02 14:00:00+00:00,2022-01-02 15:00:00+01:00,53736.3525,53.7363525,10.6,78,1,1,15,6,1
2022-01-02 15:00:00+00:00,2022-01-02 16:00:00+01:00,56035.695,56.035695,10.3,78,1,1,16,6,1
2022-01-02 16:00:00+00:00,2022-01-02 17:00:00+01:00,59134.025,59.134025,9.5,82,1,1,17,6,1
2022-01-02 17:00:00+00:00,2022-01-02 18:00:00+01:00,59316.2025,59.3162025,9.1,86,1,1,18,6,1
2022-01-02 18:00:00+00:00,2022-01-02 19:00:00+01:00,57901.9375,57.9019375,9.3,87,1,1,19,6,1
2022-01-02 19:00:00+00:00,2022-01-02 20:00:00+01:00,55313.240000000005,55.31324000000001,10.2,84,1,1,20,6,1
2022-01-02 20:00:00+00:00,2022-01-02 21:00:00+01:00,52960.11,52.96011,10.6,82,1,0,21,6,1
2022-01-02 21:00:00+00:00,2022-01-02 22:00:00+01:00,51425.5925,51.4255925,10.8,80,1,0,22,6,1
2022-01-02 22:00:00+00:00,2022-01-02 23:00:00+01:00,48334.6925,48.334692499999996,11.0,80,1,0,23,6,1
2022-01-02 23:00:00+00:00,2022-01-03 00:00:00+01:00,45815.32,45.81532,10.1,88,0,0,0,0,1
2022-01-03 00:00:00+00:00,2022-01-03 01:00:00+01:00,44056.955,44.056955,10.8,90,0,0,1,0,1
2022-01-03 01:00:00+00:00,2022-01-03 02:00:00+01:00,42981.6125,42.981612500000004,10.2,87,0,0,2,0,1
2022-01-03 02:00:00+00:00,2022-01-03 03:00:00+01:00,43514.3625,43.514362500000004,9.4,83,0,0,3,0,1
2022-01-03 03:00:00+00:00,2022-01-03 04:00:00+01:00,44990.07,44.99007,8.8,85,0,0,4,0,1
2022-01-03 04:00:00+00:00,2022-01-03 05:00:00+01:00,48821.5225,48.8215225,8.6,88,0,0,5,0,1
2022-01-03 05:00:00+00:00,2022-01-03 06:00:00+01:00,55943.175,55.943175000000004,8.9,86,0,0,6,0,1
2022-01-03 06:00:00+00:00,2022-01-03 07:00:00+01:00,62190.8625,62.1908625,8.3,85,0,0,7,0,1
2022-01-03 07:00:00+00:00,2022-01-03 08:00:00+01:00,65713.2575,65.71325750000001,7.9,86,0,1,8,0,1
2022-01-03 08:00:00+00:00,2022-01-03 09:00:00+01:00,67137.635,67.13763499999999,7.7,87,0,1,9,0,1
2022-01-03 09:00:00+00:00,2022-01-03 10:00:00+01:00,68583.945,68.583945,8.7,85,0,1,10,0,1
2022-01-03 10:00:00+00:00,2022-01-03 11:00:00+01:00,70182.4375,70.1824375,9.7,83,0,1,11,0,1
2022-01-03 11:00:00+00:00,2022-01-03 12:00:00+01:00,70809.51999999999,70.80951999999999,10.6,81,0,1,12,0,1
2022-01-03 12:00:00+00:00,2022-01-03 13:00:00+01:00,69990.44750000001,69.99044750000002,9.8,82,0,1,13,0,1
2022-01-03 13:00:00+00:00,2022-01-03 14:00:00+01:00,68955.0675,68.9550675,8.8,91,0,1,14,0,1
2022-01-03 14:00:00+00:00,2022-01-03 15:00:00+01:00,67996.66,67.99666,9.5,88,0,1,15,0,1
2022-01-03 15:00:00+00:00,2022-01-03 16:00:00+01:00,68686.0375,68.68603750000001,9.1,88,0,1,16,0,1
2022-01-03 16:00:00+00:00,2022-01-03 17:00:00+01:00,71091.98999999999,71.09199,9.3,89,0,1,17,0,1
2022-01-03 17:00:00+00:00,2022-01-03 18:00:00+01:00,70851.0675,70.8510675,9.5,86,0,1,18,0,1
2022-01-03 18:00:00+00:00,2022-01-03 19:00:00+01:00,68832.91,68.83291,9.4,86,0,1,19,0,1
2022-01-03 19:00:00+00:00,2022-01-03 20:00:00+01:00,64742.34,64.74234,9.4,86,0,1,20,0,1
2022-01-03 20:00:00+00:00,2022-01-03 21:00:00+01:00,60905.21,60.90521,9.3,88,0,0,21,0,1
2022-01-03 21:00:00+00:00,2022-01-03 22:00:00+01:00,58051.685,58.051685,9.0,91,0,0,22,0,1
2022-01-03 22:00:00+00:00,2022-01-03 23:00:00+01:00,54269.4225,54.2694225,8.9,92,0,0,23,0,1
2022-01-03 23:00:00+00:00,2022-01-04 00:00:00+01:00,51190.9025,51.1909025,8.8,94,0,0,0,1,1
2022-01-04 00:00:00+00:00,2022-01-04 01:00:00+01:00,48913.5475,48.9135475,8.6,96,0,0,1,1,1
2022-01-04 01:00:00+00:00,2022-01-04 02:00:00+01:00,48106.7025,48.1067025,8.4,97,0,0,2,1,1
2022-01-04 02:00:00+00:00,2022-01-04 03:00:00+01:00,48576.8275,48.5768275,8.5,96,0,0,3,1,1
2022-01-04 03:00:00+00:00,2022-01-04 04:00:00+01:00,49886.575,49.886575,8.5,97,0,0,4,1,1
2022-01-04 04:00:00+00:00,2022-01-04 05:00:00+01:00,52648.8375,52.6488375,9.1,94,0,0,5,1,1
2022-01-04 05:00:00+00:00,2022-01-04 06:00:00+01:00,58229.0225,58.2290225,10.1,91,0,0,6,1,1
2022-01-04 06:00:00+00:00,2022-01-04 07:00:00+01:00,63231.5275,63.2315275,9.9,93,0,0,7,1,1
2022-01-04 07:00:00+00:00,2022-01-04 08:00:00+01:00,66766.43,66.76643,10.0,92,0,1,8,1,1
2022-01-04 08:00:00+00:00,2022-01-04 09:00:00+01:00,68155.9225,68.1559225,9.7,94,0,1,9,1,1
2022-01-04 09:00:00+00:00,2022-01-04 10:00:00+01:00,68967.475,68.96747500000001,8.2,91,0,1,10,1,1
2022-01-04 10:00:00+00:00,2022-01-04 11:00:00+01:00,70204.7125,70.2047125,7.7,91,0,1,11,1,1
2022-01-04 11:00:00+00:00,2022-01-04 12:00:00+01:00,70506.575,70.506575,7.7,89,0,1,12,1,1
2022-01-04 12:00:00+00:00,2022-01-04 13:00:00+01:00,69424.765,69.424765,5.9,89,0,1,13,1,1
2022-01-04 13:00:00+00:00,2022-01-04 14:00:00+01:00,68840.26999999999,68.84026999999999,6.0,90,0,1,14,1,1
2022-01-04 14:00:00+00:00,2022-01-04 15:00:00+01:00,68555.675,68.55567500000001,5.8,93,0,1,15,1,1
2022-01-04 15:00:00+00:00,2022-01-04 16:00:00+01:00,69369.55249999999,69.3695525,5.6,94,0,1,16,1,1
2022-01-04 16:00:00+00:00,2022-01-04 17:00:00+01:00,70844.1175,70.8441175,5.4,94,0,1,17,1,1
2022-01-04 17:00:00+00:00,2022-01-04 18:00:00+01:00,70538.03,70.53802999999999,5.4,93,0,1,18,1,1
2022-01-04 18:00:00+00:00,2022-01-04 19:00:00+01:00,69071.9325,69.07193249999999,5.4,94,0,1,19,1,1
2022-01-04 19:00:00+00:00,2022-01-04 20:00:00+01:00,65302.125,65.302125,5.2,95,0,1,20,1,1
2022-01-04 20:00:00+00:00,2022-01-04 21:00:00+01:00,62132.8925,62.132892500000004,5.4,95,0,0,21,1,1
2022-01-04 21:00:00+00:00,2022-01-04 22:00:00+01:00,59178.542499999996,59.1785425,5.9,93,0,0,22,1,1
2022-01-04 22:00:00+00:00,2022-01-04 23:00:00+01:00,55609.32,55.60932,6.0,92,0,0,23,1,1
2022-01-04 23:00:00+00:00,2022-01-05 00:00:00+01:00,52945.1975,52.9451975,6.3,91,0,0,0,2,1
2022-01-05 00:00:00+00:00,2022-01-05 01:00:00+01:00,50996.735,50.996735,6.1,95,0,0,1,2,1
2022-01-05 01:00:00+00:00,2022-01-05 02:00:00+01:00,50078.8025,50.078802499999995,6.1,95,0,0,2,2,1
2022-01-05 02:00:00+00:00,2022-01-05 03:00:00+01:00,51077.1625,51.0771625,6.2,91,0,0,3,2,1
2022-01-05 03:00:00+00:00,2022-01-05 04:00:00+01:00,52698.86,52.69886,4.4,83,0,0,4,2,1
2022-01-05 04:00:00+00:00,2022-01-05 05:00:00+01:00,56027.93,56.02793,3.6,84,0,0,5,2,1
2022-01-05 05:00:00+00:00,2022-01-05 06:00:00+01:00,61976.6225,61.9766225,3.3,85,0,0,6,2,1
2022-01-05 06:00:00+00:00,2022-01-05 07:00:00+01:00,67623.165,67.623165,3.0,85,0,0,7,2,1
2022-01-05 07:00:00+00:00,2022-01-05 08:00:00+01:00,70964.51,70.96450999999999,1.8,83,0,1,8,2,1
2022-01-05 08:00:00+00:00,2022-01-05 09:00:00+01:00,72425.89,72.42589,1.1,82,0,1,9,2,1
2022-01-05 09:00:00+00:00,2022-01-05 10:00:00+01:00,73534.7675,73.5347675,1.5,79,0,1,10,2,1
2022-01-05 10:00:00+00:00,2022-01-05 11:00:00+01:00,75146.2425,75.1462425,2.4,76,0,1,11,2,1
2022-01-05 11:00:00+00:00,2022-01-05 12:00:00+01:00,74969.0775,74.9690775,3.1,70,0,1,12,2,1
2022-01-05 12:00:00+00:00,2022-01-05 13:00:00+01:00,74232.0325,74.2320325,3.4,73,0,1,13,2,1
2022-01-05 13:00:00+00:00,2022-01-05 14:00:00+01:00,72741.425,72.741425,3.8,66,0,1,14,2,1
2022-01-05 14:00:00+00:00,2022-01-05 15:00:00+01:00,71924.4425,71.9244425,4.2,63,0,1,15,2,1
2022-01-05 15:00:00+00:00,2022-01-05 16:00:00+01:00,72544.2475,72.5442475,4.2,64,0,1,16,2,1
2022-01-05 16:00:00+00:00,2022-01-05 17:00:00+01:00,74558.8625,74.5588625,4.3,67,0,1,17,2,1
2022-01-05 17:00:00+00:00,2022-01-05 18:00:00+01:00,74150.2375,74.1502375,4.4,73,0,1,18,2,1
2022-01-05 18:00:00+00:00,2022-01-05 19:00:00+01:00,72137.5125,72.1375125,4.6,74,0,1,19,2,1
2022-01-05 19:00:00+00:00,2022-01-05 20:00:00+01:00,68141.6075,68.14160749999999,4.4,75,0,1,20,2,1
2022-01-05 20:00:00+00:00,2022-01-05 21:00:00+01:00,64745.7,64.7457,4.2,76,0,0,21,2,1
2022-01-05 21:00:00+00:00,2022-01-05 22:00:00+01:00,61580.07,61.58007,4.3,78,0,0,22,2,1
2022-01-05 22:00:00+00:00,2022-01-05 23:00:00+01:00,58019.9325,58.0199325,4.6,77,0,0,23,2,1
2022-01-05 23:00:00+00:00,2022-01-06 00:00:00+01:00,55305.115,55.305115,4.8,78,0,0,0,3,1
2022-01-06 00:00:00+00:00,2022-01-06 01:00:00+01:00,54147.2575,54.1472575,4.4,79,0,0,1,3,1
2022-01-06 01:00:00+00:00,2022-01-06 02:00:00+01:00,53066.0125,53.0660125,3.8,83,0,0,2,3,1
2022-01-06 02:00:00+00:00,2022-01-06 03:00:00+01:00,52570.1825,52.5701825,3.0,86,0,0,3,3,1
2022-01-06 03:00:00+00:00,2022-01-06 04:00:00+01:00,53199.1875,53.1991875,2.5,88,0,0,4,3,1
2022-01-06 04:00:00+00:00,2022-01-06 05:00:00+01:00,54861.6975,54.861697500000005,2.4,89,0,0,5,3,1
2022-01-06 05:00:00+00:00,2022-01-06 06:00:00+01:00,58568.072499999995,58.56807249999999,2.3,88,0,0,6,3,1
2022-01-06 06:00:00+00:00,2022-01-06 07:00:00+01:00,63029.1225,63.0291225,1.8,89,0,0,7,3,1
2022-01-06 07:00:00+00:00,2022-01-06 08:00:00+01:00,65252.2575,65.2522575,1.2,91,0,1,8,3,1
2022-01-06 08:00:00+00:00,2022-01-06 09:00:00+01:00,66287.9775,66.2879775,1.7,90,0,1,9,3,1
2022-01-06 09:00:00+00:00,2022-01-06 10:00:00+01:00,66761.48999999999,66.76149,2.8,86,0,1,10,3,1
2022-01-06 10:00:00+00:00,2022-01-06 11:00:00+01:00,67316.2525,67.3162525,3.5,81,0,1,11,3,1
2022-01-06 11:00:00+00:00,2022-01-06 12:00:00+01:00,66664.36,66.66436,4.2,76,0,1,12,3,1
2022-01-06 12:00:00+00:00,2022-01-06 13:00:00+01:00,65227.92,65.22792,5.3,69,0,1,13,3,1
2022-01-06 13:00:00+00:00,2022-01-06 14:00:00+01:00,63836.905,63.836905,5.5,67,0,1,14,3,1
2022-01-06 14:00:00+00:00,2022-01-06 15:00:00+01:00,63357.91,63.357910000000004,5.3,66,0,1,15,3,1
2022-01-06 15:00:00+00:00,2022-01-06 16:00:00+01:00,64604.395000000004,64.60439500000001,3.2,83,0,1,16,3,1
2022-01-06 16:00:00+00:00,2022-01-06 17:00:00+01:00,68408.775,68.40877499999999,0.5,87,0,1,17,3,1
2022-01-06 17:00:00+00:00,2022-01-06 18:00:00+01:00,68862.0075,68.8620075,-0.5,90,0,1,18,3,1
2022-01-06 18:00:00+00:00,2022-01-06 19:00:00+01:00,67820.145,67.82014500000001,-1.2,91,0,1,19,3,1
2022-01-06 19:00:00+00:00,2022-01-06 20:00:00+01:00,65273.979999999996,65.27398,-1.5,91,0,1,20,3,1
2022-01-06 20:00:00+00:00,2022-01-06 21:00:00+01:00,62368.585,62.368584999999996,-2.2,93,0,0,21,3,1
2022-01-06 21:00:00+00:00,2022-01-06 22:00:00+01:00,60537.0975,60.5370975,-1.0,92,0,0,22,3,1
2022-01-06 22:00:00+00:00,2022-01-06 23:00:00+01:00,57753.525,57.753525,-0.7,94,0,0,23,3,1
2022-01-06 23:00:00+00:00,2022-01-07 00:00:00+01:00,54435.9,54.435900000000004,-0.9,94,0,0,0,4,1
2022-01-07 00:00:00+00:00,2022-01-07 01:00:00+01:00,52843.565,52.843565000000005,-0.6,96,0,0,1,4,1
2022-01-07 01:00:00+00:00,2022-01-07 02:00:00+01:00,51918.065,51.918065000000006,-0.6,96,0,0,2,4,1
2022-01-07 02:00:00+00:00,2022-01-07 03:00:00+01:00,52090.847499999996,52.090847499999995,-0.4,96,0,0,3,4,1
2022-01-07 03:00:00+00:00,2022-01-07 04:00:00+01:00,53793.56,53.79356,0.3,96,0,0,4,4,1
2022-01-07 04:00:00+00:00,2022-01-07 05:00:00+01:00,56616.445,56.616445,0.4,96,0,0,5,4,1
2022-01-07 05:00:00+00:00,2022-01-07 06:00:00+01:00,62022.2525,62.0222525,0.5,94,0,0,6,4,1
2022-01-07 06:00:00+00:00,2022-01-07 07:00:00+01:00,67298.27,67.29827,0.3,93,0,0,7,4,1
2022-01-07 07:00:00+00:00,2022-01-07 08:00:00+01:00,70496.62,70.49662,0.5,91,0,1,8,4,1
2022-01-07 08:00:00+00:00,2022-01-07 09:00:00+01:00,72317.2325,72.3172325,0.8,91,0,1,9,4,1
2022-01-07 09:00:00+00:00,2022-01-07 10:00:00+01:00,73058.26,73.05825999999999,1.0,91,0,1,10,4,1
2022-01-07 10:00:00+00:00,2022-01-07 11:00:00+01:00,73870.3725,73.8703725,1.1,93,0,1,11,4,1
2022-01-07 11:00:00+00:00,2022-01-07 12:00:00+01:00,74038.535,74.03853500000001,1.9,89,0,1,12,4,1
2022-01-07 12:00:00+00:00,2022-01-07 13:00:00+01:00,72163.855,72.163855,1.5,90,0,1,13,4,1
2022-01-07 13:00:00+00:00,2022-01-07 14:00:00+01:00,71270.7775,71.2707775,1.9,89,0,1,14,4,1
2022-01-07 14:00:00+00:00,2022-01-07 15:00:00+01:00,70695.0325,70.6950325,2.4,87,0,1,15,4,1
2022-01-07 15:00:00+00:00,2022-01-07 16:00:00+01:00,70894.17499999999,70.89417499999999,2.9,85,0,1,16,4,1
2022-01-07 16:00:00+00:00,2022-01-07 17:00:00+01:00,72445.6725,72.4456725,3.0,84,0,1,17,4,1
2022-01-07 17:00:00+00:00,2022-01-07 18:00:00+01:00,71422.69,71.42269,2.9,84,0,1,18,4,1
2022-01-07 18:00:00+00:00,2022-01-07 19:00:00+01:00,69095.13,69.09513000000001,2.7,87,0,1,19,4,1
2022-01-07 19:00:00+00:00,2022-01-07 20:00:00+01:00,65298.895000000004,65.298895,2.7,89,0,1,20,4,1
2022-01-07 20:00:00+00:00,2022-01-07 21:00:00+01:00,62161.8375,62.161837500000004,2.6,90,0,0,21,4,1
2022-01-07 21:00:00+00:00,2022-01-07 22:00:00+01:00,59666.8725,59.6668725,2.2,92,0,0,22,4,1
2022-01-07 22:00:00+00:00,2022-01-07 23:00:00+01:00,56399.305,56.399305,2.8,90,0,0,23,4,1
2022-01-07 23:00:00+00:00,2022-01-08 00:00:00+01:00,53252.2575,53.2522575,2.4,92,1,0,0,5,1
2022-01-08 00:00:00+00:00,2022-01-08 01:00:00+01:00,51067.525,51.067525,2.8,91,1,0,1,5,1
2022-01-08 01:00:00+00:00,2022-01-08 02:00:00+01:00,50128.4,50.1284,1.9,97,1,0,2,5,1
2022-01-08 02:00:00+00:00,2022-01-08 03:00:00+01:00,50051.95,50.05195,1.2,100,1,0,3,5,1
2022-01-08 03:00:00+00:00,2022-01-08 04:00:00+01:00,49586.71,49.58671,1.1,100,1,0,4,5,1
2022-01-08 04:00:00+00:00,2022-01-08 05:00:00+01:00,49655.3875,49.655387499999996,1.1,100,1,0,5,5,1
2022-01-08 05:00:00+00:00,2022-01-08 06:00:00+01:00,50806.1275,50.8061275,1.3,96,1,0,6,5,1
2022-01-08 06:00:00+00:00,2022-01-08 07:00:00+01:00,53035.887500000004,53.0358875,1.4,87,1,0,7,5,1
2022-01-08 07:00:00+00:00,2022-01-08 08:00:00+01:00,56322.915,56.322915,0.9,90,1,1,8,5,1
2022-01-08 08:00:00+00:00,2022-01-08 09:00:00+01:00,60166.11,60.16611,0.7,93,1,1,9,5,1
2022-01-08 09:00:00+00:00,2022-01-08 10:00:00+01:00,62031.6025,62.0316025,1.5,90,1,1,10,5,1
2022-01-08 10:00:00+00:00,2022-01-08 11:00:00+01:00,63587.95,63.58795,1.8,88,1,1,11,5,1
2022-01-08 11:00:00+00:00,2022-01-08 12:00:00+01:00,63754.770000000004,63.75477,1.3,88,1,1,12,5,1
2022-01-08 12:00:00+00:00,2022-01-08 13:00:00+01:00,62702.42,62.70242,2.8,81,1,1,13,5,1
2022-01-08 13:00:00+00:00,2022-01-08 14:00:00+01:00,61766.005000000005,61.76600500000001,3.1,78,1,1,14,5,1
2022-01-08 14:00:00+00:00,2022-01-08 15:00:00+01:00,61997.6925,61.9976925,2.9,81,1,1,15,5,1
2022-01-08 15:00:00+00:00,2022-01-08 16:00:00+01:00,63693.97,63.69397,2.8,79,1,1,16,5,1
2022-01-08 16:00:00+00:00,2022-01-08 17:00:00+01:00,67344.17749999999,67.34417749999999,1.9,86,1,1,17,5,1
2022-01-08 17:00:00+00:00,2022-01-08 18:00:00+01:00,67640.7175,67.6407175,1.8,89,1,1,18,5,1
2022-01-08 18:00:00+00:00,2022-01-08 19:00:00+01:00,65648.1575,65.6481575,2.5,84,1,1,19,5,1
2022-01-08 19:00:00+00:00,2022-01-08 20:00:00+01:00,62516.085,62.516085,2.8,84,1,1,20,5,1
2022-01-08 20:00:00+00:00,2022-01-08 21:00:00+01:00,59697.815,59.697815000000006,3.1,84,1,0,21,5,1
2022-01-08 21:00:00+00:00,2022-01-08 22:00:00+01:00,58375.12,58.37512,3.5,83,1,0,22,5,1
2022-01-08 22:00:00+00:00,2022-01-08 23:00:00+01:00,55561.69,55.561690000000006,3.8,85,1,0,23,5,1
2022-01-08 23:00:00+00:00,2022-01-09 00:00:00+01:00,52435.04,52.43504,3.9,89,1,0,0,6,1
2022-01-09 00:00:00+00:00,2022-01-09 01:00:00+01:00,50339.6475,50.3396475,3.7,90,1,0,1,6,1
2022-01-09 01:00:00+00:00,2022-01-09 02:00:00+01:00,49037.7325,49.0377325,3.7,92,1,0,2,6,1
2022-01-09 02:00:00+00:00,2022-01-09 03:00:00+01:00,48267.1975,48.2671975,3.2,96,1,0,3,6,1
2022-01-09 03:00:00+00:00,2022-01-09 04:00:00+01:00,48582.417499999996,48.5824175,3.5,96,1,0,4,6,1
2022-01-09 04:00:00+00:00,2022-01-09 05:00:00+01:00,48279.2325,48.2792325,4.1,93,1,0,5,6,1
2022-01-09 05:00:00+00:00,2022-01-09 06:00:00+01:00,48122.5275,48.1225275,3.9,90,1,0,6,6,1
2022-01-09 06:00:00+00:00,2022-01-09 07:00:00+01:00,49974.520000000004,49.974520000000005,3.9,89,1,0,7,6,1
2022-01-09 07:00:00+00:00,2022-01-09 08:00:00+01:00,52754.43,52.75443,4.0,89,1,1,8,6,1
2022-01-09 08:00:00+00:00,2022-01-09 09:00:00+01:00,56630.095,56.630095000000004,4.4,84,1,1,9,6,1
2022-01-09 09:00:00+00:00,2022-01-09 10:00:00+01:00,59040.63,59.04063,4.3,84,1,1,10,6,1
2022-01-09 10:00:00+00:00,2022-01-09 11:00:00+01:00,61166.0475,61.1660475,4.7,82,1,1,11,6,1
2022-01-09 11:00:00+00:00,2022-01-09 12:00:00+01:00,61105.09,61.10509,5.1,77,1,1,12,6,1
2022-01-09 12:00:00+00:00,2022-01-09 13:00:00+01:00,59132.6475,59.1326475,5.5,80,1,1,13,6,1
2022-01-09 13:00:00+00:00,2022-01-09 14:00:00+01:00,57760.8,57.7608,5.0,80,1,1,14,6,1
2022-01-09 14:00:00+00:00,2022-01-09 15:00:00+01:00,57171.985,57.171985,4.9,83,1,1,15,6,1
2022-01-09 15:00:00+00:00,2022-01-09 16:00:00+01:00,58727.9325,58.7279325,4.4,85,1,1,16,6,1
2022-01-09 16:00:00+00:00,2022-01-09 17:00:00+01:00,62192.51,62.19251,2.9,93,1,1,17,6,1
2022-01-09 17:00:00+00:00,2022-01-09 18:00:00+01:00,62832.7875,62.8327875,2.7,93,1,1,18,6,1
2022-01-09 18:00:00+00:00,2022-01-09 19:00:00+01:00,60940.515,60.940515,2.0,93,1,1,19,6,1
2022-01-09 19:00:00+00:00,2022-01-09 20:00:00+01:00,58231.5975,58.23159750000001,1.2,94,1,1,20,6,1
2022-01-09 20:00:00+00:00,2022-01-09 21:00:00+01:00,56014.84,56.01484,0.0,94,1,0,21,6,1
2022-01-09 21:00:00+00:00,2022-01-09 22:00:00+01:00,55117.2025,55.1172025,0.0,94,1,0,22,6,1
2022-01-09 22:00:00+00:00,2022-01-09 23:00:00+01:00,52342.2,52.3422,-0.9,94,1,0,23,6,1
2022-01-09 23:00:00+00:00,2022-01-10 00:00:00+01:00,50289.625,50.289625,-1.2,95,0,0,0,0,1
2022-01-10 00:00:00+00:00,2022-01-10 01:00:00+01:00,48776.5925,48.7765925,-0.8,94,0,0,1,0,1
2022-01-10 01:00:00+00:00,2022-01-10 02:00:00+01:00,48446.9525,48.4469525,-0.3,92,0,0,2,0,1
2022-01-10 02:00:00+00:00,2022-01-10 03:00:00+01:00,48780.6475,48.7806475,-1.2,93,0,0,3,0,1
2022-01-10 03:00:00+00:00,2022-01-10 04:00:00+01:00,50251.665,50.251665,-1.3,92,0,0,4,0,1
2022-01-10 04:00:00+00:00,2022-01-10 05:00:00+01:00,54189.145000000004,54.189145,-2.5,94,0,0,5,0,1
2022-01-10 05:00:00+00:00,2022-01-10 06:00:00+01:00,62175.6325,62.1756325,-1.1,91,0,0,6,0,1
2022-01-10 06:00:00+00:00,2022-01-10 07:00:00+01:00,68744.20999999999,68.74421,-1.7,92,0,0,7,0,1
2022-01-10 07:00:00+00:00,2022-01-10 08:00:00+01:00,72358.0125,72.3580125,-2.6,95,0,1,8,0,1
2022-01-10 08:00:00+00:00,2022-01-10 09:00:00+01:00,72628.9975,72.6289975,-1.3,97,0,1,9,0,1
2022-01-10 09:00:00+00:00,2022-01-10 10:00:00+01:00,72871.72,72.87172,-0.2,97,0,1,10,0,1
2022-01-10 10:00:00+00:00,2022-01-10 11:00:00+01:00,73301.605,73.301605,1.2,95,0,1,11,0,1
2022-01-10 11:00:00+00:00,2022-01-10 12:00:00+01:00,73415.0175,73.4150175,2.0,92,0,1,12,0,1
2022-01-10 12:00:00+00:00,2022-01-10 13:00:00+01:00,72594.31,72.59431,3.3,89,0,1,13,0,1
2022-01-10 13:00:00+00:00,2022-01-10 14:00:00+01:00,71392.1575,71.3921575,4.2,86,0,1,14,0,1
2022-01-10 14:00:00+00:00,2022-01-10 15:00:00+01:00,70955.87,70.95586999999999,4.2,86,0,1,15,0,1
2022-01-10 15:00:00+00:00,2022-01-10 16:00:00+01:00,71238.39,71.23839,2.9,93,0,1,16,0,1
2022-01-10 16:00:00+00:00,2022-01-10 17:00:00+01:00,73926.69,73.92669000000001,0.4,96,0,1,17,0,1
2022-01-10 17:00:00+00:00,2022-01-10 18:00:00+01:00,73795.7725,73.79577250000001,1.9,94,0,1,18,0,1
2022-01-10 18:00:00+00:00,2022-01-10 19:00:00+01:00,72025.09,72.02508999999999,-0.2,100,0,1,19,0,1
2022-01-10 19:00:00+00:00,2022-01-10 20:00:00+01:00,67958.39,67.95839,-1.8,98,0,1,20,0,1
2022-01-10 20:00:00+00:00,2022-01-10 21:00:00+01:00,64165.295,64.165295,-1.8,97,0,0,21,0,1
2022-01-10 21:00:00+00:00,2022-01-10 22:00:00+01:00,61228.08,61.22808,-1.4,97,0,0,22,0,1
2022-01-10 22:00:00+00:00,2022-01-10 23:00:00+01:00,57664.7825,57.6647825,-1.7,98,0,0,23,0,1
2022-01-10 23:00:00+00:00,2022-01-11 00:00:00+01:00,55792.2725,55.792272499999996,-1.9,99,0,0,0,1,1
2022-01-11 00:00:00+00:00,2022-01-11 01:00:00+01:00,54168.3825,54.1683825,-0.3,93,0,0,1,1,1
2022-01-11 01:00:00+00:00,2022-01-11 02:00:00+01:00,53679.770000000004,53.679770000000005,-0.3,95,0,0,2,1,1
2022-01-11 02:00:00+00:00,2022-01-11 03:00:00+01:00,53719.105,53.719105000000006,-0.5,97,0,0,3,1,1
2022-01-11 03:00:00+00:00,2022-01-11 04:00:00+01:00,54912.2325,54.9122325,-0.6,97,0,0,4,1,1
2022-01-11 04:00:00+00:00,2022-01-11 05:00:00+01:00,57983.6,57.983599999999996,-0.7,97,0,0,5,1,1
2022-01-11 05:00:00+00:00,2022-01-11 06:00:00+01:00,64461.975,64.461975,-0.9,97,0,0,6,1,1
2022-01-11 06:00:00+00:00,2022-01-11 07:00:00+01:00,70447.7425,70.44774249999999,-0.9,96,0,0,7,1,1
2022-01-11 07:00:00+00:00,2022-01-11 08:00:00+01:00,73205.175,73.205175,-1.0,97,0,1,8,1,1
2022-01-11 08:00:00+00:00,2022-01-11 09:00:00+01:00,73496.305,73.49630499999999,-1.1,98,0,1,9,1,1
2022-01-11 09:00:00+00:00,2022-01-11 10:00:00+01:00,73864.2925,73.86429249999999,-0.9,97,0,1,10,1,1
2022-01-11 10:00:00+00:00,2022-01-11 11:00:00+01:00,74602.3425,74.60234249999999,-0.4,98,0,1,11,1,1
2022-01-11 11:00:00+00:00,2022-01-11 12:00:00+01:00,74231.5125,74.2315125,0.5,95,0,1,12,1,1
2022-01-11 12:00:00+00:00,2022-01-11 13:00:00+01:00,72722.485,72.722485,3.2,89,0,1,13,1,1
2022-01-11 13:00:00+00:00,2022-01-11 14:00:00+01:00,71501.255,71.501255,3.8,87,0,1,14,1,1
2022-01-11 14:00:00+00:00,2022-01-11 15:00:00+01:00,71126.6,71.12660000000001,4.2,85,0,1,15,1,1
2022-01-11 15:00:00+00:00,2022-01-11 16:00:00+01:00,71603.18,71.60318,3.5,92,0,1,16,1,1
2022-01-11 16:00:00+00:00,2022-01-11 17:00:00+01:00,74332.4225,74.3324225,1.3,94,0,1,17,1,1
2022-01-11 17:00:00+00:00,2022-01-11 18:00:00+01:00,74128.505,74.128505,1.2,95,0,1,18,1,1
2022-01-11 18:00:00+00:00,2022-01-11 19:00:00+01:00,72431.8175,72.43181750000001,1.3,93,0,1,19,1,1
2022-01-11 19:00:00+00:00,2022-01-11 20:00:00+01:00,68485.5225,68.4855225,1.4,93,0,1,20,1,1
2022-01-11 20:00:00+00:00,2022-01-11 21:00:00+01:00,64884.5275,64.88452749999999,1.6,93,0,0,21,1,1
2022-01-11 21:00:00+00:00,2022-01-11 22:00:00+01:00,61975.8475,61.9758475,1.3,93,0,0,22,1,1
2022-01-11 22:00:00+00:00,2022-01-11 23:00:00+01:00,58332.9675,58.3329675,1.3,92,0,0,23,1,1
2022-01-11 23:00:00+00:00,2022-01-12 00:00:00+01:00,55697.8025,55.697802499999995,0.8,92,0,0,0,2,1
2022-01-12 00:00:00+00:00,2022-01-12 01:00:00+01:00,54317.255,54.317254999999996,0.8,92,0,0,1,2,1
2022-01-12 01:00:00+00:00,2022-01-12 02:00:00+01:00,53484.2475,53.484247499999995,0.2,93,0,0,2,2,1
2022-01-12 02:00:00+00:00,2022-01-12 03:00:00+01:00,53830.1025,53.8301025,-0.7,93,0,0,3,2,1
2022-01-12 03:00:00+00:00,2022-01-12 04:00:00+01:00,55021.85,55.02185,-1.8,94,0,0,4,2,1
2022-01-12 04:00:00+00:00,2022-01-12 05:00:00+01:00,57473.229999999996,57.473229999999994,-2.2,93,0,0,5,2,1
2022-01-12 05:00:00+00:00,2022-01-12 06:00:00+01:00,64377.9925,64.3779925,-2.1,94,0,0,6,2,1
2022-01-12 06:00:00+00:00,2022-01-12 07:00:00+01:00,70659.7525,70.6597525,-1.1,95,0,0,7,2,1
2022-01-12 07:00:00+00:00,2022-01-12 08:00:00+01:00,73078.745,73.078745,-0.2,93,0,1,8,2,1
2022-01-12 08:00:00+00:00,2022-01-12 09:00:00+01:00,73512.26,73.51226,-0.5,94,0,1,9,2,1
2022-01-12 09:00:00+00:00,2022-01-12 10:00:00+01:00,74251.0,74.251,0.6,91,0,1,10,2,1
2022-01-12 10:00:00+00:00,2022-01-12 11:00:00+01:00,74355.275,74.35527499999999,1.8,89,0,1,11,2,1
2022-01-12 11:00:00+00:00,2022-01-12 12:00:00+01:00,73864.83,73.86483,2.6,84,0,1,12,2,1
2022-01-12 12:00:00+00:00,2022-01-12 13:00:00+01:00,73073.91,73.07391,3.7,74,0,1,13,2,1
2022-01-12 13:00:00+00:00,2022-01-12 14:00:00+01:00,72045.0625,72.0450625,4.0,72,0,1,14,2,1
2022-01-12 14:00:00+00:00,2022-01-12 15:00:00+01:00,71941.87,71.94187,4.2,72,0,1,15,2,1
2022-01-12 15:00:00+00:00,2022-01-12 16:00:00+01:00,72486.7175,72.4867175,4.0,73,0,1,16,2,1
2022-01-12 16:00:00+00:00,2022-01-12 17:00:00+01:00,75464.29000000001,75.46429,3.5,77,0,1,17,2,1
2022-01-12 17:00:00+00:00,2022-01-12 18:00:00+01:00,75096.5125,75.0965125,3.0,80,0,1,18,2,1
2022-01-12 18:00:00+00:00,2022-01-12 19:00:00+01:00,73555.825,73.555825,1.1,89,0,1,19,2,1
2022-01-12 19:00:00+00:00,2022-01-12 20:00:00+01:00,69825.3125,69.8253125,1.5,86,0,1,20,2,1
2022-01-12 20:00:00+00:00,2022-01-12 21:00:00+01:00,66326.745,66.32674499999999,0.6,92,0,0,21,2,1
2022-01-12 21:00:00+00:00,2022-01-12 22:00:00+01:00,63243.4375,63.2434375,0.5,91,0,0,22,2,1
2022-01-12 22:00:00+00:00,2022-01-12 23:00:00+01:00,59855.97,59.85597,0.8,91,0,0,23,2,1
2022-01-12 23:00:00+00:00,2022-01-13 00:00:00+01:00,57344.4,57.3444,1.0,93,0,0,0,3,1
2022-01-13 00:00:00+00:00,2022-01-13 01:00:00+01:00,55766.1125,55.766112500000006,1.2,92,0,0,1,3,1
2022-01-13 01:00:00+00:00,2022-01-13 02:00:00+01:00,55177.665,55.177665,0.3,96,0,0,2,3,1
2022-01-13 02:00:00+00:00,2022-01-13 03:00:00+01:00,55931.185,55.931185,-0.3,97,0,0,3,3,1
2022-01-13 03:00:00+00:00,2022-01-13 04:00:00+01:00,56828.5225,56.8285225,0.2,96,0,0,4,3,1
2022-01-13 04:00:00+00:00,2022-01-13 05:00:00+01:00,60038.6475,60.038647499999996,0.3,95,0,0,5,3,1
2022-01-13 05:00:00+00:00,2022-01-13 06:00:00+01:00,67453.125,67.453125,0.1,96,0,0,6,3,1
2022-01-13 06:00:00+00:00,2022-01-13 07:00:00+01:00,73672.6925,73.67269250000001,-0.2,97,0,0,7,3,1
2022-01-13 07:00:00+00:00,2022-01-13 08:00:00+01:00,76411.6575,76.4116575,-0.4,97,0,1,8,3,1
2022-01-13 08:00:00+00:00,2022-01-13 09:00:00+01:00,76623.8475,76.6238475,-0.3,97,0,1,9,3,1
2022-01-13 09:00:00+00:00,2022-01-13 10:00:00+01:00,76547.3775,76.5473775,0.4,93,0,1,10,3,1
2022-01-13 10:00:00+00:00,2022-01-13 11:00:00+01:00,76780.84,76.78084,1.2,90,0,1,11,3,1
2022-01-13 11:00:00+00:00,2022-01-13 12:00:00+01:00,76524.375,76.524375,1.9,87,0,1,12,3,1
2022-01-13 12:00:00+00:00,2022-01-13 13:00:00+01:00,75383.7175,75.3837175,1.5,86,0,1,13,3,1
2022-01-13 13:00:00+00:00,2022-01-13 14:00:00+01:00,74379.4675,74.3794675,2.0,84,0,1,14,3,1
2022-01-13 14:00:00+00:00,2022-01-13 15:00:00+01:00,73898.2775,73.89827749999999,2.3,84,0,1,15,3,1
2022-01-13 15:00:00+00:00,2022-01-13 16:00:00+01:00,73735.2775,73.7352775,2.3,84,0,1,16,3,1
2022-01-13 16:00:00+00:00,2022-01-13 17:00:00+01:00,76599.9875,76.5999875,0.8,92,0,1,17,3,1
2022-01-13 17:00:00+00:00,2022-01-13 18:00:00+01:00,76670.0175,76.6700175,0.1,94,0,1,18,3,1
2022-01-13 18:00:00+00:00,2022-01-13 19:00:00+01:00,74887.1775,74.8871775,-0.3,94,0,1,19,3,1
2022-01-13 19:00:00+00:00,2022-01-13 20:00:00+01:00,71068.0375,71.0680375,-1.5,96,0,1,20,3,1
2022-01-13 20:00:00+00:00,2022-01-13 21:00:00+01:00,67381.825,67.38182499999999,-1.8,96,0,0,21,3,1
2022-01-13 21:00:00+00:00,2022-01-13 22:00:00+01:00,64692.807499999995,64.6928075,-2.0,97,0,0,22,3,1
2022-01-13 22:00:00+00:00,2022-01-13 23:00:00+01:00,61249.042499999996,61.249042499999995,-2.2,97,0,0,23,3,1
2022-01-13 23:00:00+00:00,2022-01-14 00:00:00+01:00,58409.4425,58.4094425,-2.4,97,0,0,0,4,1
2022-01-14 00:00:00+00:00,2022-01-14 01:00:00+01:00,56210.58,56.21058,-1.9,99,0,0,1,4,1
2022-01-14 01:00:00+00:00,2022-01-14 02:00:00+01:00,55637.575,55.637575,-1.6,99,0,0,2,4,1
2022-01-14 02:00:00+00:00,2022-01-14 03:00:00+01:00,56132.915,56.132915000000004,-1.7,99,0,0,3,4,1
2022-01-14 03:00:00+00:00,2022-01-14 04:00:00+01:00,57585.2975,57.5852975,-1.6,99,0,0,4,4,1
2022-01-14 04:00:00+00:00,2022-01-14 05:00:00+01:00,60576.3975,60.5763975,-1.7,99,0,0,5,4,1
2022-01-14 05:00:00+00:00,2022-01-14 06:00:00+01:00,67526.4325,67.5264325,-1.6,99,0,0,6,4,1
2022-01-14 06:00:00+00:00,2022-01-14 07:00:00+01:00,73357.75,73.35775,-1.4,99,0,0,7,4,1
2022-01-14 07:00:00+00:00,2022-01-14 08:00:00+01:00,76338.85750000001,76.33885750000002,-1.4,99,0,1,8,4,1
2022-01-14 08:00:00+00:00,2022-01-14 09:00:00+01:00,76334.27,76.33427,-1.2,99,0,1,9,4,1
2022-01-14 09:00:00+00:00,2022-01-14 10:00:00+01:00,75940.6725,75.9406725,-0.7,98,0,1,10,4,1
2022-01-14 10:00:00+00:00,2022-01-14 11:00:00+01:00,76030.29000000001,76.03029000000001,0.8,93,0,1,11,4,1
2022-01-14 11:00:00+00:00,2022-01-14 12:00:00+01:00,75462.755,75.462755,2.3,89,0,1,12,4,1
2022-01-14 12:00:00+00:00,2022-01-14 13:00:00+01:00,73687.1125,73.6871125,1.6,89,0,1,13,4,1
2022-01-14 13:00:00+00:00,2022-01-14 14:00:00+01:00,71910.09,71.91009,2.0,85,0,1,14,4,1
2022-01-14 14:00:00+00:00,2022-01-14 15:00:00+01:00,71188.6225,71.1886225,2.0,84,0,1,15,4,1
2022-01-14 15:00:00+00:00,2022-01-14 16:00:00+01:00,71812.155,71.812155,0.2,93,0,1,16,4,1
2022-01-14 16:00:00+00:00,2022-01-14 17:00:00+01:00,74046.71,74.04671,-0.2,95,0,1,17,4,1
2022-01-14 17:00:00+00:00,2022-01-14 18:00:00+01:00,73602.8225,73.60282249999999,-1.2,96,0,1,18,4,1
2022-01-14 18:00:00+00:00,2022-01-14 19:00:00+01:00,71411.69,71.41169000000001,-1.1,97,0,1,19,4,1
2022-01-14 19:00:00+00:00,2022-01-14 20:00:00+01:00,67133.11,67.13311,-3.5,99,0,1,20,4,1
2022-01-14 20:00:00+00:00,2022-01-14 21:00:00+01:00,63136.835,63.136835,-2.0,99,0,0,21,4,1
2022-01-14 21:00:00+00:00,2022-01-14 22:00:00+01:00,59943.6325,59.9436325,-2.0,96,0,0,22,4,1
2022-01-14 22:00:00+00:00,2022-01-14 23:00:00+01:00,56861.455,56.861455,-3.8,95,0,0,23,4,1
2022-01-14 23:00:00+00:00,2022-01-15 00:00:00+01:00,54313.735,54.313735,-3.3,96,1,0,0,5,1
2022-01-15 00:00:00+00:00,2022-01-15 01:00:00+01:00,52621.6275,52.6216275,-2.2,96,1,0,1,5,1
2022-01-15 01:00:00+00:00,2022-01-15 02:00:00+01:00,51669.3725,51.669372499999994,-1.7,97,1,0,2,5,1
2022-01-15 02:00:00+00:00,2022-01-15 03:00:00+01:00,50599.0125,50.5990125,-1.3,96,1,0,3,5,1
2022-01-15 03:00:00+00:00,2022-01-15 04:00:00+01:00,50765.8125,50.7658125,-1.0,96,1,0,4,5,1
2022-01-15 04:00:00+00:00,2022-01-15 05:00:00+01:00,50470.1425,50.4701425,-0.2,94,1,0,5,5,1
2022-01-15 05:00:00+00:00,2022-01-15 06:00:00+01:00,50799.4,50.7994,0.2,94,1,0,6,5,1
2022-01-15 06:00:00+00:00,2022-01-15 07:00:00+01:00,53672.475,53.672475,0.3,94,1,0,7,5,1
2022-01-15 07:00:00+00:00,2022-01-15 08:00:00+01:00,57037.805,57.037805,0.5,94,1,1,8,5,1
2022-01-15 08:00:00+00:00,2022-01-15 09:00:00+01:00,60029.265,60.029265,0.8,94,1,1,9,5,1
2022-01-15 09:00:00+00:00,2022-01-15 10:00:00+01:00,61769.287500000006,61.769287500000004,1.4,93,1,1,10,5,1
2022-01-15 10:00:00+00:00,2022-01-15 11:00:00+01:00,62738.9275,62.738927499999996,2.6,90,1,1,11,5,1
2022-01-15 11:00:00+00:00,2022-01-15 12:00:00+01:00,62380.15,62.38015,3.4,88,1,1,12,5,1
2022-01-15 12:00:00+00:00,2022-01-15 13:00:00+01:00,60789.93,60.78993,2.8,88,1,1,13,5,1
2022-01-15 13:00:00+00:00,2022-01-15 14:00:00+01:00,59377.04,59.37704,3.3,84,1,1,14,5,1
2022-01-15 14:00:00+00:00,2022-01-15 15:00:00+01:00,58994.7625,58.9947625,3.4,83,1,1,15,5,1
2022-01-15 15:00:00+00:00,2022-01-15 16:00:00+01:00,60309.72,60.30972,2.8,87,1,1,16,5,1
2022-01-15 16:00:00+00:00,2022-01-15 17:00:00+01:00,63373.4975,63.3734975,0.9,95,1,1,17,5,1
2022-01-15 17:00:00+00:00,2022-01-15 18:00:00+01:00,63970.1725,63.970172500000004,0.6,96,1,1,18,5,1
2022-01-15 18:00:00+00:00,2022-01-15 19:00:00+01:00,61873.005000000005,61.873005000000006,0.7,96,1,1,19,5,1
2022-01-15 19:00:00+00:00,2022-01-15 20:00:00+01:00,58350.21,58.35021,0.9,95,1,1,20,5,1
2022-01-15 20:00:00+00:00,2022-01-15 21:00:00+01:00,56207.6275,56.2076275,0.7,96,1,0,21,5,1
2022-01-15 21:00:00+00:00,2022-01-15 22:00:00+01:00,55014.5325,55.0145325,0.9,95,1,0,22,5,1
2022-01-15 22:00:00+00:00,2022-01-15 23:00:00+01:00,52183.61,52.18361,0.7,96,1,0,23,5,1
2022-01-15 23:00:00+00:00,2022-01-16 00:00:00+01:00,49437.520000000004,49.437520000000006,0.8,95,1,0,0,6,1
2022-01-16 00:00:00+00:00,2022-01-16 01:00:00+01:00,47787.0325,47.7870325,0.8,94,1,0,1,6,1
2022-01-16 01:00:00+00:00,2022-01-16 02:00:00+01:00,46892.45,46.89245,0.9,93,1,0,2,6,1
2022-01-16 02:00:00+00:00,2022-01-16 03:00:00+01:00,46423.1125,46.4231125,0.7,93,1,0,3,6,1
2022-01-16 03:00:00+00:00,2022-01-16 04:00:00+01:00,46904.119999999995,46.90411999999999,0.6,93,1,0,4,6,1
2022-01-16 04:00:00+00:00,2022-01-16 05:00:00+01:00,46974.29,46.97429,0.5,94,1,0,5,6,1
2022-01-16 05:00:00+00:00,2022-01-16 06:00:00+01:00,47898.58,47.89858,0.2,96,1,0,6,6,1
2022-01-16 06:00:00+00:00,2022-01-16 07:00:00+01:00,49936.285,49.936285000000005,-0.2,98,1,0,7,6,1
2022-01-16 07:00:00+00:00,2022-01-16 08:00:00+01:00,53159.8275,53.1598275,-0.1,92,1,1,8,6,1
2022-01-16 08:00:00+00:00,2022-01-16 09:00:00+01:00,57316.695,57.316695,-0.2,91,1,1,9,6,1
2022-01-16 09:00:00+00:00,2022-01-16 10:00:00+01:00,60017.78,60.01778,0.3,89,1,1,10,6,1
2022-01-16 10:00:00+00:00,2022-01-16 11:00:00+01:00,62664.149999999994,62.66414999999999,1.3,86,1,1,11,6,1
2022-01-16 11:00:00+00:00,2022-01-16 12:00:00+01:00,63404.307499999995,63.404307499999994,2.0,84,1,1,12,6,1
2022-01-16 12:00:00+00:00,2022-01-16 13:00:00+01:00,62518.652500000004,62.5186525,1.3,87,1,1,13,6,1
2022-01-16 13:00:00+00:00,2022-01-16 14:00:00+01:00,61524.655,61.524654999999996,2.6,82,1,1,14,6,1
2022-01-16 14:00:00+00:00,2022-01-16 15:00:00+01:00,61073.0775,61.0730775,3.6,79,1,1,15,6,1
2022-01-16 15:00:00+00:00,2022-01-16 16:00:00+01:00,62300.5325,62.3005325,3.3,80,1,1,16,6,1
2022-01-16 16:00:00+00:00,2022-01-16 17:00:00+01:00,65770.3425,65.7703425,3.3,81,1,1,17,6,1
2022-01-16 17:00:00+00:00,2022-01-16 18:00:00+01:00,66308.1325,66.30813250000001,2.4,89,1,1,18,6,1
2022-01-16 18:00:00+00:00,2022-01-16 19:00:00+01:00,64760.4775,64.76047750000001,2.1,90,1,1,19,6,1
2022-01-16 19:00:00+00:00,2022-01-16 20:00:00+01:00,60663.79,60.66379,2.4,88,1,1,20,6,1
2022-01-16 20:00:00+00:00,2022-01-16 21:00:00+01:00,59363.9025,59.363902499999995,1.9,89,1,0,21,6,1
2022-01-16 21:00:00+00:00,2022-01-16 22:00:00+01:00,58735.2175,58.7352175,2.0,88,1,0,22,6,1
2022-01-16 22:00:00+00:00,2022-01-16 23:00:00+01:00,55906.2125,55.9062125,2.0,89,1,0,23,6,1
2022-01-16 23:00:00+00:00,2022-01-17 00:00:00+01:00,53805.04,53.80504,1.7,92,0,0,0,0,1
2022-01-17 00:00:00+00:00,2022-01-17 01:00:00+01:00,52393.697499999995,52.393697499999995,2.6,88,0,0,1,0,1
2022-01-17 01:00:00+00:00,2022-01-17 02:00:00+01:00,51901.8725,51.901872499999996,2.4,90,0,0,2,0,1
2022-01-17 02:00:00+00:00,2022-01-17 03:00:00+01:00,52321.4425,52.321442499999996,2.8,88,0,0,3,0,1
2022-01-17 03:00:00+00:00,2022-01-17 04:00:00+01:00,53832.4675,53.8324675,2.8,88,0,0,4,0,1
2022-01-17 04:00:00+00:00,2022-01-17 05:00:00+01:00,57599.354999999996,57.599354999999996,2.9,88,0,0,5,0,1
2022-01-17 05:00:00+00:00,2022-01-17 06:00:00+01:00,65499.555,65.499555,2.2,93,0,0,6,0,1
2022-01-17 06:00:00+00:00,2022-01-17 07:00:00+01:00,72345.37,72.34536999999999,2.9,90,0,0,7,0,1
2022-01-17 07:00:00+00:00,2022-01-17 08:00:00+01:00,76049.655,76.049655,3.3,89,0,1,8,0,1
2022-01-17 08:00:00+00:00,2022-01-17 09:00:00+01:00,77247.2175,77.2472175,3.8,88,0,1,9,0,1
2022-01-17 09:00:00+00:00,2022-01-17 10:00:00+01:00,78400.44499999999,78.40044499999999,4.4,87,0,1,10,0,1
2022-01-17 10:00:00+00:00,2022-01-17 11:00:00+01:00,78392.5925,78.39259249999999,4.6,85,0,1,11,0,1
2022-01-17 11:00:00+00:00,2022-01-17 12:00:00+01:00,78146.2975,78.1462975,4.9,83,0,1,12,0,1
2022-01-17 12:00:00+00:00,2022-01-17 13:00:00+01:00,77167.7525,77.1677525,5.1,83,0,1,13,0,1
2022-01-17 13:00:00+00:00,2022-01-17 14:00:00+01:00,75963.95,75.96395,5.6,82,0,1,14,0,1
2022-01-17 14:00:00+00:00,2022-01-17 15:00:00+01:00,75275.06,75.27506,5.7,82,0,1,15,0,1
2022-01-17 15:00:00+00:00,2022-01-17 16:00:00+01:00,74459.95000000001,74.45995,5.5,84,0,1,16,0,1
2022-01-17 16:00:00+00:00,2022-01-17 17:00:00+01:00,76978.21,76.97821,5.5,84,0,1,17,0,1
2022-01-17 17:00:00+00:00,2022-01-17 18:00:00+01:00,76795.3575,76.7953575,5.3,85,0,1,18,0,1
2022-01-17 18:00:00+00:00,2022-01-17 19:00:00+01:00,74981.60250000001,74.98160250000001,5.3,87,0,1,19,0,1
2022-01-17 19:00:00+00:00,2022-01-17 20:00:00+01:00,70601.995,70.601995,5.2,89,0,1,20,0,1
2022-01-17 20:00:00+00:00,2022-01-17 21:00:00+01:00,66239.32250000001,66.23932250000001,5.2,90,0,0,21,0,1
2022-01-17 21:00:00+00:00,2022-01-17 22:00:00+01:00,62879.94,62.879940000000005,5.1,92,0,0,22,0,1
2022-01-17 22:00:00+00:00,2022-01-17 23:00:00+01:00,59005.4475,59.0054475,4.9,94,0,0,23,0,1
2022-01-17 23:00:00+00:00,2022-01-18 00:00:00+01:00,56115.087499999994,56.115087499999994,4.6,95,0,0,0,1,1
2022-01-18 00:00:00+00:00,2022-01-18 01:00:00+01:00,54605.3825,54.6053825,4.1,95,0,0,1,1,1
2022-01-18 01:00:00+00:00,2022-01-18 02:00:00+01:00,53004.1,53.0041,3.9,94,0,0,2,1,1
2022-01-18 02:00:00+00:00,2022-01-18 03:00:00+01:00,53001.58,53.001580000000004,1.3,95,0,0,3,1,1
2022-01-18 03:00:00+00:00,2022-01-18 04:00:00+01:00,54628.302500000005,54.628302500000004,0.8,94,0,0,4,1,1
2022-01-18 04:00:00+00:00,2022-01-18 05:00:00+01:00,57525.49,57.52549,0.7,94,0,0,5,1,1
2022-01-18 05:00:00+00:00,2022-01-18 06:00:00+01:00,64681.99,64.68199,1.9,91,0,0,6,1,1
2022-01-18 06:00:00+00:00,2022-01-18 07:00:00+01:00,70679.35,70.67935,1.3,92,0,0,7,1,1
2022-01-18 07:00:00+00:00,2022-01-18 08:00:00+01:00,72653.145,72.65314500000001,1.6,94,0,1,8,1,1
2022-01-18 08:00:00+00:00,2022-01-18 09:00:00+01:00,72626.20999999999,72.62620999999999,2.1,94,0,1,9,1,1
2022-01-18 09:00:00+00:00,2022-01-18 10:00:00+01:00,72976.56,72.97655999999999,2.8,94,0,1,10,1,1
2022-01-18 10:00:00+00:00,2022-01-18 11:00:00+01:00,73127.685,73.127685,3.3,93,0,1,11,1,1
2022-01-18 11:00:00+00:00,2022-01-18 12:00:00+01:00,73352.925,73.352925,3.9,93,0,1,12,1,1
2022-01-18 12:00:00+00:00,2022-01-18 13:00:00+01:00,72918.29250000001,72.9182925,5.8,85,0,1,13,1,1
2022-01-18 13:00:00+00:00,2022-01-18 14:00:00+01:00,71945.8575,71.9458575,6.0,83,0,1,14,1,1
2022-01-18 14:00:00+00:00,2022-01-18 15:00:00+01:00,71481.7925,71.4817925,6.1,80,0,1,15,1,1
2022-01-18 15:00:00+00:00,2022-01-18 16:00:00+01:00,71442.22,71.44222,5.8,85,0,1,16,1,1
2022-01-18 16:00:00+00:00,2022-01-18 17:00:00+01:00,74336.0875,74.33608749999999,5.1,88,0,1,17,1,1
2022-01-18 17:00:00+00:00,2022-01-18 18:00:00+01:00,74176.73,74.17672999999999,4.7,88,0,1,18,1,1
2022-01-18 18:00:00+00:00,2022-01-18 19:00:00+01:00,72120.9675,72.12096749999999,4.1,91,0,1,19,1,1
2022-01-18 19:00:00+00:00,2022-01-18 20:00:00+01:00,68482.115,68.48211500000001,4.3,91,0,1,20,1,1
2022-01-18 20:00:00+00:00,2022-01-18 21:00:00+01:00,65515.5,65.5155,4.1,91,0,0,21,1,1
2022-01-18 21:00:00+00:00,2022-01-18 22:00:00+01:00,63170.965,63.170964999999995,4.3,86,0,0,22,1,1
2022-01-18 22:00:00+00:00,2022-01-18 23:00:00+01:00,59543.7425,59.5437425,4.2,85,0,0,23,1,1
2022-01-18 23:00:00+00:00,2022-01-19 00:00:00+01:00,56702.3175,56.7023175,2.5,91,0,0,0,2,1
2022-01-19 00:00:00+00:00,2022-01-19 01:00:00+01:00,56006.4325,56.0064325,1.9,94,0,0,1,2,1
2022-01-19 01:00:00+00:00,2022-01-19 02:00:00+01:00,54938.955,54.938955,2.4,93,0,0,2,2,1
2022-01-19 02:00:00+00:00,2022-01-19 03:00:00+01:00,55047.3125,55.0473125,3.3,90,0,0,3,2,1
2022-01-19 03:00:00+00:00,2022-01-19 04:00:00+01:00,55984.2125,55.9842125,2.8,90,0,0,4,2,1
2022-01-19 04:00:00+00:00,2022-01-19 05:00:00+01:00,59525.41,59.52541,2.1,90,0,0,5,2,1
2022-01-19 05:00:00+00:00,2022-01-19 06:00:00+01:00,66459.0925,66.4590925,-0.1,92,0,0,6,2,1
2022-01-19 06:00:00+00:00,2022-01-19 07:00:00+01:00,72653.595,72.653595,-1.4,94,0,0,7,2,1
2022-01-19 07:00:00+00:00,2022-01-19 08:00:00+01:00,75285.7025,75.2857025,-2.2,95,0,1,8,2,1
2022-01-19 08:00:00+00:00,2022-01-19 09:00:00+01:00,76205.735,76.205735,-1.0,95,0,1,9,2,1
2022-01-19 09:00:00+00:00,2022-01-19 10:00:00+01:00,76324.7575,76.3247575,0.8,90,0,1,10,2,1
2022-01-19 10:00:00+00:00,2022-01-19 11:00:00+01:00,76568.48999999999,76.56849,2.1,84,0,1,11,2,1
2022-01-19 11:00:00+00:00,2022-01-19 12:00:00+01:00,77067.975,77.067975,3.2,81,0,1,12,2,1
2022-01-19 12:00:00+00:00,2022-01-19 13:00:00+01:00,76660.79,76.66078999999999,2.8,84,0,1,13,2,1
2022-01-19 13:00:00+00:00,2022-01-19 14:00:00+01:00,75767.6975,75.7676975,2.7,84,0,1,14,2,1
2022-01-19 14:00:00+00:00,2022-01-19 15:00:00+01:00,75485.27249999999,75.4852725,2.9,84,0,1,15,2,1
2022-01-19 15:00:00+00:00,2022-01-19 16:00:00+01:00,75831.53,75.83153,3.2,83,0,1,16,2,1
2022-01-19 16:00:00+00:00,2022-01-19 17:00:00+01:00,78593.28,78.59328,3.0,84,0,1,17,2,1
2022-01-19 17:00:00+00:00,2022-01-19 18:00:00+01:00,78221.22750000001,78.22122750000001,3.2,86,0,1,18,2,1
2022-01-19 18:00:00+00:00,2022-01-19 19:00:00+01:00,76335.515,76.335515,3.5,85,0,1,19,2,1
2022-01-19 19:00:00+00:00,2022-01-19 20:00:00+01:00,72392.5975,72.39259750000001,3.6,85,0,1,20,2,1
2022-01-19 20:00:00+00:00,2022-01-19 21:00:00+01:00,68198.9825,68.1989825,3.6,87,0,0,21,2,1
2022-01-19 21:00:00+00:00,2022-01-19 22:00:00+01:00,65508.0925,65.5080925,3.7,87,0,0,22,2,1
2022-01-19 22:00:00+00:00,2022-01-19 23:00:00+01:00,61843.2075,61.8432075,3.8,88,0,0,23,2,1
2022-01-19 23:00:00+00:00,2022-01-20 00:00:00+01:00,58786.5875,58.7865875,4.0,88,0,0,0,3,1
2022-01-20 00:00:00+00:00,2022-01-20 01:00:00+01:00,57161.2575,57.1612575,3.5,92,0,0,1,3,1
2022-01-20 01:00:00+00:00,2022-01-20 02:00:00+01:00,56205.8775,56.2058775,3.6,93,0,0,2,3,1
2022-01-20 02:00:00+00:00,2022-01-20 03:00:00+01:00,56317.1175,56.3171175,3.4,93,0,0,3,3,1
2022-01-20 03:00:00+00:00,2022-01-20 04:00:00+01:00,58015.3975,58.0153975,2.7,91,0,0,4,3,1
2022-01-20 04:00:00+00:00,2022-01-20 05:00:00+01:00,60802.2975,60.8022975,2.7,91,0,0,5,3,1
2022-01-20 05:00:00+00:00,2022-01-20 06:00:00+01:00,67828.455,67.828455,3.2,91,0,0,6,3,1
2022-01-20 06:00:00+00:00,2022-01-20 07:00:00+01:00,74165.9125,74.1659125,3.1,89,0,0,7,3,1
2022-01-20 07:00:00+00:00,2022-01-20 08:00:00+01:00,77164.915,77.164915,2.7,88,0,1,8,3,1
2022-01-20 08:00:00+00:00,2022-01-20 09:00:00+01:00,78109.52249999999,78.1095225,3.0,86,0,1,9,3,1
2022-01-20 09:00:00+00:00,2022-01-20 10:00:00+01:00,78157.08499999999,78.157085,3.4,86,0,1,10,3,1
2022-01-20 10:00:00+00:00,2022-01-20 11:00:00+01:00,78505.0625,78.5050625,3.8,83,0,1,11,3,1
2022-01-20 11:00:00+00:00,2022-01-20 12:00:00+01:00,77777.95999999999,77.77796,4.1,67,0,1,12,3,1
2022-01-20 12:00:00+00:00,2022-01-20 13:00:00+01:00,76205.5025,76.20550250000001,3.6,70,0,1,13,3,1
2022-01-20 13:00:00+00:00,2022-01-20 14:00:00+01:00,76282.8,76.28280000000001,3.5,68,0,1,14,3,1
2022-01-20 14:00:00+00:00,2022-01-20 15:00:00+01:00,75807.7375,75.8077375,3.4,67,0,1,15,3,1
2022-01-20 15:00:00+00:00,2022-01-20 16:00:00+01:00,75663.9675,75.6639675,3.1,68,0,1,16,3,1
2022-01-20 16:00:00+00:00,2022-01-20 17:00:00+01:00,78261.065,78.261065,2.0,73,0,1,17,3,1
2022-01-20 17:00:00+00:00,2022-01-20 18:00:00+01:00,78389.555,78.38955499999999,1.2,78,0,1,18,3,1
2022-01-20 18:00:00+00:00,2022-01-20 19:00:00+01:00,77149.1725,77.1491725,1.0,80,0,1,19,3,1
2022-01-20 19:00:00+00:00,2022-01-20 20:00:00+01:00,72912.6,72.91260000000001,1.7,78,0,1,20,3,1
2022-01-20 20:00:00+00:00,2022-01-20 21:00:00+01:00,68886.2675,68.8862675,1.7,78,0,0,21,3,1
2022-01-20 21:00:00+00:00,2022-01-20 22:00:00+01:00,66273.9675,66.2739675,1.0,79,0,0,22,3,1
2022-01-20 22:00:00+00:00,2022-01-20 23:00:00+01:00,63041.5925,63.0415925,0.6,80,0,0,23,3,1
2022-01-20 23:00:00+00:00,2022-01-21 00:00:00+01:00,60398.615,60.398615,0.4,80,0,0,0,4,1
2022-01-21 00:00:00+00:00,2022-01-21 01:00:00+01:00,58715.81,58.71581,-0.2,82,0,0,1,4,1
2022-01-21 01:00:00+00:00,2022-01-21 02:00:00+01:00,57666.0925,57.6660925,-0.2,84,0,0,2,4,1
2022-01-21 02:00:00+00:00,2022-01-21 03:00:00+01:00,57903.399999999994,57.90339999999999,-0.6,87,0,0,3,4,1
2022-01-21 03:00:00+00:00,2022-01-21 04:00:00+01:00,58963.76,58.96376,-1.2,88,0,0,4,4,1
2022-01-21 04:00:00+00:00,2022-01-21 05:00:00+01:00,61708.17,61.708169999999996,-1.0,88,0,0,5,4,1
2022-01-21 05:00:00+00:00,2022-01-21 06:00:00+01:00,67774.8475,67.7748475,-0.9,88,0,0,6,4,1
2022-01-21 06:00:00+00:00,2022-01-21 07:00:00+01:00,73971.0425,73.9710425,-0.9,89,0,0,7,4,1
2022-01-21 07:00:00+00:00,2022-01-21 08:00:00+01:00,76507.0625,76.5070625,-0.4,89,0,1,8,4,1
2022-01-21 08:00:00+00:00,2022-01-21 09:00:00+01:00,76586.775,76.58677499999999,0.3,87,0,1,9,4,1
2022-01-21 09:00:00+00:00,2022-01-21 10:00:00+01:00,76690.67749999999,76.69067749999999,1.6,83,0,1,10,4,1
2022-01-21 10:00:00+00:00,2022-01-21 11:00:00+01:00,77120.8725,77.1208725,2.6,80,0,1,11,4,1
2022-01-21 11:00:00+00:00,2022-01-21 12:00:00+01:00,76677.8875,76.6778875,4.0,74,0,1,12,4,1
2022-01-21 12:00:00+00:00,2022-01-21 13:00:00+01:00,75428.655,75.42865499999999,4.2,72,0,1,13,4,1
2022-01-21 13:00:00+00:00,2022-01-21 14:00:00+01:00,74033.675,74.033675,4.2,73,0,1,14,4,1
2022-01-21 14:00:00+00:00,2022-01-21 15:00:00+01:00,73205.2675,73.2052675,3.8,76,0,1,15,4,1
2022-01-21 15:00:00+00:00,2022-01-21 16:00:00+01:00,73542.045,73.542045,3.4,79,0,1,16,4,1
2022-01-21 16:00:00+00:00,2022-01-21 17:00:00+01:00,76239.18,76.23917999999999,3.0,82,0,1,17,4,1
2022-01-21 17:00:00+00:00,2022-01-21 18:00:00+01:00,75721.63,75.72163,2.9,83,0,1,18,4,1
2022-01-21 18:00:00+00:00,2022-01-21 19:00:00+01:00,73507.1925,73.5071925,3.2,82,0,1,19,4,1
2022-01-21 19:00:00+00:00,2022-01-21 20:00:00+01:00,69420.905,69.420905,3.3,83,0,1,20,4,1
2022-01-21 20:00:00+00:00,2022-01-21 21:00:00+01:00,65752.4575,65.7524575,3.4,85,0,0,21,4,1
2022-01-21 21:00:00+00:00,2022-01-21 22:00:00+01:00,63458.8275,63.4588275,3.8,86,0,0,22,4,1
2022-01-21 22:00:00+00:00,2022-01-21 23:00:00+01:00,60579.585,60.579585,4.0,88,0,0,23,4,1
2022-01-21 23:00:00+00:00,2022-01-22 00:00:00+01:00,56668.542499999996,56.668542499999994,4.1,88,1,0,0,5,1
2022-01-22 00:00:00+00:00,2022-01-22 01:00:00+01:00,54893.7875,54.8937875,4.1,87,1,0,1,5,1
2022-01-22 01:00:00+00:00,2022-01-22 02:00:00+01:00,53414.457500000004,53.414457500000005,3.9,86,1,0,2,5,1
2022-01-22 02:00:00+00:00,2022-01-22 03:00:00+01:00,52593.84,52.59383999999999,3.8,85,1,0,3,5,1
2022-01-22 03:00:00+00:00,2022-01-22 04:00:00+01:00,52207.8225,52.2078225,3.7,84,1,0,4,5,1
2022-01-22 04:00:00+00:00,2022-01-22 05:00:00+01:00,51714.854999999996,51.71485499999999,3.8,85,1,0,5,5,1
2022-01-22 05:00:00+00:00,2022-01-22 06:00:00+01:00,52735.0025,52.7350025,3.9,86,1,0,6,5,1
2022-01-22 06:00:00+00:00,2022-01-22 07:00:00+01:00,54635.9975,54.635997499999995,4.1,87,1,0,7,5,1
2022-01-22 07:00:00+00:00,2022-01-22 08:00:00+01:00,58276.555,58.276555,4.1,87,1,1,8,5,1
2022-01-22 08:00:00+00:00,2022-01-22 09:00:00+01:00,60961.2775,60.961277499999994,4.3,88,1,1,9,5,1
2022-01-22 09:00:00+00:00,2022-01-22 10:00:00+01:00,62649.8375,62.649837500000004,4.7,87,1,1,10,5,1
2022-01-22 10:00:00+00:00,2022-01-22 11:00:00+01:00,63827.8875,63.827887499999996,5.1,86,1,1,11,5,1
2022-01-22 11:00:00+00:00,2022-01-22 12:00:00+01:00,63670.615,63.670615,5.5,86,1,1,12,5,1
2022-01-22 12:00:00+00:00,2022-01-22 13:00:00+01:00,62231.1475,62.2311475,5.4,84,1,1,13,5,1
2022-01-22 13:00:00+00:00,2022-01-22 14:00:00+01:00,61066.3575,61.066357499999995,6.2,81,1,1,14,5,1
2022-01-22 14:00:00+00:00,2022-01-22 15:00:00+01:00,60324.0425,60.324042500000004,6.2,80,1,1,15,5,1
2022-01-22 15:00:00+00:00,2022-01-22 16:00:00+01:00,60866.875,60.866875,5.7,85,1,1,16,5,1
2022-01-22 16:00:00+00:00,2022-01-22 17:00:00+01:00,63961.02,63.96102,5.3,87,1,1,17,5,1
2022-01-22 17:00:00+00:00,2022-01-22 18:00:00+01:00,64452.979999999996,64.45298,5.2,89,1,1,18,5,1
2022-01-22 18:00:00+00:00,2022-01-22 19:00:00+01:00,62428.105,62.428105,5.1,90,1,1,19,5,1
2022-01-22 19:00:00+00:00,2022-01-22 20:00:00+01:00,58541.677500000005,58.541677500000006,5.1,89,1,1,20,5,1
2022-01-22 20:00:00+00:00,2022-01-22 21:00:00+01:00,55765.115,55.765114999999994,5.0,89,1,0,21,5,1
2022-01-22 21:00:00+00:00,2022-01-22 22:00:00+01:00,54503.615000000005,54.503615,4.8,90,1,0,22,5,1
2022-01-22 22:00:00+00:00,2022-01-22 23:00:00+01:00,51483.39,51.48339,4.6,91,1,0,23,5,1
2022-01-22 23:00:00+00:00,2022-01-23 00:00:00+01:00,49182.145000000004,49.182145000000006,4.5,91,1,0,0,6,1
2022-01-23 00:00:00+00:00,2022-01-23 01:00:00+01:00,47282.155,47.282154999999996,4.4,94,1,0,1,6,1
2022-01-23 01:00:00+00:00,2022-01-23 02:00:00+01:00,46238.3975,46.2383975,4.5,93,1,0,2,6,1
2022-01-23 02:00:00+00:00,2022-01-23 03:00:00+01:00,46150.905,46.150905,3.5,95,1,0,3,6,1
2022-01-23 03:00:00+00:00,2022-01-23 04:00:00+01:00,46200.55,46.20055,3.7,94,1,0,4,6,1
2022-01-23 04:00:00+00:00,2022-01-23 05:00:00+01:00,45954.1575,45.9541575,4.4,91,1,0,5,6,1
2022-01-23 05:00:00+00:00,2022-01-23 06:00:00+01:00,46024.2325,46.0242325,4.5,90,1,0,6,6,1
2022-01-23 06:00:00+00:00,2022-01-23 07:00:00+01:00,47994.725,47.994724999999995,4.1,92,1,0,7,6,1
2022-01-23 07:00:00+00:00,2022-01-23 08:00:00+01:00,50823.08,50.823080000000004,4.0,93,1,1,8,6,1
2022-01-23 08:00:00+00:00,2022-01-23 09:00:00+01:00,54105.130000000005,54.10513,4.4,90,1,1,9,6,1
2022-01-23 09:00:00+00:00,2022-01-23 10:00:00+01:00,56727.3425,56.7273425,4.8,88,1,1,10,6,1
2022-01-23 10:00:00+00:00,2022-01-23 11:00:00+01:00,59083.2775,59.083277499999994,5.2,87,1,1,11,6,1
2022-01-23 11:00:00+00:00,2022-01-23 12:00:00+01:00,59170.582500000004,59.1705825,5.3,86,1,1,12,6,1
2022-01-23 12:00:00+00:00,2022-01-23 13:00:00+01:00,57557.345,57.557345,6.1,73,1,1,13,6,1
2022-01-23 13:00:00+00:00,2022-01-23 14:00:00+01:00,56015.67,56.01567,6.3,72,1,1,14,6,1
2022-01-23 14:00:00+00:00,2022-01-23 15:00:00+01:00,55555.1525,55.5551525,6.2,73,1,1,15,6,1
2022-01-23 15:00:00+00:00,2022-01-23 16:00:00+01:00,56352.6,56.352599999999995,5.8,79,1,1,16,6,1
2022-01-23 16:00:00+00:00,2022-01-23 17:00:00+01:00,60130.54,60.13054,5.2,84,1,1,17,6,1
2022-01-23 17:00:00+00:00,2022-01-23 18:00:00+01:00,61401.0175,61.4010175,4.5,90,1,1,18,6,1
2022-01-23 18:00:00+00:00,2022-01-23 19:00:00+01:00,59784.5025,59.7845025,3.1,93,1,1,19,6,1
2022-01-23 19:00:00+00:00,2022-01-23 20:00:00+01:00,57371.47,57.37147,3.4,93,1,1,20,6,1
2022-01-23 20:00:00+00:00,2022-01-23 21:00:00+01:00,55545.9625,55.5459625,3.9,89,1,0,21,6,1
2022-01-23 21:00:00+00:00,2022-01-23 22:00:00+01:00,55249.925,55.249925000000005,4.0,89,1,0,22,6,1
2022-01-23 22:00:00+00:00,2022-01-23 23:00:00+01:00,52364.9975,52.3649975,3.9,89,1,0,23,6,1
2022-01-23 23:00:00+00:00,2022-01-24 00:00:00+01:00,50094.479999999996,50.09448,3.7,90,0,0,0,0,1
2022-01-24 00:00:00+00:00,2022-01-24 01:00:00+01:00,48779.167499999996,48.77916749999999,3.5,87,0,0,1,0,1
2022-01-24 01:00:00+00:00,2022-01-24 02:00:00+01:00,48307.525,48.307525,3.5,87,0,0,2,0,1
2022-01-24 02:00:00+00:00,2022-01-24 03:00:00+01:00,48824.582500000004,48.824582500000005,3.1,91,0,0,3,0,1
2022-01-24 03:00:00+00:00,2022-01-24 04:00:00+01:00,50309.23,50.30923000000001,2.6,94,0,0,4,0,1
2022-01-24 04:00:00+00:00,2022-01-24 05:00:00+01:00,54268.4475,54.2684475,2.3,95,0,0,5,0,1
2022-01-24 05:00:00+00:00,2022-01-24 06:00:00+01:00,62577.255000000005,62.57725500000001,2.1,95,0,0,6,0,1
2022-01-24 06:00:00+00:00,2022-01-24 07:00:00+01:00,69432.275,69.43227499999999,2.3,94,0,0,7,0,1
2022-01-24 07:00:00+00:00,2022-01-24 08:00:00+01:00,72616.17,72.61617,1.8,95,0,1,8,0,1
2022-01-24 08:00:00+00:00,2022-01-24 09:00:00+01:00,73417.1225,73.41712249999999,1.9,95,0,1,9,0,1
2022-01-24 09:00:00+00:00,2022-01-24 10:00:00+01:00,73756.42,73.75641999999999,3.5,90,0,1,10,0,1
2022-01-24 10:00:00+00:00,2022-01-24 11:00:00+01:00,74357.56999999999,74.35757,4.7,83,0,1,11,0,1
2022-01-24 11:00:00+00:00,2022-01-24 12:00:00+01:00,74331.185,74.33118499999999,5.6,79,0,1,12,0,1
2022-01-24 12:00:00+00:00,2022-01-24 13:00:00+01:00,73733.6575,73.7336575,5.4,74,0,1,13,0,1
2022-01-24 13:00:00+00:00,2022-01-24 14:00:00+01:00,72323.34,72.32334,5.8,73,0,1,14,0,1
2022-01-24 14:00:00+00:00,2022-01-24 15:00:00+01:00,71512.4525,71.5124525,6.0,73,0,1,15,0,1
2022-01-24 15:00:00+00:00,2022-01-24 16:00:00+01:00,71291.4725,71.2914725,5.7,75,0,1,16,0,1
2022-01-24 16:00:00+00:00,2022-01-24 17:00:00+01:00,73775.325,73.775325,3.1,88,0,1,17,0,1
2022-01-24 17:00:00+00:00,2022-01-24 18:00:00+01:00,74239.6925,74.2396925,1.7,90,0,1,18,0,1
2022-01-24 18:00:00+00:00,2022-01-24 19:00:00+01:00,72242.97,72.24297,0.9,91,0,1,19,0,1
2022-01-24 19:00:00+00:00,2022-01-24 20:00:00+01:00,68242.39,68.24239,0.7,91,0,1,20,0,1
2022-01-24 20:00:00+00:00,2022-01-24 21:00:00+01:00,64373.395000000004,64.373395,0.1,93,0,0,21,0,1
2022-01-24 21:00:00+00:00,2022-01-24 22:00:00+01:00,61708.3925,61.7083925,-1.1,95,0,0,22,0,1
2022-01-24 22:00:00+00:00,2022-01-24 23:00:00+01:00,58330.7475,58.3307475,-1.8,96,0,0,23,0,1
2022-01-24 23:00:00+00:00,2022-01-25 00:00:00+01:00,55945.465,55.945465,-1.7,96,0,0,0,1,1
2022-01-25 00:00:00+00:00,2022-01-25 01:00:00+01:00,54156.81,54.15681,-1.6,96,0,0,1,1,1
2022-01-25 01:00:00+00:00,2022-01-25 02:00:00+01:00,53585.57,53.58557,-1.4,97,0,0,2,1,1
2022-01-25 02:00:00+00:00,2022-01-25 03:00:00+01:00,54076.415,54.076415000000004,-1.8,97,0,0,3,1,1
2022-01-25 03:00:00+00:00,2022-01-25 04:00:00+01:00,55545.8,55.5458,-2.2,97,0,0,4,1,1
2022-01-25 04:00:00+00:00,2022-01-25 05:00:00+01:00,58885.4,58.885400000000004,-2.6,97,0,0,5,1,1
2022-01-25 05:00:00+00:00,2022-01-25 06:00:00+01:00,65491.605,65.491605,-3.3,98,0,0,6,1,1
2022-01-25 06:00:00+00:00,2022-01-25 07:00:00+01:00,71335.2,71.3352,-2.9,98,0,0,7,1,1
2022-01-25 07:00:00+00:00,2022-01-25 08:00:00+01:00,74145.38,74.14538,-2.4,97,0,1,8,1,1
2022-01-25 08:00:00+00:00,2022-01-25 09:00:00+01:00,74405.645,74.405645,-1.8,88,0,1,9,1,1
2022-01-25 09:00:00+00:00,2022-01-25 10:00:00+01:00,75056.8975,75.0568975,-1.2,91,0,1,10,1,1
2022-01-25 10:00:00+00:00,2022-01-25 11:00:00+01:00,75864.085,75.864085,-0.9,94,0,1,11,1,1
2022-01-25 11:00:00+00:00,2022-01-25 12:00:00+01:00,75730.825,75.730825,-0.5,98,0,1,12,1,1
2022-01-25 12:00:00+00:00,2022-01-25 13:00:00+01:00,74708.8775,74.7088775,0.5,97,0,1,13,1,1
2022-01-25 13:00:00+00:00,2022-01-25 14:00:00+01:00,73260.445,73.260445,1.2,93,0,1,14,1,1
2022-01-25 14:00:00+00:00,2022-01-25 15:00:00+01:00,72572.0925,72.5720925,1.5,92,0,1,15,1,1
2022-01-25 15:00:00+00:00,2022-01-25 16:00:00+01:00,71967.19,71.96719,1.5,92,0,1,16,1,1
2022-01-25 16:00:00+00:00,2022-01-25 17:00:00+01:00,74263.245,74.263245,1.3,93,0,1,17,1,1
2022-01-25 17:00:00+00:00,2022-01-25 18:00:00+01:00,74703.66,74.70366,1.1,95,0,1,18,1,1
2022-01-25 18:00:00+00:00,2022-01-25 19:00:00+01:00,72815.56,72.81555999999999,1.1,95,0,1,19,1,1
2022-01-25 19:00:00+00:00,2022-01-25 20:00:00+01:00,68645.08499999999,68.645085,1.1,95,0,1,20,1,1
2022-01-25 20:00:00+00:00,2022-01-25 21:00:00+01:00,65030.1375,65.0301375,1.1,95,0,0,21,1,1
2022-01-25 21:00:00+00:00,2022-01-25 22:00:00+01:00,62245.08,62.24508,1.0,96,0,0,22,1,1
2022-01-25 22:00:00+00:00,2022-01-25 23:00:00+01:00,58899.0975,58.8990975,1.0,97,0,0,23,1,1
2022-01-25 23:00:00+00:00,2022-01-26 00:00:00+01:00,56593.8025,56.593802499999995,1.0,97,0,0,0,2,1
2022-01-26 00:00:00+00:00,2022-01-26 01:00:00+01:00,55053.2975,55.0532975,0.6,97,0,0,1,2,1
2022-01-26 01:00:00+00:00,2022-01-26 02:00:00+01:00,54612.91,54.61291000000001,0.6,97,0,0,2,2,1
2022-01-26 02:00:00+00:00,2022-01-26 03:00:00+01:00,55159.365,55.159365,0.6,97,0,0,3,2,1
2022-01-26 03:00:00+00:00,2022-01-26 04:00:00+01:00,56347.39,56.34739,0.6,96,0,0,4,2,1
2022-01-26 04:00:00+00:00,2022-01-26 05:00:00+01:00,59428.5175,59.428517500000005,0.7,96,0,0,5,2,1
2022-01-26 05:00:00+00:00,2022-01-26 06:00:00+01:00,66844.9625,66.8449625,0.7,96,0,0,6,2,1
2022-01-26 06:00:00+00:00,2022-01-26 07:00:00+01:00,72697.29000000001,72.69729000000001,0.6,95,0,0,7,2,1
2022-01-26 07:00:00+00:00,2022-01-26 08:00:00+01:00,75589.41500000001,75.589415,0.6,94,0,1,8,2,1
2022-01-26 08:00:00+00:00,2022-01-26 09:00:00+01:00,76120.905,76.120905,0.8,93,0,1,9,2,1
2022-01-26 09:00:00+00:00,2022-01-26 10:00:00+01:00,76983.295,76.983295,1.2,91,0,1,10,2,1
2022-01-26 10:00:00+00:00,2022-01-26 11:00:00+01:00,78191.765,78.191765,1.7,89,0,1,11,2,1
2022-01-26 11:00:00+00:00,2022-01-26 12:00:00+01:00,78231.195,78.23119500000001,2.2,86,0,1,12,2,1
2022-01-26 12:00:00+00:00,2022-01-26 13:00:00+01:00,77572.1125,77.5721125,1.7,84,0,1,13,2,1
2022-01-26 13:00:00+00:00,2022-01-26 14:00:00+01:00,76464.64749999999,76.4646475,2.1,81,0,1,14,2,1
2022-01-26 14:00:00+00:00,2022-01-26 15:00:00+01:00,75674.66,75.67466,2.1,82,0,1,15,2,1
2022-01-26 15:00:00+00:00,2022-01-26 16:00:00+01:00,74980.6925,74.9806925,1.9,82,0,1,16,2,1
2022-01-26 16:00:00+00:00,2022-01-26 17:00:00+01:00,77108.4,77.10839999999999,1.8,82,0,1,17,2,1
2022-01-26 17:00:00+00:00,2022-01-26 18:00:00+01:00,77118.61,77.11861,1.6,83,0,1,18,2,1
2022-01-26 18:00:00+00:00,2022-01-26 19:00:00+01:00,75030.845,75.030845,1.6,82,0,1,19,2,1
2022-01-26 19:00:00+00:00,2022-01-26 20:00:00+01:00,71145.97,71.14597,1.4,83,0,1,20,2,1
2022-01-26 20:00:00+00:00,2022-01-26 21:00:00+01:00,66901.2125,66.9012125,1.4,82,0,0,21,2,1
2022-01-26 21:00:00+00:00,2022-01-26 22:00:00+01:00,63769.0325,63.7690325,1.2,84,0,0,22,2,1
2022-01-26 22:00:00+00:00,2022-01-26 23:00:00+01:00,60703.5075,60.7035075,1.0,86,0,0,23,2,1
2022-01-26 23:00:00+00:00,2022-01-27 00:00:00+01:00,58226.3775,58.226377500000005,1.0,86,0,0,0,3,1
2022-01-27 00:00:00+00:00,2022-01-27 01:00:00+01:00,57033.295,57.033294999999995,0.5,86,0,0,1,3,1
2022-01-27 01:00:00+00:00,2022-01-27 02:00:00+01:00,56729.7375,56.729737500000006,0.6,84,0,0,2,3,1
2022-01-27 02:00:00+00:00,2022-01-27 03:00:00+01:00,56335.619999999995,56.33562,0.6,85,0,0,3,3,1
2022-01-27 03:00:00+00:00,2022-01-27 04:00:00+01:00,57691.2,57.691199999999995,0.5,86,0,0,4,3,1
2022-01-27 04:00:00+00:00,2022-01-27 05:00:00+01:00,60693.0325,60.6930325,0.3,87,0,0,5,3,1
2022-01-27 05:00:00+00:00,2022-01-27 06:00:00+01:00,67747.4875,67.7474875,0.3,88,0,0,6,3,1
2022-01-27 06:00:00+00:00,2022-01-27 07:00:00+01:00,73860.9425,73.86094250000001,0.3,89,0,0,7,3,1
2022-01-27 07:00:00+00:00,2022-01-27 08:00:00+01:00,76296.00749999999,76.29600749999999,0.2,89,0,1,8,3,1
2022-01-27 08:00:00+00:00,2022-01-27 09:00:00+01:00,77048.28,77.04828,0.5,88,0,1,9,3,1
2022-01-27 09:00:00+00:00,2022-01-27 10:00:00+01:00,77929.715,77.929715,1.2,87,0,1,10,3,1
2022-01-27 10:00:00+00:00,2022-01-27 11:00:00+01:00,78975.305,78.97530499999999,1.8,85,0,1,11,3,1
2022-01-27 11:00:00+00:00,2022-01-27 12:00:00+01:00,78347.7325,78.34773249999999,2.9,82,0,1,12,3,1
2022-01-27 12:00:00+00:00,2022-01-27 13:00:00+01:00,77046.9525,77.0469525,1.7,83,0,1,13,3,1
2022-01-27 13:00:00+00:00,2022-01-27 14:00:00+01:00,75544.1,75.5441,1.9,84,0,1,14,3,1
2022-01-27 14:00:00+00:00,2022-01-27 15:00:00+01:00,75197.895,75.197895,1.9,87,0,1,15,3,1
2022-01-27 15:00:00+00:00,2022-01-27 16:00:00+01:00,75183.13,75.18313,2.2,87,0,1,16,3,1
2022-01-27 16:00:00+00:00,2022-01-27 17:00:00+01:00,77731.60250000001,77.73160250000001,2.8,84,0,1,17,3,1
2022-01-27 17:00:00+00:00,2022-01-27 18:00:00+01:00,77836.0175,77.8360175,3.1,85,0,1,18,3,1
2022-01-27 18:00:00+00:00,2022-01-27 19:00:00+01:00,75794.7175,75.7947175,3.7,84,0,1,19,3,1
2022-01-27 19:00:00+00:00,2022-01-27 20:00:00+01:00,71793.37,71.79337,4.0,84,0,1,20,3,1
2022-01-27 20:00:00+00:00,2022-01-27 21:00:00+01:00,67739.5325,67.7395325,4.3,85,0,0,21,3,1
2022-01-27 21:00:00+00:00,2022-01-27 22:00:00+01:00,64645.6325,64.6456325,4.9,84,0,0,22,3,1
2022-01-27 22:00:00+00:00,2022-01-27 23:00:00+01:00,61178.104999999996,61.178104999999995,5.0,87,0,0,23,3,1
2022-01-27 23:00:00+00:00,2022-01-28 00:00:00+01:00,58585.0125,58.5850125,5.1,85,0,0,0,4,1
2022-01-28 00:00:00+00:00,2022-01-28 01:00:00+01:00,56692.5375,56.6925375,4.3,87,0,0,1,4,1
2022-01-28 01:00:00+00:00,2022-01-28 02:00:00+01:00,55715.8275,55.715827499999996,4.2,86,0,0,2,4,1
2022-01-28 02:00:00+00:00,2022-01-28 03:00:00+01:00,55931.832500000004,55.931832500000006,4.0,87,0,0,3,4,1
2022-01-28 03:00:00+00:00,2022-01-28 04:00:00+01:00,57261.4425,57.261442499999994,3.7,87,0,0,4,4,1
2022-01-28 04:00:00+00:00,2022-01-28 05:00:00+01:00,60978.4875,60.9784875,4.0,85,0,0,5,4,1
2022-01-28 05:00:00+00:00,2022-01-28 06:00:00+01:00,68194.73999999999,68.19474,3.8,85,0,0,6,4,1
2022-01-28 06:00:00+00:00,2022-01-28 07:00:00+01:00,74263.67,74.26367,3.4,86,0,0,7,4,1
2022-01-28 07:00:00+00:00,2022-01-28 08:00:00+01:00,76413.445,76.41344500000001,3.7,85,0,1,8,4,1
2022-01-28 08:00:00+00:00,2022-01-28 09:00:00+01:00,76636.055,76.636055,3.8,83,0,1,9,4,1
2022-01-28 09:00:00+00:00,2022-01-28 10:00:00+01:00,76759.7925,76.75979249999999,4.9,79,0,1,10,4,1
2022-01-28 10:00:00+00:00,2022-01-28 11:00:00+01:00,76833.59,76.83359,5.7,72,0,1,11,4,1
2022-01-28 11:00:00+00:00,2022-01-28 12:00:00+01:00,75747.17,75.74717,6.2,66,0,1,12,4,1
2022-01-28 12:00:00+00:00,2022-01-28 13:00:00+01:00,73595.1925,73.59519250000001,6.2,65,0,1,13,4,1
2022-01-28 13:00:00+00:00,2022-01-28 14:00:00+01:00,72496.8875,72.4968875,6.5,59,0,1,14,4,1
2022-01-28 14:00:00+00:00,2022-01-28 15:00:00+01:00,71278.0675,71.2780675,6.4,57,0,1,15,4,1
2022-01-28 15:00:00+00:00,2022-01-28 16:00:00+01:00,70720.4575,70.72045750000001,6.0,60,0,1,16,4,1
2022-01-28 16:00:00+00:00,2022-01-28 17:00:00+01:00,73247.875,73.247875,4.7,64,0,1,17,4,1
2022-01-28 17:00:00+00:00,2022-01-28 18:00:00+01:00,74012.055,74.01205499999999,3.5,71,0,1,18,4,1
2022-01-28 18:00:00+00:00,2022-01-28 19:00:00+01:00,72519.25,72.51925,2.4,77,0,1,19,4,1
2022-01-28 19:00:00+00:00,2022-01-28 20:00:00+01:00,68048.1,68.0481,2.7,77,0,1,20,4,1
2022-01-28 20:00:00+00:00,2022-01-28 21:00:00+01:00,64289.8025,64.2898025,3.0,84,0,0,21,4,1
2022-01-28 21:00:00+00:00,2022-01-28 22:00:00+01:00,61871.6725,61.8716725,3.0,92,0,0,22,4,1
2022-01-28 22:00:00+00:00,2022-01-28 23:00:00+01:00,58795.97,58.795970000000004,3.2,92,0,0,23,4,1
2022-01-28 23:00:00+00:00,2022-01-29 00:00:00+01:00,55641.215000000004,55.641215,3.5,90,1,0,0,5,1
2022-01-29 00:00:00+00:00,2022-01-29 01:00:00+01:00,53580.4775,53.5804775,3.4,88,1,0,1,5,1
2022-01-29 01:00:00+00:00,2022-01-29 02:00:00+01:00,52301.725,52.301725,3.5,89,1,0,2,5,1
2022-01-29 02:00:00+00:00,2022-01-29 03:00:00+01:00,51576.152500000004,51.576152500000006,3.8,86,1,0,3,5,1
2022-01-29 03:00:00+00:00,2022-01-29 04:00:00+01:00,51588.815,51.588815000000004,3.9,85,1,0,4,5,1
2022-01-29 04:00:00+00:00,2022-01-29 05:00:00+01:00,52411.520000000004,52.41152,3.9,86,1,0,5,5,1
2022-01-29 05:00:00+00:00,2022-01-29 06:00:00+01:00,53583.9175,53.583917500000005,4.0,87,1,0,6,5,1
2022-01-29 06:00:00+00:00,2022-01-29 07:00:00+01:00,56489.9325,56.4899325,3.9,87,1,0,7,5,1
2022-01-29 07:00:00+00:00,2022-01-29 08:00:00+01:00,60313.2325,60.3132325,4.1,87,1,1,8,5,1
2022-01-29 08:00:00+00:00,2022-01-29 09:00:00+01:00,63951.067500000005,63.95106750000001,4.4,86,1,1,9,5,1
2022-01-29 09:00:00+00:00,2022-01-29 10:00:00+01:00,66101.245,66.10124499999999,4.9,84,1,1,10,5,1
2022-01-29 10:00:00+00:00,2022-01-29 11:00:00+01:00,67411.725,67.411725,5.2,84,1,1,11,5,1
2022-01-29 11:00:00+00:00,2022-01-29 12:00:00+01:00,66514.375,66.514375,5.4,84,1,1,12,5,1
2022-01-29 12:00:00+00:00,2022-01-29 13:00:00+01:00,65251.5125,65.2515125,4.7,81,1,1,13,5,1
2022-01-29 13:00:00+00:00,2022-01-29 14:00:00+01:00,64319.82,64.31981999999999,4.9,81,1,1,14,5,1
2022-01-29 14:00:00+00:00,2022-01-29 15:00:00+01:00,62973.9675,62.9739675,4.6,83,1,1,15,5,1
2022-01-29 15:00:00+00:00,2022-01-29 16:00:00+01:00,62771.4475,62.7714475,4.5,84,1,1,16,5,1
2022-01-29 16:00:00+00:00,2022-01-29 17:00:00+01:00,66407.95,66.40795,4.9,86,1,1,17,5,1
2022-01-29 17:00:00+00:00,2022-01-29 18:00:00+01:00,66861.95999999999,66.86196,6.3,86,1,1,18,5,1
2022-01-29 18:00:00+00:00,2022-01-29 19:00:00+01:00,64105.9475,64.1059475,7.2,86,1,1,19,5,1
2022-01-29 19:00:00+00:00,2022-01-29 20:00:00+01:00,60257.5225,60.2575225,7.6,86,1,1,20,5,1
2022-01-29 20:00:00+00:00,2022-01-29 21:00:00+01:00,57118.6825,57.118682500000006,7.7,87,1,0,21,5,1
2022-01-29 21:00:00+00:00,2022-01-29 22:00:00+01:00,56294.972499999996,56.29497249999999,7.8,88,1,0,22,5,1
2022-01-29 22:00:00+00:00,2022-01-29 23:00:00+01:00,53309.5475,53.3095475,7.6,91,1,0,23,5,1
2022-01-29 23:00:00+00:00,2022-01-30 00:00:00+01:00,50579.7425,50.5797425,8.1,87,1,0,0,6,1
2022-01-30 00:00:00+00:00,2022-01-30 01:00:00+01:00,48179.08,48.17908,7.2,83,1,0,1,6,1
2022-01-30 01:00:00+00:00,2022-01-30 02:00:00+01:00,47021.565,47.021565,6.9,80,1,0,2,6,1
2022-01-30 02:00:00+00:00,2022-01-30 03:00:00+01:00,46647.425,46.647425000000005,6.6,78,1,0,3,6,1
2022-01-30 03:00:00+00:00,2022-01-30 04:00:00+01:00,46706.5575,46.7065575,5.5,80,1,0,4,6,1
2022-01-30 04:00:00+00:00,2022-01-30 05:00:00+01:00,47177.7625,47.1777625,4.9,81,1,0,5,6,1
2022-01-30 05:00:00+00:00,2022-01-30 06:00:00+01:00,47753.012500000004,47.753012500000004,4.5,81,1,0,6,6,1
2022-01-30 06:00:00+00:00,2022-01-30 07:00:00+01:00,49004.495,49.004495000000006,4.2,79,1,0,7,6,1
2022-01-30 07:00:00+00:00,2022-01-30 08:00:00+01:00,51545.707500000004,51.545707500000006,3.9,79,1,1,8,6,1
2022-01-30 08:00:00+00:00,2022-01-30 09:00:00+01:00,55043.725,55.043725,4.1,79,1,1,9,6,1
2022-01-30 09:00:00+00:00,2022-01-30 10:00:00+01:00,57285.755,57.285754999999995,4.9,78,1,1,10,6,1
2022-01-30 10:00:00+00:00,2022-01-30 11:00:00+01:00,58978.427500000005,58.9784275,6.0,69,1,1,11,6,1
2022-01-30 11:00:00+00:00,2022-01-30 12:00:00+01:00,59410.885,59.410885,6.7,63,1,1,12,6,1
2022-01-30 12:00:00+00:00,2022-01-30 13:00:00+01:00,57902.955,57.902955,6.7,55,1,1,13,6,1
2022-01-30 13:00:00+00:00,2022-01-30 14:00:00+01:00,55957.2,55.9572,6.7,54,1,1,14,6,1
2022-01-30 14:00:00+00:00,2022-01-30 15:00:00+01:00,55350.3975,55.3503975,6.8,52,1,1,15,6,1
2022-01-30 15:00:00+00:00,2022-01-30 16:00:00+01:00,55931.15,55.93115,6.4,56,1,1,16,6,1
2022-01-30 16:00:00+00:00,2022-01-30 17:00:00+01:00,60625.64,60.62564,5.2,61,1,1,17,6,1
2022-01-30 17:00:00+00:00,2022-01-30 18:00:00+01:00,63336.494999999995,63.33649499999999,3.4,71,1,1,18,6,1
2022-01-30 18:00:00+00:00,2022-01-30 19:00:00+01:00,61242.5175,61.242517500000005,2.4,75,1,1,19,6,1
2022-01-30 19:00:00+00:00,2022-01-30 20:00:00+01:00,58611.725,58.611725,1.6,80,1,1,20,6,1
2022-01-30 20:00:00+00:00,2022-01-30 21:00:00+01:00,56919.4925,56.9194925,0.9,83,1,0,21,6,1
2022-01-30 21:00:00+00:00,2022-01-30 22:00:00+01:00,56955.935,56.955935,-0.2,89,1,0,22,6,1
2022-01-30 22:00:00+00:00,2022-01-30 23:00:00+01:00,54484.035,54.484035000000006,-0.9,91,1,0,23,6,1
2022-01-30 23:00:00+00:00,2022-01-31 00:00:00+01:00,52920.52,52.920519999999996,-0.7,92,0,0,0,0,1
2022-01-31 00:00:00+00:00,2022-01-31 01:00:00+01:00,51302.005,51.302004999999994,0.5,87,0,0,1,0,1
2022-01-31 01:00:00+00:00,2022-01-31 02:00:00+01:00,51060.6425,51.0606425,0.8,86,0,0,2,0,1
2022-01-31 02:00:00+00:00,2022-01-31 03:00:00+01:00,51200.8025,51.200802499999995,1.5,82,0,0,3,0,1
2022-01-31 03:00:00+00:00,2022-01-31 04:00:00+01:00,53098.119999999995,53.098119999999994,1.5,83,0,0,4,0,1
2022-01-31 04:00:00+00:00,2022-01-31 05:00:00+01:00,56663.3375,56.663337500000004,2.1,81,0,0,5,0,1
2022-01-31 05:00:00+00:00,2022-01-31 06:00:00+01:00,64356.84,64.35683999999999,2.4,85,0,0,6,0,1
2022-01-31 06:00:00+00:00,2022-01-31 07:00:00+01:00,70946.935,70.946935,2.9,91,0,0,7,0,1
2022-01-31 07:00:00+00:00,2022-01-31 08:00:00+01:00,74389.4575,74.3894575,3.7,87,0,1,8,0,1
2022-01-31 08:00:00+00:00,2022-01-31 09:00:00+01:00,75966.7625,75.9667625,4.3,84,0,1,9,0,1
2022-01-31 09:00:00+00:00,2022-01-31 10:00:00+01:00,76647.7125,76.6477125,5.0,81,0,1,10,0,1
2022-01-31 10:00:00+00:00,2022-01-31 11:00:00+01:00,77336.6175,77.33661749999999,5.5,78,0,1,11,0,1
2022-01-31 11:00:00+00:00,2022-01-31 12:00:00+01:00,77661.655,77.661655,4.7,82,0,1,12,0,1
2022-01-31 12:00:00+00:00,2022-01-31 13:00:00+01:00,77097.3775,77.09737750000001,4.7,86,0,1,13,0,1
2022-01-31 13:00:00+00:00,2022-01-31 14:00:00+01:00,75566.395,75.566395,4.6,89,0,1,14,0,1
2022-01-31 14:00:00+00:00,2022-01-31 15:00:00+01:00,74656.7525,74.6567525,4.6,85,0,1,15,0,1
2022-01-31 15:00:00+00:00,2022-01-31 16:00:00+01:00,74376.24250000001,74.3762425,4.8,82,0,1,16,0,1
2022-01-31 16:00:00+00:00,2022-01-31 17:00:00+01:00,77231.83,77.23183,4.4,84,0,1,17,0,1
2022-01-31 17:00:00+00:00,2022-01-31 18:00:00+01:00,78205.3775,78.2053775,4.5,84,0,1,18,0,1
2022-01-31 18:00:00+00:00,2022-01-31 19:00:00+01:00,75872.52,75.87252000000001,4.3,84,0,1,19,0,1
2022-01-31 19:00:00+00:00,2022-01-31 20:00:00+01:00,72177.795,72.177795,4.3,86,0,1,20,0,1
2022-01-31 20:00:00+00:00,2022-01-31 21:00:00+01:00,68620.0,68.62,4.3,85,0,0,21,0,1
2022-01-31 21:00:00+00:00,2022-01-31 22:00:00+01:00,66055.4575,66.0554575,4.6,84,0,0,22,0,1
2022-01-31 22:00:00+00:00,2022-01-31 23:00:00+01:00,62777.5175,62.7775175,3.9,79,0,0,23,0,1
2022-01-31 23:00:00+00:00,2022-02-01 00:00:00+01:00,56977.4925,56.9774925,3.1,78,0,0,0,1,2
2022-02-01 00:00:00+00:00,2022-02-01 01:00:00+01:00,55791.625,55.791625,3.0,83,0,0,1,1,2
2022-02-01 01:00:00+00:00,2022-02-01 02:00:00+01:00,55190.2975,55.1902975,2.9,89,0,0,2,1,2
2022-02-01 02:00:00+00:00,2022-02-01 03:00:00+01:00,55232.825,55.232825,3.7,81,0,0,3,1,2
2022-02-01 03:00:00+00:00,2022-02-01 04:00:00+01:00,56136.59,56.13659,3.0,81,0,0,4,1,2
2022-02-01 04:00:00+00:00,2022-02-01 05:00:00+01:00,59428.5425,59.428542500000006,2.8,82,0,0,5,1,2
2022-02-01 05:00:00+00:00,2022-02-01 06:00:00+01:00,66441.0925,66.4410925,2.5,82,0,0,6,1,2
2022-02-01 06:00:00+00:00,2022-02-01 07:00:00+01:00,72986.9425,72.9869425,2.1,85,0,0,7,1,2
2022-02-01 07:00:00+00:00,2022-02-01 08:00:00+01:00,76297.075,76.29707499999999,2.6,83,0,1,8,1,2
2022-02-01 08:00:00+00:00,2022-02-01 09:00:00+01:00,77514.0775,77.5140775,2.9,82,0,1,9,1,2
2022-02-01 09:00:00+00:00,2022-02-01 10:00:00+01:00,78394.2125,78.3942125,3.8,79,0,1,10,1,2
2022-02-01 10:00:00+00:00,2022-02-01 11:00:00+01:00,79353.07,79.35307,4.2,77,0,1,11,1,2
2022-02-01 11:00:00+00:00,2022-02-01 12:00:00+01:00,79485.765,79.485765,3.8,77,0,1,12,1,2
2022-02-01 12:00:00+00:00,2022-02-01 13:00:00+01:00,79243.1225,79.2431225,2.8,85,0,1,13,1,2
2022-02-01 13:00:00+00:00,2022-02-01 14:00:00+01:00,79135.4425,79.13544250000001,2.7,86,0,1,14,1,2
2022-02-01 14:00:00+00:00,2022-02-01 15:00:00+01:00,78166.7225,78.1667225,2.7,88,0,1,15,1,2
2022-02-01 15:00:00+00:00,2022-02-01 16:00:00+01:00,77334.6625,77.33466250000001,3.0,89,0,1,16,1,2
2022-02-01 16:00:00+00:00,2022-02-01 17:00:00+01:00,78324.3325,78.3243325,3.9,89,0,1,17,1,2
2022-02-01 17:00:00+00:00,2022-02-01 18:00:00+01:00,78668.59999999999,78.6686,4.8,87,0,1,18,1,2
2022-02-01 18:00:00+00:00,2022-02-01 19:00:00+01:00,76536.8575,76.5368575,6.2,86,0,1,19,1,2
2022-02-01 19:00:00+00:00,2022-02-01 20:00:00+01:00,72077.205,72.077205,7.7,85,0,1,20,1,2
2022-02-01 20:00:00+00:00,2022-02-01 21:00:00+01:00,67433.055,67.433055,8.3,82,0,0,21,1,2
2022-02-01 21:00:00+00:00,2022-02-01 22:00:00+01:00,64512.63,64.51263,8.1,80,0,0,22,1,2
2022-02-01 22:00:00+00:00,2022-02-01 23:00:00+01:00,61232.4675,61.2324675,7.4,81,0,0,23,1,2
2022-02-01 23:00:00+00:00,2022-02-02 00:00:00+01:00,58006.61,58.00661,7.3,82,0,0,0,2,2
2022-02-02 00:00:00+00:00,2022-02-02 01:00:00+01:00,55600.1725,55.6001725,7.2,83,0,0,1,2,2
2022-02-02 01:00:00+00:00,2022-02-02 02:00:00+01:00,54820.8125,54.8208125,7.0,84,0,0,2,2,2
2022-02-02 02:00:00+00:00,2022-02-02 03:00:00+01:00,55487.4275,55.487427499999995,7.2,83,0,0,3,2,2
2022-02-02 03:00:00+00:00,2022-02-02 04:00:00+01:00,56669.3225,56.6693225,6.8,83,0,0,4,2,2
2022-02-02 04:00:00+00:00,2022-02-02 05:00:00+01:00,59499.932499999995,59.49993249999999,6.6,83,0,0,5,2,2
2022-02-02 05:00:00+00:00,2022-02-02 06:00:00+01:00,66727.59,66.72758999999999,6.5,82,0,0,6,2,2
2022-02-02 06:00:00+00:00,2022-02-02 07:00:00+01:00,72480.33499999999,72.480335,6.4,83,0,0,7,2,2
2022-02-02 07:00:00+00:00,2022-02-02 08:00:00+01:00,74640.845,74.640845,6.4,81,0,1,8,2,2
2022-02-02 08:00:00+00:00,2022-02-02 09:00:00+01:00,75182.4325,75.18243249999999,6.6,81,0,1,9,2,2
2022-02-02 09:00:00+00:00,2022-02-02 10:00:00+01:00,75486.95749999999,75.48695749999999,7.4,77,0,1,10,2,2
2022-02-02 10:00:00+00:00,2022-02-02 11:00:00+01:00,76391.535,76.391535,7.8,73,0,1,11,2,2
2022-02-02 11:00:00+00:00,2022-02-02 12:00:00+01:00,76068.125,76.068125,7.9,74,0,1,12,2,2
2022-02-02 12:00:00+00:00,2022-02-02 13:00:00+01:00,74768.86,74.76886,8.8,70,0,1,13,2,2
2022-02-02 13:00:00+00:00,2022-02-02 14:00:00+01:00,73908.4525,73.9084525,8.8,67,0,1,14,2,2
2022-02-02 14:00:00+00:00,2022-02-02 15:00:00+01:00,73352.355,73.352355,8.7,66,0,1,15,2,2
2022-02-02 15:00:00+00:00,2022-02-02 16:00:00+01:00,71861.9975,71.8619975,8.4,67,0,1,16,2,2
2022-02-02 16:00:00+00:00,2022-02-02 17:00:00+01:00,73766.1,73.76610000000001,7.2,73,0,1,17,2,2
2022-02-02 17:00:00+00:00,2022-02-02 18:00:00+01:00,74880.31,74.88031,5.5,83,0,1,18,2,2
2022-02-02 18:00:00+00:00,2022-02-02 19:00:00+01:00,72922.5825,72.9225825,4.8,88,0,1,19,2,2
2022-02-02 19:00:00+00:00,2022-02-02 20:00:00+01:00,68821.495,68.821495,4.2,90,0,1,20,2,2
2022-02-02 20:00:00+00:00,2022-02-02 21:00:00+01:00,65160.345,65.160345,3.6,92,0,0,21,2,2
2022-02-02 21:00:00+00:00,2022-02-02 22:00:00+01:00,62113.490000000005,62.113490000000006,3.5,93,0,0,22,2,2
2022-02-02 22:00:00+00:00,2022-02-02 23:00:00+01:00,59026.024999999994,59.026025,3.4,94,0,0,23,2,2
2022-02-02 23:00:00+00:00,2022-02-03 00:00:00+01:00,56062.53,56.062529999999995,3.5,95,0,0,0,3,2
2022-02-03 00:00:00+00:00,2022-02-03 01:00:00+01:00,54307.82,54.30782,4.3,95,0,0,1,3,2
2022-02-03 01:00:00+00:00,2022-02-03 02:00:00+01:00,53576.7475,53.576747499999996,4.6,95,0,0,2,3,2
2022-02-03 02:00:00+00:00,2022-02-03 03:00:00+01:00,53618.275,53.618275000000004,5.2,93,0,0,3,3,2
2022-02-03 03:00:00+00:00,2022-02-03 04:00:00+01:00,55353.994999999995,55.353995,5.5,94,0,0,4,3,2
2022-02-03 04:00:00+00:00,2022-02-03 05:00:00+01:00,58287.97,58.28797,5.9,94,0,0,5,3,2
2022-02-03 05:00:00+00:00,2022-02-03 06:00:00+01:00,65141.3625,65.1413625,5.6,96,0,0,6,3,2
2022-02-03 06:00:00+00:00,2022-02-03 07:00:00+01:00,71203.4125,71.2034125,6.1,97,0,0,7,3,2
2022-02-03 07:00:00+00:00,2022-02-03 08:00:00+01:00,74079.625,74.079625,6.3,97,0,1,8,3,2
2022-02-03 08:00:00+00:00,2022-02-03 09:00:00+01:00,74257.465,74.257465,6.9,96,0,1,9,3,2
2022-02-03 09:00:00+00:00,2022-02-03 10:00:00+01:00,74563.74,74.56374000000001,7.5,93,0,1,10,3,2
2022-02-03 10:00:00+00:00,2022-02-03 11:00:00+01:00,75719.6675,75.7196675,8.0,85,0,1,11,3,2
2022-02-03 11:00:00+00:00,2022-02-03 12:00:00+01:00,75698.59,75.69859,8.0,79,0,1,12,3,2
2022-02-03 12:00:00+00:00,2022-02-03 13:00:00+01:00,74091.0,74.091,8.3,84,0,1,13,3,2
2022-02-03 13:00:00+00:00,2022-02-03 14:00:00+01:00,73005.60250000001,73.00560250000001,8.7,83,0,1,14,3,2
2022-02-03 14:00:00+00:00,2022-02-03 15:00:00+01:00,72528.3675,72.52836749999999,8.8,78,0,1,15,3,2
2022-02-03 15:00:00+00:00,2022-02-03 16:00:00+01:00,71961.3325,71.9613325,8.5,76,0,1,16,3,2
2022-02-03 16:00:00+00:00,2022-02-03 17:00:00+01:00,73833.405,73.833405,7.9,77,0,1,17,3,2
2022-02-03 17:00:00+00:00,2022-02-03 18:00:00+01:00,74622.9575,74.6229575,7.5,79,0,1,18,3,2
2022-02-03 18:00:00+00:00,2022-02-03 19:00:00+01:00,72990.83,72.99083,7.0,84,0,1,19,3,2
2022-02-03 19:00:00+00:00,2022-02-03 20:00:00+01:00,69030.33499999999,69.030335,6.4,86,0,1,20,3,2
2022-02-03 20:00:00+00:00,2022-02-03 21:00:00+01:00,65136.755000000005,65.13675500000001,5.4,90,0,0,21,3,2
2022-02-03 21:00:00+00:00,2022-02-03 22:00:00+01:00,61723.5075,61.7235075,3.9,94,0,0,22,3,2
2022-02-03 22:00:00+00:00,2022-02-03 23:00:00+01:00,58195.9175,58.1959175,3.6,95,0,0,23,3,2
2022-02-03 23:00:00+00:00,2022-02-04 00:00:00+01:00,54105.1975,54.1051975,4.4,92,0,0,0,4,2
2022-02-04 00:00:00+00:00,2022-02-04 01:00:00+01:00,52563.43,52.56343,5.3,88,0,0,1,4,2
2022-02-04 01:00:00+00:00,2022-02-04 02:00:00+01:00,52055.32,52.05532,5.2,88,0,0,2,4,2
2022-02-04 02:00:00+00:00,2022-02-04 03:00:00+01:00,52579.707500000004,52.579707500000005,4.3,92,0,0,3,4,2
2022-02-04 03:00:00+00:00,2022-02-04 04:00:00+01:00,53771.9,53.7719,4.2,92,0,0,4,4,2
2022-02-04 04:00:00+00:00,2022-02-04 05:00:00+01:00,56989.49,56.989489999999996,5.0,89,0,0,5,4,2
2022-02-04 05:00:00+00:00,2022-02-04 06:00:00+01:00,64325.314999999995,64.32531499999999,5.2,90,0,0,6,4,2
2022-02-04 06:00:00+00:00,2022-02-04 07:00:00+01:00,70501.33,70.50133,5.3,90,0,0,7,4,2
2022-02-04 07:00:00+00:00,2022-02-04 08:00:00+01:00,73036.4325,73.03643249999999,5.8,88,0,1,8,4,2
2022-02-04 08:00:00+00:00,2022-02-04 09:00:00+01:00,73979.84,73.97984,6.2,86,0,1,9,4,2
2022-02-04 09:00:00+00:00,2022-02-04 10:00:00+01:00,74100.535,74.10053500000001,6.6,85,0,1,10,4,2
2022-02-04 10:00:00+00:00,2022-02-04 11:00:00+01:00,75321.22,75.32122,7.0,83,0,1,11,4,2
2022-02-04 11:00:00+00:00,2022-02-04 12:00:00+01:00,75790.5525,75.7905525,7.6,79,0,1,12,4,2
2022-02-04 12:00:00+00:00,2022-02-04 13:00:00+01:00,73882.5325,73.8825325,7.0,83,0,1,13,4,2
2022-02-04 13:00:00+00:00,2022-02-04 14:00:00+01:00,72432.51250000001,72.43251250000002,7.3,80,0,1,14,4,2
2022-02-04 14:00:00+00:00,2022-02-04 15:00:00+01:00,71800.28,71.80028,7.5,80,0,1,15,4,2
2022-02-04 15:00:00+00:00,2022-02-04 16:00:00+01:00,71873.7975,71.8737975,7.5,77,0,1,16,4,2
2022-02-04 16:00:00+00:00,2022-02-04 17:00:00+01:00,74110.5675,74.1105675,7.2,80,0,1,17,4,2
2022-02-04 17:00:00+00:00,2022-02-04 18:00:00+01:00,75173.6325,75.17363250000001,7.3,80,0,1,18,4,2
2022-02-04 18:00:00+00:00,2022-02-04 19:00:00+01:00,72468.225,72.468225,7.3,80,0,1,19,4,2
2022-02-04 19:00:00+00:00,2022-02-04 20:00:00+01:00,68183.0075,68.1830075,7.4,81,0,1,20,4,2
2022-02-04 20:00:00+00:00,2022-02-04 21:00:00+01:00,64670.2575,64.6702575,6.1,80,0,0,21,4,2
2022-02-04 21:00:00+00:00,2022-02-04 22:00:00+01:00,61740.667499999996,61.740667499999994,4.5,81,0,0,22,4,2
2022-02-04 22:00:00+00:00,2022-02-04 23:00:00+01:00,58478.59,58.47859,3.5,82,0,0,23,4,2
2022-02-04 23:00:00+00:00,2022-02-05 00:00:00+01:00,55031.707500000004,55.0317075,2.8,83,1,0,0,5,2
2022-02-05 00:00:00+00:00,2022-02-05 01:00:00+01:00,53331.7175,53.331717499999996,1.6,87,1,0,1,5,2
2022-02-05 01:00:00+00:00,2022-02-05 02:00:00+01:00,52686.185,52.686184999999995,1.5,88,1,0,2,5,2
2022-02-05 02:00:00+00:00,2022-02-05 03:00:00+01:00,52498.3575,52.4983575,1.4,89,1,0,3,5,2
2022-02-05 03:00:00+00:00,2022-02-05 04:00:00+01:00,52153.792499999996,52.153792499999994,1.2,90,1,0,4,5,2
2022-02-05 04:00:00+00:00,2022-02-05 05:00:00+01:00,52301.01,52.301010000000005,0.8,90,1,0,5,5,2
2022-02-05 05:00:00+00:00,2022-02-05 06:00:00+01:00,53321.935,53.321934999999996,0.6,91,1,0,6,5,2
2022-02-05 06:00:00+00:00,2022-02-05 07:00:00+01:00,56268.042499999996,56.26804249999999,0.3,92,1,0,7,5,2
2022-02-05 07:00:00+00:00,2022-02-05 08:00:00+01:00,59702.425,59.702425000000005,-0.1,92,1,1,8,5,2
2022-02-05 08:00:00+00:00,2022-02-05 09:00:00+01:00,62507.5725,62.5075725,0.7,90,1,1,9,5,2
2022-02-05 09:00:00+00:00,2022-02-05 10:00:00+01:00,63792.6125,63.792612500000004,2.4,85,1,1,10,5,2
2022-02-05 10:00:00+00:00,2022-02-05 11:00:00+01:00,65415.4675,65.4154675,4.0,78,1,1,11,5,2
2022-02-05 11:00:00+00:00,2022-02-05 12:00:00+01:00,64310.51,64.31051000000001,5.4,72,1,1,12,5,2
2022-02-05 12:00:00+00:00,2022-02-05 13:00:00+01:00,62638.45,62.63845,5.9,65,1,1,13,5,2
2022-02-05 13:00:00+00:00,2022-02-05 14:00:00+01:00,60576.66,60.576660000000004,6.2,66,1,1,14,5,2
2022-02-05 14:00:00+00:00,2022-02-05 15:00:00+01:00,59559.795,59.559795,6.2,66,1,1,15,5,2
2022-02-05 15:00:00+00:00,2022-02-05 16:00:00+01:00,60476.2425,60.4762425,6.1,66,1,1,16,5,2
2022-02-05 16:00:00+00:00,2022-02-05 17:00:00+01:00,64050.435,64.050435,5.6,69,1,1,17,5,2
2022-02-05 17:00:00+00:00,2022-02-05 18:00:00+01:00,66306.105,66.306105,4.4,72,1,1,18,5,2
2022-02-05 18:00:00+00:00,2022-02-05 19:00:00+01:00,64609.082500000004,64.6090825,4.0,72,1,1,19,5,2
2022-02-05 19:00:00+00:00,2022-02-05 20:00:00+01:00,60783.0625,60.7830625,3.5,75,1,1,20,5,2
2022-02-05 20:00:00+00:00,2022-02-05 21:00:00+01:00,58270.495,58.270495000000004,3.0,82,1,0,21,5,2
2022-02-05 21:00:00+00:00,2022-02-05 22:00:00+01:00,57114.744999999995,57.11474499999999,3.1,86,1,0,22,5,2
2022-02-05 22:00:00+00:00,2022-02-05 23:00:00+01:00,54283.9025,54.283902499999996,3.6,84,1,0,23,5,2
2022-02-05 23:00:00+00:00,2022-02-06 00:00:00+01:00,52322.1175,52.3221175,4.1,80,1,0,0,6,2
2022-02-06 00:00:00+00:00,2022-02-06 01:00:00+01:00,50316.805,50.316805,5.2,71,1,0,1,6,2
2022-02-06 01:00:00+00:00,2022-02-06 02:00:00+01:00,49330.8575,49.3308575,5.3,70,1,0,2,6,2
2022-02-06 02:00:00+00:00,2022-02-06 03:00:00+01:00,48950.01,48.95001,5.0,74,1,0,3,6,2
2022-02-06 03:00:00+00:00,2022-02-06 04:00:00+01:00,48661.447499999995,48.661447499999994,5.0,77,1,0,4,6,2
2022-02-06 04:00:00+00:00,2022-02-06 05:00:00+01:00,49083.085,49.083085,5.4,76,1,0,5,6,2
2022-02-06 05:00:00+00:00,2022-02-06 06:00:00+01:00,49096.255000000005,49.096255000000006,5.6,75,1,0,6,6,2
2022-02-06 06:00:00+00:00,2022-02-06 07:00:00+01:00,51128.7725,51.1287725,5.6,75,1,0,7,6,2
2022-02-06 07:00:00+00:00,2022-02-06 08:00:00+01:00,53725.3025,53.7253025,5.6,77,1,1,8,6,2
2022-02-06 08:00:00+00:00,2022-02-06 09:00:00+01:00,57380.8775,57.380877500000004,5.5,80,1,1,9,6,2
2022-02-06 09:00:00+00:00,2022-02-06 10:00:00+01:00,59847.1325,59.8471325,5.5,84,1,1,10,6,2
2022-02-06 10:00:00+00:00,2022-02-06 11:00:00+01:00,62791.5675,62.7915675,5.3,90,1,1,11,6,2
2022-02-06 11:00:00+00:00,2022-02-06 12:00:00+01:00,62955.14,62.95514,5.3,90,1,1,12,6,2
2022-02-06 12:00:00+00:00,2022-02-06 13:00:00+01:00,61466.865000000005,61.466865000000006,5.4,89,1,1,13,6,2
2022-02-06 13:00:00+00:00,2022-02-06 14:00:00+01:00,60671.915,60.671915,4.5,90,1,1,14,6,2
2022-02-06 14:00:00+00:00,2022-02-06 15:00:00+01:00,60458.94,60.458940000000005,4.7,88,1,1,15,6,2
2022-02-06 15:00:00+00:00,2022-02-06 16:00:00+01:00,60452.8575,60.4528575,5.3,90,1,1,16,6,2
2022-02-06 16:00:00+00:00,2022-02-06 17:00:00+01:00,63050.84,63.050839999999994,6.1,91,1,1,17,6,2
2022-02-06 17:00:00+00:00,2022-02-06 18:00:00+01:00,64859.3425,64.8593425,6.7,91,1,1,18,6,2
2022-02-06 18:00:00+00:00,2022-02-06 19:00:00+01:00,63033.287500000006,63.03328750000001,5.7,86,1,1,19,6,2
2022-02-06 19:00:00+00:00,2022-02-06 20:00:00+01:00,60522.0625,60.5220625,6.3,89,1,1,20,6,2
2022-02-06 20:00:00+00:00,2022-02-06 21:00:00+01:00,58217.94,58.217940000000006,5.1,92,1,0,21,6,2
2022-02-06 21:00:00+00:00,2022-02-06 22:00:00+01:00,57766.2525,57.7662525,6.4,85,1,0,22,6,2
2022-02-06 22:00:00+00:00,2022-02-06 23:00:00+01:00,54904.195,54.904195,6.3,81,1,0,23,6,2
2022-02-06 23:00:00+00:00,2022-02-07 00:00:00+01:00,52766.045,52.766045,5.0,84,0,0,0,0,2
2022-02-07 00:00:00+00:00,2022-02-07 01:00:00+01:00,51818.0825,51.818082499999996,4.0,82,0,0,1,0,2
2022-02-07 01:00:00+00:00,2022-02-07 02:00:00+01:00,51860.395000000004,51.860395000000004,3.9,77,0,0,2,0,2
2022-02-07 02:00:00+00:00,2022-02-07 03:00:00+01:00,52292.4,52.2924,3.2,78,0,0,3,0,2
2022-02-07 03:00:00+00:00,2022-02-07 04:00:00+01:00,54476.22,54.47622,2.9,78,0,0,4,0,2
2022-02-07 04:00:00+00:00,2022-02-07 05:00:00+01:00,58111.4675,58.111467499999996,2.9,78,0,0,5,0,2
2022-02-07 05:00:00+00:00,2022-02-07 06:00:00+01:00,65793.8075,65.7938075,3.1,76,0,0,6,0,2
2022-02-07 06:00:00+00:00,2022-02-07 07:00:00+01:00,72046.19,72.04619,2.8,75,0,0,7,0,2
2022-02-07 07:00:00+00:00,2022-02-07 08:00:00+01:00,74825.0425,74.8250425,2.9,72,0,1,8,0,2
2022-02-07 08:00:00+00:00,2022-02-07 09:00:00+01:00,75358.9625,75.35896249999999,3.6,71,0,1,9,0,2
2022-02-07 09:00:00+00:00,2022-02-07 10:00:00+01:00,75556.69,75.55669,4.6,70,0,1,10,0,2
2022-02-07 10:00:00+00:00,2022-02-07 11:00:00+01:00,75926.06,75.92605999999999,5.6,68,0,1,11,0,2
2022-02-07 11:00:00+00:00,2022-02-07 12:00:00+01:00,75916.1625,75.91616250000001,6.9,61,0,1,12,0,2
2022-02-07 12:00:00+00:00,2022-02-07 13:00:00+01:00,74351.9675,74.3519675,6.9,57,0,1,13,0,2
2022-02-07 13:00:00+00:00,2022-02-07 14:00:00+01:00,72366.72750000001,72.36672750000001,6.9,54,0,1,14,0,2
2022-02-07 14:00:00+00:00,2022-02-07 15:00:00+01:00,70460.695,70.460695,6.7,54,0,1,15,0,2
2022-02-07 15:00:00+00:00,2022-02-07 16:00:00+01:00,70275.0025,70.2750025,6.7,53,0,1,16,0,2
2022-02-07 16:00:00+00:00,2022-02-07 17:00:00+01:00,73099.205,73.099205,5.8,55,0,1,17,0,2
2022-02-07 17:00:00+00:00,2022-02-07 18:00:00+01:00,75157.74250000001,75.15774250000001,4.6,60,0,1,18,0,2
2022-02-07 18:00:00+00:00,2022-02-07 19:00:00+01:00,73696.70999999999,73.69671,3.9,66,0,1,19,0,2
2022-02-07 19:00:00+00:00,2022-02-07 20:00:00+01:00,69605.43,69.60543,2.8,71,0,1,20,0,2
2022-02-07 20:00:00+00:00,2022-02-07 21:00:00+01:00,66211.2575,66.2112575,1.9,75,0,0,21,0,2
2022-02-07 21:00:00+00:00,2022-02-07 22:00:00+01:00,63708.0275,63.7080275,1.2,80,0,0,22,0,2
2022-02-07 22:00:00+00:00,2022-02-07 23:00:00+01:00,59713.26,59.713260000000005,0.7,82,0,0,23,0,2
2022-02-07 23:00:00+00:00,2022-02-08 00:00:00+01:00,57395.375,57.395375,0.3,85,0,0,0,1,2
2022-02-08 00:00:00+00:00,2022-02-08 01:00:00+01:00,55761.6425,55.7616425,0.8,89,0,0,1,1,2
2022-02-08 01:00:00+00:00,2022-02-08 02:00:00+01:00,54872.2725,54.8722725,0.8,88,0,0,2,1,2
2022-02-08 02:00:00+00:00,2022-02-08 03:00:00+01:00,55514.03,55.51403,2.0,81,0,0,3,1,2
2022-02-08 03:00:00+00:00,2022-02-08 04:00:00+01:00,56830.8375,56.8308375,2.7,77,0,0,4,1,2
2022-02-08 04:00:00+00:00,2022-02-08 05:00:00+01:00,60072.9575,60.072957499999994,3.2,76,0,0,5,1,2
2022-02-08 05:00:00+00:00,2022-02-08 06:00:00+01:00,66791.85,66.79185000000001,3.5,77,0,0,6,1,2
2022-02-08 06:00:00+00:00,2022-02-08 07:00:00+01:00,72349.675,72.349675,3.9,77,0,0,7,1,2
2022-02-08 07:00:00+00:00,2022-02-08 08:00:00+01:00,74814.475,74.814475,4.1,79,0,1,8,1,2
2022-02-08 08:00:00+00:00,2022-02-08 09:00:00+01:00,75656.135,75.65613499999999,4.7,82,0,1,9,1,2
2022-02-08 09:00:00+00:00,2022-02-08 10:00:00+01:00,76381.27,76.38127,5.5,83,0,1,10,1,2
2022-02-08 10:00:00+00:00,2022-02-08 11:00:00+01:00,77641.2125,77.6412125,6.3,82,0,1,11,1,2
2022-02-08 11:00:00+00:00,2022-02-08 12:00:00+01:00,77345.9375,77.3459375,6.3,84,0,1,12,1,2
2022-02-08 12:00:00+00:00,2022-02-08 13:00:00+01:00,76053.195,76.053195,7.0,78,0,1,13,1,2
2022-02-08 13:00:00+00:00,2022-02-08 14:00:00+01:00,74369.65,74.36965,7.0,79,0,1,14,1,2
2022-02-08 14:00:00+00:00,2022-02-08 15:00:00+01:00,73300.66,73.30066000000001,6.5,83,0,1,15,1,2
2022-02-08 15:00:00+00:00,2022-02-08 16:00:00+01:00,72768.7125,72.76871249999999,6.8,83,0,1,16,1,2
2022-02-08 16:00:00+00:00,2022-02-08 17:00:00+01:00,74348.565,74.34856500000001,7.2,84,0,1,17,1,2
2022-02-08 17:00:00+00:00,2022-02-08 18:00:00+01:00,75265.21,75.26521000000001,7.2,85,0,1,18,1,2
2022-02-08 18:00:00+00:00,2022-02-08 19:00:00+01:00,74048.6425,74.0486425,7.3,85,0,1,19,1,2
2022-02-08 19:00:00+00:00,2022-02-08 20:00:00+01:00,70306.5425,70.30654249999999,7.3,85,0,1,20,1,2
2022-02-08 20:00:00+00:00,2022-02-08 21:00:00+01:00,66345.8775,66.3458775,7.2,86,0,0,21,1,2
2022-02-08 21:00:00+00:00,2022-02-08 22:00:00+01:00,62952.707500000004,62.9527075,6.9,88,0,0,22,1,2
2022-02-08 22:00:00+00:00,2022-02-08 23:00:00+01:00,59235.417499999996,59.2354175,6.9,89,0,0,23,1,2
2022-02-08 23:00:00+00:00,2022-02-09 00:00:00+01:00,56496.100000000006,56.496100000000006,6.9,87,0,0,0,2,2
2022-02-09 00:00:00+00:00,2022-02-09 01:00:00+01:00,54521.2125,54.521212500000004,7.0,87,0,0,1,2,2
2022-02-09 01:00:00+00:00,2022-02-09 02:00:00+01:00,53343.58,53.34358,7.2,85,0,0,2,2,2
2022-02-09 02:00:00+00:00,2022-02-09 03:00:00+01:00,53850.325,53.850325,6.5,89,0,0,3,2,2
2022-02-09 03:00:00+00:00,2022-02-09 04:00:00+01:00,55544.1225,55.5441225,6.3,87,0,0,4,2,2
2022-02-09 04:00:00+00:00,2022-02-09 05:00:00+01:00,58400.0375,58.400037499999996,6.6,85,0,0,5,2,2
2022-02-09 05:00:00+00:00,2022-02-09 06:00:00+01:00,66101.57,66.10157000000001,6.7,86,0,0,6,2,2
2022-02-09 06:00:00+00:00,2022-02-09 07:00:00+01:00,72505.7175,72.5057175,6.6,90,0,0,7,2,2
2022-02-09 07:00:00+00:00,2022-02-09 08:00:00+01:00,74609.3275,74.6093275,6.0,93,0,1,8,2,2
2022-02-09 08:00:00+00:00,2022-02-09 09:00:00+01:00,75079.06,75.07906,6.4,92,0,1,9,2,2
2022-02-09 09:00:00+00:00,2022-02-09 10:00:00+01:00,75259.6175,75.25961749999999,7.4,88,0,1,10,2,2
2022-02-09 10:00:00+00:00,2022-02-09 11:00:00+01:00,75897.76000000001,75.89776,8.6,83,0,1,11,2,2
2022-02-09 11:00:00+00:00,2022-02-09 12:00:00+01:00,75078.48,75.07848,9.6,81,0,1,12,2,2
2022-02-09 12:00:00+00:00,2022-02-09 13:00:00+01:00,73854.3275,73.8543275,10.1,71,0,1,13,2,2
2022-02-09 13:00:00+00:00,2022-02-09 14:00:00+01:00,72263.0025,72.2630025,11.1,67,0,1,14,2,2
2022-02-09 14:00:00+00:00,2022-02-09 15:00:00+01:00,70905.1525,70.9051525,11.6,66,0,1,15,2,2
2022-02-09 15:00:00+00:00,2022-02-09 16:00:00+01:00,69924.94,69.92494,11.8,68,0,1,16,2,2
2022-02-09 16:00:00+00:00,2022-02-09 17:00:00+01:00,72182.77249999999,72.1827725,9.8,79,0,1,17,2,2
2022-02-09 17:00:00+00:00,2022-02-09 18:00:00+01:00,74044.965,74.04496499999999,7.7,85,0,1,18,2,2
2022-02-09 18:00:00+00:00,2022-02-09 19:00:00+01:00,72439.92,72.43992,7.1,84,0,1,19,2,2
2022-02-09 19:00:00+00:00,2022-02-09 20:00:00+01:00,68161.8475,68.16184750000001,6.3,89,0,1,20,2,2
2022-02-09 20:00:00+00:00,2022-02-09 21:00:00+01:00,64342.805,64.342805,5.1,92,0,0,21,2,2
2022-02-09 21:00:00+00:00,2022-02-09 22:00:00+01:00,61191.08,61.19108,4.5,93,0,0,22,2,2
2022-02-09 22:00:00+00:00,2022-02-09 23:00:00+01:00,57446.619999999995,57.446619999999996,4.0,94,0,0,23,2,2
2022-02-09 23:00:00+00:00,2022-02-10 00:00:00+01:00,54720.25,54.72025,3.5,94,0,0,0,3,2
2022-02-10 00:00:00+00:00,2022-02-10 01:00:00+01:00,52846.78,52.846779999999995,3.7,94,0,0,1,3,2
2022-02-10 01:00:00+00:00,2022-02-10 02:00:00+01:00,52102.1575,52.102157500000004,3.1,94,0,0,2,3,2
2022-02-10 02:00:00+00:00,2022-02-10 03:00:00+01:00,52572.4375,52.5724375,2.8,94,0,0,3,3,2
2022-02-10 03:00:00+00:00,2022-02-10 04:00:00+01:00,53882.865,53.882864999999995,2.4,93,0,0,4,3,2
2022-02-10 04:00:00+00:00,2022-02-10 05:00:00+01:00,56904.7525,56.9047525,2.2,92,0,0,5,3,2
2022-02-10 05:00:00+00:00,2022-02-10 06:00:00+01:00,64148.135,64.148135,1.9,92,0,0,6,3,2
2022-02-10 06:00:00+00:00,2022-02-10 07:00:00+01:00,69979.26000000001,69.97926000000001,1.8,91,0,0,7,3,2
2022-02-10 07:00:00+00:00,2022-02-10 08:00:00+01:00,72410.515,72.410515,2.0,91,0,1,8,3,2
2022-02-10 08:00:00+00:00,2022-02-10 09:00:00+01:00,72586.7575,72.5867575,4.4,84,0,1,9,3,2
2022-02-10 09:00:00+00:00,2022-02-10 10:00:00+01:00,73778.275,73.778275,6.1,81,0,1,10,3,2
2022-02-10 10:00:00+00:00,2022-02-10 11:00:00+01:00,74439.1725,74.4391725,6.8,81,0,1,11,3,2
2022-02-10 11:00:00+00:00,2022-02-10 12:00:00+01:00,74672.715,74.672715,7.2,82,0,1,12,3,2
2022-02-10 12:00:00+00:00,2022-02-10 13:00:00+01:00,73453.61249999999,73.45361249999999,7.3,84,0,1,13,3,2
2022-02-10 13:00:00+00:00,2022-02-10 14:00:00+01:00,71851.575,71.851575,7.7,84,0,1,14,3,2
2022-02-10 14:00:00+00:00,2022-02-10 15:00:00+01:00,71338.1625,71.33816250000001,8.5,79,0,1,15,3,2
2022-02-10 15:00:00+00:00,2022-02-10 16:00:00+01:00,70845.9075,70.8459075,8.3,78,0,1,16,3,2
2022-02-10 16:00:00+00:00,2022-02-10 17:00:00+01:00,72487.0125,72.48701249999999,7.4,80,0,1,17,3,2
2022-02-10 17:00:00+00:00,2022-02-10 18:00:00+01:00,74399.7475,74.3997475,6.7,82,0,1,18,3,2
2022-02-10 18:00:00+00:00,2022-02-10 19:00:00+01:00,72518.77,72.51877,6.3,85,0,1,19,3,2
2022-02-10 19:00:00+00:00,2022-02-10 20:00:00+01:00,68642.6775,68.6426775,5.7,91,0,1,20,3,2
2022-02-10 20:00:00+00:00,2022-02-10 21:00:00+01:00,64824.7325,64.8247325,5.4,93,0,0,21,3,2
2022-02-10 21:00:00+00:00,2022-02-10 22:00:00+01:00,61563.145,61.563145,5.4,93,0,0,22,3,2
2022-02-10 22:00:00+00:00,2022-02-10 23:00:00+01:00,57481.58,57.48158,5.3,93,0,0,23,3,2
2022-02-10 23:00:00+00:00,2022-02-11 00:00:00+01:00,55575.5675,55.5755675,5.2,93,0,0,0,4,2
2022-02-11 00:00:00+00:00,2022-02-11 01:00:00+01:00,53782.8525,53.782852500000004,5.4,91,0,0,1,4,2
2022-02-11 01:00:00+00:00,2022-02-11 02:00:00+01:00,53247.5125,53.2475125,4.6,89,0,0,2,4,2
2022-02-11 02:00:00+00:00,2022-02-11 03:00:00+01:00,53521.1825,53.5211825,3.8,89,0,0,3,4,2
2022-02-11 03:00:00+00:00,2022-02-11 04:00:00+01:00,54999.4675,54.9994675,3.4,88,0,0,4,4,2
2022-02-11 04:00:00+00:00,2022-02-11 05:00:00+01:00,58365.8025,58.3658025,2.9,87,0,0,5,4,2
2022-02-11 05:00:00+00:00,2022-02-11 06:00:00+01:00,65417.965,65.417965,2.1,90,0,0,6,4,2
2022-02-11 06:00:00+00:00,2022-02-11 07:00:00+01:00,71412.68,71.41268,0.9,92,0,0,7,4,2
2022-02-11 07:00:00+00:00,2022-02-11 08:00:00+01:00,73870.59,73.87058999999999,0.5,92,0,1,8,4,2
2022-02-11 08:00:00+00:00,2022-02-11 09:00:00+01:00,75034.405,75.03440499999999,1.8,89,0,1,9,4,2
2022-02-11 09:00:00+00:00,2022-02-11 10:00:00+01:00,75565.47,75.56547,3.1,89,0,1,10,4,2
2022-02-11 10:00:00+00:00,2022-02-11 11:00:00+01:00,76488.9825,76.48898249999999,5.0,82,0,1,11,4,2
2022-02-11 11:00:00+00:00,2022-02-11 12:00:00+01:00,75705.8125,75.7058125,6.1,72,0,1,12,4,2
2022-02-11 12:00:00+00:00,2022-02-11 13:00:00+01:00,74323.76000000001,74.32376000000001,5.9,72,0,1,13,4,2
2022-02-11 13:00:00+00:00,2022-02-11 14:00:00+01:00,72275.9625,72.27596249999999,6.5,64,0,1,14,4,2
2022-02-11 14:00:00+00:00,2022-02-11 15:00:00+01:00,71241.11,71.24111,6.2,66,0,1,15,4,2
2022-02-11 15:00:00+00:00,2022-02-11 16:00:00+01:00,70653.7925,70.6537925,5.9,64,0,1,16,4,2
2022-02-11 16:00:00+00:00,2022-02-11 17:00:00+01:00,72177.535,72.177535,4.7,70,0,1,17,4,2
2022-02-11 17:00:00+00:00,2022-02-11 18:00:00+01:00,74008.5925,74.00859249999999,1.6,82,0,1,18,4,2
2022-02-11 18:00:00+00:00,2022-02-11 19:00:00+01:00,72290.53,72.29053,-0.2,86,0,1,19,4,2
2022-02-11 19:00:00+00:00,2022-02-11 20:00:00+01:00,67594.3275,67.5943275,-0.7,87,0,1,20,4,2
2022-02-11 20:00:00+00:00,2022-02-11 21:00:00+01:00,63690.41,63.69041,-1.5,89,0,0,21,4,2
2022-02-11 21:00:00+00:00,2022-02-11 22:00:00+01:00,60490.292499999996,60.490292499999995,-2.5,90,0,0,22,4,2
2022-02-11 22:00:00+00:00,2022-02-11 23:00:00+01:00,56996.5475,56.9965475,-3.5,91,0,0,23,4,2
2022-02-11 23:00:00+00:00,2022-02-12 00:00:00+01:00,53913.43,53.91343,-2.3,87,1,0,0,5,2
2022-02-12 00:00:00+00:00,2022-02-12 01:00:00+01:00,52638.025,52.638025,-1.6,87,1,0,1,5,2
2022-02-12 01:00:00+00:00,2022-02-12 02:00:00+01:00,51770.095,51.770095,-2.5,87,1,0,2,5,2
2022-02-12 02:00:00+00:00,2022-02-12 03:00:00+01:00,51125.9625,51.1259625,-3.3,90,1,0,3,5,2
2022-02-12 03:00:00+00:00,2022-02-12 04:00:00+01:00,51155.9525,51.1559525,-4.1,94,1,0,4,5,2
2022-02-12 04:00:00+00:00,2022-02-12 05:00:00+01:00,51429.0275,51.4290275,-3.5,93,1,0,5,5,2
2022-02-12 05:00:00+00:00,2022-02-12 06:00:00+01:00,52758.5525,52.7585525,-3.7,94,1,0,6,5,2
2022-02-12 06:00:00+00:00,2022-02-12 07:00:00+01:00,55598.0025,55.5980025,-3.5,93,1,0,7,5,2
2022-02-12 07:00:00+00:00,2022-02-12 08:00:00+01:00,59736.695,59.736695,-3.3,93,1,1,8,5,2
2022-02-12 08:00:00+00:00,2022-02-12 09:00:00+01:00,62591.695,62.591695,-1.4,90,1,1,9,5,2
2022-02-12 09:00:00+00:00,2022-02-12 10:00:00+01:00,63546.8425,63.5468425,0.9,84,1,1,10,5,2
2022-02-12 10:00:00+00:00,2022-02-12 11:00:00+01:00,63152.435,63.152435,2.9,79,1,1,11,5,2
2022-02-12 11:00:00+00:00,2022-02-12 12:00:00+01:00,62133.3275,62.1333275,4.6,75,1,1,12,5,2
2022-02-12 12:00:00+00:00,2022-02-12 13:00:00+01:00,60291.285,60.291285,5.8,66,1,1,13,5,2
2022-02-12 13:00:00+00:00,2022-02-12 14:00:00+01:00,58670.3725,58.6703725,6.9,56,1,1,14,5,2
2022-02-12 14:00:00+00:00,2022-02-12 15:00:00+01:00,57570.5375,57.5705375,7.0,57,1,1,15,5,2
2022-02-12 15:00:00+00:00,2022-02-12 16:00:00+01:00,58638.425,58.638425000000005,6.9,58,1,1,16,5,2
2022-02-12 16:00:00+00:00,2022-02-12 17:00:00+01:00,62469.284999999996,62.469285,4.7,73,1,1,17,5,2
2022-02-12 17:00:00+00:00,2022-02-12 18:00:00+01:00,66112.0975,66.1120975,1.3,81,1,1,18,5,2
2022-02-12 18:00:00+00:00,2022-02-12 19:00:00+01:00,64478.98,64.47898,0.3,86,1,1,19,5,2
2022-02-12 19:00:00+00:00,2022-02-12 20:00:00+01:00,60965.8875,60.965887499999994,-0.4,87,1,1,20,5,2
2022-02-12 20:00:00+00:00,2022-02-12 21:00:00+01:00,58211.29,58.21129,-0.9,86,1,0,21,5,2
2022-02-12 21:00:00+00:00,2022-02-12 22:00:00+01:00,56927.340000000004,56.92734,-1.7,86,1,0,22,5,2
2022-02-12 22:00:00+00:00,2022-02-12 23:00:00+01:00,54325.7725,54.3257725,-2.4,87,1,0,23,5,2
2022-02-12 23:00:00+00:00,2022-02-13 00:00:00+01:00,51541.22,51.54122,-2.7,89,1,0,0,6,2
2022-02-13 00:00:00+00:00,2022-02-13 01:00:00+01:00,50007.035,50.007035,-1.4,90,1,0,1,6,2
2022-02-13 01:00:00+00:00,2022-02-13 02:00:00+01:00,48745.195,48.745195,-1.6,92,1,0,2,6,2
2022-02-13 02:00:00+00:00,2022-02-13 03:00:00+01:00,48171.215,48.171215,-2.0,93,1,0,3,6,2
2022-02-13 03:00:00+00:00,2022-02-13 04:00:00+01:00,48126.32,48.12632,-2.1,93,1,0,4,6,2
2022-02-13 04:00:00+00:00,2022-02-13 05:00:00+01:00,47768.957500000004,47.768957500000006,-2.2,93,1,0,5,6,2
2022-02-13 05:00:00+00:00,2022-02-13 06:00:00+01:00,48240.5125,48.240512499999994,-2.4,92,1,0,6,6,2
2022-02-13 06:00:00+00:00,2022-02-13 07:00:00+01:00,50127.7275,50.1277275,-2.5,92,1,0,7,6,2
2022-02-13 07:00:00+00:00,2022-02-13 08:00:00+01:00,53418.525,53.418525,-2.3,92,1,1,8,6,2
2022-02-13 08:00:00+00:00,2022-02-13 09:00:00+01:00,56228.685,56.228685,-0.5,90,1,1,9,6,2
2022-02-13 09:00:00+00:00,2022-02-13 10:00:00+01:00,57695.9,57.6959,1.8,83,1,1,10,6,2
2022-02-13 10:00:00+00:00,2022-02-13 11:00:00+01:00,59407.9425,59.4079425,3.9,79,1,1,11,6,2
2022-02-13 11:00:00+00:00,2022-02-13 12:00:00+01:00,58285.005,58.285005,6.0,74,1,1,12,6,2
2022-02-13 12:00:00+00:00,2022-02-13 13:00:00+01:00,55914.9875,55.9149875,7.2,66,1,1,13,6,2
2022-02-13 13:00:00+00:00,2022-02-13 14:00:00+01:00,54060.265,54.060265,9.0,57,1,1,14,6,2
2022-02-13 14:00:00+00:00,2022-02-13 15:00:00+01:00,53274.625,53.274625,9.3,63,1,1,15,6,2
2022-02-13 15:00:00+00:00,2022-02-13 16:00:00+01:00,53942.85,53.94285,8.9,66,1,1,16,6,2
2022-02-13 16:00:00+00:00,2022-02-13 17:00:00+01:00,58765.6475,58.7656475,6.9,69,1,1,17,6,2
2022-02-13 17:00:00+00:00,2022-02-13 18:00:00+01:00,63686.6275,63.6866275,1.9,80,1,1,18,6,2
2022-02-13 18:00:00+00:00,2022-02-13 19:00:00+01:00,62554.485,62.554485,1.6,80,1,1,19,6,2
2022-02-13 19:00:00+00:00,2022-02-13 20:00:00+01:00,59852.3625,59.852362500000005,1.1,78,1,1,20,6,2
2022-02-13 20:00:00+00:00,2022-02-13 21:00:00+01:00,58049.1275,58.049127500000004,0.7,77,1,0,21,6,2
2022-02-13 21:00:00+00:00,2022-02-13 22:00:00+01:00,58022.1725,58.0221725,0.2,78,1,0,22,6,2
2022-02-13 22:00:00+00:00,2022-02-13 23:00:00+01:00,55591.3675,55.5913675,1.0,76,1,0,23,6,2
2022-02-13 23:00:00+00:00,2022-02-14 00:00:00+01:00,53020.105,53.020105,1.8,71,0,0,0,0,2
2022-02-14 00:00:00+00:00,2022-02-14 01:00:00+01:00,51561.7375,51.5617375,1.3,77,0,0,1,0,2
2022-02-14 01:00:00+00:00,2022-02-14 02:00:00+01:00,51011.5525,51.0115525,4.2,67,0,0,2,0,2
2022-02-14 02:00:00+00:00,2022-02-14 03:00:00+01:00,51376.8975,51.3768975,4.9,63,0,0,3,0,2
2022-02-14 03:00:00+00:00,2022-02-14 04:00:00+01:00,53027.8725,53.0278725,4.6,62,0,0,4,0,2
2022-02-14 04:00:00+00:00,2022-02-14 05:00:00+01:00,56902.770000000004,56.902770000000004,4.7,61,0,0,5,0,2
2022-02-14 05:00:00+00:00,2022-02-14 06:00:00+01:00,65008.5075,65.0085075,4.5,62,0,0,6,0,2
2022-02-14 06:00:00+00:00,2022-02-14 07:00:00+01:00,70562.09,70.56209,4.6,63,0,0,7,0,2
2022-02-14 07:00:00+00:00,2022-02-14 08:00:00+01:00,73620.905,73.620905,4.8,64,0,1,8,0,2
2022-02-14 08:00:00+00:00,2022-02-14 09:00:00+01:00,74116.2875,74.11628750000001,6.3,61,0,1,9,0,2
2022-02-14 09:00:00+00:00,2022-02-14 10:00:00+01:00,74353.985,74.353985,7.3,66,0,1,10,0,2
2022-02-14 10:00:00+00:00,2022-02-14 11:00:00+01:00,75192.6925,75.1926925,8.0,69,0,1,11,0,2
2022-02-14 11:00:00+00:00,2022-02-14 12:00:00+01:00,75091.3275,75.0913275,9.6,62,0,1,12,0,2
2022-02-14 12:00:00+00:00,2022-02-14 13:00:00+01:00,73445.39,73.44539,10.5,62,0,1,13,0,2
2022-02-14 13:00:00+00:00,2022-02-14 14:00:00+01:00,71918.77,71.91877000000001,10.4,66,0,1,14,0,2
2022-02-14 14:00:00+00:00,2022-02-14 15:00:00+01:00,71072.5875,71.0725875,10.9,70,0,1,15,0,2
2022-02-14 15:00:00+00:00,2022-02-14 16:00:00+01:00,70326.8625,70.3268625,10.7,74,0,1,16,0,2
2022-02-14 16:00:00+00:00,2022-02-14 17:00:00+01:00,72170.58,72.17058,9.8,78,0,1,17,0,2
2022-02-14 17:00:00+00:00,2022-02-14 18:00:00+01:00,74439.3075,74.4393075,9.0,80,0,1,18,0,2
2022-02-14 18:00:00+00:00,2022-02-14 19:00:00+01:00,72914.0575,72.9140575,8.1,85,0,1,19,0,2
2022-02-14 19:00:00+00:00,2022-02-14 20:00:00+01:00,68853.76,68.85376,7.5,88,0,1,20,0,2
2022-02-14 20:00:00+00:00,2022-02-14 21:00:00+01:00,64916.11749999999,64.9161175,6.8,91,0,0,21,0,2
2022-02-14 21:00:00+00:00,2022-02-14 22:00:00+01:00,61687.1375,61.6871375,6.1,93,0,0,22,0,2
2022-02-14 22:00:00+00:00,2022-02-14 23:00:00+01:00,57968.9975,57.9689975,5.5,94,0,0,23,0,2
2022-02-14 23:00:00+00:00,2022-02-15 00:00:00+01:00,55617.744999999995,55.61774499999999,5.0,95,0,0,0,1,2
2022-02-15 00:00:00+00:00,2022-02-15 01:00:00+01:00,54166.2975,54.1662975,5.6,95,0,0,1,1,2
2022-02-15 01:00:00+00:00,2022-02-15 02:00:00+01:00,53104.2775,53.104277499999995,5.0,96,0,0,2,1,2
2022-02-15 02:00:00+00:00,2022-02-15 03:00:00+01:00,53600.9975,53.6009975,4.6,96,0,0,3,1,2
2022-02-15 03:00:00+00:00,2022-02-15 04:00:00+01:00,55236.575,55.236574999999995,4.0,97,0,0,4,1,2
2022-02-15 04:00:00+00:00,2022-02-15 05:00:00+01:00,58309.21,58.30921,3.7,97,0,0,5,1,2
2022-02-15 05:00:00+00:00,2022-02-15 06:00:00+01:00,65300.0075,65.3000075,4.2,97,0,0,6,1,2
2022-02-15 06:00:00+00:00,2022-02-15 07:00:00+01:00,71366.84,71.36684,4.5,96,0,0,7,1,2
2022-02-15 07:00:00+00:00,2022-02-15 08:00:00+01:00,74078.73999999999,74.07874,4.6,95,0,1,8,1,2
2022-02-15 08:00:00+00:00,2022-02-15 09:00:00+01:00,74363.19750000001,74.36319750000001,4.9,95,0,1,9,1,2
2022-02-15 09:00:00+00:00,2022-02-15 10:00:00+01:00,74860.2075,74.8602075,6.2,92,0,1,10,1,2
2022-02-15 10:00:00+00:00,2022-02-15 11:00:00+01:00,75950.22750000001,75.95022750000001,7.5,77,0,1,11,1,2
2022-02-15 11:00:00+00:00,2022-02-15 12:00:00+01:00,75279.41,75.27941,8.0,72,0,1,12,1,2
2022-02-15 12:00:00+00:00,2022-02-15 13:00:00+01:00,73571.11,73.57111,8.3,69,0,1,13,1,2
2022-02-15 13:00:00+00:00,2022-02-15 14:00:00+01:00,71900.15000000001,71.90015000000001,9.1,62,0,1,14,1,2
2022-02-15 14:00:00+00:00,2022-02-15 15:00:00+01:00,71460.1275,71.4601275,9.0,58,0,1,15,1,2
2022-02-15 15:00:00+00:00,2022-02-15 16:00:00+01:00,70485.97,70.48597,8.5,58,0,1,16,1,2
2022-02-15 16:00:00+00:00,2022-02-15 17:00:00+01:00,72435.9875,72.4359875,7.7,61,0,1,17,1,2
2022-02-15 17:00:00+00:00,2022-02-15 18:00:00+01:00,75305.1175,75.3051175,6.3,64,0,1,18,1,2
2022-02-15 18:00:00+00:00,2022-02-15 19:00:00+01:00,75295.74,75.29574000000001,5.4,67,0,1,19,1,2
2022-02-15 19:00:00+00:00,2022-02-15 20:00:00+01:00,71088.3225,71.08832249999999,5.3,67,0,1,20,1,2
2022-02-15 20:00:00+00:00,2022-02-15 21:00:00+01:00,67309.8275,67.3098275,5.1,70,0,0,21,1,2
2022-02-15 21:00:00+00:00,2022-02-15 22:00:00+01:00,64178.042499999996,64.17804249999999,5.3,71,0,0,22,1,2
2022-02-15 22:00:00+00:00,2022-02-15 23:00:00+01:00,60431.2875,60.431287499999996,5.8,71,0,0,23,1,2
2022-02-15 23:00:00+00:00,2022-02-16 00:00:00+01:00,56944.38,56.944379999999995,5.7,75,0,0,0,2,2
2022-02-16 00:00:00+00:00,2022-02-16 01:00:00+01:00,55211.9075,55.2119075,5.6,81,0,0,1,2,2
2022-02-16 01:00:00+00:00,2022-02-16 02:00:00+01:00,53786.31,53.78631,5.8,82,0,0,2,2,2
2022-02-16 02:00:00+00:00,2022-02-16 03:00:00+01:00,53963.405,53.963405,5.6,88,0,0,3,2,2
2022-02-16 03:00:00+00:00,2022-02-16 04:00:00+01:00,55677.38,55.67738,5.7,89,0,0,4,2,2
2022-02-16 04:00:00+00:00,2022-02-16 05:00:00+01:00,59017.405,59.017405,5.8,89,0,0,5,2,2
2022-02-16 05:00:00+00:00,2022-02-16 06:00:00+01:00,65596.69750000001,65.5966975,6.2,87,0,0,6,2,2
2022-02-16 06:00:00+00:00,2022-02-16 07:00:00+01:00,71502.935,71.502935,6.3,89,0,0,7,2,2
2022-02-16 07:00:00+00:00,2022-02-16 08:00:00+01:00,74481.3825,74.48138250000001,6.6,89,0,1,8,2,2
2022-02-16 08:00:00+00:00,2022-02-16 09:00:00+01:00,75847.35250000001,75.84735250000001,6.8,89,0,1,9,2,2
2022-02-16 09:00:00+00:00,2022-02-16 10:00:00+01:00,75710.735,75.710735,7.1,90,0,1,10,2,2
2022-02-16 10:00:00+00:00,2022-02-16 11:00:00+01:00,76400.4525,76.4004525,7.2,90,0,1,11,2,2
2022-02-16 11:00:00+00:00,2022-02-16 12:00:00+01:00,75936.8775,75.93687750000001,8.0,87,0,1,12,2,2
2022-02-16 12:00:00+00:00,2022-02-16 13:00:00+01:00,74937.0725,74.9370725,7.9,89,0,1,13,2,2
2022-02-16 13:00:00+00:00,2022-02-16 14:00:00+01:00,73843.0625,73.8430625,8.8,87,0,1,14,2,2
2022-02-16 14:00:00+00:00,2022-02-16 15:00:00+01:00,73140.845,73.140845,9.1,88,0,1,15,2,2
2022-02-16 15:00:00+00:00,2022-02-16 16:00:00+01:00,71941.91500000001,71.94191500000001,9.9,84,0,1,16,2,2
2022-02-16 16:00:00+00:00,2022-02-16 17:00:00+01:00,73075.7925,73.07579249999999,10.1,86,0,1,17,2,2
2022-02-16 17:00:00+00:00,2022-02-16 18:00:00+01:00,75405.18,75.40517999999999,10.8,87,0,1,18,2,2
2022-02-16 18:00:00+00:00,2022-02-16 19:00:00+01:00,73935.30249999999,73.93530249999999,11.1,86,0,1,19,2,2
2022-02-16 19:00:00+00:00,2022-02-16 20:00:00+01:00,69621.16500000001,69.621165,11.6,87,0,1,20,2,2
2022-02-16 20:00:00+00:00,2022-02-16 21:00:00+01:00,65815.505,65.815505,12.0,86,0,0,21,2,2
2022-02-16 21:00:00+00:00,2022-02-16 22:00:00+01:00,62955.34,62.95534,12.3,85,0,0,22,2,2
2022-02-16 22:00:00+00:00,2022-02-16 23:00:00+01:00,59204.6125,59.2046125,12.5,85,0,0,23,2,2
2022-02-16 23:00:00+00:00,2022-02-17 00:00:00+01:00,56985.795,56.985794999999996,12.7,84,0,0,0,3,2
2022-02-17 00:00:00+00:00,2022-02-17 01:00:00+01:00,54594.4575,54.5944575,13.2,86,0,0,1,3,2
2022-02-17 01:00:00+00:00,2022-02-17 02:00:00+01:00,53484.5,53.4845,13.2,86,0,0,2,3,2
2022-02-17 02:00:00+00:00,2022-02-17 03:00:00+01:00,53704.255,53.704254999999996,12.7,90,0,0,3,3,2
2022-02-17 03:00:00+00:00,2022-02-17 04:00:00+01:00,54979.7375,54.979737500000006,12.7,85,0,0,4,3,2
2022-02-17 04:00:00+00:00,2022-02-17 05:00:00+01:00,58288.39,58.28839,11.2,81,0,0,5,3,2
2022-02-17 05:00:00+00:00,2022-02-17 06:00:00+01:00,64998.795,64.998795,10.0,78,0,0,6,3,2
2022-02-17 06:00:00+00:00,2022-02-17 07:00:00+01:00,70729.6075,70.7296075,8.9,79,0,0,7,3,2
2022-02-17 07:00:00+00:00,2022-02-17 08:00:00+01:00,73712.785,73.712785,8.5,76,0,1,8,3,2
2022-02-17 08:00:00+00:00,2022-02-17 09:00:00+01:00,74684.0075,74.6840075,9.2,72,0,1,9,3,2
2022-02-17 09:00:00+00:00,2022-02-17 10:00:00+01:00,74834.15,74.83415,10.0,66,0,1,10,3,2
2022-02-17 10:00:00+00:00,2022-02-17 11:00:00+01:00,74860.8275,74.8608275,10.0,62,0,1,11,3,2
2022-02-17 11:00:00+00:00,2022-02-17 12:00:00+01:00,74875.9825,74.87598249999999,10.6,57,0,1,12,3,2
2022-02-17 12:00:00+00:00,2022-02-17 13:00:00+01:00,73473.72,73.47372,11.1,51,0,1,13,3,2
2022-02-17 13:00:00+00:00,2022-02-17 14:00:00+01:00,72137.56,72.13756,11.1,55,0,1,14,3,2
2022-02-17 14:00:00+00:00,2022-02-17 15:00:00+01:00,71389.69,71.38969,10.4,53,0,1,15,3,2
2022-02-17 15:00:00+00:00,2022-02-17 16:00:00+01:00,70441.0675,70.4410675,9.9,55,0,1,16,3,2
2022-02-17 16:00:00+00:00,2022-02-17 17:00:00+01:00,72175.2575,72.1752575,9.3,60,0,1,17,3,2
2022-02-17 17:00:00+00:00,2022-02-17 18:00:00+01:00,75025.315,75.025315,8.8,59,0,1,18,3,2
2022-02-17 18:00:00+00:00,2022-02-17 19:00:00+01:00,73550.05,73.55005,8.6,56,0,1,19,3,2
2022-02-17 19:00:00+00:00,2022-02-17 20:00:00+01:00,69708.88,69.70888000000001,7.9,56,0,1,20,3,2
2022-02-17 20:00:00+00:00,2022-02-17 21:00:00+01:00,65979.0775,65.9790775,8.0,57,0,0,21,3,2
2022-02-17 21:00:00+00:00,2022-02-17 22:00:00+01:00,62263.2275,62.2632275,8.1,58,0,0,22,3,2
2022-02-17 22:00:00+00:00,2022-02-17 23:00:00+01:00,58916.5175,58.916517500000005,7.8,62,0,0,23,3,2
2022-02-17 23:00:00+00:00,2022-02-18 00:00:00+01:00,55507.2125,55.5072125,8.3,63,0,0,0,4,2
2022-02-18 00:00:00+00:00,2022-02-18 01:00:00+01:00,53647.8775,53.6478775,7.3,76,0,0,1,4,2
2022-02-18 01:00:00+00:00,2022-02-18 02:00:00+01:00,52780.72,52.78072,7.8,75,0,0,2,4,2
2022-02-18 02:00:00+00:00,2022-02-18 03:00:00+01:00,52034.8,52.034800000000004,7.5,76,0,0,3,4,2
2022-02-18 03:00:00+00:00,2022-02-18 04:00:00+01:00,53377.425,53.377425,6.7,80,0,0,4,4,2
2022-02-18 04:00:00+00:00,2022-02-18 05:00:00+01:00,56330.244999999995,56.330245,7.0,81,0,0,5,4,2
2022-02-18 05:00:00+00:00,2022-02-18 06:00:00+01:00,63160.652500000004,63.160652500000005,7.2,79,0,0,6,4,2
2022-02-18 06:00:00+00:00,2022-02-18 07:00:00+01:00,68789.1075,68.7891075,7.4,76,0,0,7,4,2
2022-02-18 07:00:00+00:00,2022-02-18 08:00:00+01:00,71162.11,71.16211,7.0,81,0,1,8,4,2
2022-02-18 08:00:00+00:00,2022-02-18 09:00:00+01:00,72088.99250000001,72.0889925,7.4,84,0,1,9,4,2
2022-02-18 09:00:00+00:00,2022-02-18 10:00:00+01:00,73153.39,73.15339,7.7,89,0,1,10,4,2
2022-02-18 10:00:00+00:00,2022-02-18 11:00:00+01:00,73764.7275,73.76472749999999,8.6,90,0,1,11,4,2
2022-02-18 11:00:00+00:00,2022-02-18 12:00:00+01:00,73136.785,73.136785,10.8,86,0,1,12,4,2
2022-02-18 12:00:00+00:00,2022-02-18 13:00:00+01:00,71997.11499999999,71.997115,11.3,85,0,1,13,4,2
2022-02-18 13:00:00+00:00,2022-02-18 14:00:00+01:00,70473.9425,70.4739425,12.3,83,0,1,14,4,2
2022-02-18 14:00:00+00:00,2022-02-18 15:00:00+01:00,69833.05249999999,69.8330525,13.1,78,0,1,15,4,2
2022-02-18 15:00:00+00:00,2022-02-18 16:00:00+01:00,68753.055,68.75305499999999,12.9,75,0,1,16,4,2
2022-02-18 16:00:00+00:00,2022-02-18 17:00:00+01:00,70114.7575,70.11475750000001,12.5,77,0,1,17,4,2
2022-02-18 17:00:00+00:00,2022-02-18 18:00:00+01:00,71704.8025,71.7048025,10.8,77,0,1,18,4,2
2022-02-18 18:00:00+00:00,2022-02-18 19:00:00+01:00,69744.8425,69.7448425,9.6,65,0,1,19,4,2
2022-02-18 19:00:00+00:00,2022-02-18 20:00:00+01:00,65531.909999999996,65.53191,9.1,58,0,1,20,4,2
2022-02-18 20:00:00+00:00,2022-02-18 21:00:00+01:00,62182.4225,62.1824225,8.2,58,0,0,21,4,2
2022-02-18 21:00:00+00:00,2022-02-18 22:00:00+01:00,59406.765,59.406765,7.3,59,0,0,22,4,2
2022-02-18 22:00:00+00:00,2022-02-18 23:00:00+01:00,55312.28,55.31228,6.6,58,0,0,23,4,2
2022-02-18 23:00:00+00:00,2022-02-19 00:00:00+01:00,52761.7925,52.761792500000006,5.9,58,1,0,0,5,2
2022-02-19 00:00:00+00:00,2022-02-19 01:00:00+01:00,50826.03,50.826029999999996,6.4,54,1,0,1,5,2
2022-02-19 01:00:00+00:00,2022-02-19 02:00:00+01:00,50390.1375,50.390137499999994,6.5,53,1,0,2,5,2
2022-02-19 02:00:00+00:00,2022-02-19 03:00:00+01:00,51029.317500000005,51.029317500000005,5.6,58,1,0,3,5,2
2022-02-19 03:00:00+00:00,2022-02-19 04:00:00+01:00,51283.27,51.283269999999995,5.7,59,1,0,4,5,2
2022-02-19 04:00:00+00:00,2022-02-19 05:00:00+01:00,51211.965,51.211965,4.9,64,1,0,5,5,2
2022-02-19 05:00:00+00:00,2022-02-19 06:00:00+01:00,52160.3475,52.1603475,4.3,67,1,0,6,5,2
2022-02-19 06:00:00+00:00,2022-02-19 07:00:00+01:00,54389.94,54.38994,4.1,69,1,0,7,5,2
2022-02-19 07:00:00+00:00,2022-02-19 08:00:00+01:00,58409.56,58.40956,3.5,72,1,1,8,5,2
2022-02-19 08:00:00+00:00,2022-02-19 09:00:00+01:00,61104.34,61.10433999999999,4.2,73,1,1,9,5,2
2022-02-19 09:00:00+00:00,2022-02-19 10:00:00+01:00,63220.6625,63.220662499999996,5.4,64,1,1,10,5,2
2022-02-19 10:00:00+00:00,2022-02-19 11:00:00+01:00,64192.985,64.19298500000001,6.3,57,1,1,11,5,2
2022-02-19 11:00:00+00:00,2022-02-19 12:00:00+01:00,63277.707500000004,63.277707500000005,7.3,49,1,1,12,5,2
2022-02-19 12:00:00+00:00,2022-02-19 13:00:00+01:00,61264.354999999996,61.264354999999995,7.7,44,1,1,13,5,2
2022-02-19 13:00:00+00:00,2022-02-19 14:00:00+01:00,60628.485,60.628485,7.8,46,1,1,14,5,2
2022-02-19 14:00:00+00:00,2022-02-19 15:00:00+01:00,59430.815,59.430815,7.6,49,1,1,15,5,2
2022-02-19 15:00:00+00:00,2022-02-19 16:00:00+01:00,58530.96,58.53096,7.4,57,1,1,16,5,2
2022-02-19 16:00:00+00:00,2022-02-19 17:00:00+01:00,60652.415,60.652415,6.7,60,1,1,17,5,2
2022-02-19 17:00:00+00:00,2022-02-19 18:00:00+01:00,63901.8725,63.901872499999996,5.6,62,1,1,18,5,2
2022-02-19 18:00:00+00:00,2022-02-19 19:00:00+01:00,62686.81,62.686809999999994,5.0,64,1,1,19,5,2
2022-02-19 19:00:00+00:00,2022-02-19 20:00:00+01:00,59250.075,59.250074999999995,5.3,65,1,1,20,5,2
2022-02-19 20:00:00+00:00,2022-02-19 21:00:00+01:00,56900.0075,56.9000075,5.6,64,1,0,21,5,2
2022-02-19 21:00:00+00:00,2022-02-19 22:00:00+01:00,55762.32,55.76232,5.9,61,1,0,22,5,2
2022-02-19 22:00:00+00:00,2022-02-19 23:00:00+01:00,52857.8675,52.8578675,5.9,61,1,0,23,5,2
2022-02-19 23:00:00+00:00,2022-02-20 00:00:00+01:00,49866.1325,49.8661325,5.6,68,1,0,0,6,2
2022-02-20 00:00:00+00:00,2022-02-20 01:00:00+01:00,47320.619999999995,47.32062,5.0,80,1,0,1,6,2
2022-02-20 01:00:00+00:00,2022-02-20 02:00:00+01:00,46189.8775,46.1898775,5.9,77,1,0,2,6,2
2022-02-20 02:00:00+00:00,2022-02-20 03:00:00+01:00,45895.435,45.895435,6.6,76,1,0,3,6,2
2022-02-20 03:00:00+00:00,2022-02-20 04:00:00+01:00,46101.7275,46.1017275,6.7,80,1,0,4,6,2
2022-02-20 04:00:00+00:00,2022-02-20 05:00:00+01:00,46105.4725,46.105472500000005,6.5,80,1,0,5,6,2
2022-02-20 05:00:00+00:00,2022-02-20 06:00:00+01:00,46055.9225,46.0559225,6.5,81,1,0,6,6,2
2022-02-20 06:00:00+00:00,2022-02-20 07:00:00+01:00,47406.91,47.40691,6.6,80,1,0,7,6,2
2022-02-20 07:00:00+00:00,2022-02-20 08:00:00+01:00,51088.24,51.08824,6.6,85,1,1,8,6,2
2022-02-20 08:00:00+00:00,2022-02-20 09:00:00+01:00,54820.3575,54.8203575,7.4,84,1,1,9,6,2
2022-02-20 09:00:00+00:00,2022-02-20 10:00:00+01:00,57403.8175,57.403817499999995,7.7,84,1,1,10,6,2
2022-02-20 10:00:00+00:00,2022-02-20 11:00:00+01:00,60256.3725,60.2563725,7.6,89,1,1,11,6,2
2022-02-20 11:00:00+00:00,2022-02-20 12:00:00+01:00,60268.525,60.268525000000004,7.9,86,1,1,12,6,2
2022-02-20 12:00:00+00:00,2022-02-20 13:00:00+01:00,58816.229999999996,58.81623,8.1,86,1,1,13,6,2
2022-02-20 13:00:00+00:00,2022-02-20 14:00:00+01:00,58121.8375,58.1218375,8.4,83,1,1,14,6,2
2022-02-20 14:00:00+00:00,2022-02-20 15:00:00+01:00,58005.205,58.005205000000004,8.3,83,1,1,15,6,2
2022-02-20 15:00:00+00:00,2022-02-20 16:00:00+01:00,57983.965,57.983965,8.5,82,1,1,16,6,2
2022-02-20 16:00:00+00:00,2022-02-20 17:00:00+01:00,60240.3675,60.2403675,8.7,82,1,1,17,6,2
2022-02-20 17:00:00+00:00,2022-02-20 18:00:00+01:00,63213.3975,63.2133975,8.9,82,1,1,18,6,2
2022-02-20 18:00:00+00:00,2022-02-20 19:00:00+01:00,61759.99,61.759989999999995,9.0,82,1,1,19,6,2
2022-02-20 19:00:00+00:00,2022-02-20 20:00:00+01:00,58445.265,58.445265,9.1,81,1,1,20,6,2
2022-02-20 20:00:00+00:00,2022-02-20 21:00:00+01:00,56380.225,56.380224999999996,9.3,81,1,0,21,6,2
2022-02-20 21:00:00+00:00,2022-02-20 22:00:00+01:00,55561.5925,55.561592499999996,9.7,77,1,0,22,6,2
2022-02-20 22:00:00+00:00,2022-02-20 23:00:00+01:00,53133.5625,53.1335625,9.8,76,1,0,23,6,2
2022-02-20 23:00:00+00:00,2022-02-21 00:00:00+01:00,51190.6625,51.1906625,9.7,78,0,0,0,0,2
2022-02-21 00:00:00+00:00,2022-02-21 01:00:00+01:00,50463.25,50.46325,8.9,87,0,0,1,0,2
2022-02-21 01:00:00+00:00,2022-02-21 02:00:00+01:00,50254.5075,50.2545075,9.3,86,0,0,2,0,2
2022-02-21 02:00:00+00:00,2022-02-21 03:00:00+01:00,51046.2525,51.0462525,9.0,90,0,0,3,0,2
2022-02-21 03:00:00+00:00,2022-02-21 04:00:00+01:00,53203.3675,53.2033675,7.9,80,0,0,4,0,2
2022-02-21 04:00:00+00:00,2022-02-21 05:00:00+01:00,56705.9675,56.7059675,6.2,74,0,0,5,0,2
2022-02-21 05:00:00+00:00,2022-02-21 06:00:00+01:00,64075.7025,64.0757025,4.8,69,0,0,6,0,2
2022-02-21 06:00:00+00:00,2022-02-21 07:00:00+01:00,69922.2225,69.9222225,4.0,69,0,0,7,0,2
2022-02-21 07:00:00+00:00,2022-02-21 08:00:00+01:00,72697.815,72.697815,3.9,68,0,1,8,0,2
2022-02-21 08:00:00+00:00,2022-02-21 09:00:00+01:00,73821.955,73.821955,4.5,71,0,1,9,0,2
2022-02-21 09:00:00+00:00,2022-02-21 10:00:00+01:00,74539.49,74.53949,5.1,71,0,1,10,0,2
2022-02-21 10:00:00+00:00,2022-02-21 11:00:00+01:00,74834.36499999999,74.83436499999999,6.7,54,0,1,11,0,2
2022-02-21 11:00:00+00:00,2022-02-21 12:00:00+01:00,74885.345,74.885345,7.8,45,0,1,12,0,2
2022-02-21 12:00:00+00:00,2022-02-21 13:00:00+01:00,74431.9,74.4319,6.7,60,0,1,13,0,2
2022-02-21 13:00:00+00:00,2022-02-21 14:00:00+01:00,73574.92,73.57491999999999,6.6,63,0,1,14,0,2
2022-02-21 14:00:00+00:00,2022-02-21 15:00:00+01:00,72974.265,72.974265,6.9,65,0,1,15,0,2
2022-02-21 15:00:00+00:00,2022-02-21 16:00:00+01:00,72020.315,72.020315,6.0,75,0,1,16,0,2
2022-02-21 16:00:00+00:00,2022-02-21 17:00:00+01:00,73139.55,73.13955,5.2,85,0,1,17,0,2
2022-02-21 17:00:00+00:00,2022-02-21 18:00:00+01:00,75549.0125,75.5490125,6.6,81,0,1,18,0,2
2022-02-21 18:00:00+00:00,2022-02-21 19:00:00+01:00,74068.66,74.06866000000001,6.7,77,0,1,19,0,2
2022-02-21 19:00:00+00:00,2022-02-21 20:00:00+01:00,69876.15,69.87615,6.3,75,0,1,20,0,2
2022-02-21 20:00:00+00:00,2022-02-21 21:00:00+01:00,66060.8825,66.0608825,6.0,75,0,0,21,0,2
2022-02-21 21:00:00+00:00,2022-02-21 22:00:00+01:00,63226.2425,63.2262425,6.5,75,0,0,22,0,2
2022-02-21 22:00:00+00:00,2022-02-21 23:00:00+01:00,59665.89,59.66589,6.6,76,0,0,23,0,2
2022-02-21 23:00:00+00:00,2022-02-22 00:00:00+01:00,56914.8325,56.914832499999996,6.4,74,0,0,0,1,2
2022-02-22 00:00:00+00:00,2022-02-22 01:00:00+01:00,55206.4525,55.2064525,5.7,72,0,0,1,1,2
2022-02-22 01:00:00+00:00,2022-02-22 02:00:00+01:00,54354.9525,54.354952499999996,5.2,72,0,0,2,1,2
2022-02-22 02:00:00+00:00,2022-02-22 03:00:00+01:00,54727.005,54.727005,4.7,76,0,0,3,1,2
2022-02-22 03:00:00+00:00,2022-02-22 04:00:00+01:00,56534.5975,56.534597500000004,4.6,80,0,0,4,1,2
2022-02-22 04:00:00+00:00,2022-02-22 05:00:00+01:00,59593.05,59.593050000000005,4.7,79,0,0,5,1,2
2022-02-22 05:00:00+00:00,2022-02-22 06:00:00+01:00,65871.39499999999,65.87139499999999,4.0,83,0,0,6,1,2
2022-02-22 06:00:00+00:00,2022-02-22 07:00:00+01:00,70043.63,70.04363000000001,3.3,86,0,0,7,1,2
2022-02-22 07:00:00+00:00,2022-02-22 08:00:00+01:00,72182.0375,72.1820375,3.6,85,0,1,8,1,2
2022-02-22 08:00:00+00:00,2022-02-22 09:00:00+01:00,72522.2,72.5222,5.1,79,0,1,9,1,2
2022-02-22 09:00:00+00:00,2022-02-22 10:00:00+01:00,73148.7175,73.1487175,6.2,68,0,1,10,1,2
2022-02-22 10:00:00+00:00,2022-02-22 11:00:00+01:00,73834.0975,73.8340975,6.9,64,0,1,11,1,2
2022-02-22 11:00:00+00:00,2022-02-22 12:00:00+01:00,73764.755,73.76475500000001,7.7,65,0,1,12,1,2
2022-02-22 12:00:00+00:00,2022-02-22 13:00:00+01:00,73355.795,73.355795,8.2,70,0,1,13,1,2
2022-02-22 13:00:00+00:00,2022-02-22 14:00:00+01:00,71679.6725,71.6796725,8.9,64,0,1,14,1,2
2022-02-22 14:00:00+00:00,2022-02-22 15:00:00+01:00,70891.0975,70.8910975,7.9,73,0,1,15,1,2
2022-02-22 15:00:00+00:00,2022-02-22 16:00:00+01:00,70921.93000000001,70.92193,7.7,79,0,1,16,1,2
2022-02-22 16:00:00+00:00,2022-02-22 17:00:00+01:00,72833.1625,72.8331625,7.5,82,0,1,17,1,2
2022-02-22 17:00:00+00:00,2022-02-22 18:00:00+01:00,75416.70999999999,75.41671,7.4,82,0,1,18,1,2
2022-02-22 18:00:00+00:00,2022-02-22 19:00:00+01:00,74413.75,74.41375,7.6,84,0,1,19,1,2
2022-02-22 19:00:00+00:00,2022-02-22 20:00:00+01:00,70422.97,70.42297,7.8,84,0,1,20,1,2
2022-02-22 20:00:00+00:00,2022-02-22 21:00:00+01:00,67047.26250000001,67.04726250000002,7.8,87,0,0,21,1,2
2022-02-22 21:00:00+00:00,2022-02-22 22:00:00+01:00,64071.1625,64.0711625,8.1,86,0,0,22,1,2
2022-02-22 22:00:00+00:00,2022-02-22 23:00:00+01:00,59812.2325,59.8122325,8.5,85,0,0,23,1,2
2022-02-22 23:00:00+00:00,2022-02-23 00:00:00+01:00,55923.082500000004,55.92308250000001,8.4,87,0,0,0,2,2
2022-02-23 00:00:00+00:00,2022-02-23 01:00:00+01:00,53662.0675,53.6620675,7.5,80,0,0,1,2,2
2022-02-23 01:00:00+00:00,2022-02-23 02:00:00+01:00,53174.6075,53.1746075,6.6,84,0,0,2,2,2
2022-02-23 02:00:00+00:00,2022-02-23 03:00:00+01:00,53333.270000000004,53.333270000000006,5.0,88,0,0,3,2,2
2022-02-23 03:00:00+00:00,2022-02-23 04:00:00+01:00,55092.020000000004,55.092020000000005,4.4,90,0,0,4,2,2
2022-02-23 04:00:00+00:00,2022-02-23 05:00:00+01:00,57750.995,57.750995,3.8,91,0,0,5,2,2
2022-02-23 05:00:00+00:00,2022-02-23 06:00:00+01:00,65588.91,65.58891,3.2,92,0,0,6,2,2
2022-02-23 06:00:00+00:00,2022-02-23 07:00:00+01:00,70724.2425,70.72424249999999,2.5,93,0,0,7,2,2
2022-02-23 07:00:00+00:00,2022-02-23 08:00:00+01:00,72963.75,72.96375,2.1,93,0,1,8,2,2
2022-02-23 08:00:00+00:00,2022-02-23 09:00:00+01:00,71998.4225,71.9984225,4.1,92,0,1,9,2,2
2022-02-23 09:00:00+00:00,2022-02-23 10:00:00+01:00,71302.07250000001,71.30207250000001,5.9,86,0,1,10,2,2
2022-02-23 10:00:00+00:00,2022-02-23 11:00:00+01:00,71311.3925,71.3113925,7.3,79,0,1,11,2,2
2022-02-23 11:00:00+00:00,2022-02-23 12:00:00+01:00,71461.9175,71.4619175,8.6,69,0,1,12,2,2
2022-02-23 12:00:00+00:00,2022-02-23 13:00:00+01:00,70609.09,70.60909,9.7,60,0,1,13,2,2
2022-02-23 13:00:00+00:00,2022-02-23 14:00:00+01:00,69436.68,69.43668,10.2,57,0,1,14,2,2
2022-02-23 14:00:00+00:00,2022-02-23 15:00:00+01:00,67732.265,67.732265,10.5,56,0,1,15,2,2
2022-02-23 15:00:00+00:00,2022-02-23 16:00:00+01:00,67399.5925,67.3995925,10.3,57,0,1,16,2,2
2022-02-23 16:00:00+00:00,2022-02-23 17:00:00+01:00,68868.7875,68.86878750000001,9.1,67,0,1,17,2,2
2022-02-23 17:00:00+00:00,2022-02-23 18:00:00+01:00,73089.94,73.08994,5.8,79,0,1,18,2,2
2022-02-23 18:00:00+00:00,2022-02-23 19:00:00+01:00,72644.48999999999,72.64448999999999,5.1,80,0,1,19,2,2
2022-02-23 19:00:00+00:00,2022-02-23 20:00:00+01:00,69407.54250000001,69.4075425,4.7,81,0,1,20,2,2
2022-02-23 20:00:00+00:00,2022-02-23 21:00:00+01:00,66048.35250000001,66.04835250000001,3.6,85,0,0,21,2,2
2022-02-23 21:00:00+00:00,2022-02-23 22:00:00+01:00,62531.7375,62.531737500000006,2.3,87,0,0,22,2,2
2022-02-23 22:00:00+00:00,2022-02-23 23:00:00+01:00,59215.92,59.21592,2.0,88,0,0,23,2,2
2022-02-23 23:00:00+00:00,2022-02-24 00:00:00+01:00,56850.44,56.85044,2.5,91,0,0,0,3,2
2022-02-24 00:00:00+00:00,2022-02-24 01:00:00+01:00,55053.885,55.053885,3.4,87,0,0,1,3,2
2022-02-24 01:00:00+00:00,2022-02-24 02:00:00+01:00,54382.46,54.38246,4.8,79,0,0,2,3,2
2022-02-24 02:00:00+00:00,2022-02-24 03:00:00+01:00,54558.675,54.558675,4.7,81,0,0,3,3,2
2022-02-24 03:00:00+00:00,2022-02-24 04:00:00+01:00,55880.845,55.880845,4.9,82,0,0,4,3,2
2022-02-24 04:00:00+00:00,2022-02-24 05:00:00+01:00,58992.815,58.992815,4.2,87,0,0,5,3,2
2022-02-24 05:00:00+00:00,2022-02-24 06:00:00+01:00,66529.04000000001,66.52904000000001,3.8,90,0,0,6,3,2
2022-02-24 06:00:00+00:00,2022-02-24 07:00:00+01:00,71342.695,71.342695,3.6,91,0,0,7,3,2
2022-02-24 07:00:00+00:00,2022-02-24 08:00:00+01:00,73127.5025,73.1275025,4.1,88,0,1,8,3,2
2022-02-24 08:00:00+00:00,2022-02-24 09:00:00+01:00,72605.8,72.6058,5.7,83,0,1,9,3,2
2022-02-24 09:00:00+00:00,2022-02-24 10:00:00+01:00,73112.57250000001,73.11257250000001,6.8,80,0,1,10,3,2
2022-02-24 10:00:00+00:00,2022-02-24 11:00:00+01:00,74554.3575,74.5543575,7.9,76,0,1,11,3,2
2022-02-24 11:00:00+00:00,2022-02-24 12:00:00+01:00,74246.1175,74.2461175,9.9,69,0,1,12,3,2
2022-02-24 12:00:00+00:00,2022-02-24 13:00:00+01:00,73263.60250000001,73.2636025,10.9,66,0,1,13,3,2
2022-02-24 13:00:00+00:00,2022-02-24 14:00:00+01:00,71715.49250000001,71.71549250000001,10.9,66,0,1,14,3,2
2022-02-24 14:00:00+00:00,2022-02-24 15:00:00+01:00,71594.8625,71.5948625,10.9,75,0,1,15,3,2
2022-02-24 15:00:00+00:00,2022-02-24 16:00:00+01:00,71147.76,71.14775999999999,10.8,69,0,1,16,3,2
2022-02-24 16:00:00+00:00,2022-02-24 17:00:00+01:00,72519.495,72.51949499999999,10.3,63,0,1,17,3,2
2022-02-24 17:00:00+00:00,2022-02-24 18:00:00+01:00,74664.755,74.664755,9.5,63,0,1,18,3,2
2022-02-24 18:00:00+00:00,2022-02-24 19:00:00+01:00,74294.96,74.29496,8.3,73,0,1,19,3,2
2022-02-24 19:00:00+00:00,2022-02-24 20:00:00+01:00,71258.985,71.258985,6.3,83,0,1,20,3,2
2022-02-24 20:00:00+00:00,2022-02-24 21:00:00+01:00,66882.565,66.882565,5.2,76,0,0,21,3,2
2022-02-24 21:00:00+00:00,2022-02-24 22:00:00+01:00,64250.2275,64.2502275,4.5,77,0,0,22,3,2
2022-02-24 22:00:00+00:00,2022-02-24 23:00:00+01:00,60404.86,60.40486,3.0,91,0,0,23,3,2
2022-02-24 23:00:00+00:00,2022-02-25 00:00:00+01:00,57494.5775,57.4945775,3.6,84,0,0,0,4,2
2022-02-25 00:00:00+00:00,2022-02-25 01:00:00+01:00,55325.0225,55.325022499999996,2.6,80,0,0,1,4,2
2022-02-25 01:00:00+00:00,2022-02-25 02:00:00+01:00,54650.972499999996,54.650972499999995,1.9,83,0,0,2,4,2
2022-02-25 02:00:00+00:00,2022-02-25 03:00:00+01:00,55116.155,55.116155,1.5,86,0,0,3,4,2
2022-02-25 03:00:00+00:00,2022-02-25 04:00:00+01:00,56760.0,56.76,1.0,87,0,0,4,4,2
2022-02-25 04:00:00+00:00,2022-02-25 05:00:00+01:00,59509.604999999996,59.50960499999999,0.5,88,0,0,5,4,2
2022-02-25 05:00:00+00:00,2022-02-25 06:00:00+01:00,66285.325,66.285325,0.1,88,0,0,6,4,2
2022-02-25 06:00:00+00:00,2022-02-25 07:00:00+01:00,71381.61750000001,71.3816175,-0.4,89,0,0,7,4,2
2022-02-25 07:00:00+00:00,2022-02-25 08:00:00+01:00,74083.56,74.08355999999999,0.1,87,0,1,8,4,2
2022-02-25 08:00:00+00:00,2022-02-25 09:00:00+01:00,74848.4125,74.84841250000001,1.9,80,0,1,9,4,2
2022-02-25 09:00:00+00:00,2022-02-25 10:00:00+01:00,75140.975,75.14097500000001,3.8,72,0,1,10,4,2
2022-02-25 10:00:00+00:00,2022-02-25 11:00:00+01:00,75497.5775,75.4975775,5.2,66,0,1,11,4,2
2022-02-25 11:00:00+00:00,2022-02-25 12:00:00+01:00,74917.095,74.917095,5.6,66,0,1,12,4,2
2022-02-25 12:00:00+00:00,2022-02-25 13:00:00+01:00,73490.67,73.49067,5.2,67,0,1,13,4,2
2022-02-25 13:00:00+00:00,2022-02-25 14:00:00+01:00,72032.26999999999,72.03226999999998,5.3,73,0,1,14,4,2
2022-02-25 14:00:00+00:00,2022-02-25 15:00:00+01:00,71256.345,71.256345,6.6,65,0,1,15,4,2
2022-02-25 15:00:00+00:00,2022-02-25 16:00:00+01:00,69706.975,69.706975,6.5,62,0,1,16,4,2
2022-02-25 16:00:00+00:00,2022-02-25 17:00:00+01:00,70056.89499999999,70.05689499999998,5.1,68,0,1,17,4,2
2022-02-25 17:00:00+00:00,2022-02-25 18:00:00+01:00,72003.72,72.00372,4.1,74,0,1,18,4,2
2022-02-25 18:00:00+00:00,2022-02-25 19:00:00+01:00,70660.58499999999,70.660585,3.3,80,0,1,19,4,2
2022-02-25 19:00:00+00:00,2022-02-25 20:00:00+01:00,66436.705,66.436705,2.1,87,0,1,20,4,2
2022-02-25 20:00:00+00:00,2022-02-25 21:00:00+01:00,63084.925,63.084925000000005,1.6,88,0,0,21,4,2
2022-02-25 21:00:00+00:00,2022-02-25 22:00:00+01:00,60874.86,60.87486,1.2,88,0,0,22,4,2
2022-02-25 22:00:00+00:00,2022-02-25 23:00:00+01:00,57384.42,57.38442,0.0,90,0,0,23,4,2
2022-02-25 23:00:00+00:00,2022-02-26 00:00:00+01:00,54719.6475,54.7196475,-0.7,91,1,0,0,5,2
2022-02-26 00:00:00+00:00,2022-02-26 01:00:00+01:00,51878.365,51.878364999999995,0.5,91,1,0,1,5,2
2022-02-26 01:00:00+00:00,2022-02-26 02:00:00+01:00,49880.0475,49.8800475,-1.0,93,1,0,2,5,2
2022-02-26 02:00:00+00:00,2022-02-26 03:00:00+01:00,49125.8525,49.1258525,-0.5,93,1,0,3,5,2
2022-02-26 03:00:00+00:00,2022-02-26 04:00:00+01:00,49441.7675,49.441767500000005,0.5,92,1,0,4,5,2
2022-02-26 04:00:00+00:00,2022-02-26 05:00:00+01:00,49753.7425,49.7537425,1.2,91,1,0,5,5,2
2022-02-26 05:00:00+00:00,2022-02-26 06:00:00+01:00,50548.975,50.548975,1.0,90,1,0,6,5,2
2022-02-26 06:00:00+00:00,2022-02-26 07:00:00+01:00,52947.39,52.94739,-0.5,91,1,0,7,5,2
2022-02-26 07:00:00+00:00,2022-02-26 08:00:00+01:00,56320.28,56.32028,0.3,91,1,1,8,5,2
2022-02-26 08:00:00+00:00,2022-02-26 09:00:00+01:00,58710.01,58.710010000000004,2.5,88,1,1,9,5,2
2022-02-26 09:00:00+00:00,2022-02-26 10:00:00+01:00,59988.785,59.988785,4.4,81,1,1,10,5,2
2022-02-26 10:00:00+00:00,2022-02-26 11:00:00+01:00,60337.729999999996,60.33772999999999,5.8,71,1,1,11,5,2
2022-02-26 11:00:00+00:00,2022-02-26 12:00:00+01:00,59404.542499999996,59.4045425,6.5,64,1,1,12,5,2
2022-02-26 12:00:00+00:00,2022-02-26 13:00:00+01:00,57528.5075,57.528507499999996,5.9,65,1,1,13,5,2
2022-02-26 13:00:00+00:00,2022-02-26 14:00:00+01:00,55525.11,55.52511,6.6,58,1,1,14,5,2
2022-02-26 14:00:00+00:00,2022-02-26 15:00:00+01:00,54352.255,54.352255,6.9,55,1,1,15,5,2
2022-02-26 15:00:00+00:00,2022-02-26 16:00:00+01:00,54272.06,54.272059999999996,7.2,52,1,1,16,5,2
2022-02-26 16:00:00+00:00,2022-02-26 17:00:00+01:00,56574.354999999996,56.574355,6.5,59,1,1,17,5,2
2022-02-26 17:00:00+00:00,2022-02-26 18:00:00+01:00,60555.1025,60.555102500000004,3.6,72,1,1,18,5,2
2022-02-26 18:00:00+00:00,2022-02-26 19:00:00+01:00,60090.06,60.09006,1.5,81,1,1,19,5,2
2022-02-26 19:00:00+00:00,2022-02-26 20:00:00+01:00,57005.34,57.00534,1.1,81,1,1,20,5,2
2022-02-26 20:00:00+00:00,2022-02-26 21:00:00+01:00,54499.175,54.499175,1.1,79,1,0,21,5,2
2022-02-26 21:00:00+00:00,2022-02-26 22:00:00+01:00,53230.6225,53.230622499999996,0.6,79,1,0,22,5,2
2022-02-26 22:00:00+00:00,2022-02-26 23:00:00+01:00,51193.354999999996,51.193355,-0.3,84,1,0,23,5,2
2022-02-26 23:00:00+00:00,2022-02-27 00:00:00+01:00,49294.0775,49.2940775,-0.3,84,1,0,0,6,2
2022-02-27 00:00:00+00:00,2022-02-27 01:00:00+01:00,47450.18,47.45018,1.2,81,1,0,1,6,2
2022-02-27 01:00:00+00:00,2022-02-27 02:00:00+01:00,46933.39,46.93339,1.6,80,1,0,2,6,2
2022-02-27 02:00:00+00:00,2022-02-27 03:00:00+01:00,46531.01,46.53101,0.8,82,1,0,3,6,2
2022-02-27 03:00:00+00:00,2022-02-27 04:00:00+01:00,46589.11,46.58911,-0.3,84,1,0,4,6,2
2022-02-27 04:00:00+00:00,2022-02-27 05:00:00+01:00,46593.244999999995,46.593244999999996,-1.0,84,1,0,5,6,2
2022-02-27 05:00:00+00:00,2022-02-27 06:00:00+01:00,46489.82,46.48982,-1.6,86,1,0,6,6,2
2022-02-27 06:00:00+00:00,2022-02-27 07:00:00+01:00,48279.9725,48.27997250000001,-2.0,87,1,0,7,6,2
2022-02-27 07:00:00+00:00,2022-02-27 08:00:00+01:00,51775.229999999996,51.77522999999999,-1.3,87,1,1,8,6,2
2022-02-27 08:00:00+00:00,2022-02-27 09:00:00+01:00,54578.9325,54.5789325,1.1,82,1,1,9,6,2
2022-02-27 09:00:00+00:00,2022-02-27 10:00:00+01:00,55974.51,55.97451,3.3,75,1,1,10,6,2
2022-02-27 10:00:00+00:00,2022-02-27 11:00:00+01:00,56902.105,56.902105000000006,5.2,70,1,1,11,6,2
2022-02-27 11:00:00+00:00,2022-02-27 12:00:00+01:00,56181.7575,56.181757499999996,6.6,64,1,1,12,6,2
2022-02-27 12:00:00+00:00,2022-02-27 13:00:00+01:00,53610.332500000004,53.610332500000005,7.3,54,1,1,13,6,2
2022-02-27 13:00:00+00:00,2022-02-27 14:00:00+01:00,51583.5225,51.5835225,7.7,51,1,1,14,6,2
2022-02-27 14:00:00+00:00,2022-02-27 15:00:00+01:00,51399.7075,51.3997075,7.8,50,1,1,15,6,2
2022-02-27 15:00:00+00:00,2022-02-27 16:00:00+01:00,51950.0325,51.9500325,7.6,51,1,1,16,6,2
2022-02-27 16:00:00+00:00,2022-02-27 17:00:00+01:00,54238.9925,54.2389925,6.8,55,1,1,17,6,2
2022-02-27 17:00:00+00:00,2022-02-27 18:00:00+01:00,58742.32,58.74232,4.4,63,1,1,18,6,2
2022-02-27 18:00:00+00:00,2022-02-27 19:00:00+01:00,59226.535,59.226535000000005,3.1,66,1,1,19,6,2
2022-02-27 19:00:00+00:00,2022-02-27 20:00:00+01:00,57065.8475,57.065847500000004,2.0,69,1,1,20,6,2
2022-02-27 20:00:00+00:00,2022-02-27 21:00:00+01:00,55634.8825,55.634882499999996,0.7,74,1,0,21,6,2
2022-02-27 21:00:00+00:00,2022-02-27 22:00:00+01:00,55369.7275,55.3697275,-0.3,78,1,0,22,6,2
2022-02-27 22:00:00+00:00,2022-02-27 23:00:00+01:00,52818.3025,52.8183025,-0.9,80,1,0,23,6,2
2022-02-27 23:00:00+00:00,2022-02-28 00:00:00+01:00,50627.6325,50.6276325,-1.3,80,0,0,0,0,2
2022-02-28 00:00:00+00:00,2022-02-28 01:00:00+01:00,49317.6175,49.3176175,-1.2,81,0,0,1,0,2
2022-02-28 01:00:00+00:00,2022-02-28 02:00:00+01:00,48799.485,48.799485,-1.7,82,0,0,2,0,2
2022-02-28 02:00:00+00:00,2022-02-28 03:00:00+01:00,49036.275,49.036275,-2.1,83,0,0,3,0,2
2022-02-28 03:00:00+00:00,2022-02-28 04:00:00+01:00,50494.325,50.494324999999996,-2.4,84,0,0,4,0,2
2022-02-28 04:00:00+00:00,2022-02-28 05:00:00+01:00,53940.042499999996,53.9400425,-3.0,85,0,0,5,0,2
2022-02-28 05:00:00+00:00,2022-02-28 06:00:00+01:00,61172.975,61.172975,-3.4,86,0,0,6,0,2
2022-02-28 06:00:00+00:00,2022-02-28 07:00:00+01:00,66043.4325,66.0434325,-3.4,85,0,0,7,0,2
2022-02-28 07:00:00+00:00,2022-02-28 08:00:00+01:00,68980.2225,68.9802225,-1.8,82,0,1,8,0,2
2022-02-28 08:00:00+00:00,2022-02-28 09:00:00+01:00,69471.56,69.47156,0.5,75,0,1,9,0,2
2022-02-28 09:00:00+00:00,2022-02-28 10:00:00+01:00,69608.9425,69.6089425,2.4,70,0,1,10,0,2
2022-02-28 10:00:00+00:00,2022-02-28 11:00:00+01:00,69668.2975,69.6682975,4.6,66,0,1,11,0,2
2022-02-28 11:00:00+00:00,2022-02-28 12:00:00+01:00,68928.35,68.92835000000001,6.6,60,0,1,12,0,2
2022-02-28 12:00:00+00:00,2022-02-28 13:00:00+01:00,68020.33,68.02033,7.7,52,0,1,13,0,2
2022-02-28 13:00:00+00:00,2022-02-28 14:00:00+01:00,66402.72750000001,66.40272750000001,8.4,50,0,1,14,0,2
2022-02-28 14:00:00+00:00,2022-02-28 15:00:00+01:00,65766.1475,65.7661475,8.6,51,0,1,15,0,2
2022-02-28 15:00:00+00:00,2022-02-28 16:00:00+01:00,64839.365,64.839365,8.6,53,0,1,16,0,2
2022-02-28 16:00:00+00:00,2022-02-28 17:00:00+01:00,66678.6925,66.67869250000001,7.8,64,0,1,17,0,2
2022-02-28 17:00:00+00:00,2022-02-28 18:00:00+01:00,70568.795,70.568795,3.8,78,0,1,18,0,2
2022-02-28 18:00:00+00:00,2022-02-28 19:00:00+01:00,71106.1175,71.1061175,3.3,76,0,1,19,0,2
2022-02-28 19:00:00+00:00,2022-02-28 20:00:00+01:00,67983.2425,67.98324249999999,2.5,74,0,1,20,0,2
2022-02-28 20:00:00+00:00,2022-02-28 21:00:00+01:00,65542.88249999999,65.54288249999999,0.2,81,0,0,21,0,2
2022-02-28 21:00:00+00:00,2022-02-28 22:00:00+01:00,62864.1025,62.8641025,0.6,80,0,0,22,0,2
2022-02-28 22:00:00+00:00,2022-02-28 23:00:00+01:00,59775.24,59.77524,0.0,82,0,0,23,0,2
2022-02-28 23:00:00+00:00,2022-03-01 00:00:00+01:00,56657.2675,56.6572675,-0.3,78,0,0,0,1,3
2022-03-01 00:00:00+00:00,2022-03-01 01:00:00+01:00,55493.025,55.493025,0.6,68,0,0,1,1,3
2022-03-01 01:00:00+00:00,2022-03-01 02:00:00+01:00,55078.815,55.078815000000006,0.3,66,0,0,2,1,3
2022-03-01 02:00:00+00:00,2022-03-01 03:00:00+01:00,54888.2275,54.8882275,-0.8,67,0,0,3,1,3
2022-03-01 03:00:00+00:00,2022-03-01 04:00:00+01:00,55473.9275,55.473927499999995,-1.6,68,0,0,4,1,3
2022-03-01 04:00:00+00:00,2022-03-01 05:00:00+01:00,58630.067500000005,58.6300675,-2.1,69,0,0,5,1,3
2022-03-01 05:00:00+00:00,2022-03-01 06:00:00+01:00,65603.8125,65.6038125,-2.9,72,0,0,6,1,3
2022-03-01 06:00:00+00:00,2022-03-01 07:00:00+01:00,70071.1175,70.0711175,-3.4,73,0,0,7,1,3
2022-03-01 07:00:00+00:00,2022-03-01 08:00:00+01:00,72277.795,72.277795,-2.1,68,0,1,8,1,3
2022-03-01 08:00:00+00:00,2022-03-01 09:00:00+01:00,71926.3675,71.9263675,-0.2,64,0,1,9,1,3
2022-03-01 09:00:00+00:00,2022-03-01 10:00:00+01:00,72578.465,72.578465,1.6,60,0,1,10,1,3
2022-03-01 10:00:00+00:00,2022-03-01 11:00:00+01:00,72291.9825,72.2919825,3.3,57,0,1,11,1,3
2022-03-01 11:00:00+00:00,2022-03-01 12:00:00+01:00,71879.6275,71.8796275,4.7,52,0,1,12,1,3
2022-03-01 12:00:00+00:00,2022-03-01 13:00:00+01:00,69784.25,69.78425,6.3,46,0,1,13,1,3
2022-03-01 13:00:00+00:00,2022-03-01 14:00:00+01:00,67965.91,67.96591000000001,6.8,44,0,1,14,1,3
2022-03-01 14:00:00+00:00,2022-03-01 15:00:00+01:00,66412.05500000001,66.41205500000001,7.1,43,0,1,15,1,3
2022-03-01 15:00:00+00:00,2022-03-01 16:00:00+01:00,65878.3525,65.87835249999999,7.1,44,0,1,16,1,3
2022-03-01 16:00:00+00:00,2022-03-01 17:00:00+01:00,67280.0,67.28,6.3,57,0,1,17,1,3
2022-03-01 17:00:00+00:00,2022-03-01 18:00:00+01:00,70710.475,70.710475,3.6,67,0,1,18,1,3
2022-03-01 18:00:00+00:00,2022-03-01 19:00:00+01:00,70168.0075,70.1680075,1.8,71,0,1,19,1,3
2022-03-01 19:00:00+00:00,2022-03-01 20:00:00+01:00,66362.9825,66.3629825,1.3,71,0,1,20,1,3
2022-03-01 20:00:00+00:00,2022-03-01 21:00:00+01:00,63004.085,63.004084999999996,0.8,74,0,0,21,1,3
2022-03-01 21:00:00+00:00,2022-03-01 22:00:00+01:00,60195.365,60.195364999999995,-0.3,80,0,0,22,1,3
2022-03-01 22:00:00+00:00,2022-03-01 23:00:00+01:00,56737.207500000004,56.737207500000004,-1.1,84,0,0,23,1,3
2022-03-01 23:00:00+00:00,2022-03-02 00:00:00+01:00,54132.597499999996,54.132597499999996,-1.4,83,0,0,0,2,3
2022-03-02 00:00:00+00:00,2022-03-02 01:00:00+01:00,52364.505000000005,52.364505,-1.8,81,0,0,1,2,3
2022-03-02 01:00:00+00:00,2022-03-02 02:00:00+01:00,52107.4225,52.1074225,-1.6,78,0,0,2,2,3
2022-03-02 02:00:00+00:00,2022-03-02 03:00:00+01:00,52536.745,52.536745,-1.7,77,0,0,3,2,3
2022-03-02 03:00:00+00:00,2022-03-02 04:00:00+01:00,53683.2875,53.6832875,-1.7,76,0,0,4,2,3
2022-03-02 04:00:00+00:00,2022-03-02 05:00:00+01:00,57116.3675,57.1163675,-2.0,76,0,0,5,2,3
2022-03-02 05:00:00+00:00,2022-03-02 06:00:00+01:00,63481.76,63.48176,-1.8,74,0,0,6,2,3
2022-03-02 06:00:00+00:00,2022-03-02 07:00:00+01:00,68206.87,68.20687,-1.8,74,0,0,7,2,3
2022-03-02 07:00:00+00:00,2022-03-02 08:00:00+01:00,70689.855,70.689855,-1.0,73,0,1,8,2,3
2022-03-02 08:00:00+00:00,2022-03-02 09:00:00+01:00,71002.6875,71.0026875,0.6,68,0,1,9,2,3
2022-03-02 09:00:00+00:00,2022-03-02 10:00:00+01:00,71261.84,71.26183999999999,2.1,63,0,1,10,2,3
2022-03-02 10:00:00+00:00,2022-03-02 11:00:00+01:00,71674.3125,71.6743125,3.7,59,0,1,11,2,3
2022-03-02 11:00:00+00:00,2022-03-02 12:00:00+01:00,71232.8475,71.2328475,4.2,60,0,1,12,2,3
2022-03-02 12:00:00+00:00,2022-03-02 13:00:00+01:00,70167.205,70.167205,5.2,57,0,1,13,2,3
2022-03-02 13:00:00+00:00,2022-03-02 14:00:00+01:00,68315.7775,68.3157775,7.0,54,0,1,14,2,3
2022-03-02 14:00:00+00:00,2022-03-02 15:00:00+01:00,66876.305,66.87630499999999,7.6,53,0,1,15,2,3
2022-03-02 15:00:00+00:00,2022-03-02 16:00:00+01:00,65853.8725,65.8538725,7.5,53,0,1,16,2,3
2022-03-02 16:00:00+00:00,2022-03-02 17:00:00+01:00,67703.0475,67.7030475,6.8,61,0,1,17,2,3
2022-03-02 17:00:00+00:00,2022-03-02 18:00:00+01:00,71054.16500000001,71.05416500000001,6.4,56,0,1,18,2,3
2022-03-02 18:00:00+00:00,2022-03-02 19:00:00+01:00,70849.025,70.849025,4.5,63,0,1,19,2,3
2022-03-02 19:00:00+00:00,2022-03-02 20:00:00+01:00,67224.8375,67.22483749999999,0.7,77,0,1,20,2,3
2022-03-02 20:00:00+00:00,2022-03-02 21:00:00+01:00,63647.3225,63.6473225,-0.6,82,0,0,21,2,3
2022-03-02 21:00:00+00:00,2022-03-02 22:00:00+01:00,60444.3425,60.4443425,-1.2,82,0,0,22,2,3
2022-03-02 22:00:00+00:00,2022-03-02 23:00:00+01:00,57066.95,57.06695,-2.6,87,0,0,23,2,3
2022-03-02 23:00:00+00:00,2022-03-03 00:00:00+01:00,54230.5075,54.2305075,-2.0,86,0,0,0,3,3
2022-03-03 00:00:00+00:00,2022-03-03 01:00:00+01:00,52567.665,52.567665,-1.8,85,0,0,1,3,3
2022-03-03 01:00:00+00:00,2022-03-03 02:00:00+01:00,52159.0975,52.1590975,-2.4,86,0,0,2,3,3
2022-03-03 02:00:00+00:00,2022-03-03 03:00:00+01:00,52610.1475,52.6101475,-2.8,86,0,0,3,3,3
2022-03-03 03:00:00+00:00,2022-03-03 04:00:00+01:00,54115.515,54.115515,-3.0,85,0,0,4,3,3
2022-03-03 04:00:00+00:00,2022-03-03 05:00:00+01:00,57192.82,57.19282,-3.5,86,0,0,5,3,3
2022-03-03 05:00:00+00:00,2022-03-03 06:00:00+01:00,64232.2625,64.23226249999999,-3.5,85,0,0,6,3,3
2022-03-03 06:00:00+00:00,2022-03-03 07:00:00+01:00,69063.045,69.063045,-3.4,81,0,0,7,3,3
2022-03-03 07:00:00+00:00,2022-03-03 08:00:00+01:00,70976.3225,70.9763225,-2.2,76,0,1,8,3,3
2022-03-03 08:00:00+00:00,2022-03-03 09:00:00+01:00,71172.01000000001,71.17201000000001,0.3,71,0,1,9,3,3
2022-03-03 09:00:00+00:00,2022-03-03 10:00:00+01:00,70995.245,70.995245,2.5,64,0,1,10,3,3
2022-03-03 10:00:00+00:00,2022-03-03 11:00:00+01:00,70573.89,70.57389,4.6,59,0,1,11,3,3
2022-03-03 11:00:00+00:00,2022-03-03 12:00:00+01:00,70387.765,70.387765,6.5,53,0,1,12,3,3
2022-03-03 12:00:00+00:00,2022-03-03 13:00:00+01:00,68873.7975,68.8737975,8.5,44,0,1,13,3,3
2022-03-03 13:00:00+00:00,2022-03-03 14:00:00+01:00,67374.8075,67.37480749999999,9.1,44,0,1,14,3,3
2022-03-03 14:00:00+00:00,2022-03-03 15:00:00+01:00,66662.7375,66.6627375,9.4,44,0,1,15,3,3
2022-03-03 15:00:00+00:00,2022-03-03 16:00:00+01:00,65705.80249999999,65.70580249999999,9.3,46,0,1,16,3,3
2022-03-03 16:00:00+00:00,2022-03-03 17:00:00+01:00,67374.5675,67.3745675,8.0,62,0,1,17,3,3
2022-03-03 17:00:00+00:00,2022-03-03 18:00:00+01:00,70747.97750000001,70.7479775,4.3,65,0,1,18,3,3
2022-03-03 18:00:00+00:00,2022-03-03 19:00:00+01:00,70928.5625,70.9285625,4.2,63,0,1,19,3,3
2022-03-03 19:00:00+00:00,2022-03-03 20:00:00+01:00,67012.705,67.012705,3.3,63,0,1,20,3,3
2022-03-03 20:00:00+00:00,2022-03-03 21:00:00+01:00,63048.0875,63.0480875,1.8,69,0,0,21,3,3
2022-03-03 21:00:00+00:00,2022-03-03 22:00:00+01:00,60616.665,60.616665,0.6,74,0,0,22,3,3
2022-03-03 22:00:00+00:00,2022-03-03 23:00:00+01:00,56775.58,56.775580000000005,-0.3,77,0,0,23,3,3
2022-03-03 23:00:00+00:00,2022-03-04 00:00:00+01:00,54194.020000000004,54.19402,-1.0,79,0,0,0,4,3
2022-03-04 00:00:00+00:00,2022-03-04 01:00:00+01:00,52903.96,52.90396,-0.7,78,0,0,1,4,3
2022-03-04 01:00:00+00:00,2022-03-04 02:00:00+01:00,51970.5425,51.9705425,-1.1,80,0,0,2,4,3
2022-03-04 02:00:00+00:00,2022-03-04 03:00:00+01:00,52571.64,52.57164,-1.7,82,0,0,3,4,3
2022-03-04 03:00:00+00:00,2022-03-04 04:00:00+01:00,54115.945,54.115944999999996,-2.1,84,0,0,4,4,3
2022-03-04 04:00:00+00:00,2022-03-04 05:00:00+01:00,57097.9775,57.0979775,-2.3,84,0,0,5,4,3
2022-03-04 05:00:00+00:00,2022-03-04 06:00:00+01:00,63170.229999999996,63.17023,-2.5,85,0,0,6,4,3
2022-03-04 06:00:00+00:00,2022-03-04 07:00:00+01:00,68542.735,68.54273500000001,-2.8,87,0,0,7,4,3
2022-03-04 07:00:00+00:00,2022-03-04 08:00:00+01:00,70939.1375,70.9391375,-2.0,84,0,1,8,4,3
2022-03-04 08:00:00+00:00,2022-03-04 09:00:00+01:00,71328.345,71.328345,0.3,78,0,1,9,4,3
2022-03-04 09:00:00+00:00,2022-03-04 10:00:00+01:00,71480.98999999999,71.48098999999999,2.1,71,0,1,10,4,3
2022-03-04 10:00:00+00:00,2022-03-04 11:00:00+01:00,71843.01000000001,71.84301,3.9,67,0,1,11,4,3
2022-03-04 11:00:00+00:00,2022-03-04 12:00:00+01:00,71242.0275,71.24202749999999,5.4,63,0,1,12,4,3
2022-03-04 12:00:00+00:00,2022-03-04 13:00:00+01:00,69224.12,69.22412,6.8,56,0,1,13,4,3
2022-03-04 13:00:00+00:00,2022-03-04 14:00:00+01:00,66999.44,66.99944,7.5,53,0,1,14,4,3
2022-03-04 14:00:00+00:00,2022-03-04 15:00:00+01:00,65909.685,65.909685,7.8,51,0,1,15,4,3
2022-03-04 15:00:00+00:00,2022-03-04 16:00:00+01:00,65607.4125,65.60741250000001,7.6,50,0,1,16,4,3
2022-03-04 16:00:00+00:00,2022-03-04 17:00:00+01:00,67094.99,67.09499000000001,6.9,54,0,1,17,4,3
2022-03-04 17:00:00+00:00,2022-03-04 18:00:00+01:00,69672.305,69.672305,3.9,68,0,1,18,4,3
2022-03-04 18:00:00+00:00,2022-03-04 19:00:00+01:00,69564.02,69.56402,1.0,79,0,1,19,4,3
2022-03-04 19:00:00+00:00,2022-03-04 20:00:00+01:00,65370.4275,65.37042749999999,1.1,79,0,1,20,4,3
2022-03-04 20:00:00+00:00,2022-03-04 21:00:00+01:00,62038.6975,62.038697500000005,0.3,81,0,0,21,4,3
2022-03-04 21:00:00+00:00,2022-03-04 22:00:00+01:00,59137.3525,59.1373525,-0.6,81,0,0,22,4,3
2022-03-04 22:00:00+00:00,2022-03-04 23:00:00+01:00,56316.979999999996,56.316979999999994,-1.5,84,0,0,23,4,3
2022-03-04 23:00:00+00:00,2022-03-05 00:00:00+01:00,54210.635,54.210635,-2.1,85,1,0,0,5,3
2022-03-05 00:00:00+00:00,2022-03-05 01:00:00+01:00,52245.0825,52.245082499999995,-2.0,83,1,0,1,5,3
2022-03-05 01:00:00+00:00,2022-03-05 02:00:00+01:00,50824.81,50.82481,-2.2,84,1,0,2,5,3
2022-03-05 02:00:00+00:00,2022-03-05 03:00:00+01:00,50465.58,50.46558,-2.6,85,1,0,3,5,3
2022-03-05 03:00:00+00:00,2022-03-05 04:00:00+01:00,50851.32,50.85132,-2.8,86,1,0,4,5,3
2022-03-05 04:00:00+00:00,2022-03-05 05:00:00+01:00,50704.2275,50.7042275,-3.0,87,1,0,5,5,3
2022-03-05 05:00:00+00:00,2022-03-05 06:00:00+01:00,51550.2975,51.5502975,-3.3,88,1,0,6,5,3
2022-03-05 06:00:00+00:00,2022-03-05 07:00:00+01:00,54057.7325,54.0577325,-3.4,88,1,0,7,5,3
2022-03-05 07:00:00+00:00,2022-03-05 08:00:00+01:00,57435.435,57.435435,-2.0,86,1,1,8,5,3
2022-03-05 08:00:00+00:00,2022-03-05 09:00:00+01:00,59925.1175,59.9251175,0.4,77,1,1,9,5,3
2022-03-05 09:00:00+00:00,2022-03-05 10:00:00+01:00,61447.9525,61.4479525,2.2,72,1,1,10,5,3
2022-03-05 10:00:00+00:00,2022-03-05 11:00:00+01:00,61617.6425,61.6176425,4.0,69,1,1,11,5,3
2022-03-05 11:00:00+00:00,2022-03-05 12:00:00+01:00,59811.3375,59.8113375,5.6,63,1,1,12,5,3
2022-03-05 12:00:00+00:00,2022-03-05 13:00:00+01:00,57324.5125,57.3245125,6.7,52,1,1,13,5,3
2022-03-05 13:00:00+00:00,2022-03-05 14:00:00+01:00,55726.295,55.726295,6.9,45,1,1,14,5,3
2022-03-05 14:00:00+00:00,2022-03-05 15:00:00+01:00,55025.3775,55.025377500000005,6.7,44,1,1,15,5,3
2022-03-05 15:00:00+00:00,2022-03-05 16:00:00+01:00,55116.22,55.11622,6.4,45,1,1,16,5,3
2022-03-05 16:00:00+00:00,2022-03-05 17:00:00+01:00,57404.5325,57.4045325,5.7,50,1,1,17,5,3
2022-03-05 17:00:00+00:00,2022-03-05 18:00:00+01:00,60897.905,60.897905,4.6,54,1,1,18,5,3
2022-03-05 18:00:00+00:00,2022-03-05 19:00:00+01:00,61032.6075,61.0326075,3.1,59,1,1,19,5,3
2022-03-05 19:00:00+00:00,2022-03-05 20:00:00+01:00,57549.48,57.54948,2.2,60,1,1,20,5,3
2022-03-05 20:00:00+00:00,2022-03-05 21:00:00+01:00,55001.99,55.00199,1.2,62,1,0,21,5,3
2022-03-05 21:00:00+00:00,2022-03-05 22:00:00+01:00,53722.880000000005,53.72288,-0.3,68,1,0,22,5,3
2022-03-05 22:00:00+00:00,2022-03-05 23:00:00+01:00,51095.8875,51.095887499999996,-0.9,73,1,0,23,5,3
2022-03-05 23:00:00+00:00,2022-03-06 00:00:00+01:00,48190.4775,48.1904775,-1.8,77,1,0,0,6,3
2022-03-06 00:00:00+00:00,2022-03-06 01:00:00+01:00,46382.7825,46.382782500000005,-1.2,71,1,0,1,6,3
2022-03-06 01:00:00+00:00,2022-03-06 02:00:00+01:00,45565.270000000004,45.565270000000005,-1.4,70,1,0,2,6,3
2022-03-06 02:00:00+00:00,2022-03-06 03:00:00+01:00,45159.25,45.15925,-1.7,69,1,0,3,6,3
2022-03-06 03:00:00+00:00,2022-03-06 04:00:00+01:00,45501.86,45.50186,-1.8,70,1,0,4,6,3
2022-03-06 04:00:00+00:00,2022-03-06 05:00:00+01:00,45608.055,45.608055,-2.1,71,1,0,5,6,3
2022-03-06 05:00:00+00:00,2022-03-06 06:00:00+01:00,45686.1225,45.686122499999996,-2.8,74,1,0,6,6,3
2022-03-06 06:00:00+00:00,2022-03-06 07:00:00+01:00,47472.2475,47.472247499999995,-3.2,76,1,0,7,6,3
2022-03-06 07:00:00+00:00,2022-03-06 08:00:00+01:00,50867.92,50.86792,-2.1,74,1,1,8,6,3
2022-03-06 08:00:00+00:00,2022-03-06 09:00:00+01:00,54248.9925,54.2489925,0.3,69,1,1,9,6,3
2022-03-06 09:00:00+00:00,2022-03-06 10:00:00+01:00,55112.792499999996,55.1127925,2.4,63,1,1,10,6,3
2022-03-06 10:00:00+00:00,2022-03-06 11:00:00+01:00,56980.8075,56.980807500000004,4.2,55,1,1,11,6,3
2022-03-06 11:00:00+00:00,2022-03-06 12:00:00+01:00,56662.4125,56.6624125,5.5,44,1,1,12,6,3
2022-03-06 12:00:00+00:00,2022-03-06 13:00:00+01:00,55192.49,55.19249,5.7,44,1,1,13,6,3
2022-03-06 13:00:00+00:00,2022-03-06 14:00:00+01:00,54060.6775,54.0606775,6.0,43,1,1,14,6,3
2022-03-06 14:00:00+00:00,2022-03-06 15:00:00+01:00,53676.2875,53.6762875,6.0,43,1,1,15,6,3
2022-03-06 15:00:00+00:00,2022-03-06 16:00:00+01:00,54174.68,54.17468,5.9,41,1,1,16,6,3
2022-03-06 16:00:00+00:00,2022-03-06 17:00:00+01:00,55830.104999999996,55.830104999999996,5.0,46,1,1,17,6,3
2022-03-06 17:00:00+00:00,2022-03-06 18:00:00+01:00,59167.5275,59.1675275,4.0,50,1,1,18,6,3
2022-03-06 18:00:00+00:00,2022-03-06 19:00:00+01:00,59390.8075,59.3908075,2.8,55,1,1,19,6,3
2022-03-06 19:00:00+00:00,2022-03-06 20:00:00+01:00,56742.39,56.74239,2.3,57,1,1,20,6,3
2022-03-06 20:00:00+00:00,2022-03-06 21:00:00+01:00,54626.4675,54.6264675,1.6,63,1,0,21,6,3
2022-03-06 21:00:00+00:00,2022-03-06 22:00:00+01:00,54434.205,54.434205,1.2,59,1,0,22,6,3
2022-03-06 22:00:00+00:00,2022-03-06 23:00:00+01:00,51861.9075,51.8619075,0.4,61,1,0,23,6,3
2022-03-06 23:00:00+00:00,2022-03-07 00:00:00+01:00,49782.625,49.782625,-0.3,64,0,0,0,0,3
2022-03-07 00:00:00+00:00,2022-03-07 01:00:00+01:00,48406.3975,48.4063975,0.1,54,0,0,1,0,3
2022-03-07 01:00:00+00:00,2022-03-07 02:00:00+01:00,47892.575,47.892574999999994,-0.7,52,0,0,2,0,3
2022-03-07 02:00:00+00:00,2022-03-07 03:00:00+01:00,48483.545,48.483545,-1.8,57,0,0,3,0,3
2022-03-07 03:00:00+00:00,2022-03-07 04:00:00+01:00,50247.045,50.247045,-2.6,61,0,0,4,0,3
2022-03-07 04:00:00+00:00,2022-03-07 05:00:00+01:00,54123.1975,54.1231975,-3.5,65,0,0,5,0,3
2022-03-07 05:00:00+00:00,2022-03-07 06:00:00+01:00,61987.92,61.987919999999995,-3.7,65,0,0,6,0,3
2022-03-07 06:00:00+00:00,2022-03-07 07:00:00+01:00,67325.2075,67.3252075,-3.5,64,0,0,7,0,3
2022-03-07 07:00:00+00:00,2022-03-07 08:00:00+01:00,69706.8425,69.7068425,-2.4,66,0,1,8,0,3
2022-03-07 08:00:00+00:00,2022-03-07 09:00:00+01:00,69342.6125,69.3426125,-0.3,62,0,1,9,0,3
2022-03-07 09:00:00+00:00,2022-03-07 10:00:00+01:00,70039.1925,70.0391925,1.2,56,0,1,10,0,3
2022-03-07 10:00:00+00:00,2022-03-07 11:00:00+01:00,71300.6425,71.3006425,2.3,53,0,1,11,0,3
2022-03-07 11:00:00+00:00,2022-03-07 12:00:00+01:00,71481.485,71.481485,3.4,47,0,1,12,0,3
2022-03-07 12:00:00+00:00,2022-03-07 13:00:00+01:00,70830.8175,70.83081750000001,4.7,44,0,1,13,0,3
2022-03-07 13:00:00+00:00,2022-03-07 14:00:00+01:00,69066.2875,69.0662875,5.0,45,0,1,14,0,3
2022-03-07 14:00:00+00:00,2022-03-07 15:00:00+01:00,67611.43,67.61143,5.1,45,0,1,15,0,3
2022-03-07 15:00:00+00:00,2022-03-07 16:00:00+01:00,66434.3275,66.4343275,5.1,46,0,1,16,0,3
2022-03-07 16:00:00+00:00,2022-03-07 17:00:00+01:00,67237.685,67.237685,4.8,47,0,1,17,0,3
2022-03-07 17:00:00+00:00,2022-03-07 18:00:00+01:00,70369.65,70.36965,2.5,61,0,1,18,0,3
2022-03-07 18:00:00+00:00,2022-03-07 19:00:00+01:00,70658.5375,70.65853750000001,-0.2,72,0,1,19,0,3
2022-03-07 19:00:00+00:00,2022-03-07 20:00:00+01:00,67015.6,67.0156,-0.7,71,0,1,20,0,3
2022-03-07 20:00:00+00:00,2022-03-07 21:00:00+01:00,63473.505000000005,63.473505,-0.7,72,0,0,21,0,3
2022-03-07 21:00:00+00:00,2022-03-07 22:00:00+01:00,60655.1825,60.6551825,-1.2,74,0,0,22,0,3
2022-03-07 22:00:00+00:00,2022-03-07 23:00:00+01:00,57452.27,57.45227,-1.6,74,0,0,23,0,3
2022-03-07 23:00:00+00:00,2022-03-08 00:00:00+01:00,54272.39,54.27239,-1.7,73,0,0,0,1,3
2022-03-08 00:00:00+00:00,2022-03-08 01:00:00+01:00,52805.1375,52.805137499999994,-1.3,71,0,0,1,1,3
2022-03-08 01:00:00+00:00,2022-03-08 02:00:00+01:00,52513.33,52.51333,-2.0,76,0,0,2,1,3
2022-03-08 02:00:00+00:00,2022-03-08 03:00:00+01:00,52522.1775,52.5221775,-2.9,82,0,0,3,1,3
2022-03-08 03:00:00+00:00,2022-03-08 04:00:00+01:00,53813.0575,53.8130575,-3.1,82,0,0,4,1,3
2022-03-08 04:00:00+00:00,2022-03-08 05:00:00+01:00,56971.3175,56.9713175,-3.3,82,0,0,5,1,3
2022-03-08 05:00:00+00:00,2022-03-08 06:00:00+01:00,63231.1225,63.2311225,-3.1,80,0,0,6,1,3
2022-03-08 06:00:00+00:00,2022-03-08 07:00:00+01:00,67584.89499999999,67.58489499999999,-3.1,80,0,0,7,1,3
2022-03-08 07:00:00+00:00,2022-03-08 08:00:00+01:00,70139.72750000001,70.1397275,-1.6,76,0,1,8,1,3
2022-03-08 08:00:00+00:00,2022-03-08 09:00:00+01:00,70212.35,70.21235,1.1,69,0,1,9,1,3
2022-03-08 09:00:00+00:00,2022-03-08 10:00:00+01:00,69937.7975,69.9377975,3.6,62,0,1,10,1,3
2022-03-08 10:00:00+00:00,2022-03-08 11:00:00+01:00,70420.4,70.4204,5.8,58,0,1,11,1,3
2022-03-08 11:00:00+00:00,2022-03-08 12:00:00+01:00,70171.11499999999,70.17111499999999,7.2,48,0,1,12,1,3
2022-03-08 12:00:00+00:00,2022-03-08 13:00:00+01:00,69837.8175,69.8378175,8.0,42,0,1,13,1,3
2022-03-08 13:00:00+00:00,2022-03-08 14:00:00+01:00,67901.57,67.90157,8.5,43,0,1,14,1,3
2022-03-08 14:00:00+00:00,2022-03-08 15:00:00+01:00,66585.5825,66.5855825,9.0,41,0,1,15,1,3
2022-03-08 15:00:00+00:00,2022-03-08 16:00:00+01:00,65444.85,65.44485,8.9,40,0,1,16,1,3
2022-03-08 16:00:00+00:00,2022-03-08 17:00:00+01:00,66842.875,66.842875,8.0,46,0,1,17,1,3
2022-03-08 17:00:00+00:00,2022-03-08 18:00:00+01:00,70181.59,70.18159,4.5,58,0,1,18,1,3
2022-03-08 18:00:00+00:00,2022-03-08 19:00:00+01:00,70865.6825,70.86568249999999,3.1,59,0,1,19,1,3
2022-03-08 19:00:00+00:00,2022-03-08 20:00:00+01:00,67101.955,67.101955,1.6,63,0,1,20,1,3
2022-03-08 20:00:00+00:00,2022-03-08 21:00:00+01:00,63489.6125,63.4896125,-0.1,68,0,0,21,1,3
2022-03-08 21:00:00+00:00,2022-03-08 22:00:00+01:00,59921.59,59.921589999999995,-1.6,71,0,0,22,1,3
2022-03-08 22:00:00+00:00,2022-03-08 23:00:00+01:00,56216.06,56.21606,-2.2,71,0,0,23,1,3
2022-03-08 23:00:00+00:00,2022-03-09 00:00:00+01:00,53225.86,53.22586,-2.6,72,0,0,0,2,3
2022-03-09 00:00:00+00:00,2022-03-09 01:00:00+01:00,51968.25,51.96825,-2.5,73,0,0,1,2,3
2022-03-09 01:00:00+00:00,2022-03-09 02:00:00+01:00,51632.45,51.63245,-2.9,74,0,0,2,2,3
2022-03-09 02:00:00+00:00,2022-03-09 03:00:00+01:00,52112.5375,52.1125375,-3.4,76,0,0,3,2,3
2022-03-09 03:00:00+00:00,2022-03-09 04:00:00+01:00,53125.9975,53.1259975,-3.3,76,0,0,4,2,3
2022-03-09 04:00:00+00:00,2022-03-09 05:00:00+01:00,56741.055,56.741055,-3.7,79,0,0,5,2,3
2022-03-09 05:00:00+00:00,2022-03-09 06:00:00+01:00,63947.545,63.947545,-3.8,78,0,0,6,2,3
2022-03-09 06:00:00+00:00,2022-03-09 07:00:00+01:00,67732.51,67.73250999999999,-3.4,76,0,0,7,2,3
2022-03-09 07:00:00+00:00,2022-03-09 08:00:00+01:00,69945.9325,69.9459325,-0.9,62,0,1,8,2,3
2022-03-09 08:00:00+00:00,2022-03-09 09:00:00+01:00,70177.405,70.177405,1.9,55,0,1,9,2,3
2022-03-09 09:00:00+00:00,2022-03-09 10:00:00+01:00,69627.28,69.62728,3.8,58,0,1,10,2,3
2022-03-09 10:00:00+00:00,2022-03-09 11:00:00+01:00,69494.1175,69.49411749999999,5.6,57,0,1,11,2,3
2022-03-09 11:00:00+00:00,2022-03-09 12:00:00+01:00,69134.4325,69.13443249999999,7.1,55,0,1,12,2,3
2022-03-09 12:00:00+00:00,2022-03-09 13:00:00+01:00,67886.6275,67.8866275,9.4,33,0,1,13,2,3
2022-03-09 13:00:00+00:00,2022-03-09 14:00:00+01:00,66350.3,66.3503,10.0,39,0,1,14,2,3
2022-03-09 14:00:00+00:00,2022-03-09 15:00:00+01:00,64942.682499999995,64.94268249999999,10.4,41,0,1,15,2,3
2022-03-09 15:00:00+00:00,2022-03-09 16:00:00+01:00,63901.555,63.901555,10.4,43,0,1,16,2,3
2022-03-09 16:00:00+00:00,2022-03-09 17:00:00+01:00,65188.585,65.188585,9.4,71,0,1,17,2,3
2022-03-09 17:00:00+00:00,2022-03-09 18:00:00+01:00,68865.435,68.86543499999999,4.9,68,0,1,18,2,3
2022-03-09 18:00:00+00:00,2022-03-09 19:00:00+01:00,69919.6875,69.9196875,3.1,68,0,1,19,2,3
2022-03-09 19:00:00+00:00,2022-03-09 20:00:00+01:00,66681.4275,66.68142750000001,1.1,75,0,1,20,2,3
2022-03-09 20:00:00+00:00,2022-03-09 21:00:00+01:00,62676.317500000005,62.6763175,1.0,78,0,0,21,2,3
2022-03-09 21:00:00+00:00,2022-03-09 22:00:00+01:00,59708.625,59.708625,-0.4,84,0,0,22,2,3
2022-03-09 22:00:00+00:00,2022-03-09 23:00:00+01:00,56227.8675,56.2278675,-1.2,83,0,0,23,2,3
2022-03-09 23:00:00+00:00,2022-03-10 00:00:00+01:00,53180.89,53.18089,-1.4,79,0,0,0,3,3
2022-03-10 00:00:00+00:00,2022-03-10 01:00:00+01:00,51381.9625,51.3819625,0.4,64,0,0,1,3,3
2022-03-10 01:00:00+00:00,2022-03-10 02:00:00+01:00,50934.545,50.934545,-1.9,74,0,0,2,3,3
2022-03-10 02:00:00+00:00,2022-03-10 03:00:00+01:00,51671.61,51.67161,-2.0,73,0,0,3,3,3
2022-03-10 03:00:00+00:00,2022-03-10 04:00:00+01:00,53528.6625,53.528662499999996,-1.6,71,0,0,4,3,3
2022-03-10 04:00:00+00:00,2022-03-10 05:00:00+01:00,56869.4375,56.8694375,-2.0,73,0,0,5,3,3
2022-03-10 05:00:00+00:00,2022-03-10 06:00:00+01:00,63853.7225,63.8537225,-2.1,73,0,0,6,3,3
2022-03-10 06:00:00+00:00,2022-03-10 07:00:00+01:00,68267.915,68.26791499999999,-2.1,74,0,0,7,3,3
2022-03-10 07:00:00+00:00,2022-03-10 08:00:00+01:00,70281.39,70.28139,0.5,62,0,1,8,3,3
2022-03-10 08:00:00+00:00,2022-03-10 09:00:00+01:00,69571.7775,69.5717775,3.5,51,0,1,9,3,3
2022-03-10 09:00:00+00:00,2022-03-10 10:00:00+01:00,69790.62,69.79061999999999,6.0,43,0,1,10,3,3
2022-03-10 10:00:00+00:00,2022-03-10 11:00:00+01:00,70035.9375,70.0359375,8.2,48,0,1,11,3,3
2022-03-10 11:00:00+00:00,2022-03-10 12:00:00+01:00,69294.5125,69.2945125,10.2,51,0,1,12,3,3
2022-03-10 12:00:00+00:00,2022-03-10 13:00:00+01:00,67945.795,67.945795,13.2,36,0,1,13,3,3
2022-03-10 13:00:00+00:00,2022-03-10 14:00:00+01:00,66375.9975,66.3759975,13.4,41,0,1,14,3,3
2022-03-10 14:00:00+00:00,2022-03-10 15:00:00+01:00,65262.130000000005,65.26213,13.3,40,0,1,15,3,3
2022-03-10 15:00:00+00:00,2022-03-10 16:00:00+01:00,64751.7625,64.7517625,12.8,41,0,1,16,3,3
2022-03-10 16:00:00+00:00,2022-03-10 17:00:00+01:00,66414.4025,66.4144025,11.5,50,0,1,17,3,3
2022-03-10 17:00:00+00:00,2022-03-10 18:00:00+01:00,70024.1075,70.0241075,8.4,59,0,1,18,3,3
2022-03-10 18:00:00+00:00,2022-03-10 19:00:00+01:00,70930.56,70.93056,6.4,60,0,1,19,3,3
2022-03-10 19:00:00+00:00,2022-03-10 20:00:00+01:00,67598.70999999999,67.59871,5.1,60,0,1,20,3,3
2022-03-10 20:00:00+00:00,2022-03-10 21:00:00+01:00,63515.075,63.515074999999996,3.9,60,0,0,21,3,3
2022-03-10 21:00:00+00:00,2022-03-10 22:00:00+01:00,60761.62,60.76162,3.1,59,0,0,22,3,3
2022-03-10 22:00:00+00:00,2022-03-10 23:00:00+01:00,56919.785,56.919785000000005,2.3,62,0,0,23,3,3
2022-03-10 23:00:00+00:00,2022-03-11 00:00:00+01:00,55339.015,55.339014999999996,2.0,66,0,0,0,4,3
2022-03-11 00:00:00+00:00,2022-03-11 01:00:00+01:00,53951.555,53.951555,1.7,70,0,0,1,4,3
2022-03-11 01:00:00+00:00,2022-03-11 02:00:00+01:00,53216.275,53.216275,2.0,71,0,0,2,4,3
2022-03-11 02:00:00+00:00,2022-03-11 03:00:00+01:00,53522.2725,53.5222725,1.7,72,0,0,3,4,3
2022-03-11 03:00:00+00:00,2022-03-11 04:00:00+01:00,54588.3375,54.5883375,1.4,73,0,0,4,4,3
2022-03-11 04:00:00+00:00,2022-03-11 05:00:00+01:00,57876.6275,57.876627500000005,0.8,72,0,0,5,4,3
2022-03-11 05:00:00+00:00,2022-03-11 06:00:00+01:00,64703.7925,64.7037925,0.1,70,0,0,6,4,3
2022-03-11 06:00:00+00:00,2022-03-11 07:00:00+01:00,69184.655,69.18465499999999,-0.5,67,0,0,7,4,3
2022-03-11 07:00:00+00:00,2022-03-11 08:00:00+01:00,71867.66,71.86766,0.8,62,0,1,8,4,3
2022-03-11 08:00:00+00:00,2022-03-11 09:00:00+01:00,71075.1875,71.0751875,2.6,54,0,1,9,4,3
2022-03-11 09:00:00+00:00,2022-03-11 10:00:00+01:00,70586.8325,70.5868325,4.3,52,0,1,10,4,3
2022-03-11 10:00:00+00:00,2022-03-11 11:00:00+01:00,70704.63249999999,70.70463249999999,6.0,49,0,1,11,4,3
2022-03-11 11:00:00+00:00,2022-03-11 12:00:00+01:00,70009.9275,70.0099275,7.8,48,0,1,12,4,3
2022-03-11 12:00:00+00:00,2022-03-11 13:00:00+01:00,68838.1925,68.8381925,9.5,42,0,1,13,4,3
2022-03-11 13:00:00+00:00,2022-03-11 14:00:00+01:00,66471.23999999999,66.47124,10.4,41,0,1,14,4,3
2022-03-11 14:00:00+00:00,2022-03-11 15:00:00+01:00,66016.69750000001,66.0166975,11.1,41,0,1,15,4,3
2022-03-11 15:00:00+00:00,2022-03-11 16:00:00+01:00,65402.525,65.402525,11.3,42,0,1,16,4,3
2022-03-11 16:00:00+00:00,2022-03-11 17:00:00+01:00,67144.4375,67.1444375,10.7,48,0,1,17,4,3
2022-03-11 17:00:00+00:00,2022-03-11 18:00:00+01:00,69799.57,69.79957,8.7,53,0,1,18,4,3
2022-03-11 18:00:00+00:00,2022-03-11 19:00:00+01:00,70292.8575,70.2928575,6.7,52,0,1,19,4,3
2022-03-11 19:00:00+00:00,2022-03-11 20:00:00+01:00,66074.66,66.07466000000001,5.7,49,0,1,20,4,3
2022-03-11 20:00:00+00:00,2022-03-11 21:00:00+01:00,61906.135,61.906135,5.4,45,0,0,21,4,3
2022-03-11 21:00:00+00:00,2022-03-11 22:00:00+01:00,58591.5275,58.5915275,4.9,45,0,0,22,4,3
2022-03-11 22:00:00+00:00,2022-03-11 23:00:00+01:00,55985.885,55.985885,3.8,48,0,0,23,4,3
2022-03-11 23:00:00+00:00,2022-03-12 00:00:00+01:00,52767.565,52.767565000000005,2.7,51,1,0,0,5,3
2022-03-12 00:00:00+00:00,2022-03-12 01:00:00+01:00,50661.395000000004,50.661395000000006,2.7,47,1,0,1,5,3
2022-03-12 01:00:00+00:00,2022-03-12 02:00:00+01:00,50015.255000000005,50.015255,2.8,46,1,0,2,5,3
2022-03-12 02:00:00+00:00,2022-03-12 03:00:00+01:00,49350.8175,49.3508175,2.8,45,1,0,3,5,3
2022-03-12 03:00:00+00:00,2022-03-12 04:00:00+01:00,49356.1225,49.3561225,2.7,46,1,0,4,5,3
2022-03-12 04:00:00+00:00,2022-03-12 05:00:00+01:00,49884.5625,49.8845625,2.5,46,1,0,5,5,3
2022-03-12 05:00:00+00:00,2022-03-12 06:00:00+01:00,50967.5875,50.9675875,1.8,50,1,0,6,5,3
2022-03-12 06:00:00+00:00,2022-03-12 07:00:00+01:00,53894.7025,53.8947025,0.7,56,1,0,7,5,3
2022-03-12 07:00:00+00:00,2022-03-12 08:00:00+01:00,57032.7525,57.0327525,2.0,58,1,1,8,5,3
2022-03-12 08:00:00+00:00,2022-03-12 09:00:00+01:00,58931.8675,58.9318675,3.7,56,1,1,9,5,3
2022-03-12 09:00:00+00:00,2022-03-12 10:00:00+01:00,60259.465,60.259465,6.0,57,1,1,10,5,3
2022-03-12 10:00:00+00:00,2022-03-12 11:00:00+01:00,60317.725,60.317724999999996,8.5,56,1,1,11,5,3
2022-03-12 11:00:00+00:00,2022-03-12 12:00:00+01:00,58750.2675,58.7502675,10.5,53,1,1,12,5,3
2022-03-12 12:00:00+00:00,2022-03-12 13:00:00+01:00,56523.38,56.523379999999996,12.0,45,1,1,13,5,3
2022-03-12 13:00:00+00:00,2022-03-12 14:00:00+01:00,55324.455,55.324455,12.8,45,1,1,14,5,3
2022-03-12 14:00:00+00:00,2022-03-12 15:00:00+01:00,53764.7525,53.7647525,13.1,46,1,1,15,5,3
2022-03-12 15:00:00+00:00,2022-03-12 16:00:00+01:00,53646.145,53.646145,13.2,47,1,1,16,5,3
2022-03-12 16:00:00+00:00,2022-03-12 17:00:00+01:00,56452.2725,56.4522725,12.5,55,1,1,17,5,3
2022-03-12 17:00:00+00:00,2022-03-12 18:00:00+01:00,60011.5025,60.0115025,9.9,62,1,1,18,5,3
2022-03-12 18:00:00+00:00,2022-03-12 19:00:00+01:00,60622.8925,60.6228925,7.9,61,1,1,19,5,3
2022-03-12 19:00:00+00:00,2022-03-12 20:00:00+01:00,57181.945,57.181945,6.2,63,1,1,20,5,3
2022-03-12 20:00:00+00:00,2022-03-12 21:00:00+01:00,54564.45,54.564449999999994,5.1,64,1,0,21,5,3
2022-03-12 21:00:00+00:00,2022-03-12 22:00:00+01:00,52748.57,52.74857,3.5,69,1,0,22,5,3
2022-03-12 22:00:00+00:00,2022-03-12 23:00:00+01:00,49838.7425,49.8387425,2.5,70,1,0,23,5,3
2022-03-12 23:00:00+00:00,2022-03-13 00:00:00+01:00,47229.675,47.229675,2.4,67,1,0,0,6,3
2022-03-13 00:00:00+00:00,2022-03-13 01:00:00+01:00,45467.5975,45.467597500000004,2.0,62,1,0,1,6,3
2022-03-13 01:00:00+00:00,2022-03-13 02:00:00+01:00,45195.79,45.19579,2.1,59,1,0,2,6,3
2022-03-13 02:00:00+00:00,2022-03-13 03:00:00+01:00,44903.695,44.903695,1.0,62,1,0,3,6,3
2022-03-13 03:00:00+00:00,2022-03-13 04:00:00+01:00,45649.4825,45.6494825,0.3,62,1,0,4,6,3
2022-03-13 04:00:00+00:00,2022-03-13 05:00:00+01:00,46079.46,46.07946,-0.7,66,1,0,5,6,3
2022-03-13 05:00:00+00:00,2022-03-13 06:00:00+01:00,45548.445,45.548445,-0.3,60,1,0,6,6,3
2022-03-13 06:00:00+00:00,2022-03-13 07:00:00+01:00,47184.585,47.184585,-0.1,58,1,0,7,6,3
2022-03-13 07:00:00+00:00,2022-03-13 08:00:00+01:00,50635.8075,50.635807500000006,1.6,57,1,1,8,6,3
2022-03-13 08:00:00+00:00,2022-03-13 09:00:00+01:00,53014.25,53.01425,3.4,49,1,1,9,6,3
2022-03-13 09:00:00+00:00,2022-03-13 10:00:00+01:00,54173.725,54.173725,5.3,48,1,1,10,6,3
2022-03-13 10:00:00+00:00,2022-03-13 11:00:00+01:00,55592.2125,55.5922125,7.5,49,1,1,11,6,3
2022-03-13 11:00:00+00:00,2022-03-13 12:00:00+01:00,54092.807499999995,54.09280749999999,9.6,48,1,1,12,6,3
2022-03-13 12:00:00+00:00,2022-03-13 13:00:00+01:00,51765.91,51.765910000000005,11.8,40,1,1,13,6,3
2022-03-13 13:00:00+00:00,2022-03-13 14:00:00+01:00,49915.8325,49.91583249999999,12.9,41,1,1,14,6,3
2022-03-13 14:00:00+00:00,2022-03-13 15:00:00+01:00,49291.035,49.291035,13.3,42,1,1,15,6,3
2022-03-13 15:00:00+00:00,2022-03-13 16:00:00+01:00,50632.3725,50.632372499999995,13.3,44,1,1,16,6,3
2022-03-13 16:00:00+00:00,2022-03-13 17:00:00+01:00,54048.49,54.04849,12.7,54,1,1,17,6,3
2022-03-13 17:00:00+00:00,2022-03-13 18:00:00+01:00,57398.16,57.398160000000004,10.7,60,1,1,18,6,3
2022-03-13 18:00:00+00:00,2022-03-13 19:00:00+01:00,58083.165,58.083165,8.8,63,1,1,19,6,3
2022-03-13 19:00:00+00:00,2022-03-13 20:00:00+01:00,55500.4575,55.500457499999996,7.4,65,1,1,20,6,3
2022-03-13 20:00:00+00:00,2022-03-13 21:00:00+01:00,53587.6125,53.587612500000006,6.2,67,1,0,21,6,3
2022-03-13 21:00:00+00:00,2022-03-13 22:00:00+01:00,53277.0,53.277,5.5,66,1,0,22,6,3
2022-03-13 22:00:00+00:00,2022-03-13 23:00:00+01:00,51191.54,51.19154,6.2,59,1,0,23,6,3
2022-03-13 23:00:00+00:00,2022-03-14 00:00:00+01:00,48898.5075,48.8985075,4.5,66,0,0,0,0,3
2022-03-14 00:00:00+00:00,2022-03-14 01:00:00+01:00,47107.1575,47.1071575,6.5,55,0,0,1,0,3
2022-03-14 01:00:00+00:00,2022-03-14 02:00:00+01:00,46032.8475,46.0328475,5.4,60,0,0,2,0,3
2022-03-14 02:00:00+00:00,2022-03-14 03:00:00+01:00,47313.79,47.31379,3.8,60,0,0,3,0,3
2022-03-14 03:00:00+00:00,2022-03-14 04:00:00+01:00,49304.494999999995,49.304494999999996,5.3,74,0,0,4,0,3
2022-03-14 04:00:00+00:00,2022-03-14 05:00:00+01:00,53467.097499999996,53.467097499999994,5.4,88,0,0,5,0,3
2022-03-14 05:00:00+00:00,2022-03-14 06:00:00+01:00,61356.8025,61.3568025,5.5,93,0,0,6,0,3
2022-03-14 06:00:00+00:00,2022-03-14 07:00:00+01:00,67520.82,67.52082,6.4,94,0,0,7,0,3
2022-03-14 07:00:00+00:00,2022-03-14 08:00:00+01:00,70529.7475,70.5297475,6.9,94,0,1,8,0,3
2022-03-14 08:00:00+00:00,2022-03-14 09:00:00+01:00,70292.6925,70.2926925,7.6,91,0,1,9,0,3
2022-03-14 09:00:00+00:00,2022-03-14 10:00:00+01:00,70956.115,70.95611500000001,8.5,87,0,1,10,0,3
2022-03-14 10:00:00+00:00,2022-03-14 11:00:00+01:00,71266.35,71.26635,8.9,84,0,1,11,0,3
2022-03-14 11:00:00+00:00,2022-03-14 12:00:00+01:00,70823.42,70.82342,9.4,79,0,1,12,0,3
2022-03-14 12:00:00+00:00,2022-03-14 13:00:00+01:00,69025.4525,69.0254525,10.4,72,0,1,13,0,3
2022-03-14 13:00:00+00:00,2022-03-14 14:00:00+01:00,67820.6275,67.8206275,11.7,62,0,1,14,0,3
2022-03-14 14:00:00+00:00,2022-03-14 15:00:00+01:00,66425.0025,66.4250025,11.9,58,0,1,15,0,3
2022-03-14 15:00:00+00:00,2022-03-14 16:00:00+01:00,65172.725000000006,65.172725,12.0,54,0,1,16,0,3
2022-03-14 16:00:00+00:00,2022-03-14 17:00:00+01:00,65918.0525,65.9180525,11.7,56,0,1,17,0,3
2022-03-14 17:00:00+00:00,2022-03-14 18:00:00+01:00,68258.16500000001,68.258165,9.2,71,0,1,18,0,3
2022-03-14 18:00:00+00:00,2022-03-14 19:00:00+01:00,68623.4425,68.62344250000001,9.3,63,0,1,19,0,3
2022-03-14 19:00:00+00:00,2022-03-14 20:00:00+01:00,64779.865,64.779865,8.9,65,0,1,20,0,3
2022-03-14 20:00:00+00:00,2022-03-14 21:00:00+01:00,61415.7425,61.4157425,5.4,77,0,0,21,0,3
2022-03-14 21:00:00+00:00,2022-03-14 22:00:00+01:00,58368.1575,58.3681575,5.0,78,0,0,22,0,3
2022-03-14 22:00:00+00:00,2022-03-14 23:00:00+01:00,55051.1575,55.0511575,5.9,75,0,0,23,0,3
2022-03-14 23:00:00+00:00,2022-03-15 00:00:00+01:00,51300.45,51.30045,2.7,88,0,0,0,1,3
2022-03-15 00:00:00+00:00,2022-03-15 01:00:00+01:00,49768.87,49.76887,2.0,93,0,0,1,1,3
2022-03-15 01:00:00+00:00,2022-03-15 02:00:00+01:00,49178.0075,49.1780075,2.4,93,0,0,2,1,3
2022-03-15 02:00:00+00:00,2022-03-15 03:00:00+01:00,50204.192500000005,50.204192500000005,2.6,93,0,0,3,1,3
2022-03-15 03:00:00+00:00,2022-03-15 04:00:00+01:00,51620.165,51.620165,2.7,91,0,0,4,1,3
2022-03-15 04:00:00+00:00,2022-03-15 05:00:00+01:00,54865.155,54.865155,3.4,90,0,0,5,1,3
2022-03-15 05:00:00+00:00,2022-03-15 06:00:00+01:00,61382.6525,61.3826525,3.3,91,0,0,6,1,3
2022-03-15 06:00:00+00:00,2022-03-15 07:00:00+01:00,66207.5375,66.2075375,3.2,91,0,0,7,1,3
2022-03-15 07:00:00+00:00,2022-03-15 08:00:00+01:00,69227.39,69.22739,4.1,88,0,1,8,1,3
2022-03-15 08:00:00+00:00,2022-03-15 09:00:00+01:00,69683.595,69.683595,5.3,85,0,1,9,1,3
2022-03-15 09:00:00+00:00,2022-03-15 10:00:00+01:00,70728.9025,70.72890249999999,6.7,79,0,1,10,1,3
2022-03-15 10:00:00+00:00,2022-03-15 11:00:00+01:00,71803.0225,71.80302250000001,6.9,81,0,1,11,1,3
2022-03-15 11:00:00+00:00,2022-03-15 12:00:00+01:00,71250.0325,71.2500325,7.2,83,0,1,12,1,3
2022-03-15 12:00:00+00:00,2022-03-15 13:00:00+01:00,70016.005,70.016005,7.4,87,0,1,13,1,3
2022-03-15 13:00:00+00:00,2022-03-15 14:00:00+01:00,68398.115,68.398115,7.6,89,0,1,14,1,3
2022-03-15 14:00:00+00:00,2022-03-15 15:00:00+01:00,67750.3575,67.75035749999999,7.1,92,0,1,15,1,3
2022-03-15 15:00:00+00:00,2022-03-15 16:00:00+01:00,66918.4225,66.9184225,6.9,93,0,1,16,1,3
2022-03-15 16:00:00+00:00,2022-03-15 17:00:00+01:00,67450.92,67.45092,6.8,92,0,1,17,1,3
2022-03-15 17:00:00+00:00,2022-03-15 18:00:00+01:00,69105.22,69.10522,6.6,90,0,1,18,1,3
2022-03-15 18:00:00+00:00,2022-03-15 19:00:00+01:00,68758.985,68.758985,5.0,94,0,1,19,1,3
2022-03-15 19:00:00+00:00,2022-03-15 20:00:00+01:00,64984.005,64.984005,5.5,93,0,1,20,1,3
2022-03-15 20:00:00+00:00,2022-03-15 21:00:00+01:00,61136.32,61.13632,4.6,95,0,0,21,1,3
2022-03-15 21:00:00+00:00,2022-03-15 22:00:00+01:00,58087.69,58.08769,4.1,93,0,0,22,1,3
2022-03-15 22:00:00+00:00,2022-03-15 23:00:00+01:00,54329.065,54.329065,4.6,92,0,0,23,1,3
2022-03-15 23:00:00+00:00,2022-03-16 00:00:00+01:00,51194.1225,51.1941225,3.8,96,0,0,0,2,3
2022-03-16 00:00:00+00:00,2022-03-16 01:00:00+01:00,49426.455,49.426455000000004,2.2,95,0,0,1,2,3
2022-03-16 01:00:00+00:00,2022-03-16 02:00:00+01:00,48828.7725,48.8287725,1.8,96,0,0,2,2,3
2022-03-16 02:00:00+00:00,2022-03-16 03:00:00+01:00,49371.97,49.371970000000005,2.2,96,0,0,3,2,3
2022-03-16 03:00:00+00:00,2022-03-16 04:00:00+01:00,51470.05,51.47005,0.8,98,0,0,4,2,3
2022-03-16 04:00:00+00:00,2022-03-16 05:00:00+01:00,54783.305,54.783305,0.6,97,0,0,5,2,3
2022-03-16 05:00:00+00:00,2022-03-16 06:00:00+01:00,61488.807499999995,61.48880749999999,-0.6,98,0,0,6,2,3
2022-03-16 06:00:00+00:00,2022-03-16 07:00:00+01:00,66586.205,66.586205,0.7,98,0,0,7,2,3
2022-03-16 07:00:00+00:00,2022-03-16 08:00:00+01:00,69041.5925,69.0415925,2.1,96,0,1,8,2,3
2022-03-16 08:00:00+00:00,2022-03-16 09:00:00+01:00,69275.955,69.275955,4.4,93,0,1,9,2,3
2022-03-16 09:00:00+00:00,2022-03-16 10:00:00+01:00,69359.8325,69.35983250000001,6.5,86,0,1,10,2,3
2022-03-16 10:00:00+00:00,2022-03-16 11:00:00+01:00,69979.3275,69.9793275,9.1,80,0,1,11,2,3
2022-03-16 11:00:00+00:00,2022-03-16 12:00:00+01:00,70077.73000000001,70.07773000000002,11.3,71,0,1,12,2,3
2022-03-16 12:00:00+00:00,2022-03-16 13:00:00+01:00,69216.33,69.21633,10.9,67,0,1,13,2,3
2022-03-16 13:00:00+00:00,2022-03-16 14:00:00+01:00,68048.1875,68.0481875,12.0,65,0,1,14,2,3
2022-03-16 14:00:00+00:00,2022-03-16 15:00:00+01:00,66813.585,66.813585,12.7,61,0,1,15,2,3
2022-03-16 15:00:00+00:00,2022-03-16 16:00:00+01:00,65670.89749999999,65.6708975,13.2,57,0,1,16,2,3
2022-03-16 16:00:00+00:00,2022-03-16 17:00:00+01:00,66474.92,66.47492,12.8,59,0,1,17,2,3
2022-03-16 17:00:00+00:00,2022-03-16 18:00:00+01:00,69477.8725,69.4778725,11.0,66,0,1,18,2,3
2022-03-16 18:00:00+00:00,2022-03-16 19:00:00+01:00,70503.0575,70.5030575,8.8,73,0,1,19,2,3
2022-03-16 19:00:00+00:00,2022-03-16 20:00:00+01:00,67044.0075,67.0440075,7.8,74,0,1,20,2,3
2022-03-16 20:00:00+00:00,2022-03-16 21:00:00+01:00,63461.862499999996,63.461862499999995,7.7,71,0,0,21,2,3
2022-03-16 21:00:00+00:00,2022-03-16 22:00:00+01:00,60588.265,60.588265,6.4,76,0,0,22,2,3
2022-03-16 22:00:00+00:00,2022-03-16 23:00:00+01:00,56963.19,56.963190000000004,5.5,80,0,0,23,2,3
2022-03-16 23:00:00+00:00,2022-03-17 00:00:00+01:00,53846.5275,53.84652749999999,4.5,83,0,0,0,3,3
2022-03-17 00:00:00+00:00,2022-03-17 01:00:00+01:00,52265.5775,52.2655775,5.0,84,0,0,1,3,3
2022-03-17 01:00:00+00:00,2022-03-17 02:00:00+01:00,51356.4325,51.356432500000004,5.4,81,0,0,2,3,3
2022-03-17 02:00:00+00:00,2022-03-17 03:00:00+01:00,51685.785,51.685785,6.0,77,0,0,3,3,3
2022-03-17 03:00:00+00:00,2022-03-17 04:00:00+01:00,52467.582500000004,52.467582500000006,6.8,72,0,0,4,3,3
2022-03-17 04:00:00+00:00,2022-03-17 05:00:00+01:00,55266.8975,55.2668975,6.7,72,0,0,5,3,3
2022-03-17 05:00:00+00:00,2022-03-17 06:00:00+01:00,62259.995,62.259995,6.0,75,0,0,6,3,3
2022-03-17 06:00:00+00:00,2022-03-17 07:00:00+01:00,67414.515,67.414515,6.2,76,0,0,7,3,3
2022-03-17 07:00:00+00:00,2022-03-17 08:00:00+01:00,70098.3825,70.09838250000001,7.0,76,0,1,8,3,3
2022-03-17 08:00:00+00:00,2022-03-17 09:00:00+01:00,71169.57,71.16957000000001,7.4,80,0,1,9,3,3
2022-03-17 09:00:00+00:00,2022-03-17 10:00:00+01:00,71721.1025,71.7211025,7.6,82,0,1,10,3,3
2022-03-17 10:00:00+00:00,2022-03-17 11:00:00+01:00,72356.5825,72.3565825,8.2,82,0,1,11,3,3
2022-03-17 11:00:00+00:00,2022-03-17 12:00:00+01:00,72430.1975,72.43019749999999,9.1,80,0,1,12,3,3
2022-03-17 12:00:00+00:00,2022-03-17 13:00:00+01:00,71324.6375,71.3246375,10.5,75,0,1,13,3,3
2022-03-17 13:00:00+00:00,2022-03-17 14:00:00+01:00,69853.6425,69.8536425,10.3,81,0,1,14,3,3
2022-03-17 14:00:00+00:00,2022-03-17 15:00:00+01:00,68907.1275,68.9071275,10.9,81,0,1,15,3,3
2022-03-17 15:00:00+00:00,2022-03-17 16:00:00+01:00,67978.63,67.97863000000001,11.5,75,0,1,16,3,3
2022-03-17 16:00:00+00:00,2022-03-17 17:00:00+01:00,68681.5975,68.68159750000001,11.1,74,0,1,17,3,3
2022-03-17 17:00:00+00:00,2022-03-17 18:00:00+01:00,70039.625,70.039625,10.4,69,0,1,18,3,3
2022-03-17 18:00:00+00:00,2022-03-17 19:00:00+01:00,70049.6125,70.04961250000001,9.7,69,0,1,19,3,3
2022-03-17 19:00:00+00:00,2022-03-17 20:00:00+01:00,66018.6625,66.0186625,9.1,66,0,1,20,3,3
2022-03-17 20:00:00+00:00,2022-03-17 21:00:00+01:00,62369.96,62.36996,8.1,68,0,0,21,3,3
2022-03-17 21:00:00+00:00,2022-03-17 22:00:00+01:00,59094.1375,59.094137499999995,7.0,70,0,0,22,3,3
2022-03-17 22:00:00+00:00,2022-03-17 23:00:00+01:00,54872.285,54.872285000000005,6.3,72,0,0,23,3,3
2022-03-17 23:00:00+00:00,2022-03-18 00:00:00+01:00,51835.0275,51.835027499999995,5.6,74,0,0,0,4,3
2022-03-18 00:00:00+00:00,2022-03-18 01:00:00+01:00,50292.47,50.29247,5.2,75,0,0,1,4,3
2022-03-18 01:00:00+00:00,2022-03-18 02:00:00+01:00,49748.4025,49.7484025,4.9,76,0,0,2,4,3
2022-03-18 02:00:00+00:00,2022-03-18 03:00:00+01:00,50350.43,50.35043,4.9,76,0,0,3,4,3
2022-03-18 03:00:00+00:00,2022-03-18 04:00:00+01:00,51275.7625,51.2757625,4.5,77,0,0,4,4,3
2022-03-18 04:00:00+00:00,2022-03-18 05:00:00+01:00,54590.7025,54.5907025,4.2,78,0,0,5,4,3
2022-03-18 05:00:00+00:00,2022-03-18 06:00:00+01:00,60896.3725,60.8963725,3.8,79,0,0,6,4,3
2022-03-18 06:00:00+00:00,2022-03-18 07:00:00+01:00,66042.8775,66.0428775,3.5,80,0,0,7,4,3
2022-03-18 07:00:00+00:00,2022-03-18 08:00:00+01:00,68475.77,68.47577,4.4,78,0,1,8,4,3
2022-03-18 08:00:00+00:00,2022-03-18 09:00:00+01:00,68779.58249999999,68.77958249999999,5.9,73,0,1,9,4,3
2022-03-18 09:00:00+00:00,2022-03-18 10:00:00+01:00,69637.0375,69.6370375,7.8,64,0,1,10,4,3
2022-03-18 10:00:00+00:00,2022-03-18 11:00:00+01:00,70166.3825,70.16638250000001,9.2,59,0,1,11,4,3
2022-03-18 11:00:00+00:00,2022-03-18 12:00:00+01:00,69046.9575,69.0469575,11.0,51,0,1,12,4,3
2022-03-18 12:00:00+00:00,2022-03-18 13:00:00+01:00,67055.87,67.05587,11.9,46,0,1,13,4,3
2022-03-18 13:00:00+00:00,2022-03-18 14:00:00+01:00,65049.325,65.049325,12.7,42,0,1,14,4,3
2022-03-18 14:00:00+00:00,2022-03-18 15:00:00+01:00,64103.365,64.103365,12.9,40,0,1,15,4,3
2022-03-18 15:00:00+00:00,2022-03-18 16:00:00+01:00,63044.765,63.044765,12.4,41,0,1,16,4,3
2022-03-18 16:00:00+00:00,2022-03-18 17:00:00+01:00,64249.145000000004,64.249145,11.6,45,0,1,17,4,3
2022-03-18 17:00:00+00:00,2022-03-18 18:00:00+01:00,66507.15,66.50715,10.1,48,0,1,18,4,3
2022-03-18 18:00:00+00:00,2022-03-18 19:00:00+01:00,67915.045,67.91504499999999,8.7,48,0,1,19,4,3
2022-03-18 19:00:00+00:00,2022-03-18 20:00:00+01:00,64155.505,64.15550499999999,7.6,49,0,1,20,4,3
2022-03-18 20:00:00+00:00,2022-03-18 21:00:00+01:00,60121.8775,60.121877500000004,6.8,52,0,0,21,4,3
2022-03-18 21:00:00+00:00,2022-03-18 22:00:00+01:00,57385.8925,57.385892500000004,5.9,58,0,0,22,4,3
2022-03-18 22:00:00+00:00,2022-03-18 23:00:00+01:00,53773.1475,53.7731475,5.2,61,0,0,23,4,3
2022-03-18 23:00:00+00:00,2022-03-19 00:00:00+01:00,51246.9375,51.2469375,4.6,64,1,0,0,5,3
2022-03-19 00:00:00+00:00,2022-03-19 01:00:00+01:00,48941.815,48.941815000000005,4.8,64,1,0,1,5,3
2022-03-19 01:00:00+00:00,2022-03-19 02:00:00+01:00,47762.285,47.762285000000006,4.5,67,1,0,2,5,3
2022-03-19 02:00:00+00:00,2022-03-19 03:00:00+01:00,48075.0875,48.0750875,4.2,69,1,0,3,5,3
2022-03-19 03:00:00+00:00,2022-03-19 04:00:00+01:00,48680.01,48.68001,3.9,71,1,0,4,5,3
2022-03-19 04:00:00+00:00,2022-03-19 05:00:00+01:00,49303.7025,49.3037025,3.5,74,1,0,5,5,3
2022-03-19 05:00:00+00:00,2022-03-19 06:00:00+01:00,50216.41,50.21641,3.0,77,1,0,6,5,3
2022-03-19 06:00:00+00:00,2022-03-19 07:00:00+01:00,53537.07,53.53707,2.9,79,1,0,7,5,3
2022-03-19 07:00:00+00:00,2022-03-19 08:00:00+01:00,55633.4475,55.6334475,4.4,77,1,1,8,5,3
2022-03-19 08:00:00+00:00,2022-03-19 09:00:00+01:00,56716.005,56.716004999999996,6.9,70,1,1,9,5,3
2022-03-19 09:00:00+00:00,2022-03-19 10:00:00+01:00,58046.1525,58.0461525,8.7,65,1,1,10,5,3
2022-03-19 10:00:00+00:00,2022-03-19 11:00:00+01:00,59306.69,59.30669,9.7,58,1,1,11,5,3
2022-03-19 11:00:00+00:00,2022-03-19 12:00:00+01:00,58604.2025,58.6042025,10.8,49,1,1,12,5,3
2022-03-19 12:00:00+00:00,2022-03-19 13:00:00+01:00,57073.2225,57.0732225,11.5,35,1,1,13,5,3
2022-03-19 13:00:00+00:00,2022-03-19 14:00:00+01:00,55811.2325,55.811232499999996,11.2,36,1,1,14,5,3
2022-03-19 14:00:00+00:00,2022-03-19 15:00:00+01:00,55886.3125,55.8863125,10.4,39,1,1,15,5,3
2022-03-19 15:00:00+00:00,2022-03-19 16:00:00+01:00,55950.86,55.95086,9.5,39,1,1,16,5,3
2022-03-19 16:00:00+00:00,2022-03-19 17:00:00+01:00,57504.56,57.50456,8.9,44,1,1,17,5,3
2022-03-19 17:00:00+00:00,2022-03-19 18:00:00+01:00,60261.8,60.2618,8.0,48,1,1,18,5,3
2022-03-19 18:00:00+00:00,2022-03-19 19:00:00+01:00,61465.659999999996,61.46566,6.4,54,1,1,19,5,3
2022-03-19 19:00:00+00:00,2022-03-19 20:00:00+01:00,58210.1775,58.2101775,5.2,68,1,1,20,5,3
2022-03-19 20:00:00+00:00,2022-03-19 21:00:00+01:00,55550.3525,55.5503525,5.2,69,1,0,21,5,3
2022-03-19 21:00:00+00:00,2022-03-19 22:00:00+01:00,54141.8025,54.1418025,4.3,69,1,0,22,5,3
2022-03-19 22:00:00+00:00,2022-03-19 23:00:00+01:00,50740.4975,50.7404975,3.7,66,1,0,23,5,3
2022-03-19 23:00:00+00:00,2022-03-20 00:00:00+01:00,47533.6,47.5336,3.4,62,1,0,0,6,3
2022-03-20 00:00:00+00:00,2022-03-20 01:00:00+01:00,45487.5575,45.4875575,2.3,65,1,0,1,6,3
2022-03-20 01:00:00+00:00,2022-03-20 02:00:00+01:00,44438.2475,44.438247499999996,3.1,61,1,0,2,6,3
2022-03-20 02:00:00+00:00,2022-03-20 03:00:00+01:00,44419.695,44.419695,3.1,59,1,0,3,6,3
2022-03-20 03:00:00+00:00,2022-03-20 04:00:00+01:00,44712.84,44.71284,3.0,60,1,0,4,6,3
2022-03-20 04:00:00+00:00,2022-03-20 05:00:00+01:00,45166.5725,45.1665725,2.9,61,1,0,5,6,3
2022-03-20 05:00:00+00:00,2022-03-20 06:00:00+01:00,45170.095,45.170095,3.1,61,1,0,6,6,3
2022-03-20 06:00:00+00:00,2022-03-20 07:00:00+01:00,47186.340000000004,47.18634,3.1,63,1,0,7,6,3
2022-03-20 07:00:00+00:00,2022-03-20 08:00:00+01:00,50972.45,50.972449999999995,4.9,64,1,1,8,6,3
2022-03-20 08:00:00+00:00,2022-03-20 09:00:00+01:00,54326.322499999995,54.326322499999996,6.8,59,1,1,9,6,3
2022-03-20 09:00:00+00:00,2022-03-20 10:00:00+01:00,56097.034999999996,56.097035,8.8,57,1,1,10,6,3
2022-03-20 10:00:00+00:00,2022-03-20 11:00:00+01:00,57118.350000000006,57.11835000000001,11.2,53,1,1,11,6,3
2022-03-20 11:00:00+00:00,2022-03-20 12:00:00+01:00,56405.96,56.40596,13.3,50,1,1,12,6,3
2022-03-20 12:00:00+00:00,2022-03-20 13:00:00+01:00,54341.207500000004,54.3412075,12.8,53,1,1,13,6,3
2022-03-20 13:00:00+00:00,2022-03-20 14:00:00+01:00,52506.5825,52.50658249999999,14.6,50,1,1,14,6,3
2022-03-20 14:00:00+00:00,2022-03-20 15:00:00+01:00,52137.8275,52.1378275,14.9,50,1,1,15,6,3
2022-03-20 15:00:00+00:00,2022-03-20 16:00:00+01:00,51996.2425,51.9962425,14.8,49,1,1,16,6,3
2022-03-20 16:00:00+00:00,2022-03-20 17:00:00+01:00,53694.055,53.694055,14.6,56,1,1,17,6,3
2022-03-20 17:00:00+00:00,2022-03-20 18:00:00+01:00,57549.1575,57.5491575,12.3,68,1,1,18,6,3
2022-03-20 18:00:00+00:00,2022-03-20 19:00:00+01:00,59623.0975,59.6230975,9.8,71,1,1,19,6,3
2022-03-20 19:00:00+00:00,2022-03-20 20:00:00+01:00,56954.91,56.954910000000005,10.1,61,1,1,20,6,3
2022-03-20 20:00:00+00:00,2022-03-20 21:00:00+01:00,54687.4,54.687400000000004,10.1,52,1,0,21,6,3
2022-03-20 21:00:00+00:00,2022-03-20 22:00:00+01:00,53380.917499999996,53.380917499999995,8.8,54,1,0,22,6,3
2022-03-20 22:00:00+00:00,2022-03-20 23:00:00+01:00,50279.195,50.279195,7.8,56,1,0,23,6,3
2022-03-20 23:00:00+00:00,2022-03-21 00:00:00+01:00,48902.159999999996,48.902159999999995,6.4,59,0,0,0,0,3
2022-03-21 00:00:00+00:00,2022-03-21 01:00:00+01:00,47848.0725,47.8480725,7.1,50,0,0,1,0,3
2022-03-21 01:00:00+00:00,2022-03-21 02:00:00+01:00,47385.7725,47.3857725,4.7,62,0,0,2,0,3
2022-03-21 02:00:00+00:00,2022-03-21 03:00:00+01:00,47970.26,47.97026,3.6,65,0,0,3,0,3
2022-03-21 03:00:00+00:00,2022-03-21 04:00:00+01:00,49554.905,49.554905,3.4,60,0,0,4,0,3
2022-03-21 04:00:00+00:00,2022-03-21 05:00:00+01:00,53092.5025,53.0925025,3.8,56,0,0,5,0,3
2022-03-21 05:00:00+00:00,2022-03-21 06:00:00+01:00,60922.5875,60.9225875,3.4,56,0,0,6,0,3
2022-03-21 06:00:00+00:00,2022-03-21 07:00:00+01:00,66181.2325,66.1812325,3.2,59,0,0,7,0,3
2022-03-21 07:00:00+00:00,2022-03-21 08:00:00+01:00,68101.08,68.10108,4.8,61,0,1,8,0,3
2022-03-21 08:00:00+00:00,2022-03-21 09:00:00+01:00,68055.765,68.055765,6.6,57,0,1,9,0,3
2022-03-21 09:00:00+00:00,2022-03-21 10:00:00+01:00,67872.1725,67.8721725,8.7,56,0,1,10,0,3
2022-03-21 10:00:00+00:00,2022-03-21 11:00:00+01:00,67983.99250000001,67.98399250000001,10.7,54,0,1,11,0,3
2022-03-21 11:00:00+00:00,2022-03-21 12:00:00+01:00,67697.4825,67.69748249999999,12.4,53,0,1,12,0,3
2022-03-21 12:00:00+00:00,2022-03-21 13:00:00+01:00,66922.2975,66.9222975,14.3,42,0,1,13,0,3
2022-03-21 13:00:00+00:00,2022-03-21 14:00:00+01:00,65042.07,65.04207,15.2,42,0,1,14,0,3
2022-03-21 14:00:00+00:00,2022-03-21 15:00:00+01:00,64523.740000000005,64.52374,15.7,41,0,1,15,0,3
2022-03-21 15:00:00+00:00,2022-03-21 16:00:00+01:00,63301.665,63.301665,15.7,41,0,1,16,0,3
2022-03-21 16:00:00+00:00,2022-03-21 17:00:00+01:00,63910.4225,63.9104225,14.9,47,0,1,17,0,3
2022-03-21 17:00:00+00:00,2022-03-21 18:00:00+01:00,66056.93,66.05693,12.7,54,0,1,18,0,3
2022-03-21 18:00:00+00:00,2022-03-21 19:00:00+01:00,67896.6675,67.89666749999999,10.2,58,0,1,19,0,3
2022-03-21 19:00:00+00:00,2022-03-21 20:00:00+01:00,64829.3575,64.8293575,8.6,63,0,1,20,0,3
2022-03-21 20:00:00+00:00,2022-03-21 21:00:00+01:00,61271.1625,61.271162499999996,6.8,70,0,0,21,0,3
2022-03-21 21:00:00+00:00,2022-03-21 22:00:00+01:00,57804.9825,57.8049825,5.8,73,0,0,22,0,3
2022-03-21 22:00:00+00:00,2022-03-21 23:00:00+01:00,54184.5625,54.1845625,5.0,74,0,0,23,0,3
2022-03-21 23:00:00+00:00,2022-03-22 00:00:00+01:00,52115.4075,52.1154075,4.1,75,0,0,0,1,3
2022-03-22 00:00:00+00:00,2022-03-22 01:00:00+01:00,50330.542499999996,50.33054249999999,4.0,70,0,0,1,1,3
2022-03-22 01:00:00+00:00,2022-03-22 02:00:00+01:00,49707.95,49.70795,3.0,72,0,0,2,1,3
2022-03-22 02:00:00+00:00,2022-03-22 03:00:00+01:00,49922.034999999996,49.922034999999994,2.0,75,0,0,3,1,3
2022-03-22 03:00:00+00:00,2022-03-22 04:00:00+01:00,51535.854999999996,51.535855,1.4,76,0,0,4,1,3
2022-03-22 04:00:00+00:00,2022-03-22 05:00:00+01:00,54633.075,54.633075,0.9,77,0,0,5,1,3
2022-03-22 05:00:00+00:00,2022-03-22 06:00:00+01:00,60942.085,60.942085,0.6,78,0,0,6,1,3
2022-03-22 06:00:00+00:00,2022-03-22 07:00:00+01:00,65846.3575,65.8463575,0.9,78,0,0,7,1,3
2022-03-22 07:00:00+00:00,2022-03-22 08:00:00+01:00,68536.72499999999,68.53672499999999,3.6,73,0,1,8,1,3
2022-03-22 08:00:00+00:00,2022-03-22 09:00:00+01:00,68386.09,68.38609,6.2,62,0,1,9,1,3
2022-03-22 09:00:00+00:00,2022-03-22 10:00:00+01:00,67777.5575,67.7775575,8.3,54,0,1,10,1,3
2022-03-22 10:00:00+00:00,2022-03-22 11:00:00+01:00,67427.0125,67.4270125,10.2,52,0,1,11,1,3
2022-03-22 11:00:00+00:00,2022-03-22 12:00:00+01:00,66832.83,66.83283,11.9,51,0,1,12,1,3
2022-03-22 12:00:00+00:00,2022-03-22 13:00:00+01:00,65364.17,65.36417,14.5,42,0,1,13,1,3
2022-03-22 13:00:00+00:00,2022-03-22 14:00:00+01:00,64159.355,64.159355,15.5,41,0,1,14,1,3
2022-03-22 14:00:00+00:00,2022-03-22 15:00:00+01:00,63252.075,63.252075,16.1,39,0,1,15,1,3
2022-03-22 15:00:00+00:00,2022-03-22 16:00:00+01:00,61942.5375,61.9425375,16.2,37,0,1,16,1,3
2022-03-22 16:00:00+00:00,2022-03-22 17:00:00+01:00,62910.854999999996,62.910855,15.6,46,0,1,17,1,3
2022-03-22 17:00:00+00:00,2022-03-22 18:00:00+01:00,65692.5925,65.6925925,12.4,62,0,1,18,1,3
2022-03-22 18:00:00+00:00,2022-03-22 19:00:00+01:00,67563.2875,67.5632875,8.9,65,0,1,19,1,3
2022-03-22 19:00:00+00:00,2022-03-22 20:00:00+01:00,63653.31,63.65331,6.8,70,0,1,20,1,3
2022-03-22 20:00:00+00:00,2022-03-22 21:00:00+01:00,60020.4125,60.0204125,5.0,74,0,0,21,1,3
2022-03-22 21:00:00+00:00,2022-03-22 22:00:00+01:00,56513.265,56.513265,3.8,77,0,0,22,1,3
2022-03-22 22:00:00+00:00,2022-03-22 23:00:00+01:00,52337.64,52.33764,3.7,74,0,0,23,1,3
2022-03-22 23:00:00+00:00,2022-03-23 00:00:00+01:00,49794.085,49.794085,3.6,71,0,0,0,2,3
2022-03-23 00:00:00+00:00,2022-03-23 01:00:00+01:00,48263.87,48.263870000000004,3.6,67,0,0,1,2,3
2022-03-23 01:00:00+00:00,2022-03-23 02:00:00+01:00,47715.9475,47.7159475,2.6,71,0,0,2,2,3
2022-03-23 02:00:00+00:00,2022-03-23 03:00:00+01:00,48295.6475,48.2956475,2.0,73,0,0,3,2,3
2022-03-23 03:00:00+00:00,2022-03-23 04:00:00+01:00,50157.9625,50.157962500000004,1.3,75,0,0,4,2,3
2022-03-23 04:00:00+00:00,2022-03-23 05:00:00+01:00,53818.130000000005,53.818130000000004,0.6,78,0,0,5,2,3
2022-03-23 05:00:00+00:00,2022-03-23 06:00:00+01:00,60289.380000000005,60.28938,0.3,79,0,0,6,2,3
2022-03-23 06:00:00+00:00,2022-03-23 07:00:00+01:00,64861.1175,64.8611175,0.4,80,0,0,7,2,3
2022-03-23 07:00:00+00:00,2022-03-23 08:00:00+01:00,67563.735,67.563735,2.6,76,0,1,8,2,3
2022-03-23 08:00:00+00:00,2022-03-23 09:00:00+01:00,67633.6,67.6336,5.8,69,0,1,9,2,3
2022-03-23 09:00:00+00:00,2022-03-23 10:00:00+01:00,67709.2675,67.7092675,9.1,60,0,1,10,2,3
2022-03-23 10:00:00+00:00,2022-03-23 11:00:00+01:00,67590.0025,67.5900025,12.0,51,0,1,11,2,3
2022-03-23 11:00:00+00:00,2022-03-23 12:00:00+01:00,67033.745,67.033745,14.1,45,0,1,12,2,3
2022-03-23 12:00:00+00:00,2022-03-23 13:00:00+01:00,65539.5025,65.5395025,16.3,32,0,1,13,2,3
2022-03-23 13:00:00+00:00,2022-03-23 14:00:00+01:00,64658.0575,64.6580575,17.3,30,0,1,14,2,3
2022-03-23 14:00:00+00:00,2022-03-23 15:00:00+01:00,63203.685,63.203685,17.6,28,0,1,15,2,3
2022-03-23 15:00:00+00:00,2022-03-23 16:00:00+01:00,62340.8525,62.340852500000004,17.5,30,0,1,16,2,3
2022-03-23 16:00:00+00:00,2022-03-23 17:00:00+01:00,63189.447499999995,63.18944749999999,16.7,41,0,1,17,2,3
2022-03-23 17:00:00+00:00,2022-03-23 18:00:00+01:00,65840.5275,65.8405275,13.0,63,0,1,18,2,3
2022-03-23 18:00:00+00:00,2022-03-23 19:00:00+01:00,67703.9075,67.7039075,9.2,62,0,1,19,2,3
2022-03-23 19:00:00+00:00,2022-03-23 20:00:00+01:00,64331.8425,64.3318425,8.2,59,0,1,20,2,3
2022-03-23 20:00:00+00:00,2022-03-23 21:00:00+01:00,60354.71,60.35471,7.3,57,0,0,21,2,3
2022-03-23 21:00:00+00:00,2022-03-23 22:00:00+01:00,56915.2525,56.9152525,6.2,59,0,0,22,2,3
2022-03-23 22:00:00+00:00,2022-03-23 23:00:00+01:00,52802.86,52.80286,5.2,63,0,0,23,2,3
2022-03-23 23:00:00+00:00,2022-03-24 00:00:00+01:00,49944.7325,49.9447325,4.6,69,0,0,0,3,3
2022-03-24 00:00:00+00:00,2022-03-24 01:00:00+01:00,48414.5775,48.4145775,4.2,69,0,0,1,3,3
2022-03-24 01:00:00+00:00,2022-03-24 02:00:00+01:00,47742.725,47.742725,3.2,73,0,0,2,3,3
2022-03-24 02:00:00+00:00,2022-03-24 03:00:00+01:00,48303.6375,48.303637499999994,2.5,79,0,0,3,3,3
2022-03-24 03:00:00+00:00,2022-03-24 04:00:00+01:00,49899.8475,49.89984750000001,1.8,83,0,0,4,3,3
2022-03-24 04:00:00+00:00,2022-03-24 05:00:00+01:00,53570.7425,53.5707425,1.2,86,0,0,5,3,3
2022-03-24 05:00:00+00:00,2022-03-24 06:00:00+01:00,59849.6575,59.8496575,0.6,87,0,0,6,3,3
2022-03-24 06:00:00+00:00,2022-03-24 07:00:00+01:00,64545.792499999996,64.54579249999999,1.5,81,0,0,7,3,3
2022-03-24 07:00:00+00:00,2022-03-24 08:00:00+01:00,67146.255,67.14625500000001,3.7,73,0,1,8,3,3
2022-03-24 08:00:00+00:00,2022-03-24 09:00:00+01:00,67108.93,67.10892999999999,6.5,66,0,1,9,3,3
2022-03-24 09:00:00+00:00,2022-03-24 10:00:00+01:00,67086.0425,67.08604249999999,9.7,58,0,1,10,3,3
2022-03-24 10:00:00+00:00,2022-03-24 11:00:00+01:00,67518.63,67.51863,12.4,52,0,1,11,3,3
2022-03-24 11:00:00+00:00,2022-03-24 12:00:00+01:00,66753.7075,66.7537075,14.5,49,0,1,12,3,3
2022-03-24 12:00:00+00:00,2022-03-24 13:00:00+01:00,65278.5175,65.2785175,16.3,40,0,1,13,3,3
2022-03-24 13:00:00+00:00,2022-03-24 14:00:00+01:00,64175.375,64.175375,17.6,41,0,1,14,3,3
2022-03-24 14:00:00+00:00,2022-03-24 15:00:00+01:00,62624.729999999996,62.62472999999999,18.0,36,0,1,15,3,3
2022-03-24 15:00:00+00:00,2022-03-24 16:00:00+01:00,61672.3375,61.672337500000005,17.9,37,0,1,16,3,3
2022-03-24 16:00:00+00:00,2022-03-24 17:00:00+01:00,62915.985,62.915985,17.2,44,0,1,17,3,3
2022-03-24 17:00:00+00:00,2022-03-24 18:00:00+01:00,65244.36,65.24436,14.3,58,0,1,18,3,3
2022-03-24 18:00:00+00:00,2022-03-24 19:00:00+01:00,67490.22,67.49022000000001,10.2,64,0,1,19,3,3
2022-03-24 19:00:00+00:00,2022-03-24 20:00:00+01:00,63841.26,63.841260000000005,8.1,66,0,1,20,3,3
2022-03-24 20:00:00+00:00,2022-03-24 21:00:00+01:00,60095.902500000004,60.0959025,8.8,64,0,0,21,3,3
2022-03-24 21:00:00+00:00,2022-03-24 22:00:00+01:00,56405.365,56.405364999999996,7.4,71,0,0,22,3,3
2022-03-24 22:00:00+00:00,2022-03-24 23:00:00+01:00,52337.192500000005,52.33719250000001,6.7,74,0,0,23,3,3
2022-03-24 23:00:00+00:00,2022-03-25 00:00:00+01:00,49333.535,49.333535000000005,6.0,76,0,0,0,4,3
2022-03-25 00:00:00+00:00,2022-03-25 01:00:00+01:00,47707.6625,47.7076625,6.6,63,0,0,1,4,3
2022-03-25 01:00:00+00:00,2022-03-25 02:00:00+01:00,47303.7825,47.303782500000004,5.7,66,0,0,2,4,3
2022-03-25 02:00:00+00:00,2022-03-25 03:00:00+01:00,47842.945,47.842945,5.0,68,0,0,3,4,3
2022-03-25 03:00:00+00:00,2022-03-25 04:00:00+01:00,49342.475,49.342475,4.4,71,0,0,4,4,3
2022-03-25 04:00:00+00:00,2022-03-25 05:00:00+01:00,53088.56,53.08856,3.8,74,0,0,5,4,3
2022-03-25 05:00:00+00:00,2022-03-25 06:00:00+01:00,59401.057499999995,59.40105749999999,3.3,77,0,0,6,4,3
2022-03-25 06:00:00+00:00,2022-03-25 07:00:00+01:00,64196.057499999995,64.1960575,3.6,77,0,0,7,4,3
2022-03-25 07:00:00+00:00,2022-03-25 08:00:00+01:00,66532.0875,66.53208749999999,5.8,74,0,1,8,4,3
2022-03-25 08:00:00+00:00,2022-03-25 09:00:00+01:00,66541.06,66.54106,8.5,67,0,1,9,4,3
2022-03-25 09:00:00+00:00,2022-03-25 10:00:00+01:00,66690.51000000001,66.69051,10.9,59,0,1,10,4,3
2022-03-25 10:00:00+00:00,2022-03-25 11:00:00+01:00,67232.1425,67.2321425,13.1,53,0,1,11,4,3
2022-03-25 11:00:00+00:00,2022-03-25 12:00:00+01:00,66380.5075,66.38050750000001,14.8,48,0,1,12,4,3
2022-03-25 12:00:00+00:00,2022-03-25 13:00:00+01:00,65033.7025,65.0337025,17.2,35,0,1,13,4,3
2022-03-25 13:00:00+00:00,2022-03-25 14:00:00+01:00,63070.2225,63.07022250000001,17.6,34,0,1,14,4,3
2022-03-25 14:00:00+00:00,2022-03-25 15:00:00+01:00,61536.405,61.536405,17.6,34,0,1,15,4,3
2022-03-25 15:00:00+00:00,2022-03-25 16:00:00+01:00,60977.295,60.977295,17.3,35,0,1,16,4,3
2022-03-25 16:00:00+00:00,2022-03-25 17:00:00+01:00,61918.815,61.918815,16.5,39,0,1,17,4,3
2022-03-25 17:00:00+00:00,2022-03-25 18:00:00+01:00,63874.055,63.874055,14.4,44,0,1,18,4,3
2022-03-25 18:00:00+00:00,2022-03-25 19:00:00+01:00,65657.37,65.65737,12.2,46,0,1,19,4,3
2022-03-25 19:00:00+00:00,2022-03-25 20:00:00+01:00,62146.4675,62.1464675,10.3,48,0,1,20,4,3
2022-03-25 20:00:00+00:00,2022-03-25 21:00:00+01:00,58340.6875,58.3406875,8.9,50,0,0,21,4,3
2022-03-25 21:00:00+00:00,2022-03-25 22:00:00+01:00,55568.215,55.568214999999995,7.6,52,0,0,22,4,3
2022-03-25 22:00:00+00:00,2022-03-25 23:00:00+01:00,52175.57,52.17557,6.6,56,0,0,23,4,3
2022-03-25 23:00:00+00:00,2022-03-26 00:00:00+01:00,48815.25,48.81525,5.9,59,1,0,0,5,3
2022-03-26 00:00:00+00:00,2022-03-26 01:00:00+01:00,47057.035,47.057035000000006,6.6,55,1,0,1,5,3
2022-03-26 01:00:00+00:00,2022-03-26 02:00:00+01:00,46212.81,46.21281,6.1,58,1,0,2,5,3
2022-03-26 02:00:00+00:00,2022-03-26 03:00:00+01:00,46222.520000000004,46.22252,5.5,61,1,0,3,5,3
2022-03-26 03:00:00+00:00,2022-03-26 04:00:00+01:00,46975.955,46.975955,4.7,66,1,0,4,5,3
2022-03-26 04:00:00+00:00,2022-03-26 05:00:00+01:00,47709.87,47.70987,3.9,71,1,0,5,5,3
2022-03-26 05:00:00+00:00,2022-03-26 06:00:00+01:00,48589.6625,48.589662499999996,3.6,73,1,0,6,5,3
2022-03-26 06:00:00+00:00,2022-03-26 07:00:00+01:00,51476.104999999996,51.476105,3.9,75,1,0,7,5,3
2022-03-26 07:00:00+00:00,2022-03-26 08:00:00+01:00,54478.2275,54.4782275,6.6,70,1,1,8,5,3
2022-03-26 08:00:00+00:00,2022-03-26 09:00:00+01:00,56189.9525,56.1899525,9.5,60,1,1,9,5,3
2022-03-26 09:00:00+00:00,2022-03-26 10:00:00+01:00,57722.55,57.722550000000005,11.8,56,1,1,10,5,3
2022-03-26 10:00:00+00:00,2022-03-26 11:00:00+01:00,57709.595,57.709595,13.9,51,1,1,11,5,3
2022-03-26 11:00:00+00:00,2022-03-26 12:00:00+01:00,56358.1075,56.358107499999996,15.4,47,1,1,12,5,3
2022-03-26 12:00:00+00:00,2022-03-26 13:00:00+01:00,54408.905,54.408905,16.8,41,1,1,13,5,3
2022-03-26 13:00:00+00:00,2022-03-26 14:00:00+01:00,52843.29,52.84329,17.3,41,1,1,14,5,3
2022-03-26 14:00:00+00:00,2022-03-26 15:00:00+01:00,51957.955,51.957955,17.5,39,1,1,15,5,3
2022-03-26 15:00:00+00:00,2022-03-26 16:00:00+01:00,52099.990000000005,52.099990000000005,17.4,39,1,1,16,5,3
2022-03-26 16:00:00+00:00,2022-03-26 17:00:00+01:00,53624.792499999996,53.6247925,16.6,42,1,1,17,5,3
2022-03-26 17:00:00+00:00,2022-03-26 18:00:00+01:00,55636.435,55.636435,14.8,49,1,1,18,5,3
2022-03-26 18:00:00+00:00,2022-03-26 19:00:00+01:00,56991.43,56.99143,12.8,52,1,1,19,5,3
2022-03-26 19:00:00+00:00,2022-03-26 20:00:00+01:00,54142.415,54.142415,11.7,56,1,1,20,5,3
2022-03-26 20:00:00+00:00,2022-03-26 21:00:00+01:00,51342.3975,51.3423975,10.4,63,1,0,21,5,3
2022-03-26 21:00:00+00:00,2022-03-26 22:00:00+01:00,49081.355,49.081355,9.2,70,1,0,22,5,3
2022-03-26 22:00:00+00:00,2022-03-26 23:00:00+01:00,46153.6775,46.1536775,8.0,78,1,0,23,5,3
2022-03-26 23:00:00+00:00,2022-03-27 00:00:00+01:00,43205.7175,43.2057175,7.0,85,1,0,0,6,3
2022-03-27 00:00:00+00:00,2022-03-27 01:00:00+01:00,41926.0825,41.9260825,8.0,79,1,0,1,6,3
2022-03-27 01:00:00+00:00,2022-03-27 03:00:00+02:00,40770.95,40.77095,7.3,82,1,0,3,6,3
2022-03-27 02:00:00+00:00,2022-03-27 04:00:00+02:00,40810.26,40.81026,6.7,86,1,0,4,6,3
2022-03-27 03:00:00+00:00,2022-03-27 05:00:00+02:00,41374.365000000005,41.374365000000004,6.2,89,1,0,5,6,3
2022-03-27 04:00:00+00:00,2022-03-27 06:00:00+02:00,41925.432499999995,41.92543249999999,5.7,91,1,0,6,6,3
2022-03-27 05:00:00+00:00,2022-03-27 07:00:00+02:00,42657.5075,42.6575075,5.4,93,1,0,7,6,3
2022-03-27 06:00:00+00:00,2022-03-27 08:00:00+02:00,45381.4475,45.3814475,5.9,93,1,1,8,6,3
2022-03-27 07:00:00+00:00,2022-03-27 09:00:00+02:00,48708.865,48.708864999999996,8.0,86,1,1,9,6,3
2022-03-27 08:00:00+00:00,2022-03-27 10:00:00+02:00,50541.71,50.54171,10.3,79,1,1,10,6,3
2022-03-27 09:00:00+00:00,2022-03-27 11:00:00+02:00,52761.0975,52.761097500000005,12.6,72,1,1,11,6,3
2022-03-27 10:00:00+00:00,2022-03-27 12:00:00+02:00,52650.1775,52.6501775,14.7,66,1,1,12,6,3
2022-03-27 11:00:00+00:00,2022-03-27 13:00:00+02:00,50568.0225,50.5680225,16.4,58,1,1,13,6,3
2022-03-27 12:00:00+00:00,2022-03-27 14:00:00+02:00,48923.91,48.92391000000001,18.0,46,1,1,14,6,3
2022-03-27 13:00:00+00:00,2022-03-27 15:00:00+02:00,48094.485,48.094485,18.3,46,1,1,15,6,3
2022-03-27 14:00:00+00:00,2022-03-27 16:00:00+02:00,47659.715,47.659715,18.5,47,1,1,16,6,3
2022-03-27 15:00:00+00:00,2022-03-27 17:00:00+02:00,48502.0025,48.5020025,18.5,47,1,1,17,6,3
2022-03-27 16:00:00+00:00,2022-03-27 18:00:00+02:00,51101.29,51.10129,18.0,48,1,1,18,6,3
2022-03-27 17:00:00+00:00,2022-03-27 19:00:00+02:00,53301.8875,53.3018875,15.8,69,1,1,19,6,3
2022-03-27 18:00:00+00:00,2022-03-27 20:00:00+02:00,54472.465000000004,54.47246500000001,12.2,75,1,1,20,6,3
2022-03-27 19:00:00+00:00,2022-03-27 21:00:00+02:00,52565.0125,52.565012499999995,11.1,81,1,0,21,6,3
2022-03-27 20:00:00+00:00,2022-03-27 22:00:00+02:00,51143.8375,51.143837500000004,11.7,78,1,0,22,6,3
2022-03-27 21:00:00+00:00,2022-03-27 23:00:00+02:00,48504.275,48.504275,10.3,86,1,0,23,6,3
2022-03-27 22:00:00+00:00,2022-03-28 00:00:00+02:00,46168.34,46.16833999999999,9.4,89,0,0,0,0,3
2022-03-27 23:00:00+00:00,2022-03-28 01:00:00+02:00,44701.2575,44.7012575,8.7,90,0,0,1,0,3
2022-03-28 00:00:00+00:00,2022-03-28 02:00:00+02:00,44071.805,44.071805,8.8,90,0,0,2,0,3
2022-03-28 01:00:00+00:00,2022-03-28 03:00:00+02:00,45054.5925,45.0545925,8.1,92,0,0,3,0,3
2022-03-28 02:00:00+00:00,2022-03-28 04:00:00+02:00,46631.8975,46.6318975,7.4,94,0,0,4,0,3
2022-03-28 03:00:00+00:00,2022-03-28 05:00:00+02:00,50828.835,50.828835,6.7,95,0,0,5,0,3
2022-03-28 04:00:00+00:00,2022-03-28 06:00:00+02:00,58673.7175,58.6737175,6.0,96,0,0,6,0,3
2022-03-28 05:00:00+00:00,2022-03-28 07:00:00+02:00,64023.134999999995,64.023135,4.9,98,0,0,7,0,3
2022-03-28 06:00:00+00:00,2022-03-28 08:00:00+02:00,66507.77249999999,66.50777249999999,5.7,97,0,1,8,0,3
2022-03-28 07:00:00+00:00,2022-03-28 09:00:00+02:00,67297.26999999999,67.29726999999998,8.0,89,0,1,9,0,3
2022-03-28 08:00:00+00:00,2022-03-28 10:00:00+02:00,67720.9725,67.7209725,10.5,80,0,1,10,0,3
2022-03-28 09:00:00+00:00,2022-03-28 11:00:00+02:00,68184.4675,68.1844675,13.0,72,0,1,11,0,3
2022-03-28 10:00:00+00:00,2022-03-28 12:00:00+02:00,67805.1375,67.8051375,15.3,65,0,1,12,0,3
2022-03-28 11:00:00+00:00,2022-03-28 13:00:00+02:00,66650.8075,66.6508075,17.2,59,0,1,13,0,3
2022-03-28 12:00:00+00:00,2022-03-28 14:00:00+02:00,65562.91750000001,65.56291750000001,19.1,41,0,1,14,0,3
2022-03-28 13:00:00+00:00,2022-03-28 15:00:00+02:00,64356.7775,64.35677749999999,19.5,40,0,1,15,0,3
2022-03-28 14:00:00+00:00,2022-03-28 16:00:00+02:00,62868.3625,62.8683625,19.8,41,0,1,16,0,3
2022-03-28 15:00:00+00:00,2022-03-28 17:00:00+02:00,63179.7125,63.1797125,20.1,36,0,1,17,0,3
2022-03-28 16:00:00+00:00,2022-03-28 18:00:00+02:00,64346.4375,64.3464375,19.9,31,0,1,18,0,3
2022-03-28 17:00:00+00:00,2022-03-28 19:00:00+02:00,65467.369999999995,65.46736999999999,17.8,35,0,1,19,0,3
2022-03-28 18:00:00+00:00,2022-03-28 20:00:00+02:00,65027.78,65.02777999999999,15.2,38,0,1,20,0,3
2022-03-28 19:00:00+00:00,2022-03-28 21:00:00+02:00,61398.5025,61.3985025,13.7,44,0,0,21,0,3
2022-03-28 20:00:00+00:00,2022-03-28 22:00:00+02:00,57800.935,57.800934999999996,12.2,54,0,0,22,0,3
2022-03-28 21:00:00+00:00,2022-03-28 23:00:00+02:00,53845.427500000005,53.84542750000001,11.0,67,0,0,23,0,3
2022-03-28 22:00:00+00:00,2022-03-29 00:00:00+02:00,50326.4475,50.3264475,9.2,79,0,0,0,1,3
2022-03-28 23:00:00+00:00,2022-03-29 01:00:00+02:00,48269.177500000005,48.269177500000005,8.9,79,0,0,1,1,3
2022-03-29 00:00:00+00:00,2022-03-29 02:00:00+02:00,47496.292499999996,47.496292499999996,8.7,75,0,0,2,1,3
2022-03-29 01:00:00+00:00,2022-03-29 03:00:00+02:00,47685.322499999995,47.6853225,7.6,83,0,0,3,1,3
2022-03-29 02:00:00+00:00,2022-03-29 04:00:00+02:00,49249.35,49.24935,8.4,84,0,0,4,1,3
2022-03-29 03:00:00+00:00,2022-03-29 05:00:00+02:00,52348.2775,52.348277499999995,8.6,83,0,0,5,1,3
2022-03-29 04:00:00+00:00,2022-03-29 06:00:00+02:00,59881.3,59.8813,8.3,83,0,0,6,1,3
2022-03-29 05:00:00+00:00,2022-03-29 07:00:00+02:00,64530.54,64.53054,8.0,83,0,0,7,1,3
2022-03-29 06:00:00+00:00,2022-03-29 08:00:00+02:00,66876.7425,66.87674249999999,8.2,81,0,1,8,1,3
2022-03-29 07:00:00+00:00,2022-03-29 09:00:00+02:00,67753.455,67.753455,9.3,75,0,1,9,1,3
2022-03-29 08:00:00+00:00,2022-03-29 10:00:00+02:00,69036.41500000001,69.036415,10.3,70,0,1,10,1,3
2022-03-29 09:00:00+00:00,2022-03-29 11:00:00+02:00,69873.85,69.87385,11.5,66,0,1,11,1,3
2022-03-29 10:00:00+00:00,2022-03-29 12:00:00+02:00,69134.6525,69.1346525,12.9,61,0,1,12,1,3
2022-03-29 11:00:00+00:00,2022-03-29 13:00:00+02:00,68469.405,68.469405,14.0,56,0,1,13,1,3
2022-03-29 12:00:00+00:00,2022-03-29 14:00:00+02:00,67137.8925,67.1378925,14.3,52,0,1,14,1,3
2022-03-29 13:00:00+00:00,2022-03-29 15:00:00+02:00,66369.8875,66.36988749999999,14.9,50,0,1,15,1,3
2022-03-29 14:00:00+00:00,2022-03-29 16:00:00+02:00,64407.5025,64.4075025,14.7,50,0,1,16,1,3
2022-03-29 15:00:00+00:00,2022-03-29 17:00:00+02:00,64547.2125,64.5472125,14.7,50,0,1,17,1,3
2022-03-29 16:00:00+00:00,2022-03-29 18:00:00+02:00,64713.235,64.713235,14.0,54,0,1,18,1,3
2022-03-29 17:00:00+00:00,2022-03-29 19:00:00+02:00,65014.7175,65.0147175,13.1,63,0,1,19,1,3
2022-03-29 18:00:00+00:00,2022-03-29 20:00:00+02:00,64532.1125,64.5321125,12.0,63,0,1,20,1,3
2022-03-29 19:00:00+00:00,2022-03-29 21:00:00+02:00,61045.025,61.045025,11.4,63,0,0,21,1,3
2022-03-29 20:00:00+00:00,2022-03-29 22:00:00+02:00,57403.5625,57.4035625,10.6,67,0,0,22,1,3
2022-03-29 21:00:00+00:00,2022-03-29 23:00:00+02:00,53080.4925,53.0804925,10.4,66,0,0,23,1,3
2022-03-29 22:00:00+00:00,2022-03-30 00:00:00+02:00,49557.97,49.557970000000005,9.6,67,0,0,0,2,3
2022-03-29 23:00:00+00:00,2022-03-30 01:00:00+02:00,47722.82,47.72282,9.4,66,0,0,1,2,3
2022-03-30 00:00:00+00:00,2022-03-30 02:00:00+02:00,46687.485,46.687485,8.7,65,0,0,2,2,3
2022-03-30 01:00:00+00:00,2022-03-30 03:00:00+02:00,46913.5225,46.9135225,9.0,64,0,0,3,2,3
2022-03-30 02:00:00+00:00,2022-03-30 04:00:00+02:00,48595.7025,48.5957025,8.6,67,0,0,4,2,3
2022-03-30 03:00:00+00:00,2022-03-30 05:00:00+02:00,52275.4,52.275400000000005,7.8,76,0,0,5,2,3
2022-03-30 04:00:00+00:00,2022-03-30 06:00:00+02:00,59461.3975,59.4613975,7.2,89,0,0,6,2,3
2022-03-30 05:00:00+00:00,2022-03-30 07:00:00+02:00,64521.085,64.521085,7.1,88,0,0,7,2,3
2022-03-30 06:00:00+00:00,2022-03-30 08:00:00+02:00,67543.4,67.54339999999999,6.9,89,0,1,8,2,3
2022-03-30 07:00:00+00:00,2022-03-30 09:00:00+02:00,68543.745,68.543745,7.3,87,0,1,9,2,3
2022-03-30 08:00:00+00:00,2022-03-30 10:00:00+02:00,69284.085,69.284085,7.6,84,0,1,10,2,3
2022-03-30 09:00:00+00:00,2022-03-30 11:00:00+02:00,69845.8125,69.8458125,8.6,78,0,1,11,2,3
2022-03-30 10:00:00+00:00,2022-03-30 12:00:00+02:00,69310.26999999999,69.31026999999999,9.2,73,0,1,12,2,3
2022-03-30 11:00:00+00:00,2022-03-30 13:00:00+02:00,68268.625,68.268625,10.1,68,0,1,13,2,3
2022-03-30 12:00:00+00:00,2022-03-30 14:00:00+02:00,66723.94,66.72394,9.2,75,0,1,14,2,3
2022-03-30 13:00:00+00:00,2022-03-30 15:00:00+02:00,65889.33499999999,65.88933499999999,10.7,68,0,1,15,2,3
2022-03-30 14:00:00+00:00,2022-03-30 16:00:00+02:00,65120.0025,65.1200025,11.0,63,0,1,16,2,3
2022-03-30 15:00:00+00:00,2022-03-30 17:00:00+02:00,65515.1525,65.5151525,12.1,52,0,1,17,2,3
2022-03-30 16:00:00+00:00,2022-03-30 18:00:00+02:00,66066.4725,66.0664725,11.7,45,0,1,18,2,3
2022-03-30 17:00:00+00:00,2022-03-30 19:00:00+02:00,66784.035,66.784035,10.8,50,0,1,19,2,3
2022-03-30 18:00:00+00:00,2022-03-30 20:00:00+02:00,65977.39,65.97739,8.8,57,0,1,20,2,3
2022-03-30 19:00:00+00:00,2022-03-30 21:00:00+02:00,62630.1775,62.630177499999995,7.3,67,0,0,21,2,3
2022-03-30 20:00:00+00:00,2022-03-30 22:00:00+02:00,59159.302500000005,59.1593025,6.4,71,0,0,22,2,3
2022-03-30 21:00:00+00:00,2022-03-30 23:00:00+02:00,54640.6475,54.6406475,5.5,76,0,0,23,2,3
2022-03-30 22:00:00+00:00,2022-03-31 00:00:00+02:00,51345.115,51.345115,5.0,81,0,0,0,3,3
2022-03-30 23:00:00+00:00,2022-03-31 01:00:00+02:00,49723.134999999995,49.72313499999999,3.6,89,0,0,1,3,3
2022-03-31 00:00:00+00:00,2022-03-31 02:00:00+02:00,49038.515,49.038515,3.4,90,0,0,2,3,3
2022-03-31 01:00:00+00:00,2022-03-31 03:00:00+02:00,49561.792499999996,49.561792499999996,3.0,92,0,0,3,3,3
2022-03-31 02:00:00+00:00,2022-03-31 04:00:00+02:00,51114.0775,51.1140775,3.2,91,0,0,4,3,3
2022-03-31 03:00:00+00:00,2022-03-31 05:00:00+02:00,54532.1375,54.5321375,2.7,92,0,0,5,3,3
2022-03-31 04:00:00+00:00,2022-03-31 06:00:00+02:00,61481.515,61.481515,3.2,87,0,0,6,3,3
2022-03-31 05:00:00+00:00,2022-03-31 07:00:00+02:00,66359.6125,66.3596125,2.2,91,0,0,7,3,3
2022-03-31 06:00:00+00:00,2022-03-31 08:00:00+02:00,69394.93,69.39492999999999,2.5,89,0,1,8,3,3
2022-03-31 07:00:00+00:00,2022-03-31 09:00:00+02:00,70409.7925,70.4097925,4.3,81,0,1,9,3,3
2022-03-31 08:00:00+00:00,2022-03-31 10:00:00+02:00,71557.9025,71.5579025,6.1,75,0,1,10,3,3
2022-03-31 09:00:00+00:00,2022-03-31 11:00:00+02:00,71909.165,71.90916499999999,7.5,70,0,1,11,3,3
2022-03-31 10:00:00+00:00,2022-03-31 12:00:00+02:00,72037.3875,72.0373875,8.1,70,0,1,12,3,3
2022-03-31 11:00:00+00:00,2022-03-31 13:00:00+02:00,71050.6325,71.0506325,8.9,68,0,1,13,3,3
2022-03-31 12:00:00+00:00,2022-03-31 14:00:00+02:00,69965.095,69.965095,8.6,64,0,1,14,3,3
2022-03-31 13:00:00+00:00,2022-03-31 15:00:00+02:00,69284.0575,69.28405749999999,8.0,70,0,1,15,3,3
2022-03-31 14:00:00+00:00,2022-03-31 16:00:00+02:00,68618.5075,68.6185075,8.3,68,0,1,16,3,3
2022-03-31 15:00:00+00:00,2022-03-31 17:00:00+02:00,68628.575,68.628575,8.1,68,0,1,17,3,3
2022-03-31 16:00:00+00:00,2022-03-31 18:00:00+02:00,69102.7975,69.1027975,7.9,69,0,1,18,3,3
2022-03-31 17:00:00+00:00,2022-03-31 19:00:00+02:00,69037.505,69.03750500000001,7.0,73,0,1,19,3,3
2022-03-31 18:00:00+00:00,2022-03-31 20:00:00+02:00,67752.4175,67.75241749999999,6.2,77,0,1,20,3,3
2022-03-31 19:00:00+00:00,2022-03-31 21:00:00+02:00,64607.112499999996,64.6071125,5.8,80,0,0,21,3,3
2022-03-31 20:00:00+00:00,2022-03-31 22:00:00+02:00,61598.9975,61.598997499999996,5.3,85,0,0,22,3,3
2022-03-31 21:00:00+00:00,2022-03-31 23:00:00+02:00,58405.66,58.405660000000005,4.8,91,0,0,23,3,3
2022-03-31 22:00:00+00:00,2022-04-01 00:00:00+02:00,55531.9675,55.5319675,4.5,93,0,0,0,4,4
2022-03-31 23:00:00+00:00,2022-04-01 01:00:00+02:00,54157.535,54.157535,4.1,94,0,0,1,4,4
2022-04-01 00:00:00+00:00,2022-04-01 02:00:00+02:00,53209.305,53.209305,3.2,90,0,0,2,4,4
2022-04-01 01:00:00+00:00,2022-04-01 03:00:00+02:00,53169.5525,53.169552499999995,3.1,90,0,0,3,4,4
2022-04-01 02:00:00+00:00,2022-04-01 04:00:00+02:00,54346.6575,54.3466575,3.0,90,0,0,4,4,4
2022-04-01 03:00:00+00:00,2022-04-01 05:00:00+02:00,57828.1475,57.8281475,2.8,90,0,0,5,4,4
2022-04-01 04:00:00+00:00,2022-04-01 06:00:00+02:00,64893.5975,64.8935975,2.7,89,0,0,6,4,4
2022-04-01 05:00:00+00:00,2022-04-01 07:00:00+02:00,69900.855,69.90085499999999,2.2,90,0,0,7,4,4
2022-04-01 06:00:00+00:00,2022-04-01 08:00:00+02:00,73168.23999999999,73.16824,2.1,88,0,1,8,4,4
2022-04-01 07:00:00+00:00,2022-04-01 09:00:00+02:00,74218.3075,74.2183075,2.0,87,0,1,9,4,4
2022-04-01 08:00:00+00:00,2022-04-01 10:00:00+02:00,75796.97,75.79697,1.9,84,0,1,10,4,4
2022-04-01 09:00:00+00:00,2022-04-01 11:00:00+02:00,76671.48999999999,76.67148999999999,2.2,80,0,1,11,4,4
2022-04-01 10:00:00+00:00,2022-04-01 12:00:00+02:00,76405.6825,76.4056825,2.4,77,0,1,12,4,4
2022-04-01 11:00:00+00:00,2022-04-01 13:00:00+02:00,74610.605,74.61060499999999,2.6,72,0,1,13,4,4
2022-04-01 12:00:00+00:00,2022-04-01 14:00:00+02:00,72697.165,72.697165,2.3,71,0,1,14,4,4
2022-04-01 13:00:00+00:00,2022-04-01 15:00:00+02:00,71116.75,71.11675,2.5,68,0,1,15,4,4
2022-04-01 14:00:00+00:00,2022-04-01 16:00:00+02:00,69703.6325,69.70363250000001,2.1,70,0,1,16,4,4
2022-04-01 15:00:00+00:00,2022-04-01 17:00:00+02:00,70305.575,70.30557499999999,2.0,71,0,1,17,4,4
2022-04-01 16:00:00+00:00,2022-04-01 18:00:00+02:00,69976.7475,69.9767475,1.4,75,0,1,18,4,4
2022-04-01 17:00:00+00:00,2022-04-01 19:00:00+02:00,69415.895,69.415895,0.8,81,0,1,19,4,4
2022-04-01 18:00:00+00:00,2022-04-01 20:00:00+02:00,67396.05249999999,67.3960525,1.1,80,0,1,20,4,4
2022-04-01 19:00:00+00:00,2022-04-01 21:00:00+02:00,63995.72,63.99572,1.2,81,0,0,21,4,4
2022-04-01 20:00:00+00:00,2022-04-01 22:00:00+02:00,61255.53,61.25553,1.2,78,0,0,22,4,4
2022-04-01 21:00:00+00:00,2022-04-01 23:00:00+02:00,57918.2175,57.9182175,1.1,79,0,0,23,4,4
2022-04-01 22:00:00+00:00,2022-04-02 00:00:00+02:00,54889.86,54.88986,1.1,82,1,0,0,5,4
2022-04-01 23:00:00+00:00,2022-04-02 01:00:00+02:00,53018.697499999995,53.018697499999995,1.1,81,1,0,1,5,4
2022-04-02 00:00:00+00:00,2022-04-02 02:00:00+02:00,51558.5925,51.558592499999996,0.8,82,1,0,2,5,4
2022-04-02 01:00:00+00:00,2022-04-02 03:00:00+02:00,50658.795,50.658795,0.7,80,1,0,3,5,4
2022-04-02 02:00:00+00:00,2022-04-02 04:00:00+02:00,50055.515,50.055515,0.5,82,1,0,4,5,4
2022-04-02 03:00:00+00:00,2022-04-02 05:00:00+02:00,50003.60249999999,50.00360249999999,0.1,83,1,0,5,5,4
2022-04-02 04:00:00+00:00,2022-04-02 06:00:00+02:00,50477.435,50.477435,0.0,82,1,0,6,5,4
2022-04-02 05:00:00+00:00,2022-04-02 07:00:00+02:00,53321.445,53.321445,-0.1,81,1,0,7,5,4
2022-04-02 06:00:00+00:00,2022-04-02 08:00:00+02:00,57951.275,57.951275,0.1,80,1,1,8,5,4
2022-04-02 07:00:00+00:00,2022-04-02 09:00:00+02:00,60834.677500000005,60.834677500000005,0.4,78,1,1,9,5,4
2022-04-02 08:00:00+00:00,2022-04-02 10:00:00+02:00,63530.3025,63.5303025,1.0,70,1,1,10,5,4
2022-04-02 09:00:00+00:00,2022-04-02 11:00:00+02:00,64257.2825,64.2572825,1.5,65,1,1,11,5,4
2022-04-02 10:00:00+00:00,2022-04-02 12:00:00+02:00,63263.6,63.2636,2.0,63,1,1,12,5,4
2022-04-02 11:00:00+00:00,2022-04-02 13:00:00+02:00,61813.8375,61.8138375,2.6,60,1,1,13,5,4
2022-04-02 12:00:00+00:00,2022-04-02 14:00:00+02:00,59616.645,59.616645,2.4,63,1,1,14,5,4
2022-04-02 13:00:00+00:00,2022-04-02 15:00:00+02:00,58777.5775,58.7775775,3.7,56,1,1,15,5,4
2022-04-02 14:00:00+00:00,2022-04-02 16:00:00+02:00,57725.7425,57.7257425,3.8,56,1,1,16,5,4
2022-04-02 15:00:00+00:00,2022-04-02 17:00:00+02:00,58259.104999999996,58.259105,3.8,56,1,1,17,5,4
2022-04-02 16:00:00+00:00,2022-04-02 18:00:00+02:00,59294.76,59.294760000000004,3.8,56,1,1,18,5,4
2022-04-02 17:00:00+00:00,2022-04-02 19:00:00+02:00,59257.2475,59.2572475,3.5,58,1,1,19,5,4
2022-04-02 18:00:00+00:00,2022-04-02 20:00:00+02:00,57734.085,57.734085,3.2,60,1,1,20,5,4
2022-04-02 19:00:00+00:00,2022-04-02 21:00:00+02:00,55411.7675,55.4117675,2.6,64,1,0,21,5,4
2022-04-02 20:00:00+00:00,2022-04-02 22:00:00+02:00,53445.8,53.445800000000006,2.0,66,1,0,22,5,4
2022-04-02 21:00:00+00:00,2022-04-02 23:00:00+02:00,50448.685,50.448685,1.6,66,1,0,23,5,4
2022-04-02 22:00:00+00:00,2022-04-03 00:00:00+02:00,47906.8675,47.9068675,1.4,66,1,0,0,6,4
2022-04-02 23:00:00+00:00,2022-04-03 01:00:00+02:00,45821.1875,45.8211875,0.8,68,1,0,1,6,4
2022-04-03 00:00:00+00:00,2022-04-03 02:00:00+02:00,44796.635,44.796635,0.9,69,1,0,2,6,4
2022-04-03 01:00:00+00:00,2022-04-03 03:00:00+02:00,44541.0225,44.5410225,1.4,68,1,0,3,6,4
2022-04-03 02:00:00+00:00,2022-04-03 04:00:00+02:00,44971.7875,44.9717875,0.9,68,1,0,4,6,4
2022-04-03 03:00:00+00:00,2022-04-03 05:00:00+02:00,44669.705,44.669705,0.4,65,1,0,5,6,4
2022-04-03 04:00:00+00:00,2022-04-03 06:00:00+02:00,44500.455,44.500455,-0.8,63,1,0,6,6,4
2022-04-03 05:00:00+00:00,2022-04-03 07:00:00+02:00,45602.1875,45.6021875,-1.7,65,1,0,7,6,4
2022-04-03 06:00:00+00:00,2022-04-03 08:00:00+02:00,48932.335,48.932335,-1.0,63,1,1,8,6,4
2022-04-03 07:00:00+00:00,2022-04-03 09:00:00+02:00,51817.7475,51.817747499999996,0.6,58,1,1,9,6,4
2022-04-03 08:00:00+00:00,2022-04-03 10:00:00+02:00,54109.9025,54.1099025,2.4,52,1,1,10,6,4
2022-04-03 09:00:00+00:00,2022-04-03 11:00:00+02:00,56602.7675,56.6027675,3.9,45,1,1,11,6,4
2022-04-03 10:00:00+00:00,2022-04-03 12:00:00+02:00,56155.1425,56.155142500000004,4.8,39,1,1,12,6,4
2022-04-03 11:00:00+00:00,2022-04-03 13:00:00+02:00,54725.542499999996,54.725542499999996,5.6,37,1,1,13,6,4
2022-04-03 12:00:00+00:00,2022-04-03 14:00:00+02:00,53624.79,53.624790000000004,5.7,37,1,1,14,6,4
2022-04-03 13:00:00+00:00,2022-04-03 15:00:00+02:00,52782.25,52.78225,6.1,36,1,1,15,6,4
2022-04-03 14:00:00+00:00,2022-04-03 16:00:00+02:00,52369.8975,52.3698975,6.2,37,1,1,16,6,4
2022-04-03 15:00:00+00:00,2022-04-03 17:00:00+02:00,54195.255000000005,54.195255,6.7,35,1,1,17,6,4
2022-04-03 16:00:00+00:00,2022-04-03 18:00:00+02:00,55589.21,55.58921,6.4,36,1,1,18,6,4
2022-04-03 17:00:00+00:00,2022-04-03 19:00:00+02:00,56353.595,56.353595,5.9,39,1,1,19,6,4
2022-04-03 18:00:00+00:00,2022-04-03 20:00:00+02:00,56459.5325,56.4595325,2.6,59,1,1,20,6,4
2022-04-03 19:00:00+00:00,2022-04-03 21:00:00+02:00,55443.307499999995,55.443307499999996,1.6,59,1,0,21,6,4
2022-04-03 20:00:00+00:00,2022-04-03 22:00:00+02:00,55043.71,55.04371,0.9,63,1,0,22,6,4
2022-04-03 21:00:00+00:00,2022-04-03 23:00:00+02:00,51955.5025,51.9555025,0.2,68,1,0,23,6,4
2022-04-03 22:00:00+00:00,2022-04-04 00:00:00+02:00,49561.207500000004,49.5612075,-0.4,71,0,0,0,0,4
2022-04-03 23:00:00+00:00,2022-04-04 01:00:00+02:00,48409.537500000006,48.409537500000006,-0.9,74,0,0,1,0,4
2022-04-04 00:00:00+00:00,2022-04-04 02:00:00+02:00,48270.62,48.27062,-0.3,74,0,0,2,0,4
2022-04-04 01:00:00+00:00,2022-04-04 03:00:00+02:00,49108.5175,49.108517500000005,-1.0,79,0,0,3,0,4
2022-04-04 02:00:00+00:00,2022-04-04 04:00:00+02:00,50719.917499999996,50.719917499999994,-1.4,82,0,0,4,0,4
2022-04-04 03:00:00+00:00,2022-04-04 05:00:00+02:00,54629.345,54.629345,-1.6,82,0,0,5,0,4
2022-04-04 04:00:00+00:00,2022-04-04 06:00:00+02:00,62403.5075,62.403507499999996,-1.6,80,0,0,6,0,4
2022-04-04 05:00:00+00:00,2022-04-04 07:00:00+02:00,67725.04000000001,67.72504,-2.1,81,0,0,7,0,4
2022-04-04 06:00:00+00:00,2022-04-04 08:00:00+02:00,70552.105,70.552105,-0.9,76,0,1,8,0,4
2022-04-04 07:00:00+00:00,2022-04-04 09:00:00+02:00,71348.23000000001,71.34823000000002,1.3,66,0,1,9,0,4
2022-04-04 08:00:00+00:00,2022-04-04 10:00:00+02:00,72378.63,72.37863,3.6,58,0,1,10,0,4
2022-04-04 09:00:00+00:00,2022-04-04 11:00:00+02:00,73625.325,73.625325,6.2,49,0,1,11,0,4
2022-04-04 10:00:00+00:00,2022-04-04 12:00:00+02:00,73815.245,73.81524499999999,7.6,39,0,1,12,0,4
2022-04-04 11:00:00+00:00,2022-04-04 13:00:00+02:00,73701.055,73.701055,7.4,39,0,1,13,0,4
2022-04-04 12:00:00+00:00,2022-04-04 14:00:00+02:00,72525.995,72.525995,7.9,40,0,1,14,0,4
2022-04-04 13:00:00+00:00,2022-04-04 15:00:00+02:00,71389.86,71.38986,8.1,40,0,1,15,0,4
2022-04-04 14:00:00+00:00,2022-04-04 16:00:00+02:00,70260.4625,70.26046249999999,6.9,45,0,1,16,0,4
2022-04-04 15:00:00+00:00,2022-04-04 17:00:00+02:00,70002.38,70.00238,6.2,59,0,1,17,0,4
2022-04-04 16:00:00+00:00,2022-04-04 18:00:00+02:00,70392.8475,70.3928475,4.9,69,0,1,18,0,4
2022-04-04 17:00:00+00:00,2022-04-04 19:00:00+02:00,70935.1875,70.9351875,4.6,70,0,1,19,0,4
2022-04-04 18:00:00+00:00,2022-04-04 20:00:00+02:00,68548.935,68.548935,4.1,75,0,1,20,0,4
2022-04-04 19:00:00+00:00,2022-04-04 21:00:00+02:00,65302.0,65.302,3.7,83,0,0,21,0,4
2022-04-04 20:00:00+00:00,2022-04-04 22:00:00+02:00,61929.5,61.9295,3.8,85,0,0,22,0,4
2022-04-04 21:00:00+00:00,2022-04-04 23:00:00+02:00,58688.082500000004,58.68808250000001,4.2,83,0,0,23,0,4
2022-04-04 22:00:00+00:00,2022-04-05 00:00:00+02:00,55756.7275,55.756727500000004,4.6,82,0,0,0,1,4
2022-04-04 23:00:00+00:00,2022-04-05 01:00:00+02:00,54037.725,54.037725,4.9,84,0,0,1,1,4
2022-04-05 00:00:00+00:00,2022-04-05 02:00:00+02:00,52694.44,52.69444,5.0,82,0,0,2,1,4
2022-04-05 01:00:00+00:00,2022-04-05 03:00:00+02:00,52569.167499999996,52.5691675,5.3,83,0,0,3,1,4
2022-04-05 02:00:00+00:00,2022-04-05 04:00:00+02:00,53854.2825,53.854282500000004,5.4,85,0,0,4,1,4
2022-04-05 03:00:00+00:00,2022-04-05 05:00:00+02:00,56704.945,56.704945,5.5,86,0,0,5,1,4
2022-04-05 04:00:00+00:00,2022-04-05 06:00:00+02:00,63575.7125,63.5757125,5.6,87,0,0,6,1,4
2022-04-05 05:00:00+00:00,2022-04-05 07:00:00+02:00,68583.85,68.58385000000001,5.8,87,0,0,7,1,4
2022-04-05 06:00:00+00:00,2022-04-05 08:00:00+02:00,71247.69499999999,71.247695,5.9,90,0,1,8,1,4
2022-04-05 07:00:00+00:00,2022-04-05 09:00:00+02:00,72486.2475,72.4862475,6.3,91,0,1,9,1,4
2022-04-05 08:00:00+00:00,2022-04-05 10:00:00+02:00,73277.6825,73.2776825,6.8,91,0,1,10,1,4
2022-04-05 09:00:00+00:00,2022-04-05 11:00:00+02:00,73658.7325,73.6587325,7.5,89,0,1,11,1,4
2022-04-05 10:00:00+00:00,2022-04-05 12:00:00+02:00,72938.2975,72.9382975,8.4,88,0,1,12,1,4
2022-04-05 11:00:00+00:00,2022-04-05 13:00:00+02:00,71989.5025,71.9895025,9.8,83,0,1,13,1,4
2022-04-05 12:00:00+00:00,2022-04-05 14:00:00+02:00,70229.0875,70.22908749999999,9.9,81,0,1,14,1,4
2022-04-05 13:00:00+00:00,2022-04-05 15:00:00+02:00,69054.075,69.054075,9.7,80,0,1,15,1,4
2022-04-05 14:00:00+00:00,2022-04-05 16:00:00+02:00,67934.515,67.934515,10.1,78,0,1,16,1,4
2022-04-05 15:00:00+00:00,2022-04-05 17:00:00+02:00,67746.67749999999,67.74667749999999,10.4,79,0,1,17,1,4
2022-04-05 16:00:00+00:00,2022-04-05 18:00:00+02:00,68247.5275,68.24752749999999,9.8,84,0,1,18,1,4
2022-04-05 17:00:00+00:00,2022-04-05 19:00:00+02:00,68642.8725,68.6428725,9.4,87,0,1,19,1,4
2022-04-05 18:00:00+00:00,2022-04-05 20:00:00+02:00,66825.0675,66.8250675,9.2,88,0,1,20,1,4
2022-04-05 19:00:00+00:00,2022-04-05 21:00:00+02:00,63536.0225,63.5360225,9.3,87,0,0,21,1,4
2022-04-05 20:00:00+00:00,2022-04-05 22:00:00+02:00,60174.435,60.174434999999995,9.0,89,0,0,22,1,4
2022-04-05 21:00:00+00:00,2022-04-05 23:00:00+02:00,56419.884999999995,56.419884999999994,9.1,88,0,0,23,1,4
2022-04-05 22:00:00+00:00,2022-04-06 00:00:00+02:00,52410.7575,52.4107575,9.1,89,0,0,0,2,4
2022-04-05 23:00:00+00:00,2022-04-06 01:00:00+02:00,49949.065,49.949065000000004,9.2,89,0,0,1,2,4
2022-04-06 00:00:00+00:00,2022-04-06 02:00:00+02:00,49227.6875,49.2276875,9.5,87,0,0,2,2,4
2022-04-06 01:00:00+00:00,2022-04-06 03:00:00+02:00,49240.8225,49.2408225,9.1,91,0,0,3,2,4
2022-04-06 02:00:00+00:00,2022-04-06 04:00:00+02:00,51076.317500000005,51.0763175,9.5,89,0,0,4,2,4
2022-04-06 03:00:00+00:00,2022-04-06 05:00:00+02:00,54649.9975,54.6499975,8.8,91,0,0,5,2,4
2022-04-06 04:00:00+00:00,2022-04-06 06:00:00+02:00,61536.0475,61.5360475,8.1,91,0,0,6,2,4
2022-04-06 05:00:00+00:00,2022-04-06 07:00:00+02:00,66475.0,66.475,7.9,87,0,0,7,2,4
2022-04-06 06:00:00+00:00,2022-04-06 08:00:00+02:00,69984.17,69.98416999999999,8.4,84,0,1,8,2,4
2022-04-06 07:00:00+00:00,2022-04-06 09:00:00+02:00,71294.745,71.29474499999999,9.7,74,0,1,9,2,4
2022-04-06 08:00:00+00:00,2022-04-06 10:00:00+02:00,72749.6875,72.7496875,9.5,80,0,1,10,2,4
2022-04-06 09:00:00+00:00,2022-04-06 11:00:00+02:00,73715.4475,73.7154475,10.1,79,0,1,11,2,4
2022-04-06 10:00:00+00:00,2022-04-06 12:00:00+02:00,74220.75,74.22075,12.1,67,0,1,12,2,4
2022-04-06 11:00:00+00:00,2022-04-06 13:00:00+02:00,72907.86,72.90786,12.3,61,0,1,13,2,4
2022-04-06 12:00:00+00:00,2022-04-06 14:00:00+02:00,71293.195,71.29319500000001,12.1,59,0,1,14,2,4
2022-04-06 13:00:00+00:00,2022-04-06 15:00:00+02:00,69905.67749999999,69.9056775,13.6,51,0,1,15,2,4
2022-04-06 14:00:00+00:00,2022-04-06 16:00:00+02:00,68513.6175,68.5136175,13.8,48,0,1,16,2,4
2022-04-06 15:00:00+00:00,2022-04-06 17:00:00+02:00,68174.3325,68.1743325,13.7,48,0,1,17,2,4
2022-04-06 16:00:00+00:00,2022-04-06 18:00:00+02:00,68097.8525,68.09785249999999,14.2,43,0,1,18,2,4
2022-04-06 17:00:00+00:00,2022-04-06 19:00:00+02:00,69025.4025,69.0254025,12.9,55,0,1,19,2,4
2022-04-06 18:00:00+00:00,2022-04-06 20:00:00+02:00,67394.9575,67.3949575,11.6,62,0,1,20,2,4
2022-04-06 19:00:00+00:00,2022-04-06 21:00:00+02:00,64702.5275,64.7025275,11.2,66,0,0,21,2,4
2022-04-06 20:00:00+00:00,2022-04-06 22:00:00+02:00,60845.6625,60.845662499999996,10.9,70,0,0,22,2,4
2022-04-06 21:00:00+00:00,2022-04-06 23:00:00+02:00,57379.13,57.379129999999996,10.5,73,0,0,23,2,4
2022-04-06 22:00:00+00:00,2022-04-07 00:00:00+02:00,54024.212499999994,54.0242125,10.1,77,0,0,0,3,4
2022-04-06 23:00:00+00:00,2022-04-07 01:00:00+02:00,51963.0775,51.9630775,9.6,80,0,0,1,3,4
2022-04-07 00:00:00+00:00,2022-04-07 02:00:00+02:00,51155.7675,51.1557675,9.9,78,0,0,2,3,4
2022-04-07 01:00:00+00:00,2022-04-07 03:00:00+02:00,51924.2825,51.924282500000004,9.7,76,0,0,3,3,4
2022-04-07 02:00:00+00:00,2022-04-07 04:00:00+02:00,53345.76,53.34576,9.7,78,0,0,4,3,4
2022-04-07 03:00:00+00:00,2022-04-07 05:00:00+02:00,56110.6325,56.1106325,9.6,79,0,0,5,3,4
2022-04-07 04:00:00+00:00,2022-04-07 06:00:00+02:00,63326.93,63.32693,9.4,83,0,0,6,3,4
2022-04-07 05:00:00+00:00,2022-04-07 07:00:00+02:00,67818.345,67.81834500000001,9.2,86,0,0,7,3,4
2022-04-07 06:00:00+00:00,2022-04-07 08:00:00+02:00,71194.575,71.194575,9.4,85,0,1,8,3,4
2022-04-07 07:00:00+00:00,2022-04-07 09:00:00+02:00,71797.30249999999,71.79730249999999,9.5,84,0,1,9,3,4
2022-04-07 08:00:00+00:00,2022-04-07 10:00:00+02:00,73124.95,73.12495,9.4,88,0,1,10,3,4
2022-04-07 09:00:00+00:00,2022-04-07 11:00:00+02:00,73815.17749999999,73.81517749999999,9.8,84,0,1,11,3,4
2022-04-07 10:00:00+00:00,2022-04-07 12:00:00+02:00,73578.935,73.578935,10.8,81,0,1,12,3,4
2022-04-07 11:00:00+00:00,2022-04-07 13:00:00+02:00,72670.48,72.67048,11.1,81,0,1,13,3,4
2022-04-07 12:00:00+00:00,2022-04-07 14:00:00+02:00,71889.275,71.889275,12.6,81,0,1,14,3,4
2022-04-07 13:00:00+00:00,2022-04-07 15:00:00+02:00,70449.395,70.44939500000001,13.2,83,0,1,15,3,4
2022-04-07 14:00:00+00:00,2022-04-07 16:00:00+02:00,68922.685,68.922685,12.0,77,0,1,16,3,4
2022-04-07 15:00:00+00:00,2022-04-07 17:00:00+02:00,69157.345,69.157345,13.0,61,0,1,17,3,4
2022-04-07 16:00:00+00:00,2022-04-07 18:00:00+02:00,69445.6075,69.4456075,13.2,41,0,1,18,3,4
2022-04-07 17:00:00+00:00,2022-04-07 19:00:00+02:00,69884.87,69.88486999999999,12.5,42,0,1,19,3,4
2022-04-07 18:00:00+00:00,2022-04-07 20:00:00+02:00,68243.02,68.24302,11.1,48,0,1,20,3,4
2022-04-07 19:00:00+00:00,2022-04-07 21:00:00+02:00,64707.73,64.70773,10.4,44,0,0,21,3,4
2022-04-07 20:00:00+00:00,2022-04-07 22:00:00+02:00,61190.35,61.190349999999995,9.7,44,0,0,22,3,4
2022-04-07 21:00:00+00:00,2022-04-07 23:00:00+02:00,58178.8025,58.178802499999996,9.0,47,0,0,23,3,4
2022-04-07 22:00:00+00:00,2022-04-08 00:00:00+02:00,55222.770000000004,55.222770000000004,8.7,49,0,0,0,4,4
2022-04-07 23:00:00+00:00,2022-04-08 01:00:00+02:00,53271.6975,53.2716975,8.1,53,0,0,1,4,4
2022-04-08 00:00:00+00:00,2022-04-08 02:00:00+02:00,52263.435,52.263435,8.3,50,0,0,2,4,4
2022-04-08 01:00:00+00:00,2022-04-08 03:00:00+02:00,52601.2,52.6012,8.1,53,0,0,3,4,4
2022-04-08 02:00:00+00:00,2022-04-08 04:00:00+02:00,54001.395000000004,54.001395,7.5,60,0,0,4,4,4
2022-04-08 03:00:00+00:00,2022-04-08 05:00:00+02:00,57068.6625,57.0686625,7.3,65,0,0,5,4,4
2022-04-08 04:00:00+00:00,2022-04-08 06:00:00+02:00,63538.85,63.53885,6.2,72,0,0,6,4,4
2022-04-08 05:00:00+00:00,2022-04-08 07:00:00+02:00,67891.1825,67.8911825,5.8,75,0,0,7,4,4
2022-04-08 06:00:00+00:00,2022-04-08 08:00:00+02:00,70048.49,70.04849,6.5,74,0,1,8,4,4
2022-04-08 07:00:00+00:00,2022-04-08 09:00:00+02:00,70708.925,70.70892500000001,7.4,69,0,1,9,4,4
2022-04-08 08:00:00+00:00,2022-04-08 10:00:00+02:00,71488.9925,71.4889925,7.5,70,0,1,10,4,4
2022-04-08 09:00:00+00:00,2022-04-08 11:00:00+02:00,70455.0125,70.4550125,7.8,68,0,1,11,4,4
2022-04-08 10:00:00+00:00,2022-04-08 12:00:00+02:00,70261.61,70.26161,7.6,71,0,1,12,4,4
2022-04-08 11:00:00+00:00,2022-04-08 13:00:00+02:00,68764.175,68.76417500000001,7.1,80,0,1,13,4,4
2022-04-08 12:00:00+00:00,2022-04-08 14:00:00+02:00,67657.8475,67.6578475,6.0,84,0,1,14,4,4
2022-04-08 13:00:00+00:00,2022-04-08 15:00:00+02:00,65686.23,65.68623,5.4,89,0,1,15,4,4
2022-04-08 14:00:00+00:00,2022-04-08 16:00:00+02:00,65490.075,65.49007499999999,4.9,92,0,1,16,4,4
2022-04-08 15:00:00+00:00,2022-04-08 17:00:00+02:00,66017.6325,66.0176325,4.7,92,0,1,17,4,4
2022-04-08 16:00:00+00:00,2022-04-08 18:00:00+02:00,65604.58249999999,65.60458249999999,4.5,93,0,1,18,4,4
2022-04-08 17:00:00+00:00,2022-04-08 19:00:00+02:00,65274.5575,65.2745575,4.1,94,0,1,19,4,4
2022-04-08 18:00:00+00:00,2022-04-08 20:00:00+02:00,63547.985,63.547985,4.0,93,0,1,20,4,4
2022-04-08 19:00:00+00:00,2022-04-08 21:00:00+02:00,60265.9825,60.2659825,4.0,94,0,0,21,4,4
2022-04-08 20:00:00+00:00,2022-04-08 22:00:00+02:00,57749.9625,57.7499625,4.3,93,0,0,22,4,4
2022-04-08 21:00:00+00:00,2022-04-08 23:00:00+02:00,53976.575,53.976575,4.1,91,0,0,23,4,4
2022-04-08 22:00:00+00:00,2022-04-09 00:00:00+02:00,51147.465,51.147465,3.2,92,1,0,0,5,4
2022-04-08 23:00:00+00:00,2022-04-09 01:00:00+02:00,49480.1175,49.4801175,3.8,91,1,0,1,5,4
2022-04-09 00:00:00+00:00,2022-04-09 02:00:00+02:00,48601.9925,48.6019925,3.4,88,1,0,2,5,4
2022-04-09 01:00:00+00:00,2022-04-09 03:00:00+02:00,48801.84,48.80184,3.4,87,1,0,3,5,4
2022-04-09 02:00:00+00:00,2022-04-09 04:00:00+02:00,49654.8875,49.654887499999994,3.4,86,1,0,4,5,4
2022-04-09 03:00:00+00:00,2022-04-09 05:00:00+02:00,50275.2475,50.2752475,2.6,89,1,0,5,5,4
2022-04-09 04:00:00+00:00,2022-04-09 06:00:00+02:00,50862.8925,50.8628925,2.0,90,1,0,6,5,4
2022-04-09 05:00:00+00:00,2022-04-09 07:00:00+02:00,53283.295,53.283294999999995,1.9,90,1,0,7,5,4
2022-04-09 06:00:00+00:00,2022-04-09 08:00:00+02:00,56928.604999999996,56.928605,3.2,87,1,1,8,5,4
2022-04-09 07:00:00+00:00,2022-04-09 09:00:00+02:00,60223.6575,60.2236575,4.9,79,1,1,9,5,4
2022-04-09 08:00:00+00:00,2022-04-09 10:00:00+02:00,62107.0975,62.1070975,5.8,72,1,1,10,5,4
2022-04-09 09:00:00+00:00,2022-04-09 11:00:00+02:00,62613.6125,62.6136125,7.2,62,1,1,11,5,4
2022-04-09 10:00:00+00:00,2022-04-09 12:00:00+02:00,61733.525,61.733525,8.6,54,1,1,12,5,4
2022-04-09 11:00:00+00:00,2022-04-09 13:00:00+02:00,59978.88,59.97888,9.4,54,1,1,13,5,4
2022-04-09 12:00:00+00:00,2022-04-09 14:00:00+02:00,57410.1225,57.4101225,7.9,62,1,1,14,5,4
2022-04-09 13:00:00+00:00,2022-04-09 15:00:00+02:00,56431.1975,56.4311975,9.7,48,1,1,15,5,4
2022-04-09 14:00:00+00:00,2022-04-09 16:00:00+02:00,56478.72,56.47872,10.0,46,1,1,16,5,4
2022-04-09 15:00:00+00:00,2022-04-09 17:00:00+02:00,57183.3375,57.1833375,9.7,38,1,1,17,5,4
2022-04-09 16:00:00+00:00,2022-04-09 18:00:00+02:00,57813.0975,57.813097500000005,9.3,37,1,1,18,5,4
2022-04-09 17:00:00+00:00,2022-04-09 19:00:00+02:00,57608.155,57.608155,8.4,43,1,1,19,5,4
2022-04-09 18:00:00+00:00,2022-04-09 20:00:00+02:00,56379.1875,56.3791875,6.5,49,1,1,20,5,4
2022-04-09 19:00:00+00:00,2022-04-09 21:00:00+02:00,54364.855,54.364855000000006,4.8,57,1,0,21,5,4
2022-04-09 20:00:00+00:00,2022-04-09 22:00:00+02:00,52860.4125,52.860412499999995,4.1,61,1,0,22,5,4
2022-04-09 21:00:00+00:00,2022-04-09 23:00:00+02:00,50202.494999999995,50.20249499999999,3.3,66,1,0,23,5,4
2022-04-09 22:00:00+00:00,2022-04-10 00:00:00+02:00,47896.66,47.896660000000004,2.5,72,1,0,0,6,4
2022-04-09 23:00:00+00:00,2022-04-10 01:00:00+02:00,45758.5175,45.7585175,1.9,76,1,0,1,6,4
2022-04-10 00:00:00+00:00,2022-04-10 02:00:00+02:00,44901.229999999996,44.90123,2.0,78,1,0,2,6,4
2022-04-10 01:00:00+00:00,2022-04-10 03:00:00+02:00,45107.505,45.107504999999996,1.4,84,1,0,3,6,4
2022-04-10 02:00:00+00:00,2022-04-10 04:00:00+02:00,45494.2525,45.4942525,0.6,90,1,0,4,6,4
2022-04-10 03:00:00+00:00,2022-04-10 05:00:00+02:00,45194.325,45.194325,0.1,91,1,0,5,6,4
2022-04-10 04:00:00+00:00,2022-04-10 06:00:00+02:00,45068.0175,45.0680175,-0.2,90,1,0,6,6,4
2022-04-10 05:00:00+00:00,2022-04-10 07:00:00+02:00,46507.0075,46.5070075,-0.6,90,1,0,7,6,4
2022-04-10 06:00:00+00:00,2022-04-10 08:00:00+02:00,50011.4225,50.0114225,1.2,85,1,1,8,6,4
2022-04-10 07:00:00+00:00,2022-04-10 09:00:00+02:00,53094.8425,53.0948425,3.7,76,1,1,9,6,4
2022-04-10 08:00:00+00:00,2022-04-10 10:00:00+02:00,55426.774999999994,55.42677499999999,5.8,69,1,1,10,6,4
2022-04-10 09:00:00+00:00,2022-04-10 11:00:00+02:00,57205.979999999996,57.20598,7.7,62,1,1,11,6,4
2022-04-10 10:00:00+00:00,2022-04-10 12:00:00+02:00,57154.82,57.15482,8.9,50,1,1,12,6,4
2022-04-10 11:00:00+00:00,2022-04-10 13:00:00+02:00,54784.0275,54.78402749999999,9.2,45,1,1,13,6,4
2022-04-10 12:00:00+00:00,2022-04-10 14:00:00+02:00,52803.167499999996,52.803167499999994,8.7,51,1,1,14,6,4
2022-04-10 13:00:00+00:00,2022-04-10 15:00:00+02:00,51595.345,51.595345,10.4,41,1,1,15,6,4
2022-04-10 14:00:00+00:00,2022-04-10 16:00:00+02:00,51524.795,51.524795,10.0,41,1,1,16,6,4
2022-04-10 15:00:00+00:00,2022-04-10 17:00:00+02:00,52817.425,52.817425,9.8,48,1,1,17,6,4
2022-04-10 16:00:00+00:00,2022-04-10 18:00:00+02:00,53890.6,53.8906,9.9,46,1,1,18,6,4
2022-04-10 17:00:00+00:00,2022-04-10 19:00:00+02:00,54748.94,54.748940000000005,9.1,58,1,1,19,6,4
2022-04-10 18:00:00+00:00,2022-04-10 20:00:00+02:00,55133.95,55.13395,7.1,73,1,1,20,6,4
2022-04-10 19:00:00+00:00,2022-04-10 21:00:00+02:00,54025.555,54.025555,5.4,79,1,0,21,6,4
2022-04-10 20:00:00+00:00,2022-04-10 22:00:00+02:00,53184.89750000001,53.184897500000005,5.8,75,1,0,22,6,4
2022-04-10 21:00:00+00:00,2022-04-10 23:00:00+02:00,50592.165,50.592165,4.4,83,1,0,23,6,4
2022-04-10 22:00:00+00:00,2022-04-11 00:00:00+02:00,47925.8925,47.9258925,3.4,86,0,0,0,0,4
2022-04-10 23:00:00+00:00,2022-04-11 01:00:00+02:00,46433.2675,46.4332675,2.8,88,0,0,1,0,4
2022-04-11 00:00:00+00:00,2022-04-11 02:00:00+02:00,46444.15,46.44415,1.2,92,0,0,2,0,4
2022-04-11 01:00:00+00:00,2022-04-11 03:00:00+02:00,47114.950000000004,47.11495000000001,0.3,93,0,0,3,0,4
2022-04-11 02:00:00+00:00,2022-04-11 04:00:00+02:00,48555.6,48.5556,-0.5,93,0,0,4,0,4
2022-04-11 03:00:00+00:00,2022-04-11 05:00:00+02:00,52093.707500000004,52.0937075,-0.2,95,0,0,5,0,4
2022-04-11 04:00:00+00:00,2022-04-11 06:00:00+02:00,58896.4925,58.8964925,0.7,94,0,0,6,0,4
2022-04-11 05:00:00+00:00,2022-04-11 07:00:00+02:00,63725.317500000005,63.7253175,0.5,93,0,0,7,0,4
2022-04-11 06:00:00+00:00,2022-04-11 08:00:00+02:00,66361.805,66.36180499999999,2.3,89,0,1,8,0,4
2022-04-11 07:00:00+00:00,2022-04-11 09:00:00+02:00,67497.48,67.49748,4.9,79,0,1,9,0,4
2022-04-11 08:00:00+00:00,2022-04-11 10:00:00+02:00,68017.7925,68.0177925,7.4,72,0,1,10,0,4
2022-04-11 09:00:00+00:00,2022-04-11 11:00:00+02:00,67626.29,67.62629,10.0,61,0,1,11,0,4
2022-04-11 10:00:00+00:00,2022-04-11 12:00:00+02:00,67107.155,67.107155,11.5,47,0,1,12,0,4
2022-04-11 11:00:00+00:00,2022-04-11 13:00:00+02:00,66097.785,66.097785,12.5,45,0,1,13,0,4
2022-04-11 12:00:00+00:00,2022-04-11 14:00:00+02:00,64661.0725,64.6610725,13.9,44,0,1,14,0,4
2022-04-11 13:00:00+00:00,2022-04-11 15:00:00+02:00,63231.104999999996,63.231105,14.4,44,0,1,15,0,4
2022-04-11 14:00:00+00:00,2022-04-11 16:00:00+02:00,61336.9125,61.3369125,14.7,44,0,1,16,0,4
2022-04-11 15:00:00+00:00,2022-04-11 17:00:00+02:00,61371.707500000004,61.37170750000001,14.9,44,0,1,17,0,4
2022-04-11 16:00:00+00:00,2022-04-11 18:00:00+02:00,61767.655,61.767655,14.5,45,0,1,18,0,4
2022-04-11 17:00:00+00:00,2022-04-11 19:00:00+02:00,63071.47,63.07147,13.4,53,0,1,19,0,4
2022-04-11 18:00:00+00:00,2022-04-11 20:00:00+02:00,62653.3675,62.6533675,10.9,60,0,1,20,0,4
2022-04-11 19:00:00+00:00,2022-04-11 21:00:00+02:00,59823.942500000005,59.8239425,9.1,67,0,0,21,0,4
2022-04-11 20:00:00+00:00,2022-04-11 22:00:00+02:00,56502.62,56.50262,7.8,71,0,0,22,0,4
2022-04-11 21:00:00+00:00,2022-04-11 23:00:00+02:00,52720.6425,52.720642500000004,6.6,74,0,0,23,0,4
2022-04-11 22:00:00+00:00,2022-04-12 00:00:00+02:00,49289.9075,49.2899075,6.0,75,0,0,0,1,4
2022-04-11 23:00:00+00:00,2022-04-12 01:00:00+02:00,47793.7725,47.793772499999996,5.6,76,0,0,1,1,4
2022-04-12 00:00:00+00:00,2022-04-12 02:00:00+02:00,47258.6475,47.2586475,5.3,76,0,0,2,1,4
2022-04-12 01:00:00+00:00,2022-04-12 03:00:00+02:00,47922.2075,47.9222075,5.2,76,0,0,3,1,4
2022-04-12 02:00:00+00:00,2022-04-12 04:00:00+02:00,49302.2675,49.3022675,5.5,73,0,0,4,1,4
2022-04-12 03:00:00+00:00,2022-04-12 05:00:00+02:00,52517.4825,52.5174825,5.4,72,0,0,5,1,4
2022-04-12 04:00:00+00:00,2022-04-12 06:00:00+02:00,58685.942500000005,58.6859425,4.6,76,0,0,6,1,4
2022-04-12 05:00:00+00:00,2022-04-12 07:00:00+02:00,63332.16,63.33216,4.6,75,0,0,7,1,4
2022-04-12 06:00:00+00:00,2022-04-12 08:00:00+02:00,65792.755,65.792755,6.2,72,0,1,8,1,4
2022-04-12 07:00:00+00:00,2022-04-12 09:00:00+02:00,66280.54,66.28053999999999,8.1,67,0,1,9,1,4
2022-04-12 08:00:00+00:00,2022-04-12 10:00:00+02:00,67113.4675,67.1134675,10.1,63,0,1,10,1,4
2022-04-12 09:00:00+00:00,2022-04-12 11:00:00+02:00,68137.0325,68.1370325,12.6,60,0,1,11,1,4
2022-04-12 10:00:00+00:00,2022-04-12 12:00:00+02:00,67555.325,67.555325,15.1,57,0,1,12,1,4
2022-04-12 11:00:00+00:00,2022-04-12 13:00:00+02:00,66534.39749999999,66.5343975,17.3,54,0,1,13,1,4
2022-04-12 12:00:00+00:00,2022-04-12 14:00:00+02:00,65372.0275,65.3720275,20.1,46,0,1,14,1,4
2022-04-12 13:00:00+00:00,2022-04-12 15:00:00+02:00,64294.66,64.29466000000001,20.7,45,0,1,15,1,4
2022-04-12 14:00:00+00:00,2022-04-12 16:00:00+02:00,62250.8925,62.2508925,20.8,46,0,1,16,1,4
2022-04-12 15:00:00+00:00,2022-04-12 17:00:00+02:00,61701.5625,61.7015625,20.5,47,0,1,17,1,4
2022-04-12 16:00:00+00:00,2022-04-12 18:00:00+02:00,62685.2225,62.6852225,19.3,52,0,1,18,1,4
2022-04-12 17:00:00+00:00,2022-04-12 19:00:00+02:00,64001.307499999995,64.0013075,18.0,56,0,1,19,1,4
2022-04-12 18:00:00+00:00,2022-04-12 20:00:00+02:00,63614.7475,63.6147475,15.7,61,0,1,20,1,4
2022-04-12 19:00:00+00:00,2022-04-12 21:00:00+02:00,60905.8325,60.905832499999995,13.9,65,0,0,21,1,4
2022-04-12 20:00:00+00:00,2022-04-12 22:00:00+02:00,57370.94,57.370940000000004,12.0,71,0,0,22,1,4
2022-04-12 21:00:00+00:00,2022-04-12 23:00:00+02:00,54030.979999999996,54.03097999999999,11.5,71,0,0,23,1,4
2022-04-12 22:00:00+00:00,2022-04-13 00:00:00+02:00,50759.3,50.7593,10.8,73,0,0,0,2,4
2022-04-12 23:00:00+00:00,2022-04-13 01:00:00+02:00,48869.9875,48.8699875,10.5,74,0,0,1,2,4
2022-04-13 00:00:00+00:00,2022-04-13 02:00:00+02:00,47909.7725,47.9097725,11.4,68,0,0,2,2,4
2022-04-13 01:00:00+00:00,2022-04-13 03:00:00+02:00,47638.8125,47.6388125,9.9,77,0,0,3,2,4
2022-04-13 02:00:00+00:00,2022-04-13 04:00:00+02:00,48644.6725,48.6446725,9.2,77,0,0,4,2,4
2022-04-13 03:00:00+00:00,2022-04-13 05:00:00+02:00,52077.04,52.077040000000004,8.0,82,0,0,5,2,4
2022-04-13 04:00:00+00:00,2022-04-13 06:00:00+02:00,58131.270000000004,58.13127,7.2,84,0,0,6,2,4
2022-04-13 05:00:00+00:00,2022-04-13 07:00:00+02:00,62529.865,62.529865,7.1,83,0,0,7,2,4
2022-04-13 06:00:00+00:00,2022-04-13 08:00:00+02:00,65031.7275,65.0317275,8.8,75,0,1,8,2,4
2022-04-13 07:00:00+00:00,2022-04-13 09:00:00+02:00,65251.6425,65.2516425,11.3,67,0,1,9,2,4
2022-04-13 08:00:00+00:00,2022-04-13 10:00:00+02:00,65587.6,65.58760000000001,13.5,62,0,1,10,2,4
2022-04-13 09:00:00+00:00,2022-04-13 11:00:00+02:00,65978.565,65.978565,15.8,59,0,1,11,2,4
2022-04-13 10:00:00+00:00,2022-04-13 12:00:00+02:00,65753.31,65.75331,18.0,55,0,1,12,2,4
2022-04-13 11:00:00+00:00,2022-04-13 13:00:00+02:00,64737.89,64.73789,19.6,54,0,1,13,2,4
2022-04-13 12:00:00+00:00,2022-04-13 14:00:00+02:00,63146.3475,63.146347500000005,21.1,42,0,1,14,2,4
2022-04-13 13:00:00+00:00,2022-04-13 15:00:00+02:00,62114.9475,62.1149475,22.2,39,0,1,15,2,4
2022-04-13 14:00:00+00:00,2022-04-13 16:00:00+02:00,60569.485,60.569485,22.7,37,0,1,16,2,4
2022-04-13 15:00:00+00:00,2022-04-13 17:00:00+02:00,61231.8875,61.2318875,22.5,40,0,1,17,2,4
2022-04-13 16:00:00+00:00,2022-04-13 18:00:00+02:00,61761.985,61.761985,21.8,43,0,1,18,2,4
2022-04-13 17:00:00+00:00,2022-04-13 19:00:00+02:00,62254.78,62.25478,19.9,57,0,1,19,2,4
2022-04-13 18:00:00+00:00,2022-04-13 20:00:00+02:00,61146.2875,61.1462875,16.9,67,0,1,20,2,4
2022-04-13 19:00:00+00:00,2022-04-13 21:00:00+02:00,58180.08,58.180080000000004,15.2,68,0,0,21,2,4
2022-04-13 20:00:00+00:00,2022-04-13 22:00:00+02:00,54892.685,54.892685,15.2,70,0,0,22,2,4
2022-04-13 21:00:00+00:00,2022-04-13 23:00:00+02:00,50604.909999999996,50.60491,14.7,75,0,0,23,2,4
2022-04-13 22:00:00+00:00,2022-04-14 00:00:00+02:00,47586.8125,47.5868125,14.4,81,0,0,0,3,4
2022-04-13 23:00:00+00:00,2022-04-14 01:00:00+02:00,46153.67,46.15367,14.0,83,0,0,1,3,4
2022-04-14 00:00:00+00:00,2022-04-14 02:00:00+02:00,45713.5975,45.713597500000006,14.1,79,0,0,2,3,4
2022-04-14 01:00:00+00:00,2022-04-14 03:00:00+02:00,45907.845,45.907845,14.1,80,0,0,3,3,4
2022-04-14 02:00:00+00:00,2022-04-14 04:00:00+02:00,47257.1825,47.257182500000006,13.7,82,0,0,4,3,4
2022-04-14 03:00:00+00:00,2022-04-14 05:00:00+02:00,50405.1125,50.4051125,13.1,82,0,0,5,3,4
2022-04-14 04:00:00+00:00,2022-04-14 06:00:00+02:00,55991.86,55.99186,12.8,81,0,0,6,3,4
2022-04-14 05:00:00+00:00,2022-04-14 07:00:00+02:00,60732.2325,60.732232499999995,12.6,82,0,0,7,3,4
2022-04-14 06:00:00+00:00,2022-04-14 08:00:00+02:00,64043.4625,64.0434625,13.2,79,0,1,8,3,4
2022-04-14 07:00:00+00:00,2022-04-14 09:00:00+02:00,65149.4675,65.1494675,14.4,75,0,1,9,3,4
2022-04-14 08:00:00+00:00,2022-04-14 10:00:00+02:00,65665.555,65.665555,15.6,69,0,1,10,3,4
2022-04-14 09:00:00+00:00,2022-04-14 11:00:00+02:00,65979.0,65.979,15.7,67,0,1,11,3,4
2022-04-14 10:00:00+00:00,2022-04-14 12:00:00+02:00,65553.23,65.55323,15.3,72,0,1,12,3,4
2022-04-14 11:00:00+00:00,2022-04-14 13:00:00+02:00,63886.56,63.886559999999996,16.2,70,0,1,13,3,4
2022-04-14 12:00:00+00:00,2022-04-14 14:00:00+02:00,62646.73,62.646730000000005,16.8,66,0,1,14,3,4
2022-04-14 13:00:00+00:00,2022-04-14 15:00:00+02:00,61657.634999999995,61.65763499999999,16.7,67,0,1,15,3,4
2022-04-14 14:00:00+00:00,2022-04-14 16:00:00+02:00,60255.3625,60.255362500000004,16.8,67,0,1,16,3,4
2022-04-14 15:00:00+00:00,2022-04-14 17:00:00+02:00,60549.1575,60.5491575,17.2,66,0,1,17,3,4
2022-04-14 16:00:00+00:00,2022-04-14 18:00:00+02:00,60313.4875,60.3134875,17.2,67,0,1,18,3,4
2022-04-14 17:00:00+00:00,2022-04-14 19:00:00+02:00,60320.1225,60.3201225,16.4,72,0,1,19,3,4
2022-04-14 18:00:00+00:00,2022-04-14 20:00:00+02:00,58818.53,58.818529999999996,14.8,82,0,1,20,3,4
2022-04-14 19:00:00+00:00,2022-04-14 21:00:00+02:00,55933.729999999996,55.93373,13.1,83,0,0,21,3,4
2022-04-14 20:00:00+00:00,2022-04-14 22:00:00+02:00,51921.119999999995,51.921119999999995,11.2,90,0,0,22,3,4
2022-04-14 21:00:00+00:00,2022-04-14 23:00:00+02:00,48013.759999999995,48.01376,10.4,93,0,0,23,3,4
2022-04-14 22:00:00+00:00,2022-04-15 00:00:00+02:00,44810.505,44.810505,10.0,90,0,0,0,4,4
2022-04-14 23:00:00+00:00,2022-04-15 01:00:00+02:00,42832.01,42.832010000000004,10.1,90,0,0,1,4,4
2022-04-15 00:00:00+00:00,2022-04-15 02:00:00+02:00,41449.8775,41.4498775,9.5,90,0,0,2,4,4
2022-04-15 01:00:00+00:00,2022-04-15 03:00:00+02:00,41023.5675,41.0235675,8.2,92,0,0,3,4,4
2022-04-15 02:00:00+00:00,2022-04-15 04:00:00+02:00,41462.2025,41.4622025,8.2,91,0,0,4,4,4
2022-04-15 03:00:00+00:00,2022-04-15 05:00:00+02:00,41700.075,41.700075,7.3,92,0,0,5,4,4
2022-04-15 04:00:00+00:00,2022-04-15 06:00:00+02:00,41734.58,41.73458,6.9,93,0,0,6,4,4
2022-04-15 05:00:00+00:00,2022-04-15 07:00:00+02:00,43916.405,43.916405,7.1,93,0,0,7,4,4
2022-04-15 06:00:00+00:00,2022-04-15 08:00:00+02:00,47173.0175,47.1730175,10.1,86,0,1,8,4,4
2022-04-15 07:00:00+00:00,2022-04-15 09:00:00+02:00,50329.2175,50.3292175,12.3,80,0,1,9,4,4
2022-04-15 08:00:00+00:00,2022-04-15 10:00:00+02:00,52178.6275,52.178627500000005,14.1,73,0,1,10,4,4
2022-04-15 09:00:00+00:00,2022-04-15 11:00:00+02:00,54262.854999999996,54.262854999999995,15.9,64,0,1,11,4,4
2022-04-15 10:00:00+00:00,2022-04-15 12:00:00+02:00,53867.707500000004,53.8677075,17.2,54,0,1,12,4,4
2022-04-15 11:00:00+00:00,2022-04-15 13:00:00+02:00,51982.645,51.982645,18.1,48,0,1,13,4,4
2022-04-15 12:00:00+00:00,2022-04-15 14:00:00+02:00,49820.03,49.820029999999996,18.7,44,0,1,14,4,4
2022-04-15 13:00:00+00:00,2022-04-15 15:00:00+02:00,49160.2725,49.1602725,19.0,42,0,1,15,4,4
2022-04-15 14:00:00+00:00,2022-04-15 16:00:00+02:00,48304.955,48.304955,19.1,40,0,1,16,4,4
2022-04-15 15:00:00+00:00,2022-04-15 17:00:00+02:00,48784.6125,48.7846125,18.1,44,0,1,17,4,4
2022-04-15 16:00:00+00:00,2022-04-15 18:00:00+02:00,50014.229999999996,50.01423,15.0,57,0,1,18,4,4
2022-04-15 17:00:00+00:00,2022-04-15 19:00:00+02:00,50809.57000000001,50.80957000000001,13.8,59,0,1,19,4,4
2022-04-15 18:00:00+00:00,2022-04-15 20:00:00+02:00,50568.9075,50.5689075,11.6,65,0,1,20,4,4
2022-04-15 19:00:00+00:00,2022-04-15 21:00:00+02:00,49444.53,49.44453,10.5,68,0,0,21,4,4
2022-04-15 20:00:00+00:00,2022-04-15 22:00:00+02:00,47634.659999999996,47.63466,9.5,71,0,0,22,4,4
2022-04-15 21:00:00+00:00,2022-04-15 23:00:00+02:00,45153.685,45.153684999999996,8.8,74,0,0,23,4,4
2022-04-15 22:00:00+00:00,2022-04-16 00:00:00+02:00,42151.785,42.151785000000004,8.2,77,1,0,0,5,4
2022-04-15 23:00:00+00:00,2022-04-16 01:00:00+02:00,40459.395,40.459394999999994,7.6,81,1,0,1,5,4
2022-04-16 00:00:00+00:00,2022-04-16 02:00:00+02:00,39877.425,39.877425,8.0,80,1,0,2,5,4
2022-04-16 01:00:00+00:00,2022-04-16 03:00:00+02:00,39984.4,39.9844,8.1,81,1,0,3,5,4
2022-04-16 02:00:00+00:00,2022-04-16 04:00:00+02:00,40781.5,40.7815,8.2,82,1,0,4,5,4
2022-04-16 03:00:00+00:00,2022-04-16 05:00:00+02:00,41611.6375,41.6116375,7.5,87,1,0,5,5,4
2022-04-16 04:00:00+00:00,2022-04-16 06:00:00+02:00,43044.262500000004,43.0442625,7.2,90,1,0,6,5,4
2022-04-16 05:00:00+00:00,2022-04-16 07:00:00+02:00,45549.567500000005,45.5495675,7.5,87,1,0,7,5,4
2022-04-16 06:00:00+00:00,2022-04-16 08:00:00+02:00,48656.35,48.656349999999996,8.1,77,1,1,8,5,4
2022-04-16 07:00:00+00:00,2022-04-16 09:00:00+02:00,51578.4075,51.578407500000004,8.6,72,1,1,9,5,4
2022-04-16 08:00:00+00:00,2022-04-16 10:00:00+02:00,53239.42,53.239419999999996,9.6,66,1,1,10,5,4
2022-04-16 09:00:00+00:00,2022-04-16 11:00:00+02:00,54303.2975,54.3032975,10.6,61,1,1,11,5,4
2022-04-16 10:00:00+00:00,2022-04-16 12:00:00+02:00,53210.244999999995,53.21024499999999,11.3,56,1,1,12,5,4
2022-04-16 11:00:00+00:00,2022-04-16 13:00:00+02:00,51834.1375,51.8341375,12.3,49,1,1,13,5,4
2022-04-16 12:00:00+00:00,2022-04-16 14:00:00+02:00,50427.5475,50.4275475,14.1,37,1,1,14,5,4
2022-04-16 13:00:00+00:00,2022-04-16 15:00:00+02:00,49487.24,49.48724,14.4,35,1,1,15,5,4
2022-04-16 14:00:00+00:00,2022-04-16 16:00:00+02:00,48781.955,48.781955,14.3,37,1,1,16,5,4
2022-04-16 15:00:00+00:00,2022-04-16 17:00:00+02:00,49569.8775,49.569877500000004,14.3,36,1,1,17,5,4
2022-04-16 16:00:00+00:00,2022-04-16 18:00:00+02:00,50427.375,50.427375,13.8,36,1,1,18,5,4
2022-04-16 17:00:00+00:00,2022-04-16 19:00:00+02:00,50819.24,50.81924,12.8,39,1,1,19,5,4
2022-04-16 18:00:00+00:00,2022-04-16 20:00:00+02:00,50544.385,50.544385000000005,10.7,46,1,1,20,5,4
2022-04-16 19:00:00+00:00,2022-04-16 21:00:00+02:00,49338.1775,49.3381775,8.8,52,1,0,21,5,4
2022-04-16 20:00:00+00:00,2022-04-16 22:00:00+02:00,47901.1025,47.9011025,7.8,52,1,0,22,5,4
2022-04-16 21:00:00+00:00,2022-04-16 23:00:00+02:00,44991.095,44.991095,6.9,53,1,0,23,5,4
2022-04-16 22:00:00+00:00,2022-04-17 00:00:00+02:00,41919.8025,41.919802499999996,5.8,58,1,0,0,6,4
2022-04-16 23:00:00+00:00,2022-04-17 01:00:00+02:00,39804.68,39.80468,4.9,63,1,0,1,6,4
2022-04-17 00:00:00+00:00,2022-04-17 02:00:00+02:00,38818.667499999996,38.8186675,5.2,61,1,0,2,6,4
2022-04-17 01:00:00+00:00,2022-04-17 03:00:00+02:00,38937.284999999996,38.937284999999996,4.5,64,1,0,3,6,4
2022-04-17 02:00:00+00:00,2022-04-17 04:00:00+02:00,39259.7775,39.2597775,3.6,69,1,0,4,6,4
2022-04-17 03:00:00+00:00,2022-04-17 05:00:00+02:00,39686.5875,39.6865875,2.9,73,1,0,5,6,4
2022-04-17 04:00:00+00:00,2022-04-17 06:00:00+02:00,39389.905,39.389905,2.3,76,1,0,6,6,4
2022-04-17 05:00:00+00:00,2022-04-17 07:00:00+02:00,41180.955,41.180955000000004,2.4,76,1,0,7,6,4
2022-04-17 06:00:00+00:00,2022-04-17 08:00:00+02:00,44813.905,44.813905,4.5,71,1,1,8,6,4
2022-04-17 07:00:00+00:00,2022-04-17 09:00:00+02:00,46979.64,46.979639999999996,6.6,63,1,1,9,6,4
2022-04-17 08:00:00+00:00,2022-04-17 10:00:00+02:00,47959.7575,47.9597575,8.9,58,1,1,10,6,4
2022-04-17 09:00:00+00:00,2022-04-17 11:00:00+02:00,49102.415,49.102415,11.0,51,1,1,11,6,4
2022-04-17 10:00:00+00:00,2022-04-17 12:00:00+02:00,47931.2725,47.9312725,12.5,46,1,1,12,6,4
2022-04-17 11:00:00+00:00,2022-04-17 13:00:00+02:00,45558.175,45.558175000000006,13.7,42,1,1,13,6,4
2022-04-17 12:00:00+00:00,2022-04-17 14:00:00+02:00,43670.8625,43.670862500000005,14.8,34,1,1,14,6,4
2022-04-17 13:00:00+00:00,2022-04-17 15:00:00+02:00,42942.4425,42.9424425,15.5,33,1,1,15,6,4
2022-04-17 14:00:00+00:00,2022-04-17 16:00:00+02:00,42867.7225,42.867722500000006,15.8,32,1,1,16,6,4
2022-04-17 15:00:00+00:00,2022-04-17 17:00:00+02:00,43674.582500000004,43.67458250000001,15.8,31,1,1,17,6,4
2022-04-17 16:00:00+00:00,2022-04-17 18:00:00+02:00,45220.229999999996,45.220229999999994,15.3,30,1,1,18,6,4
2022-04-17 17:00:00+00:00,2022-04-17 19:00:00+02:00,46276.225,46.276225,14.3,34,1,1,19,6,4
2022-04-17 18:00:00+00:00,2022-04-17 20:00:00+02:00,46920.9875,46.9209875,11.3,48,1,1,20,6,4
2022-04-17 19:00:00+00:00,2022-04-17 21:00:00+02:00,46390.46,46.39046,8.2,62,1,0,21,6,4
2022-04-17 20:00:00+00:00,2022-04-17 22:00:00+02:00,45040.58,45.04058,7.3,64,1,0,22,6,4
2022-04-17 21:00:00+00:00,2022-04-17 23:00:00+02:00,42456.8625,42.4568625,6.7,66,1,0,23,6,4
2022-04-17 22:00:00+00:00,2022-04-18 00:00:00+02:00,40070.835,40.070835,6.0,68,0,0,0,0,4
2022-04-17 23:00:00+00:00,2022-04-18 01:00:00+02:00,38475.755000000005,38.47575500000001,5.4,66,0,0,1,0,4
2022-04-18 00:00:00+00:00,2022-04-18 02:00:00+02:00,37542.182499999995,37.542182499999996,5.2,62,0,0,2,0,4
2022-04-18 01:00:00+00:00,2022-04-18 03:00:00+02:00,37661.91,37.661910000000006,4.9,63,0,0,3,0,4
2022-04-18 02:00:00+00:00,2022-04-18 04:00:00+02:00,38348.807499999995,38.34880749999999,4.2,66,0,0,4,0,4
2022-04-18 03:00:00+00:00,2022-04-18 05:00:00+02:00,39229.335,39.229335,3.8,69,0,0,5,0,4
2022-04-18 04:00:00+00:00,2022-04-18 06:00:00+02:00,39329.7425,39.3297425,3.3,72,0,0,6,0,4
2022-04-18 05:00:00+00:00,2022-04-18 07:00:00+02:00,40780.5175,40.7805175,3.3,74,0,0,7,0,4
2022-04-18 06:00:00+00:00,2022-04-18 08:00:00+02:00,44022.0,44.022,5.5,69,0,1,8,0,4
2022-04-18 07:00:00+00:00,2022-04-18 09:00:00+02:00,46657.365,46.657365,7.9,60,0,1,9,0,4
2022-04-18 08:00:00+00:00,2022-04-18 10:00:00+02:00,48062.9125,48.062912499999996,10.0,54,0,1,10,0,4
2022-04-18 09:00:00+00:00,2022-04-18 11:00:00+02:00,49272.06,49.272059999999996,12.2,50,0,1,11,0,4
2022-04-18 10:00:00+00:00,2022-04-18 12:00:00+02:00,48479.89,48.47989,13.8,45,0,1,12,0,4
2022-04-18 11:00:00+00:00,2022-04-18 13:00:00+02:00,46455.8475,46.455847500000004,14.8,43,0,1,13,0,4
2022-04-18 12:00:00+00:00,2022-04-18 14:00:00+02:00,44840.49,44.840489999999996,16.3,37,0,1,14,0,4
2022-04-18 13:00:00+00:00,2022-04-18 15:00:00+02:00,43908.595,43.908595,16.9,36,0,1,15,0,4
2022-04-18 14:00:00+00:00,2022-04-18 16:00:00+02:00,43501.78,43.50178,17.2,35,0,1,16,0,4
2022-04-18 15:00:00+00:00,2022-04-18 17:00:00+02:00,44885.005000000005,44.88500500000001,17.1,34,0,1,17,0,4
2022-04-18 16:00:00+00:00,2022-04-18 18:00:00+02:00,46671.91,46.671910000000004,16.7,34,0,1,18,0,4
2022-04-18 17:00:00+00:00,2022-04-18 19:00:00+02:00,48230.197499999995,48.230197499999996,15.7,40,0,1,19,0,4
2022-04-18 18:00:00+00:00,2022-04-18 20:00:00+02:00,48904.385,48.904385000000005,12.7,52,0,1,20,0,4
2022-04-18 19:00:00+00:00,2022-04-18 21:00:00+02:00,48211.69,48.211690000000004,10.5,57,0,0,21,0,4
2022-04-18 20:00:00+00:00,2022-04-18 22:00:00+02:00,46669.085,46.669085,10.7,52,0,0,22,0,4
2022-04-18 21:00:00+00:00,2022-04-18 23:00:00+02:00,43707.3875,43.707387499999996,9.5,60,0,0,23,0,4
2022-04-18 22:00:00+00:00,2022-04-19 00:00:00+02:00,41677.31,41.67731,8.2,65,0,0,0,1,4
2022-04-18 23:00:00+00:00,2022-04-19 01:00:00+02:00,40175.53,40.17553,7.1,68,0,0,1,1,4
2022-04-19 00:00:00+00:00,2022-04-19 02:00:00+02:00,39632.0825,39.632082499999996,6.8,68,0,0,2,1,4
2022-04-19 01:00:00+00:00,2022-04-19 03:00:00+02:00,40329.4975,40.329497499999995,5.6,73,0,0,3,1,4
2022-04-19 02:00:00+00:00,2022-04-19 04:00:00+02:00,42306.645,42.306644999999996,5.1,73,0,0,4,1,4
2022-04-19 03:00:00+00:00,2022-04-19 05:00:00+02:00,46608.597499999996,46.608597499999995,4.5,75,0,0,5,1,4
2022-04-19 04:00:00+00:00,2022-04-19 06:00:00+02:00,53501.095,53.501095,3.9,78,0,0,6,1,4
2022-04-19 05:00:00+00:00,2022-04-19 07:00:00+02:00,58788.47,58.788470000000004,4.0,77,0,0,7,1,4
2022-04-19 06:00:00+00:00,2022-04-19 08:00:00+02:00,62328.3125,62.3283125,6.0,71,0,1,8,1,4
2022-04-19 07:00:00+00:00,2022-04-19 09:00:00+02:00,63360.3,63.3603,8.7,63,0,1,9,1,4
2022-04-19 08:00:00+00:00,2022-04-19 10:00:00+02:00,64375.380000000005,64.37538,11.5,54,0,1,10,1,4
2022-04-19 09:00:00+00:00,2022-04-19 11:00:00+02:00,65504.5625,65.5045625,13.7,45,0,1,11,1,4
2022-04-19 10:00:00+00:00,2022-04-19 12:00:00+02:00,64768.49,64.76849,15.1,40,0,1,12,1,4
2022-04-19 11:00:00+00:00,2022-04-19 13:00:00+02:00,63725.697499999995,63.725697499999995,16.0,38,0,1,13,1,4
2022-04-19 12:00:00+00:00,2022-04-19 14:00:00+02:00,62273.2975,62.2732975,17.3,34,0,1,14,1,4
2022-04-19 13:00:00+00:00,2022-04-19 15:00:00+02:00,61388.05,61.38805,17.8,34,0,1,15,1,4
2022-04-19 14:00:00+00:00,2022-04-19 16:00:00+02:00,60434.2525,60.4342525,17.9,36,0,1,16,1,4
2022-04-19 15:00:00+00:00,2022-04-19 17:00:00+02:00,60918.2,60.9182,18.3,35,0,1,17,1,4
2022-04-19 16:00:00+00:00,2022-04-19 18:00:00+02:00,61354.7575,61.3547575,17.1,37,0,1,18,1,4
2022-04-19 17:00:00+00:00,2022-04-19 19:00:00+02:00,62064.75,62.06475,15.5,37,0,1,19,1,4
2022-04-19 18:00:00+00:00,2022-04-19 20:00:00+02:00,61234.33,61.23433,13.5,40,0,1,20,1,4
2022-04-19 19:00:00+00:00,2022-04-19 21:00:00+02:00,58600.655,58.600654999999996,11.8,42,0,0,21,1,4
2022-04-19 20:00:00+00:00,2022-04-19 22:00:00+02:00,55114.0725,55.1140725,10.3,47,0,0,22,1,4
2022-04-19 21:00:00+00:00,2022-04-19 23:00:00+02:00,50373.5,50.3735,9.0,53,0,0,23,1,4
2022-04-19 22:00:00+00:00,2022-04-20 00:00:00+02:00,47430.21,47.43021,8.0,56,0,0,0,2,4
2022-04-19 23:00:00+00:00,2022-04-20 01:00:00+02:00,45879.1275,45.8791275,7.0,58,0,0,1,2,4
2022-04-20 00:00:00+00:00,2022-04-20 02:00:00+02:00,45280.125,45.280125,7.2,57,0,0,2,2,4
2022-04-20 01:00:00+00:00,2022-04-20 03:00:00+02:00,46020.8825,46.0208825,6.2,60,0,0,3,2,4
2022-04-20 02:00:00+00:00,2022-04-20 04:00:00+02:00,47471.505000000005,47.47150500000001,5.3,64,0,0,4,2,4
2022-04-20 03:00:00+00:00,2022-04-20 05:00:00+02:00,51396.98,51.396980000000006,4.4,68,0,0,5,2,4
2022-04-20 04:00:00+00:00,2022-04-20 06:00:00+02:00,56820.2825,56.820282500000005,3.6,73,0,0,6,2,4
2022-04-20 05:00:00+00:00,2022-04-20 07:00:00+02:00,62098.3625,62.0983625,3.6,74,0,0,7,2,4
2022-04-20 06:00:00+00:00,2022-04-20 08:00:00+02:00,65241.6,65.2416,5.5,68,0,1,8,2,4
2022-04-20 07:00:00+00:00,2022-04-20 09:00:00+02:00,65174.215,65.17421499999999,7.8,60,0,1,9,2,4
2022-04-20 08:00:00+00:00,2022-04-20 10:00:00+02:00,65222.0325,65.2220325,10.3,50,0,1,10,2,4
2022-04-20 09:00:00+00:00,2022-04-20 11:00:00+02:00,66243.7925,66.2437925,11.8,39,0,1,11,2,4
2022-04-20 10:00:00+00:00,2022-04-20 12:00:00+02:00,65946.1375,65.94613749999999,12.8,36,0,1,12,2,4
2022-04-20 11:00:00+00:00,2022-04-20 13:00:00+02:00,64829.3625,64.8293625,13.9,34,0,1,13,2,4
2022-04-20 12:00:00+00:00,2022-04-20 14:00:00+02:00,63734.0975,63.734097500000004,15.5,33,0,1,14,2,4
2022-04-20 13:00:00+00:00,2022-04-20 15:00:00+02:00,61737.085,61.737085,15.9,33,0,1,15,2,4
2022-04-20 14:00:00+00:00,2022-04-20 16:00:00+02:00,61114.04,61.11404,17.2,32,0,1,16,2,4
2022-04-20 15:00:00+00:00,2022-04-20 17:00:00+02:00,61679.7375,61.6797375,17.9,32,0,1,17,2,4
2022-04-20 16:00:00+00:00,2022-04-20 18:00:00+02:00,62593.25,62.59325,16.3,37,0,1,18,2,4
2022-04-20 17:00:00+00:00,2022-04-20 19:00:00+02:00,62978.4525,62.978452499999996,15.5,40,0,1,19,2,4
2022-04-20 18:00:00+00:00,2022-04-20 20:00:00+02:00,61975.635,61.975635000000004,13.9,47,0,1,20,2,4
2022-04-20 19:00:00+00:00,2022-04-20 21:00:00+02:00,59752.3125,59.7523125,11.8,55,0,0,21,2,4
2022-04-20 20:00:00+00:00,2022-04-20 22:00:00+02:00,55998.1325,55.9981325,10.6,60,0,0,22,2,4
2022-04-20 21:00:00+00:00,2022-04-20 23:00:00+02:00,52103.412500000006,52.103412500000005,9.5,65,0,0,23,2,4
2022-04-20 22:00:00+00:00,2022-04-21 00:00:00+02:00,49108.1025,49.1081025,8.5,70,0,0,0,3,4
2022-04-20 23:00:00+00:00,2022-04-21 01:00:00+02:00,47515.792499999996,47.515792499999996,7.7,74,0,0,1,3,4
2022-04-21 00:00:00+00:00,2022-04-21 02:00:00+02:00,46307.649999999994,46.307649999999995,7.8,72,0,0,2,3,4
2022-04-21 01:00:00+00:00,2022-04-21 03:00:00+02:00,46354.16,46.35416,7.2,74,0,0,3,3,4
2022-04-21 02:00:00+00:00,2022-04-21 04:00:00+02:00,47810.935,47.810935,6.3,79,0,0,4,3,4
2022-04-21 03:00:00+00:00,2022-04-21 05:00:00+02:00,51516.555,51.516555,5.6,82,0,0,5,3,4
2022-04-21 04:00:00+00:00,2022-04-21 06:00:00+02:00,57252.317500000005,57.252317500000004,5.0,85,0,0,6,3,4
2022-04-21 05:00:00+00:00,2022-04-21 07:00:00+02:00,62245.3025,62.2453025,5.4,82,0,0,7,3,4
2022-04-21 06:00:00+00:00,2022-04-21 08:00:00+02:00,64852.9625,64.8529625,7.5,74,0,1,8,3,4
2022-04-21 07:00:00+00:00,2022-04-21 09:00:00+02:00,65928.08249999999,65.92808249999999,9.6,64,0,1,9,3,4
2022-04-21 08:00:00+00:00,2022-04-21 10:00:00+02:00,66704.3475,66.7043475,11.3,58,0,1,10,3,4
2022-04-21 09:00:00+00:00,2022-04-21 11:00:00+02:00,67544.8975,67.5448975,13.1,52,0,1,11,3,4
2022-04-21 10:00:00+00:00,2022-04-21 12:00:00+02:00,67269.635,67.269635,14.9,46,0,1,12,3,4
2022-04-21 11:00:00+00:00,2022-04-21 13:00:00+02:00,65764.4275,65.76442750000001,15.1,47,0,1,13,3,4
2022-04-21 12:00:00+00:00,2022-04-21 14:00:00+02:00,64039.1825,64.03918250000001,14.4,50,0,1,14,3,4
2022-04-21 13:00:00+00:00,2022-04-21 15:00:00+02:00,63124.9275,63.1249275,16.3,44,0,1,15,3,4
2022-04-21 14:00:00+00:00,2022-04-21 16:00:00+02:00,62773.03,62.77303,16.5,43,0,1,16,3,4
2022-04-21 15:00:00+00:00,2022-04-21 17:00:00+02:00,63856.015,63.856015,16.4,44,0,1,17,3,4
2022-04-21 16:00:00+00:00,2022-04-21 18:00:00+02:00,64061.0125,64.0610125,15.3,50,0,1,18,3,4
2022-04-21 17:00:00+00:00,2022-04-21 19:00:00+02:00,64149.94,64.14994,14.8,51,0,1,19,3,4
2022-04-21 18:00:00+00:00,2022-04-21 20:00:00+02:00,62553.8275,62.5538275,13.9,54,0,1,20,3,4
2022-04-21 19:00:00+00:00,2022-04-21 21:00:00+02:00,60152.46,60.15246,13.0,57,0,0,21,3,4
2022-04-21 20:00:00+00:00,2022-04-21 22:00:00+02:00,56639.707500000004,56.63970750000001,11.9,61,0,0,22,3,4
2022-04-21 21:00:00+00:00,2022-04-21 23:00:00+02:00,52281.72,52.28172,10.8,66,0,0,23,3,4
2022-04-21 22:00:00+00:00,2022-04-22 00:00:00+02:00,49328.1175,49.3281175,9.9,70,0,0,0,4,4
2022-04-21 23:00:00+00:00,2022-04-22 01:00:00+02:00,47490.0375,47.4900375,9.0,74,0,0,1,4,4
2022-04-22 00:00:00+00:00,2022-04-22 02:00:00+02:00,46707.0325,46.707032500000004,8.2,80,0,0,2,4,4
2022-04-22 01:00:00+00:00,2022-04-22 03:00:00+02:00,47289.5925,47.2895925,7.6,84,0,0,3,4,4
2022-04-22 02:00:00+00:00,2022-04-22 04:00:00+02:00,48122.8375,48.1228375,6.9,88,0,0,4,4,4
2022-04-22 03:00:00+00:00,2022-04-22 05:00:00+02:00,51346.682499999995,51.34668249999999,6.6,90,0,0,5,4,4
2022-04-22 04:00:00+00:00,2022-04-22 06:00:00+02:00,57076.9875,57.0769875,6.4,91,0,0,6,4,4
2022-04-22 05:00:00+00:00,2022-04-22 07:00:00+02:00,62683.9075,62.683907500000004,6.6,89,0,0,7,4,4
2022-04-22 06:00:00+00:00,2022-04-22 08:00:00+02:00,65628.045,65.628045,8.3,81,0,1,8,4,4
2022-04-22 07:00:00+00:00,2022-04-22 09:00:00+02:00,65949.23,65.94923,10.5,69,0,1,9,4,4
2022-04-22 08:00:00+00:00,2022-04-22 10:00:00+02:00,66209.83249999999,66.20983249999999,12.7,58,0,1,10,4,4
2022-04-22 09:00:00+00:00,2022-04-22 11:00:00+02:00,67153.7825,67.1537825,14.5,50,0,1,11,4,4
2022-04-22 10:00:00+00:00,2022-04-22 12:00:00+02:00,66704.6375,66.7046375,16.5,44,0,1,12,4,4
2022-04-22 11:00:00+00:00,2022-04-22 13:00:00+02:00,65690.0,65.69,16.9,41,0,1,13,4,4
2022-04-22 12:00:00+00:00,2022-04-22 14:00:00+02:00,64025.9775,64.0259775,17.7,45,0,1,14,4,4
2022-04-22 13:00:00+00:00,2022-04-22 15:00:00+02:00,62811.2,62.8112,18.6,40,0,1,15,4,4
2022-04-22 14:00:00+00:00,2022-04-22 16:00:00+02:00,62113.575,62.113575,19.5,35,0,1,16,4,4
2022-04-22 15:00:00+00:00,2022-04-22 17:00:00+02:00,62499.9525,62.4999525,19.1,34,0,1,17,4,4
2022-04-22 16:00:00+00:00,2022-04-22 18:00:00+02:00,63023.8,63.0238,18.5,33,0,1,18,4,4
2022-04-22 17:00:00+00:00,2022-04-22 19:00:00+02:00,62368.182499999995,62.368182499999996,16.1,46,0,1,19,4,4
2022-04-22 18:00:00+00:00,2022-04-22 20:00:00+02:00,60855.8125,60.8558125,15.7,46,0,1,20,4,4
2022-04-22 19:00:00+00:00,2022-04-22 21:00:00+02:00,58314.2125,58.314212500000004,14.3,52,0,0,21,4,4
2022-04-22 20:00:00+00:00,2022-04-22 22:00:00+02:00,55535.755000000005,55.535755,12.6,59,0,0,22,4,4
2022-04-22 21:00:00+00:00,2022-04-22 23:00:00+02:00,51789.6825,51.789682500000005,11.2,64,0,0,23,4,4
2022-04-22 22:00:00+00:00,2022-04-23 00:00:00+02:00,48119.3,48.1193,10.5,66,1,0,0,5,4
2022-04-22 23:00:00+00:00,2022-04-23 01:00:00+02:00,45915.1575,45.9151575,9.9,66,1,0,1,5,4
2022-04-23 00:00:00+00:00,2022-04-23 02:00:00+02:00,44712.3575,44.712357499999996,9.0,72,1,0,2,5,4
2022-04-23 01:00:00+00:00,2022-04-23 03:00:00+02:00,44177.1425,44.1771425,8.7,75,1,0,3,5,4
2022-04-23 02:00:00+00:00,2022-04-23 04:00:00+02:00,44133.665,44.133665,8.6,77,1,0,4,5,4
2022-04-23 03:00:00+00:00,2022-04-23 05:00:00+02:00,44845.805,44.845805,8.3,79,1,0,5,5,4
2022-04-23 04:00:00+00:00,2022-04-23 06:00:00+02:00,45871.2175,45.8712175,8.7,77,1,0,6,5,4
2022-04-23 05:00:00+00:00,2022-04-23 07:00:00+02:00,48828.177500000005,48.8281775,8.8,77,1,0,7,5,4
2022-04-23 06:00:00+00:00,2022-04-23 08:00:00+02:00,52260.417499999996,52.260417499999996,10.2,71,1,1,8,5,4
2022-04-23 07:00:00+00:00,2022-04-23 09:00:00+02:00,55095.8725,55.0958725,12.0,63,1,1,9,5,4
2022-04-23 08:00:00+00:00,2022-04-23 10:00:00+02:00,57043.395000000004,57.043395000000004,13.6,57,1,1,10,5,4
2022-04-23 09:00:00+00:00,2022-04-23 11:00:00+02:00,57617.4725,57.617472500000005,15.7,49,1,1,11,5,4
2022-04-23 10:00:00+00:00,2022-04-23 12:00:00+02:00,56436.3775,56.4363775,16.6,47,1,1,12,5,4
2022-04-23 11:00:00+00:00,2022-04-23 13:00:00+02:00,54786.0625,54.7860625,16.2,48,1,1,13,5,4
2022-04-23 12:00:00+00:00,2022-04-23 14:00:00+02:00,53150.715,53.150715,16.3,49,1,1,14,5,4
2022-04-23 13:00:00+00:00,2022-04-23 15:00:00+02:00,52344.1325,52.3441325,15.7,51,1,1,15,5,4
2022-04-23 14:00:00+00:00,2022-04-23 16:00:00+02:00,52164.149999999994,52.16414999999999,16.0,49,1,1,16,5,4
2022-04-23 15:00:00+00:00,2022-04-23 17:00:00+02:00,53551.4675,53.5514675,16.2,48,1,1,17,5,4
2022-04-23 16:00:00+00:00,2022-04-23 18:00:00+02:00,54552.4,54.5524,16.1,50,1,1,18,5,4
2022-04-23 17:00:00+00:00,2022-04-23 19:00:00+02:00,54298.2825,54.2982825,15.9,50,1,1,19,5,4
2022-04-23 18:00:00+00:00,2022-04-23 20:00:00+02:00,53045.692500000005,53.0456925,15.0,54,1,1,20,5,4
2022-04-23 19:00:00+00:00,2022-04-23 21:00:00+02:00,51700.665,51.700665,13.6,58,1,0,21,5,4
2022-04-23 20:00:00+00:00,2022-04-23 22:00:00+02:00,49799.985,49.799985,12.6,61,1,0,22,5,4
2022-04-23 21:00:00+00:00,2022-04-23 23:00:00+02:00,47260.7775,47.260777499999996,12.9,57,1,0,23,5,4
2022-04-23 22:00:00+00:00,2022-04-24 00:00:00+02:00,44241.9625,44.2419625,12.2,60,1,0,0,6,4
2022-04-23 23:00:00+00:00,2022-04-24 01:00:00+02:00,42607.520000000004,42.60752,11.9,59,1,0,1,6,4
2022-04-24 00:00:00+00:00,2022-04-24 02:00:00+02:00,41405.1625,41.405162499999996,11.0,57,1,0,2,6,4
2022-04-24 01:00:00+00:00,2022-04-24 03:00:00+02:00,41152.41,41.15241,10.1,56,1,0,3,6,4
2022-04-24 02:00:00+00:00,2022-04-24 04:00:00+02:00,41438.1075,41.4381075,9.8,56,1,0,4,6,4
2022-04-24 03:00:00+00:00,2022-04-24 05:00:00+02:00,41660.5475,41.6605475,9.9,59,1,0,5,6,4
2022-04-24 04:00:00+00:00,2022-04-24 06:00:00+02:00,41467.635,41.467635,8.6,69,1,0,6,6,4
2022-04-24 05:00:00+00:00,2022-04-24 07:00:00+02:00,43426.3575,43.4263575,8.9,70,1,0,7,6,4
2022-04-24 06:00:00+00:00,2022-04-24 08:00:00+02:00,47036.0525,47.0360525,9.7,70,1,1,8,6,4
2022-04-24 07:00:00+00:00,2022-04-24 09:00:00+02:00,50550.65,50.550650000000005,10.6,67,1,1,9,6,4
2022-04-24 08:00:00+00:00,2022-04-24 10:00:00+02:00,52805.4925,52.8054925,11.3,65,1,1,10,6,4
2022-04-24 09:00:00+00:00,2022-04-24 11:00:00+02:00,55206.417499999996,55.20641749999999,12.0,62,1,1,11,6,4
2022-04-24 10:00:00+00:00,2022-04-24 12:00:00+02:00,54894.805,54.894805,14.1,54,1,1,12,6,4
2022-04-24 11:00:00+00:00,2022-04-24 13:00:00+02:00,52939.770000000004,52.93977,15.7,49,1,1,13,6,4
2022-04-24 12:00:00+00:00,2022-04-24 14:00:00+02:00,51909.44,51.909440000000004,14.1,56,1,1,14,6,4
2022-04-24 13:00:00+00:00,2022-04-24 15:00:00+02:00,51193.942500000005,51.193942500000006,14.4,53,1,1,15,6,4
2022-04-24 14:00:00+00:00,2022-04-24 16:00:00+02:00,50862.78,50.86278,15.1,53,1,1,16,6,4
2022-04-24 15:00:00+00:00,2022-04-24 17:00:00+02:00,51958.23,51.95823,12.9,68,1,1,17,6,4
2022-04-24 16:00:00+00:00,2022-04-24 18:00:00+02:00,53226.5075,53.2265075,12.1,68,1,1,18,6,4
2022-04-24 17:00:00+00:00,2022-04-24 19:00:00+02:00,53297.9375,53.2979375,11.8,69,1,1,19,6,4
2022-04-24 18:00:00+00:00,2022-04-24 20:00:00+02:00,53608.805,53.608805000000004,11.5,71,1,1,20,6,4
2022-04-24 19:00:00+00:00,2022-04-24 21:00:00+02:00,52504.9175,52.504917500000005,10.5,74,1,0,21,6,4
2022-04-24 20:00:00+00:00,2022-04-24 22:00:00+02:00,50702.9125,50.7029125,10.0,75,1,0,22,6,4
2022-04-24 21:00:00+00:00,2022-04-24 23:00:00+02:00,47349.015,47.349015,10.1,72,1,0,23,6,4
2022-04-24 22:00:00+00:00,2022-04-25 00:00:00+02:00,45006.07,45.00607,9.2,76,0,0,0,0,4
2022-04-24 23:00:00+00:00,2022-04-25 01:00:00+02:00,43323.805,43.323805,8.2,83,0,0,1,0,4
2022-04-25 00:00:00+00:00,2022-04-25 02:00:00+02:00,42635.835,42.635835,7.0,96,0,0,2,0,4
2022-04-25 01:00:00+00:00,2022-04-25 03:00:00+02:00,43006.3275,43.0063275,6.3,95,0,0,3,0,4
2022-04-25 02:00:00+00:00,2022-04-25 04:00:00+02:00,44677.86,44.67786,5.0,96,0,0,4,0,4
2022-04-25 03:00:00+00:00,2022-04-25 05:00:00+02:00,49242.255,49.242255,5.5,93,0,0,5,0,4
2022-04-25 04:00:00+00:00,2022-04-25 06:00:00+02:00,57167.71,57.16771,6.2,94,0,0,6,0,4
2022-04-25 05:00:00+00:00,2022-04-25 07:00:00+02:00,62514.205,62.514205000000004,6.7,94,0,0,7,0,4
2022-04-25 06:00:00+00:00,2022-04-25 08:00:00+02:00,65445.73,65.44573,8.1,87,0,1,8,0,4
2022-04-25 07:00:00+00:00,2022-04-25 09:00:00+02:00,66396.3575,66.3963575,9.8,77,0,1,9,0,4
2022-04-25 08:00:00+00:00,2022-04-25 10:00:00+02:00,66902.0875,66.9020875,11.6,70,0,1,10,0,4
2022-04-25 09:00:00+00:00,2022-04-25 11:00:00+02:00,67706.79000000001,67.70679000000001,13.5,62,0,1,11,0,4
2022-04-25 10:00:00+00:00,2022-04-25 12:00:00+02:00,67394.9175,67.39491749999999,14.9,54,0,1,12,0,4
2022-04-25 11:00:00+00:00,2022-04-25 13:00:00+02:00,66316.76000000001,66.31676000000002,15.3,49,0,1,13,0,4
2022-04-25 12:00:00+00:00,2022-04-25 14:00:00+02:00,65086.087499999994,65.08608749999999,14.5,50,0,1,14,0,4
2022-04-25 13:00:00+00:00,2022-04-25 15:00:00+02:00,63968.292499999996,63.9682925,15.8,47,0,1,15,0,4
2022-04-25 14:00:00+00:00,2022-04-25 16:00:00+02:00,62147.7025,62.1477025,13.6,61,0,1,16,0,4
2022-04-25 15:00:00+00:00,2022-04-25 17:00:00+02:00,61973.417499999996,61.9734175,14.7,54,0,1,17,0,4
2022-04-25 16:00:00+00:00,2022-04-25 18:00:00+02:00,62234.675,62.234675,14.5,54,0,1,18,0,4
2022-04-25 17:00:00+00:00,2022-04-25 19:00:00+02:00,62526.98,62.52698,14.2,53,0,1,19,0,4
2022-04-25 18:00:00+00:00,2022-04-25 20:00:00+02:00,61192.369999999995,61.19237,12.8,64,0,1,20,0,4
2022-04-25 19:00:00+00:00,2022-04-25 21:00:00+02:00,58818.5025,58.8185025,9.6,82,0,0,21,0,4
2022-04-25 20:00:00+00:00,2022-04-25 22:00:00+02:00,55251.59,55.25158999999999,9.0,87,0,0,22,0,4
2022-04-25 21:00:00+00:00,2022-04-25 23:00:00+02:00,51266.8925,51.266892500000004,8.3,91,0,0,23,0,4
2022-04-25 22:00:00+00:00,2022-04-26 00:00:00+02:00,48360.255000000005,48.360255,7.3,94,0,0,0,1,4
2022-04-25 23:00:00+00:00,2022-04-26 01:00:00+02:00,46736.54,46.73654,6.6,96,0,0,1,1,4
2022-04-26 00:00:00+00:00,2022-04-26 02:00:00+02:00,46167.8425,46.1678425,8.0,92,0,0,2,1,4
2022-04-26 01:00:00+00:00,2022-04-26 03:00:00+02:00,46594.7875,46.594787499999995,8.1,92,0,0,3,1,4
2022-04-26 02:00:00+00:00,2022-04-26 04:00:00+02:00,47726.675,47.726675,7.8,92,0,0,4,1,4
2022-04-26 03:00:00+00:00,2022-04-26 05:00:00+02:00,51122.1775,51.1221775,7.6,94,0,0,5,1,4
2022-04-26 04:00:00+00:00,2022-04-26 06:00:00+02:00,58020.35,58.02035,6.9,95,0,0,6,1,4
2022-04-26 05:00:00+00:00,2022-04-26 07:00:00+02:00,63164.3575,63.1643575,7.4,94,0,0,7,1,4
2022-04-26 06:00:00+00:00,2022-04-26 08:00:00+02:00,66382.215,66.382215,8.0,93,0,1,8,1,4
2022-04-26 07:00:00+00:00,2022-04-26 09:00:00+02:00,66848.17,66.84817,8.2,93,0,1,9,1,4
2022-04-26 08:00:00+00:00,2022-04-26 10:00:00+02:00,67678.215,67.678215,8.5,91,0,1,10,1,4
2022-04-26 09:00:00+00:00,2022-04-26 11:00:00+02:00,68534.37,68.53437,9.1,88,0,1,11,1,4
2022-04-26 10:00:00+00:00,2022-04-26 12:00:00+02:00,67855.365,67.855365,10.3,79,0,1,12,1,4
2022-04-26 11:00:00+00:00,2022-04-26 13:00:00+02:00,66467.165,66.467165,10.4,74,0,1,13,1,4
2022-04-26 12:00:00+00:00,2022-04-26 14:00:00+02:00,65239.605,65.239605,8.7,83,0,1,14,1,4
2022-04-26 13:00:00+00:00,2022-04-26 15:00:00+02:00,64454.2275,64.4542275,10.7,74,0,1,15,1,4
2022-04-26 14:00:00+00:00,2022-04-26 16:00:00+02:00,63684.354999999996,63.684355,10.4,77,0,1,16,1,4
2022-04-26 15:00:00+00:00,2022-04-26 17:00:00+02:00,63979.932499999995,63.9799325,9.9,75,0,1,17,1,4
2022-04-26 16:00:00+00:00,2022-04-26 18:00:00+02:00,63821.34,63.82134,10.3,73,0,1,18,1,4
2022-04-26 17:00:00+00:00,2022-04-26 19:00:00+02:00,63465.095,63.465095,9.8,74,0,1,19,1,4
2022-04-26 18:00:00+00:00,2022-04-26 20:00:00+02:00,61805.745,61.805745,9.3,72,0,1,20,1,4
2022-04-26 19:00:00+00:00,2022-04-26 21:00:00+02:00,59335.6,59.3356,8.8,75,0,0,21,1,4
2022-04-26 20:00:00+00:00,2022-04-26 22:00:00+02:00,55616.6575,55.6166575,8.7,76,0,0,22,1,4
2022-04-26 21:00:00+00:00,2022-04-26 23:00:00+02:00,51316.29,51.31629,8.6,76,0,0,23,1,4
2022-04-26 22:00:00+00:00,2022-04-27 00:00:00+02:00,48093.145000000004,48.09314500000001,5.9,89,0,0,0,2,4
2022-04-26 23:00:00+00:00,2022-04-27 01:00:00+02:00,46291.9975,46.2919975,5.3,88,0,0,1,2,4
2022-04-27 00:00:00+00:00,2022-04-27 02:00:00+02:00,45726.6225,45.7266225,7.1,90,0,0,2,2,4
2022-04-27 01:00:00+00:00,2022-04-27 03:00:00+02:00,46019.9725,46.0199725,6.5,92,0,0,3,2,4
2022-04-27 02:00:00+00:00,2022-04-27 04:00:00+02:00,47660.097499999996,47.6600975,6.5,90,0,0,4,2,4
2022-04-27 03:00:00+00:00,2022-04-27 05:00:00+02:00,50740.807499999995,50.740807499999995,6.7,92,0,0,5,2,4
2022-04-27 04:00:00+00:00,2022-04-27 06:00:00+02:00,57580.4975,57.5804975,6.5,92,0,0,6,2,4
2022-04-27 05:00:00+00:00,2022-04-27 07:00:00+02:00,62532.5975,62.5325975,6.7,90,0,0,7,2,4
2022-04-27 06:00:00+00:00,2022-04-27 08:00:00+02:00,64852.765,64.852765,7.9,88,0,1,8,2,4
2022-04-27 07:00:00+00:00,2022-04-27 09:00:00+02:00,65472.7,65.4727,9.4,82,0,1,9,2,4
2022-04-27 08:00:00+00:00,2022-04-27 10:00:00+02:00,66460.62,66.46061999999999,11.2,74,0,1,10,2,4
2022-04-27 09:00:00+00:00,2022-04-27 11:00:00+02:00,66749.4825,66.7494825,13.1,67,0,1,11,2,4
2022-04-27 10:00:00+00:00,2022-04-27 12:00:00+02:00,66057.4025,66.0574025,14.6,61,0,1,12,2,4
2022-04-27 11:00:00+00:00,2022-04-27 13:00:00+02:00,64710.815,64.710815,15.7,52,0,1,13,2,4
2022-04-27 12:00:00+00:00,2022-04-27 14:00:00+02:00,63347.1325,63.3471325,16.8,49,0,1,14,2,4
2022-04-27 13:00:00+00:00,2022-04-27 15:00:00+02:00,62949.62,62.94962,17.3,44,0,1,15,2,4
2022-04-27 14:00:00+00:00,2022-04-27 16:00:00+02:00,61349.5875,61.3495875,17.2,44,0,1,16,2,4
2022-04-27 15:00:00+00:00,2022-04-27 17:00:00+02:00,61479.5175,61.4795175,16.8,46,0,1,17,2,4
2022-04-27 16:00:00+00:00,2022-04-27 18:00:00+02:00,62158.9125,62.1589125,16.5,46,0,1,18,2,4
2022-04-27 17:00:00+00:00,2022-04-27 19:00:00+02:00,62413.957500000004,62.4139575,16.2,49,0,1,19,2,4
2022-04-27 18:00:00+00:00,2022-04-27 20:00:00+02:00,61582.7875,61.5827875,13.7,69,0,1,20,2,4
2022-04-27 19:00:00+00:00,2022-04-27 21:00:00+02:00,59477.685,59.477685,12.0,62,0,0,21,2,4
2022-04-27 20:00:00+00:00,2022-04-27 22:00:00+02:00,55641.082500000004,55.6410825,10.9,66,0,0,22,2,4
2022-04-27 21:00:00+00:00,2022-04-27 23:00:00+02:00,51495.5525,51.495552499999995,9.7,73,0,0,23,2,4
2022-04-27 22:00:00+00:00,2022-04-28 00:00:00+02:00,48291.7625,48.2917625,9.4,75,0,0,0,3,4
2022-04-27 23:00:00+00:00,2022-04-28 01:00:00+02:00,46430.8725,46.4308725,9.1,75,0,0,1,3,4
2022-04-28 00:00:00+00:00,2022-04-28 02:00:00+02:00,45898.8575,45.8988575,8.8,79,0,0,2,3,4
2022-04-28 01:00:00+00:00,2022-04-28 03:00:00+02:00,46104.692500000005,46.104692500000006,7.6,85,0,0,3,3,4
2022-04-28 02:00:00+00:00,2022-04-28 04:00:00+02:00,47508.305,47.508305,7.1,87,0,0,4,3,4
2022-04-28 03:00:00+00:00,2022-04-28 05:00:00+02:00,51028.0425,51.028042500000005,6.5,90,0,0,5,3,4
2022-04-28 04:00:00+00:00,2022-04-28 06:00:00+02:00,57411.75,57.41175,5.9,91,0,0,6,3,4
2022-04-28 05:00:00+00:00,2022-04-28 07:00:00+02:00,62200.745,62.200745000000005,6.1,89,0,0,7,3,4
2022-04-28 06:00:00+00:00,2022-04-28 08:00:00+02:00,64839.7575,64.8397575,8.1,82,0,1,8,3,4
2022-04-28 07:00:00+00:00,2022-04-28 09:00:00+02:00,65117.4775,65.1174775,10.5,73,0,1,9,3,4
2022-04-28 08:00:00+00:00,2022-04-28 10:00:00+02:00,65793.2025,65.79320249999999,12.9,64,0,1,10,3,4
2022-04-28 09:00:00+00:00,2022-04-28 11:00:00+02:00,65861.335,65.86133500000001,15.1,55,0,1,11,3,4
2022-04-28 10:00:00+00:00,2022-04-28 12:00:00+02:00,65289.965,65.289965,16.9,48,0,1,12,3,4
2022-04-28 11:00:00+00:00,2022-04-28 13:00:00+02:00,64389.5825,64.3895825,18.0,40,0,1,13,3,4
2022-04-28 12:00:00+00:00,2022-04-28 14:00:00+02:00,63362.2225,63.3622225,18.7,36,0,1,14,3,4
2022-04-28 13:00:00+00:00,2022-04-28 15:00:00+02:00,62341.875,62.341875,19.0,34,0,1,15,3,4
2022-04-28 14:00:00+00:00,2022-04-28 16:00:00+02:00,60757.45,60.75745,18.9,33,0,1,16,3,4
2022-04-28 15:00:00+00:00,2022-04-28 17:00:00+02:00,60938.3475,60.938347500000006,19.1,33,0,1,17,3,4
2022-04-28 16:00:00+00:00,2022-04-28 18:00:00+02:00,61275.807499999995,61.27580749999999,19.2,33,0,1,18,3,4
2022-04-28 17:00:00+00:00,2022-04-28 19:00:00+02:00,61418.1225,61.418122499999996,18.6,39,0,1,19,3,4
2022-04-28 18:00:00+00:00,2022-04-28 20:00:00+02:00,60739.545,60.739545,16.2,48,0,1,20,3,4
2022-04-28 19:00:00+00:00,2022-04-28 21:00:00+02:00,58926.4725,58.9264725,14.1,56,0,0,21,3,4
2022-04-28 20:00:00+00:00,2022-04-28 22:00:00+02:00,55400.1925,55.400192499999996,12.4,63,0,0,22,3,4
2022-04-28 21:00:00+00:00,2022-04-28 23:00:00+02:00,51345.625,51.345625,11.2,70,0,0,23,3,4
2022-04-28 22:00:00+00:00,2022-04-29 00:00:00+02:00,47943.035,47.943035,10.7,70,0,0,0,4,4
2022-04-28 23:00:00+00:00,2022-04-29 01:00:00+02:00,45727.3125,45.7273125,10.2,70,0,0,1,4,4
2022-04-29 00:00:00+00:00,2022-04-29 02:00:00+02:00,44826.035,44.826035000000005,9.7,73,0,0,2,4,4
2022-04-29 01:00:00+00:00,2022-04-29 03:00:00+02:00,45040.3375,45.0403375,9.3,71,0,0,3,4,4
2022-04-29 02:00:00+00:00,2022-04-29 04:00:00+02:00,46580.5525,46.580552499999996,8.7,73,0,0,4,4,4
2022-04-29 03:00:00+00:00,2022-04-29 05:00:00+02:00,50339.77,50.339769999999994,8.1,76,0,0,5,4,4
2022-04-29 04:00:00+00:00,2022-04-29 06:00:00+02:00,56553.995,56.553995,7.4,79,0,0,6,4,4
2022-04-29 05:00:00+00:00,2022-04-29 07:00:00+02:00,61423.994999999995,61.423995,7.4,80,0,0,7,4,4
2022-04-29 06:00:00+00:00,2022-04-29 08:00:00+02:00,64330.8525,64.3308525,9.4,75,0,1,8,4,4
2022-04-29 07:00:00+00:00,2022-04-29 09:00:00+02:00,65224.2675,65.2242675,11.4,68,0,1,9,4,4
2022-04-29 08:00:00+00:00,2022-04-29 10:00:00+02:00,65841.9925,65.84199249999999,13.6,62,0,1,10,4,4
2022-04-29 09:00:00+00:00,2022-04-29 11:00:00+02:00,65543.925,65.543925,15.9,54,0,1,11,4,4
2022-04-29 10:00:00+00:00,2022-04-29 12:00:00+02:00,65054.5775,65.0545775,18.0,47,0,1,12,4,4
2022-04-29 11:00:00+00:00,2022-04-29 13:00:00+02:00,63387.5125,63.3875125,19.5,37,0,1,13,4,4
2022-04-29 12:00:00+00:00,2022-04-29 14:00:00+02:00,61694.4475,61.6944475,19.2,33,0,1,14,4,4
2022-04-29 13:00:00+00:00,2022-04-29 15:00:00+02:00,60189.075,60.189074999999995,19.5,33,0,1,15,4,4
2022-04-29 14:00:00+00:00,2022-04-29 16:00:00+02:00,59189.494999999995,59.189494999999994,19.8,33,0,1,16,4,4
2022-04-29 15:00:00+00:00,2022-04-29 17:00:00+02:00,59823.75,59.82375,19.3,34,0,1,17,4,4
2022-04-29 16:00:00+00:00,2022-04-29 18:00:00+02:00,60371.955,60.371955,18.5,37,0,1,18,4,4
2022-04-29 17:00:00+00:00,2022-04-29 19:00:00+02:00,60181.7375,60.181737500000004,18.1,41,0,1,19,4,4
2022-04-29 18:00:00+00:00,2022-04-29 20:00:00+02:00,59029.195,59.029195,16.6,45,0,1,20,4,4
2022-04-29 19:00:00+00:00,2022-04-29 21:00:00+02:00,56424.5375,56.4245375,15.6,49,0,0,21,4,4
2022-04-29 20:00:00+00:00,2022-04-29 22:00:00+02:00,52848.1625,52.8481625,15.0,53,0,0,22,4,4
2022-04-29 21:00:00+00:00,2022-04-29 23:00:00+02:00,49128.21,49.128209999999996,14.0,62,0,0,23,4,4
2022-04-29 22:00:00+00:00,2022-04-30 00:00:00+02:00,45926.5275,45.9265275,12.9,68,1,0,0,5,4
2022-04-29 23:00:00+00:00,2022-04-30 01:00:00+02:00,43971.685,43.971685,12.0,74,1,0,1,5,4
2022-04-30 00:00:00+00:00,2022-04-30 02:00:00+02:00,42779.095,42.779095,12.3,65,1,0,2,5,4
2022-04-30 01:00:00+00:00,2022-04-30 03:00:00+02:00,42490.645,42.490644999999994,11.1,69,1,0,3,5,4
2022-04-30 02:00:00+00:00,2022-04-30 04:00:00+02:00,42820.545,42.820544999999996,10.0,72,1,0,4,5,4
2022-04-30 03:00:00+00:00,2022-04-30 05:00:00+02:00,43250.2125,43.2502125,8.9,78,1,0,5,5,4
2022-04-30 04:00:00+00:00,2022-04-30 06:00:00+02:00,44289.86,44.28986,8.0,84,1,0,6,5,4
2022-04-30 05:00:00+00:00,2022-04-30 07:00:00+02:00,47294.972499999996,47.29497249999999,7.8,85,1,0,7,5,4
2022-04-30 06:00:00+00:00,2022-04-30 08:00:00+02:00,51022.85,51.02285,8.0,84,1,1,8,5,4
2022-04-30 07:00:00+00:00,2022-04-30 09:00:00+02:00,53989.455,53.989455,8.6,82,1,1,9,5,4
2022-04-30 08:00:00+00:00,2022-04-30 10:00:00+02:00,55657.5375,55.6575375,9.6,78,1,1,10,5,4
2022-04-30 09:00:00+00:00,2022-04-30 11:00:00+02:00,56358.11,56.35811,10.8,72,1,1,11,5,4
2022-04-30 10:00:00+00:00,2022-04-30 12:00:00+02:00,55990.055,55.990055,11.7,68,1,1,12,5,4
2022-04-30 11:00:00+00:00,2022-04-30 13:00:00+02:00,54026.435,54.026435,11.4,68,1,1,13,5,4
2022-04-30 12:00:00+00:00,2022-04-30 14:00:00+02:00,52220.985,52.220985,8.8,85,1,1,14,5,4
2022-04-30 13:00:00+00:00,2022-04-30 15:00:00+02:00,51156.0325,51.1560325,10.7,77,1,1,15,5,4
2022-04-30 14:00:00+00:00,2022-04-30 16:00:00+02:00,50650.4325,50.6504325,11.5,73,1,1,16,5,4
2022-04-30 15:00:00+00:00,2022-04-30 17:00:00+02:00,51078.31,51.078309999999995,12.5,67,1,1,17,5,4
2022-04-30 16:00:00+00:00,2022-04-30 18:00:00+02:00,51898.9925,51.8989925,12.3,67,1,1,18,5,4
2022-04-30 17:00:00+00:00,2022-04-30 19:00:00+02:00,51596.2475,51.5962475,11.7,67,1,1,19,5,4
2022-04-30 18:00:00+00:00,2022-04-30 20:00:00+02:00,50642.8025,50.642802499999995,11.2,70,1,1,20,5,4
2022-04-30 19:00:00+00:00,2022-04-30 21:00:00+02:00,49107.7125,49.1077125,10.2,73,1,0,21,5,4
2022-04-30 20:00:00+00:00,2022-04-30 22:00:00+02:00,47072.369999999995,47.07236999999999,9.7,73,1,0,22,5,4
2022-04-30 21:00:00+00:00,2022-04-30 23:00:00+02:00,44125.095,44.125095,9.4,73,1,0,23,5,4
2022-04-30 22:00:00+00:00,2022-05-01 00:00:00+02:00,41375.7625,41.3757625,8.4,76,1,0,0,6,5
2022-04-30 23:00:00+00:00,2022-05-01 01:00:00+02:00,39421.6375,39.421637499999996,8.6,74,1,0,1,6,5
2022-05-01 00:00:00+00:00,2022-05-01 02:00:00+02:00,38140.655,38.140654999999995,9.0,80,1,0,2,6,5
2022-05-01 01:00:00+00:00,2022-05-01 03:00:00+02:00,37691.4925,37.6914925,9.0,80,1,0,3,6,5
2022-05-01 02:00:00+00:00,2022-05-01 04:00:00+02:00,38169.6225,38.169622499999996,8.6,82,1,0,4,6,5
2022-05-01 03:00:00+00:00,2022-05-01 05:00:00+02:00,37874.0325,37.8740325,8.4,81,1,0,5,6,5
2022-05-01 04:00:00+00:00,2022-05-01 06:00:00+02:00,37857.5625,37.8575625,8.0,81,1,0,6,6,5
2022-05-01 05:00:00+00:00,2022-05-01 07:00:00+02:00,39735.1225,39.735122499999996,8.1,82,1,0,7,6,5
2022-05-01 06:00:00+00:00,2022-05-01 08:00:00+02:00,42719.7175,42.7197175,9.4,78,1,1,8,6,5
2022-05-01 07:00:00+00:00,2022-05-01 09:00:00+02:00,45830.667499999996,45.8306675,10.6,74,1,1,9,6,5
2022-05-01 08:00:00+00:00,2022-05-01 10:00:00+02:00,48233.03,48.23303,12.0,69,1,1,10,6,5
2022-05-01 09:00:00+00:00,2022-05-01 11:00:00+02:00,49860.5225,49.8605225,14.0,62,1,1,11,6,5
2022-05-01 10:00:00+00:00,2022-05-01 12:00:00+02:00,49584.1875,49.5841875,15.3,57,1,1,12,6,5
2022-05-01 11:00:00+00:00,2022-05-01 13:00:00+02:00,47353.2075,47.353207499999996,15.9,53,1,1,13,6,5
2022-05-01 12:00:00+00:00,2022-05-01 14:00:00+02:00,46356.9925,46.3569925,17.0,51,1,1,14,6,5
2022-05-01 13:00:00+00:00,2022-05-01 15:00:00+02:00,45909.475,45.909475,16.0,52,1,1,15,6,5
2022-05-01 14:00:00+00:00,2022-05-01 16:00:00+02:00,45831.1375,45.8311375,16.7,50,1,1,16,6,5
2022-05-01 15:00:00+00:00,2022-05-01 17:00:00+02:00,46934.985,46.934985,16.8,49,1,1,17,6,5
2022-05-01 16:00:00+00:00,2022-05-01 18:00:00+02:00,48622.335,48.622335,16.2,52,1,1,18,6,5
2022-05-01 17:00:00+00:00,2022-05-01 19:00:00+02:00,48730.7025,48.7307025,15.5,56,1,1,19,6,5
2022-05-01 18:00:00+00:00,2022-05-01 20:00:00+02:00,48470.25,48.47025,14.4,65,1,1,20,6,5
2022-05-01 19:00:00+00:00,2022-05-01 21:00:00+02:00,47900.850000000006,47.900850000000005,12.7,73,1,0,21,6,5
2022-05-01 20:00:00+00:00,2022-05-01 22:00:00+02:00,46375.4325,46.3754325,12.2,72,1,0,22,6,5
2022-05-01 21:00:00+00:00,2022-05-01 23:00:00+02:00,43421.955,43.421955000000004,11.4,78,1,0,23,6,5
2022-05-01 22:00:00+00:00,2022-05-02 00:00:00+02:00,41348.9525,41.3489525,10.2,84,0,0,0,0,5
2022-05-01 23:00:00+00:00,2022-05-02 01:00:00+02:00,39970.025,39.970025,9.5,86,0,0,1,0,5
2022-05-02 00:00:00+00:00,2022-05-02 02:00:00+02:00,39200.34,39.20034,10.0,84,0,0,2,0,5
2022-05-02 01:00:00+00:00,2022-05-02 03:00:00+02:00,39753.1025,39.753102500000004,9.5,86,0,0,3,0,5
2022-05-02 02:00:00+00:00,2022-05-02 04:00:00+02:00,41826.2475,41.8262475,8.8,88,0,0,4,0,5
2022-05-02 03:00:00+00:00,2022-05-02 05:00:00+02:00,46172.765,46.172765,8.0,91,0,0,5,0,5
2022-05-02 04:00:00+00:00,2022-05-02 06:00:00+02:00,54518.3375,54.5183375,7.6,91,0,0,6,0,5
2022-05-02 05:00:00+00:00,2022-05-02 07:00:00+02:00,60066.3875,60.0663875,8.3,87,0,0,7,0,5
2022-05-02 06:00:00+00:00,2022-05-02 08:00:00+02:00,63144.455,63.144455,10.2,81,0,1,8,0,5
2022-05-02 07:00:00+00:00,2022-05-02 09:00:00+02:00,63768.82,63.76882,12.5,71,0,1,9,0,5
2022-05-02 08:00:00+00:00,2022-05-02 10:00:00+02:00,64546.8925,64.5468925,14.4,62,0,1,10,0,5
2022-05-02 09:00:00+00:00,2022-05-02 11:00:00+02:00,65512.520000000004,65.51252000000001,15.9,57,0,1,11,0,5
2022-05-02 10:00:00+00:00,2022-05-02 12:00:00+02:00,65462.9475,65.4629475,17.4,54,0,1,12,0,5
2022-05-02 11:00:00+00:00,2022-05-02 13:00:00+02:00,64617.565,64.617565,18.3,51,0,1,13,0,5
2022-05-02 12:00:00+00:00,2022-05-02 14:00:00+02:00,63236.12,63.23612,19.8,48,0,1,14,0,5
2022-05-02 13:00:00+00:00,2022-05-02 15:00:00+02:00,62272.4425,62.2724425,20.3,44,0,1,15,0,5
2022-05-02 14:00:00+00:00,2022-05-02 16:00:00+02:00,60993.4075,60.9934075,17.0,64,0,1,16,0,5
2022-05-02 15:00:00+00:00,2022-05-02 17:00:00+02:00,60776.7575,60.7767575,17.3,59,0,1,17,0,5
2022-05-02 16:00:00+00:00,2022-05-02 18:00:00+02:00,61457.78,61.45778,18.1,55,0,1,18,0,5
2022-05-02 17:00:00+00:00,2022-05-02 19:00:00+02:00,61471.7775,61.471777499999995,17.7,54,0,1,19,0,5
2022-05-02 18:00:00+00:00,2022-05-02 20:00:00+02:00,60018.229999999996,60.018229999999996,16.1,65,0,1,20,0,5
2022-05-02 19:00:00+00:00,2022-05-02 21:00:00+02:00,58524.0125,58.5240125,13.6,73,0,0,21,0,5
2022-05-02 20:00:00+00:00,2022-05-02 22:00:00+02:00,54976.9825,54.9769825,13.0,72,0,0,22,0,5
2022-05-02 21:00:00+00:00,2022-05-02 23:00:00+02:00,50743.305,50.743305,12.6,69,0,0,23,0,5
2022-05-02 22:00:00+00:00,2022-05-03 00:00:00+02:00,47960.69,47.96069,12.6,66,0,0,0,1,5
2022-05-02 23:00:00+00:00,2022-05-03 01:00:00+02:00,45813.5225,45.8135225,12.3,67,0,0,1,1,5
2022-05-03 00:00:00+00:00,2022-05-03 02:00:00+02:00,45050.825,45.050824999999996,12.1,67,0,0,2,1,5
2022-05-03 01:00:00+00:00,2022-05-03 03:00:00+02:00,45476.39,45.47639,11.8,68,0,0,3,1,5
2022-05-03 02:00:00+00:00,2022-05-03 04:00:00+02:00,47254.795,47.254795,11.1,71,0,0,4,1,5
2022-05-03 03:00:00+00:00,2022-05-03 05:00:00+02:00,50644.2125,50.6442125,10.5,75,0,0,5,1,5
2022-05-03 04:00:00+00:00,2022-05-03 06:00:00+02:00,57714.29,57.71429,10.3,77,0,0,6,1,5
2022-05-03 05:00:00+00:00,2022-05-03 07:00:00+02:00,62615.07,62.61507,10.6,76,0,0,7,1,5
2022-05-03 06:00:00+00:00,2022-05-03 08:00:00+02:00,65158.445,65.158445,11.6,74,0,1,8,1,5
2022-05-03 07:00:00+00:00,2022-05-03 09:00:00+02:00,65537.92749999999,65.5379275,12.8,69,0,1,9,1,5
2022-05-03 08:00:00+00:00,2022-05-03 10:00:00+02:00,66002.83,66.00283,15.0,62,0,1,10,1,5
2022-05-03 09:00:00+00:00,2022-05-03 11:00:00+02:00,66473.94,66.47394,17.0,55,0,1,11,1,5
2022-05-03 10:00:00+00:00,2022-05-03 12:00:00+02:00,66073.095,66.073095,18.5,50,0,1,12,1,5
2022-05-03 11:00:00+00:00,2022-05-03 13:00:00+02:00,65382.25,65.38225,19.7,46,0,1,13,1,5
2022-05-03 12:00:00+00:00,2022-05-03 14:00:00+02:00,63747.3975,63.7473975,20.3,44,0,1,14,1,5
2022-05-03 13:00:00+00:00,2022-05-03 15:00:00+02:00,62532.4775,62.5324775,20.6,41,0,1,15,1,5
2022-05-03 14:00:00+00:00,2022-05-03 16:00:00+02:00,61596.3025,61.5963025,20.8,39,0,1,16,1,5
2022-05-03 15:00:00+00:00,2022-05-03 17:00:00+02:00,62012.5675,62.012567499999996,20.2,40,0,1,17,1,5
2022-05-03 16:00:00+00:00,2022-05-03 18:00:00+02:00,62033.0,62.033,19.5,42,0,1,18,1,5
2022-05-03 17:00:00+00:00,2022-05-03 19:00:00+02:00,61653.3575,61.6533575,18.7,43,0,1,19,1,5
2022-05-03 18:00:00+00:00,2022-05-03 20:00:00+02:00,60115.5325,60.1155325,17.4,49,0,1,20,1,5
2022-05-03 19:00:00+00:00,2022-05-03 21:00:00+02:00,58601.255000000005,58.601255,15.8,54,0,0,21,1,5
2022-05-03 20:00:00+00:00,2022-05-03 22:00:00+02:00,54827.6875,54.8276875,15.1,57,0,0,22,1,5
2022-05-03 21:00:00+00:00,2022-05-03 23:00:00+02:00,50186.850000000006,50.18685000000001,14.3,60,0,0,23,1,5
2022-05-03 22:00:00+00:00,2022-05-04 00:00:00+02:00,46890.0575,46.890057500000005,14.1,60,0,0,0,2,5
2022-05-03 23:00:00+00:00,2022-05-04 01:00:00+02:00,45377.905,45.377905,13.0,61,0,0,1,2,5
2022-05-04 00:00:00+00:00,2022-05-04 02:00:00+02:00,44618.19,44.618190000000006,11.7,68,0,0,2,2,5
2022-05-04 01:00:00+00:00,2022-05-04 03:00:00+02:00,44722.0825,44.7220825,11.6,71,0,0,3,2,5
2022-05-04 02:00:00+00:00,2022-05-04 04:00:00+02:00,46106.415,46.106415,11.2,74,0,0,4,2,5
2022-05-04 03:00:00+00:00,2022-05-04 05:00:00+02:00,49779.53,49.77953,10.4,79,0,0,5,2,5
2022-05-04 04:00:00+00:00,2022-05-04 06:00:00+02:00,56744.87,56.744870000000006,9.5,84,0,0,6,2,5
2022-05-04 05:00:00+00:00,2022-05-04 07:00:00+02:00,61773.645,61.773644999999995,10.3,85,0,0,7,2,5
2022-05-04 06:00:00+00:00,2022-05-04 08:00:00+02:00,64617.6825,64.6176825,11.4,85,0,1,8,2,5
2022-05-04 07:00:00+00:00,2022-05-04 09:00:00+02:00,64813.3375,64.8133375,13.1,76,0,1,9,2,5
2022-05-04 08:00:00+00:00,2022-05-04 10:00:00+02:00,65352.515,65.352515,14.7,67,0,1,10,2,5
2022-05-04 09:00:00+00:00,2022-05-04 11:00:00+02:00,66298.9925,66.2989925,16.1,62,0,1,11,2,5
2022-05-04 10:00:00+00:00,2022-05-04 12:00:00+02:00,66103.8925,66.1038925,17.9,56,0,1,12,2,5
2022-05-04 11:00:00+00:00,2022-05-04 13:00:00+02:00,65182.0175,65.1820175,18.7,53,0,1,13,2,5
2022-05-04 12:00:00+00:00,2022-05-04 14:00:00+02:00,63804.84,63.80484,19.9,47,0,1,14,2,5
2022-05-04 13:00:00+00:00,2022-05-04 15:00:00+02:00,62794.2675,62.794267500000004,20.5,45,0,1,15,2,5
2022-05-04 14:00:00+00:00,2022-05-04 16:00:00+02:00,61885.455,61.885455,20.2,45,0,1,16,2,5
2022-05-04 15:00:00+00:00,2022-05-04 17:00:00+02:00,61841.3625,61.8413625,17.6,59,0,1,17,2,5
2022-05-04 16:00:00+00:00,2022-05-04 18:00:00+02:00,62099.1975,62.0991975,16.9,63,0,1,18,2,5
2022-05-04 17:00:00+00:00,2022-05-04 19:00:00+02:00,62086.755000000005,62.086755000000004,15.6,71,0,1,19,2,5
2022-05-04 18:00:00+00:00,2022-05-04 20:00:00+02:00,60203.8625,60.2038625,13.7,85,0,1,20,2,5
2022-05-04 19:00:00+00:00,2022-05-04 21:00:00+02:00,58585.350000000006,58.585350000000005,13.3,92,0,0,21,2,5
2022-05-04 20:00:00+00:00,2022-05-04 22:00:00+02:00,54826.3825,54.8263825,13.1,93,0,0,22,2,5
2022-05-04 21:00:00+00:00,2022-05-04 23:00:00+02:00,50440.965000000004,50.440965000000006,11.8,95,0,0,23,2,5
2022-05-04 22:00:00+00:00,2022-05-05 00:00:00+02:00,47427.715,47.427715,10.9,93,0,0,0,3,5
2022-05-04 23:00:00+00:00,2022-05-05 01:00:00+02:00,45290.305,45.290305000000004,9.8,90,0,0,1,3,5
2022-05-05 00:00:00+00:00,2022-05-05 02:00:00+02:00,44692.5075,44.6925075,12.0,68,0,0,2,3,5
2022-05-05 01:00:00+00:00,2022-05-05 03:00:00+02:00,44876.8275,44.8768275,12.9,63,0,0,3,3,5
2022-05-05 02:00:00+00:00,2022-05-05 04:00:00+02:00,46728.84,46.72884,12.4,69,0,0,4,3,5
2022-05-05 03:00:00+00:00,2022-05-05 05:00:00+02:00,50232.045,50.232045,11.8,73,0,0,5,3,5
2022-05-05 04:00:00+00:00,2022-05-05 06:00:00+02:00,56745.18,56.74518,11.5,72,0,0,6,3,5
2022-05-05 05:00:00+00:00,2022-05-05 07:00:00+02:00,61661.332500000004,61.66133250000001,11.7,73,0,0,7,3,5
2022-05-05 06:00:00+00:00,2022-05-05 08:00:00+02:00,64728.8525,64.7288525,12.0,74,0,1,8,3,5
2022-05-05 07:00:00+00:00,2022-05-05 09:00:00+02:00,65735.66,65.73566000000001,12.9,69,0,1,9,3,5
2022-05-05 08:00:00+00:00,2022-05-05 10:00:00+02:00,66234.6225,66.2346225,14.3,64,0,1,10,3,5
2022-05-05 09:00:00+00:00,2022-05-05 11:00:00+02:00,67100.0575,67.10005749999999,15.2,60,0,1,11,3,5
2022-05-05 10:00:00+00:00,2022-05-05 12:00:00+02:00,67051.775,67.05177499999999,14.9,60,0,1,12,3,5
2022-05-05 11:00:00+00:00,2022-05-05 13:00:00+02:00,66230.745,66.230745,16.0,51,0,1,13,3,5
2022-05-05 12:00:00+00:00,2022-05-05 14:00:00+02:00,65048.8425,65.04884249999999,18.1,43,0,1,14,3,5
2022-05-05 13:00:00+00:00,2022-05-05 15:00:00+02:00,63994.255000000005,63.994255,18.6,41,0,1,15,3,5
2022-05-05 14:00:00+00:00,2022-05-05 16:00:00+02:00,62601.1075,62.6011075,19.0,38,0,1,16,3,5
2022-05-05 15:00:00+00:00,2022-05-05 17:00:00+02:00,62479.2275,62.4792275,19.3,37,0,1,17,3,5
2022-05-05 16:00:00+00:00,2022-05-05 18:00:00+02:00,62462.3,62.462300000000006,18.7,39,0,1,18,3,5
2022-05-05 17:00:00+00:00,2022-05-05 19:00:00+02:00,62129.5875,62.1295875,17.8,42,0,1,19,3,5
2022-05-05 18:00:00+00:00,2022-05-05 20:00:00+02:00,60433.435,60.433434999999996,17.1,46,0,1,20,3,5
2022-05-05 19:00:00+00:00,2022-05-05 21:00:00+02:00,58520.445,58.520445,15.5,51,0,0,21,3,5
2022-05-05 20:00:00+00:00,2022-05-05 22:00:00+02:00,54810.15,54.81015,14.4,55,0,0,22,3,5
2022-05-05 21:00:00+00:00,2022-05-05 23:00:00+02:00,50830.957500000004,50.830957500000004,13.2,59,0,0,23,3,5
2022-05-05 22:00:00+00:00,2022-05-06 00:00:00+02:00,47841.81,47.841809999999995,12.3,63,0,0,0,4,5
2022-05-05 23:00:00+00:00,2022-05-06 01:00:00+02:00,45894.5,45.8945,11.4,68,0,0,1,4,5
2022-05-06 00:00:00+00:00,2022-05-06 02:00:00+02:00,45000.315,45.000315,11.5,64,0,0,2,4,5
2022-05-06 01:00:00+00:00,2022-05-06 03:00:00+02:00,45113.024999999994,45.11302499999999,11.0,64,0,0,3,4,5
2022-05-06 02:00:00+00:00,2022-05-06 04:00:00+02:00,46862.955,46.862955,10.8,64,0,0,4,4,5
2022-05-06 03:00:00+00:00,2022-05-06 05:00:00+02:00,50136.7375,50.1367375,10.2,67,0,0,5,4,5
2022-05-06 04:00:00+00:00,2022-05-06 06:00:00+02:00,56696.9425,56.6969425,9.7,68,0,0,6,4,5
2022-05-06 05:00:00+00:00,2022-05-06 07:00:00+02:00,61940.2325,61.9402325,10.5,66,0,0,7,4,5
2022-05-06 06:00:00+00:00,2022-05-06 08:00:00+02:00,64843.2375,64.8432375,12.2,63,0,1,8,4,5
2022-05-06 07:00:00+00:00,2022-05-06 09:00:00+02:00,65569.8775,65.5698775,14.4,56,0,1,9,4,5
2022-05-06 08:00:00+00:00,2022-05-06 10:00:00+02:00,65957.105,65.957105,16.5,49,0,1,10,4,5
2022-05-06 09:00:00+00:00,2022-05-06 11:00:00+02:00,66520.6825,66.52068249999999,18.1,41,0,1,11,4,5
2022-05-06 10:00:00+00:00,2022-05-06 12:00:00+02:00,66051.155,66.051155,19.5,36,0,1,12,4,5
2022-05-06 11:00:00+00:00,2022-05-06 13:00:00+02:00,64083.79,64.08379000000001,20.0,36,0,1,13,4,5
2022-05-06 12:00:00+00:00,2022-05-06 14:00:00+02:00,62109.935,62.109935,19.8,37,0,1,14,4,5
2022-05-06 13:00:00+00:00,2022-05-06 15:00:00+02:00,60957.4,60.9574,20.1,36,0,1,15,4,5
2022-05-06 14:00:00+00:00,2022-05-06 16:00:00+02:00,60337.275,60.337275,19.9,38,0,1,16,4,5
2022-05-06 15:00:00+00:00,2022-05-06 17:00:00+02:00,60823.365,60.823364999999995,20.0,38,0,1,17,4,5
2022-05-06 16:00:00+00:00,2022-05-06 18:00:00+02:00,60433.5725,60.433572500000004,19.7,39,0,1,18,4,5
2022-05-06 17:00:00+00:00,2022-05-06 19:00:00+02:00,59505.8575,59.5058575,19.3,41,0,1,19,4,5
2022-05-06 18:00:00+00:00,2022-05-06 20:00:00+02:00,57565.9275,57.5659275,18.4,46,0,1,20,4,5
2022-05-06 19:00:00+00:00,2022-05-06 21:00:00+02:00,55961.54,55.96154,15.3,59,0,0,21,4,5
2022-05-06 20:00:00+00:00,2022-05-06 22:00:00+02:00,52635.3025,52.635302499999995,14.6,63,0,0,22,4,5
2022-05-06 21:00:00+00:00,2022-05-06 23:00:00+02:00,49041.6325,49.0416325,12.8,70,0,0,23,4,5
2022-05-06 22:00:00+00:00,2022-05-07 00:00:00+02:00,46329.6575,46.3296575,11.7,76,1,0,0,5,5
2022-05-06 23:00:00+00:00,2022-05-07 01:00:00+02:00,44309.799999999996,44.309799999999996,10.6,81,1,0,1,5,5
2022-05-07 00:00:00+00:00,2022-05-07 02:00:00+02:00,42625.98,42.625980000000006,10.7,80,1,0,2,5,5
2022-05-07 01:00:00+00:00,2022-05-07 03:00:00+02:00,42367.615,42.367615,9.8,83,1,0,3,5,5
2022-05-07 02:00:00+00:00,2022-05-07 04:00:00+02:00,42636.71,42.63671,9.1,85,1,0,4,5,5
2022-05-07 03:00:00+00:00,2022-05-07 05:00:00+02:00,43384.3675,43.3843675,8.3,89,1,0,5,5,5
2022-05-07 04:00:00+00:00,2022-05-07 06:00:00+02:00,44797.56,44.79756,7.6,91,1,0,6,5,5
2022-05-07 05:00:00+00:00,2022-05-07 07:00:00+02:00,47605.7825,47.605782500000004,9.0,84,1,0,7,5,5
2022-05-07 06:00:00+00:00,2022-05-07 08:00:00+02:00,51467.4025,51.4674025,11.5,74,1,1,8,5,5
2022-05-07 07:00:00+00:00,2022-05-07 09:00:00+02:00,54101.69,54.101690000000005,14.3,63,1,1,9,5,5
2022-05-07 08:00:00+00:00,2022-05-07 10:00:00+02:00,55006.585,55.006585,17.0,53,1,1,10,5,5
2022-05-07 09:00:00+00:00,2022-05-07 11:00:00+02:00,55444.94,55.44494,19.3,43,1,1,11,5,5
2022-05-07 10:00:00+00:00,2022-05-07 12:00:00+02:00,54812.634999999995,54.81263499999999,20.7,37,1,1,12,5,5
2022-05-07 11:00:00+00:00,2022-05-07 13:00:00+02:00,53645.6725,53.6456725,21.6,34,1,1,13,5,5
2022-05-07 12:00:00+00:00,2022-05-07 14:00:00+02:00,51938.06,51.93806,22.0,34,1,1,14,5,5
2022-05-07 13:00:00+00:00,2022-05-07 15:00:00+02:00,51295.95,51.29595,22.3,35,1,1,15,5,5
2022-05-07 14:00:00+00:00,2022-05-07 16:00:00+02:00,51461.2525,51.4612525,22.1,35,1,1,16,5,5
2022-05-07 15:00:00+00:00,2022-05-07 17:00:00+02:00,52090.707500000004,52.0907075,21.8,36,1,1,17,5,5
2022-05-07 16:00:00+00:00,2022-05-07 18:00:00+02:00,53072.355,53.072355,22.0,36,1,1,18,5,5
2022-05-07 17:00:00+00:00,2022-05-07 19:00:00+02:00,52614.947499999995,52.61494749999999,21.2,37,1,1,19,5,5
2022-05-07 18:00:00+00:00,2022-05-07 20:00:00+02:00,50837.875,50.837875,17.5,58,1,1,20,5,5
2022-05-07 19:00:00+00:00,2022-05-07 21:00:00+02:00,50128.2825,50.128282500000005,16.3,61,1,0,21,5,5
2022-05-07 20:00:00+00:00,2022-05-07 22:00:00+02:00,48023.135,48.023135,15.7,65,1,0,22,5,5
2022-05-07 21:00:00+00:00,2022-05-07 23:00:00+02:00,44941.8125,44.9418125,15.2,68,1,0,23,5,5
2022-05-07 22:00:00+00:00,2022-05-08 00:00:00+02:00,41610.682499999995,41.610682499999996,14.0,75,1,0,0,6,5
2022-05-07 23:00:00+00:00,2022-05-08 01:00:00+02:00,39573.207500000004,39.5732075,12.9,80,1,0,1,6,5
2022-05-08 00:00:00+00:00,2022-05-08 02:00:00+02:00,38290.207500000004,38.2902075,14.0,72,1,0,2,6,5
2022-05-08 01:00:00+00:00,2022-05-08 03:00:00+02:00,37590.9275,37.5909275,13.1,76,1,0,3,6,5
2022-05-08 02:00:00+00:00,2022-05-08 04:00:00+02:00,37667.36,37.66736,12.8,78,1,0,4,6,5
2022-05-08 03:00:00+00:00,2022-05-08 05:00:00+02:00,37884.4525,37.8844525,12.5,80,1,0,5,6,5
2022-05-08 04:00:00+00:00,2022-05-08 06:00:00+02:00,38455.1825,38.4551825,12.1,83,1,0,6,6,5
2022-05-08 05:00:00+00:00,2022-05-08 07:00:00+02:00,40967.785,40.967785000000006,12.5,83,1,0,7,6,5
2022-05-08 06:00:00+00:00,2022-05-08 08:00:00+02:00,44935.3125,44.9353125,13.3,81,1,1,8,6,5
2022-05-08 07:00:00+00:00,2022-05-08 09:00:00+02:00,47604.845,47.604845000000005,14.9,74,1,1,9,6,5
2022-05-08 08:00:00+00:00,2022-05-08 10:00:00+02:00,49349.3725,49.3493725,17.0,65,1,1,10,6,5
2022-05-08 09:00:00+00:00,2022-05-08 11:00:00+02:00,51201.8275,51.2018275,18.7,59,1,1,11,6,5
2022-05-08 10:00:00+00:00,2022-05-08 12:00:00+02:00,50232.825,50.232825,20.2,53,1,1,12,6,5
2022-05-08 11:00:00+00:00,2022-05-08 13:00:00+02:00,48449.067500000005,48.449067500000005,21.4,49,1,1,13,6,5
2022-05-08 12:00:00+00:00,2022-05-08 14:00:00+02:00,47152.285,47.152285000000006,21.6,42,1,1,14,6,5
2022-05-08 13:00:00+00:00,2022-05-08 15:00:00+02:00,46174.5725,46.174572500000004,20.1,48,1,1,15,6,5
2022-05-08 14:00:00+00:00,2022-05-08 16:00:00+02:00,45623.145000000004,45.623145,19.8,50,1,1,16,6,5
2022-05-08 15:00:00+00:00,2022-05-08 17:00:00+02:00,47142.9275,47.1429275,20.4,51,1,1,17,6,5
2022-05-08 16:00:00+00:00,2022-05-08 18:00:00+02:00,48658.494999999995,48.658494999999995,20.5,48,1,1,18,6,5
2022-05-08 17:00:00+00:00,2022-05-08 19:00:00+02:00,49109.6075,49.109607499999996,19.1,56,1,1,19,6,5
2022-05-08 18:00:00+00:00,2022-05-08 20:00:00+02:00,49539.9025,49.5399025,18.2,59,1,1,20,6,5
2022-05-08 19:00:00+00:00,2022-05-08 21:00:00+02:00,49827.35,49.827349999999996,16.8,66,1,0,21,6,5
2022-05-08 20:00:00+00:00,2022-05-08 22:00:00+02:00,48856.9475,48.856947500000004,16.1,68,1,0,22,6,5
2022-05-08 21:00:00+00:00,2022-05-08 23:00:00+02:00,45796.295,45.796295,15.2,68,1,0,23,6,5
2022-05-08 22:00:00+00:00,2022-05-09 00:00:00+02:00,43093.2775,43.0932775,14.1,67,0,0,0,0,5
2022-05-08 23:00:00+00:00,2022-05-09 01:00:00+02:00,41674.380000000005,41.674380000000006,13.2,72,0,0,1,0,5
2022-05-09 00:00:00+00:00,2022-05-09 02:00:00+02:00,41253.835,41.253835,13.2,78,0,0,2,0,5
2022-05-09 01:00:00+00:00,2022-05-09 03:00:00+02:00,41611.135,41.611135000000004,12.6,80,0,0,3,0,5
2022-05-09 02:00:00+00:00,2022-05-09 04:00:00+02:00,43226.6625,43.226662499999996,12.0,81,0,0,4,0,5
2022-05-09 03:00:00+00:00,2022-05-09 05:00:00+02:00,47030.1425,47.030142500000004,11.4,81,0,0,5,0,5
2022-05-09 04:00:00+00:00,2022-05-09 06:00:00+02:00,54880.5675,54.8805675,10.9,81,0,0,6,0,5
2022-05-09 05:00:00+00:00,2022-05-09 07:00:00+02:00,60318.56,60.31856,11.7,75,0,0,7,0,5
2022-05-09 06:00:00+00:00,2022-05-09 08:00:00+02:00,63695.485,63.695485,13.7,67,0,1,8,0,5
2022-05-09 07:00:00+00:00,2022-05-09 09:00:00+02:00,64483.215,64.483215,15.7,57,0,1,9,0,5
2022-05-09 08:00:00+00:00,2022-05-09 10:00:00+02:00,65214.4925,65.2144925,17.9,51,0,1,10,0,5
2022-05-09 09:00:00+00:00,2022-05-09 11:00:00+02:00,65810.365,65.810365,19.9,47,0,1,11,0,5
2022-05-09 10:00:00+00:00,2022-05-09 12:00:00+02:00,65442.8775,65.44287750000001,21.6,43,0,1,12,0,5
2022-05-09 11:00:00+00:00,2022-05-09 13:00:00+02:00,64565.865,64.565865,22.7,39,0,1,13,0,5
2022-05-09 12:00:00+00:00,2022-05-09 14:00:00+02:00,63281.3225,63.2813225,23.2,36,0,1,14,0,5
2022-05-09 13:00:00+00:00,2022-05-09 15:00:00+02:00,62639.542499999996,62.6395425,23.9,34,0,1,15,0,5
2022-05-09 14:00:00+00:00,2022-05-09 16:00:00+02:00,61354.4925,61.3544925,24.6,32,0,1,16,0,5
2022-05-09 15:00:00+00:00,2022-05-09 17:00:00+02:00,61287.2675,61.2872675,24.7,31,0,1,17,0,5
2022-05-09 16:00:00+00:00,2022-05-09 18:00:00+02:00,61856.1,61.8561,24.4,31,0,1,18,0,5
2022-05-09 17:00:00+00:00,2022-05-09 19:00:00+02:00,61798.6825,61.798682500000005,23.6,33,0,1,19,0,5
2022-05-09 18:00:00+00:00,2022-05-09 20:00:00+02:00,60402.8975,60.4028975,22.3,38,0,1,20,0,5
2022-05-09 19:00:00+00:00,2022-05-09 21:00:00+02:00,59079.5925,59.0795925,20.1,45,0,0,21,0,5
2022-05-09 20:00:00+00:00,2022-05-09 22:00:00+02:00,55956.51,55.95651,18.2,54,0,0,22,0,5
2022-05-09 21:00:00+00:00,2022-05-09 23:00:00+02:00,51818.572499999995,51.818572499999995,15.6,67,0,0,23,0,5
2022-05-09 22:00:00+00:00,2022-05-10 00:00:00+02:00,49132.8825,49.1328825,14.2,74,0,0,0,1,5
2022-05-09 23:00:00+00:00,2022-05-10 01:00:00+02:00,47475.4375,47.4754375,14.4,73,0,0,1,1,5
2022-05-10 00:00:00+00:00,2022-05-10 02:00:00+02:00,46123.53,46.12353,16.3,65,0,0,2,1,5
2022-05-10 01:00:00+00:00,2022-05-10 03:00:00+02:00,46444.425,46.444425,13.5,78,0,0,3,1,5
2022-05-10 02:00:00+00:00,2022-05-10 04:00:00+02:00,47778.6925,47.7786925,11.3,87,0,0,4,1,5
2022-05-10 03:00:00+00:00,2022-05-10 05:00:00+02:00,51079.4925,51.0794925,10.7,90,0,0,5,1,5
2022-05-10 04:00:00+00:00,2022-05-10 06:00:00+02:00,58163.92,58.16392,10.0,92,0,0,6,1,5
2022-05-10 05:00:00+00:00,2022-05-10 07:00:00+02:00,63303.2325,63.3032325,11.8,84,0,0,7,1,5
2022-05-10 06:00:00+00:00,2022-05-10 08:00:00+02:00,65777.25,65.77725,14.6,71,0,1,8,1,5
2022-05-10 07:00:00+00:00,2022-05-10 09:00:00+02:00,66453.9925,66.4539925,17.5,60,0,1,9,1,5
2022-05-10 08:00:00+00:00,2022-05-10 10:00:00+02:00,67321.7625,67.32176249999999,20.1,52,0,1,10,1,5
2022-05-10 09:00:00+00:00,2022-05-10 11:00:00+02:00,69171.365,69.17136500000001,22.2,47,0,1,11,1,5
2022-05-10 10:00:00+00:00,2022-05-10 12:00:00+02:00,69771.7325,69.7717325,24.2,39,0,1,12,1,5
2022-05-10 11:00:00+00:00,2022-05-10 13:00:00+02:00,69173.4525,69.1734525,25.2,35,0,1,13,1,5
2022-05-10 12:00:00+00:00,2022-05-10 14:00:00+02:00,68334.6175,68.3346175,25.1,37,0,1,14,1,5
2022-05-10 13:00:00+00:00,2022-05-10 15:00:00+02:00,67480.625,67.480625,25.1,37,0,1,15,1,5
2022-05-10 14:00:00+00:00,2022-05-10 16:00:00+02:00,64975.2,64.9752,25.8,34,0,1,16,1,5
2022-05-10 15:00:00+00:00,2022-05-10 17:00:00+02:00,64710.975000000006,64.710975,26.5,30,0,1,17,1,5
2022-05-10 16:00:00+00:00,2022-05-10 18:00:00+02:00,64136.19,64.13619,26.3,29,0,1,18,1,5
2022-05-10 17:00:00+00:00,2022-05-10 19:00:00+02:00,63878.545,63.878544999999995,25.6,31,0,1,19,1,5
2022-05-10 18:00:00+00:00,2022-05-10 20:00:00+02:00,61529.1,61.5291,24.8,33,0,1,20,1,5
2022-05-10 19:00:00+00:00,2022-05-10 21:00:00+02:00,59670.66,59.670660000000005,22.4,40,0,0,21,1,5
2022-05-10 20:00:00+00:00,2022-05-10 22:00:00+02:00,55829.395000000004,55.829395000000005,20.6,48,0,0,22,1,5
2022-05-10 21:00:00+00:00,2022-05-10 23:00:00+02:00,51519.1775,51.5191775,19.1,54,0,0,23,1,5
2022-05-10 22:00:00+00:00,2022-05-11 00:00:00+02:00,47531.8625,47.5318625,18.4,57,0,0,0,2,5
2022-05-10 23:00:00+00:00,2022-05-11 01:00:00+02:00,45903.19,45.90319,17.3,63,0,0,1,2,5
2022-05-11 00:00:00+00:00,2022-05-11 02:00:00+02:00,44919.655,44.919655,17.3,70,0,0,2,2,5
2022-05-11 01:00:00+00:00,2022-05-11 03:00:00+02:00,45394.659999999996,45.394659999999995,17.1,71,0,0,3,2,5
2022-05-11 02:00:00+00:00,2022-05-11 04:00:00+02:00,46574.8275,46.5748275,16.2,76,0,0,4,2,5
2022-05-11 03:00:00+00:00,2022-05-11 05:00:00+02:00,49765.03,49.765029999999996,15.7,78,0,0,5,2,5
2022-05-11 04:00:00+00:00,2022-05-11 06:00:00+02:00,57118.6175,57.1186175,15.4,80,0,0,6,2,5
2022-05-11 05:00:00+00:00,2022-05-11 07:00:00+02:00,62820.1025,62.820102500000004,16.2,77,0,0,7,2,5
2022-05-11 06:00:00+00:00,2022-05-11 08:00:00+02:00,65988.8025,65.9888025,18.0,68,0,1,8,2,5
2022-05-11 07:00:00+00:00,2022-05-11 09:00:00+02:00,66593.95,66.59394999999999,20.1,58,0,1,9,2,5
2022-05-11 08:00:00+00:00,2022-05-11 10:00:00+02:00,67459.965,67.459965,22.6,51,0,1,10,2,5
2022-05-11 09:00:00+00:00,2022-05-11 11:00:00+02:00,68943.2525,68.9432525,25.2,44,0,1,11,2,5
2022-05-11 10:00:00+00:00,2022-05-11 12:00:00+02:00,69140.86,69.14086,27.1,34,0,1,12,2,5
2022-05-11 11:00:00+00:00,2022-05-11 13:00:00+02:00,68951.37,68.95137,28.4,29,0,1,13,2,5
2022-05-11 12:00:00+00:00,2022-05-11 14:00:00+02:00,67697.75,67.69775,29.0,29,0,1,14,2,5
2022-05-11 13:00:00+00:00,2022-05-11 15:00:00+02:00,66895.9675,66.8959675,29.4,28,0,1,15,2,5
2022-05-11 14:00:00+00:00,2022-05-11 16:00:00+02:00,65689.625,65.689625,29.5,28,0,1,16,2,5
2022-05-11 15:00:00+00:00,2022-05-11 17:00:00+02:00,65364.692500000005,65.3646925,29.1,30,0,1,17,2,5
2022-05-11 16:00:00+00:00,2022-05-11 18:00:00+02:00,63765.270000000004,63.76527,28.6,29,0,1,18,2,5
2022-05-11 17:00:00+00:00,2022-05-11 19:00:00+02:00,62719.8625,62.719862500000005,27.8,29,0,1,19,2,5
2022-05-11 18:00:00+00:00,2022-05-11 20:00:00+02:00,60335.2,60.3352,26.6,30,0,1,20,2,5
2022-05-11 19:00:00+00:00,2022-05-11 21:00:00+02:00,58938.095,58.938095000000004,25.0,32,0,0,21,2,5
2022-05-11 20:00:00+00:00,2022-05-11 22:00:00+02:00,55608.74,55.60874,23.9,35,0,0,22,2,5
2022-05-11 21:00:00+00:00,2022-05-11 23:00:00+02:00,51072.9925,51.0729925,23.1,37,0,0,23,2,5
2022-05-11 22:00:00+00:00,2022-05-12 00:00:00+02:00,47624.68,47.62468,21.9,40,0,0,0,3,5
2022-05-11 23:00:00+00:00,2022-05-12 01:00:00+02:00,46760.315,46.760315000000006,20.8,44,0,0,1,3,5
2022-05-12 00:00:00+00:00,2022-05-12 02:00:00+02:00,46363.9675,46.3639675,20.8,44,0,0,2,3,5
2022-05-12 01:00:00+00:00,2022-05-12 03:00:00+02:00,46926.1,46.9261,19.9,46,0,0,3,3,5
2022-05-12 02:00:00+00:00,2022-05-12 04:00:00+02:00,48114.7975,48.1147975,18.9,49,0,0,4,3,5
2022-05-12 03:00:00+00:00,2022-05-12 05:00:00+02:00,51057.432499999995,51.0574325,17.4,58,0,0,5,3,5
2022-05-12 04:00:00+00:00,2022-05-12 06:00:00+02:00,58123.707500000004,58.1237075,16.1,68,0,0,6,3,5
2022-05-12 05:00:00+00:00,2022-05-12 07:00:00+02:00,62789.06,62.78906,16.6,66,0,0,7,3,5
2022-05-12 06:00:00+00:00,2022-05-12 08:00:00+02:00,65481.53,65.48152999999999,17.3,62,0,1,8,3,5
2022-05-12 07:00:00+00:00,2022-05-12 09:00:00+02:00,66009.625,66.009625,18.2,57,0,1,9,3,5
2022-05-12 08:00:00+00:00,2022-05-12 10:00:00+02:00,66146.665,66.146665,19.3,52,0,1,10,3,5
2022-05-12 09:00:00+00:00,2022-05-12 11:00:00+02:00,67023.0575,67.0230575,20.7,45,0,1,11,3,5
2022-05-12 10:00:00+00:00,2022-05-12 12:00:00+02:00,66738.1425,66.7381425,21.9,39,0,1,12,3,5
2022-05-12 11:00:00+00:00,2022-05-12 13:00:00+02:00,66980.3375,66.98033749999999,22.8,34,0,1,13,3,5
2022-05-12 12:00:00+00:00,2022-05-12 14:00:00+02:00,66341.20749999999,66.3412075,22.8,32,0,1,14,3,5
2022-05-12 13:00:00+00:00,2022-05-12 15:00:00+02:00,65080.3275,65.0803275,24.3,27,0,1,15,3,5
2022-05-12 14:00:00+00:00,2022-05-12 16:00:00+02:00,63446.61,63.44661,24.4,27,0,1,16,3,5
2022-05-12 15:00:00+00:00,2022-05-12 17:00:00+02:00,63675.292499999996,63.6752925,24.9,26,0,1,17,3,5
2022-05-12 16:00:00+00:00,2022-05-12 18:00:00+02:00,63124.685,63.124685,24.1,28,0,1,18,3,5
2022-05-12 17:00:00+00:00,2022-05-12 19:00:00+02:00,62893.6275,62.8936275,23.3,28,0,1,19,3,5
2022-05-12 18:00:00+00:00,2022-05-12 20:00:00+02:00,60877.4675,60.8774675,22.7,30,0,1,20,3,5
2022-05-12 19:00:00+00:00,2022-05-12 21:00:00+02:00,59107.31,59.10731,21.5,33,0,0,21,3,5
2022-05-12 20:00:00+00:00,2022-05-12 22:00:00+02:00,55257.0225,55.2570225,20.4,36,0,0,22,3,5
2022-05-12 21:00:00+00:00,2022-05-12 23:00:00+02:00,51033.100000000006,51.033100000000005,19.3,40,0,0,23,3,5
2022-05-12 22:00:00+00:00,2022-05-13 00:00:00+02:00,48459.6075,48.4596075,17.2,46,0,0,0,4,5
2022-05-12 23:00:00+00:00,2022-05-13 01:00:00+02:00,46794.3775,46.7943775,15.8,50,0,0,1,4,5
2022-05-13 00:00:00+00:00,2022-05-13 02:00:00+02:00,45485.9775,45.485977500000004,13.4,69,0,0,2,4,5
2022-05-13 01:00:00+00:00,2022-05-13 03:00:00+02:00,45520.1625,45.5201625,13.9,65,0,0,3,4,5
2022-05-13 02:00:00+00:00,2022-05-13 04:00:00+02:00,46623.1025,46.6231025,11.7,75,0,0,4,4,5
2022-05-13 03:00:00+00:00,2022-05-13 05:00:00+02:00,49980.8625,49.9808625,10.8,78,0,0,5,4,5
2022-05-13 04:00:00+00:00,2022-05-13 06:00:00+02:00,56972.4525,56.9724525,10.3,80,0,0,6,4,5
2022-05-13 05:00:00+00:00,2022-05-13 07:00:00+02:00,62516.27,62.51627,12.4,69,0,0,7,4,5
2022-05-13 06:00:00+00:00,2022-05-13 08:00:00+02:00,65563.9075,65.5639075,15.3,56,0,1,8,4,5
2022-05-13 07:00:00+00:00,2022-05-13 09:00:00+02:00,66298.905,66.298905,17.3,48,0,1,9,4,5
2022-05-13 08:00:00+00:00,2022-05-13 10:00:00+02:00,67419.5375,67.4195375,18.3,42,0,1,10,4,5
2022-05-13 09:00:00+00:00,2022-05-13 11:00:00+02:00,68472.34,68.47234,18.9,37,0,1,11,4,5
2022-05-13 10:00:00+00:00,2022-05-13 12:00:00+02:00,67818.975,67.81897500000001,19.6,37,0,1,12,4,5
2022-05-13 11:00:00+00:00,2022-05-13 13:00:00+02:00,66257.145,66.25714500000001,20.6,34,0,1,13,4,5
2022-05-13 12:00:00+00:00,2022-05-13 14:00:00+02:00,64909.43,64.90943,20.2,34,0,1,14,4,5
2022-05-13 13:00:00+00:00,2022-05-13 15:00:00+02:00,64934.9975,64.9349975,21.2,32,0,1,15,4,5
2022-05-13 14:00:00+00:00,2022-05-13 16:00:00+02:00,63849.582500000004,63.849582500000004,21.6,31,0,1,16,4,5
2022-05-13 15:00:00+00:00,2022-05-13 17:00:00+02:00,63361.6125,63.3616125,21.6,31,0,1,17,4,5
2022-05-13 16:00:00+00:00,2022-05-13 18:00:00+02:00,62271.4375,62.2714375,21.7,31,0,1,18,4,5
2022-05-13 17:00:00+00:00,2022-05-13 19:00:00+02:00,61357.5325,61.3575325,21.4,31,0,1,19,4,5
2022-05-13 18:00:00+00:00,2022-05-13 20:00:00+02:00,58675.25,58.67525,20.4,34,0,1,20,4,5
2022-05-13 19:00:00+00:00,2022-05-13 21:00:00+02:00,56992.86,56.99286,17.3,45,0,0,21,4,5
2022-05-13 20:00:00+00:00,2022-05-13 22:00:00+02:00,53758.77,53.75877,15.9,51,0,0,22,4,5
2022-05-13 21:00:00+00:00,2022-05-13 23:00:00+02:00,49964.9825,49.9649825,14.4,60,0,0,23,4,5
2022-05-13 22:00:00+00:00,2022-05-14 00:00:00+02:00,46853.18,46.85318,14.1,60,1,0,0,5,5
2022-05-13 23:00:00+00:00,2022-05-14 01:00:00+02:00,44929.3525,44.9293525,12.6,68,1,0,1,5,5
2022-05-14 00:00:00+00:00,2022-05-14 02:00:00+02:00,43323.494999999995,43.323494999999994,11.0,79,1,0,2,5,5
2022-05-14 01:00:00+00:00,2022-05-14 03:00:00+02:00,43111.0375,43.1110375,9.8,84,1,0,3,5,5
2022-05-14 02:00:00+00:00,2022-05-14 04:00:00+02:00,43510.6,43.5106,9.0,87,1,0,4,5,5
2022-05-14 03:00:00+00:00,2022-05-14 05:00:00+02:00,43841.0675,43.841067499999994,8.3,91,1,0,5,5,5
2022-05-14 04:00:00+00:00,2022-05-14 06:00:00+02:00,45201.902500000004,45.2019025,8.2,92,1,0,6,5,5
2022-05-14 05:00:00+00:00,2022-05-14 07:00:00+02:00,48018.04,48.01804,10.2,82,1,0,7,5,5
2022-05-14 06:00:00+00:00,2022-05-14 08:00:00+02:00,51583.7525,51.5837525,13.6,67,1,1,8,5,5
2022-05-14 07:00:00+00:00,2022-05-14 09:00:00+02:00,53836.21,53.83621,16.3,56,1,1,9,5,5
2022-05-14 08:00:00+00:00,2022-05-14 10:00:00+02:00,55672.552500000005,55.6725525,18.3,49,1,1,10,5,5
2022-05-14 09:00:00+00:00,2022-05-14 11:00:00+02:00,56524.4325,56.5244325,20.0,45,1,1,11,5,5
2022-05-14 10:00:00+00:00,2022-05-14 12:00:00+02:00,55677.0025,55.6770025,21.5,39,1,1,12,5,5
2022-05-14 11:00:00+00:00,2022-05-14 13:00:00+02:00,53568.51,53.56851,22.8,35,1,1,13,5,5
2022-05-14 12:00:00+00:00,2022-05-14 14:00:00+02:00,52020.7125,52.0207125,23.2,32,1,1,14,5,5
2022-05-14 13:00:00+00:00,2022-05-14 15:00:00+02:00,51016.4625,51.0164625,24.1,29,1,1,15,5,5
2022-05-14 14:00:00+00:00,2022-05-14 16:00:00+02:00,50798.6625,50.7986625,24.5,29,1,1,16,5,5
2022-05-14 15:00:00+00:00,2022-05-14 17:00:00+02:00,50971.9,50.9719,24.7,29,1,1,17,5,5
2022-05-14 16:00:00+00:00,2022-05-14 18:00:00+02:00,51551.68,51.55168,24.6,28,1,1,18,5,5
2022-05-14 17:00:00+00:00,2022-05-14 19:00:00+02:00,51136.5525,51.1365525,23.7,25,1,1,19,5,5
2022-05-14 18:00:00+00:00,2022-05-14 20:00:00+02:00,49415.8725,49.4158725,22.3,26,1,1,20,5,5
2022-05-14 19:00:00+00:00,2022-05-14 21:00:00+02:00,48658.395000000004,48.658395000000006,19.0,36,1,0,21,5,5
2022-05-14 20:00:00+00:00,2022-05-14 22:00:00+02:00,46869.7175,46.8697175,17.7,45,1,0,22,5,5
2022-05-14 21:00:00+00:00,2022-05-14 23:00:00+02:00,43737.315,43.737315,17.5,48,1,0,23,5,5
2022-05-14 22:00:00+00:00,2022-05-15 00:00:00+02:00,41524.225,41.524225,16.5,54,1,0,0,6,5
2022-05-14 23:00:00+00:00,2022-05-15 01:00:00+02:00,39579.475000000006,39.57947500000001,15.3,60,1,0,1,6,5
2022-05-15 00:00:00+00:00,2022-05-15 02:00:00+02:00,38229.315,38.229315,14.6,67,1,0,2,6,5
2022-05-15 01:00:00+00:00,2022-05-15 03:00:00+02:00,37737.957500000004,37.73795750000001,13.7,71,1,0,3,6,5
2022-05-15 02:00:00+00:00,2022-05-15 04:00:00+02:00,37665.8975,37.6658975,12.9,73,1,0,4,6,5
2022-05-15 03:00:00+00:00,2022-05-15 05:00:00+02:00,37329.81,37.329809999999995,12.0,77,1,0,5,6,5
2022-05-15 04:00:00+00:00,2022-05-15 06:00:00+02:00,37893.4625,37.8934625,11.5,79,1,0,6,6,5
2022-05-15 05:00:00+00:00,2022-05-15 07:00:00+02:00,40639.3825,40.639382499999996,12.7,74,1,0,7,6,5
2022-05-15 06:00:00+00:00,2022-05-15 08:00:00+02:00,44342.3,44.3423,14.8,63,1,1,8,6,5
2022-05-15 07:00:00+00:00,2022-05-15 09:00:00+02:00,47651.1225,47.6511225,17.1,54,1,1,9,6,5
2022-05-15 08:00:00+00:00,2022-05-15 10:00:00+02:00,49412.85,49.41285,19.8,46,1,1,10,6,5
2022-05-15 09:00:00+00:00,2022-05-15 11:00:00+02:00,50702.975,50.702974999999995,22.2,39,1,1,11,6,5
2022-05-15 10:00:00+00:00,2022-05-15 12:00:00+02:00,50251.6,50.251599999999996,24.2,33,1,1,12,6,5
2022-05-15 11:00:00+00:00,2022-05-15 13:00:00+02:00,48670.2425,48.6702425,25.4,28,1,1,13,6,5
2022-05-15 12:00:00+00:00,2022-05-15 14:00:00+02:00,46961.042499999996,46.9610425,25.6,29,1,1,14,6,5
2022-05-15 13:00:00+00:00,2022-05-15 15:00:00+02:00,45975.6275,45.9756275,26.5,26,1,1,15,6,5
2022-05-15 14:00:00+00:00,2022-05-15 16:00:00+02:00,45748.1575,45.7481575,26.7,25,1,1,16,6,5
2022-05-15 15:00:00+00:00,2022-05-15 17:00:00+02:00,46917.222499999996,46.917222499999994,26.8,24,1,1,17,6,5
2022-05-15 16:00:00+00:00,2022-05-15 18:00:00+02:00,48567.16,48.56716,26.4,25,1,1,18,6,5
2022-05-15 17:00:00+00:00,2022-05-15 19:00:00+02:00,49216.66,49.216660000000005,25.7,27,1,1,19,6,5
2022-05-15 18:00:00+00:00,2022-05-15 20:00:00+02:00,48956.2225,48.9562225,24.5,31,1,1,20,6,5
2022-05-15 19:00:00+00:00,2022-05-15 21:00:00+02:00,48948.025,48.948025,21.7,38,1,0,21,6,5
2022-05-15 20:00:00+00:00,2022-05-15 22:00:00+02:00,48567.57,48.567569999999996,20.1,42,1,0,22,6,5
2022-05-15 21:00:00+00:00,2022-05-15 23:00:00+02:00,45556.83,45.556830000000005,19.0,45,1,0,23,6,5
2022-05-15 22:00:00+00:00,2022-05-16 00:00:00+02:00,43382.07,43.38207,17.4,50,0,0,0,0,5
2022-05-15 23:00:00+00:00,2022-05-16 01:00:00+02:00,41811.6325,41.8116325,16.2,57,0,0,1,0,5
2022-05-16 00:00:00+00:00,2022-05-16 02:00:00+02:00,41064.5925,41.064592499999996,15.7,65,0,0,2,0,5
2022-05-16 01:00:00+00:00,2022-05-16 03:00:00+02:00,41890.445,41.890445,14.7,68,0,0,3,0,5
2022-05-16 02:00:00+00:00,2022-05-16 04:00:00+02:00,43875.652500000004,43.8756525,14.2,70,0,0,4,0,5
2022-05-16 03:00:00+00:00,2022-05-16 05:00:00+02:00,47465.3,47.465300000000006,14.0,71,0,0,5,0,5
2022-05-16 04:00:00+00:00,2022-05-16 06:00:00+02:00,55135.04,55.135040000000004,15.1,64,0,0,6,0,5
2022-05-16 05:00:00+00:00,2022-05-16 07:00:00+02:00,60664.0625,60.6640625,15.8,69,0,0,7,0,5
2022-05-16 06:00:00+00:00,2022-05-16 08:00:00+02:00,64038.56,64.03856,17.2,72,0,1,8,0,5
2022-05-16 07:00:00+00:00,2022-05-16 09:00:00+02:00,65619.05,65.61905,19.5,67,0,1,9,0,5
2022-05-16 08:00:00+00:00,2022-05-16 10:00:00+02:00,66719.655,66.719655,20.8,63,0,1,10,0,5
2022-05-16 09:00:00+00:00,2022-05-16 11:00:00+02:00,67542.49,67.54249,23.8,51,0,1,11,0,5
2022-05-16 10:00:00+00:00,2022-05-16 12:00:00+02:00,67297.775,67.29777499999999,25.9,43,0,1,12,0,5
2022-05-16 11:00:00+00:00,2022-05-16 13:00:00+02:00,66508.295,66.508295,27.5,40,0,1,13,0,5
2022-05-16 12:00:00+00:00,2022-05-16 14:00:00+02:00,65714.8625,65.71486250000001,21.9,71,0,1,14,0,5
2022-05-16 13:00:00+00:00,2022-05-16 15:00:00+02:00,65865.785,65.865785,24.1,60,0,1,15,0,5
2022-05-16 14:00:00+00:00,2022-05-16 16:00:00+02:00,63978.5225,63.9785225,23.6,49,0,1,16,0,5
2022-05-16 15:00:00+00:00,2022-05-16 17:00:00+02:00,64132.317500000005,64.1323175,23.1,53,0,1,17,0,5
2022-05-16 16:00:00+00:00,2022-05-16 18:00:00+02:00,63821.0925,63.8210925,23.3,51,0,1,18,0,5
2022-05-16 17:00:00+00:00,2022-05-16 19:00:00+02:00,63249.295,63.249295,22.3,56,0,1,19,0,5
2022-05-16 18:00:00+00:00,2022-05-16 20:00:00+02:00,61391.535,61.391535000000005,20.5,64,0,1,20,0,5
2022-05-16 19:00:00+00:00,2022-05-16 21:00:00+02:00,59326.665,59.326665,19.9,67,0,0,21,0,5
2022-05-16 20:00:00+00:00,2022-05-16 22:00:00+02:00,55546.3575,55.5463575,19.2,71,0,0,22,0,5
2022-05-16 21:00:00+00:00,2022-05-16 23:00:00+02:00,51228.885,51.228885000000005,17.9,78,0,0,23,0,5
2022-05-16 22:00:00+00:00,2022-05-17 00:00:00+02:00,47575.34,47.57534,16.5,84,0,0,0,1,5
2022-05-16 23:00:00+00:00,2022-05-17 01:00:00+02:00,46151.1875,46.1511875,15.3,90,0,0,1,1,5
2022-05-17 00:00:00+00:00,2022-05-17 02:00:00+02:00,45566.9675,45.5669675,14.4,95,0,0,2,1,5
2022-05-17 01:00:00+00:00,2022-05-17 03:00:00+02:00,45848.14,45.84814,13.9,97,0,0,3,1,5
2022-05-17 02:00:00+00:00,2022-05-17 04:00:00+02:00,47068.965,47.068965,13.3,97,0,0,4,1,5
2022-05-17 03:00:00+00:00,2022-05-17 05:00:00+02:00,49997.2725,49.9972725,12.3,98,0,0,5,1,5
2022-05-17 04:00:00+00:00,2022-05-17 06:00:00+02:00,56759.979999999996,56.75998,12.1,99,0,0,6,1,5
2022-05-17 05:00:00+00:00,2022-05-17 07:00:00+02:00,62044.65,62.044650000000004,13.7,93,0,0,7,1,5
2022-05-17 06:00:00+00:00,2022-05-17 08:00:00+02:00,64995.64,64.99564,16.3,81,0,1,8,1,5
2022-05-17 07:00:00+00:00,2022-05-17 09:00:00+02:00,66105.205,66.105205,19.0,68,0,1,9,1,5
2022-05-17 08:00:00+00:00,2022-05-17 10:00:00+02:00,66838.675,66.83867500000001,21.1,58,0,1,10,1,5
2022-05-17 09:00:00+00:00,2022-05-17 11:00:00+02:00,68137.1975,68.1371975,22.7,48,0,1,11,1,5
2022-05-17 10:00:00+00:00,2022-05-17 12:00:00+02:00,67718.325,67.718325,23.6,42,0,1,12,1,5
2022-05-17 11:00:00+00:00,2022-05-17 13:00:00+02:00,67339.38,67.33938,24.7,37,0,1,13,1,5
2022-05-17 12:00:00+00:00,2022-05-17 14:00:00+02:00,66218.5425,66.2185425,23.9,46,0,1,14,1,5
2022-05-17 13:00:00+00:00,2022-05-17 15:00:00+02:00,65066.2925,65.0662925,25.1,42,0,1,15,1,5
2022-05-17 14:00:00+00:00,2022-05-17 16:00:00+02:00,63909.7825,63.9097825,24.8,42,0,1,16,1,5
2022-05-17 15:00:00+00:00,2022-05-17 17:00:00+02:00,63477.9975,63.4779975,23.8,46,0,1,17,1,5
2022-05-17 16:00:00+00:00,2022-05-17 18:00:00+02:00,63244.715,63.244715,21.2,64,0,1,18,1,5
2022-05-17 17:00:00+00:00,2022-05-17 19:00:00+02:00,62856.78,62.85678,21.8,58,0,1,19,1,5
2022-05-17 18:00:00+00:00,2022-05-17 20:00:00+02:00,60739.537500000006,60.739537500000004,21.6,56,0,1,20,1,5
2022-05-17 19:00:00+00:00,2022-05-17 21:00:00+02:00,59088.9125,59.0889125,19.6,65,0,0,21,1,5
2022-05-17 20:00:00+00:00,2022-05-17 22:00:00+02:00,55920.015,55.920015,17.7,73,0,0,22,1,5
2022-05-17 21:00:00+00:00,2022-05-17 23:00:00+02:00,51944.2375,51.9442375,17.0,76,0,0,23,1,5
2022-05-17 22:00:00+00:00,2022-05-18 00:00:00+02:00,48863.14,48.86314,16.1,80,0,0,0,2,5
2022-05-17 23:00:00+00:00,2022-05-18 01:00:00+02:00,47350.0225,47.3500225,15.8,81,0,0,1,2,5
2022-05-18 00:00:00+00:00,2022-05-18 02:00:00+02:00,46673.2225,46.6732225,16.9,79,0,0,2,2,5
2022-05-18 01:00:00+00:00,2022-05-18 03:00:00+02:00,46855.917499999996,46.8559175,16.3,82,0,0,3,2,5
2022-05-18 02:00:00+00:00,2022-05-18 04:00:00+02:00,48128.06,48.12806,15.7,85,0,0,4,2,5
2022-05-18 03:00:00+00:00,2022-05-18 05:00:00+02:00,51085.645000000004,51.08564500000001,14.7,90,0,0,5,2,5
2022-05-18 04:00:00+00:00,2022-05-18 06:00:00+02:00,57887.55,57.887550000000005,14.6,89,0,0,6,2,5
2022-05-18 05:00:00+00:00,2022-05-18 07:00:00+02:00,62823.97,62.82397,16.4,79,0,0,7,2,5
2022-05-18 06:00:00+00:00,2022-05-18 08:00:00+02:00,65858.02,65.85802000000001,18.4,69,0,1,8,2,5
2022-05-18 07:00:00+00:00,2022-05-18 09:00:00+02:00,66607.1875,66.6071875,20.9,59,0,1,9,2,5
2022-05-18 08:00:00+00:00,2022-05-18 10:00:00+02:00,67873.5975,67.8735975,23.3,51,0,1,10,2,5
2022-05-18 09:00:00+00:00,2022-05-18 11:00:00+02:00,68686.4125,68.6864125,25.4,43,0,1,11,2,5
2022-05-18 10:00:00+00:00,2022-05-18 12:00:00+02:00,68097.0675,68.09706750000001,27.1,36,0,1,12,2,5
2022-05-18 11:00:00+00:00,2022-05-18 13:00:00+02:00,67047.94,67.04794,27.9,33,0,1,13,2,5
2022-05-18 12:00:00+00:00,2022-05-18 14:00:00+02:00,65632.705,65.632705,28.0,33,0,1,14,2,5
2022-05-18 13:00:00+00:00,2022-05-18 15:00:00+02:00,64570.7,64.5707,29.1,30,0,1,15,2,5
2022-05-18 14:00:00+00:00,2022-05-18 16:00:00+02:00,63291.0175,63.2910175,29.2,30,0,1,16,2,5
2022-05-18 15:00:00+00:00,2022-05-18 17:00:00+02:00,63093.4875,63.0934875,29.0,30,0,1,17,2,5
2022-05-18 16:00:00+00:00,2022-05-18 18:00:00+02:00,62947.535,62.947535,28.5,31,0,1,18,2,5
2022-05-18 17:00:00+00:00,2022-05-18 19:00:00+02:00,62604.5225,62.6045225,28.3,31,0,1,19,2,5
2022-05-18 18:00:00+00:00,2022-05-18 20:00:00+02:00,60852.59,60.85259,26.9,35,0,1,20,2,5
2022-05-18 19:00:00+00:00,2022-05-18 21:00:00+02:00,59196.82,59.19682,24.9,40,0,0,21,2,5
2022-05-18 20:00:00+00:00,2022-05-18 22:00:00+02:00,56132.585,56.132585,23.1,48,0,0,22,2,5
2022-05-18 21:00:00+00:00,2022-05-18 23:00:00+02:00,52578.1575,52.5781575,21.8,53,0,0,23,2,5
2022-05-18 22:00:00+00:00,2022-05-19 00:00:00+02:00,50180.2425,50.1802425,20.9,55,0,0,0,3,5
2022-05-18 23:00:00+00:00,2022-05-19 01:00:00+02:00,47970.44,47.97044,20.0,59,0,0,1,3,5
2022-05-19 00:00:00+00:00,2022-05-19 02:00:00+02:00,46728.6725,46.7286725,19.2,63,0,0,2,3,5
2022-05-19 01:00:00+00:00,2022-05-19 03:00:00+02:00,46856.42,46.85642,17.2,69,0,0,3,3,5
2022-05-19 02:00:00+00:00,2022-05-19 04:00:00+02:00,47375.994999999995,47.375994999999996,16.3,71,0,0,4,3,5
2022-05-19 03:00:00+00:00,2022-05-19 05:00:00+02:00,50277.72,50.27772,16.3,69,0,0,5,3,5
2022-05-19 04:00:00+00:00,2022-05-19 06:00:00+02:00,57495.432499999995,57.49543249999999,16.5,66,0,0,6,3,5
2022-05-19 05:00:00+00:00,2022-05-19 07:00:00+02:00,62953.2525,62.953252500000005,17.4,61,0,0,7,3,5
2022-05-19 06:00:00+00:00,2022-05-19 08:00:00+02:00,66014.345,66.014345,19.0,54,0,1,8,3,5
2022-05-19 07:00:00+00:00,2022-05-19 09:00:00+02:00,66616.4125,66.61641250000001,20.9,45,0,1,9,3,5
2022-05-19 08:00:00+00:00,2022-05-19 10:00:00+02:00,67173.30249999999,67.17330249999999,22.9,41,0,1,10,3,5
2022-05-19 09:00:00+00:00,2022-05-19 11:00:00+02:00,67317.515,67.317515,24.9,38,0,1,11,3,5
2022-05-19 10:00:00+00:00,2022-05-19 12:00:00+02:00,66602.3825,66.6023825,27.1,35,0,1,12,3,5
2022-05-19 11:00:00+00:00,2022-05-19 13:00:00+02:00,65866.4225,65.8664225,29.3,32,0,1,13,3,5
2022-05-19 12:00:00+00:00,2022-05-19 14:00:00+02:00,64608.7175,64.6087175,29.4,35,0,1,14,3,5
2022-05-19 13:00:00+00:00,2022-05-19 15:00:00+02:00,64722.2025,64.7222025,28.6,38,0,1,15,3,5
2022-05-19 14:00:00+00:00,2022-05-19 16:00:00+02:00,64893.9025,64.8939025,29.0,38,0,1,16,3,5
2022-05-19 15:00:00+00:00,2022-05-19 17:00:00+02:00,65491.575,65.491575,24.2,61,0,1,17,3,5
2022-05-19 16:00:00+00:00,2022-05-19 18:00:00+02:00,64546.9475,64.5469475,23.2,69,0,1,18,3,5
2022-05-19 17:00:00+00:00,2022-05-19 19:00:00+02:00,62863.955,62.863955000000004,24.0,66,0,1,19,3,5
2022-05-19 18:00:00+00:00,2022-05-19 20:00:00+02:00,60891.7975,60.8917975,23.8,65,0,1,20,3,5
2022-05-19 19:00:00+00:00,2022-05-19 21:00:00+02:00,58399.9,58.3999,23.3,67,0,0,21,3,5
2022-05-19 20:00:00+00:00,2022-05-19 22:00:00+02:00,55431.04,55.43104,19.6,80,0,0,22,3,5
2022-05-19 21:00:00+00:00,2022-05-19 23:00:00+02:00,51229.96,51.22996,19.1,83,0,0,23,3,5
2022-05-19 22:00:00+00:00,2022-05-20 00:00:00+02:00,48752.6375,48.7526375,17.6,92,0,0,0,4,5
2022-05-19 23:00:00+00:00,2022-05-20 01:00:00+02:00,47706.770000000004,47.706770000000006,17.0,93,0,0,1,4,5
2022-05-20 00:00:00+00:00,2022-05-20 02:00:00+02:00,47278.925,47.278925,16.9,96,0,0,2,4,5
2022-05-20 01:00:00+00:00,2022-05-20 03:00:00+02:00,46922.6825,46.9226825,16.8,96,0,0,3,4,5
2022-05-20 02:00:00+00:00,2022-05-20 04:00:00+02:00,47358.405,47.358405,17.1,93,0,0,4,4,5
2022-05-20 03:00:00+00:00,2022-05-20 05:00:00+02:00,49546.0,49.546,17.3,94,0,0,5,4,5
2022-05-20 04:00:00+00:00,2022-05-20 06:00:00+02:00,56172.1225,56.1721225,16.2,97,0,0,6,4,5
2022-05-20 05:00:00+00:00,2022-05-20 07:00:00+02:00,61556.78,61.556779999999996,16.7,97,0,0,7,4,5
2022-05-20 06:00:00+00:00,2022-05-20 08:00:00+02:00,64620.192500000005,64.6201925,18.0,92,0,1,8,4,5
2022-05-20 07:00:00+00:00,2022-05-20 09:00:00+02:00,65885.455,65.88545500000001,19.3,87,0,1,9,4,5
2022-05-20 08:00:00+00:00,2022-05-20 10:00:00+02:00,66939.4275,66.93942750000001,20.6,81,0,1,10,4,5
2022-05-20 09:00:00+00:00,2022-05-20 11:00:00+02:00,68021.9425,68.02194250000001,22.7,74,0,1,11,4,5
2022-05-20 10:00:00+00:00,2022-05-20 12:00:00+02:00,67568.6875,67.5686875,24.9,63,0,1,12,4,5
2022-05-20 11:00:00+00:00,2022-05-20 13:00:00+02:00,66257.66,66.25766,26.6,54,0,1,13,4,5
2022-05-20 12:00:00+00:00,2022-05-20 14:00:00+02:00,64913.697499999995,64.9136975,26.9,56,0,1,14,4,5
2022-05-20 13:00:00+00:00,2022-05-20 15:00:00+02:00,63798.79,63.798790000000004,24.2,73,0,1,15,4,5
2022-05-20 14:00:00+00:00,2022-05-20 16:00:00+02:00,62066.66,62.066660000000006,25.3,67,0,1,16,4,5
2022-05-20 15:00:00+00:00,2022-05-20 17:00:00+02:00,61527.165,61.527165000000004,24.7,66,0,1,17,4,5
2022-05-20 16:00:00+00:00,2022-05-20 18:00:00+02:00,61769.8625,61.7698625,25.2,65,0,1,18,4,5
2022-05-20 17:00:00+00:00,2022-05-20 19:00:00+02:00,61049.479999999996,61.049479999999996,25.7,47,0,1,19,4,5
2022-05-20 18:00:00+00:00,2022-05-20 20:00:00+02:00,59085.435,59.085435,24.4,54,0,1,20,4,5
2022-05-20 19:00:00+00:00,2022-05-20 21:00:00+02:00,57162.6975,57.1626975,20.8,75,0,0,21,4,5
2022-05-20 20:00:00+00:00,2022-05-20 22:00:00+02:00,53679.265,53.679265,19.6,77,0,0,22,4,5
2022-05-20 21:00:00+00:00,2022-05-20 23:00:00+02:00,49145.985,49.145985,18.8,65,0,0,23,4,5
2022-05-20 22:00:00+00:00,2022-05-21 00:00:00+02:00,47102.8325,47.1028325,16.5,72,1,0,0,5,5
2022-05-20 23:00:00+00:00,2022-05-21 01:00:00+02:00,45216.490000000005,45.21649000000001,15.1,75,1,0,1,5,5
2022-05-21 00:00:00+00:00,2022-05-21 02:00:00+02:00,44379.54,44.37954,13.7,75,1,0,2,5,5
2022-05-21 01:00:00+00:00,2022-05-21 03:00:00+02:00,44095.0925,44.0950925,13.1,78,1,0,3,5,5
2022-05-21 02:00:00+00:00,2022-05-21 04:00:00+02:00,44196.8625,44.1968625,12.4,83,1,0,4,5,5
2022-05-21 03:00:00+00:00,2022-05-21 05:00:00+02:00,44551.832500000004,44.5518325,11.7,86,1,0,5,5,5
2022-05-21 04:00:00+00:00,2022-05-21 06:00:00+02:00,46575.4225,46.5754225,11.3,86,1,0,6,5,5
2022-05-21 05:00:00+00:00,2022-05-21 07:00:00+02:00,49960.14,49.96014,12.6,77,1,0,7,5,5
2022-05-21 06:00:00+00:00,2022-05-21 08:00:00+02:00,53997.7425,53.9977425,13.9,70,1,1,8,5,5
2022-05-21 07:00:00+00:00,2022-05-21 09:00:00+02:00,56411.1275,56.4111275,14.7,65,1,1,9,5,5
2022-05-21 08:00:00+00:00,2022-05-21 10:00:00+02:00,57705.04,57.705040000000004,16.2,57,1,1,10,5,5
2022-05-21 09:00:00+00:00,2022-05-21 11:00:00+02:00,57986.840000000004,57.98684,16.7,54,1,1,11,5,5
2022-05-21 10:00:00+00:00,2022-05-21 12:00:00+02:00,57598.2425,57.5982425,18.4,46,1,1,12,5,5
2022-05-21 11:00:00+00:00,2022-05-21 13:00:00+02:00,55868.0225,55.8680225,19.5,40,1,1,13,5,5
2022-05-21 12:00:00+00:00,2022-05-21 14:00:00+02:00,54088.11,54.08811,18.9,43,1,1,14,5,5
2022-05-21 13:00:00+00:00,2022-05-21 15:00:00+02:00,53030.2125,53.030212500000005,20.2,36,1,1,15,5,5
2022-05-21 14:00:00+00:00,2022-05-21 16:00:00+02:00,52570.235,52.570235000000004,21.0,33,1,1,16,5,5
2022-05-21 15:00:00+00:00,2022-05-21 17:00:00+02:00,53101.1,53.101099999999995,21.9,31,1,1,17,5,5
2022-05-21 16:00:00+00:00,2022-05-21 18:00:00+02:00,52873.909999999996,52.873909999999995,22.0,31,1,1,18,5,5
2022-05-21 17:00:00+00:00,2022-05-21 19:00:00+02:00,52124.29,52.12429,21.2,35,1,1,19,5,5
2022-05-21 18:00:00+00:00,2022-05-21 20:00:00+02:00,49665.53,49.66553,19.9,42,1,1,20,5,5
2022-05-21 19:00:00+00:00,2022-05-21 21:00:00+02:00,48218.4925,48.2184925,18.3,48,1,0,21,5,5
2022-05-21 20:00:00+00:00,2022-05-21 22:00:00+02:00,46439.2875,46.4392875,16.1,57,1,0,22,5,5
2022-05-21 21:00:00+00:00,2022-05-21 23:00:00+02:00,43342.84,43.342839999999995,14.5,65,1,0,23,5,5
2022-05-21 22:00:00+00:00,2022-05-22 00:00:00+02:00,40388.05,40.38805,12.8,75,1,0,0,6,5
2022-05-21 23:00:00+00:00,2022-05-22 01:00:00+02:00,38687.19,38.68719,12.2,78,1,0,1,6,5
2022-05-22 00:00:00+00:00,2022-05-22 02:00:00+02:00,36072.45,36.072449999999996,12.1,80,1,0,2,6,5
2022-05-22 01:00:00+00:00,2022-05-22 03:00:00+02:00,36857.020000000004,36.857020000000006,10.9,85,1,0,3,6,5
2022-05-22 02:00:00+00:00,2022-05-22 04:00:00+02:00,37010.275,37.010275,11.0,83,1,0,4,6,5
2022-05-22 03:00:00+00:00,2022-05-22 05:00:00+02:00,36721.335,36.721334999999996,11.0,84,1,0,5,6,5
2022-05-22 04:00:00+00:00,2022-05-22 06:00:00+02:00,37075.347499999996,37.0753475,11.2,83,1,0,6,6,5
2022-05-22 05:00:00+00:00,2022-05-22 07:00:00+02:00,39380.417499999996,39.38041749999999,12.2,81,1,0,7,6,5
2022-05-22 06:00:00+00:00,2022-05-22 08:00:00+02:00,43020.4875,43.0204875,14.2,72,1,1,8,6,5
2022-05-22 07:00:00+00:00,2022-05-22 09:00:00+02:00,45973.89,45.97389,16.4,62,1,1,9,6,5
2022-05-22 08:00:00+00:00,2022-05-22 10:00:00+02:00,48087.44,48.08744,18.5,53,1,1,10,6,5
2022-05-22 09:00:00+00:00,2022-05-22 11:00:00+02:00,49871.6625,49.8716625,20.0,47,1,1,11,6,5
2022-05-22 10:00:00+00:00,2022-05-22 12:00:00+02:00,49899.34,49.899339999999995,21.3,42,1,1,12,6,5
2022-05-22 11:00:00+00:00,2022-05-22 13:00:00+02:00,47979.225,47.979225,21.8,41,1,1,13,6,5
2022-05-22 12:00:00+00:00,2022-05-22 14:00:00+02:00,46483.8775,46.483877500000006,22.1,40,1,1,14,6,5
2022-05-22 13:00:00+00:00,2022-05-22 15:00:00+02:00,46087.6925,46.087692499999996,23.0,39,1,1,15,6,5
2022-05-22 14:00:00+00:00,2022-05-22 16:00:00+02:00,45932.675,45.932675,22.9,39,1,1,16,6,5
2022-05-22 15:00:00+00:00,2022-05-22 17:00:00+02:00,46742.16,46.742160000000005,22.7,39,1,1,17,6,5
2022-05-22 16:00:00+00:00,2022-05-22 18:00:00+02:00,48365.46,48.36546,22.6,39,1,1,18,6,5
2022-05-22 17:00:00+00:00,2022-05-22 19:00:00+02:00,48699.11,48.69911,22.0,40,1,1,19,6,5
2022-05-22 18:00:00+00:00,2022-05-22 20:00:00+02:00,48432.93,48.43293,21.0,45,1,1,20,6,5
2022-05-22 19:00:00+00:00,2022-05-22 21:00:00+02:00,47891.167499999996,47.891167499999995,19.4,49,1,0,21,6,5
2022-05-22 20:00:00+00:00,2022-05-22 22:00:00+02:00,47588.0325,47.588032500000004,18.0,55,1,0,22,6,5
2022-05-22 21:00:00+00:00,2022-05-22 23:00:00+02:00,44861.325,44.861324999999994,17.4,58,1,0,23,6,5
2022-05-22 22:00:00+00:00,2022-05-23 00:00:00+02:00,42357.7275,42.3577275,16.4,60,0,0,0,0,5
2022-05-22 23:00:00+00:00,2022-05-23 01:00:00+02:00,41078.165,41.078165,15.0,64,0,0,1,0,5
2022-05-23 00:00:00+00:00,2022-05-23 02:00:00+02:00,40591.0925,40.5910925,15.9,65,0,0,2,0,5
2022-05-23 01:00:00+00:00,2022-05-23 03:00:00+02:00,40731.805,40.731805,14.3,71,0,0,3,0,5
2022-05-23 02:00:00+00:00,2022-05-23 04:00:00+02:00,42363.795,42.363794999999996,13.7,74,0,0,4,0,5
2022-05-23 03:00:00+00:00,2022-05-23 05:00:00+02:00,45656.025,45.656025,13.3,74,0,0,5,0,5
2022-05-23 04:00:00+00:00,2022-05-23 06:00:00+02:00,53045.707500000004,53.045707500000006,14.1,71,0,0,6,0,5
2022-05-23 05:00:00+00:00,2022-05-23 07:00:00+02:00,59128.85,59.12885,14.7,69,0,0,7,0,5
2022-05-23 06:00:00+00:00,2022-05-23 08:00:00+02:00,63010.015,63.010015,15.4,69,0,1,8,0,5
2022-05-23 07:00:00+00:00,2022-05-23 09:00:00+02:00,63668.33,63.668330000000005,15.9,69,0,1,9,0,5
2022-05-23 08:00:00+00:00,2022-05-23 10:00:00+02:00,64792.8225,64.7928225,19.0,61,0,1,10,0,5
2022-05-23 09:00:00+00:00,2022-05-23 11:00:00+02:00,67115.8675,67.1158675,21.3,58,0,1,11,0,5
2022-05-23 10:00:00+00:00,2022-05-23 12:00:00+02:00,67810.9775,67.81097749999999,23.2,54,0,1,12,0,5
2022-05-23 11:00:00+00:00,2022-05-23 13:00:00+02:00,66837.8225,66.8378225,25.2,50,0,1,13,0,5
2022-05-23 12:00:00+00:00,2022-05-23 14:00:00+02:00,65500.3275,65.5003275,23.1,61,0,1,14,0,5
2022-05-23 13:00:00+00:00,2022-05-23 15:00:00+02:00,65095.729999999996,65.09572999999999,24.8,53,0,1,15,0,5
2022-05-23 14:00:00+00:00,2022-05-23 16:00:00+02:00,62994.0675,62.9940675,24.9,53,0,1,16,0,5
2022-05-23 15:00:00+00:00,2022-05-23 17:00:00+02:00,63848.1825,63.8481825,24.6,50,0,1,17,0,5
2022-05-23 16:00:00+00:00,2022-05-23 18:00:00+02:00,64724.78,64.72478,24.5,53,0,1,18,0,5
2022-05-23 17:00:00+00:00,2022-05-23 19:00:00+02:00,63526.2975,63.5262975,22.9,62,0,1,19,0,5
2022-05-23 18:00:00+00:00,2022-05-23 20:00:00+02:00,60897.9475,60.8979475,22.6,59,0,1,20,0,5
2022-05-23 19:00:00+00:00,2022-05-23 21:00:00+02:00,59059.695,59.059695,20.7,58,0,0,21,0,5
2022-05-23 20:00:00+00:00,2022-05-23 22:00:00+02:00,56284.19,56.28419,18.4,76,0,0,22,0,5
2022-05-23 21:00:00+00:00,2022-05-23 23:00:00+02:00,52583.705,52.583705,18.4,77,0,0,23,0,5
2022-05-23 22:00:00+00:00,2022-05-24 00:00:00+02:00,49846.725,49.846725,17.8,79,0,0,0,1,5
2022-05-23 23:00:00+00:00,2022-05-24 01:00:00+02:00,48822.7875,48.8227875,16.7,82,0,0,1,1,5
2022-05-24 00:00:00+00:00,2022-05-24 02:00:00+02:00,47493.9075,47.4939075,16.0,86,0,0,2,1,5
2022-05-24 01:00:00+00:00,2022-05-24 03:00:00+02:00,47261.865000000005,47.26186500000001,15.3,87,0,0,3,1,5
2022-05-24 02:00:00+00:00,2022-05-24 04:00:00+02:00,47740.0275,47.7400275,14.6,90,0,0,4,1,5
2022-05-24 03:00:00+00:00,2022-05-24 05:00:00+02:00,49848.6325,49.8486325,14.7,90,0,0,5,1,5
2022-05-24 04:00:00+00:00,2022-05-24 06:00:00+02:00,56207.235,56.207235,14.4,92,0,0,6,1,5
2022-05-24 05:00:00+00:00,2022-05-24 07:00:00+02:00,61946.29,61.94629,15.0,88,0,0,7,1,5
2022-05-24 06:00:00+00:00,2022-05-24 08:00:00+02:00,65095.7125,65.0957125,14.9,87,0,1,8,1,5
2022-05-24 07:00:00+00:00,2022-05-24 09:00:00+02:00,65959.195,65.95919500000001,16.3,75,0,1,9,1,5
2022-05-24 08:00:00+00:00,2022-05-24 10:00:00+02:00,67091.83,67.09183,16.4,68,0,1,10,1,5
2022-05-24 09:00:00+00:00,2022-05-24 11:00:00+02:00,67863.9725,67.8639725,17.0,59,0,1,11,1,5
2022-05-24 10:00:00+00:00,2022-05-24 12:00:00+02:00,67411.54000000001,67.41154,18.4,57,0,1,12,1,5
2022-05-24 11:00:00+00:00,2022-05-24 13:00:00+02:00,66369.1675,66.36916749999999,19.0,49,0,1,13,1,5
2022-05-24 12:00:00+00:00,2022-05-24 14:00:00+02:00,64801.8925,64.80189250000001,19.4,43,0,1,14,1,5
2022-05-24 13:00:00+00:00,2022-05-24 15:00:00+02:00,63755.48,63.755480000000006,19.1,43,0,1,15,1,5
2022-05-24 14:00:00+00:00,2022-05-24 16:00:00+02:00,62044.29,62.044290000000004,19.0,44,0,1,16,1,5
2022-05-24 15:00:00+00:00,2022-05-24 17:00:00+02:00,61965.7675,61.9657675,19.3,43,0,1,17,1,5
2022-05-24 16:00:00+00:00,2022-05-24 18:00:00+02:00,61902.1625,61.902162499999996,18.8,41,0,1,18,1,5
2022-05-24 17:00:00+00:00,2022-05-24 19:00:00+02:00,61382.5875,61.3825875,17.6,46,0,1,19,1,5
2022-05-24 18:00:00+00:00,2022-05-24 20:00:00+02:00,58189.46,58.18946,17.0,53,0,1,20,1,5
2022-05-24 19:00:00+00:00,2022-05-24 21:00:00+02:00,56126.134999999995,56.126135,15.1,63,0,0,21,1,5
2022-05-24 20:00:00+00:00,2022-05-24 22:00:00+02:00,53129.9,53.1299,13.9,68,0,0,22,1,5
2022-05-24 21:00:00+00:00,2022-05-24 23:00:00+02:00,49091.075,49.091075,12.9,72,0,0,23,1,5
2022-05-24 22:00:00+00:00,2022-05-25 00:00:00+02:00,46080.51,46.080510000000004,12.5,73,0,0,0,2,5
2022-05-24 23:00:00+00:00,2022-05-25 01:00:00+02:00,44018.58,44.01858,11.6,77,0,0,1,2,5
2022-05-25 00:00:00+00:00,2022-05-25 02:00:00+02:00,42723.3975,42.7233975,11.2,85,0,0,2,2,5
2022-05-25 01:00:00+00:00,2022-05-25 03:00:00+02:00,43004.729999999996,43.004729999999995,10.6,88,0,0,3,2,5
2022-05-25 02:00:00+00:00,2022-05-25 04:00:00+02:00,44128.495,44.128495,11.0,87,0,0,4,2,5
2022-05-25 03:00:00+00:00,2022-05-25 05:00:00+02:00,46891.43,46.89143,10.8,86,0,0,5,2,5
2022-05-25 04:00:00+00:00,2022-05-25 06:00:00+02:00,54071.7275,54.0717275,10.6,86,0,0,6,2,5
2022-05-25 05:00:00+00:00,2022-05-25 07:00:00+02:00,59280.9875,59.2809875,11.5,86,0,0,7,2,5
2022-05-25 06:00:00+00:00,2022-05-25 08:00:00+02:00,62410.11,62.41011,13.5,76,0,1,8,2,5
2022-05-25 07:00:00+00:00,2022-05-25 09:00:00+02:00,62744.6275,62.7446275,15.1,66,0,1,9,2,5
2022-05-25 08:00:00+00:00,2022-05-25 10:00:00+02:00,64048.662500000006,64.0486625,16.7,54,0,1,10,2,5
2022-05-25 09:00:00+00:00,2022-05-25 11:00:00+02:00,64725.775,64.725775,17.9,48,0,1,11,2,5
2022-05-25 10:00:00+00:00,2022-05-25 12:00:00+02:00,65165.119999999995,65.16512,18.9,43,0,1,12,2,5
2022-05-25 11:00:00+00:00,2022-05-25 13:00:00+02:00,65018.35,65.01835,19.2,40,0,1,13,2,5
2022-05-25 12:00:00+00:00,2022-05-25 14:00:00+02:00,63313.822499999995,63.31382249999999,19.8,39,0,1,14,2,5
2022-05-25 13:00:00+00:00,2022-05-25 15:00:00+02:00,62629.4325,62.6294325,20.2,36,0,1,15,2,5
2022-05-25 14:00:00+00:00,2022-05-25 16:00:00+02:00,61386.332500000004,61.3863325,20.0,36,0,1,16,2,5
2022-05-25 15:00:00+00:00,2022-05-25 17:00:00+02:00,60611.295,60.611295,20.8,34,0,1,17,2,5
2022-05-25 16:00:00+00:00,2022-05-25 18:00:00+02:00,60126.1225,60.1261225,20.2,33,0,1,18,2,5
2022-05-25 17:00:00+00:00,2022-05-25 19:00:00+02:00,59546.9575,59.5469575,19.7,36,0,1,19,2,5
2022-05-25 18:00:00+00:00,2022-05-25 20:00:00+02:00,57402.0275,57.402027499999996,18.8,41,0,1,20,2,5
2022-05-25 19:00:00+00:00,2022-05-25 21:00:00+02:00,55305.5025,55.3055025,18.0,46,0,0,21,2,5
2022-05-25 20:00:00+00:00,2022-05-25 22:00:00+02:00,52382.542499999996,52.38254249999999,16.8,53,0,0,22,2,5
2022-05-25 21:00:00+00:00,2022-05-25 23:00:00+02:00,48791.11,48.79111,16.5,56,0,0,23,2,5
2022-05-25 22:00:00+00:00,2022-05-26 00:00:00+02:00,46422.1125,46.422112500000004,16.1,59,0,0,0,3,5
2022-05-25 23:00:00+00:00,2022-05-26 01:00:00+02:00,44621.5425,44.621542500000004,15.8,61,0,0,1,3,5
2022-05-26 00:00:00+00:00,2022-05-26 02:00:00+02:00,43862.985,43.862985,14.2,67,0,0,2,3,5
2022-05-26 01:00:00+00:00,2022-05-26 03:00:00+02:00,42870.5325,42.8705325,14.9,64,0,0,3,3,5
2022-05-26 02:00:00+00:00,2022-05-26 04:00:00+02:00,42268.537500000006,42.26853750000001,15.2,61,0,0,4,3,5
2022-05-26 03:00:00+00:00,2022-05-26 05:00:00+02:00,41700.0475,41.700047500000004,14.8,62,0,0,5,3,5
2022-05-26 04:00:00+00:00,2022-05-26 06:00:00+02:00,41565.4525,41.5654525,14.6,63,0,0,6,3,5
2022-05-26 05:00:00+00:00,2022-05-26 07:00:00+02:00,44605.0,44.605,15.2,64,0,0,7,3,5
2022-05-26 06:00:00+00:00,2022-05-26 08:00:00+02:00,48440.3775,48.440377500000004,15.8,65,0,1,8,3,5
2022-05-26 07:00:00+00:00,2022-05-26 09:00:00+02:00,50917.625,50.917625,16.9,61,0,1,9,3,5
2022-05-26 08:00:00+00:00,2022-05-26 10:00:00+02:00,52465.082500000004,52.4650825,17.7,57,0,1,10,3,5
2022-05-26 09:00:00+00:00,2022-05-26 11:00:00+02:00,53705.5025,53.7055025,18.2,54,0,1,11,3,5
2022-05-26 10:00:00+00:00,2022-05-26 12:00:00+02:00,53090.685,53.090685,19.2,49,0,1,12,3,5
2022-05-26 11:00:00+00:00,2022-05-26 13:00:00+02:00,51210.935,51.210935,20.1,45,0,1,13,3,5
2022-05-26 12:00:00+00:00,2022-05-26 14:00:00+02:00,49530.4475,49.5304475,20.4,39,0,1,14,3,5
2022-05-26 13:00:00+00:00,2022-05-26 15:00:00+02:00,48625.8,48.625800000000005,20.2,41,0,1,15,3,5
2022-05-26 14:00:00+00:00,2022-05-26 16:00:00+02:00,48603.9375,48.6039375,20.7,43,0,1,16,3,5
2022-05-26 15:00:00+00:00,2022-05-26 17:00:00+02:00,49007.74,49.00774,20.7,44,0,1,17,3,5
2022-05-26 16:00:00+00:00,2022-05-26 18:00:00+02:00,49853.7275,49.8537275,21.2,42,0,1,18,3,5
2022-05-26 17:00:00+00:00,2022-05-26 19:00:00+02:00,49857.1025,49.8571025,21.1,43,0,1,19,3,5
2022-05-26 18:00:00+00:00,2022-05-26 20:00:00+02:00,48658.2175,48.6582175,20.3,48,0,1,20,3,5
2022-05-26 19:00:00+00:00,2022-05-26 21:00:00+02:00,47644.8875,47.644887499999996,19.4,52,0,0,21,3,5
2022-05-26 20:00:00+00:00,2022-05-26 22:00:00+02:00,46362.6,46.3626,18.4,55,0,0,22,3,5
2022-05-26 21:00:00+00:00,2022-05-26 23:00:00+02:00,44506.2925,44.5062925,17.9,58,0,0,23,3,5
2022-05-26 22:00:00+00:00,2022-05-27 00:00:00+02:00,43094.0475,43.0940475,17.0,62,0,0,0,4,5
2022-05-26 23:00:00+00:00,2022-05-27 01:00:00+02:00,41550.175,41.550175,16.0,67,0,0,1,4,5
2022-05-27 00:00:00+00:00,2022-05-27 02:00:00+02:00,40799.3625,40.7993625,15.2,72,0,0,2,4,5
2022-05-27 01:00:00+00:00,2022-05-27 03:00:00+02:00,41108.205,41.108205000000005,14.8,75,0,0,3,4,5
2022-05-27 02:00:00+00:00,2022-05-27 04:00:00+02:00,42013.1625,42.0131625,14.2,78,0,0,4,4,5
2022-05-27 03:00:00+00:00,2022-05-27 05:00:00+02:00,43521.7025,43.521702499999996,13.8,81,0,0,5,4,5
2022-05-27 04:00:00+00:00,2022-05-27 06:00:00+02:00,48428.3925,48.4283925,13.8,82,0,0,6,4,5
2022-05-27 05:00:00+00:00,2022-05-27 07:00:00+02:00,52922.7625,52.9227625,15.2,76,0,0,7,4,5
2022-05-27 06:00:00+00:00,2022-05-27 08:00:00+02:00,56685.4975,56.6854975,16.3,70,0,1,8,4,5
2022-05-27 07:00:00+00:00,2022-05-27 09:00:00+02:00,58232.85,58.23285,16.2,69,0,1,9,4,5
2022-05-27 08:00:00+00:00,2022-05-27 10:00:00+02:00,59441.0275,59.4410275,16.4,68,0,1,10,4,5
2022-05-27 09:00:00+00:00,2022-05-27 11:00:00+02:00,61133.457500000004,61.133457500000006,17.1,66,0,1,11,4,5
2022-05-27 10:00:00+00:00,2022-05-27 12:00:00+02:00,61348.427500000005,61.34842750000001,16.7,68,0,1,12,4,5
2022-05-27 11:00:00+00:00,2022-05-27 13:00:00+02:00,59636.24,59.63624,17.0,67,0,1,13,4,5
2022-05-27 12:00:00+00:00,2022-05-27 14:00:00+02:00,58239.7425,58.2397425,15.9,76,0,1,14,4,5
2022-05-27 13:00:00+00:00,2022-05-27 15:00:00+02:00,56928.955,56.928955,17.2,70,0,1,15,4,5
2022-05-27 14:00:00+00:00,2022-05-27 16:00:00+02:00,56945.01,56.94501,19.5,52,0,1,16,4,5
2022-05-27 15:00:00+00:00,2022-05-27 17:00:00+02:00,56952.6075,56.9526075,20.1,46,0,1,17,4,5
2022-05-27 16:00:00+00:00,2022-05-27 18:00:00+02:00,56347.045,56.347045,20.2,41,0,1,18,4,5
2022-05-27 17:00:00+00:00,2022-05-27 19:00:00+02:00,55476.582500000004,55.476582500000006,19.5,37,0,1,19,4,5
2022-05-27 18:00:00+00:00,2022-05-27 20:00:00+02:00,53989.965,53.989965,18.3,41,0,1,20,4,5
2022-05-27 19:00:00+00:00,2022-05-27 21:00:00+02:00,52316.8275,52.3168275,16.6,44,0,0,21,4,5
2022-05-27 20:00:00+00:00,2022-05-27 22:00:00+02:00,49623.475,49.623475,14.7,50,0,0,22,4,5
2022-05-27 21:00:00+00:00,2022-05-27 23:00:00+02:00,46606.405,46.606405,13.5,56,0,0,23,4,5
2022-05-27 22:00:00+00:00,2022-05-28 00:00:00+02:00,43970.22,43.97022,12.3,61,1,0,0,5,5
2022-05-27 23:00:00+00:00,2022-05-28 01:00:00+02:00,42137.6025,42.1376025,11.2,65,1,0,1,5,5
2022-05-28 00:00:00+00:00,2022-05-28 02:00:00+02:00,41287.54,41.28754,9.6,70,1,0,2,5,5
2022-05-28 01:00:00+00:00,2022-05-28 03:00:00+02:00,41055.13,41.05513,9.0,71,1,0,3,5,5
2022-05-28 02:00:00+00:00,2022-05-28 04:00:00+02:00,40973.479999999996,40.973479999999995,8.9,72,1,0,4,5,5
2022-05-28 03:00:00+00:00,2022-05-28 05:00:00+02:00,41306.455,41.306455,8.5,74,1,0,5,5,5
2022-05-28 04:00:00+00:00,2022-05-28 06:00:00+02:00,43557.19,43.557190000000006,8.7,75,1,0,6,5,5
2022-05-28 05:00:00+00:00,2022-05-28 07:00:00+02:00,46270.4225,46.2704225,10.1,72,1,0,7,5,5
2022-05-28 06:00:00+00:00,2022-05-28 08:00:00+02:00,49782.3825,49.7823825,12.2,62,1,1,8,5,5
2022-05-28 07:00:00+00:00,2022-05-28 09:00:00+02:00,53101.29,53.10129,13.6,57,1,1,9,5,5
2022-05-28 08:00:00+00:00,2022-05-28 10:00:00+02:00,54677.1375,54.6771375,14.4,54,1,1,10,5,5
2022-05-28 09:00:00+00:00,2022-05-28 11:00:00+02:00,55574.5375,55.5745375,15.7,46,1,1,11,5,5
2022-05-28 10:00:00+00:00,2022-05-28 12:00:00+02:00,55119.4,55.1194,16.5,41,1,1,12,5,5
2022-05-28 11:00:00+00:00,2022-05-28 13:00:00+02:00,53577.6375,53.577637499999994,17.2,37,1,1,13,5,5
2022-05-28 12:00:00+00:00,2022-05-28 14:00:00+02:00,51868.2725,51.868272499999996,17.6,35,1,1,14,5,5
2022-05-28 13:00:00+00:00,2022-05-28 15:00:00+02:00,51432.175,51.432175,18.4,31,1,1,15,5,5
2022-05-28 14:00:00+00:00,2022-05-28 16:00:00+02:00,51282.8575,51.2828575,18.2,30,1,1,16,5,5
2022-05-28 15:00:00+00:00,2022-05-28 17:00:00+02:00,52901.81,52.90181,18.0,30,1,1,17,5,5
2022-05-28 16:00:00+00:00,2022-05-28 18:00:00+02:00,52818.0225,52.8180225,17.9,30,1,1,18,5,5
2022-05-28 17:00:00+00:00,2022-05-28 19:00:00+02:00,51843.37,51.84337,16.3,37,1,1,19,5,5
2022-05-28 18:00:00+00:00,2022-05-28 20:00:00+02:00,49892.7725,49.8927725,15.4,41,1,1,20,5,5
2022-05-28 19:00:00+00:00,2022-05-28 21:00:00+02:00,48192.5625,48.1925625,14.1,47,1,0,21,5,5
2022-05-28 20:00:00+00:00,2022-05-28 22:00:00+02:00,46439.895000000004,46.43989500000001,12.5,54,1,0,22,5,5
2022-05-28 21:00:00+00:00,2022-05-28 23:00:00+02:00,43982.042499999996,43.9820425,11.3,60,1,0,23,5,5
2022-05-28 22:00:00+00:00,2022-05-29 00:00:00+02:00,41509.490000000005,41.50949000000001,10.4,64,1,0,0,6,5
2022-05-28 23:00:00+00:00,2022-05-29 01:00:00+02:00,39553.41,39.55341000000001,9.5,68,1,0,1,6,5
2022-05-29 00:00:00+00:00,2022-05-29 02:00:00+02:00,38605.97,38.60597,10.1,65,1,0,2,6,5
2022-05-29 01:00:00+00:00,2022-05-29 03:00:00+02:00,37939.87,37.93987,9.1,70,1,0,3,6,5
2022-05-29 02:00:00+00:00,2022-05-29 04:00:00+02:00,37839.3625,37.8393625,8.5,76,1,0,4,6,5
2022-05-29 03:00:00+00:00,2022-05-29 05:00:00+02:00,37405.65,37.40565,8.0,79,1,0,5,6,5
2022-05-29 04:00:00+00:00,2022-05-29 06:00:00+02:00,37740.185,37.740185,7.8,82,1,0,6,6,5
2022-05-29 05:00:00+00:00,2022-05-29 07:00:00+02:00,40000.325,40.000325,8.9,77,1,0,7,6,5
2022-05-29 06:00:00+00:00,2022-05-29 08:00:00+02:00,42390.735,42.390735,10.4,68,1,1,8,6,5
2022-05-29 07:00:00+00:00,2022-05-29 09:00:00+02:00,45154.3525,45.1543525,11.7,60,1,1,9,6,5
2022-05-29 08:00:00+00:00,2022-05-29 10:00:00+02:00,47529.65,47.529650000000004,12.9,53,1,1,10,6,5
2022-05-29 09:00:00+00:00,2022-05-29 11:00:00+02:00,50316.525,50.316525,14.0,45,1,1,11,6,5
2022-05-29 10:00:00+00:00,2022-05-29 12:00:00+02:00,49778.979999999996,49.77898,14.8,40,1,1,12,6,5
2022-05-29 11:00:00+00:00,2022-05-29 13:00:00+02:00,48501.2625,48.501262499999996,15.2,38,1,1,13,6,5
2022-05-29 12:00:00+00:00,2022-05-29 14:00:00+02:00,47704.78,47.70478,15.8,36,1,1,14,6,5
2022-05-29 13:00:00+00:00,2022-05-29 15:00:00+02:00,46869.3025,46.869302499999996,16.1,35,1,1,15,6,5
2022-05-29 14:00:00+00:00,2022-05-29 16:00:00+02:00,47135.8025,47.1358025,17.1,32,1,1,16,6,5
2022-05-29 15:00:00+00:00,2022-05-29 17:00:00+02:00,48054.425,48.054425,17.0,31,1,1,17,6,5
2022-05-29 16:00:00+00:00,2022-05-29 18:00:00+02:00,49826.1125,49.8261125,15.6,39,1,1,18,6,5
2022-05-29 17:00:00+00:00,2022-05-29 19:00:00+02:00,49613.822499999995,49.6138225,14.2,48,1,1,19,6,5
2022-05-29 18:00:00+00:00,2022-05-29 20:00:00+02:00,48457.39,48.45739,12.6,61,1,1,20,6,5
2022-05-29 19:00:00+00:00,2022-05-29 21:00:00+02:00,47756.395000000004,47.756395000000005,11.8,68,1,0,21,6,5
2022-05-29 20:00:00+00:00,2022-05-29 22:00:00+02:00,46766.457500000004,46.7664575,10.3,78,1,0,22,6,5
2022-05-29 21:00:00+00:00,2022-05-29 23:00:00+02:00,44131.63,44.131629999999994,9.8,82,1,0,23,6,5
2022-05-29 22:00:00+00:00,2022-05-30 00:00:00+02:00,42295.4025,42.295402499999994,9.2,85,0,0,0,0,5
2022-05-29 23:00:00+00:00,2022-05-30 01:00:00+02:00,40925.7175,40.9257175,8.1,91,0,0,1,0,5
2022-05-30 00:00:00+00:00,2022-05-30 02:00:00+02:00,40283.585,40.283585,9.0,81,0,0,2,0,5
2022-05-30 01:00:00+00:00,2022-05-30 03:00:00+02:00,40763.5575,40.763557500000005,7.4,91,0,0,3,0,5
2022-05-30 02:00:00+00:00,2022-05-30 04:00:00+02:00,42231.17,42.23117,7.0,92,0,0,4,0,5
2022-05-30 03:00:00+00:00,2022-05-30 05:00:00+02:00,45619.81,45.61981,6.9,92,0,0,5,0,5
2022-05-30 04:00:00+00:00,2022-05-30 06:00:00+02:00,53362.825,53.362824999999994,7.5,89,0,0,6,0,5
2022-05-30 05:00:00+00:00,2022-05-30 07:00:00+02:00,58856.5275,58.8565275,8.7,83,0,0,7,0,5
2022-05-30 06:00:00+00:00,2022-05-30 08:00:00+02:00,62440.682499999995,62.440682499999994,10.4,74,0,1,8,0,5
2022-05-30 07:00:00+00:00,2022-05-30 09:00:00+02:00,63588.93,63.58893,12.0,64,0,1,9,0,5
2022-05-30 08:00:00+00:00,2022-05-30 10:00:00+02:00,64990.8875,64.9908875,13.6,53,0,1,10,0,5
2022-05-30 09:00:00+00:00,2022-05-30 11:00:00+02:00,65951.1925,65.9511925,14.2,48,0,1,11,0,5
2022-05-30 10:00:00+00:00,2022-05-30 12:00:00+02:00,65890.19,65.89019,15.0,45,0,1,12,0,5
2022-05-30 11:00:00+00:00,2022-05-30 13:00:00+02:00,65043.9725,65.04397250000001,15.4,44,0,1,13,0,5
2022-05-30 12:00:00+00:00,2022-05-30 14:00:00+02:00,63643.4,63.6434,15.5,42,0,1,14,0,5
2022-05-30 13:00:00+00:00,2022-05-30 15:00:00+02:00,62465.479999999996,62.46548,16.2,41,0,1,15,0,5
2022-05-30 14:00:00+00:00,2022-05-30 16:00:00+02:00,61013.479999999996,61.013479999999994,16.7,40,0,1,16,0,5
2022-05-30 15:00:00+00:00,2022-05-30 17:00:00+02:00,60531.332500000004,60.531332500000005,17.2,39,0,1,17,0,5
2022-05-30 16:00:00+00:00,2022-05-30 18:00:00+02:00,60114.865,60.114864999999995,17.2,38,0,1,18,0,5
2022-05-30 17:00:00+00:00,2022-05-30 19:00:00+02:00,59694.705,59.694705,16.6,39,0,1,19,0,5
2022-05-30 18:00:00+00:00,2022-05-30 20:00:00+02:00,57845.4,57.8454,16.0,40,0,1,20,0,5
2022-05-30 19:00:00+00:00,2022-05-30 21:00:00+02:00,55818.2075,55.8182075,14.3,47,0,0,21,0,5
2022-05-30 20:00:00+00:00,2022-05-30 22:00:00+02:00,53459.0125,53.4590125,12.8,53,0,0,22,0,5
2022-05-30 21:00:00+00:00,2022-05-30 23:00:00+02:00,49443.3125,49.4433125,12.2,56,0,0,23,0,5
2022-05-30 22:00:00+00:00,2022-05-31 00:00:00+02:00,46326.8175,46.3268175,11.1,61,0,0,0,1,5
2022-05-30 23:00:00+00:00,2022-05-31 01:00:00+02:00,44636.125,44.636125,10.2,65,0,0,1,1,5
2022-05-31 00:00:00+00:00,2022-05-31 02:00:00+02:00,44013.3825,44.0133825,9.6,70,0,0,2,1,5
2022-05-31 01:00:00+00:00,2022-05-31 03:00:00+02:00,44108.69,44.10869,8.7,74,0,0,3,1,5
2022-05-31 02:00:00+00:00,2022-05-31 04:00:00+02:00,45480.2875,45.480287499999996,8.1,77,0,0,4,1,5
2022-05-31 03:00:00+00:00,2022-05-31 05:00:00+02:00,48391.4025,48.3914025,7.9,78,0,0,5,1,5
2022-05-31 04:00:00+00:00,2022-05-31 06:00:00+02:00,55186.45,55.186449999999994,7.7,79,0,0,6,1,5
2022-05-31 05:00:00+00:00,2022-05-31 07:00:00+02:00,60479.6325,60.4796325,9.4,73,0,0,7,1,5
2022-05-31 06:00:00+00:00,2022-05-31 08:00:00+02:00,63443.462499999994,63.443462499999995,11.7,65,0,1,8,1,5
2022-05-31 07:00:00+00:00,2022-05-31 09:00:00+02:00,64547.634999999995,64.547635,13.8,58,0,1,9,1,5
2022-05-31 08:00:00+00:00,2022-05-31 10:00:00+02:00,65353.740000000005,65.35374,15.8,53,0,1,10,1,5
2022-05-31 09:00:00+00:00,2022-05-31 11:00:00+02:00,66316.67,66.31667,17.8,49,0,1,11,1,5
2022-05-31 10:00:00+00:00,2022-05-31 12:00:00+02:00,65581.115,65.58111500000001,19.4,44,0,1,12,1,5
2022-05-31 11:00:00+00:00,2022-05-31 13:00:00+02:00,64525.7225,64.5257225,20.9,37,0,1,13,1,5
2022-05-31 12:00:00+00:00,2022-05-31 14:00:00+02:00,63240.575,63.240575,20.3,36,0,1,14,1,5
2022-05-31 13:00:00+00:00,2022-05-31 15:00:00+02:00,62177.9775,62.177977500000004,22.2,26,0,1,15,1,5
2022-05-31 14:00:00+00:00,2022-05-31 16:00:00+02:00,60496.1475,60.4961475,21.1,28,0,1,16,1,5
2022-05-31 15:00:00+00:00,2022-05-31 17:00:00+02:00,60945.6175,60.9456175,20.4,35,0,1,17,1,5
2022-05-31 16:00:00+00:00,2022-05-31 18:00:00+02:00,60747.832500000004,60.7478325,20.7,33,0,1,18,1,5
2022-05-31 17:00:00+00:00,2022-05-31 19:00:00+02:00,60129.3375,60.1293375,20.9,29,0,1,19,1,5
2022-05-31 18:00:00+00:00,2022-05-31 20:00:00+02:00,57781.745,57.781745,19.0,37,0,1,20,1,5
2022-05-31 19:00:00+00:00,2022-05-31 21:00:00+02:00,55510.29,55.51029,16.9,48,0,0,21,1,5
2022-05-31 20:00:00+00:00,2022-05-31 22:00:00+02:00,52537.7375,52.537737500000006,15.3,54,0,0,22,1,5
2022-05-31 21:00:00+00:00,2022-05-31 23:00:00+02:00,48645.207500000004,48.645207500000005,13.0,66,0,0,23,1,5
2022-05-31 22:00:00+00:00,2022-06-01 00:00:00+02:00,44592.759999999995,44.59275999999999,12.0,69,0,0,0,2,6
2022-05-31 23:00:00+00:00,2022-06-01 01:00:00+02:00,43344.869999999995,43.34486999999999,11.0,74,0,0,1,2,6
2022-06-01 00:00:00+00:00,2022-06-01 02:00:00+02:00,42697.8675,42.6978675,9.6,85,0,0,2,2,6
2022-06-01 01:00:00+00:00,2022-06-01 03:00:00+02:00,43170.845,43.170845,9.1,88,0,0,3,2,6
2022-06-01 02:00:00+00:00,2022-06-01 04:00:00+02:00,44073.155,44.073155,9.5,80,0,0,4,2,6
2022-06-01 03:00:00+00:00,2022-06-01 05:00:00+02:00,47112.277500000004,47.112277500000005,8.3,88,0,0,5,2,6
2022-06-01 04:00:00+00:00,2022-06-01 06:00:00+02:00,53696.05,53.69605,9.1,84,0,0,6,2,6
2022-06-01 05:00:00+00:00,2022-06-01 07:00:00+02:00,58774.13,58.77413,10.5,80,0,0,7,2,6
2022-06-01 06:00:00+00:00,2022-06-01 08:00:00+02:00,61789.13,61.78913,12.9,70,0,1,8,2,6
2022-06-01 07:00:00+00:00,2022-06-01 09:00:00+02:00,62369.8225,62.369822500000005,15.5,58,0,1,9,2,6
2022-06-01 08:00:00+00:00,2022-06-01 10:00:00+02:00,63308.802500000005,63.308802500000006,17.6,43,0,1,10,2,6
2022-06-01 09:00:00+00:00,2022-06-01 11:00:00+02:00,64648.0625,64.6480625,18.8,36,0,1,11,2,6
2022-06-01 10:00:00+00:00,2022-06-01 12:00:00+02:00,63698.0275,63.698027499999995,19.9,33,0,1,12,2,6
2022-06-01 11:00:00+00:00,2022-06-01 13:00:00+02:00,64117.9725,64.11797250000001,20.8,29,0,1,13,2,6
2022-06-01 12:00:00+00:00,2022-06-01 14:00:00+02:00,63650.7375,63.650737500000005,21.2,28,0,1,14,2,6
2022-06-01 13:00:00+00:00,2022-06-01 15:00:00+02:00,62206.3925,62.2063925,22.1,27,0,1,15,2,6
2022-06-01 14:00:00+00:00,2022-06-01 16:00:00+02:00,61039.1,61.0391,22.5,26,0,1,16,2,6
2022-06-01 15:00:00+00:00,2022-06-01 17:00:00+02:00,61220.840000000004,61.22084,22.4,24,0,1,17,2,6
2022-06-01 16:00:00+00:00,2022-06-01 18:00:00+02:00,60646.479999999996,60.64648,20.4,34,0,1,18,2,6
2022-06-01 17:00:00+00:00,2022-06-01 19:00:00+02:00,59810.770000000004,59.810770000000005,19.6,35,0,1,19,2,6
2022-06-01 18:00:00+00:00,2022-06-01 20:00:00+02:00,57437.6925,57.4376925,18.9,36,0,1,20,2,6
2022-06-01 19:00:00+00:00,2022-06-01 21:00:00+02:00,55004.0125,55.004012499999995,17.5,39,0,0,21,2,6
2022-06-01 20:00:00+00:00,2022-06-01 22:00:00+02:00,52538.085,52.538085,15.1,49,0,0,22,2,6
2022-06-01 21:00:00+00:00,2022-06-01 23:00:00+02:00,48505.932499999995,48.50593249999999,13.7,57,0,0,23,2,6
2022-06-01 22:00:00+00:00,2022-06-02 00:00:00+02:00,46474.025,46.474025000000005,11.6,70,0,0,0,3,6
2022-06-01 23:00:00+00:00,2022-06-02 01:00:00+02:00,44651.3975,44.6513975,12.0,67,0,0,1,3,6
2022-06-02 00:00:00+00:00,2022-06-02 02:00:00+02:00,43832.1975,43.8321975,10.0,80,0,0,2,3,6
2022-06-02 01:00:00+00:00,2022-06-02 03:00:00+02:00,44241.75,44.24175,8.4,88,0,0,3,3,6
2022-06-02 02:00:00+00:00,2022-06-02 04:00:00+02:00,45441.2425,45.4412425,7.8,92,0,0,4,3,6
2022-06-02 03:00:00+00:00,2022-06-02 05:00:00+02:00,47722.4525,47.7224525,7.2,93,0,0,5,3,6
2022-06-02 04:00:00+00:00,2022-06-02 06:00:00+02:00,54388.345,54.388345,7.5,93,0,0,6,3,6
2022-06-02 05:00:00+00:00,2022-06-02 07:00:00+02:00,59486.2325,59.4862325,9.8,82,0,0,7,3,6
2022-06-02 06:00:00+00:00,2022-06-02 08:00:00+02:00,62621.8425,62.6218425,12.6,71,0,1,8,3,6
2022-06-02 07:00:00+00:00,2022-06-02 09:00:00+02:00,63463.295,63.463294999999995,14.8,62,0,1,9,3,6
2022-06-02 08:00:00+00:00,2022-06-02 10:00:00+02:00,64243.8075,64.2438075,16.4,54,0,1,10,3,6
2022-06-02 09:00:00+00:00,2022-06-02 11:00:00+02:00,64766.0575,64.7660575,18.0,45,0,1,11,3,6
2022-06-02 10:00:00+00:00,2022-06-02 12:00:00+02:00,64973.64,64.97364,19.3,38,0,1,12,3,6
2022-06-02 11:00:00+00:00,2022-06-02 13:00:00+02:00,65374.25,65.37425,20.1,35,0,1,13,3,6
2022-06-02 12:00:00+00:00,2022-06-02 14:00:00+02:00,63524.3225,63.524322500000004,20.6,32,0,1,14,3,6
2022-06-02 13:00:00+00:00,2022-06-02 15:00:00+02:00,61988.45,61.98845,21.4,30,0,1,15,3,6
2022-06-02 14:00:00+00:00,2022-06-02 16:00:00+02:00,61236.17,61.23617,22.1,28,0,1,16,3,6
2022-06-02 15:00:00+00:00,2022-06-02 17:00:00+02:00,60889.5825,60.889582499999996,22.3,28,0,1,17,3,6
2022-06-02 16:00:00+00:00,2022-06-02 18:00:00+02:00,60321.4925,60.3214925,22.2,28,0,1,18,3,6
2022-06-02 17:00:00+00:00,2022-06-02 19:00:00+02:00,59621.59,59.62159,21.9,28,0,1,19,3,6
2022-06-02 18:00:00+00:00,2022-06-02 20:00:00+02:00,57551.39,57.55139,21.0,30,0,1,20,3,6
2022-06-02 19:00:00+00:00,2022-06-02 21:00:00+02:00,55208.8275,55.2088275,19.1,36,0,0,21,3,6
2022-06-02 20:00:00+00:00,2022-06-02 22:00:00+02:00,52737.5525,52.7375525,17.3,45,0,0,22,3,6
2022-06-02 21:00:00+00:00,2022-06-02 23:00:00+02:00,48585.9925,48.5859925,15.8,49,0,0,23,3,6
2022-06-02 22:00:00+00:00,2022-06-03 00:00:00+02:00,46213.6625,46.2136625,14.8,54,0,0,0,4,6
2022-06-02 23:00:00+00:00,2022-06-03 01:00:00+02:00,44443.0225,44.4430225,14.9,54,0,0,1,4,6
2022-06-03 00:00:00+00:00,2022-06-03 02:00:00+02:00,43431.775,43.431775,16.1,54,0,0,2,4,6
2022-06-03 01:00:00+00:00,2022-06-03 03:00:00+02:00,43538.955,43.538955,15.7,57,0,0,3,4,6
2022-06-03 02:00:00+00:00,2022-06-03 04:00:00+02:00,44528.4325,44.5284325,14.4,62,0,0,4,4,6
2022-06-03 03:00:00+00:00,2022-06-03 05:00:00+02:00,46569.315,46.569315,13.7,63,0,0,5,4,6
2022-06-03 04:00:00+00:00,2022-06-03 06:00:00+02:00,53184.3075,53.1843075,13.7,62,0,0,6,4,6
2022-06-03 05:00:00+00:00,2022-06-03 07:00:00+02:00,58767.1175,58.7671175,15.0,58,0,0,7,4,6
2022-06-03 06:00:00+00:00,2022-06-03 08:00:00+02:00,61811.9325,61.811932500000005,16.9,50,0,1,8,4,6
2022-06-03 07:00:00+00:00,2022-06-03 09:00:00+02:00,61944.354999999996,61.944354999999995,18.7,45,0,1,9,4,6
2022-06-03 08:00:00+00:00,2022-06-03 10:00:00+02:00,63199.165,63.199165,20.8,42,0,1,10,4,6
2022-06-03 09:00:00+00:00,2022-06-03 11:00:00+02:00,64739.435,64.739435,22.9,39,0,1,11,4,6
2022-06-03 10:00:00+00:00,2022-06-03 12:00:00+02:00,64799.3275,64.7993275,24.9,38,0,1,12,4,6
2022-06-03 11:00:00+00:00,2022-06-03 13:00:00+02:00,63371.165,63.371165,26.5,37,0,1,13,4,6
2022-06-03 12:00:00+00:00,2022-06-03 14:00:00+02:00,61979.2975,61.9792975,26.0,39,0,1,14,4,6
2022-06-03 13:00:00+00:00,2022-06-03 15:00:00+02:00,60787.65,60.78765,27.0,38,0,1,15,4,6
2022-06-03 14:00:00+00:00,2022-06-03 16:00:00+02:00,60200.645000000004,60.200645,27.1,37,0,1,16,4,6
2022-06-03 15:00:00+00:00,2022-06-03 17:00:00+02:00,59940.770000000004,59.94077,26.7,37,0,1,17,4,6
2022-06-03 16:00:00+00:00,2022-06-03 18:00:00+02:00,59442.5775,59.4425775,26.0,40,0,1,18,4,6
2022-06-03 17:00:00+00:00,2022-06-03 19:00:00+02:00,58650.2625,58.6502625,25.7,42,0,1,19,4,6
2022-06-03 18:00:00+00:00,2022-06-03 20:00:00+02:00,56354.1025,56.3541025,24.1,47,0,1,20,4,6
2022-06-03 19:00:00+00:00,2022-06-03 21:00:00+02:00,53299.575,53.299575,21.4,63,0,0,21,4,6
2022-06-03 20:00:00+00:00,2022-06-03 22:00:00+02:00,50783.4,50.7834,19.6,72,0,0,22,4,6
2022-06-03 21:00:00+00:00,2022-06-03 23:00:00+02:00,47276.0925,47.2760925,18.5,80,0,0,23,4,6
2022-06-03 22:00:00+00:00,2022-06-04 00:00:00+02:00,44089.1,44.0891,18.0,85,1,0,0,5,6
2022-06-03 23:00:00+00:00,2022-06-04 01:00:00+02:00,42023.8675,42.0238675,17.7,87,1,0,1,5,6
2022-06-04 00:00:00+00:00,2022-06-04 02:00:00+02:00,40766.295,40.766295,17.2,87,1,0,2,5,6
2022-06-04 01:00:00+00:00,2022-06-04 03:00:00+02:00,40040.44,40.040440000000004,17.7,90,1,0,3,5,6
2022-06-04 02:00:00+00:00,2022-06-04 04:00:00+02:00,40188.5175,40.1885175,16.6,94,1,0,4,5,6
2022-06-04 03:00:00+00:00,2022-06-04 05:00:00+02:00,39807.665,39.807665,16.5,93,1,0,5,5,6
2022-06-04 04:00:00+00:00,2022-06-04 06:00:00+02:00,41375.085,41.375085,16.4,95,1,0,6,5,6
2022-06-04 05:00:00+00:00,2022-06-04 07:00:00+02:00,44539.2075,44.539207499999996,17.2,93,1,0,7,5,6
2022-06-04 06:00:00+00:00,2022-06-04 08:00:00+02:00,48645.5375,48.645537499999996,18.1,89,1,1,8,5,6
2022-06-04 07:00:00+00:00,2022-06-04 09:00:00+02:00,50874.3,50.874300000000005,19.5,81,1,1,9,5,6
2022-06-04 08:00:00+00:00,2022-06-04 10:00:00+02:00,52236.4425,52.236442499999995,21.2,71,1,1,10,5,6
2022-06-04 09:00:00+00:00,2022-06-04 11:00:00+02:00,53552.182499999995,53.552182499999994,22.6,63,1,1,11,5,6
2022-06-04 10:00:00+00:00,2022-06-04 12:00:00+02:00,52756.325,52.756325,24.3,55,1,1,12,5,6
2022-06-04 11:00:00+00:00,2022-06-04 13:00:00+02:00,51211.365000000005,51.21136500000001,25.9,47,1,1,13,5,6
2022-06-04 12:00:00+00:00,2022-06-04 14:00:00+02:00,49866.075,49.866074999999995,23.7,67,1,1,14,5,6
2022-06-04 13:00:00+00:00,2022-06-04 15:00:00+02:00,49259.3325,49.2593325,23.4,62,1,1,15,5,6
2022-06-04 14:00:00+00:00,2022-06-04 16:00:00+02:00,48739.4925,48.7394925,23.6,63,1,1,16,5,6
2022-06-04 15:00:00+00:00,2022-06-04 17:00:00+02:00,48382.2775,48.382277499999994,24.3,57,1,1,17,5,6
2022-06-04 16:00:00+00:00,2022-06-04 18:00:00+02:00,48687.32,48.68732,25.1,50,1,1,18,5,6
2022-06-04 17:00:00+00:00,2022-06-04 19:00:00+02:00,48126.6075,48.1266075,25.3,46,1,1,19,5,6
2022-06-04 18:00:00+00:00,2022-06-04 20:00:00+02:00,46701.195,46.701195,24.8,46,1,1,20,5,6
2022-06-04 19:00:00+00:00,2022-06-04 21:00:00+02:00,45550.652500000004,45.550652500000005,21.8,61,1,0,21,5,6
2022-06-04 20:00:00+00:00,2022-06-04 22:00:00+02:00,44444.3775,44.4443775,20.0,67,1,0,22,5,6
2022-06-04 21:00:00+00:00,2022-06-04 23:00:00+02:00,41574.432499999995,41.57443249999999,19.8,67,1,0,23,5,6
2022-06-04 22:00:00+00:00,2022-06-05 00:00:00+02:00,39924.075,39.924074999999995,19.0,71,1,0,0,6,6
2022-06-04 23:00:00+00:00,2022-06-05 01:00:00+02:00,38323.905,38.323904999999996,17.9,76,1,0,1,6,6
2022-06-05 00:00:00+00:00,2022-06-05 02:00:00+02:00,36788.715,36.788714999999996,18.8,75,1,0,2,6,6
2022-06-05 01:00:00+00:00,2022-06-05 03:00:00+02:00,35330.385,35.330385,17.9,78,1,0,3,6,6
2022-06-05 02:00:00+00:00,2022-06-05 04:00:00+02:00,35271.235,35.271235,17.5,79,1,0,4,6,6
2022-06-05 03:00:00+00:00,2022-06-05 05:00:00+02:00,35823.965,35.823964999999994,17.1,80,1,0,5,6,6
2022-06-05 04:00:00+00:00,2022-06-05 06:00:00+02:00,36638.415,36.638415,17.0,80,1,0,6,6,6
2022-06-05 05:00:00+00:00,2022-06-05 07:00:00+02:00,39190.6125,39.1906125,17.7,77,1,0,7,6,6
2022-06-05 06:00:00+00:00,2022-06-05 08:00:00+02:00,41991.3275,41.9913275,19.2,71,1,1,8,6,6
2022-06-05 07:00:00+00:00,2022-06-05 09:00:00+02:00,44746.5575,44.7465575,18.6,76,1,1,9,6,6
2022-06-05 08:00:00+00:00,2022-06-05 10:00:00+02:00,46182.955,46.182955,18.8,78,1,1,10,6,6
2022-06-05 09:00:00+00:00,2022-06-05 11:00:00+02:00,48274.815,48.274815000000004,19.5,76,1,1,11,6,6
2022-06-05 10:00:00+00:00,2022-06-05 12:00:00+02:00,48400.69,48.400690000000004,18.8,88,1,1,12,6,6
2022-06-05 11:00:00+00:00,2022-06-05 13:00:00+02:00,47437.1175,47.4371175,19.5,83,1,1,13,6,6
2022-06-05 12:00:00+00:00,2022-06-05 14:00:00+02:00,46057.235,46.057235,19.2,81,1,1,14,6,6
2022-06-05 13:00:00+00:00,2022-06-05 15:00:00+02:00,44728.240000000005,44.72824000000001,22.9,67,1,1,15,6,6
2022-06-05 14:00:00+00:00,2022-06-05 16:00:00+02:00,44197.6375,44.1976375,21.1,79,1,1,16,6,6
2022-06-05 15:00:00+00:00,2022-06-05 17:00:00+02:00,44761.6625,44.7616625,20.7,82,1,1,17,6,6
2022-06-05 16:00:00+00:00,2022-06-05 18:00:00+02:00,46046.5025,46.0465025,20.5,85,1,1,18,6,6
2022-06-05 17:00:00+00:00,2022-06-05 19:00:00+02:00,45238.427500000005,45.23842750000001,19.4,81,1,1,19,6,6
2022-06-05 18:00:00+00:00,2022-06-05 20:00:00+02:00,44420.165,44.420165000000004,20.5,74,1,1,20,6,6
2022-06-05 19:00:00+00:00,2022-06-05 21:00:00+02:00,44342.625,44.342625,19.3,72,1,0,21,6,6
2022-06-05 20:00:00+00:00,2022-06-05 22:00:00+02:00,44942.5975,44.942597500000005,18.4,75,1,0,22,6,6
2022-06-05 21:00:00+00:00,2022-06-05 23:00:00+02:00,42372.3425,42.3723425,17.3,81,1,0,23,6,6
2022-06-05 22:00:00+00:00,2022-06-06 00:00:00+02:00,39909.1,39.909099999999995,16.1,87,0,0,0,0,6
2022-06-05 23:00:00+00:00,2022-06-06 01:00:00+02:00,38417.325,38.417325,15.7,90,0,0,1,0,6
2022-06-06 00:00:00+00:00,2022-06-06 02:00:00+02:00,37552.295,37.552295,15.9,89,0,0,2,0,6
2022-06-06 01:00:00+00:00,2022-06-06 03:00:00+02:00,36755.705,36.755705,15.4,93,0,0,3,0,6
2022-06-06 02:00:00+00:00,2022-06-06 04:00:00+02:00,37556.917499999996,37.5569175,15.3,93,0,0,4,0,6
2022-06-06 03:00:00+00:00,2022-06-06 05:00:00+02:00,37894.435,37.894434999999994,14.9,95,0,0,5,0,6
2022-06-06 04:00:00+00:00,2022-06-06 06:00:00+02:00,39100.4825,39.1004825,14.9,95,0,0,6,0,6
2022-06-06 05:00:00+00:00,2022-06-06 07:00:00+02:00,40829.7225,40.8297225,15.7,93,0,0,7,0,6
2022-06-06 06:00:00+00:00,2022-06-06 08:00:00+02:00,43942.945,43.942945,17.1,84,0,1,8,0,6
2022-06-06 07:00:00+00:00,2022-06-06 09:00:00+02:00,46916.8025,46.916802499999996,18.0,80,0,1,9,0,6
2022-06-06 08:00:00+00:00,2022-06-06 10:00:00+02:00,49350.54,49.35054,19.0,74,0,1,10,0,6
2022-06-06 09:00:00+00:00,2022-06-06 11:00:00+02:00,51519.69,51.519690000000004,20.5,62,0,1,11,0,6
2022-06-06 10:00:00+00:00,2022-06-06 12:00:00+02:00,50467.2325,50.4672325,20.6,53,0,1,12,0,6
2022-06-06 11:00:00+00:00,2022-06-06 13:00:00+02:00,48623.915,48.623915000000004,21.8,45,0,1,13,0,6
2022-06-06 12:00:00+00:00,2022-06-06 14:00:00+02:00,46858.64750000001,46.858647500000004,21.1,53,0,1,14,0,6
2022-06-06 13:00:00+00:00,2022-06-06 15:00:00+02:00,46863.8575,46.8638575,20.9,59,0,1,15,0,6
2022-06-06 14:00:00+00:00,2022-06-06 16:00:00+02:00,46452.1975,46.452197500000004,22.5,50,0,1,16,0,6
2022-06-06 15:00:00+00:00,2022-06-06 17:00:00+02:00,47124.81,47.12481,22.8,40,0,1,17,0,6
2022-06-06 16:00:00+00:00,2022-06-06 18:00:00+02:00,47511.4775,47.5114775,22.4,42,0,1,18,0,6
2022-06-06 17:00:00+00:00,2022-06-06 19:00:00+02:00,47871.695,47.871695,21.7,45,0,1,19,0,6
2022-06-06 18:00:00+00:00,2022-06-06 20:00:00+02:00,47174.1025,47.174102500000004,20.7,49,0,1,20,0,6
2022-06-06 19:00:00+00:00,2022-06-06 21:00:00+02:00,46439.91,46.439910000000005,19.4,49,0,0,21,0,6
2022-06-06 20:00:00+00:00,2022-06-06 22:00:00+02:00,46247.905,46.247904999999996,17.9,50,0,0,22,0,6
2022-06-06 21:00:00+00:00,2022-06-06 23:00:00+02:00,43119.275,43.119275,17.2,52,0,0,23,0,6
2022-06-06 22:00:00+00:00,2022-06-07 00:00:00+02:00,40346.5,40.3465,16.4,56,0,0,0,1,6
2022-06-06 23:00:00+00:00,2022-06-07 01:00:00+02:00,39414.385,39.414385,15.5,62,0,0,1,1,6
2022-06-07 00:00:00+00:00,2022-06-07 02:00:00+02:00,39042.6575,39.042657500000004,14.5,68,0,0,2,1,6
2022-06-07 01:00:00+00:00,2022-06-07 03:00:00+02:00,39022.979999999996,39.02298,14.7,70,0,0,3,1,6
2022-06-07 02:00:00+00:00,2022-06-07 04:00:00+02:00,40603.6225,40.6036225,14.5,70,0,0,4,1,6
2022-06-07 03:00:00+00:00,2022-06-07 05:00:00+02:00,44143.2875,44.1432875,13.4,77,0,0,5,1,6
2022-06-07 04:00:00+00:00,2022-06-07 06:00:00+02:00,52038.18,52.03818,13.2,80,0,0,6,1,6
2022-06-07 05:00:00+00:00,2022-06-07 07:00:00+02:00,57950.135,57.950135,14.3,78,0,0,7,1,6
2022-06-07 06:00:00+00:00,2022-06-07 08:00:00+02:00,61384.1625,61.384162499999995,16.1,70,0,1,8,1,6
2022-06-07 07:00:00+00:00,2022-06-07 09:00:00+02:00,62835.6175,62.8356175,17.6,65,0,1,9,1,6
2022-06-07 08:00:00+00:00,2022-06-07 10:00:00+02:00,64389.5275,64.3895275,19.2,59,0,1,10,1,6
2022-06-07 09:00:00+00:00,2022-06-07 11:00:00+02:00,65838.1675,65.8381675,20.4,49,0,1,11,1,6
2022-06-07 10:00:00+00:00,2022-06-07 12:00:00+02:00,65467.6725,65.4676725,21.9,40,0,1,12,1,6
2022-06-07 11:00:00+00:00,2022-06-07 13:00:00+02:00,64761.025,64.761025,23.1,35,0,1,13,1,6
2022-06-07 12:00:00+00:00,2022-06-07 14:00:00+02:00,63961.2025,63.9612025,22.5,40,0,1,14,1,6
2022-06-07 13:00:00+00:00,2022-06-07 15:00:00+02:00,62603.2475,62.603247499999995,21.9,42,0,1,15,1,6
2022-06-07 14:00:00+00:00,2022-06-07 16:00:00+02:00,60919.725,60.919725,22.8,42,0,1,16,1,6
2022-06-07 15:00:00+00:00,2022-06-07 17:00:00+02:00,61008.38,61.008379999999995,21.9,51,0,1,17,1,6
2022-06-07 16:00:00+00:00,2022-06-07 18:00:00+02:00,61174.354999999996,61.174355,19.6,67,0,1,18,1,6
2022-06-07 17:00:00+00:00,2022-06-07 19:00:00+02:00,59667.6925,59.667692499999994,17.8,77,0,1,19,1,6
2022-06-07 18:00:00+00:00,2022-06-07 20:00:00+02:00,57260.104999999996,57.260104999999996,17.8,80,0,1,20,1,6
2022-06-07 19:00:00+00:00,2022-06-07 21:00:00+02:00,55031.6525,55.0316525,17.0,86,0,0,21,1,6
2022-06-07 20:00:00+00:00,2022-06-07 22:00:00+02:00,52285.13,52.285129999999995,16.5,89,0,0,22,1,6
2022-06-07 21:00:00+00:00,2022-06-07 23:00:00+02:00,48223.6825,48.2236825,16.2,87,0,0,23,1,6
2022-06-07 22:00:00+00:00,2022-06-08 00:00:00+02:00,45232.9675,45.2329675,15.7,87,0,0,0,2,6
2022-06-07 23:00:00+00:00,2022-06-08 01:00:00+02:00,43572.067500000005,43.5720675,15.2,89,0,0,1,2,6
2022-06-08 00:00:00+00:00,2022-06-08 02:00:00+02:00,42751.692500000005,42.751692500000004,14.9,95,0,0,2,2,6
2022-06-08 01:00:00+00:00,2022-06-08 03:00:00+02:00,42923.7325,42.9237325,14.2,96,0,0,3,2,6
2022-06-08 02:00:00+00:00,2022-06-08 04:00:00+02:00,43843.2275,43.8432275,14.3,96,0,0,4,2,6
2022-06-08 03:00:00+00:00,2022-06-08 05:00:00+02:00,46371.895000000004,46.371895,13.8,96,0,0,5,2,6
2022-06-08 04:00:00+00:00,2022-06-08 06:00:00+02:00,53035.6325,53.0356325,13.7,96,0,0,6,2,6
2022-06-08 05:00:00+00:00,2022-06-08 07:00:00+02:00,58556.335,58.556335,14.7,92,0,0,7,2,6
2022-06-08 06:00:00+00:00,2022-06-08 08:00:00+02:00,61704.090000000004,61.70409,15.9,85,0,1,8,2,6
2022-06-08 07:00:00+00:00,2022-06-08 09:00:00+02:00,62341.1275,62.3411275,17.6,76,0,1,9,2,6
2022-06-08 08:00:00+00:00,2022-06-08 10:00:00+02:00,63535.1125,63.535112500000004,19.2,68,0,1,10,2,6
2022-06-08 09:00:00+00:00,2022-06-08 11:00:00+02:00,65244.7825,65.2447825,21.0,58,0,1,11,2,6
2022-06-08 10:00:00+00:00,2022-06-08 12:00:00+02:00,65336.365,65.336365,21.2,54,0,1,12,2,6
2022-06-08 11:00:00+00:00,2022-06-08 13:00:00+02:00,64997.3075,64.9973075,21.4,50,0,1,13,2,6
2022-06-08 12:00:00+00:00,2022-06-08 14:00:00+02:00,63744.1825,63.7441825,22.5,41,0,1,14,2,6
2022-06-08 13:00:00+00:00,2022-06-08 15:00:00+02:00,62489.8125,62.4898125,20.4,51,0,1,15,2,6
2022-06-08 14:00:00+00:00,2022-06-08 16:00:00+02:00,61569.0525,61.5690525,19.6,59,0,1,16,2,6
2022-06-08 15:00:00+00:00,2022-06-08 17:00:00+02:00,61607.4925,61.6074925,19.1,63,0,1,17,2,6
2022-06-08 16:00:00+00:00,2022-06-08 18:00:00+02:00,61252.305,61.252305,16.5,90,0,1,18,2,6
2022-06-08 17:00:00+00:00,2022-06-08 19:00:00+02:00,60305.2125,60.3052125,16.0,90,0,1,19,2,6
2022-06-08 18:00:00+00:00,2022-06-08 20:00:00+02:00,57448.6075,57.4486075,15.6,90,0,1,20,2,6
2022-06-08 19:00:00+00:00,2022-06-08 21:00:00+02:00,55616.6775,55.616677499999994,15.4,90,0,0,21,2,6
2022-06-08 20:00:00+00:00,2022-06-08 22:00:00+02:00,52877.0725,52.877072500000004,14.9,91,0,0,22,2,6
2022-06-08 21:00:00+00:00,2022-06-08 23:00:00+02:00,48790.49,48.79049,13.9,94,0,0,23,2,6
2022-06-08 22:00:00+00:00,2022-06-09 00:00:00+02:00,46258.6875,46.2586875,13.1,94,0,0,0,3,6
2022-06-08 23:00:00+00:00,2022-06-09 01:00:00+02:00,44383.4875,44.3834875,12.7,94,0,0,1,3,6
2022-06-09 00:00:00+00:00,2022-06-09 02:00:00+02:00,43739.479999999996,43.73947999999999,13.6,95,0,0,2,3,6
2022-06-09 01:00:00+00:00,2022-06-09 03:00:00+02:00,44398.28,44.39828,13.4,95,0,0,3,3,6
2022-06-09 02:00:00+00:00,2022-06-09 04:00:00+02:00,45150.675,45.150675,13.2,94,0,0,4,3,6
2022-06-09 03:00:00+00:00,2022-06-09 05:00:00+02:00,48064.2375,48.064237500000004,12.6,95,0,0,5,3,6
2022-06-09 04:00:00+00:00,2022-06-09 06:00:00+02:00,54540.7675,54.5407675,12.3,94,0,0,6,3,6
2022-06-09 05:00:00+00:00,2022-06-09 07:00:00+02:00,59754.932499999995,59.754932499999995,13.1,92,0,0,7,3,6
2022-06-09 06:00:00+00:00,2022-06-09 08:00:00+02:00,62861.2375,62.8612375,14.5,82,0,1,8,3,6
2022-06-09 07:00:00+00:00,2022-06-09 09:00:00+02:00,63803.8325,63.8038325,15.5,76,0,1,9,3,6
2022-06-09 08:00:00+00:00,2022-06-09 10:00:00+02:00,64755.082500000004,64.7550825,16.6,69,0,1,10,3,6
2022-06-09 09:00:00+00:00,2022-06-09 11:00:00+02:00,65389.6425,65.38964250000001,17.1,66,0,1,11,3,6
2022-06-09 10:00:00+00:00,2022-06-09 12:00:00+02:00,65503.595,65.503595,18.3,61,0,1,12,3,6
2022-06-09 11:00:00+00:00,2022-06-09 13:00:00+02:00,65141.0475,65.1410475,19.2,53,0,1,13,3,6
2022-06-09 12:00:00+00:00,2022-06-09 14:00:00+02:00,63502.685,63.502685,16.2,73,0,1,14,3,6
2022-06-09 13:00:00+00:00,2022-06-09 15:00:00+02:00,62700.85,62.700849999999996,19.2,62,0,1,15,3,6
2022-06-09 14:00:00+00:00,2022-06-09 16:00:00+02:00,61910.53,61.91053,19.3,55,0,1,16,3,6
2022-06-09 15:00:00+00:00,2022-06-09 17:00:00+02:00,61568.8825,61.5688825,20.1,50,0,1,17,3,6
2022-06-09 16:00:00+00:00,2022-06-09 18:00:00+02:00,60921.582500000004,60.92158250000001,20.1,48,0,1,18,3,6
2022-06-09 17:00:00+00:00,2022-06-09 19:00:00+02:00,59637.625,59.637625,19.6,47,0,1,19,3,6
2022-06-09 18:00:00+00:00,2022-06-09 20:00:00+02:00,57567.2175,57.5672175,18.2,57,0,1,20,3,6
2022-06-09 19:00:00+00:00,2022-06-09 21:00:00+02:00,55078.685,55.078685,16.8,65,0,0,21,3,6
2022-06-09 20:00:00+00:00,2022-06-09 22:00:00+02:00,52816.9625,52.8169625,15.1,74,0,0,22,3,6
2022-06-09 21:00:00+00:00,2022-06-09 23:00:00+02:00,49292.575,49.292575,13.6,83,0,0,23,3,6
2022-06-09 22:00:00+00:00,2022-06-10 00:00:00+02:00,46451.770000000004,46.45177,12.6,90,0,0,0,4,6
2022-06-09 23:00:00+00:00,2022-06-10 01:00:00+02:00,44709.1375,44.7091375,12.0,92,0,0,1,4,6
2022-06-10 00:00:00+00:00,2022-06-10 02:00:00+02:00,44258.065,44.258065,13.1,88,0,0,2,4,6
2022-06-10 01:00:00+00:00,2022-06-10 03:00:00+02:00,44395.47,44.39547,12.9,90,0,0,3,4,6
2022-06-10 02:00:00+00:00,2022-06-10 04:00:00+02:00,45133.2475,45.133247499999996,12.2,94,0,0,4,4,6
2022-06-10 03:00:00+00:00,2022-06-10 05:00:00+02:00,47389.265,47.389265,11.8,95,0,0,5,4,6
2022-06-10 04:00:00+00:00,2022-06-10 06:00:00+02:00,53554.3775,53.5543775,11.5,97,0,0,6,4,6
2022-06-10 05:00:00+00:00,2022-06-10 07:00:00+02:00,58681.7175,58.6817175,12.7,92,0,0,7,4,6
2022-06-10 06:00:00+00:00,2022-06-10 08:00:00+02:00,62218.917499999996,62.218917499999996,14.8,85,0,1,8,4,6
2022-06-10 07:00:00+00:00,2022-06-10 09:00:00+02:00,63391.292499999996,63.3912925,16.6,78,0,1,9,4,6
2022-06-10 08:00:00+00:00,2022-06-10 10:00:00+02:00,64267.457500000004,64.2674575,18.4,69,0,1,10,4,6
2022-06-10 09:00:00+00:00,2022-06-10 11:00:00+02:00,64828.015,64.828015,19.9,60,0,1,11,4,6
2022-06-10 10:00:00+00:00,2022-06-10 12:00:00+02:00,64426.4225,64.4264225,21.2,53,0,1,12,4,6
2022-06-10 11:00:00+00:00,2022-06-10 13:00:00+02:00,63118.6325,63.1186325,22.3,47,0,1,13,4,6
2022-06-10 12:00:00+00:00,2022-06-10 14:00:00+02:00,61949.2025,61.9492025,23.1,42,0,1,14,4,6
2022-06-10 13:00:00+00:00,2022-06-10 15:00:00+02:00,60573.93,60.57393,23.8,38,0,1,15,4,6
2022-06-10 14:00:00+00:00,2022-06-10 16:00:00+02:00,59510.572499999995,59.510572499999995,23.7,38,0,1,16,4,6
2022-06-10 15:00:00+00:00,2022-06-10 17:00:00+02:00,58835.832500000004,58.8358325,23.5,40,0,1,17,4,6
2022-06-10 16:00:00+00:00,2022-06-10 18:00:00+02:00,58012.7,58.012699999999995,23.4,39,0,1,18,4,6
2022-06-10 17:00:00+00:00,2022-06-10 19:00:00+02:00,56589.4025,56.5894025,22.8,45,0,1,19,4,6
2022-06-10 18:00:00+00:00,2022-06-10 20:00:00+02:00,54187.57,54.18757,22.5,49,0,1,20,4,6
2022-06-10 19:00:00+00:00,2022-06-10 21:00:00+02:00,51742.845,51.742845,20.0,65,0,0,21,4,6
2022-06-10 20:00:00+00:00,2022-06-10 22:00:00+02:00,49805.1325,49.8051325,20.9,50,0,0,22,4,6
2022-06-10 21:00:00+00:00,2022-06-10 23:00:00+02:00,46388.6775,46.3886775,16.0,75,0,0,23,4,6
2022-06-10 22:00:00+00:00,2022-06-11 00:00:00+02:00,43784.8125,43.7848125,15.0,82,1,0,0,5,6
2022-06-10 23:00:00+00:00,2022-06-11 01:00:00+02:00,42120.3475,42.1203475,13.8,88,1,0,1,5,6
2022-06-11 00:00:00+00:00,2022-06-11 02:00:00+02:00,40967.505000000005,40.967505,14.8,78,1,0,2,5,6
2022-06-11 01:00:00+00:00,2022-06-11 03:00:00+02:00,40613.4525,40.6134525,12.7,86,1,0,3,5,6
2022-06-11 02:00:00+00:00,2022-06-11 04:00:00+02:00,40239.2425,40.2392425,14.6,76,1,0,4,5,6
2022-06-11 03:00:00+00:00,2022-06-11 05:00:00+02:00,40443.955,40.443955,14.7,76,1,0,5,5,6
2022-06-11 04:00:00+00:00,2022-06-11 06:00:00+02:00,42663.195,42.663195,14.5,81,1,0,6,5,6
2022-06-11 05:00:00+00:00,2022-06-11 07:00:00+02:00,45540.582500000004,45.540582500000006,15.5,78,1,0,7,5,6
2022-06-11 06:00:00+00:00,2022-06-11 08:00:00+02:00,49184.95,49.18495,17.6,73,1,1,8,5,6
2022-06-11 07:00:00+00:00,2022-06-11 09:00:00+02:00,52480.7975,52.4807975,19.9,65,1,1,9,5,6
2022-06-11 08:00:00+00:00,2022-06-11 10:00:00+02:00,54633.682499999995,54.63368249999999,22.1,58,1,1,10,5,6
2022-06-11 09:00:00+00:00,2022-06-11 11:00:00+02:00,55555.14,55.55514,23.6,51,1,1,11,5,6
2022-06-11 10:00:00+00:00,2022-06-11 12:00:00+02:00,55114.2025,55.1142025,24.7,46,1,1,12,5,6
2022-06-11 11:00:00+00:00,2022-06-11 13:00:00+02:00,53631.15,53.63115,24.7,45,1,1,13,5,6
2022-06-11 12:00:00+00:00,2022-06-11 14:00:00+02:00,51940.92,51.94092,25.8,42,1,1,14,5,6
2022-06-11 13:00:00+00:00,2022-06-11 15:00:00+02:00,51503.542499999996,51.503542499999995,26.2,40,1,1,15,5,6
2022-06-11 14:00:00+00:00,2022-06-11 16:00:00+02:00,51003.1425,51.0031425,27.1,37,1,1,16,5,6
2022-06-11 15:00:00+00:00,2022-06-11 17:00:00+02:00,50937.427500000005,50.937427500000005,27.6,34,1,1,17,5,6
2022-06-11 16:00:00+00:00,2022-06-11 18:00:00+02:00,50518.28,50.51828,27.5,33,1,1,18,5,6
2022-06-11 17:00:00+00:00,2022-06-11 19:00:00+02:00,49610.2275,49.6102275,26.5,37,1,1,19,5,6
2022-06-11 18:00:00+00:00,2022-06-11 20:00:00+02:00,47825.932499999995,47.82593249999999,24.1,52,1,1,20,5,6
2022-06-11 19:00:00+00:00,2022-06-11 21:00:00+02:00,46523.725,46.523725,21.8,56,1,0,21,5,6
2022-06-11 20:00:00+00:00,2022-06-11 22:00:00+02:00,45744.7475,45.744747499999995,19.3,68,1,0,22,5,6
2022-06-11 21:00:00+00:00,2022-06-11 23:00:00+02:00,43168.675,43.168675,18.9,69,1,0,23,5,6
2022-06-11 22:00:00+00:00,2022-06-12 00:00:00+02:00,40351.67,40.35167,17.6,77,1,0,0,6,6
2022-06-11 23:00:00+00:00,2022-06-12 01:00:00+02:00,38410.7125,38.4107125,17.2,78,1,0,1,6,6
2022-06-12 00:00:00+00:00,2022-06-12 02:00:00+02:00,37170.145000000004,37.170145000000005,15.0,85,1,0,2,6,6
2022-06-12 01:00:00+00:00,2022-06-12 03:00:00+02:00,36606.785,36.606785,16.4,75,1,0,3,6,6
2022-06-12 02:00:00+00:00,2022-06-12 04:00:00+02:00,36437.75,36.43775,16.0,77,1,0,4,6,6
2022-06-12 03:00:00+00:00,2022-06-12 05:00:00+02:00,36345.7,36.345699999999994,14.3,84,1,0,5,6,6
2022-06-12 04:00:00+00:00,2022-06-12 06:00:00+02:00,37430.795,37.430794999999996,14.4,85,1,0,6,6,6
2022-06-12 05:00:00+00:00,2022-06-12 07:00:00+02:00,39952.317500000005,39.95231750000001,16.2,80,1,0,7,6,6
2022-06-12 06:00:00+00:00,2022-06-12 08:00:00+02:00,43376.0425,43.376042500000004,18.3,72,1,1,8,6,6
2022-06-12 07:00:00+00:00,2022-06-12 09:00:00+02:00,46149.259999999995,46.14926,20.4,65,1,1,9,6,6
2022-06-12 08:00:00+00:00,2022-06-12 10:00:00+02:00,48104.92,48.10492,22.3,58,1,1,10,6,6
2022-06-12 09:00:00+00:00,2022-06-12 11:00:00+02:00,50034.675,50.034675,23.9,52,1,1,11,6,6
2022-06-12 10:00:00+00:00,2022-06-12 12:00:00+02:00,50218.205,50.218205000000005,25.2,46,1,1,12,6,6
2022-06-12 11:00:00+00:00,2022-06-12 13:00:00+02:00,48647.55,48.64755,26.0,41,1,1,13,6,6
2022-06-12 12:00:00+00:00,2022-06-12 14:00:00+02:00,47232.18,47.23218,27.1,36,1,1,14,6,6
2022-06-12 13:00:00+00:00,2022-06-12 15:00:00+02:00,46909.075,46.909074999999994,27.4,33,1,1,15,6,6
2022-06-12 14:00:00+00:00,2022-06-12 16:00:00+02:00,47490.119999999995,47.49012,27.6,32,1,1,16,6,6
2022-06-12 15:00:00+00:00,2022-06-12 17:00:00+02:00,48541.07,48.54107,27.4,31,1,1,17,6,6
2022-06-12 16:00:00+00:00,2022-06-12 18:00:00+02:00,49212.98,49.21298,27.0,32,1,1,18,6,6
2022-06-12 17:00:00+00:00,2022-06-12 19:00:00+02:00,48931.417499999996,48.931417499999995,26.1,34,1,1,19,6,6
2022-06-12 18:00:00+00:00,2022-06-12 20:00:00+02:00,48600.947499999995,48.6009475,24.9,36,1,1,20,6,6
2022-06-12 19:00:00+00:00,2022-06-12 21:00:00+02:00,47466.667499999996,47.46666749999999,22.1,45,1,0,21,6,6
2022-06-12 20:00:00+00:00,2022-06-12 22:00:00+02:00,47249.72,47.24972,19.9,51,1,0,22,6,6
2022-06-12 21:00:00+00:00,2022-06-12 23:00:00+02:00,44669.0975,44.66909750000001,18.4,54,1,0,23,6,6
2022-06-12 22:00:00+00:00,2022-06-13 00:00:00+02:00,42767.082500000004,42.7670825,17.0,59,0,0,0,0,6
2022-06-12 23:00:00+00:00,2022-06-13 01:00:00+02:00,41336.595,41.336595,15.9,64,0,0,1,0,6
2022-06-13 00:00:00+00:00,2022-06-13 02:00:00+02:00,40633.39,40.63339,17.5,58,0,0,2,0,6
2022-06-13 01:00:00+00:00,2022-06-13 03:00:00+02:00,41060.0375,41.0600375,17.1,61,0,0,3,0,6
2022-06-13 02:00:00+00:00,2022-06-13 04:00:00+02:00,42561.7,42.561699999999995,16.0,65,0,0,4,0,6
2022-06-13 03:00:00+00:00,2022-06-13 05:00:00+02:00,45407.3075,45.4073075,15.0,67,0,0,5,0,6
2022-06-13 04:00:00+00:00,2022-06-13 06:00:00+02:00,52194.2975,52.1942975,14.6,68,0,0,6,0,6
2022-06-13 05:00:00+00:00,2022-06-13 07:00:00+02:00,57335.024999999994,57.335024999999995,15.7,65,0,0,7,0,6
2022-06-13 06:00:00+00:00,2022-06-13 08:00:00+02:00,60810.9575,60.810957499999994,17.0,61,0,1,8,0,6
2022-06-13 07:00:00+00:00,2022-06-13 09:00:00+02:00,62143.5975,62.143597500000006,18.4,52,0,1,9,0,6
2022-06-13 08:00:00+00:00,2022-06-13 10:00:00+02:00,64158.5625,64.1585625,19.8,45,0,1,10,0,6
2022-06-13 09:00:00+00:00,2022-06-13 11:00:00+02:00,66430.54,66.43054,20.6,40,0,1,11,0,6
2022-06-13 10:00:00+00:00,2022-06-13 12:00:00+02:00,66355.77249999999,66.35577249999999,21.5,37,0,1,12,0,6
2022-06-13 11:00:00+00:00,2022-06-13 13:00:00+02:00,65577.06,65.57706,21.2,38,0,1,13,0,6
2022-06-13 12:00:00+00:00,2022-06-13 14:00:00+02:00,64341.162500000006,64.34116250000001,21.2,39,0,1,14,0,6
2022-06-13 13:00:00+00:00,2022-06-13 15:00:00+02:00,63592.825,63.592825,22.1,37,0,1,15,0,6
2022-06-13 14:00:00+00:00,2022-06-13 16:00:00+02:00,62115.53,62.11553,22.4,34,0,1,16,0,6
2022-06-13 15:00:00+00:00,2022-06-13 17:00:00+02:00,62178.1075,62.178107499999996,22.1,34,0,1,17,0,6
2022-06-13 16:00:00+00:00,2022-06-13 18:00:00+02:00,61458.6025,61.4586025,21.1,36,0,1,18,0,6
2022-06-13 17:00:00+00:00,2022-06-13 19:00:00+02:00,59206.6075,59.2066075,20.2,41,0,1,19,0,6
2022-06-13 18:00:00+00:00,2022-06-13 20:00:00+02:00,56712.545,56.712545,19.9,38,0,1,20,0,6
2022-06-13 19:00:00+00:00,2022-06-13 21:00:00+02:00,54178.735,54.178735,18.7,41,0,0,21,0,6
2022-06-13 20:00:00+00:00,2022-06-13 22:00:00+02:00,52480.534999999996,52.480534999999996,17.0,47,0,0,22,0,6
2022-06-13 21:00:00+00:00,2022-06-13 23:00:00+02:00,48842.7575,48.8427575,15.5,53,0,0,23,0,6
2022-06-13 22:00:00+00:00,2022-06-14 00:00:00+02:00,46713.57,46.71357,14.5,56,0,0,0,1,6
2022-06-13 23:00:00+00:00,2022-06-14 01:00:00+02:00,45175.9,45.1759,13.8,60,0,0,1,1,6
2022-06-14 00:00:00+00:00,2022-06-14 02:00:00+02:00,44098.865,44.098864999999996,12.8,68,0,0,2,1,6
2022-06-14 01:00:00+00:00,2022-06-14 03:00:00+02:00,44595.0225,44.5950225,11.5,74,0,0,3,1,6
2022-06-14 02:00:00+00:00,2022-06-14 04:00:00+02:00,45214.395000000004,45.214395,10.8,76,0,0,4,1,6
2022-06-14 03:00:00+00:00,2022-06-14 05:00:00+02:00,47326.55,47.326550000000005,10.3,79,0,0,5,1,6
2022-06-14 04:00:00+00:00,2022-06-14 06:00:00+02:00,53571.295,53.571295,10.5,78,0,0,6,1,6
2022-06-14 05:00:00+00:00,2022-06-14 07:00:00+02:00,58497.325,58.497325,12.1,72,0,0,7,1,6
2022-06-14 06:00:00+00:00,2022-06-14 08:00:00+02:00,61575.4875,61.5754875,14.2,64,0,1,8,1,6
2022-06-14 07:00:00+00:00,2022-06-14 09:00:00+02:00,62781.99,62.78199,16.6,55,0,1,9,1,6
2022-06-14 08:00:00+00:00,2022-06-14 10:00:00+02:00,63611.4375,63.6114375,18.8,47,0,1,10,1,6
2022-06-14 09:00:00+00:00,2022-06-14 11:00:00+02:00,65043.4975,65.0434975,20.4,40,0,1,11,1,6
2022-06-14 10:00:00+00:00,2022-06-14 12:00:00+02:00,64797.4925,64.7974925,21.7,36,0,1,12,1,6
2022-06-14 11:00:00+00:00,2022-06-14 13:00:00+02:00,64649.65,64.64965000000001,22.8,32,0,1,13,1,6
2022-06-14 12:00:00+00:00,2022-06-14 14:00:00+02:00,63716.475,63.716474999999996,23.6,28,0,1,14,1,6
2022-06-14 13:00:00+00:00,2022-06-14 15:00:00+02:00,62194.945,62.194945,25.0,26,0,1,15,1,6
2022-06-14 14:00:00+00:00,2022-06-14 16:00:00+02:00,60090.524999999994,60.09052499999999,25.5,25,0,1,16,1,6
2022-06-14 15:00:00+00:00,2022-06-14 17:00:00+02:00,59716.3,59.716300000000004,25.8,24,0,1,17,1,6
2022-06-14 16:00:00+00:00,2022-06-14 18:00:00+02:00,59430.197499999995,59.43019749999999,25.7,23,0,1,18,1,6
2022-06-14 17:00:00+00:00,2022-06-14 19:00:00+02:00,58588.125,58.588125,25.2,23,0,1,19,1,6
2022-06-14 18:00:00+00:00,2022-06-14 20:00:00+02:00,56323.7875,56.3237875,24.3,25,0,1,20,1,6
2022-06-14 19:00:00+00:00,2022-06-14 21:00:00+02:00,54263.3775,54.263377500000004,22.0,30,0,0,21,1,6
2022-06-14 20:00:00+00:00,2022-06-14 22:00:00+02:00,51843.79,51.84379,20.2,32,0,0,22,1,6
2022-06-14 21:00:00+00:00,2022-06-14 23:00:00+02:00,47874.8875,47.8748875,19.3,34,0,0,23,1,6
2022-06-14 22:00:00+00:00,2022-06-15 00:00:00+02:00,45203.5,45.2035,17.8,43,0,0,0,2,6
2022-06-14 23:00:00+00:00,2022-06-15 01:00:00+02:00,43633.28,43.63328,16.7,53,0,0,1,2,6
2022-06-15 00:00:00+00:00,2022-06-15 02:00:00+02:00,43006.145000000004,43.006145000000004,15.7,60,0,0,2,2,6
2022-06-15 01:00:00+00:00,2022-06-15 03:00:00+02:00,43081.7375,43.0817375,15.0,64,0,0,3,2,6
2022-06-15 02:00:00+00:00,2022-06-15 04:00:00+02:00,43926.08,43.92608,14.6,66,0,0,4,2,6
2022-06-15 03:00:00+00:00,2022-06-15 05:00:00+02:00,45896.0225,45.8960225,13.9,69,0,0,5,2,6
2022-06-15 04:00:00+00:00,2022-06-15 06:00:00+02:00,52383.82,52.38382,13.6,70,0,0,6,2,6
2022-06-15 05:00:00+00:00,2022-06-15 07:00:00+02:00,57532.4775,57.5324775,15.2,65,0,0,7,2,6
2022-06-15 06:00:00+00:00,2022-06-15 08:00:00+02:00,60619.6225,60.6196225,17.6,54,0,1,8,2,6
2022-06-15 07:00:00+00:00,2022-06-15 09:00:00+02:00,61629.3675,61.6293675,20.0,47,0,1,9,2,6
2022-06-15 08:00:00+00:00,2022-06-15 10:00:00+02:00,63020.1725,63.0201725,22.4,43,0,1,10,2,6
2022-06-15 09:00:00+00:00,2022-06-15 11:00:00+02:00,64560.545,64.560545,24.7,39,0,1,11,2,6
2022-06-15 10:00:00+00:00,2022-06-15 12:00:00+02:00,64505.3625,64.5053625,26.6,35,0,1,12,2,6
2022-06-15 11:00:00+00:00,2022-06-15 13:00:00+02:00,63939.425,63.939425,28.1,31,0,1,13,2,6
2022-06-15 12:00:00+00:00,2022-06-15 14:00:00+02:00,62576.9975,62.5769975,29.0,26,0,1,14,2,6
2022-06-15 13:00:00+00:00,2022-06-15 15:00:00+02:00,61108.525,61.108525,30.2,25,0,1,15,2,6
2022-06-15 14:00:00+00:00,2022-06-15 16:00:00+02:00,59449.3825,59.4493825,30.6,24,0,1,16,2,6
2022-06-15 15:00:00+00:00,2022-06-15 17:00:00+02:00,59098.035,59.098035,30.8,23,0,1,17,2,6
2022-06-15 16:00:00+00:00,2022-06-15 18:00:00+02:00,58765.5925,58.7655925,30.6,22,0,1,18,2,6
2022-06-15 17:00:00+00:00,2022-06-15 19:00:00+02:00,57920.9525,57.9209525,30.2,22,0,1,19,2,6
2022-06-15 18:00:00+00:00,2022-06-15 20:00:00+02:00,55993.005,55.993005,29.1,25,0,1,20,2,6
2022-06-15 19:00:00+00:00,2022-06-15 21:00:00+02:00,53665.8925,53.6658925,26.7,32,0,0,21,2,6
2022-06-15 20:00:00+00:00,2022-06-15 22:00:00+02:00,51441.0875,51.4410875,24.4,33,0,0,22,2,6
2022-06-15 21:00:00+00:00,2022-06-15 23:00:00+02:00,48082.82,48.08282,22.2,38,0,0,23,2,6
2022-06-15 22:00:00+00:00,2022-06-16 00:00:00+02:00,44954.972499999996,44.9549725,21.8,43,0,0,0,3,6
2022-06-15 23:00:00+00:00,2022-06-16 01:00:00+02:00,42542.4075,42.5424075,21.0,49,0,0,1,3,6
2022-06-16 00:00:00+00:00,2022-06-16 02:00:00+02:00,41048.95,41.04895,20.5,54,0,0,2,3,6
2022-06-16 01:00:00+00:00,2022-06-16 03:00:00+02:00,40692.195,40.692195,19.0,60,0,0,3,3,6
2022-06-16 02:00:00+00:00,2022-06-16 04:00:00+02:00,40882.9975,40.882997499999995,18.4,62,0,0,4,3,6
2022-06-16 03:00:00+00:00,2022-06-16 05:00:00+02:00,40688.905,40.688905,18.0,62,0,0,5,3,6
2022-06-16 04:00:00+00:00,2022-06-16 06:00:00+02:00,43263.9525,43.2639525,17.8,61,0,0,6,3,6
2022-06-16 05:00:00+00:00,2022-06-16 07:00:00+02:00,46727.9975,46.7279975,18.7,58,0,0,7,3,6
2022-06-16 06:00:00+00:00,2022-06-16 08:00:00+02:00,49870.8225,49.8708225,20.1,53,0,1,8,3,6
2022-06-16 07:00:00+00:00,2022-06-16 09:00:00+02:00,51868.46,51.86846,21.8,48,0,1,9,3,6
2022-06-16 08:00:00+00:00,2022-06-16 10:00:00+02:00,53772.520000000004,53.77252000000001,24.0,41,0,1,10,3,6
2022-06-16 09:00:00+00:00,2022-06-16 11:00:00+02:00,55802.957500000004,55.802957500000005,25.1,37,0,1,11,3,6
2022-06-16 10:00:00+00:00,2022-06-16 12:00:00+02:00,55673.915,55.673915,26.3,35,0,1,12,3,6
2022-06-16 11:00:00+00:00,2022-06-16 13:00:00+02:00,54519.9375,54.5199375,27.3,33,0,1,13,3,6
2022-06-16 12:00:00+00:00,2022-06-16 14:00:00+02:00,53606.332500000004,53.6063325,27.7,32,0,1,14,3,6
2022-06-16 13:00:00+00:00,2022-06-16 15:00:00+02:00,53046.59,53.046589999999995,28.3,30,0,1,15,3,6
2022-06-16 14:00:00+00:00,2022-06-16 16:00:00+02:00,52838.45,52.838449999999995,28.5,27,0,1,16,3,6
2022-06-16 15:00:00+00:00,2022-06-16 17:00:00+02:00,53488.1175,53.4881175,28.3,25,0,1,17,3,6
2022-06-16 16:00:00+00:00,2022-06-16 18:00:00+02:00,54074.2025,54.0742025,27.2,25,0,1,18,3,6
2022-06-16 17:00:00+00:00,2022-06-16 19:00:00+02:00,53210.445,53.210445,26.0,25,0,1,19,3,6
2022-06-16 18:00:00+00:00,2022-06-16 20:00:00+02:00,51611.47,51.611470000000004,24.4,30,0,1,20,3,6
2022-06-16 19:00:00+00:00,2022-06-16 21:00:00+02:00,50178.5,50.1785,22.9,33,0,0,21,3,6
2022-06-16 20:00:00+00:00,2022-06-16 22:00:00+02:00,49218.807499999995,49.2188075,20.8,38,0,0,22,3,6
2022-06-16 21:00:00+00:00,2022-06-16 23:00:00+02:00,45886.225,45.886224999999996,20.1,42,0,0,23,3,6
2022-06-16 22:00:00+00:00,2022-06-17 00:00:00+02:00,43846.567500000005,43.846567500000006,19.2,48,0,0,0,4,6
2022-06-16 23:00:00+00:00,2022-06-17 01:00:00+02:00,42046.2025,42.0462025,18.5,51,0,0,1,4,6
2022-06-17 00:00:00+00:00,2022-06-17 02:00:00+02:00,40810.2675,40.8102675,17.9,55,0,0,2,4,6
2022-06-17 01:00:00+00:00,2022-06-17 03:00:00+02:00,40965.885,40.965885,16.2,61,0,0,3,4,6
2022-06-17 02:00:00+00:00,2022-06-17 04:00:00+02:00,41502.9475,41.502947500000005,15.5,63,0,0,4,4,6
2022-06-17 03:00:00+00:00,2022-06-17 05:00:00+02:00,43364.7475,43.3647475,14.8,66,0,0,5,4,6
2022-06-17 04:00:00+00:00,2022-06-17 06:00:00+02:00,48775.1525,48.7751525,14.5,67,0,0,6,4,6
2022-06-17 05:00:00+00:00,2022-06-17 07:00:00+02:00,53428.347499999996,53.428347499999994,16.0,63,0,0,7,4,6
2022-06-17 06:00:00+00:00,2022-06-17 08:00:00+02:00,57037.705,57.037705,18.0,55,0,1,8,4,6
2022-06-17 07:00:00+00:00,2022-06-17 09:00:00+02:00,58333.76,58.333760000000005,20.1,47,0,1,9,4,6
2022-06-17 08:00:00+00:00,2022-06-17 10:00:00+02:00,59539.095,59.539095,22.1,41,0,1,10,4,6
2022-06-17 09:00:00+00:00,2022-06-17 11:00:00+02:00,61003.5475,61.0035475,23.8,36,0,1,11,4,6
2022-06-17 10:00:00+00:00,2022-06-17 12:00:00+02:00,61350.935,61.350935,25.4,32,0,1,12,4,6
2022-06-17 11:00:00+00:00,2022-06-17 13:00:00+02:00,60449.085,60.449085,26.8,29,0,1,13,4,6
2022-06-17 12:00:00+00:00,2022-06-17 14:00:00+02:00,58389.6575,58.3896575,27.4,26,0,1,14,4,6
2022-06-17 13:00:00+00:00,2022-06-17 15:00:00+02:00,57143.4025,57.14340249999999,28.1,25,0,1,15,4,6
2022-06-17 14:00:00+00:00,2022-06-17 16:00:00+02:00,56739.015,56.739015,29.3,23,0,1,16,4,6
2022-06-17 15:00:00+00:00,2022-06-17 17:00:00+02:00,56285.935,56.285934999999995,29.6,21,0,1,17,4,6
2022-06-17 16:00:00+00:00,2022-06-17 18:00:00+02:00,55582.19,55.582190000000004,29.7,21,0,1,18,4,6
2022-06-17 17:00:00+00:00,2022-06-17 19:00:00+02:00,54750.37,54.750370000000004,29.3,22,0,1,19,4,6
2022-06-17 18:00:00+00:00,2022-06-17 20:00:00+02:00,52392.8775,52.392877500000004,28.4,24,0,1,20,4,6
2022-06-17 19:00:00+00:00,2022-06-17 21:00:00+02:00,50350.61,50.35061,25.6,31,0,0,21,4,6
2022-06-17 20:00:00+00:00,2022-06-17 22:00:00+02:00,48912.285,48.912285000000004,23.3,34,0,0,22,4,6
2022-06-17 21:00:00+00:00,2022-06-17 23:00:00+02:00,45731.615000000005,45.731615000000005,22.2,37,0,0,23,4,6
2022-06-17 22:00:00+00:00,2022-06-18 00:00:00+02:00,43265.2975,43.2652975,20.5,41,1,0,0,5,6
2022-06-17 23:00:00+00:00,2022-06-18 01:00:00+02:00,42235.455,42.235455,19.5,45,1,0,1,5,6
2022-06-18 00:00:00+00:00,2022-06-18 02:00:00+02:00,41438.04,41.43804,20.1,50,1,0,2,5,6
2022-06-18 01:00:00+00:00,2022-06-18 03:00:00+02:00,41316.82,41.31682,18.6,56,1,0,3,5,6
2022-06-18 02:00:00+00:00,2022-06-18 04:00:00+02:00,41502.8825,41.5028825,18.4,57,1,0,4,5,6
2022-06-18 03:00:00+00:00,2022-06-18 05:00:00+02:00,41617.6375,41.617637499999994,18.0,60,1,0,5,5,6
2022-06-18 04:00:00+00:00,2022-06-18 06:00:00+02:00,43908.67,43.90867,17.9,63,1,0,6,5,6
2022-06-18 05:00:00+00:00,2022-06-18 07:00:00+02:00,46716.369999999995,46.71637,19.2,60,1,0,7,5,6
2022-06-18 06:00:00+00:00,2022-06-18 08:00:00+02:00,49665.46,49.665459999999996,21.3,54,1,1,8,5,6
2022-06-18 07:00:00+00:00,2022-06-18 09:00:00+02:00,52282.5975,52.2825975,23.9,47,1,1,9,5,6
2022-06-18 08:00:00+00:00,2022-06-18 10:00:00+02:00,54291.63,54.29163,26.6,40,1,1,10,5,6
2022-06-18 09:00:00+00:00,2022-06-18 11:00:00+02:00,55698.28,55.69828,29.4,34,1,1,11,5,6
2022-06-18 10:00:00+00:00,2022-06-18 12:00:00+02:00,55047.92,55.04792,31.7,29,1,1,12,5,6
2022-06-18 11:00:00+00:00,2022-06-18 13:00:00+02:00,53675.3525,53.6753525,33.4,25,1,1,13,5,6
2022-06-18 12:00:00+00:00,2022-06-18 14:00:00+02:00,52324.3275,52.3243275,34.1,23,1,1,14,5,6
2022-06-18 13:00:00+00:00,2022-06-18 15:00:00+02:00,51808.292499999996,51.80829249999999,34.7,22,1,1,15,5,6
2022-06-18 14:00:00+00:00,2022-06-18 16:00:00+02:00,51767.854999999996,51.767855,35.1,21,1,1,16,5,6
2022-06-18 15:00:00+00:00,2022-06-18 17:00:00+02:00,51496.0075,51.4960075,35.3,21,1,1,17,5,6
2022-06-18 16:00:00+00:00,2022-06-18 18:00:00+02:00,51211.81,51.21181,35.2,21,1,1,18,5,6
2022-06-18 17:00:00+00:00,2022-06-18 19:00:00+02:00,50541.4475,50.541447500000004,34.6,22,1,1,19,5,6
2022-06-18 18:00:00+00:00,2022-06-18 20:00:00+02:00,48956.305,48.956305,33.6,25,1,1,20,5,6
2022-06-18 19:00:00+00:00,2022-06-18 21:00:00+02:00,46634.69,46.63469,31.0,30,1,0,21,5,6
2022-06-18 20:00:00+00:00,2022-06-18 22:00:00+02:00,45649.15,45.64915,29.0,35,1,0,22,5,6
2022-06-18 21:00:00+00:00,2022-06-18 23:00:00+02:00,43321.755000000005,43.321755,28.2,34,1,0,23,5,6
2022-06-18 22:00:00+00:00,2022-06-19 00:00:00+02:00,41546.265,41.546265,26.7,37,1,0,0,6,6
2022-06-18 23:00:00+00:00,2022-06-19 01:00:00+02:00,39689.82,39.68982,24.4,45,1,0,1,6,6
2022-06-19 00:00:00+00:00,2022-06-19 02:00:00+02:00,38461.8775,38.4618775,26.4,39,1,0,2,6,6
2022-06-19 01:00:00+00:00,2022-06-19 03:00:00+02:00,38360.9,38.3609,24.9,41,1,0,3,6,6
2022-06-19 02:00:00+00:00,2022-06-19 04:00:00+02:00,38045.0,38.045,23.3,46,1,0,4,6,6
2022-06-19 03:00:00+00:00,2022-06-19 05:00:00+02:00,38284.332500000004,38.284332500000005,23.7,44,1,0,5,6,6
2022-06-19 04:00:00+00:00,2022-06-19 06:00:00+02:00,39393.6975,39.3936975,23.7,45,1,0,6,6,6
2022-06-19 05:00:00+00:00,2022-06-19 07:00:00+02:00,42025.425,42.025425000000006,23.7,48,1,0,7,6,6
2022-06-19 06:00:00+00:00,2022-06-19 08:00:00+02:00,45857.205,45.857205,26.2,44,1,1,8,6,6
2022-06-19 07:00:00+00:00,2022-06-19 09:00:00+02:00,48569.1025,48.5691025,28.4,41,1,1,9,6,6
2022-06-19 08:00:00+00:00,2022-06-19 10:00:00+02:00,50279.75,50.27975,30.7,37,1,1,10,6,6
2022-06-19 09:00:00+00:00,2022-06-19 11:00:00+02:00,52192.56,52.19256,33.0,31,1,1,11,6,6
2022-06-19 10:00:00+00:00,2022-06-19 12:00:00+02:00,51408.097499999996,51.4080975,34.3,28,1,1,12,6,6
2022-06-19 11:00:00+00:00,2022-06-19 13:00:00+02:00,49770.2975,49.7702975,35.3,27,1,1,13,6,6
2022-06-19 12:00:00+00:00,2022-06-19 14:00:00+02:00,48967.085,48.967085,33.0,35,1,1,14,6,6
2022-06-19 13:00:00+00:00,2022-06-19 15:00:00+02:00,48024.57,48.02457,33.6,34,1,1,15,6,6
2022-06-19 14:00:00+00:00,2022-06-19 16:00:00+02:00,47383.645,47.383644999999994,34.6,31,1,1,16,6,6
2022-06-19 15:00:00+00:00,2022-06-19 17:00:00+02:00,48485.2,48.4852,35.3,28,1,1,17,6,6
2022-06-19 16:00:00+00:00,2022-06-19 18:00:00+02:00,49448.6175,49.4486175,33.2,30,1,1,18,6,6
2022-06-19 17:00:00+00:00,2022-06-19 19:00:00+02:00,49496.02,49.496019999999994,26.9,48,1,1,19,6,6
2022-06-19 18:00:00+00:00,2022-06-19 20:00:00+02:00,48033.2625,48.0332625,26.2,52,1,1,20,6,6
2022-06-19 19:00:00+00:00,2022-06-19 21:00:00+02:00,46935.9275,46.9359275,24.5,54,1,0,21,6,6
2022-06-19 20:00:00+00:00,2022-06-19 22:00:00+02:00,46882.175,46.882175000000004,22.7,59,1,0,22,6,6
2022-06-19 21:00:00+00:00,2022-06-19 23:00:00+02:00,44269.9825,44.2699825,22.1,62,1,0,23,6,6
2022-06-19 22:00:00+00:00,2022-06-20 00:00:00+02:00,42536.0175,42.5360175,21.2,65,0,0,0,0,6
2022-06-19 23:00:00+00:00,2022-06-20 01:00:00+02:00,41041.04,41.04104,20.3,71,0,0,1,0,6
2022-06-20 00:00:00+00:00,2022-06-20 02:00:00+02:00,40258.4225,40.2584225,20.1,62,0,0,2,0,6
2022-06-20 01:00:00+00:00,2022-06-20 03:00:00+02:00,40135.525,40.135525,20.0,61,0,0,3,0,6
2022-06-20 02:00:00+00:00,2022-06-20 04:00:00+02:00,41501.895000000004,41.501895000000005,18.1,74,0,0,4,0,6
2022-06-20 03:00:00+00:00,2022-06-20 05:00:00+02:00,44501.595,44.501595,17.5,73,0,0,5,0,6
2022-06-20 04:00:00+00:00,2022-06-20 06:00:00+02:00,52240.57,52.24057,17.1,74,0,0,6,0,6
2022-06-20 05:00:00+00:00,2022-06-20 07:00:00+02:00,58108.41,58.108410000000006,17.1,77,0,0,7,0,6
2022-06-20 06:00:00+00:00,2022-06-20 08:00:00+02:00,61607.095,61.607095,17.3,77,0,1,8,0,6
2022-06-20 07:00:00+00:00,2022-06-20 09:00:00+02:00,62813.715000000004,62.813715,19.0,73,0,1,9,0,6
2022-06-20 08:00:00+00:00,2022-06-20 10:00:00+02:00,64411.1375,64.4111375,20.2,67,0,1,10,0,6
2022-06-20 09:00:00+00:00,2022-06-20 11:00:00+02:00,65460.6325,65.4606325,20.6,64,0,1,11,0,6
2022-06-20 10:00:00+00:00,2022-06-20 12:00:00+02:00,65159.2625,65.1592625,23.5,52,0,1,12,0,6
2022-06-20 11:00:00+00:00,2022-06-20 13:00:00+02:00,64658.25,64.65825,22.7,53,0,1,13,0,6
2022-06-20 12:00:00+00:00,2022-06-20 14:00:00+02:00,63703.615,63.703615,16.0,84,0,1,14,0,6
2022-06-20 13:00:00+00:00,2022-06-20 15:00:00+02:00,62504.355,62.504355000000004,16.1,80,0,1,15,0,6
2022-06-20 14:00:00+00:00,2022-06-20 16:00:00+02:00,60527.4375,60.5274375,16.5,71,0,1,16,0,6
2022-06-20 15:00:00+00:00,2022-06-20 17:00:00+02:00,60145.2125,60.1452125,17.8,60,0,1,17,0,6
2022-06-20 16:00:00+00:00,2022-06-20 18:00:00+02:00,60374.597499999996,60.37459749999999,18.1,52,0,1,18,0,6
2022-06-20 17:00:00+00:00,2022-06-20 19:00:00+02:00,59445.6425,59.445642500000005,19.0,48,0,1,19,0,6
2022-06-20 18:00:00+00:00,2022-06-20 20:00:00+02:00,57462.9025,57.4629025,19.2,48,0,1,20,0,6
2022-06-20 19:00:00+00:00,2022-06-20 21:00:00+02:00,54816.185,54.816185,17.4,60,0,0,21,0,6
2022-06-20 20:00:00+00:00,2022-06-20 22:00:00+02:00,53194.56,53.194559999999996,14.7,71,0,0,22,0,6
2022-06-20 21:00:00+00:00,2022-06-20 23:00:00+02:00,49611.3675,49.6113675,13.7,75,0,0,23,0,6
2022-06-20 22:00:00+00:00,2022-06-21 00:00:00+02:00,46883.1575,46.8831575,12.6,79,0,0,0,1,6
2022-06-20 23:00:00+00:00,2022-06-21 01:00:00+02:00,45890.7225,45.8907225,12.6,76,0,0,1,1,6
2022-06-21 00:00:00+00:00,2022-06-21 02:00:00+02:00,45129.09,45.12909,13.0,81,0,0,2,1,6
2022-06-21 01:00:00+00:00,2022-06-21 03:00:00+02:00,44897.5275,44.897527499999995,11.4,85,0,0,3,1,6
2022-06-21 02:00:00+00:00,2022-06-21 04:00:00+02:00,45607.4375,45.6074375,10.2,90,0,0,4,1,6
2022-06-21 03:00:00+00:00,2022-06-21 05:00:00+02:00,47848.7,47.848699999999994,10.0,93,0,0,5,1,6
2022-06-21 04:00:00+00:00,2022-06-21 06:00:00+02:00,53981.3425,53.9813425,10.0,92,0,0,6,1,6
2022-06-21 05:00:00+00:00,2022-06-21 07:00:00+02:00,59364.07,59.36407,11.6,84,0,0,7,1,6
2022-06-21 06:00:00+00:00,2022-06-21 08:00:00+02:00,63088.6075,63.088607499999995,14.0,73,0,1,8,1,6
2022-06-21 07:00:00+00:00,2022-06-21 09:00:00+02:00,63828.6475,63.8286475,16.3,62,0,1,9,1,6
2022-06-21 08:00:00+00:00,2022-06-21 10:00:00+02:00,64914.2125,64.9142125,18.4,54,0,1,10,1,6
2022-06-21 09:00:00+00:00,2022-06-21 11:00:00+02:00,65906.36,65.90636,20.0,47,0,1,11,1,6
2022-06-21 10:00:00+00:00,2022-06-21 12:00:00+02:00,65077.885,65.07788500000001,21.4,43,0,1,12,1,6
2022-06-21 11:00:00+00:00,2022-06-21 13:00:00+02:00,64269.66,64.26966,21.5,42,0,1,13,1,6
2022-06-21 12:00:00+00:00,2022-06-21 14:00:00+02:00,63120.905,63.120905,22.8,36,0,1,14,1,6
2022-06-21 13:00:00+00:00,2022-06-21 15:00:00+02:00,61979.285,61.979285000000004,24.8,31,0,1,15,1,6
2022-06-21 14:00:00+00:00,2022-06-21 16:00:00+02:00,60728.9125,60.7289125,25.1,29,0,1,16,1,6
2022-06-21 15:00:00+00:00,2022-06-21 17:00:00+02:00,60811.65,60.81165,25.9,27,0,1,17,1,6
2022-06-21 16:00:00+00:00,2022-06-21 18:00:00+02:00,60053.854999999996,60.053855,25.9,29,0,1,18,1,6
2022-06-21 17:00:00+00:00,2022-06-21 19:00:00+02:00,59346.869999999995,59.346869999999996,25.7,31,0,1,19,1,6
2022-06-21 18:00:00+00:00,2022-06-21 20:00:00+02:00,57469.71,57.46971,24.7,45,0,1,20,1,6
2022-06-21 19:00:00+00:00,2022-06-21 21:00:00+02:00,54833.25,54.83325,21.8,50,0,0,21,1,6
2022-06-21 20:00:00+00:00,2022-06-21 22:00:00+02:00,52414.33,52.41433,20.2,48,0,0,22,1,6
2022-06-21 21:00:00+00:00,2022-06-21 23:00:00+02:00,48797.0575,48.7970575,19.6,41,0,0,23,1,6
2022-06-21 22:00:00+00:00,2022-06-22 00:00:00+02:00,45719.86,45.71986,19.2,40,0,0,0,2,6
2022-06-21 23:00:00+00:00,2022-06-22 01:00:00+02:00,44498.61,44.49861,18.3,54,0,0,1,2,6
2022-06-22 00:00:00+00:00,2022-06-22 02:00:00+02:00,43211.505,43.211504999999995,17.7,55,0,0,2,2,6
2022-06-22 01:00:00+00:00,2022-06-22 03:00:00+02:00,43046.302500000005,43.0463025,17.1,55,0,0,3,2,6
2022-06-22 02:00:00+00:00,2022-06-22 04:00:00+02:00,44110.06,44.11006,16.6,55,0,0,4,2,6
2022-06-22 03:00:00+00:00,2022-06-22 05:00:00+02:00,46443.46,46.44346,16.0,58,0,0,5,2,6
2022-06-22 04:00:00+00:00,2022-06-22 06:00:00+02:00,53171.225,53.171225,15.2,64,0,0,6,2,6
2022-06-22 05:00:00+00:00,2022-06-22 07:00:00+02:00,58351.78,58.35178,16.4,63,0,0,7,2,6
2022-06-22 06:00:00+00:00,2022-06-22 08:00:00+02:00,61404.765,61.404765,18.5,56,0,1,8,2,6
2022-06-22 07:00:00+00:00,2022-06-22 09:00:00+02:00,62893.965,62.893964999999994,20.1,50,0,1,9,2,6
2022-06-22 08:00:00+00:00,2022-06-22 10:00:00+02:00,64857.1175,64.8571175,22.7,42,0,1,10,2,6
2022-06-22 09:00:00+00:00,2022-06-22 11:00:00+02:00,65748.8575,65.7488575,25.1,36,0,1,11,2,6
2022-06-22 10:00:00+00:00,2022-06-22 12:00:00+02:00,65296.9275,65.2969275,26.6,32,0,1,12,2,6
2022-06-22 11:00:00+00:00,2022-06-22 13:00:00+02:00,64767.8825,64.7678825,27.6,32,0,1,13,2,6
2022-06-22 12:00:00+00:00,2022-06-22 14:00:00+02:00,63302.0225,63.3020225,28.1,24,0,1,14,2,6
2022-06-22 13:00:00+00:00,2022-06-22 15:00:00+02:00,62617.565,62.617565,28.5,25,0,1,15,2,6
2022-06-22 14:00:00+00:00,2022-06-22 16:00:00+02:00,61449.0,61.449,28.6,27,0,1,16,2,6
2022-06-22 15:00:00+00:00,2022-06-22 17:00:00+02:00,61156.270000000004,61.156270000000006,28.5,29,0,1,17,2,6
2022-06-22 16:00:00+00:00,2022-06-22 18:00:00+02:00,60478.7125,60.4787125,26.9,42,0,1,18,2,6
2022-06-22 17:00:00+00:00,2022-06-22 19:00:00+02:00,59527.7125,59.5277125,25.4,48,0,1,19,2,6
2022-06-22 18:00:00+00:00,2022-06-22 20:00:00+02:00,57395.615,57.395615,25.5,48,0,1,20,2,6
2022-06-22 19:00:00+00:00,2022-06-22 21:00:00+02:00,54670.1475,54.6701475,23.4,66,0,0,21,2,6
2022-06-22 20:00:00+00:00,2022-06-22 22:00:00+02:00,52906.455,52.906455,22.6,65,0,0,22,2,6
2022-06-22 21:00:00+00:00,2022-06-22 23:00:00+02:00,49227.6025,49.2276025,20.4,82,0,0,23,2,6
2022-06-22 22:00:00+00:00,2022-06-23 00:00:00+02:00,46022.615,46.022614999999995,19.2,90,0,0,0,3,6
2022-06-22 23:00:00+00:00,2022-06-23 01:00:00+02:00,44139.565,44.139565000000005,19.2,90,0,0,1,3,6
2022-06-23 00:00:00+00:00,2022-06-23 02:00:00+02:00,43044.9725,43.0449725,18.8,88,0,0,2,3,6
2022-06-23 01:00:00+00:00,2022-06-23 03:00:00+02:00,43021.145000000004,43.021145000000004,17.3,94,0,0,3,3,6
2022-06-23 02:00:00+00:00,2022-06-23 04:00:00+02:00,44027.6175,44.0276175,17.0,95,0,0,4,3,6
2022-06-23 03:00:00+00:00,2022-06-23 05:00:00+02:00,46144.035,46.144035,16.2,97,0,0,5,3,6
2022-06-23 04:00:00+00:00,2022-06-23 06:00:00+02:00,52914.2125,52.914212500000005,16.7,95,0,0,6,3,6
2022-06-23 05:00:00+00:00,2022-06-23 07:00:00+02:00,57644.53,57.644529999999996,18.3,88,0,0,7,3,6
2022-06-23 06:00:00+00:00,2022-06-23 08:00:00+02:00,60931.27,60.93127,20.4,80,0,1,8,3,6
2022-06-23 07:00:00+00:00,2022-06-23 09:00:00+02:00,62033.2075,62.033207499999996,22.4,75,0,1,9,3,6
2022-06-23 08:00:00+00:00,2022-06-23 10:00:00+02:00,63500.8275,63.5008275,24.4,66,0,1,10,3,6
2022-06-23 09:00:00+00:00,2022-06-23 11:00:00+02:00,65231.0075,65.2310075,25.9,58,0,1,11,3,6
2022-06-23 10:00:00+00:00,2022-06-23 12:00:00+02:00,65343.645000000004,65.34364500000001,27.4,51,0,1,12,3,6
2022-06-23 11:00:00+00:00,2022-06-23 13:00:00+02:00,65038.5325,65.0385325,28.7,46,0,1,13,3,6
2022-06-23 12:00:00+00:00,2022-06-23 14:00:00+02:00,64263.105,64.26310500000001,29.6,40,0,1,14,3,6
2022-06-23 13:00:00+00:00,2022-06-23 15:00:00+02:00,63198.5575,63.1985575,30.6,37,0,1,15,3,6
2022-06-23 14:00:00+00:00,2022-06-23 16:00:00+02:00,61246.3775,61.2463775,30.9,35,0,1,16,3,6
2022-06-23 15:00:00+00:00,2022-06-23 17:00:00+02:00,60476.417499999996,60.4764175,31.1,34,0,1,17,3,6
2022-06-23 16:00:00+00:00,2022-06-23 18:00:00+02:00,60067.6125,60.0676125,30.9,34,0,1,18,3,6
2022-06-23 17:00:00+00:00,2022-06-23 19:00:00+02:00,59549.3,59.5493,30.7,34,0,1,19,3,6
2022-06-23 18:00:00+00:00,2022-06-23 20:00:00+02:00,57607.16,57.60716,29.6,37,0,1,20,3,6
2022-06-23 19:00:00+00:00,2022-06-23 21:00:00+02:00,55376.8925,55.376892500000004,26.9,55,0,0,21,3,6
2022-06-23 20:00:00+00:00,2022-06-23 22:00:00+02:00,53968.77,53.96877,24.8,55,0,0,22,3,6
2022-06-23 21:00:00+00:00,2022-06-23 23:00:00+02:00,50367.46,50.36746,24.5,53,0,0,23,3,6
2022-06-23 22:00:00+00:00,2022-06-24 00:00:00+02:00,47359.045,47.359044999999995,24.6,52,0,0,0,4,6
2022-06-23 23:00:00+00:00,2022-06-24 01:00:00+02:00,46535.02,46.535019999999996,21.0,78,0,0,1,4,6
2022-06-24 00:00:00+00:00,2022-06-24 02:00:00+02:00,45507.1975,45.507197500000004,23.2,51,0,0,2,4,6
2022-06-24 01:00:00+00:00,2022-06-24 03:00:00+02:00,45785.1475,45.7851475,20.3,67,0,0,3,4,6
2022-06-24 02:00:00+00:00,2022-06-24 04:00:00+02:00,46154.9375,46.1549375,18.2,91,0,0,4,4,6
2022-06-24 03:00:00+00:00,2022-06-24 05:00:00+02:00,48811.5275,48.8115275,18.3,93,0,0,5,4,6
2022-06-24 04:00:00+00:00,2022-06-24 06:00:00+02:00,54840.495,54.840495000000004,18.4,92,0,0,6,4,6
2022-06-24 05:00:00+00:00,2022-06-24 07:00:00+02:00,59988.770000000004,59.98877,18.9,91,0,0,7,4,6
2022-06-24 06:00:00+00:00,2022-06-24 08:00:00+02:00,62346.135,62.346135000000004,19.4,87,0,1,8,4,6
2022-06-24 07:00:00+00:00,2022-06-24 09:00:00+02:00,63793.6625,63.793662499999996,20.3,80,0,1,9,4,6
2022-06-24 08:00:00+00:00,2022-06-24 10:00:00+02:00,65501.0175,65.5010175,21.0,75,0,1,10,4,6
2022-06-24 09:00:00+00:00,2022-06-24 11:00:00+02:00,65998.5275,65.9985275,22.4,66,0,1,11,4,6
2022-06-24 10:00:00+00:00,2022-06-24 12:00:00+02:00,65934.5975,65.93459750000001,23.8,56,0,1,12,4,6
2022-06-24 11:00:00+00:00,2022-06-24 13:00:00+02:00,65205.695,65.205695,24.7,52,0,1,13,4,6
2022-06-24 12:00:00+00:00,2022-06-24 14:00:00+02:00,63589.95,63.589949999999995,23.5,59,0,1,14,4,6
2022-06-24 13:00:00+00:00,2022-06-24 15:00:00+02:00,62923.57,62.92357,23.9,56,0,1,15,4,6
2022-06-24 14:00:00+00:00,2022-06-24 16:00:00+02:00,61059.2825,61.0592825,25.1,51,0,1,16,4,6
2022-06-24 15:00:00+00:00,2022-06-24 17:00:00+02:00,60898.7,60.8987,24.4,54,0,1,17,4,6
2022-06-24 16:00:00+00:00,2022-06-24 18:00:00+02:00,60527.0025,60.5270025,21.6,71,0,1,18,4,6
2022-06-24 17:00:00+00:00,2022-06-24 19:00:00+02:00,58464.1175,58.4641175,21.6,70,0,1,19,4,6
2022-06-24 18:00:00+00:00,2022-06-24 20:00:00+02:00,56258.119999999995,56.25812,20.8,73,0,1,20,4,6
2022-06-24 19:00:00+00:00,2022-06-24 21:00:00+02:00,53037.667499999996,53.0376675,20.6,77,0,0,21,4,6
2022-06-24 20:00:00+00:00,2022-06-24 22:00:00+02:00,50471.9125,50.4719125,21.0,62,0,0,22,4,6
2022-06-24 21:00:00+00:00,2022-06-24 23:00:00+02:00,46911.475,46.911474999999996,19.9,66,0,0,23,4,6
2022-06-24 22:00:00+00:00,2022-06-25 00:00:00+02:00,45455.0825,45.455082499999996,18.7,72,1,0,0,5,6
2022-06-24 23:00:00+00:00,2022-06-25 01:00:00+02:00,43513.1375,43.5131375,17.9,79,1,0,1,5,6
2022-06-25 00:00:00+00:00,2022-06-25 02:00:00+02:00,42022.0625,42.0220625,17.1,94,1,0,2,5,6
2022-06-25 01:00:00+00:00,2022-06-25 03:00:00+02:00,41054.185,41.054185,16.5,94,1,0,3,5,6
2022-06-25 02:00:00+00:00,2022-06-25 04:00:00+02:00,40774.685,40.774685,16.3,95,1,0,4,5,6
2022-06-25 03:00:00+00:00,2022-06-25 05:00:00+02:00,40736.665,40.736665,15.9,95,1,0,5,5,6
2022-06-25 04:00:00+00:00,2022-06-25 06:00:00+02:00,42800.695,42.800695,15.7,96,1,0,6,5,6
2022-06-25 05:00:00+00:00,2022-06-25 07:00:00+02:00,45258.8625,45.258862500000006,16.5,94,1,0,7,5,6
2022-06-25 06:00:00+00:00,2022-06-25 08:00:00+02:00,48889.425,48.889425,17.7,87,1,1,8,5,6
2022-06-25 07:00:00+00:00,2022-06-25 09:00:00+02:00,51603.305,51.603305,19.2,77,1,1,9,5,6
2022-06-25 08:00:00+00:00,2022-06-25 10:00:00+02:00,53544.1325,53.544132499999996,20.6,70,1,1,10,5,6
2022-06-25 09:00:00+00:00,2022-06-25 11:00:00+02:00,54288.74,54.28874,21.9,62,1,1,11,5,6
2022-06-25 10:00:00+00:00,2022-06-25 12:00:00+02:00,53653.66,53.65366,23.1,56,1,1,12,5,6
2022-06-25 11:00:00+00:00,2022-06-25 13:00:00+02:00,52354.935,52.354935,24.0,53,1,1,13,5,6
2022-06-25 12:00:00+00:00,2022-06-25 14:00:00+02:00,51160.729999999996,51.160729999999994,24.0,54,1,1,14,5,6
2022-06-25 13:00:00+00:00,2022-06-25 15:00:00+02:00,50308.34,50.308339999999994,24.5,52,1,1,15,5,6
2022-06-25 14:00:00+00:00,2022-06-25 16:00:00+02:00,49504.052500000005,49.50405250000001,25.1,49,1,1,16,5,6
2022-06-25 15:00:00+00:00,2022-06-25 17:00:00+02:00,49795.744999999995,49.795745,25.5,47,1,1,17,5,6
2022-06-25 16:00:00+00:00,2022-06-25 18:00:00+02:00,49951.18,49.95118,25.9,46,1,1,18,5,6
2022-06-25 17:00:00+00:00,2022-06-25 19:00:00+02:00,49060.0725,49.060072500000004,25.8,47,1,1,19,5,6
2022-06-25 18:00:00+00:00,2022-06-25 20:00:00+02:00,47649.4825,47.6494825,24.9,69,1,1,20,5,6
2022-06-25 19:00:00+00:00,2022-06-25 21:00:00+02:00,46155.4275,46.155427499999995,22.6,63,1,0,21,5,6
2022-06-25 20:00:00+00:00,2022-06-25 22:00:00+02:00,45210.575,45.210575,21.4,63,1,0,22,5,6
2022-06-25 21:00:00+00:00,2022-06-25 23:00:00+02:00,42494.2025,42.4942025,20.4,66,1,0,23,5,6
2022-06-25 22:00:00+00:00,2022-06-26 00:00:00+02:00,39826.9225,39.8269225,18.7,77,1,0,0,6,6
2022-06-25 23:00:00+00:00,2022-06-26 01:00:00+02:00,38594.0275,38.594027499999996,19.5,69,1,0,1,6,6
2022-06-26 00:00:00+00:00,2022-06-26 02:00:00+02:00,37427.095,37.427095,18.5,78,1,0,2,6,6
2022-06-26 01:00:00+00:00,2022-06-26 03:00:00+02:00,37327.42,37.32742,19.8,67,1,0,3,6,6
2022-06-26 02:00:00+00:00,2022-06-26 04:00:00+02:00,37374.0175,37.3740175,17.7,79,1,0,4,6,6
2022-06-26 03:00:00+00:00,2022-06-26 05:00:00+02:00,36978.995,36.978995000000005,17.3,80,1,0,5,6,6
2022-06-26 04:00:00+00:00,2022-06-26 06:00:00+02:00,37660.6625,37.6606625,18.0,76,1,0,6,6,6
2022-06-26 05:00:00+00:00,2022-06-26 07:00:00+02:00,39721.54,39.72154,18.5,76,1,0,7,6,6
2022-06-26 06:00:00+00:00,2022-06-26 08:00:00+02:00,42927.94,42.92794,19.3,75,1,1,8,6,6
2022-06-26 07:00:00+00:00,2022-06-26 09:00:00+02:00,46070.667499999996,46.0706675,20.7,71,1,1,9,6,6
2022-06-26 08:00:00+00:00,2022-06-26 10:00:00+02:00,48122.47,48.12247,22.0,67,1,1,10,6,6
2022-06-26 09:00:00+00:00,2022-06-26 11:00:00+02:00,49921.2475,49.9212475,23.3,60,1,1,11,6,6
2022-06-26 10:00:00+00:00,2022-06-26 12:00:00+02:00,50405.35,50.40535,24.3,56,1,1,12,6,6
2022-06-26 11:00:00+00:00,2022-06-26 13:00:00+02:00,48971.885,48.971885,25.1,53,1,1,13,6,6
2022-06-26 12:00:00+00:00,2022-06-26 14:00:00+02:00,47656.770000000004,47.65677,26.4,49,1,1,14,6,6
2022-06-26 13:00:00+00:00,2022-06-26 15:00:00+02:00,46604.9825,46.6049825,25.6,50,1,1,15,6,6
2022-06-26 14:00:00+00:00,2022-06-26 16:00:00+02:00,46525.965,46.525965,26.7,46,1,1,16,6,6
2022-06-26 15:00:00+00:00,2022-06-26 17:00:00+02:00,47398.685,47.398685,26.5,49,1,1,17,6,6
2022-06-26 16:00:00+00:00,2022-06-26 18:00:00+02:00,47593.2425,47.5932425,25.7,52,1,1,18,6,6
2022-06-26 17:00:00+00:00,2022-06-26 19:00:00+02:00,47249.5725,47.2495725,25.0,56,1,1,19,6,6
2022-06-26 18:00:00+00:00,2022-06-26 20:00:00+02:00,46927.880000000005,46.92788,24.2,57,1,1,20,6,6
2022-06-26 19:00:00+00:00,2022-06-26 21:00:00+02:00,46089.8675,46.0898675,23.4,61,1,0,21,6,6
2022-06-26 20:00:00+00:00,2022-06-26 22:00:00+02:00,45679.35,45.67935,22.2,64,1,0,22,6,6
2022-06-26 21:00:00+00:00,2022-06-26 23:00:00+02:00,43108.06,43.108059999999995,21.6,65,1,0,23,6,6
2022-06-26 22:00:00+00:00,2022-06-27 00:00:00+02:00,41399.595,41.399595,21.4,67,0,0,0,0,6
2022-06-26 23:00:00+00:00,2022-06-27 01:00:00+02:00,40946.9275,40.9469275,21.0,69,0,0,1,0,6
2022-06-27 00:00:00+00:00,2022-06-27 02:00:00+02:00,40481.1025,40.4811025,18.8,73,0,0,2,0,6
2022-06-27 01:00:00+00:00,2022-06-27 03:00:00+02:00,40627.6325,40.6276325,17.9,87,0,0,3,0,6
2022-06-27 02:00:00+00:00,2022-06-27 04:00:00+02:00,41593.07,41.59307,17.8,91,0,0,4,0,6
2022-06-27 03:00:00+00:00,2022-06-27 05:00:00+02:00,44656.2375,44.6562375,17.4,92,0,0,5,0,6
2022-06-27 04:00:00+00:00,2022-06-27 06:00:00+02:00,51697.82,51.69782,17.0,94,0,0,6,0,6
2022-06-27 05:00:00+00:00,2022-06-27 07:00:00+02:00,57700.265,57.700265,17.5,92,0,0,7,0,6
2022-06-27 06:00:00+00:00,2022-06-27 08:00:00+02:00,61279.88,61.27988,18.8,85,0,1,8,0,6
2022-06-27 07:00:00+00:00,2022-06-27 09:00:00+02:00,62988.0625,62.9880625,19.8,78,0,1,9,0,6
2022-06-27 08:00:00+00:00,2022-06-27 10:00:00+02:00,64417.755000000005,64.417755,20.4,74,0,1,10,0,6
2022-06-27 09:00:00+00:00,2022-06-27 11:00:00+02:00,65650.95999999999,65.65096,19.8,76,0,1,11,0,6
2022-06-27 10:00:00+00:00,2022-06-27 12:00:00+02:00,65263.4175,65.2634175,20.9,75,0,1,12,0,6
2022-06-27 11:00:00+00:00,2022-06-27 13:00:00+02:00,64758.6075,64.7586075,21.7,70,0,1,13,0,6
2022-06-27 12:00:00+00:00,2022-06-27 14:00:00+02:00,63872.29,63.87229,22.8,66,0,1,14,0,6
2022-06-27 13:00:00+00:00,2022-06-27 15:00:00+02:00,62315.205,62.315205,23.4,62,0,1,15,0,6
2022-06-27 14:00:00+00:00,2022-06-27 16:00:00+02:00,61780.225,61.780225,24.0,58,0,1,16,0,6
2022-06-27 15:00:00+00:00,2022-06-27 17:00:00+02:00,62187.72,62.18772,23.4,55,0,1,17,0,6
2022-06-27 16:00:00+00:00,2022-06-27 18:00:00+02:00,61806.7225,61.80672250000001,23.4,56,0,1,18,0,6
2022-06-27 17:00:00+00:00,2022-06-27 19:00:00+02:00,60499.0125,60.4990125,22.6,53,0,1,19,0,6
2022-06-27 18:00:00+00:00,2022-06-27 20:00:00+02:00,58173.1575,58.1731575,21.2,56,0,1,20,0,6
2022-06-27 19:00:00+00:00,2022-06-27 21:00:00+02:00,55269.7175,55.2697175,20.1,61,0,0,21,0,6
2022-06-27 20:00:00+00:00,2022-06-27 22:00:00+02:00,53314.3525,53.3143525,19.1,65,0,0,22,0,6
2022-06-27 21:00:00+00:00,2022-06-27 23:00:00+02:00,49875.24,49.87524,18.6,69,0,0,23,0,6
2022-06-27 22:00:00+00:00,2022-06-28 00:00:00+02:00,46526.44,46.52644,16.9,75,0,0,0,1,6
2022-06-27 23:00:00+00:00,2022-06-28 01:00:00+02:00,44269.6925,44.2696925,15.8,75,0,0,1,1,6
2022-06-28 00:00:00+00:00,2022-06-28 02:00:00+02:00,43005.95,43.00595,14.6,87,0,0,2,1,6
2022-06-28 01:00:00+00:00,2022-06-28 03:00:00+02:00,43319.53,43.31953,13.4,91,0,0,3,1,6
2022-06-28 02:00:00+00:00,2022-06-28 04:00:00+02:00,44241.869999999995,44.24187,12.5,95,0,0,4,1,6
2022-06-28 03:00:00+00:00,2022-06-28 05:00:00+02:00,46629.55,46.62955,12.1,95,0,0,5,1,6
2022-06-28 04:00:00+00:00,2022-06-28 06:00:00+02:00,53298.5025,53.298502500000005,12.3,95,0,0,6,1,6
2022-06-28 05:00:00+00:00,2022-06-28 07:00:00+02:00,58544.380000000005,58.544380000000004,14.4,87,0,0,7,1,6
2022-06-28 06:00:00+00:00,2022-06-28 08:00:00+02:00,61808.1325,61.8081325,16.5,77,0,1,8,1,6
2022-06-28 07:00:00+00:00,2022-06-28 09:00:00+02:00,62840.9775,62.8409775,18.0,69,0,1,9,1,6
2022-06-28 08:00:00+00:00,2022-06-28 10:00:00+02:00,64165.765,64.165765,19.5,58,0,1,10,1,6
2022-06-28 09:00:00+00:00,2022-06-28 11:00:00+02:00,65428.83,65.42883,20.9,50,0,1,11,1,6
2022-06-28 10:00:00+00:00,2022-06-28 12:00:00+02:00,64950.0925,64.9500925,22.0,44,0,1,12,1,6
2022-06-28 11:00:00+00:00,2022-06-28 13:00:00+02:00,63912.7825,63.9127825,23.0,38,0,1,13,1,6
2022-06-28 12:00:00+00:00,2022-06-28 14:00:00+02:00,62457.3925,62.457392500000005,24.1,36,0,1,14,1,6
2022-06-28 13:00:00+00:00,2022-06-28 15:00:00+02:00,60818.840000000004,60.81884,24.7,34,0,1,15,1,6
2022-06-28 14:00:00+00:00,2022-06-28 16:00:00+02:00,59945.71,59.94571,25.2,34,0,1,16,1,6
2022-06-28 15:00:00+00:00,2022-06-28 17:00:00+02:00,59643.425,59.643425,25.1,36,0,1,17,1,6
2022-06-28 16:00:00+00:00,2022-06-28 18:00:00+02:00,59294.0425,59.2940425,25.2,36,0,1,18,1,6
2022-06-28 17:00:00+00:00,2022-06-28 19:00:00+02:00,58061.775,58.061775000000004,24.9,36,0,1,19,1,6
2022-06-28 18:00:00+00:00,2022-06-28 20:00:00+02:00,56402.235,56.402235,23.7,43,0,1,20,1,6
2022-06-28 19:00:00+00:00,2022-06-28 21:00:00+02:00,54034.095,54.034095,22.0,46,0,0,21,1,6
2022-06-28 20:00:00+00:00,2022-06-28 22:00:00+02:00,52154.0375,52.1540375,21.4,45,0,0,22,1,6
2022-06-28 21:00:00+00:00,2022-06-28 23:00:00+02:00,48436.542499999996,48.436542499999995,21.0,44,0,0,23,1,6
2022-06-28 22:00:00+00:00,2022-06-29 00:00:00+02:00,46125.792499999996,46.125792499999996,19.9,47,0,0,0,2,6
2022-06-28 23:00:00+00:00,2022-06-29 01:00:00+02:00,45324.21,45.32421,19.8,46,0,0,1,2,6
2022-06-29 00:00:00+00:00,2022-06-29 02:00:00+02:00,44547.6425,44.5476425,18.8,51,0,0,2,2,6
2022-06-29 01:00:00+00:00,2022-06-29 03:00:00+02:00,43721.9825,43.721982499999996,17.9,57,0,0,3,2,6
2022-06-29 02:00:00+00:00,2022-06-29 04:00:00+02:00,44298.7275,44.2987275,17.3,62,0,0,4,2,6
2022-06-29 03:00:00+00:00,2022-06-29 05:00:00+02:00,46862.947499999995,46.8629475,17.2,68,0,0,5,2,6
2022-06-29 04:00:00+00:00,2022-06-29 06:00:00+02:00,53465.6125,53.465612500000006,17.2,74,0,0,6,2,6
2022-06-29 05:00:00+00:00,2022-06-29 07:00:00+02:00,58530.16,58.53016,17.6,77,0,0,7,2,6
2022-06-29 06:00:00+00:00,2022-06-29 08:00:00+02:00,61662.5175,61.6625175,18.4,76,0,1,8,2,6
2022-06-29 07:00:00+00:00,2022-06-29 09:00:00+02:00,63050.7225,63.050722500000006,20.2,71,0,1,9,2,6
2022-06-29 08:00:00+00:00,2022-06-29 10:00:00+02:00,64312.43,64.31243,22.1,66,0,1,10,2,6
2022-06-29 09:00:00+00:00,2022-06-29 11:00:00+02:00,65126.0925,65.1260925,23.6,64,0,1,11,2,6
2022-06-29 10:00:00+00:00,2022-06-29 12:00:00+02:00,64570.1875,64.5701875,24.9,59,0,1,12,2,6
2022-06-29 11:00:00+00:00,2022-06-29 13:00:00+02:00,63426.1875,63.4261875,25.5,58,0,1,13,2,6
2022-06-29 12:00:00+00:00,2022-06-29 14:00:00+02:00,62431.665,62.431665,26.4,51,0,1,14,2,6
2022-06-29 13:00:00+00:00,2022-06-29 15:00:00+02:00,61777.525,61.777525000000004,27.4,49,0,1,15,2,6
2022-06-29 14:00:00+00:00,2022-06-29 16:00:00+02:00,61324.9925,61.3249925,27.6,49,0,1,16,2,6
2022-06-29 15:00:00+00:00,2022-06-29 17:00:00+02:00,60705.4775,60.7054775,27.7,49,0,1,17,2,6
2022-06-29 16:00:00+00:00,2022-06-29 18:00:00+02:00,60551.2475,60.551247499999995,27.7,49,0,1,18,2,6
2022-06-29 17:00:00+00:00,2022-06-29 19:00:00+02:00,59811.825,59.811825,26.3,51,0,1,19,2,6
2022-06-29 18:00:00+00:00,2022-06-29 20:00:00+02:00,57610.177500000005,57.610177500000006,24.8,61,0,1,20,2,6
2022-06-29 19:00:00+00:00,2022-06-29 21:00:00+02:00,55463.354999999996,55.46335499999999,23.5,71,0,0,21,2,6
2022-06-29 20:00:00+00:00,2022-06-29 22:00:00+02:00,53725.0025,53.7250025,21.8,77,0,0,22,2,6
2022-06-29 21:00:00+00:00,2022-06-29 23:00:00+02:00,50009.4975,50.009497499999995,21.8,74,0,0,23,2,6
2022-06-29 22:00:00+00:00,2022-06-30 00:00:00+02:00,47031.625,47.031625,20.5,80,0,0,0,3,6
2022-06-29 23:00:00+00:00,2022-06-30 01:00:00+02:00,45488.82,45.48882,19.8,84,0,0,1,3,6
2022-06-30 00:00:00+00:00,2022-06-30 02:00:00+02:00,44365.174999999996,44.365174999999994,19.9,80,0,0,2,3,6
2022-06-30 01:00:00+00:00,2022-06-30 03:00:00+02:00,44533.8875,44.5338875,19.3,81,0,0,3,3,6
2022-06-30 02:00:00+00:00,2022-06-30 04:00:00+02:00,45413.265,45.413265,18.9,83,0,0,4,3,6
2022-06-30 03:00:00+00:00,2022-06-30 05:00:00+02:00,47463.207500000004,47.4632075,18.3,89,0,0,5,3,6
2022-06-30 04:00:00+00:00,2022-06-30 06:00:00+02:00,53908.6025,53.9086025,17.8,93,0,0,6,3,6
2022-06-30 05:00:00+00:00,2022-06-30 07:00:00+02:00,59082.020000000004,59.08202000000001,19.0,88,0,0,7,3,6
2022-06-30 06:00:00+00:00,2022-06-30 08:00:00+02:00,62578.2375,62.5782375,20.7,84,0,1,8,3,6
2022-06-30 07:00:00+00:00,2022-06-30 09:00:00+02:00,63551.0425,63.5510425,22.7,77,0,1,9,3,6
2022-06-30 08:00:00+00:00,2022-06-30 10:00:00+02:00,65000.6075,65.0006075,24.8,67,0,1,10,3,6
2022-06-30 09:00:00+00:00,2022-06-30 11:00:00+02:00,66461.7675,66.46176750000001,26.4,57,0,1,11,3,6
2022-06-30 10:00:00+00:00,2022-06-30 12:00:00+02:00,66347.8275,66.3478275,27.5,49,0,1,12,3,6
2022-06-30 11:00:00+00:00,2022-06-30 13:00:00+02:00,65529.8075,65.5298075,28.5,44,0,1,13,3,6
2022-06-30 12:00:00+00:00,2022-06-30 14:00:00+02:00,64331.045,64.331045,29.5,43,0,1,14,3,6
2022-06-30 13:00:00+00:00,2022-06-30 15:00:00+02:00,63260.5325,63.260532500000004,30.1,41,0,1,15,3,6
2022-06-30 14:00:00+00:00,2022-06-30 16:00:00+02:00,62301.6275,62.3016275,30.3,38,0,1,16,3,6
2022-06-30 15:00:00+00:00,2022-06-30 17:00:00+02:00,61807.66,61.807660000000006,30.1,36,0,1,17,3,6
2022-06-30 16:00:00+00:00,2022-06-30 18:00:00+02:00,61212.2,61.212199999999996,30.3,35,0,1,18,3,6
2022-06-30 17:00:00+00:00,2022-06-30 19:00:00+02:00,59965.4,59.9654,30.1,35,0,1,19,3,6
2022-06-30 18:00:00+00:00,2022-06-30 20:00:00+02:00,58109.3575,58.1093575,28.3,38,0,1,20,3,6
2022-06-30 19:00:00+00:00,2022-06-30 21:00:00+02:00,56310.395,56.310395,26.2,46,0,0,21,3,6
2022-06-30 20:00:00+00:00,2022-06-30 22:00:00+02:00,54552.185,54.552184999999994,24.9,52,0,0,22,3,6
2022-06-30 21:00:00+00:00,2022-06-30 23:00:00+02:00,50775.7425,50.7757425,20.2,68,0,0,23,3,6
2022-06-30 22:00:00+00:00,2022-07-01 00:00:00+02:00,47851.5475,47.8515475,18.0,77,0,0,0,4,7
2022-06-30 23:00:00+00:00,2022-07-01 01:00:00+02:00,46019.335,46.019335,17.6,72,0,0,1,4,7
2022-07-01 00:00:00+00:00,2022-07-01 02:00:00+02:00,45292.24,45.29224,16.1,87,0,0,2,4,7
2022-07-01 01:00:00+00:00,2022-07-01 03:00:00+02:00,44889.045,44.889044999999996,16.1,89,0,0,3,4,7
2022-07-01 02:00:00+00:00,2022-07-01 04:00:00+02:00,45777.9975,45.7779975,15.5,93,0,0,4,4,7
2022-07-01 03:00:00+00:00,2022-07-01 05:00:00+02:00,48239.6225,48.239622499999996,15.2,91,0,0,5,4,7
2022-07-01 04:00:00+00:00,2022-07-01 06:00:00+02:00,54179.582500000004,54.1795825,15.0,90,0,0,6,4,7
2022-07-01 05:00:00+00:00,2022-07-01 07:00:00+02:00,59273.4025,59.273402499999996,15.1,88,0,0,7,4,7
2022-07-01 06:00:00+00:00,2022-07-01 08:00:00+02:00,62150.817500000005,62.1508175,15.4,83,0,1,8,4,7
2022-07-01 07:00:00+00:00,2022-07-01 09:00:00+02:00,62837.042499999996,62.837042499999995,16.3,77,0,1,9,4,7
2022-07-01 08:00:00+00:00,2022-07-01 10:00:00+02:00,63964.4,63.964400000000005,15.8,80,0,1,10,4,7
2022-07-01 09:00:00+00:00,2022-07-01 11:00:00+02:00,64965.1,64.96509999999999,16.2,77,0,1,11,4,7
2022-07-01 10:00:00+00:00,2022-07-01 12:00:00+02:00,64262.435,64.262435,17.6,72,0,1,12,4,7
2022-07-01 11:00:00+00:00,2022-07-01 13:00:00+02:00,63784.0375,63.7840375,17.9,68,0,1,13,4,7
2022-07-01 12:00:00+00:00,2022-07-01 14:00:00+02:00,62014.6175,62.0146175,16.8,73,0,1,14,4,7
2022-07-01 13:00:00+00:00,2022-07-01 15:00:00+02:00,60507.2975,60.5072975,18.5,65,0,1,15,4,7
2022-07-01 14:00:00+00:00,2022-07-01 16:00:00+02:00,59099.2525,59.099252500000006,19.6,58,0,1,16,4,7
2022-07-01 15:00:00+00:00,2022-07-01 17:00:00+02:00,58996.465,58.99646499999999,19.4,58,0,1,17,4,7
2022-07-01 16:00:00+00:00,2022-07-01 18:00:00+02:00,58188.345,58.188345,19.7,54,0,1,18,4,7
2022-07-01 17:00:00+00:00,2022-07-01 19:00:00+02:00,57014.935,57.014934999999994,19.8,53,0,1,19,4,7
2022-07-01 18:00:00+00:00,2022-07-01 20:00:00+02:00,54690.445,54.690445,19.6,57,0,1,20,4,7
2022-07-01 19:00:00+00:00,2022-07-01 21:00:00+02:00,52590.945,52.590945,18.4,72,0,0,21,4,7
2022-07-01 20:00:00+00:00,2022-07-01 22:00:00+02:00,50458.3725,50.458372499999996,16.2,73,0,0,22,4,7
2022-07-01 21:00:00+00:00,2022-07-01 23:00:00+02:00,47547.1075,47.547107499999996,16.6,68,0,0,23,4,7
2022-07-01 22:00:00+00:00,2022-07-02 00:00:00+02:00,44865.0125,44.8650125,17.0,66,1,0,0,5,7
2022-07-01 23:00:00+00:00,2022-07-02 01:00:00+02:00,42942.175,42.942175000000006,15.4,72,1,0,1,5,7
2022-07-02 00:00:00+00:00,2022-07-02 02:00:00+02:00,41332.7525,41.332752500000005,15.3,80,1,0,2,5,7
2022-07-02 01:00:00+00:00,2022-07-02 03:00:00+02:00,41064.685,41.064685,14.4,85,1,0,3,5,7
2022-07-02 02:00:00+00:00,2022-07-02 04:00:00+02:00,40792.35,40.79235,13.6,87,1,0,4,5,7
2022-07-02 03:00:00+00:00,2022-07-02 05:00:00+02:00,40861.3875,40.8613875,13.1,90,1,0,5,5,7
2022-07-02 04:00:00+00:00,2022-07-02 06:00:00+02:00,42456.96,42.45696,13.0,91,1,0,6,5,7
2022-07-02 05:00:00+00:00,2022-07-02 07:00:00+02:00,45298.957500000004,45.29895750000001,13.6,90,1,0,7,5,7
2022-07-02 06:00:00+00:00,2022-07-02 08:00:00+02:00,49166.5,49.1665,15.3,85,1,1,8,5,7
2022-07-02 07:00:00+00:00,2022-07-02 09:00:00+02:00,51868.5575,51.8685575,17.4,77,1,1,9,5,7
2022-07-02 08:00:00+00:00,2022-07-02 10:00:00+02:00,54043.869999999995,54.04387,19.4,69,1,1,10,5,7
2022-07-02 09:00:00+00:00,2022-07-02 11:00:00+02:00,54995.3175,54.9953175,21.3,61,1,1,11,5,7
2022-07-02 10:00:00+00:00,2022-07-02 12:00:00+02:00,53783.9775,53.7839775,22.9,49,1,1,12,5,7
2022-07-02 11:00:00+00:00,2022-07-02 13:00:00+02:00,52035.4825,52.0354825,24.7,39,1,1,13,5,7
2022-07-02 12:00:00+00:00,2022-07-02 14:00:00+02:00,50614.79,50.61479,25.8,39,1,1,14,5,7
2022-07-02 13:00:00+00:00,2022-07-02 15:00:00+02:00,49983.225,49.983225,26.3,38,1,1,15,5,7
2022-07-02 14:00:00+00:00,2022-07-02 16:00:00+02:00,49698.2775,49.698277499999996,26.4,38,1,1,16,5,7
2022-07-02 15:00:00+00:00,2022-07-02 17:00:00+02:00,49992.395000000004,49.992395,26.5,38,1,1,17,5,7
2022-07-02 16:00:00+00:00,2022-07-02 18:00:00+02:00,49338.2175,49.3382175,26.3,39,1,1,18,5,7
2022-07-02 17:00:00+00:00,2022-07-02 19:00:00+02:00,48636.945,48.636945,26.0,41,1,1,19,5,7
2022-07-02 18:00:00+00:00,2022-07-02 20:00:00+02:00,47263.15,47.26315,24.8,50,1,1,20,5,7
2022-07-02 19:00:00+00:00,2022-07-02 21:00:00+02:00,45480.8925,45.4808925,21.8,65,1,0,21,5,7
2022-07-02 20:00:00+00:00,2022-07-02 22:00:00+02:00,45342.167499999996,45.342167499999995,19.1,70,1,0,22,5,7
2022-07-02 21:00:00+00:00,2022-07-02 23:00:00+02:00,43573.255,43.573254999999996,17.9,74,1,0,23,5,7
2022-07-02 22:00:00+00:00,2022-07-03 00:00:00+02:00,41014.465,41.014464999999994,17.0,76,1,0,0,6,7
2022-07-02 23:00:00+00:00,2022-07-03 01:00:00+02:00,39326.965,39.326964999999994,16.3,77,1,0,1,6,7
2022-07-03 00:00:00+00:00,2022-07-03 02:00:00+02:00,38313.765,38.313765,18.5,64,1,0,2,6,7
2022-07-03 01:00:00+00:00,2022-07-03 03:00:00+02:00,37746.28,37.74628,14.9,81,1,0,3,6,7
2022-07-03 02:00:00+00:00,2022-07-03 04:00:00+02:00,37361.35,37.36135,14.1,84,1,0,4,6,7
2022-07-03 03:00:00+00:00,2022-07-03 05:00:00+02:00,36848.575,36.848575,15.8,74,1,0,5,6,7
2022-07-03 04:00:00+00:00,2022-07-03 06:00:00+02:00,37758.8925,37.7588925,14.6,81,1,0,6,6,7
2022-07-03 05:00:00+00:00,2022-07-03 07:00:00+02:00,39959.66,39.95966000000001,16.0,79,1,0,7,6,7
2022-07-03 06:00:00+00:00,2022-07-03 08:00:00+02:00,43406.735,43.406735,18.4,71,1,1,8,6,7
2022-07-03 07:00:00+00:00,2022-07-03 09:00:00+02:00,46724.335,46.724334999999996,20.4,67,1,1,9,6,7
2022-07-03 08:00:00+00:00,2022-07-03 10:00:00+02:00,48767.697499999995,48.7676975,22.2,62,1,1,10,6,7
2022-07-03 09:00:00+00:00,2022-07-03 11:00:00+02:00,49522.235,49.522235,24.4,52,1,1,11,6,7
2022-07-03 10:00:00+00:00,2022-07-03 12:00:00+02:00,49606.295,49.606294999999996,26.2,44,1,1,12,6,7
2022-07-03 11:00:00+00:00,2022-07-03 13:00:00+02:00,48250.2325,48.250232499999996,27.1,39,1,1,13,6,7
2022-07-03 12:00:00+00:00,2022-07-03 14:00:00+02:00,47012.4025,47.01240249999999,28.3,37,1,1,14,6,7
2022-07-03 13:00:00+00:00,2022-07-03 15:00:00+02:00,46605.8775,46.605877500000005,28.7,34,1,1,15,6,7
2022-07-03 14:00:00+00:00,2022-07-03 16:00:00+02:00,46872.479999999996,46.872479999999996,28.9,33,1,1,16,6,7
2022-07-03 15:00:00+00:00,2022-07-03 17:00:00+02:00,47883.1375,47.8831375,28.6,33,1,1,17,6,7
2022-07-03 16:00:00+00:00,2022-07-03 18:00:00+02:00,48343.745,48.343745000000006,28.8,30,1,1,18,6,7
2022-07-03 17:00:00+00:00,2022-07-03 19:00:00+02:00,48678.125,48.678125,28.3,31,1,1,19,6,7
2022-07-03 18:00:00+00:00,2022-07-03 20:00:00+02:00,48314.7475,48.314747499999996,26.6,36,1,1,20,6,7
2022-07-03 19:00:00+00:00,2022-07-03 21:00:00+02:00,47178.1775,47.1781775,22.9,53,1,0,21,6,7
2022-07-03 20:00:00+00:00,2022-07-03 22:00:00+02:00,47709.2875,47.7092875,21.5,55,1,0,22,6,7
2022-07-03 21:00:00+00:00,2022-07-03 23:00:00+02:00,45253.4225,45.2534225,20.2,59,1,0,23,6,7
2022-07-03 22:00:00+00:00,2022-07-04 00:00:00+02:00,42517.58,42.51758,19.0,61,0,0,0,0,7
2022-07-03 23:00:00+00:00,2022-07-04 01:00:00+02:00,41155.0275,41.155027499999996,18.4,63,0,0,1,0,7
2022-07-04 00:00:00+00:00,2022-07-04 02:00:00+02:00,40263.917499999996,40.2639175,18.1,67,0,0,2,0,7
2022-07-04 01:00:00+00:00,2022-07-04 03:00:00+02:00,39891.8675,39.891867500000004,17.1,71,0,0,3,0,7
2022-07-04 02:00:00+00:00,2022-07-04 04:00:00+02:00,40939.395000000004,40.939395000000005,16.8,71,0,0,4,0,7
2022-07-04 03:00:00+00:00,2022-07-04 05:00:00+02:00,43657.5275,43.65752749999999,16.3,72,0,0,5,0,7
2022-07-04 04:00:00+00:00,2022-07-04 06:00:00+02:00,51377.915,51.377915,15.8,74,0,0,6,0,7
2022-07-04 05:00:00+00:00,2022-07-04 07:00:00+02:00,57101.8975,57.1018975,16.8,73,0,0,7,0,7
2022-07-04 06:00:00+00:00,2022-07-04 08:00:00+02:00,60974.3675,60.9743675,18.4,66,0,1,8,0,7
2022-07-04 07:00:00+00:00,2022-07-04 09:00:00+02:00,61864.255,61.864255,19.9,55,0,1,9,0,7
2022-07-04 08:00:00+00:00,2022-07-04 10:00:00+02:00,62921.3825,62.9213825,21.1,49,0,1,10,0,7
2022-07-04 09:00:00+00:00,2022-07-04 11:00:00+02:00,64952.30499999999,64.952305,22.1,46,0,1,11,0,7
2022-07-04 10:00:00+00:00,2022-07-04 12:00:00+02:00,65091.9325,65.0919325,23.0,44,0,1,12,0,7
2022-07-04 11:00:00+00:00,2022-07-04 13:00:00+02:00,63888.08,63.88808,23.8,42,0,1,13,0,7
2022-07-04 12:00:00+00:00,2022-07-04 14:00:00+02:00,64103.745,64.103745,25.2,36,0,1,14,0,7
2022-07-04 13:00:00+00:00,2022-07-04 15:00:00+02:00,63062.5,63.0625,25.7,33,0,1,15,0,7
2022-07-04 14:00:00+00:00,2022-07-04 16:00:00+02:00,61761.835,61.761835,26.1,32,0,1,16,0,7
2022-07-04 15:00:00+00:00,2022-07-04 17:00:00+02:00,61088.490000000005,61.08849000000001,26.3,31,0,1,17,0,7
2022-07-04 16:00:00+00:00,2022-07-04 18:00:00+02:00,60567.225,60.567225,26.2,30,0,1,18,0,7
2022-07-04 17:00:00+00:00,2022-07-04 19:00:00+02:00,59855.9825,59.855982499999996,25.5,31,0,1,19,0,7
2022-07-04 18:00:00+00:00,2022-07-04 20:00:00+02:00,57067.1825,57.0671825,24.5,34,0,1,20,0,7
2022-07-04 19:00:00+00:00,2022-07-04 21:00:00+02:00,54826.7875,54.8267875,22.4,40,0,0,21,0,7
2022-07-04 20:00:00+00:00,2022-07-04 22:00:00+02:00,52492.145000000004,52.492145,20.8,43,0,0,22,0,7
2022-07-04 21:00:00+00:00,2022-07-04 23:00:00+02:00,48627.9725,48.627972500000006,19.5,48,0,0,23,0,7
2022-07-04 22:00:00+00:00,2022-07-05 00:00:00+02:00,45717.57,45.71757,18.5,51,0,0,0,1,7
2022-07-04 23:00:00+00:00,2022-07-05 01:00:00+02:00,44021.417499999996,44.0214175,18.2,53,0,0,1,1,7
2022-07-05 00:00:00+00:00,2022-07-05 02:00:00+02:00,43144.6525,43.1446525,16.3,62,0,0,2,1,7
2022-07-05 01:00:00+00:00,2022-07-05 03:00:00+02:00,43426.759999999995,43.426759999999994,15.8,64,0,0,3,1,7
2022-07-05 02:00:00+00:00,2022-07-05 04:00:00+02:00,44227.1275,44.2271275,15.2,67,0,0,4,1,7
2022-07-05 03:00:00+00:00,2022-07-05 05:00:00+02:00,46654.1225,46.6541225,15.1,69,0,0,5,1,7
2022-07-05 04:00:00+00:00,2022-07-05 06:00:00+02:00,53313.225000000006,53.313225,14.8,72,0,0,6,1,7
2022-07-05 05:00:00+00:00,2022-07-05 07:00:00+02:00,58516.53,58.516529999999996,16.2,69,0,0,7,1,7
2022-07-05 06:00:00+00:00,2022-07-05 08:00:00+02:00,62250.552500000005,62.250552500000005,18.2,64,0,1,8,1,7
2022-07-05 07:00:00+00:00,2022-07-05 09:00:00+02:00,63390.3375,63.3903375,20.5,56,0,1,9,1,7
2022-07-05 08:00:00+00:00,2022-07-05 10:00:00+02:00,65119.6825,65.1196825,22.5,49,0,1,10,1,7
2022-07-05 09:00:00+00:00,2022-07-05 11:00:00+02:00,65638.1075,65.6381075,24.1,42,0,1,11,1,7
2022-07-05 10:00:00+00:00,2022-07-05 12:00:00+02:00,65927.1575,65.9271575,25.1,38,0,1,12,1,7
2022-07-05 11:00:00+00:00,2022-07-05 13:00:00+02:00,65619.64749999999,65.61964749999999,25.5,36,0,1,13,1,7
2022-07-05 12:00:00+00:00,2022-07-05 14:00:00+02:00,64567.975,64.567975,26.2,33,0,1,14,1,7
2022-07-05 13:00:00+00:00,2022-07-05 15:00:00+02:00,63931.020000000004,63.931020000000004,26.5,30,0,1,15,1,7
2022-07-05 14:00:00+00:00,2022-07-05 16:00:00+02:00,62847.3925,62.847392500000005,26.8,27,0,1,16,1,7
2022-07-05 15:00:00+00:00,2022-07-05 17:00:00+02:00,61673.020000000004,61.67302,26.2,31,0,1,17,1,7
2022-07-05 16:00:00+00:00,2022-07-05 18:00:00+02:00,60945.7175,60.9457175,25.2,34,0,1,18,1,7
2022-07-05 17:00:00+00:00,2022-07-05 19:00:00+02:00,59963.2825,59.9632825,24.6,36,0,1,19,1,7
2022-07-05 18:00:00+00:00,2022-07-05 20:00:00+02:00,57625.0975,57.6250975,24.0,36,0,1,20,1,7
2022-07-05 19:00:00+00:00,2022-07-05 21:00:00+02:00,54730.990000000005,54.730990000000006,22.4,39,0,0,21,1,7
2022-07-05 20:00:00+00:00,2022-07-05 22:00:00+02:00,52486.695,52.486695,20.6,41,0,0,22,1,7
2022-07-05 21:00:00+00:00,2022-07-05 23:00:00+02:00,48933.3925,48.933392500000004,19.4,45,0,0,23,1,7
2022-07-05 22:00:00+00:00,2022-07-06 00:00:00+02:00,46246.6425,46.2466425,18.1,53,0,0,0,2,7
2022-07-05 23:00:00+00:00,2022-07-06 01:00:00+02:00,44944.5675,44.9445675,17.2,62,0,0,1,2,7
2022-07-06 00:00:00+00:00,2022-07-06 02:00:00+02:00,43809.2725,43.8092725,17.9,63,0,0,2,2,7
2022-07-06 01:00:00+00:00,2022-07-06 03:00:00+02:00,43799.415,43.799415,17.2,66,0,0,3,2,7
2022-07-06 02:00:00+00:00,2022-07-06 04:00:00+02:00,44545.104999999996,44.54510499999999,16.4,69,0,0,4,2,7
2022-07-06 03:00:00+00:00,2022-07-06 05:00:00+02:00,46814.34,46.814339999999994,15.3,72,0,0,5,2,7
2022-07-06 04:00:00+00:00,2022-07-06 06:00:00+02:00,53252.755,53.252755,14.7,74,0,0,6,2,7
2022-07-06 05:00:00+00:00,2022-07-06 07:00:00+02:00,58582.485,58.582485,15.6,70,0,0,7,2,7
2022-07-06 06:00:00+00:00,2022-07-06 08:00:00+02:00,61555.945,61.555945,16.7,64,0,1,8,2,7
2022-07-06 07:00:00+00:00,2022-07-06 09:00:00+02:00,61654.085,61.654085,17.7,59,0,1,9,2,7
2022-07-06 08:00:00+00:00,2022-07-06 10:00:00+02:00,64210.817500000005,64.2108175,18.9,54,0,1,10,2,7
2022-07-06 09:00:00+00:00,2022-07-06 11:00:00+02:00,65217.055,65.217055,19.9,49,0,1,11,2,7
2022-07-06 10:00:00+00:00,2022-07-06 12:00:00+02:00,65185.96,65.18596,20.9,44,0,1,12,2,7
2022-07-06 11:00:00+00:00,2022-07-06 13:00:00+02:00,65197.44,65.19744,21.5,40,0,1,13,2,7
2022-07-06 12:00:00+00:00,2022-07-06 14:00:00+02:00,64096.2525,64.0962525,21.9,35,0,1,14,2,7
2022-07-06 13:00:00+00:00,2022-07-06 15:00:00+02:00,62984.175,62.984175,22.5,33,0,1,15,2,7
2022-07-06 14:00:00+00:00,2022-07-06 16:00:00+02:00,61419.22,61.41922,21.9,36,0,1,16,2,7
2022-07-06 15:00:00+00:00,2022-07-06 17:00:00+02:00,60634.9375,60.6349375,21.8,33,0,1,17,2,7
2022-07-06 16:00:00+00:00,2022-07-06 18:00:00+02:00,60353.28,60.35328,21.0,36,0,1,18,2,7
2022-07-06 17:00:00+00:00,2022-07-06 19:00:00+02:00,59740.2725,59.740272499999996,20.4,39,0,1,19,2,7
2022-07-06 18:00:00+00:00,2022-07-06 20:00:00+02:00,57326.57,57.32657,20.4,37,0,1,20,2,7
2022-07-06 19:00:00+00:00,2022-07-06 21:00:00+02:00,54752.9525,54.7529525,19.2,42,0,0,21,2,7
2022-07-06 20:00:00+00:00,2022-07-06 22:00:00+02:00,52576.087499999994,52.57608749999999,17.7,46,0,0,22,2,7
2022-07-06 21:00:00+00:00,2022-07-06 23:00:00+02:00,48780.255000000005,48.780255000000004,17.0,50,0,0,23,2,7
2022-07-06 22:00:00+00:00,2022-07-07 00:00:00+02:00,46596.5,46.5965,17.1,51,0,0,0,3,7
2022-07-06 23:00:00+00:00,2022-07-07 01:00:00+02:00,45425.155,45.425155,17.4,51,0,0,1,3,7
2022-07-07 00:00:00+00:00,2022-07-07 02:00:00+02:00,45235.42,45.23542,15.7,61,0,0,2,3,7
2022-07-07 01:00:00+00:00,2022-07-07 03:00:00+02:00,45307.03,45.30703,15.4,64,0,0,3,3,7
2022-07-07 02:00:00+00:00,2022-07-07 04:00:00+02:00,46130.4225,46.1304225,15.7,64,0,0,4,3,7
2022-07-07 03:00:00+00:00,2022-07-07 05:00:00+02:00,48809.787500000006,48.809787500000006,16.1,61,0,0,5,3,7
2022-07-07 04:00:00+00:00,2022-07-07 06:00:00+02:00,55228.035,55.228035000000006,15.1,64,0,0,6,3,7
2022-07-07 05:00:00+00:00,2022-07-07 07:00:00+02:00,60383.91,60.38391,15.9,63,0,0,7,3,7
2022-07-07 06:00:00+00:00,2022-07-07 08:00:00+02:00,63506.5175,63.5065175,16.9,65,0,1,8,3,7
2022-07-07 07:00:00+00:00,2022-07-07 09:00:00+02:00,65249.3,65.2493,17.2,71,0,1,9,3,7
2022-07-07 08:00:00+00:00,2022-07-07 10:00:00+02:00,67181.55,67.18155,19.1,66,0,1,10,3,7
2022-07-07 09:00:00+00:00,2022-07-07 11:00:00+02:00,67907.4175,67.9074175,20.1,63,0,1,11,3,7
2022-07-07 10:00:00+00:00,2022-07-07 12:00:00+02:00,67831.92,67.83192,17.8,76,0,1,12,3,7
2022-07-07 11:00:00+00:00,2022-07-07 13:00:00+02:00,67343.6775,67.3436775,18.7,69,0,1,13,3,7
2022-07-07 12:00:00+00:00,2022-07-07 14:00:00+02:00,65806.5425,65.80654249999999,17.6,75,0,1,14,3,7
2022-07-07 13:00:00+00:00,2022-07-07 15:00:00+02:00,64580.417499999996,64.5804175,19.0,64,0,1,15,3,7
2022-07-07 14:00:00+00:00,2022-07-07 16:00:00+02:00,63625.2875,63.6252875,20.7,56,0,1,16,3,7
2022-07-07 15:00:00+00:00,2022-07-07 17:00:00+02:00,63476.2875,63.4762875,20.7,57,0,1,17,3,7
2022-07-07 16:00:00+00:00,2022-07-07 18:00:00+02:00,62746.347499999996,62.7463475,20.0,61,0,1,18,3,7
2022-07-07 17:00:00+00:00,2022-07-07 19:00:00+02:00,61963.5325,61.9635325,19.8,62,0,1,19,3,7
2022-07-07 18:00:00+00:00,2022-07-07 20:00:00+02:00,59607.32,59.60732,19.2,63,0,1,20,3,7
2022-07-07 19:00:00+00:00,2022-07-07 21:00:00+02:00,56598.880000000005,56.59888,18.3,67,0,0,21,3,7
2022-07-07 20:00:00+00:00,2022-07-07 22:00:00+02:00,53892.240000000005,53.89224000000001,17.1,71,0,0,22,3,7
2022-07-07 21:00:00+00:00,2022-07-07 23:00:00+02:00,50892.67,50.892669999999995,16.7,67,0,0,23,3,7
2022-07-07 22:00:00+00:00,2022-07-08 00:00:00+02:00,48051.39,48.05139,15.8,63,0,0,0,4,7
2022-07-07 23:00:00+00:00,2022-07-08 01:00:00+02:00,46196.2,46.1962,14.8,65,0,0,1,4,7
2022-07-08 00:00:00+00:00,2022-07-08 02:00:00+02:00,44493.637500000004,44.493637500000006,13.3,69,0,0,2,4,7
2022-07-08 01:00:00+00:00,2022-07-08 03:00:00+02:00,44103.7825,44.1037825,12.9,72,0,0,3,4,7
2022-07-08 02:00:00+00:00,2022-07-08 04:00:00+02:00,44961.36,44.96136,12.3,74,0,0,4,4,7
2022-07-08 03:00:00+00:00,2022-07-08 05:00:00+02:00,47453.0075,47.4530075,10.8,81,0,0,5,4,7
2022-07-08 04:00:00+00:00,2022-07-08 06:00:00+02:00,54340.3825,54.3403825,11.1,80,0,0,6,4,7
2022-07-08 05:00:00+00:00,2022-07-08 07:00:00+02:00,59724.1325,59.7241325,13.0,72,0,0,7,4,7
2022-07-08 06:00:00+00:00,2022-07-08 08:00:00+02:00,62379.104999999996,62.379104999999996,14.8,66,0,1,8,4,7
2022-07-08 07:00:00+00:00,2022-07-08 09:00:00+02:00,63137.43,63.13743,16.3,57,0,1,9,4,7
2022-07-08 08:00:00+00:00,2022-07-08 10:00:00+02:00,63823.995,63.823995000000004,18.0,48,0,1,10,4,7
2022-07-08 09:00:00+00:00,2022-07-08 11:00:00+02:00,64769.905,64.769905,18.7,46,0,1,11,4,7
2022-07-08 10:00:00+00:00,2022-07-08 12:00:00+02:00,63983.5075,63.9835075,19.9,44,0,1,12,4,7
2022-07-08 11:00:00+00:00,2022-07-08 13:00:00+02:00,62827.405,62.827405,21.1,42,0,1,13,4,7
2022-07-08 12:00:00+00:00,2022-07-08 14:00:00+02:00,61932.729999999996,61.93273,21.4,40,0,1,14,4,7
2022-07-08 13:00:00+00:00,2022-07-08 15:00:00+02:00,61444.815,61.444815000000006,25.4,31,0,1,15,4,7
2022-07-08 14:00:00+00:00,2022-07-08 16:00:00+02:00,60785.7725,60.7857725,25.9,31,0,1,16,4,7
2022-07-08 15:00:00+00:00,2022-07-08 17:00:00+02:00,60023.31,60.023309999999995,24.4,35,0,1,17,4,7
2022-07-08 16:00:00+00:00,2022-07-08 18:00:00+02:00,58785.59,58.78559,24.6,35,0,1,18,4,7
2022-07-08 17:00:00+00:00,2022-07-08 19:00:00+02:00,57507.3475,57.5073475,23.0,45,0,1,19,4,7
2022-07-08 18:00:00+00:00,2022-07-08 20:00:00+02:00,54946.932499999995,54.946932499999996,22.9,45,0,1,20,4,7
2022-07-08 19:00:00+00:00,2022-07-08 21:00:00+02:00,52361.275,52.361275,21.6,50,0,0,21,4,7
2022-07-08 20:00:00+00:00,2022-07-08 22:00:00+02:00,50855.7975,50.8557975,19.6,58,0,0,22,4,7
2022-07-08 21:00:00+00:00,2022-07-08 23:00:00+02:00,47953.475,47.953475,18.5,63,0,0,23,4,7
2022-07-08 22:00:00+00:00,2022-07-09 00:00:00+02:00,44949.1625,44.9491625,17.7,67,1,0,0,5,7
2022-07-08 23:00:00+00:00,2022-07-09 01:00:00+02:00,43026.45,43.02645,16.2,76,1,0,1,5,7
2022-07-09 00:00:00+00:00,2022-07-09 02:00:00+02:00,41802.567500000005,41.8025675,14.7,87,1,0,2,5,7
2022-07-09 01:00:00+00:00,2022-07-09 03:00:00+02:00,41247.317500000005,41.2473175,15.1,83,1,0,3,5,7
2022-07-09 02:00:00+00:00,2022-07-09 04:00:00+02:00,41347.1475,41.3471475,15.2,83,1,0,4,5,7
2022-07-09 03:00:00+00:00,2022-07-09 05:00:00+02:00,40660.78,40.660779999999995,15.1,83,1,0,5,5,7
2022-07-09 04:00:00+00:00,2022-07-09 06:00:00+02:00,42294.3875,42.2943875,15.0,84,1,0,6,5,7
2022-07-09 05:00:00+00:00,2022-07-09 07:00:00+02:00,44840.229999999996,44.84023,15.9,83,1,0,7,5,7
2022-07-09 06:00:00+00:00,2022-07-09 08:00:00+02:00,48234.4075,48.2344075,17.9,74,1,1,8,5,7
2022-07-09 07:00:00+00:00,2022-07-09 09:00:00+02:00,51390.9875,51.3909875,20.4,65,1,1,9,5,7
2022-07-09 08:00:00+00:00,2022-07-09 10:00:00+02:00,53798.825,53.798824999999994,22.1,56,1,1,10,5,7
2022-07-09 09:00:00+00:00,2022-07-09 11:00:00+02:00,55173.265,55.173265,23.0,52,1,1,11,5,7
2022-07-09 10:00:00+00:00,2022-07-09 12:00:00+02:00,54438.4075,54.438407500000004,24.2,46,1,1,12,5,7
2022-07-09 11:00:00+00:00,2022-07-09 13:00:00+02:00,53093.7125,53.0937125,24.1,45,1,1,13,5,7
2022-07-09 12:00:00+00:00,2022-07-09 14:00:00+02:00,51583.275,51.583275,25.2,41,1,1,14,5,7
2022-07-09 13:00:00+00:00,2022-07-09 15:00:00+02:00,51130.65,51.13065,25.0,39,1,1,15,5,7
2022-07-09 14:00:00+00:00,2022-07-09 16:00:00+02:00,50921.4025,50.9214025,25.1,38,1,1,16,5,7
2022-07-09 15:00:00+00:00,2022-07-09 17:00:00+02:00,51735.8825,51.7358825,25.2,36,1,1,17,5,7
2022-07-09 16:00:00+00:00,2022-07-09 18:00:00+02:00,51348.6875,51.3486875,25.2,35,1,1,18,5,7
2022-07-09 17:00:00+00:00,2022-07-09 19:00:00+02:00,50396.3575,50.3963575,23.4,42,1,1,19,5,7
2022-07-09 18:00:00+00:00,2022-07-09 20:00:00+02:00,48687.845,48.687845,22.8,46,1,1,20,5,7
2022-07-09 19:00:00+00:00,2022-07-09 21:00:00+02:00,47083.0,47.083,21.6,52,1,0,21,5,7
2022-07-09 20:00:00+00:00,2022-07-09 22:00:00+02:00,46238.2775,46.238277499999995,19.8,63,1,0,22,5,7
2022-07-09 21:00:00+00:00,2022-07-09 23:00:00+02:00,43733.18,43.73318,18.3,69,1,0,23,5,7
2022-07-09 22:00:00+00:00,2022-07-10 00:00:00+02:00,41446.4025,41.4464025,17.4,72,1,0,0,6,7
2022-07-09 23:00:00+00:00,2022-07-10 01:00:00+02:00,39742.18,39.74218,17.0,69,1,0,1,6,7
2022-07-10 00:00:00+00:00,2022-07-10 02:00:00+02:00,38611.305,38.611305,15.9,73,1,0,2,6,7
2022-07-10 01:00:00+00:00,2022-07-10 03:00:00+02:00,38067.33,38.06733,14.9,75,1,0,3,6,7
2022-07-10 02:00:00+00:00,2022-07-10 04:00:00+02:00,37983.895000000004,37.983895000000004,13.9,78,1,0,4,6,7
2022-07-10 03:00:00+00:00,2022-07-10 05:00:00+02:00,38061.915,38.061915,13.0,79,1,0,5,6,7
2022-07-10 04:00:00+00:00,2022-07-10 06:00:00+02:00,38760.744999999995,38.76074499999999,12.7,76,1,0,6,6,7
2022-07-10 05:00:00+00:00,2022-07-10 07:00:00+02:00,40514.6025,40.5146025,13.7,69,1,0,7,6,7
2022-07-10 06:00:00+00:00,2022-07-10 08:00:00+02:00,44309.435,44.309435,14.7,65,1,1,8,6,7
2022-07-10 07:00:00+00:00,2022-07-10 09:00:00+02:00,47623.425,47.623425000000005,16.1,57,1,1,9,6,7
2022-07-10 08:00:00+00:00,2022-07-10 10:00:00+02:00,49352.15,49.35215,17.1,52,1,1,10,6,7
2022-07-10 09:00:00+00:00,2022-07-10 11:00:00+02:00,51027.8825,51.0278825,17.3,50,1,1,11,6,7
2022-07-10 10:00:00+00:00,2022-07-10 12:00:00+02:00,51196.2625,51.196262499999996,17.8,49,1,1,12,6,7
2022-07-10 11:00:00+00:00,2022-07-10 13:00:00+02:00,49749.135,49.749135,19.2,45,1,1,13,6,7
2022-07-10 12:00:00+00:00,2022-07-10 14:00:00+02:00,48759.817500000005,48.759817500000004,19.8,43,1,1,14,6,7
2022-07-10 13:00:00+00:00,2022-07-10 15:00:00+02:00,48316.345,48.316345,19.8,45,1,1,15,6,7
2022-07-10 14:00:00+00:00,2022-07-10 16:00:00+02:00,48149.784999999996,48.149784999999994,19.7,47,1,1,16,6,7
2022-07-10 15:00:00+00:00,2022-07-10 17:00:00+02:00,48751.932499999995,48.751932499999995,19.6,50,1,1,17,6,7
2022-07-10 16:00:00+00:00,2022-07-10 18:00:00+02:00,49183.6375,49.183637499999996,18.8,54,1,1,18,6,7
2022-07-10 17:00:00+00:00,2022-07-10 19:00:00+02:00,48853.935,48.853935,18.3,58,1,1,19,6,7
2022-07-10 18:00:00+00:00,2022-07-10 20:00:00+02:00,47527.0625,47.5270625,18.1,61,1,1,20,6,7
2022-07-10 19:00:00+00:00,2022-07-10 21:00:00+02:00,46342.822499999995,46.3428225,17.5,66,1,0,21,6,7
2022-07-10 20:00:00+00:00,2022-07-10 22:00:00+02:00,46560.5325,46.5605325,17.2,68,1,0,22,6,7
2022-07-10 21:00:00+00:00,2022-07-10 23:00:00+02:00,44096.2525,44.096252500000006,17.1,70,1,0,23,6,7
2022-07-10 22:00:00+00:00,2022-07-11 00:00:00+02:00,41834.2,41.834199999999996,16.9,71,0,0,0,0,7
2022-07-10 23:00:00+00:00,2022-07-11 01:00:00+02:00,40550.0425,40.5500425,16.2,76,0,0,1,0,7
2022-07-11 00:00:00+00:00,2022-07-11 02:00:00+02:00,39695.725,39.695724999999996,15.3,86,0,0,2,0,7
2022-07-11 01:00:00+00:00,2022-07-11 03:00:00+02:00,39939.307499999995,39.9393075,15.7,80,0,0,3,0,7
2022-07-11 02:00:00+00:00,2022-07-11 04:00:00+02:00,41274.3975,41.2743975,14.9,86,0,0,4,0,7
2022-07-11 03:00:00+00:00,2022-07-11 05:00:00+02:00,43955.2625,43.955262499999996,14.1,91,0,0,5,0,7
2022-07-11 04:00:00+00:00,2022-07-11 06:00:00+02:00,50674.1125,50.6741125,14.7,87,0,0,6,0,7
2022-07-11 05:00:00+00:00,2022-07-11 07:00:00+02:00,56265.3575,56.2653575,15.7,82,0,0,7,0,7
2022-07-11 06:00:00+00:00,2022-07-11 08:00:00+02:00,59972.97,59.972970000000004,17.4,74,0,1,8,0,7
2022-07-11 07:00:00+00:00,2022-07-11 09:00:00+02:00,61246.295,61.246294999999996,19.1,66,0,1,9,0,7
2022-07-11 08:00:00+00:00,2022-07-11 10:00:00+02:00,62585.335,62.585335,20.5,60,0,1,10,0,7
2022-07-11 09:00:00+00:00,2022-07-11 11:00:00+02:00,64169.4225,64.1694225,20.8,58,0,1,11,0,7
2022-07-11 10:00:00+00:00,2022-07-11 12:00:00+02:00,63528.6225,63.5286225,21.8,54,0,1,12,0,7
2022-07-11 11:00:00+00:00,2022-07-11 13:00:00+02:00,62834.97,62.83497,22.4,52,0,1,13,0,7
2022-07-11 12:00:00+00:00,2022-07-11 14:00:00+02:00,61751.2325,61.7512325,22.6,49,0,1,14,0,7
2022-07-11 13:00:00+00:00,2022-07-11 15:00:00+02:00,60083.21,60.08321,23.5,47,0,1,15,0,7
2022-07-11 14:00:00+00:00,2022-07-11 16:00:00+02:00,58872.3675,58.8723675,23.9,46,0,1,16,0,7
2022-07-11 15:00:00+00:00,2022-07-11 17:00:00+02:00,58953.135,58.953135,24.1,45,0,1,17,0,7
2022-07-11 16:00:00+00:00,2022-07-11 18:00:00+02:00,58371.412500000006,58.371412500000005,24.3,44,0,1,18,0,7
2022-07-11 17:00:00+00:00,2022-07-11 19:00:00+02:00,57683.3675,57.6833675,24.2,43,0,1,19,0,7
2022-07-11 18:00:00+00:00,2022-07-11 20:00:00+02:00,55037.7,55.037699999999994,23.5,44,0,1,20,0,7
2022-07-11 19:00:00+00:00,2022-07-11 21:00:00+02:00,52604.1475,52.604147499999996,22.0,49,0,0,21,0,7
2022-07-11 20:00:00+00:00,2022-07-11 22:00:00+02:00,50490.4125,50.4904125,19.6,58,0,0,22,0,7
2022-07-11 21:00:00+00:00,2022-07-11 23:00:00+02:00,46427.792499999996,46.427792499999995,18.6,69,0,0,23,0,7
2022-07-11 22:00:00+00:00,2022-07-12 00:00:00+02:00,43779.2425,43.7792425,17.8,73,0,0,0,1,7
2022-07-11 23:00:00+00:00,2022-07-12 01:00:00+02:00,41870.855,41.870855000000006,16.9,76,0,0,1,1,7
2022-07-12 00:00:00+00:00,2022-07-12 02:00:00+02:00,41230.08,41.23008,15.1,83,0,0,2,1,7
2022-07-12 01:00:00+00:00,2022-07-12 03:00:00+02:00,41420.1,41.4201,14.2,89,0,0,3,1,7
2022-07-12 02:00:00+00:00,2022-07-12 04:00:00+02:00,42202.57,42.20257,13.5,92,0,0,4,1,7
2022-07-12 03:00:00+00:00,2022-07-12 05:00:00+02:00,44803.1525,44.803152499999996,13.5,92,0,0,5,1,7
2022-07-12 04:00:00+00:00,2022-07-12 06:00:00+02:00,51122.832500000004,51.1228325,14.0,90,0,0,6,1,7
2022-07-12 05:00:00+00:00,2022-07-12 07:00:00+02:00,56175.11,56.175110000000004,15.0,86,0,0,7,1,7
2022-07-12 06:00:00+00:00,2022-07-12 08:00:00+02:00,59759.7875,59.7597875,17.2,78,0,1,8,1,7
2022-07-12 07:00:00+00:00,2022-07-12 09:00:00+02:00,61171.91,61.171910000000004,19.3,70,0,1,9,1,7
2022-07-12 08:00:00+00:00,2022-07-12 10:00:00+02:00,62516.6525,62.5166525,21.1,60,0,1,10,1,7
2022-07-12 09:00:00+00:00,2022-07-12 11:00:00+02:00,63986.307499999995,63.986307499999995,22.4,52,0,1,11,1,7
2022-07-12 10:00:00+00:00,2022-07-12 12:00:00+02:00,64008.8,64.00880000000001,23.9,45,0,1,12,1,7
2022-07-12 11:00:00+00:00,2022-07-12 13:00:00+02:00,63105.44,63.10544,25.0,42,0,1,13,1,7
2022-07-12 12:00:00+00:00,2022-07-12 14:00:00+02:00,61970.0325,61.9700325,25.8,38,0,1,14,1,7
2022-07-12 13:00:00+00:00,2022-07-12 15:00:00+02:00,61450.97,61.45097,27.2,35,0,1,15,1,7
2022-07-12 14:00:00+00:00,2022-07-12 16:00:00+02:00,60100.1125,60.1001125,28.1,33,0,1,16,1,7
2022-07-12 15:00:00+00:00,2022-07-12 17:00:00+02:00,59880.3875,59.8803875,28.5,32,0,1,17,1,7
2022-07-12 16:00:00+00:00,2022-07-12 18:00:00+02:00,59446.07,59.44607,28.5,31,0,1,18,1,7
2022-07-12 17:00:00+00:00,2022-07-12 19:00:00+02:00,58199.655,58.199655,28.1,32,0,1,19,1,7
2022-07-12 18:00:00+00:00,2022-07-12 20:00:00+02:00,56408.695,56.408695,27.3,38,0,1,20,1,7
2022-07-12 19:00:00+00:00,2022-07-12 21:00:00+02:00,54040.28,54.040279999999996,24.3,49,0,0,21,1,7
2022-07-12 20:00:00+00:00,2022-07-12 22:00:00+02:00,52039.565,52.039565,22.6,53,0,0,22,1,7
2022-07-12 21:00:00+00:00,2022-07-12 23:00:00+02:00,48288.91,48.28891,20.8,62,0,0,23,1,7
2022-07-12 22:00:00+00:00,2022-07-13 00:00:00+02:00,45661.2725,45.6612725,19.9,65,0,0,0,2,7
2022-07-12 23:00:00+00:00,2022-07-13 01:00:00+02:00,44042.7475,44.0427475,21.0,59,0,0,1,2,7
2022-07-13 00:00:00+00:00,2022-07-13 02:00:00+02:00,43455.347499999996,43.455347499999995,18.2,70,0,0,2,2,7
2022-07-13 01:00:00+00:00,2022-07-13 03:00:00+02:00,43661.345,43.661345000000004,18.4,69,0,0,3,2,7
2022-07-13 02:00:00+00:00,2022-07-13 04:00:00+02:00,44871.815,44.871815000000005,18.0,73,0,0,4,2,7
2022-07-13 03:00:00+00:00,2022-07-13 05:00:00+02:00,47586.880000000005,47.58688000000001,16.3,78,0,0,5,2,7
2022-07-13 04:00:00+00:00,2022-07-13 06:00:00+02:00,53362.955,53.362955,17.1,75,0,0,6,2,7
2022-07-13 05:00:00+00:00,2022-07-13 07:00:00+02:00,58098.1825,58.0981825,18.6,69,0,0,7,2,7
2022-07-13 06:00:00+00:00,2022-07-13 08:00:00+02:00,61337.1475,61.3371475,19.4,65,0,1,8,2,7
2022-07-13 07:00:00+00:00,2022-07-13 09:00:00+02:00,62684.88,62.68488,20.3,62,0,1,9,2,7
2022-07-13 08:00:00+00:00,2022-07-13 10:00:00+02:00,64068.79,64.06879,23.9,49,0,1,10,2,7
2022-07-13 09:00:00+00:00,2022-07-13 11:00:00+02:00,65753.50749999999,65.7535075,26.3,41,0,1,11,2,7
2022-07-13 10:00:00+00:00,2022-07-13 12:00:00+02:00,65332.7625,65.3327625,27.9,35,0,1,12,2,7
2022-07-13 11:00:00+00:00,2022-07-13 13:00:00+02:00,65816.36,65.81636,30.1,27,0,1,13,2,7
2022-07-13 12:00:00+00:00,2022-07-13 14:00:00+02:00,65516.24,65.51624,29.8,32,0,1,14,2,7
2022-07-13 13:00:00+00:00,2022-07-13 15:00:00+02:00,64659.4625,64.6594625,31.2,26,0,1,15,2,7
2022-07-13 14:00:00+00:00,2022-07-13 16:00:00+02:00,63286.1375,63.286137499999995,31.9,22,0,1,16,2,7
2022-07-13 15:00:00+00:00,2022-07-13 17:00:00+02:00,62583.69,62.583690000000004,32.7,20,0,1,17,2,7
2022-07-13 16:00:00+00:00,2022-07-13 18:00:00+02:00,61491.0175,61.491017500000005,33.2,21,0,1,18,2,7
2022-07-13 17:00:00+00:00,2022-07-13 19:00:00+02:00,61197.5525,61.1975525,32.4,25,0,1,19,2,7
2022-07-13 18:00:00+00:00,2022-07-13 20:00:00+02:00,58940.2725,58.9402725,29.4,37,0,1,20,2,7
2022-07-13 19:00:00+00:00,2022-07-13 21:00:00+02:00,56064.6275,56.0646275,27.8,42,0,0,21,2,7
2022-07-13 20:00:00+00:00,2022-07-13 22:00:00+02:00,53946.6875,53.9466875,25.4,49,0,0,22,2,7
2022-07-13 21:00:00+00:00,2022-07-13 23:00:00+02:00,50101.7725,50.101772499999996,23.7,59,0,0,23,2,7
2022-07-13 22:00:00+00:00,2022-07-14 00:00:00+02:00,46778.31,46.77831,23.5,57,0,0,0,3,7
2022-07-13 23:00:00+00:00,2022-07-14 01:00:00+02:00,44803.565,44.803565,21.5,67,0,0,1,3,7
2022-07-14 00:00:00+00:00,2022-07-14 02:00:00+02:00,43715.545,43.715545,21.6,62,0,0,2,3,7
2022-07-14 01:00:00+00:00,2022-07-14 03:00:00+02:00,43683.115,43.683115,22.1,55,0,0,3,3,7
2022-07-14 02:00:00+00:00,2022-07-14 04:00:00+02:00,44245.28,44.24528,21.6,56,0,0,4,3,7
2022-07-14 03:00:00+00:00,2022-07-14 05:00:00+02:00,46467.1925,46.467192499999996,20.0,63,0,0,5,3,7
2022-07-14 04:00:00+00:00,2022-07-14 06:00:00+02:00,52747.0125,52.7470125,19.6,66,0,0,6,3,7
2022-07-14 05:00:00+00:00,2022-07-14 07:00:00+02:00,57934.9825,57.9349825,20.2,69,0,0,7,3,7
2022-07-14 06:00:00+00:00,2022-07-14 08:00:00+02:00,61519.96,61.51996,20.8,71,0,1,8,3,7
2022-07-14 07:00:00+00:00,2022-07-14 09:00:00+02:00,62785.8825,62.7858825,22.7,64,0,1,9,3,7
2022-07-14 08:00:00+00:00,2022-07-14 10:00:00+02:00,63834.792499999996,63.8347925,24.7,57,0,1,10,3,7
2022-07-14 09:00:00+00:00,2022-07-14 11:00:00+02:00,65164.835,65.164835,25.5,53,0,1,11,3,7
2022-07-14 10:00:00+00:00,2022-07-14 12:00:00+02:00,65883.83249999999,65.88383249999998,27.2,49,0,1,12,3,7
2022-07-14 11:00:00+00:00,2022-07-14 13:00:00+02:00,65175.21,65.17520999999999,27.9,48,0,1,13,3,7
2022-07-14 12:00:00+00:00,2022-07-14 14:00:00+02:00,63666.25,63.66625,27.9,43,0,1,14,3,7
2022-07-14 13:00:00+00:00,2022-07-14 15:00:00+02:00,63072.19,63.07219,27.5,36,0,1,15,3,7
2022-07-14 14:00:00+00:00,2022-07-14 16:00:00+02:00,62116.97,62.11697,25.8,33,0,1,16,3,7
2022-07-14 15:00:00+00:00,2022-07-14 17:00:00+02:00,62124.075,62.124075,26.2,33,0,1,17,3,7
2022-07-14 16:00:00+00:00,2022-07-14 18:00:00+02:00,61856.86,61.85686,25.7,33,0,1,18,3,7
2022-07-14 17:00:00+00:00,2022-07-14 19:00:00+02:00,61016.2475,61.0162475,25.7,31,0,1,19,3,7
2022-07-14 18:00:00+00:00,2022-07-14 20:00:00+02:00,58722.195,58.722195,24.2,35,0,1,20,3,7
2022-07-14 19:00:00+00:00,2022-07-14 21:00:00+02:00,55575.7675,55.575767500000005,22.6,39,0,0,21,3,7
2022-07-14 20:00:00+00:00,2022-07-14 22:00:00+02:00,53414.915,53.414915,20.7,44,0,0,22,3,7
2022-07-14 21:00:00+00:00,2022-07-14 23:00:00+02:00,50097.25,50.09725,19.8,47,0,0,23,3,7
2022-07-14 22:00:00+00:00,2022-07-15 00:00:00+02:00,47654.332500000004,47.6543325,18.7,52,0,0,0,4,7
2022-07-14 23:00:00+00:00,2022-07-15 01:00:00+02:00,45609.1825,45.6091825,18.1,53,0,0,1,4,7
2022-07-15 00:00:00+00:00,2022-07-15 02:00:00+02:00,44481.93,44.48193,16.7,56,0,0,2,4,7
2022-07-15 01:00:00+00:00,2022-07-15 03:00:00+02:00,44654.0025,44.654002500000004,15.3,62,0,0,3,4,7
2022-07-15 02:00:00+00:00,2022-07-15 04:00:00+02:00,45525.42,45.52542,14.7,64,0,0,4,4,7
2022-07-15 03:00:00+00:00,2022-07-15 05:00:00+02:00,47099.317500000005,47.099317500000005,14.0,68,0,0,5,4,7
2022-07-15 04:00:00+00:00,2022-07-15 06:00:00+02:00,52836.2425,52.8362425,14.2,67,0,0,6,4,7
2022-07-15 05:00:00+00:00,2022-07-15 07:00:00+02:00,57681.36,57.68136,15.7,64,0,0,7,4,7
2022-07-15 06:00:00+00:00,2022-07-15 08:00:00+02:00,61374.6075,61.374607499999996,17.1,60,0,1,8,4,7
2022-07-15 07:00:00+00:00,2022-07-15 09:00:00+02:00,62846.604999999996,62.846605,18.2,57,0,1,9,4,7
2022-07-15 08:00:00+00:00,2022-07-15 10:00:00+02:00,64406.305,64.406305,19.2,53,0,1,10,4,7
2022-07-15 09:00:00+00:00,2022-07-15 11:00:00+02:00,65319.925,65.319925,20.3,50,0,1,11,4,7
2022-07-15 10:00:00+00:00,2022-07-15 12:00:00+02:00,65175.2575,65.1752575,21.6,44,0,1,12,4,7
2022-07-15 11:00:00+00:00,2022-07-15 13:00:00+02:00,63717.3425,63.7173425,22.7,39,0,1,13,4,7
2022-07-15 12:00:00+00:00,2022-07-15 14:00:00+02:00,61932.3875,61.9323875,22.3,39,0,1,14,4,7
2022-07-15 13:00:00+00:00,2022-07-15 15:00:00+02:00,60270.575,60.270574999999994,23.2,36,0,1,15,4,7
2022-07-15 14:00:00+00:00,2022-07-15 16:00:00+02:00,59146.225,59.146225,24.1,32,0,1,16,4,7
2022-07-15 15:00:00+00:00,2022-07-15 17:00:00+02:00,58131.56,58.13156,24.0,31,0,1,17,4,7
2022-07-15 16:00:00+00:00,2022-07-15 18:00:00+02:00,57132.475,57.132475,23.6,29,0,1,18,4,7
2022-07-15 17:00:00+00:00,2022-07-15 19:00:00+02:00,55736.04,55.73604,23.1,29,0,1,19,4,7
2022-07-15 18:00:00+00:00,2022-07-15 20:00:00+02:00,53395.5,53.3955,22.4,30,0,1,20,4,7
2022-07-15 19:00:00+00:00,2022-07-15 21:00:00+02:00,51146.417499999996,51.1464175,20.8,34,0,0,21,4,7
2022-07-15 20:00:00+00:00,2022-07-15 22:00:00+02:00,49238.229999999996,49.238229999999994,19.1,41,0,0,22,4,7
2022-07-15 21:00:00+00:00,2022-07-15 23:00:00+02:00,45903.2525,45.9032525,17.8,46,0,0,23,4,7
2022-07-15 22:00:00+00:00,2022-07-16 00:00:00+02:00,43041.645,43.041644999999995,16.5,51,1,0,0,5,7
2022-07-15 23:00:00+00:00,2022-07-16 01:00:00+02:00,41854.4325,41.8544325,14.6,62,1,0,1,5,7
2022-07-16 00:00:00+00:00,2022-07-16 02:00:00+02:00,40614.475,40.614475,14.5,65,1,0,2,5,7
2022-07-16 01:00:00+00:00,2022-07-16 03:00:00+02:00,40254.77,40.25476999999999,14.2,65,1,0,3,5,7
2022-07-16 02:00:00+00:00,2022-07-16 04:00:00+02:00,40365.4075,40.3654075,12.4,75,1,0,4,5,7
2022-07-16 03:00:00+00:00,2022-07-16 05:00:00+02:00,41228.8725,41.228872499999994,11.9,77,1,0,5,5,7
2022-07-16 04:00:00+00:00,2022-07-16 06:00:00+02:00,42982.1975,42.982197500000005,11.8,76,1,0,6,5,7
2022-07-16 05:00:00+00:00,2022-07-16 07:00:00+02:00,46158.9525,46.1589525,14.1,67,1,0,7,5,7
2022-07-16 06:00:00+00:00,2022-07-16 08:00:00+02:00,50207.6375,50.2076375,17.4,56,1,1,8,5,7
2022-07-16 07:00:00+00:00,2022-07-16 09:00:00+02:00,52820.8975,52.8208975,19.9,51,1,1,9,5,7
2022-07-16 08:00:00+00:00,2022-07-16 10:00:00+02:00,54640.2375,54.640237500000005,21.5,45,1,1,10,5,7
2022-07-16 09:00:00+00:00,2022-07-16 11:00:00+02:00,55503.82,55.50382,22.8,40,1,1,11,5,7
2022-07-16 10:00:00+00:00,2022-07-16 12:00:00+02:00,54746.86,54.74686,24.0,36,1,1,12,5,7
2022-07-16 11:00:00+00:00,2022-07-16 13:00:00+02:00,52865.0175,52.8650175,23.9,36,1,1,13,5,7
2022-07-16 12:00:00+00:00,2022-07-16 14:00:00+02:00,51088.75,51.08875,24.3,35,1,1,14,5,7
2022-07-16 13:00:00+00:00,2022-07-16 15:00:00+02:00,50254.7325,50.254732499999996,24.5,35,1,1,15,5,7
2022-07-16 14:00:00+00:00,2022-07-16 16:00:00+02:00,50085.6075,50.085607499999995,24.6,34,1,1,16,5,7
2022-07-16 15:00:00+00:00,2022-07-16 17:00:00+02:00,50443.98,50.44398,24.7,34,1,1,17,5,7
2022-07-16 16:00:00+00:00,2022-07-16 18:00:00+02:00,50647.020000000004,50.647020000000005,24.3,34,1,1,18,5,7
2022-07-16 17:00:00+00:00,2022-07-16 19:00:00+02:00,49319.1075,49.3191075,24.2,32,1,1,19,5,7
2022-07-16 18:00:00+00:00,2022-07-16 20:00:00+02:00,47315.604999999996,47.315605,23.0,35,1,1,20,5,7
2022-07-16 19:00:00+00:00,2022-07-16 21:00:00+02:00,45361.057499999995,45.361057499999994,21.3,40,1,0,21,5,7
2022-07-16 20:00:00+00:00,2022-07-16 22:00:00+02:00,44968.619999999995,44.968619999999994,19.2,46,1,0,22,5,7
2022-07-16 21:00:00+00:00,2022-07-16 23:00:00+02:00,42475.1725,42.4751725,18.2,47,1,0,23,5,7
2022-07-16 22:00:00+00:00,2022-07-17 00:00:00+02:00,40003.67,40.00367,17.2,49,1,0,0,6,7
2022-07-16 23:00:00+00:00,2022-07-17 01:00:00+02:00,38196.665,38.196665,16.3,52,1,0,1,6,7
2022-07-17 00:00:00+00:00,2022-07-17 02:00:00+02:00,36834.3675,36.8343675,15.9,54,1,0,2,6,7
2022-07-17 01:00:00+00:00,2022-07-17 03:00:00+02:00,36051.11,36.05111,14.7,59,1,0,3,6,7
2022-07-17 02:00:00+00:00,2022-07-17 04:00:00+02:00,36073.18,36.07318,13.9,62,1,0,4,6,7
2022-07-17 03:00:00+00:00,2022-07-17 05:00:00+02:00,36280.2475,36.280247499999994,13.2,64,1,0,5,6,7
2022-07-17 04:00:00+00:00,2022-07-17 06:00:00+02:00,37149.61,37.14961,12.8,66,1,0,6,6,7
2022-07-17 05:00:00+00:00,2022-07-17 07:00:00+02:00,38608.6075,38.6086075,14.0,63,1,0,7,6,7
2022-07-17 06:00:00+00:00,2022-07-17 08:00:00+02:00,42165.915,42.165915,16.1,56,1,1,8,6,7
2022-07-17 07:00:00+00:00,2022-07-17 09:00:00+02:00,45034.2675,45.0342675,18.2,50,1,1,9,6,7
2022-07-17 08:00:00+00:00,2022-07-17 10:00:00+02:00,47136.39,47.13639,20.6,43,1,1,10,6,7
2022-07-17 09:00:00+00:00,2022-07-17 11:00:00+02:00,48866.5175,48.8665175,22.3,38,1,1,11,6,7
2022-07-17 10:00:00+00:00,2022-07-17 12:00:00+02:00,48860.755000000005,48.860755000000005,23.8,33,1,1,12,6,7
2022-07-17 11:00:00+00:00,2022-07-17 13:00:00+02:00,47539.45,47.539449999999995,25.1,29,1,1,13,6,7
2022-07-17 12:00:00+00:00,2022-07-17 14:00:00+02:00,46110.0625,46.1100625,26.4,21,1,1,14,6,7
2022-07-17 13:00:00+00:00,2022-07-17 15:00:00+02:00,45809.3425,45.8093425,27.2,19,1,1,15,6,7
2022-07-17 14:00:00+00:00,2022-07-17 16:00:00+02:00,45780.6475,45.7806475,27.7,19,1,1,16,6,7
2022-07-17 15:00:00+00:00,2022-07-17 17:00:00+02:00,46335.979999999996,46.33598,27.9,19,1,1,17,6,7
2022-07-17 16:00:00+00:00,2022-07-17 18:00:00+02:00,47268.0025,47.2680025,27.9,19,1,1,18,6,7
2022-07-17 17:00:00+00:00,2022-07-17 19:00:00+02:00,46634.58,46.63458,27.5,20,1,1,19,6,7
2022-07-17 18:00:00+00:00,2022-07-17 20:00:00+02:00,45495.3,45.4953,26.7,21,1,1,20,6,7
2022-07-17 19:00:00+00:00,2022-07-17 21:00:00+02:00,45007.095,45.007095,24.1,26,1,0,21,6,7
2022-07-17 20:00:00+00:00,2022-07-17 22:00:00+02:00,44922.2,44.9222,22.6,30,1,0,22,6,7
2022-07-17 21:00:00+00:00,2022-07-17 23:00:00+02:00,42149.4125,42.1494125,21.4,35,1,0,23,6,7
2022-07-17 22:00:00+00:00,2022-07-18 00:00:00+02:00,40208.9825,40.2089825,20.7,37,0,0,0,0,7
2022-07-17 23:00:00+00:00,2022-07-18 01:00:00+02:00,39320.1375,39.320137499999994,19.1,41,0,0,1,0,7
2022-07-18 00:00:00+00:00,2022-07-18 02:00:00+02:00,38441.935,38.441935,18.1,44,0,0,2,0,7
2022-07-18 01:00:00+00:00,2022-07-18 03:00:00+02:00,38618.8825,38.6188825,16.6,48,0,0,3,0,7
2022-07-18 02:00:00+00:00,2022-07-18 04:00:00+02:00,39783.625,39.783625,15.8,51,0,0,4,0,7
2022-07-18 03:00:00+00:00,2022-07-18 05:00:00+02:00,42623.43,42.62343,14.9,54,0,0,5,0,7
2022-07-18 04:00:00+00:00,2022-07-18 06:00:00+02:00,49416.495,49.416495000000005,14.2,59,0,0,6,0,7
2022-07-18 05:00:00+00:00,2022-07-18 07:00:00+02:00,54970.552500000005,54.970552500000004,15.4,57,0,0,7,0,7
2022-07-18 06:00:00+00:00,2022-07-18 08:00:00+02:00,58192.7575,58.1927575,18.1,50,0,1,8,0,7
2022-07-18 07:00:00+00:00,2022-07-18 09:00:00+02:00,60398.205,60.398205000000004,21.0,40,0,1,9,0,7
2022-07-18 08:00:00+00:00,2022-07-18 10:00:00+02:00,61746.770000000004,61.746770000000005,23.5,35,0,1,10,0,7
2022-07-18 09:00:00+00:00,2022-07-18 11:00:00+02:00,63314.9525,63.3149525,26.2,30,0,1,11,0,7
2022-07-18 10:00:00+00:00,2022-07-18 12:00:00+02:00,63542.0425,63.5420425,28.3,26,0,1,12,0,7
2022-07-18 11:00:00+00:00,2022-07-18 13:00:00+02:00,62980.33,62.98033,29.7,24,0,1,13,0,7
2022-07-18 12:00:00+00:00,2022-07-18 14:00:00+02:00,61975.354999999996,61.97535499999999,30.8,20,0,1,14,0,7
2022-07-18 13:00:00+00:00,2022-07-18 15:00:00+02:00,60379.875,60.379875,32.2,20,0,1,15,0,7
2022-07-18 14:00:00+00:00,2022-07-18 16:00:00+02:00,58922.895000000004,58.922895000000004,32.7,19,0,1,16,0,7
2022-07-18 15:00:00+00:00,2022-07-18 17:00:00+02:00,58835.59,58.835589999999996,32.9,19,0,1,17,0,7
2022-07-18 16:00:00+00:00,2022-07-18 18:00:00+02:00,58088.705,58.088705000000004,32.6,20,0,1,18,0,7
2022-07-18 17:00:00+00:00,2022-07-18 19:00:00+02:00,57268.305,57.268305,32.2,20,0,1,19,0,7
2022-07-18 18:00:00+00:00,2022-07-18 20:00:00+02:00,55295.2725,55.295272499999996,30.5,25,0,1,20,0,7
2022-07-18 19:00:00+00:00,2022-07-18 21:00:00+02:00,53039.38,53.039379999999994,26.3,39,0,0,21,0,7
2022-07-18 20:00:00+00:00,2022-07-18 22:00:00+02:00,50653.7825,50.6537825,24.5,37,0,0,22,0,7
2022-07-18 21:00:00+00:00,2022-07-18 23:00:00+02:00,47149.8325,47.149832499999995,22.5,43,0,0,23,0,7
2022-07-18 22:00:00+00:00,2022-07-19 00:00:00+02:00,44715.04,44.71504,21.5,43,0,0,0,1,7
2022-07-18 23:00:00+00:00,2022-07-19 01:00:00+02:00,42893.417499999996,42.8934175,20.9,46,0,0,1,1,7
2022-07-19 00:00:00+00:00,2022-07-19 02:00:00+02:00,42257.7875,42.2577875,19.2,53,0,0,2,1,7
2022-07-19 01:00:00+00:00,2022-07-19 03:00:00+02:00,41999.9875,41.9999875,17.6,56,0,0,3,1,7
2022-07-19 02:00:00+00:00,2022-07-19 04:00:00+02:00,42870.167499999996,42.870167499999994,17.2,57,0,0,4,1,7
2022-07-19 03:00:00+00:00,2022-07-19 05:00:00+02:00,45190.5425,45.19054250000001,16.4,60,0,0,5,1,7
2022-07-19 04:00:00+00:00,2022-07-19 06:00:00+02:00,51485.755,51.485755,16.8,58,0,0,6,1,7
2022-07-19 05:00:00+00:00,2022-07-19 07:00:00+02:00,56789.5675,56.7895675,18.4,54,0,0,7,1,7
2022-07-19 06:00:00+00:00,2022-07-19 08:00:00+02:00,60565.425,60.565425000000005,21.4,48,0,1,8,1,7
2022-07-19 07:00:00+00:00,2022-07-19 09:00:00+02:00,62005.38,62.005379999999995,24.7,39,0,1,9,1,7
2022-07-19 08:00:00+00:00,2022-07-19 10:00:00+02:00,63496.2025,63.4962025,27.8,34,0,1,10,1,7
2022-07-19 09:00:00+00:00,2022-07-19 11:00:00+02:00,65542.58499999999,65.54258499999999,30.6,30,0,1,11,1,7
2022-07-19 10:00:00+00:00,2022-07-19 12:00:00+02:00,65512.615,65.512615,32.7,25,0,1,12,1,7
2022-07-19 11:00:00+00:00,2022-07-19 13:00:00+02:00,64822.0775,64.8220775,34.3,21,0,1,13,1,7
2022-07-19 12:00:00+00:00,2022-07-19 14:00:00+02:00,63498.332500000004,63.498332500000004,35.8,17,0,1,14,1,7
2022-07-19 13:00:00+00:00,2022-07-19 15:00:00+02:00,62130.380000000005,62.13038,36.3,16,0,1,15,1,7
2022-07-19 14:00:00+00:00,2022-07-19 16:00:00+02:00,60325.085,60.325085,36.5,16,0,1,16,1,7
2022-07-19 15:00:00+00:00,2022-07-19 17:00:00+02:00,59734.6025,59.7346025,36.6,16,0,1,17,1,7
2022-07-19 16:00:00+00:00,2022-07-19 18:00:00+02:00,58999.71,58.99971,36.4,17,0,1,18,1,7
2022-07-19 17:00:00+00:00,2022-07-19 19:00:00+02:00,58279.0075,58.2790075,35.8,17,0,1,19,1,7
2022-07-19 18:00:00+00:00,2022-07-19 20:00:00+02:00,56857.4475,56.8574475,34.3,20,0,1,20,1,7
2022-07-19 19:00:00+00:00,2022-07-19 21:00:00+02:00,55232.7125,55.2327125,31.9,22,0,0,21,1,7
2022-07-19 20:00:00+00:00,2022-07-19 22:00:00+02:00,53776.6425,53.7766425,30.1,24,0,0,22,1,7
2022-07-19 21:00:00+00:00,2022-07-19 23:00:00+02:00,50844.8525,50.8448525,28.3,27,0,0,23,1,7
2022-07-19 22:00:00+00:00,2022-07-20 00:00:00+02:00,48988.5725,48.988572500000004,27.2,29,0,0,0,2,7
2022-07-19 23:00:00+00:00,2022-07-20 01:00:00+02:00,46803.59,46.80359,26.8,30,0,0,1,2,7
2022-07-20 00:00:00+00:00,2022-07-20 02:00:00+02:00,45905.427500000005,45.9054275,24.7,39,0,0,2,2,7
2022-07-20 01:00:00+00:00,2022-07-20 03:00:00+02:00,45561.865000000005,45.561865000000004,23.6,41,0,0,3,2,7
2022-07-20 02:00:00+00:00,2022-07-20 04:00:00+02:00,46335.01,46.335010000000004,21.4,46,0,0,4,2,7
2022-07-20 03:00:00+00:00,2022-07-20 05:00:00+02:00,48224.1825,48.224182500000005,21.3,48,0,0,5,2,7
2022-07-20 04:00:00+00:00,2022-07-20 06:00:00+02:00,54271.74,54.27174,19.7,55,0,0,6,2,7
2022-07-20 05:00:00+00:00,2022-07-20 07:00:00+02:00,59426.655,59.426655,22.4,48,0,0,7,2,7
2022-07-20 06:00:00+00:00,2022-07-20 08:00:00+02:00,62824.405,62.824405,24.7,43,0,1,8,2,7
2022-07-20 07:00:00+00:00,2022-07-20 09:00:00+02:00,64534.3275,64.5343275,27.1,39,0,1,9,2,7
2022-07-20 08:00:00+00:00,2022-07-20 10:00:00+02:00,65571.925,65.57192500000001,29.4,36,0,1,10,2,7
2022-07-20 09:00:00+00:00,2022-07-20 11:00:00+02:00,67149.46,67.14946,31.3,34,0,1,11,2,7
2022-07-20 10:00:00+00:00,2022-07-20 12:00:00+02:00,67516.1975,67.51619749999999,33.0,31,0,1,12,2,7
2022-07-20 11:00:00+00:00,2022-07-20 13:00:00+02:00,67148.5925,67.14859249999999,34.5,28,0,1,13,2,7
2022-07-20 12:00:00+00:00,2022-07-20 14:00:00+02:00,65688.995,65.68899499999999,35.6,22,0,1,14,2,7
2022-07-20 13:00:00+00:00,2022-07-20 15:00:00+02:00,64864.8425,64.8648425,35.2,23,0,1,15,2,7
2022-07-20 14:00:00+00:00,2022-07-20 16:00:00+02:00,62433.307499999995,62.4333075,36.2,22,0,1,16,2,7
2022-07-20 15:00:00+00:00,2022-07-20 17:00:00+02:00,62044.215,62.044214999999994,35.8,23,0,1,17,2,7
2022-07-20 16:00:00+00:00,2022-07-20 18:00:00+02:00,61640.81,61.640809999999995,33.4,33,0,1,18,2,7
2022-07-20 17:00:00+00:00,2022-07-20 19:00:00+02:00,60640.59,60.640589999999996,32.6,34,0,1,19,2,7
2022-07-20 18:00:00+00:00,2022-07-20 20:00:00+02:00,57767.0975,57.767097500000006,31.8,37,0,1,20,2,7
2022-07-20 19:00:00+00:00,2022-07-20 21:00:00+02:00,56109.4075,56.1094075,29.4,43,0,0,21,2,7
2022-07-20 20:00:00+00:00,2022-07-20 22:00:00+02:00,55119.0675,55.1190675,26.6,53,0,0,22,2,7
2022-07-20 21:00:00+00:00,2022-07-20 23:00:00+02:00,51337.770000000004,51.337770000000006,24.3,66,0,0,23,2,7
2022-07-20 22:00:00+00:00,2022-07-21 00:00:00+02:00,48881.4825,48.8814825,23.9,68,0,0,0,3,7
2022-07-20 23:00:00+00:00,2022-07-21 01:00:00+02:00,46401.0875,46.4010875,23.2,71,0,0,1,3,7
2022-07-21 00:00:00+00:00,2022-07-21 02:00:00+02:00,45904.34,45.90434,20.6,93,0,0,2,3,7
2022-07-21 01:00:00+00:00,2022-07-21 03:00:00+02:00,45513.96,45.51396,21.1,90,0,0,3,3,7
2022-07-21 02:00:00+00:00,2022-07-21 04:00:00+02:00,46160.99,46.16099,20.4,90,0,0,4,3,7
2022-07-21 03:00:00+00:00,2022-07-21 05:00:00+02:00,48475.39,48.47539,19.7,91,0,0,5,3,7
2022-07-21 04:00:00+00:00,2022-07-21 06:00:00+02:00,53543.86,53.54386,18.7,87,0,0,6,3,7
2022-07-21 05:00:00+00:00,2022-07-21 07:00:00+02:00,58376.7025,58.3767025,18.7,88,0,0,7,3,7
2022-07-21 06:00:00+00:00,2022-07-21 08:00:00+02:00,62014.3675,62.0143675,19.6,81,0,1,8,3,7
2022-07-21 07:00:00+00:00,2022-07-21 09:00:00+02:00,63349.545,63.349545,21.0,72,0,1,9,3,7
2022-07-21 08:00:00+00:00,2022-07-21 10:00:00+02:00,64749.1375,64.7491375,22.0,69,0,1,10,3,7
2022-07-21 09:00:00+00:00,2022-07-21 11:00:00+02:00,65466.445,65.466445,22.7,64,0,1,11,3,7
2022-07-21 10:00:00+00:00,2022-07-21 12:00:00+02:00,66254.8325,66.2548325,24.3,51,0,1,12,3,7
2022-07-21 11:00:00+00:00,2022-07-21 13:00:00+02:00,64809.7,64.80969999999999,25.5,44,0,1,13,3,7
2022-07-21 12:00:00+00:00,2022-07-21 14:00:00+02:00,63250.332500000004,63.250332500000006,26.1,46,0,1,14,3,7
2022-07-21 13:00:00+00:00,2022-07-21 15:00:00+02:00,62278.182499999995,62.27818249999999,26.3,42,0,1,15,3,7
2022-07-21 14:00:00+00:00,2022-07-21 16:00:00+02:00,61029.3275,61.0293275,26.0,46,0,1,16,3,7
2022-07-21 15:00:00+00:00,2022-07-21 17:00:00+02:00,59915.7975,59.915797500000004,26.2,49,0,1,17,3,7
2022-07-21 16:00:00+00:00,2022-07-21 18:00:00+02:00,59317.21,59.317209999999996,26.3,48,0,1,18,3,7
2022-07-21 17:00:00+00:00,2022-07-21 19:00:00+02:00,58095.09,58.09509,25.9,46,0,1,19,3,7
2022-07-21 18:00:00+00:00,2022-07-21 20:00:00+02:00,55891.3825,55.8913825,25.1,52,0,1,20,3,7
2022-07-21 19:00:00+00:00,2022-07-21 21:00:00+02:00,53839.4375,53.8394375,23.0,65,0,0,21,3,7
2022-07-21 20:00:00+00:00,2022-07-21 22:00:00+02:00,51703.6075,51.7036075,22.3,63,0,0,22,3,7
2022-07-21 21:00:00+00:00,2022-07-21 23:00:00+02:00,48137.735,48.137735,20.9,69,0,0,23,3,7
2022-07-21 22:00:00+00:00,2022-07-22 00:00:00+02:00,45425.5475,45.4255475,19.3,74,0,0,0,4,7
2022-07-21 23:00:00+00:00,2022-07-22 01:00:00+02:00,43918.11,43.91811,17.7,83,0,0,1,4,7
2022-07-22 00:00:00+00:00,2022-07-22 02:00:00+02:00,43388.5675,43.3885675,18.5,80,0,0,2,4,7
2022-07-22 01:00:00+00:00,2022-07-22 03:00:00+02:00,43384.8475,43.38484750000001,18.1,82,0,0,3,4,7
2022-07-22 02:00:00+00:00,2022-07-22 04:00:00+02:00,43948.1725,43.9481725,16.5,91,0,0,4,4,7
2022-07-22 03:00:00+00:00,2022-07-22 05:00:00+02:00,46317.865,46.317865,15.9,93,0,0,5,4,7
2022-07-22 04:00:00+00:00,2022-07-22 06:00:00+02:00,51784.0775,51.7840775,15.6,95,0,0,6,4,7
2022-07-22 05:00:00+00:00,2022-07-22 07:00:00+02:00,56505.005,56.505005,16.9,88,0,0,7,4,7
2022-07-22 06:00:00+00:00,2022-07-22 08:00:00+02:00,60056.7425,60.0567425,18.4,79,0,1,8,4,7
2022-07-22 07:00:00+00:00,2022-07-22 09:00:00+02:00,61484.6725,61.4846725,19.9,71,0,1,9,4,7
2022-07-22 08:00:00+00:00,2022-07-22 10:00:00+02:00,62651.1275,62.6511275,21.6,63,0,1,10,4,7
2022-07-22 09:00:00+00:00,2022-07-22 11:00:00+02:00,63244.590000000004,63.24459,22.9,58,0,1,11,4,7
2022-07-22 10:00:00+00:00,2022-07-22 12:00:00+02:00,62921.6775,62.9216775,23.7,57,0,1,12,4,7
2022-07-22 11:00:00+00:00,2022-07-22 13:00:00+02:00,61395.94,61.39594,24.8,54,0,1,13,4,7
2022-07-22 12:00:00+00:00,2022-07-22 14:00:00+02:00,60231.86,60.23186,26.3,45,0,1,14,4,7
2022-07-22 13:00:00+00:00,2022-07-22 15:00:00+02:00,59001.4475,59.001447500000005,27.3,43,0,1,15,4,7
2022-07-22 14:00:00+00:00,2022-07-22 16:00:00+02:00,58346.5925,58.3465925,27.7,42,0,1,16,4,7
2022-07-22 15:00:00+00:00,2022-07-22 17:00:00+02:00,57558.1275,57.558127500000005,27.6,42,0,1,17,4,7
2022-07-22 16:00:00+00:00,2022-07-22 18:00:00+02:00,56847.7125,56.8477125,27.3,42,0,1,18,4,7
2022-07-22 17:00:00+00:00,2022-07-22 19:00:00+02:00,55584.1,55.5841,27.3,43,0,1,19,4,7
2022-07-22 18:00:00+00:00,2022-07-22 20:00:00+02:00,53078.2225,53.0782225,26.4,48,0,1,20,4,7
2022-07-22 19:00:00+00:00,2022-07-22 21:00:00+02:00,51135.51,51.135510000000004,25.0,49,0,0,21,4,7
2022-07-22 20:00:00+00:00,2022-07-22 22:00:00+02:00,48999.9725,48.999972500000005,23.7,52,0,0,22,4,7
2022-07-22 21:00:00+00:00,2022-07-22 23:00:00+02:00,45696.832500000004,45.696832500000006,22.9,61,0,0,23,4,7
2022-07-22 22:00:00+00:00,2022-07-23 00:00:00+02:00,42851.675,42.851675,22.0,68,1,0,0,5,7
2022-07-22 23:00:00+00:00,2022-07-23 01:00:00+02:00,41507.055,41.507055,20.0,76,1,0,1,5,7
2022-07-23 00:00:00+00:00,2022-07-23 02:00:00+02:00,39978.825,39.978825,20.9,74,1,0,2,5,7
2022-07-23 01:00:00+00:00,2022-07-23 03:00:00+02:00,39319.225,39.319224999999996,20.7,77,1,0,3,5,7
2022-07-23 02:00:00+00:00,2022-07-23 04:00:00+02:00,39109.274999999994,39.109275,19.2,85,1,0,4,5,7
2022-07-23 03:00:00+00:00,2022-07-23 05:00:00+02:00,39270.6375,39.2706375,19.0,87,1,0,5,5,7
2022-07-23 04:00:00+00:00,2022-07-23 06:00:00+02:00,40791.475,40.791475,18.9,88,1,0,6,5,7
2022-07-23 05:00:00+00:00,2022-07-23 07:00:00+02:00,43510.1475,43.5101475,18.8,87,1,0,7,5,7
2022-07-23 06:00:00+00:00,2022-07-23 08:00:00+02:00,46432.552500000005,46.43255250000001,19.4,80,1,1,8,5,7
2022-07-23 07:00:00+00:00,2022-07-23 09:00:00+02:00,49253.9725,49.2539725,20.8,74,1,1,9,5,7
2022-07-23 08:00:00+00:00,2022-07-23 10:00:00+02:00,51581.7525,51.5817525,22.3,68,1,1,10,5,7
2022-07-23 09:00:00+00:00,2022-07-23 11:00:00+02:00,52804.845,52.804845,24.0,60,1,1,11,5,7
2022-07-23 10:00:00+00:00,2022-07-23 12:00:00+02:00,53270.14,53.27014,25.1,57,1,1,12,5,7
2022-07-23 11:00:00+00:00,2022-07-23 13:00:00+02:00,52239.68,52.23968,26.1,53,1,1,13,5,7
2022-07-23 12:00:00+00:00,2022-07-23 14:00:00+02:00,51074.075,51.074075,26.0,48,1,1,14,5,7
2022-07-23 13:00:00+00:00,2022-07-23 15:00:00+02:00,50031.58,50.031580000000005,26.9,44,1,1,15,5,7
2022-07-23 14:00:00+00:00,2022-07-23 16:00:00+02:00,49360.0875,49.3600875,27.4,40,1,1,16,5,7
2022-07-23 15:00:00+00:00,2022-07-23 17:00:00+02:00,49679.205,49.679205,27.7,37,1,1,17,5,7
2022-07-23 16:00:00+00:00,2022-07-23 18:00:00+02:00,49661.6175,49.6616175,27.3,36,1,1,18,5,7
2022-07-23 17:00:00+00:00,2022-07-23 19:00:00+02:00,48726.8075,48.7268075,26.5,39,1,1,19,5,7
2022-07-23 18:00:00+00:00,2022-07-23 20:00:00+02:00,46759.76,46.75976,25.7,43,1,1,20,5,7
2022-07-23 19:00:00+00:00,2022-07-23 21:00:00+02:00,45541.6425,45.5416425,23.9,49,1,0,21,5,7
2022-07-23 20:00:00+00:00,2022-07-23 22:00:00+02:00,44583.54,44.58354,22.7,52,1,0,22,5,7
2022-07-23 21:00:00+00:00,2022-07-23 23:00:00+02:00,42107.34,42.10733999999999,21.7,55,1,0,23,5,7
2022-07-23 22:00:00+00:00,2022-07-24 00:00:00+02:00,39475.1975,39.4751975,20.7,59,1,0,0,6,7
2022-07-23 23:00:00+00:00,2022-07-24 01:00:00+02:00,37399.615,37.399615,19.8,63,1,0,1,6,7
2022-07-24 00:00:00+00:00,2022-07-24 02:00:00+02:00,36301.04,36.30104,20.1,61,1,0,2,6,7
2022-07-24 01:00:00+00:00,2022-07-24 03:00:00+02:00,36057.33,36.05733,19.1,65,1,0,3,6,7
2022-07-24 02:00:00+00:00,2022-07-24 04:00:00+02:00,35907.8475,35.9078475,19.0,65,1,0,4,6,7
2022-07-24 03:00:00+00:00,2022-07-24 05:00:00+02:00,36065.93,36.06593,19.4,64,1,0,5,6,7
2022-07-24 04:00:00+00:00,2022-07-24 06:00:00+02:00,37140.93,37.14093,19.0,65,1,0,6,6,7
2022-07-24 05:00:00+00:00,2022-07-24 07:00:00+02:00,39464.37,39.46437,19.3,66,1,0,7,6,7
2022-07-24 06:00:00+00:00,2022-07-24 08:00:00+02:00,42842.885,42.842885,20.3,64,1,1,8,6,7
2022-07-24 07:00:00+00:00,2022-07-24 09:00:00+02:00,45547.692500000005,45.547692500000004,22.1,57,1,1,9,6,7
2022-07-24 08:00:00+00:00,2022-07-24 10:00:00+02:00,47851.93,47.85193,24.2,52,1,1,10,6,7
2022-07-24 09:00:00+00:00,2022-07-24 11:00:00+02:00,49443.7475,49.4437475,26.2,47,1,1,11,6,7
2022-07-24 10:00:00+00:00,2022-07-24 12:00:00+02:00,48984.42,48.98442,27.7,43,1,1,12,6,7
2022-07-24 11:00:00+00:00,2022-07-24 13:00:00+02:00,47902.535,47.902535,28.7,39,1,1,13,6,7
2022-07-24 12:00:00+00:00,2022-07-24 14:00:00+02:00,46908.685,46.908685,30.1,35,1,1,14,6,7
2022-07-24 13:00:00+00:00,2022-07-24 15:00:00+02:00,46162.942500000005,46.16294250000001,30.6,33,1,1,15,6,7
2022-07-24 14:00:00+00:00,2022-07-24 16:00:00+02:00,46237.225,46.237224999999995,31.0,31,1,1,16,6,7
2022-07-24 15:00:00+00:00,2022-07-24 17:00:00+02:00,46401.09,46.401089999999996,31.1,30,1,1,17,6,7
2022-07-24 16:00:00+00:00,2022-07-24 18:00:00+02:00,46712.18,46.712180000000004,31.0,30,1,1,18,6,7
2022-07-24 17:00:00+00:00,2022-07-24 19:00:00+02:00,46725.572499999995,46.72557249999999,30.5,31,1,1,19,6,7
2022-07-24 18:00:00+00:00,2022-07-24 20:00:00+02:00,46141.5725,46.1415725,29.1,49,1,1,20,6,7
2022-07-24 19:00:00+00:00,2022-07-24 21:00:00+02:00,45742.0775,45.7420775,26.2,49,1,0,21,6,7
2022-07-24 20:00:00+00:00,2022-07-24 22:00:00+02:00,45850.36,45.85036,24.0,52,1,0,22,6,7
2022-07-24 21:00:00+00:00,2022-07-24 23:00:00+02:00,43609.2675,43.6092675,23.0,53,1,0,23,6,7
2022-07-24 22:00:00+00:00,2022-07-25 00:00:00+02:00,41463.207500000004,41.4632075,22.3,55,0,0,0,0,7
2022-07-24 23:00:00+00:00,2022-07-25 01:00:00+02:00,40910.6725,40.910672500000004,21.2,62,0,0,1,0,7
2022-07-25 00:00:00+00:00,2022-07-25 02:00:00+02:00,40551.76,40.55176,19.9,70,0,0,2,0,7
2022-07-25 01:00:00+00:00,2022-07-25 03:00:00+02:00,40308.7475,40.308747499999996,19.8,69,0,0,3,0,7
2022-07-25 02:00:00+00:00,2022-07-25 04:00:00+02:00,41965.2825,41.9652825,18.6,75,0,0,4,0,7
2022-07-25 03:00:00+00:00,2022-07-25 05:00:00+02:00,44494.7125,44.4947125,19.8,69,0,0,5,0,7
2022-07-25 04:00:00+00:00,2022-07-25 06:00:00+02:00,51148.82,51.14882,18.0,79,0,0,6,0,7
2022-07-25 05:00:00+00:00,2022-07-25 07:00:00+02:00,56676.935,56.676935,20.2,70,0,0,7,0,7
2022-07-25 06:00:00+00:00,2022-07-25 08:00:00+02:00,60463.9125,60.4639125,22.4,65,0,1,8,0,7
2022-07-25 07:00:00+00:00,2022-07-25 09:00:00+02:00,62978.207500000004,62.9782075,24.8,56,0,1,9,0,7
2022-07-25 08:00:00+00:00,2022-07-25 10:00:00+02:00,64793.307499999995,64.7933075,26.9,51,0,1,10,0,7
2022-07-25 09:00:00+00:00,2022-07-25 11:00:00+02:00,66791.545,66.791545,29.5,44,0,1,11,0,7
2022-07-25 10:00:00+00:00,2022-07-25 12:00:00+02:00,67412.0275,67.4120275,31.7,38,0,1,12,0,7
2022-07-25 11:00:00+00:00,2022-07-25 13:00:00+02:00,66626.3725,66.6263725,32.6,35,0,1,13,0,7
2022-07-25 12:00:00+00:00,2022-07-25 14:00:00+02:00,65727.1875,65.7271875,31.3,38,0,1,14,0,7
2022-07-25 13:00:00+00:00,2022-07-25 15:00:00+02:00,64996.0075,64.9960075,31.5,36,0,1,15,0,7
2022-07-25 14:00:00+00:00,2022-07-25 16:00:00+02:00,63748.5775,63.748577499999996,33.6,26,0,1,16,0,7
2022-07-25 15:00:00+00:00,2022-07-25 17:00:00+02:00,63237.075,63.237075,33.4,23,0,1,17,0,7
2022-07-25 16:00:00+00:00,2022-07-25 18:00:00+02:00,62424.1125,62.4241125,30.0,36,0,1,18,0,7
2022-07-25 17:00:00+00:00,2022-07-25 19:00:00+02:00,61763.38,61.76338,28.3,45,0,1,19,0,7
2022-07-25 18:00:00+00:00,2022-07-25 20:00:00+02:00,57854.7075,57.854707499999996,27.7,46,0,1,20,0,7
2022-07-25 19:00:00+00:00,2022-07-25 21:00:00+02:00,55460.3025,55.4603025,25.7,55,0,0,21,0,7
2022-07-25 20:00:00+00:00,2022-07-25 22:00:00+02:00,52760.2225,52.760222500000005,24.9,51,0,0,22,0,7
2022-07-25 21:00:00+00:00,2022-07-25 23:00:00+02:00,48782.0,48.782,23.8,51,0,0,23,0,7
2022-07-25 22:00:00+00:00,2022-07-26 00:00:00+02:00,46062.5075,46.0625075,22.9,53,0,0,0,1,7
2022-07-25 23:00:00+00:00,2022-07-26 01:00:00+02:00,44658.0175,44.6580175,22.1,56,0,0,1,1,7
2022-07-26 00:00:00+00:00,2022-07-26 02:00:00+02:00,43159.284999999996,43.159285,20.9,61,0,0,2,1,7
2022-07-26 01:00:00+00:00,2022-07-26 03:00:00+02:00,43633.4875,43.6334875,19.3,65,0,0,3,1,7
2022-07-26 02:00:00+00:00,2022-07-26 04:00:00+02:00,44828.77,44.82877,18.0,72,0,0,4,1,7
2022-07-26 03:00:00+00:00,2022-07-26 05:00:00+02:00,47294.3625,47.294362500000005,18.6,73,0,0,5,1,7
2022-07-26 04:00:00+00:00,2022-07-26 06:00:00+02:00,52661.737499999996,52.661737499999994,17.8,76,0,0,6,1,7
2022-07-26 05:00:00+00:00,2022-07-26 07:00:00+02:00,57047.97,57.04797,18.1,74,0,0,7,1,7
2022-07-26 06:00:00+00:00,2022-07-26 08:00:00+02:00,60517.1475,60.5171475,19.6,64,0,1,8,1,7
2022-07-26 07:00:00+00:00,2022-07-26 09:00:00+02:00,62260.6225,62.2606225,20.7,59,0,1,9,1,7
2022-07-26 08:00:00+00:00,2022-07-26 10:00:00+02:00,63565.380000000005,63.565380000000005,22.0,54,0,1,10,1,7
2022-07-26 09:00:00+00:00,2022-07-26 11:00:00+02:00,65484.75749999999,65.48475749999999,23.2,49,0,1,11,1,7
2022-07-26 10:00:00+00:00,2022-07-26 12:00:00+02:00,65322.892499999994,65.3228925,24.4,43,0,1,12,1,7
2022-07-26 11:00:00+00:00,2022-07-26 13:00:00+02:00,63941.8475,63.9418475,25.1,39,0,1,13,1,7
2022-07-26 12:00:00+00:00,2022-07-26 14:00:00+02:00,62952.845,62.952845,24.9,42,0,1,14,1,7
2022-07-26 13:00:00+00:00,2022-07-26 15:00:00+02:00,61211.185,61.211185,24.8,41,0,1,15,1,7
2022-07-26 14:00:00+00:00,2022-07-26 16:00:00+02:00,59898.7225,59.898722500000005,25.3,40,0,1,16,1,7
2022-07-26 15:00:00+00:00,2022-07-26 17:00:00+02:00,58821.2325,58.8212325,25.7,38,0,1,17,1,7
2022-07-26 16:00:00+00:00,2022-07-26 18:00:00+02:00,57763.83,57.76383,25.0,40,0,1,18,1,7
2022-07-26 17:00:00+00:00,2022-07-26 19:00:00+02:00,56385.545,56.385545,24.1,42,0,1,19,1,7
2022-07-26 18:00:00+00:00,2022-07-26 20:00:00+02:00,53975.93,53.97593,23.8,42,0,1,20,1,7
2022-07-26 19:00:00+00:00,2022-07-26 21:00:00+02:00,52418.8025,52.4188025,22.6,45,0,0,21,1,7
2022-07-26 20:00:00+00:00,2022-07-26 22:00:00+02:00,49992.7975,49.9927975,21.2,52,0,0,22,1,7
2022-07-26 21:00:00+00:00,2022-07-26 23:00:00+02:00,46886.792499999996,46.8867925,19.9,58,0,0,23,1,7
2022-07-26 22:00:00+00:00,2022-07-27 00:00:00+02:00,44690.5975,44.6905975,19.2,62,0,0,0,2,7
2022-07-26 23:00:00+00:00,2022-07-27 01:00:00+02:00,42764.5725,42.7645725,18.7,64,0,0,1,2,7
2022-07-27 00:00:00+00:00,2022-07-27 02:00:00+02:00,41789.6975,41.7896975,18.0,69,0,0,2,2,7
2022-07-27 01:00:00+00:00,2022-07-27 03:00:00+02:00,41965.525,41.965525,17.3,72,0,0,3,2,7
2022-07-27 02:00:00+00:00,2022-07-27 04:00:00+02:00,42757.675,42.757675000000006,17.1,70,0,0,4,2,7
2022-07-27 03:00:00+00:00,2022-07-27 05:00:00+02:00,45698.525,45.698525000000004,16.4,73,0,0,5,2,7
2022-07-27 04:00:00+00:00,2022-07-27 06:00:00+02:00,51245.94,51.245940000000004,16.1,73,0,0,6,2,7
2022-07-27 05:00:00+00:00,2022-07-27 07:00:00+02:00,55678.0975,55.67809750000001,16.4,70,0,0,7,2,7
2022-07-27 06:00:00+00:00,2022-07-27 08:00:00+02:00,58659.725,58.659725,17.2,65,0,1,8,2,7
2022-07-27 07:00:00+00:00,2022-07-27 09:00:00+02:00,60488.2125,60.4882125,17.7,62,0,1,9,2,7
2022-07-27 08:00:00+00:00,2022-07-27 10:00:00+02:00,63054.8825,63.0548825,18.8,57,0,1,10,2,7
2022-07-27 09:00:00+00:00,2022-07-27 11:00:00+02:00,63961.8125,63.9618125,20.4,50,0,1,11,2,7
2022-07-27 10:00:00+00:00,2022-07-27 12:00:00+02:00,63487.332500000004,63.4873325,21.3,44,0,1,12,2,7
2022-07-27 11:00:00+00:00,2022-07-27 13:00:00+02:00,62406.035,62.406035,22.6,40,0,1,13,2,7
2022-07-27 12:00:00+00:00,2022-07-27 14:00:00+02:00,60842.08,60.84208,21.8,46,0,1,14,2,7
2022-07-27 13:00:00+00:00,2022-07-27 15:00:00+02:00,60016.45,60.01645,23.1,41,0,1,15,2,7
2022-07-27 14:00:00+00:00,2022-07-27 16:00:00+02:00,59189.26,59.189260000000004,23.7,38,0,1,16,2,7
2022-07-27 15:00:00+00:00,2022-07-27 17:00:00+02:00,58273.4925,58.2734925,24.0,36,0,1,17,2,7
2022-07-27 16:00:00+00:00,2022-07-27 18:00:00+02:00,57253.0,57.253,23.5,36,0,1,18,2,7
2022-07-27 17:00:00+00:00,2022-07-27 19:00:00+02:00,56237.2,56.237199999999994,23.2,35,0,1,19,2,7
2022-07-27 18:00:00+00:00,2022-07-27 20:00:00+02:00,54154.705,54.154705,22.4,35,0,1,20,2,7
2022-07-27 19:00:00+00:00,2022-07-27 21:00:00+02:00,52439.95,52.439949999999996,20.8,38,0,0,21,2,7
2022-07-27 20:00:00+00:00,2022-07-27 22:00:00+02:00,50231.2025,50.2312025,19.5,41,0,0,22,2,7
2022-07-27 21:00:00+00:00,2022-07-27 23:00:00+02:00,46843.8325,46.8438325,18.6,43,0,0,23,2,7
2022-07-27 22:00:00+00:00,2022-07-28 00:00:00+02:00,44528.035,44.528035,17.4,46,0,0,0,3,7
2022-07-27 23:00:00+00:00,2022-07-28 01:00:00+02:00,42722.7425,42.7227425,16.5,49,0,0,1,3,7
2022-07-28 00:00:00+00:00,2022-07-28 02:00:00+02:00,42143.47,42.14347,16.2,51,0,0,2,3,7
2022-07-28 01:00:00+00:00,2022-07-28 03:00:00+02:00,42335.905,42.335905,15.6,54,0,0,3,3,7
2022-07-28 02:00:00+00:00,2022-07-28 04:00:00+02:00,42827.0375,42.827037499999996,15.1,56,0,0,4,3,7
2022-07-28 03:00:00+00:00,2022-07-28 05:00:00+02:00,45195.295,45.195295,14.7,57,0,0,5,3,7
2022-07-28 04:00:00+00:00,2022-07-28 06:00:00+02:00,50959.6275,50.9596275,14.4,58,0,0,6,3,7
2022-07-28 05:00:00+00:00,2022-07-28 07:00:00+02:00,55306.4775,55.3064775,15.0,58,0,0,7,3,7
2022-07-28 06:00:00+00:00,2022-07-28 08:00:00+02:00,58935.2875,58.9352875,16.6,53,0,1,8,3,7
2022-07-28 07:00:00+00:00,2022-07-28 09:00:00+02:00,60415.0225,60.4150225,18.6,48,0,1,9,3,7
2022-07-28 08:00:00+00:00,2022-07-28 10:00:00+02:00,62144.16,62.14416000000001,21.0,43,0,1,10,3,7
2022-07-28 09:00:00+00:00,2022-07-28 11:00:00+02:00,63070.3925,63.070392500000004,23.3,39,0,1,11,3,7
2022-07-28 10:00:00+00:00,2022-07-28 12:00:00+02:00,63494.0925,63.4940925,24.9,36,0,1,12,3,7
2022-07-28 11:00:00+00:00,2022-07-28 13:00:00+02:00,62824.2575,62.8242575,25.9,34,0,1,13,3,7
2022-07-28 12:00:00+00:00,2022-07-28 14:00:00+02:00,61741.604999999996,61.74160499999999,26.7,34,0,1,14,3,7
2022-07-28 13:00:00+00:00,2022-07-28 15:00:00+02:00,60614.96,60.614959999999996,26.7,33,0,1,15,3,7
2022-07-28 14:00:00+00:00,2022-07-28 16:00:00+02:00,58845.23,58.84523,27.7,29,0,1,16,3,7
2022-07-28 15:00:00+00:00,2022-07-28 17:00:00+02:00,58237.97,58.237970000000004,27.7,28,0,1,17,3,7
2022-07-28 16:00:00+00:00,2022-07-28 18:00:00+02:00,57545.9925,57.5459925,27.3,28,0,1,18,3,7
2022-07-28 17:00:00+00:00,2022-07-28 19:00:00+02:00,57083.2675,57.083267500000005,26.3,29,0,1,19,3,7
2022-07-28 18:00:00+00:00,2022-07-28 20:00:00+02:00,55218.8775,55.218877500000005,25.6,30,0,1,20,3,7
2022-07-28 19:00:00+00:00,2022-07-28 21:00:00+02:00,53906.682499999995,53.906682499999995,23.8,37,0,0,21,3,7
2022-07-28 20:00:00+00:00,2022-07-28 22:00:00+02:00,51975.11,51.97511,23.4,35,0,0,22,3,7
2022-07-28 21:00:00+00:00,2022-07-28 23:00:00+02:00,48465.405,48.465405,22.3,36,0,0,23,3,7
2022-07-28 22:00:00+00:00,2022-07-29 00:00:00+02:00,45950.49,45.950489999999995,21.9,38,0,0,0,4,7
2022-07-28 23:00:00+00:00,2022-07-29 01:00:00+02:00,44367.165,44.367165,20.9,41,0,0,1,4,7
2022-07-29 00:00:00+00:00,2022-07-29 02:00:00+02:00,43291.2975,43.2912975,21.3,41,0,0,2,4,7
2022-07-29 01:00:00+00:00,2022-07-29 03:00:00+02:00,43233.4025,43.2334025,20.2,51,0,0,3,4,7
2022-07-29 02:00:00+00:00,2022-07-29 04:00:00+02:00,43575.2875,43.5752875,19.9,44,0,0,4,4,7
2022-07-29 03:00:00+00:00,2022-07-29 05:00:00+02:00,45869.875,45.869875,19.5,44,0,0,5,4,7
2022-07-29 04:00:00+00:00,2022-07-29 06:00:00+02:00,51392.575,51.392574999999994,18.8,46,0,0,6,4,7
2022-07-29 05:00:00+00:00,2022-07-29 07:00:00+02:00,55869.57,55.86957,18.6,52,0,0,7,4,7
2022-07-29 06:00:00+00:00,2022-07-29 08:00:00+02:00,58997.7475,58.997747499999996,19.1,58,0,1,8,4,7
2022-07-29 07:00:00+00:00,2022-07-29 09:00:00+02:00,60502.275,60.502275000000004,21.3,52,0,1,9,4,7
2022-07-29 08:00:00+00:00,2022-07-29 10:00:00+02:00,62157.655,62.157655,23.4,45,0,1,10,4,7
2022-07-29 09:00:00+00:00,2022-07-29 11:00:00+02:00,63450.869999999995,63.450869999999995,24.9,42,0,1,11,4,7
2022-07-29 10:00:00+00:00,2022-07-29 12:00:00+02:00,63473.8875,63.4738875,26.2,41,0,1,12,4,7
2022-07-29 11:00:00+00:00,2022-07-29 13:00:00+02:00,62044.925,62.044925000000006,27.5,39,0,1,13,4,7
2022-07-29 12:00:00+00:00,2022-07-29 14:00:00+02:00,60090.9425,60.0909425,26.2,45,0,1,14,4,7
2022-07-29 13:00:00+00:00,2022-07-29 15:00:00+02:00,58426.885,58.426885,27.6,42,0,1,15,4,7
2022-07-29 14:00:00+00:00,2022-07-29 16:00:00+02:00,57405.63,57.405629999999995,24.7,55,0,1,16,4,7
2022-07-29 15:00:00+00:00,2022-07-29 17:00:00+02:00,57372.354999999996,57.372355,22.5,68,0,1,17,4,7
2022-07-29 16:00:00+00:00,2022-07-29 18:00:00+02:00,56829.1175,56.8291175,24.0,58,0,1,18,4,7
2022-07-29 17:00:00+00:00,2022-07-29 19:00:00+02:00,55123.65,55.123650000000005,23.6,62,0,1,19,4,7
2022-07-29 18:00:00+00:00,2022-07-29 20:00:00+02:00,52556.725,52.556725,22.8,68,0,1,20,4,7
2022-07-29 19:00:00+00:00,2022-07-29 21:00:00+02:00,51198.965,51.198964999999994,20.8,78,0,0,21,4,7
2022-07-29 20:00:00+00:00,2022-07-29 22:00:00+02:00,48664.685,48.664685,19.5,84,0,0,22,4,7
2022-07-29 21:00:00+00:00,2022-07-29 23:00:00+02:00,45502.707500000004,45.50270750000001,18.2,91,0,0,23,4,7
2022-07-29 22:00:00+00:00,2022-07-30 00:00:00+02:00,42431.9375,42.4319375,17.4,94,1,0,0,5,7
2022-07-29 23:00:00+00:00,2022-07-30 01:00:00+02:00,40610.945,40.610945,16.7,92,1,0,1,5,7
2022-07-30 00:00:00+00:00,2022-07-30 02:00:00+02:00,39160.9275,39.1609275,18.1,94,1,0,2,5,7
2022-07-30 01:00:00+00:00,2022-07-30 03:00:00+02:00,38474.317500000005,38.474317500000005,17.0,96,1,0,3,5,7
2022-07-30 02:00:00+00:00,2022-07-30 04:00:00+02:00,38314.585,38.314585,16.9,98,1,0,4,5,7
2022-07-30 03:00:00+00:00,2022-07-30 05:00:00+02:00,38633.192500000005,38.63319250000001,16.6,99,1,0,5,5,7
2022-07-30 04:00:00+00:00,2022-07-30 06:00:00+02:00,39849.8075,39.849807500000004,16.6,98,1,0,6,5,7
2022-07-30 05:00:00+00:00,2022-07-30 07:00:00+02:00,42340.2725,42.3402725,16.5,100,1,0,7,5,7
2022-07-30 06:00:00+00:00,2022-07-30 08:00:00+02:00,45920.0525,45.9200525,18.0,93,1,1,8,5,7
2022-07-30 07:00:00+00:00,2022-07-30 09:00:00+02:00,48408.045,48.408045,19.7,79,1,1,9,5,7
2022-07-30 08:00:00+00:00,2022-07-30 10:00:00+02:00,50242.869999999995,50.242869999999996,21.5,68,1,1,10,5,7
2022-07-30 09:00:00+00:00,2022-07-30 11:00:00+02:00,51763.0225,51.7630225,23.4,52,1,1,11,5,7
2022-07-30 10:00:00+00:00,2022-07-30 12:00:00+02:00,51501.3,51.5013,24.8,42,1,1,12,5,7
2022-07-30 11:00:00+00:00,2022-07-30 13:00:00+02:00,49966.365000000005,49.966365,26.0,38,1,1,13,5,7
2022-07-30 12:00:00+00:00,2022-07-30 14:00:00+02:00,48323.2475,48.3232475,26.6,37,1,1,14,5,7
2022-07-30 13:00:00+00:00,2022-07-30 15:00:00+02:00,48143.5375,48.1435375,27.4,34,1,1,15,5,7
2022-07-30 14:00:00+00:00,2022-07-30 16:00:00+02:00,47239.2,47.2392,27.5,32,1,1,16,5,7
2022-07-30 15:00:00+00:00,2022-07-30 17:00:00+02:00,47521.6275,47.5216275,27.5,31,1,1,17,5,7
2022-07-30 16:00:00+00:00,2022-07-30 18:00:00+02:00,47840.5775,47.8405775,26.5,31,1,1,18,5,7
2022-07-30 17:00:00+00:00,2022-07-30 19:00:00+02:00,47170.7975,47.1707975,25.9,32,1,1,19,5,7
2022-07-30 18:00:00+00:00,2022-07-30 20:00:00+02:00,45409.44,45.409440000000004,24.8,35,1,1,20,5,7
2022-07-30 19:00:00+00:00,2022-07-30 21:00:00+02:00,44453.395000000004,44.45339500000001,23.2,39,1,0,21,5,7
2022-07-30 20:00:00+00:00,2022-07-30 22:00:00+02:00,42689.8775,42.6898775,21.2,46,1,0,22,5,7
2022-07-30 21:00:00+00:00,2022-07-30 23:00:00+02:00,40280.375,40.280375,21.5,46,1,0,23,5,7
2022-07-30 22:00:00+00:00,2022-07-31 00:00:00+02:00,38002.979999999996,38.002979999999994,20.6,50,1,0,0,6,7
2022-07-30 23:00:00+00:00,2022-07-31 01:00:00+02:00,36788.3825,36.7883825,20.3,52,1,0,1,6,7
2022-07-31 00:00:00+00:00,2022-07-31 02:00:00+02:00,35699.24,35.699239999999996,19.3,58,1,0,2,6,7
2022-07-31 01:00:00+00:00,2022-07-31 03:00:00+02:00,35365.275,35.365275000000004,17.7,67,1,0,3,6,7
2022-07-31 02:00:00+00:00,2022-07-31 04:00:00+02:00,35349.78,35.349779999999996,18.2,69,1,0,4,6,7
2022-07-31 03:00:00+00:00,2022-07-31 05:00:00+02:00,35845.9925,35.8459925,17.7,66,1,0,5,6,7
2022-07-31 04:00:00+00:00,2022-07-31 06:00:00+02:00,36335.4125,36.3354125,17.6,66,1,0,6,6,7
2022-07-31 05:00:00+00:00,2022-07-31 07:00:00+02:00,38382.1325,38.3821325,17.7,68,1,0,7,6,7
2022-07-31 06:00:00+00:00,2022-07-31 08:00:00+02:00,41424.8725,41.4248725,19.2,63,1,1,8,6,7
2022-07-31 07:00:00+00:00,2022-07-31 09:00:00+02:00,44251.3575,44.2513575,21.3,56,1,1,9,6,7
2022-07-31 08:00:00+00:00,2022-07-31 10:00:00+02:00,46691.3725,46.6913725,23.4,48,1,1,10,6,7
2022-07-31 09:00:00+00:00,2022-07-31 11:00:00+02:00,48264.8075,48.2648075,24.6,44,1,1,11,6,7
2022-07-31 10:00:00+00:00,2022-07-31 12:00:00+02:00,48605.095,48.605095,25.1,42,1,1,12,6,7
2022-07-31 11:00:00+00:00,2022-07-31 13:00:00+02:00,47173.5,47.1735,25.4,42,1,1,13,6,7
2022-07-31 12:00:00+00:00,2022-07-31 14:00:00+02:00,46187.7125,46.1877125,24.0,69,1,1,14,6,7
2022-07-31 13:00:00+00:00,2022-07-31 15:00:00+02:00,45755.065,45.755065,27.1,48,1,1,15,6,7
2022-07-31 14:00:00+00:00,2022-07-31 16:00:00+02:00,45135.6875,45.1356875,28.4,42,1,1,16,6,7
2022-07-31 15:00:00+00:00,2022-07-31 17:00:00+02:00,45566.8025,45.5668025,27.7,42,1,1,17,6,7
2022-07-31 16:00:00+00:00,2022-07-31 18:00:00+02:00,45968.205,45.968205000000005,28.4,38,1,1,18,6,7
2022-07-31 17:00:00+00:00,2022-07-31 19:00:00+02:00,46099.5,46.0995,27.9,39,1,1,19,6,7
2022-07-31 18:00:00+00:00,2022-07-31 20:00:00+02:00,45223.065,45.223065000000005,26.0,45,1,1,20,6,7
2022-07-31 19:00:00+00:00,2022-07-31 21:00:00+02:00,45428.765,45.428765,24.1,56,1,0,21,6,7
2022-07-31 20:00:00+00:00,2022-07-31 22:00:00+02:00,44453.3025,44.4533025,24.9,48,1,0,22,6,7
2022-07-31 21:00:00+00:00,2022-07-31 23:00:00+02:00,41700.057499999995,41.70005749999999,22.0,60,1,0,23,6,7
2022-07-31 22:00:00+00:00,2022-08-01 00:00:00+02:00,39732.9975,39.732997499999996,22.3,57,0,0,0,0,8
2022-07-31 23:00:00+00:00,2022-08-01 01:00:00+02:00,38736.125,38.736125,20.3,73,0,0,1,0,8
2022-08-01 00:00:00+00:00,2022-08-01 02:00:00+02:00,38466.3075,38.4663075,21.1,71,0,0,2,0,8
2022-08-01 01:00:00+00:00,2022-08-01 03:00:00+02:00,38601.310000000005,38.601310000000005,19.8,79,0,0,3,0,8
2022-08-01 02:00:00+00:00,2022-08-01 04:00:00+02:00,39866.3925,39.8663925,19.0,84,0,0,4,0,8
2022-08-01 03:00:00+00:00,2022-08-01 05:00:00+02:00,43339.7475,43.339747499999994,19.0,83,0,0,5,0,8
2022-08-01 04:00:00+00:00,2022-08-01 06:00:00+02:00,49305.3775,49.305377500000006,18.6,85,0,0,6,0,8
2022-08-01 05:00:00+00:00,2022-08-01 07:00:00+02:00,54420.365000000005,54.420365000000004,19.5,81,0,0,7,0,8
2022-08-01 06:00:00+00:00,2022-08-01 08:00:00+02:00,57919.285,57.919285,20.7,76,0,1,8,0,8
2022-08-01 07:00:00+00:00,2022-08-01 09:00:00+02:00,59837.825,59.837824999999995,22.0,70,0,1,9,0,8
2022-08-01 08:00:00+00:00,2022-08-01 10:00:00+02:00,61242.35,61.24235,23.2,64,0,1,10,0,8
2022-08-01 09:00:00+00:00,2022-08-01 11:00:00+02:00,62297.9725,62.2979725,24.4,58,0,1,11,0,8
2022-08-01 10:00:00+00:00,2022-08-01 12:00:00+02:00,62106.115,62.106114999999996,25.9,51,0,1,12,0,8
2022-08-01 11:00:00+00:00,2022-08-01 13:00:00+02:00,61543.7775,61.5437775,25.6,50,0,1,13,0,8
2022-08-01 12:00:00+00:00,2022-08-01 14:00:00+02:00,60663.305,60.663305,26.9,45,0,1,14,0,8
2022-08-01 13:00:00+00:00,2022-08-01 15:00:00+02:00,59742.9625,59.742962500000004,27.9,42,0,1,15,0,8
2022-08-01 14:00:00+00:00,2022-08-01 16:00:00+02:00,58418.6475,58.4186475,27.4,43,0,1,16,0,8
2022-08-01 15:00:00+00:00,2022-08-01 17:00:00+02:00,57981.24,57.98124,27.4,41,0,1,17,0,8
2022-08-01 16:00:00+00:00,2022-08-01 18:00:00+02:00,57234.85,57.23485,27.1,40,0,1,18,0,8
2022-08-01 17:00:00+00:00,2022-08-01 19:00:00+02:00,56265.284999999996,56.265285,26.6,41,0,1,19,0,8
2022-08-01 18:00:00+00:00,2022-08-01 20:00:00+02:00,54205.412500000006,54.20541250000001,24.9,48,0,1,20,0,8
2022-08-01 19:00:00+00:00,2022-08-01 21:00:00+02:00,52358.895,52.358895,23.8,54,0,0,21,0,8
2022-08-01 20:00:00+00:00,2022-08-01 22:00:00+02:00,49584.4825,49.5844825,22.4,60,0,0,22,0,8
2022-08-01 21:00:00+00:00,2022-08-01 23:00:00+02:00,46409.692500000005,46.409692500000006,21.7,64,0,0,23,0,8
2022-08-01 22:00:00+00:00,2022-08-02 00:00:00+02:00,43819.5425,43.819542500000004,21.2,66,0,0,0,1,8
2022-08-01 23:00:00+00:00,2022-08-02 01:00:00+02:00,42240.145000000004,42.240145000000005,20.8,67,0,0,1,1,8
2022-08-02 00:00:00+00:00,2022-08-02 02:00:00+02:00,41303.1125,41.303112500000005,19.6,78,0,0,2,1,8
2022-08-02 01:00:00+00:00,2022-08-02 03:00:00+02:00,41217.6475,41.2176475,18.9,81,0,0,3,1,8
2022-08-02 02:00:00+00:00,2022-08-02 04:00:00+02:00,42173.0,42.173,18.1,84,0,0,4,1,8
2022-08-02 03:00:00+00:00,2022-08-02 05:00:00+02:00,44912.6825,44.9126825,16.9,91,0,0,5,1,8
2022-08-02 04:00:00+00:00,2022-08-02 06:00:00+02:00,50347.265,50.347265,16.8,93,0,0,6,1,8
2022-08-02 05:00:00+00:00,2022-08-02 07:00:00+02:00,55160.115,55.160115,17.5,89,0,0,7,1,8
2022-08-02 06:00:00+00:00,2022-08-02 08:00:00+02:00,58968.765,58.968765,19.6,78,0,1,8,1,8
2022-08-02 07:00:00+00:00,2022-08-02 09:00:00+02:00,61075.7,61.0757,21.6,66,0,1,9,1,8
2022-08-02 08:00:00+00:00,2022-08-02 10:00:00+02:00,62468.09,62.46809,23.7,52,0,1,10,1,8
2022-08-02 09:00:00+00:00,2022-08-02 11:00:00+02:00,63487.3975,63.4873975,25.3,42,0,1,11,1,8
2022-08-02 10:00:00+00:00,2022-08-02 12:00:00+02:00,63213.975,63.213975,26.6,38,0,1,12,1,8
2022-08-02 11:00:00+00:00,2022-08-02 13:00:00+02:00,62494.854999999996,62.494854999999994,27.7,35,0,1,13,1,8
2022-08-02 12:00:00+00:00,2022-08-02 14:00:00+02:00,61477.3575,61.4773575,28.3,31,0,1,14,1,8
2022-08-02 13:00:00+00:00,2022-08-02 15:00:00+02:00,60312.2375,60.3122375,28.9,27,0,1,15,1,8
2022-08-02 14:00:00+00:00,2022-08-02 16:00:00+02:00,59016.54,59.01654,29.3,26,0,1,16,1,8
2022-08-02 15:00:00+00:00,2022-08-02 17:00:00+02:00,57747.075,57.747074999999995,29.4,28,0,1,17,1,8
2022-08-02 16:00:00+00:00,2022-08-02 18:00:00+02:00,56869.845,56.869845,29.1,29,0,1,18,1,8
2022-08-02 17:00:00+00:00,2022-08-02 19:00:00+02:00,55783.59,55.78359,29.0,30,0,1,19,1,8
2022-08-02 18:00:00+00:00,2022-08-02 20:00:00+02:00,53844.15,53.84415,28.0,40,0,1,20,1,8
2022-08-02 19:00:00+00:00,2022-08-02 21:00:00+02:00,52363.3125,52.3633125,24.7,42,0,0,21,1,8
2022-08-02 20:00:00+00:00,2022-08-02 22:00:00+02:00,49665.5775,49.6655775,23.0,48,0,0,22,1,8
2022-08-02 21:00:00+00:00,2022-08-02 23:00:00+02:00,45998.634999999995,45.99863499999999,22.6,48,0,0,23,1,8
2022-08-02 22:00:00+00:00,2022-08-03 00:00:00+02:00,43606.1075,43.6061075,22.8,45,0,0,0,2,8
2022-08-02 23:00:00+00:00,2022-08-03 01:00:00+02:00,42024.052500000005,42.0240525,20.0,57,0,0,1,2,8
2022-08-03 00:00:00+00:00,2022-08-03 02:00:00+02:00,40991.0275,40.991027499999994,19.6,60,0,0,2,2,8
2022-08-03 01:00:00+00:00,2022-08-03 03:00:00+02:00,41127.43,41.12743,17.7,66,0,0,3,2,8
2022-08-03 02:00:00+00:00,2022-08-03 04:00:00+02:00,42271.95,42.27195,17.2,67,0,0,4,2,8
2022-08-03 03:00:00+00:00,2022-08-03 05:00:00+02:00,45462.2425,45.4622425,16.7,69,0,0,5,2,8
2022-08-03 04:00:00+00:00,2022-08-03 06:00:00+02:00,51023.6725,51.0236725,16.6,70,0,0,6,2,8
2022-08-03 05:00:00+00:00,2022-08-03 07:00:00+02:00,56227.7025,56.2277025,18.4,61,0,0,7,2,8
2022-08-03 06:00:00+00:00,2022-08-03 08:00:00+02:00,59344.4,59.3444,20.9,54,0,1,8,2,8
2022-08-03 07:00:00+00:00,2022-08-03 09:00:00+02:00,61384.7325,61.3847325,23.7,47,0,1,9,2,8
2022-08-03 08:00:00+00:00,2022-08-03 10:00:00+02:00,63671.57,63.67157,26.5,41,0,1,10,2,8
2022-08-03 09:00:00+00:00,2022-08-03 11:00:00+02:00,64817.2625,64.8172625,29.0,35,0,1,11,2,8
2022-08-03 10:00:00+00:00,2022-08-03 12:00:00+02:00,64840.65,64.84065,30.6,30,0,1,12,2,8
2022-08-03 11:00:00+00:00,2022-08-03 13:00:00+02:00,64186.8125,64.1868125,31.6,28,0,1,13,2,8
2022-08-03 12:00:00+00:00,2022-08-03 14:00:00+02:00,62526.707500000004,62.5267075,32.7,26,0,1,14,2,8
2022-08-03 13:00:00+00:00,2022-08-03 15:00:00+02:00,61250.2625,61.2502625,33.5,25,0,1,15,2,8
2022-08-03 14:00:00+00:00,2022-08-03 16:00:00+02:00,59377.4275,59.377427499999996,33.9,24,0,1,16,2,8
2022-08-03 15:00:00+00:00,2022-08-03 17:00:00+02:00,58583.865,58.583864999999996,33.9,24,0,1,17,2,8
2022-08-03 16:00:00+00:00,2022-08-03 18:00:00+02:00,58030.22,58.03022,33.7,24,0,1,18,2,8
2022-08-03 17:00:00+00:00,2022-08-03 19:00:00+02:00,56914.0175,56.9140175,33.3,25,0,1,19,2,8
2022-08-03 18:00:00+00:00,2022-08-03 20:00:00+02:00,55054.9875,55.0549875,31.7,37,0,1,20,2,8
2022-08-03 19:00:00+00:00,2022-08-03 21:00:00+02:00,53379.68,53.37968,29.5,32,0,0,21,2,8
2022-08-03 20:00:00+00:00,2022-08-03 22:00:00+02:00,50559.3075,50.5593075,27.8,34,0,0,22,2,8
2022-08-03 21:00:00+00:00,2022-08-03 23:00:00+02:00,46902.69,46.90269,26.4,38,0,0,23,2,8
2022-08-03 22:00:00+00:00,2022-08-04 00:00:00+02:00,44203.3375,44.2033375,24.4,45,0,0,0,3,8
2022-08-03 23:00:00+00:00,2022-08-04 01:00:00+02:00,42633.5125,42.633512499999995,23.2,50,0,0,1,3,8
2022-08-04 00:00:00+00:00,2022-08-04 02:00:00+02:00,41608.705,41.608705,23.1,54,0,0,2,3,8
2022-08-04 01:00:00+00:00,2022-08-04 03:00:00+02:00,41475.155,41.475155,21.4,59,0,0,3,3,8
2022-08-04 02:00:00+00:00,2022-08-04 04:00:00+02:00,42234.4925,42.2344925,21.2,59,0,0,4,3,8
2022-08-04 03:00:00+00:00,2022-08-04 05:00:00+02:00,45164.604999999996,45.164604999999995,20.6,62,0,0,5,3,8
2022-08-04 04:00:00+00:00,2022-08-04 06:00:00+02:00,50867.8725,50.8678725,20.5,61,0,0,6,3,8
2022-08-04 05:00:00+00:00,2022-08-04 07:00:00+02:00,55656.8275,55.6568275,21.5,60,0,0,7,3,8
2022-08-04 06:00:00+00:00,2022-08-04 08:00:00+02:00,59326.2925,59.3262925,23.9,53,0,1,8,3,8
2022-08-04 07:00:00+00:00,2022-08-04 09:00:00+02:00,61173.7325,61.1737325,26.9,45,0,1,9,3,8
2022-08-04 08:00:00+00:00,2022-08-04 10:00:00+02:00,62510.5275,62.510527499999995,29.2,38,0,1,10,3,8
2022-08-04 09:00:00+00:00,2022-08-04 11:00:00+02:00,64040.6925,64.04069249999999,31.2,35,0,1,11,3,8
2022-08-04 10:00:00+00:00,2022-08-04 12:00:00+02:00,64119.86,64.11986,33.2,32,0,1,12,3,8
2022-08-04 11:00:00+00:00,2022-08-04 13:00:00+02:00,63740.765,63.740764999999996,34.8,27,0,1,13,3,8
2022-08-04 12:00:00+00:00,2022-08-04 14:00:00+02:00,62626.835,62.626835,35.5,26,0,1,14,3,8
2022-08-04 13:00:00+00:00,2022-08-04 15:00:00+02:00,61819.965,61.819964999999996,36.1,23,0,1,15,3,8
2022-08-04 14:00:00+00:00,2022-08-04 16:00:00+02:00,60286.285,60.28628500000001,36.1,22,0,1,16,3,8
2022-08-04 15:00:00+00:00,2022-08-04 17:00:00+02:00,60069.537500000006,60.0695375,36.2,22,0,1,17,3,8
2022-08-04 16:00:00+00:00,2022-08-04 18:00:00+02:00,59304.759999999995,59.304759999999995,36.5,22,0,1,18,3,8
2022-08-04 17:00:00+00:00,2022-08-04 19:00:00+02:00,58455.33,58.455330000000004,35.3,25,0,1,19,3,8
2022-08-04 18:00:00+00:00,2022-08-04 20:00:00+02:00,56554.634999999995,56.554635,32.0,32,0,1,20,3,8
2022-08-04 19:00:00+00:00,2022-08-04 21:00:00+02:00,55071.08,55.07108,30.4,33,0,0,21,3,8
2022-08-04 20:00:00+00:00,2022-08-04 22:00:00+02:00,52152.9525,52.1529525,28.9,43,0,0,22,3,8
2022-08-04 21:00:00+00:00,2022-08-04 23:00:00+02:00,47621.055,47.621055,28.3,47,0,0,23,3,8
2022-08-04 22:00:00+00:00,2022-08-05 00:00:00+02:00,44714.1725,44.714172500000004,27.1,51,0,0,0,4,8
2022-08-04 23:00:00+00:00,2022-08-05 01:00:00+02:00,43184.744999999995,43.18474499999999,25.4,56,0,0,1,4,8
2022-08-05 00:00:00+00:00,2022-08-05 02:00:00+02:00,43015.3475,43.015347500000004,25.7,57,0,0,2,4,8
2022-08-05 01:00:00+00:00,2022-08-05 03:00:00+02:00,42508.2075,42.5082075,24.5,64,0,0,3,4,8
2022-08-05 02:00:00+00:00,2022-08-05 04:00:00+02:00,42803.6075,42.8036075,23.4,70,0,0,4,4,8
2022-08-05 03:00:00+00:00,2022-08-05 05:00:00+02:00,45633.2225,45.6332225,21.7,85,0,0,5,4,8
2022-08-05 04:00:00+00:00,2022-08-05 06:00:00+02:00,51352.3425,51.3523425,21.4,86,0,0,6,4,8
2022-08-05 05:00:00+00:00,2022-08-05 07:00:00+02:00,56349.395000000004,56.349395,21.2,91,0,0,7,4,8
2022-08-05 06:00:00+00:00,2022-08-05 08:00:00+02:00,59558.8425,59.5588425,21.9,88,0,1,8,4,8
2022-08-05 07:00:00+00:00,2022-08-05 09:00:00+02:00,60897.649999999994,60.89764999999999,22.8,84,0,1,9,4,8
2022-08-05 08:00:00+00:00,2022-08-05 10:00:00+02:00,62911.207500000004,62.9112075,25.0,73,0,1,10,4,8
2022-08-05 09:00:00+00:00,2022-08-05 11:00:00+02:00,63391.32,63.39132,26.8,60,0,1,11,4,8
2022-08-05 10:00:00+00:00,2022-08-05 12:00:00+02:00,62181.3475,62.1813475,28.4,44,0,1,12,4,8
2022-08-05 11:00:00+00:00,2022-08-05 13:00:00+02:00,61203.79,61.20379,29.5,41,0,1,13,4,8
2022-08-05 12:00:00+00:00,2022-08-05 14:00:00+02:00,60359.81,60.359809999999996,23.7,81,0,1,14,4,8
2022-08-05 13:00:00+00:00,2022-08-05 15:00:00+02:00,59755.7575,59.7557575,25.3,66,0,1,15,4,8
2022-08-05 14:00:00+00:00,2022-08-05 16:00:00+02:00,59475.665,59.475665,25.9,57,0,1,16,4,8
2022-08-05 15:00:00+00:00,2022-08-05 17:00:00+02:00,59829.255,59.829254999999996,24.1,58,0,1,17,4,8
2022-08-05 16:00:00+00:00,2022-08-05 18:00:00+02:00,58795.76,58.79576,23.6,54,0,1,18,4,8
2022-08-05 17:00:00+00:00,2022-08-05 19:00:00+02:00,56383.6775,56.3836775,22.8,55,0,1,19,4,8
2022-08-05 18:00:00+00:00,2022-08-05 20:00:00+02:00,52978.335,52.978335,22.1,54,0,1,20,4,8
2022-08-05 19:00:00+00:00,2022-08-05 21:00:00+02:00,50911.89,50.91189,20.9,55,0,0,21,4,8
2022-08-05 20:00:00+00:00,2022-08-05 22:00:00+02:00,48599.4825,48.5994825,19.7,59,0,0,22,4,8
2022-08-05 21:00:00+00:00,2022-08-05 23:00:00+02:00,45965.705,45.965705,18.4,63,0,0,23,4,8
2022-08-05 22:00:00+00:00,2022-08-06 00:00:00+02:00,43523.645000000004,43.523645,17.8,62,1,0,0,5,8
2022-08-05 23:00:00+00:00,2022-08-06 01:00:00+02:00,41735.535,41.735535000000006,17.4,59,1,0,1,5,8
2022-08-06 00:00:00+00:00,2022-08-06 02:00:00+02:00,40730.015,40.730015,16.8,60,1,0,2,5,8
2022-08-06 01:00:00+00:00,2022-08-06 03:00:00+02:00,40126.0625,40.1260625,16.0,63,1,0,3,5,8
2022-08-06 02:00:00+00:00,2022-08-06 04:00:00+02:00,40139.427500000005,40.139427500000004,15.6,61,1,0,4,5,8
2022-08-06 03:00:00+00:00,2022-08-06 05:00:00+02:00,40249.612499999996,40.2496125,15.2,61,1,0,5,5,8
2022-08-06 04:00:00+00:00,2022-08-06 06:00:00+02:00,41419.525,41.419525,14.7,61,1,0,6,5,8
2022-08-06 05:00:00+00:00,2022-08-06 07:00:00+02:00,43830.435,43.830434999999994,14.9,62,1,0,7,5,8
2022-08-06 06:00:00+00:00,2022-08-06 08:00:00+02:00,47137.18,47.13718,16.1,59,1,1,8,5,8
2022-08-06 07:00:00+00:00,2022-08-06 09:00:00+02:00,50142.1425,50.1421425,17.6,54,1,1,9,5,8
2022-08-06 08:00:00+00:00,2022-08-06 10:00:00+02:00,52404.795,52.404795,19.1,47,1,1,10,5,8
2022-08-06 09:00:00+00:00,2022-08-06 11:00:00+02:00,53221.49,53.221489999999996,20.3,41,1,1,11,5,8
2022-08-06 10:00:00+00:00,2022-08-06 12:00:00+02:00,52467.9375,52.4679375,21.5,37,1,1,12,5,8
2022-08-06 11:00:00+00:00,2022-08-06 13:00:00+02:00,51045.409999999996,51.04541,22.4,34,1,1,13,5,8
2022-08-06 12:00:00+00:00,2022-08-06 14:00:00+02:00,50152.1275,50.1521275,22.6,34,1,1,14,5,8
2022-08-06 13:00:00+00:00,2022-08-06 15:00:00+02:00,49474.77250000001,49.47477250000001,23.1,32,1,1,15,5,8
2022-08-06 14:00:00+00:00,2022-08-06 16:00:00+02:00,48692.1775,48.6921775,23.4,30,1,1,16,5,8
2022-08-06 15:00:00+00:00,2022-08-06 17:00:00+02:00,48720.307499999995,48.7203075,23.7,28,1,1,17,5,8
2022-08-06 16:00:00+00:00,2022-08-06 18:00:00+02:00,47964.585,47.964585,23.6,27,1,1,18,5,8
2022-08-06 17:00:00+00:00,2022-08-06 19:00:00+02:00,47025.6175,47.0256175,23.1,27,1,1,19,5,8
2022-08-06 18:00:00+00:00,2022-08-06 20:00:00+02:00,45365.395000000004,45.36539500000001,22.1,29,1,1,20,5,8
2022-08-06 19:00:00+00:00,2022-08-06 21:00:00+02:00,44600.1725,44.6001725,20.3,32,1,0,21,5,8
2022-08-06 20:00:00+00:00,2022-08-06 22:00:00+02:00,43262.7975,43.2627975,19.2,36,1,0,22,5,8
2022-08-06 21:00:00+00:00,2022-08-06 23:00:00+02:00,40862.205,40.862205,18.3,39,1,0,23,5,8
2022-08-06 22:00:00+00:00,2022-08-07 00:00:00+02:00,38481.1025,38.4811025,17.5,42,1,0,0,6,8
2022-08-06 23:00:00+00:00,2022-08-07 01:00:00+02:00,36899.67,36.89967,16.6,45,1,0,1,6,8
2022-08-07 00:00:00+00:00,2022-08-07 02:00:00+02:00,36088.2775,36.0882775,16.2,49,1,0,2,6,8
2022-08-07 01:00:00+00:00,2022-08-07 03:00:00+02:00,35448.6,35.4486,15.4,51,1,0,3,6,8
2022-08-07 02:00:00+00:00,2022-08-07 04:00:00+02:00,35465.537500000006,35.4655375,14.8,53,1,0,4,6,8
2022-08-07 03:00:00+00:00,2022-08-07 05:00:00+02:00,35422.445,35.422444999999996,14.4,55,1,0,5,6,8
2022-08-07 04:00:00+00:00,2022-08-07 06:00:00+02:00,35652.285,35.652285000000006,14.0,56,1,0,6,6,8
2022-08-07 05:00:00+00:00,2022-08-07 07:00:00+02:00,37530.77,37.53077,14.4,55,1,0,7,6,8
2022-08-07 06:00:00+00:00,2022-08-07 08:00:00+02:00,40892.055,40.892055,16.2,51,1,1,8,6,8
2022-08-07 07:00:00+00:00,2022-08-07 09:00:00+02:00,43717.9325,43.7179325,18.3,44,1,1,9,6,8
2022-08-07 08:00:00+00:00,2022-08-07 10:00:00+02:00,45476.065,45.476065000000006,20.5,40,1,1,10,6,8
2022-08-07 09:00:00+00:00,2022-08-07 11:00:00+02:00,47157.2175,47.1572175,22.6,36,1,1,11,6,8
2022-08-07 10:00:00+00:00,2022-08-07 12:00:00+02:00,47334.53,47.33453,24.1,32,1,1,12,6,8
2022-08-07 11:00:00+00:00,2022-08-07 13:00:00+02:00,45816.575,45.816575,25.1,29,1,1,13,6,8
2022-08-07 12:00:00+00:00,2022-08-07 14:00:00+02:00,44785.4575,44.7854575,25.7,28,1,1,14,6,8
2022-08-07 13:00:00+00:00,2022-08-07 15:00:00+02:00,44295.305,44.295305,26.3,27,1,1,15,6,8
2022-08-07 14:00:00+00:00,2022-08-07 16:00:00+02:00,44139.520000000004,44.139520000000005,26.6,26,1,1,16,6,8
2022-08-07 15:00:00+00:00,2022-08-07 17:00:00+02:00,44359.0975,44.359097500000004,26.5,26,1,1,17,6,8
2022-08-07 16:00:00+00:00,2022-08-07 18:00:00+02:00,45107.9825,45.1079825,26.4,27,1,1,18,6,8
2022-08-07 17:00:00+00:00,2022-08-07 19:00:00+02:00,45118.805,45.118805,25.8,28,1,1,19,6,8
2022-08-07 18:00:00+00:00,2022-08-07 20:00:00+02:00,45045.854999999996,45.045854999999996,24.6,30,1,1,20,6,8
2022-08-07 19:00:00+00:00,2022-08-07 21:00:00+02:00,45339.86,45.33986,22.9,32,1,0,21,6,8
2022-08-07 20:00:00+00:00,2022-08-07 22:00:00+02:00,44102.24,44.102239999999995,21.8,34,1,0,22,6,8
2022-08-07 21:00:00+00:00,2022-08-07 23:00:00+02:00,41408.0575,41.408057500000005,20.8,36,1,0,23,6,8
2022-08-07 22:00:00+00:00,2022-08-08 00:00:00+02:00,39803.0075,39.8030075,19.5,40,0,0,0,0,8
2022-08-07 23:00:00+00:00,2022-08-08 01:00:00+02:00,38804.265,38.804265,18.6,43,0,0,1,0,8
2022-08-08 00:00:00+00:00,2022-08-08 02:00:00+02:00,37827.475,37.827475,18.4,43,0,0,2,0,8
2022-08-08 01:00:00+00:00,2022-08-08 03:00:00+02:00,37805.4825,37.8054825,17.4,46,0,0,3,0,8
2022-08-08 02:00:00+00:00,2022-08-08 04:00:00+02:00,38761.68,38.76168,16.9,47,0,0,4,0,8
2022-08-08 03:00:00+00:00,2022-08-08 05:00:00+02:00,41686.23,41.68623,16.4,48,0,0,5,0,8
2022-08-08 04:00:00+00:00,2022-08-08 06:00:00+02:00,48054.8175,48.0548175,15.7,51,0,0,6,0,8
2022-08-08 05:00:00+00:00,2022-08-08 07:00:00+02:00,53185.3825,53.1853825,15.8,52,0,0,7,0,8
2022-08-08 06:00:00+00:00,2022-08-08 08:00:00+02:00,56933.104999999996,56.933105,17.5,50,0,1,8,0,8
2022-08-08 07:00:00+00:00,2022-08-08 09:00:00+02:00,58538.2825,58.5382825,19.7,43,0,1,9,0,8
2022-08-08 08:00:00+00:00,2022-08-08 10:00:00+02:00,59676.2525,59.676252500000004,22.1,37,0,1,10,0,8
2022-08-08 09:00:00+00:00,2022-08-08 11:00:00+02:00,60907.0925,60.9070925,24.3,33,0,1,11,0,8
2022-08-08 10:00:00+00:00,2022-08-08 12:00:00+02:00,61183.1275,61.183127500000005,25.9,29,0,1,12,0,8
2022-08-08 11:00:00+00:00,2022-08-08 13:00:00+02:00,60011.4725,60.0114725,27.1,27,0,1,13,0,8
2022-08-08 12:00:00+00:00,2022-08-08 14:00:00+02:00,58578.4925,58.5784925,28.0,26,0,1,14,0,8
2022-08-08 13:00:00+00:00,2022-08-08 15:00:00+02:00,57445.277500000004,57.4452775,28.7,24,0,1,15,0,8
2022-08-08 14:00:00+00:00,2022-08-08 16:00:00+02:00,56664.3175,56.664317499999996,29.0,23,0,1,16,0,8
2022-08-08 15:00:00+00:00,2022-08-08 17:00:00+02:00,56360.2975,56.3602975,29.1,22,0,1,17,0,8
2022-08-08 16:00:00+00:00,2022-08-08 18:00:00+02:00,56161.1875,56.1611875,28.8,23,0,1,18,0,8
2022-08-08 17:00:00+00:00,2022-08-08 19:00:00+02:00,55777.1975,55.7771975,28.2,25,0,1,19,0,8
2022-08-08 18:00:00+00:00,2022-08-08 20:00:00+02:00,54278.935,54.278935,27.0,27,0,1,20,0,8
2022-08-08 19:00:00+00:00,2022-08-08 21:00:00+02:00,52764.0125,52.7640125,25.2,30,0,0,21,0,8
2022-08-08 20:00:00+00:00,2022-08-08 22:00:00+02:00,49576.735,49.576735,24.0,32,0,0,22,0,8
2022-08-08 21:00:00+00:00,2022-08-08 23:00:00+02:00,46032.705,46.032705,22.8,35,0,0,23,0,8
2022-08-08 22:00:00+00:00,2022-08-09 00:00:00+02:00,43617.7175,43.6177175,21.7,38,0,0,0,1,8
2022-08-08 23:00:00+00:00,2022-08-09 01:00:00+02:00,42239.2575,42.2392575,20.8,42,0,0,1,1,8
2022-08-09 00:00:00+00:00,2022-08-09 02:00:00+02:00,40984.14,40.98414,20.2,48,0,0,2,1,8
2022-08-09 01:00:00+00:00,2022-08-09 03:00:00+02:00,41096.1825,41.096182500000005,19.1,51,0,0,3,1,8
2022-08-09 02:00:00+00:00,2022-08-09 04:00:00+02:00,41849.265,41.849265,18.5,53,0,0,4,1,8
2022-08-09 03:00:00+00:00,2022-08-09 05:00:00+02:00,44382.9,44.3829,18.0,56,0,0,5,1,8
2022-08-09 04:00:00+00:00,2022-08-09 06:00:00+02:00,50194.505,50.194505,17.4,58,0,0,6,1,8
2022-08-09 05:00:00+00:00,2022-08-09 07:00:00+02:00,54933.8725,54.9338725,17.5,59,0,0,7,1,8
2022-08-09 06:00:00+00:00,2022-08-09 08:00:00+02:00,58260.9125,58.260912499999996,19.1,54,0,1,8,1,8
2022-08-09 07:00:00+00:00,2022-08-09 09:00:00+02:00,59332.595,59.332595,21.3,47,0,1,9,1,8
2022-08-09 08:00:00+00:00,2022-08-09 10:00:00+02:00,60644.770000000004,60.64477,23.6,40,0,1,10,1,8
2022-08-09 09:00:00+00:00,2022-08-09 11:00:00+02:00,61950.06,61.95006,25.8,35,0,1,11,1,8
2022-08-09 10:00:00+00:00,2022-08-09 12:00:00+02:00,61792.695,61.792695,27.7,30,0,1,12,1,8
2022-08-09 11:00:00+00:00,2022-08-09 13:00:00+02:00,61267.8725,61.267872499999996,28.9,27,0,1,13,1,8
2022-08-09 12:00:00+00:00,2022-08-09 14:00:00+02:00,59890.185,59.890184999999995,30.1,24,0,1,14,1,8
2022-08-09 13:00:00+00:00,2022-08-09 15:00:00+02:00,58573.9375,58.5739375,31.1,21,0,1,15,1,8
2022-08-09 14:00:00+00:00,2022-08-09 16:00:00+02:00,57314.095,57.314095,30.7,22,0,1,16,1,8
2022-08-09 15:00:00+00:00,2022-08-09 17:00:00+02:00,56639.104999999996,56.639104999999994,30.5,22,0,1,17,1,8
2022-08-09 16:00:00+00:00,2022-08-09 18:00:00+02:00,56470.167499999996,56.470167499999995,30.3,21,0,1,18,1,8
2022-08-09 17:00:00+00:00,2022-08-09 19:00:00+02:00,56059.182499999995,56.0591825,29.9,22,0,1,19,1,8
2022-08-09 18:00:00+00:00,2022-08-09 20:00:00+02:00,54207.215,54.207215,28.1,26,0,1,20,1,8
2022-08-09 19:00:00+00:00,2022-08-09 21:00:00+02:00,52977.875,52.977875,26.3,28,0,0,21,1,8
2022-08-09 20:00:00+00:00,2022-08-09 22:00:00+02:00,49545.985,49.545985,24.8,31,0,0,22,1,8
2022-08-09 21:00:00+00:00,2022-08-09 23:00:00+02:00,46176.305,46.176305,24.4,31,0,0,23,1,8
2022-08-09 22:00:00+00:00,2022-08-10 00:00:00+02:00,43806.945,43.806945,23.4,33,0,0,0,2,8
2022-08-09 23:00:00+00:00,2022-08-10 01:00:00+02:00,42356.815,42.356815000000005,21.7,38,0,0,1,2,8
2022-08-10 00:00:00+00:00,2022-08-10 02:00:00+02:00,41150.3275,41.150327499999996,21.5,40,0,0,2,2,8
2022-08-10 01:00:00+00:00,2022-08-10 03:00:00+02:00,41498.9225,41.4989225,20.2,44,0,0,3,2,8
2022-08-10 02:00:00+00:00,2022-08-10 04:00:00+02:00,42299.39,42.29939,19.5,46,0,0,4,2,8
2022-08-10 03:00:00+00:00,2022-08-10 05:00:00+02:00,44779.71,44.77971,18.9,48,0,0,5,2,8
2022-08-10 04:00:00+00:00,2022-08-10 06:00:00+02:00,50364.7225,50.364722500000006,18.4,51,0,0,6,2,8
2022-08-10 05:00:00+00:00,2022-08-10 07:00:00+02:00,54947.7025,54.9477025,18.6,51,0,0,7,2,8
2022-08-10 06:00:00+00:00,2022-08-10 08:00:00+02:00,58199.2675,58.199267500000005,20.5,47,0,1,8,2,8
2022-08-10 07:00:00+00:00,2022-08-10 09:00:00+02:00,59556.384999999995,59.55638499999999,22.5,42,0,1,9,2,8
2022-08-10 08:00:00+00:00,2022-08-10 10:00:00+02:00,60999.85,60.999849999999995,24.7,37,0,1,10,2,8
2022-08-10 09:00:00+00:00,2022-08-10 11:00:00+02:00,62328.4525,62.3284525,27.0,32,0,1,11,2,8
2022-08-10 10:00:00+00:00,2022-08-10 12:00:00+02:00,61992.770000000004,61.99277000000001,28.6,26,0,1,12,2,8
2022-08-10 11:00:00+00:00,2022-08-10 13:00:00+02:00,61505.515,61.505515,29.4,24,0,1,13,2,8
2022-08-10 12:00:00+00:00,2022-08-10 14:00:00+02:00,59920.619999999995,59.92061999999999,29.8,23,0,1,14,2,8
2022-08-10 13:00:00+00:00,2022-08-10 15:00:00+02:00,58893.9275,58.8939275,30.3,22,0,1,15,2,8
2022-08-10 14:00:00+00:00,2022-08-10 16:00:00+02:00,57822.1875,57.8221875,30.6,21,0,1,16,2,8
2022-08-10 15:00:00+00:00,2022-08-10 17:00:00+02:00,57315.355,57.315355000000004,30.8,21,0,1,17,2,8
2022-08-10 16:00:00+00:00,2022-08-10 18:00:00+02:00,57021.9375,57.0219375,30.6,21,0,1,18,2,8
2022-08-10 17:00:00+00:00,2022-08-10 19:00:00+02:00,56003.0475,56.0030475,29.3,23,0,1,19,2,8
2022-08-10 18:00:00+00:00,2022-08-10 20:00:00+02:00,54251.0225,54.2510225,28.0,23,0,1,20,2,8
2022-08-10 19:00:00+00:00,2022-08-10 21:00:00+02:00,53044.845,53.044845,25.2,27,0,0,21,2,8
2022-08-10 20:00:00+00:00,2022-08-10 22:00:00+02:00,49901.25,49.90125,23.4,31,0,0,22,2,8
2022-08-10 21:00:00+00:00,2022-08-10 23:00:00+02:00,46533.417499999996,46.5334175,22.6,34,0,0,23,2,8
2022-08-10 22:00:00+00:00,2022-08-11 00:00:00+02:00,44133.707500000004,44.13370750000001,21.5,36,0,0,0,3,8
2022-08-10 23:00:00+00:00,2022-08-11 01:00:00+02:00,42448.72,42.44872,20.7,39,0,0,1,3,8
2022-08-11 00:00:00+00:00,2022-08-11 02:00:00+02:00,41461.37,41.46137,20.0,41,0,0,2,3,8
2022-08-11 01:00:00+00:00,2022-08-11 03:00:00+02:00,41659.3725,41.659372499999996,18.5,47,0,0,3,3,8
2022-08-11 02:00:00+00:00,2022-08-11 04:00:00+02:00,42080.015,42.080014999999996,18.0,50,0,0,4,3,8
2022-08-11 03:00:00+00:00,2022-08-11 05:00:00+02:00,44601.17,44.601169999999996,17.4,53,0,0,5,3,8
2022-08-11 04:00:00+00:00,2022-08-11 06:00:00+02:00,50332.835,50.332834999999996,17.3,54,0,0,6,3,8
2022-08-11 05:00:00+00:00,2022-08-11 07:00:00+02:00,55071.5625,55.0715625,17.7,54,0,0,7,3,8
2022-08-11 06:00:00+00:00,2022-08-11 08:00:00+02:00,58287.185,58.287185,20.2,48,0,1,8,3,8
2022-08-11 07:00:00+00:00,2022-08-11 09:00:00+02:00,60064.03,60.064029999999995,22.5,41,0,1,9,3,8
2022-08-11 08:00:00+00:00,2022-08-11 10:00:00+02:00,61346.3625,61.346362500000005,24.9,36,0,1,10,3,8
2022-08-11 09:00:00+00:00,2022-08-11 11:00:00+02:00,62163.325,62.163325,27.4,30,0,1,11,3,8
2022-08-11 10:00:00+00:00,2022-08-11 12:00:00+02:00,62229.4625,62.229462500000004,28.8,26,0,1,12,3,8
2022-08-11 11:00:00+00:00,2022-08-11 13:00:00+02:00,62006.020000000004,62.00602000000001,29.6,24,0,1,13,3,8
2022-08-11 12:00:00+00:00,2022-08-11 14:00:00+02:00,60548.7725,60.5487725,30.0,24,0,1,14,3,8
2022-08-11 13:00:00+00:00,2022-08-11 15:00:00+02:00,59543.135,59.543135,30.6,23,0,1,15,3,8
2022-08-11 14:00:00+00:00,2022-08-11 16:00:00+02:00,57981.725,57.981725,30.9,22,0,1,16,3,8
2022-08-11 15:00:00+00:00,2022-08-11 17:00:00+02:00,57018.6475,57.0186475,30.9,21,0,1,17,3,8
2022-08-11 16:00:00+00:00,2022-08-11 18:00:00+02:00,56489.5875,56.4895875,30.6,21,0,1,18,3,8
2022-08-11 17:00:00+00:00,2022-08-11 19:00:00+02:00,55632.8375,55.6328375,30.0,22,0,1,19,3,8
2022-08-11 18:00:00+00:00,2022-08-11 20:00:00+02:00,54095.262500000004,54.095262500000004,28.8,25,0,1,20,3,8
2022-08-11 19:00:00+00:00,2022-08-11 21:00:00+02:00,52731.415,52.731415,26.7,29,0,0,21,3,8
2022-08-11 20:00:00+00:00,2022-08-11 22:00:00+02:00,49563.39,49.56339,25.7,31,0,0,22,3,8
2022-08-11 21:00:00+00:00,2022-08-11 23:00:00+02:00,45845.43,45.84543,24.6,32,0,0,23,3,8
2022-08-11 22:00:00+00:00,2022-08-12 00:00:00+02:00,43704.5175,43.7045175,23.7,34,0,0,0,4,8
2022-08-11 23:00:00+00:00,2022-08-12 01:00:00+02:00,41955.365,41.955365,22.8,37,0,0,1,4,8
2022-08-12 00:00:00+00:00,2022-08-12 02:00:00+02:00,41184.38,41.18438,22.1,38,0,0,2,4,8
2022-08-12 01:00:00+00:00,2022-08-12 03:00:00+02:00,40787.415,40.787415,20.6,40,0,0,3,4,8
2022-08-12 02:00:00+00:00,2022-08-12 04:00:00+02:00,41380.5925,41.3805925,19.8,42,0,0,4,4,8
2022-08-12 03:00:00+00:00,2022-08-12 05:00:00+02:00,44049.3525,44.0493525,18.9,44,0,0,5,4,8
2022-08-12 04:00:00+00:00,2022-08-12 06:00:00+02:00,49290.884999999995,49.290884999999996,18.2,46,0,0,6,4,8
2022-08-12 05:00:00+00:00,2022-08-12 07:00:00+02:00,53872.795,53.872794999999996,18.3,47,0,0,7,4,8
2022-08-12 06:00:00+00:00,2022-08-12 08:00:00+02:00,57322.6025,57.3226025,20.4,44,0,1,8,4,8
2022-08-12 07:00:00+00:00,2022-08-12 09:00:00+02:00,58937.815,58.937815,22.7,38,0,1,9,4,8
2022-08-12 08:00:00+00:00,2022-08-12 10:00:00+02:00,60281.26,60.28126,25.0,34,0,1,10,4,8
2022-08-12 09:00:00+00:00,2022-08-12 11:00:00+02:00,61791.0,61.791,26.9,28,0,1,11,4,8
2022-08-12 10:00:00+00:00,2022-08-12 12:00:00+02:00,61577.9625,61.5779625,28.1,26,0,1,12,4,8
2022-08-12 11:00:00+00:00,2022-08-12 13:00:00+02:00,60126.7575,60.1267575,29.1,24,0,1,13,4,8
2022-08-12 12:00:00+00:00,2022-08-12 14:00:00+02:00,58635.305,58.635305,30.2,24,0,1,14,4,8
2022-08-12 13:00:00+00:00,2022-08-12 15:00:00+02:00,57495.9375,57.4959375,30.7,21,0,1,15,4,8
2022-08-12 14:00:00+00:00,2022-08-12 16:00:00+02:00,56396.2025,56.3962025,30.6,21,0,1,16,4,8
2022-08-12 15:00:00+00:00,2022-08-12 17:00:00+02:00,56203.8525,56.2038525,30.3,22,0,1,17,4,8
2022-08-12 16:00:00+00:00,2022-08-12 18:00:00+02:00,54889.04,54.88904,29.9,21,0,1,18,4,8
2022-08-12 17:00:00+00:00,2022-08-12 19:00:00+02:00,53879.89,53.879889999999996,29.5,20,0,1,19,4,8
2022-08-12 18:00:00+00:00,2022-08-12 20:00:00+02:00,52304.9,52.3049,28.4,19,0,1,20,4,8
2022-08-12 19:00:00+00:00,2022-08-12 21:00:00+02:00,51028.8175,51.028817499999995,26.6,22,0,0,21,4,8
2022-08-12 20:00:00+00:00,2022-08-12 22:00:00+02:00,48059.3375,48.0593375,25.3,27,0,0,22,4,8
2022-08-12 21:00:00+00:00,2022-08-12 23:00:00+02:00,44911.104999999996,44.911105,23.2,34,0,0,23,4,8
2022-08-12 22:00:00+00:00,2022-08-13 00:00:00+02:00,42292.9175,42.2929175,21.6,40,1,0,0,5,8
2022-08-12 23:00:00+00:00,2022-08-13 01:00:00+02:00,40499.807499999995,40.499807499999996,20.6,43,1,0,1,5,8
2022-08-13 00:00:00+00:00,2022-08-13 02:00:00+02:00,39237.6575,39.237657500000005,20.3,44,1,0,2,5,8
2022-08-13 01:00:00+00:00,2022-08-13 03:00:00+02:00,38607.9825,38.6079825,18.9,49,1,0,3,5,8
2022-08-13 02:00:00+00:00,2022-08-13 04:00:00+02:00,38289.5125,38.289512499999994,18.1,52,1,0,4,5,8
2022-08-13 03:00:00+00:00,2022-08-13 05:00:00+02:00,38552.1,38.552099999999996,17.6,54,1,0,5,5,8
2022-08-13 04:00:00+00:00,2022-08-13 06:00:00+02:00,39965.270000000004,39.965270000000004,17.2,56,1,0,6,5,8
2022-08-13 05:00:00+00:00,2022-08-13 07:00:00+02:00,42389.8625,42.3898625,17.6,56,1,0,7,5,8
2022-08-13 06:00:00+00:00,2022-08-13 08:00:00+02:00,45973.795,45.973794999999996,19.8,52,1,1,8,5,8
2022-08-13 07:00:00+00:00,2022-08-13 09:00:00+02:00,48981.802500000005,48.98180250000001,22.2,45,1,1,9,5,8
2022-08-13 08:00:00+00:00,2022-08-13 10:00:00+02:00,50809.395000000004,50.809395,24.7,40,1,1,10,5,8
2022-08-13 09:00:00+00:00,2022-08-13 11:00:00+02:00,51906.2175,51.9062175,26.8,36,1,1,11,5,8
2022-08-13 10:00:00+00:00,2022-08-13 12:00:00+02:00,51585.75,51.58575,28.5,30,1,1,12,5,8
2022-08-13 11:00:00+00:00,2022-08-13 13:00:00+02:00,50416.8575,50.4168575,29.8,26,1,1,13,5,8
2022-08-13 12:00:00+00:00,2022-08-13 14:00:00+02:00,49291.2475,49.2912475,30.8,24,1,1,14,5,8
2022-08-13 13:00:00+00:00,2022-08-13 15:00:00+02:00,48684.68,48.68468,31.4,23,1,1,15,5,8
2022-08-13 14:00:00+00:00,2022-08-13 16:00:00+02:00,47894.770000000004,47.89477,32.2,21,1,1,16,5,8
2022-08-13 15:00:00+00:00,2022-08-13 17:00:00+02:00,47993.7825,47.9937825,32.3,21,1,1,17,5,8
2022-08-13 16:00:00+00:00,2022-08-13 18:00:00+02:00,48218.2775,48.2182775,31.5,21,1,1,18,5,8
2022-08-13 17:00:00+00:00,2022-08-13 19:00:00+02:00,47684.2825,47.6842825,30.5,23,1,1,19,5,8
2022-08-13 18:00:00+00:00,2022-08-13 20:00:00+02:00,46258.05,46.258050000000004,29.3,25,1,1,20,5,8
2022-08-13 19:00:00+00:00,2022-08-13 21:00:00+02:00,45633.7625,45.633762499999996,27.0,34,1,0,21,5,8
2022-08-13 20:00:00+00:00,2022-08-13 22:00:00+02:00,43333.0775,43.3330775,26.0,35,1,0,22,5,8
2022-08-13 21:00:00+00:00,2022-08-13 23:00:00+02:00,41077.9375,41.0779375,24.2,41,1,0,23,5,8
2022-08-13 22:00:00+00:00,2022-08-14 00:00:00+02:00,39057.435,39.057435,23.0,46,1,0,0,6,8
2022-08-13 23:00:00+00:00,2022-08-14 01:00:00+02:00,37483.565,37.483565000000006,21.8,52,1,0,1,6,8
2022-08-14 00:00:00+00:00,2022-08-14 02:00:00+02:00,36372.7325,36.3727325,21.2,56,1,0,2,6,8
2022-08-14 01:00:00+00:00,2022-08-14 03:00:00+02:00,35877.05,35.877050000000004,20.6,59,1,0,3,6,8
2022-08-14 02:00:00+00:00,2022-08-14 04:00:00+02:00,35705.9225,35.7059225,20.2,62,1,0,4,6,8
2022-08-14 03:00:00+00:00,2022-08-14 05:00:00+02:00,36114.79,36.11479,19.7,65,1,0,5,6,8
2022-08-14 04:00:00+00:00,2022-08-14 06:00:00+02:00,36770.615,36.770615,19.0,70,1,0,6,6,8
2022-08-14 05:00:00+00:00,2022-08-14 07:00:00+02:00,38756.29,38.75629,19.1,72,1,0,7,6,8
2022-08-14 06:00:00+00:00,2022-08-14 08:00:00+02:00,42107.8925,42.1078925,21.1,66,1,1,8,6,8
2022-08-14 07:00:00+00:00,2022-08-14 09:00:00+02:00,44922.4075,44.9224075,22.9,60,1,1,9,6,8
2022-08-14 08:00:00+00:00,2022-08-14 10:00:00+02:00,47026.3125,47.0263125,25.0,53,1,1,10,6,8
2022-08-14 09:00:00+00:00,2022-08-14 11:00:00+02:00,48945.245,48.945245,27.1,45,1,1,11,6,8
2022-08-14 10:00:00+00:00,2022-08-14 12:00:00+02:00,48914.6025,48.9146025,28.9,37,1,1,12,6,8
2022-08-14 11:00:00+00:00,2022-08-14 13:00:00+02:00,47618.1425,47.618142500000005,30.2,32,1,1,13,6,8
2022-08-14 12:00:00+00:00,2022-08-14 14:00:00+02:00,46742.8375,46.7428375,31.2,30,1,1,14,6,8
2022-08-14 13:00:00+00:00,2022-08-14 15:00:00+02:00,46227.35,46.22735,32.0,26,1,1,15,6,8
2022-08-14 14:00:00+00:00,2022-08-14 16:00:00+02:00,46310.3025,46.3103025,32.5,25,1,1,16,6,8
2022-08-14 15:00:00+00:00,2022-08-14 17:00:00+02:00,46792.5975,46.79259750000001,32.6,25,1,1,17,6,8
2022-08-14 16:00:00+00:00,2022-08-14 18:00:00+02:00,47808.6125,47.8086125,32.1,26,1,1,18,6,8
2022-08-14 17:00:00+00:00,2022-08-14 19:00:00+02:00,47963.7975,47.9637975,31.5,26,1,1,19,6,8
2022-08-14 18:00:00+00:00,2022-08-14 20:00:00+02:00,47834.2875,47.8342875,29.8,30,1,1,20,6,8
2022-08-14 19:00:00+00:00,2022-08-14 21:00:00+02:00,48021.7,48.021699999999996,28.2,32,1,0,21,6,8
2022-08-14 20:00:00+00:00,2022-08-14 22:00:00+02:00,46752.49,46.752489999999995,27.0,35,1,0,22,6,8
2022-08-14 21:00:00+00:00,2022-08-14 23:00:00+02:00,44411.16,44.41116,25.2,41,1,0,23,6,8
2022-08-14 22:00:00+00:00,2022-08-15 00:00:00+02:00,42096.5775,42.0965775,25.1,42,0,0,0,0,8
2022-08-14 23:00:00+00:00,2022-08-15 01:00:00+02:00,41257.9675,41.2579675,24.2,46,0,0,1,0,8
2022-08-15 00:00:00+00:00,2022-08-15 02:00:00+02:00,39444.32,39.44432,21.5,68,0,0,2,0,8
2022-08-15 01:00:00+00:00,2022-08-15 03:00:00+02:00,39032.9725,39.03297250000001,22.1,56,0,0,3,0,8
2022-08-15 02:00:00+00:00,2022-08-15 04:00:00+02:00,40050.8575,40.0508575,21.2,59,0,0,4,0,8
2022-08-15 03:00:00+00:00,2022-08-15 05:00:00+02:00,42939.84,42.93984,20.6,67,0,0,5,0,8
2022-08-15 04:00:00+00:00,2022-08-15 06:00:00+02:00,48568.9225,48.5689225,20.5,70,0,0,6,0,8
2022-08-15 05:00:00+00:00,2022-08-15 07:00:00+02:00,52833.645000000004,52.833645000000004,20.3,70,0,0,7,0,8
2022-08-15 06:00:00+00:00,2022-08-15 08:00:00+02:00,55345.4775,55.3454775,21.0,65,0,1,8,0,8
2022-08-15 07:00:00+00:00,2022-08-15 09:00:00+02:00,57285.947499999995,57.28594749999999,21.3,63,0,1,9,0,8
2022-08-15 08:00:00+00:00,2022-08-15 10:00:00+02:00,59193.305,59.193305,21.5,62,0,1,10,0,8
2022-08-15 09:00:00+00:00,2022-08-15 11:00:00+02:00,60908.0925,60.9080925,22.9,55,0,1,11,0,8
2022-08-15 10:00:00+00:00,2022-08-15 12:00:00+02:00,60802.7425,60.8027425,25.9,43,0,1,12,0,8
2022-08-15 11:00:00+00:00,2022-08-15 13:00:00+02:00,59912.515,59.912515,27.1,40,0,1,13,0,8
2022-08-15 12:00:00+00:00,2022-08-15 14:00:00+02:00,58811.4725,58.8114725,24.7,54,0,1,14,0,8
2022-08-15 13:00:00+00:00,2022-08-15 15:00:00+02:00,58165.635,58.165635,25.0,54,0,1,15,0,8
2022-08-15 14:00:00+00:00,2022-08-15 16:00:00+02:00,57094.3925,57.094392500000005,23.6,54,0,1,16,0,8
2022-08-15 15:00:00+00:00,2022-08-15 17:00:00+02:00,57456.5,57.4565,24.7,50,0,1,17,0,8
2022-08-15 16:00:00+00:00,2022-08-15 18:00:00+02:00,56875.935,56.875935,25.0,50,0,1,18,0,8
2022-08-15 17:00:00+00:00,2022-08-15 19:00:00+02:00,56259.86,56.25986,24.3,53,0,1,19,0,8
2022-08-15 18:00:00+00:00,2022-08-15 20:00:00+02:00,54643.83,54.64383,23.4,56,0,1,20,0,8
2022-08-15 19:00:00+00:00,2022-08-15 21:00:00+02:00,52941.81,52.94181,22.2,59,0,0,21,0,8
2022-08-15 20:00:00+00:00,2022-08-15 22:00:00+02:00,49203.26,49.20326,21.4,63,0,0,22,0,8
2022-08-15 21:00:00+00:00,2022-08-15 23:00:00+02:00,45501.5175,45.5015175,20.4,66,0,0,23,0,8
2022-08-15 22:00:00+00:00,2022-08-16 00:00:00+02:00,42831.31,42.831309999999995,19.6,70,0,0,0,1,8
2022-08-15 23:00:00+00:00,2022-08-16 01:00:00+02:00,41152.2425,41.1522425,19.1,70,0,0,1,1,8
2022-08-16 00:00:00+00:00,2022-08-16 02:00:00+02:00,40558.7875,40.5587875,19.1,80,0,0,2,1,8
2022-08-16 01:00:00+00:00,2022-08-16 03:00:00+02:00,40718.155,40.718154999999996,18.2,85,0,0,3,1,8
2022-08-16 02:00:00+00:00,2022-08-16 04:00:00+02:00,42031.1225,42.031122499999995,17.6,89,0,0,4,1,8
2022-08-16 03:00:00+00:00,2022-08-16 05:00:00+02:00,44574.9625,44.5749625,17.3,92,0,0,5,1,8
2022-08-16 04:00:00+00:00,2022-08-16 06:00:00+02:00,50391.4125,50.3914125,17.0,95,0,0,6,1,8
2022-08-16 05:00:00+00:00,2022-08-16 07:00:00+02:00,55002.94,55.00294,17.2,94,0,0,7,1,8
2022-08-16 06:00:00+00:00,2022-08-16 08:00:00+02:00,58231.675,58.231675,18.7,85,0,1,8,1,8
2022-08-16 07:00:00+00:00,2022-08-16 09:00:00+02:00,59600.715,59.600714999999994,20.4,76,0,1,9,1,8
2022-08-16 08:00:00+00:00,2022-08-16 10:00:00+02:00,61059.167499999996,61.059167499999994,22.0,68,0,1,10,1,8
2022-08-16 09:00:00+00:00,2022-08-16 11:00:00+02:00,62322.49,62.322489999999995,23.5,59,0,1,11,1,8
2022-08-16 10:00:00+00:00,2022-08-16 12:00:00+02:00,62259.1575,62.2591575,24.8,54,0,1,12,1,8
2022-08-16 11:00:00+00:00,2022-08-16 13:00:00+02:00,61456.7825,61.4567825,26.0,50,0,1,13,1,8
2022-08-16 12:00:00+00:00,2022-08-16 14:00:00+02:00,60191.935,60.191935,26.9,45,0,1,14,1,8
2022-08-16 13:00:00+00:00,2022-08-16 15:00:00+02:00,59227.7275,59.2277275,27.9,40,0,1,15,1,8
2022-08-16 14:00:00+00:00,2022-08-16 16:00:00+02:00,58101.32,58.10132,27.8,41,0,1,16,1,8
2022-08-16 15:00:00+00:00,2022-08-16 17:00:00+02:00,57981.225,57.981225,28.0,40,0,1,17,1,8
2022-08-16 16:00:00+00:00,2022-08-16 18:00:00+02:00,57460.1025,57.4601025,27.8,40,0,1,18,1,8
2022-08-16 17:00:00+00:00,2022-08-16 19:00:00+02:00,56341.865000000005,56.341865000000006,27.3,41,0,1,19,1,8
2022-08-16 18:00:00+00:00,2022-08-16 20:00:00+02:00,54794.7625,54.7947625,25.4,50,0,1,20,1,8
2022-08-16 19:00:00+00:00,2022-08-16 21:00:00+02:00,53169.55,53.16955,22.7,60,0,0,21,1,8
2022-08-16 20:00:00+00:00,2022-08-16 22:00:00+02:00,49469.76,49.46976,21.6,62,0,0,22,1,8
2022-08-16 21:00:00+00:00,2022-08-16 23:00:00+02:00,46024.75,46.02475,21.4,58,0,0,23,1,8
2022-08-16 22:00:00+00:00,2022-08-17 00:00:00+02:00,43468.1475,43.4681475,20.7,58,0,0,0,2,8
2022-08-16 23:00:00+00:00,2022-08-17 01:00:00+02:00,42042.557499999995,42.042557499999994,19.7,63,0,0,1,2,8
2022-08-17 00:00:00+00:00,2022-08-17 02:00:00+02:00,41682.155,41.682155,19.2,70,0,0,2,2,8
2022-08-17 01:00:00+00:00,2022-08-17 03:00:00+02:00,41606.4375,41.6064375,17.5,75,0,0,3,2,8
2022-08-17 02:00:00+00:00,2022-08-17 04:00:00+02:00,42571.8375,42.5718375,18.1,72,0,0,4,2,8
2022-08-17 03:00:00+00:00,2022-08-17 05:00:00+02:00,45440.945,45.440945,17.4,76,0,0,5,2,8
2022-08-17 04:00:00+00:00,2022-08-17 06:00:00+02:00,51064.245,51.064245,17.7,74,0,0,6,2,8
2022-08-17 05:00:00+00:00,2022-08-17 07:00:00+02:00,55690.229999999996,55.69022999999999,18.7,69,0,0,7,2,8
2022-08-17 06:00:00+00:00,2022-08-17 08:00:00+02:00,58925.415,58.925415,20.2,66,0,1,8,2,8
2022-08-17 07:00:00+00:00,2022-08-17 09:00:00+02:00,60495.08,60.49508,22.2,57,0,1,9,2,8
2022-08-17 08:00:00+00:00,2022-08-17 10:00:00+02:00,62219.255,62.219255,22.5,56,0,1,10,2,8
2022-08-17 09:00:00+00:00,2022-08-17 11:00:00+02:00,63778.1475,63.778147499999996,23.1,56,0,1,11,2,8
2022-08-17 10:00:00+00:00,2022-08-17 12:00:00+02:00,63541.3825,63.5413825,24.7,53,0,1,12,2,8
2022-08-17 11:00:00+00:00,2022-08-17 13:00:00+02:00,62168.630000000005,62.16863000000001,23.9,57,0,1,13,2,8
2022-08-17 12:00:00+00:00,2022-08-17 14:00:00+02:00,60396.445,60.396445,25.7,55,0,1,14,2,8
2022-08-17 13:00:00+00:00,2022-08-17 15:00:00+02:00,59366.305,59.366305,26.9,42,0,1,15,2,8
2022-08-17 14:00:00+00:00,2022-08-17 16:00:00+02:00,58246.707500000004,58.24670750000001,25.5,46,0,1,16,2,8
2022-08-17 15:00:00+00:00,2022-08-17 17:00:00+02:00,58214.325,58.214324999999995,26.9,45,0,1,17,2,8
2022-08-17 16:00:00+00:00,2022-08-17 18:00:00+02:00,57870.229999999996,57.87023,27.8,42,0,1,18,2,8
2022-08-17 17:00:00+00:00,2022-08-17 19:00:00+02:00,57103.6175,57.1036175,27.4,46,0,1,19,2,8
2022-08-17 18:00:00+00:00,2022-08-17 20:00:00+02:00,55357.655,55.357655,25.2,57,0,1,20,2,8
2022-08-17 19:00:00+00:00,2022-08-17 21:00:00+02:00,53902.6725,53.9026725,22.2,69,0,0,21,2,8
2022-08-17 20:00:00+00:00,2022-08-17 22:00:00+02:00,50441.2125,50.4412125,21.8,71,0,0,22,2,8
2022-08-17 21:00:00+00:00,2022-08-17 23:00:00+02:00,46656.895,46.656895,20.0,78,0,0,23,2,8
2022-08-17 22:00:00+00:00,2022-08-18 00:00:00+02:00,44340.692500000005,44.3406925,18.9,84,0,0,0,3,8
2022-08-17 23:00:00+00:00,2022-08-18 01:00:00+02:00,42917.1375,42.917137499999995,18.9,82,0,0,1,3,8
2022-08-18 00:00:00+00:00,2022-08-18 02:00:00+02:00,42053.9825,42.0539825,20.1,76,0,0,2,3,8
2022-08-18 01:00:00+00:00,2022-08-18 03:00:00+02:00,41913.8375,41.9138375,19.8,83,0,0,3,3,8
2022-08-18 02:00:00+00:00,2022-08-18 04:00:00+02:00,42652.015,42.652015,19.3,85,0,0,4,3,8
2022-08-18 03:00:00+00:00,2022-08-18 05:00:00+02:00,45708.1225,45.708122499999995,19.3,87,0,0,5,3,8
2022-08-18 04:00:00+00:00,2022-08-18 06:00:00+02:00,51469.4425,51.4694425,18.8,89,0,0,6,3,8
2022-08-18 05:00:00+00:00,2022-08-18 07:00:00+02:00,56246.495,56.246495,18.9,86,0,0,7,3,8
2022-08-18 06:00:00+00:00,2022-08-18 08:00:00+02:00,59693.130000000005,59.693130000000004,19.5,82,0,1,8,3,8
2022-08-18 07:00:00+00:00,2022-08-18 09:00:00+02:00,61260.1475,61.2601475,20.3,80,0,1,9,3,8
2022-08-18 08:00:00+00:00,2022-08-18 10:00:00+02:00,62556.6825,62.5566825,21.1,79,0,1,10,3,8
2022-08-18 09:00:00+00:00,2022-08-18 11:00:00+02:00,63789.3625,63.7893625,21.8,78,0,1,11,3,8
2022-08-18 10:00:00+00:00,2022-08-18 12:00:00+02:00,63836.3575,63.8363575,22.4,74,0,1,12,3,8
2022-08-18 11:00:00+00:00,2022-08-18 13:00:00+02:00,62726.9075,62.7269075,23.0,68,0,1,13,3,8
2022-08-18 12:00:00+00:00,2022-08-18 14:00:00+02:00,60641.35,60.641349999999996,23.5,65,0,1,14,3,8
2022-08-18 13:00:00+00:00,2022-08-18 15:00:00+02:00,59880.2625,59.8802625,24.8,58,0,1,15,3,8
2022-08-18 14:00:00+00:00,2022-08-18 16:00:00+02:00,58547.9975,58.5479975,25.2,54,0,1,16,3,8
2022-08-18 15:00:00+00:00,2022-08-18 17:00:00+02:00,58792.4325,58.792432500000004,25.8,50,0,1,17,3,8
2022-08-18 16:00:00+00:00,2022-08-18 18:00:00+02:00,59230.9825,59.230982499999996,25.9,48,0,1,18,3,8
2022-08-18 17:00:00+00:00,2022-08-18 19:00:00+02:00,57991.0525,57.991052499999995,25.1,50,0,1,19,3,8
2022-08-18 18:00:00+00:00,2022-08-18 20:00:00+02:00,56355.965,56.355965,24.1,54,0,1,20,3,8
2022-08-18 19:00:00+00:00,2022-08-18 21:00:00+02:00,54413.9975,54.4139975,23.2,60,0,0,21,3,8
2022-08-18 20:00:00+00:00,2022-08-18 22:00:00+02:00,50755.5175,50.7555175,22.2,64,0,0,22,3,8
2022-08-18 21:00:00+00:00,2022-08-18 23:00:00+02:00,47056.615,47.056615,22.1,65,0,0,23,3,8
2022-08-18 22:00:00+00:00,2022-08-19 00:00:00+02:00,44221.0075,44.2210075,21.9,66,0,0,0,4,8
2022-08-18 23:00:00+00:00,2022-08-19 01:00:00+02:00,42570.56,42.57056,21.5,69,0,0,1,4,8
2022-08-19 00:00:00+00:00,2022-08-19 02:00:00+02:00,42335.7175,42.3357175,20.4,73,0,0,2,4,8
2022-08-19 01:00:00+00:00,2022-08-19 03:00:00+02:00,42047.35,42.04735,20.2,72,0,0,3,4,8
2022-08-19 02:00:00+00:00,2022-08-19 04:00:00+02:00,43069.705,43.069705,20.2,73,0,0,4,4,8
2022-08-19 03:00:00+00:00,2022-08-19 05:00:00+02:00,45758.25,45.75825,19.8,75,0,0,5,4,8
2022-08-19 04:00:00+00:00,2022-08-19 06:00:00+02:00,51241.035,51.241035000000004,19.3,79,0,0,6,4,8
2022-08-19 05:00:00+00:00,2022-08-19 07:00:00+02:00,55939.402500000004,55.93940250000001,19.6,78,0,0,7,4,8
2022-08-19 06:00:00+00:00,2022-08-19 08:00:00+02:00,59129.6225,59.129622499999996,20.5,76,0,1,8,4,8
2022-08-19 07:00:00+00:00,2022-08-19 09:00:00+02:00,60037.6025,60.0376025,22.3,68,0,1,9,4,8
2022-08-19 08:00:00+00:00,2022-08-19 10:00:00+02:00,61087.0625,61.0870625,23.7,60,0,1,10,4,8
2022-08-19 09:00:00+00:00,2022-08-19 11:00:00+02:00,62016.3425,62.0163425,24.9,53,0,1,11,4,8
2022-08-19 10:00:00+00:00,2022-08-19 12:00:00+02:00,61701.665,61.701665,25.7,49,0,1,12,4,8
2022-08-19 11:00:00+00:00,2022-08-19 13:00:00+02:00,59895.8725,59.895872499999996,26.2,49,0,1,13,4,8
2022-08-19 12:00:00+00:00,2022-08-19 14:00:00+02:00,57919.17,57.91917,27.1,45,0,1,14,4,8
2022-08-19 13:00:00+00:00,2022-08-19 15:00:00+02:00,57118.98,57.11898,28.2,41,0,1,15,4,8
2022-08-19 14:00:00+00:00,2022-08-19 16:00:00+02:00,56405.682499999995,56.4056825,28.3,38,0,1,16,4,8
2022-08-19 15:00:00+00:00,2022-08-19 17:00:00+02:00,56859.74,56.859739999999995,27.6,38,0,1,17,4,8
2022-08-19 16:00:00+00:00,2022-08-19 18:00:00+02:00,56646.76,56.64676,27.4,38,0,1,18,4,8
2022-08-19 17:00:00+00:00,2022-08-19 19:00:00+02:00,55164.5025,55.164502500000005,26.5,40,0,1,19,4,8
2022-08-19 18:00:00+00:00,2022-08-19 20:00:00+02:00,52983.585,52.983585,25.2,44,0,1,20,4,8
2022-08-19 19:00:00+00:00,2022-08-19 21:00:00+02:00,50627.6225,50.6276225,24.0,47,0,0,21,4,8
2022-08-19 20:00:00+00:00,2022-08-19 22:00:00+02:00,47342.005,47.342005,22.9,51,0,0,22,4,8
2022-08-19 21:00:00+00:00,2022-08-19 23:00:00+02:00,43851.8575,43.8518575,22.0,54,0,0,23,4,8
2022-08-19 22:00:00+00:00,2022-08-20 00:00:00+02:00,41298.9225,41.2989225,21.1,62,1,0,0,5,8
2022-08-19 23:00:00+00:00,2022-08-20 01:00:00+02:00,40163.35,40.16335,20.2,70,1,0,1,5,8
2022-08-20 00:00:00+00:00,2022-08-20 02:00:00+02:00,38952.3575,38.9523575,19.9,77,1,0,2,5,8
2022-08-20 01:00:00+00:00,2022-08-20 03:00:00+02:00,38657.155,38.657154999999996,18.9,83,1,0,3,5,8
2022-08-20 02:00:00+00:00,2022-08-20 04:00:00+02:00,38289.6575,38.289657500000004,18.7,85,1,0,4,5,8
2022-08-20 03:00:00+00:00,2022-08-20 05:00:00+02:00,39296.149999999994,39.29615,18.5,86,1,0,5,5,8
2022-08-20 04:00:00+00:00,2022-08-20 06:00:00+02:00,40811.3125,40.8113125,18.4,87,1,0,6,5,8
2022-08-20 05:00:00+00:00,2022-08-20 07:00:00+02:00,42890.44,42.890440000000005,18.6,87,1,0,7,5,8
2022-08-20 06:00:00+00:00,2022-08-20 08:00:00+02:00,45683.355,45.683355000000006,19.1,86,1,1,8,5,8
2022-08-20 07:00:00+00:00,2022-08-20 09:00:00+02:00,48510.9075,48.5109075,19.8,84,1,1,9,5,8
2022-08-20 08:00:00+00:00,2022-08-20 10:00:00+02:00,50521.58,50.52158,21.3,78,1,1,10,5,8
2022-08-20 09:00:00+00:00,2022-08-20 11:00:00+02:00,51334.6,51.3346,23.1,67,1,1,11,5,8
2022-08-20 10:00:00+00:00,2022-08-20 12:00:00+02:00,50951.89,50.95189,24.4,58,1,1,12,5,8
2022-08-20 11:00:00+00:00,2022-08-20 13:00:00+02:00,49460.98,49.460980000000006,23.9,60,1,1,13,5,8
2022-08-20 12:00:00+00:00,2022-08-20 14:00:00+02:00,48019.1275,48.0191275,26.4,48,1,1,14,5,8
2022-08-20 13:00:00+00:00,2022-08-20 15:00:00+02:00,46789.075,46.789075,27.0,41,1,1,15,5,8
2022-08-20 14:00:00+00:00,2022-08-20 16:00:00+02:00,46914.6425,46.9146425,27.7,37,1,1,16,5,8
2022-08-20 15:00:00+00:00,2022-08-20 17:00:00+02:00,47216.475,47.216474999999996,27.2,37,1,1,17,5,8
2022-08-20 16:00:00+00:00,2022-08-20 18:00:00+02:00,47556.9075,47.5569075,25.6,40,1,1,18,5,8
2022-08-20 17:00:00+00:00,2022-08-20 19:00:00+02:00,46475.675,46.475675,24.9,39,1,1,19,5,8
2022-08-20 18:00:00+00:00,2022-08-20 20:00:00+02:00,45192.3,45.1923,23.1,44,1,1,20,5,8
2022-08-20 19:00:00+00:00,2022-08-20 21:00:00+02:00,43994.9,43.9949,21.2,50,1,0,21,5,8
2022-08-20 20:00:00+00:00,2022-08-20 22:00:00+02:00,41597.5875,41.5975875,20.1,55,1,0,22,5,8
2022-08-20 21:00:00+00:00,2022-08-20 23:00:00+02:00,39368.09,39.368089999999995,19.3,59,1,0,23,5,8
2022-08-20 22:00:00+00:00,2022-08-21 00:00:00+02:00,38108.55,38.10855,18.9,61,1,0,0,6,8
2022-08-20 23:00:00+00:00,2022-08-21 01:00:00+02:00,36850.8225,36.8508225,18.4,64,1,0,1,6,8
2022-08-21 00:00:00+00:00,2022-08-21 02:00:00+02:00,35866.39,35.86639,17.8,70,1,0,2,6,8
2022-08-21 01:00:00+00:00,2022-08-21 03:00:00+02:00,35238.1725,35.2381725,16.2,80,1,0,3,6,8
2022-08-21 02:00:00+00:00,2022-08-21 04:00:00+02:00,35178.1825,35.178182500000005,16.5,79,1,0,4,6,8
2022-08-21 03:00:00+00:00,2022-08-21 05:00:00+02:00,35440.395000000004,35.440395,15.3,85,1,0,5,6,8
2022-08-21 04:00:00+00:00,2022-08-21 06:00:00+02:00,35697.655,35.697655,14.0,92,1,0,6,6,8
2022-08-21 05:00:00+00:00,2022-08-21 07:00:00+02:00,37130.5325,37.1305325,14.3,93,1,0,7,6,8
2022-08-21 06:00:00+00:00,2022-08-21 08:00:00+02:00,40006.12,40.00612,17.0,81,1,1,8,6,8
2022-08-21 07:00:00+00:00,2022-08-21 09:00:00+02:00,43018.165,43.018165,19.4,69,1,1,9,6,8
2022-08-21 08:00:00+00:00,2022-08-21 10:00:00+02:00,45219.7175,45.2197175,21.2,62,1,1,10,6,8
2022-08-21 09:00:00+00:00,2022-08-21 11:00:00+02:00,47276.682499999995,47.27668249999999,22.9,55,1,1,11,6,8
2022-08-21 10:00:00+00:00,2022-08-21 12:00:00+02:00,46881.285,46.881285000000005,24.3,47,1,1,12,6,8
2022-08-21 11:00:00+00:00,2022-08-21 13:00:00+02:00,45577.7275,45.5777275,25.0,43,1,1,13,6,8
2022-08-21 12:00:00+00:00,2022-08-21 14:00:00+02:00,44317.865000000005,44.317865000000005,26.2,38,1,1,14,6,8
2022-08-21 13:00:00+00:00,2022-08-21 15:00:00+02:00,43981.415,43.981415,27.0,35,1,1,15,6,8
2022-08-21 14:00:00+00:00,2022-08-21 16:00:00+02:00,43633.875,43.633875,27.1,34,1,1,16,6,8
2022-08-21 15:00:00+00:00,2022-08-21 17:00:00+02:00,44171.43,44.17143,27.0,33,1,1,17,6,8
2022-08-21 16:00:00+00:00,2022-08-21 18:00:00+02:00,44549.57,44.54957,26.9,31,1,1,18,6,8
2022-08-21 17:00:00+00:00,2022-08-21 19:00:00+02:00,44588.0975,44.5880975,26.6,28,1,1,19,6,8
2022-08-21 18:00:00+00:00,2022-08-21 20:00:00+02:00,44738.14,44.73814,24.9,37,1,1,20,6,8
2022-08-21 19:00:00+00:00,2022-08-21 21:00:00+02:00,44585.93,44.58593,20.7,46,1,0,21,6,8
2022-08-21 20:00:00+00:00,2022-08-21 22:00:00+02:00,43113.155,43.113155,19.9,47,1,0,22,6,8
2022-08-21 21:00:00+00:00,2022-08-21 23:00:00+02:00,40458.565,40.458565,20.6,43,1,0,23,6,8
2022-08-21 22:00:00+00:00,2022-08-22 00:00:00+02:00,38869.1475,38.8691475,20.3,46,0,0,0,0,8
2022-08-21 23:00:00+00:00,2022-08-22 01:00:00+02:00,37730.6125,37.7306125,19.8,50,0,0,1,0,8
2022-08-22 00:00:00+00:00,2022-08-22 02:00:00+02:00,37037.91,37.037910000000004,19.0,54,0,0,2,0,8
2022-08-22 01:00:00+00:00,2022-08-22 03:00:00+02:00,37131.71,37.13171,18.1,57,0,0,3,0,8
2022-08-22 02:00:00+00:00,2022-08-22 04:00:00+02:00,38577.3125,38.5773125,17.4,59,0,0,4,0,8
2022-08-22 03:00:00+00:00,2022-08-22 05:00:00+02:00,41778.07,41.77807,16.9,61,0,0,5,0,8
2022-08-22 04:00:00+00:00,2022-08-22 06:00:00+02:00,48529.815,48.529815,16.3,64,0,0,6,0,8
2022-08-22 05:00:00+00:00,2022-08-22 07:00:00+02:00,53398.83,53.398830000000004,15.8,67,0,0,7,0,8
2022-08-22 06:00:00+00:00,2022-08-22 08:00:00+02:00,57219.1725,57.2191725,17.3,65,0,1,8,0,8
2022-08-22 07:00:00+00:00,2022-08-22 09:00:00+02:00,59147.08,59.14708,19.6,61,0,1,9,0,8
2022-08-22 08:00:00+00:00,2022-08-22 10:00:00+02:00,60459.44,60.45944,22.2,56,0,1,10,0,8
2022-08-22 09:00:00+00:00,2022-08-22 11:00:00+02:00,61475.3125,61.4753125,24.7,49,0,1,11,0,8
2022-08-22 10:00:00+00:00,2022-08-22 12:00:00+02:00,61256.005,61.256004999999995,26.6,39,0,1,12,0,8
2022-08-22 11:00:00+00:00,2022-08-22 13:00:00+02:00,60474.082500000004,60.4740825,27.7,33,0,1,13,0,8
2022-08-22 12:00:00+00:00,2022-08-22 14:00:00+02:00,59310.4525,59.3104525,28.4,29,0,1,14,0,8
2022-08-22 13:00:00+00:00,2022-08-22 15:00:00+02:00,58857.66,58.85766,29.0,28,0,1,15,0,8
2022-08-22 14:00:00+00:00,2022-08-22 16:00:00+02:00,57667.905,57.667905,29.3,27,0,1,16,0,8
2022-08-22 15:00:00+00:00,2022-08-22 17:00:00+02:00,57361.215,57.361214999999994,29.4,27,0,1,17,0,8
2022-08-22 16:00:00+00:00,2022-08-22 18:00:00+02:00,57315.380000000005,57.315380000000005,29.0,27,0,1,18,0,8
2022-08-22 17:00:00+00:00,2022-08-22 19:00:00+02:00,56704.7425,56.7047425,28.1,29,0,1,19,0,8
2022-08-22 18:00:00+00:00,2022-08-22 20:00:00+02:00,55031.415,55.031415,25.8,36,0,1,20,0,8
2022-08-22 19:00:00+00:00,2022-08-22 21:00:00+02:00,53000.025,53.000025,24.8,36,0,0,21,0,8
2022-08-22 20:00:00+00:00,2022-08-22 22:00:00+02:00,49357.5725,49.3575725,24.0,38,0,0,22,0,8
2022-08-22 21:00:00+00:00,2022-08-22 23:00:00+02:00,46018.05,46.01805,22.7,40,0,0,23,0,8
2022-08-22 22:00:00+00:00,2022-08-23 00:00:00+02:00,43194.0325,43.1940325,21.6,44,0,0,0,1,8
2022-08-22 23:00:00+00:00,2022-08-23 01:00:00+02:00,41652.9175,41.6529175,20.6,47,0,0,1,1,8
2022-08-23 00:00:00+00:00,2022-08-23 02:00:00+02:00,40717.3825,40.7173825,20.1,54,0,0,2,1,8
2022-08-23 01:00:00+00:00,2022-08-23 03:00:00+02:00,41218.71,41.21871,19.6,60,0,0,3,1,8
2022-08-23 02:00:00+00:00,2022-08-23 04:00:00+02:00,41958.1425,41.9581425,18.7,66,0,0,4,1,8
2022-08-23 03:00:00+00:00,2022-08-23 05:00:00+02:00,44893.94,44.89394,18.0,68,0,0,5,1,8
2022-08-23 04:00:00+00:00,2022-08-23 06:00:00+02:00,51200.5725,51.2005725,17.3,70,0,0,6,1,8
2022-08-23 05:00:00+00:00,2022-08-23 07:00:00+02:00,55523.065,55.523065,17.0,70,0,0,7,1,8
2022-08-23 06:00:00+00:00,2022-08-23 08:00:00+02:00,58791.555,58.791555,18.8,63,0,1,8,1,8
2022-08-23 07:00:00+00:00,2022-08-23 09:00:00+02:00,60057.957500000004,60.0579575,20.9,55,0,1,9,1,8
2022-08-23 08:00:00+00:00,2022-08-23 10:00:00+02:00,61458.8125,61.4588125,23.4,47,0,1,10,1,8
2022-08-23 09:00:00+00:00,2022-08-23 11:00:00+02:00,62207.8925,62.2078925,25.8,41,0,1,11,1,8
2022-08-23 10:00:00+00:00,2022-08-23 12:00:00+02:00,62207.057499999995,62.2070575,27.7,36,0,1,12,1,8
2022-08-23 11:00:00+00:00,2022-08-23 13:00:00+02:00,62165.04,62.16504,29.0,33,0,1,13,1,8
2022-08-23 12:00:00+00:00,2022-08-23 14:00:00+02:00,61089.1125,61.089112500000006,29.5,31,0,1,14,1,8
2022-08-23 13:00:00+00:00,2022-08-23 15:00:00+02:00,59715.8975,59.7158975,30.2,29,0,1,15,1,8
2022-08-23 14:00:00+00:00,2022-08-23 16:00:00+02:00,58497.685,58.497685,30.5,28,0,1,16,1,8
2022-08-23 15:00:00+00:00,2022-08-23 17:00:00+02:00,58220.3375,58.2203375,30.2,27,0,1,17,1,8
2022-08-23 16:00:00+00:00,2022-08-23 18:00:00+02:00,57983.3,57.9833,29.6,25,0,1,18,1,8
2022-08-23 17:00:00+00:00,2022-08-23 19:00:00+02:00,57253.7525,57.253752500000004,29.1,26,0,1,19,1,8
2022-08-23 18:00:00+00:00,2022-08-23 20:00:00+02:00,55802.479999999996,55.802479999999996,25.8,37,0,1,20,1,8
2022-08-23 19:00:00+00:00,2022-08-23 21:00:00+02:00,53885.79,53.88579,23.2,40,0,0,21,1,8
2022-08-23 20:00:00+00:00,2022-08-23 22:00:00+02:00,50158.28999999999,50.158289999999994,23.0,40,0,0,22,1,8
2022-08-23 21:00:00+00:00,2022-08-23 23:00:00+02:00,46648.47,46.64847,21.6,44,0,0,23,1,8
2022-08-23 22:00:00+00:00,2022-08-24 00:00:00+02:00,44000.8875,44.0008875,22.6,42,0,0,0,2,8
2022-08-23 23:00:00+00:00,2022-08-24 01:00:00+02:00,42600.567500000005,42.600567500000004,21.7,46,0,0,1,2,8
2022-08-24 00:00:00+00:00,2022-08-24 02:00:00+02:00,41614.7625,41.6147625,20.3,54,0,0,2,2,8
2022-08-24 01:00:00+00:00,2022-08-24 03:00:00+02:00,41613.052500000005,41.6130525,19.0,62,0,0,3,2,8
2022-08-24 02:00:00+00:00,2022-08-24 04:00:00+02:00,42445.94,42.44594,19.0,64,0,0,4,2,8
2022-08-24 03:00:00+00:00,2022-08-24 05:00:00+02:00,45399.8725,45.3998725,18.4,69,0,0,5,2,8
2022-08-24 04:00:00+00:00,2022-08-24 06:00:00+02:00,51037.59,51.037589999999994,17.8,74,0,0,6,2,8
2022-08-24 05:00:00+00:00,2022-08-24 07:00:00+02:00,55452.865000000005,55.452865,17.5,77,0,0,7,2,8
2022-08-24 06:00:00+00:00,2022-08-24 08:00:00+02:00,58482.6575,58.4826575,19.1,72,0,1,8,2,8
2022-08-24 07:00:00+00:00,2022-08-24 09:00:00+02:00,59966.6075,59.966607499999995,21.1,64,0,1,9,2,8
2022-08-24 08:00:00+00:00,2022-08-24 10:00:00+02:00,61501.39,61.50139,23.7,56,0,1,10,2,8
2022-08-24 09:00:00+00:00,2022-08-24 11:00:00+02:00,62687.69,62.68769,26.1,48,0,1,11,2,8
2022-08-24 10:00:00+00:00,2022-08-24 12:00:00+02:00,62210.3475,62.210347500000005,28.1,41,0,1,12,2,8
2022-08-24 11:00:00+00:00,2022-08-24 13:00:00+02:00,61488.1725,61.4881725,29.7,35,0,1,13,2,8
2022-08-24 12:00:00+00:00,2022-08-24 14:00:00+02:00,60343.9725,60.34397250000001,31.0,29,0,1,14,2,8
2022-08-24 13:00:00+00:00,2022-08-24 15:00:00+02:00,59187.317500000005,59.187317500000006,32.0,27,0,1,15,2,8
2022-08-24 14:00:00+00:00,2022-08-24 16:00:00+02:00,58290.534999999996,58.290535,32.1,25,0,1,16,2,8
2022-08-24 15:00:00+00:00,2022-08-24 17:00:00+02:00,58437.3175,58.4373175,31.9,25,0,1,17,2,8
2022-08-24 16:00:00+00:00,2022-08-24 18:00:00+02:00,58304.385,58.304385,32.0,23,0,1,18,2,8
2022-08-24 17:00:00+00:00,2022-08-24 19:00:00+02:00,57650.2075,57.65020749999999,31.1,24,0,1,19,2,8
2022-08-24 18:00:00+00:00,2022-08-24 20:00:00+02:00,56185.07,56.18507,29.2,26,0,1,20,2,8
2022-08-24 19:00:00+00:00,2022-08-24 21:00:00+02:00,54187.572499999995,54.187572499999995,27.0,33,0,0,21,2,8
2022-08-24 20:00:00+00:00,2022-08-24 22:00:00+02:00,50143.2225,50.1432225,24.3,43,0,0,22,2,8
2022-08-24 21:00:00+00:00,2022-08-24 23:00:00+02:00,46849.33,46.84933,23.6,44,0,0,23,2,8
2022-08-24 22:00:00+00:00,2022-08-25 00:00:00+02:00,44175.7475,44.1757475,22.9,47,0,0,0,3,8
2022-08-24 23:00:00+00:00,2022-08-25 01:00:00+02:00,42750.26,42.750260000000004,22.4,51,0,0,1,3,8
2022-08-25 00:00:00+00:00,2022-08-25 02:00:00+02:00,41707.0325,41.707032500000004,21.5,55,0,0,2,3,8
2022-08-25 01:00:00+00:00,2022-08-25 03:00:00+02:00,41455.130000000005,41.455130000000004,19.9,65,0,0,3,3,8
2022-08-25 02:00:00+00:00,2022-08-25 04:00:00+02:00,42408.695,42.408695,18.8,74,0,0,4,3,8
2022-08-25 03:00:00+00:00,2022-08-25 05:00:00+02:00,45499.0,45.499,19.0,74,0,0,5,3,8
2022-08-25 04:00:00+00:00,2022-08-25 06:00:00+02:00,51778.3675,51.7783675,18.7,77,0,0,6,3,8
2022-08-25 05:00:00+00:00,2022-08-25 07:00:00+02:00,56257.8275,56.2578275,18.5,80,0,0,7,3,8
2022-08-25 06:00:00+00:00,2022-08-25 08:00:00+02:00,59184.4825,59.1844825,20.3,74,0,1,8,3,8
2022-08-25 07:00:00+00:00,2022-08-25 09:00:00+02:00,60882.83,60.88283,22.5,67,0,1,9,3,8
2022-08-25 08:00:00+00:00,2022-08-25 10:00:00+02:00,62067.17,62.06717,24.7,60,0,1,10,3,8
2022-08-25 09:00:00+00:00,2022-08-25 11:00:00+02:00,63046.5625,63.0465625,26.7,51,0,1,11,3,8
2022-08-25 10:00:00+00:00,2022-08-25 12:00:00+02:00,64129.8075,64.1298075,28.4,44,0,1,12,3,8
2022-08-25 11:00:00+00:00,2022-08-25 13:00:00+02:00,63253.8425,63.2538425,29.4,39,0,1,13,3,8
2022-08-25 12:00:00+00:00,2022-08-25 14:00:00+02:00,62098.6375,62.098637499999995,30.1,38,0,1,14,3,8
2022-08-25 13:00:00+00:00,2022-08-25 15:00:00+02:00,61586.07,61.58607,30.5,36,0,1,15,3,8
2022-08-25 14:00:00+00:00,2022-08-25 16:00:00+02:00,60491.84,60.491839999999996,30.7,35,0,1,16,3,8
2022-08-25 15:00:00+00:00,2022-08-25 17:00:00+02:00,60437.42,60.437419999999996,31.2,33,0,1,17,3,8
2022-08-25 16:00:00+00:00,2022-08-25 18:00:00+02:00,59809.1925,59.809192499999995,30.9,33,0,1,18,3,8
2022-08-25 17:00:00+00:00,2022-08-25 19:00:00+02:00,58995.6425,58.9956425,30.4,33,0,1,19,3,8
2022-08-25 18:00:00+00:00,2022-08-25 20:00:00+02:00,57709.315,57.709315000000004,28.6,38,0,1,20,3,8
2022-08-25 19:00:00+00:00,2022-08-25 21:00:00+02:00,55498.9525,55.4989525,27.2,41,0,0,21,3,8
2022-08-25 20:00:00+00:00,2022-08-25 22:00:00+02:00,51392.197499999995,51.392197499999995,26.1,44,0,0,22,3,8
2022-08-25 21:00:00+00:00,2022-08-25 23:00:00+02:00,47767.9725,47.767972500000006,24.5,48,0,0,23,3,8
2022-08-25 22:00:00+00:00,2022-08-26 00:00:00+02:00,44736.575,44.736574999999995,22.7,56,0,0,0,4,8
2022-08-25 23:00:00+00:00,2022-08-26 01:00:00+02:00,43149.375,43.149375,22.0,60,0,0,1,4,8
2022-08-26 00:00:00+00:00,2022-08-26 02:00:00+02:00,41680.57,41.68057,22.7,59,0,0,2,4,8
2022-08-26 01:00:00+00:00,2022-08-26 03:00:00+02:00,41550.575,41.550574999999995,21.4,64,0,0,3,4,8
2022-08-26 02:00:00+00:00,2022-08-26 04:00:00+02:00,42745.815,42.745815,21.1,65,0,0,4,4,8
2022-08-26 03:00:00+00:00,2022-08-26 05:00:00+02:00,46117.3425,46.1173425,20.7,66,0,0,5,4,8
2022-08-26 04:00:00+00:00,2022-08-26 06:00:00+02:00,52235.072499999995,52.235072499999994,20.0,69,0,0,6,4,8
2022-08-26 05:00:00+00:00,2022-08-26 07:00:00+02:00,56458.0175,56.458017500000004,20.0,71,0,0,7,4,8
2022-08-26 06:00:00+00:00,2022-08-26 08:00:00+02:00,59739.0875,59.739087500000004,21.6,67,0,1,8,4,8
2022-08-26 07:00:00+00:00,2022-08-26 09:00:00+02:00,61586.4975,61.5864975,23.9,58,0,1,9,4,8
2022-08-26 08:00:00+00:00,2022-08-26 10:00:00+02:00,63054.494999999995,63.054494999999996,26.3,52,0,1,10,4,8
2022-08-26 09:00:00+00:00,2022-08-26 11:00:00+02:00,63482.1275,63.482127500000004,28.0,47,0,1,11,4,8
2022-08-26 10:00:00+00:00,2022-08-26 12:00:00+02:00,62597.74,62.597739999999995,29.1,45,0,1,12,4,8
2022-08-26 11:00:00+00:00,2022-08-26 13:00:00+02:00,60957.0375,60.9570375,29.8,43,0,1,13,4,8
2022-08-26 12:00:00+00:00,2022-08-26 14:00:00+02:00,59793.055,59.793055,30.3,37,0,1,14,4,8
2022-08-26 13:00:00+00:00,2022-08-26 15:00:00+02:00,59108.9825,59.108982499999996,31.4,34,0,1,15,4,8
2022-08-26 14:00:00+00:00,2022-08-26 16:00:00+02:00,58180.2875,58.1802875,31.0,34,0,1,16,4,8
2022-08-26 15:00:00+00:00,2022-08-26 17:00:00+02:00,58020.515,58.020514999999996,23.1,77,0,1,17,4,8
2022-08-26 16:00:00+00:00,2022-08-26 18:00:00+02:00,57565.4125,57.5654125,24.1,73,0,1,18,4,8
2022-08-26 17:00:00+00:00,2022-08-26 19:00:00+02:00,55836.6125,55.8366125,25.1,63,0,1,19,4,8
2022-08-26 18:00:00+00:00,2022-08-26 20:00:00+02:00,54098.275,54.098275,23.7,67,0,1,20,4,8
2022-08-26 19:00:00+00:00,2022-08-26 21:00:00+02:00,51314.677500000005,51.3146775,22.3,75,0,0,21,4,8
2022-08-26 20:00:00+00:00,2022-08-26 22:00:00+02:00,47953.3675,47.9533675,20.4,88,0,0,22,4,8
2022-08-26 21:00:00+00:00,2022-08-26 23:00:00+02:00,45379.6325,45.3796325,20.4,89,0,0,23,4,8
2022-08-26 22:00:00+00:00,2022-08-27 00:00:00+02:00,42888.415,42.888415,19.9,91,1,0,0,5,8
2022-08-26 23:00:00+00:00,2022-08-27 01:00:00+02:00,40668.7,40.668699999999994,19.2,92,1,0,1,5,8
2022-08-27 00:00:00+00:00,2022-08-27 02:00:00+02:00,38890.655,38.890654999999995,19.7,92,1,0,2,5,8
2022-08-27 01:00:00+00:00,2022-08-27 03:00:00+02:00,38600.7125,38.6007125,19.4,93,1,0,3,5,8
2022-08-27 02:00:00+00:00,2022-08-27 04:00:00+02:00,38569.99,38.56999,19.4,92,1,0,4,5,8
2022-08-27 03:00:00+00:00,2022-08-27 05:00:00+02:00,39454.847499999996,39.4548475,18.8,93,1,0,5,5,8
2022-08-27 04:00:00+00:00,2022-08-27 06:00:00+02:00,40932.145,40.932145,18.6,92,1,0,6,5,8
2022-08-27 05:00:00+00:00,2022-08-27 07:00:00+02:00,43182.567500000005,43.182567500000005,18.8,91,1,0,7,5,8
2022-08-27 06:00:00+00:00,2022-08-27 08:00:00+02:00,46503.0925,46.5030925,19.0,88,1,1,8,5,8
2022-08-27 07:00:00+00:00,2022-08-27 09:00:00+02:00,49281.2175,49.2812175,19.3,87,1,1,9,5,8
2022-08-27 08:00:00+00:00,2022-08-27 10:00:00+02:00,51312.4475,51.312447500000005,20.3,82,1,1,10,5,8
2022-08-27 09:00:00+00:00,2022-08-27 11:00:00+02:00,52473.8825,52.4738825,21.3,74,1,1,11,5,8
2022-08-27 10:00:00+00:00,2022-08-27 12:00:00+02:00,52360.6425,52.360642500000004,22.4,68,1,1,12,5,8
2022-08-27 11:00:00+00:00,2022-08-27 13:00:00+02:00,51103.447499999995,51.103447499999994,23.3,67,1,1,13,5,8
2022-08-27 12:00:00+00:00,2022-08-27 14:00:00+02:00,50127.255000000005,50.127255000000005,24.0,58,1,1,14,5,8
2022-08-27 13:00:00+00:00,2022-08-27 15:00:00+02:00,49494.575,49.494575,24.2,55,1,1,15,5,8
2022-08-27 14:00:00+00:00,2022-08-27 16:00:00+02:00,48817.125,48.817125,24.0,56,1,1,16,5,8
2022-08-27 15:00:00+00:00,2022-08-27 17:00:00+02:00,48717.3625,48.7173625,24.2,56,1,1,17,5,8
2022-08-27 16:00:00+00:00,2022-08-27 18:00:00+02:00,48389.7075,48.3897075,24.0,56,1,1,18,5,8
2022-08-27 17:00:00+00:00,2022-08-27 19:00:00+02:00,47607.0375,47.6070375,23.3,59,1,1,19,5,8
2022-08-27 18:00:00+00:00,2022-08-27 20:00:00+02:00,46510.7325,46.510732499999996,22.3,62,1,1,20,5,8
2022-08-27 19:00:00+00:00,2022-08-27 21:00:00+02:00,45188.932499999995,45.18893249999999,21.6,64,1,0,21,5,8
2022-08-27 20:00:00+00:00,2022-08-27 22:00:00+02:00,42822.6025,42.8226025,20.7,66,1,0,22,5,8
2022-08-27 21:00:00+00:00,2022-08-27 23:00:00+02:00,40744.3,40.7443,19.9,68,1,0,23,5,8
2022-08-27 22:00:00+00:00,2022-08-28 00:00:00+02:00,38918.134999999995,38.91813499999999,18.9,70,1,0,0,6,8
2022-08-27 23:00:00+00:00,2022-08-28 01:00:00+02:00,37388.4475,37.388447500000005,18.0,72,1,0,1,6,8
2022-08-28 00:00:00+00:00,2022-08-28 02:00:00+02:00,36494.8925,36.4948925,17.8,76,1,0,2,6,8
2022-08-28 01:00:00+00:00,2022-08-28 03:00:00+02:00,36167.7475,36.1677475,17.6,76,1,0,3,6,8
2022-08-28 02:00:00+00:00,2022-08-28 04:00:00+02:00,35751.0625,35.7510625,17.1,78,1,0,4,6,8
2022-08-28 03:00:00+00:00,2022-08-28 05:00:00+02:00,36380.4025,36.380402499999995,16.8,80,1,0,5,6,8
2022-08-28 04:00:00+00:00,2022-08-28 06:00:00+02:00,37295.6175,37.2956175,16.5,82,1,0,6,6,8
2022-08-28 05:00:00+00:00,2022-08-28 07:00:00+02:00,38641.07,38.64107,16.7,81,1,0,7,6,8
2022-08-28 06:00:00+00:00,2022-08-28 08:00:00+02:00,41018.1775,41.0181775,17.5,76,1,1,8,6,8
2022-08-28 07:00:00+00:00,2022-08-28 09:00:00+02:00,44029.7025,44.0297025,18.0,70,1,1,9,6,8
2022-08-28 08:00:00+00:00,2022-08-28 10:00:00+02:00,46718.6325,46.7186325,19.0,65,1,1,10,6,8
2022-08-28 09:00:00+00:00,2022-08-28 11:00:00+02:00,48812.8475,48.812847500000004,20.6,60,1,1,11,6,8
2022-08-28 10:00:00+00:00,2022-08-28 12:00:00+02:00,48537.95,48.537949999999995,21.7,57,1,1,12,6,8
2022-08-28 11:00:00+00:00,2022-08-28 13:00:00+02:00,46974.1125,46.974112500000004,22.9,53,1,1,13,6,8
2022-08-28 12:00:00+00:00,2022-08-28 14:00:00+02:00,45702.345,45.702345,24.3,47,1,1,14,6,8
2022-08-28 13:00:00+00:00,2022-08-28 15:00:00+02:00,45234.6375,45.2346375,24.9,44,1,1,15,6,8
2022-08-28 14:00:00+00:00,2022-08-28 16:00:00+02:00,45309.33,45.30933,24.0,45,1,1,16,6,8
2022-08-28 15:00:00+00:00,2022-08-28 17:00:00+02:00,46349.6825,46.3496825,23.3,44,1,1,17,6,8
2022-08-28 16:00:00+00:00,2022-08-28 18:00:00+02:00,47096.895000000004,47.096895,22.9,42,1,1,18,6,8
2022-08-28 17:00:00+00:00,2022-08-28 19:00:00+02:00,46445.0575,46.445057500000004,22.6,43,1,1,19,6,8
2022-08-28 18:00:00+00:00,2022-08-28 20:00:00+02:00,46648.509999999995,46.648509999999995,20.9,48,1,1,20,6,8
2022-08-28 19:00:00+00:00,2022-08-28 21:00:00+02:00,45660.935,45.660934999999995,19.5,51,1,0,21,6,8
2022-08-28 20:00:00+00:00,2022-08-28 22:00:00+02:00,44325.42,44.32542,18.4,55,1,0,22,6,8
2022-08-28 21:00:00+00:00,2022-08-28 23:00:00+02:00,42373.9225,42.3739225,17.5,59,1,0,23,6,8
2022-08-28 22:00:00+00:00,2022-08-29 00:00:00+02:00,40161.735,40.161735,17.0,60,0,0,0,0,8
2022-08-28 23:00:00+00:00,2022-08-29 01:00:00+02:00,38951.057499999995,38.9510575,16.6,60,0,0,1,0,8
2022-08-29 00:00:00+00:00,2022-08-29 02:00:00+02:00,38570.685,38.570685,16.3,59,0,0,2,0,8
2022-08-29 01:00:00+00:00,2022-08-29 03:00:00+02:00,38564.7625,38.5647625,15.5,61,0,0,3,0,8
2022-08-29 02:00:00+00:00,2022-08-29 04:00:00+02:00,39520.2175,39.5202175,14.8,64,0,0,4,0,8
2022-08-29 03:00:00+00:00,2022-08-29 05:00:00+02:00,43297.2975,43.2972975,14.3,66,0,0,5,0,8
2022-08-29 04:00:00+00:00,2022-08-29 06:00:00+02:00,50229.475,50.229475,13.7,68,0,0,6,0,8
2022-08-29 05:00:00+00:00,2022-08-29 07:00:00+02:00,55047.77,55.04777,13.3,71,0,0,7,0,8
2022-08-29 06:00:00+00:00,2022-08-29 08:00:00+02:00,58210.39,58.21039,14.3,71,0,1,8,0,8
2022-08-29 07:00:00+00:00,2022-08-29 09:00:00+02:00,59113.3925,59.1133925,16.0,66,0,1,9,0,8
2022-08-29 08:00:00+00:00,2022-08-29 10:00:00+02:00,60329.695,60.329695,17.9,61,0,1,10,0,8
2022-08-29 09:00:00+00:00,2022-08-29 11:00:00+02:00,60937.1625,60.9371625,19.7,55,0,1,11,0,8
2022-08-29 10:00:00+00:00,2022-08-29 12:00:00+02:00,60902.155,60.902155,21.3,50,0,1,12,0,8
2022-08-29 11:00:00+00:00,2022-08-29 13:00:00+02:00,60332.135,60.332135,22.5,46,0,1,13,0,8
2022-08-29 12:00:00+00:00,2022-08-29 14:00:00+02:00,59461.292499999996,59.4612925,24.3,40,0,1,14,0,8
2022-08-29 13:00:00+00:00,2022-08-29 15:00:00+02:00,58029.17,58.02917,24.7,39,0,1,15,0,8
2022-08-29 14:00:00+00:00,2022-08-29 16:00:00+02:00,57186.685,57.186685,25.0,37,0,1,16,0,8
2022-08-29 15:00:00+00:00,2022-08-29 17:00:00+02:00,57049.869999999995,57.04987,24.9,37,0,1,17,0,8
2022-08-29 16:00:00+00:00,2022-08-29 18:00:00+02:00,57111.35,57.11135,24.4,38,0,1,18,0,8
2022-08-29 17:00:00+00:00,2022-08-29 19:00:00+02:00,56663.72,56.66372,23.3,41,0,1,19,0,8
2022-08-29 18:00:00+00:00,2022-08-29 20:00:00+02:00,55423.7225,55.423722500000004,21.3,45,0,1,20,0,8
2022-08-29 19:00:00+00:00,2022-08-29 21:00:00+02:00,52815.4175,52.8154175,20.1,47,0,0,21,0,8
2022-08-29 20:00:00+00:00,2022-08-29 22:00:00+02:00,48831.807499999995,48.8318075,19.1,49,0,0,22,0,8
2022-08-29 21:00:00+00:00,2022-08-29 23:00:00+02:00,45197.1975,45.1971975,18.3,51,0,0,23,0,8
2022-08-29 22:00:00+00:00,2022-08-30 00:00:00+02:00,42658.635,42.658635000000004,17.3,53,0,0,0,1,8
2022-08-29 23:00:00+00:00,2022-08-30 01:00:00+02:00,41544.535,41.544535,16.6,56,0,0,1,1,8
2022-08-30 00:00:00+00:00,2022-08-30 02:00:00+02:00,40884.475,40.884475,16.4,58,0,0,2,1,8
2022-08-30 01:00:00+00:00,2022-08-30 03:00:00+02:00,40915.78,40.91578,15.7,61,0,0,3,1,8
2022-08-30 02:00:00+00:00,2022-08-30 04:00:00+02:00,41839.3275,41.839327499999996,15.3,64,0,0,4,1,8
2022-08-30 03:00:00+00:00,2022-08-30 05:00:00+02:00,44784.075,44.784074999999994,14.8,66,0,0,5,1,8
2022-08-30 04:00:00+00:00,2022-08-30 06:00:00+02:00,51452.445,51.452445,14.4,68,0,0,6,1,8
2022-08-30 05:00:00+00:00,2022-08-30 07:00:00+02:00,55630.085,55.630085,14.2,70,0,0,7,1,8
2022-08-30 06:00:00+00:00,2022-08-30 08:00:00+02:00,58754.3875,58.7543875,15.5,70,0,1,8,1,8
2022-08-30 07:00:00+00:00,2022-08-30 09:00:00+02:00,59736.7575,59.7367575,17.6,63,0,1,9,1,8
2022-08-30 08:00:00+00:00,2022-08-30 10:00:00+02:00,60849.1625,60.8491625,19.7,57,0,1,10,1,8
2022-08-30 09:00:00+00:00,2022-08-30 11:00:00+02:00,61998.222499999996,61.9982225,21.8,54,0,1,11,1,8
2022-08-30 10:00:00+00:00,2022-08-30 12:00:00+02:00,62120.5175,62.1205175,23.7,50,0,1,12,1,8
2022-08-30 11:00:00+00:00,2022-08-30 13:00:00+02:00,61514.835,61.514835,25.4,45,0,1,13,1,8
2022-08-30 12:00:00+00:00,2022-08-30 14:00:00+02:00,60267.020000000004,60.26702,27.6,36,0,1,14,1,8
2022-08-30 13:00:00+00:00,2022-08-30 15:00:00+02:00,58906.4625,58.9064625,28.2,33,0,1,15,1,8
2022-08-30 14:00:00+00:00,2022-08-30 16:00:00+02:00,57790.455,57.790455,27.9,32,0,1,16,1,8
2022-08-30 15:00:00+00:00,2022-08-30 17:00:00+02:00,57754.0725,57.7540725,27.3,32,0,1,17,1,8
2022-08-30 16:00:00+00:00,2022-08-30 18:00:00+02:00,57726.2075,57.726207499999994,26.8,31,0,1,18,1,8
2022-08-30 17:00:00+00:00,2022-08-30 19:00:00+02:00,57015.18,57.01518,25.7,36,0,1,19,1,8
2022-08-30 18:00:00+00:00,2022-08-30 20:00:00+02:00,56813.1125,56.8131125,24.2,37,0,1,20,1,8
2022-08-30 19:00:00+00:00,2022-08-30 21:00:00+02:00,53827.1325,53.8271325,23.0,43,0,0,21,1,8
2022-08-30 20:00:00+00:00,2022-08-30 22:00:00+02:00,49997.3275,49.9973275,22.1,45,0,0,22,1,8
2022-08-30 21:00:00+00:00,2022-08-30 23:00:00+02:00,46831.520000000004,46.831520000000005,20.8,50,0,0,23,1,8
2022-08-30 22:00:00+00:00,2022-08-31 00:00:00+02:00,43897.55,43.89755,20.5,52,0,0,0,2,8
2022-08-30 23:00:00+00:00,2022-08-31 01:00:00+02:00,42435.925,42.435925000000005,19.6,57,0,0,1,2,8
2022-08-31 00:00:00+00:00,2022-08-31 02:00:00+02:00,41592.8625,41.5928625,19.7,57,0,0,2,2,8
2022-08-31 01:00:00+00:00,2022-08-31 03:00:00+02:00,41622.82,41.62282,19.2,61,0,0,3,2,8
2022-08-31 02:00:00+00:00,2022-08-31 04:00:00+02:00,42746.045,42.746044999999995,18.7,65,0,0,4,2,8
2022-08-31 03:00:00+00:00,2022-08-31 05:00:00+02:00,45684.405,45.684405,18.5,65,0,0,5,2,8
2022-08-31 04:00:00+00:00,2022-08-31 06:00:00+02:00,52376.2125,52.3762125,18.1,66,0,0,6,2,8
2022-08-31 05:00:00+00:00,2022-08-31 07:00:00+02:00,56875.525,56.875525,17.8,68,0,0,7,2,8
2022-08-31 06:00:00+00:00,2022-08-31 08:00:00+02:00,60036.307499999995,60.03630749999999,18.0,69,0,1,8,2,8
2022-08-31 07:00:00+00:00,2022-08-31 09:00:00+02:00,61107.93,61.10793,19.1,66,0,1,9,2,8
2022-08-31 08:00:00+00:00,2022-08-31 10:00:00+02:00,62711.744999999995,62.71174499999999,19.9,62,0,1,10,2,8
2022-08-31 09:00:00+00:00,2022-08-31 11:00:00+02:00,63928.7125,63.9287125,20.7,59,0,1,11,2,8
2022-08-31 10:00:00+00:00,2022-08-31 12:00:00+02:00,63256.979999999996,63.25698,21.6,56,0,1,12,2,8
2022-08-31 11:00:00+00:00,2022-08-31 13:00:00+02:00,61762.08,61.762080000000005,22.7,52,0,1,13,2,8
2022-08-31 12:00:00+00:00,2022-08-31 14:00:00+02:00,59901.82,59.90182,22.9,50,0,1,14,2,8
2022-08-31 13:00:00+00:00,2022-08-31 15:00:00+02:00,59323.244999999995,59.32324499999999,23.3,49,0,1,15,2,8
2022-08-31 14:00:00+00:00,2022-08-31 16:00:00+02:00,58319.47,58.31947,23.7,46,0,1,16,2,8
2022-08-31 15:00:00+00:00,2022-08-31 17:00:00+02:00,58611.92,58.61192,23.8,44,0,1,17,2,8
2022-08-31 16:00:00+00:00,2022-08-31 18:00:00+02:00,58276.2175,58.2762175,23.3,45,0,1,18,2,8
2022-08-31 17:00:00+00:00,2022-08-31 19:00:00+02:00,57631.4575,57.631457499999996,22.7,46,0,1,19,2,8
2022-08-31 18:00:00+00:00,2022-08-31 20:00:00+02:00,56667.8675,56.6678675,20.9,54,0,1,20,2,8
2022-08-31 19:00:00+00:00,2022-08-31 21:00:00+02:00,54065.32,54.06532,20.0,56,0,0,21,2,8
2022-08-31 20:00:00+00:00,2022-08-31 22:00:00+02:00,50544.9125,50.544912499999995,19.3,58,0,0,22,2,8
2022-08-31 21:00:00+00:00,2022-08-31 23:00:00+02:00,46610.485,46.610485,18.8,59,0,0,23,2,8
2022-08-31 22:00:00+00:00,2022-09-01 00:00:00+02:00,43779.604999999996,43.779605,18.1,61,0,0,0,3,9
2022-08-31 23:00:00+00:00,2022-09-01 01:00:00+02:00,42271.582500000004,42.2715825,17.5,63,0,0,1,3,9
2022-09-01 00:00:00+00:00,2022-09-01 02:00:00+02:00,41194.9975,41.1949975,17.0,67,0,0,2,3,9
2022-09-01 01:00:00+00:00,2022-09-01 03:00:00+02:00,41274.82,41.27482,16.3,69,0,0,3,3,9
2022-09-01 02:00:00+00:00,2022-09-01 04:00:00+02:00,42191.695,42.191695,16.2,69,0,0,4,3,9
2022-09-01 03:00:00+00:00,2022-09-01 05:00:00+02:00,45263.884999999995,45.263884999999995,15.9,70,0,0,5,3,9
2022-09-01 04:00:00+00:00,2022-09-01 06:00:00+02:00,51594.46,51.59446,15.4,71,0,0,6,3,9
2022-09-01 05:00:00+00:00,2022-09-01 07:00:00+02:00,56099.9875,56.099987500000005,15.2,73,0,0,7,3,9
2022-09-01 06:00:00+00:00,2022-09-01 08:00:00+02:00,58996.207500000004,58.996207500000004,16.2,71,0,1,8,3,9
2022-09-01 07:00:00+00:00,2022-09-01 09:00:00+02:00,60149.630000000005,60.14963,17.7,64,0,1,9,3,9
2022-09-01 08:00:00+00:00,2022-09-01 10:00:00+02:00,61430.875,61.430875,19.2,59,0,1,10,3,9
2022-09-01 09:00:00+00:00,2022-09-01 11:00:00+02:00,62152.98,62.15298000000001,20.8,55,0,1,11,3,9
2022-09-01 10:00:00+00:00,2022-09-01 12:00:00+02:00,62354.1075,62.3541075,22.3,49,0,1,12,3,9
2022-09-01 11:00:00+00:00,2022-09-01 13:00:00+02:00,60702.845,60.702845,23.7,42,0,1,13,3,9
2022-09-01 12:00:00+00:00,2022-09-01 14:00:00+02:00,59797.447499999995,59.7974475,24.3,41,0,1,14,3,9
2022-09-01 13:00:00+00:00,2022-09-01 15:00:00+02:00,58465.677500000005,58.465677500000005,24.7,39,0,1,15,3,9
2022-09-01 14:00:00+00:00,2022-09-01 16:00:00+02:00,57381.58,57.38158,24.8,36,0,1,16,3,9
2022-09-01 15:00:00+00:00,2022-09-01 17:00:00+02:00,57340.2725,57.3402725,24.3,36,0,1,17,3,9
2022-09-01 16:00:00+00:00,2022-09-01 18:00:00+02:00,57388.8,57.3888,23.8,37,0,1,18,3,9
2022-09-01 17:00:00+00:00,2022-09-01 19:00:00+02:00,57250.0025,57.2500025,23.0,41,0,1,19,3,9
2022-09-01 18:00:00+00:00,2022-09-01 20:00:00+02:00,56664.524999999994,56.664525,21.5,44,0,1,20,3,9
2022-09-01 19:00:00+00:00,2022-09-01 21:00:00+02:00,53818.585,53.818585,19.3,51,0,0,21,3,9
2022-09-01 20:00:00+00:00,2022-09-01 22:00:00+02:00,50290.58,50.29058,17.6,59,0,0,22,3,9
2022-09-01 21:00:00+00:00,2022-09-01 23:00:00+02:00,46422.884999999995,46.422884999999994,17.5,60,0,0,23,3,9
2022-09-01 22:00:00+00:00,2022-09-02 00:00:00+02:00,44194.825,44.194824999999994,17.0,61,0,0,0,4,9
2022-09-01 23:00:00+00:00,2022-09-02 01:00:00+02:00,42440.845,42.440845,16.6,61,0,0,1,4,9
2022-09-02 00:00:00+00:00,2022-09-02 02:00:00+02:00,41382.817500000005,41.3828175,16.3,60,0,0,2,4,9
2022-09-02 01:00:00+00:00,2022-09-02 03:00:00+02:00,41523.2175,41.5232175,15.5,63,0,0,3,4,9
2022-09-02 02:00:00+00:00,2022-09-02 04:00:00+02:00,42490.8475,42.4908475,15.3,64,0,0,4,4,9
2022-09-02 03:00:00+00:00,2022-09-02 05:00:00+02:00,46072.225,46.072224999999996,14.8,67,0,0,5,4,9
2022-09-02 04:00:00+00:00,2022-09-02 06:00:00+02:00,52481.5475,52.4815475,14.3,69,0,0,6,4,9
2022-09-02 05:00:00+00:00,2022-09-02 07:00:00+02:00,56865.745,56.865745000000004,14.0,71,0,0,7,4,9
2022-09-02 06:00:00+00:00,2022-09-02 08:00:00+02:00,59579.1675,59.579167500000004,15.1,70,0,1,8,4,9
2022-09-02 07:00:00+00:00,2022-09-02 09:00:00+02:00,60762.2825,60.7622825,17.0,62,0,1,9,4,9
2022-09-02 08:00:00+00:00,2022-09-02 10:00:00+02:00,62695.3525,62.6953525,19.1,57,0,1,10,4,9
2022-09-02 09:00:00+00:00,2022-09-02 11:00:00+02:00,63069.04,63.06904,21.2,48,0,1,11,4,9
2022-09-02 10:00:00+00:00,2022-09-02 12:00:00+02:00,62994.0475,62.9940475,22.3,41,0,1,12,4,9
2022-09-02 11:00:00+00:00,2022-09-02 13:00:00+02:00,61682.0175,61.6820175,23.0,36,0,1,13,4,9
2022-09-02 12:00:00+00:00,2022-09-02 14:00:00+02:00,60120.6175,60.1206175,24.0,34,0,1,14,4,9
2022-09-02 13:00:00+00:00,2022-09-02 15:00:00+02:00,58511.7975,58.5117975,24.2,32,0,1,15,4,9
2022-09-02 14:00:00+00:00,2022-09-02 16:00:00+02:00,56804.597499999996,56.80459749999999,23.9,33,0,1,16,4,9
2022-09-02 15:00:00+00:00,2022-09-02 17:00:00+02:00,57041.0625,57.0410625,24.0,32,0,1,17,4,9
2022-09-02 16:00:00+00:00,2022-09-02 18:00:00+02:00,56722.4475,56.7224475,23.7,32,0,1,18,4,9
2022-09-02 17:00:00+00:00,2022-09-02 19:00:00+02:00,56431.8825,56.4318825,22.5,39,0,1,19,4,9
2022-09-02 18:00:00+00:00,2022-09-02 20:00:00+02:00,56239.36,56.23936,19.9,43,0,1,20,4,9
2022-09-02 19:00:00+00:00,2022-09-02 21:00:00+02:00,53928.902500000004,53.92890250000001,18.4,46,0,0,21,4,9
2022-09-02 20:00:00+00:00,2022-09-02 22:00:00+02:00,51338.8975,51.3388975,18.0,46,0,0,22,4,9
2022-09-02 21:00:00+00:00,2022-09-02 23:00:00+02:00,48455.5125,48.4555125,17.7,47,0,0,23,4,9
2022-09-02 22:00:00+00:00,2022-09-03 00:00:00+02:00,44829.3375,44.8293375,17.2,47,1,0,0,5,9
2022-09-02 23:00:00+00:00,2022-09-03 01:00:00+02:00,43293.875,43.293875,16.3,50,1,0,1,5,9
2022-09-03 00:00:00+00:00,2022-09-03 02:00:00+02:00,41655.9475,41.6559475,16.8,50,1,0,2,5,9
2022-09-03 01:00:00+00:00,2022-09-03 03:00:00+02:00,41411.4,41.4114,15.7,54,1,0,3,5,9
2022-09-03 02:00:00+00:00,2022-09-03 04:00:00+02:00,41004.955,41.004955,15.1,57,1,0,4,5,9
2022-09-03 03:00:00+00:00,2022-09-03 05:00:00+02:00,41086.465,41.086465,15.3,57,1,0,5,5,9
2022-09-03 04:00:00+00:00,2022-09-03 06:00:00+02:00,42724.2725,42.7242725,15.0,59,1,0,6,5,9
2022-09-03 05:00:00+00:00,2022-09-03 07:00:00+02:00,44899.8175,44.8998175,14.8,61,1,0,7,5,9
2022-09-03 06:00:00+00:00,2022-09-03 08:00:00+02:00,48111.41,48.11141000000001,15.5,63,1,1,8,5,9
2022-09-03 07:00:00+00:00,2022-09-03 09:00:00+02:00,50403.9,50.4039,15.6,69,1,1,9,5,9
2022-09-03 08:00:00+00:00,2022-09-03 10:00:00+02:00,52784.01,52.78401,16.0,73,1,1,10,5,9
2022-09-03 09:00:00+00:00,2022-09-03 11:00:00+02:00,54483.68,54.48368,17.6,70,1,1,11,5,9
2022-09-03 10:00:00+00:00,2022-09-03 12:00:00+02:00,53004.445,53.004445,20.0,65,1,1,12,5,9
2022-09-03 11:00:00+00:00,2022-09-03 13:00:00+02:00,51191.785,51.191785,21.7,63,1,1,13,5,9
2022-09-03 12:00:00+00:00,2022-09-03 14:00:00+02:00,50388.4075,50.3884075,19.8,70,1,1,14,5,9
2022-09-03 13:00:00+00:00,2022-09-03 15:00:00+02:00,49500.4925,49.5004925,21.5,64,1,1,15,5,9
2022-09-03 14:00:00+00:00,2022-09-03 16:00:00+02:00,48916.052500000005,48.916052500000006,22.5,59,1,1,16,5,9
2022-09-03 15:00:00+00:00,2022-09-03 17:00:00+02:00,49497.735,49.497735,22.3,59,1,1,17,5,9
2022-09-03 16:00:00+00:00,2022-09-03 18:00:00+02:00,50112.067500000005,50.1120675,22.0,58,1,1,18,5,9
2022-09-03 17:00:00+00:00,2022-09-03 19:00:00+02:00,49756.0475,49.7560475,19.3,80,1,1,19,5,9
2022-09-03 18:00:00+00:00,2022-09-03 20:00:00+02:00,49284.0625,49.2840625,17.9,90,1,1,20,5,9
2022-09-03 19:00:00+00:00,2022-09-03 21:00:00+02:00,47050.7375,47.050737500000004,16.5,95,1,0,21,5,9
2022-09-03 20:00:00+00:00,2022-09-03 22:00:00+02:00,44793.2,44.7932,17.0,93,1,0,22,5,9
2022-09-03 21:00:00+00:00,2022-09-03 23:00:00+02:00,42369.229999999996,42.369229999999995,17.1,93,1,0,23,5,9
2022-09-03 22:00:00+00:00,2022-09-04 00:00:00+02:00,40100.825,40.100825,15.8,96,1,0,0,6,9
2022-09-03 23:00:00+00:00,2022-09-04 01:00:00+02:00,38231.92,38.231919999999995,16.2,95,1,0,1,6,9
2022-09-04 00:00:00+00:00,2022-09-04 02:00:00+02:00,37385.4775,37.3854775,15.7,99,1,0,2,6,9
2022-09-04 01:00:00+00:00,2022-09-04 03:00:00+02:00,36581.335,36.581334999999996,15.0,100,1,0,3,6,9
2022-09-04 02:00:00+00:00,2022-09-04 04:00:00+02:00,36429.1125,36.4291125,15.8,99,1,0,4,6,9
2022-09-04 03:00:00+00:00,2022-09-04 05:00:00+02:00,36744.200000000004,36.744200000000006,15.4,100,1,0,5,6,9
2022-09-04 04:00:00+00:00,2022-09-04 06:00:00+02:00,37441.885,37.441885,15.7,99,1,0,6,6,9
2022-09-04 05:00:00+00:00,2022-09-04 07:00:00+02:00,38936.925,38.936925,16.0,98,1,0,7,6,9
2022-09-04 06:00:00+00:00,2022-09-04 08:00:00+02:00,41916.335,41.916335,16.4,97,1,1,8,6,9
2022-09-04 07:00:00+00:00,2022-09-04 09:00:00+02:00,44901.235,44.901235,17.2,93,1,1,9,6,9
2022-09-04 08:00:00+00:00,2022-09-04 10:00:00+02:00,47583.505000000005,47.583505,17.9,90,1,1,10,6,9
2022-09-04 09:00:00+00:00,2022-09-04 11:00:00+02:00,49294.485,49.294485,19.1,83,1,1,11,6,9
2022-09-04 10:00:00+00:00,2022-09-04 12:00:00+02:00,49292.165,49.292165000000004,20.4,77,1,1,12,6,9
2022-09-04 11:00:00+00:00,2022-09-04 13:00:00+02:00,47922.207500000004,47.922207500000006,21.8,70,1,1,13,6,9
2022-09-04 12:00:00+00:00,2022-09-04 14:00:00+02:00,46446.58,46.446580000000004,23.6,59,1,1,14,6,9
2022-09-04 13:00:00+00:00,2022-09-04 15:00:00+02:00,45568.745,45.568745,24.3,56,1,1,15,6,9
2022-09-04 14:00:00+00:00,2022-09-04 16:00:00+02:00,45094.8825,45.0948825,24.7,54,1,1,16,6,9
2022-09-04 15:00:00+00:00,2022-09-04 17:00:00+02:00,45813.4025,45.813402499999995,24.9,52,1,1,17,6,9
2022-09-04 16:00:00+00:00,2022-09-04 18:00:00+02:00,47198.0275,47.198027499999995,24.6,54,1,1,18,6,9
2022-09-04 17:00:00+00:00,2022-09-04 19:00:00+02:00,47871.1475,47.8711475,23.6,69,1,1,19,6,9
2022-09-04 18:00:00+00:00,2022-09-04 20:00:00+02:00,49189.42,49.18942,23.7,57,1,1,20,6,9
2022-09-04 19:00:00+00:00,2022-09-04 21:00:00+02:00,47906.2675,47.9062675,20.1,73,1,0,21,6,9
2022-09-04 20:00:00+00:00,2022-09-04 22:00:00+02:00,46579.3625,46.5793625,18.5,80,1,0,22,6,9
2022-09-04 21:00:00+00:00,2022-09-04 23:00:00+02:00,44130.3575,44.130357499999995,18.0,81,1,0,23,6,9
2022-09-04 22:00:00+00:00,2022-09-05 00:00:00+02:00,42227.2675,42.2272675,17.4,83,0,0,0,0,9
2022-09-04 23:00:00+00:00,2022-09-05 01:00:00+02:00,41000.2225,41.00022250000001,16.3,87,0,0,1,0,9
2022-09-05 00:00:00+00:00,2022-09-05 02:00:00+02:00,40339.1275,40.339127500000004,15.5,89,0,0,2,0,9
2022-09-05 01:00:00+00:00,2022-09-05 03:00:00+02:00,40461.18,40.46118,15.2,88,0,0,3,0,9
2022-09-05 02:00:00+00:00,2022-09-05 04:00:00+02:00,40907.240000000005,40.90724000000001,14.4,93,0,0,4,0,9
2022-09-05 03:00:00+00:00,2022-09-05 05:00:00+02:00,44462.445,44.462445,14.0,92,0,0,5,0,9
2022-09-05 04:00:00+00:00,2022-09-05 06:00:00+02:00,52116.0375,52.1160375,13.7,93,0,0,6,0,9
2022-09-05 05:00:00+00:00,2022-09-05 07:00:00+02:00,56819.46,56.81946,13.9,90,0,0,7,0,9
2022-09-05 06:00:00+00:00,2022-09-05 08:00:00+02:00,59584.405,59.584405,15.6,82,0,1,8,0,9
2022-09-05 07:00:00+00:00,2022-09-05 09:00:00+02:00,60741.0175,60.741017500000005,18.1,72,0,1,9,0,9
2022-09-05 08:00:00+00:00,2022-09-05 10:00:00+02:00,62436.685,62.436685,20.3,66,0,1,10,0,9
2022-09-05 09:00:00+00:00,2022-09-05 11:00:00+02:00,64238.99,64.23899,22.3,63,0,1,11,0,9
2022-09-05 10:00:00+00:00,2022-09-05 12:00:00+02:00,64652.7475,64.6527475,24.2,58,0,1,12,0,9
2022-09-05 11:00:00+00:00,2022-09-05 13:00:00+02:00,64097.66,64.09766,25.9,52,0,1,13,0,9
2022-09-05 12:00:00+00:00,2022-09-05 14:00:00+02:00,63210.465,63.210465,27.7,42,0,1,14,0,9
2022-09-05 13:00:00+00:00,2022-09-05 15:00:00+02:00,62306.6975,62.3066975,27.9,37,0,1,15,0,9
2022-09-05 14:00:00+00:00,2022-09-05 16:00:00+02:00,61055.2725,61.0552725,28.2,35,0,1,16,0,9
2022-09-05 15:00:00+00:00,2022-09-05 17:00:00+02:00,60866.905,60.866904999999996,28.3,34,0,1,17,0,9
2022-09-05 16:00:00+00:00,2022-09-05 18:00:00+02:00,60881.457500000004,60.8814575,27.6,42,0,1,18,0,9
2022-09-05 17:00:00+00:00,2022-09-05 19:00:00+02:00,60831.1875,60.8311875,25.4,55,0,1,19,0,9
2022-09-05 18:00:00+00:00,2022-09-05 20:00:00+02:00,60727.9225,60.7279225,23.1,50,0,1,20,0,9
2022-09-05 19:00:00+00:00,2022-09-05 21:00:00+02:00,57621.817500000005,57.621817500000006,20.2,61,0,0,21,0,9
2022-09-05 20:00:00+00:00,2022-09-05 22:00:00+02:00,53623.4975,53.6234975,19.0,66,0,0,22,0,9
2022-09-05 21:00:00+00:00,2022-09-05 23:00:00+02:00,50360.91,50.360910000000004,17.9,70,0,0,23,0,9
2022-09-05 22:00:00+00:00,2022-09-06 00:00:00+02:00,47118.6275,47.1186275,17.7,66,0,0,0,1,9
2022-09-05 23:00:00+00:00,2022-09-06 01:00:00+02:00,45038.81,45.03881,17.5,64,0,0,1,1,9
2022-09-06 00:00:00+00:00,2022-09-06 02:00:00+02:00,44004.3075,44.0043075,17.0,72,0,0,2,1,9
2022-09-06 01:00:00+00:00,2022-09-06 03:00:00+02:00,44106.619999999995,44.10661999999999,17.0,68,0,0,3,1,9
2022-09-06 02:00:00+00:00,2022-09-06 04:00:00+02:00,45284.5325,45.284532500000005,17.3,68,0,0,4,1,9
2022-09-06 03:00:00+00:00,2022-09-06 05:00:00+02:00,48538.95,48.53895,17.2,76,0,0,5,1,9
2022-09-06 04:00:00+00:00,2022-09-06 06:00:00+02:00,55204.45,55.204449999999994,17.0,76,0,0,6,1,9
2022-09-06 05:00:00+00:00,2022-09-06 07:00:00+02:00,59165.3075,59.165307500000004,16.7,75,0,0,7,1,9
2022-09-06 06:00:00+00:00,2022-09-06 08:00:00+02:00,61659.104999999996,61.659105,17.3,78,0,1,8,1,9
2022-09-06 07:00:00+00:00,2022-09-06 09:00:00+02:00,62497.91,62.497910000000005,19.4,72,0,1,9,1,9
2022-09-06 08:00:00+00:00,2022-09-06 10:00:00+02:00,64029.65,64.02965,21.6,63,0,1,10,1,9
2022-09-06 09:00:00+00:00,2022-09-06 11:00:00+02:00,65442.1275,65.4421275,23.4,57,0,1,11,1,9
2022-09-06 10:00:00+00:00,2022-09-06 12:00:00+02:00,65204.3525,65.2043525,25.0,53,0,1,12,1,9
2022-09-06 11:00:00+00:00,2022-09-06 13:00:00+02:00,64377.3425,64.3773425,26.3,49,0,1,13,1,9
2022-09-06 12:00:00+00:00,2022-09-06 14:00:00+02:00,63713.817500000005,63.713817500000005,28.5,40,0,1,14,1,9
2022-09-06 13:00:00+00:00,2022-09-06 15:00:00+02:00,62354.2575,62.3542575,25.6,54,0,1,15,1,9
2022-09-06 14:00:00+00:00,2022-09-06 16:00:00+02:00,60426.07,60.42607,27.1,48,0,1,16,1,9
2022-09-06 15:00:00+00:00,2022-09-06 17:00:00+02:00,59365.7875,59.365787499999996,27.2,47,0,1,17,1,9
2022-09-06 16:00:00+00:00,2022-09-06 18:00:00+02:00,59851.43,59.85143,26.5,48,0,1,18,1,9
2022-09-06 17:00:00+00:00,2022-09-06 19:00:00+02:00,59582.145000000004,59.582145000000004,25.3,71,0,1,19,1,9
2022-09-06 18:00:00+00:00,2022-09-06 20:00:00+02:00,58559.7425,58.5597425,24.1,59,0,1,20,1,9
2022-09-06 19:00:00+00:00,2022-09-06 21:00:00+02:00,55172.305,55.172305,22.1,66,0,0,21,1,9
2022-09-06 20:00:00+00:00,2022-09-06 22:00:00+02:00,51237.7925,51.237792500000005,22.8,62,0,0,22,1,9
2022-09-06 21:00:00+00:00,2022-09-06 23:00:00+02:00,47505.255000000005,47.505255000000005,21.7,66,0,0,23,1,9
2022-09-06 22:00:00+00:00,2022-09-07 00:00:00+02:00,45619.59,45.619589999999995,18.5,81,0,0,0,2,9
2022-09-06 23:00:00+00:00,2022-09-07 01:00:00+02:00,44491.5525,44.4915525,19.5,69,0,0,1,2,9
2022-09-07 00:00:00+00:00,2022-09-07 02:00:00+02:00,43525.0325,43.5250325,19.7,71,0,0,2,2,9
2022-09-07 01:00:00+00:00,2022-09-07 03:00:00+02:00,43017.0125,43.0170125,17.5,93,0,0,3,2,9
2022-09-07 02:00:00+00:00,2022-09-07 04:00:00+02:00,43974.735,43.974735,17.6,94,0,0,4,2,9
2022-09-07 03:00:00+00:00,2022-09-07 05:00:00+02:00,47412.3275,47.412327499999996,17.6,95,0,0,5,2,9
2022-09-07 04:00:00+00:00,2022-09-07 06:00:00+02:00,53833.115000000005,53.83311500000001,17.3,95,0,0,6,2,9
2022-09-07 05:00:00+00:00,2022-09-07 07:00:00+02:00,57866.067500000005,57.86606750000001,16.8,97,0,0,7,2,9
2022-09-07 06:00:00+00:00,2022-09-07 08:00:00+02:00,60423.354999999996,60.423354999999994,17.7,96,0,1,8,2,9
2022-09-07 07:00:00+00:00,2022-09-07 09:00:00+02:00,62009.84,62.00984,19.2,92,0,1,9,2,9
2022-09-07 08:00:00+00:00,2022-09-07 10:00:00+02:00,63221.9825,63.221982499999996,20.5,83,0,1,10,2,9
2022-09-07 09:00:00+00:00,2022-09-07 11:00:00+02:00,64673.8925,64.67389250000001,21.8,76,0,1,11,2,9
2022-09-07 10:00:00+00:00,2022-09-07 12:00:00+02:00,64724.33,64.72433,23.0,71,0,1,12,2,9
2022-09-07 11:00:00+00:00,2022-09-07 13:00:00+02:00,63936.2325,63.936232499999996,23.8,68,0,1,13,2,9
2022-09-07 12:00:00+00:00,2022-09-07 14:00:00+02:00,62841.9725,62.841972500000004,25.2,56,0,1,14,2,9
2022-09-07 13:00:00+00:00,2022-09-07 15:00:00+02:00,61422.9375,61.4229375,25.0,58,0,1,15,2,9
2022-09-07 14:00:00+00:00,2022-09-07 16:00:00+02:00,60382.95,60.382949999999994,25.1,49,0,1,16,2,9
2022-09-07 15:00:00+00:00,2022-09-07 17:00:00+02:00,60037.7525,60.0377525,25.6,43,0,1,17,2,9
2022-09-07 16:00:00+00:00,2022-09-07 18:00:00+02:00,59948.7625,59.948762499999994,24.9,45,0,1,18,2,9
2022-09-07 17:00:00+00:00,2022-09-07 19:00:00+02:00,59837.9475,59.8379475,23.3,57,0,1,19,2,9
2022-09-07 18:00:00+00:00,2022-09-07 20:00:00+02:00,59319.015,59.319015,22.1,59,0,1,20,2,9
2022-09-07 19:00:00+00:00,2022-09-07 21:00:00+02:00,55758.365,55.758365,23.1,50,0,0,21,2,9
2022-09-07 20:00:00+00:00,2022-09-07 22:00:00+02:00,51632.770000000004,51.63277,20.8,63,0,0,22,2,9
2022-09-07 21:00:00+00:00,2022-09-07 23:00:00+02:00,47909.0175,47.909017500000004,19.0,72,0,0,23,2,9
2022-09-07 22:00:00+00:00,2022-09-08 00:00:00+02:00,45233.965,45.233965,18.9,71,0,0,0,3,9
2022-09-07 23:00:00+00:00,2022-09-08 01:00:00+02:00,43984.1175,43.9841175,17.7,71,0,0,1,3,9
2022-09-08 00:00:00+00:00,2022-09-08 02:00:00+02:00,43473.94,43.47394,17.3,87,0,0,2,3,9
2022-09-08 01:00:00+00:00,2022-09-08 03:00:00+02:00,43229.3525,43.2293525,17.6,86,0,0,3,3,9
2022-09-08 02:00:00+00:00,2022-09-08 04:00:00+02:00,44470.6175,44.4706175,17.2,93,0,0,4,3,9
2022-09-08 03:00:00+00:00,2022-09-08 05:00:00+02:00,48112.285,48.112285,17.0,94,0,0,5,3,9
2022-09-08 04:00:00+00:00,2022-09-08 06:00:00+02:00,55009.3725,55.0093725,16.5,94,0,0,6,3,9
2022-09-08 05:00:00+00:00,2022-09-08 07:00:00+02:00,59984.380000000005,59.98438,16.6,94,0,0,7,3,9
2022-09-08 06:00:00+00:00,2022-09-08 08:00:00+02:00,62983.4875,62.9834875,17.0,93,0,1,8,3,9
2022-09-08 07:00:00+00:00,2022-09-08 09:00:00+02:00,64278.6075,64.27860749999999,17.3,91,0,1,9,3,9
2022-09-08 08:00:00+00:00,2022-09-08 10:00:00+02:00,65251.625,65.251625,17.9,85,0,1,10,3,9
2022-09-08 09:00:00+00:00,2022-09-08 11:00:00+02:00,66757.4825,66.7574825,19.3,76,0,1,11,3,9
2022-09-08 10:00:00+00:00,2022-09-08 12:00:00+02:00,65543.885,65.54388499999999,21.0,61,0,1,12,3,9
2022-09-08 11:00:00+00:00,2022-09-08 13:00:00+02:00,64449.96,64.44996,21.8,55,0,1,13,3,9
2022-09-08 12:00:00+00:00,2022-09-08 14:00:00+02:00,63818.8225,63.8188225,20.0,61,0,1,14,3,9
2022-09-08 13:00:00+00:00,2022-09-08 15:00:00+02:00,62755.015,62.755015,21.4,51,0,1,15,3,9
2022-09-08 14:00:00+00:00,2022-09-08 16:00:00+02:00,61374.1775,61.374177499999995,21.3,50,0,1,16,3,9
2022-09-08 15:00:00+00:00,2022-09-08 17:00:00+02:00,61296.5475,61.2965475,20.1,58,0,1,17,3,9
2022-09-08 16:00:00+00:00,2022-09-08 18:00:00+02:00,60308.2375,60.308237500000004,20.2,59,0,1,18,3,9
2022-09-08 17:00:00+00:00,2022-09-08 19:00:00+02:00,59655.22,59.65522,19.3,65,0,1,19,3,9
2022-09-08 18:00:00+00:00,2022-09-08 20:00:00+02:00,58810.0325,58.8100325,18.0,69,0,1,20,3,9
2022-09-08 19:00:00+00:00,2022-09-08 21:00:00+02:00,55454.9425,55.454942499999994,17.4,71,0,0,21,3,9
2022-09-08 20:00:00+00:00,2022-09-08 22:00:00+02:00,51524.895,51.524894999999994,16.8,75,0,0,22,3,9
2022-09-08 21:00:00+00:00,2022-09-08 23:00:00+02:00,47494.155,47.494155,16.3,78,0,0,23,3,9
2022-09-08 22:00:00+00:00,2022-09-09 00:00:00+02:00,45369.9975,45.3699975,15.8,80,0,0,0,4,9
2022-09-08 23:00:00+00:00,2022-09-09 01:00:00+02:00,44203.115,44.203115,15.7,81,0,0,1,4,9
2022-09-09 00:00:00+00:00,2022-09-09 02:00:00+02:00,43292.5375,43.2925375,16.8,82,0,0,2,4,9
2022-09-09 01:00:00+00:00,2022-09-09 03:00:00+02:00,42404.09,42.40409,15.9,87,0,0,3,4,9
2022-09-09 02:00:00+00:00,2022-09-09 04:00:00+02:00,43187.6975,43.1876975,15.0,91,0,0,4,4,9
2022-09-09 03:00:00+00:00,2022-09-09 05:00:00+02:00,46437.065,46.437065000000004,14.6,92,0,0,5,4,9
2022-09-09 04:00:00+00:00,2022-09-09 06:00:00+02:00,53229.9475,53.2299475,14.5,90,0,0,6,4,9
2022-09-09 05:00:00+00:00,2022-09-09 07:00:00+02:00,57609.6225,57.6096225,13.8,96,0,0,7,4,9
2022-09-09 06:00:00+00:00,2022-09-09 08:00:00+02:00,60537.0675,60.5370675,14.6,92,0,1,8,4,9
2022-09-09 07:00:00+00:00,2022-09-09 09:00:00+02:00,61449.615,61.449615,15.8,88,0,1,9,4,9
2022-09-09 08:00:00+00:00,2022-09-09 10:00:00+02:00,62597.34,62.597339999999996,16.8,82,0,1,10,4,9
2022-09-09 09:00:00+00:00,2022-09-09 11:00:00+02:00,63449.645000000004,63.449645000000004,17.9,72,0,1,11,4,9
2022-09-09 10:00:00+00:00,2022-09-09 12:00:00+02:00,63093.899999999994,63.09389999999999,17.2,75,0,1,12,4,9
2022-09-09 11:00:00+00:00,2022-09-09 13:00:00+02:00,61320.93,61.32093,19.6,63,0,1,13,4,9
2022-09-09 12:00:00+00:00,2022-09-09 14:00:00+02:00,59955.71000000001,59.95571,18.6,75,0,1,14,4,9
2022-09-09 13:00:00+00:00,2022-09-09 15:00:00+02:00,58995.195,58.995195,18.5,76,0,1,15,4,9
2022-09-09 14:00:00+00:00,2022-09-09 16:00:00+02:00,58346.542499999996,58.3465425,19.9,61,0,1,16,4,9
2022-09-09 15:00:00+00:00,2022-09-09 17:00:00+02:00,58184.5675,58.1845675,17.5,80,0,1,17,4,9
2022-09-09 16:00:00+00:00,2022-09-09 18:00:00+02:00,57602.805,57.602805000000004,16.4,82,0,1,18,4,9
2022-09-09 17:00:00+00:00,2022-09-09 19:00:00+02:00,56566.0175,56.5660175,15.9,87,0,1,19,4,9
2022-09-09 18:00:00+00:00,2022-09-09 20:00:00+02:00,55675.72,55.67572,15.8,88,0,1,20,4,9
2022-09-09 19:00:00+00:00,2022-09-09 21:00:00+02:00,52223.2575,52.2232575,15.5,86,0,0,21,4,9
2022-09-09 20:00:00+00:00,2022-09-09 22:00:00+02:00,48446.9,48.4469,15.0,89,0,0,22,4,9
2022-09-09 21:00:00+00:00,2022-09-09 23:00:00+02:00,44992.795,44.992795,14.8,91,0,0,23,4,9
2022-09-09 22:00:00+00:00,2022-09-10 00:00:00+02:00,42679.0475,42.6790475,14.6,91,1,0,0,5,9
2022-09-09 23:00:00+00:00,2022-09-10 01:00:00+02:00,41154.2125,41.1542125,14.3,92,1,0,1,5,9
2022-09-10 00:00:00+00:00,2022-09-10 02:00:00+02:00,39903.9075,39.9039075,14.3,87,1,0,2,5,9
2022-09-10 01:00:00+00:00,2022-09-10 03:00:00+02:00,39342.0675,39.3420675,14.1,89,1,0,3,5,9
2022-09-10 02:00:00+00:00,2022-09-10 04:00:00+02:00,39523.9,39.523900000000005,13.4,93,1,0,4,5,9
2022-09-10 03:00:00+00:00,2022-09-10 05:00:00+02:00,40168.62,40.168620000000004,12.9,96,1,0,5,5,9
2022-09-10 04:00:00+00:00,2022-09-10 06:00:00+02:00,41829.7525,41.829752500000005,13.7,93,1,0,6,5,9
2022-09-10 05:00:00+00:00,2022-09-10 07:00:00+02:00,43885.845,43.885845,13.5,96,1,0,7,5,9
2022-09-10 06:00:00+00:00,2022-09-10 08:00:00+02:00,47201.225,47.201225,14.5,90,1,1,8,5,9
2022-09-10 07:00:00+00:00,2022-09-10 09:00:00+02:00,49800.025,49.800025,15.1,86,1,1,9,5,9
2022-09-10 08:00:00+00:00,2022-09-10 10:00:00+02:00,51620.1375,51.6201375,16.7,79,1,1,10,5,9
2022-09-10 09:00:00+00:00,2022-09-10 11:00:00+02:00,52484.292499999996,52.484292499999995,17.4,73,1,1,11,5,9
2022-09-10 10:00:00+00:00,2022-09-10 12:00:00+02:00,52042.707500000004,52.042707500000006,18.0,68,1,1,12,5,9
2022-09-10 11:00:00+00:00,2022-09-10 13:00:00+02:00,50931.5275,50.931527499999994,17.8,73,1,1,13,5,9
2022-09-10 12:00:00+00:00,2022-09-10 14:00:00+02:00,49515.784999999996,49.515784999999994,17.5,75,1,1,14,5,9
2022-09-10 13:00:00+00:00,2022-09-10 15:00:00+02:00,48418.315,48.418315,19.5,69,1,1,15,5,9
2022-09-10 14:00:00+00:00,2022-09-10 16:00:00+02:00,47923.135,47.923135,19.7,63,1,1,16,5,9
2022-09-10 15:00:00+00:00,2022-09-10 17:00:00+02:00,48710.85,48.71085,17.8,75,1,1,17,5,9
2022-09-10 16:00:00+00:00,2022-09-10 18:00:00+02:00,49258.1675,49.258167500000006,17.9,77,1,1,18,5,9
2022-09-10 17:00:00+00:00,2022-09-10 19:00:00+02:00,48829.67,48.82967,16.8,84,1,1,19,5,9
2022-09-10 18:00:00+00:00,2022-09-10 20:00:00+02:00,48233.76,48.233760000000004,15.8,88,1,1,20,5,9
2022-09-10 19:00:00+00:00,2022-09-10 21:00:00+02:00,45191.125,45.191125,15.4,88,1,0,21,5,9
2022-09-10 20:00:00+00:00,2022-09-10 22:00:00+02:00,42838.3225,42.838322500000004,15.2,87,1,0,22,5,9
2022-09-10 21:00:00+00:00,2022-09-10 23:00:00+02:00,40419.9375,40.4199375,14.9,88,1,0,23,5,9
2022-09-10 22:00:00+00:00,2022-09-11 00:00:00+02:00,38188.7825,38.1887825,14.3,92,1,0,0,6,9
2022-09-10 23:00:00+00:00,2022-09-11 01:00:00+02:00,36484.9075,36.4849075,14.7,92,1,0,1,6,9
2022-09-11 00:00:00+00:00,2022-09-11 02:00:00+02:00,35304.7875,35.304787499999996,14.9,91,1,0,2,6,9
2022-09-11 01:00:00+00:00,2022-09-11 03:00:00+02:00,35300.8725,35.3008725,15.3,90,1,0,3,6,9
2022-09-11 02:00:00+00:00,2022-09-11 04:00:00+02:00,35001.99,35.00199,14.6,92,1,0,4,6,9
2022-09-11 03:00:00+00:00,2022-09-11 05:00:00+02:00,35520.81,35.52081,14.4,92,1,0,5,6,9
2022-09-11 04:00:00+00:00,2022-09-11 06:00:00+02:00,36403.5425,36.4035425,14.2,93,1,0,6,6,9
2022-09-11 05:00:00+00:00,2022-09-11 07:00:00+02:00,37940.8475,37.940847500000004,13.9,95,1,0,7,6,9
2022-09-11 06:00:00+00:00,2022-09-11 08:00:00+02:00,40840.14,40.84014,14.7,93,1,1,8,6,9
2022-09-11 07:00:00+00:00,2022-09-11 09:00:00+02:00,43953.244999999995,43.953244999999995,15.4,88,1,1,9,6,9
2022-09-11 08:00:00+00:00,2022-09-11 10:00:00+02:00,46193.105,46.193105,16.4,82,1,1,10,6,9
2022-09-11 09:00:00+00:00,2022-09-11 11:00:00+02:00,48113.175,48.113175000000005,17.6,75,1,1,11,6,9
2022-09-11 10:00:00+00:00,2022-09-11 12:00:00+02:00,47999.3975,47.9993975,18.9,67,1,1,12,6,9
2022-09-11 11:00:00+00:00,2022-09-11 13:00:00+02:00,46302.335,46.302335,20.1,60,1,1,13,6,9
2022-09-11 12:00:00+00:00,2022-09-11 14:00:00+02:00,45003.6,45.0036,20.8,63,1,1,14,6,9
2022-09-11 13:00:00+00:00,2022-09-11 15:00:00+02:00,44264.3575,44.264357499999996,21.1,61,1,1,15,6,9
2022-09-11 14:00:00+00:00,2022-09-11 16:00:00+02:00,44073.2475,44.0732475,21.1,59,1,1,16,6,9
2022-09-11 15:00:00+00:00,2022-09-11 17:00:00+02:00,44856.71,44.85671,21.1,56,1,1,17,6,9
2022-09-11 16:00:00+00:00,2022-09-11 18:00:00+02:00,46481.595,46.481595,21.3,54,1,1,18,6,9
2022-09-11 17:00:00+00:00,2022-09-11 19:00:00+02:00,47095.3875,47.095387499999994,19.8,77,1,1,19,6,9
2022-09-11 18:00:00+00:00,2022-09-11 20:00:00+02:00,47613.345,47.613345,16.9,78,1,1,20,6,9
2022-09-11 19:00:00+00:00,2022-09-11 21:00:00+02:00,45687.0875,45.687087500000004,16.9,76,1,0,21,6,9
2022-09-11 20:00:00+00:00,2022-09-11 22:00:00+02:00,43929.729999999996,43.92973,17.7,71,1,0,22,6,9
2022-09-11 21:00:00+00:00,2022-09-11 23:00:00+02:00,41281.055,41.281055,16.8,74,1,0,23,6,9
2022-09-11 22:00:00+00:00,2022-09-12 00:00:00+02:00,38957.5025,38.957502500000004,13.6,88,0,0,0,0,9
2022-09-11 23:00:00+00:00,2022-09-12 01:00:00+02:00,38080.42,38.08042,13.5,89,0,0,1,0,9
2022-09-12 00:00:00+00:00,2022-09-12 02:00:00+02:00,37316.8425,37.3168425,13.0,96,0,0,2,0,9
2022-09-12 01:00:00+00:00,2022-09-12 03:00:00+02:00,37608.2425,37.6082425,11.8,97,0,0,3,0,9
2022-09-12 02:00:00+00:00,2022-09-12 04:00:00+02:00,38692.55,38.692550000000004,11.9,96,0,0,4,0,9
2022-09-12 03:00:00+00:00,2022-09-12 05:00:00+02:00,42753.705,42.753705000000004,11.7,96,0,0,5,0,9
2022-09-12 04:00:00+00:00,2022-09-12 06:00:00+02:00,50720.552500000005,50.720552500000004,11.3,97,0,0,6,0,9
2022-09-12 05:00:00+00:00,2022-09-12 07:00:00+02:00,55450.7775,55.450777499999994,11.0,97,0,0,7,0,9
2022-09-12 06:00:00+00:00,2022-09-12 08:00:00+02:00,58386.57,58.38657,12.1,95,0,1,8,0,9
2022-09-12 07:00:00+00:00,2022-09-12 09:00:00+02:00,59738.0275,59.738027499999994,14.2,88,0,1,9,0,9
2022-09-12 08:00:00+00:00,2022-09-12 10:00:00+02:00,60484.32,60.48432,16.3,81,0,1,10,0,9
2022-09-12 09:00:00+00:00,2022-09-12 11:00:00+02:00,61191.14,61.19114,18.5,76,0,1,11,0,9
2022-09-12 10:00:00+00:00,2022-09-12 12:00:00+02:00,60949.792499999996,60.949792499999994,20.3,68,0,1,12,0,9
2022-09-12 11:00:00+00:00,2022-09-12 13:00:00+02:00,60496.71,60.49671,21.5,61,0,1,13,0,9
2022-09-12 12:00:00+00:00,2022-09-12 14:00:00+02:00,58948.5925,58.9485925,22.5,56,0,1,14,0,9
2022-09-12 13:00:00+00:00,2022-09-12 15:00:00+02:00,57752.8225,57.7528225,23.3,52,0,1,15,0,9
2022-09-12 14:00:00+00:00,2022-09-12 16:00:00+02:00,56469.5275,56.4695275,23.8,48,0,1,16,0,9
2022-09-12 15:00:00+00:00,2022-09-12 17:00:00+02:00,57048.22,57.04822,23.8,48,0,1,17,0,9
2022-09-12 16:00:00+00:00,2022-09-12 18:00:00+02:00,57193.28,57.19328,23.0,53,0,1,18,0,9
2022-09-12 17:00:00+00:00,2022-09-12 19:00:00+02:00,58010.207500000004,58.01020750000001,20.9,66,0,1,19,0,9
2022-09-12 18:00:00+00:00,2022-09-12 20:00:00+02:00,57831.4825,57.8314825,17.8,72,0,1,20,0,9
2022-09-12 19:00:00+00:00,2022-09-12 21:00:00+02:00,54322.6775,54.3226775,17.4,72,0,0,21,0,9
2022-09-12 20:00:00+00:00,2022-09-12 22:00:00+02:00,50359.1625,50.3591625,15.8,81,0,0,22,0,9
2022-09-12 21:00:00+00:00,2022-09-12 23:00:00+02:00,46799.957500000004,46.799957500000005,14.4,87,0,0,23,0,9
2022-09-12 22:00:00+00:00,2022-09-13 00:00:00+02:00,44530.2275,44.5302275,13.7,89,0,0,0,1,9
2022-09-12 23:00:00+00:00,2022-09-13 01:00:00+02:00,43766.3075,43.7663075,13.9,84,0,0,1,1,9
2022-09-13 00:00:00+00:00,2022-09-13 02:00:00+02:00,43368.1075,43.3681075,15.8,72,0,0,2,1,9
2022-09-13 01:00:00+00:00,2022-09-13 03:00:00+02:00,43556.2,43.5562,13.1,85,0,0,3,1,9
2022-09-13 02:00:00+00:00,2022-09-13 04:00:00+02:00,43939.7575,43.9397575,12.2,89,0,0,4,1,9
2022-09-13 03:00:00+00:00,2022-09-13 05:00:00+02:00,47149.275,47.149275,13.4,83,0,0,5,1,9
2022-09-13 04:00:00+00:00,2022-09-13 06:00:00+02:00,54505.6125,54.505612500000005,12.7,89,0,0,6,1,9
2022-09-13 05:00:00+00:00,2022-09-13 07:00:00+02:00,58903.57,58.90357,12.9,89,0,0,7,1,9
2022-09-13 06:00:00+00:00,2022-09-13 08:00:00+02:00,61227.6275,61.227627500000004,14.0,86,0,1,8,1,9
2022-09-13 07:00:00+00:00,2022-09-13 09:00:00+02:00,61818.7425,61.8187425,15.2,85,0,1,9,1,9
2022-09-13 08:00:00+00:00,2022-09-13 10:00:00+02:00,63294.9225,63.2949225,16.4,81,0,1,10,1,9
2022-09-13 09:00:00+00:00,2022-09-13 11:00:00+02:00,64244.5575,64.2445575,18.0,75,0,1,11,1,9
2022-09-13 10:00:00+00:00,2022-09-13 12:00:00+02:00,64214.8725,64.2148725,18.2,76,0,1,12,1,9
2022-09-13 11:00:00+00:00,2022-09-13 13:00:00+02:00,62792.665,62.792665,18.8,75,0,1,13,1,9
2022-09-13 12:00:00+00:00,2022-09-13 14:00:00+02:00,62280.665,62.280665,20.2,78,0,1,14,1,9
2022-09-13 13:00:00+00:00,2022-09-13 15:00:00+02:00,61268.345,61.268345000000004,20.0,77,0,1,15,1,9
2022-09-13 14:00:00+00:00,2022-09-13 16:00:00+02:00,60539.8075,60.5398075,20.6,70,0,1,16,1,9
2022-09-13 15:00:00+00:00,2022-09-13 17:00:00+02:00,60216.1025,60.2161025,20.2,70,0,1,17,1,9
2022-09-13 16:00:00+00:00,2022-09-13 18:00:00+02:00,60015.197499999995,60.01519749999999,18.8,83,0,1,18,1,9
2022-09-13 17:00:00+00:00,2022-09-13 19:00:00+02:00,60359.3275,60.3593275,18.5,88,0,1,19,1,9
2022-09-13 18:00:00+00:00,2022-09-13 20:00:00+02:00,59420.8125,59.4208125,18.4,87,0,1,20,1,9
2022-09-13 19:00:00+00:00,2022-09-13 21:00:00+02:00,55046.6725,55.0466725,16.7,94,0,0,21,1,9
2022-09-13 20:00:00+00:00,2022-09-13 22:00:00+02:00,50866.5525,50.8665525,16.7,93,0,0,22,1,9
2022-09-13 21:00:00+00:00,2022-09-13 23:00:00+02:00,47350.9375,47.3509375,16.5,93,0,0,23,1,9
2022-09-13 22:00:00+00:00,2022-09-14 00:00:00+02:00,45043.8975,45.0438975,16.7,92,0,0,0,2,9
2022-09-13 23:00:00+00:00,2022-09-14 01:00:00+02:00,43175.455,43.175455,16.8,91,0,0,1,2,9
2022-09-14 00:00:00+00:00,2022-09-14 02:00:00+02:00,42398.7525,42.3987525,17.4,86,0,0,2,2,9
2022-09-14 01:00:00+00:00,2022-09-14 03:00:00+02:00,42538.104999999996,42.538104999999995,17.1,87,0,0,3,2,9
2022-09-14 02:00:00+00:00,2022-09-14 04:00:00+02:00,43331.785,43.331785,17.1,90,0,0,4,2,9
2022-09-14 03:00:00+00:00,2022-09-14 05:00:00+02:00,46907.47,46.90747,16.8,92,0,0,5,2,9
2022-09-14 04:00:00+00:00,2022-09-14 06:00:00+02:00,54348.735,54.348735,16.6,92,0,0,6,2,9
2022-09-14 05:00:00+00:00,2022-09-14 07:00:00+02:00,59205.9475,59.2059475,16.4,92,0,0,7,2,9
2022-09-14 06:00:00+00:00,2022-09-14 08:00:00+02:00,61818.4275,61.8184275,16.4,93,0,1,8,2,9
2022-09-14 07:00:00+00:00,2022-09-14 09:00:00+02:00,62190.02,62.19002,16.7,92,0,1,9,2,9
2022-09-14 08:00:00+00:00,2022-09-14 10:00:00+02:00,63885.3725,63.885372499999995,16.9,92,0,1,10,2,9
2022-09-14 09:00:00+00:00,2022-09-14 11:00:00+02:00,64948.345,64.948345,17.3,90,0,1,11,2,9
2022-09-14 10:00:00+00:00,2022-09-14 12:00:00+02:00,64409.4925,64.4094925,20.1,81,0,1,12,2,9
2022-09-14 11:00:00+00:00,2022-09-14 13:00:00+02:00,63198.159999999996,63.198159999999994,21.0,77,0,1,13,2,9
2022-09-14 12:00:00+00:00,2022-09-14 14:00:00+02:00,62164.177500000005,62.16417750000001,19.7,87,0,1,14,2,9
2022-09-14 13:00:00+00:00,2022-09-14 15:00:00+02:00,60620.45,60.62045,20.2,84,0,1,15,2,9
2022-09-14 14:00:00+00:00,2022-09-14 16:00:00+02:00,59570.56,59.57056,18.8,91,0,1,16,2,9
2022-09-14 15:00:00+00:00,2022-09-14 17:00:00+02:00,60031.72,60.03172,18.3,95,0,1,17,2,9
2022-09-14 16:00:00+00:00,2022-09-14 18:00:00+02:00,59168.565,59.168565,18.2,95,0,1,18,2,9
2022-09-14 17:00:00+00:00,2022-09-14 19:00:00+02:00,59247.185,59.247184999999995,17.8,97,0,1,19,2,9
2022-09-14 18:00:00+00:00,2022-09-14 20:00:00+02:00,57962.5625,57.9625625,17.6,97,0,1,20,2,9
2022-09-14 19:00:00+00:00,2022-09-14 21:00:00+02:00,53945.575,53.945575,17.7,96,0,0,21,2,9
2022-09-14 20:00:00+00:00,2022-09-14 22:00:00+02:00,49991.1875,49.9911875,17.3,97,0,0,22,2,9
2022-09-14 21:00:00+00:00,2022-09-14 23:00:00+02:00,46731.31,46.73131,17.1,97,0,0,23,2,9
2022-09-14 22:00:00+00:00,2022-09-15 00:00:00+02:00,44518.0925,44.5180925,16.9,97,0,0,0,3,9
2022-09-14 23:00:00+00:00,2022-09-15 01:00:00+02:00,43136.8825,43.1368825,16.5,98,0,0,1,3,9
2022-09-15 00:00:00+00:00,2022-09-15 02:00:00+02:00,42663.645000000004,42.663645,17.4,97,0,0,2,3,9
2022-09-15 01:00:00+00:00,2022-09-15 03:00:00+02:00,42891.4775,42.8914775,17.1,97,0,0,3,3,9
2022-09-15 02:00:00+00:00,2022-09-15 04:00:00+02:00,43951.29,43.95129,16.9,96,0,0,4,3,9
2022-09-15 03:00:00+00:00,2022-09-15 05:00:00+02:00,47772.65,47.77265,15.9,91,0,0,5,3,9
2022-09-15 04:00:00+00:00,2022-09-15 06:00:00+02:00,55217.0025,55.2170025,15.4,91,0,0,6,3,9
2022-09-15 05:00:00+00:00,2022-09-15 07:00:00+02:00,59640.5225,59.640522499999996,15.2,91,0,0,7,3,9
2022-09-15 06:00:00+00:00,2022-09-15 08:00:00+02:00,62622.15,62.622150000000005,15.5,90,0,1,8,3,9
2022-09-15 07:00:00+00:00,2022-09-15 09:00:00+02:00,63151.4225,63.1514225,16.0,87,0,1,9,3,9
2022-09-15 08:00:00+00:00,2022-09-15 10:00:00+02:00,64111.2625,64.1112625,16.6,81,0,1,10,3,9
2022-09-15 09:00:00+00:00,2022-09-15 11:00:00+02:00,65900.955,65.900955,17.6,73,0,1,11,3,9
2022-09-15 10:00:00+00:00,2022-09-15 12:00:00+02:00,65834.91500000001,65.83491500000001,18.7,63,0,1,12,3,9
2022-09-15 11:00:00+00:00,2022-09-15 13:00:00+02:00,64833.0325,64.8330325,19.2,58,0,1,13,3,9
2022-09-15 12:00:00+00:00,2022-09-15 14:00:00+02:00,63366.082500000004,63.366082500000005,18.7,60,0,1,14,3,9
2022-09-15 13:00:00+00:00,2022-09-15 15:00:00+02:00,62292.075,62.292075,19.1,54,0,1,15,3,9
2022-09-15 14:00:00+00:00,2022-09-15 16:00:00+02:00,61658.5275,61.6585275,19.2,49,0,1,16,3,9
2022-09-15 15:00:00+00:00,2022-09-15 17:00:00+02:00,60802.6725,60.8026725,18.9,49,0,1,17,3,9
2022-09-15 16:00:00+00:00,2022-09-15 18:00:00+02:00,59969.67,59.96967,18.4,52,0,1,18,3,9
2022-09-15 17:00:00+00:00,2022-09-15 19:00:00+02:00,60151.68,60.15168,17.3,61,0,1,19,3,9
2022-09-15 18:00:00+00:00,2022-09-15 20:00:00+02:00,59468.4725,59.468472500000004,16.0,66,0,1,20,3,9
2022-09-15 19:00:00+00:00,2022-09-15 21:00:00+02:00,55627.479999999996,55.62748,16.2,67,0,0,21,3,9
2022-09-15 20:00:00+00:00,2022-09-15 22:00:00+02:00,51799.0775,51.7990775,15.4,77,0,0,22,3,9
2022-09-15 21:00:00+00:00,2022-09-15 23:00:00+02:00,48263.2625,48.263262499999996,15.1,79,0,0,23,3,9
2022-09-15 22:00:00+00:00,2022-09-16 00:00:00+02:00,45948.805,45.948805,14.3,84,0,0,0,4,9
2022-09-15 23:00:00+00:00,2022-09-16 01:00:00+02:00,45037.847499999996,45.0378475,14.0,85,0,0,1,4,9
2022-09-16 00:00:00+00:00,2022-09-16 02:00:00+02:00,44078.76,44.07876,14.7,70,0,0,2,4,9
2022-09-16 01:00:00+00:00,2022-09-16 03:00:00+02:00,44345.44,44.34544,14.1,69,0,0,3,4,9
2022-09-16 02:00:00+00:00,2022-09-16 04:00:00+02:00,45337.759999999995,45.337759999999996,13.8,70,0,0,4,4,9
2022-09-16 03:00:00+00:00,2022-09-16 05:00:00+02:00,48572.8775,48.572877500000004,13.6,71,0,0,5,4,9
2022-09-16 04:00:00+00:00,2022-09-16 06:00:00+02:00,55498.03,55.49803,13.4,73,0,0,6,4,9
2022-09-16 05:00:00+00:00,2022-09-16 07:00:00+02:00,60230.175,60.230175,12.3,79,0,0,7,4,9
2022-09-16 06:00:00+00:00,2022-09-16 08:00:00+02:00,62873.5275,62.873527499999994,12.0,83,0,1,8,4,9
2022-09-16 07:00:00+00:00,2022-09-16 09:00:00+02:00,63749.5425,63.749542500000004,13.5,75,0,1,9,4,9
2022-09-16 08:00:00+00:00,2022-09-16 10:00:00+02:00,65047.347499999996,65.0473475,14.8,67,0,1,10,4,9
2022-09-16 09:00:00+00:00,2022-09-16 11:00:00+02:00,66205.9525,66.2059525,15.5,59,0,1,11,4,9
2022-09-16 10:00:00+00:00,2022-09-16 12:00:00+02:00,65814.7,65.8147,16.1,60,0,1,12,4,9
2022-09-16 11:00:00+00:00,2022-09-16 13:00:00+02:00,64241.765,64.241765,16.5,60,0,1,13,4,9
2022-09-16 12:00:00+00:00,2022-09-16 14:00:00+02:00,62379.725,62.379725,16.2,55,0,1,14,4,9
2022-09-16 13:00:00+00:00,2022-09-16 15:00:00+02:00,61690.515,61.690515,16.8,56,0,1,15,4,9
2022-09-16 14:00:00+00:00,2022-09-16 16:00:00+02:00,60682.130000000005,60.68213000000001,15.9,66,0,1,16,4,9
2022-09-16 15:00:00+00:00,2022-09-16 17:00:00+02:00,60576.947499999995,60.576947499999996,13.8,72,0,1,17,4,9
2022-09-16 16:00:00+00:00,2022-09-16 18:00:00+02:00,60673.332500000004,60.6733325,13.6,75,0,1,18,4,9
2022-09-16 17:00:00+00:00,2022-09-16 19:00:00+02:00,60218.6375,60.2186375,13.1,74,0,1,19,4,9
2022-09-16 18:00:00+00:00,2022-09-16 20:00:00+02:00,58465.0975,58.465097500000006,11.8,77,0,1,20,4,9
2022-09-16 19:00:00+00:00,2022-09-16 21:00:00+02:00,54331.6375,54.3316375,11.3,77,0,0,21,4,9
2022-09-16 20:00:00+00:00,2022-09-16 22:00:00+02:00,50763.3375,50.7633375,10.8,78,0,0,22,4,9
2022-09-16 21:00:00+00:00,2022-09-16 23:00:00+02:00,47425.2575,47.4252575,10.3,79,0,0,23,4,9
2022-09-16 22:00:00+00:00,2022-09-17 00:00:00+02:00,44810.7575,44.8107575,10.1,81,1,0,0,5,9
2022-09-16 23:00:00+00:00,2022-09-17 01:00:00+02:00,42989.2375,42.9892375,10.2,82,1,0,1,5,9
2022-09-17 00:00:00+00:00,2022-09-17 02:00:00+02:00,41732.0125,41.732012499999996,9.5,87,1,0,2,5,9
2022-09-17 01:00:00+00:00,2022-09-17 03:00:00+02:00,41245.909999999996,41.245909999999995,8.9,90,1,0,3,5,9
2022-09-17 02:00:00+00:00,2022-09-17 04:00:00+02:00,41177.925,41.177925,8.9,89,1,0,4,5,9
2022-09-17 03:00:00+00:00,2022-09-17 05:00:00+02:00,41748.35,41.74835,9.5,87,1,0,5,5,9
2022-09-17 04:00:00+00:00,2022-09-17 06:00:00+02:00,43939.535,43.93953500000001,9.6,88,1,0,6,5,9
2022-09-17 05:00:00+00:00,2022-09-17 07:00:00+02:00,46748.205,46.748205,9.8,89,1,0,7,5,9
2022-09-17 06:00:00+00:00,2022-09-17 08:00:00+02:00,50121.3375,50.1213375,10.1,88,1,1,8,5,9
2022-09-17 07:00:00+00:00,2022-09-17 09:00:00+02:00,52750.707500000004,52.750707500000004,10.8,86,1,1,9,5,9
2022-09-17 08:00:00+00:00,2022-09-17 10:00:00+02:00,54187.845,54.187845,11.8,79,1,1,10,5,9
2022-09-17 09:00:00+00:00,2022-09-17 11:00:00+02:00,55280.4975,55.280497499999996,13.3,67,1,1,11,5,9
2022-09-17 10:00:00+00:00,2022-09-17 12:00:00+02:00,54544.6375,54.5446375,14.2,61,1,1,12,5,9
2022-09-17 11:00:00+00:00,2022-09-17 13:00:00+02:00,53025.8975,53.0258975,14.8,55,1,1,13,5,9
2022-09-17 12:00:00+00:00,2022-09-17 14:00:00+02:00,51559.62,51.55962,14.7,58,1,1,14,5,9
2022-09-17 13:00:00+00:00,2022-09-17 15:00:00+02:00,50861.2825,50.8612825,15.2,49,1,1,15,5,9
2022-09-17 14:00:00+00:00,2022-09-17 16:00:00+02:00,50848.770000000004,50.84877,15.0,49,1,1,16,5,9
2022-09-17 15:00:00+00:00,2022-09-17 17:00:00+02:00,51295.1475,51.2951475,13.9,58,1,1,17,5,9
2022-09-17 16:00:00+00:00,2022-09-17 18:00:00+02:00,52358.29,52.358290000000004,13.4,60,1,1,18,5,9
2022-09-17 17:00:00+00:00,2022-09-17 19:00:00+02:00,53249.5975,53.2495975,12.0,68,1,1,19,5,9
2022-09-17 18:00:00+00:00,2022-09-17 20:00:00+02:00,51832.1125,51.8321125,11.4,71,1,1,20,5,9
2022-09-17 19:00:00+00:00,2022-09-17 21:00:00+02:00,48623.9175,48.623917500000005,10.6,75,1,0,21,5,9
2022-09-17 20:00:00+00:00,2022-09-17 22:00:00+02:00,46064.0925,46.0640925,10.1,78,1,0,22,5,9
2022-09-17 21:00:00+00:00,2022-09-17 23:00:00+02:00,43284.89,43.28489,10.0,76,1,0,23,5,9
2022-09-17 22:00:00+00:00,2022-09-18 00:00:00+02:00,40766.9275,40.7669275,10.0,74,1,0,0,6,9
2022-09-17 23:00:00+00:00,2022-09-18 01:00:00+02:00,39124.947499999995,39.1249475,10.2,73,1,0,1,6,9
2022-09-18 00:00:00+00:00,2022-09-18 02:00:00+02:00,38184.755,38.184754999999996,10.2,71,1,0,2,6,9
2022-09-18 01:00:00+00:00,2022-09-18 03:00:00+02:00,38091.58,38.09158,10.4,73,1,0,3,6,9
2022-09-18 02:00:00+00:00,2022-09-18 04:00:00+02:00,38115.175,38.115175,10.6,76,1,0,4,6,9
2022-09-18 03:00:00+00:00,2022-09-18 05:00:00+02:00,38447.635,38.447635000000005,10.6,81,1,0,5,6,9
2022-09-18 04:00:00+00:00,2022-09-18 06:00:00+02:00,39261.067500000005,39.2610675,10.7,83,1,0,6,6,9
2022-09-18 05:00:00+00:00,2022-09-18 07:00:00+02:00,41038.4925,41.038492500000004,10.9,84,1,0,7,6,9
2022-09-18 06:00:00+00:00,2022-09-18 08:00:00+02:00,44342.8475,44.342847500000005,10.9,85,1,1,8,6,9
2022-09-18 07:00:00+00:00,2022-09-18 09:00:00+02:00,47078.225,47.078224999999996,11.2,84,1,1,9,6,9
2022-09-18 08:00:00+00:00,2022-09-18 10:00:00+02:00,49576.46,49.57646,11.6,83,1,1,10,6,9
2022-09-18 09:00:00+00:00,2022-09-18 11:00:00+02:00,52122.2525,52.1222525,12.4,80,1,1,11,6,9
2022-09-18 10:00:00+00:00,2022-09-18 12:00:00+02:00,52323.807499999995,52.323807499999994,13.3,68,1,1,12,6,9
2022-09-18 11:00:00+00:00,2022-09-18 13:00:00+02:00,51046.9025,51.046902499999995,12.4,77,1,1,13,6,9
2022-09-18 12:00:00+00:00,2022-09-18 14:00:00+02:00,49362.4,49.3624,12.4,77,1,1,14,6,9
2022-09-18 13:00:00+00:00,2022-09-18 15:00:00+02:00,49018.7825,49.0187825,13.1,71,1,1,15,6,9
2022-09-18 14:00:00+00:00,2022-09-18 16:00:00+02:00,48936.0075,48.9360075,13.2,67,1,1,16,6,9
2022-09-18 15:00:00+00:00,2022-09-18 17:00:00+02:00,49138.4025,49.1384025,13.5,64,1,1,17,6,9
2022-09-18 16:00:00+00:00,2022-09-18 18:00:00+02:00,49928.0,49.928,13.0,65,1,1,18,6,9
2022-09-18 17:00:00+00:00,2022-09-18 19:00:00+02:00,50816.6325,50.8166325,12.3,69,1,1,19,6,9
2022-09-18 18:00:00+00:00,2022-09-18 20:00:00+02:00,49863.26,49.863260000000004,11.6,76,1,1,20,6,9
2022-09-18 19:00:00+00:00,2022-09-18 21:00:00+02:00,47397.8775,47.3978775,10.8,87,1,0,21,6,9
2022-09-18 20:00:00+00:00,2022-09-18 22:00:00+02:00,45930.2425,45.9302425,10.3,87,1,0,22,6,9
2022-09-18 21:00:00+00:00,2022-09-18 23:00:00+02:00,43446.06,43.446059999999996,9.8,84,1,0,23,6,9
2022-09-18 22:00:00+00:00,2022-09-19 00:00:00+02:00,41695.07,41.69507,9.4,84,0,0,0,0,9
2022-09-18 23:00:00+00:00,2022-09-19 01:00:00+02:00,40691.68,40.69168,8.6,87,0,0,1,0,9
2022-09-19 00:00:00+00:00,2022-09-19 02:00:00+02:00,40238.995,40.238995,9.1,88,0,0,2,0,9
2022-09-19 01:00:00+00:00,2022-09-19 03:00:00+02:00,40522.5025,40.5225025,8.9,87,0,0,3,0,9
2022-09-19 02:00:00+00:00,2022-09-19 04:00:00+02:00,41927.1,41.927099999999996,9.4,85,0,0,4,0,9
2022-09-19 03:00:00+00:00,2022-09-19 05:00:00+02:00,45640.475,45.640474999999995,9.0,87,0,0,5,0,9
2022-09-19 04:00:00+00:00,2022-09-19 06:00:00+02:00,53796.322499999995,53.796322499999995,9.0,87,0,0,6,0,9
2022-09-19 05:00:00+00:00,2022-09-19 07:00:00+02:00,58937.1425,58.9371425,9.6,86,0,0,7,0,9
2022-09-19 06:00:00+00:00,2022-09-19 08:00:00+02:00,61827.6025,61.8276025,10.3,83,0,1,8,0,9
2022-09-19 07:00:00+00:00,2022-09-19 09:00:00+02:00,62444.085,62.444085,11.1,80,0,1,9,0,9
2022-09-19 08:00:00+00:00,2022-09-19 10:00:00+02:00,63389.42,63.38942,11.6,78,0,1,10,0,9
2022-09-19 09:00:00+00:00,2022-09-19 11:00:00+02:00,64439.315,64.43931500000001,13.1,72,0,1,11,0,9
2022-09-19 10:00:00+00:00,2022-09-19 12:00:00+02:00,64425.265,64.425265,14.1,67,0,1,12,0,9
2022-09-19 11:00:00+00:00,2022-09-19 13:00:00+02:00,63890.175,63.890175000000006,15.1,63,0,1,13,0,9
2022-09-19 12:00:00+00:00,2022-09-19 14:00:00+02:00,63017.2475,63.017247499999996,15.4,58,0,1,14,0,9
2022-09-19 13:00:00+00:00,2022-09-19 15:00:00+02:00,61851.332500000004,61.851332500000005,16.0,52,0,1,15,0,9
2022-09-19 14:00:00+00:00,2022-09-19 16:00:00+02:00,60701.33,60.70133,16.4,49,0,1,16,0,9
2022-09-19 15:00:00+00:00,2022-09-19 17:00:00+02:00,59562.3425,59.5623425,16.0,50,0,1,17,0,9
2022-09-19 16:00:00+00:00,2022-09-19 18:00:00+02:00,59657.0325,59.6570325,14.7,61,0,1,18,0,9
2022-09-19 17:00:00+00:00,2022-09-19 19:00:00+02:00,60087.795,60.087795,13.4,67,0,1,19,0,9
2022-09-19 18:00:00+00:00,2022-09-19 20:00:00+02:00,58643.052500000005,58.6430525,12.1,77,0,1,20,0,9
2022-09-19 19:00:00+00:00,2022-09-19 21:00:00+02:00,54763.61,54.76361,11.9,80,0,0,21,0,9
2022-09-19 20:00:00+00:00,2022-09-19 22:00:00+02:00,50679.1225,50.6791225,11.4,85,0,0,22,0,9
2022-09-19 21:00:00+00:00,2022-09-19 23:00:00+02:00,47107.729999999996,47.10773,10.3,90,0,0,23,0,9
2022-09-19 22:00:00+00:00,2022-09-20 00:00:00+02:00,44746.14,44.74614,9.7,92,0,0,0,1,9
2022-09-19 23:00:00+00:00,2022-09-20 01:00:00+02:00,43270.957500000004,43.2709575,9.6,91,0,0,1,1,9
2022-09-20 00:00:00+00:00,2022-09-20 02:00:00+02:00,42494.9875,42.4949875,9.3,92,0,0,2,1,9
2022-09-20 01:00:00+00:00,2022-09-20 03:00:00+02:00,42999.4275,42.999427499999996,9.2,92,0,0,3,1,9
2022-09-20 02:00:00+00:00,2022-09-20 04:00:00+02:00,43949.91,43.94991,8.6,92,0,0,4,1,9
2022-09-20 03:00:00+00:00,2022-09-20 05:00:00+02:00,47106.205,47.106205,7.9,92,0,0,5,1,9
2022-09-20 04:00:00+00:00,2022-09-20 06:00:00+02:00,54160.0025,54.160002500000004,8.2,92,0,0,6,1,9
2022-09-20 05:00:00+00:00,2022-09-20 07:00:00+02:00,58600.575,58.600575,7.7,93,0,0,7,1,9
2022-09-20 06:00:00+00:00,2022-09-20 08:00:00+02:00,60842.02,60.84202,8.7,92,0,1,8,1,9
2022-09-20 07:00:00+00:00,2022-09-20 09:00:00+02:00,61468.09,61.46809,10.3,88,0,1,9,1,9
2022-09-20 08:00:00+00:00,2022-09-20 10:00:00+02:00,62147.695,62.147695,11.5,83,0,1,10,1,9
2022-09-20 09:00:00+00:00,2022-09-20 11:00:00+02:00,63614.5025,63.6145025,13.0,74,0,1,11,1,9
2022-09-20 10:00:00+00:00,2022-09-20 12:00:00+02:00,62904.425,62.904425,14.3,64,0,1,12,1,9
2022-09-20 11:00:00+00:00,2022-09-20 13:00:00+02:00,61952.9825,61.9529825,14.8,58,0,1,13,1,9
2022-09-20 12:00:00+00:00,2022-09-20 14:00:00+02:00,60308.5625,60.3085625,14.2,58,0,1,14,1,9
2022-09-20 13:00:00+00:00,2022-09-20 15:00:00+02:00,59319.1575,59.3191575,14.6,56,0,1,15,1,9
2022-09-20 14:00:00+00:00,2022-09-20 16:00:00+02:00,58318.85,58.31885,14.7,55,0,1,16,1,9
2022-09-20 15:00:00+00:00,2022-09-20 17:00:00+02:00,57511.354999999996,57.511354999999995,15.0,54,0,1,17,1,9
2022-09-20 16:00:00+00:00,2022-09-20 18:00:00+02:00,58048.0225,58.0480225,13.8,61,0,1,18,1,9
2022-09-20 17:00:00+00:00,2022-09-20 19:00:00+02:00,59035.79,59.03579,12.4,72,0,1,19,1,9
2022-09-20 18:00:00+00:00,2022-09-20 20:00:00+02:00,57662.07,57.66207,11.0,77,0,1,20,1,9
2022-09-20 19:00:00+00:00,2022-09-20 21:00:00+02:00,53452.6525,53.4526525,9.9,82,0,0,21,1,9
2022-09-20 20:00:00+00:00,2022-09-20 22:00:00+02:00,49553.5,49.5535,9.1,86,0,0,22,1,9
2022-09-20 21:00:00+00:00,2022-09-20 23:00:00+02:00,45616.515,45.616515,10.0,80,0,0,23,1,9
2022-09-20 22:00:00+00:00,2022-09-21 00:00:00+02:00,42977.66,42.97766,7.1,92,0,0,0,2,9
2022-09-20 23:00:00+00:00,2022-09-21 01:00:00+02:00,41736.2725,41.7362725,8.3,88,0,0,1,2,9
2022-09-21 00:00:00+00:00,2022-09-21 02:00:00+02:00,41071.925,41.071925,7.3,92,0,0,2,2,9
2022-09-21 01:00:00+00:00,2022-09-21 03:00:00+02:00,41385.240000000005,41.38524,7.0,92,0,0,3,2,9
2022-09-21 02:00:00+00:00,2022-09-21 04:00:00+02:00,42757.83,42.75783,7.2,92,0,0,4,2,9
2022-09-21 03:00:00+00:00,2022-09-21 05:00:00+02:00,46426.9025,46.4269025,7.5,92,0,0,5,2,9
2022-09-21 04:00:00+00:00,2022-09-21 06:00:00+02:00,54380.9975,54.3809975,7.7,92,0,0,6,2,9
2022-09-21 05:00:00+00:00,2022-09-21 07:00:00+02:00,58940.8875,58.940887499999995,7.3,94,0,0,7,2,9
2022-09-21 06:00:00+00:00,2022-09-21 08:00:00+02:00,61134.0425,61.13404250000001,7.2,95,0,1,8,2,9
2022-09-21 07:00:00+00:00,2022-09-21 09:00:00+02:00,61282.3475,61.2823475,8.2,93,0,1,9,2,9
2022-09-21 08:00:00+00:00,2022-09-21 10:00:00+02:00,61772.5175,61.7725175,10.3,85,0,1,10,2,9
2022-09-21 09:00:00+00:00,2022-09-21 11:00:00+02:00,62257.765,62.257765,12.4,77,0,1,11,2,9
2022-09-21 10:00:00+00:00,2022-09-21 12:00:00+02:00,61880.405,61.880404999999996,13.9,69,0,1,12,2,9
2022-09-21 11:00:00+00:00,2022-09-21 13:00:00+02:00,60618.6725,60.6186725,15.0,62,0,1,13,2,9
2022-09-21 12:00:00+00:00,2022-09-21 14:00:00+02:00,59161.9125,59.1619125,15.7,59,0,1,14,2,9
2022-09-21 13:00:00+00:00,2022-09-21 15:00:00+02:00,57842.625,57.842625,16.3,54,0,1,15,2,9
2022-09-21 14:00:00+00:00,2022-09-21 16:00:00+02:00,56702.8625,56.7028625,16.2,54,0,1,16,2,9
2022-09-21 15:00:00+00:00,2022-09-21 17:00:00+02:00,56987.8625,56.987862500000006,16.3,52,0,1,17,2,9
2022-09-21 16:00:00+00:00,2022-09-21 18:00:00+02:00,57808.0225,57.8080225,15.7,55,0,1,18,2,9
2022-09-21 17:00:00+00:00,2022-09-21 19:00:00+02:00,59479.4725,59.4794725,13.3,73,0,1,19,2,9
2022-09-21 18:00:00+00:00,2022-09-21 20:00:00+02:00,58089.8625,58.0898625,11.7,71,0,1,20,2,9
2022-09-21 19:00:00+00:00,2022-09-21 21:00:00+02:00,53837.3825,53.8373825,10.8,73,0,0,21,2,9
2022-09-21 20:00:00+00:00,2022-09-21 22:00:00+02:00,50031.485,50.031485,9.7,77,0,0,22,2,9
2022-09-21 21:00:00+00:00,2022-09-21 23:00:00+02:00,46141.8125,46.1418125,8.9,82,0,0,23,2,9
2022-09-21 22:00:00+00:00,2022-09-22 00:00:00+02:00,43505.42,43.50542,6.9,91,0,0,0,3,9
2022-09-21 23:00:00+00:00,2022-09-22 01:00:00+02:00,41814.32,41.81432,7.1,89,0,0,1,3,9
2022-09-22 00:00:00+00:00,2022-09-22 02:00:00+02:00,41201.2325,41.201232499999996,6.9,90,0,0,2,3,9
2022-09-22 01:00:00+00:00,2022-09-22 03:00:00+02:00,41523.71,41.52371,6.3,91,0,0,3,3,9
2022-09-22 02:00:00+00:00,2022-09-22 04:00:00+02:00,42559.835,42.559835,5.9,93,0,0,4,3,9
2022-09-22 03:00:00+00:00,2022-09-22 05:00:00+02:00,46198.0825,46.1980825,5.8,94,0,0,5,3,9
2022-09-22 04:00:00+00:00,2022-09-22 06:00:00+02:00,54296.9425,54.2969425,5.7,94,0,0,6,3,9
2022-09-22 05:00:00+00:00,2022-09-22 07:00:00+02:00,58822.41,58.822410000000005,5.3,95,0,0,7,3,9
2022-09-22 06:00:00+00:00,2022-09-22 08:00:00+02:00,60985.1725,60.9851725,6.1,93,0,1,8,3,9
2022-09-22 07:00:00+00:00,2022-09-22 09:00:00+02:00,61437.2875,61.4372875,8.5,86,0,1,9,3,9
2022-09-22 08:00:00+00:00,2022-09-22 10:00:00+02:00,62042.725,62.042725,10.6,79,0,1,10,3,9
2022-09-22 09:00:00+00:00,2022-09-22 11:00:00+02:00,62696.0225,62.6960225,12.7,72,0,1,11,3,9
2022-09-22 10:00:00+00:00,2022-09-22 12:00:00+02:00,61646.5525,61.6465525,14.6,65,0,1,12,3,9
2022-09-22 11:00:00+00:00,2022-09-22 13:00:00+02:00,60768.47,60.76847,16.0,58,0,1,13,3,9
2022-09-22 12:00:00+00:00,2022-09-22 14:00:00+02:00,59182.34,59.182339999999996,17.7,46,0,1,14,3,9
2022-09-22 13:00:00+00:00,2022-09-22 15:00:00+02:00,57654.34,57.65434,17.9,43,0,1,15,3,9
2022-09-22 14:00:00+00:00,2022-09-22 16:00:00+02:00,56656.4625,56.6564625,17.9,42,0,1,16,3,9
2022-09-22 15:00:00+00:00,2022-09-22 17:00:00+02:00,57203.215,57.20321499999999,17.7,42,0,1,17,3,9
2022-09-22 16:00:00+00:00,2022-09-22 18:00:00+02:00,57694.417499999996,57.69441749999999,16.9,53,0,1,18,3,9
2022-09-22 17:00:00+00:00,2022-09-22 19:00:00+02:00,59408.8325,59.408832499999995,13.5,69,0,1,19,3,9
2022-09-22 18:00:00+00:00,2022-09-22 20:00:00+02:00,58115.240000000005,58.11524000000001,11.5,68,0,1,20,3,9
2022-09-22 19:00:00+00:00,2022-09-22 21:00:00+02:00,54134.5,54.1345,11.0,67,0,0,21,3,9
2022-09-22 20:00:00+00:00,2022-09-22 22:00:00+02:00,50340.21,50.34021,9.4,73,0,0,22,3,9
2022-09-22 21:00:00+00:00,2022-09-22 23:00:00+02:00,46331.74,46.331739999999996,8.0,81,0,0,23,3,9
2022-09-22 22:00:00+00:00,2022-09-23 00:00:00+02:00,44188.755,44.188755,7.4,83,0,0,0,4,9
2022-09-22 23:00:00+00:00,2022-09-23 01:00:00+02:00,42653.582500000004,42.653582500000006,7.2,81,0,0,1,4,9
2022-09-23 00:00:00+00:00,2022-09-23 02:00:00+02:00,41844.337499999994,41.844337499999995,7.0,82,0,0,2,4,9
2022-09-23 01:00:00+00:00,2022-09-23 03:00:00+02:00,42191.0325,42.1910325,6.2,84,0,0,3,4,9
2022-09-23 02:00:00+00:00,2022-09-23 04:00:00+02:00,43305.1625,43.3051625,6.2,84,0,0,4,4,9
2022-09-23 03:00:00+00:00,2022-09-23 05:00:00+02:00,46805.7725,46.805772499999996,6.5,83,0,0,5,4,9
2022-09-23 04:00:00+00:00,2022-09-23 06:00:00+02:00,54159.520000000004,54.15952,6.2,85,0,0,6,4,9
2022-09-23 05:00:00+00:00,2022-09-23 07:00:00+02:00,58759.8375,58.7598375,5.6,88,0,0,7,4,9
2022-09-23 06:00:00+00:00,2022-09-23 08:00:00+02:00,61187.43,61.18743,6.7,83,0,1,8,4,9
2022-09-23 07:00:00+00:00,2022-09-23 09:00:00+02:00,61604.8525,61.6048525,8.7,78,0,1,9,4,9
2022-09-23 08:00:00+00:00,2022-09-23 10:00:00+02:00,62057.1575,62.0571575,10.6,73,0,1,10,4,9
2022-09-23 09:00:00+00:00,2022-09-23 11:00:00+02:00,62440.645000000004,62.440645,12.9,68,0,1,11,4,9
2022-09-23 10:00:00+00:00,2022-09-23 12:00:00+02:00,60982.37,60.98237,14.7,63,0,1,12,4,9
2022-09-23 11:00:00+00:00,2022-09-23 13:00:00+02:00,59522.86,59.52286,15.9,60,0,1,13,4,9
2022-09-23 12:00:00+00:00,2022-09-23 14:00:00+02:00,57601.585,57.601585,16.9,58,0,1,14,4,9
2022-09-23 13:00:00+00:00,2022-09-23 15:00:00+02:00,56641.4825,56.641482499999995,16.9,58,0,1,15,4,9
2022-09-23 14:00:00+00:00,2022-09-23 16:00:00+02:00,56306.695,56.306695,17.3,56,0,1,16,4,9
2022-09-23 15:00:00+00:00,2022-09-23 17:00:00+02:00,56364.06,56.364059999999995,16.9,57,0,1,17,4,9
2022-09-23 16:00:00+00:00,2022-09-23 18:00:00+02:00,56624.905,56.624905,16.1,64,0,1,18,4,9
2022-09-23 17:00:00+00:00,2022-09-23 19:00:00+02:00,57616.0,57.616,13.8,80,0,1,19,4,9
2022-09-23 18:00:00+00:00,2022-09-23 20:00:00+02:00,55550.65,55.550650000000005,13.8,72,0,1,20,4,9
2022-09-23 19:00:00+00:00,2022-09-23 21:00:00+02:00,51894.08,51.89408,14.0,69,0,0,21,4,9
2022-09-23 20:00:00+00:00,2022-09-23 22:00:00+02:00,48644.7625,48.6447625,11.7,81,0,0,22,4,9
2022-09-23 21:00:00+00:00,2022-09-23 23:00:00+02:00,45258.905,45.258905,12.2,77,0,0,23,4,9
2022-09-23 22:00:00+00:00,2022-09-24 00:00:00+02:00,42645.0925,42.6450925,11.2,83,1,0,0,5,9
2022-09-23 23:00:00+00:00,2022-09-24 01:00:00+02:00,40927.2225,40.927222500000006,10.8,87,1,0,1,5,9
2022-09-24 00:00:00+00:00,2022-09-24 02:00:00+02:00,39903.7275,39.9037275,10.6,89,1,0,2,5,9
2022-09-24 01:00:00+00:00,2022-09-24 03:00:00+02:00,39777.7875,39.777787499999995,9.1,93,1,0,3,5,9
2022-09-24 02:00:00+00:00,2022-09-24 04:00:00+02:00,39767.05,39.767050000000005,9.4,91,1,0,4,5,9
2022-09-24 03:00:00+00:00,2022-09-24 05:00:00+02:00,40793.96,40.79396,8.4,93,1,0,5,5,9
2022-09-24 04:00:00+00:00,2022-09-24 06:00:00+02:00,42694.0325,42.6940325,7.6,96,1,0,6,5,9
2022-09-24 05:00:00+00:00,2022-09-24 07:00:00+02:00,44971.5575,44.9715575,6.8,99,1,0,7,5,9
2022-09-24 06:00:00+00:00,2022-09-24 08:00:00+02:00,48143.57,48.14357,7.9,97,1,1,8,5,9
2022-09-24 07:00:00+00:00,2022-09-24 09:00:00+02:00,51038.2425,51.0382425,10.2,89,1,1,9,5,9
2022-09-24 08:00:00+00:00,2022-09-24 10:00:00+02:00,52777.31,52.77731,12.6,81,1,1,10,5,9
2022-09-24 09:00:00+00:00,2022-09-24 11:00:00+02:00,53753.5,53.7535,13.1,80,1,1,11,5,9
2022-09-24 10:00:00+00:00,2022-09-24 12:00:00+02:00,53183.83,53.18383,14.7,74,1,1,12,5,9
2022-09-24 11:00:00+00:00,2022-09-24 13:00:00+02:00,51085.53,51.08553,16.8,65,1,1,13,5,9
2022-09-24 12:00:00+00:00,2022-09-24 14:00:00+02:00,49501.54,49.50154,17.5,58,1,1,14,5,9
2022-09-24 13:00:00+00:00,2022-09-24 15:00:00+02:00,49129.43,49.12943,18.2,58,1,1,15,5,9
2022-09-24 14:00:00+00:00,2022-09-24 16:00:00+02:00,48660.3425,48.6603425,18.0,58,1,1,16,5,9
2022-09-24 15:00:00+00:00,2022-09-24 17:00:00+02:00,49366.315,49.366315,17.5,61,1,1,17,5,9
2022-09-24 16:00:00+00:00,2022-09-24 18:00:00+02:00,50539.635,50.539635000000004,15.5,74,1,1,18,5,9
2022-09-24 17:00:00+00:00,2022-09-24 19:00:00+02:00,51421.104999999996,51.421105,14.3,84,1,1,19,5,9
2022-09-24 18:00:00+00:00,2022-09-24 20:00:00+02:00,49295.130000000005,49.29513000000001,14.2,82,1,1,20,5,9
2022-09-24 19:00:00+00:00,2022-09-24 21:00:00+02:00,46383.815,46.383815000000006,12.4,89,1,0,21,5,9
2022-09-24 20:00:00+00:00,2022-09-24 22:00:00+02:00,43677.505,43.677505,12.0,93,1,0,22,5,9
2022-09-24 21:00:00+00:00,2022-09-24 23:00:00+02:00,40968.305,40.968305,12.4,88,1,0,23,5,9
2022-09-24 22:00:00+00:00,2022-09-25 00:00:00+02:00,38726.125,38.726125,11.4,93,1,0,0,6,9
2022-09-24 23:00:00+00:00,2022-09-25 01:00:00+02:00,36904.755000000005,36.904755,11.1,93,1,0,1,6,9
2022-09-25 00:00:00+00:00,2022-09-25 02:00:00+02:00,36145.175,36.145175,12.8,96,1,0,2,6,9
2022-09-25 01:00:00+00:00,2022-09-25 03:00:00+02:00,35827.185,35.827185,12.9,96,1,0,3,6,9
2022-09-25 02:00:00+00:00,2022-09-25 04:00:00+02:00,35578.8925,35.5788925,12.5,96,1,0,4,6,9
2022-09-25 03:00:00+00:00,2022-09-25 05:00:00+02:00,36422.385,36.422385000000006,12.2,95,1,0,5,6,9
2022-09-25 04:00:00+00:00,2022-09-25 06:00:00+02:00,37018.0225,37.0180225,11.6,92,1,0,6,6,9
2022-09-25 05:00:00+00:00,2022-09-25 07:00:00+02:00,38618.8425,38.6188425,11.3,92,1,0,7,6,9
2022-09-25 06:00:00+00:00,2022-09-25 08:00:00+02:00,41846.6025,41.8466025,11.5,92,1,1,8,6,9
2022-09-25 07:00:00+00:00,2022-09-25 09:00:00+02:00,44725.99,44.725989999999996,12.2,91,1,1,9,6,9
2022-09-25 08:00:00+00:00,2022-09-25 10:00:00+02:00,46940.8075,46.940807500000005,12.8,88,1,1,10,6,9
2022-09-25 09:00:00+00:00,2022-09-25 11:00:00+02:00,49084.18,49.08418,13.8,80,1,1,11,6,9
2022-09-25 10:00:00+00:00,2022-09-25 12:00:00+02:00,48884.185,48.884184999999995,14.5,79,1,1,12,6,9
2022-09-25 11:00:00+00:00,2022-09-25 13:00:00+02:00,47337.3225,47.3373225,15.1,75,1,1,13,6,9
2022-09-25 12:00:00+00:00,2022-09-25 14:00:00+02:00,45967.95,45.967949999999995,13.3,82,1,1,14,6,9
2022-09-25 13:00:00+00:00,2022-09-25 15:00:00+02:00,45201.8925,45.2018925,14.0,77,1,1,15,6,9
2022-09-25 14:00:00+00:00,2022-09-25 16:00:00+02:00,45074.784999999996,45.074785,14.6,72,1,1,16,6,9
2022-09-25 15:00:00+00:00,2022-09-25 17:00:00+02:00,46604.927500000005,46.6049275,14.8,69,1,1,17,6,9
2022-09-25 16:00:00+00:00,2022-09-25 18:00:00+02:00,48304.2425,48.3042425,14.8,69,1,1,18,6,9
2022-09-25 17:00:00+00:00,2022-09-25 19:00:00+02:00,49774.83,49.77483,13.1,80,1,1,19,6,9
2022-09-25 18:00:00+00:00,2022-09-25 20:00:00+02:00,48767.945,48.767945,12.7,78,1,1,20,6,9
2022-09-25 19:00:00+00:00,2022-09-25 21:00:00+02:00,46540.27,46.54027,11.8,81,1,0,21,6,9
2022-09-25 20:00:00+00:00,2022-09-25 22:00:00+02:00,45236.8275,45.2368275,10.5,85,1,0,22,6,9
2022-09-25 21:00:00+00:00,2022-09-25 23:00:00+02:00,42790.2575,42.7902575,9.9,85,1,0,23,6,9
2022-09-25 22:00:00+00:00,2022-09-26 00:00:00+02:00,40928.457500000004,40.92845750000001,9.2,83,0,0,0,0,9
2022-09-25 23:00:00+00:00,2022-09-26 01:00:00+02:00,39917.5075,39.9175075,8.6,83,0,0,1,0,9
2022-09-26 00:00:00+00:00,2022-09-26 02:00:00+02:00,39677.8225,39.677822500000005,7.6,89,0,0,2,0,9
2022-09-26 01:00:00+00:00,2022-09-26 03:00:00+02:00,40131.2275,40.1312275,6.7,93,0,0,3,0,9
2022-09-26 02:00:00+00:00,2022-09-26 04:00:00+02:00,42087.94,42.08794,6.5,94,0,0,4,0,9
2022-09-26 03:00:00+00:00,2022-09-26 05:00:00+02:00,46169.59,46.16959,6.8,95,0,0,5,0,9
2022-09-26 04:00:00+00:00,2022-09-26 06:00:00+02:00,54297.557499999995,54.297557499999996,6.6,96,0,0,6,0,9
2022-09-26 05:00:00+00:00,2022-09-26 07:00:00+02:00,59697.1925,59.6971925,6.8,96,0,0,7,0,9
2022-09-26 06:00:00+00:00,2022-09-26 08:00:00+02:00,62288.2825,62.2882825,7.8,96,0,1,8,0,9
2022-09-26 07:00:00+00:00,2022-09-26 09:00:00+02:00,62950.09,62.950089999999996,9.7,91,0,1,9,0,9
2022-09-26 08:00:00+00:00,2022-09-26 10:00:00+02:00,65095.9675,65.0959675,11.4,79,0,1,10,0,9
2022-09-26 09:00:00+00:00,2022-09-26 11:00:00+02:00,66256.95749999999,66.25695749999998,13.0,70,0,1,11,0,9
2022-09-26 10:00:00+00:00,2022-09-26 12:00:00+02:00,66665.01,66.66501,13.8,65,0,1,12,0,9
2022-09-26 11:00:00+00:00,2022-09-26 13:00:00+02:00,66045.035,66.045035,14.5,60,0,1,13,0,9
2022-09-26 12:00:00+00:00,2022-09-26 14:00:00+02:00,64814.832500000004,64.81483250000001,13.8,64,0,1,14,0,9
2022-09-26 13:00:00+00:00,2022-09-26 15:00:00+02:00,63941.945,63.941945,13.8,64,0,1,15,0,9
2022-09-26 14:00:00+00:00,2022-09-26 16:00:00+02:00,62760.6875,62.7606875,13.4,65,0,1,16,0,9
2022-09-26 15:00:00+00:00,2022-09-26 17:00:00+02:00,62579.625,62.579625,13.3,70,0,1,17,0,9
2022-09-26 16:00:00+00:00,2022-09-26 18:00:00+02:00,62359.707500000004,62.359707500000006,12.9,75,0,1,18,0,9
2022-09-26 17:00:00+00:00,2022-09-26 19:00:00+02:00,63204.72,63.20472,12.5,76,0,1,19,0,9
2022-09-26 18:00:00+00:00,2022-09-26 20:00:00+02:00,60971.125,60.971125,11.6,87,0,1,20,0,9
2022-09-26 19:00:00+00:00,2022-09-26 21:00:00+02:00,57259.9875,57.2599875,11.4,89,0,0,21,0,9
2022-09-26 20:00:00+00:00,2022-09-26 22:00:00+02:00,53512.935,53.512935,11.3,90,0,0,22,0,9
2022-09-26 21:00:00+00:00,2022-09-26 23:00:00+02:00,49398.39,49.39839,11.3,90,0,0,23,0,9
2022-09-26 22:00:00+00:00,2022-09-27 00:00:00+02:00,45286.755000000005,45.28675500000001,11.2,90,0,0,0,1,9
2022-09-26 23:00:00+00:00,2022-09-27 01:00:00+02:00,43733.5525,43.733552499999995,11.0,92,0,0,1,1,9
2022-09-27 00:00:00+00:00,2022-09-27 02:00:00+02:00,42620.6075,42.6206075,10.4,91,0,0,2,1,9
2022-09-27 01:00:00+00:00,2022-09-27 03:00:00+02:00,42821.41,42.82141,10.3,91,0,0,3,1,9
2022-09-27 02:00:00+00:00,2022-09-27 04:00:00+02:00,44274.325,44.274325,10.1,93,0,0,4,1,9
2022-09-27 03:00:00+00:00,2022-09-27 05:00:00+02:00,47828.3525,47.8283525,9.9,91,0,0,5,1,9
2022-09-27 04:00:00+00:00,2022-09-27 06:00:00+02:00,54989.07,54.98907,9.7,89,0,0,6,1,9
2022-09-27 05:00:00+00:00,2022-09-27 07:00:00+02:00,60365.915,60.365915,9.6,88,0,0,7,1,9
2022-09-27 06:00:00+00:00,2022-09-27 08:00:00+02:00,63044.2775,63.0442775,9.5,89,0,1,8,1,9
2022-09-27 07:00:00+00:00,2022-09-27 09:00:00+02:00,63673.795,63.673795,9.9,87,0,1,9,1,9
2022-09-27 08:00:00+00:00,2022-09-27 10:00:00+02:00,64312.665,64.312665,10.4,81,0,1,10,1,9
2022-09-27 09:00:00+00:00,2022-09-27 11:00:00+02:00,65352.895,65.352895,11.4,77,0,1,11,1,9
2022-09-27 10:00:00+00:00,2022-09-27 12:00:00+02:00,64725.197499999995,64.7251975,11.7,73,0,1,12,1,9
2022-09-27 11:00:00+00:00,2022-09-27 13:00:00+02:00,64134.0175,64.1340175,11.6,75,0,1,13,1,9
2022-09-27 12:00:00+00:00,2022-09-27 14:00:00+02:00,63214.3725,63.214372499999996,11.3,75,0,1,14,1,9
2022-09-27 13:00:00+00:00,2022-09-27 15:00:00+02:00,62702.035,62.702035,12.5,71,0,1,15,1,9
2022-09-27 14:00:00+00:00,2022-09-27 16:00:00+02:00,60638.4275,60.6384275,10.9,77,0,1,16,1,9
2022-09-27 15:00:00+00:00,2022-09-27 17:00:00+02:00,60425.7475,60.4257475,11.6,73,0,1,17,1,9
2022-09-27 16:00:00+00:00,2022-09-27 18:00:00+02:00,60910.79,60.91079,11.5,70,0,1,18,1,9
2022-09-27 17:00:00+00:00,2022-09-27 19:00:00+02:00,61482.405,61.482405,10.9,69,0,1,19,1,9
2022-09-27 18:00:00+00:00,2022-09-27 20:00:00+02:00,58542.5775,58.5425775,9.7,74,0,1,20,1,9
2022-09-27 19:00:00+00:00,2022-09-27 21:00:00+02:00,54196.8975,54.1968975,9.2,77,0,0,21,1,9
2022-09-27 20:00:00+00:00,2022-09-27 22:00:00+02:00,50483.0525,50.4830525,8.4,79,0,0,22,1,9
2022-09-27 21:00:00+00:00,2022-09-27 23:00:00+02:00,47398.575,47.398574999999994,7.6,84,0,0,23,1,9
2022-09-27 22:00:00+00:00,2022-09-28 00:00:00+02:00,44441.4625,44.4414625,7.8,82,0,0,0,2,9
2022-09-27 23:00:00+00:00,2022-09-28 01:00:00+02:00,42672.51,42.67251,7.7,85,0,0,1,2,9
2022-09-28 00:00:00+00:00,2022-09-28 02:00:00+02:00,42003.17,42.00317,8.1,95,0,0,2,2,9
2022-09-28 01:00:00+00:00,2022-09-28 03:00:00+02:00,42182.6375,42.1826375,8.5,94,0,0,3,2,9
2022-09-28 02:00:00+00:00,2022-09-28 04:00:00+02:00,43305.61,43.30561,8.8,93,0,0,4,2,9
2022-09-28 03:00:00+00:00,2022-09-28 05:00:00+02:00,46491.1125,46.4911125,9.2,92,0,0,5,2,9
2022-09-28 04:00:00+00:00,2022-09-28 06:00:00+02:00,54462.317500000005,54.462317500000005,9.1,91,0,0,6,2,9
2022-09-28 05:00:00+00:00,2022-09-28 07:00:00+02:00,59680.9675,59.6809675,8.4,90,0,0,7,2,9
2022-09-28 06:00:00+00:00,2022-09-28 08:00:00+02:00,62360.94,62.36094,7.8,91,0,1,8,2,9
2022-09-28 07:00:00+00:00,2022-09-28 09:00:00+02:00,63041.5875,63.0415875,8.9,82,0,1,9,2,9
2022-09-28 08:00:00+00:00,2022-09-28 10:00:00+02:00,64130.875,64.130875,10.0,76,0,1,10,2,9
2022-09-28 09:00:00+00:00,2022-09-28 11:00:00+02:00,64606.244999999995,64.606245,10.9,69,0,1,11,2,9
2022-09-28 10:00:00+00:00,2022-09-28 12:00:00+02:00,64493.4975,64.4934975,12.1,58,0,1,12,2,9
2022-09-28 11:00:00+00:00,2022-09-28 13:00:00+02:00,63410.265,63.410265,12.6,55,0,1,13,2,9
2022-09-28 12:00:00+00:00,2022-09-28 14:00:00+02:00,61745.8175,61.745817499999994,11.9,66,0,1,14,2,9
2022-09-28 13:00:00+00:00,2022-09-28 15:00:00+02:00,60387.1,60.3871,12.9,58,0,1,15,2,9
2022-09-28 14:00:00+00:00,2022-09-28 16:00:00+02:00,58991.45,58.99145,13.3,56,0,1,16,2,9
2022-09-28 15:00:00+00:00,2022-09-28 17:00:00+02:00,59230.8725,59.2308725,13.2,55,0,1,17,2,9
2022-09-28 16:00:00+00:00,2022-09-28 18:00:00+02:00,59670.4075,59.6704075,12.7,62,0,1,18,2,9
2022-09-28 17:00:00+00:00,2022-09-28 19:00:00+02:00,60765.305,60.765305,11.0,70,0,1,19,2,9
2022-09-28 18:00:00+00:00,2022-09-28 20:00:00+02:00,58340.0175,58.3400175,9.6,75,0,1,20,2,9
2022-09-28 19:00:00+00:00,2022-09-28 21:00:00+02:00,54605.21,54.60521,8.1,82,0,0,21,2,9
2022-09-28 20:00:00+00:00,2022-09-28 22:00:00+02:00,50870.0075,50.8700075,7.1,86,0,0,22,2,9
2022-09-28 21:00:00+00:00,2022-09-28 23:00:00+02:00,47153.8825,47.1538825,7.1,86,0,0,23,2,9
2022-09-28 22:00:00+00:00,2022-09-29 00:00:00+02:00,44308.065,44.308065,7.5,84,0,0,0,3,9
2022-09-28 23:00:00+00:00,2022-09-29 01:00:00+02:00,42333.96000000001,42.333960000000005,6.9,86,0,0,1,3,9
2022-09-29 00:00:00+00:00,2022-09-29 02:00:00+02:00,41955.7975,41.9557975,7.3,86,0,0,2,3,9
2022-09-29 01:00:00+00:00,2022-09-29 03:00:00+02:00,42488.515,42.488515,5.2,95,0,0,3,3,9
2022-09-29 02:00:00+00:00,2022-09-29 04:00:00+02:00,43782.85,43.782849999999996,6.3,91,0,0,4,3,9
2022-09-29 03:00:00+00:00,2022-09-29 05:00:00+02:00,47678.155,47.678155,4.9,97,0,0,5,3,9
2022-09-29 04:00:00+00:00,2022-09-29 06:00:00+02:00,55081.9225,55.0819225,5.8,98,0,0,6,3,9
2022-09-29 05:00:00+00:00,2022-09-29 07:00:00+02:00,59988.97,59.98897,5.7,97,0,0,7,3,9
2022-09-29 06:00:00+00:00,2022-09-29 08:00:00+02:00,62314.8025,62.3148025,5.3,98,0,1,8,3,9
2022-09-29 07:00:00+00:00,2022-09-29 09:00:00+02:00,62861.4625,62.8614625,7.2,92,0,1,9,3,9
2022-09-29 08:00:00+00:00,2022-09-29 10:00:00+02:00,63637.8875,63.6378875,8.7,88,0,1,10,3,9
2022-09-29 09:00:00+00:00,2022-09-29 11:00:00+02:00,64036.1825,64.03618250000001,10.4,81,0,1,11,3,9
2022-09-29 10:00:00+00:00,2022-09-29 12:00:00+02:00,63791.76,63.791760000000004,11.8,74,0,1,12,3,9
2022-09-29 11:00:00+00:00,2022-09-29 13:00:00+02:00,62538.4225,62.5384225,13.1,68,0,1,13,3,9
2022-09-29 12:00:00+00:00,2022-09-29 14:00:00+02:00,60756.1575,60.7561575,13.0,63,0,1,14,3,9
2022-09-29 13:00:00+00:00,2022-09-29 15:00:00+02:00,59422.2775,59.4222775,13.9,60,0,1,15,3,9
2022-09-29 14:00:00+00:00,2022-09-29 16:00:00+02:00,58627.58,58.62758,13.7,59,0,1,16,3,9
2022-09-29 15:00:00+00:00,2022-09-29 17:00:00+02:00,59174.5875,59.1745875,13.5,58,0,1,17,3,9
2022-09-29 16:00:00+00:00,2022-09-29 18:00:00+02:00,59625.425,59.625425,13.0,66,0,1,18,3,9
2022-09-29 17:00:00+00:00,2022-09-29 19:00:00+02:00,60816.0075,60.8160075,11.0,74,0,1,19,3,9
2022-09-29 18:00:00+00:00,2022-09-29 20:00:00+02:00,58627.7875,58.6277875,9.3,80,0,1,20,3,9
2022-09-29 19:00:00+00:00,2022-09-29 21:00:00+02:00,55168.0075,55.1680075,8.3,83,0,0,21,3,9
2022-09-29 20:00:00+00:00,2022-09-29 22:00:00+02:00,51369.7475,51.369747499999995,8.1,82,0,0,22,3,9
2022-09-29 21:00:00+00:00,2022-09-29 23:00:00+02:00,47343.4375,47.3434375,8.3,81,0,0,23,3,9
2022-09-29 22:00:00+00:00,2022-09-30 00:00:00+02:00,44391.975,44.391974999999995,6.8,87,0,0,0,4,9
2022-09-29 23:00:00+00:00,2022-09-30 01:00:00+02:00,42300.917499999996,42.3009175,5.4,92,0,0,1,4,9
2022-09-30 00:00:00+00:00,2022-09-30 02:00:00+02:00,41828.2425,41.8282425,6.4,96,0,0,2,4,9
2022-09-30 01:00:00+00:00,2022-09-30 03:00:00+02:00,42079.3575,42.0793575,5.7,94,0,0,3,4,9
2022-09-30 02:00:00+00:00,2022-09-30 04:00:00+02:00,43419.585,43.419585,5.5,92,0,0,4,4,9
2022-09-30 03:00:00+00:00,2022-09-30 05:00:00+02:00,46888.975,46.888975,5.1,93,0,0,5,4,9
2022-09-30 04:00:00+00:00,2022-09-30 06:00:00+02:00,54323.745,54.323745,3.7,96,0,0,6,4,9
2022-09-30 05:00:00+00:00,2022-09-30 07:00:00+02:00,59197.7625,59.197762499999996,3.4,96,0,0,7,4,9
2022-09-30 06:00:00+00:00,2022-09-30 08:00:00+02:00,61688.740000000005,61.68874,4.2,96,0,1,8,4,9
2022-09-30 07:00:00+00:00,2022-09-30 09:00:00+02:00,62075.44,62.07544,6.5,90,0,1,9,4,9
2022-09-30 08:00:00+00:00,2022-09-30 10:00:00+02:00,62054.98,62.05498,8.9,82,0,1,10,4,9
2022-09-30 09:00:00+00:00,2022-09-30 11:00:00+02:00,62361.515,62.361515,11.0,77,0,1,11,4,9
2022-09-30 10:00:00+00:00,2022-09-30 12:00:00+02:00,61516.2175,61.516217499999996,12.9,71,0,1,12,4,9
2022-09-30 11:00:00+00:00,2022-09-30 13:00:00+02:00,60690.63,60.69063,14.4,64,0,1,13,4,9
2022-09-30 12:00:00+00:00,2022-09-30 14:00:00+02:00,58725.58,58.72558,15.3,57,0,1,14,4,9
2022-09-30 13:00:00+00:00,2022-09-30 15:00:00+02:00,57887.455,57.887455,15.8,53,0,1,15,4,9
2022-09-30 14:00:00+00:00,2022-09-30 16:00:00+02:00,57253.4025,57.2534025,15.8,52,0,1,16,4,9
2022-09-30 15:00:00+00:00,2022-09-30 17:00:00+02:00,57152.0525,57.152052499999996,15.5,53,0,1,17,4,9
2022-09-30 16:00:00+00:00,2022-09-30 18:00:00+02:00,58254.4675,58.2544675,14.6,70,0,1,18,4,9
2022-09-30 17:00:00+00:00,2022-09-30 19:00:00+02:00,59940.6225,59.940622499999996,11.0,76,0,1,19,4,9
2022-09-30 18:00:00+00:00,2022-09-30 20:00:00+02:00,57372.9775,57.3729775,10.4,77,0,1,20,4,9
2022-09-30 19:00:00+00:00,2022-09-30 21:00:00+02:00,53665.4975,53.6654975,10.5,75,0,0,21,4,9
2022-09-30 20:00:00+00:00,2022-09-30 22:00:00+02:00,50888.17,50.888169999999995,10.4,74,0,0,22,4,9
2022-09-30 21:00:00+00:00,2022-09-30 23:00:00+02:00,48091.62,48.091620000000006,9.3,82,0,0,23,4,9
2022-09-30 22:00:00+00:00,2022-10-01 00:00:00+02:00,45219.2425,45.2192425,8.1,88,1,0,0,5,10
2022-09-30 23:00:00+00:00,2022-10-01 01:00:00+02:00,43394.5175,43.3945175,7.8,89,1,0,1,5,10
2022-10-01 00:00:00+00:00,2022-10-01 02:00:00+02:00,42783.19,42.783190000000005,8.4,86,1,0,2,5,10
2022-10-01 01:00:00+00:00,2022-10-01 03:00:00+02:00,42624.6075,42.624607499999996,8.5,84,1,0,3,5,10
2022-10-01 02:00:00+00:00,2022-10-01 04:00:00+02:00,42833.8425,42.833842499999996,9.2,80,1,0,4,5,10
2022-10-01 03:00:00+00:00,2022-10-01 05:00:00+02:00,43837.955,43.837955,9.8,77,1,0,5,5,10
2022-10-01 04:00:00+00:00,2022-10-01 06:00:00+02:00,45948.89,45.94889,9.8,80,1,0,6,5,10
2022-10-01 05:00:00+00:00,2022-10-01 07:00:00+02:00,48727.69,48.72769,9.5,88,1,0,7,5,10
2022-10-01 06:00:00+00:00,2022-10-01 08:00:00+02:00,51936.335,51.936335,9.8,88,1,1,8,5,10
2022-10-01 07:00:00+00:00,2022-10-01 09:00:00+02:00,54669.5675,54.6695675,10.0,88,1,1,9,5,10
2022-10-01 08:00:00+00:00,2022-10-01 10:00:00+02:00,56268.61,56.26861,10.3,89,1,1,10,5,10
2022-10-01 09:00:00+00:00,2022-10-01 11:00:00+02:00,57643.9825,57.6439825,10.8,90,1,1,11,5,10
2022-10-01 10:00:00+00:00,2022-10-01 12:00:00+02:00,56891.075,56.891074999999994,11.4,88,1,1,12,5,10
2022-10-01 11:00:00+00:00,2022-10-01 13:00:00+02:00,55755.3425,55.7553425,12.9,84,1,1,13,5,10
2022-10-01 12:00:00+00:00,2022-10-01 14:00:00+02:00,54101.2375,54.1012375,12.8,85,1,1,14,5,10
2022-10-01 13:00:00+00:00,2022-10-01 15:00:00+02:00,52908.91,52.908910000000006,14.3,79,1,1,15,5,10
2022-10-01 14:00:00+00:00,2022-10-01 16:00:00+02:00,52321.9625,52.3219625,15.5,76,1,1,16,5,10
2022-10-01 15:00:00+00:00,2022-10-01 17:00:00+02:00,52554.28,52.55428,16.6,69,1,1,17,5,10
2022-10-01 16:00:00+00:00,2022-10-01 18:00:00+02:00,53470.455,53.470455,15.4,74,1,1,18,5,10
2022-10-01 17:00:00+00:00,2022-10-01 19:00:00+02:00,54421.1475,54.4211475,14.3,78,1,1,19,5,10
2022-10-01 18:00:00+00:00,2022-10-01 20:00:00+02:00,52203.075,52.203075,12.5,88,1,1,20,5,10
2022-10-01 19:00:00+00:00,2022-10-01 21:00:00+02:00,49632.19,49.63219,12.9,87,1,0,21,5,10
2022-10-01 20:00:00+00:00,2022-10-01 22:00:00+02:00,47378.815,47.378815,12.1,89,1,0,22,5,10
2022-10-01 21:00:00+00:00,2022-10-01 23:00:00+02:00,44468.185,44.468185,11.2,91,1,0,23,5,10
2022-10-01 22:00:00+00:00,2022-10-02 00:00:00+02:00,42035.1625,42.0351625,10.8,92,1,0,0,6,10
2022-10-01 23:00:00+00:00,2022-10-02 01:00:00+02:00,40408.8525,40.4088525,10.8,92,1,0,1,6,10
2022-10-02 00:00:00+00:00,2022-10-02 02:00:00+02:00,39152.792499999996,39.1527925,11.2,94,1,0,2,6,10
2022-10-02 01:00:00+00:00,2022-10-02 03:00:00+02:00,38802.2975,38.8022975,11.1,94,1,0,3,6,10
2022-10-02 02:00:00+00:00,2022-10-02 04:00:00+02:00,38999.415,38.999415,11.6,95,1,0,4,6,10
2022-10-02 03:00:00+00:00,2022-10-02 05:00:00+02:00,39303.7375,39.303737500000004,11.6,95,1,0,5,6,10
2022-10-02 04:00:00+00:00,2022-10-02 06:00:00+02:00,40131.8575,40.131857499999995,12.2,93,1,0,6,6,10
2022-10-02 05:00:00+00:00,2022-10-02 07:00:00+02:00,42148.66,42.14866000000001,12.3,94,1,0,7,6,10
2022-10-02 06:00:00+00:00,2022-10-02 08:00:00+02:00,45193.8125,45.1938125,12.4,94,1,1,8,6,10
2022-10-02 07:00:00+00:00,2022-10-02 09:00:00+02:00,48233.0525,48.2330525,12.7,94,1,1,9,6,10
2022-10-02 08:00:00+00:00,2022-10-02 10:00:00+02:00,50232.8625,50.2328625,13.0,93,1,1,10,6,10
2022-10-02 09:00:00+00:00,2022-10-02 11:00:00+02:00,51494.4075,51.4944075,13.1,93,1,1,11,6,10
2022-10-02 10:00:00+00:00,2022-10-02 12:00:00+02:00,51574.83,51.57483,13.3,92,1,1,12,6,10
2022-10-02 11:00:00+00:00,2022-10-02 13:00:00+02:00,50294.8875,50.294887499999994,13.5,93,1,1,13,6,10
2022-10-02 12:00:00+00:00,2022-10-02 14:00:00+02:00,48931.0175,48.9310175,13.2,93,1,1,14,6,10
2022-10-02 13:00:00+00:00,2022-10-02 15:00:00+02:00,48380.2025,48.3802025,13.3,95,1,1,15,6,10
2022-10-02 14:00:00+00:00,2022-10-02 16:00:00+02:00,47805.565,47.805565,14.2,88,1,1,16,6,10
2022-10-02 15:00:00+00:00,2022-10-02 17:00:00+02:00,48533.5475,48.5335475,14.2,90,1,1,17,6,10
2022-10-02 16:00:00+00:00,2022-10-02 18:00:00+02:00,49784.935,49.784935,13.9,92,1,1,18,6,10
2022-10-02 17:00:00+00:00,2022-10-02 19:00:00+02:00,51285.4975,51.2854975,12.8,93,1,1,19,6,10
2022-10-02 18:00:00+00:00,2022-10-02 20:00:00+02:00,49475.825,49.475825,11.9,92,1,1,20,6,10
2022-10-02 19:00:00+00:00,2022-10-02 21:00:00+02:00,47496.792499999996,47.4967925,10.5,91,1,0,21,6,10
2022-10-02 20:00:00+00:00,2022-10-02 22:00:00+02:00,45986.2725,45.9862725,11.0,89,1,0,22,6,10
2022-10-02 21:00:00+00:00,2022-10-02 23:00:00+02:00,43592.975,43.592974999999996,11.1,90,1,0,23,6,10
2022-10-02 22:00:00+00:00,2022-10-03 00:00:00+02:00,40839.2975,40.8392975,10.7,92,0,0,0,0,10
2022-10-02 23:00:00+00:00,2022-10-03 01:00:00+02:00,39444.54,39.44454,10.3,93,0,0,1,0,10
2022-10-03 00:00:00+00:00,2022-10-03 02:00:00+02:00,38497.295,38.497295,10.6,94,0,0,2,0,10
2022-10-03 01:00:00+00:00,2022-10-03 03:00:00+02:00,38308.572499999995,38.3085725,9.7,95,0,0,3,0,10
2022-10-03 02:00:00+00:00,2022-10-03 04:00:00+02:00,38835.195,38.835195,9.4,96,0,0,4,0,10
2022-10-03 03:00:00+00:00,2022-10-03 05:00:00+02:00,39660.0325,39.6600325,9.1,97,0,0,5,0,10
2022-10-03 04:00:00+00:00,2022-10-03 06:00:00+02:00,40330.425,40.330425000000005,8.6,97,0,0,6,0,10
2022-10-03 05:00:00+00:00,2022-10-03 07:00:00+02:00,41489.125,41.489125,8.3,97,0,0,7,0,10
2022-10-03 06:00:00+00:00,2022-10-03 08:00:00+02:00,44078.3375,44.0783375,9.0,97,0,1,8,0,10
2022-10-03 07:00:00+00:00,2022-10-03 09:00:00+02:00,46561.31,46.56131,10.2,96,0,1,9,0,10
2022-10-03 08:00:00+00:00,2022-10-03 10:00:00+02:00,48810.235,48.810235,11.6,88,0,1,10,0,10
2022-10-03 09:00:00+00:00,2022-10-03 11:00:00+02:00,50861.4675,50.861467499999996,13.1,79,0,1,11,0,10
2022-10-03 10:00:00+00:00,2022-10-03 12:00:00+02:00,51281.95,51.281949999999995,14.3,70,0,1,12,0,10
2022-10-03 11:00:00+00:00,2022-10-03 13:00:00+02:00,49191.9375,49.1919375,15.1,65,0,1,13,0,10
2022-10-03 12:00:00+00:00,2022-10-03 14:00:00+02:00,48034.355,48.034355000000005,15.7,59,0,1,14,0,10
2022-10-03 13:00:00+00:00,2022-10-03 15:00:00+02:00,47019.21,47.01921,16.0,58,0,1,15,0,10
2022-10-03 14:00:00+00:00,2022-10-03 16:00:00+02:00,46483.8275,46.4838275,16.1,57,0,1,16,0,10
2022-10-03 15:00:00+00:00,2022-10-03 17:00:00+02:00,48336.17,48.336169999999996,15.8,58,0,1,17,0,10
2022-10-03 16:00:00+00:00,2022-10-03 18:00:00+02:00,50106.075,50.106075,15.0,64,0,1,18,0,10
2022-10-03 17:00:00+00:00,2022-10-03 19:00:00+02:00,52098.915,52.098915,13.7,68,0,1,19,0,10
2022-10-03 18:00:00+00:00,2022-10-03 20:00:00+02:00,50226.79,50.22679,12.4,74,0,1,20,0,10
2022-10-03 19:00:00+00:00,2022-10-03 21:00:00+02:00,48065.8125,48.0658125,10.2,87,0,0,21,0,10
2022-10-03 20:00:00+00:00,2022-10-03 22:00:00+02:00,46649.235,46.649235,9.5,88,0,0,22,0,10
2022-10-03 21:00:00+00:00,2022-10-03 23:00:00+02:00,43939.167499999996,43.939167499999996,8.7,90,0,0,23,0,10
2022-10-03 22:00:00+00:00,2022-10-04 00:00:00+02:00,41756.445,41.756445,7.6,92,0,0,0,1,10
2022-10-03 23:00:00+00:00,2022-10-04 01:00:00+02:00,40558.7,40.558699999999995,7.0,92,0,0,1,1,10
2022-10-04 00:00:00+00:00,2022-10-04 02:00:00+02:00,39910.7,39.9107,6.1,96,0,0,2,1,10
2022-10-04 01:00:00+00:00,2022-10-04 03:00:00+02:00,40073.085,40.073085,5.2,98,0,0,3,1,10
2022-10-04 02:00:00+00:00,2022-10-04 04:00:00+02:00,41460.69,41.46069,5.4,98,0,0,4,1,10
2022-10-04 03:00:00+00:00,2022-10-04 05:00:00+02:00,45059.78,45.059779999999996,5.2,98,0,0,5,1,10
2022-10-04 04:00:00+00:00,2022-10-04 06:00:00+02:00,53106.947499999995,53.1069475,5.8,98,0,0,6,1,10
2022-10-04 05:00:00+00:00,2022-10-04 07:00:00+02:00,58741.337499999994,58.74133749999999,5.4,99,0,0,7,1,10
2022-10-04 06:00:00+00:00,2022-10-04 08:00:00+02:00,61072.4975,61.0724975,5.5,99,0,1,8,1,10
2022-10-04 07:00:00+00:00,2022-10-04 09:00:00+02:00,61404.615,61.404615,7.6,92,0,1,9,1,10
2022-10-04 08:00:00+00:00,2022-10-04 10:00:00+02:00,61976.9025,61.976902499999994,9.5,87,0,1,10,1,10
2022-10-04 09:00:00+00:00,2022-10-04 11:00:00+02:00,62854.2875,62.8542875,11.8,81,0,1,11,1,10
2022-10-04 10:00:00+00:00,2022-10-04 12:00:00+02:00,62489.6025,62.489602500000004,13.4,76,0,1,12,1,10
2022-10-04 11:00:00+00:00,2022-10-04 13:00:00+02:00,61549.305,61.549305,14.8,70,0,1,13,1,10
2022-10-04 12:00:00+00:00,2022-10-04 14:00:00+02:00,60110.19,60.11019,15.6,69,0,1,14,1,10
2022-10-04 13:00:00+00:00,2022-10-04 15:00:00+02:00,59339.5475,59.3395475,16.9,67,0,1,15,1,10
2022-10-04 14:00:00+00:00,2022-10-04 16:00:00+02:00,58009.97,58.00997,17.5,66,0,1,16,1,10
2022-10-04 15:00:00+00:00,2022-10-04 17:00:00+02:00,58255.332500000004,58.2553325,17.6,65,0,1,17,1,10
2022-10-04 16:00:00+00:00,2022-10-04 18:00:00+02:00,59248.7725,59.2487725,16.3,74,0,1,18,1,10
2022-10-04 17:00:00+00:00,2022-10-04 19:00:00+02:00,61572.7725,61.5727725,12.7,85,0,1,19,1,10
2022-10-04 18:00:00+00:00,2022-10-04 20:00:00+02:00,59180.7275,59.1807275,11.6,87,0,1,20,1,10
2022-10-04 19:00:00+00:00,2022-10-04 21:00:00+02:00,55850.1575,55.8501575,10.3,90,0,0,21,1,10
2022-10-04 20:00:00+00:00,2022-10-04 22:00:00+02:00,52823.5325,52.8235325,11.4,85,0,0,22,1,10
2022-10-04 21:00:00+00:00,2022-10-04 23:00:00+02:00,48987.6275,48.9876275,8.9,94,0,0,23,1,10
2022-10-04 22:00:00+00:00,2022-10-05 00:00:00+02:00,46660.075,46.660075,8.0,96,0,0,0,2,10
2022-10-04 23:00:00+00:00,2022-10-05 01:00:00+02:00,45069.9975,45.0699975,8.4,95,0,0,1,2,10
2022-10-05 00:00:00+00:00,2022-10-05 02:00:00+02:00,44325.1775,44.325177499999995,8.9,94,0,0,2,2,10
2022-10-05 01:00:00+00:00,2022-10-05 03:00:00+02:00,44585.0325,44.585032500000004,8.5,95,0,0,3,2,10
2022-10-05 02:00:00+00:00,2022-10-05 04:00:00+02:00,45931.9225,45.9319225,8.5,95,0,0,4,2,10
2022-10-05 03:00:00+00:00,2022-10-05 05:00:00+02:00,49035.905,49.035905,8.6,96,0,0,5,2,10
2022-10-05 04:00:00+00:00,2022-10-05 06:00:00+02:00,56242.765,56.242765,8.1,98,0,0,6,2,10
2022-10-05 05:00:00+00:00,2022-10-05 07:00:00+02:00,61640.365,61.640364999999996,7.8,99,0,0,7,2,10
2022-10-05 06:00:00+00:00,2022-10-05 08:00:00+02:00,64161.6,64.16159999999999,8.3,99,0,1,8,2,10
2022-10-05 07:00:00+00:00,2022-10-05 09:00:00+02:00,64647.880000000005,64.64788,10.5,94,0,1,9,2,10
2022-10-05 08:00:00+00:00,2022-10-05 10:00:00+02:00,65459.369999999995,65.45936999999999,12.4,88,0,1,10,2,10
2022-10-05 09:00:00+00:00,2022-10-05 11:00:00+02:00,65988.8075,65.9888075,13.8,86,0,1,11,2,10
2022-10-05 10:00:00+00:00,2022-10-05 12:00:00+02:00,65787.025,65.787025,15.1,83,0,1,12,2,10
2022-10-05 11:00:00+00:00,2022-10-05 13:00:00+02:00,64384.825,64.38482499999999,17.0,78,0,1,13,2,10
2022-10-05 12:00:00+00:00,2022-10-05 14:00:00+02:00,63198.09,63.19808999999999,17.8,67,0,1,14,2,10
2022-10-05 13:00:00+00:00,2022-10-05 15:00:00+02:00,62497.53,62.49753,18.9,65,0,1,15,2,10
2022-10-05 14:00:00+00:00,2022-10-05 16:00:00+02:00,61240.44,61.24044,20.0,64,0,1,16,2,10
2022-10-05 15:00:00+00:00,2022-10-05 17:00:00+02:00,60372.494999999995,60.372494999999994,20.5,66,0,1,17,2,10
2022-10-05 16:00:00+00:00,2022-10-05 18:00:00+02:00,60554.935,60.554935,19.2,75,0,1,18,2,10
2022-10-05 17:00:00+00:00,2022-10-05 19:00:00+02:00,63173.82,63.17382,17.8,80,0,1,19,2,10
2022-10-05 18:00:00+00:00,2022-10-05 20:00:00+02:00,61571.7925,61.5717925,17.6,84,0,1,20,2,10
2022-10-05 19:00:00+00:00,2022-10-05 21:00:00+02:00,58126.58,58.126580000000004,17.7,78,0,0,21,2,10
2022-10-05 20:00:00+00:00,2022-10-05 22:00:00+02:00,54509.3975,54.5093975,17.5,77,0,0,22,2,10
2022-10-05 21:00:00+00:00,2022-10-05 23:00:00+02:00,50879.67,50.87967,15.9,86,0,0,23,2,10
2022-10-05 22:00:00+00:00,2022-10-06 00:00:00+02:00,47596.725,47.596725,14.8,91,0,0,0,3,10
2022-10-05 23:00:00+00:00,2022-10-06 01:00:00+02:00,46880.96,46.88096,14.5,92,0,0,1,3,10
2022-10-06 00:00:00+00:00,2022-10-06 02:00:00+02:00,45411.2825,45.4112825,14.2,92,0,0,2,3,10
2022-10-06 01:00:00+00:00,2022-10-06 03:00:00+02:00,45664.21,45.66421,13.8,94,0,0,3,3,10
2022-10-06 02:00:00+00:00,2022-10-06 04:00:00+02:00,46326.5225,46.326522499999996,13.8,94,0,0,4,3,10
2022-10-06 03:00:00+00:00,2022-10-06 05:00:00+02:00,49845.1,49.845099999999995,14.1,91,0,0,5,3,10
2022-10-06 04:00:00+00:00,2022-10-06 06:00:00+02:00,57015.535,57.01553500000001,14.0,92,0,0,6,3,10
2022-10-06 05:00:00+00:00,2022-10-06 07:00:00+02:00,61597.55,61.597550000000005,14.0,88,0,0,7,3,10
2022-10-06 06:00:00+00:00,2022-10-06 08:00:00+02:00,63848.630000000005,63.84863000000001,12.5,91,0,1,8,3,10
2022-10-06 07:00:00+00:00,2022-10-06 09:00:00+02:00,64880.365,64.880365,13.0,86,0,1,9,3,10
2022-10-06 08:00:00+00:00,2022-10-06 10:00:00+02:00,65762.2675,65.76226750000001,14.3,73,0,1,10,3,10
2022-10-06 09:00:00+00:00,2022-10-06 11:00:00+02:00,65404.637500000004,65.4046375,15.1,67,0,1,11,3,10
2022-10-06 10:00:00+00:00,2022-10-06 12:00:00+02:00,64686.7175,64.6867175,15.9,64,0,1,12,3,10
2022-10-06 11:00:00+00:00,2022-10-06 13:00:00+02:00,63210.265,63.210265,16.4,60,0,1,13,3,10
2022-10-06 12:00:00+00:00,2022-10-06 14:00:00+02:00,61746.65,61.74665,17.3,53,0,1,14,3,10
2022-10-06 13:00:00+00:00,2022-10-06 15:00:00+02:00,60905.354999999996,60.90535499999999,17.4,52,0,1,15,3,10
2022-10-06 14:00:00+00:00,2022-10-06 16:00:00+02:00,59415.685,59.415684999999996,17.3,52,0,1,16,3,10
2022-10-06 15:00:00+00:00,2022-10-06 17:00:00+02:00,59696.8775,59.6968775,16.9,52,0,1,17,3,10
2022-10-06 16:00:00+00:00,2022-10-06 18:00:00+02:00,60690.1625,60.6901625,15.3,70,0,1,18,3,10
2022-10-06 17:00:00+00:00,2022-10-06 19:00:00+02:00,62894.4025,62.8944025,13.0,66,0,1,19,3,10
2022-10-06 18:00:00+00:00,2022-10-06 20:00:00+02:00,60109.305,60.109305,12.2,66,0,1,20,3,10
2022-10-06 19:00:00+00:00,2022-10-06 21:00:00+02:00,56409.3775,56.409377500000005,11.4,68,0,0,21,3,10
2022-10-06 20:00:00+00:00,2022-10-06 22:00:00+02:00,52677.1225,52.677122499999996,12.1,65,0,0,22,3,10
2022-10-06 21:00:00+00:00,2022-10-06 23:00:00+02:00,49106.520000000004,49.10652,9.3,77,0,0,23,3,10
2022-10-06 22:00:00+00:00,2022-10-07 00:00:00+02:00,46203.1825,46.203182500000004,8.7,79,0,0,0,4,10
2022-10-06 23:00:00+00:00,2022-10-07 01:00:00+02:00,44576.552500000005,44.576552500000005,7.6,84,0,0,1,4,10
2022-10-07 00:00:00+00:00,2022-10-07 02:00:00+02:00,43567.4075,43.5674075,6.7,89,0,0,2,4,10
2022-10-07 01:00:00+00:00,2022-10-07 03:00:00+02:00,43736.065,43.736065,6.1,91,0,0,3,4,10
2022-10-07 02:00:00+00:00,2022-10-07 04:00:00+02:00,45122.56,45.12256,5.6,94,0,0,4,4,10
2022-10-07 03:00:00+00:00,2022-10-07 05:00:00+02:00,48434.5725,48.4345725,5.2,95,0,0,5,4,10
2022-10-07 04:00:00+00:00,2022-10-07 06:00:00+02:00,55951.1825,55.9511825,5.1,95,0,0,6,4,10
2022-10-07 05:00:00+00:00,2022-10-07 07:00:00+02:00,60885.8425,60.885842499999995,4.3,96,0,0,7,4,10
2022-10-07 06:00:00+00:00,2022-10-07 08:00:00+02:00,63391.5325,63.391532500000004,5.0,96,0,1,8,4,10
2022-10-07 07:00:00+00:00,2022-10-07 09:00:00+02:00,63667.7425,63.6677425,7.4,88,0,1,9,4,10
2022-10-07 08:00:00+00:00,2022-10-07 10:00:00+02:00,64224.8275,64.2248275,10.0,81,0,1,10,4,10
2022-10-07 09:00:00+00:00,2022-10-07 11:00:00+02:00,64995.354999999996,64.99535499999999,12.2,76,0,1,11,4,10
2022-10-07 10:00:00+00:00,2022-10-07 12:00:00+02:00,64206.735,64.206735,14.1,71,0,1,12,4,10
2022-10-07 11:00:00+00:00,2022-10-07 13:00:00+02:00,63204.225,63.204225,15.7,64,0,1,13,4,10
2022-10-07 12:00:00+00:00,2022-10-07 14:00:00+02:00,60814.6825,60.8146825,16.3,63,0,1,14,4,10
2022-10-07 13:00:00+00:00,2022-10-07 15:00:00+02:00,59146.1775,59.1461775,17.1,61,0,1,15,4,10
2022-10-07 14:00:00+00:00,2022-10-07 16:00:00+02:00,57378.3425,57.3783425,17.3,62,0,1,16,4,10
2022-10-07 15:00:00+00:00,2022-10-07 17:00:00+02:00,57840.5925,57.8405925,17.1,63,0,1,17,4,10
2022-10-07 16:00:00+00:00,2022-10-07 18:00:00+02:00,59097.375,59.097375,15.5,79,0,1,18,4,10
2022-10-07 17:00:00+00:00,2022-10-07 19:00:00+02:00,60629.2325,60.6292325,13.7,79,0,1,19,4,10
2022-10-07 18:00:00+00:00,2022-10-07 20:00:00+02:00,57147.125,57.147125,15.0,72,0,1,20,4,10
2022-10-07 19:00:00+00:00,2022-10-07 21:00:00+02:00,53302.6,53.3026,12.5,88,0,0,21,4,10
2022-10-07 20:00:00+00:00,2022-10-07 22:00:00+02:00,50151.8,50.1518,13.2,87,0,0,22,4,10
2022-10-07 21:00:00+00:00,2022-10-07 23:00:00+02:00,46986.015,46.986015,12.7,92,0,0,23,4,10
2022-10-07 22:00:00+00:00,2022-10-08 00:00:00+02:00,44386.96,44.38696,12.3,95,1,0,0,5,10
2022-10-07 23:00:00+00:00,2022-10-08 01:00:00+02:00,42788.265,42.788265,11.8,93,1,0,1,5,10
2022-10-08 00:00:00+00:00,2022-10-08 02:00:00+02:00,41617.465,41.617464999999996,11.4,94,1,0,2,5,10
2022-10-08 01:00:00+00:00,2022-10-08 03:00:00+02:00,41621.3525,41.6213525,11.8,90,1,0,3,5,10
2022-10-08 02:00:00+00:00,2022-10-08 04:00:00+02:00,41668.67,41.66867,12.5,84,1,0,4,5,10
2022-10-08 03:00:00+00:00,2022-10-08 05:00:00+02:00,42269.2575,42.2692575,11.3,90,1,0,5,5,10
2022-10-08 04:00:00+00:00,2022-10-08 06:00:00+02:00,44090.4275,44.0904275,10.7,93,1,0,6,5,10
2022-10-08 05:00:00+00:00,2022-10-08 07:00:00+02:00,46416.05,46.416050000000006,9.3,94,1,0,7,5,10
2022-10-08 06:00:00+00:00,2022-10-08 08:00:00+02:00,49789.0025,49.7890025,8.5,93,1,1,8,5,10
2022-10-08 07:00:00+00:00,2022-10-08 09:00:00+02:00,52282.6025,52.2826025,10.1,87,1,1,9,5,10
2022-10-08 08:00:00+00:00,2022-10-08 10:00:00+02:00,53873.78,53.87378,12.2,80,1,1,10,5,10
2022-10-08 09:00:00+00:00,2022-10-08 11:00:00+02:00,55509.745,55.509745,13.6,73,1,1,11,5,10
2022-10-08 10:00:00+00:00,2022-10-08 12:00:00+02:00,55685.972499999996,55.6859725,15.1,69,1,1,12,5,10
2022-10-08 11:00:00+00:00,2022-10-08 13:00:00+02:00,53829.5725,53.829572500000005,15.2,70,1,1,13,5,10
2022-10-08 12:00:00+00:00,2022-10-08 14:00:00+02:00,52377.6825,52.377682500000006,14.4,71,1,1,14,5,10
2022-10-08 13:00:00+00:00,2022-10-08 15:00:00+02:00,51647.9075,51.6479075,15.4,68,1,1,15,5,10
2022-10-08 14:00:00+00:00,2022-10-08 16:00:00+02:00,51255.605,51.255605,16.0,61,1,1,16,5,10
2022-10-08 15:00:00+00:00,2022-10-08 17:00:00+02:00,51295.479999999996,51.29548,16.0,55,1,1,17,5,10
2022-10-08 16:00:00+00:00,2022-10-08 18:00:00+02:00,52591.854999999996,52.591854999999995,14.3,68,1,1,18,5,10
2022-10-08 17:00:00+00:00,2022-10-08 19:00:00+02:00,54078.67,54.078669999999995,11.3,72,1,1,19,5,10
2022-10-08 18:00:00+00:00,2022-10-08 20:00:00+02:00,51101.9925,51.1019925,10.9,69,1,1,20,5,10
2022-10-08 19:00:00+00:00,2022-10-08 21:00:00+02:00,48387.557499999995,48.38755749999999,10.3,72,1,0,21,5,10
2022-10-08 20:00:00+00:00,2022-10-08 22:00:00+02:00,46172.182499999995,46.1721825,8.8,81,1,0,22,5,10
2022-10-08 21:00:00+00:00,2022-10-08 23:00:00+02:00,43251.58,43.251580000000004,7.6,86,1,0,23,5,10
2022-10-08 22:00:00+00:00,2022-10-09 00:00:00+02:00,40702.575,40.702574999999996,6.4,89,1,0,0,6,10
2022-10-08 23:00:00+00:00,2022-10-09 01:00:00+02:00,39296.195,39.296195,5.6,92,1,0,1,6,10
2022-10-09 00:00:00+00:00,2022-10-09 02:00:00+02:00,37956.6725,37.9566725,5.7,93,1,0,2,6,10
2022-10-09 01:00:00+00:00,2022-10-09 03:00:00+02:00,37815.6775,37.8156775,5.4,94,1,0,3,6,10
2022-10-09 02:00:00+00:00,2022-10-09 04:00:00+02:00,37731.5225,37.7315225,5.2,94,1,0,4,6,10
2022-10-09 03:00:00+00:00,2022-10-09 05:00:00+02:00,38132.085,38.132085,5.0,95,1,0,5,6,10
2022-10-09 04:00:00+00:00,2022-10-09 06:00:00+02:00,38363.0725,38.3630725,4.8,95,1,0,6,6,10
2022-10-09 05:00:00+00:00,2022-10-09 07:00:00+02:00,39575.8,39.5758,4.3,96,1,0,7,6,10
2022-10-09 06:00:00+00:00,2022-10-09 08:00:00+02:00,42759.9425,42.759942499999994,4.1,96,1,1,8,6,10
2022-10-09 07:00:00+00:00,2022-10-09 09:00:00+02:00,45860.1,45.860099999999996,5.9,90,1,1,9,6,10
2022-10-09 08:00:00+00:00,2022-10-09 10:00:00+02:00,47883.39,47.88339,8.8,81,1,1,10,6,10
2022-10-09 09:00:00+00:00,2022-10-09 11:00:00+02:00,49765.1925,49.7651925,11.4,74,1,1,11,6,10
2022-10-09 10:00:00+00:00,2022-10-09 12:00:00+02:00,49084.22,49.08422,13.8,70,1,1,12,6,10
2022-10-09 11:00:00+00:00,2022-10-09 13:00:00+02:00,47355.68,47.35568,15.3,61,1,1,13,6,10
2022-10-09 12:00:00+00:00,2022-10-09 14:00:00+02:00,45723.927500000005,45.7239275,15.9,52,1,1,14,6,10
2022-10-09 13:00:00+00:00,2022-10-09 15:00:00+02:00,44985.5275,44.985527499999996,16.2,52,1,1,15,6,10
2022-10-09 14:00:00+00:00,2022-10-09 16:00:00+02:00,44457.4375,44.4574375,16.3,52,1,1,16,6,10
2022-10-09 15:00:00+00:00,2022-10-09 17:00:00+02:00,45890.7125,45.8907125,15.9,53,1,1,17,6,10
2022-10-09 16:00:00+00:00,2022-10-09 18:00:00+02:00,48851.259999999995,48.851259999999996,14.4,61,1,1,18,6,10
2022-10-09 17:00:00+00:00,2022-10-09 19:00:00+02:00,50599.5575,50.5995575,11.9,70,1,1,19,6,10
2022-10-09 18:00:00+00:00,2022-10-09 20:00:00+02:00,49203.435,49.203435,10.8,74,1,1,20,6,10
2022-10-09 19:00:00+00:00,2022-10-09 21:00:00+02:00,47865.159999999996,47.865159999999996,9.9,78,1,0,21,6,10
2022-10-09 20:00:00+00:00,2022-10-09 22:00:00+02:00,47883.375,47.883375,9.4,80,1,0,22,6,10
2022-10-09 21:00:00+00:00,2022-10-09 23:00:00+02:00,45273.1025,45.2731025,9.1,81,1,0,23,6,10
2022-10-09 22:00:00+00:00,2022-10-10 00:00:00+02:00,43678.5625,43.6785625,8.5,85,0,0,0,0,10
2022-10-09 23:00:00+00:00,2022-10-10 01:00:00+02:00,42699.0125,42.699012499999995,7.7,87,0,0,1,0,10
2022-10-10 00:00:00+00:00,2022-10-10 02:00:00+02:00,42274.3625,42.2743625,7.2,88,0,0,2,0,10
2022-10-10 01:00:00+00:00,2022-10-10 03:00:00+02:00,42823.447499999995,42.82344749999999,6.4,90,0,0,3,0,10
2022-10-10 02:00:00+00:00,2022-10-10 04:00:00+02:00,44418.2275,44.4182275,5.7,94,0,0,4,0,10
2022-10-10 03:00:00+00:00,2022-10-10 05:00:00+02:00,48145.5375,48.145537499999996,5.4,95,0,0,5,0,10
2022-10-10 04:00:00+00:00,2022-10-10 06:00:00+02:00,55345.5775,55.3455775,7.5,91,0,0,6,0,10
2022-10-10 05:00:00+00:00,2022-10-10 07:00:00+02:00,61008.770000000004,61.008770000000005,7.3,93,0,0,7,0,10
2022-10-10 06:00:00+00:00,2022-10-10 08:00:00+02:00,63759.1325,63.7591325,7.2,94,0,1,8,0,10
2022-10-10 07:00:00+00:00,2022-10-10 09:00:00+02:00,64283.49,64.28349,8.2,91,0,1,9,0,10
2022-10-10 08:00:00+00:00,2022-10-10 10:00:00+02:00,64691.835,64.691835,10.4,87,0,1,10,0,10
2022-10-10 09:00:00+00:00,2022-10-10 11:00:00+02:00,64828.725,64.82872499999999,12.3,82,0,1,11,0,10
2022-10-10 10:00:00+00:00,2022-10-10 12:00:00+02:00,64174.43,64.17443,14.3,78,0,1,12,0,10
2022-10-10 11:00:00+00:00,2022-10-10 13:00:00+02:00,63332.935,63.332935,16.1,75,0,1,13,0,10
2022-10-10 12:00:00+00:00,2022-10-10 14:00:00+02:00,61856.235,61.856235,17.0,73,0,1,14,0,10
2022-10-10 13:00:00+00:00,2022-10-10 15:00:00+02:00,61034.332500000004,61.034332500000005,18.0,70,0,1,15,0,10
2022-10-10 14:00:00+00:00,2022-10-10 16:00:00+02:00,60200.185,60.200185,18.6,70,0,1,16,0,10
2022-10-10 15:00:00+00:00,2022-10-10 17:00:00+02:00,60831.4825,60.8314825,18.9,70,0,1,17,0,10
2022-10-10 16:00:00+00:00,2022-10-10 18:00:00+02:00,62595.08,62.59508,17.4,78,0,1,18,0,10
2022-10-10 17:00:00+00:00,2022-10-10 19:00:00+02:00,63444.5125,63.444512499999995,16.2,76,0,1,19,0,10
2022-10-10 18:00:00+00:00,2022-10-10 20:00:00+02:00,60073.042499999996,60.07304249999999,14.3,85,0,1,20,0,10
2022-10-10 19:00:00+00:00,2022-10-10 21:00:00+02:00,56491.2625,56.4912625,14.3,82,0,0,21,0,10
2022-10-10 20:00:00+00:00,2022-10-10 22:00:00+02:00,52936.5375,52.9365375,14.6,78,0,0,22,0,10
2022-10-10 21:00:00+00:00,2022-10-10 23:00:00+02:00,49397.035,49.397035,13.6,84,0,0,23,0,10
2022-10-10 22:00:00+00:00,2022-10-11 00:00:00+02:00,46656.317500000005,46.65631750000001,12.6,87,0,0,0,1,10
2022-10-10 23:00:00+00:00,2022-10-11 01:00:00+02:00,45162.284999999996,45.162285,12.8,84,0,0,1,1,10
2022-10-11 00:00:00+00:00,2022-10-11 02:00:00+02:00,43972.1,43.9721,12.0,88,0,0,2,1,10
2022-10-11 01:00:00+00:00,2022-10-11 03:00:00+02:00,43999.19,43.999190000000006,12.2,88,0,0,3,1,10
2022-10-11 02:00:00+00:00,2022-10-11 04:00:00+02:00,45410.7975,45.4107975,11.7,89,0,0,4,1,10
2022-10-11 03:00:00+00:00,2022-10-11 05:00:00+02:00,48476.457500000004,48.4764575,10.8,91,0,0,5,1,10
2022-10-11 04:00:00+00:00,2022-10-11 06:00:00+02:00,55603.4225,55.6034225,9.4,92,0,0,6,1,10
2022-10-11 05:00:00+00:00,2022-10-11 07:00:00+02:00,61136.845,61.136845,8.5,92,0,0,7,1,10
2022-10-11 06:00:00+00:00,2022-10-11 08:00:00+02:00,63385.2325,63.3852325,7.8,92,0,1,8,1,10
2022-10-11 07:00:00+00:00,2022-10-11 09:00:00+02:00,63426.225,63.426224999999995,8.6,91,0,1,9,1,10
2022-10-11 08:00:00+00:00,2022-10-11 10:00:00+02:00,64307.145000000004,64.307145,10.1,87,0,1,10,1,10
2022-10-11 09:00:00+00:00,2022-10-11 11:00:00+02:00,65496.1625,65.4961625,11.5,81,0,1,11,1,10
2022-10-11 10:00:00+00:00,2022-10-11 12:00:00+02:00,65173.8075,65.17380750000001,12.8,74,0,1,12,1,10
2022-10-11 11:00:00+00:00,2022-10-11 13:00:00+02:00,63933.545,63.933544999999995,13.9,66,0,1,13,1,10
2022-10-11 12:00:00+00:00,2022-10-11 14:00:00+02:00,62276.97,62.27697,14.7,61,0,1,14,1,10
2022-10-11 13:00:00+00:00,2022-10-11 15:00:00+02:00,60282.35,60.28235,15.0,58,0,1,15,1,10
2022-10-11 14:00:00+00:00,2022-10-11 16:00:00+02:00,59305.0325,59.3050325,15.0,55,0,1,16,1,10
2022-10-11 15:00:00+00:00,2022-10-11 17:00:00+02:00,59228.41,59.228410000000004,14.6,56,0,1,17,1,10
2022-10-11 16:00:00+00:00,2022-10-11 18:00:00+02:00,60332.3275,60.3323275,13.1,68,0,1,18,1,10
2022-10-11 17:00:00+00:00,2022-10-11 19:00:00+02:00,61841.917499999996,61.841917499999994,11.0,72,0,1,19,1,10
2022-10-11 18:00:00+00:00,2022-10-11 20:00:00+02:00,58456.6225,58.456622499999995,10.2,72,0,1,20,1,10
2022-10-11 19:00:00+00:00,2022-10-11 21:00:00+02:00,54624.2875,54.6242875,9.2,76,0,0,21,1,10
2022-10-11 20:00:00+00:00,2022-10-11 22:00:00+02:00,50940.225,50.940225,8.3,79,0,0,22,1,10
2022-10-11 21:00:00+00:00,2022-10-11 23:00:00+02:00,46994.505000000005,46.994505000000004,7.9,80,0,0,23,1,10
2022-10-11 22:00:00+00:00,2022-10-12 00:00:00+02:00,44491.1975,44.491197500000006,7.3,82,0,0,0,2,10
2022-10-11 23:00:00+00:00,2022-10-12 01:00:00+02:00,43110.5875,43.1105875,6.8,84,0,0,1,2,10
2022-10-12 00:00:00+00:00,2022-10-12 02:00:00+02:00,42256.667499999996,42.2566675,6.2,87,0,0,2,2,10
2022-10-12 01:00:00+00:00,2022-10-12 03:00:00+02:00,42780.6875,42.7806875,5.7,89,0,0,3,2,10
2022-10-12 02:00:00+00:00,2022-10-12 04:00:00+02:00,44201.9975,44.2019975,5.5,89,0,0,4,2,10
2022-10-12 03:00:00+00:00,2022-10-12 05:00:00+02:00,47424.5825,47.4245825,5.3,90,0,0,5,2,10
2022-10-12 04:00:00+00:00,2022-10-12 06:00:00+02:00,54622.990000000005,54.62299000000001,5.0,90,0,0,6,2,10
2022-10-12 05:00:00+00:00,2022-10-12 07:00:00+02:00,59976.7525,59.9767525,4.6,92,0,0,7,2,10
2022-10-12 06:00:00+00:00,2022-10-12 08:00:00+02:00,62112.915,62.112915,4.2,94,0,1,8,2,10
2022-10-12 07:00:00+00:00,2022-10-12 09:00:00+02:00,62516.9125,62.5169125,5.7,89,0,1,9,2,10
2022-10-12 08:00:00+00:00,2022-10-12 10:00:00+02:00,62973.6875,62.9736875,8.3,81,0,1,10,2,10
2022-10-12 09:00:00+00:00,2022-10-12 11:00:00+02:00,63612.7125,63.6127125,10.5,77,0,1,11,2,10
2022-10-12 10:00:00+00:00,2022-10-12 12:00:00+02:00,62891.88,62.89188,12.6,74,0,1,12,2,10
2022-10-12 11:00:00+00:00,2022-10-12 13:00:00+02:00,61999.2125,61.9992125,14.5,72,0,1,13,2,10
2022-10-12 12:00:00+00:00,2022-10-12 14:00:00+02:00,60292.44,60.29244,15.8,70,0,1,14,2,10
2022-10-12 13:00:00+00:00,2022-10-12 15:00:00+02:00,59151.625,59.151625,16.2,70,0,1,15,2,10
2022-10-12 14:00:00+00:00,2022-10-12 16:00:00+02:00,58188.055,58.188055,16.5,69,0,1,16,2,10
2022-10-12 15:00:00+00:00,2022-10-12 17:00:00+02:00,58876.9375,58.8769375,16.0,72,0,1,17,2,10
2022-10-12 16:00:00+00:00,2022-10-12 18:00:00+02:00,60651.2725,60.6512725,14.7,81,0,1,18,2,10
2022-10-12 17:00:00+00:00,2022-10-12 19:00:00+02:00,62241.325000000004,62.241325,14.4,78,0,1,19,2,10
2022-10-12 18:00:00+00:00,2022-10-12 20:00:00+02:00,58982.4775,58.9824775,13.6,82,0,1,20,2,10
2022-10-12 19:00:00+00:00,2022-10-12 21:00:00+02:00,55697.332500000004,55.6973325,12.7,87,0,0,21,2,10
2022-10-12 20:00:00+00:00,2022-10-12 22:00:00+02:00,52168.3875,52.168387499999994,10.9,91,0,0,22,2,10
2022-10-12 21:00:00+00:00,2022-10-12 23:00:00+02:00,48399.43,48.39943,9.3,95,0,0,23,2,10
2022-10-12 22:00:00+00:00,2022-10-13 00:00:00+02:00,45758.4075,45.758407500000004,9.6,94,0,0,0,3,10
2022-10-12 23:00:00+00:00,2022-10-13 01:00:00+02:00,43987.89,43.98789,7.9,99,0,0,1,3,10
2022-10-13 00:00:00+00:00,2022-10-13 02:00:00+02:00,42944.0925,42.9440925,7.4,100,0,0,2,3,10
2022-10-13 01:00:00+00:00,2022-10-13 03:00:00+02:00,42988.845,42.988845,7.6,100,0,0,3,3,10
2022-10-13 02:00:00+00:00,2022-10-13 04:00:00+02:00,44226.55,44.22655,8.0,100,0,0,4,3,10
2022-10-13 03:00:00+00:00,2022-10-13 05:00:00+02:00,47801.81,47.801809999999996,8.1,99,0,0,5,3,10
2022-10-13 04:00:00+00:00,2022-10-13 06:00:00+02:00,54782.265,54.782265,8.3,100,0,0,6,3,10
2022-10-13 05:00:00+00:00,2022-10-13 07:00:00+02:00,59766.1425,59.7661425,8.2,100,0,0,7,3,10
2022-10-13 06:00:00+00:00,2022-10-13 08:00:00+02:00,62228.7025,62.2287025,8.3,99,0,1,8,3,10
2022-10-13 07:00:00+00:00,2022-10-13 09:00:00+02:00,62793.955,62.793955000000004,8.7,99,0,1,9,3,10
2022-10-13 08:00:00+00:00,2022-10-13 10:00:00+02:00,63550.35,63.55035,9.1,98,0,1,10,3,10
2022-10-13 09:00:00+00:00,2022-10-13 11:00:00+02:00,64117.08,64.11708,9.7,96,0,1,11,3,10
2022-10-13 10:00:00+00:00,2022-10-13 12:00:00+02:00,63831.19,63.83119,10.9,92,0,1,12,3,10
2022-10-13 11:00:00+00:00,2022-10-13 13:00:00+02:00,63146.6125,63.1466125,12.6,86,0,1,13,3,10
2022-10-13 12:00:00+00:00,2022-10-13 14:00:00+02:00,62115.3575,62.1153575,12.7,90,0,1,14,3,10
2022-10-13 13:00:00+00:00,2022-10-13 15:00:00+02:00,60823.18,60.82318,13.7,86,0,1,15,3,10
2022-10-13 14:00:00+00:00,2022-10-13 16:00:00+02:00,59661.29,59.66129,13.3,87,0,1,16,3,10
2022-10-13 15:00:00+00:00,2022-10-13 17:00:00+02:00,59668.5675,59.668567499999995,13.1,91,0,1,17,3,10
2022-10-13 16:00:00+00:00,2022-10-13 18:00:00+02:00,61245.4,61.245400000000004,13.2,92,0,1,18,3,10
2022-10-13 17:00:00+00:00,2022-10-13 19:00:00+02:00,61715.81,61.71581,12.2,95,0,1,19,3,10
2022-10-13 18:00:00+00:00,2022-10-13 20:00:00+02:00,58194.435,58.194435,11.7,96,0,1,20,3,10
2022-10-13 19:00:00+00:00,2022-10-13 21:00:00+02:00,54824.1875,54.8241875,12.1,94,0,0,21,3,10
2022-10-13 20:00:00+00:00,2022-10-13 22:00:00+02:00,51223.6675,51.223667500000005,12.4,95,0,0,22,3,10
2022-10-13 21:00:00+00:00,2022-10-13 23:00:00+02:00,47266.135,47.266135000000006,12.4,95,0,0,23,3,10
2022-10-13 22:00:00+00:00,2022-10-14 00:00:00+02:00,44766.1475,44.7661475,12.3,95,0,0,0,4,10
2022-10-13 23:00:00+00:00,2022-10-14 01:00:00+02:00,43307.177500000005,43.30717750000001,12.0,96,0,0,1,4,10
2022-10-14 00:00:00+00:00,2022-10-14 02:00:00+02:00,42260.417499999996,42.260417499999996,11.9,97,0,0,2,4,10
2022-10-14 01:00:00+00:00,2022-10-14 03:00:00+02:00,42400.677500000005,42.40067750000001,11.7,97,0,0,3,4,10
2022-10-14 02:00:00+00:00,2022-10-14 04:00:00+02:00,43372.175,43.372175000000006,12.0,97,0,0,4,4,10
2022-10-14 03:00:00+00:00,2022-10-14 05:00:00+02:00,46668.7225,46.6687225,12.2,97,0,0,5,4,10
2022-10-14 04:00:00+00:00,2022-10-14 06:00:00+02:00,54049.35,54.04935,12.4,96,0,0,6,4,10
2022-10-14 05:00:00+00:00,2022-10-14 07:00:00+02:00,59505.1425,59.505142500000005,12.3,95,0,0,7,4,10
2022-10-14 06:00:00+00:00,2022-10-14 08:00:00+02:00,61728.03,61.72803,11.9,95,0,1,8,4,10
2022-10-14 07:00:00+00:00,2022-10-14 09:00:00+02:00,62251.4625,62.2514625,12.1,93,0,1,9,4,10
2022-10-14 08:00:00+00:00,2022-10-14 10:00:00+02:00,63203.44,63.20344,13.0,90,0,1,10,4,10
2022-10-14 09:00:00+00:00,2022-10-14 11:00:00+02:00,63622.1825,63.6221825,14.1,88,0,1,11,4,10
2022-10-14 10:00:00+00:00,2022-10-14 12:00:00+02:00,63412.76,63.41276,15.3,81,0,1,12,4,10
2022-10-14 11:00:00+00:00,2022-10-14 13:00:00+02:00,61876.865,61.876864999999995,16.2,79,0,1,13,4,10
2022-10-14 12:00:00+00:00,2022-10-14 14:00:00+02:00,60121.2325,60.1212325,16.5,75,0,1,14,4,10
2022-10-14 13:00:00+00:00,2022-10-14 15:00:00+02:00,58957.715,58.95771499999999,15.5,79,0,1,15,4,10
2022-10-14 14:00:00+00:00,2022-10-14 16:00:00+02:00,58215.565,58.215565000000005,14.8,88,0,1,16,4,10
2022-10-14 15:00:00+00:00,2022-10-14 17:00:00+02:00,58489.457500000004,58.48945750000001,14.0,92,0,1,17,4,10
2022-10-14 16:00:00+00:00,2022-10-14 18:00:00+02:00,59936.2375,59.936237500000004,14.1,91,0,1,18,4,10
2022-10-14 17:00:00+00:00,2022-10-14 19:00:00+02:00,60233.01,60.23301,14.2,93,0,1,19,4,10
2022-10-14 18:00:00+00:00,2022-10-14 20:00:00+02:00,57102.0075,57.1020075,14.3,94,0,1,20,4,10
2022-10-14 19:00:00+00:00,2022-10-14 21:00:00+02:00,53611.1175,53.6111175,14.3,93,0,0,21,4,10
2022-10-14 20:00:00+00:00,2022-10-14 22:00:00+02:00,50681.38,50.68138,13.9,92,0,0,22,4,10
2022-10-14 21:00:00+00:00,2022-10-14 23:00:00+02:00,47420.175,47.420175,13.4,94,0,0,23,4,10
2022-10-14 22:00:00+00:00,2022-10-15 00:00:00+02:00,44151.135,44.151135000000004,13.3,96,1,0,0,5,10
2022-10-14 23:00:00+00:00,2022-10-15 01:00:00+02:00,42074.6725,42.0746725,13.5,95,1,0,1,5,10
2022-10-15 00:00:00+00:00,2022-10-15 02:00:00+02:00,41133.6425,41.1336425,13.7,95,1,0,2,5,10
2022-10-15 01:00:00+00:00,2022-10-15 03:00:00+02:00,40810.302500000005,40.810302500000006,13.6,96,1,0,3,5,10
2022-10-15 02:00:00+00:00,2022-10-15 04:00:00+02:00,40657.485,40.657485,13.5,96,1,0,4,5,10
2022-10-15 03:00:00+00:00,2022-10-15 05:00:00+02:00,41056.9725,41.0569725,13.4,97,1,0,5,5,10
2022-10-15 04:00:00+00:00,2022-10-15 06:00:00+02:00,42917.479999999996,42.91748,13.0,99,1,0,6,5,10
2022-10-15 05:00:00+00:00,2022-10-15 07:00:00+02:00,45211.07,45.21107,13.0,99,1,0,7,5,10
2022-10-15 06:00:00+00:00,2022-10-15 08:00:00+02:00,48510.625,48.510625,13.1,99,1,1,8,5,10
2022-10-15 07:00:00+00:00,2022-10-15 09:00:00+02:00,51120.415,51.120415,13.1,99,1,1,9,5,10
2022-10-15 08:00:00+00:00,2022-10-15 10:00:00+02:00,52468.835,52.468835,13.5,98,1,1,10,5,10
2022-10-15 09:00:00+00:00,2022-10-15 11:00:00+02:00,53860.8025,53.8608025,15.5,88,1,1,11,5,10
2022-10-15 10:00:00+00:00,2022-10-15 12:00:00+02:00,53591.23,53.59123,15.8,90,1,1,12,5,10
2022-10-15 11:00:00+00:00,2022-10-15 13:00:00+02:00,52136.942500000005,52.1369425,16.1,90,1,1,13,5,10
2022-10-15 12:00:00+00:00,2022-10-15 14:00:00+02:00,50729.2625,50.7292625,17.2,88,1,1,14,5,10
2022-10-15 13:00:00+00:00,2022-10-15 15:00:00+02:00,50352.630000000005,50.352630000000005,17.8,84,1,1,15,5,10
2022-10-15 14:00:00+00:00,2022-10-15 16:00:00+02:00,49539.8075,49.5398075,18.2,81,1,1,16,5,10
2022-10-15 15:00:00+00:00,2022-10-15 17:00:00+02:00,50675.9225,50.6759225,17.6,84,1,1,17,5,10
2022-10-15 16:00:00+00:00,2022-10-15 18:00:00+02:00,52670.135,52.670135,17.5,85,1,1,18,5,10
2022-10-15 17:00:00+00:00,2022-10-15 19:00:00+02:00,53007.9875,53.007987500000006,16.6,89,1,1,19,5,10
2022-10-15 18:00:00+00:00,2022-10-15 20:00:00+02:00,50562.91,50.56291,16.0,91,1,1,20,5,10
2022-10-15 19:00:00+00:00,2022-10-15 21:00:00+02:00,48499.93,48.49993,15.8,93,1,0,21,5,10
2022-10-15 20:00:00+00:00,2022-10-15 22:00:00+02:00,46273.7825,46.2737825,15.8,93,1,0,22,5,10
2022-10-15 21:00:00+00:00,2022-10-15 23:00:00+02:00,43561.615,43.561614999999996,15.4,94,1,0,23,5,10
2022-10-15 22:00:00+00:00,2022-10-16 00:00:00+02:00,41087.8425,41.0878425,15.5,93,1,0,0,6,10
2022-10-15 23:00:00+00:00,2022-10-16 01:00:00+02:00,39691.04,39.69104,15.5,94,1,0,1,6,10
2022-10-16 00:00:00+00:00,2022-10-16 02:00:00+02:00,38746.07,38.74607,15.3,94,1,0,2,6,10
2022-10-16 01:00:00+00:00,2022-10-16 03:00:00+02:00,37967.33,37.967330000000004,15.4,94,1,0,3,6,10
2022-10-16 02:00:00+00:00,2022-10-16 04:00:00+02:00,38054.8775,38.0548775,15.5,92,1,0,4,6,10
2022-10-16 03:00:00+00:00,2022-10-16 05:00:00+02:00,38794.1025,38.7941025,14.9,92,1,0,5,6,10
2022-10-16 04:00:00+00:00,2022-10-16 06:00:00+02:00,40129.185,40.129185,14.6,95,1,0,6,6,10
2022-10-16 05:00:00+00:00,2022-10-16 07:00:00+02:00,42079.8875,42.0798875,14.8,96,1,0,7,6,10
2022-10-16 06:00:00+00:00,2022-10-16 08:00:00+02:00,44832.67,44.83267,14.3,96,1,1,8,6,10
2022-10-16 07:00:00+00:00,2022-10-16 09:00:00+02:00,47697.8875,47.6978875,14.7,95,1,1,9,6,10
2022-10-16 08:00:00+00:00,2022-10-16 10:00:00+02:00,50488.4275,50.4884275,15.5,91,1,1,10,6,10
2022-10-16 09:00:00+00:00,2022-10-16 11:00:00+02:00,52738.95,52.738949999999996,16.9,86,1,1,11,6,10
2022-10-16 10:00:00+00:00,2022-10-16 12:00:00+02:00,52569.045,52.569044999999996,18.0,80,1,1,12,6,10
2022-10-16 11:00:00+00:00,2022-10-16 13:00:00+02:00,50247.84,50.24784,18.0,81,1,1,13,6,10
2022-10-16 12:00:00+00:00,2022-10-16 14:00:00+02:00,48604.28,48.604279999999996,17.4,92,1,1,14,6,10
2022-10-16 13:00:00+00:00,2022-10-16 15:00:00+02:00,47819.2975,47.8192975,19.0,80,1,1,15,6,10
2022-10-16 14:00:00+00:00,2022-10-16 16:00:00+02:00,47095.995,47.095995,19.5,77,1,1,16,6,10
2022-10-16 15:00:00+00:00,2022-10-16 17:00:00+02:00,48330.655,48.330655,19.6,77,1,1,17,6,10
2022-10-16 16:00:00+00:00,2022-10-16 18:00:00+02:00,51019.6875,51.0196875,18.0,88,1,1,18,6,10
2022-10-16 17:00:00+00:00,2022-10-16 19:00:00+02:00,51485.05,51.48505,17.2,85,1,1,19,6,10
2022-10-16 18:00:00+00:00,2022-10-16 20:00:00+02:00,48752.125,48.752125,15.6,91,1,1,20,6,10
2022-10-16 19:00:00+00:00,2022-10-16 21:00:00+02:00,46575.917499999996,46.575917499999996,16.3,89,1,0,21,6,10
2022-10-16 20:00:00+00:00,2022-10-16 22:00:00+02:00,45226.56,45.22656,13.3,97,1,0,22,6,10
2022-10-16 21:00:00+00:00,2022-10-16 23:00:00+02:00,42196.29,42.19629,13.5,96,1,0,23,6,10
2022-10-16 22:00:00+00:00,2022-10-17 00:00:00+02:00,39893.0775,39.8930775,15.4,88,0,0,0,0,10
2022-10-16 23:00:00+00:00,2022-10-17 01:00:00+02:00,38343.994999999995,38.34399499999999,14.3,88,0,0,1,0,10
2022-10-17 00:00:00+00:00,2022-10-17 02:00:00+02:00,37701.0975,37.7010975,14.2,93,0,0,2,0,10
2022-10-17 01:00:00+00:00,2022-10-17 03:00:00+02:00,39062.777500000004,39.0627775,14.0,92,0,0,3,0,10
2022-10-17 02:00:00+00:00,2022-10-17 04:00:00+02:00,40678.07,40.67807,13.5,93,0,0,4,0,10
2022-10-17 03:00:00+00:00,2022-10-17 05:00:00+02:00,44788.5375,44.7885375,13.4,93,0,0,5,0,10
2022-10-17 04:00:00+00:00,2022-10-17 06:00:00+02:00,53142.7525,53.1427525,13.1,94,0,0,6,0,10
2022-10-17 05:00:00+00:00,2022-10-17 07:00:00+02:00,59614.815,59.614815,12.8,93,0,0,7,0,10
2022-10-17 06:00:00+00:00,2022-10-17 08:00:00+02:00,61813.045,61.813044999999995,12.5,93,0,1,8,0,10
2022-10-17 07:00:00+00:00,2022-10-17 09:00:00+02:00,62490.5225,62.4905225,14.2,88,0,1,9,0,10
2022-10-17 08:00:00+00:00,2022-10-17 10:00:00+02:00,62538.845,62.538845,15.8,88,0,1,10,0,10
2022-10-17 09:00:00+00:00,2022-10-17 11:00:00+02:00,63895.8625,63.8958625,17.4,81,0,1,11,0,10
2022-10-17 10:00:00+00:00,2022-10-17 12:00:00+02:00,63263.6325,63.2636325,18.7,76,0,1,12,0,10
2022-10-17 11:00:00+00:00,2022-10-17 13:00:00+02:00,62512.4325,62.5124325,20.2,70,0,1,13,0,10
2022-10-17 12:00:00+00:00,2022-10-17 14:00:00+02:00,60874.7,60.8747,21.5,70,0,1,14,0,10
2022-10-17 13:00:00+00:00,2022-10-17 15:00:00+02:00,60511.067500000005,60.5110675,22.3,65,0,1,15,0,10
2022-10-17 14:00:00+00:00,2022-10-17 16:00:00+02:00,59701.6725,59.7016725,22.5,65,0,1,16,0,10
2022-10-17 15:00:00+00:00,2022-10-17 17:00:00+02:00,60420.14,60.420139999999996,21.7,72,0,1,17,0,10
2022-10-17 16:00:00+00:00,2022-10-17 18:00:00+02:00,63246.3075,63.2463075,20.0,80,0,1,18,0,10
2022-10-17 17:00:00+00:00,2022-10-17 19:00:00+02:00,63656.285,63.656285000000004,18.9,81,0,1,19,0,10
2022-10-17 18:00:00+00:00,2022-10-17 20:00:00+02:00,60162.255,60.162254999999995,17.9,88,0,1,20,0,10
2022-10-17 19:00:00+00:00,2022-10-17 21:00:00+02:00,56277.845,56.277845,15.8,94,0,0,21,0,10
2022-10-17 20:00:00+00:00,2022-10-17 22:00:00+02:00,52275.17,52.275169999999996,15.8,93,0,0,22,0,10
2022-10-17 21:00:00+00:00,2022-10-17 23:00:00+02:00,48639.2375,48.6392375,14.8,95,0,0,23,0,10
2022-10-17 22:00:00+00:00,2022-10-18 00:00:00+02:00,45882.555,45.882555,16.0,91,0,0,0,1,10
2022-10-17 23:00:00+00:00,2022-10-18 01:00:00+02:00,44077.0375,44.077037499999996,15.2,95,0,0,1,1,10
2022-10-18 00:00:00+00:00,2022-10-18 02:00:00+02:00,42962.485,42.962485,16.4,92,0,0,2,1,10
2022-10-18 01:00:00+00:00,2022-10-18 03:00:00+02:00,43120.604999999996,43.120605,16.1,95,0,0,3,1,10
2022-10-18 02:00:00+00:00,2022-10-18 04:00:00+02:00,43979.0475,43.9790475,15.7,97,0,0,4,1,10
2022-10-18 03:00:00+00:00,2022-10-18 05:00:00+02:00,47577.7275,47.5777275,15.7,95,0,0,5,1,10
2022-10-18 04:00:00+00:00,2022-10-18 06:00:00+02:00,55227.7825,55.2277825,15.1,98,0,0,6,1,10
2022-10-18 05:00:00+00:00,2022-10-18 07:00:00+02:00,61162.5275,61.162527499999996,14.5,99,0,0,7,1,10
2022-10-18 06:00:00+00:00,2022-10-18 08:00:00+02:00,63487.0075,63.4870075,14.7,99,0,1,8,1,10
2022-10-18 07:00:00+00:00,2022-10-18 09:00:00+02:00,64069.707500000004,64.0697075,15.1,98,0,1,9,1,10
2022-10-18 08:00:00+00:00,2022-10-18 10:00:00+02:00,65005.137500000004,65.0051375,15.3,98,0,1,10,1,10
2022-10-18 09:00:00+00:00,2022-10-18 11:00:00+02:00,65523.1125,65.5231125,16.3,95,0,1,11,1,10
2022-10-18 10:00:00+00:00,2022-10-18 12:00:00+02:00,65597.6775,65.5976775,17.8,88,0,1,12,1,10
2022-10-18 11:00:00+00:00,2022-10-18 13:00:00+02:00,64764.994999999995,64.764995,18.8,83,0,1,13,1,10
2022-10-18 12:00:00+00:00,2022-10-18 14:00:00+02:00,62903.07,62.90307,19.5,75,0,1,14,1,10
2022-10-18 13:00:00+00:00,2022-10-18 15:00:00+02:00,62260.3075,62.2603075,19.3,78,0,1,15,1,10
2022-10-18 14:00:00+00:00,2022-10-18 16:00:00+02:00,61309.375,61.309375,18.4,79,0,1,16,1,10
2022-10-18 15:00:00+00:00,2022-10-18 17:00:00+02:00,61711.15,61.71115,18.1,78,0,1,17,1,10
2022-10-18 16:00:00+00:00,2022-10-18 18:00:00+02:00,63578.775,63.578775,16.7,85,0,1,18,1,10
2022-10-18 17:00:00+00:00,2022-10-18 19:00:00+02:00,64164.22,64.16422,15.4,90,0,1,19,1,10
2022-10-18 18:00:00+00:00,2022-10-18 20:00:00+02:00,60709.44,60.70944,13.9,93,0,1,20,1,10
2022-10-18 19:00:00+00:00,2022-10-18 21:00:00+02:00,56908.167499999996,56.9081675,12.6,96,0,0,21,1,10
2022-10-18 20:00:00+00:00,2022-10-18 22:00:00+02:00,52737.7825,52.7377825,11.6,98,0,0,22,1,10
2022-10-18 21:00:00+00:00,2022-10-18 23:00:00+02:00,48572.072499999995,48.5720725,10.9,99,0,0,23,1,10
2022-10-18 22:00:00+00:00,2022-10-19 00:00:00+02:00,45645.045,45.645044999999996,10.5,99,0,0,0,2,10
2022-10-18 23:00:00+00:00,2022-10-19 01:00:00+02:00,44170.07,44.17007,10.9,99,0,0,1,2,10
2022-10-19 00:00:00+00:00,2022-10-19 02:00:00+02:00,43838.707500000004,43.838707500000005,12.4,95,0,0,2,2,10
2022-10-19 01:00:00+00:00,2022-10-19 03:00:00+02:00,43965.355,43.965355,12.2,94,0,0,3,2,10
2022-10-19 02:00:00+00:00,2022-10-19 04:00:00+02:00,44796.8225,44.796822500000005,11.7,94,0,0,4,2,10
2022-10-19 03:00:00+00:00,2022-10-19 05:00:00+02:00,48367.92,48.36792,11.3,95,0,0,5,2,10
2022-10-19 04:00:00+00:00,2022-10-19 06:00:00+02:00,55410.5125,55.410512499999996,11.2,93,0,0,6,2,10
2022-10-19 05:00:00+00:00,2022-10-19 07:00:00+02:00,60983.11,60.98311,10.9,94,0,0,7,2,10
2022-10-19 06:00:00+00:00,2022-10-19 08:00:00+02:00,62861.4125,62.8614125,10.8,94,0,1,8,2,10
2022-10-19 07:00:00+00:00,2022-10-19 09:00:00+02:00,63147.7625,63.1477625,11.6,89,0,1,9,2,10
2022-10-19 08:00:00+00:00,2022-10-19 10:00:00+02:00,63615.5175,63.6155175,12.7,85,0,1,10,2,10
2022-10-19 09:00:00+00:00,2022-10-19 11:00:00+02:00,64632.75,64.63275,14.1,81,0,1,11,2,10
2022-10-19 10:00:00+00:00,2022-10-19 12:00:00+02:00,64001.35,64.00135,15.3,77,0,1,12,2,10
2022-10-19 11:00:00+00:00,2022-10-19 13:00:00+02:00,62211.1425,62.2111425,16.8,70,0,1,13,2,10
2022-10-19 12:00:00+00:00,2022-10-19 14:00:00+02:00,60786.305,60.786305,16.0,74,0,1,14,2,10
2022-10-19 13:00:00+00:00,2022-10-19 15:00:00+02:00,59415.08,59.41508,17.0,68,0,1,15,2,10
2022-10-19 14:00:00+00:00,2022-10-19 16:00:00+02:00,58058.7825,58.0587825,17.1,66,0,1,16,2,10
2022-10-19 15:00:00+00:00,2022-10-19 17:00:00+02:00,59424.085,59.424085,16.5,68,0,1,17,2,10
2022-10-19 16:00:00+00:00,2022-10-19 18:00:00+02:00,61599.08500000001,61.59908500000001,14.9,74,0,1,18,2,10
2022-10-19 17:00:00+00:00,2022-10-19 19:00:00+02:00,61935.125,61.935125,13.6,78,0,1,19,2,10
2022-10-19 18:00:00+00:00,2022-10-19 20:00:00+02:00,58994.91,58.994910000000004,12.8,78,0,1,20,2,10
2022-10-19 19:00:00+00:00,2022-10-19 21:00:00+02:00,56226.935,56.226935,11.8,79,0,0,21,2,10
2022-10-19 20:00:00+00:00,2022-10-19 22:00:00+02:00,52797.1125,52.797112500000004,11.0,81,0,0,22,2,10
2022-10-19 21:00:00+00:00,2022-10-19 23:00:00+02:00,49259.775,49.259775000000005,10.2,84,0,0,23,2,10
2022-10-19 22:00:00+00:00,2022-10-20 00:00:00+02:00,45854.4775,45.8544775,9.8,82,0,0,0,3,10
2022-10-19 23:00:00+00:00,2022-10-20 01:00:00+02:00,44296.542499999996,44.296542499999994,9.2,81,0,0,1,3,10
2022-10-20 00:00:00+00:00,2022-10-20 02:00:00+02:00,43512.1975,43.5121975,9.0,86,0,0,2,3,10
2022-10-20 01:00:00+00:00,2022-10-20 03:00:00+02:00,44265.62,44.265620000000006,8.4,88,0,0,3,3,10
2022-10-20 02:00:00+00:00,2022-10-20 04:00:00+02:00,45620.817500000005,45.6208175,8.1,88,0,0,4,3,10
2022-10-20 03:00:00+00:00,2022-10-20 05:00:00+02:00,48985.729999999996,48.98573,8.0,87,0,0,5,3,10
2022-10-20 04:00:00+00:00,2022-10-20 06:00:00+02:00,55439.2425,55.4392425,8.1,87,0,0,6,3,10
2022-10-20 05:00:00+00:00,2022-10-20 07:00:00+02:00,61912.6175,61.9126175,8.3,87,0,0,7,3,10
2022-10-20 06:00:00+00:00,2022-10-20 08:00:00+02:00,64234.39,64.23439,8.7,87,0,1,8,3,10
2022-10-20 07:00:00+00:00,2022-10-20 09:00:00+02:00,64995.009999999995,64.99501,9.9,83,0,1,9,3,10
2022-10-20 08:00:00+00:00,2022-10-20 10:00:00+02:00,65471.58,65.47158,11.3,79,0,1,10,3,10
2022-10-20 09:00:00+00:00,2022-10-20 11:00:00+02:00,66522.33,66.52233,12.5,75,0,1,11,3,10
2022-10-20 10:00:00+00:00,2022-10-20 12:00:00+02:00,65971.915,65.971915,13.6,73,0,1,12,3,10
2022-10-20 11:00:00+00:00,2022-10-20 13:00:00+02:00,64468.3275,64.4683275,15.2,69,0,1,13,3,10
2022-10-20 12:00:00+00:00,2022-10-20 14:00:00+02:00,62595.9525,62.5959525,15.3,75,0,1,14,3,10
2022-10-20 13:00:00+00:00,2022-10-20 15:00:00+02:00,62135.475,62.135475,14.8,81,0,1,15,3,10
2022-10-20 14:00:00+00:00,2022-10-20 16:00:00+02:00,61795.0,61.795,14.9,82,0,1,16,3,10
2022-10-20 15:00:00+00:00,2022-10-20 17:00:00+02:00,63045.955,63.045955,14.3,85,0,1,17,3,10
2022-10-20 16:00:00+00:00,2022-10-20 18:00:00+02:00,65342.947499999995,65.3429475,13.9,89,0,1,18,3,10
2022-10-20 17:00:00+00:00,2022-10-20 19:00:00+02:00,65378.14,65.37814,12.7,93,0,1,19,3,10
2022-10-20 18:00:00+00:00,2022-10-20 20:00:00+02:00,61777.625,61.777625,11.6,95,0,1,20,3,10
2022-10-20 19:00:00+00:00,2022-10-20 21:00:00+02:00,57061.2725,57.0612725,12.9,92,0,0,21,3,10
2022-10-20 20:00:00+00:00,2022-10-20 22:00:00+02:00,52807.195,52.807195,12.9,94,0,0,22,3,10
2022-10-20 21:00:00+00:00,2022-10-20 23:00:00+02:00,49120.29,49.120290000000004,11.8,96,0,0,23,3,10
2022-10-20 22:00:00+00:00,2022-10-21 00:00:00+02:00,47345.8725,47.3458725,12.6,96,0,0,0,4,10
2022-10-20 23:00:00+00:00,2022-10-21 01:00:00+02:00,45918.3375,45.9183375,13.9,91,0,0,1,4,10
2022-10-21 00:00:00+00:00,2022-10-21 02:00:00+02:00,44535.625,44.535625,12.7,97,0,0,2,4,10
2022-10-21 01:00:00+00:00,2022-10-21 03:00:00+02:00,43803.3,43.8033,12.7,97,0,0,3,4,10
2022-10-21 02:00:00+00:00,2022-10-21 04:00:00+02:00,45447.01,45.44701,13.0,96,0,0,4,4,10
2022-10-21 03:00:00+00:00,2022-10-21 05:00:00+02:00,48501.229999999996,48.50122999999999,12.7,97,0,0,5,4,10
2022-10-21 04:00:00+00:00,2022-10-21 06:00:00+02:00,55066.4075,55.066407500000004,14.0,93,0,0,6,4,10
2022-10-21 05:00:00+00:00,2022-10-21 07:00:00+02:00,60840.505,60.840505,14.3,92,0,0,7,4,10
2022-10-21 06:00:00+00:00,2022-10-21 08:00:00+02:00,63289.1575,63.2891575,13.6,94,0,1,8,4,10
2022-10-21 07:00:00+00:00,2022-10-21 09:00:00+02:00,64402.1025,64.4021025,14.3,95,0,1,9,4,10
2022-10-21 08:00:00+00:00,2022-10-21 10:00:00+02:00,65239.4875,65.23948750000001,14.9,93,0,1,10,4,10
2022-10-21 09:00:00+00:00,2022-10-21 11:00:00+02:00,65270.79,65.27079,15.2,94,0,1,11,4,10
2022-10-21 10:00:00+00:00,2022-10-21 12:00:00+02:00,64335.97,64.33597,15.1,95,0,1,12,4,10
2022-10-21 11:00:00+00:00,2022-10-21 13:00:00+02:00,62147.44,62.14744,15.4,95,0,1,13,4,10
2022-10-21 12:00:00+00:00,2022-10-21 14:00:00+02:00,60113.19,60.11319,15.6,91,0,1,14,4,10
2022-10-21 13:00:00+00:00,2022-10-21 15:00:00+02:00,59230.979999999996,59.230979999999995,17.1,84,0,1,15,4,10
2022-10-21 14:00:00+00:00,2022-10-21 16:00:00+02:00,58493.72,58.49372,17.6,82,0,1,16,4,10
2022-10-21 15:00:00+00:00,2022-10-21 17:00:00+02:00,59031.244999999995,59.031245,17.0,86,0,1,17,4,10
2022-10-21 16:00:00+00:00,2022-10-21 18:00:00+02:00,60730.33,60.73033,16.5,89,0,1,18,4,10
2022-10-21 17:00:00+00:00,2022-10-21 19:00:00+02:00,60090.925,60.090925000000006,15.9,93,0,1,19,4,10
2022-10-21 18:00:00+00:00,2022-10-21 20:00:00+02:00,55976.735,55.976735,15.2,93,0,1,20,4,10
2022-10-21 19:00:00+00:00,2022-10-21 21:00:00+02:00,51830.0775,51.8300775,14.3,94,0,0,21,4,10
2022-10-21 20:00:00+00:00,2022-10-21 22:00:00+02:00,48895.3,48.895300000000006,13.8,95,0,0,22,4,10
2022-10-21 21:00:00+00:00,2022-10-21 23:00:00+02:00,45220.795,45.220794999999995,13.5,94,0,0,23,4,10
2022-10-21 22:00:00+00:00,2022-10-22 00:00:00+02:00,42881.655,42.881655,12.2,96,1,0,0,5,10
2022-10-21 23:00:00+00:00,2022-10-22 01:00:00+02:00,40525.0475,40.5250475,12.9,95,1,0,1,5,10
2022-10-22 00:00:00+00:00,2022-10-22 02:00:00+02:00,39437.5575,39.437557500000004,13.4,94,1,0,2,5,10
2022-10-22 01:00:00+00:00,2022-10-22 03:00:00+02:00,39115.807499999995,39.115807499999995,13.8,94,1,0,3,5,10
2022-10-22 02:00:00+00:00,2022-10-22 04:00:00+02:00,39496.8725,39.496872499999995,13.6,96,1,0,4,5,10
2022-10-22 03:00:00+00:00,2022-10-22 05:00:00+02:00,40268.332500000004,40.26833250000001,13.1,97,1,0,5,5,10
2022-10-22 04:00:00+00:00,2022-10-22 06:00:00+02:00,42099.4675,42.099467499999996,12.9,96,1,0,6,5,10
2022-10-22 05:00:00+00:00,2022-10-22 07:00:00+02:00,45435.61,45.435610000000004,13.4,95,1,0,7,5,10
2022-10-22 06:00:00+00:00,2022-10-22 08:00:00+02:00,48839.09,48.83909,13.0,95,1,1,8,5,10
2022-10-22 07:00:00+00:00,2022-10-22 09:00:00+02:00,51711.2375,51.7112375,13.3,95,1,1,9,5,10
2022-10-22 08:00:00+00:00,2022-10-22 10:00:00+02:00,53655.185,53.655184999999996,14.5,89,1,1,10,5,10
2022-10-22 09:00:00+00:00,2022-10-22 11:00:00+02:00,54165.04,54.16504,15.5,86,1,1,11,5,10
2022-10-22 10:00:00+00:00,2022-10-22 12:00:00+02:00,53973.729999999996,53.973729999999996,16.9,80,1,1,12,5,10
2022-10-22 11:00:00+00:00,2022-10-22 13:00:00+02:00,52389.6475,52.3896475,17.9,76,1,1,13,5,10
2022-10-22 12:00:00+00:00,2022-10-22 14:00:00+02:00,50922.692500000005,50.922692500000004,18.2,69,1,1,14,5,10
2022-10-22 13:00:00+00:00,2022-10-22 15:00:00+02:00,50011.582500000004,50.0115825,18.6,68,1,1,15,5,10
2022-10-22 14:00:00+00:00,2022-10-22 16:00:00+02:00,49284.015,49.284015,17.1,77,1,1,16,5,10
2022-10-22 15:00:00+00:00,2022-10-22 17:00:00+02:00,50609.265,50.609265,16.5,81,1,1,17,5,10
2022-10-22 16:00:00+00:00,2022-10-22 18:00:00+02:00,53322.8875,53.3228875,15.3,88,1,1,18,5,10
2022-10-22 17:00:00+00:00,2022-10-22 19:00:00+02:00,52770.95,52.77095,13.1,94,1,1,19,5,10
2022-10-22 18:00:00+00:00,2022-10-22 20:00:00+02:00,49549.755,49.549755,12.3,96,1,1,20,5,10
2022-10-22 19:00:00+00:00,2022-10-22 21:00:00+02:00,46238.27,46.23827,12.9,95,1,0,21,5,10
2022-10-22 20:00:00+00:00,2022-10-22 22:00:00+02:00,44290.945,44.290945,13.1,94,1,0,22,5,10
2022-10-22 21:00:00+00:00,2022-10-22 23:00:00+02:00,41645.0175,41.6450175,14.0,91,1,0,23,5,10
2022-10-22 22:00:00+00:00,2022-10-23 00:00:00+02:00,38725.177500000005,38.72517750000001,12.0,96,1,0,0,6,10
2022-10-22 23:00:00+00:00,2022-10-23 01:00:00+02:00,37270.825000000004,37.270825,10.8,98,1,0,1,6,10
2022-10-23 00:00:00+00:00,2022-10-23 02:00:00+02:00,36448.235,36.448235000000004,10.6,98,1,0,2,6,10
2022-10-23 01:00:00+00:00,2022-10-23 03:00:00+02:00,36218.3125,36.2183125,9.6,100,1,0,3,6,10
2022-10-23 02:00:00+00:00,2022-10-23 04:00:00+02:00,36620.7425,36.6207425,8.6,100,1,0,4,6,10
2022-10-23 03:00:00+00:00,2022-10-23 05:00:00+02:00,36507.39,36.50739,8.4,100,1,0,5,6,10
2022-10-23 04:00:00+00:00,2022-10-23 06:00:00+02:00,37358.020000000004,37.35802,8.5,99,1,0,6,6,10
2022-10-23 05:00:00+00:00,2022-10-23 07:00:00+02:00,39313.832500000004,39.313832500000004,8.8,98,1,0,7,6,10
2022-10-23 06:00:00+00:00,2022-10-23 08:00:00+02:00,41931.675,41.931675000000006,8.3,98,1,1,8,6,10
2022-10-23 07:00:00+00:00,2022-10-23 09:00:00+02:00,45049.32,45.04932,10.2,94,1,1,9,6,10
2022-10-23 08:00:00+00:00,2022-10-23 10:00:00+02:00,47509.6375,47.5096375,12.3,89,1,1,10,6,10
2022-10-23 09:00:00+00:00,2022-10-23 11:00:00+02:00,49323.29,49.32329,13.9,85,1,1,11,6,10
2022-10-23 10:00:00+00:00,2022-10-23 12:00:00+02:00,49067.067500000005,49.06706750000001,15.8,81,1,1,12,6,10
2022-10-23 11:00:00+00:00,2022-10-23 13:00:00+02:00,47082.2875,47.0822875,17.6,76,1,1,13,6,10
2022-10-23 12:00:00+00:00,2022-10-23 14:00:00+02:00,45475.8975,45.4758975,18.1,76,1,1,14,6,10
2022-10-23 13:00:00+00:00,2022-10-23 15:00:00+02:00,44971.29,44.97129,17.4,84,1,1,15,6,10
2022-10-23 14:00:00+00:00,2022-10-23 16:00:00+02:00,45887.3825,45.8873825,18.5,82,1,1,16,6,10
2022-10-23 15:00:00+00:00,2022-10-23 17:00:00+02:00,48231.84,48.23184,18.5,84,1,1,17,6,10
2022-10-23 16:00:00+00:00,2022-10-23 18:00:00+02:00,51753.207500000004,51.7532075,16.1,90,1,1,18,6,10
2022-10-23 17:00:00+00:00,2022-10-23 19:00:00+02:00,51229.42,51.22942,17.3,80,1,1,19,6,10
2022-10-23 18:00:00+00:00,2022-10-23 20:00:00+02:00,49525.619999999995,49.525619999999996,16.3,87,1,1,20,6,10
2022-10-23 19:00:00+00:00,2022-10-23 21:00:00+02:00,47741.06,47.74106,16.0,91,1,0,21,6,10
2022-10-23 20:00:00+00:00,2022-10-23 22:00:00+02:00,46356.5875,46.3565875,16.1,90,1,0,22,6,10
2022-10-23 21:00:00+00:00,2022-10-23 23:00:00+02:00,44136.0275,44.1360275,15.5,90,1,0,23,6,10
2022-10-23 22:00:00+00:00,2022-10-24 00:00:00+02:00,42145.1625,42.1451625,15.2,91,0,0,0,0,10
2022-10-23 23:00:00+00:00,2022-10-24 01:00:00+02:00,40583.065,40.583065000000005,15.2,91,0,0,1,0,10
2022-10-24 00:00:00+00:00,2022-10-24 02:00:00+02:00,40222.215,40.222215,13.3,93,0,0,2,0,10
2022-10-24 01:00:00+00:00,2022-10-24 03:00:00+02:00,40038.229999999996,40.03823,14.6,88,0,0,3,0,10
2022-10-24 02:00:00+00:00,2022-10-24 04:00:00+02:00,41909.39,41.90939,13.6,91,0,0,4,0,10
2022-10-24 03:00:00+00:00,2022-10-24 05:00:00+02:00,45332.4825,45.3324825,11.6,95,0,0,5,0,10
2022-10-24 04:00:00+00:00,2022-10-24 06:00:00+02:00,53997.645,53.997645,13.3,91,0,0,6,0,10
2022-10-24 05:00:00+00:00,2022-10-24 07:00:00+02:00,60566.34,60.56634,13.4,91,0,0,7,0,10
2022-10-24 06:00:00+00:00,2022-10-24 08:00:00+02:00,63893.1825,63.8931825,13.5,90,0,1,8,0,10
2022-10-24 07:00:00+00:00,2022-10-24 09:00:00+02:00,64043.48,64.04348,13.7,91,0,1,9,0,10
2022-10-24 08:00:00+00:00,2022-10-24 10:00:00+02:00,64861.9575,64.8619575,15.0,87,0,1,10,0,10
2022-10-24 09:00:00+00:00,2022-10-24 11:00:00+02:00,66091.43,66.09142999999999,16.2,82,0,1,11,0,10
2022-10-24 10:00:00+00:00,2022-10-24 12:00:00+02:00,65800.6425,65.8006425,17.0,80,0,1,12,0,10
2022-10-24 11:00:00+00:00,2022-10-24 13:00:00+02:00,65284.4625,65.2844625,17.9,76,0,1,13,0,10
2022-10-24 12:00:00+00:00,2022-10-24 14:00:00+02:00,63881.25,63.88125,17.4,76,0,1,14,0,10
2022-10-24 13:00:00+00:00,2022-10-24 15:00:00+02:00,62724.9,62.7249,18.5,78,0,1,15,0,10
2022-10-24 14:00:00+00:00,2022-10-24 16:00:00+02:00,61950.87,61.95087,17.9,77,0,1,16,0,10
2022-10-24 15:00:00+00:00,2022-10-24 17:00:00+02:00,62288.34,62.28834,17.8,75,0,1,17,0,10
2022-10-24 16:00:00+00:00,2022-10-24 18:00:00+02:00,64445.1225,64.4451225,16.6,77,0,1,18,0,10
2022-10-24 17:00:00+00:00,2022-10-24 19:00:00+02:00,63889.8775,63.889877500000004,15.9,76,0,1,19,0,10
2022-10-24 18:00:00+00:00,2022-10-24 20:00:00+02:00,60178.292499999996,60.1782925,15.1,80,0,1,20,0,10
2022-10-24 19:00:00+00:00,2022-10-24 21:00:00+02:00,56073.95,56.073949999999996,15.1,81,0,0,21,0,10
2022-10-24 20:00:00+00:00,2022-10-24 22:00:00+02:00,52845.865,52.845864999999996,14.2,83,0,0,22,0,10
2022-10-24 21:00:00+00:00,2022-10-24 23:00:00+02:00,49398.125,49.398125,14.0,83,0,0,23,0,10
2022-10-24 22:00:00+00:00,2022-10-25 00:00:00+02:00,45984.52,45.984519999999996,13.8,82,0,0,0,1,10
2022-10-24 23:00:00+00:00,2022-10-25 01:00:00+02:00,44675.625,44.675625,13.4,85,0,0,1,1,10
2022-10-25 00:00:00+00:00,2022-10-25 02:00:00+02:00,43547.2825,43.5472825,13.3,91,0,0,2,1,10
2022-10-25 01:00:00+00:00,2022-10-25 03:00:00+02:00,43537.18,43.53718,12.9,93,0,0,3,1,10
2022-10-25 02:00:00+00:00,2022-10-25 04:00:00+02:00,44926.5775,44.9265775,12.4,93,0,0,4,1,10
2022-10-25 03:00:00+00:00,2022-10-25 05:00:00+02:00,48491.61,48.49161,11.9,94,0,0,5,1,10
2022-10-25 04:00:00+00:00,2022-10-25 06:00:00+02:00,55982.04,55.98204,11.4,94,0,0,6,1,10
2022-10-25 05:00:00+00:00,2022-10-25 07:00:00+02:00,61634.457500000004,61.6344575,11.3,95,0,0,7,1,10
2022-10-25 06:00:00+00:00,2022-10-25 08:00:00+02:00,63012.4175,63.012417500000005,11.1,95,0,1,8,1,10
2022-10-25 07:00:00+00:00,2022-10-25 09:00:00+02:00,64237.2275,64.2372275,11.5,95,0,1,9,1,10
2022-10-25 08:00:00+00:00,2022-10-25 10:00:00+02:00,65087.7825,65.0877825,13.5,85,0,1,10,1,10
2022-10-25 09:00:00+00:00,2022-10-25 11:00:00+02:00,65678.2225,65.6782225,14.3,83,0,1,11,1,10
2022-10-25 10:00:00+00:00,2022-10-25 12:00:00+02:00,65365.354999999996,65.365355,15.2,77,0,1,12,1,10
2022-10-25 11:00:00+00:00,2022-10-25 13:00:00+02:00,64181.44,64.18144000000001,16.3,71,0,1,13,1,10
2022-10-25 12:00:00+00:00,2022-10-25 14:00:00+02:00,62806.2125,62.8062125,16.6,67,0,1,14,1,10
2022-10-25 13:00:00+00:00,2022-10-25 15:00:00+02:00,61271.115,61.271114999999995,17.0,65,0,1,15,1,10
2022-10-25 14:00:00+00:00,2022-10-25 16:00:00+02:00,59757.020000000004,59.757020000000004,17.0,66,0,1,16,1,10
2022-10-25 15:00:00+00:00,2022-10-25 17:00:00+02:00,60091.04,60.09104,16.6,70,0,1,17,1,10
2022-10-25 16:00:00+00:00,2022-10-25 18:00:00+02:00,62813.692500000005,62.8136925,14.7,78,0,1,18,1,10
2022-10-25 17:00:00+00:00,2022-10-25 19:00:00+02:00,62765.57,62.76557,13.1,87,0,1,19,1,10
2022-10-25 18:00:00+00:00,2022-10-25 20:00:00+02:00,59554.0025,59.5540025,11.2,93,0,1,20,1,10
2022-10-25 19:00:00+00:00,2022-10-25 21:00:00+02:00,55707.3325,55.7073325,12.8,87,0,0,21,1,10
2022-10-25 20:00:00+00:00,2022-10-25 22:00:00+02:00,51800.1575,51.800157500000005,12.2,89,0,0,22,1,10
2022-10-25 21:00:00+00:00,2022-10-25 23:00:00+02:00,47677.985,47.677985,12.0,90,0,0,23,1,10
2022-10-25 22:00:00+00:00,2022-10-26 00:00:00+02:00,45036.3375,45.0363375,10.0,95,0,0,0,2,10
2022-10-25 23:00:00+00:00,2022-10-26 01:00:00+02:00,43310.6125,43.310612500000005,9.8,97,0,0,1,2,10
2022-10-26 00:00:00+00:00,2022-10-26 02:00:00+02:00,41670.2675,41.6702675,10.5,96,0,0,2,2,10
2022-10-26 01:00:00+00:00,2022-10-26 03:00:00+02:00,42150.845,42.150845000000004,11.1,93,0,0,3,2,10
2022-10-26 02:00:00+00:00,2022-10-26 04:00:00+02:00,43373.0,43.373,11.8,89,0,0,4,2,10
2022-10-26 03:00:00+00:00,2022-10-26 05:00:00+02:00,46477.5025,46.4775025,11.4,92,0,0,5,2,10
2022-10-26 04:00:00+00:00,2022-10-26 06:00:00+02:00,54128.0625,54.1280625,11.0,94,0,0,6,2,10
2022-10-26 05:00:00+00:00,2022-10-26 07:00:00+02:00,60028.065,60.028065000000005,10.9,93,0,0,7,2,10
2022-10-26 06:00:00+00:00,2022-10-26 08:00:00+02:00,62240.485,62.240485,10.2,95,0,1,8,2,10
2022-10-26 07:00:00+00:00,2022-10-26 09:00:00+02:00,63161.7025,63.1617025,12.1,90,0,1,9,2,10
2022-10-26 08:00:00+00:00,2022-10-26 10:00:00+02:00,63991.740000000005,63.99174000000001,13.7,85,0,1,10,2,10
2022-10-26 09:00:00+00:00,2022-10-26 11:00:00+02:00,64873.0075,64.8730075,15.4,79,0,1,11,2,10
2022-10-26 10:00:00+00:00,2022-10-26 12:00:00+02:00,64228.56,64.22856,16.6,77,0,1,12,2,10
2022-10-26 11:00:00+00:00,2022-10-26 13:00:00+02:00,62652.71,62.65271,17.9,75,0,1,13,2,10
2022-10-26 12:00:00+00:00,2022-10-26 14:00:00+02:00,61241.1225,61.241122499999996,18.7,73,0,1,14,2,10
2022-10-26 13:00:00+00:00,2022-10-26 15:00:00+02:00,60297.270000000004,60.297270000000005,19.7,71,0,1,15,2,10
2022-10-26 14:00:00+00:00,2022-10-26 16:00:00+02:00,60070.7725,60.0707725,19.5,72,0,1,16,2,10
2022-10-26 15:00:00+00:00,2022-10-26 17:00:00+02:00,60655.495,60.655495,18.8,76,0,1,17,2,10
2022-10-26 16:00:00+00:00,2022-10-26 18:00:00+02:00,63342.7625,63.3427625,16.9,84,0,1,18,2,10
2022-10-26 17:00:00+00:00,2022-10-26 19:00:00+02:00,62884.565,62.884565,15.8,89,0,1,19,2,10
2022-10-26 18:00:00+00:00,2022-10-26 20:00:00+02:00,60051.6575,60.051657500000005,15.2,90,0,1,20,2,10
2022-10-26 19:00:00+00:00,2022-10-26 21:00:00+02:00,56378.7775,56.3787775,14.3,92,0,0,21,2,10
2022-10-26 20:00:00+00:00,2022-10-26 22:00:00+02:00,52744.082500000004,52.744082500000005,13.4,93,0,0,22,2,10
2022-10-26 21:00:00+00:00,2022-10-26 23:00:00+02:00,49004.4275,49.0044275,12.6,95,0,0,23,2,10
2022-10-26 22:00:00+00:00,2022-10-27 00:00:00+02:00,45544.380000000005,45.544380000000004,11.5,96,0,0,0,3,10
2022-10-26 23:00:00+00:00,2022-10-27 01:00:00+02:00,43620.994999999995,43.62099499999999,10.5,97,0,0,1,3,10
2022-10-27 00:00:00+00:00,2022-10-27 02:00:00+02:00,42746.38,42.746379999999995,12.2,97,0,0,2,3,10
2022-10-27 01:00:00+00:00,2022-10-27 03:00:00+02:00,43075.24,43.07524,10.2,100,0,0,3,3,10
2022-10-27 02:00:00+00:00,2022-10-27 04:00:00+02:00,44388.5,44.3885,11.3,100,0,0,4,3,10
2022-10-27 03:00:00+00:00,2022-10-27 05:00:00+02:00,47704.3875,47.704387499999996,9.5,100,0,0,5,3,10
2022-10-27 04:00:00+00:00,2022-10-27 06:00:00+02:00,55313.07,55.313069999999996,10.0,98,0,0,6,3,10
2022-10-27 05:00:00+00:00,2022-10-27 07:00:00+02:00,61595.087499999994,61.59508749999999,10.1,98,0,0,7,3,10
2022-10-27 06:00:00+00:00,2022-10-27 08:00:00+02:00,63649.54,63.64954,9.9,99,0,1,8,3,10
2022-10-27 07:00:00+00:00,2022-10-27 09:00:00+02:00,63557.8875,63.5578875,10.7,99,0,1,9,3,10
2022-10-27 08:00:00+00:00,2022-10-27 10:00:00+02:00,63855.255000000005,63.85525500000001,11.4,98,0,1,10,3,10
2022-10-27 09:00:00+00:00,2022-10-27 11:00:00+02:00,64037.285,64.037285,13.2,94,0,1,11,3,10
2022-10-27 10:00:00+00:00,2022-10-27 12:00:00+02:00,62553.7725,62.5537725,15.5,87,0,1,12,3,10
2022-10-27 11:00:00+00:00,2022-10-27 13:00:00+02:00,61479.7925,61.4797925,17.3,80,0,1,13,3,10
2022-10-27 12:00:00+00:00,2022-10-27 14:00:00+02:00,60857.2225,60.857222500000006,18.3,78,0,1,14,3,10
2022-10-27 13:00:00+00:00,2022-10-27 15:00:00+02:00,60047.5225,60.0475225,18.9,76,0,1,15,3,10
2022-10-27 14:00:00+00:00,2022-10-27 16:00:00+02:00,58962.292499999996,58.9622925,19.4,75,0,1,16,3,10
2022-10-27 15:00:00+00:00,2022-10-27 17:00:00+02:00,60496.6725,60.4966725,18.8,85,0,1,17,3,10
2022-10-27 16:00:00+00:00,2022-10-27 18:00:00+02:00,64030.494999999995,64.030495,15.9,88,0,1,18,3,10
2022-10-27 17:00:00+00:00,2022-10-27 19:00:00+02:00,63815.354999999996,63.815355,15.9,86,0,1,19,3,10
2022-10-27 18:00:00+00:00,2022-10-27 20:00:00+02:00,59820.1125,59.8201125,15.2,88,0,1,20,3,10
2022-10-27 19:00:00+00:00,2022-10-27 21:00:00+02:00,55847.384999999995,55.847384999999996,14.0,93,0,0,21,3,10
2022-10-27 20:00:00+00:00,2022-10-27 22:00:00+02:00,52302.3525,52.3023525,14.2,94,0,0,22,3,10
2022-10-27 21:00:00+00:00,2022-10-27 23:00:00+02:00,48546.735,48.546735,13.4,95,0,0,23,3,10
2022-10-27 22:00:00+00:00,2022-10-28 00:00:00+02:00,46287.955,46.287955000000004,14.0,94,0,0,0,4,10
2022-10-27 23:00:00+00:00,2022-10-28 01:00:00+02:00,44572.44,44.57244,12.4,96,0,0,1,4,10
2022-10-28 00:00:00+00:00,2022-10-28 02:00:00+02:00,43580.2425,43.5802425,13.2,92,0,0,2,4,10
2022-10-28 01:00:00+00:00,2022-10-28 03:00:00+02:00,43306.667499999996,43.306667499999996,12.2,94,0,0,3,4,10
2022-10-28 02:00:00+00:00,2022-10-28 04:00:00+02:00,44198.909999999996,44.19891,12.3,93,0,0,4,4,10
2022-10-28 03:00:00+00:00,2022-10-28 05:00:00+02:00,47327.3275,47.3273275,12.5,92,0,0,5,4,10
2022-10-28 04:00:00+00:00,2022-10-28 06:00:00+02:00,54609.4325,54.609432500000004,11.8,94,0,0,6,4,10
2022-10-28 05:00:00+00:00,2022-10-28 07:00:00+02:00,60672.89,60.67289,14.1,86,0,0,7,4,10
2022-10-28 06:00:00+00:00,2022-10-28 08:00:00+02:00,63226.675,63.226675,13.2,90,0,1,8,4,10
2022-10-28 07:00:00+00:00,2022-10-28 09:00:00+02:00,64067.8625,64.0678625,14.0,86,0,1,9,4,10
2022-10-28 08:00:00+00:00,2022-10-28 10:00:00+02:00,63741.265,63.741265,15.2,84,0,1,10,4,10
2022-10-28 09:00:00+00:00,2022-10-28 11:00:00+02:00,63660.025,63.660025000000005,16.5,84,0,1,11,4,10
2022-10-28 10:00:00+00:00,2022-10-28 12:00:00+02:00,63162.8025,63.1628025,18.0,78,0,1,12,4,10
2022-10-28 11:00:00+00:00,2022-10-28 13:00:00+02:00,60925.895,60.925895,19.6,72,0,1,13,4,10
2022-10-28 12:00:00+00:00,2022-10-28 14:00:00+02:00,59098.505000000005,59.098505,20.9,70,0,1,14,4,10
2022-10-28 13:00:00+00:00,2022-10-28 15:00:00+02:00,58579.7225,58.5797225,21.3,67,0,1,15,4,10
2022-10-28 14:00:00+00:00,2022-10-28 16:00:00+02:00,57934.4,57.934400000000004,21.4,68,0,1,16,4,10
2022-10-28 15:00:00+00:00,2022-10-28 17:00:00+02:00,59165.915,59.165915,20.6,72,0,1,17,4,10
2022-10-28 16:00:00+00:00,2022-10-28 18:00:00+02:00,61494.6575,61.4946575,18.1,77,0,1,18,4,10
2022-10-28 17:00:00+00:00,2022-10-28 19:00:00+02:00,60810.979999999996,60.810979999999994,17.8,77,0,1,19,4,10
2022-10-28 18:00:00+00:00,2022-10-28 20:00:00+02:00,57545.5725,57.5455725,16.8,82,0,1,20,4,10
2022-10-28 19:00:00+00:00,2022-10-28 21:00:00+02:00,53341.515,53.341515,17.1,77,0,0,21,4,10
2022-10-28 20:00:00+00:00,2022-10-28 22:00:00+02:00,49866.1375,49.866137499999994,15.9,81,0,0,22,4,10
2022-10-28 21:00:00+00:00,2022-10-28 23:00:00+02:00,45939.1075,45.9391075,15.4,84,0,0,23,4,10
2022-10-28 22:00:00+00:00,2022-10-29 00:00:00+02:00,44246.3525,44.2463525,14.7,88,1,0,0,5,10
2022-10-28 23:00:00+00:00,2022-10-29 01:00:00+02:00,42326.082500000004,42.326082500000005,15.4,84,1,0,1,5,10
2022-10-29 00:00:00+00:00,2022-10-29 02:00:00+02:00,40852.165,40.852165,13.7,89,1,0,2,5,10
2022-10-29 01:00:00+00:00,2022-10-29 03:00:00+02:00,40377.6725,40.3776725,11.9,93,1,0,3,5,10
2022-10-29 02:00:00+00:00,2022-10-29 04:00:00+02:00,40437.134999999995,40.437135,12.0,93,1,0,4,5,10
2022-10-29 03:00:00+00:00,2022-10-29 05:00:00+02:00,41326.035,41.326035000000005,12.5,93,1,0,5,5,10
2022-10-29 04:00:00+00:00,2022-10-29 06:00:00+02:00,42984.1075,42.9841075,12.1,94,1,0,6,5,10
2022-10-29 05:00:00+00:00,2022-10-29 07:00:00+02:00,45932.205,45.932205,11.4,95,1,0,7,5,10
2022-10-29 06:00:00+00:00,2022-10-29 08:00:00+02:00,48852.3075,48.8523075,10.9,97,1,1,8,5,10
2022-10-29 07:00:00+00:00,2022-10-29 09:00:00+02:00,51286.8125,51.2868125,12.3,95,1,1,9,5,10
2022-10-29 08:00:00+00:00,2022-10-29 10:00:00+02:00,52404.035,52.404035,13.6,90,1,1,10,5,10
2022-10-29 09:00:00+00:00,2022-10-29 11:00:00+02:00,53194.9825,53.194982499999995,15.6,83,1,1,11,5,10
2022-10-29 10:00:00+00:00,2022-10-29 12:00:00+02:00,52757.275,52.757275,16.7,78,1,1,12,5,10
2022-10-29 11:00:00+00:00,2022-10-29 13:00:00+02:00,51250.395,51.250395,17.7,74,1,1,13,5,10
2022-10-29 12:00:00+00:00,2022-10-29 14:00:00+02:00,49916.1,49.9161,18.2,77,1,1,14,5,10
2022-10-29 13:00:00+00:00,2022-10-29 15:00:00+02:00,48701.5325,48.7015325,18.8,78,1,1,15,5,10
2022-10-29 14:00:00+00:00,2022-10-29 16:00:00+02:00,48478.045,48.478045,19.0,78,1,1,16,5,10
2022-10-29 15:00:00+00:00,2022-10-29 17:00:00+02:00,50526.08,50.52608,18.2,86,1,1,17,5,10
2022-10-29 16:00:00+00:00,2022-10-29 18:00:00+02:00,53421.7025,53.4217025,16.1,88,1,1,18,5,10
2022-10-29 17:00:00+00:00,2022-10-29 19:00:00+02:00,52137.16,52.13716,15.9,86,1,1,19,5,10
2022-10-29 18:00:00+00:00,2022-10-29 20:00:00+02:00,49032.4225,49.0324225,14.0,91,1,1,20,5,10
2022-10-29 19:00:00+00:00,2022-10-29 21:00:00+02:00,46447.555,46.447555,13.0,94,1,0,21,5,10
2022-10-29 20:00:00+00:00,2022-10-29 22:00:00+02:00,43783.095,43.783095,13.6,92,1,0,22,5,10
2022-10-29 21:00:00+00:00,2022-10-29 23:00:00+02:00,41114.1725,41.1141725,14.5,90,1,0,23,5,10
2022-10-29 22:00:00+00:00,2022-10-30 00:00:00+02:00,38323.5625,38.3235625,14.3,90,1,0,0,6,10
2022-10-29 23:00:00+00:00,2022-10-30 01:00:00+02:00,36832.2275,36.8322275,14.8,87,1,0,1,6,10
2022-10-30 00:00:00+00:00,2022-10-30 02:00:00+02:00,35753.6425,35.753642500000005,12.7,93,1,0,2,6,10
2022-10-30 01:00:00+00:00,2022-10-30 02:00:00+01:00,35107.0975,35.1070975,11.9,94,1,0,2,6,10
2022-10-30 02:00:00+00:00,2022-10-30 03:00:00+01:00,35652.5175,35.6525175,11.1,95,1,0,3,6,10
2022-10-30 03:00:00+00:00,2022-10-30 04:00:00+01:00,36205.0375,36.205037499999996,11.8,94,1,0,4,6,10
2022-10-30 04:00:00+00:00,2022-10-30 05:00:00+01:00,36529.3625,36.529362500000005,12.3,92,1,0,5,6,10
2022-10-30 05:00:00+00:00,2022-10-30 06:00:00+01:00,38152.7625,38.152762499999994,10.9,95,1,0,6,6,10
2022-10-30 06:00:00+00:00,2022-10-30 07:00:00+01:00,40517.9,40.517900000000004,11.7,94,1,0,7,6,10
2022-10-30 07:00:00+00:00,2022-10-30 08:00:00+01:00,43813.0375,43.8130375,12.1,94,1,1,8,6,10
2022-10-30 08:00:00+00:00,2022-10-30 09:00:00+01:00,46076.9725,46.076972500000004,13.7,90,1,1,9,6,10
2022-10-30 09:00:00+00:00,2022-10-30 10:00:00+01:00,47124.0025,47.1240025,15.5,82,1,1,10,6,10
2022-10-30 10:00:00+00:00,2022-10-30 11:00:00+01:00,48203.582500000004,48.2035825,17.3,76,1,1,11,6,10
2022-10-30 11:00:00+00:00,2022-10-30 12:00:00+01:00,47314.7875,47.3147875,18.8,70,1,1,12,6,10
2022-10-30 12:00:00+00:00,2022-10-30 13:00:00+01:00,45478.4075,45.4784075,19.2,71,1,1,13,6,10
2022-10-30 13:00:00+00:00,2022-10-30 14:00:00+01:00,44303.925,44.303925,20.0,68,1,1,14,6,10
2022-10-30 14:00:00+00:00,2022-10-30 15:00:00+01:00,43846.48,43.84648,20.1,70,1,1,15,6,10
2022-10-30 15:00:00+00:00,2022-10-30 16:00:00+01:00,45034.93,45.03493,18.8,82,1,1,16,6,10
2022-10-30 16:00:00+00:00,2022-10-30 17:00:00+01:00,49266.052500000005,49.26605250000001,16.6,82,1,1,17,6,10
2022-10-30 17:00:00+00:00,2022-10-30 18:00:00+01:00,49855.5775,49.8555775,16.0,81,1,1,18,6,10
2022-10-30 18:00:00+00:00,2022-10-30 19:00:00+01:00,48251.79,48.25179,14.0,85,1,1,19,6,10
2022-10-30 19:00:00+00:00,2022-10-30 20:00:00+01:00,46524.565,46.524565,12.5,90,1,1,20,6,10
2022-10-30 20:00:00+00:00,2022-10-30 21:00:00+01:00,44471.88,44.47188,12.0,91,1,0,21,6,10
2022-10-30 21:00:00+00:00,2022-10-30 22:00:00+01:00,42896.5075,42.8965075,12.2,93,1,0,22,6,10
2022-10-30 22:00:00+00:00,2022-10-30 23:00:00+01:00,40288.0175,40.2880175,11.8,94,1,0,23,6,10
2022-10-30 23:00:00+00:00,2022-10-31 00:00:00+01:00,38181.98,38.18198,10.6,95,0,0,0,0,10
2022-10-31 00:00:00+00:00,2022-10-31 01:00:00+01:00,37097.2975,37.0972975,11.0,93,0,0,1,0,10
2022-10-31 01:00:00+00:00,2022-10-31 02:00:00+01:00,36682.7575,36.6827575,9.8,92,0,0,2,0,10
2022-10-31 02:00:00+00:00,2022-10-31 03:00:00+01:00,36819.067500000005,36.8190675,11.5,85,0,0,3,0,10
2022-10-31 03:00:00+00:00,2022-10-31 04:00:00+01:00,37785.5225,37.7855225,8.5,95,0,0,4,0,10
2022-10-31 04:00:00+00:00,2022-10-31 05:00:00+01:00,40202.425,40.202425000000005,9.0,97,0,0,5,0,10
2022-10-31 05:00:00+00:00,2022-10-31 06:00:00+01:00,44899.2425,44.8992425,9.0,96,0,0,6,0,10
2022-10-31 06:00:00+00:00,2022-10-31 07:00:00+01:00,48469.315,48.469315,9.3,95,0,0,7,0,10
2022-10-31 07:00:00+00:00,2022-10-31 08:00:00+01:00,51552.8475,51.552847500000006,9.8,95,0,1,8,0,10
2022-10-31 08:00:00+00:00,2022-10-31 09:00:00+01:00,53490.104999999996,53.49010499999999,11.3,92,0,1,9,0,10
2022-10-31 09:00:00+00:00,2022-10-31 10:00:00+01:00,54435.6075,54.435607499999996,13.1,88,0,1,10,0,10
2022-10-31 10:00:00+00:00,2022-10-31 11:00:00+01:00,55904.8525,55.904852500000004,14.8,84,0,1,11,0,10
2022-10-31 11:00:00+00:00,2022-10-31 12:00:00+01:00,55483.935,55.483934999999995,16.3,77,0,1,12,0,10
2022-10-31 12:00:00+00:00,2022-10-31 13:00:00+01:00,53928.385,53.928385,17.3,73,0,1,13,0,10
2022-10-31 13:00:00+00:00,2022-10-31 14:00:00+01:00,52633.87,52.63387,17.9,74,0,1,14,0,10
2022-10-31 14:00:00+00:00,2022-10-31 15:00:00+01:00,51538.375,51.538375,17.9,76,0,1,15,0,10
2022-10-31 15:00:00+00:00,2022-10-31 16:00:00+01:00,52214.27250000001,52.21427250000001,16.8,83,0,1,16,0,10
2022-10-31 16:00:00+00:00,2022-10-31 17:00:00+01:00,55405.1925,55.4051925,15.0,90,0,1,17,0,10
2022-10-31 17:00:00+00:00,2022-10-31 18:00:00+01:00,55292.4525,55.292452499999996,15.7,86,0,1,18,0,10
2022-10-31 18:00:00+00:00,2022-10-31 19:00:00+01:00,53639.0425,53.6390425,14.7,88,0,1,19,0,10
2022-10-31 19:00:00+00:00,2022-10-31 20:00:00+01:00,50610.354999999996,50.610355,14.5,90,0,1,20,0,10
2022-10-31 20:00:00+00:00,2022-10-31 21:00:00+01:00,47683.307499999995,47.6833075,13.6,92,0,0,21,0,10
2022-10-31 21:00:00+00:00,2022-10-31 22:00:00+01:00,45535.445,45.535445,12.1,97,0,0,22,0,10
2022-10-31 22:00:00+00:00,2022-10-31 23:00:00+01:00,43095.6075,43.0956075,11.1,100,0,0,23,0,10
2022-10-31 23:00:00+00:00,2022-11-01 00:00:00+01:00,40554.5375,40.554537499999995,11.8,99,0,0,0,1,11
2022-11-01 00:00:00+00:00,2022-11-01 01:00:00+01:00,39844.295,39.844294999999995,10.7,98,0,0,1,1,11
2022-11-01 01:00:00+00:00,2022-11-01 02:00:00+01:00,39432.055,39.432055,11.9,96,0,0,2,1,11
2022-11-01 02:00:00+00:00,2022-11-01 03:00:00+01:00,39521.3125,39.5213125,11.8,95,0,0,3,1,11
2022-11-01 03:00:00+00:00,2022-11-01 04:00:00+01:00,40722.5775,40.7225775,12.7,91,0,0,4,1,11
2022-11-01 04:00:00+00:00,2022-11-01 05:00:00+01:00,42586.6575,42.5866575,13.1,91,0,0,5,1,11
2022-11-01 05:00:00+00:00,2022-11-01 06:00:00+01:00,46206.5775,46.2065775,13.2,93,0,0,6,1,11
2022-11-01 06:00:00+00:00,2022-11-01 07:00:00+01:00,48840.41,48.840410000000006,13.3,94,0,0,7,1,11
2022-11-01 07:00:00+00:00,2022-11-01 08:00:00+01:00,51943.455,51.943455,13.7,93,0,1,8,1,11
2022-11-01 08:00:00+00:00,2022-11-01 09:00:00+01:00,52806.5125,52.8065125,14.6,91,0,1,9,1,11
2022-11-01 09:00:00+00:00,2022-11-01 10:00:00+01:00,54142.505,54.142505,15.3,90,0,1,10,1,11
2022-11-01 10:00:00+00:00,2022-11-01 11:00:00+01:00,56156.65,56.15665,15.9,86,0,1,11,1,11
2022-11-01 11:00:00+00:00,2022-11-01 12:00:00+01:00,55945.4375,55.9454375,16.5,70,0,1,12,1,11
2022-11-01 12:00:00+00:00,2022-11-01 13:00:00+01:00,54234.697499999995,54.234697499999996,17.1,53,0,1,13,1,11
2022-11-01 13:00:00+00:00,2022-11-01 14:00:00+01:00,52513.58,52.513580000000005,17.3,50,0,1,14,1,11
2022-11-01 14:00:00+00:00,2022-11-01 15:00:00+01:00,52047.3575,52.0473575,16.3,51,0,1,15,1,11
2022-11-01 15:00:00+00:00,2022-11-01 16:00:00+01:00,52527.0525,52.527052499999996,14.8,57,0,1,16,1,11
2022-11-01 16:00:00+00:00,2022-11-01 17:00:00+01:00,56363.465,56.363465,13.0,64,0,1,17,1,11
2022-11-01 17:00:00+00:00,2022-11-01 18:00:00+01:00,57345.0775,57.3450775,11.8,69,0,1,18,1,11
2022-11-01 18:00:00+00:00,2022-11-01 19:00:00+01:00,55760.44,55.76044,10.6,75,0,1,19,1,11
2022-11-01 19:00:00+00:00,2022-11-01 20:00:00+01:00,53041.145000000004,53.04114500000001,10.1,77,0,1,20,1,11
2022-11-01 20:00:00+00:00,2022-11-01 21:00:00+01:00,50247.3825,50.2473825,9.5,82,0,0,21,1,11
2022-11-01 21:00:00+00:00,2022-11-01 22:00:00+01:00,48158.695,48.158695,9.4,83,0,0,22,1,11
2022-11-01 22:00:00+00:00,2022-11-01 23:00:00+01:00,45541.585,45.541585,9.8,81,0,0,23,1,11
2022-11-01 23:00:00+00:00,2022-11-02 00:00:00+01:00,43600.5125,43.600512499999994,9.8,82,0,0,0,2,11
2022-11-02 00:00:00+00:00,2022-11-02 01:00:00+01:00,42353.759999999995,42.353759999999994,9.3,88,0,0,1,2,11
2022-11-02 01:00:00+00:00,2022-11-02 02:00:00+01:00,41491.7275,41.4917275,8.7,90,0,0,2,2,11
2022-11-02 02:00:00+00:00,2022-11-02 03:00:00+01:00,42033.04,42.03304,9.1,88,0,0,3,2,11
2022-11-02 03:00:00+00:00,2022-11-02 04:00:00+01:00,43928.6725,43.9286725,9.3,87,0,0,4,2,11
2022-11-02 04:00:00+00:00,2022-11-02 05:00:00+01:00,48293.925,48.293925,9.1,87,0,0,5,2,11
2022-11-02 05:00:00+00:00,2022-11-02 06:00:00+01:00,56648.7175,56.6487175,9.2,86,0,0,6,2,11
2022-11-02 06:00:00+00:00,2022-11-02 07:00:00+01:00,62057.0325,62.0570325,9.5,84,0,0,7,2,11
2022-11-02 07:00:00+00:00,2022-11-02 08:00:00+01:00,64359.19,64.35919,10.5,81,0,1,8,2,11
2022-11-02 08:00:00+00:00,2022-11-02 09:00:00+01:00,64609.77,64.60977,11.9,77,0,1,9,2,11
2022-11-02 09:00:00+00:00,2022-11-02 10:00:00+01:00,65630.6225,65.6306225,13.1,72,0,1,10,2,11
2022-11-02 10:00:00+00:00,2022-11-02 11:00:00+01:00,66459.4425,66.45944250000001,13.9,67,0,1,11,2,11
2022-11-02 11:00:00+00:00,2022-11-02 12:00:00+01:00,65652.83499999999,65.652835,14.5,61,0,1,12,2,11
2022-11-02 12:00:00+00:00,2022-11-02 13:00:00+01:00,64349.275,64.349275,14.9,54,0,1,13,2,11
2022-11-02 13:00:00+00:00,2022-11-02 14:00:00+01:00,63002.182499999995,63.002182499999996,14.8,53,0,1,14,2,11
2022-11-02 14:00:00+00:00,2022-11-02 15:00:00+01:00,62830.8625,62.8308625,14.7,53,0,1,15,2,11
2022-11-02 15:00:00+00:00,2022-11-02 16:00:00+01:00,63518.0525,63.518052499999996,13.7,60,0,1,16,2,11
2022-11-02 16:00:00+00:00,2022-11-02 17:00:00+01:00,66028.31,66.02831,11.2,72,0,1,17,2,11
2022-11-02 17:00:00+00:00,2022-11-02 18:00:00+01:00,65640.05,65.64005,10.2,76,0,1,18,2,11
2022-11-02 18:00:00+00:00,2022-11-02 19:00:00+01:00,64311.8775,64.31187750000001,8.9,82,0,1,19,2,11
2022-11-02 19:00:00+00:00,2022-11-02 20:00:00+01:00,60717.715,60.717715,7.5,87,0,1,20,2,11
2022-11-02 20:00:00+00:00,2022-11-02 21:00:00+01:00,56827.5725,56.8275725,6.8,88,0,0,21,2,11
2022-11-02 21:00:00+00:00,2022-11-02 22:00:00+01:00,52860.167499999996,52.860167499999996,7.1,87,0,0,22,2,11
2022-11-02 22:00:00+00:00,2022-11-02 23:00:00+01:00,48772.5175,48.7725175,7.3,87,0,0,23,2,11
2022-11-02 23:00:00+00:00,2022-11-03 00:00:00+01:00,46367.4275,46.3674275,7.7,88,0,0,0,3,11
2022-11-03 00:00:00+00:00,2022-11-03 01:00:00+01:00,45181.4925,45.1814925,8.5,84,0,0,1,3,11
2022-11-03 01:00:00+00:00,2022-11-03 02:00:00+01:00,44793.815,44.793815,9.0,81,0,0,2,3,11
2022-11-03 02:00:00+00:00,2022-11-03 03:00:00+01:00,45433.6325,45.4336325,8.9,82,0,0,3,3,11
2022-11-03 03:00:00+00:00,2022-11-03 04:00:00+01:00,47119.479999999996,47.119479999999996,8.0,85,0,0,4,3,11
2022-11-03 04:00:00+00:00,2022-11-03 05:00:00+01:00,51009.5125,51.0095125,6.7,91,0,0,5,3,11
2022-11-03 05:00:00+00:00,2022-11-03 06:00:00+01:00,58607.29,58.60729,8.0,87,0,0,6,3,11
2022-11-03 06:00:00+00:00,2022-11-03 07:00:00+01:00,63430.3225,63.4303225,7.1,90,0,0,7,3,11
2022-11-03 07:00:00+00:00,2022-11-03 08:00:00+01:00,65391.942500000005,65.3919425,6.5,94,0,1,8,3,11
2022-11-03 08:00:00+00:00,2022-11-03 09:00:00+01:00,65745.96,65.74596000000001,8.3,89,0,1,9,3,11
2022-11-03 09:00:00+00:00,2022-11-03 10:00:00+01:00,66258.19750000001,66.25819750000001,10.4,83,0,1,10,3,11
2022-11-03 10:00:00+00:00,2022-11-03 11:00:00+01:00,67328.845,67.328845,11.8,78,0,1,11,3,11
2022-11-03 11:00:00+00:00,2022-11-03 12:00:00+01:00,66606.43,66.60642999999999,13.1,74,0,1,12,3,11
2022-11-03 12:00:00+00:00,2022-11-03 13:00:00+01:00,65247.17,65.24717,13.2,74,0,1,13,3,11
2022-11-03 13:00:00+00:00,2022-11-03 14:00:00+01:00,64148.75,64.14875,13.2,75,0,1,14,3,11
2022-11-03 14:00:00+00:00,2022-11-03 15:00:00+01:00,64042.145000000004,64.042145,13.6,69,0,1,15,3,11
2022-11-03 15:00:00+00:00,2022-11-03 16:00:00+01:00,64775.8325,64.77583249999999,12.8,73,0,1,16,3,11
2022-11-03 16:00:00+00:00,2022-11-03 17:00:00+01:00,68223.75,68.22375,11.2,81,0,1,17,3,11
2022-11-03 17:00:00+00:00,2022-11-03 18:00:00+01:00,68182.195,68.18219500000001,11.7,82,0,1,18,3,11
2022-11-03 18:00:00+00:00,2022-11-03 19:00:00+01:00,65658.365,65.658365,11.6,83,0,1,19,3,11
2022-11-03 19:00:00+00:00,2022-11-03 20:00:00+01:00,61717.235,61.717235,11.9,84,0,1,20,3,11
2022-11-03 20:00:00+00:00,2022-11-03 21:00:00+01:00,57834.815,57.834815,11.9,89,0,0,21,3,11
2022-11-03 21:00:00+00:00,2022-11-03 22:00:00+01:00,53710.0475,53.7100475,12.0,88,0,0,22,3,11
2022-11-03 22:00:00+00:00,2022-11-03 23:00:00+01:00,49855.5275,49.855527499999994,11.9,88,0,0,23,3,11
2022-11-03 23:00:00+00:00,2022-11-04 00:00:00+01:00,46207.869999999995,46.20786999999999,11.5,91,0,0,0,4,11
2022-11-04 00:00:00+00:00,2022-11-04 01:00:00+01:00,44451.9725,44.451972500000004,11.3,88,0,0,1,4,11
2022-11-04 01:00:00+00:00,2022-11-04 02:00:00+01:00,43947.4025,43.947402499999995,10.7,89,0,0,2,4,11
2022-11-04 02:00:00+00:00,2022-11-04 03:00:00+01:00,44803.9675,44.8039675,10.2,90,0,0,3,4,11
2022-11-04 03:00:00+00:00,2022-11-04 04:00:00+01:00,46322.8225,46.3228225,10.0,90,0,0,4,4,11
2022-11-04 04:00:00+00:00,2022-11-04 05:00:00+01:00,49500.229999999996,49.500229999999995,9.2,91,0,0,5,4,11
2022-11-04 05:00:00+00:00,2022-11-04 06:00:00+01:00,57350.82,57.35082,8.5,92,0,0,6,4,11
2022-11-04 06:00:00+00:00,2022-11-04 07:00:00+01:00,62322.0325,62.3220325,7.7,93,0,0,7,4,11
2022-11-04 07:00:00+00:00,2022-11-04 08:00:00+01:00,64178.6325,64.1786325,7.8,94,0,1,8,4,11
2022-11-04 08:00:00+00:00,2022-11-04 09:00:00+01:00,64786.195,64.786195,9.1,90,0,1,9,4,11
2022-11-04 09:00:00+00:00,2022-11-04 10:00:00+01:00,65235.9725,65.2359725,9.8,86,0,1,10,4,11
2022-11-04 10:00:00+00:00,2022-11-04 11:00:00+01:00,65626.145,65.62614500000001,10.6,80,0,1,11,4,11
2022-11-04 11:00:00+00:00,2022-11-04 12:00:00+01:00,64776.832500000004,64.7768325,11.3,74,0,1,12,4,11
2022-11-04 12:00:00+00:00,2022-11-04 13:00:00+01:00,62938.520000000004,62.938520000000004,11.6,80,0,1,13,4,11
2022-11-04 13:00:00+00:00,2022-11-04 14:00:00+01:00,61179.735,61.179735,12.0,78,0,1,14,4,11
2022-11-04 14:00:00+00:00,2022-11-04 15:00:00+01:00,60279.534999999996,60.279534999999996,12.0,76,0,1,15,4,11
2022-11-04 15:00:00+00:00,2022-11-04 16:00:00+01:00,60760.9275,60.7609275,10.6,81,0,1,16,4,11
2022-11-04 16:00:00+00:00,2022-11-04 17:00:00+01:00,63183.7225,63.1837225,10.1,85,0,1,17,4,11
2022-11-04 17:00:00+00:00,2022-11-04 18:00:00+01:00,62529.6275,62.529627500000004,9.4,92,0,1,18,4,11
2022-11-04 18:00:00+00:00,2022-11-04 19:00:00+01:00,60319.8775,60.319877500000004,8.0,93,0,1,19,4,11
2022-11-04 19:00:00+00:00,2022-11-04 20:00:00+01:00,57234.435,57.234435,6.8,96,0,1,20,4,11
2022-11-04 20:00:00+00:00,2022-11-04 21:00:00+01:00,53489.84,53.489839999999994,6.7,97,0,0,21,4,11
2022-11-04 21:00:00+00:00,2022-11-04 22:00:00+01:00,50400.057499999995,50.400057499999996,6.6,96,0,0,22,4,11
2022-11-04 22:00:00+00:00,2022-11-04 23:00:00+01:00,46893.8375,46.893837500000004,7.1,93,0,0,23,4,11
2022-11-04 23:00:00+00:00,2022-11-05 00:00:00+01:00,44052.385,44.052385,7.1,94,1,0,0,5,11
2022-11-05 00:00:00+00:00,2022-11-05 01:00:00+01:00,42332.5075,42.3325075,7.2,95,1,0,1,5,11
2022-11-05 01:00:00+00:00,2022-11-05 02:00:00+01:00,41465.935000000005,41.465935,7.3,94,1,0,2,5,11
2022-11-05 02:00:00+00:00,2022-11-05 03:00:00+01:00,41324.832500000004,41.32483250000001,7.4,93,1,0,3,5,11
2022-11-05 03:00:00+00:00,2022-11-05 04:00:00+01:00,41506.884999999995,41.506885,7.2,95,1,0,4,5,11
2022-11-05 04:00:00+00:00,2022-11-05 05:00:00+01:00,41976.0075,41.9760075,6.8,93,1,0,5,5,11
2022-11-05 05:00:00+00:00,2022-11-05 06:00:00+01:00,44232.082500000004,44.232082500000004,7.5,88,1,0,6,5,11
2022-11-05 06:00:00+00:00,2022-11-05 07:00:00+01:00,47246.042499999996,47.246042499999994,5.9,95,1,0,7,5,11
2022-11-05 07:00:00+00:00,2022-11-05 08:00:00+01:00,49975.595,49.975595,6.2,96,1,1,8,5,11
2022-11-05 08:00:00+00:00,2022-11-05 09:00:00+01:00,52286.255,52.286255,8.0,90,1,1,9,5,11
2022-11-05 09:00:00+00:00,2022-11-05 10:00:00+01:00,54148.5025,54.1485025,9.0,85,1,1,10,5,11
2022-11-05 10:00:00+00:00,2022-11-05 11:00:00+01:00,55052.875,55.052875,10.1,80,1,1,11,5,11
2022-11-05 11:00:00+00:00,2022-11-05 12:00:00+01:00,55003.0725,55.0030725,10.8,72,1,1,12,5,11
2022-11-05 12:00:00+00:00,2022-11-05 13:00:00+01:00,53482.8625,53.4828625,11.3,79,1,1,13,5,11
2022-11-05 13:00:00+00:00,2022-11-05 14:00:00+01:00,52234.2475,52.234247499999995,11.6,74,1,1,14,5,11
2022-11-05 14:00:00+00:00,2022-11-05 15:00:00+01:00,51584.6575,51.5846575,11.1,70,1,1,15,5,11
2022-11-05 15:00:00+00:00,2022-11-05 16:00:00+01:00,51914.57,51.91457,10.4,72,1,1,16,5,11
2022-11-05 16:00:00+00:00,2022-11-05 17:00:00+01:00,55833.8475,55.833847500000005,8.6,81,1,1,17,5,11
2022-11-05 17:00:00+00:00,2022-11-05 18:00:00+01:00,56783.9075,56.7839075,7.5,87,1,1,18,5,11
2022-11-05 18:00:00+00:00,2022-11-05 19:00:00+01:00,55082.595,55.082595,6.7,90,1,1,19,5,11
2022-11-05 19:00:00+00:00,2022-11-05 20:00:00+01:00,52029.0625,52.0290625,6.5,90,1,1,20,5,11
2022-11-05 20:00:00+00:00,2022-11-05 21:00:00+01:00,49130.865,49.130865,6.4,88,1,0,21,5,11
2022-11-05 21:00:00+00:00,2022-11-05 22:00:00+01:00,47777.4675,47.7774675,6.6,86,1,0,22,5,11
2022-11-05 22:00:00+00:00,2022-11-05 23:00:00+01:00,44954.0,44.954,6.4,88,1,0,23,5,11
2022-11-05 23:00:00+00:00,2022-11-06 00:00:00+01:00,42385.81,42.38581,5.6,92,1,0,0,6,11
2022-11-06 00:00:00+00:00,2022-11-06 01:00:00+01:00,40718.729999999996,40.718729999999994,6.3,89,1,0,1,6,11
2022-11-06 01:00:00+00:00,2022-11-06 02:00:00+01:00,39968.39750000001,39.96839750000001,6.0,90,1,0,2,6,11
2022-11-06 02:00:00+00:00,2022-11-06 03:00:00+01:00,40088.9425,40.088942499999995,5.2,93,1,0,3,6,11
2022-11-06 03:00:00+00:00,2022-11-06 04:00:00+01:00,40549.395000000004,40.549395000000004,4.9,94,1,0,4,6,11
2022-11-06 04:00:00+00:00,2022-11-06 05:00:00+01:00,41058.5925,41.058592499999996,4.9,94,1,0,5,6,11
2022-11-06 05:00:00+00:00,2022-11-06 06:00:00+01:00,42213.745,42.213745,4.5,94,1,0,6,6,11
2022-11-06 06:00:00+00:00,2022-11-06 07:00:00+01:00,43908.05,43.90805,4.2,95,1,0,7,6,11
2022-11-06 07:00:00+00:00,2022-11-06 08:00:00+01:00,46583.869999999995,46.58387,4.3,95,1,1,8,6,11
2022-11-06 08:00:00+00:00,2022-11-06 09:00:00+01:00,49119.69,49.119690000000006,6.1,89,1,1,9,6,11
2022-11-06 09:00:00+00:00,2022-11-06 10:00:00+01:00,50709.71,50.70971,7.8,81,1,1,10,6,11
2022-11-06 10:00:00+00:00,2022-11-06 11:00:00+01:00,53161.6225,53.1616225,9.5,75,1,1,11,6,11
2022-11-06 11:00:00+00:00,2022-11-06 12:00:00+01:00,52211.875,52.211875,10.9,68,1,1,12,6,11
2022-11-06 12:00:00+00:00,2022-11-06 13:00:00+01:00,50540.685,50.540684999999996,11.2,67,1,1,13,6,11
2022-11-06 13:00:00+00:00,2022-11-06 14:00:00+01:00,48380.457500000004,48.380457500000006,11.8,62,1,1,14,6,11
2022-11-06 14:00:00+00:00,2022-11-06 15:00:00+01:00,48544.85,48.54485,11.5,64,1,1,15,6,11
2022-11-06 15:00:00+00:00,2022-11-06 16:00:00+01:00,50638.6025,50.6386025,10.6,70,1,1,16,6,11
2022-11-06 16:00:00+00:00,2022-11-06 17:00:00+01:00,55441.3675,55.4413675,9.4,76,1,1,17,6,11
2022-11-06 17:00:00+00:00,2022-11-06 18:00:00+01:00,55963.3125,55.9633125,9.3,76,1,1,18,6,11
2022-11-06 18:00:00+00:00,2022-11-06 19:00:00+01:00,54036.37,54.036370000000005,9.1,78,1,1,19,6,11
2022-11-06 19:00:00+00:00,2022-11-06 20:00:00+01:00,51593.082500000004,51.5930825,9.1,81,1,1,20,6,11
2022-11-06 20:00:00+00:00,2022-11-06 21:00:00+01:00,49935.942500000005,49.9359425,9.2,77,1,0,21,6,11
2022-11-06 21:00:00+00:00,2022-11-06 22:00:00+01:00,49206.4625,49.2064625,8.9,75,1,0,22,6,11
2022-11-06 22:00:00+00:00,2022-11-06 23:00:00+01:00,46882.3675,46.8823675,9.7,72,1,0,23,6,11
2022-11-06 23:00:00+00:00,2022-11-07 00:00:00+01:00,44122.58,44.12258,10.0,74,0,0,0,0,11
2022-11-07 00:00:00+00:00,2022-11-07 01:00:00+01:00,42689.505,42.689505,8.8,81,0,0,1,0,11
2022-11-07 01:00:00+00:00,2022-11-07 02:00:00+01:00,42090.4675,42.090467499999995,8.7,85,0,0,2,0,11
2022-11-07 02:00:00+00:00,2022-11-07 03:00:00+01:00,42499.5025,42.499502500000006,10.0,82,0,0,3,0,11
2022-11-07 03:00:00+00:00,2022-11-07 04:00:00+01:00,44089.275,44.089275,10.4,84,0,0,4,0,11
2022-11-07 04:00:00+00:00,2022-11-07 05:00:00+01:00,48688.5575,48.6885575,10.4,86,0,0,5,0,11
2022-11-07 05:00:00+00:00,2022-11-07 06:00:00+01:00,57490.35,57.49035,11.0,85,0,0,6,0,11
2022-11-07 06:00:00+00:00,2022-11-07 07:00:00+01:00,63117.1775,63.1171775,11.1,85,0,0,7,0,11
2022-11-07 07:00:00+00:00,2022-11-07 08:00:00+01:00,65362.72,65.36272,11.4,84,0,1,8,0,11
2022-11-07 08:00:00+00:00,2022-11-07 09:00:00+01:00,66430.7025,66.4307025,12.0,82,0,1,9,0,11
2022-11-07 09:00:00+00:00,2022-11-07 10:00:00+01:00,67306.495,67.306495,12.8,78,0,1,10,0,11
2022-11-07 10:00:00+00:00,2022-11-07 11:00:00+01:00,68341.1325,68.3411325,13.3,77,0,1,11,0,11
2022-11-07 11:00:00+00:00,2022-11-07 12:00:00+01:00,67239.275,67.23927499999999,13.7,75,0,1,12,0,11
2022-11-07 12:00:00+00:00,2022-11-07 13:00:00+01:00,66053.0775,66.0530775,13.3,75,0,1,13,0,11
2022-11-07 13:00:00+00:00,2022-11-07 14:00:00+01:00,64689.7125,64.6897125,14.3,69,0,1,14,0,11
2022-11-07 14:00:00+00:00,2022-11-07 15:00:00+01:00,64115.745,64.115745,14.4,69,0,1,15,0,11
2022-11-07 15:00:00+00:00,2022-11-07 16:00:00+01:00,64642.5975,64.64259750000001,13.8,73,0,1,16,0,11
2022-11-07 16:00:00+00:00,2022-11-07 17:00:00+01:00,67216.23749999999,67.21623749999999,12.9,78,0,1,17,0,11
2022-11-07 17:00:00+00:00,2022-11-07 18:00:00+01:00,66625.5725,66.62557249999999,12.1,83,0,1,18,0,11
2022-11-07 18:00:00+00:00,2022-11-07 19:00:00+01:00,64702.915,64.702915,11.8,86,0,1,19,0,11
2022-11-07 19:00:00+00:00,2022-11-07 20:00:00+01:00,61656.0125,61.656012499999996,11.6,87,0,1,20,0,11
2022-11-07 20:00:00+00:00,2022-11-07 21:00:00+01:00,57953.197499999995,57.953197499999995,10.6,92,0,0,21,0,11
2022-11-07 21:00:00+00:00,2022-11-07 22:00:00+01:00,54276.082500000004,54.2760825,10.0,94,0,0,22,0,11
2022-11-07 22:00:00+00:00,2022-11-07 23:00:00+01:00,50756.9825,50.7569825,9.6,94,0,0,23,0,11
2022-11-07 23:00:00+00:00,2022-11-08 00:00:00+01:00,47482.61,47.48261,9.3,95,0,0,0,1,11
2022-11-08 00:00:00+00:00,2022-11-08 01:00:00+01:00,45831.1375,45.8311375,10.1,92,0,0,1,1,11
2022-11-08 01:00:00+00:00,2022-11-08 02:00:00+01:00,44997.22,44.99722,9.3,92,0,0,2,1,11
2022-11-08 02:00:00+00:00,2022-11-08 03:00:00+01:00,45287.22,45.28722,7.6,94,0,0,3,1,11
2022-11-08 03:00:00+00:00,2022-11-08 04:00:00+01:00,46817.1325,46.8171325,7.4,92,0,0,4,1,11
2022-11-08 04:00:00+00:00,2022-11-08 05:00:00+01:00,50280.0875,50.2800875,8.6,89,0,0,5,1,11
2022-11-08 05:00:00+00:00,2022-11-08 06:00:00+01:00,57954.025,57.954025,8.7,90,0,0,6,1,11
2022-11-08 06:00:00+00:00,2022-11-08 07:00:00+01:00,63379.33,63.37933,8.2,93,0,0,7,1,11
2022-11-08 07:00:00+00:00,2022-11-08 08:00:00+01:00,65380.1225,65.3801225,8.0,93,0,1,8,1,11
2022-11-08 08:00:00+00:00,2022-11-08 09:00:00+01:00,65064.9525,65.0649525,8.6,91,0,1,9,1,11
2022-11-08 09:00:00+00:00,2022-11-08 10:00:00+01:00,64909.6425,64.9096425,10.0,82,0,1,10,1,11
2022-11-08 10:00:00+00:00,2022-11-08 11:00:00+01:00,66098.72750000001,66.09872750000001,11.6,76,0,1,11,1,11
2022-11-08 11:00:00+00:00,2022-11-08 12:00:00+01:00,65817.195,65.81719500000001,13.3,69,0,1,12,1,11
2022-11-08 12:00:00+00:00,2022-11-08 13:00:00+01:00,64920.655,64.920655,14.1,66,0,1,13,1,11
2022-11-08 13:00:00+00:00,2022-11-08 14:00:00+01:00,63958.1725,63.9581725,14.3,65,0,1,14,1,11
2022-11-08 14:00:00+00:00,2022-11-08 15:00:00+01:00,63582.950000000004,63.582950000000004,14.7,66,0,1,15,1,11
2022-11-08 15:00:00+00:00,2022-11-08 16:00:00+01:00,64656.675,64.656675,13.8,65,0,1,16,1,11
2022-11-08 16:00:00+00:00,2022-11-08 17:00:00+01:00,67670.0975,67.6700975,13.3,63,0,1,17,1,11
2022-11-08 17:00:00+00:00,2022-11-08 18:00:00+01:00,67016.47,67.01647,12.8,66,0,1,18,1,11
2022-11-08 18:00:00+00:00,2022-11-08 19:00:00+01:00,65166.0075,65.1660075,13.1,68,0,1,19,1,11
2022-11-08 19:00:00+00:00,2022-11-08 20:00:00+01:00,61494.104999999996,61.494105,13.2,71,0,1,20,1,11
2022-11-08 20:00:00+00:00,2022-11-08 21:00:00+01:00,57641.6375,57.641637499999995,12.8,73,0,0,21,1,11
2022-11-08 21:00:00+00:00,2022-11-08 22:00:00+01:00,54080.8925,54.080892500000004,12.2,77,0,0,22,1,11
2022-11-08 22:00:00+00:00,2022-11-08 23:00:00+01:00,50725.7075,50.7257075,12.2,76,0,0,23,1,11
2022-11-08 23:00:00+00:00,2022-11-09 00:00:00+01:00,47441.0625,47.4410625,11.6,78,0,0,0,2,11
2022-11-09 00:00:00+00:00,2022-11-09 01:00:00+01:00,45611.125,45.611125,11.7,87,0,0,1,2,11
2022-11-09 01:00:00+00:00,2022-11-09 02:00:00+01:00,44485.3775,44.485377500000006,11.3,90,0,0,2,2,11
2022-11-09 02:00:00+00:00,2022-11-09 03:00:00+01:00,45251.6625,45.2516625,11.7,93,0,0,3,2,11
2022-11-09 03:00:00+00:00,2022-11-09 04:00:00+01:00,46664.1175,46.6641175,11.7,93,0,0,4,2,11
2022-11-09 04:00:00+00:00,2022-11-09 05:00:00+01:00,50494.7425,50.4947425,12.0,91,0,0,5,2,11
2022-11-09 05:00:00+00:00,2022-11-09 06:00:00+01:00,58547.3475,58.5473475,11.8,93,0,0,6,2,11
2022-11-09 06:00:00+00:00,2022-11-09 07:00:00+01:00,63629.24,63.629239999999996,11.6,93,0,0,7,2,11
2022-11-09 07:00:00+00:00,2022-11-09 08:00:00+01:00,66201.015,66.201015,11.7,93,0,1,8,2,11
2022-11-09 08:00:00+00:00,2022-11-09 09:00:00+01:00,66019.435,66.019435,12.2,92,0,1,9,2,11
2022-11-09 09:00:00+00:00,2022-11-09 10:00:00+01:00,66258.725,66.25872500000001,12.5,91,0,1,10,2,11
2022-11-09 10:00:00+00:00,2022-11-09 11:00:00+01:00,66666.7775,66.6667775,13.8,85,0,1,11,2,11
2022-11-09 11:00:00+00:00,2022-11-09 12:00:00+01:00,66106.505,66.106505,14.2,84,0,1,12,2,11
2022-11-09 12:00:00+00:00,2022-11-09 13:00:00+01:00,64996.4475,64.9964475,13.1,90,0,1,13,2,11
2022-11-09 13:00:00+00:00,2022-11-09 14:00:00+01:00,63766.0325,63.7660325,14.7,79,0,1,14,2,11
2022-11-09 14:00:00+00:00,2022-11-09 15:00:00+01:00,63270.955,63.270955,14.0,85,0,1,15,2,11
2022-11-09 15:00:00+00:00,2022-11-09 16:00:00+01:00,64033.7625,64.0337625,13.4,89,0,1,16,2,11
2022-11-09 16:00:00+00:00,2022-11-09 17:00:00+01:00,66702.5,66.7025,12.8,88,0,1,17,2,11
2022-11-09 17:00:00+00:00,2022-11-09 18:00:00+01:00,66252.32,66.25232000000001,12.2,88,0,1,18,2,11
2022-11-09 18:00:00+00:00,2022-11-09 19:00:00+01:00,64459.21,64.45921,11.7,90,0,1,19,2,11
2022-11-09 19:00:00+00:00,2022-11-09 20:00:00+01:00,60937.645000000004,60.937645,11.2,90,0,1,20,2,11
2022-11-09 20:00:00+00:00,2022-11-09 21:00:00+01:00,57940.775,57.940775,10.5,91,0,0,21,2,11
2022-11-09 21:00:00+00:00,2022-11-09 22:00:00+01:00,54183.565,54.183565,9.7,93,0,0,22,2,11
2022-11-09 22:00:00+00:00,2022-11-09 23:00:00+01:00,50439.66,50.43966,9.3,93,0,0,23,2,11
2022-11-09 23:00:00+00:00,2022-11-10 00:00:00+01:00,48063.07,48.063069999999996,8.8,95,0,0,0,3,11
2022-11-10 00:00:00+00:00,2022-11-10 01:00:00+01:00,46413.682499999995,46.41368249999999,9.1,95,0,0,1,3,11
2022-11-10 01:00:00+00:00,2022-11-10 02:00:00+01:00,45686.869999999995,45.68686999999999,8.7,95,0,0,2,3,11
2022-11-10 02:00:00+00:00,2022-11-10 03:00:00+01:00,46168.979999999996,46.16898,8.3,96,0,0,3,3,11
2022-11-10 03:00:00+00:00,2022-11-10 04:00:00+01:00,47855.66,47.85566,7.8,96,0,0,4,3,11
2022-11-10 04:00:00+00:00,2022-11-10 05:00:00+01:00,51211.744999999995,51.21174499999999,7.6,96,0,0,5,3,11
2022-11-10 05:00:00+00:00,2022-11-10 06:00:00+01:00,58657.354999999996,58.657354999999995,7.2,97,0,0,6,3,11
2022-11-10 06:00:00+00:00,2022-11-10 07:00:00+01:00,63465.845,63.465845,7.0,97,0,0,7,3,11
2022-11-10 07:00:00+00:00,2022-11-10 08:00:00+01:00,65387.8425,65.3878425,7.2,98,0,1,8,3,11
2022-11-10 08:00:00+00:00,2022-11-10 09:00:00+01:00,65063.65,65.06365,8.3,94,0,1,9,3,11
2022-11-10 09:00:00+00:00,2022-11-10 10:00:00+01:00,66299.25,66.29925,9.9,88,0,1,10,3,11
2022-11-10 10:00:00+00:00,2022-11-10 11:00:00+01:00,67104.6325,67.10463250000001,11.0,84,0,1,11,3,11
2022-11-10 11:00:00+00:00,2022-11-10 12:00:00+01:00,66540.7575,66.54075750000001,12.1,78,0,1,12,3,11
2022-11-10 12:00:00+00:00,2022-11-10 13:00:00+01:00,65649.4825,65.6494825,12.6,73,0,1,13,3,11
2022-11-10 13:00:00+00:00,2022-11-10 14:00:00+01:00,63821.2325,63.8212325,12.9,70,0,1,14,3,11
2022-11-10 14:00:00+00:00,2022-11-10 15:00:00+01:00,62866.835,62.866835,13.1,69,0,1,15,3,11
2022-11-10 15:00:00+00:00,2022-11-10 16:00:00+01:00,63710.6625,63.7106625,12.0,74,0,1,16,3,11
2022-11-10 16:00:00+00:00,2022-11-10 17:00:00+01:00,66991.8275,66.9918275,10.6,81,0,1,17,3,11
2022-11-10 17:00:00+00:00,2022-11-10 18:00:00+01:00,66938.935,66.938935,10.0,82,0,1,18,3,11
2022-11-10 18:00:00+00:00,2022-11-10 19:00:00+01:00,65228.7425,65.2287425,9.4,85,0,1,19,3,11
2022-11-10 19:00:00+00:00,2022-11-10 20:00:00+01:00,61609.85,61.60985,8.6,90,0,1,20,3,11
2022-11-10 20:00:00+00:00,2022-11-10 21:00:00+01:00,57921.085,57.921085,7.8,92,0,0,21,3,11
2022-11-10 21:00:00+00:00,2022-11-10 22:00:00+01:00,54376.39,54.37639,7.3,93,0,0,22,3,11
2022-11-10 22:00:00+00:00,2022-11-10 23:00:00+01:00,51177.93,51.17793,6.8,94,0,0,23,3,11
2022-11-10 23:00:00+00:00,2022-11-11 00:00:00+01:00,48306.11,48.306110000000004,6.4,96,0,0,0,4,11
2022-11-11 00:00:00+00:00,2022-11-11 01:00:00+01:00,46742.805,46.742805,5.8,97,0,0,1,4,11
2022-11-11 01:00:00+00:00,2022-11-11 02:00:00+01:00,46109.6225,46.1096225,4.2,99,0,0,2,4,11
2022-11-11 02:00:00+00:00,2022-11-11 03:00:00+01:00,46388.3225,46.3883225,4.4,99,0,0,3,4,11
2022-11-11 03:00:00+00:00,2022-11-11 04:00:00+01:00,47989.9075,47.9899075,3.9,100,0,0,4,4,11
2022-11-11 04:00:00+00:00,2022-11-11 05:00:00+01:00,51427.34,51.427339999999994,4.0,100,0,0,5,4,11
2022-11-11 05:00:00+00:00,2022-11-11 06:00:00+01:00,58734.905,58.734905,4.6,100,0,0,6,4,11
2022-11-11 06:00:00+00:00,2022-11-11 07:00:00+01:00,63992.9525,63.9929525,4.9,98,0,0,7,4,11
2022-11-11 07:00:00+00:00,2022-11-11 08:00:00+01:00,66077.6175,66.07761749999999,5.2,98,0,1,8,4,11
2022-11-11 08:00:00+00:00,2022-11-11 09:00:00+01:00,66095.1875,66.0951875,6.0,98,0,1,9,4,11
2022-11-11 09:00:00+00:00,2022-11-11 10:00:00+01:00,66408.745,66.408745,6.6,98,0,1,10,4,11
2022-11-11 10:00:00+00:00,2022-11-11 11:00:00+01:00,66506.60250000001,66.50660250000001,7.3,96,0,1,11,4,11
2022-11-11 11:00:00+00:00,2022-11-11 12:00:00+01:00,65708.1575,65.7081575,8.7,91,0,1,12,4,11
2022-11-11 12:00:00+00:00,2022-11-11 13:00:00+01:00,63890.29,63.89029,8.5,93,0,1,13,4,11
2022-11-11 13:00:00+00:00,2022-11-11 14:00:00+01:00,62107.0725,62.1070725,9.1,91,0,1,14,4,11
2022-11-11 14:00:00+00:00,2022-11-11 15:00:00+01:00,61766.04,61.766040000000004,9.5,89,0,1,15,4,11
2022-11-11 15:00:00+00:00,2022-11-11 16:00:00+01:00,62545.979999999996,62.54597999999999,9.1,92,0,1,16,4,11
2022-11-11 16:00:00+00:00,2022-11-11 17:00:00+01:00,65051.285,65.05128500000001,7.3,97,0,1,17,4,11
2022-11-11 17:00:00+00:00,2022-11-11 18:00:00+01:00,64615.4425,64.6154425,7.0,97,0,1,18,4,11
2022-11-11 18:00:00+00:00,2022-11-11 19:00:00+01:00,62434.7525,62.4347525,6.9,97,0,1,19,4,11
2022-11-11 19:00:00+00:00,2022-11-11 20:00:00+01:00,58289.265,58.289265,5.5,98,0,1,20,4,11
2022-11-11 20:00:00+00:00,2022-11-11 21:00:00+01:00,54444.5525,54.4445525,5.5,100,0,0,21,4,11
2022-11-11 21:00:00+00:00,2022-11-11 22:00:00+01:00,50937.6,50.937599999999996,5.0,100,0,0,22,4,11
2022-11-11 22:00:00+00:00,2022-11-11 23:00:00+01:00,47677.3225,47.6773225,4.5,100,0,0,23,4,11
2022-11-11 23:00:00+00:00,2022-11-12 00:00:00+01:00,45336.875,45.336875,5.0,100,1,0,0,5,11
2022-11-12 00:00:00+00:00,2022-11-12 01:00:00+01:00,43855.785,43.855785000000004,5.5,98,1,0,1,5,11
2022-11-12 01:00:00+00:00,2022-11-12 02:00:00+01:00,42541.2875,42.541287499999996,5.4,98,1,0,2,5,11
2022-11-12 02:00:00+00:00,2022-11-12 03:00:00+01:00,42007.067500000005,42.007067500000005,5.6,98,1,0,3,5,11
2022-11-12 03:00:00+00:00,2022-11-12 04:00:00+01:00,42033.3775,42.0333775,5.6,99,1,0,4,5,11
2022-11-12 04:00:00+00:00,2022-11-12 05:00:00+01:00,42512.89,42.51289,5.6,100,1,0,5,5,11
2022-11-12 05:00:00+00:00,2022-11-12 06:00:00+01:00,43967.7175,43.9677175,5.7,100,1,0,6,5,11
2022-11-12 06:00:00+00:00,2022-11-12 07:00:00+01:00,46766.425,46.766425000000005,5.7,100,1,0,7,5,11
2022-11-12 07:00:00+00:00,2022-11-12 08:00:00+01:00,49829.4825,49.8294825,5.7,99,1,1,8,5,11
2022-11-12 08:00:00+00:00,2022-11-12 09:00:00+01:00,52172.1325,52.1721325,5.7,99,1,1,9,5,11
2022-11-12 09:00:00+00:00,2022-11-12 10:00:00+01:00,53857.915,53.857915,6.3,95,1,1,10,5,11
2022-11-12 10:00:00+00:00,2022-11-12 11:00:00+01:00,54683.815,54.683815,7.3,89,1,1,11,5,11
2022-11-12 11:00:00+00:00,2022-11-12 12:00:00+01:00,54188.985,54.188985,8.7,82,1,1,12,5,11
2022-11-12 12:00:00+00:00,2022-11-12 13:00:00+01:00,52227.4025,52.2274025,9.3,81,1,1,13,5,11
2022-11-12 13:00:00+00:00,2022-11-12 14:00:00+01:00,50438.5025,50.438502500000006,9.7,81,1,1,14,5,11
2022-11-12 14:00:00+00:00,2022-11-12 15:00:00+01:00,49987.95,49.98795,9.8,82,1,1,15,5,11
2022-11-12 15:00:00+00:00,2022-11-12 16:00:00+01:00,51782.087499999994,51.782087499999996,8.8,89,1,1,16,5,11
2022-11-12 16:00:00+00:00,2022-11-12 17:00:00+01:00,55280.89,55.28089,6.8,94,1,1,17,5,11
2022-11-12 17:00:00+00:00,2022-11-12 18:00:00+01:00,55219.0125,55.2190125,6.2,95,1,1,18,5,11
2022-11-12 18:00:00+00:00,2022-11-12 19:00:00+01:00,53208.19,53.20819,6.1,93,1,1,19,5,11
2022-11-12 19:00:00+00:00,2022-11-12 20:00:00+01:00,50199.1825,50.1991825,5.9,94,1,1,20,5,11
2022-11-12 20:00:00+00:00,2022-11-12 21:00:00+01:00,47475.9025,47.4759025,5.4,95,1,0,21,5,11
2022-11-12 21:00:00+00:00,2022-11-12 22:00:00+01:00,45617.0825,45.617082499999995,4.9,96,1,0,22,5,11
2022-11-12 22:00:00+00:00,2022-11-12 23:00:00+01:00,42433.0775,42.433077499999996,4.7,96,1,0,23,5,11
2022-11-12 23:00:00+00:00,2022-11-13 00:00:00+01:00,39858.4775,39.8584775,4.5,96,1,0,0,6,11
2022-11-13 00:00:00+00:00,2022-11-13 01:00:00+01:00,38203.994999999995,38.20399499999999,3.7,96,1,0,1,6,11
2022-11-13 01:00:00+00:00,2022-11-13 02:00:00+01:00,37287.2025,37.2872025,3.1,96,1,0,2,6,11
2022-11-13 02:00:00+00:00,2022-11-13 03:00:00+01:00,37289.235,37.289235,2.8,96,1,0,3,6,11
2022-11-13 03:00:00+00:00,2022-11-13 04:00:00+01:00,37403.457500000004,37.4034575,2.7,95,1,0,4,6,11
2022-11-13 04:00:00+00:00,2022-11-13 05:00:00+01:00,37519.3125,37.5193125,2.7,94,1,0,5,6,11
2022-11-13 05:00:00+00:00,2022-11-13 06:00:00+01:00,38374.72,38.37472,2.6,93,1,0,6,6,11
2022-11-13 06:00:00+00:00,2022-11-13 07:00:00+01:00,40264.7325,40.2647325,2.2,94,1,0,7,6,11
2022-11-13 07:00:00+00:00,2022-11-13 08:00:00+01:00,43401.18,43.401180000000004,1.8,97,1,1,8,6,11
2022-11-13 08:00:00+00:00,2022-11-13 09:00:00+01:00,46695.3025,46.6953025,3.4,92,1,1,9,6,11
2022-11-13 09:00:00+00:00,2022-11-13 10:00:00+01:00,48768.91,48.768910000000005,5.4,89,1,1,10,6,11
2022-11-13 10:00:00+00:00,2022-11-13 11:00:00+01:00,50742.6575,50.7426575,7.7,82,1,1,11,6,11
2022-11-13 11:00:00+00:00,2022-11-13 12:00:00+01:00,50580.1,50.5801,9.6,75,1,1,12,6,11
2022-11-13 12:00:00+00:00,2022-11-13 13:00:00+01:00,48358.2175,48.3582175,11.5,68,1,1,13,6,11
2022-11-13 13:00:00+00:00,2022-11-13 14:00:00+01:00,46402.045,46.402045,12.2,67,1,1,14,6,11
2022-11-13 14:00:00+00:00,2022-11-13 15:00:00+01:00,46624.8525,46.6248525,12.2,69,1,1,15,6,11
2022-11-13 15:00:00+00:00,2022-11-13 16:00:00+01:00,48798.667499999996,48.79866749999999,10.3,77,1,1,16,6,11
2022-11-13 16:00:00+00:00,2022-11-13 17:00:00+01:00,52951.759999999995,52.95175999999999,8.6,80,1,1,17,6,11
2022-11-13 17:00:00+00:00,2022-11-13 18:00:00+01:00,53804.1325,53.8041325,8.0,82,1,1,18,6,11
2022-11-13 18:00:00+00:00,2022-11-13 19:00:00+01:00,52268.04,52.26804,7.0,83,1,1,19,6,11
2022-11-13 19:00:00+00:00,2022-11-13 20:00:00+01:00,50203.9625,50.2039625,6.1,85,1,1,20,6,11
2022-11-13 20:00:00+00:00,2022-11-13 21:00:00+01:00,48861.78,48.861779999999996,5.5,86,1,0,21,6,11
2022-11-13 21:00:00+00:00,2022-11-13 22:00:00+01:00,47978.515,47.978515,5.0,88,1,0,22,6,11
2022-11-13 22:00:00+00:00,2022-11-13 23:00:00+01:00,45473.315,45.473315,4.3,90,1,0,23,6,11
2022-11-13 23:00:00+00:00,2022-11-14 00:00:00+01:00,43244.08,43.244080000000004,3.9,90,0,0,0,0,11
2022-11-14 00:00:00+00:00,2022-11-14 01:00:00+01:00,41790.525,41.790525,4.3,90,0,0,1,0,11
2022-11-14 01:00:00+00:00,2022-11-14 02:00:00+01:00,41278.7725,41.2787725,3.6,91,0,0,2,0,11
2022-11-14 02:00:00+00:00,2022-11-14 03:00:00+01:00,41768.915,41.768915,2.9,92,0,0,3,0,11
2022-11-14 03:00:00+00:00,2022-11-14 04:00:00+01:00,43891.34,43.89134,3.0,93,0,0,4,0,11
2022-11-14 04:00:00+00:00,2022-11-14 05:00:00+01:00,48031.1075,48.0311075,2.6,94,0,0,5,0,11
2022-11-14 05:00:00+00:00,2022-11-14 06:00:00+01:00,56388.305,56.388305,2.1,96,0,0,6,0,11
2022-11-14 06:00:00+00:00,2022-11-14 07:00:00+01:00,62024.0225,62.0240225,1.2,97,0,0,7,0,11
2022-11-14 07:00:00+00:00,2022-11-14 08:00:00+01:00,64672.3825,64.6723825,2.7,96,0,1,8,0,11
2022-11-14 08:00:00+00:00,2022-11-14 09:00:00+01:00,65073.8275,65.0738275,3.8,92,0,1,9,0,11
2022-11-14 09:00:00+00:00,2022-11-14 10:00:00+01:00,65846.5725,65.8465725,5.3,86,0,1,10,0,11
2022-11-14 10:00:00+00:00,2022-11-14 11:00:00+01:00,66979.8775,66.9798775,6.0,85,0,1,11,0,11
2022-11-14 11:00:00+00:00,2022-11-14 12:00:00+01:00,66660.225,66.66022500000001,7.7,81,0,1,12,0,11
2022-11-14 12:00:00+00:00,2022-11-14 13:00:00+01:00,65197.455,65.197455,8.9,80,0,1,13,0,11
2022-11-14 13:00:00+00:00,2022-11-14 14:00:00+01:00,63844.3925,63.844392500000005,10.5,78,0,1,14,0,11
2022-11-14 14:00:00+00:00,2022-11-14 15:00:00+01:00,62882.1875,62.8821875,10.5,82,0,1,15,0,11
2022-11-14 15:00:00+00:00,2022-11-14 16:00:00+01:00,63771.0975,63.7710975,10.4,84,0,1,16,0,11
2022-11-14 16:00:00+00:00,2022-11-14 17:00:00+01:00,66925.23,66.92523,9.6,90,0,1,17,0,11
2022-11-14 17:00:00+00:00,2022-11-14 18:00:00+01:00,66369.125,66.369125,10.8,85,0,1,18,0,11
2022-11-14 18:00:00+00:00,2022-11-14 19:00:00+01:00,64463.76,64.46376000000001,11.1,86,0,1,19,0,11
2022-11-14 19:00:00+00:00,2022-11-14 20:00:00+01:00,60734.685,60.734685,10.7,90,0,1,20,0,11
2022-11-14 20:00:00+00:00,2022-11-14 21:00:00+01:00,57083.7575,57.0837575,10.3,92,0,0,21,0,11
2022-11-14 21:00:00+00:00,2022-11-14 22:00:00+01:00,53999.35,53.99935,9.9,93,0,0,22,0,11
2022-11-14 22:00:00+00:00,2022-11-14 23:00:00+01:00,49875.235,49.875235,9.4,93,0,0,23,0,11
2022-11-14 23:00:00+00:00,2022-11-15 00:00:00+01:00,46507.0325,46.5070325,9.1,91,0,0,0,1,11
2022-11-15 00:00:00+00:00,2022-11-15 01:00:00+01:00,44994.185,44.994184999999995,9.6,89,0,0,1,1,11
2022-11-15 01:00:00+00:00,2022-11-15 02:00:00+01:00,44190.8875,44.190887499999995,9.2,89,0,0,2,1,11
2022-11-15 02:00:00+00:00,2022-11-15 03:00:00+01:00,44360.097499999996,44.360097499999995,9.1,90,0,0,3,1,11
2022-11-15 03:00:00+00:00,2022-11-15 04:00:00+01:00,46278.4975,46.2784975,8.6,91,0,0,4,1,11
2022-11-15 04:00:00+00:00,2022-11-15 05:00:00+01:00,50076.42,50.07642,7.9,91,0,0,5,1,11
2022-11-15 05:00:00+00:00,2022-11-15 06:00:00+01:00,57410.76,57.41076,9.8,85,0,0,6,1,11
2022-11-15 06:00:00+00:00,2022-11-15 07:00:00+01:00,62230.2125,62.2302125,9.9,86,0,0,7,1,11
2022-11-15 07:00:00+00:00,2022-11-15 08:00:00+01:00,64327.7175,64.3277175,8.4,92,0,1,8,1,11
2022-11-15 08:00:00+00:00,2022-11-15 09:00:00+01:00,64008.520000000004,64.00852,9.0,91,0,1,9,1,11
2022-11-15 09:00:00+00:00,2022-11-15 10:00:00+01:00,64411.472499999996,64.4114725,9.6,91,0,1,10,1,11
2022-11-15 10:00:00+00:00,2022-11-15 11:00:00+01:00,64290.49,64.29048999999999,10.6,87,0,1,11,1,11
2022-11-15 11:00:00+00:00,2022-11-15 12:00:00+01:00,63632.167499999996,63.632167499999994,12.0,82,0,1,12,1,11
2022-11-15 12:00:00+00:00,2022-11-15 13:00:00+01:00,63528.7025,63.5287025,11.7,86,0,1,13,1,11
2022-11-15 13:00:00+00:00,2022-11-15 14:00:00+01:00,62930.3125,62.9303125,12.1,87,0,1,14,1,11
2022-11-15 14:00:00+00:00,2022-11-15 15:00:00+01:00,63218.2625,63.218262499999994,12.0,87,0,1,15,1,11
2022-11-15 15:00:00+00:00,2022-11-15 16:00:00+01:00,64108.494999999995,64.10849499999999,11.7,89,0,1,16,1,11
2022-11-15 16:00:00+00:00,2022-11-15 17:00:00+01:00,66697.005,66.697005,10.9,91,0,1,17,1,11
2022-11-15 17:00:00+00:00,2022-11-15 18:00:00+01:00,66710.745,66.71074499999999,10.9,89,0,1,18,1,11
2022-11-15 18:00:00+00:00,2022-11-15 19:00:00+01:00,65373.28,65.37328,10.4,88,0,1,19,1,11
2022-11-15 19:00:00+00:00,2022-11-15 20:00:00+01:00,60841.21,60.84121,10.3,85,0,1,20,1,11
2022-11-15 20:00:00+00:00,2022-11-15 21:00:00+01:00,57089.950000000004,57.08995,10.4,86,0,0,21,1,11
2022-11-15 21:00:00+00:00,2022-11-15 22:00:00+01:00,54112.615,54.112615,10.2,86,0,0,22,1,11
2022-11-15 22:00:00+00:00,2022-11-15 23:00:00+01:00,50322.25,50.32225,10.4,84,0,0,23,1,11
2022-11-15 23:00:00+00:00,2022-11-16 00:00:00+01:00,47111.8375,47.1118375,9.7,89,0,0,0,2,11
2022-11-16 00:00:00+00:00,2022-11-16 01:00:00+01:00,46184.6275,46.184627500000005,10.1,91,0,0,1,2,11
2022-11-16 01:00:00+00:00,2022-11-16 02:00:00+01:00,46312.4825,46.3124825,10.2,93,0,0,2,2,11
2022-11-16 02:00:00+00:00,2022-11-16 03:00:00+01:00,46980.302500000005,46.98030250000001,10.0,94,0,0,3,2,11
2022-11-16 03:00:00+00:00,2022-11-16 04:00:00+01:00,48260.5625,48.2605625,9.8,96,0,0,4,2,11
2022-11-16 04:00:00+00:00,2022-11-16 05:00:00+01:00,51227.9925,51.2279925,9.9,94,0,0,5,2,11
2022-11-16 05:00:00+00:00,2022-11-16 06:00:00+01:00,58264.4825,58.2644825,10.0,95,0,0,6,2,11
2022-11-16 06:00:00+00:00,2022-11-16 07:00:00+01:00,63723.865,63.723864999999996,9.7,95,0,0,7,2,11
2022-11-16 07:00:00+00:00,2022-11-16 08:00:00+01:00,66419.4725,66.4194725,9.4,96,0,1,8,2,11
2022-11-16 08:00:00+00:00,2022-11-16 09:00:00+01:00,66750.7175,66.7507175,9.9,94,0,1,9,2,11
2022-11-16 09:00:00+00:00,2022-11-16 10:00:00+01:00,66686.495,66.686495,11.0,89,0,1,10,2,11
2022-11-16 10:00:00+00:00,2022-11-16 11:00:00+01:00,67230.9625,67.23096249999999,11.2,84,0,1,11,2,11
2022-11-16 11:00:00+00:00,2022-11-16 12:00:00+01:00,67204.8675,67.20486749999999,11.9,79,0,1,12,2,11
2022-11-16 12:00:00+00:00,2022-11-16 13:00:00+01:00,66883.59,66.88359,12.2,72,0,1,13,2,11
2022-11-16 13:00:00+00:00,2022-11-16 14:00:00+01:00,65521.4525,65.5214525,11.6,76,0,1,14,2,11
2022-11-16 14:00:00+00:00,2022-11-16 15:00:00+01:00,65317.4875,65.3174875,11.4,81,0,1,15,2,11
2022-11-16 15:00:00+00:00,2022-11-16 16:00:00+01:00,65868.025,65.86802499999999,10.6,87,0,1,16,2,11
2022-11-16 16:00:00+00:00,2022-11-16 17:00:00+01:00,68176.575,68.176575,9.0,91,0,1,17,2,11
2022-11-16 17:00:00+00:00,2022-11-16 18:00:00+01:00,67281.78,67.28178,9.5,90,0,1,18,2,11
2022-11-16 18:00:00+00:00,2022-11-16 19:00:00+01:00,65104.5025,65.1045025,8.9,91,0,1,19,2,11
2022-11-16 19:00:00+00:00,2022-11-16 20:00:00+01:00,61782.2725,61.7822725,8.5,93,0,1,20,2,11
2022-11-16 20:00:00+00:00,2022-11-16 21:00:00+01:00,57933.05,57.93305,8.0,94,0,0,21,2,11
2022-11-16 21:00:00+00:00,2022-11-16 22:00:00+01:00,54751.185000000005,54.75118500000001,7.2,94,0,0,22,2,11
2022-11-16 22:00:00+00:00,2022-11-16 23:00:00+01:00,50887.869999999995,50.88786999999999,7.4,93,0,0,23,2,11
2022-11-16 23:00:00+00:00,2022-11-17 00:00:00+01:00,47576.4625,47.5764625,7.9,90,0,0,0,3,11
2022-11-17 00:00:00+00:00,2022-11-17 01:00:00+01:00,46423.1075,46.4231075,9.0,86,0,0,1,3,11
2022-11-17 01:00:00+00:00,2022-11-17 02:00:00+01:00,45816.5625,45.8165625,9.7,84,0,0,2,3,11
2022-11-17 02:00:00+00:00,2022-11-17 03:00:00+01:00,46479.2375,46.4792375,9.9,84,0,0,3,3,11
2022-11-17 03:00:00+00:00,2022-11-17 04:00:00+01:00,47715.415,47.715415,9.6,86,0,0,4,3,11
2022-11-17 04:00:00+00:00,2022-11-17 05:00:00+01:00,51130.7975,51.1307975,9.9,85,0,0,5,3,11
2022-11-17 05:00:00+00:00,2022-11-17 06:00:00+01:00,58891.27,58.89127,9.8,88,0,0,6,3,11
2022-11-17 06:00:00+00:00,2022-11-17 07:00:00+01:00,64034.8525,64.0348525,10.2,88,0,0,7,3,11
2022-11-17 07:00:00+00:00,2022-11-17 08:00:00+01:00,66823.7325,66.82373249999999,10.2,89,0,1,8,3,11
2022-11-17 08:00:00+00:00,2022-11-17 09:00:00+01:00,66836.4225,66.8364225,10.7,87,0,1,9,3,11
2022-11-17 09:00:00+00:00,2022-11-17 10:00:00+01:00,68222.4025,68.2224025,11.0,85,0,1,10,3,11
2022-11-17 10:00:00+00:00,2022-11-17 11:00:00+01:00,69134.8075,69.1348075,11.5,80,0,1,11,3,11
2022-11-17 11:00:00+00:00,2022-11-17 12:00:00+01:00,69117.47750000001,69.1174775,11.5,85,0,1,12,3,11
2022-11-17 12:00:00+00:00,2022-11-17 13:00:00+01:00,68144.1675,68.1441675,11.0,85,0,1,13,3,11
2022-11-17 13:00:00+00:00,2022-11-17 14:00:00+01:00,67166.2475,67.1662475,10.7,84,0,1,14,3,11
2022-11-17 14:00:00+00:00,2022-11-17 15:00:00+01:00,66710.175,66.710175,11.1,83,0,1,15,3,11
2022-11-17 15:00:00+00:00,2022-11-17 16:00:00+01:00,67259.4125,67.25941250000001,10.1,83,0,1,16,3,11
2022-11-17 16:00:00+00:00,2022-11-17 17:00:00+01:00,68650.5325,68.6505325,8.9,88,0,1,17,3,11
2022-11-17 17:00:00+00:00,2022-11-17 18:00:00+01:00,67720.58,67.72058,9.1,90,0,1,18,3,11
2022-11-17 18:00:00+00:00,2022-11-17 19:00:00+01:00,65898.8675,65.8988675,8.7,89,0,1,19,3,11
2022-11-17 19:00:00+00:00,2022-11-17 20:00:00+01:00,62193.4125,62.1934125,8.0,91,0,1,20,3,11
2022-11-17 20:00:00+00:00,2022-11-17 21:00:00+01:00,58356.165,58.356165000000004,8.1,93,0,0,21,3,11
2022-11-17 21:00:00+00:00,2022-11-17 22:00:00+01:00,54754.965,54.754965,8.2,94,0,0,22,3,11
2022-11-17 22:00:00+00:00,2022-11-17 23:00:00+01:00,50856.065,50.856065,7.9,94,0,0,23,3,11
2022-11-17 23:00:00+00:00,2022-11-18 00:00:00+01:00,48218.5225,48.2185225,7.0,97,0,0,0,4,11
2022-11-18 00:00:00+00:00,2022-11-18 01:00:00+01:00,47060.435,47.060435,8.0,96,0,0,1,4,11
2022-11-18 01:00:00+00:00,2022-11-18 02:00:00+01:00,46226.24,46.22624,8.0,97,0,0,2,4,11
2022-11-18 02:00:00+00:00,2022-11-18 03:00:00+01:00,46331.65,46.33165,7.5,98,0,0,3,4,11
2022-11-18 03:00:00+00:00,2022-11-18 04:00:00+01:00,47936.365,47.936364999999995,7.4,98,0,0,4,4,11
2022-11-18 04:00:00+00:00,2022-11-18 05:00:00+01:00,51050.1475,51.0501475,7.6,99,0,0,5,4,11
2022-11-18 05:00:00+00:00,2022-11-18 06:00:00+01:00,57983.1275,57.9831275,7.1,100,0,0,6,4,11
2022-11-18 06:00:00+00:00,2022-11-18 07:00:00+01:00,63823.215,63.823215,6.9,97,0,0,7,4,11
2022-11-18 07:00:00+00:00,2022-11-18 08:00:00+01:00,66413.0075,66.4130075,7.2,96,0,1,8,4,11
2022-11-18 08:00:00+00:00,2022-11-18 09:00:00+01:00,67120.935,67.120935,7.6,96,0,1,9,4,11
2022-11-18 09:00:00+00:00,2022-11-18 10:00:00+01:00,67982.845,67.982845,8.4,96,0,1,10,4,11
2022-11-18 10:00:00+00:00,2022-11-18 11:00:00+01:00,67903.0325,67.9030325,9.6,86,0,1,11,4,11
2022-11-18 11:00:00+00:00,2022-11-18 12:00:00+01:00,67357.1825,67.3571825,10.3,82,0,1,12,4,11
2022-11-18 12:00:00+00:00,2022-11-18 13:00:00+01:00,65836.015,65.836015,10.4,88,0,1,13,4,11
2022-11-18 13:00:00+00:00,2022-11-18 14:00:00+01:00,64175.302500000005,64.1753025,10.1,82,0,1,14,4,11
2022-11-18 14:00:00+00:00,2022-11-18 15:00:00+01:00,63425.99,63.42599,9.6,88,0,1,15,4,11
2022-11-18 15:00:00+00:00,2022-11-18 16:00:00+01:00,64161.46,64.16146,8.8,89,0,1,16,4,11
2022-11-18 16:00:00+00:00,2022-11-18 17:00:00+01:00,66076.01,66.07601,7.7,92,0,1,17,4,11
2022-11-18 17:00:00+00:00,2022-11-18 18:00:00+01:00,64758.8575,64.7588575,7.1,93,0,1,18,4,11
2022-11-18 18:00:00+00:00,2022-11-18 19:00:00+01:00,62978.6,62.9786,7.0,93,0,1,19,4,11
2022-11-18 19:00:00+00:00,2022-11-18 20:00:00+01:00,59039.2675,59.0392675,6.2,93,0,1,20,4,11
2022-11-18 20:00:00+00:00,2022-11-18 21:00:00+01:00,55334.3525,55.3343525,6.1,94,0,0,21,4,11
2022-11-18 21:00:00+00:00,2022-11-18 22:00:00+01:00,52252.409999999996,52.25241,6.0,95,0,0,22,4,11
2022-11-18 22:00:00+00:00,2022-11-18 23:00:00+01:00,49293.2875,49.2932875,6.1,96,0,0,23,4,11
2022-11-18 23:00:00+00:00,2022-11-19 00:00:00+01:00,46572.7575,46.5727575,5.6,96,1,0,0,5,11
2022-11-19 00:00:00+00:00,2022-11-19 01:00:00+01:00,45245.54,45.24554,5.3,97,1,0,1,5,11
2022-11-19 01:00:00+00:00,2022-11-19 02:00:00+01:00,44357.875,44.357875,5.7,97,1,0,2,5,11
2022-11-19 02:00:00+00:00,2022-11-19 03:00:00+01:00,44349.1525,44.349152499999995,5.6,93,1,0,3,5,11
2022-11-19 03:00:00+00:00,2022-11-19 04:00:00+01:00,44719.8825,44.7198825,5.0,93,1,0,4,5,11
2022-11-19 04:00:00+00:00,2022-11-19 05:00:00+01:00,45302.4375,45.3024375,4.3,93,1,0,5,5,11
2022-11-19 05:00:00+00:00,2022-11-19 06:00:00+01:00,46232.8125,46.2328125,3.8,92,1,0,6,5,11
2022-11-19 06:00:00+00:00,2022-11-19 07:00:00+01:00,48969.3925,48.969392500000005,3.2,93,1,0,7,5,11
2022-11-19 07:00:00+00:00,2022-11-19 08:00:00+01:00,52318.23,52.31823,2.7,91,1,1,8,5,11
2022-11-19 08:00:00+00:00,2022-11-19 09:00:00+01:00,55092.49,55.09249,2.5,94,1,1,9,5,11
2022-11-19 09:00:00+00:00,2022-11-19 10:00:00+01:00,56660.2475,56.6602475,2.5,92,1,1,10,5,11
2022-11-19 10:00:00+00:00,2022-11-19 11:00:00+01:00,57101.3875,57.101387499999994,2.1,94,1,1,11,5,11
2022-11-19 11:00:00+00:00,2022-11-19 12:00:00+01:00,56740.9525,56.7409525,2.0,93,1,1,12,5,11
2022-11-19 12:00:00+00:00,2022-11-19 13:00:00+01:00,55223.957500000004,55.223957500000004,2.2,87,1,1,13,5,11
2022-11-19 13:00:00+00:00,2022-11-19 14:00:00+01:00,53421.6975,53.4216975,2.2,85,1,1,14,5,11
2022-11-19 14:00:00+00:00,2022-11-19 15:00:00+01:00,53152.985,53.152985,2.3,83,1,1,15,5,11
2022-11-19 15:00:00+00:00,2022-11-19 16:00:00+01:00,54580.0225,54.5800225,2.4,81,1,1,16,5,11
2022-11-19 16:00:00+00:00,2022-11-19 17:00:00+01:00,57272.057499999995,57.272057499999995,2.4,80,1,1,17,5,11
2022-11-19 17:00:00+00:00,2022-11-19 18:00:00+01:00,56726.13,56.72613,2.5,79,1,1,18,5,11
2022-11-19 18:00:00+00:00,2022-11-19 19:00:00+01:00,54732.83,54.73283,2.6,78,1,1,19,5,11
2022-11-19 19:00:00+00:00,2022-11-19 20:00:00+01:00,51466.1725,51.4661725,2.5,77,1,1,20,5,11
2022-11-19 20:00:00+00:00,2022-11-19 21:00:00+01:00,48953.62,48.95362,2.4,77,1,0,21,5,11
2022-11-19 21:00:00+00:00,2022-11-19 22:00:00+01:00,47378.6625,47.3786625,2.2,78,1,0,22,5,11
2022-11-19 22:00:00+00:00,2022-11-19 23:00:00+01:00,45043.552500000005,45.043552500000004,2.1,77,1,0,23,5,11
2022-11-19 23:00:00+00:00,2022-11-20 00:00:00+01:00,42584.5025,42.5845025,2.1,77,1,0,0,6,11
2022-11-20 00:00:00+00:00,2022-11-20 01:00:00+01:00,41111.7525,41.1117525,1.2,89,1,0,1,6,11
2022-11-20 01:00:00+00:00,2022-11-20 02:00:00+01:00,40083.7025,40.0837025,1.2,90,1,0,2,6,11
2022-11-20 02:00:00+00:00,2022-11-20 03:00:00+01:00,40338.0775,40.3380775,1.4,89,1,0,3,6,11
2022-11-20 03:00:00+00:00,2022-11-20 04:00:00+01:00,40328.1425,40.3281425,1.4,90,1,0,4,6,11
2022-11-20 04:00:00+00:00,2022-11-20 05:00:00+01:00,40410.63,40.41063,1.3,92,1,0,5,6,11
2022-11-20 05:00:00+00:00,2022-11-20 06:00:00+01:00,40496.695,40.496695,1.5,92,1,0,6,6,11
2022-11-20 06:00:00+00:00,2022-11-20 07:00:00+01:00,41764.072499999995,41.7640725,1.6,93,1,0,7,6,11
2022-11-20 07:00:00+00:00,2022-11-20 08:00:00+01:00,44714.317500000005,44.71431750000001,1.7,94,1,1,8,6,11
2022-11-20 08:00:00+00:00,2022-11-20 09:00:00+01:00,47840.085,47.840085,2.1,94,1,1,9,6,11
2022-11-20 09:00:00+00:00,2022-11-20 10:00:00+01:00,49903.305,49.903305,2.5,93,1,1,10,6,11
2022-11-20 10:00:00+00:00,2022-11-20 11:00:00+01:00,52314.655,52.314655,3.1,92,1,1,11,6,11
2022-11-20 11:00:00+00:00,2022-11-20 12:00:00+01:00,52588.5375,52.5885375,4.2,88,1,1,12,6,11
2022-11-20 12:00:00+00:00,2022-11-20 13:00:00+01:00,50680.5725,50.680572500000004,2.8,91,1,1,13,6,11
2022-11-20 13:00:00+00:00,2022-11-20 14:00:00+01:00,49835.5175,49.8355175,3.5,91,1,1,14,6,11
2022-11-20 14:00:00+00:00,2022-11-20 15:00:00+01:00,49849.8775,49.849877500000005,4.3,90,1,1,15,6,11
2022-11-20 15:00:00+00:00,2022-11-20 16:00:00+01:00,51634.92,51.63492,4.4,92,1,1,16,6,11
2022-11-20 16:00:00+00:00,2022-11-20 17:00:00+01:00,54497.619999999995,54.49762,3.0,97,1,1,17,6,11
2022-11-20 17:00:00+00:00,2022-11-20 18:00:00+01:00,54910.4875,54.9104875,4.8,94,1,1,18,6,11
2022-11-20 18:00:00+00:00,2022-11-20 19:00:00+01:00,53142.64,53.14264,5.5,90,1,1,19,6,11
2022-11-20 19:00:00+00:00,2022-11-20 20:00:00+01:00,50900.565,50.900565,5.8,90,1,1,20,6,11
2022-11-20 20:00:00+00:00,2022-11-20 21:00:00+01:00,48938.7775,48.93877749999999,5.7,92,1,0,21,6,11
2022-11-20 21:00:00+00:00,2022-11-20 22:00:00+01:00,48458.845,48.458845000000004,5.9,90,1,0,22,6,11
2022-11-20 22:00:00+00:00,2022-11-20 23:00:00+01:00,46538.942500000005,46.538942500000005,5.9,91,1,0,23,6,11
2022-11-20 23:00:00+00:00,2022-11-21 00:00:00+01:00,44591.2775,44.5912775,5.7,89,0,0,0,0,11
2022-11-21 00:00:00+00:00,2022-11-21 01:00:00+01:00,43105.58,43.10558,5.9,89,0,0,1,0,11
2022-11-21 01:00:00+00:00,2022-11-21 02:00:00+01:00,42808.4225,42.8084225,6.2,88,0,0,2,0,11
2022-11-21 02:00:00+00:00,2022-11-21 03:00:00+01:00,43269.2025,43.2692025,5.8,89,0,0,3,0,11
2022-11-21 03:00:00+00:00,2022-11-21 04:00:00+01:00,44780.195,44.780195,5.9,89,0,0,4,0,11
2022-11-21 04:00:00+00:00,2022-11-21 05:00:00+01:00,48035.7125,48.0357125,5.8,89,0,0,5,0,11
2022-11-21 05:00:00+00:00,2022-11-21 06:00:00+01:00,55767.3975,55.7673975,6.0,89,0,0,6,0,11
2022-11-21 06:00:00+00:00,2022-11-21 07:00:00+01:00,61827.43,61.82743,5.9,90,0,0,7,0,11
2022-11-21 07:00:00+00:00,2022-11-21 08:00:00+01:00,64626.5175,64.6265175,5.5,91,0,1,8,0,11
2022-11-21 08:00:00+00:00,2022-11-21 09:00:00+01:00,65222.28,65.22228,5.7,89,0,1,9,0,11
2022-11-21 09:00:00+00:00,2022-11-21 10:00:00+01:00,65982.4975,65.9824975,6.7,85,0,1,10,0,11
2022-11-21 10:00:00+00:00,2022-11-21 11:00:00+01:00,66720.345,66.720345,7.5,81,0,1,11,0,11
2022-11-21 11:00:00+00:00,2022-11-21 12:00:00+01:00,66573.02,66.57302,7.9,76,0,1,12,0,11
2022-11-21 12:00:00+00:00,2022-11-21 13:00:00+01:00,65573.23,65.57323,8.0,76,0,1,13,0,11
2022-11-21 13:00:00+00:00,2022-11-21 14:00:00+01:00,64236.3825,64.2363825,8.2,72,0,1,14,0,11
2022-11-21 14:00:00+00:00,2022-11-21 15:00:00+01:00,63936.0525,63.936052499999995,8.2,71,0,1,15,0,11
2022-11-21 15:00:00+00:00,2022-11-21 16:00:00+01:00,65309.712499999994,65.30971249999999,7.0,79,0,1,16,0,11
2022-11-21 16:00:00+00:00,2022-11-21 17:00:00+01:00,67666.245,67.66624499999999,5.7,86,0,1,17,0,11
2022-11-21 17:00:00+00:00,2022-11-21 18:00:00+01:00,66961.1525,66.9611525,5.4,86,0,1,18,0,11
2022-11-21 18:00:00+00:00,2022-11-21 19:00:00+01:00,65742.9225,65.7429225,4.9,88,0,1,19,0,11
2022-11-21 19:00:00+00:00,2022-11-21 20:00:00+01:00,61998.2025,61.9982025,5.1,86,0,1,20,0,11
2022-11-21 20:00:00+00:00,2022-11-21 21:00:00+01:00,58501.205,58.501205,5.3,83,0,0,21,0,11
2022-11-21 21:00:00+00:00,2022-11-21 22:00:00+01:00,55212.9275,55.2129275,5.4,82,0,0,22,0,11
2022-11-21 22:00:00+00:00,2022-11-21 23:00:00+01:00,52392.557499999995,52.392557499999995,5.6,83,0,0,23,0,11
2022-11-21 23:00:00+00:00,2022-11-22 00:00:00+01:00,49458.875,49.458875,5.6,89,0,0,0,1,11
2022-11-22 00:00:00+00:00,2022-11-22 01:00:00+01:00,47497.6525,47.497652499999994,5.7,88,0,0,1,1,11
2022-11-22 01:00:00+00:00,2022-11-22 02:00:00+01:00,46873.0075,46.8730075,5.8,88,0,0,2,1,11
2022-11-22 02:00:00+00:00,2022-11-22 03:00:00+01:00,47394.03,47.39403,6.5,86,0,0,3,1,11
2022-11-22 03:00:00+00:00,2022-11-22 04:00:00+01:00,48934.91,48.93491,6.7,88,0,0,4,1,11
2022-11-22 04:00:00+00:00,2022-11-22 05:00:00+01:00,52496.597499999996,52.49659749999999,5.8,93,0,0,5,1,11
2022-11-22 05:00:00+00:00,2022-11-22 06:00:00+01:00,59648.545,59.648545,5.6,95,0,0,6,1,11
2022-11-22 06:00:00+00:00,2022-11-22 07:00:00+01:00,65532.119999999995,65.53211999999999,5.2,96,0,0,7,1,11
2022-11-22 07:00:00+00:00,2022-11-22 08:00:00+01:00,67955.0225,67.95502250000001,5.9,94,0,1,8,1,11
2022-11-22 08:00:00+00:00,2022-11-22 09:00:00+01:00,67683.2775,67.6832775,6.3,90,0,1,9,1,11
2022-11-22 09:00:00+00:00,2022-11-22 10:00:00+01:00,68401.4075,68.4014075,6.7,86,0,1,10,1,11
2022-11-22 10:00:00+00:00,2022-11-22 11:00:00+01:00,69238.3875,69.2383875,7.0,82,0,1,11,1,11
2022-11-22 11:00:00+00:00,2022-11-22 12:00:00+01:00,69120.9,69.12089999999999,7.6,77,0,1,12,1,11
2022-11-22 12:00:00+00:00,2022-11-22 13:00:00+01:00,68256.025,68.256025,7.9,69,0,1,13,1,11
2022-11-22 13:00:00+00:00,2022-11-22 14:00:00+01:00,66739.9375,66.7399375,8.1,67,0,1,14,1,11
2022-11-22 14:00:00+00:00,2022-11-22 15:00:00+01:00,66152.61,66.15261,8.2,69,0,1,15,1,11
2022-11-22 15:00:00+00:00,2022-11-22 16:00:00+01:00,67132.7825,67.1327825,7.8,72,0,1,16,1,11
2022-11-22 16:00:00+00:00,2022-11-22 17:00:00+01:00,68909.685,68.909685,7.8,75,0,1,17,1,11
2022-11-22 17:00:00+00:00,2022-11-22 18:00:00+01:00,67577.2,67.57719999999999,7.6,76,0,1,18,1,11
2022-11-22 18:00:00+00:00,2022-11-22 19:00:00+01:00,66385.5775,66.3855775,7.5,77,0,1,19,1,11
2022-11-22 19:00:00+00:00,2022-11-22 20:00:00+01:00,62895.9175,62.8959175,7.3,80,0,1,20,1,11
2022-11-22 20:00:00+00:00,2022-11-22 21:00:00+01:00,59402.1725,59.4021725,6.0,89,0,0,21,1,11
2022-11-22 21:00:00+00:00,2022-11-22 22:00:00+01:00,56161.025,56.161025,5.9,91,0,0,22,1,11
2022-11-22 22:00:00+00:00,2022-11-22 23:00:00+01:00,52374.17,52.37417,5.9,92,0,0,23,1,11
2022-11-22 23:00:00+00:00,2022-11-23 00:00:00+01:00,49748.1925,49.748192499999995,6.2,89,0,0,0,2,11
2022-11-23 00:00:00+00:00,2022-11-23 01:00:00+01:00,47736.3525,47.7363525,6.8,86,0,0,1,2,11
2022-11-23 01:00:00+00:00,2022-11-23 02:00:00+01:00,47000.22,47.00022,6.5,87,0,0,2,2,11
2022-11-23 02:00:00+00:00,2022-11-23 03:00:00+01:00,47685.8125,47.6858125,6.1,89,0,0,3,2,11
2022-11-23 03:00:00+00:00,2022-11-23 04:00:00+01:00,48956.3675,48.9563675,6.0,89,0,0,4,2,11
2022-11-23 04:00:00+00:00,2022-11-23 05:00:00+01:00,52144.277500000004,52.1442775,5.7,90,0,0,5,2,11
2022-11-23 05:00:00+00:00,2022-11-23 06:00:00+01:00,58506.785,58.506785,5.6,91,0,0,6,2,11
2022-11-23 06:00:00+00:00,2022-11-23 07:00:00+01:00,64207.35,64.20735,5.7,89,0,0,7,2,11
2022-11-23 07:00:00+00:00,2022-11-23 08:00:00+01:00,66413.4125,66.4134125,5.8,88,0,1,8,2,11
2022-11-23 08:00:00+00:00,2022-11-23 09:00:00+01:00,66589.6075,66.5896075,6.1,87,0,1,9,2,11
2022-11-23 09:00:00+00:00,2022-11-23 10:00:00+01:00,66636.6725,66.6366725,6.7,84,0,1,10,2,11
2022-11-23 10:00:00+00:00,2022-11-23 11:00:00+01:00,66617.505,66.61750500000001,7.5,82,0,1,11,2,11
2022-11-23 11:00:00+00:00,2022-11-23 12:00:00+01:00,65605.87,65.60587,8.4,78,0,1,12,2,11
2022-11-23 12:00:00+00:00,2022-11-23 13:00:00+01:00,65150.66,65.15066,9.7,70,0,1,13,2,11
2022-11-23 13:00:00+00:00,2022-11-23 14:00:00+01:00,64194.645000000004,64.19464500000001,10.2,64,0,1,14,2,11
2022-11-23 14:00:00+00:00,2022-11-23 15:00:00+01:00,64688.69,64.68869000000001,9.8,63,0,1,15,2,11
2022-11-23 15:00:00+00:00,2022-11-23 16:00:00+01:00,65878.72499999999,65.87872499999999,8.3,69,0,1,16,2,11
2022-11-23 16:00:00+00:00,2022-11-23 17:00:00+01:00,68365.68,68.36568,6.4,77,0,1,17,2,11
2022-11-23 17:00:00+00:00,2022-11-23 18:00:00+01:00,68084.54000000001,68.08454,7.0,73,0,1,18,2,11
2022-11-23 18:00:00+00:00,2022-11-23 19:00:00+01:00,65935.5125,65.9355125,7.9,72,0,1,19,2,11
2022-11-23 19:00:00+00:00,2022-11-23 20:00:00+01:00,62171.735,62.171735,7.3,87,0,1,20,2,11
2022-11-23 20:00:00+00:00,2022-11-23 21:00:00+01:00,58622.77,58.622769999999996,7.1,91,0,0,21,2,11
2022-11-23 21:00:00+00:00,2022-11-23 22:00:00+01:00,55066.8475,55.0668475,7.2,91,0,0,22,2,11
2022-11-23 22:00:00+00:00,2022-11-23 23:00:00+01:00,51277.535,51.277535,6.4,94,0,0,23,2,11
2022-11-23 23:00:00+00:00,2022-11-24 00:00:00+01:00,48781.09,48.78109,5.9,94,0,0,0,3,11
2022-11-24 00:00:00+00:00,2022-11-24 01:00:00+01:00,46947.8775,46.947877500000004,5.6,95,0,0,1,3,11
2022-11-24 01:00:00+00:00,2022-11-24 02:00:00+01:00,45887.685,45.887685,6.0,96,0,0,2,3,11
2022-11-24 02:00:00+00:00,2022-11-24 03:00:00+01:00,46520.7175,46.520717499999996,6.0,95,0,0,3,3,11
2022-11-24 03:00:00+00:00,2022-11-24 04:00:00+01:00,47415.395000000004,47.415395000000004,5.9,94,0,0,4,3,11
2022-11-24 04:00:00+00:00,2022-11-24 05:00:00+01:00,51022.115,51.022115,6.0,93,0,0,5,3,11
2022-11-24 05:00:00+00:00,2022-11-24 06:00:00+01:00,57975.05,57.97505,5.9,93,0,0,6,3,11
2022-11-24 06:00:00+00:00,2022-11-24 07:00:00+01:00,63783.1825,63.7831825,6.2,93,0,0,7,3,11
2022-11-24 07:00:00+00:00,2022-11-24 08:00:00+01:00,66307.9525,66.3079525,6.3,93,0,1,8,3,11
2022-11-24 08:00:00+00:00,2022-11-24 09:00:00+01:00,66478.725,66.47872500000001,6.6,93,0,1,9,3,11
2022-11-24 09:00:00+00:00,2022-11-24 10:00:00+01:00,66994.98999999999,66.99498999999999,7.4,91,0,1,10,3,11
2022-11-24 10:00:00+00:00,2022-11-24 11:00:00+01:00,67057.2075,67.0572075,8.4,88,0,1,11,3,11
2022-11-24 11:00:00+00:00,2022-11-24 12:00:00+01:00,66983.3075,66.9833075,9.6,81,0,1,12,3,11
2022-11-24 12:00:00+00:00,2022-11-24 13:00:00+01:00,66190.59,66.19059,10.0,77,0,1,13,3,11
2022-11-24 13:00:00+00:00,2022-11-24 14:00:00+01:00,64610.677500000005,64.61067750000001,10.7,73,0,1,14,3,11
2022-11-24 14:00:00+00:00,2022-11-24 15:00:00+01:00,64191.4375,64.1914375,10.5,74,0,1,15,3,11
2022-11-24 15:00:00+00:00,2022-11-24 16:00:00+01:00,65188.955,65.188955,9.2,80,0,1,16,3,11
2022-11-24 16:00:00+00:00,2022-11-24 17:00:00+01:00,67371.01000000001,67.37101000000001,7.5,87,0,1,17,3,11
2022-11-24 17:00:00+00:00,2022-11-24 18:00:00+01:00,66644.6125,66.64461250000001,6.3,90,0,1,18,3,11
2022-11-24 18:00:00+00:00,2022-11-24 19:00:00+01:00,65257.5875,65.2575875,5.8,91,0,1,19,3,11
2022-11-24 19:00:00+00:00,2022-11-24 20:00:00+01:00,61670.3825,61.6703825,5.3,93,0,1,20,3,11
2022-11-24 20:00:00+00:00,2022-11-24 21:00:00+01:00,57791.695,57.791695,5.0,95,0,0,21,3,11
2022-11-24 21:00:00+00:00,2022-11-24 22:00:00+01:00,55112.345,55.112345,4.7,96,0,0,22,3,11
2022-11-24 22:00:00+00:00,2022-11-24 23:00:00+01:00,51955.3925,51.9553925,4.9,96,0,0,23,3,11
2022-11-24 23:00:00+00:00,2022-11-25 00:00:00+01:00,47948.2675,47.9482675,4.6,96,0,0,0,4,11
2022-11-25 00:00:00+00:00,2022-11-25 01:00:00+01:00,45901.45,45.90145,4.3,97,0,0,1,4,11
2022-11-25 01:00:00+00:00,2022-11-25 02:00:00+01:00,45578.43,45.57843,2.5,99,0,0,2,4,11
2022-11-25 02:00:00+00:00,2022-11-25 03:00:00+01:00,46203.7275,46.2037275,2.9,98,0,0,3,4,11
2022-11-25 03:00:00+00:00,2022-11-25 04:00:00+01:00,47785.295,47.785295,3.4,97,0,0,4,4,11
2022-11-25 04:00:00+00:00,2022-11-25 05:00:00+01:00,50979.395000000004,50.979395000000004,4.3,96,0,0,5,4,11
2022-11-25 05:00:00+00:00,2022-11-25 06:00:00+01:00,57782.535,57.782535,4.9,96,0,0,6,4,11
2022-11-25 06:00:00+00:00,2022-11-25 07:00:00+01:00,63496.9425,63.496942499999996,3.7,96,0,0,7,4,11
2022-11-25 07:00:00+00:00,2022-11-25 08:00:00+01:00,65994.6175,65.99461749999999,4.5,94,0,1,8,4,11
2022-11-25 08:00:00+00:00,2022-11-25 09:00:00+01:00,66320.5275,66.3205275,5.3,90,0,1,9,4,11
2022-11-25 09:00:00+00:00,2022-11-25 10:00:00+01:00,66602.235,66.60223500000001,6.3,86,0,1,10,4,11
2022-11-25 10:00:00+00:00,2022-11-25 11:00:00+01:00,66903.16500000001,66.903165,6.8,85,0,1,11,4,11
2022-11-25 11:00:00+00:00,2022-11-25 12:00:00+01:00,66423.275,66.42327499999999,8.1,83,0,1,12,4,11
2022-11-25 12:00:00+00:00,2022-11-25 13:00:00+01:00,64769.83,64.76983,8.4,89,0,1,13,4,11
2022-11-25 13:00:00+00:00,2022-11-25 14:00:00+01:00,63330.8975,63.3308975,9.3,87,0,1,14,4,11
2022-11-25 14:00:00+00:00,2022-11-25 15:00:00+01:00,62684.1375,62.6841375,9.3,88,0,1,15,4,11
2022-11-25 15:00:00+00:00,2022-11-25 16:00:00+01:00,63416.96,63.416959999999996,8.2,93,0,1,16,4,11
2022-11-25 16:00:00+00:00,2022-11-25 17:00:00+01:00,65140.167499999996,65.14016749999999,6.9,94,0,1,17,4,11
2022-11-25 17:00:00+00:00,2022-11-25 18:00:00+01:00,64032.76,64.03276,6.6,94,0,1,18,4,11
2022-11-25 18:00:00+00:00,2022-11-25 19:00:00+01:00,61963.8775,61.9638775,6.2,93,0,1,19,4,11
2022-11-25 19:00:00+00:00,2022-11-25 20:00:00+01:00,58774.065,58.774065,5.8,93,0,1,20,4,11
2022-11-25 20:00:00+00:00,2022-11-25 21:00:00+01:00,54934.4425,54.934442499999996,5.5,93,0,0,21,4,11
2022-11-25 21:00:00+00:00,2022-11-25 22:00:00+01:00,51905.0025,51.9050025,4.8,93,0,0,22,4,11
2022-11-25 22:00:00+00:00,2022-11-25 23:00:00+01:00,48113.5125,48.1135125,3.9,94,0,0,23,4,11
2022-11-25 23:00:00+00:00,2022-11-26 00:00:00+01:00,45100.2075,45.100207499999996,4.0,95,1,0,0,5,11
2022-11-26 00:00:00+00:00,2022-11-26 01:00:00+01:00,43364.82,43.36482,4.5,94,1,0,1,5,11
2022-11-26 01:00:00+00:00,2022-11-26 02:00:00+01:00,41863.845,41.863845,4.1,95,1,0,2,5,11
2022-11-26 02:00:00+00:00,2022-11-26 03:00:00+01:00,42675.1275,42.6751275,3.9,95,1,0,3,5,11
2022-11-26 03:00:00+00:00,2022-11-26 04:00:00+01:00,42837.2525,42.837252500000005,3.3,96,1,0,4,5,11
2022-11-26 04:00:00+00:00,2022-11-26 05:00:00+01:00,42702.095,42.702095,3.1,96,1,0,5,5,11
2022-11-26 05:00:00+00:00,2022-11-26 06:00:00+01:00,44303.5525,44.303552499999995,3.0,98,1,0,6,5,11
2022-11-26 06:00:00+00:00,2022-11-26 07:00:00+01:00,47276.095,47.276095,1.9,99,1,0,7,5,11
2022-11-26 07:00:00+00:00,2022-11-26 08:00:00+01:00,50813.255,50.813255,3.2,98,1,1,8,5,11
2022-11-26 08:00:00+00:00,2022-11-26 09:00:00+01:00,53163.8125,53.1638125,4.2,97,1,1,9,5,11
2022-11-26 09:00:00+00:00,2022-11-26 10:00:00+01:00,54596.7075,54.596707499999994,4.8,96,1,1,10,5,11
2022-11-26 10:00:00+00:00,2022-11-26 11:00:00+01:00,55709.8375,55.7098375,6.0,93,1,1,11,5,11
2022-11-26 11:00:00+00:00,2022-11-26 12:00:00+01:00,55201.805,55.201805,6.7,91,1,1,12,5,11
2022-11-26 12:00:00+00:00,2022-11-26 13:00:00+01:00,53519.457500000004,53.5194575,6.5,91,1,1,13,5,11
2022-11-26 13:00:00+00:00,2022-11-26 14:00:00+01:00,52228.740000000005,52.22874,6.8,88,1,1,14,5,11
2022-11-26 14:00:00+00:00,2022-11-26 15:00:00+01:00,51951.7375,51.9517375,6.6,87,1,1,15,5,11
2022-11-26 15:00:00+00:00,2022-11-26 16:00:00+01:00,53811.9875,53.8119875,6.5,86,1,1,16,5,11
2022-11-26 16:00:00+00:00,2022-11-26 17:00:00+01:00,56005.245,56.005245,6.0,89,1,1,17,5,11
2022-11-26 17:00:00+00:00,2022-11-26 18:00:00+01:00,55908.1775,55.9081775,4.8,94,1,1,18,5,11
2022-11-26 18:00:00+00:00,2022-11-26 19:00:00+01:00,54535.2425,54.5352425,5.2,90,1,1,19,5,11
2022-11-26 19:00:00+00:00,2022-11-26 20:00:00+01:00,51119.3625,51.1193625,4.7,91,1,1,20,5,11
2022-11-26 20:00:00+00:00,2022-11-26 21:00:00+01:00,48754.837499999994,48.754837499999994,4.9,92,1,0,21,5,11
2022-11-26 21:00:00+00:00,2022-11-26 22:00:00+01:00,47556.1875,47.5561875,4.4,95,1,0,22,5,11
2022-11-26 22:00:00+00:00,2022-11-26 23:00:00+01:00,44618.135,44.618135,3.6,98,1,0,23,5,11
2022-11-26 23:00:00+00:00,2022-11-27 00:00:00+01:00,42091.6725,42.0916725,2.0,100,1,0,0,6,11
2022-11-27 00:00:00+00:00,2022-11-27 01:00:00+01:00,40414.1125,40.4141125,3.4,98,1,0,1,6,11
2022-11-27 01:00:00+00:00,2022-11-27 02:00:00+01:00,39731.5,39.7315,3.0,98,1,0,2,6,11
2022-11-27 02:00:00+00:00,2022-11-27 03:00:00+01:00,40210.89,40.21089,3.1,95,1,0,3,6,11
2022-11-27 03:00:00+00:00,2022-11-27 04:00:00+01:00,40333.5975,40.3335975,2.9,94,1,0,4,6,11
2022-11-27 04:00:00+00:00,2022-11-27 05:00:00+01:00,40769.115,40.769115,2.3,96,1,0,5,6,11
2022-11-27 05:00:00+00:00,2022-11-27 06:00:00+01:00,41355.6575,41.3556575,2.3,95,1,0,6,6,11
2022-11-27 06:00:00+00:00,2022-11-27 07:00:00+01:00,42905.0575,42.905057500000005,1.9,97,1,0,7,6,11
2022-11-27 07:00:00+00:00,2022-11-27 08:00:00+01:00,46051.685,46.051685,1.2,99,1,1,8,6,11
2022-11-27 08:00:00+00:00,2022-11-27 09:00:00+01:00,48676.4475,48.6764475,2.3,96,1,1,9,6,11
2022-11-27 09:00:00+00:00,2022-11-27 10:00:00+01:00,50771.0675,50.7710675,3.1,94,1,1,10,6,11
2022-11-27 10:00:00+00:00,2022-11-27 11:00:00+01:00,52690.5825,52.6905825,4.2,88,1,1,11,6,11
2022-11-27 11:00:00+00:00,2022-11-27 12:00:00+01:00,52598.19,52.59819,5.3,84,1,1,12,6,11
2022-11-27 12:00:00+00:00,2022-11-27 13:00:00+01:00,51029.165,51.029165,5.9,83,1,1,13,6,11
2022-11-27 13:00:00+00:00,2022-11-27 14:00:00+01:00,50255.225,50.255224999999996,6.6,83,1,1,14,6,11
2022-11-27 14:00:00+00:00,2022-11-27 15:00:00+01:00,50358.875,50.358875,7.0,82,1,1,15,6,11
2022-11-27 15:00:00+00:00,2022-11-27 16:00:00+01:00,52857.4925,52.8574925,5.9,91,1,1,16,6,11
2022-11-27 16:00:00+00:00,2022-11-27 17:00:00+01:00,55774.095,55.774095,5.8,89,1,1,17,6,11
2022-11-27 17:00:00+00:00,2022-11-27 18:00:00+01:00,56449.07,56.44907,6.1,85,1,1,18,6,11
2022-11-27 18:00:00+00:00,2022-11-27 19:00:00+01:00,55219.4625,55.2194625,6.1,82,1,1,19,6,11
2022-11-27 19:00:00+00:00,2022-11-27 20:00:00+01:00,52475.8775,52.4758775,5.3,81,1,1,20,6,11
2022-11-27 20:00:00+00:00,2022-11-27 21:00:00+01:00,50681.84,50.681839999999994,5.2,76,1,0,21,6,11
2022-11-27 21:00:00+00:00,2022-11-27 22:00:00+01:00,50228.2225,50.2282225,5.3,73,1,0,22,6,11
2022-11-27 22:00:00+00:00,2022-11-27 23:00:00+01:00,48066.26,48.06626,5.2,71,1,0,23,6,11
2022-11-27 23:00:00+00:00,2022-11-28 00:00:00+01:00,46056.6075,46.0566075,5.0,71,0,0,0,0,11
2022-11-28 00:00:00+00:00,2022-11-28 01:00:00+01:00,44553.9925,44.5539925,3.7,82,0,0,1,0,11
2022-11-28 01:00:00+00:00,2022-11-28 02:00:00+01:00,44071.2375,44.0712375,3.3,84,0,0,2,0,11
2022-11-28 02:00:00+00:00,2022-11-28 03:00:00+01:00,44805.7125,44.8057125,3.6,84,0,0,3,0,11
2022-11-28 03:00:00+00:00,2022-11-28 04:00:00+01:00,46386.93,46.38693,3.2,86,0,0,4,0,11
2022-11-28 04:00:00+00:00,2022-11-28 05:00:00+01:00,50235.6275,50.2356275,2.8,89,0,0,5,0,11
2022-11-28 05:00:00+00:00,2022-11-28 06:00:00+01:00,58818.54,58.81854,3.1,89,0,0,6,0,11
2022-11-28 06:00:00+00:00,2022-11-28 07:00:00+01:00,65526.802500000005,65.5268025,3.0,89,0,0,7,0,11
2022-11-28 07:00:00+00:00,2022-11-28 08:00:00+01:00,68955.9725,68.9559725,4.1,80,0,1,8,0,11
2022-11-28 08:00:00+00:00,2022-11-28 09:00:00+01:00,68680.8375,68.6808375,3.8,86,0,1,9,0,11
2022-11-28 09:00:00+00:00,2022-11-28 10:00:00+01:00,69405.3725,69.4053725,4.8,80,0,1,10,0,11
2022-11-28 10:00:00+00:00,2022-11-28 11:00:00+01:00,70055.0025,70.0550025,5.6,78,0,1,11,0,11
2022-11-28 11:00:00+00:00,2022-11-28 12:00:00+01:00,69746.985,69.746985,6.3,79,0,1,12,0,11
2022-11-28 12:00:00+00:00,2022-11-28 13:00:00+01:00,68599.015,68.599015,5.7,88,0,1,13,0,11
2022-11-28 13:00:00+00:00,2022-11-28 14:00:00+01:00,67807.1375,67.8071375,5.8,91,0,1,14,0,11
2022-11-28 14:00:00+00:00,2022-11-28 15:00:00+01:00,67488.8625,67.4888625,5.8,94,0,1,15,0,11
2022-11-28 15:00:00+00:00,2022-11-28 16:00:00+01:00,68316.83499999999,68.316835,5.8,95,0,1,16,0,11
2022-11-28 16:00:00+00:00,2022-11-28 17:00:00+01:00,69505.935,69.505935,5.7,96,0,1,17,0,11
2022-11-28 17:00:00+00:00,2022-11-28 18:00:00+01:00,68336.325,68.336325,5.9,94,0,1,18,0,11
2022-11-28 18:00:00+00:00,2022-11-28 19:00:00+01:00,66359.265,66.359265,5.9,96,0,1,19,0,11
2022-11-28 19:00:00+00:00,2022-11-28 20:00:00+01:00,62627.265,62.627265,6.0,95,0,1,20,0,11
2022-11-28 20:00:00+00:00,2022-11-28 21:00:00+01:00,58993.395,58.993395,6.1,94,0,0,21,0,11
2022-11-28 21:00:00+00:00,2022-11-28 22:00:00+01:00,55159.725,55.159725,5.9,96,0,0,22,0,11
2022-11-28 22:00:00+00:00,2022-11-28 23:00:00+01:00,51191.542499999996,51.1915425,5.8,98,0,0,23,0,11
2022-11-28 23:00:00+00:00,2022-11-29 00:00:00+01:00,48943.17,48.943169999999995,5.8,97,0,0,0,1,11
2022-11-29 00:00:00+00:00,2022-11-29 01:00:00+01:00,47107.5475,47.1075475,5.9,97,0,0,1,1,11
2022-11-29 01:00:00+00:00,2022-11-29 02:00:00+01:00,46300.395000000004,46.300395,5.8,98,0,0,2,1,11
2022-11-29 02:00:00+00:00,2022-11-29 03:00:00+01:00,46619.315,46.619315,5.9,97,0,0,3,1,11
2022-11-29 03:00:00+00:00,2022-11-29 04:00:00+01:00,47944.5925,47.9445925,5.8,98,0,0,4,1,11
2022-11-29 04:00:00+00:00,2022-11-29 05:00:00+01:00,51049.2275,51.0492275,5.8,98,0,0,5,1,11
2022-11-29 05:00:00+00:00,2022-11-29 06:00:00+01:00,58547.24,58.547239999999995,5.5,98,0,0,6,1,11
2022-11-29 06:00:00+00:00,2022-11-29 07:00:00+01:00,64325.285,64.32528500000001,5.4,99,0,0,7,1,11
2022-11-29 07:00:00+00:00,2022-11-29 08:00:00+01:00,66795.55249999999,66.79555249999999,5.6,98,0,1,8,1,11
2022-11-29 08:00:00+00:00,2022-11-29 09:00:00+01:00,67405.34,67.40534,5.7,98,0,1,9,1,11
2022-11-29 09:00:00+00:00,2022-11-29 10:00:00+01:00,68007.8,68.0078,6.1,98,0,1,10,1,11
2022-11-29 10:00:00+00:00,2022-11-29 11:00:00+01:00,68471.8425,68.4718425,6.9,97,0,1,11,1,11
2022-11-29 11:00:00+00:00,2022-11-29 12:00:00+01:00,68080.4425,68.0804425,7.3,94,0,1,12,1,11
2022-11-29 12:00:00+00:00,2022-11-29 13:00:00+01:00,67273.98,67.27398,7.7,93,0,1,13,1,11
2022-11-29 13:00:00+00:00,2022-11-29 14:00:00+01:00,66205.665,66.205665,8.1,92,0,1,14,1,11
2022-11-29 14:00:00+00:00,2022-11-29 15:00:00+01:00,65915.8775,65.91587750000001,8.1,93,0,1,15,1,11
2022-11-29 15:00:00+00:00,2022-11-29 16:00:00+01:00,66591.6925,66.59169250000001,7.7,97,0,1,16,1,11
2022-11-29 16:00:00+00:00,2022-11-29 17:00:00+01:00,67979.0625,67.9790625,7.7,94,0,1,17,1,11
2022-11-29 17:00:00+00:00,2022-11-29 18:00:00+01:00,67591.0575,67.59105749999999,7.3,96,0,1,18,1,11
2022-11-29 18:00:00+00:00,2022-11-29 19:00:00+01:00,65571.995,65.571995,5.6,99,0,1,19,1,11
2022-11-29 19:00:00+00:00,2022-11-29 20:00:00+01:00,61678.335,61.678335,5.3,96,0,1,20,1,11
2022-11-29 20:00:00+00:00,2022-11-29 21:00:00+01:00,58245.935,58.245934999999996,5.5,92,0,0,21,1,11
2022-11-29 21:00:00+00:00,2022-11-29 22:00:00+01:00,54869.665,54.869665,5.8,91,0,0,22,1,11
2022-11-29 22:00:00+00:00,2022-11-29 23:00:00+01:00,50954.645000000004,50.954645000000006,4.8,95,0,0,23,1,11
2022-11-29 23:00:00+00:00,2022-11-30 00:00:00+01:00,47957.7375,47.9577375,5.1,95,0,0,0,2,11
2022-11-30 00:00:00+00:00,2022-11-30 01:00:00+01:00,46554.994999999995,46.554995,6.3,92,0,0,1,2,11
2022-11-30 01:00:00+00:00,2022-11-30 02:00:00+01:00,45729.630000000005,45.72963000000001,6.7,93,0,0,2,2,11
2022-11-30 02:00:00+00:00,2022-11-30 03:00:00+01:00,46354.335,46.354335,6.7,93,0,0,3,2,11
2022-11-30 03:00:00+00:00,2022-11-30 04:00:00+01:00,48002.45,48.002449999999996,6.4,94,0,0,4,2,11
2022-11-30 04:00:00+00:00,2022-11-30 05:00:00+01:00,51043.1975,51.043197500000005,6.4,95,0,0,5,2,11
2022-11-30 05:00:00+00:00,2022-11-30 06:00:00+01:00,58282.265,58.282265,6.2,96,0,0,6,2,11
2022-11-30 06:00:00+00:00,2022-11-30 07:00:00+01:00,63631.0425,63.63104250000001,5.7,97,0,0,7,2,11
2022-11-30 07:00:00+00:00,2022-11-30 08:00:00+01:00,66532.575,66.532575,6.0,97,0,1,8,2,11
2022-11-30 08:00:00+00:00,2022-11-30 09:00:00+01:00,67146.17499999999,67.14617499999999,6.2,97,0,1,9,2,11
2022-11-30 09:00:00+00:00,2022-11-30 10:00:00+01:00,67789.445,67.789445,6.9,94,0,1,10,2,11
2022-11-30 10:00:00+00:00,2022-11-30 11:00:00+01:00,68483.81,68.48380999999999,7.5,90,0,1,11,2,11
2022-11-30 11:00:00+00:00,2022-11-30 12:00:00+01:00,68081.715,68.081715,7.8,89,0,1,12,2,11
2022-11-30 12:00:00+00:00,2022-11-30 13:00:00+01:00,67523.16,67.52316,7.5,93,0,1,13,2,11
2022-11-30 13:00:00+00:00,2022-11-30 14:00:00+01:00,66680.035,66.680035,7.9,90,0,1,14,2,11
2022-11-30 14:00:00+00:00,2022-11-30 15:00:00+01:00,66480.5,66.4805,7.8,88,0,1,15,2,11
2022-11-30 15:00:00+00:00,2022-11-30 16:00:00+01:00,67110.735,67.110735,7.5,91,0,1,16,2,11
2022-11-30 16:00:00+00:00,2022-11-30 17:00:00+01:00,68248.8875,68.2488875,7.4,91,0,1,17,2,11
2022-11-30 17:00:00+00:00,2022-11-30 18:00:00+01:00,67342.045,67.342045,7.0,93,0,1,18,2,11
2022-11-30 18:00:00+00:00,2022-11-30 19:00:00+01:00,65473.78,65.47378,6.8,93,0,1,19,2,11
2022-11-30 19:00:00+00:00,2022-11-30 20:00:00+01:00,61895.625,61.895625,6.8,91,0,1,20,2,11
2022-11-30 20:00:00+00:00,2022-11-30 21:00:00+01:00,58338.7125,58.3387125,6.5,93,0,0,21,2,11
2022-11-30 21:00:00+00:00,2022-11-30 22:00:00+01:00,55148.770000000004,55.148770000000006,6.4,93,0,0,22,2,11
2022-11-30 22:00:00+00:00,2022-11-30 23:00:00+01:00,51248.630000000005,51.248630000000006,6.2,94,0,0,23,2,11
2022-11-30 23:00:00+00:00,2022-12-01 00:00:00+01:00,48567.7125,48.5677125,6.4,92,0,0,0,3,12
2022-12-01 00:00:00+00:00,2022-12-01 01:00:00+01:00,47108.0575,47.1080575,5.7,88,0,0,1,3,12
2022-12-01 01:00:00+00:00,2022-12-01 02:00:00+01:00,46208.3925,46.2083925,5.3,85,0,0,2,3,12
2022-12-01 02:00:00+00:00,2022-12-01 03:00:00+01:00,46611.765,46.611765,5.1,83,0,0,3,3,12
2022-12-01 03:00:00+00:00,2022-12-01 04:00:00+01:00,47704.325,47.704325,4.9,82,0,0,4,3,12
2022-12-01 04:00:00+00:00,2022-12-01 05:00:00+01:00,51268.787500000006,51.26878750000001,4.7,82,0,0,5,3,12
2022-12-01 05:00:00+00:00,2022-12-01 06:00:00+01:00,58660.065,58.660065,4.7,82,0,0,6,3,12
2022-12-01 06:00:00+00:00,2022-12-01 07:00:00+01:00,64037.1875,64.0371875,4.7,82,0,0,7,3,12
2022-12-01 07:00:00+00:00,2022-12-01 08:00:00+01:00,66822.9725,66.8229725,4.6,82,0,1,8,3,12
2022-12-01 08:00:00+00:00,2022-12-01 09:00:00+01:00,67621.91,67.62191,4.5,83,0,1,9,3,12
2022-12-01 09:00:00+00:00,2022-12-01 10:00:00+01:00,67864.85,67.86485,4.7,81,0,1,10,3,12
2022-12-01 10:00:00+00:00,2022-12-01 11:00:00+01:00,68299.375,68.299375,5.3,80,0,1,11,3,12
2022-12-01 11:00:00+00:00,2022-12-01 12:00:00+01:00,68273.8375,68.2738375,5.9,74,0,1,12,3,12
2022-12-01 12:00:00+00:00,2022-12-01 13:00:00+01:00,67796.77,67.79677000000001,5.4,76,0,1,13,3,12
2022-12-01 13:00:00+00:00,2022-12-01 14:00:00+01:00,66770.3175,66.7703175,5.4,75,0,1,14,3,12
2022-12-01 14:00:00+00:00,2022-12-01 15:00:00+01:00,66638.55249999999,66.63855249999999,5.2,75,0,1,15,3,12
2022-12-01 15:00:00+00:00,2022-12-01 16:00:00+01:00,67404.98999999999,67.40498999999998,4.7,78,0,1,16,3,12
2022-12-01 16:00:00+00:00,2022-12-01 17:00:00+01:00,68699.6125,68.6996125,3.6,83,0,1,17,3,12
2022-12-01 17:00:00+00:00,2022-12-01 18:00:00+01:00,68080.38,68.08038,3.3,85,0,1,18,3,12
2022-12-01 18:00:00+00:00,2022-12-01 19:00:00+01:00,66557.8975,66.55789750000001,2.8,87,0,1,19,3,12
2022-12-01 19:00:00+00:00,2022-12-01 20:00:00+01:00,62383.41,62.383410000000005,2.8,87,0,1,20,3,12
2022-12-01 20:00:00+00:00,2022-12-01 21:00:00+01:00,59094.665,59.094665,3.2,84,0,0,21,3,12
2022-12-01 21:00:00+00:00,2022-12-01 22:00:00+01:00,56368.015,56.368015,3.2,83,0,0,22,3,12
2022-12-01 22:00:00+00:00,2022-12-01 23:00:00+01:00,52690.7875,52.6907875,2.8,85,0,0,23,3,12
2022-12-01 23:00:00+00:00,2022-12-02 00:00:00+01:00,49891.815,49.891815,2.2,88,0,0,0,4,12
2022-12-02 00:00:00+00:00,2022-12-02 01:00:00+01:00,48138.9125,48.138912499999996,2.0,89,0,0,1,4,12
2022-12-02 01:00:00+00:00,2022-12-02 02:00:00+01:00,47494.18,47.49418,2.0,89,0,0,2,4,12
2022-12-02 02:00:00+00:00,2022-12-02 03:00:00+01:00,48052.44,48.052440000000004,2.3,86,0,0,3,4,12
2022-12-02 03:00:00+00:00,2022-12-02 04:00:00+01:00,49292.045,49.292045,2.7,84,0,0,4,4,12
2022-12-02 04:00:00+00:00,2022-12-02 05:00:00+01:00,52188.055,52.188055,2.8,84,0,0,5,4,12
2022-12-02 05:00:00+00:00,2022-12-02 06:00:00+01:00,58967.7125,58.967712500000005,2.9,84,0,0,6,4,12
2022-12-02 06:00:00+00:00,2022-12-02 07:00:00+01:00,64939.5125,64.93951249999999,2.7,85,0,0,7,4,12
2022-12-02 07:00:00+00:00,2022-12-02 08:00:00+01:00,68063.2525,68.0632525,2.3,89,0,1,8,4,12
2022-12-02 08:00:00+00:00,2022-12-02 09:00:00+01:00,68418.075,68.418075,2.1,91,0,1,9,4,12
2022-12-02 09:00:00+00:00,2022-12-02 10:00:00+01:00,69149.9075,69.1499075,2.1,91,0,1,10,4,12
2022-12-02 10:00:00+00:00,2022-12-02 11:00:00+01:00,69655.5325,69.6555325,2.1,91,0,1,11,4,12
2022-12-02 11:00:00+00:00,2022-12-02 12:00:00+01:00,69736.4025,69.7364025,1.8,95,0,1,12,4,12
2022-12-02 12:00:00+00:00,2022-12-02 13:00:00+01:00,68647.30249999999,68.6473025,2.3,89,0,1,13,4,12
2022-12-02 13:00:00+00:00,2022-12-02 14:00:00+01:00,67406.39749999999,67.4063975,2.1,91,0,1,14,4,12
2022-12-02 14:00:00+00:00,2022-12-02 15:00:00+01:00,66641.555,66.641555,2.0,91,0,1,15,4,12
2022-12-02 15:00:00+00:00,2022-12-02 16:00:00+01:00,67655.055,67.65505499999999,1.8,93,0,1,16,4,12
2022-12-02 16:00:00+00:00,2022-12-02 17:00:00+01:00,68781.3225,68.7813225,1.6,94,0,1,17,4,12
2022-12-02 17:00:00+00:00,2022-12-02 18:00:00+01:00,68228.2775,68.22827749999999,1.4,93,0,1,18,4,12
2022-12-02 18:00:00+00:00,2022-12-02 19:00:00+01:00,66047.005,66.047005,1.3,93,0,1,19,4,12
2022-12-02 19:00:00+00:00,2022-12-02 20:00:00+01:00,62377.6025,62.3776025,1.2,92,0,1,20,4,12
2022-12-02 20:00:00+00:00,2022-12-02 21:00:00+01:00,58866.7475,58.866747499999995,1.2,91,0,0,21,4,12
2022-12-02 21:00:00+00:00,2022-12-02 22:00:00+01:00,55627.275,55.627275000000004,1.2,90,0,0,22,4,12
2022-12-02 22:00:00+00:00,2022-12-02 23:00:00+01:00,52194.895000000004,52.194895,1.2,90,0,0,23,4,12
2022-12-02 23:00:00+00:00,2022-12-03 00:00:00+01:00,49210.0125,49.2100125,1.4,88,1,0,0,5,12
2022-12-03 00:00:00+00:00,2022-12-03 01:00:00+01:00,47370.2375,47.3702375,1.4,89,1,0,1,5,12
2022-12-03 01:00:00+00:00,2022-12-03 02:00:00+01:00,46473.005000000005,46.47300500000001,1.3,89,1,0,2,5,12
2022-12-03 02:00:00+00:00,2022-12-03 03:00:00+01:00,46041.85,46.04185,1.3,88,1,0,3,5,12
2022-12-03 03:00:00+00:00,2022-12-03 04:00:00+01:00,45731.325,45.731325,1.2,87,1,0,4,5,12
2022-12-03 04:00:00+00:00,2022-12-03 05:00:00+01:00,46570.215000000004,46.570215000000005,1.0,87,1,0,5,5,12
2022-12-03 05:00:00+00:00,2022-12-03 06:00:00+01:00,47490.685,47.490685,1.1,87,1,0,6,5,12
2022-12-03 06:00:00+00:00,2022-12-03 07:00:00+01:00,50287.705,50.287705,1.2,86,1,0,7,5,12
2022-12-03 07:00:00+00:00,2022-12-03 08:00:00+01:00,53698.2825,53.6982825,1.3,86,1,1,8,5,12
2022-12-03 08:00:00+00:00,2022-12-03 09:00:00+01:00,56449.305,56.449305,1.6,86,1,1,9,5,12
2022-12-03 09:00:00+00:00,2022-12-03 10:00:00+01:00,58687.295,58.687295,2.2,82,1,1,10,5,12
2022-12-03 10:00:00+00:00,2022-12-03 11:00:00+01:00,59739.1525,59.739152499999996,2.7,81,1,1,11,5,12
2022-12-03 11:00:00+00:00,2022-12-03 12:00:00+01:00,59417.365,59.417365,3.1,79,1,1,12,5,12
2022-12-03 12:00:00+00:00,2022-12-03 13:00:00+01:00,58046.675,58.046675,3.3,81,1,1,13,5,12
2022-12-03 13:00:00+00:00,2022-12-03 14:00:00+01:00,56884.375,56.884375,3.7,76,1,1,14,5,12
2022-12-03 14:00:00+00:00,2022-12-03 15:00:00+01:00,56647.167499999996,56.647167499999995,3.8,74,1,1,15,5,12
2022-12-03 15:00:00+00:00,2022-12-03 16:00:00+01:00,57801.145000000004,57.801145000000005,3.5,76,1,1,16,5,12
2022-12-03 16:00:00+00:00,2022-12-03 17:00:00+01:00,59364.9625,59.364962500000004,3.2,78,1,1,17,5,12
2022-12-03 17:00:00+00:00,2022-12-03 18:00:00+01:00,59081.955,59.081955,2.9,81,1,1,18,5,12
2022-12-03 18:00:00+00:00,2022-12-03 19:00:00+01:00,57506.5875,57.5065875,2.6,82,1,1,19,5,12
2022-12-03 19:00:00+00:00,2022-12-03 20:00:00+01:00,54285.7375,54.2857375,2.3,83,1,1,20,5,12
2022-12-03 20:00:00+00:00,2022-12-03 21:00:00+01:00,51803.8375,51.8038375,2.2,83,1,0,21,5,12
2022-12-03 21:00:00+00:00,2022-12-03 22:00:00+01:00,49924.167499999996,49.924167499999996,2.1,83,1,0,22,5,12
2022-12-03 22:00:00+00:00,2022-12-03 23:00:00+01:00,46881.3375,46.8813375,2.0,84,1,0,23,5,12
2022-12-03 23:00:00+00:00,2022-12-04 00:00:00+01:00,44547.685,44.547684999999994,1.8,84,1,0,0,6,12
2022-12-04 00:00:00+00:00,2022-12-04 01:00:00+01:00,42729.765,42.729765,1.7,84,1,0,1,6,12
2022-12-04 01:00:00+00:00,2022-12-04 02:00:00+01:00,41846.24,41.846239999999995,1.3,83,1,0,2,6,12
2022-12-04 02:00:00+00:00,2022-12-04 03:00:00+01:00,41961.47,41.96147,1.0,84,1,0,3,6,12
2022-12-04 03:00:00+00:00,2022-12-04 04:00:00+01:00,41977.115,41.977115,0.3,88,1,0,4,6,12
2022-12-04 04:00:00+00:00,2022-12-04 05:00:00+01:00,41859.4525,41.859452499999996,-0.2,89,1,0,5,6,12
2022-12-04 05:00:00+00:00,2022-12-04 06:00:00+01:00,41944.3425,41.9443425,0.1,86,1,0,6,6,12
2022-12-04 06:00:00+00:00,2022-12-04 07:00:00+01:00,43874.4075,43.874407500000004,0.7,84,1,0,7,6,12
2022-12-04 07:00:00+00:00,2022-12-04 08:00:00+01:00,46824.45,46.82445,1.2,83,1,1,8,6,12
2022-12-04 08:00:00+00:00,2022-12-04 09:00:00+01:00,50552.67,50.55267,1.8,84,1,1,9,6,12
2022-12-04 09:00:00+00:00,2022-12-04 10:00:00+01:00,53346.7075,53.346707499999994,2.8,83,1,1,10,6,12
2022-12-04 10:00:00+00:00,2022-12-04 11:00:00+01:00,56173.1925,56.1731925,3.6,82,1,1,11,6,12
2022-12-04 11:00:00+00:00,2022-12-04 12:00:00+01:00,56777.285,56.777285000000006,4.3,80,1,1,12,6,12
2022-12-04 12:00:00+00:00,2022-12-04 13:00:00+01:00,55171.8125,55.1718125,4.0,79,1,1,13,6,12
2022-12-04 13:00:00+00:00,2022-12-04 14:00:00+01:00,54251.11,54.25111,4.2,79,1,1,14,6,12
2022-12-04 14:00:00+00:00,2022-12-04 15:00:00+01:00,54257.7375,54.257737500000005,4.4,80,1,1,15,6,12
2022-12-04 15:00:00+00:00,2022-12-04 16:00:00+01:00,55681.5275,55.681527499999994,4.1,82,1,1,16,6,12
2022-12-04 16:00:00+00:00,2022-12-04 17:00:00+01:00,57713.14,57.71314,3.8,82,1,1,17,6,12
2022-12-04 17:00:00+00:00,2022-12-04 18:00:00+01:00,57934.94,57.934940000000005,3.4,84,1,1,18,6,12
2022-12-04 18:00:00+00:00,2022-12-04 19:00:00+01:00,56290.075,56.290074999999995,3.1,86,1,1,19,6,12
2022-12-04 19:00:00+00:00,2022-12-04 20:00:00+01:00,53888.509999999995,53.88851,2.8,88,1,1,20,6,12
2022-12-04 20:00:00+00:00,2022-12-04 21:00:00+01:00,52566.01,52.56601,2.8,90,1,0,21,6,12
2022-12-04 21:00:00+00:00,2022-12-04 22:00:00+01:00,51748.435,51.748435,2.8,93,1,0,22,6,12
2022-12-04 22:00:00+00:00,2022-12-04 23:00:00+01:00,49161.354999999996,49.16135499999999,2.8,94,1,0,23,6,12
2022-12-04 23:00:00+00:00,2022-12-05 00:00:00+01:00,46672.0425,46.6720425,3.0,94,0,0,0,0,12
2022-12-05 00:00:00+00:00,2022-12-05 01:00:00+01:00,44827.165,44.827165,2.6,93,0,0,1,0,12
2022-12-05 01:00:00+00:00,2022-12-05 02:00:00+01:00,44751.0025,44.751002500000006,2.6,95,0,0,2,0,12
2022-12-05 02:00:00+00:00,2022-12-05 03:00:00+01:00,45075.1475,45.0751475,2.7,96,0,0,3,0,12
2022-12-05 03:00:00+00:00,2022-12-05 04:00:00+01:00,46568.39,46.56839,2.8,95,0,0,4,0,12
2022-12-05 04:00:00+00:00,2022-12-05 05:00:00+01:00,50160.005000000005,50.160005000000005,2.8,96,0,0,5,0,12
2022-12-05 05:00:00+00:00,2022-12-05 06:00:00+01:00,58902.455,58.902455,2.7,97,0,0,6,0,12
2022-12-05 06:00:00+00:00,2022-12-05 07:00:00+01:00,65344.3575,65.3443575,2.6,97,0,0,7,0,12
2022-12-05 07:00:00+00:00,2022-12-05 08:00:00+01:00,68337.98,68.33798,2.6,97,0,1,8,0,12
2022-12-05 08:00:00+00:00,2022-12-05 09:00:00+01:00,69211.1275,69.2111275,2.6,97,0,1,9,0,12
2022-12-05 09:00:00+00:00,2022-12-05 10:00:00+01:00,69871.8075,69.87180749999999,3.2,93,0,1,10,0,12
2022-12-05 10:00:00+00:00,2022-12-05 11:00:00+01:00,70425.95,70.42595,3.8,89,0,1,11,0,12
2022-12-05 11:00:00+00:00,2022-12-05 12:00:00+01:00,70300.005,70.300005,4.2,87,0,1,12,0,12
2022-12-05 12:00:00+00:00,2022-12-05 13:00:00+01:00,69327.32,69.32732,4.2,87,0,1,13,0,12
2022-12-05 13:00:00+00:00,2022-12-05 14:00:00+01:00,67826.8,67.8268,4.1,88,0,1,14,0,12
2022-12-05 14:00:00+00:00,2022-12-05 15:00:00+01:00,67460.7575,67.46075750000001,4.2,89,0,1,15,0,12
2022-12-05 15:00:00+00:00,2022-12-05 16:00:00+01:00,68004.92,68.00492,4.1,93,0,1,16,0,12
2022-12-05 16:00:00+00:00,2022-12-05 17:00:00+01:00,68886.1975,68.8861975,4.0,94,0,1,17,0,12
2022-12-05 17:00:00+00:00,2022-12-05 18:00:00+01:00,68020.2025,68.0202025,4.1,95,0,1,18,0,12
2022-12-05 18:00:00+00:00,2022-12-05 19:00:00+01:00,66315.985,66.315985,4.2,96,0,1,19,0,12
2022-12-05 19:00:00+00:00,2022-12-05 20:00:00+01:00,62806.1875,62.8061875,4.2,97,0,1,20,0,12
2022-12-05 20:00:00+00:00,2022-12-05 21:00:00+01:00,59362.505000000005,59.362505000000006,4.2,97,0,0,21,0,12
2022-12-05 21:00:00+00:00,2022-12-05 22:00:00+01:00,56452.8025,56.4528025,4.3,97,0,0,22,0,12
2022-12-05 22:00:00+00:00,2022-12-05 23:00:00+01:00,52384.8375,52.3848375,4.3,96,0,0,23,0,12
2022-12-05 23:00:00+00:00,2022-12-06 00:00:00+01:00,49960.58,49.96058,4.2,95,0,0,0,1,12
2022-12-06 00:00:00+00:00,2022-12-06 01:00:00+01:00,47986.1875,47.9861875,4.3,96,0,0,1,1,12
2022-12-06 01:00:00+00:00,2022-12-06 02:00:00+01:00,46854.337499999994,46.85433749999999,4.2,95,0,0,2,1,12
2022-12-06 02:00:00+00:00,2022-12-06 03:00:00+01:00,46808.04,46.80804,3.9,93,0,0,3,1,12
2022-12-06 03:00:00+00:00,2022-12-06 04:00:00+01:00,48250.542499999996,48.250542499999995,3.6,90,0,0,4,1,12
2022-12-06 04:00:00+00:00,2022-12-06 05:00:00+01:00,51410.5625,51.4105625,3.2,90,0,0,5,1,12
2022-12-06 05:00:00+00:00,2022-12-06 06:00:00+01:00,58314.67,58.31467,2.9,90,0,0,6,1,12
2022-12-06 06:00:00+00:00,2022-12-06 07:00:00+01:00,64333.28,64.33328,2.8,90,0,0,7,1,12
2022-12-06 07:00:00+00:00,2022-12-06 08:00:00+01:00,67013.5525,67.0135525,2.8,91,0,1,8,1,12
2022-12-06 08:00:00+00:00,2022-12-06 09:00:00+01:00,67868.0475,67.8680475,3.0,90,0,1,9,1,12
2022-12-06 09:00:00+00:00,2022-12-06 10:00:00+01:00,68695.695,68.695695,3.2,88,0,1,10,1,12
2022-12-06 10:00:00+00:00,2022-12-06 11:00:00+01:00,69266.35,69.26635,3.5,87,0,1,11,1,12
2022-12-06 11:00:00+00:00,2022-12-06 12:00:00+01:00,68823.4525,68.8234525,3.9,86,0,1,12,1,12
2022-12-06 12:00:00+00:00,2022-12-06 13:00:00+01:00,67995.8375,67.9958375,4.5,83,0,1,13,1,12
2022-12-06 13:00:00+00:00,2022-12-06 14:00:00+01:00,66893.5675,66.8935675,4.7,83,0,1,14,1,12
2022-12-06 14:00:00+00:00,2022-12-06 15:00:00+01:00,66543.3275,66.5433275,4.9,80,0,1,15,1,12
2022-12-06 15:00:00+00:00,2022-12-06 16:00:00+01:00,67457.5175,67.45751750000001,4.6,84,0,1,16,1,12
2022-12-06 16:00:00+00:00,2022-12-06 17:00:00+01:00,68627.2175,68.6272175,4.2,87,0,1,17,1,12
2022-12-06 17:00:00+00:00,2022-12-06 18:00:00+01:00,67709.82500000001,67.70982500000001,3.4,91,0,1,18,1,12
2022-12-06 18:00:00+00:00,2022-12-06 19:00:00+01:00,66655.68,66.65567999999999,2.8,93,0,1,19,1,12
2022-12-06 19:00:00+00:00,2022-12-06 20:00:00+01:00,63455.832500000004,63.45583250000001,3.3,90,0,1,20,1,12
2022-12-06 20:00:00+00:00,2022-12-06 21:00:00+01:00,59837.155,59.837154999999996,2.6,92,0,0,21,1,12
2022-12-06 21:00:00+00:00,2022-12-06 22:00:00+01:00,56577.36,56.57736,1.0,94,0,0,22,1,12
2022-12-06 22:00:00+00:00,2022-12-06 23:00:00+01:00,52641.705,52.641705,-0.4,95,0,0,23,1,12
2022-12-06 23:00:00+00:00,2022-12-07 00:00:00+01:00,49256.665,49.256665,1.1,95,0,0,0,2,12
2022-12-07 00:00:00+00:00,2022-12-07 01:00:00+01:00,47768.229999999996,47.768229999999996,1.2,95,0,0,1,2,12
2022-12-07 01:00:00+00:00,2022-12-07 02:00:00+01:00,47364.0475,47.3640475,2.3,94,0,0,2,2,12
2022-12-07 02:00:00+00:00,2022-12-07 03:00:00+01:00,47338.775,47.338775,2.3,94,0,0,3,2,12
2022-12-07 03:00:00+00:00,2022-12-07 04:00:00+01:00,48805.0075,48.8050075,2.3,93,0,0,4,2,12
2022-12-07 04:00:00+00:00,2022-12-07 05:00:00+01:00,52001.585,52.001585,2.4,91,0,0,5,2,12
2022-12-07 05:00:00+00:00,2022-12-07 06:00:00+01:00,59629.135,59.629135000000005,2.6,91,0,0,6,2,12
2022-12-07 06:00:00+00:00,2022-12-07 07:00:00+01:00,65875.935,65.875935,2.8,92,0,0,7,2,12
2022-12-07 07:00:00+00:00,2022-12-07 08:00:00+01:00,68381.89,68.38189,3.0,92,0,1,8,2,12
2022-12-07 08:00:00+00:00,2022-12-07 09:00:00+01:00,68935.43,68.93543,3.3,92,0,1,9,2,12
2022-12-07 09:00:00+00:00,2022-12-07 10:00:00+01:00,69269.555,69.269555,4.0,88,0,1,10,2,12
2022-12-07 10:00:00+00:00,2022-12-07 11:00:00+01:00,69610.53,69.61053,4.8,84,0,1,11,2,12
2022-12-07 11:00:00+00:00,2022-12-07 12:00:00+01:00,69738.8475,69.7388475,5.4,78,0,1,12,2,12
2022-12-07 12:00:00+00:00,2022-12-07 13:00:00+01:00,68648.4225,68.6484225,5.7,73,0,1,13,2,12
2022-12-07 13:00:00+00:00,2022-12-07 14:00:00+01:00,67844.9325,67.8449325,6.1,69,0,1,14,2,12
2022-12-07 14:00:00+00:00,2022-12-07 15:00:00+01:00,67585.32500000001,67.58532500000001,5.9,70,0,1,15,2,12
2022-12-07 15:00:00+00:00,2022-12-07 16:00:00+01:00,68627.8925,68.6278925,4.7,77,0,1,16,2,12
2022-12-07 16:00:00+00:00,2022-12-07 17:00:00+01:00,70063.3725,70.0633725,3.2,86,0,1,17,2,12
2022-12-07 17:00:00+00:00,2022-12-07 18:00:00+01:00,69190.02,69.19002,2.5,91,0,1,18,2,12
2022-12-07 18:00:00+00:00,2022-12-07 19:00:00+01:00,67586.22,67.58622,2.1,93,0,1,19,2,12
2022-12-07 19:00:00+00:00,2022-12-07 20:00:00+01:00,64033.93,64.03393,2.0,93,0,1,20,2,12
2022-12-07 20:00:00+00:00,2022-12-07 21:00:00+01:00,60019.925,60.019925,2.0,92,0,0,21,2,12
2022-12-07 21:00:00+00:00,2022-12-07 22:00:00+01:00,56625.412500000006,56.6254125,1.3,94,0,0,22,2,12
2022-12-07 22:00:00+00:00,2022-12-07 23:00:00+01:00,52980.4375,52.9804375,0.9,95,0,0,23,2,12
2022-12-07 23:00:00+00:00,2022-12-08 00:00:00+01:00,50793.692500000005,50.793692500000006,1.3,94,0,0,0,3,12
2022-12-08 00:00:00+00:00,2022-12-08 01:00:00+01:00,48805.740000000005,48.80574000000001,1.9,95,0,0,1,3,12
2022-12-08 01:00:00+00:00,2022-12-08 02:00:00+01:00,47642.7,47.6427,2.0,96,0,0,2,3,12
2022-12-08 02:00:00+00:00,2022-12-08 03:00:00+01:00,48228.770000000004,48.228770000000004,2.4,95,0,0,3,3,12
2022-12-08 03:00:00+00:00,2022-12-08 04:00:00+01:00,49471.18,49.47118,2.1,96,0,0,4,3,12
2022-12-08 04:00:00+00:00,2022-12-08 05:00:00+01:00,52527.307499999995,52.52730749999999,1.9,97,0,0,5,3,12
2022-12-08 05:00:00+00:00,2022-12-08 06:00:00+01:00,59473.307499999995,59.4733075,1.6,98,0,0,6,3,12
2022-12-08 06:00:00+00:00,2022-12-08 07:00:00+01:00,65716.26,65.71625999999999,1.9,96,0,0,7,3,12
2022-12-08 07:00:00+00:00,2022-12-08 08:00:00+01:00,67430.4575,67.4304575,1.8,95,0,1,8,3,12
2022-12-08 08:00:00+00:00,2022-12-08 09:00:00+01:00,67677.605,67.677605,2.4,93,0,1,9,3,12
2022-12-08 09:00:00+00:00,2022-12-08 10:00:00+01:00,68402.855,68.402855,3.1,89,0,1,10,3,12
2022-12-08 10:00:00+00:00,2022-12-08 11:00:00+01:00,68797.505,68.797505,3.0,90,0,1,11,3,12
2022-12-08 11:00:00+00:00,2022-12-08 12:00:00+01:00,68731.825,68.731825,3.2,88,0,1,12,3,12
2022-12-08 12:00:00+00:00,2022-12-08 13:00:00+01:00,67732.7975,67.7327975,4.1,83,0,1,13,3,12
2022-12-08 13:00:00+00:00,2022-12-08 14:00:00+01:00,66864.595,66.864595,4.4,81,0,1,14,3,12
2022-12-08 14:00:00+00:00,2022-12-08 15:00:00+01:00,66824.1275,66.8241275,4.2,82,0,1,15,3,12
2022-12-08 15:00:00+00:00,2022-12-08 16:00:00+01:00,67685.2425,67.68524249999999,3.3,86,0,1,16,3,12
2022-12-08 16:00:00+00:00,2022-12-08 17:00:00+01:00,69088.2225,69.0882225,1.6,92,0,1,17,3,12
2022-12-08 17:00:00+00:00,2022-12-08 18:00:00+01:00,68465.1575,68.4651575,1.3,94,0,1,18,3,12
2022-12-08 18:00:00+00:00,2022-12-08 19:00:00+01:00,66842.915,66.84291499999999,1.1,95,0,1,19,3,12
2022-12-08 19:00:00+00:00,2022-12-08 20:00:00+01:00,63731.6275,63.7316275,0.6,95,0,1,20,3,12
2022-12-08 20:00:00+00:00,2022-12-08 21:00:00+01:00,60332.47,60.33247,-0.6,96,0,0,21,3,12
2022-12-08 21:00:00+00:00,2022-12-08 22:00:00+01:00,57289.6625,57.2896625,-0.9,96,0,0,22,3,12
2022-12-08 22:00:00+00:00,2022-12-08 23:00:00+01:00,54067.565,54.067565,-1.5,96,0,0,23,3,12
2022-12-08 23:00:00+00:00,2022-12-09 00:00:00+01:00,51302.725,51.302724999999995,-1.8,96,0,0,0,4,12
2022-12-09 00:00:00+00:00,2022-12-09 01:00:00+01:00,49125.14,49.12514,-1.1,96,0,0,1,4,12
2022-12-09 01:00:00+00:00,2022-12-09 02:00:00+01:00,48292.479999999996,48.29248,0.1,94,0,0,2,4,12
2022-12-09 02:00:00+00:00,2022-12-09 03:00:00+01:00,48308.2,48.3082,-2.7,97,0,0,3,4,12
2022-12-09 03:00:00+00:00,2022-12-09 04:00:00+01:00,49679.11,49.67911,-2.8,97,0,0,4,4,12
2022-12-09 04:00:00+00:00,2022-12-09 05:00:00+01:00,53277.6025,53.2776025,-3.4,97,0,0,5,4,12
2022-12-09 05:00:00+00:00,2022-12-09 06:00:00+01:00,59729.12,59.72912,-3.0,97,0,0,6,4,12
2022-12-09 06:00:00+00:00,2022-12-09 07:00:00+01:00,65400.115000000005,65.400115,-3.4,97,0,0,7,4,12
2022-12-09 07:00:00+00:00,2022-12-09 08:00:00+01:00,68233.38,68.23338000000001,-3.0,96,0,1,8,4,12
2022-12-09 08:00:00+00:00,2022-12-09 09:00:00+01:00,68724.8275,68.7248275,-1.7,96,0,1,9,4,12
2022-12-09 09:00:00+00:00,2022-12-09 10:00:00+01:00,68995.9525,68.9959525,-0.4,93,0,1,10,4,12
2022-12-09 10:00:00+00:00,2022-12-09 11:00:00+01:00,68947.30249999999,68.94730249999999,0.5,90,0,1,11,4,12
2022-12-09 11:00:00+00:00,2022-12-09 12:00:00+01:00,68460.365,68.46036500000001,0.9,89,0,1,12,4,12
2022-12-09 12:00:00+00:00,2022-12-09 13:00:00+01:00,67618.11,67.61811,2.6,85,0,1,13,4,12
2022-12-09 13:00:00+00:00,2022-12-09 14:00:00+01:00,66075.41,66.07541,3.0,81,0,1,14,4,12
2022-12-09 14:00:00+00:00,2022-12-09 15:00:00+01:00,65604.045,65.604045,3.0,77,0,1,15,4,12
2022-12-09 15:00:00+00:00,2022-12-09 16:00:00+01:00,66413.575,66.413575,1.6,86,0,1,16,4,12
2022-12-09 16:00:00+00:00,2022-12-09 17:00:00+01:00,67451.865,67.45186500000001,-0.3,90,0,1,17,4,12
2022-12-09 17:00:00+00:00,2022-12-09 18:00:00+01:00,66085.7025,66.0857025,-0.7,91,0,1,18,4,12
2022-12-09 18:00:00+00:00,2022-12-09 19:00:00+01:00,64541.925,64.541925,-1.1,92,0,1,19,4,12
2022-12-09 19:00:00+00:00,2022-12-09 20:00:00+01:00,61172.895,61.172895,-1.4,92,0,1,20,4,12
2022-12-09 20:00:00+00:00,2022-12-09 21:00:00+01:00,57937.7675,57.9377675,-1.6,92,0,0,21,4,12
2022-12-09 21:00:00+00:00,2022-12-09 22:00:00+01:00,54830.0875,54.830087500000005,-1.7,91,0,0,22,4,12
2022-12-09 22:00:00+00:00,2022-12-09 23:00:00+01:00,51837.7575,51.8377575,-1.9,91,0,0,23,4,12
2022-12-09 23:00:00+00:00,2022-12-10 00:00:00+01:00,49350.475,49.350474999999996,-1.9,91,1,0,0,5,12
2022-12-10 00:00:00+00:00,2022-12-10 01:00:00+01:00,47571.8925,47.571892500000004,-1.7,91,1,0,1,5,12
2022-12-10 01:00:00+00:00,2022-12-10 02:00:00+01:00,46546.340000000004,46.54634,-1.8,90,1,0,2,5,12
2022-12-10 02:00:00+00:00,2022-12-10 03:00:00+01:00,45816.3375,45.8163375,-2.2,91,1,0,3,5,12
2022-12-10 03:00:00+00:00,2022-12-10 04:00:00+01:00,45732.645,45.732645,-2.2,91,1,0,4,5,12
2022-12-10 04:00:00+00:00,2022-12-10 05:00:00+01:00,45858.965000000004,45.858965000000005,-2.1,91,1,0,5,5,12
2022-12-10 05:00:00+00:00,2022-12-10 06:00:00+01:00,46238.8175,46.238817499999996,-2.0,92,1,0,6,5,12
2022-12-10 06:00:00+00:00,2022-12-10 07:00:00+01:00,49151.9875,49.151987500000004,-2.0,92,1,0,7,5,12
2022-12-10 07:00:00+00:00,2022-12-10 08:00:00+01:00,53074.505000000005,53.074505,-2.0,93,1,1,8,5,12
2022-12-10 08:00:00+00:00,2022-12-10 09:00:00+01:00,56132.322499999995,56.132322499999994,-1.5,93,1,1,9,5,12
2022-12-10 09:00:00+00:00,2022-12-10 10:00:00+01:00,57863.235,57.863235,0.1,87,1,1,10,5,12
2022-12-10 10:00:00+00:00,2022-12-10 11:00:00+01:00,58821.3675,58.8213675,1.3,80,1,1,11,5,12
2022-12-10 11:00:00+00:00,2022-12-10 12:00:00+01:00,58548.6725,58.5486725,1.9,75,1,1,12,5,12
2022-12-10 12:00:00+00:00,2022-12-10 13:00:00+01:00,57089.53,57.089529999999996,2.2,76,1,1,13,5,12
2022-12-10 13:00:00+00:00,2022-12-10 14:00:00+01:00,56202.0475,56.2020475,2.1,75,1,1,14,5,12
2022-12-10 14:00:00+00:00,2022-12-10 15:00:00+01:00,56338.8025,56.3388025,2.0,74,1,1,15,5,12
2022-12-10 15:00:00+00:00,2022-12-10 16:00:00+01:00,57702.45,57.70245,1.1,79,1,1,16,5,12
2022-12-10 16:00:00+00:00,2022-12-10 17:00:00+01:00,59567.7775,59.5677775,-0.1,83,1,1,17,5,12
2022-12-10 17:00:00+00:00,2022-12-10 18:00:00+01:00,59520.04,59.52004,-2.2,89,1,1,18,5,12
2022-12-10 18:00:00+00:00,2022-12-10 19:00:00+01:00,58054.1575,58.0541575,-1.9,88,1,1,19,5,12
2022-12-10 19:00:00+00:00,2022-12-10 20:00:00+01:00,54955.625,54.955625,-1.9,87,1,1,20,5,12
2022-12-10 20:00:00+00:00,2022-12-10 21:00:00+01:00,52318.925,52.318925,-2.8,89,1,0,21,5,12
2022-12-10 21:00:00+00:00,2022-12-10 22:00:00+01:00,50992.2825,50.9922825,-3.9,90,1,0,22,5,12
2022-12-10 22:00:00+00:00,2022-12-10 23:00:00+01:00,48536.9225,48.5369225,-3.9,90,1,0,23,5,12
2022-12-10 23:00:00+00:00,2022-12-11 00:00:00+01:00,46133.51,46.13351,-3.2,89,1,0,0,6,12
2022-12-11 00:00:00+00:00,2022-12-11 01:00:00+01:00,44938.035,44.938035000000006,-4.0,90,1,0,1,6,12
2022-12-11 01:00:00+00:00,2022-12-11 02:00:00+01:00,43958.915,43.958915,-4.2,95,1,0,2,6,12
2022-12-11 02:00:00+00:00,2022-12-11 03:00:00+01:00,43371.335,43.371335,-3.4,93,1,0,3,6,12
2022-12-11 03:00:00+00:00,2022-12-11 04:00:00+01:00,43071.4625,43.0714625,-3.1,91,1,0,4,6,12
2022-12-11 04:00:00+00:00,2022-12-11 05:00:00+01:00,43227.962499999994,43.2279625,-3.4,94,1,0,5,6,12
2022-12-11 05:00:00+00:00,2022-12-11 06:00:00+01:00,43142.1575,43.1421575,-3.0,94,1,0,6,6,12
2022-12-11 06:00:00+00:00,2022-12-11 07:00:00+01:00,44599.4775,44.5994775,-2.3,91,1,0,7,6,12
2022-12-11 07:00:00+00:00,2022-12-11 08:00:00+01:00,47693.9025,47.69390249999999,-2.1,91,1,1,8,6,12
2022-12-11 08:00:00+00:00,2022-12-11 09:00:00+01:00,51099.195,51.099195,-1.8,90,1,1,9,6,12
2022-12-11 09:00:00+00:00,2022-12-11 10:00:00+01:00,54332.5875,54.3325875,-1.1,89,1,1,10,6,12
2022-12-11 10:00:00+00:00,2022-12-11 11:00:00+01:00,57167.3775,57.1673775,-0.4,83,1,1,11,6,12
2022-12-11 11:00:00+00:00,2022-12-11 12:00:00+01:00,57397.975,57.397974999999995,-0.2,80,1,1,12,6,12
2022-12-11 12:00:00+00:00,2022-12-11 13:00:00+01:00,55748.65,55.748650000000005,-0.6,80,1,1,13,6,12
2022-12-11 13:00:00+00:00,2022-12-11 14:00:00+01:00,54329.7325,54.3297325,-0.3,79,1,1,14,6,12
2022-12-11 14:00:00+00:00,2022-12-11 15:00:00+01:00,54551.520000000004,54.551520000000004,-0.2,79,1,1,15,6,12
2022-12-11 15:00:00+00:00,2022-12-11 16:00:00+01:00,55697.805,55.697805,-0.8,84,1,1,16,6,12
2022-12-11 16:00:00+00:00,2022-12-11 17:00:00+01:00,58159.42,58.15942,-1.4,90,1,1,17,6,12
2022-12-11 17:00:00+00:00,2022-12-11 18:00:00+01:00,58466.1225,58.4661225,-1.0,88,1,1,18,6,12
2022-12-11 18:00:00+00:00,2022-12-11 19:00:00+01:00,57327.2175,57.327217499999996,-1.4,92,1,1,19,6,12
2022-12-11 19:00:00+00:00,2022-12-11 20:00:00+01:00,55538.630000000005,55.538630000000005,-1.6,90,1,1,20,6,12
2022-12-11 20:00:00+00:00,2022-12-11 21:00:00+01:00,53978.84,53.97884,-1.7,90,1,0,21,6,12
2022-12-11 21:00:00+00:00,2022-12-11 22:00:00+01:00,53104.905,53.104905,-1.7,90,1,0,22,6,12
2022-12-11 22:00:00+00:00,2022-12-11 23:00:00+01:00,50646.875,50.646875,-1.5,89,1,0,23,6,12
2022-12-11 23:00:00+00:00,2022-12-12 00:00:00+01:00,47465.4275,47.4654275,-1.7,90,0,0,0,0,12
2022-12-12 00:00:00+00:00,2022-12-12 01:00:00+01:00,46562.3,46.5623,-1.8,93,0,0,1,0,12
2022-12-12 01:00:00+00:00,2022-12-12 02:00:00+01:00,46235.305,46.235305,-1.5,94,0,0,2,0,12
2022-12-12 02:00:00+00:00,2022-12-12 03:00:00+01:00,46452.5675,46.4525675,-1.0,91,0,0,3,0,12
2022-12-12 03:00:00+00:00,2022-12-12 04:00:00+01:00,47876.765,47.876765,-1.0,92,0,0,4,0,12
2022-12-12 04:00:00+00:00,2022-12-12 05:00:00+01:00,51307.7475,51.3077475,-1.0,93,0,0,5,0,12
2022-12-12 05:00:00+00:00,2022-12-12 06:00:00+01:00,59897.0925,59.8970925,-0.9,92,0,0,6,0,12
2022-12-12 06:00:00+00:00,2022-12-12 07:00:00+01:00,65671.31,65.67130999999999,-1.0,93,0,0,7,0,12
2022-12-12 07:00:00+00:00,2022-12-12 08:00:00+01:00,68528.9975,68.5289975,-1.0,93,0,1,8,0,12
2022-12-12 08:00:00+00:00,2022-12-12 09:00:00+01:00,69298.78,69.29878,-1.0,93,0,1,9,0,12
2022-12-12 09:00:00+00:00,2022-12-12 10:00:00+01:00,69659.515,69.659515,-0.9,92,0,1,10,0,12
2022-12-12 10:00:00+00:00,2022-12-12 11:00:00+01:00,70011.58,70.01158,-0.4,88,0,1,11,0,12
2022-12-12 11:00:00+00:00,2022-12-12 12:00:00+01:00,69736.82,69.73682000000001,-0.1,86,0,1,12,0,12
2022-12-12 12:00:00+00:00,2022-12-12 13:00:00+01:00,69127.79000000001,69.12779,0.3,83,0,1,13,0,12
2022-12-12 13:00:00+00:00,2022-12-12 14:00:00+01:00,68191.095,68.191095,0.6,79,0,1,14,0,12
2022-12-12 14:00:00+00:00,2022-12-12 15:00:00+01:00,68128.63,68.12863,0.5,75,0,1,15,0,12
2022-12-12 15:00:00+00:00,2022-12-12 16:00:00+01:00,69052.0575,69.05205749999999,-1.4,86,0,1,16,0,12
2022-12-12 16:00:00+00:00,2022-12-12 17:00:00+01:00,70953.24,70.95324000000001,-1.8,81,0,1,17,0,12
2022-12-12 17:00:00+00:00,2022-12-12 18:00:00+01:00,70083.3575,70.0833575,-3.3,85,0,1,18,0,12
2022-12-12 18:00:00+00:00,2022-12-12 19:00:00+01:00,68367.0425,68.3670425,-4.5,89,0,1,19,0,12
2022-12-12 19:00:00+00:00,2022-12-12 20:00:00+01:00,64847.8875,64.8478875,-4.3,89,0,1,20,0,12
2022-12-12 20:00:00+00:00,2022-12-12 21:00:00+01:00,61991.1125,61.9911125,-4.8,90,0,0,21,0,12
2022-12-12 21:00:00+00:00,2022-12-12 22:00:00+01:00,59630.465,59.630464999999994,-4.9,90,0,0,22,0,12
2022-12-12 22:00:00+00:00,2022-12-12 23:00:00+01:00,56246.5025,56.246502500000005,-5.1,89,0,0,23,0,12
2022-12-12 23:00:00+00:00,2022-12-13 00:00:00+01:00,53923.245,53.923245,-5.1,89,0,0,0,1,12
2022-12-13 00:00:00+00:00,2022-12-13 01:00:00+01:00,52331.0175,52.3310175,-5.1,88,0,0,1,1,12
2022-12-13 01:00:00+00:00,2022-12-13 02:00:00+01:00,51335.755,51.335755,-5.7,89,0,0,2,1,12
2022-12-13 02:00:00+00:00,2022-12-13 03:00:00+01:00,51610.3375,51.6103375,-5.9,89,0,0,3,1,12
2022-12-13 03:00:00+00:00,2022-12-13 04:00:00+01:00,52491.315,52.491315,-6.0,89,0,0,4,1,12
2022-12-13 04:00:00+00:00,2022-12-13 05:00:00+01:00,55528.845,55.528845000000004,-6.2,88,0,0,5,1,12
2022-12-13 05:00:00+00:00,2022-12-13 06:00:00+01:00,61826.9775,61.8269775,-6.3,88,0,0,6,1,12
2022-12-13 06:00:00+00:00,2022-12-13 07:00:00+01:00,67399.70000000001,67.39970000000001,-6.5,88,0,0,7,1,12
2022-12-13 07:00:00+00:00,2022-12-13 08:00:00+01:00,70285.3525,70.28535249999999,-6.6,88,0,1,8,1,12
2022-12-13 08:00:00+00:00,2022-12-13 09:00:00+01:00,70591.77,70.59177000000001,-6.0,85,0,1,9,1,12
2022-12-13 09:00:00+00:00,2022-12-13 10:00:00+01:00,70669.47750000001,70.66947750000001,-4.2,75,0,1,10,1,12
2022-12-13 10:00:00+00:00,2022-12-13 11:00:00+01:00,70148.0325,70.1480325,-2.7,66,0,1,11,1,12
2022-12-13 11:00:00+00:00,2022-12-13 12:00:00+01:00,69567.2325,69.5672325,-1.4,59,0,1,12,1,12
2022-12-13 12:00:00+00:00,2022-12-13 13:00:00+01:00,68988.4025,68.98840249999999,-1.6,67,0,1,13,1,12
2022-12-13 13:00:00+00:00,2022-12-13 14:00:00+01:00,68038.08,68.03808000000001,-1.2,63,0,1,14,1,12
2022-12-13 14:00:00+00:00,2022-12-13 15:00:00+01:00,68208.80249999999,68.20880249999999,-1.3,63,0,1,15,1,12
2022-12-13 15:00:00+00:00,2022-12-13 16:00:00+01:00,69432.8,69.4328,-3.5,74,0,1,16,1,12
2022-12-13 16:00:00+00:00,2022-12-13 17:00:00+01:00,71489.705,71.489705,-4.3,77,0,1,17,1,12
2022-12-13 17:00:00+00:00,2022-12-13 18:00:00+01:00,71109.27,71.10927000000001,-4.5,78,0,1,18,1,12
2022-12-13 18:00:00+00:00,2022-12-13 19:00:00+01:00,69667.62,69.66762,-4.7,79,0,1,19,1,12
2022-12-13 19:00:00+00:00,2022-12-13 20:00:00+01:00,65859.2,65.8592,-4.7,78,0,1,20,1,12
2022-12-13 20:00:00+00:00,2022-12-13 21:00:00+01:00,63256.2575,63.2562575,-4.7,77,0,0,21,1,12
2022-12-13 21:00:00+00:00,2022-12-13 22:00:00+01:00,60287.66,60.28766,-4.5,76,0,0,22,1,12
2022-12-13 22:00:00+00:00,2022-12-13 23:00:00+01:00,57401.315,57.401315000000004,-4.3,74,0,0,23,1,12
2022-12-13 23:00:00+00:00,2022-12-14 00:00:00+01:00,54784.325,54.784324999999995,-4.0,72,0,0,0,2,12
2022-12-14 00:00:00+00:00,2022-12-14 01:00:00+01:00,52804.4375,52.8044375,-2.9,66,0,0,1,2,12
2022-12-14 01:00:00+00:00,2022-12-14 02:00:00+01:00,51772.095,51.772095,-2.9,64,0,0,2,2,12
2022-12-14 02:00:00+00:00,2022-12-14 03:00:00+01:00,52067.4375,52.0674375,-3.3,65,0,0,3,2,12
2022-12-14 03:00:00+00:00,2022-12-14 04:00:00+01:00,52771.75,52.77175,-3.0,62,0,0,4,2,12
2022-12-14 04:00:00+00:00,2022-12-14 05:00:00+01:00,55684.7625,55.6847625,-2.7,61,0,0,5,2,12
2022-12-14 05:00:00+00:00,2022-12-14 06:00:00+01:00,61804.79,61.804790000000004,-2.8,62,0,0,6,2,12
2022-12-14 06:00:00+00:00,2022-12-14 07:00:00+01:00,67605.64,67.60564,-2.7,64,0,0,7,2,12
2022-12-14 07:00:00+00:00,2022-12-14 08:00:00+01:00,70728.7825,70.7287825,-2.7,67,0,1,8,2,12
2022-12-14 08:00:00+00:00,2022-12-14 09:00:00+01:00,71734.6725,71.7346725,-2.8,70,0,1,9,2,12
2022-12-14 09:00:00+00:00,2022-12-14 10:00:00+01:00,72216.7425,72.2167425,-2.7,73,0,1,10,2,12
2022-12-14 10:00:00+00:00,2022-12-14 11:00:00+01:00,72313.57,72.31357000000001,-2.6,77,0,1,11,2,12
2022-12-14 11:00:00+00:00,2022-12-14 12:00:00+01:00,71695.3075,71.6953075,-2.3,77,0,1,12,2,12
2022-12-14 12:00:00+00:00,2022-12-14 13:00:00+01:00,70522.2875,70.5222875,-2.5,80,0,1,13,2,12
2022-12-14 13:00:00+00:00,2022-12-14 14:00:00+01:00,69484.845,69.484845,-2.1,76,0,1,14,2,12
2022-12-14 14:00:00+00:00,2022-12-14 15:00:00+01:00,69145.2,69.1452,-1.7,73,0,1,15,2,12
2022-12-14 15:00:00+00:00,2022-12-14 16:00:00+01:00,70103.75,70.10375,-1.8,73,0,1,16,2,12
2022-12-14 16:00:00+00:00,2022-12-14 17:00:00+01:00,71591.555,71.591555,-2.0,74,0,1,17,2,12
2022-12-14 17:00:00+00:00,2022-12-14 18:00:00+01:00,70715.965,70.715965,-4.3,85,0,1,18,2,12
2022-12-14 18:00:00+00:00,2022-12-14 19:00:00+01:00,68830.7225,68.83072250000001,-5.7,88,0,1,19,2,12
2022-12-14 19:00:00+00:00,2022-12-14 20:00:00+01:00,65086.6125,65.0866125,-6.5,90,0,1,20,2,12
2022-12-14 20:00:00+00:00,2022-12-14 21:00:00+01:00,61851.4625,61.851462500000004,-6.8,89,0,0,21,2,12
2022-12-14 21:00:00+00:00,2022-12-14 22:00:00+01:00,59514.775,59.514775,-7.2,90,0,0,22,2,12
2022-12-14 22:00:00+00:00,2022-12-14 23:00:00+01:00,56775.9925,56.7759925,-6.4,87,0,0,23,2,12
2022-12-14 23:00:00+00:00,2022-12-15 00:00:00+01:00,54645.54,54.645540000000004,-6.5,89,0,0,0,3,12
2022-12-15 00:00:00+00:00,2022-12-15 01:00:00+01:00,52581.09,52.581089999999996,-5.9,88,0,0,1,3,12
2022-12-15 01:00:00+00:00,2022-12-15 02:00:00+01:00,51110.1725,51.1101725,-6.3,90,0,0,2,3,12
2022-12-15 02:00:00+00:00,2022-12-15 03:00:00+01:00,51153.405,51.153405,-5.8,87,0,0,3,3,12
2022-12-15 03:00:00+00:00,2022-12-15 04:00:00+01:00,52316.965,52.316964999999996,-6.3,90,0,0,4,3,12
2022-12-15 04:00:00+00:00,2022-12-15 05:00:00+01:00,55544.755,55.544754999999995,-7.1,91,0,0,5,3,12
2022-12-15 05:00:00+00:00,2022-12-15 06:00:00+01:00,62259.8425,62.2598425,-7.4,93,0,0,6,3,12
2022-12-15 06:00:00+00:00,2022-12-15 07:00:00+01:00,67506.56,67.50656,-6.8,92,0,0,7,3,12
2022-12-15 07:00:00+00:00,2022-12-15 08:00:00+01:00,70306.07,70.30607,-6.6,92,0,1,8,3,12
2022-12-15 08:00:00+00:00,2022-12-15 09:00:00+01:00,71256.2675,71.2562675,-6.3,91,0,1,9,3,12
2022-12-15 09:00:00+00:00,2022-12-15 10:00:00+01:00,71463.885,71.46388499999999,-4.6,82,0,1,10,3,12
2022-12-15 10:00:00+00:00,2022-12-15 11:00:00+01:00,71357.0175,71.3570175,-2.6,71,0,1,11,3,12
2022-12-15 11:00:00+00:00,2022-12-15 12:00:00+01:00,70781.4575,70.7814575,-1.2,65,0,1,12,3,12
2022-12-15 12:00:00+00:00,2022-12-15 13:00:00+01:00,69734.2925,69.7342925,-1.9,75,0,1,13,3,12
2022-12-15 13:00:00+00:00,2022-12-15 14:00:00+01:00,68512.53,68.51253,-1.3,73,0,1,14,3,12
2022-12-15 14:00:00+00:00,2022-12-15 15:00:00+01:00,68114.3125,68.1143125,-1.4,74,0,1,15,3,12
2022-12-15 15:00:00+00:00,2022-12-15 16:00:00+01:00,69278.52,69.27852,-3.1,83,0,1,16,3,12
2022-12-15 16:00:00+00:00,2022-12-15 17:00:00+01:00,70762.84,70.76284,-4.1,86,0,1,17,3,12
2022-12-15 17:00:00+00:00,2022-12-15 18:00:00+01:00,70069.875,70.069875,-3.8,82,0,1,18,3,12
2022-12-15 18:00:00+00:00,2022-12-15 19:00:00+01:00,68311.77,68.31177000000001,-4.1,81,0,1,19,3,12
2022-12-15 19:00:00+00:00,2022-12-15 20:00:00+01:00,64594.16,64.59416,-4.3,79,0,1,20,3,12
2022-12-15 20:00:00+00:00,2022-12-15 21:00:00+01:00,62338.432499999995,62.338432499999996,-4.4,75,0,0,21,3,12
2022-12-15 21:00:00+00:00,2022-12-15 22:00:00+01:00,59407.295,59.407295,-4.3,74,0,0,22,3,12
2022-12-15 22:00:00+00:00,2022-12-15 23:00:00+01:00,56375.78,56.37578,-4.2,76,0,0,23,3,12
2022-12-15 23:00:00+00:00,2022-12-16 00:00:00+01:00,54361.43,54.36143,-4.0,78,0,0,0,4,12
2022-12-16 00:00:00+00:00,2022-12-16 01:00:00+01:00,52804.167499999996,52.8041675,-4.2,83,0,0,1,4,12
2022-12-16 01:00:00+00:00,2022-12-16 02:00:00+01:00,51663.195,51.663195,-4.4,83,0,0,2,4,12
2022-12-16 02:00:00+00:00,2022-12-16 03:00:00+01:00,51270.1275,51.2701275,-4.5,84,0,0,3,4,12
2022-12-16 03:00:00+00:00,2022-12-16 04:00:00+01:00,52243.5625,52.2435625,-4.6,84,0,0,4,4,12
2022-12-16 04:00:00+00:00,2022-12-16 05:00:00+01:00,54742.86,54.74286,-4.7,84,0,0,5,4,12
2022-12-16 05:00:00+00:00,2022-12-16 06:00:00+01:00,60468.957500000004,60.4689575,-4.6,82,0,0,6,4,12
2022-12-16 06:00:00+00:00,2022-12-16 07:00:00+01:00,66082.76,66.08276,-4.9,83,0,0,7,4,12
2022-12-16 07:00:00+00:00,2022-12-16 08:00:00+01:00,68981.06999999999,68.98106999999999,-5.0,83,0,1,8,4,12
2022-12-16 08:00:00+00:00,2022-12-16 09:00:00+01:00,69833.7675,69.83376750000001,-4.8,80,0,1,9,4,12
2022-12-16 09:00:00+00:00,2022-12-16 10:00:00+01:00,70180.66,70.18066,-3.0,70,0,1,10,4,12
2022-12-16 10:00:00+00:00,2022-12-16 11:00:00+01:00,69737.97750000001,69.73797750000001,-1.5,64,0,1,11,4,12
2022-12-16 11:00:00+00:00,2022-12-16 12:00:00+01:00,68924.97750000001,68.92497750000001,-0.4,61,0,1,12,4,12
2022-12-16 12:00:00+00:00,2022-12-16 13:00:00+01:00,67581.07250000001,67.5810725,-0.4,63,0,1,13,4,12
2022-12-16 13:00:00+00:00,2022-12-16 14:00:00+01:00,66221.8975,66.22189750000001,0.1,61,0,1,14,4,12
2022-12-16 14:00:00+00:00,2022-12-16 15:00:00+01:00,65882.9025,65.8829025,-0.3,65,0,1,15,4,12
2022-12-16 15:00:00+00:00,2022-12-16 16:00:00+01:00,67154.8725,67.1548725,-2.3,78,0,1,16,4,12
2022-12-16 16:00:00+00:00,2022-12-16 17:00:00+01:00,68531.3025,68.53130250000001,-3.4,85,0,1,17,4,12
2022-12-16 17:00:00+00:00,2022-12-16 18:00:00+01:00,67449.2275,67.44922749999999,-3.6,87,0,1,18,4,12
2022-12-16 18:00:00+00:00,2022-12-16 19:00:00+01:00,65436.97,65.43697,-4.1,88,0,1,19,4,12
2022-12-16 19:00:00+00:00,2022-12-16 20:00:00+01:00,62165.8475,62.165847500000005,-4.7,89,0,1,20,4,12
2022-12-16 20:00:00+00:00,2022-12-16 21:00:00+01:00,59177.7375,59.177737500000006,-5.0,89,0,0,21,4,12
2022-12-16 21:00:00+00:00,2022-12-16 22:00:00+01:00,57124.805,57.124805,-5.8,90,0,0,22,4,12
2022-12-16 22:00:00+00:00,2022-12-16 23:00:00+01:00,54436.935,54.436935,-6.4,91,0,0,23,4,12
2022-12-16 23:00:00+00:00,2022-12-17 00:00:00+01:00,52047.58,52.04758,-6.4,91,1,0,0,5,12
2022-12-17 00:00:00+00:00,2022-12-17 01:00:00+01:00,50117.9125,50.117912499999996,-7.1,91,1,0,1,5,12
2022-12-17 01:00:00+00:00,2022-12-17 02:00:00+01:00,48510.4875,48.5104875,-7.5,93,1,0,2,5,12
2022-12-17 02:00:00+00:00,2022-12-17 03:00:00+01:00,48175.215,48.175214999999994,-7.0,93,1,0,3,5,12
2022-12-17 03:00:00+00:00,2022-12-17 04:00:00+01:00,48567.6475,48.5676475,-8.4,92,1,0,4,5,12
2022-12-17 04:00:00+00:00,2022-12-17 05:00:00+01:00,48851.332500000004,48.851332500000005,-8.7,91,1,0,5,5,12
2022-12-17 05:00:00+00:00,2022-12-17 06:00:00+01:00,49893.4275,49.8934275,-8.9,93,1,0,6,5,12
2022-12-17 06:00:00+00:00,2022-12-17 07:00:00+01:00,52585.065,52.585065,-9.5,93,1,0,7,5,12
2022-12-17 07:00:00+00:00,2022-12-17 08:00:00+01:00,56143.8925,56.1438925,-9.5,93,1,1,8,5,12
2022-12-17 08:00:00+00:00,2022-12-17 09:00:00+01:00,59176.8375,59.176837500000005,-9.0,94,1,1,9,5,12
2022-12-17 09:00:00+00:00,2022-12-17 10:00:00+01:00,60836.947499999995,60.836947499999994,-7.8,92,1,1,10,5,12
2022-12-17 10:00:00+00:00,2022-12-17 11:00:00+01:00,61718.65,61.718650000000004,-6.3,87,1,1,11,5,12
2022-12-17 11:00:00+00:00,2022-12-17 12:00:00+01:00,61275.31,61.27531,-4.3,79,1,1,12,5,12
2022-12-17 12:00:00+00:00,2022-12-17 13:00:00+01:00,59491.369999999995,59.491369999999996,-3.5,76,1,1,13,5,12
2022-12-17 13:00:00+00:00,2022-12-17 14:00:00+01:00,58729.115000000005,58.72911500000001,-2.8,72,1,1,14,5,12
2022-12-17 14:00:00+00:00,2022-12-17 15:00:00+01:00,58812.98,58.81298,-2.7,72,1,1,15,5,12
2022-12-17 15:00:00+00:00,2022-12-17 16:00:00+01:00,60359.46,60.35946,-4.9,82,1,1,16,5,12
2022-12-17 16:00:00+00:00,2022-12-17 17:00:00+01:00,62342.6725,62.3426725,-6.8,87,1,1,17,5,12
2022-12-17 17:00:00+00:00,2022-12-17 18:00:00+01:00,62359.4,62.3594,-7.3,89,1,1,18,5,12
2022-12-17 18:00:00+00:00,2022-12-17 19:00:00+01:00,60676.5625,60.6765625,-7.5,89,1,1,19,5,12
2022-12-17 19:00:00+00:00,2022-12-17 20:00:00+01:00,57719.385,57.719385,-7.4,88,1,1,20,5,12
2022-12-17 20:00:00+00:00,2022-12-17 21:00:00+01:00,55700.755,55.700755,-7.5,87,1,0,21,5,12
2022-12-17 21:00:00+00:00,2022-12-17 22:00:00+01:00,54545.792499999996,54.5457925,-7.9,88,1,0,22,5,12
2022-12-17 22:00:00+00:00,2022-12-17 23:00:00+01:00,52301.0925,52.301092499999996,-7.3,87,1,0,23,5,12
2022-12-17 23:00:00+00:00,2022-12-18 00:00:00+01:00,49949.0125,49.949012499999995,-7.5,88,1,0,0,6,12
2022-12-18 00:00:00+00:00,2022-12-18 01:00:00+01:00,48123.595,48.123595,-8.0,89,1,0,1,6,12
2022-12-18 01:00:00+00:00,2022-12-18 02:00:00+01:00,46756.5275,46.7565275,-8.5,89,1,0,2,6,12
2022-12-18 02:00:00+00:00,2022-12-18 03:00:00+01:00,46103.125,46.103125,-8.1,89,1,0,3,6,12
2022-12-18 03:00:00+00:00,2022-12-18 04:00:00+01:00,46151.7425,46.1517425,-8.1,89,1,0,4,6,12
2022-12-18 04:00:00+00:00,2022-12-18 05:00:00+01:00,46094.805,46.094805,-8.4,88,1,0,5,6,12
2022-12-18 05:00:00+00:00,2022-12-18 06:00:00+01:00,46526.345,46.526345,-8.2,88,1,0,6,6,12
2022-12-18 06:00:00+00:00,2022-12-18 07:00:00+01:00,48515.5625,48.5155625,-7.8,87,1,0,7,6,12
2022-12-18 07:00:00+00:00,2022-12-18 08:00:00+01:00,51271.385,51.271385,-7.9,87,1,1,8,6,12
2022-12-18 08:00:00+00:00,2022-12-18 09:00:00+01:00,54505.1525,54.505152499999994,-7.0,87,1,1,9,6,12
2022-12-18 09:00:00+00:00,2022-12-18 10:00:00+01:00,56525.8775,56.5258775,-5.0,79,1,1,10,6,12
2022-12-18 10:00:00+00:00,2022-12-18 11:00:00+01:00,58139.8125,58.1398125,-3.6,72,1,1,11,6,12
2022-12-18 11:00:00+00:00,2022-12-18 12:00:00+01:00,58080.6875,58.0806875,-2.4,66,1,1,12,6,12
2022-12-18 12:00:00+00:00,2022-12-18 13:00:00+01:00,57025.71,57.02571,-3.3,71,1,1,13,6,12
2022-12-18 13:00:00+00:00,2022-12-18 14:00:00+01:00,55931.405,55.931405,-2.6,66,1,1,14,6,12
2022-12-18 14:00:00+00:00,2022-12-18 15:00:00+01:00,56026.71,56.02671,-2.5,66,1,1,15,6,12
2022-12-18 15:00:00+00:00,2022-12-18 16:00:00+01:00,57516.1275,57.5161275,-3.3,72,1,1,16,6,12
2022-12-18 16:00:00+00:00,2022-12-18 17:00:00+01:00,59868.0425,59.8680425,-4.0,76,1,1,17,6,12
2022-12-18 17:00:00+00:00,2022-12-18 18:00:00+01:00,59622.7825,59.6227825,-3.6,74,1,1,18,6,12
2022-12-18 18:00:00+00:00,2022-12-18 19:00:00+01:00,59473.832500000004,59.47383250000001,-3.3,72,1,1,19,6,12
2022-12-18 19:00:00+00:00,2022-12-18 20:00:00+01:00,57893.4375,57.8934375,-2.9,71,1,1,20,6,12
2022-12-18 20:00:00+00:00,2022-12-18 21:00:00+01:00,56133.38,56.133379999999995,-2.7,69,1,0,21,6,12
2022-12-18 21:00:00+00:00,2022-12-18 22:00:00+01:00,55424.479999999996,55.424479999999996,-2.4,66,1,0,22,6,12
2022-12-18 22:00:00+00:00,2022-12-18 23:00:00+01:00,53214.457500000004,53.2144575,-2.0,65,1,0,23,6,12
2022-12-18 23:00:00+00:00,2022-12-19 00:00:00+01:00,51605.6825,51.6056825,-1.8,64,0,0,0,0,12
2022-12-19 00:00:00+00:00,2022-12-19 01:00:00+01:00,49780.369999999995,49.78037,-3.7,74,0,0,1,0,12
2022-12-19 01:00:00+00:00,2022-12-19 02:00:00+01:00,48855.795,48.855795,-3.3,74,0,0,2,0,12
2022-12-19 02:00:00+00:00,2022-12-19 03:00:00+01:00,48779.8825,48.7798825,-2.8,73,0,0,3,0,12
2022-12-19 03:00:00+00:00,2022-12-19 04:00:00+01:00,49848.71,49.84871,-2.4,73,0,0,4,0,12
2022-12-19 04:00:00+00:00,2022-12-19 05:00:00+01:00,52479.4125,52.479412499999995,-2.0,73,0,0,5,0,12
2022-12-19 05:00:00+00:00,2022-12-19 06:00:00+01:00,59473.9875,59.4739875,-2.0,84,0,0,6,0,12
2022-12-19 06:00:00+00:00,2022-12-19 07:00:00+01:00,65370.815,65.37081500000001,-2.0,80,0,0,7,0,12
2022-12-19 07:00:00+00:00,2022-12-19 08:00:00+01:00,68765.4725,68.7654725,-1.3,78,0,1,8,0,12
2022-12-19 08:00:00+00:00,2022-12-19 09:00:00+01:00,70128.7,70.1287,-0.2,76,0,1,9,0,12
2022-12-19 09:00:00+00:00,2022-12-19 10:00:00+01:00,70674.5175,70.67451750000001,0.9,77,0,1,10,0,12
2022-12-19 10:00:00+00:00,2022-12-19 11:00:00+01:00,71359.54,71.35954,2.3,78,0,1,11,0,12
2022-12-19 11:00:00+00:00,2022-12-19 12:00:00+01:00,71319.0625,71.3190625,3.4,77,0,1,12,0,12
2022-12-19 12:00:00+00:00,2022-12-19 13:00:00+01:00,70118.75,70.11875,0.9,92,0,1,13,0,12
2022-12-19 13:00:00+00:00,2022-12-19 14:00:00+01:00,68309.3325,68.30933250000001,1.5,93,0,1,14,0,12
2022-12-19 14:00:00+00:00,2022-12-19 15:00:00+01:00,67674.1525,67.67415249999999,2.5,85,0,1,15,0,12
2022-12-19 15:00:00+00:00,2022-12-19 16:00:00+01:00,68236.36249999999,68.23636249999998,1.3,90,0,1,16,0,12
2022-12-19 16:00:00+00:00,2022-12-19 17:00:00+01:00,69727.6,69.72760000000001,3.3,84,0,1,17,0,12
2022-12-19 17:00:00+00:00,2022-12-19 18:00:00+01:00,68551.065,68.55106500000001,0.5,90,0,1,18,0,12
2022-12-19 18:00:00+00:00,2022-12-19 19:00:00+01:00,66716.89499999999,66.716895,0.7,91,0,1,19,0,12
2022-12-19 19:00:00+00:00,2022-12-19 20:00:00+01:00,63014.66,63.014660000000006,1.5,91,0,1,20,0,12
2022-12-19 20:00:00+00:00,2022-12-19 21:00:00+01:00,60299.38,60.29938,1.8,91,0,0,21,0,12
2022-12-19 21:00:00+00:00,2022-12-19 22:00:00+01:00,57913.8725,57.9138725,1.8,92,0,0,22,0,12
2022-12-19 22:00:00+00:00,2022-12-19 23:00:00+01:00,54602.97,54.60297,1.8,92,0,0,23,0,12
2022-12-19 23:00:00+00:00,2022-12-20 00:00:00+01:00,51177.485,51.177485,2.2,93,0,0,0,1,12
2022-12-20 00:00:00+00:00,2022-12-20 01:00:00+01:00,48598.195,48.598195,1.1,94,0,0,1,1,12
2022-12-20 01:00:00+00:00,2022-12-20 02:00:00+01:00,47577.93,47.57793,2.2,92,0,0,2,1,12
2022-12-20 02:00:00+00:00,2022-12-20 03:00:00+01:00,47413.1875,47.4131875,1.6,92,0,0,3,1,12
2022-12-20 03:00:00+00:00,2022-12-20 04:00:00+01:00,48666.8,48.6668,0.8,94,0,0,4,1,12
2022-12-20 04:00:00+00:00,2022-12-20 05:00:00+01:00,51888.6175,51.8886175,1.2,93,0,0,5,1,12
2022-12-20 05:00:00+00:00,2022-12-20 06:00:00+01:00,58257.475,58.257475,1.2,92,0,0,6,1,12
2022-12-20 06:00:00+00:00,2022-12-20 07:00:00+01:00,64359.7875,64.3597875,1.6,92,0,0,7,1,12
2022-12-20 07:00:00+00:00,2022-12-20 08:00:00+01:00,67002.8175,67.0028175,0.8,94,0,1,8,1,12
2022-12-20 08:00:00+00:00,2022-12-20 09:00:00+01:00,67905.56,67.90556,2.0,92,0,1,9,1,12
2022-12-20 09:00:00+00:00,2022-12-20 10:00:00+01:00,68179.7275,68.1797275,3.4,92,0,1,10,1,12
2022-12-20 10:00:00+00:00,2022-12-20 11:00:00+01:00,68502.58499999999,68.502585,4.6,88,0,1,11,1,12
2022-12-20 11:00:00+00:00,2022-12-20 12:00:00+01:00,68293.52,68.29352,4.8,89,0,1,12,1,12
2022-12-20 12:00:00+00:00,2022-12-20 13:00:00+01:00,67768.09,67.76809,4.8,91,0,1,13,1,12
2022-12-20 13:00:00+00:00,2022-12-20 14:00:00+01:00,66469.995,66.469995,5.0,90,0,1,14,1,12
2022-12-20 14:00:00+00:00,2022-12-20 15:00:00+01:00,66166.6525,66.1666525,4.8,90,0,1,15,1,12
2022-12-20 15:00:00+00:00,2022-12-20 16:00:00+01:00,66781.2625,66.7812625,4.1,90,0,1,16,1,12
2022-12-20 16:00:00+00:00,2022-12-20 17:00:00+01:00,67994.99250000001,67.99499250000001,3.4,90,0,1,17,1,12
2022-12-20 17:00:00+00:00,2022-12-20 18:00:00+01:00,67068.15,67.06814999999999,3.2,89,0,1,18,1,12
2022-12-20 18:00:00+00:00,2022-12-20 19:00:00+01:00,65133.354999999996,65.133355,3.6,88,0,1,19,1,12
2022-12-20 19:00:00+00:00,2022-12-20 20:00:00+01:00,60747.520000000004,60.74752,4.0,88,0,1,20,1,12
2022-12-20 20:00:00+00:00,2022-12-20 21:00:00+01:00,57402.8525,57.4028525,3.9,90,0,0,21,1,12
2022-12-20 21:00:00+00:00,2022-12-20 22:00:00+01:00,54661.1875,54.6611875,4.0,92,0,0,22,1,12
2022-12-20 22:00:00+00:00,2022-12-20 23:00:00+01:00,51048.865,51.048865,4.4,92,0,0,23,1,12
2022-12-20 23:00:00+00:00,2022-12-21 00:00:00+01:00,48165.7375,48.165737500000006,4.5,93,0,0,0,2,12
2022-12-21 00:00:00+00:00,2022-12-21 01:00:00+01:00,46027.979999999996,46.02798,5.8,93,0,0,1,2,12
2022-12-21 01:00:00+00:00,2022-12-21 02:00:00+01:00,45216.645000000004,45.21664500000001,5.9,93,0,0,2,2,12
2022-12-21 02:00:00+00:00,2022-12-21 03:00:00+01:00,45479.16,45.47916,5.7,94,0,0,3,2,12
2022-12-21 03:00:00+00:00,2022-12-21 04:00:00+01:00,46330.0975,46.3300975,5.7,95,0,0,4,2,12
2022-12-21 04:00:00+00:00,2022-12-21 05:00:00+01:00,48530.1275,48.5301275,5.7,96,0,0,5,2,12
2022-12-21 05:00:00+00:00,2022-12-21 06:00:00+01:00,54310.1275,54.3101275,5.8,96,0,0,6,2,12
2022-12-21 06:00:00+00:00,2022-12-21 07:00:00+01:00,60096.305,60.096305,6.0,96,0,0,7,2,12
2022-12-21 07:00:00+00:00,2022-12-21 08:00:00+01:00,63243.41,63.243410000000004,6.1,96,0,1,8,2,12
2022-12-21 08:00:00+00:00,2022-12-21 09:00:00+01:00,63748.3375,63.7483375,6.3,96,0,1,9,2,12
2022-12-21 09:00:00+00:00,2022-12-21 10:00:00+01:00,63979.5075,63.9795075,6.6,96,0,1,10,2,12
2022-12-21 10:00:00+00:00,2022-12-21 11:00:00+01:00,64124.82,64.12482,7.0,97,0,1,11,2,12
2022-12-21 11:00:00+00:00,2022-12-21 12:00:00+01:00,63960.905,63.960905,8.2,96,0,1,12,2,12
2022-12-21 12:00:00+00:00,2022-12-21 13:00:00+01:00,63223.7475,63.223747499999995,9.7,96,0,1,13,2,12
2022-12-21 13:00:00+00:00,2022-12-21 14:00:00+01:00,62263.0125,62.263012499999995,10.2,94,0,1,14,2,12
2022-12-21 14:00:00+00:00,2022-12-21 15:00:00+01:00,61910.4975,61.9104975,10.3,94,0,1,15,2,12
2022-12-21 15:00:00+00:00,2022-12-21 16:00:00+01:00,62534.5,62.5345,8.9,95,0,1,16,2,12
2022-12-21 16:00:00+00:00,2022-12-21 17:00:00+01:00,64261.29,64.26129,7.5,96,0,1,17,2,12
2022-12-21 17:00:00+00:00,2022-12-21 18:00:00+01:00,63816.2675,63.8162675,6.8,97,0,1,18,2,12
2022-12-21 18:00:00+00:00,2022-12-21 19:00:00+01:00,61996.45,61.996449999999996,6.4,98,0,1,19,2,12
2022-12-21 19:00:00+00:00,2022-12-21 20:00:00+01:00,58670.965,58.670964999999995,6.8,98,0,1,20,2,12
2022-12-21 20:00:00+00:00,2022-12-21 21:00:00+01:00,55411.042499999996,55.41104249999999,6.8,97,0,0,21,2,12
2022-12-21 21:00:00+00:00,2022-12-21 22:00:00+01:00,52487.145,52.487145,7.0,96,0,0,22,2,12
2022-12-21 22:00:00+00:00,2022-12-21 23:00:00+01:00,49039.229999999996,49.039229999999996,7.2,96,0,0,23,2,12
2022-12-21 23:00:00+00:00,2022-12-22 00:00:00+01:00,50312.9125,50.312912499999996,7.6,94,0,0,0,3,12
2022-12-22 00:00:00+00:00,2022-12-22 01:00:00+01:00,48163.0125,48.163012499999994,8.2,95,0,0,1,3,12
2022-12-22 01:00:00+00:00,2022-12-22 02:00:00+01:00,46437.005,46.437005,8.1,94,0,0,2,3,12
2022-12-22 02:00:00+00:00,2022-12-22 03:00:00+01:00,45753.2875,45.7532875,8.2,93,0,0,3,3,12
2022-12-22 03:00:00+00:00,2022-12-22 04:00:00+01:00,46764.375,46.764375,8.2,93,0,0,4,3,12
2022-12-22 04:00:00+00:00,2022-12-22 05:00:00+01:00,49243.557499999995,49.243557499999994,9.1,91,0,0,5,3,12
2022-12-22 05:00:00+00:00,2022-12-22 06:00:00+01:00,54315.785,54.315785000000005,9.7,89,0,0,6,3,12
2022-12-22 06:00:00+00:00,2022-12-22 07:00:00+01:00,60491.4675,60.4914675,9.7,89,0,0,7,3,12
2022-12-22 07:00:00+00:00,2022-12-22 08:00:00+01:00,62261.5625,62.2615625,9.8,89,0,1,8,3,12
2022-12-22 08:00:00+00:00,2022-12-22 09:00:00+01:00,62028.994999999995,62.028994999999995,9.3,90,0,1,9,3,12
2022-12-22 09:00:00+00:00,2022-12-22 10:00:00+01:00,62718.3175,62.7183175,9.9,88,0,1,10,3,12
2022-12-22 10:00:00+00:00,2022-12-22 11:00:00+01:00,62802.3175,62.8023175,9.8,89,0,1,11,3,12
2022-12-22 11:00:00+00:00,2022-12-22 12:00:00+01:00,61889.9475,61.889947500000005,9.3,93,0,1,12,3,12
2022-12-22 12:00:00+00:00,2022-12-22 13:00:00+01:00,61277.837499999994,61.2778375,10.6,90,0,1,13,3,12
2022-12-22 13:00:00+00:00,2022-12-22 14:00:00+01:00,60153.295,60.153295,9.9,93,0,1,14,3,12
2022-12-22 14:00:00+00:00,2022-12-22 15:00:00+01:00,60061.7425,60.0617425,9.4,93,0,1,15,3,12
2022-12-22 15:00:00+00:00,2022-12-22 16:00:00+01:00,61036.167499999996,61.0361675,9.0,92,0,1,16,3,12
2022-12-22 16:00:00+00:00,2022-12-22 17:00:00+01:00,62408.884999999995,62.408885,7.8,93,0,1,17,3,12
2022-12-22 17:00:00+00:00,2022-12-22 18:00:00+01:00,62090.3225,62.0903225,6.7,95,0,1,18,3,12
2022-12-22 18:00:00+00:00,2022-12-22 19:00:00+01:00,60581.807499999995,60.5818075,7.4,95,0,1,19,3,12
2022-12-22 19:00:00+00:00,2022-12-22 20:00:00+01:00,57052.134999999995,57.05213499999999,7.7,95,0,1,20,3,12
2022-12-22 20:00:00+00:00,2022-12-22 21:00:00+01:00,54059.6375,54.059637499999994,7.8,95,0,0,21,3,12
2022-12-22 21:00:00+00:00,2022-12-22 22:00:00+01:00,51593.775,51.593775,7.8,95,0,0,22,3,12
2022-12-22 22:00:00+00:00,2022-12-22 23:00:00+01:00,48350.395,48.350395,8.1,94,0,0,23,3,12
2022-12-22 23:00:00+00:00,2022-12-23 00:00:00+01:00,45508.0375,45.5080375,8.2,94,0,0,0,4,12
2022-12-23 00:00:00+00:00,2022-12-23 01:00:00+01:00,43079.5775,43.0795775,7.7,97,0,0,1,4,12
2022-12-23 01:00:00+00:00,2022-12-23 02:00:00+01:00,41581.995,41.581995,7.9,97,0,0,2,4,12
2022-12-23 02:00:00+00:00,2022-12-23 03:00:00+01:00,41937.555,41.937555,7.8,98,0,0,3,4,12
2022-12-23 03:00:00+00:00,2022-12-23 04:00:00+01:00,42269.6075,42.2696075,7.5,98,0,0,4,4,12
2022-12-23 04:00:00+00:00,2022-12-23 05:00:00+01:00,44313.8875,44.3138875,7.5,96,0,0,5,4,12
2022-12-23 05:00:00+00:00,2022-12-23 06:00:00+01:00,48424.0025,48.4240025,6.9,96,0,0,6,4,12
2022-12-23 06:00:00+00:00,2022-12-23 07:00:00+01:00,53092.14,53.09214,6.8,96,0,0,7,4,12
2022-12-23 07:00:00+00:00,2022-12-23 08:00:00+01:00,56575.1575,56.5751575,6.9,96,0,1,8,4,12
2022-12-23 08:00:00+00:00,2022-12-23 09:00:00+01:00,57873.1375,57.8731375,7.4,96,0,1,9,4,12
2022-12-23 09:00:00+00:00,2022-12-23 10:00:00+01:00,58617.72,58.61772,7.8,96,0,1,10,4,12
2022-12-23 10:00:00+00:00,2022-12-23 11:00:00+01:00,59030.4875,59.0304875,8.5,98,0,1,11,4,12
2022-12-23 11:00:00+00:00,2022-12-23 12:00:00+01:00,58537.505,58.537504999999996,8.9,97,0,1,12,4,12
2022-12-23 12:00:00+00:00,2022-12-23 13:00:00+01:00,56843.3325,56.843332499999995,9.2,97,0,1,13,4,12
2022-12-23 13:00:00+00:00,2022-12-23 14:00:00+01:00,55431.35,55.43135,9.5,96,0,1,14,4,12
2022-12-23 14:00:00+00:00,2022-12-23 15:00:00+01:00,55477.975,55.477975,9.3,95,0,1,15,4,12
2022-12-23 15:00:00+00:00,2022-12-23 16:00:00+01:00,57097.292499999996,57.097292499999995,9.6,96,0,1,16,4,12
2022-12-23 16:00:00+00:00,2022-12-23 17:00:00+01:00,58218.740000000005,58.218740000000004,10.5,95,0,1,17,4,12
2022-12-23 17:00:00+00:00,2022-12-23 18:00:00+01:00,57682.425,57.682425,10.6,96,0,1,18,4,12
2022-12-23 18:00:00+00:00,2022-12-23 19:00:00+01:00,55521.79,55.52179,11.5,92,0,1,19,4,12
2022-12-23 19:00:00+00:00,2022-12-23 20:00:00+01:00,52344.3525,52.3443525,11.5,88,0,1,20,4,12
2022-12-23 20:00:00+00:00,2022-12-23 21:00:00+01:00,49184.8725,49.1848725,10.8,89,0,0,21,4,12
2022-12-23 21:00:00+00:00,2022-12-23 22:00:00+01:00,46729.345,46.729345,10.4,89,0,0,22,4,12
2022-12-23 22:00:00+00:00,2022-12-23 23:00:00+01:00,43673.905,43.673905,10.4,87,0,0,23,4,12
2022-12-23 23:00:00+00:00,2022-12-24 00:00:00+01:00,39990.69,39.99069,9.8,85,1,0,0,5,12
2022-12-24 00:00:00+00:00,2022-12-24 01:00:00+01:00,37276.33,37.27633,9.8,82,1,0,1,5,12
2022-12-24 01:00:00+00:00,2022-12-24 02:00:00+01:00,36348.162500000006,36.34816250000001,9.7,81,1,0,2,5,12
2022-12-24 02:00:00+00:00,2022-12-24 03:00:00+01:00,36995.1525,36.995152499999996,9.0,83,1,0,3,5,12
2022-12-24 03:00:00+00:00,2022-12-24 04:00:00+01:00,37371.6475,37.3716475,8.7,85,1,0,4,5,12
2022-12-24 04:00:00+00:00,2022-12-24 05:00:00+01:00,38207.3225,38.207322500000004,8.9,86,1,0,5,5,12
2022-12-24 05:00:00+00:00,2022-12-24 06:00:00+01:00,38835.81,38.835809999999995,8.6,88,1,0,6,5,12
2022-12-24 06:00:00+00:00,2022-12-24 07:00:00+01:00,41482.9875,41.4829875,8.3,89,1,0,7,5,12
2022-12-24 07:00:00+00:00,2022-12-24 08:00:00+01:00,45284.134999999995,45.28413499999999,8.5,89,1,1,8,5,12
2022-12-24 08:00:00+00:00,2022-12-24 09:00:00+01:00,48277.94,48.27794,8.2,92,1,1,9,5,12
2022-12-24 09:00:00+00:00,2022-12-24 10:00:00+01:00,50338.0875,50.3380875,8.9,90,1,1,10,5,12
2022-12-24 10:00:00+00:00,2022-12-24 11:00:00+01:00,51559.99,51.55999,10.1,86,1,1,11,5,12
2022-12-24 11:00:00+00:00,2022-12-24 12:00:00+01:00,51559.2325,51.5592325,10.6,85,1,1,12,5,12
2022-12-24 12:00:00+00:00,2022-12-24 13:00:00+01:00,49242.2725,49.2422725,10.0,89,1,1,13,5,12
2022-12-24 13:00:00+00:00,2022-12-24 14:00:00+01:00,47312.020000000004,47.312020000000004,11.2,86,1,1,14,5,12
2022-12-24 14:00:00+00:00,2022-12-24 15:00:00+01:00,46678.2225,46.678222500000004,10.8,87,1,1,15,5,12
2022-12-24 15:00:00+00:00,2022-12-24 16:00:00+01:00,48285.57,48.28557,9.3,93,1,1,16,5,12
2022-12-24 16:00:00+00:00,2022-12-24 17:00:00+01:00,51011.7725,51.0117725,8.4,94,1,1,17,5,12
2022-12-24 17:00:00+00:00,2022-12-24 18:00:00+01:00,49538.515,49.538515,8.2,95,1,1,18,5,12
2022-12-24 18:00:00+00:00,2022-12-24 19:00:00+01:00,46431.0275,46.4310275,7.4,96,1,1,19,5,12
2022-12-24 19:00:00+00:00,2022-12-24 20:00:00+01:00,43532.3225,43.5323225,7.1,96,1,1,20,5,12
2022-12-24 20:00:00+00:00,2022-12-24 21:00:00+01:00,42522.8125,42.5228125,7.0,96,1,0,21,5,12
2022-12-24 21:00:00+00:00,2022-12-24 22:00:00+01:00,42273.24,42.27324,7.0,97,1,0,22,5,12
2022-12-24 22:00:00+00:00,2022-12-24 23:00:00+01:00,40024.149999999994,40.02414999999999,6.8,97,1,0,23,5,12
2022-12-24 23:00:00+00:00,2022-12-25 00:00:00+01:00,37588.805,37.588805,7.1,97,1,0,0,6,12
2022-12-25 00:00:00+00:00,2022-12-25 01:00:00+01:00,35621.625,35.621625,7.7,96,1,0,1,6,12
2022-12-25 01:00:00+00:00,2022-12-25 02:00:00+01:00,34489.2875,34.489287499999996,8.3,96,1,0,2,6,12
2022-12-25 02:00:00+00:00,2022-12-25 03:00:00+01:00,35127.835,35.127835,8.3,97,1,0,3,6,12
2022-12-25 03:00:00+00:00,2022-12-25 04:00:00+01:00,35373.4825,35.3734825,8.2,97,1,0,4,6,12
2022-12-25 04:00:00+00:00,2022-12-25 05:00:00+01:00,35547.585,35.547585,7.4,98,1,0,5,6,12
2022-12-25 05:00:00+00:00,2022-12-25 06:00:00+01:00,35913.0175,35.9130175,6.3,99,1,0,6,6,12
2022-12-25 06:00:00+00:00,2022-12-25 07:00:00+01:00,37419.765,37.419765,8.0,94,1,0,7,6,12
2022-12-25 07:00:00+00:00,2022-12-25 08:00:00+01:00,40175.1975,40.1751975,6.8,97,1,1,8,6,12
2022-12-25 08:00:00+00:00,2022-12-25 09:00:00+01:00,43591.185,43.591184999999996,7.3,95,1,1,9,6,12
2022-12-25 09:00:00+00:00,2022-12-25 10:00:00+01:00,46440.6275,46.440627500000005,7.8,94,1,1,10,6,12
2022-12-25 10:00:00+00:00,2022-12-25 11:00:00+01:00,48964.86,48.96486,8.2,95,1,1,11,6,12
2022-12-25 11:00:00+00:00,2022-12-25 12:00:00+01:00,48028.3225,48.0283225,9.5,93,1,1,12,6,12
2022-12-25 12:00:00+00:00,2022-12-25 13:00:00+01:00,45113.5275,45.1135275,9.8,95,1,1,13,6,12
2022-12-25 13:00:00+00:00,2022-12-25 14:00:00+01:00,44025.4775,44.0254775,10.3,95,1,1,14,6,12
2022-12-25 14:00:00+00:00,2022-12-25 15:00:00+01:00,44219.1075,44.2191075,11.0,89,1,1,15,6,12
2022-12-25 15:00:00+00:00,2022-12-25 16:00:00+01:00,45896.3425,45.896342499999996,10.6,90,1,1,16,6,12
2022-12-25 16:00:00+00:00,2022-12-25 17:00:00+01:00,47880.45,47.880449999999996,9.9,91,1,1,17,6,12
2022-12-25 17:00:00+00:00,2022-12-25 18:00:00+01:00,48611.0,48.611,9.5,92,1,1,18,6,12
2022-12-25 18:00:00+00:00,2022-12-25 19:00:00+01:00,47621.965,47.621964999999996,9.4,93,1,1,19,6,12
2022-12-25 19:00:00+00:00,2022-12-25 20:00:00+01:00,46172.2275,46.1722275,9.5,93,1,1,20,6,12
2022-12-25 20:00:00+00:00,2022-12-25 21:00:00+01:00,44839.475,44.839475,9.6,93,1,0,21,6,12
2022-12-25 21:00:00+00:00,2022-12-25 22:00:00+01:00,43762.23,43.76223,9.9,91,1,0,22,6,12
2022-12-25 22:00:00+00:00,2022-12-25 23:00:00+01:00,41101.4025,41.1014025,10.0,90,1,0,23,6,12
2022-12-25 23:00:00+00:00,2022-12-26 00:00:00+01:00,38335.177500000005,38.33517750000001,10.3,88,0,0,0,0,12
2022-12-26 00:00:00+00:00,2022-12-26 01:00:00+01:00,36975.634999999995,36.975635,10.4,88,0,0,1,0,12
2022-12-26 01:00:00+00:00,2022-12-26 02:00:00+01:00,36110.6075,36.1106075,10.4,88,0,0,2,0,12
2022-12-26 02:00:00+00:00,2022-12-26 03:00:00+01:00,35902.14,35.90214,10.1,89,0,0,3,0,12
2022-12-26 03:00:00+00:00,2022-12-26 04:00:00+01:00,35933.5575,35.9335575,10.1,89,0,0,4,0,12
2022-12-26 04:00:00+00:00,2022-12-26 05:00:00+01:00,36218.24,36.218239999999994,10.4,88,0,0,5,0,12
2022-12-26 05:00:00+00:00,2022-12-26 06:00:00+01:00,36968.3675,36.9683675,10.4,89,0,0,6,0,12
2022-12-26 06:00:00+00:00,2022-12-26 07:00:00+01:00,39142.78,39.14278,10.3,90,0,0,7,0,12
2022-12-26 07:00:00+00:00,2022-12-26 08:00:00+01:00,42183.5175,42.1835175,10.2,91,0,1,8,0,12
2022-12-26 08:00:00+00:00,2022-12-26 09:00:00+01:00,45248.595,45.248595,10.1,91,0,1,9,0,12
2022-12-26 09:00:00+00:00,2022-12-26 10:00:00+01:00,47473.2775,47.473277499999995,10.0,91,0,1,10,0,12
2022-12-26 10:00:00+00:00,2022-12-26 11:00:00+01:00,49844.1275,49.8441275,10.1,91,0,1,11,0,12
2022-12-26 11:00:00+00:00,2022-12-26 12:00:00+01:00,50143.195,50.143195,10.5,90,0,1,12,0,12
2022-12-26 12:00:00+00:00,2022-12-26 13:00:00+01:00,49063.62,49.06362,10.1,92,0,1,13,0,12
2022-12-26 13:00:00+00:00,2022-12-26 14:00:00+01:00,47955.682499999995,47.955682499999995,10.8,88,0,1,14,0,12
2022-12-26 14:00:00+00:00,2022-12-26 15:00:00+01:00,47502.375,47.502375,10.7,85,0,1,15,0,12
2022-12-26 15:00:00+00:00,2022-12-26 16:00:00+01:00,48595.4725,48.59547250000001,10.2,86,0,1,16,0,12
2022-12-26 16:00:00+00:00,2022-12-26 17:00:00+01:00,50718.9925,50.7189925,9.5,87,0,1,17,0,12
2022-12-26 17:00:00+00:00,2022-12-26 18:00:00+01:00,51258.67,51.258669999999995,9.1,87,0,1,18,0,12
2022-12-26 18:00:00+00:00,2022-12-26 19:00:00+01:00,49766.9475,49.7669475,8.5,88,0,1,19,0,12
2022-12-26 19:00:00+00:00,2022-12-26 20:00:00+01:00,47628.4275,47.6284275,8.1,89,0,1,20,0,12
2022-12-26 20:00:00+00:00,2022-12-26 21:00:00+01:00,46494.854999999996,46.494854999999994,7.5,84,0,0,21,0,12
2022-12-26 21:00:00+00:00,2022-12-26 22:00:00+01:00,45484.84,45.48484,6.2,81,0,0,22,0,12
2022-12-26 22:00:00+00:00,2022-12-26 23:00:00+01:00,43359.0325,43.3590325,4.7,81,0,0,23,0,12
2022-12-26 23:00:00+00:00,2022-12-27 00:00:00+01:00,41066.135,41.066135,3.7,83,0,0,0,1,12
2022-12-27 00:00:00+00:00,2022-12-27 01:00:00+01:00,39513.2275,39.5132275,2.6,81,0,0,1,1,12
2022-12-27 01:00:00+00:00,2022-12-27 02:00:00+01:00,39460.8275,39.4608275,2.4,84,0,0,2,1,12
2022-12-27 02:00:00+00:00,2022-12-27 03:00:00+01:00,40153.4475,40.1534475,2.0,86,0,0,3,1,12
2022-12-27 03:00:00+00:00,2022-12-27 04:00:00+01:00,41125.2375,41.125237500000004,1.7,89,0,0,4,1,12
2022-12-27 04:00:00+00:00,2022-12-27 05:00:00+01:00,42473.5025,42.4735025,1.5,92,0,0,5,1,12
2022-12-27 05:00:00+00:00,2022-12-27 06:00:00+01:00,45361.0525,45.3610525,1.6,93,0,0,6,1,12
2022-12-27 06:00:00+00:00,2022-12-27 07:00:00+01:00,49137.33,49.13733,1.6,94,0,0,7,1,12
2022-12-27 07:00:00+00:00,2022-12-27 08:00:00+01:00,52671.5975,52.671597500000004,2.2,94,0,1,8,1,12
2022-12-27 08:00:00+00:00,2022-12-27 09:00:00+01:00,54747.2525,54.7472525,3.0,93,0,1,9,1,12
2022-12-27 09:00:00+00:00,2022-12-27 10:00:00+01:00,55663.3875,55.6633875,4.5,87,0,1,10,1,12
2022-12-27 10:00:00+00:00,2022-12-27 11:00:00+01:00,56756.380000000005,56.75638000000001,5.7,81,0,1,11,1,12
2022-12-27 11:00:00+00:00,2022-12-27 12:00:00+01:00,56712.4675,56.712467499999995,6.5,76,0,1,12,1,12
2022-12-27 12:00:00+00:00,2022-12-27 13:00:00+01:00,55445.445,55.445445,6.3,75,0,1,13,1,12
2022-12-27 13:00:00+00:00,2022-12-27 14:00:00+01:00,54380.8125,54.3808125,6.7,71,0,1,14,1,12
2022-12-27 14:00:00+00:00,2022-12-27 15:00:00+01:00,54136.15,54.13615,6.7,71,0,1,15,1,12
2022-12-27 15:00:00+00:00,2022-12-27 16:00:00+01:00,55544.270000000004,55.544270000000004,5.6,77,0,1,16,1,12
2022-12-27 16:00:00+00:00,2022-12-27 17:00:00+01:00,58227.1625,58.2271625,4.1,85,0,1,17,1,12
2022-12-27 17:00:00+00:00,2022-12-27 18:00:00+01:00,58486.915,58.486915,3.7,87,0,1,18,1,12
2022-12-27 18:00:00+00:00,2022-12-27 19:00:00+01:00,56459.862499999996,56.45986249999999,3.3,90,0,1,19,1,12
2022-12-27 19:00:00+00:00,2022-12-27 20:00:00+01:00,52992.0575,52.9920575,2.8,92,0,1,20,1,12
2022-12-27 20:00:00+00:00,2022-12-27 21:00:00+01:00,50690.2525,50.6902525,2.4,93,0,0,21,1,12
2022-12-27 21:00:00+00:00,2022-12-27 22:00:00+01:00,49047.979999999996,49.047979999999995,2.1,94,0,0,22,1,12
2022-12-27 22:00:00+00:00,2022-12-27 23:00:00+01:00,45760.16,45.760160000000006,1.9,95,0,0,23,1,12
2022-12-27 23:00:00+00:00,2022-12-28 00:00:00+01:00,42837.99,42.83799,1.8,95,0,0,0,2,12
2022-12-28 00:00:00+00:00,2022-12-28 01:00:00+01:00,41446.3125,41.4463125,2.1,95,0,0,1,2,12
2022-12-28 01:00:00+00:00,2022-12-28 02:00:00+01:00,40800.535,40.800535,2.2,94,0,0,2,2,12
2022-12-28 02:00:00+00:00,2022-12-28 03:00:00+01:00,40934.8675,40.9348675,3.0,91,0,0,3,2,12
2022-12-28 03:00:00+00:00,2022-12-28 04:00:00+01:00,42025.16,42.02516000000001,3.1,91,0,0,4,2,12
2022-12-28 04:00:00+00:00,2022-12-28 05:00:00+01:00,44105.1775,44.105177499999996,3.9,88,0,0,5,2,12
2022-12-28 05:00:00+00:00,2022-12-28 06:00:00+01:00,47522.625,47.522625,4.9,84,0,0,6,2,12
2022-12-28 06:00:00+00:00,2022-12-28 07:00:00+01:00,50738.47,50.73847,5.4,82,0,0,7,2,12
2022-12-28 07:00:00+00:00,2022-12-28 08:00:00+01:00,53276.805,53.276805,5.8,81,0,1,8,2,12
2022-12-28 08:00:00+00:00,2022-12-28 09:00:00+01:00,55388.7675,55.3887675,5.9,81,0,1,9,2,12
2022-12-28 09:00:00+00:00,2022-12-28 10:00:00+01:00,56501.005,56.501005,6.1,81,0,1,10,2,12
2022-12-28 10:00:00+00:00,2022-12-28 11:00:00+01:00,57190.235,57.190235,6.5,79,0,1,11,2,12
2022-12-28 11:00:00+00:00,2022-12-28 12:00:00+01:00,57347.125,57.347125,7.7,77,0,1,12,2,12
2022-12-28 12:00:00+00:00,2022-12-28 13:00:00+01:00,56310.7375,56.3107375,8.0,82,0,1,13,2,12
2022-12-28 13:00:00+00:00,2022-12-28 14:00:00+01:00,55072.285,55.072285,9.0,78,0,1,14,2,12
2022-12-28 14:00:00+00:00,2022-12-28 15:00:00+01:00,54925.395,54.925394999999995,8.6,77,0,1,15,2,12
2022-12-28 15:00:00+00:00,2022-12-28 16:00:00+01:00,55982.925,55.982925,8.4,77,0,1,16,2,12
2022-12-28 16:00:00+00:00,2022-12-28 17:00:00+01:00,58043.26,58.043260000000004,8.1,75,0,1,17,2,12
2022-12-28 17:00:00+00:00,2022-12-28 18:00:00+01:00,57539.9025,57.5399025,8.4,72,0,1,18,2,12
2022-12-28 18:00:00+00:00,2022-12-28 19:00:00+01:00,56078.6125,56.078612500000006,8.6,73,0,1,19,2,12
2022-12-28 19:00:00+00:00,2022-12-28 20:00:00+01:00,53202.465,53.202465,8.3,72,0,1,20,2,12
2022-12-28 20:00:00+00:00,2022-12-28 21:00:00+01:00,50796.305,50.796305000000004,8.3,69,0,0,21,2,12
2022-12-28 21:00:00+00:00,2022-12-28 22:00:00+01:00,48537.885,48.537885,8.7,67,0,0,22,2,12
2022-12-28 22:00:00+00:00,2022-12-28 23:00:00+01:00,45227.667499999996,45.227667499999995,9.1,68,0,0,23,2,12
2022-12-28 23:00:00+00:00,2022-12-29 00:00:00+01:00,41707.119999999995,41.707119999999996,9.7,69,0,0,0,3,12
2022-12-29 00:00:00+00:00,2022-12-29 01:00:00+01:00,39912.21,39.91221,9.4,80,0,0,1,3,12
2022-12-29 01:00:00+00:00,2022-12-29 02:00:00+01:00,38887.51,38.88751,9.2,88,0,0,2,3,12
2022-12-29 02:00:00+00:00,2022-12-29 03:00:00+01:00,39264.705,39.264705,10.0,83,0,0,3,3,12
2022-12-29 03:00:00+00:00,2022-12-29 04:00:00+01:00,40213.8175,40.2138175,10.3,81,0,0,4,3,12
2022-12-29 04:00:00+00:00,2022-12-29 05:00:00+01:00,42622.92,42.62292,10.7,76,0,0,5,3,12
2022-12-29 05:00:00+00:00,2022-12-29 06:00:00+01:00,45407.3375,45.407337500000004,11.2,72,0,0,6,3,12
2022-12-29 06:00:00+00:00,2022-12-29 07:00:00+01:00,48955.3925,48.9553925,11.4,69,0,0,7,3,12
2022-12-29 07:00:00+00:00,2022-12-29 08:00:00+01:00,51968.0325,51.9680325,11.1,71,0,1,8,3,12
2022-12-29 08:00:00+00:00,2022-12-29 09:00:00+01:00,54098.2875,54.0982875,11.1,72,0,1,9,3,12
2022-12-29 09:00:00+00:00,2022-12-29 10:00:00+01:00,55198.33,55.19833,10.6,79,0,1,10,3,12
2022-12-29 10:00:00+00:00,2022-12-29 11:00:00+01:00,55747.89,55.74789,10.2,82,0,1,11,3,12
2022-12-29 11:00:00+00:00,2022-12-29 12:00:00+01:00,56091.7525,56.091752500000005,10.2,84,0,1,12,3,12
2022-12-29 12:00:00+00:00,2022-12-29 13:00:00+01:00,55284.8825,55.2848825,11.0,82,0,1,13,3,12
2022-12-29 13:00:00+00:00,2022-12-29 14:00:00+01:00,54240.97,54.240970000000004,11.1,80,0,1,14,3,12
2022-12-29 14:00:00+00:00,2022-12-29 15:00:00+01:00,54212.229999999996,54.21223,10.9,77,0,1,15,3,12
2022-12-29 15:00:00+00:00,2022-12-29 16:00:00+01:00,55606.895,55.606894999999994,10.6,77,0,1,16,3,12
2022-12-29 16:00:00+00:00,2022-12-29 17:00:00+01:00,57499.274999999994,57.499275,9.8,78,0,1,17,3,12
2022-12-29 17:00:00+00:00,2022-12-29 18:00:00+01:00,57207.565,57.207565,9.5,79,0,1,18,3,12
2022-12-29 18:00:00+00:00,2022-12-29 19:00:00+01:00,55077.895,55.077895,8.8,83,0,1,19,3,12
2022-12-29 19:00:00+00:00,2022-12-29 20:00:00+01:00,52130.8525,52.1308525,8.6,84,0,1,20,3,12
2022-12-29 20:00:00+00:00,2022-12-29 21:00:00+01:00,49544.947499999995,49.54494749999999,7.7,88,0,0,21,3,12
2022-12-29 21:00:00+00:00,2022-12-29 22:00:00+01:00,47533.92,47.533919999999995,7.5,90,0,0,22,3,12
2022-12-29 22:00:00+00:00,2022-12-29 23:00:00+01:00,44660.44,44.66044,7.3,90,0,0,23,3,12
2022-12-29 23:00:00+00:00,2022-12-30 00:00:00+01:00,42264.94,42.26494,6.6,93,0,0,0,4,12
2022-12-30 00:00:00+00:00,2022-12-30 01:00:00+01:00,40241.41,40.24141,6.2,92,0,0,1,4,12
2022-12-30 01:00:00+00:00,2022-12-30 02:00:00+01:00,39348.24,39.34824,5.8,93,0,0,2,4,12
2022-12-30 02:00:00+00:00,2022-12-30 03:00:00+01:00,39186.6425,39.186642500000005,5.3,94,0,0,3,4,12
2022-12-30 03:00:00+00:00,2022-12-30 04:00:00+01:00,40383.195,40.383195,4.9,95,0,0,4,4,12
2022-12-30 04:00:00+00:00,2022-12-30 05:00:00+01:00,41855.6175,41.8556175,4.5,95,0,0,5,4,12
2022-12-30 05:00:00+00:00,2022-12-30 06:00:00+01:00,43678.7825,43.678782500000004,4.2,96,0,0,6,4,12
2022-12-30 06:00:00+00:00,2022-12-30 07:00:00+01:00,47446.71,47.446709999999996,4.9,96,0,0,7,4,12
2022-12-30 07:00:00+00:00,2022-12-30 08:00:00+01:00,50802.6975,50.8026975,5.7,93,0,1,8,4,12
2022-12-30 08:00:00+00:00,2022-12-30 09:00:00+01:00,52395.1175,52.3951175,5.7,93,0,1,9,4,12
2022-12-30 09:00:00+00:00,2022-12-30 10:00:00+01:00,53344.14,53.344139999999996,6.4,90,0,1,10,4,12
2022-12-30 10:00:00+00:00,2022-12-30 11:00:00+01:00,54124.4275,54.124427499999996,7.6,85,0,1,11,4,12
2022-12-30 11:00:00+00:00,2022-12-30 12:00:00+01:00,53794.417499999996,53.794417499999994,8.1,85,0,1,12,4,12
2022-12-30 12:00:00+00:00,2022-12-30 13:00:00+01:00,52377.33,52.37733,8.8,79,0,1,13,4,12
2022-12-30 13:00:00+00:00,2022-12-30 14:00:00+01:00,52167.5725,52.1675725,8.9,78,0,1,14,4,12
2022-12-30 14:00:00+00:00,2022-12-30 15:00:00+01:00,53026.8925,53.0268925,8.7,75,0,1,15,4,12
2022-12-30 15:00:00+00:00,2022-12-30 16:00:00+01:00,55470.165,55.470165,8.9,71,0,1,16,4,12
2022-12-30 16:00:00+00:00,2022-12-30 17:00:00+01:00,57672.3875,57.6723875,8.9,80,0,1,17,4,12
2022-12-30 17:00:00+00:00,2022-12-30 18:00:00+01:00,58137.1,58.1371,8.9,88,0,1,18,4,12
2022-12-30 18:00:00+00:00,2022-12-30 19:00:00+01:00,55606.520000000004,55.60652,9.4,90,0,1,19,4,12
2022-12-30 19:00:00+00:00,2022-12-30 20:00:00+01:00,52134.5675,52.134567499999996,10.6,88,0,1,20,4,12
2022-12-30 20:00:00+00:00,2022-12-30 21:00:00+01:00,49492.01,49.49201,11.6,85,0,0,21,4,12
2022-12-30 21:00:00+00:00,2022-12-30 22:00:00+01:00,47330.6575,47.3306575,11.9,85,0,0,22,4,12
2022-12-30 22:00:00+00:00,2022-12-30 23:00:00+01:00,43960.630000000005,43.96063,12.3,84,0,0,23,4,12
2022-12-30 23:00:00+00:00,2022-12-31 00:00:00+01:00,40104.18,40.10418,12.6,84,1,0,0,5,12
2022-12-31 00:00:00+00:00,2022-12-31 01:00:00+01:00,37941.7225,37.941722500000004,12.2,90,1,0,1,5,12
2022-12-31 01:00:00+00:00,2022-12-31 02:00:00+01:00,36995.5075,36.9955075,12.4,88,1,0,2,5,12
2022-12-31 02:00:00+00:00,2022-12-31 03:00:00+01:00,36764.990000000005,36.764990000000004,12.8,87,1,0,3,5,12
2022-12-31 03:00:00+00:00,2022-12-31 04:00:00+01:00,37110.2275,37.1102275,13.6,85,1,0,4,5,12
2022-12-31 04:00:00+00:00,2022-12-31 05:00:00+01:00,37913.2525,37.913252500000006,13.9,84,1,0,5,5,12
2022-12-31 05:00:00+00:00,2022-12-31 06:00:00+01:00,39174.22,39.17422,14.1,82,1,0,6,5,12
2022-12-31 06:00:00+00:00,2022-12-31 07:00:00+01:00,41297.8625,41.2978625,14.4,80,1,0,7,5,12
2022-12-31 07:00:00+00:00,2022-12-31 08:00:00+01:00,44931.215,44.931214999999995,14.6,78,1,1,8,5,12
2022-12-31 08:00:00+00:00,2022-12-31 09:00:00+01:00,46627.9,46.627900000000004,14.4,77,1,1,9,5,12
2022-12-31 09:00:00+00:00,2022-12-31 10:00:00+01:00,48324.96,48.32496,14.5,75,1,1,10,5,12
2022-12-31 10:00:00+00:00,2022-12-31 11:00:00+01:00,49909.927500000005,49.9099275,14.9,74,1,1,11,5,12
2022-12-31 11:00:00+00:00,2022-12-31 12:00:00+01:00,50325.5925,50.3255925,15.3,73,1,1,12,5,12
2022-12-31 12:00:00+00:00,2022-12-31 13:00:00+01:00,50289.707500000004,50.289707500000006,15.4,75,1,1,13,5,12
2022-12-31 13:00:00+00:00,2022-12-31 14:00:00+01:00,49282.965,49.282965,15.6,72,1,1,14,5,12
2022-12-31 14:00:00+00:00,2022-12-31 15:00:00+01:00,49321.935,49.321934999999996,15.7,69,1,1,15,5,12
2022-12-31 15:00:00+00:00,2022-12-31 16:00:00+01:00,50321.7675,50.3217675,15.4,67,1,1,16,5,12
2022-12-31 16:00:00+00:00,2022-12-31 17:00:00+01:00,52968.0475,52.9680475,15.2,66,1,1,17,5,12
2022-12-31 17:00:00+00:00,2022-12-31 18:00:00+01:00,52682.2575,52.6822575,15.2,65,1,1,18,5,12
2022-12-31 18:00:00+00:00,2022-12-31 19:00:00+01:00,50247.685,50.247685,15.0,64,1,1,19,5,12
2022-12-31 19:00:00+00:00,2022-12-31 20:00:00+01:00,46976.9675,46.9769675,14.7,65,1,1,20,5,12
2022-12-31 20:00:00+00:00,2022-12-31 21:00:00+01:00,44441.8375,44.4418375,14.5,65,1,0,21,5,12
2022-12-31 21:00:00+00:00,2022-12-31 22:00:00+01:00,42925.2675,42.925267500000004,14.5,65,1,0,22,5,12
2022-12-31 22:00:00+00:00,2022-12-31 23:00:00+01:00,41063.0925,41.063092499999996,13.8,68,1,0,23,5,12
2022-12-31 23:00:00+00:00,2023-01-01 00:00:00+01:00,38741.0875,38.7410875,12.9,71,1,0,0,6,1
