Date,DE_LU, IT_NORD, FR,AT,PL, ES, BE, NL
2019-12-31 00:00:00+00:00,41.88,41.88,41.88,41.88,34.95,41.88,41.88,41.88
2020-01-01 00:00:00+00:00,34.69416666666667,35.297916666666666,34.93625,34.76333333333333,33.39666666666667,35.27041666666667,35.17875,34.30833333333333
2020-01-02 00:00:00+00:00,38.28875,42.620416666666664,39.32125,39.87375,38.651666666666664,39.85541666666666,38.85541666666666,38.44833333333333
2020-01-03 00:00:00+00:00,26.170833333333334,41.367916666666666,36.949999999999996,38.057916666666664,36.62375,39.754583333333336,37.81125,37.47666666666667
2020-01-04 00:00:00+00:00,20.747916666666665,41.51625,34.26541666666667,33.49333333333333,36.07416666666666,35.46625,35.6475,33.762499999999996
2020-01-05 00:00:00+00:00,35.388333333333335,37.442083333333336,35.88125,35.5325,34.67416666666667,38.79,36.095,35.013333333333335
2020-01-06 00:00:00+00:00,38.20041666666666,40.154583333333335,39.31583333333333,38.45666666666667,39.053333333333335,41.92541666666667,38.07958333333333,38.071666666666665
2020-01-07 00:00:00+00:00,40.03208333333333,49.17583333333334,41.83625,41.994166666666665,47.48291666666666,47.00958333333333,40.600833333333334,39.972500000000004
2020-01-08 00:00:00+00:00,34.211666666666666,46.989583333333336,40.649166666666666,44.77458333333333,41.88791666666666,46.99583333333334,40.672916666666666,40.43541666666667
2020-01-09 00:00:00+00:00,35.950833333333335,52.82083333333333,36.01958333333334,40.985,50.90541666666667,43.68833333333333,36.08375,36.08083333333334
2020-01-10 00:00:00+00:00,35.13583333333333,50.95875,38.78,41.83708333333333,43.47833333333333,40.93625,40.034166666666664,39.85666666666666
2020-01-11 00:00:00+00:00,31.347916666666666,41.73833333333334,34.74791666666667,36.1625,45.50208333333333,41.89208333333333,32.946666666666665,32.807916666666664
2020-01-12 00:00:00+00:00,22.59583333333333,42.346666666666664,29.086666666666662,30.975416666666664,28.721666666666668,42.628750000000004,30.255,31.101249999999997
2020-01-13 00:00:00+00:00,37.71208333333333,52.81,38.282916666666665,42.48708333333334,50.58708333333333,45.703333333333326,37.992916666666666,37.83708333333333
2020-01-14 00:00:00+00:00,23.08666666666667,54.125,30.5775,42.07125,46.879999999999995,38.62833333333334,29.820833333333336,28.9225
2020-01-15 00:00:00+00:00,25.47,52.534166666666664,31.875416666666666,40.55375,41.72958333333333,38.559583333333336,31.077916666666667,31.715416666666666
2020-01-16 00:00:00+00:00,38.1275,48.73458333333334,36.994166666666665,42.54916666666667,51.75333333333333,38.43,37.255833333333335,37.38666666666666
2020-01-17 00:00:00+00:00,36.67791666666667,49.84458333333333,37.013749999999995,39.85875,46.21625,39.985416666666666,36.964999999999996,36.99208333333333
2020-01-18 00:00:00+00:00,32.30416666666667,44.862500000000004,35.71,38.91041666666667,46.63333333333333,37.80916666666666,35.10958333333333,33.13708333333333
2020-01-19 00:00:00+00:00,33.940000000000005,40.018750000000004,33.29708333333333,38.04916666666667,42.24166666666667,29.56375,33.46125,33.669583333333335
2020-01-20 00:00:00+00:00,44.48916666666667,46.03333333333333,44.827916666666674,45.12583333333333,51.330000000000005,35.885416666666664,44.99916666666667,44.38708333333333
2020-01-21 00:00:00+00:00,41.66125,47.7925,46.9925,46.32416666666666,44.912083333333335,39.35458333333333,48.35208333333333,45.23583333333334
2020-01-22 00:00:00+00:00,46.12708333333333,49.93,48.4575,47.92208333333334,47.10958333333334,47.909166666666664,49.843333333333334,48.87041666666667
2020-01-23 00:00:00+00:00,51.37625,50.96125,51.416666666666664,51.39833333333333,51.42083333333333,53.807916666666664,51.39958333333333,50.094166666666666
2020-01-24 00:00:00+00:00,50.2425,51.930416666666666,51.12708333333333,50.557916666666664,47.04708333333334,53.76499999999999,51.340833333333336,48.66083333333333
2020-01-25 00:00:00+00:00,40.275,44.357499999999995,40.487500000000004,40.605,44.36541666666667,48.01208333333333,40.302083333333336,36.48166666666667
2020-01-26 00:00:00+00:00,33.62708333333333,41.87833333333334,34.433749999999996,36.26375,40.060833333333335,39.47875,32.99916666666667,32.84041666666666
2020-01-27 00:00:00+00:00,37.46541666666666,47.17166666666666,38.48,42.13916666666666,52.36375,39.027499999999996,37.67583333333334,34.29833333333333
2020-01-28 00:00:00+00:00,31.314166666666665,45.06916666666667,34.835,39.8375,48.36541666666667,39.076249999999995,33.21791666666667,31.68958333333333
2020-01-29 00:00:00+00:00,33.57958333333333,44.29416666666666,36.26208333333333,39.74,44.6925,39.336666666666666,34.6775,33.932916666666664
2020-01-30 00:00:00+00:00,31.611666666666665,44.25208333333333,35.375,40.51291666666666,49.0525,38.07791666666667,35.822916666666664,36.151666666666664
2020-01-31 00:00:00+00:00,22.487916666666667,43.422083333333326,28.830416666666668,39.677083333333336,45.07041666666667,36.85916666666667,28.687083333333334,29.589166666666667
2020-02-01 00:00:00+00:00,6.625,38.75416666666667,17.754166666666666,37.97208333333334,41.63333333333333,29.412499999999998,19.18583333333333,29.13416666666667
2020-02-02 00:00:00+00:00,17.858333333333334,35.316250000000004,20.138749999999998,25.721666666666668,30.955416666666668,28.215,25.2375,30.099166666666665
2020-02-03 00:00:00+00:00,27.860833333333332,37.660833333333336,26.63291666666667,27.897499999999997,48.39125000000001,40.735416666666666,27.140833333333333,27.59583333333333
2020-02-04 00:00:00+00:00,28.069166666666664,40.224583333333335,28.165833333333335,28.5125,47.38833333333333,37.24208333333333,28.455416666666668,28.4275
2020-02-05 00:00:00+00:00,36.24375,39.32625,36.68875,36.39083333333333,45.284166666666664,37.149166666666666,37.29458333333333,35.685833333333335
2020-02-06 00:00:00+00:00,37.20333333333333,41.19875,37.21958333333333,37.26541666666667,40.97625,38.89625,37.42958333333333,37.31791666666667
2020-02-07 00:00:00+00:00,36.34875,47.05916666666667,34.532916666666665,36.42,50.76458333333333,39.86541666666667,34.96083333333333,34.56666666666667
2020-02-08 00:00:00+00:00,27.96083333333333,38.468333333333334,27.894166666666667,28.16541666666667,47.800000000000004,38.74333333333333,28.490416666666665,28.627916666666668
2020-02-09 00:00:00+00:00,0.39833333333333343,34.10958333333333,14.264583333333334,27.299166666666665,30.300833333333333,29.827916666666667,22.010416666666668,24.742500000000003
2020-02-10 00:00:00+00:00,8.545416666666666,38.85375,19.963333333333335,32.11666666666667,42.79208333333333,32.36208333333334,24.431250000000002,25.58375
2020-02-11 00:00:00+00:00,11.293333333333335,39.454166666666666,24.946250000000003,21.915833333333335,43.6625,42.13666666666666,26.54041666666667,25.44666666666667
2020-02-12 00:00:00+00:00,20.395,42.83083333333334,28.580833333333334,23.36375,40.305,43.85541666666666,28.541666666666668,27.309583333333332
2020-02-13 00:00:00+00:00,37.665,41.27291666666667,30.519583333333333,37.54416666666666,49.872083333333336,38.48083333333333,33.85666666666667,37.13375
2020-02-14 00:00:00+00:00,36.069583333333334,38.499583333333334,30.842083333333335,35.97666666666667,54.73666666666667,41.79708333333333,32.889583333333334,34.01291666666666
2020-02-15 00:00:00+00:00,19.015416666666667,35.586666666666666,21.73375,24.902083333333334,40.25791666666667,34.615833333333335,23.155,25.083333333333332
2020-02-16 00:00:00+00:00,-9.071666666666667,33.998333333333335,8.092083333333333,7.911666666666666,23.24875,24.631249999999998,17.447916666666668,20.79625
2020-02-17 00:00:00+00:00,20.150000000000002,39.876666666666665,24.41125,25.672083333333333,34.9575,36.0625,24.90875,25.47875
2020-02-18 00:00:00+00:00,21.965416666666666,39.47416666666667,26.58791666666667,29.947083333333335,37.645833333333336,38.5375,26.917083333333334,27.020833333333332
2020-02-19 00:00:00+00:00,31.05458333333333,40.15291666666666,31.282083333333333,32.66458333333333,40.73791666666667,42.815416666666664,31.0975,31.06625
2020-02-20 00:00:00+00:00,27.93625,39.058749999999996,30.007916666666663,30.48708333333333,47.88708333333333,42.119166666666665,30.369583333333335,29.495833333333334
2020-02-21 00:00:00+00:00,24.300833333333333,44.10375,30.815416666666664,30.487916666666663,35.49041666666667,39.655,29.679999999999996,28.461250000000003
2020-02-22 00:00:00+00:00,-2.0458333333333334,36.33291666666667,23.959999999999997,26.56125,30.40041666666667,39.55625,28.58791666666667,29.006249999999998
2020-02-23 00:00:00+00:00,7.152083333333334,29.665000000000003,19.172083333333333,12.57625,30.239166666666666,36.645833333333336,26.083333333333332,29.76375
2020-02-24 00:00:00+00:00,28.9025,38.48166666666667,28.022916666666664,32.28041666666667,42.71541666666667,41.2425,31.9725,33.86875
2020-02-25 00:00:00+00:00,24.753333333333334,39.69375,26.876666666666665,29.1825,43.106249999999996,32.55166666666667,27.81041666666667,28.18625
2020-02-26 00:00:00+00:00,31.921666666666667,36.24666666666666,31.254166666666666,31.921666666666667,44.68083333333333,32.16166666666667,31.561666666666667,31.850416666666664
2020-02-27 00:00:00+00:00,38.3575,39.57041666666667,34.526666666666664,38.395,48.27333333333333,30.53333333333333,36.214999999999996,37.8325
2020-02-28 00:00:00+00:00,29.825833333333335,42.02625,30.4075,31.084999999999997,42.54958333333334,33.49916666666667,30.11916666666667,30.1825
2020-02-29 00:00:00+00:00,8.68875,34.5475,15.935,22.864166666666666,28.12875,16.469166666666666,19.93916666666667,23.17625
2020-03-01 00:00:00+00:00,8.358333333333333,24.742500000000003,15.950000000000001,23.381666666666664,28.74625,14.344583333333333,20.072083333333335,21.63291666666667
2020-03-02 00:00:00+00:00,33.25125,35.73375,32.78333333333333,33.25125,49.12083333333334,22.116666666666664,32.975833333333334,33.202083333333334
2020-03-03 00:00:00+00:00,36.41833333333333,39.5425,36.78666666666667,36.85,46.34041666666667,26.340416666666666,36.07958333333333,35.99791666666666
2020-03-04 00:00:00+00:00,39.61666666666667,42.37166666666666,39.346250000000005,39.61666666666667,47.91916666666666,32.50625,39.46875,39.593333333333334
2020-03-05 00:00:00+00:00,35.834583333333335,44.856249999999996,33.62416666666667,35.834583333333335,50.03208333333333,24.895,34.524166666666666,35.652499999999996
2020-03-06 00:00:00+00:00,30.746666666666666,37.059583333333336,30.747500000000002,31.565833333333334,41.96083333333333,21.73625,30.747083333333332,30.746666666666666
2020-03-07 00:00:00+00:00,28.66333333333333,37.82125,28.1825,28.66333333333333,42.464999999999996,27.832083333333333,28.339166666666667,28.614583333333332
2020-03-08 00:00:00+00:00,17.2825,23.165000000000003,18.5575,18.5975,39.97666666666667,26.64,19.075,20.682916666666667
2020-03-09 00:00:00+00:00,37.07333333333333,43.885416666666664,35.82541666666667,37.53666666666667,52.537083333333335,32.63875,36.072916666666664,36.52708333333333
2020-03-10 00:00:00+00:00,22.245,39.29208333333333,26.755,30.41875,51.017500000000005,34.915416666666665,26.554166666666664,26.07875
2020-03-11 00:00:00+00:00,22.996666666666666,39.244166666666665,25.993750000000002,27.275000000000002,40.803333333333335,38.689166666666665,26.410416666666666,26.67
2020-03-12 00:00:00+00:00,12.245416666666666,39.262499999999996,25.294583333333335,25.702083333333334,35.13166666666667,38.25958333333333,24.80875,24.6875
2020-03-13 00:00:00+00:00,17.650000000000002,33.74875,29.413750000000004,24.833333333333332,33.232083333333335,34.44708333333333,29.550833333333333,29.03125
2020-03-14 00:00:00+00:00,29.431250000000002,34.630833333333335,29.23875,29.513333333333335,37.415416666666665,35.60583333333333,29.200416666666666,28.471666666666668
2020-03-15 00:00:00+00:00,4.889166666666667,20.837500000000002,13.930833333333334,8.727916666666667,21.460416666666664,26.185833333333335,18.3475,20.544999999999998
2020-03-16 00:00:00+00:00,31.42125,33.461666666666666,30.8025,31.340416666666666,36.82375,27.07375,30.99416666666667,31.020833333333332
2020-03-17 00:00:00+00:00,28.03625,32.11875,28.15625,28.103333333333335,41.513333333333335,28.705416666666665,27.618750000000002,27.175416666666667
2020-03-18 00:00:00+00:00,26.6125,28.16,26.342083333333335,27.135,37.714166666666664,30.624166666666667,26.414166666666663,26.38
2020-03-19 00:00:00+00:00,28.62875,28.75,25.264166666666668,28.529583333333335,38.7675,30.379583333333333,26.452916666666667,28.091250000000002
2020-03-20 00:00:00+00:00,24.84583333333333,28.130416666666665,20.650833333333335,24.647916666666664,35.89875,27.971666666666668,22.675,24.10875
2020-03-21 00:00:00+00:00,10.290000000000001,21.96291666666667,11.304166666666667,10.535833333333334,26.324583333333333,27.762083333333333,11.835,13.438333333333333
2020-03-22 00:00:00+00:00,-0.7570833333333334,23.57625,6.16125,4.4695833333333335,20.576666666666664,27.61375,0.74625,6.627916666666667
2020-03-23 00:00:00+00:00,17.172916666666666,17.473333333333333,16.919583333333332,17.141666666666666,32.181666666666665,28.763333333333335,17.101666666666667,17.262083333333333
2020-03-24 00:00:00+00:00,20.5625,26.537499999999998,20.22375,20.692083333333333,33.73291666666667,27.806250000000002,20.78875,21.283333333333335
2020-03-25 00:00:00+00:00,23.0775,25.402083333333334,22.45125,23.090833333333332,33.74,31.39,22.746666666666666,23.108333333333334
2020-03-26 00:00:00+00:00,22.295,24.42125,21.38416666666667,22.53625,33.60333333333333,22.593333333333334,21.795833333333334,22.297083333333333
2020-03-27 00:00:00+00:00,21.57625,30.236666666666665,21.483333333333334,21.78833333333333,33.068333333333335,25.337083333333336,21.52125,21.57625
2020-03-28 00:00:00+00:00,13.817916666666667,30.437083333333334,13.707916666666668,16.72375,32.443333333333335,27.869583333333335,13.247916666666667,14.121666666666668
2020-03-29 00:00:00+00:00,5.0529166666666665,28.758333333333336,7.545416666666667,5.697083333333333,21.41625,18.80125,2.7229166666666664,4.542083333333333
2020-03-30 00:00:00+00:00,23.618750000000002,32.925000000000004,22.014583333333334,23.618750000000002,33.48041666666666,18.962083333333336,22.66125,23.447083333333335
2020-03-31 00:00:00+00:00,25.145,24.876666666666665,22.02208333333333,24.839166666666667,35.62375,21.040833333333335,23.152916666666666,24.497083333333332
2020-04-01 00:00:00+00:00,23.553749999999997,24.730833333333333,23.170833333333334,23.745416666666667,29.749583333333334,26.407916666666665,23.274583333333336,23.50583333333333
2020-04-02 00:00:00+00:00,19.681250000000002,28.725416666666664,21.592916666666667,23.264583333333334,28.349166666666665,23.621666666666666,22.246666666666666,22.17625
2020-04-03 00:00:00+00:00,22.844166666666666,26.644583333333333,22.413749999999997,22.844166666666666,27.49416666666667,24.032083333333333,22.595,22.803749999999997
2020-04-04 00:00:00+00:00,19.36625,19.114166666666666,16.047083333333333,19.075416666666666,32.25291666666667,14.82,17.504583333333333,19.203333333333333
2020-04-05 00:00:00+00:00,1.9129166666666668,17.66541666666667,5.464166666666666,5.49125,28.227500000000003,9.268749999999999,3.627083333333333,6.477083333333333
2020-04-06 00:00:00+00:00,18.547083333333333,29.20625,13.731666666666667,19.08375,34.56166666666667,25.12625,15.572916666666666,18.146666666666665
2020-04-07 00:00:00+00:00,23.609583333333333,30.347083333333334,16.642500000000002,23.3175,33.754583333333336,22.47125,19.742083333333333,23.23875
2020-04-08 00:00:00+00:00,26.60625,26.86791666666667,15.510416666666666,26.159583333333334,36.645833333333336,23.44875,21.020833333333332,26.108333333333334
2020-04-09 00:00:00+00:00,23.7675,25.745,16.635833333333334,23.884583333333335,34.4625,22.029583333333335,19.895416666666666,23.645416666666666
2020-04-10 00:00:00+00:00,22.967916666666667,22.125833333333333,14.547916666666666,22.499166666666667,35.645833333333336,19.515,19.16,23.189999999999998
2020-04-11 00:00:00+00:00,20.638333333333332,22.995,13.785000000000002,20.327083333333334,38.51416666666667,21.84,17.130416666666665,20.427083333333332
2020-04-12 00:00:00+00:00,11.183333333333332,15.416666666666666,10.105,11.1425,25.41541666666667,17.5675,12.279583333333333,11.74875
2020-04-13 00:00:00+00:00,-16.05875,13.959583333333333,-6.179166666666666,-13.525833333333333,21.826666666666668,22.880416666666665,-17.300833333333333,-3.8541666666666665
2020-04-14 00:00:00+00:00,21.098333333333333,25.241249999999997,12.78625,20.735,31.920416666666668,21.314583333333335,19.151666666666667,22.914583333333336
2020-04-15 00:00:00+00:00,20.357083333333332,19.387083333333333,14.02625,20.41125,28.338333333333335,16.16375,19.652083333333334,21.602083333333336
2020-04-16 00:00:00+00:00,25.41,22.9175,12.70375,24.594583333333333,31.055833333333336,12.8375,17.664583333333333,23.048333333333332
2020-04-17 00:00:00+00:00,27.710416666666664,29.75,14.5475,26.625833333333333,35.617916666666666,15.024583333333334,18.5675,23.648750000000003
2020-04-18 00:00:00+00:00,19.734166666666667,28.229583333333334,14.802916666666667,19.569166666666668,32.795,20.919166666666666,18.41,20.755
2020-04-19 00:00:00+00:00,6.5183333333333335,24.073333333333334,6.622083333333333,6.863333333333333,27.099999999999998,12.448333333333332,6.63,10.938333333333333
2020-04-20 00:00:00+00:00,2.4479166666666665,30.310416666666665,4.782916666666666,11.741666666666667,36.2025,11.456666666666665,2.7908333333333335,12.357083333333334
2020-04-21 00:00:00+00:00,-16.168333333333333,28.15125,4.104166666666667,6.260833333333333,36.73625,8.805416666666668,-15.066249999999998,10.45125
2020-04-22 00:00:00+00:00,9.179166666666667,31.425,9.817916666666667,10.286666666666667,37.28333333333333,11.232916666666668,9.177083333333334,14.800833333333335
2020-04-23 00:00:00+00:00,27.994583333333335,26.265833333333333,18.03625,26.24875,39.291666666666664,18.03625,21.99083333333333,25.906666666666666
2020-04-24 00:00:00+00:00,19.669999999999998,26.797083333333333,18.12125,19.6025,37.2025,18.226666666666667,19.400000000000002,21.392083333333332
2020-04-25 00:00:00+00:00,17.700416666666666,14.20375,15.499166666666667,17.530416666666667,34.3375,17.665,16.745416666666667,18.29125
2020-04-26 00:00:00+00:00,18.883333333333333,22.043333333333333,14.81,18.53875,35.68,15.595416666666667,16.174166666666668,18.330000000000002
2020-04-27 00:00:00+00:00,25.521666666666665,29.81958333333333,20.017500000000002,25.205416666666665,38.680416666666666,20.017500000000002,21.78333333333333,23.420416666666668
2020-04-28 00:00:00+00:00,24.815833333333334,24.89625,18.274166666666666,24.644583333333333,38.76791666666667,17.979166666666668,21.080000000000002,24.056250000000002
2020-04-29 00:00:00+00:00,22.907083333333333,21.107916666666664,12.179166666666667,22.72666666666667,35.891666666666666,10.294583333333334,16.958333333333332,22.195000000000004
2020-04-30 00:00:00+00:00,19.076249999999998,25.5475,7.584583333333334,18.999583333333334,35.272083333333335,7.224166666666666,12.539583333333333,18.048750000000002
2020-05-01 00:00:00+00:00,7.004166666666666,10.042083333333332,5.945,7.367916666666667,30.779583333333335,5.1025,8.030833333333334,14.614166666666668
2020-05-02 00:00:00+00:00,12.872083333333334,15.110833333333332,11.649583333333332,12.725833333333334,37.281666666666666,11.769583333333335,12.275,12.872083333333334
2020-05-03 00:00:00+00:00,14.509583333333333,15.064166666666667,12.217500000000001,14.22625,32.32083333333333,14.415416666666667,14.865416666666667,15.039166666666667
2020-05-04 00:00:00+00:00,26.105,29.88,16.0725,25.809583333333332,43.07666666666666,15.755833333333333,19.805416666666666,22.580416666666668
2020-05-05 00:00:00+00:00,21.92375,25.00375,18.385416666666668,21.85166666666667,38.729166666666664,18.660416666666666,19.274583333333336,20.381666666666668
2020-05-06 00:00:00+00:00,21.405833333333334,25.991249999999997,21.112083333333334,21.392083333333332,35.4125,22.442083333333333,21.094583333333333,21.11
2020-05-07 00:00:00+00:00,24.018333333333334,22.820833333333336,20.597083333333334,23.480833333333333,38.46375,21.01458333333333,21.202083333333334,20.105833333333333
2020-05-08 00:00:00+00:00,23.724999999999998,22.712083333333336,19.326666666666664,23.4275,40.625416666666666,19.9925,20.375416666666666,22.12708333333333
2020-05-09 00:00:00+00:00,21.895416666666666,23.874166666666667,17.760833333333334,21.68166666666667,38.47541666666667,18.5625,19.277916666666666,20.880416666666665
2020-05-10 00:00:00+00:00,11.23375,19.474999999999998,9.206249999999999,11.23375,32.96041666666667,12.165,10.454583333333334,11.305
2020-05-11 00:00:00+00:00,15.424166666666666,24.02916666666667,11.842500000000001,15.46125,37.069583333333334,16.136666666666667,12.073333333333332,14.939583333333333
2020-05-12 00:00:00+00:00,22.508750000000003,22.668333333333333,21.515416666666667,22.359166666666667,40.07625,24.379583333333333,21.952916666666667,22.45875
2020-05-13 00:00:00+00:00,29.345416666666665,27.92125,21.682916666666667,28.210416666666664,40.6775,25.271666666666665,21.824166666666667,21.29
2020-05-14 00:00:00+00:00,22.807916666666667,22.72791666666667,18.943749999999998,22.601249999999997,41.049166666666665,24.04625,20.030416666666667,21.7975
2020-05-15 00:00:00+00:00,21.14875,20.397916666666667,18.685416666666665,21.135,40.61416666666667,20.154166666666665,19.594166666666666,20.867916666666666
2020-05-16 00:00:00+00:00,16.896666666666665,19.517916666666668,15.902083333333332,16.770416666666666,34.27833333333333,16.09208333333333,16.7575,18.119583333333335
2020-05-17 00:00:00+00:00,9.330416666666666,15.657916666666667,10.02,9.541666666666666,22.785416666666666,16.41541666666667,10.367083333333333,12.880833333333333
2020-05-18 00:00:00+00:00,19.7275,22.629166666666666,16.92125,19.70625,37.412083333333335,26.0275,17.705000000000002,18.66875
2020-05-19 00:00:00+00:00,24.120833333333334,23.89125,19.837083333333336,23.693749999999998,41.78,26.132499999999997,21.4225,22.70375
2020-05-20 00:00:00+00:00,31.95958333333333,24.177083333333332,19.500833333333333,30.292083333333334,43.474583333333335,26.887083333333333,21.388333333333335,23.622083333333332
2020-05-21 00:00:00+00:00,19.398333333333333,17.888749999999998,17.67625,19.172083333333333,41.98,28.379166666666666,18.169166666666666,19.116666666666667
2020-05-22 00:00:00+00:00,18.351666666666667,18.72875,14.27125,18.444166666666668,41.83291666666667,29.185,12.862499999999999,16.551666666666666
2020-05-23 00:00:00+00:00,9.102500000000001,15.845,10.5325,10.361666666666666,39.303333333333335,15.886666666666668,-0.03125000000000012,4.157916666666666
2020-05-24 00:00:00+00:00,-24.987083333333334,11.049999999999999,-8.87375,-21.624166666666667,35.73708333333334,12.742916666666666,-11.95375,6.12
2020-05-25 00:00:00+00:00,19.409166666666668,17.965416666666666,17.15625,19.245833333333334,43.94125,23.4225,18.21,19.54041666666667
2020-05-26 00:00:00+00:00,27.47083333333333,24.907083333333333,16.495,26.324583333333333,43.52291666666667,22.432083333333335,20.232916666666668,24.865416666666665
2020-05-27 00:00:00+00:00,22.462500000000002,22.75583333333333,19.240416666666665,22.19125,45.09166666666667,25.610416666666666,20.282083333333333,21.62875
2020-05-28 00:00:00+00:00,20.574583333333333,21.415833333333335,17.075833333333332,20.475833333333334,45.124583333333334,29.785416666666666,18.28125,19.617083333333333
2020-05-29 00:00:00+00:00,22.505416666666665,23.777916666666666,17.032083333333333,22.174166666666668,40.687916666666666,32.99333333333333,17.868750000000002,20.37875
2020-05-30 00:00:00+00:00,12.105833333333335,23.835833333333337,11.26625,12.105833333333335,38.1425,29.385,11.615,12.058750000000002
2020-05-31 00:00:00+00:00,1.3945833333333335,20.503333333333334,2.1104166666666666,1.6600000000000001,32.246249999999996,30.09875,2.35875,5.263333333333333
2020-06-01 00:00:00+00:00,6.7925,19.385416666666668,9.277916666666666,9.399166666666666,42.662083333333335,34.19083333333334,9.522499999999999,10.419583333333334
2020-06-02 00:00:00+00:00,28.971666666666668,20.761666666666667,20.954583333333336,27.736666666666665,45.99208333333333,34.86125,22.680833333333336,25.895833333333332
2020-06-03 00:00:00+00:00,28.573333333333334,25.98875,24.982083333333335,28.12875,45.89625,31.650833333333335,26.194999999999997,27.790833333333335
2020-06-04 00:00:00+00:00,26.173333333333332,25.24791666666667,22.33125,26.173333333333332,47.21541666666667,24.460833333333337,22.33125,25.444999999999997
2020-06-05 00:00:00+00:00,23.2625,23.29041666666667,17.010416666666668,23.242083333333337,42.84291666666667,28.25791666666667,19.453333333333333,22.46291666666667
2020-06-06 00:00:00+00:00,7.8975,16.987916666666667,8.53,8.06625,39.53458333333334,27.536666666666665,7.9816666666666665,8.429583333333333
2020-06-07 00:00:00+00:00,18.07875,19.791666666666668,17.770833333333332,18.026666666666667,40.392916666666665,19.87875,18.241666666666667,18.195
2020-06-08 00:00:00+00:00,31.5975,30.232083333333332,29.826666666666668,31.390833333333333,48.74125,27.2325,30.337500000000002,31.1525
2020-06-09 00:00:00+00:00,36.514583333333334,29.93958333333333,29.677916666666665,35.850833333333334,47.805,29.177083333333332,32.845,35.827083333333334
2020-06-10 00:00:00+00:00,31.302916666666665,29.4875,30.00916666666667,31.200833333333332,51.247083333333336,30.8175,30.595416666666665,31.142916666666665
2020-06-11 00:00:00+00:00,23.64125,24.234166666666667,23.64125,23.64125,43.693333333333335,22.864166666666666,23.64125,23.64125
2020-06-12 00:00:00+00:00,20.794583333333332,20.933333333333334,20.765833333333333,21.175,44.29,20.365416666666665,20.97875,20.79625
2020-06-13 00:00:00+00:00,19.632083333333334,20.137916666666666,20.325833333333332,19.811666666666667,42.85916666666666,22.21291666666667,20.2075,21.215833333333332
2020-06-14 00:00:00+00:00,18.85625,20.250833333333333,19.33458333333333,18.989583333333332,39.78,26.382916666666663,19.6025,20.948333333333334
2020-06-15 00:00:00+00:00,31.58375,31.644166666666667,31.58375,31.58375,50.75375,31.91,31.58375,31.58375
2020-06-16 00:00:00+00:00,34.369166666666665,31.4375,32.641666666666666,34.21791666666667,51.22708333333333,31.155416666666667,33.36833333333333,34.23375
2020-06-17 00:00:00+00:00,36.842083333333335,32.20666666666667,34.2925,36.4775,49.634166666666665,34.56041666666667,35.317083333333336,36.550000000000004
2020-06-18 00:00:00+00:00,31.784583333333334,31.020416666666666,31.75125,31.780833333333334,50.59166666666667,35.19583333333333,31.765,31.780416666666667
2020-06-19 00:00:00+00:00,29.80666666666667,29.98375,29.812916666666666,29.808333333333334,54.25875,33.51291666666666,29.80125,29.8025
2020-06-20 00:00:00+00:00,24.24083333333333,24.204166666666666,24.24083333333333,24.24083333333333,46.154583333333335,31.487916666666667,24.24083333333333,24.24083333333333
2020-06-21 00:00:00+00:00,19.094166666666666,19.715,18.680833333333332,19.0425,44.42958333333333,25.505416666666665,18.875,19.074583333333333
2020-06-22 00:00:00+00:00,30.06625,30.635416666666668,30.669166666666666,30.205416666666665,53.147083333333335,31.273750000000003,29.774583333333336,29.5625
2020-06-23 00:00:00+00:00,33.04458333333333,31.911666666666665,32.568333333333335,32.660000000000004,60.065416666666664,34.7175,32.695,32.85708333333333
2020-06-24 00:00:00+00:00,35.29833333333333,34.33083333333333,34.71791666666667,35.218333333333334,52.49541666666667,37.634166666666665,34.77291666666667,35.11291666666667
2020-06-25 00:00:00+00:00,34.564166666666665,35.48083333333333,36.02625,34.91375,58.7475,39.38458333333333,33.53333333333333,33.60166666666667
2020-06-26 00:00:00+00:00,35.05375,35.264583333333334,35.51833333333334,35.175000000000004,55.24125,37.64666666666667,35.031666666666666,35.03666666666667
2020-06-27 00:00:00+00:00,25.929166666666664,26.372083333333332,25.882916666666663,25.923333333333332,51.322916666666664,30.133750000000003,25.903333333333332,25.926666666666666
2020-06-28 00:00:00+00:00,17.058333333333334,26.903333333333332,18.263749999999998,17.312083333333334,47.215833333333336,29.940833333333334,16.555416666666666,16.694166666666664
2020-06-29 00:00:00+00:00,27.469166666666666,29.622083333333332,29.584166666666665,28.570000000000004,52.72083333333333,37.08416666666667,24.855416666666667,24.493333333333336
2020-06-30 00:00:00+00:00,18.58125,35.05916666666666,34.79208333333333,27.647916666666664,50.830000000000005,37.930416666666666,25.01375,23.77875
2020-07-01 00:00:00+00:00,33.071666666666665,39.579166666666666,35.13041666666667,33.565416666666664,50.91083333333333,36.85541666666666,33.13666666666666,33.0175
2020-07-02 00:00:00+00:00,39.331250000000004,41.14125,39.36208333333333,39.36958333333333,51.08375,34.78041666666667,38.345416666666665,37.34375
2020-07-03 00:00:00+00:00,33.931666666666665,36.619166666666665,35.61833333333333,34.305,52.85916666666666,34.528749999999995,32.3175,32.879583333333336
2020-07-04 00:00:00+00:00,13.817083333333334,22.402083333333334,21.269166666666667,19.149583333333332,46.20708333333334,28.392083333333332,20.52125,20.554166666666667
2020-07-05 00:00:00+00:00,-14.745,22.161666666666665,3.6025000000000005,1.373333333333333,40.63375,25.550833333333333,1.2745833333333338,1.5487500000000003
2020-07-06 00:00:00+00:00,15.552916666666667,32.455,27.71375,25.127499999999998,47.968333333333334,28.954583333333332,21.855833333333333,20.747083333333332
2020-07-07 00:00:00+00:00,32.272083333333335,34.58541666666667,35.35791666666667,32.945,48.6775,35.498333333333335,31.27208333333333,30.494583333333335
2020-07-08 00:00:00+00:00,41.5625,41.60333333333333,41.5625,41.5625,50.51583333333334,38.05291666666667,41.5625,41.5625
2020-07-09 00:00:00+00:00,42.35125,40.50666666666667,41.47291666666667,42.1,52.163333333333334,40.15833333333334,40.75291666666667,40.67
2020-07-10 00:00:00+00:00,36.237500000000004,38.20583333333334,37.63583333333333,36.759166666666665,50.76499999999999,37.28041666666667,34.58875,35.1975
2020-07-11 00:00:00+00:00,28.489583333333332,29.87,29.27208333333333,28.6575,47.8225,28.995,27.438333333333333,27.937916666666666
2020-07-12 00:00:00+00:00,24.51,26.803749999999997,24.637083333333333,24.536666666666665,43.197916666666664,28.81375,24.427916666666665,24.427916666666665
2020-07-13 00:00:00+00:00,34.54,35.275,35.04541666666667,34.67791666666667,50.23458333333334,34.044583333333335,34.09083333333333,34.193333333333335
2020-07-14 00:00:00+00:00,36.82625,36.8275,35.1825,36.73875,52.043749999999996,33.58541666666667,35.748333333333335,36.33708333333333
2020-07-15 00:00:00+00:00,41.831250000000004,40.19291666666667,40.06375,41.54625,49.843333333333334,31.280416666666667,40.177083333333336,39.05708333333333
2020-07-16 00:00:00+00:00,44.43083333333333,40.718333333333334,40.249583333333334,43.990833333333335,49.775416666666665,34.75125,41.895833333333336,43.62125
2020-07-17 00:00:00+00:00,37.44291666666667,37.373333333333335,36.84375,37.34291666666667,50.156666666666666,32.165,37.07958333333333,37.334583333333335
2020-07-18 00:00:00+00:00,28.89833333333333,30.343333333333334,29.987083333333334,29.24083333333333,46.481249999999996,31.260833333333334,27.534166666666668,27.702916666666667
2020-07-19 00:00:00+00:00,27.66416666666667,28.102500000000003,28.022499999999997,27.750416666666666,41.88833333333333,29.795416666666668,27.340416666666666,27.381666666666664
2020-07-20 00:00:00+00:00,32.9475,36.187083333333334,35.39666666666667,33.56541666666667,52.61000000000001,35.527499999999996,31.24875,31.5925
2020-07-21 00:00:00+00:00,31.81625,36.90083333333333,36.214166666666664,33.15916666666667,48.643750000000004,36.985416666666666,26.177916666666665,28.394583333333333
2020-07-22 00:00:00+00:00,34.65333333333333,38.591249999999995,37.9175,35.47208333333334,49.6975,40.92458333333333,31.415000000000003,32.064166666666665
2020-07-23 00:00:00+00:00,35.208333333333336,39.53125,39.10916666666667,36.360416666666666,50.65708333333333,41.324999999999996,31.66541666666667,29.699166666666667
2020-07-24 00:00:00+00:00,31.48166666666667,35.04458333333333,34.17458333333334,32.72666666666667,54.564166666666665,36.069583333333334,30.549583333333334,28.905416666666667
2020-07-25 00:00:00+00:00,24.69458333333333,27.076666666666668,26.4675,26.135833333333334,48.60958333333334,33.32625,23.33375,23.44875
2020-07-26 00:00:00+00:00,13.196666666666667,24.083333333333332,20.786666666666665,21.0,41.91166666666667,30.359583333333333,14.663333333333334,14.08875
2020-07-27 00:00:00+00:00,31.629166666666666,36.74666666666666,34.41916666666666,32.692083333333336,53.653333333333336,37.71958333333333,27.810000000000002,28.56375
2020-07-28 00:00:00+00:00,23.457083333333333,38.22541666666667,33.71541666666666,31.715416666666666,49.287083333333335,35.77458333333333,24.299166666666668,18.978333333333335
2020-07-29 00:00:00+00:00,21.502916666666668,46.49333333333333,37.93416666666666,32.13625,47.61833333333333,38.40083333333333,28.05875,19.975833333333334
2020-07-30 00:00:00+00:00,35.82541666666666,46.97,40.556666666666665,37.018750000000004,49.40875,40.278749999999995,31.784583333333334,30.974166666666665
2020-07-31 00:00:00+00:00,37.89416666666667,54.57833333333334,41.275,38.912083333333335,48.352916666666665,41.88708333333333,33.66833333333333,31.169583333333335
2020-08-01 00:00:00+00:00,28.332916666666666,33.089999999999996,32.30125,29.39125,50.82125,33.00958333333333,26.826666666666668,25.125416666666666
2020-08-02 00:00:00+00:00,28.00791666666667,30.016666666666666,28.172083333333333,28.6825,43.145,28.676666666666666,25.663749999999997,25.720416666666665
2020-08-03 00:00:00+00:00,36.94833333333333,38.50416666666667,36.91583333333333,36.94833333333333,53.01791666666667,36.67125,36.920833333333334,36.9275
2020-08-04 00:00:00+00:00,36.349583333333335,37.36625,35.056666666666665,36.3725,48.23666666666667,35.60875,33.242916666666666,32.72083333333333
2020-08-05 00:00:00+00:00,29.285416666666666,40.672916666666666,33.13791666666666,30.166666666666668,53.574999999999996,36.806666666666665,28.26875,27.120416666666667
2020-08-06 00:00:00+00:00,33.87916666666667,37.337916666666665,36.87208333333333,34.56041666666667,53.58083333333334,37.24,32.515,32.14125
2020-08-07 00:00:00+00:00,36.209583333333335,38.03791666666667,38.2325,36.61958333333333,51.53125,38.903333333333336,36.39,34.65958333333334
2020-08-08 00:00:00+00:00,31.635,32.21,32.76833333333334,31.89,54.65416666666667,36.923750000000005,32.2275,31.170833333333334
2020-08-09 00:00:00+00:00,28.442916666666665,30.255,30.24291666666667,28.718333333333334,50.64833333333333,34.00125,29.245416666666667,28.016666666666666
2020-08-10 00:00:00+00:00,37.347500000000004,38.81541666666667,38.759166666666665,37.70666666666667,54.27375,38.527499999999996,38.79833333333333,35.876666666666665
2020-08-11 00:00:00+00:00,35.52458333333333,38.9275,40.022083333333335,36.387499999999996,54.022083333333335,38.96791666666667,41.889583333333334,32.348333333333336
2020-08-12 00:00:00+00:00,36.34041666666666,40.12083333333333,40.349583333333335,37.18125,53.42583333333334,39.47833333333333,42.35041666666667,32.85375
2020-08-13 00:00:00+00:00,38.79416666666666,38.602916666666665,39.199999999999996,38.942083333333336,53.53,39.8725,39.21333333333333,36.06166666666667
2020-08-14 00:00:00+00:00,41.10166666666667,37.30291666666667,37.98041666666666,40.47083333333333,50.45208333333333,37.119166666666665,38.64041666666667,35.684999999999995
2020-08-15 00:00:00+00:00,31.438333333333333,31.528750000000002,31.440416666666668,31.438333333333333,42.67791666666667,30.999583333333334,31.442916666666665,31.435833333333335
2020-08-16 00:00:00+00:00,28.560833333333335,32.00416666666667,28.756666666666664,28.605,43.736250000000005,29.142083333333332,28.777916666666666,28.455833333333334
2020-08-17 00:00:00+00:00,40.78333333333333,40.3275,40.27583333333333,40.737500000000004,58.26958333333334,36.533750000000005,40.65916666666667,40.753750000000004
2020-08-18 00:00:00+00:00,42.485,40.7675,41.38291666666667,42.32666666666667,58.94958333333333,38.63041666666667,41.86,41.65875
2020-08-19 00:00:00+00:00,37.8225,37.318333333333335,37.729166666666664,37.85583333333333,56.09833333333333,34.38625,38.20333333333333,37.255
2020-08-20 00:00:00+00:00,38.152499999999996,38.38,37.849583333333335,38.12791666666667,59.18666666666667,34.632083333333334,38.06583333333334,38.122499999999995
2020-08-21 00:00:00+00:00,31.61583333333333,34.99125,32.70083333333333,32.108333333333334,56.32041666666667,33.37083333333333,30.819999999999997,30.48625
2020-08-22 00:00:00+00:00,23.524583333333336,33.44625,24.711250000000003,26.933333333333334,53.26708333333334,32.746249999999996,22.651666666666667,23.109583333333333
2020-08-23 00:00:00+00:00,16.569166666666668,26.43166666666667,22.542916666666667,22.170833333333334,40.719166666666666,28.662499999999998,20.543333333333333,21.1475
2020-08-24 00:00:00+00:00,45.6975,45.337916666666665,45.587916666666665,45.685,53.01916666666667,39.61541666666667,45.63999999999999,45.69916666666666
2020-08-25 00:00:00+00:00,35.73708333333334,39.55375,38.46625,36.885416666666664,58.57541666666666,39.055,35.76375,35.13041666666667
2020-08-26 00:00:00+00:00,18.917916666666667,46.536249999999995,39.00833333333333,34.55833333333333,51.37625,40.61,30.43625,26.085416666666664
2020-08-27 00:00:00+00:00,47.69333333333333,51.032916666666665,52.29541666666666,48.90541666666667,53.165,45.72,52.333333333333336,48.03666666666666
2020-08-28 00:00:00+00:00,40.614583333333336,43.71125,42.33833333333333,41.03125,53.6025,39.52458333333333,39.315416666666664,39.55708333333333
2020-08-29 00:00:00+00:00,35.74916666666667,37.33625,36.35166666666667,35.87208333333333,50.525416666666665,31.067083333333333,34.95666666666667,35.3775
2020-08-30 00:00:00+00:00,33.17375,33.43333333333333,33.37375,33.16375,46.415416666666665,33.37375,33.641666666666666,32.45458333333333
2020-08-31 00:00:00+00:00,54.84625,54.37875,54.84625,54.84625,60.034166666666664,42.69375,54.84625,54.84625
2020-09-01 00:00:00+00:00,49.916666666666664,49.80916666666667,49.97541666666667,49.91583333333333,57.21875,45.97,50.120000000000005,50.05833333333334
2020-09-02 00:00:00+00:00,49.98374999999999,49.72291666666666,50.06625,50.00333333333333,55.60708333333333,44.44375,49.981249999999996,49.981249999999996
2020-09-03 00:00:00+00:00,39.24208333333333,46.76208333333333,46.893750000000004,41.18458333333333,51.81333333333333,46.069583333333334,40.515,39.694583333333334
2020-09-04 00:00:00+00:00,39.25625,44.510416666666664,44.02333333333333,40.55416666666667,54.95416666666666,43.747083333333336,43.12375,39.255833333333335
2020-09-05 00:00:00+00:00,33.0025,37.041666666666664,34.966249999999995,33.400416666666665,50.67416666666667,34.663333333333334,33.34458333333333,32.92375
2020-09-06 00:00:00+00:00,34.850833333333334,35.93958333333333,35.130833333333335,34.850833333333334,46.70916666666667,31.925,35.191250000000004,34.67166666666667
2020-09-07 00:00:00+00:00,43.257083333333334,47.791666666666664,45.81375,43.63083333333333,55.665416666666665,39.48833333333334,43.418749999999996,41.802083333333336
2020-09-08 00:00:00+00:00,37.87625,47.125,47.01708333333334,41.15083333333333,49.001666666666665,41.967083333333335,44.44291666666666,41.802083333333336
2020-09-09 00:00:00+00:00,36.322916666666664,50.19916666666666,49.583333333333336,40.09375,50.87291666666667,46.18541666666667,44.90416666666667,38.797916666666666
2020-09-10 00:00:00+00:00,48.499583333333334,52.13375,51.12625,48.98458333333334,53.01208333333333,45.29916666666667,49.69166666666666,48.425000000000004
2020-09-11 00:00:00+00:00,47.578333333333326,56.53666666666667,52.45041666666666,48.60875000000001,55.75375,46.97958333333333,46.538333333333334,44.78333333333333
2020-09-12 00:00:00+00:00,31.39625,40.091249999999995,39.12625,36.98291666666667,50.57541666666666,39.64791666666667,34.86208333333334,33.678333333333335
2020-09-13 00:00:00+00:00,20.219583333333333,36.308749999999996,34.785000000000004,34.02125,43.112500000000004,35.135,28.4375,25.54875
2020-09-14 00:00:00+00:00,53.635416666666664,53.5925,55.79583333333333,54.215833333333336,54.27125,44.053333333333335,53.6875,53.002916666666664
2020-09-15 00:00:00+00:00,70.79708333333333,70.46833333333333,73.19833333333334,71.42541666666666,64.71541666666667,49.344166666666666,70.01791666666666,69.60416666666667
2020-09-16 00:00:00+00:00,52.268750000000004,57.86416666666667,57.1625,54.95541666666667,61.46083333333333,50.37958333333333,53.01958333333334,48.76083333333333
2020-09-17 00:00:00+00:00,46.571666666666665,51.1325,49.958333333333336,49.265833333333326,52.70583333333334,46.812916666666666,44.6525,45.129999999999995
2020-09-18 00:00:00+00:00,41.764583333333334,45.22958333333333,44.911249999999995,44.14041666666666,57.58833333333333,43.58416666666667,39.49,39.973333333333336
2020-09-19 00:00:00+00:00,36.9675,39.58,39.553333333333335,38.04416666666666,50.94625,39.30416666666667,35.342083333333335,35.10916666666667
2020-09-20 00:00:00+00:00,37.43333333333333,38.32083333333333,38.71958333333333,37.90291666666667,44.28458333333333,39.50083333333333,36.41125,36.17666666666667
2020-09-21 00:00:00+00:00,61.65375,58.38708333333333,65.08833333333334,62.507083333333334,61.70875,49.79958333333334,59.70416666666667,57.36541666666667
2020-09-22 00:00:00+00:00,53.250416666666666,56.0425,55.25541666666667,53.994166666666665,58.022083333333335,50.017500000000005,53.42124999999999,47.5075
2020-09-23 00:00:00+00:00,45.336666666666666,49.2275,48.49333333333333,48.790416666666665,57.979166666666664,44.774166666666666,37.14,34.75666666666667
2020-09-24 00:00:00+00:00,38.470416666666665,47.034166666666664,43.18958333333333,45.62375,58.84583333333333,38.662083333333335,37.05291666666667,35.275
2020-09-25 00:00:00+00:00,41.34916666666667,47.68208333333334,41.90541666666667,42.21875,51.84916666666667,27.395416666666666,39.91791666666666,35.217083333333335
2020-09-26 00:00:00+00:00,31.295416666666668,33.70291666666667,32.46125,31.44541666666667,45.84166666666667,28.27208333333333,32.74166666666667,32.003750000000004
2020-09-27 00:00:00+00:00,31.836666666666662,34.78958333333333,31.836666666666662,31.836666666666662,42.90208333333334,25.672083333333333,31.836666666666662,31.836666666666662
2020-09-28 00:00:00+00:00,47.72541666666667,47.88708333333333,47.89291666666667,47.72541666666667,61.2225,42.065,48.040416666666665,47.477916666666665
2020-09-29 00:00:00+00:00,58.96,55.30416666666667,59.290416666666665,58.97666666666667,58.68083333333333,49.21625,59.535833333333336,58.469166666666666
2020-09-30 00:00:00+00:00,49.624583333333334,50.2125,50.04083333333333,49.72833333333333,54.1775,48.007083333333334,50.17291666666667,48.989583333333336
2020-10-01 00:00:00+00:00,40.87375,45.24666666666667,43.763749999999995,42.36416666666667,56.7825,40.22708333333333,46.06333333333333,40.515
2020-10-02 00:00:00+00:00,32.97708333333333,42.66458333333333,38.35791666666667,35.26583333333333,59.354166666666664,24.43541666666667,40.05166666666667,34.419583333333335
2020-10-03 00:00:00+00:00,18.3025,30.946250000000003,29.25791666666667,22.001666666666665,43.55041666666667,19.575833333333332,35.962916666666665,33.78125
2020-10-04 00:00:00+00:00,6.570416666666667,17.682083333333335,17.164583333333333,8.812083333333332,41.39541666666667,13.969583333333333,21.378333333333334,25.983333333333334
2020-10-05 00:00:00+00:00,33.06916666666667,36.17625,34.71208333333333,33.544583333333335,55.51125,37.129583333333336,36.022083333333335,33.043749999999996
2020-10-06 00:00:00+00:00,34.531666666666666,39.19833333333333,35.40875,34.79833333333333,51.187083333333334,40.99333333333333,36.30916666666666,34.84083333333333
2020-10-07 00:00:00+00:00,36.38166666666667,39.39958333333333,38.79291666666666,37.132083333333334,62.7275,43.270833333333336,41.17,38.8275
2020-10-08 00:00:00+00:00,29.107083333333335,38.41416666666667,37.3025,32.55166666666667,55.71375,43.90833333333333,42.91625,38.610416666666666
2020-10-09 00:00:00+00:00,41.45125,43.60708333333333,42.222500000000004,41.696666666666665,54.40416666666667,43.638749999999995,42.84375,41.14208333333333
2020-10-10 00:00:00+00:00,30.59375,33.32416666666666,33.147083333333335,31.87291666666667,52.7575,32.11375,34.428333333333335,36.29416666666666
2020-10-11 00:00:00+00:00,32.45083333333333,33.44708333333333,32.764583333333334,32.58875,47.053333333333335,27.847916666666666,32.94083333333333,33.22958333333333
2020-10-12 00:00:00+00:00,47.19166666666666,47.90166666666667,47.67416666666667,47.28583333333333,57.19375,38.86083333333333,48.14083333333334,43.810833333333335
2020-10-13 00:00:00+00:00,45.0825,48.05791666666667,46.788333333333334,45.25333333333333,53.9925,40.30416666666667,47.49375,38.955
2020-10-14 00:00:00+00:00,35.30958333333333,52.70208333333333,43.39541666666667,37.8075,46.00958333333333,36.82958333333333,44.27875,36.99791666666667
2020-10-15 00:00:00+00:00,41.572916666666664,44.339166666666664,44.117916666666666,42.34708333333334,56.834583333333335,39.42583333333334,46.21208333333333,38.25791666666667
2020-10-16 00:00:00+00:00,47.274166666666666,48.34791666666666,48.3475,47.405,59.64958333333333,43.869166666666665,49.37291666666667,44.532916666666665
2020-10-17 00:00:00+00:00,40.092083333333335,41.66916666666666,41.66916666666666,40.48416666666667,50.994166666666665,42.239583333333336,42.7475,39.82041666666667
2020-10-18 00:00:00+00:00,30.825833333333335,38.94083333333334,38.87,34.16041666666667,41.849583333333335,39.83166666666667,42.160000000000004,42.13625
2020-10-19 00:00:00+00:00,44.30416666666667,48.34458333333333,44.15125,44.427083333333336,57.900416666666665,35.23375,44.00875,42.90208333333334
2020-10-20 00:00:00+00:00,35.02625,46.86416666666667,39.29333333333333,37.31583333333334,56.595,35.74041666666667,39.98083333333333,38.34791666666667
2020-10-21 00:00:00+00:00,30.660833333333333,46.35041666666667,39.232083333333335,34.17791666666667,50.6525,37.435,39.37291666666667,39.443333333333335
2020-10-22 00:00:00+00:00,34.50208333333333,48.97416666666667,44.57,39.199999999999996,49.727916666666665,45.51499999999999,44.0375,37.13875
2020-10-23 00:00:00+00:00,44.8525,48.52791666666667,46.56125,45.455000000000005,52.65708333333333,45.065,46.117916666666666,43.44625
2020-10-24 00:00:00+00:00,28.012916666666666,43.82,28.59,30.700416666666666,50.24166666666667,29.625833333333333,28.52,33.016666666666666
2020-10-25 00:00:00+00:00,14.944166666666666,31.4675,18.993750000000002,16.65125,42.06041666666667,15.760833333333332,20.85375,27.130416666666665
2020-10-26 00:00:00+00:00,38.45125,43.56666666666666,40.187916666666666,38.9075,52.52041666666667,34.972500000000004,40.982083333333335,37.503750000000004
2020-10-27 00:00:00+00:00,33.6075,48.93958333333333,38.71083333333333,35.25791666666667,55.504999999999995,40.01416666666667,40.9625,36.967083333333335
2020-10-28 00:00:00+00:00,30.705416666666665,49.89166666666667,37.93958333333333,33.224583333333335,51.1,43.60541666666666,40.06666666666667,37.125
2020-10-29 00:00:00+00:00,32.584583333333335,45.892500000000005,36.964166666666664,35.14041666666667,47.92291666666667,44.92916666666667,38.00291666666667,35.245416666666664
2020-10-30 00:00:00+00:00,30.751666666666665,44.39208333333334,33.58166666666667,31.66333333333333,53.9925,41.19291666666667,35.18666666666667,34.14
2020-10-31 00:00:00+00:00,30.57166666666667,32.94625,31.555833333333336,30.77541666666667,50.03333333333333,35.393750000000004,32.1975,32.9275
2020-11-01 00:00:00+00:00,15.940833333333332,30.92833333333333,16.48875,16.892916666666668,38.79416666666666,27.674166666666665,18.011666666666667,27.432083333333335
2020-11-02 00:00:00+00:00,24.358333333333334,42.68166666666667,27.747083333333336,29.0925,47.33208333333334,40.85208333333333,28.50583333333333,33.485416666666666
2020-11-03 00:00:00+00:00,35.97125,42.7825,37.0425,36.52041666666667,58.36958333333333,38.8025,35.20125,34.18208333333333
2020-11-04 00:00:00+00:00,40.151666666666664,43.51541666666666,41.68416666666666,40.643750000000004,57.11875,38.6325,41.98916666666667,39.312916666666666
2020-11-05 00:00:00+00:00,38.73833333333334,42.75541666666667,39.09458333333333,38.89208333333333,56.130833333333335,34.287083333333335,39.36958333333333,39.437916666666666
2020-11-06 00:00:00+00:00,40.584583333333335,42.28958333333333,40.3775,40.549166666666665,54.8775,34.89833333333333,40.48208333333333,40.566250000000004
2020-11-07 00:00:00+00:00,36.26166666666666,38.264583333333334,35.24041666666667,36.2575,54.462916666666665,33.68875,36.29125,37.82833333333333
2020-11-08 00:00:00+00:00,36.514583333333334,40.065000000000005,34.88583333333333,36.29416666666667,48.541666666666664,34.59916666666667,35.86083333333333,36.494166666666665
2020-11-09 00:00:00+00:00,44.92916666666667,45.431666666666665,44.08958333333334,44.8475,59.497083333333336,46.254999999999995,44.576249999999995,44.92666666666667
2020-11-10 00:00:00+00:00,48.41625,49.31041666666667,46.395,48.21041666666667,60.10958333333334,50.50625,47.50458333333333,48.32041666666667
2020-11-11 00:00:00+00:00,44.750416666666666,47.115,39.47291666666667,44.06875,53.91458333333333,43.17875,42.155833333333334,43.970416666666665
2020-11-12 00:00:00+00:00,40.992916666666666,57.27916666666667,40.91708333333333,41.47375,59.666666666666664,45.24458333333333,40.824999999999996,40.270833333333336
2020-11-13 00:00:00+00:00,40.87916666666667,50.415,41.309999999999995,41.02708333333333,58.58708333333333,44.36291666666667,41.895833333333336,41.310833333333335
2020-11-14 00:00:00+00:00,35.10916666666667,44.82791666666666,34.74166666666667,35.071666666666665,52.39875,37.83083333333334,34.96875,35.250416666666666
2020-11-15 00:00:00+00:00,7.112500000000001,41.38458333333333,13.257916666666667,15.6925,46.37166666666667,24.584166666666665,14.28625,27.692916666666665
2020-11-16 00:00:00+00:00,29.84875,52.14208333333334,32.3825,39.19291666666667,47.77458333333333,42.64333333333333,31.83375,32.06791666666667
2020-11-17 00:00:00+00:00,38.91875,45.76333333333333,40.16458333333333,41.10166666666667,54.91083333333333,44.369166666666665,39.15541666666667,38.932916666666664
2020-11-18 00:00:00+00:00,35.115833333333335,47.97958333333333,38.628750000000004,39.873333333333335,53.80625,42.669999999999995,38.28625,38.456250000000004
2020-11-19 00:00:00+00:00,27.61375,46.81166666666667,34.312916666666666,41.095416666666665,46.91416666666667,38.910833333333336,34.492916666666666,36.31916666666667
2020-11-20 00:00:00+00:00,43.37833333333333,49.39875,44.34708333333333,43.632083333333334,50.14833333333333,41.26333333333333,42.84833333333333,42.55125
2020-11-21 00:00:00+00:00,29.241666666666664,40.445,38.26583333333333,35.90416666666667,48.57583333333333,40.52833333333333,37.29291666666666,35.68541666666667
2020-11-22 00:00:00+00:00,30.930000000000003,39.434999999999995,38.083333333333336,34.531666666666666,36.47,42.162083333333335,38.13625,39.44875
2020-11-23 00:00:00+00:00,43.60333333333333,53.497083333333336,48.57791666666666,49.58583333333333,48.18083333333333,50.40875,45.85999999999999,44.58791666666667
2020-11-24 00:00:00+00:00,42.1475,53.66583333333333,46.465833333333336,45.50541666666666,54.208333333333336,46.35333333333333,39.143750000000004,40.7025
2020-11-25 00:00:00+00:00,46.95291666666666,54.44958333333333,47.71666666666667,48.249583333333334,59.790416666666665,47.60333333333333,46.78875,46.49041666666667
2020-11-26 00:00:00+00:00,56.905,57.13791666666666,54.81708333333333,57.38375,61.63833333333333,48.305,56.77333333333333,58.21541666666667
2020-11-27 00:00:00+00:00,64.85041666666667,68.54208333333334,60.208333333333336,64.42916666666666,64.79291666666667,52.681666666666665,63.15875,65.53916666666667
2020-11-28 00:00:00+00:00,46.465,54.34916666666667,47.373333333333335,46.715833333333336,57.462916666666665,47.78458333333333,45.9025,45.79125
2020-11-29 00:00:00+00:00,45.6,45.64416666666667,45.64416666666667,45.64416666666667,50.48374999999999,45.63125,45.69833333333333,45.53041666666667
2020-11-30 00:00:00+00:00,51.61333333333334,57.21458333333334,54.50875,56.96875,65.19291666666666,52.21458333333334,50.74791666666667,50.74041666666667
2020-12-01 00:00:00+00:00,54.36666666666667,58.90958333333333,55.64125000000001,55.48833333333334,63.31708333333333,50.43875,54.25416666666666,54.02541666666667
2020-12-02 00:00:00+00:00,73.74125,74.41208333333334,74.27374999999999,73.95291666666667,70.02166666666666,49.44625,73.60291666666667,73.31666666666668
2020-12-03 00:00:00+00:00,47.541666666666664,65.07833333333333,52.489583333333336,57.156666666666666,62.4975,48.75625,44.81666666666666,46.98166666666666
2020-12-04 00:00:00+00:00,42.20375,59.89124999999999,51.85125,54.2175,60.6575,44.12708333333333,42.479166666666664,42.69208333333333
2020-12-05 00:00:00+00:00,46.39458333333334,51.17666666666667,50.74666666666667,48.4475,46.471666666666664,44.91041666666666,49.14875,48.611250000000005
2020-12-06 00:00:00+00:00,42.543749999999996,46.288333333333334,46.055416666666666,43.73708333333334,45.084583333333335,39.782916666666665,44.37958333333333,45.867916666666666
2020-12-07 00:00:00+00:00,44.937916666666666,56.47125,62.04916666666667,53.55916666666667,51.119166666666665,37.63,66.39874999999999,60.30416666666667
2020-12-08 00:00:00+00:00,61.044999999999995,63.48541666666667,66.62875,63.315416666666664,64.36833333333333,28.21875,69.33916666666667,70.26875
2020-12-09 00:00:00+00:00,75.0425,76.07916666666667,76.07916666666667,75.31958333333334,65.355,47.07916666666667,75.115,74.10333333333334
2020-12-10 00:00:00+00:00,69.38250000000001,70.4775,70.00583333333334,69.52166666666666,71.33708333333333,43.34833333333333,69.37708333333333,66.86583333333333
2020-12-11 00:00:00+00:00,45.65,57.17333333333334,52.057916666666664,49.40625,66.52916666666667,37.16958333333333,47.140833333333326,42.995416666666664
2020-12-12 00:00:00+00:00,45.969166666666666,50.607499999999995,46.467083333333335,46.084583333333335,63.705000000000005,36.78041666666667,46.20541666666667,45.522083333333335
2020-12-13 00:00:00+00:00,42.79916666666667,43.57875000000001,43.553333333333335,43.092083333333335,58.72125,42.818333333333335,42.075833333333335,42.18875
2020-12-14 00:00:00+00:00,43.12041666666667,52.625,47.806666666666665,50.867916666666666,76.05666666666666,46.759166666666665,42.23375,40.57208333333333
2020-12-15 00:00:00+00:00,50.673750000000005,55.88291666666667,52.56041666666667,52.04333333333333,62.34166666666667,48.7775,53.34916666666666,47.962916666666665
2020-12-16 00:00:00+00:00,49.720416666666665,64.73833333333333,51.986250000000005,56.084583333333335,67.63000000000001,49.89625,47.668749999999996,44.29208333333333
2020-12-17 00:00:00+00:00,44.77166666666667,67.40916666666666,55.00125,62.8725,65.80833333333334,56.715833333333336,51.041666666666664,46.236250000000005
2020-12-18 00:00:00+00:00,42.28625,63.949999999999996,47.95791666666667,54.01499999999999,68.44041666666666,48.73541666666667,44.06583333333333,42.9725
2020-12-19 00:00:00+00:00,32.349583333333335,52.76458333333333,38.691250000000004,42.89833333333333,61.345,44.643750000000004,37.17583333333334,40.615833333333335
2020-12-20 00:00:00+00:00,40.3675,44.29416666666666,41.361666666666665,44.138749999999995,48.49583333333334,43.11541666666667,40.71541666666666,40.01083333333333
2020-12-21 00:00:00+00:00,37.208333333333336,55.28875,43.91458333333333,52.09833333333333,61.86416666666667,47.07749999999999,44.55458333333333,43.46958333333333
2020-12-22 00:00:00+00:00,29.23625,52.713750000000005,35.711666666666666,49.80458333333333,47.77458333333333,46.38999999999999,36.80375,40.09708333333334
2020-12-23 00:00:00+00:00,42.35333333333333,49.40208333333334,40.59583333333333,45.870000000000005,58.490833333333335,46.45333333333334,41.31333333333333,43.70916666666667
2020-12-24 00:00:00+00:00,25.50791666666667,37.485416666666666,30.85875,32.594166666666666,36.087916666666665,39.420833333333334,32.790416666666665,38.660833333333336
2020-12-25 00:00:00+00:00,35.33708333333333,32.24458333333333,26.14833333333333,34.16166666666667,44.13791666666666,16.29,30.077083333333334,37.001666666666665
2020-12-26 00:00:00+00:00,17.205833333333334,35.17666666666667,28.219166666666666,28.919166666666666,44.291666666666664,32.975833333333334,25.595416666666665,36.712916666666665
2020-12-27 00:00:00+00:00,-12.979166666666666,34.01166666666666,20.514583333333334,30.1525,30.904583333333335,25.47666666666667,21.689166666666665,42.45916666666667
2020-12-28 00:00:00+00:00,40.64125,42.53041666666667,42.63625,41.579166666666666,40.8025,20.8075,43.5275,45.88999999999999
2020-12-29 00:00:00+00:00,46.1775,49.48416666666666,49.437083333333334,47.903333333333336,47.40416666666667,39.138333333333335,50.44166666666666,49.817499999999995
2020-12-30 00:00:00+00:00,47.45739130434782,51.708260869565216,50.55434782608695,48.72434782608696,50.97608695652174,49.208260869565216,51.47434782608696,50.47869565217391
2020-12-31 00:00:00+00:00,47.215,49.3325,49.59791666666666,48.284166666666664,54.02791666666667,49.025,50.734583333333326,52.26125
2021-01-01 00:00:00+00:00,48.22416666666667,47.9925,48.22416666666667,48.22416666666667,39.505833333333335,42.33583333333333,48.22416666666667,48.22416666666667
2021-01-02 00:00:00+00:00,50.538333333333334,50.95541666666667,50.538333333333334,50.538333333333334,47.469166666666666,48.69625,50.538333333333334,50.538333333333334
2021-01-03 00:00:00+00:00,37.92333333333333,47.66166666666667,47.267500000000005,40.424166666666665,38.35791666666667,47.09916666666667,42.105,49.60166666666667
2021-01-04 00:00:00+00:00,48.36000000000001,59.107499999999995,59.4625,50.90083333333333,50.999583333333334,60.45166666666666,48.552083333333336,49.711666666666666
2021-01-05 00:00:00+00:00,55.623333333333335,60.03791666666666,63.80791666666667,57.471666666666664,54.31458333333333,67.72625000000001,62.564166666666665,50.501666666666665
2021-01-06 00:00:00+00:00,52.95875,58.20416666666667,71.13208333333334,57.399166666666666,48.49791666666667,70.93166666666667,83.26875,50.585
2021-01-07 00:00:00+00:00,70.90625,73.16708333333334,81.28833333333334,73.04166666666667,66.36749999999999,89.71708333333333,65.35583333333334,63.88125
2021-01-08 00:00:00+00:00,78.51125,80.30749999999999,85.04,79.71375,58.46791666666667,93.91333333333334,83.045,72.98958333333333
2021-01-09 00:00:00+00:00,59.315416666666664,60.44583333333333,60.385416666666664,59.53625,57.79958333333334,80.31958333333334,60.63458333333333,58.03666666666667
2021-01-10 00:00:00+00:00,51.75833333333333,56.86041666666667,56.90958333333333,53.0925,45.755833333333335,66.11458333333333,61.074999999999996,49.79333333333333
2021-01-11 00:00:00+00:00,47.071666666666665,67.75708333333334,67.60291666666667,52.930416666666666,54.3025,83.16125,58.02166666666667,44.61041666666667
2021-01-12 00:00:00+00:00,46.751666666666665,68.33,63.88958333333333,57.96541666666667,53.41,84.22791666666667,61.96416666666667,52.03875
2021-01-13 00:00:00+00:00,42.585,75.17875,73.56125,61.18875,56.77291666666667,90.7725,69.12708333333333,59.17875
2021-01-14 00:00:00+00:00,71.06375,80.5275,72.97333333333333,71.63291666666667,63.97958333333333,86.16250000000001,73.01541666666667,72.99166666666666
2021-01-15 00:00:00+00:00,73.28416666666666,73.1675,72.96083333333333,73.25166666666667,66.13375,78.23375,73.60416666666667,72.82291666666667
2021-01-16 00:00:00+00:00,55.411249999999995,58.93208333333333,57.22625,55.79666666666666,56.327916666666674,67.79,56.56041666666667,53.471666666666664
2021-01-17 00:00:00+00:00,54.09166666666667,58.31916666666667,56.751666666666665,54.64666666666667,54.47125,65.14583333333333,55.34166666666667,51.092083333333335
2021-01-18 00:00:00+00:00,55.38958333333333,70.39333333333333,69.23458333333333,67.13708333333334,62.68666666666667,82.19166666666666,56.02166666666667,51.89833333333333
2021-01-19 00:00:00+00:00,44.68958333333333,69.395,60.1875,68.87708333333333,58.04666666666666,75.05291666666666,51.16791666666666,45.774166666666666
2021-01-20 00:00:00+00:00,36.05375,63.11875,48.2275,56.79083333333333,57.065,50.85208333333333,44.85375,45.01833333333334
2021-01-21 00:00:00+00:00,29.418333333333333,60.55791666666667,41.9125,58.90958333333333,55.86625,41.8575,40.2125,46.60666666666666
2021-01-22 00:00:00+00:00,44.00875,60.620000000000005,50.37916666666666,51.916666666666664,52.69416666666667,41.835,52.11416666666667,50.89208333333334
2021-01-23 00:00:00+00:00,51.72875,53.29916666666667,51.74541666666667,51.72875,53.05583333333333,27.02,51.75,51.784166666666664
2021-01-24 00:00:00+00:00,49.24333333333333,49.28,49.23500000000001,49.22625,51.66625,29.784166666666664,49.44916666666666,49.69166666666666
2021-01-25 00:00:00+00:00,61.017500000000005,63.80416666666667,62.15875,61.32083333333333,63.0975,59.87958333333333,62.54583333333333,58.024166666666666
2021-01-26 00:00:00+00:00,61.20208333333333,64.99291666666666,63.76958333333334,61.79458333333333,58.16416666666667,65.62583333333333,62.34375,58.4075
2021-01-27 00:00:00+00:00,57.992916666666666,61.231249999999996,59.15875,58.26499999999999,58.6525,59.67541666666667,57.70333333333334,54.1275
2021-01-28 00:00:00+00:00,55.134166666666665,59.4575,54.83708333333333,55.86541666666667,55.92250000000001,55.217083333333335,54.71625,53.59041666666667
2021-01-29 00:00:00+00:00,49.655833333333334,54.4975,47.685,51.93083333333333,55.92083333333333,46.15,48.47708333333333,49.418749999999996
2021-01-30 00:00:00+00:00,48.47958333333333,49.719166666666666,48.02708333333334,48.434583333333336,54.20791666666667,3.7266666666666666,48.26208333333333,48.729166666666664
2021-01-31 00:00:00+00:00,48.196666666666665,47.91791666666666,47.89666666666667,48.15291666666667,48.42124999999999,1.4191666666666667,48.14125000000001,48.22333333333333
2021-02-01 00:00:00+00:00,57.67958333333333,61.15,57.01916666666667,57.57666666666666,57.91958333333333,12.24375,57.397083333333335,57.66
2021-02-02 00:00:00+00:00,54.17875,59.080000000000005,48.26083333333333,54.50958333333333,58.26625000000001,26.76875,49.565416666666664,50.83833333333333
2021-02-03 00:00:00+00:00,44.455000000000005,57.85583333333333,41.94083333333334,44.194583333333334,55.83166666666667,36.96041666666667,43.510416666666664,45.76791666666667
2021-02-04 00:00:00+00:00,52.52875,56.24333333333333,52.602916666666665,52.595416666666665,57.59,52.53958333333333,52.875,52.42250000000001
2021-02-05 00:00:00+00:00,51.18291666666667,64.0925,51.55458333333333,51.30125,59.336666666666666,50.92791666666667,51.73458333333334,52.379999999999995
2021-02-06 00:00:00+00:00,34.635,56.32916666666667,37.1625,36.48458333333333,54.312083333333334,34.9325,36.897083333333335,42.60333333333333
2021-02-07 00:00:00+00:00,19.749166666666667,36.53541666666667,26.758333333333336,23.732916666666668,41.865833333333335,11.909999999999998,26.199166666666667,37.9525
2021-02-08 00:00:00+00:00,45.1875,51.907916666666665,50.619166666666665,46.54,57.66375,8.296666666666667,47.718333333333334,45.14208333333334
2021-02-09 00:00:00+00:00,64.47791666666667,66.24791666666667,65.42041666666667,64.68916666666667,67.42125,7.35625,64.28791666666667,63.6675
2021-02-10 00:00:00+00:00,72.38041666666668,72.65666666666667,72.65666666666667,72.4425,73.00125,27.967916666666667,72.705,72.00875
2021-02-11 00:00:00+00:00,79.10583333333334,75.01833333333333,78.80958333333334,79.06791666666668,71.13583333333334,47.30125,78.96083333333333,78.83041666666666
2021-02-12 00:00:00+00:00,62.01,66.09583333333333,63.33875,62.257083333333334,66.88541666666667,36.76375,60.20708333333334,57.32791666666666
2021-02-13 00:00:00+00:00,53.11833333333333,56.77916666666667,54.63333333333333,53.442499999999995,54.39291666666667,37.0675,51.74333333333333,50.468333333333334
2021-02-14 00:00:00+00:00,45.586666666666666,48.987500000000004,47.42625,45.937916666666666,47.30125,12.126666666666667,44.26916666666667,44.33375
2021-02-15 00:00:00+00:00,51.07208333333333,60.18083333333333,52.422083333333326,54.526250000000005,63.39333333333334,14.85125,50.44125,50.51166666666666
2021-02-16 00:00:00+00:00,52.25541666666666,61.245,53.501666666666665,57.405833333333334,66.31125,25.65125,51.71875,50.64625
2021-02-17 00:00:00+00:00,49.67541666666667,62.59791666666666,49.876666666666665,52.65833333333333,67.09,41.08625,49.73041666666666,49.6775
2021-02-18 00:00:00+00:00,45.18541666666667,60.27125,48.134166666666665,51.41375,68.83624999999999,36.341249999999995,48.12875,46.20041666666666
2021-02-19 00:00:00+00:00,47.8125,61.35833333333333,47.63999999999999,50.622083333333336,63.82333333333333,21.280833333333334,47.660833333333336,47.844166666666666
2021-02-20 00:00:00+00:00,33.19708333333333,53.65375,31.891666666666666,37.80375,64.16916666666667,2.25,32.30291666666667,33.96458333333333
2021-02-21 00:00:00+00:00,33.79458333333333,42.92416666666667,33.02458333333333,33.687083333333334,46.662083333333335,6.77875,33.3825,33.79458333333333
2021-02-22 00:00:00+00:00,49.973333333333336,56.28958333333333,48.574999999999996,52.092083333333335,64.39833333333333,39.878750000000004,48.88333333333333,49.182500000000005
2021-02-23 00:00:00+00:00,44.70541666666667,56.831250000000004,43.52375,46.03375,58.73541666666667,42.77166666666667,43.93958333333333,44.50541666666667
2021-02-24 00:00:00+00:00,38.755833333333335,54.45541666666667,36.59875,48.43291666666667,54.03208333333333,25.425,34.46,38.913333333333334
2021-02-25 00:00:00+00:00,46.56041666666667,58.76333333333333,46.55375,46.560833333333335,52.36708333333333,46.2475,46.6225,46.52458333333333
2021-02-26 00:00:00+00:00,47.585,60.623333333333335,47.66041666666666,48.162083333333335,54.270833333333336,45.88041666666666,47.65291666666667,47.427083333333336
2021-02-27 00:00:00+00:00,44.83958333333334,50.202916666666674,43.98041666666666,44.72083333333333,55.01083333333333,28.180833333333336,45.14208333333334,45.41833333333333
2021-02-28 00:00:00+00:00,42.10541666666666,42.45666666666667,40.795833333333334,41.98708333333334,46.87958333333333,19.40375,41.760416666666664,42.55916666666666
2021-03-01 00:00:00+00:00,49.840833333333336,55.699999999999996,50.031666666666666,50.79916666666667,60.231249999999996,42.614583333333336,49.559583333333336,49.17416666666667
2021-03-02 00:00:00+00:00,53.54916666666667,61.097500000000004,54.27166666666667,55.602916666666665,63.002916666666664,52.944583333333334,52.71083333333333,52.913333333333334
2021-03-03 00:00:00+00:00,52.01958333333334,62.1875,53.07333333333333,53.721666666666664,63.33958333333334,53.30125,51.155833333333334,51.224583333333335
2021-03-04 00:00:00+00:00,53.971666666666664,61.35833333333333,54.30041666666667,54.037083333333335,61.06,55.26708333333334,54.3975,53.53791666666667
2021-03-05 00:00:00+00:00,53.70208333333333,57.67583333333334,52.364583333333336,53.51083333333333,61.557500000000005,52.43,51.115833333333335,48.17291666666667
2021-03-06 00:00:00+00:00,44.59166666666667,54.78583333333333,44.824999999999996,44.655,50.59583333333333,44.95875,44.749583333333334,45.08083333333334
2021-03-07 00:00:00+00:00,44.91,52.86958333333333,46.715833333333336,45.76458333333333,45.36666666666667,47.138749999999995,46.5375,46.70375000000001
2021-03-08 00:00:00+00:00,61.615833333333335,63.08708333333333,61.979166666666664,61.69125,67.28750000000001,54.668749999999996,61.86166666666667,61.26458333333333
2021-03-09 00:00:00+00:00,61.25125,63.10458333333333,61.30416666666667,61.32749999999999,66.84041666666667,56.98,61.06333333333333,61.07041666666667
2021-03-10 00:00:00+00:00,49.248333333333335,55.9925,53.56,56.22666666666667,67.60333333333334,55.225833333333334,45.945,47.54583333333333
2021-03-11 00:00:00+00:00,27.422916666666666,61.526666666666664,39.42958333333333,53.70291666666666,49.76166666666666,40.37708333333333,1.49875,35.63375
2021-03-12 00:00:00+00:00,22.66125,60.65416666666667,37.30583333333333,47.76125,49.78583333333333,40.60041666666667,37.10875,48.47208333333333
2021-03-13 00:00:00+00:00,10.61375,55.64208333333334,23.4375,41.218333333333334,46.28541666666666,27.0425,12.793750000000001,23.234583333333333
2021-03-14 00:00:00+00:00,17.652916666666666,43.99375,25.670833333333334,39.59083333333333,51.819583333333334,25.472916666666666,21.760833333333334,36.946666666666665
2021-03-15 00:00:00+00:00,49.475833333333334,55.939166666666665,50.05875,51.76791666666667,64.86749999999999,47.4375,49.875416666666666,51.195
2021-03-16 00:00:00+00:00,56.03958333333333,62.35708333333333,56.2575,56.09125,68.60041666666667,33.615,56.35874999999999,55.95666666666667
2021-03-17 00:00:00+00:00,57.8525,60.22833333333333,56.38291666666667,58.372083333333336,68.53375,17.346666666666668,56.681666666666665,56.732499999999995
2021-03-18 00:00:00+00:00,65.27416666666666,71.63625,64.67208333333333,65.96041666666666,66.70375,33.13041666666667,64.41,64.57291666666667
2021-03-19 00:00:00+00:00,56.35583333333333,63.63666666666666,56.44,62.342083333333335,62.89208333333334,29.409166666666668,53.892500000000005,53.66083333333333
2021-03-20 00:00:00+00:00,50.544999999999995,63.34583333333333,51.2075,50.70375000000001,61.06166666666667,22.61583333333333,51.55583333333333,50.55708333333333
2021-03-21 00:00:00+00:00,35.830416666666665,54.89791666666667,40.31791666666667,38.24375,49.98833333333334,30.909166666666664,39.9425,44.6525
2021-03-22 00:00:00+00:00,60.68541666666667,62.76958333333334,61.30833333333334,61.0225,66.23125,56.25416666666666,60.736250000000005,59.786249999999995
2021-03-23 00:00:00+00:00,62.04416666666666,63.48541666666667,63.46666666666667,62.89625,66.86666666666666,64.57208333333334,60.82375,57.87875
2021-03-24 00:00:00+00:00,55.83041666666667,62.468333333333334,61.26666666666667,59.71958333333333,67.47375000000001,64.82583333333334,57.33583333333333,54.534166666666664
2021-03-25 00:00:00+00:00,58.75875,65.84458333333333,59.415,63.562916666666666,65.97708333333334,66.31583333333333,57.21541666666667,55.619166666666665
2021-03-26 00:00:00+00:00,50.98333333333333,65.27875,53.51208333333333,58.74208333333333,61.94916666666666,59.50416666666666,49.03916666666667,49.74666666666667
2021-03-27 00:00:00+00:00,24.72666666666667,57.00375,36.56458333333333,45.094166666666666,53.172083333333326,41.28958333333333,24.758333333333336,24.700000000000003
2021-03-28 00:00:00+00:00,17.775416666666665,60.21541666666667,27.517916666666665,41.63,44.862500000000004,38.12166666666666,18.737916666666667,23.62708333333333
2021-03-29 00:00:00+00:00,42.595,62.75875,47.590833333333336,51.185833333333335,57.16166666666667,46.48500000000001,39.48583333333333,41.24791666666667
2021-03-30 00:00:00+00:00,56.309583333333336,62.138749999999995,55.998333333333335,58.169999999999995,57.38583333333333,54.11666666666667,55.678333333333335,54.48708333333334
2021-03-31 00:00:00+00:00,58.49875,60.921666666666674,56.82,58.14666666666667,60.348749999999995,54.935833333333335,56.66916666666666,55.67583333333334
2021-04-01 00:00:00+00:00,52.36416666666667,61.21541666666667,52.86166666666667,54.99375,55.356249999999996,52.72875,51.62833333333333,51.11875
2021-04-02 00:00:00+00:00,35.51541666666667,56.46333333333334,40.36833333333333,43.54958333333334,50.54083333333333,49.62291666666667,40.81541666666667,44.38041666666667
2021-04-03 00:00:00+00:00,39.91958333333333,58.302083333333336,35.127916666666664,39.37166666666666,50.32749999999999,34.52041666666667,36.650416666666665,39.20125
2021-04-04 00:00:00+00:00,23.566666666666666,40.26583333333333,27.892083333333332,26.135833333333334,45.8125,28.29625,24.906666666666666,27.543333333333333
2021-04-05 00:00:00+00:00,-15.390416666666667,52.37166666666667,29.159583333333334,7.481249999999999,28.442083333333333,45.66916666666666,-12.302916666666667,10.245416666666666
2021-04-06 00:00:00+00:00,38.431666666666665,62.4475,59.79833333333334,52.21333333333333,50.869166666666665,57.00416666666666,51.09625,44.04208333333333
2021-04-07 00:00:00+00:00,49.403333333333336,67.78625,75.25833333333334,57.482499999999995,59.677083333333336,66.36208333333333,61.36208333333334,52.405833333333334
2021-04-08 00:00:00+00:00,57.747083333333336,73.2025,71.68541666666667,61.606249999999996,62.32458333333333,69.95166666666667,63.3725,53.90708333333333
2021-04-09 00:00:00+00:00,55.73083333333333,70.88958333333333,71.95666666666666,61.70416666666667,58.451249999999995,71.28166666666667,65.525,57.74208333333333
2021-04-10 00:00:00+00:00,57.6675,59.55083333333334,58.87708333333333,58.1675,56.782916666666665,64.7075,59.03875,56.20208333333333
2021-04-11 00:00:00+00:00,48.59625,58.4475,53.77666666666667,50.82749999999999,51.334583333333335,51.66458333333333,56.55375,50.245
2021-04-12 00:00:00+00:00,62.98666666666667,75.10708333333334,73.21708333333333,68.00416666666666,62.464166666666664,64.48458333333333,68.56041666666667,57.23333333333333
2021-04-13 00:00:00+00:00,57.49625,79.39791666666666,83.67583333333333,70.91958333333334,66.72,75.55791666666666,70.55333333333333,54.53041666666667
2021-04-14 00:00:00+00:00,70.16875,81.98416666666667,79.89125,76.85625,65.84583333333333,73.07375,71.72500000000001,66.67583333333333
2021-04-15 00:00:00+00:00,66.3625,77.23583333333333,74.81958333333334,74.56916666666667,62.6,68.80333333333333,68.25666666666667,60.843333333333334
2021-04-16 00:00:00+00:00,63.727916666666665,73.92791666666666,71.18625,69.83,63.83625,68.69333333333333,64.60541666666667,59.95541666666667
2021-04-17 00:00:00+00:00,61.6475,68.095,64.47083333333333,63.57333333333333,58.70083333333333,64.20125,61.36333333333334,60.45916666666667
2021-04-18 00:00:00+00:00,62.15208333333334,68.94500000000001,64.58083333333333,65.06208333333333,59.57666666666666,65.51458333333333,61.96083333333333,60.91583333333333
2021-04-19 00:00:00+00:00,75.92916666666666,82.72375000000001,82.42041666666667,83.68458333333334,66.125,78.565,76.65416666666667,70.76708333333333
2021-04-20 00:00:00+00:00,75.87916666666666,80.97625000000001,81.22,82.41958333333334,69.4975,78.96416666666666,75.29416666666667,73.00750000000001
2021-04-21 00:00:00+00:00,58.36291666666667,78.83416666666666,77.75791666666667,77.8,65.82041666666667,78.86125,59.73708333333334,55.314166666666665
2021-04-22 00:00:00+00:00,47.21875,73.52208333333333,69.89458333333333,59.227916666666665,60.60375,75.26708333333333,59.838750000000005,56.635416666666664
2021-04-23 00:00:00+00:00,62.062916666666666,70.66416666666667,65.09791666666666,65.605,60.442499999999995,67.31208333333333,63.24458333333333,62.223333333333336
2021-04-24 00:00:00+00:00,51.509166666666665,65.18791666666667,51.61625,51.82416666666666,58.760416666666664,57.32083333333333,51.543749999999996,51.23083333333333
2021-04-25 00:00:00+00:00,37.655833333333334,66.59166666666667,37.62583333333333,37.649166666666666,54.60208333333333,61.90166666666667,37.604166666666664,37.666666666666664
2021-04-26 00:00:00+00:00,62.00666666666667,72.32125,60.73666666666667,64.51875,67.64333333333333,76.39375,58.82749999999999,59.715833333333336
2021-04-27 00:00:00+00:00,59.727916666666665,75.9675,67.54416666666667,70.17666666666666,68.78375,77.46291666666666,63.14458333333334,56.345
2021-04-28 00:00:00+00:00,61.51791666666667,73.26833333333333,69.24291666666666,67.57375,65.53375,74.2675,63.969166666666666,58.58833333333333
2021-04-29 00:00:00+00:00,59.72083333333333,74.29625,69.31333333333333,69.16583333333334,66.095,75.49916666666667,63.824999999999996,59.0325
2021-04-30 00:00:00+00:00,70.02958333333333,72.76875,73.36583333333333,70.54,67.13291666666667,77.89083333333333,71.74125,67.89833333333333
2021-05-01 00:00:00+00:00,55.59625,56.38083333333333,56.195,55.61000000000001,59.55916666666667,58.69708333333333,56.23208333333333,56.51583333333334
2021-05-02 00:00:00+00:00,43.78,45.7925,46.75958333333333,43.69916666666666,55.16708333333333,61.19541666666667,46.677083333333336,47.16458333333333
2021-05-03 00:00:00+00:00,61.42791666666667,72.55708333333332,65.3925,61.870000000000005,60.846666666666664,75.82833333333333,63.218333333333334,61.845416666666665
2021-05-04 00:00:00+00:00,28.713333333333335,73.05,38.49041666666667,31.762916666666666,57.75083333333333,80.37041666666667,33.49041666666667,32.11208333333333
2021-05-05 00:00:00+00:00,33.91291666666667,72.79708333333333,63.36166666666667,46.29416666666666,56.96666666666667,75.76458333333333,57.94708333333333,47.397083333333335
2021-05-06 00:00:00+00:00,66.95958333333333,74.25125,73.32166666666667,67.12333333333333,62.79291666666666,72.96833333333333,71.11916666666666,69.28333333333333
2021-05-07 00:00:00+00:00,70.64458333333333,76.64416666666666,72.4575,70.81083333333333,71.43583333333333,74.05583333333333,72.22083333333333,69.89583333333333
2021-05-08 00:00:00+00:00,46.281666666666666,67.31041666666667,42.18125,45.43,59.377916666666664,41.584583333333335,37.88375,50.04791666666667
2021-05-09 00:00:00+00:00,6.350416666666667,63.04750000000001,9.373333333333333,10.068333333333333,50.548750000000005,13.254166666666668,5.4312499999999995,9.96625
2021-05-10 00:00:00+00:00,59.44541666666667,69.75750000000001,60.34791666666666,59.74666666666667,61.59166666666667,61.20541666666667,59.531666666666666,60.28
2021-05-11 00:00:00+00:00,71.56916666666667,75.02125,71.56916666666667,71.56916666666667,65.17999999999999,53.49666666666667,71.56916666666667,71.56916666666667
2021-05-12 00:00:00+00:00,69.06750000000001,69.91208333333334,69.09041666666667,69.07666666666667,72.28125,53.36541666666667,69.10333333333334,68.98916666666666
2021-05-13 00:00:00+00:00,63.41,74.355,63.41,63.41,68.75333333333333,60.47083333333333,63.41,63.41
2021-05-14 00:00:00+00:00,71.58333333333333,77.56541666666666,71.31125,71.53166666666667,75.66666666666667,71.31125,71.8025,71.66958333333334
2021-05-15 00:00:00+00:00,58.59875,61.093333333333334,55.88375,58.505833333333335,72.50666666666667,40.73291666666667,59.75083333333333,60.38916666666666
2021-05-16 00:00:00+00:00,40.405,46.59625,30.667083333333334,38.85125,64.49625,28.006249999999998,39.1975,41.18875
2021-05-17 00:00:00+00:00,74.38958333333333,71.71416666666666,70.58458333333333,73.80749999999999,77.92291666666667,78.98583333333333,71.54416666666667,74.1725
2021-05-18 00:00:00+00:00,74.51541666666667,75.41541666666667,74.51541666666667,74.51541666666667,72.32958333333333,76.50625000000001,74.51541666666667,74.51541666666667
2021-05-19 00:00:00+00:00,77.515,78.70875,76.68666666666667,77.26458333333333,74.82041666666667,77.51333333333334,76.78458333333333,75.80875
2021-05-20 00:00:00+00:00,66.93958333333333,72.06958333333334,66.29291666666667,66.7825,68.00583333333334,80.31541666666666,66.01041666666667,64.62666666666667
2021-05-21 00:00:00+00:00,29.837500000000002,77.29791666666667,26.55125,34.72,61.59291666666667,68.32291666666667,26.013333333333332,28.985
2021-05-22 00:00:00+00:00,-6.430833333333333,61.2425,21.366249999999997,17.351666666666667,62.01,66.62458333333333,32.624583333333334,34.55291666666667
2021-05-23 00:00:00+00:00,22.846249999999998,61.36833333333333,22.830416666666665,22.664583333333336,55.138749999999995,68.26416666666667,24.39625,29.20625
2021-05-24 00:00:00+00:00,32.55708333333333,74.09625,33.72541666666667,33.35125,64.76083333333334,68.74333333333333,36.87208333333333,42.504583333333336
2021-05-25 00:00:00+00:00,60.38833333333333,69.58624999999999,61.05708333333334,60.405833333333334,71.33375,76.415,61.515416666666674,61.3975
2021-05-26 00:00:00+00:00,65.70041666666667,81.74,68.91875,66.42916666666666,69.17291666666667,81.38666666666667,71.29541666666667,66.115
2021-05-27 00:00:00+00:00,72.43666666666667,82.62,72.93541666666667,72.57166666666667,75.53750000000001,86.61291666666666,73.43791666666667,72.43666666666667
2021-05-28 00:00:00+00:00,73.80708333333334,78.75125,73.5475,73.80333333333333,74.23,89.09583333333335,73.545,71.80208333333333
2021-05-29 00:00:00+00:00,55.475833333333334,63.373333333333335,55.55458333333333,55.475833333333334,62.75208333333333,80.75166666666667,55.65833333333333,56.06125
2021-05-30 00:00:00+00:00,37.928333333333335,59.11625,31.85291666666667,37.124583333333334,57.25666666666667,72.68166666666666,34.41583333333333,37.94958333333333
2021-05-31 00:00:00+00:00,67.62458333333333,71.10625,66.8225,67.48708333333333,73.32375,88.16666666666667,66.80083333333333,67.75500000000001
2021-06-01 00:00:00+00:00,68.48083333333334,69.9675,68.44458333333334,68.47625000000001,76.98916666666666,86.52499999999999,68.45708333333333,68.47625000000001
2021-06-02 00:00:00+00:00,66.085,66.32166666666667,65.60041666666667,65.93833333333333,72.785,84.30458333333333,65.95,67.42625
2021-06-03 00:00:00+00:00,62.6875,67.67791666666666,66.02916666666667,63.85,63.01416666666666,79.35958333333333,67.94416666666666,70.03375
2021-06-04 00:00:00+00:00,72.24625,76.67125,72.36958333333332,72.28083333333333,75.05458333333333,80.26375,72.43875,72.74291666666666
2021-06-05 00:00:00+00:00,61.59291666666667,67.17625,62.46333333333333,61.711666666666666,62.46416666666667,77.02083333333333,64.21875,67.00500000000001
2021-06-06 00:00:00+00:00,59.822916666666664,66.98916666666666,57.624583333333334,59.48,60.2825,67.92416666666666,60.11625,60.91208333333333
2021-06-07 00:00:00+00:00,77.72708333333334,78.1575,77.72708333333334,77.72708333333334,77.43833333333333,80.4075,77.72708333333334,77.72708333333334
2021-06-08 00:00:00+00:00,76.87708333333333,77.17625,76.135,76.7725,75.66458333333334,82.36333333333333,76.41958333333334,76.85375
2021-06-09 00:00:00+00:00,77.43416666666667,76.53,76.26666666666667,77.24708333333334,76.75541666666666,81.59833333333334,76.75166666666667,77.39291666666666
2021-06-10 00:00:00+00:00,79.05583333333333,83.0275,78.41041666666666,78.96333333333332,77.87333333333333,83.45916666666666,78.66166666666668,78.98875
2021-06-11 00:00:00+00:00,77.78375,81.21458333333334,77.21208333333333,77.69041666666666,77.84791666666666,82.56291666666667,77.42083333333333,77.78375
2021-06-12 00:00:00+00:00,34.42791666666667,72.11125,44.8375,35.375416666666666,58.870000000000005,77.43333333333334,50.57791666666666,61.07583333333333
2021-06-13 00:00:00+00:00,23.409583333333334,64.99083333333333,27.065833333333334,23.528750000000002,47.995416666666664,79.78583333333333,29.23,47.31708333333333
2021-06-14 00:00:00+00:00,74.98708333333333,76.34083333333334,75.90333333333334,76.24333333333333,76.23541666666667,88.56666666666666,76.80458333333333,76.03750000000001
2021-06-15 00:00:00+00:00,82.54875,83.97083333333333,82.46625,82.61458333333333,84.58208333333333,91.59666666666668,82.41541666666667,82.51083333333334
2021-06-16 00:00:00+00:00,84.33375,90.57875,86.17958333333333,84.435,82.76083333333334,94.68875000000001,87.16958333333334,86.95208333333333
2021-06-17 00:00:00+00:00,78.02625,89.43875000000001,82.815,80.59333333333333,81.12583333333333,92.58291666666666,80.60208333333334,78.47583333333334
2021-06-18 00:00:00+00:00,80.52708333333334,86.02999999999999,81.07000000000001,80.74166666666666,80.35208333333334,92.78083333333332,80.28375,80.72
2021-06-19 00:00:00+00:00,69.61458333333333,74.02583333333334,72.67625,70.545,75.28458333333333,85.61083333333333,72.38708333333334,73.67916666666666
2021-06-20 00:00:00+00:00,57.855,75.46791666666667,57.310833333333335,57.815416666666664,64.98458333333333,51.85125,58.739583333333336,59.73
2021-06-21 00:00:00+00:00,78.19333333333333,84.77374999999999,78.19333333333333,78.19333333333333,77.72708333333334,84.79291666666667,78.19333333333333,78.19333333333333
2021-06-22 00:00:00+00:00,84.70208333333333,89.6175,83.29291666666667,84.58,84.97416666666668,89.27375,83.76041666666667,84.55416666666666
2021-06-23 00:00:00+00:00,93.47208333333333,100.8625,84.97083333333333,92.99208333333333,89.10291666666667,89.28291666666667,87.59375,92.30874999999999
2021-06-24 00:00:00+00:00,94.99666666666667,103.21625,89.14666666666666,94.86333333333333,88.31291666666668,85.93916666666667,90.81083333333333,93.16000000000001
2021-06-25 00:00:00+00:00,90.10208333333333,95.70541666666666,86.77541666666667,89.91833333333334,87.75541666666668,87.13375,87.77166666666666,89.49333333333334
2021-06-26 00:00:00+00:00,78.8175,82.85208333333334,75.38666666666667,78.44916666666667,79.4025,83.73375,77.15458333333333,79.36291666666666
2021-06-27 00:00:00+00:00,65.24041666666666,82.20916666666666,52.18416666666667,66.28458333333333,71.15333333333334,63.379999999999995,55.19125,64.10666666666667
2021-06-28 00:00:00+00:00,88.84583333333335,98.2725,87.95583333333333,88.90249999999999,86.64999999999999,87.64625000000001,88.45458333333333,88.78375
2021-06-29 00:00:00+00:00,91.75083333333333,111.23041666666667,90.175,91.74291666666666,87.49125,93.31541666666668,90.68666666666667,91.53583333333334
2021-06-30 00:00:00+00:00,92.27749999999999,102.5825,90.13916666666667,92.16791666666667,85.89333333333333,94.14833333333333,90.91583333333334,91.9425
2021-07-01 00:00:00+00:00,90.1675,98.19833333333334,88.5675,90.1325,84.95791666666666,93.02458333333334,89.41875,89.70541666666666
2021-07-02 00:00:00+00:00,96.62124999999999,110.66000000000001,96.49583333333334,97.07833333333333,88.57249999999999,99.4575,96.35125,96.0575
2021-07-03 00:00:00+00:00,83.76625,104.60125,83.95625,85.00833333333334,83.99166666666666,93.78458333333333,83.88458333333334,84.06041666666667
2021-07-04 00:00:00+00:00,81.9575,91.71249999999999,78.3525,81.63333333333334,81.2025,79.64791666666666,81.52083333333333,82.20375
2021-07-05 00:00:00+00:00,94.18333333333334,97.88541666666667,92.97875,94.015,92.53291666666667,94.0,93.88541666666667,94.16666666666667
2021-07-06 00:00:00+00:00,80.36375,103.99708333333332,80.63333333333334,86.70958333333334,87.59916666666668,93.65625,68.31041666666667,77.35125000000001
2021-07-07 00:00:00+00:00,99.73166666666667,111.09750000000001,98.72625,101.3825,89.96708333333333,98.17708333333333,98.78958333333333,96.42416666666666
2021-07-08 00:00:00+00:00,108.77625,108.11958333333332,93.63208333333334,109.19166666666666,93.3175,93.82708333333333,93.88583333333334,95.7725
2021-07-09 00:00:00+00:00,91.40458333333333,94.61083333333333,90.6675,91.27916666666665,86.53625,93.78541666666666,90.39458333333334,88.41291666666666
2021-07-10 00:00:00+00:00,80.48708333333333,87.22416666666668,81.64083333333333,81.33291666666666,81.15958333333333,90.78541666666666,81.30958333333334,81.20625
2021-07-11 00:00:00+00:00,77.44625,82.85000000000001,77.44625,77.44625,75.17666666666666,89.86583333333334,77.44625,77.44625
2021-07-12 00:00:00+00:00,93.97500000000001,102.7625,93.84916666666668,94.01791666666666,87.01625,86.5475,93.99458333333332,93.98416666666667
2021-07-13 00:00:00+00:00,94.23125,105.85083333333334,93.41166666666668,94.22541666666666,85.10666666666667,95.34416666666668,93.68666666666667,94.13333333333333
2021-07-14 00:00:00+00:00,87.455,98.9775,69.33041666666666,88.65666666666668,85.98041666666667,82.74041666666666,74.63250000000001,84.80291666666666
2021-07-15 00:00:00+00:00,89.70541666666666,96.31333333333333,75.02041666666666,88.92625,87.805,87.585,78.26083333333334,86.2075
2021-07-16 00:00:00+00:00,84.49916666666667,98.94333333333333,83.01916666666666,84.61749999999999,86.31333333333333,88.13458333333334,83.36583333333333,84.2
2021-07-17 00:00:00+00:00,60.65541666666667,89.12791666666668,62.535,64.80166666666666,72.77166666666666,90.83416666666666,62.03791666666667,65.34791666666666
2021-07-18 00:00:00+00:00,46.70875,78.90375,46.87375,46.85708333333333,64.29625,74.66250000000001,47.99541666666667,50.86666666666667
2021-07-19 00:00:00+00:00,90.32249999999999,97.02416666666666,90.25291666666668,90.46208333333334,83.39041666666667,99.20541666666666,90.78166666666668,90.81833333333333
2021-07-20 00:00:00+00:00,91.40958333333333,108.2925,90.89541666666668,91.49708333333332,85.85041666666666,102.61416666666666,90.97833333333334,91.35333333333334
2021-07-21 00:00:00+00:00,89.99291666666666,100.81291666666668,91.02166666666666,92.3575,85.49583333333334,106.00875,88.39041666666667,89.14125
2021-07-22 00:00:00+00:00,87.80166666666666,100.27375,88.42833333333334,88.59541666666667,83.95875,101.67208333333333,87.76583333333333,87.76583333333333
2021-07-23 00:00:00+00:00,88.77125000000001,107.99624999999999,87.73375,88.87833333333333,88.01166666666667,95.02375,87.90583333333332,88.65666666666668
2021-07-24 00:00:00+00:00,73.59208333333333,96.75958333333334,74.73875,73.90208333333334,75.64416666666666,92.58,75.84541666666667,79.36375
2021-07-25 00:00:00+00:00,62.15208333333334,84.40041666666666,62.512499999999996,62.38625,68.59333333333333,92.62208333333332,62.634166666666665,64.65124999999999
2021-07-26 00:00:00+00:00,88.81041666666665,105.53583333333334,86.49083333333334,88.55958333333332,81.02041666666666,100.15750000000001,88.95875000000001,89.73333333333333
2021-07-27 00:00:00+00:00,87.33291666666666,111.74374999999999,84.49958333333333,87.18333333333334,82.20625,97.27416666666666,85.21833333333333,87.19791666666667
2021-07-28 00:00:00+00:00,77.24208333333333,113.62416666666667,64.78708333333334,82.90583333333333,83.125,97.11416666666666,60.739583333333336,77.5525
2021-07-29 00:00:00+00:00,46.48833333333334,112.13458333333334,49.07416666666666,69.98416666666667,78.75166666666667,99.07583333333334,30.66541666666667,46.19416666666667
2021-07-30 00:00:00+00:00,64.70416666666667,107.9575,39.625416666666666,70.15083333333332,72.69,93.10958333333333,32.85916666666667,95.01666666666667
2021-07-31 00:00:00+00:00,29.38625,103.93916666666667,30.324583333333333,47.77166666666667,69.34416666666667,61.14041666666666,26.640833333333333,50.274166666666666
2021-08-01 00:00:00+00:00,59.17958333333333,75.63416666666667,50.653333333333336,58.35375,62.38041666666667,78.94666666666667,54.3525,80.83958333333334
2021-08-02 00:00:00+00:00,82.03041666666667,101.80250000000001,82.44583333333334,82.04583333333333,80.69833333333334,103.38166666666666,86.12583333333333,88.66708333333334
2021-08-03 00:00:00+00:00,96.60708333333334,108.58041666666666,90.69666666666666,96.17125,90.84541666666667,106.44958333333334,94.67166666666667,96.445
2021-08-04 00:00:00+00:00,98.17708333333333,110.23666666666666,91.63541666666667,97.76041666666667,91.73333333333333,105.47291666666666,96.87916666666666,98.68041666666666
2021-08-05 00:00:00+00:00,92.92666666666668,103.86375,79.70958333333333,91.96458333333334,82.87,101.1125,86.24916666666667,92.1425
2021-08-06 00:00:00+00:00,71.39041666666667,103.18083333333334,23.503333333333334,67.58,77.60875,96.86541666666666,26.531666666666666,69.55083333333333
2021-08-07 00:00:00+00:00,57.08708333333333,78.12833333333333,38.183749999999996,54.65625,64.715,65.46,40.03875,56.3375
2021-08-08 00:00:00+00:00,8.37875,79.87958333333333,3.564166666666667,7.732083333333333,61.854166666666664,86.15916666666668,0.26750000000000007,11.259166666666667
2021-08-09 00:00:00+00:00,70.14625,86.35458333333334,69.13541666666667,70.06083333333333,80.53750000000001,107.14458333333333,69.17375,71.1475
2021-08-10 00:00:00+00:00,92.08291666666666,105.84625,87.58791666666667,91.70833333333333,83.50916666666667,111.6825,88.93541666666665,92.04333333333334
2021-08-11 00:00:00+00:00,101.27041666666666,112.42416666666666,99.67375,101.13916666666667,87.78416666666668,114.43583333333333,100.72708333333333,101.23208333333334
2021-08-12 00:00:00+00:00,106.20375,114.54791666666667,104.59916666666668,106.14,88.40458333333333,115.96083333333333,105.66416666666667,106.21958333333333
2021-08-13 00:00:00+00:00,93.79791666666667,114.9225,92.5575,93.7375,86.01166666666667,117.88583333333334,93.175,93.79791666666667
2021-08-14 00:00:00+00:00,62.947916666666664,108.88791666666667,69.64583333333333,70.11208333333333,71.48375,114.63625,64.77833333333334,73.98708333333333
2021-08-15 00:00:00+00:00,61.51291666666666,111.19749999999999,47.93291666666667,61.25458333333333,68.27875,107.66833333333334,50.93666666666667,61.41083333333333
2021-08-16 00:00:00+00:00,66.615,115.47500000000001,49.82875000000001,71.09875,83.36583333333333,88.12041666666666,55.824999999999996,73.09583333333333
2021-08-17 00:00:00+00:00,57.92124999999999,113.4375,67.27875,58.98666666666667,75.44833333333334,89.62208333333332,68.23291666666667,90.61874999999999
2021-08-18 00:00:00+00:00,78.9775,110.42583333333333,80.81833333333333,78.85708333333334,77.63625,106.19916666666666,85.41250000000001,88.5025
2021-08-19 00:00:00+00:00,93.74541666666666,108.12083333333334,96.23916666666668,93.78500000000001,88.53375,115.29208333333334,100.29916666666666,105.52041666666666
2021-08-20 00:00:00+00:00,102.86708333333333,105.25458333333334,101.74208333333333,102.77041666666668,90.55791666666666,117.02291666666667,102.415,102.86708333333333
2021-08-21 00:00:00+00:00,90.05041666666666,95.99958333333335,90.05041666666666,90.05041666666666,89.75916666666667,109.43416666666667,90.05041666666666,90.05041666666666
2021-08-22 00:00:00+00:00,77.56583333333333,95.26875000000001,75.29666666666667,77.58791666666667,77.705,98.68916666666667,75.9025,78.85833333333333
2021-08-23 00:00:00+00:00,94.18666666666667,107.88666666666667,91.01958333333333,94.07458333333334,85.04333333333334,99.55125,92.30916666666667,94.18541666666665
2021-08-24 00:00:00+00:00,95.61333333333333,114.03125,78.485,94.11333333333333,88.17416666666666,104.27625,84.1725,95.55
2021-08-25 00:00:00+00:00,83.49958333333333,106.07,86.57625,85.45416666666667,85.0825,117.66458333333333,90.59666666666668,97.34249999999999
2021-08-26 00:00:00+00:00,93.56041666666665,125.92125,93.95375,93.57833333333333,90.68958333333335,122.81541666666668,94.22166666666668,94.26375
2021-08-27 00:00:00+00:00,96.0,113.01041666666667,96.12041666666666,96.0,93.02458333333334,119.27458333333334,96.19916666666667,96.26291666666667
2021-08-28 00:00:00+00:00,83.95166666666667,106.99583333333334,73.24958333333333,85.43958333333335,86.97208333333333,107.77375,77.05541666666666,83.03791666666667
2021-08-29 00:00:00+00:00,81.01291666666667,97.92458333333333,71.15041666666666,81.33,81.01291666666667,103.87208333333332,74.58749999999999,80.98208333333334
2021-08-30 00:00:00+00:00,107.69041666666665,124.52458333333334,107.97041666666667,107.67583333333333,91.14208333333333,125.36791666666666,109.00791666666667,110.59749999999998
2021-08-31 00:00:00+00:00,110.17083333333333,126.71625,108.22458333333333,109.86041666666667,91.69083333333333,130.28,111.39916666666666,111.05833333333334
2021-09-01 00:00:00+00:00,112.17416666666666,126.19541666666667,104.00708333333334,111.49166666666667,97.04166666666667,133.47083333333333,118.60625,116.25708333333334
2021-09-02 00:00:00+00:00,118.29375,139.20374999999999,107.8075,117.65791666666667,98.19041666666668,140.40666666666667,125.47541666666666,123.80541666666666
2021-09-03 00:00:00+00:00,111.46291666666667,145.60708333333335,111.24583333333334,111.72916666666667,94.75333333333333,138.32500000000002,116.9325,113.08625
2021-09-04 00:00:00+00:00,106.41583333333334,134.49458333333334,107.42666666666666,105.97416666666668,97.50583333333333,134.75583333333333,107.14833333333333,107.03125
2021-09-05 00:00:00+00:00,97.67166666666667,111.02791666666667,98.46249999999999,97.57958333333333,92.755,127.48958333333333,98.7025,100.36791666666666
2021-09-06 00:00:00+00:00,128.34916666666666,133.58166666666668,124.50958333333334,128.8575,95.38958333333333,131.58791666666667,131.91041666666666,129.82874999999999
2021-09-07 00:00:00+00:00,128.07750000000001,138.07,123.78500000000001,128.22916666666666,95.87833333333333,128.7425,130.31708333333333,128.93833333333333
2021-09-08 00:00:00+00:00,124.38125000000001,139.14291666666665,121.98916666666668,124.86208333333333,95.94166666666666,135.82083333333335,125.87041666666666,125.05375
2021-09-09 00:00:00+00:00,130.98291666666668,145.74916666666667,132.51166666666668,133.44541666666666,95.09541666666667,142.89333333333335,137.60416666666666,131.81625
2021-09-10 00:00:00+00:00,139.80666666666667,145.42291666666668,138.75916666666666,139.77208333333334,100.065,152.52541666666667,140.12291666666667,140.07916666666668
2021-09-11 00:00:00+00:00,126.27999999999999,139.05083333333332,127.82291666666667,126.80166666666666,98.63666666666667,151.20250000000001,128.78041666666667,133.76958333333332
2021-09-12 00:00:00+00:00,105.93041666666666,132.28375,108.85875,107.70625,97.66041666666666,143.76250000000002,110.40333333333332,119.3
2021-09-13 00:00:00+00:00,142.26125,147.88083333333333,140.35583333333332,144.20166666666668,112.20416666666667,151.28458333333333,144.88750000000002,143.16333333333333
2021-09-14 00:00:00+00:00,144.26583333333335,153.7175,146.54291666666668,147.75291666666666,119.95375,157.45708333333332,150.64000000000001,146.25333333333333
2021-09-15 00:00:00+00:00,167.89374999999998,175.55499999999998,166.5075,167.90541666666667,97.01333333333334,174.42666666666665,167.7408333333333,167.96541666666667
2021-09-16 00:00:00+00:00,158.60583333333332,182.18083333333334,169.975,166.42541666666668,111.50708333333334,186.85041666666666,170.28541666666666,163.08791666666667
2021-09-17 00:00:00+00:00,158.10375,168.17791666666668,158.04666666666665,158.23416666666665,110.69416666666666,166.77875,159.64791666666667,159.99625
2021-09-18 00:00:00+00:00,128.82666666666668,158.00916666666666,135.12083333333334,132.86833333333334,116.68,158.08166666666668,134.99666666666667,137.32
2021-09-19 00:00:00+00:00,95.60625,154.44666666666666,101.72000000000001,97.72625,91.59249999999999,145.28041666666667,106.17,110.35625
2021-09-20 00:00:00+00:00,153.21125,162.78083333333333,153.75291666666666,153.84708333333333,104.85708333333334,155.09166666666667,156.28791666666666,157.67875
2021-09-21 00:00:00+00:00,147.7279166666667,175.65,146.84458333333333,148.10375,107.98208333333334,152.41791666666668,150.595,152.1625
2021-09-22 00:00:00+00:00,145.40916666666666,180.44500000000002,149.46916666666667,147.42958333333334,110.91708333333334,175.55958333333334,155.33791666666667,155.91
2021-09-23 00:00:00+00:00,70.185,174.23291666666668,145.78,131.3575,90.79124999999999,166.14166666666668,139.03416666666666,135.12125
2021-09-24 00:00:00+00:00,112.40083333333332,191.20875,148.72541666666666,129.24583333333334,85.52916666666665,174.83666666666667,153.81083333333333,155.68333333333334
2021-09-25 00:00:00+00:00,130.37791666666666,163.40291666666667,144.8525,137.66458333333333,107.80083333333333,165.46041666666667,147.65666666666667,152.57958333333332
2021-09-26 00:00:00+00:00,124.67875,162.5875,124.67875,124.67875,108.40333333333332,159.44416666666666,124.67875,124.67875
2021-09-27 00:00:00+00:00,141.54416666666665,176.75166666666667,146.56083333333333,152.74375,96.27583333333332,176.88666666666666,135.8529166666667,139.89208333333332
2021-09-28 00:00:00+00:00,156.18041666666667,181.42208333333335,158.89625,158.70125,123.43166666666667,181.82000000000002,156.155,154.34291666666667
2021-09-29 00:00:00+00:00,129.31958333333333,219.61041666666665,153.0875,150.01624999999999,104.49000000000001,188.6575,130.32916666666668,132.89916666666667
2021-09-30 00:00:00+00:00,113.64875,206.5575,161.03041666666667,157.55375,108.2275,194.68083333333334,128.48666666666665,133.17249999999999
2021-10-01 00:00:00+00:00,102.78291666666667,212.16958333333332,143.37541666666667,141.17,95.77083333333333,216.87625,103.37333333333333,119.16250000000001
2021-10-02 00:00:00+00:00,94.87416666666667,223.80541666666667,92.54291666666667,100.77041666666666,87.41541666666666,162.955,88.09333333333335,100.14833333333333
2021-10-03 00:00:00+00:00,47.01916666666667,188.63041666666666,70.47375000000001,50.43375,62.48041666666666,115.65583333333332,70.42583333333333,117.65083333333332
2021-10-04 00:00:00+00:00,161.8175,215.47958333333335,160.05375,172.97625000000002,106.95458333333333,189.73916666666665,152.89541666666665,149.01583333333335
2021-10-05 00:00:00+00:00,156.47541666666666,210.2904166666667,156.55125,157.3025,107.87833333333333,207.6158333333333,156.43875,156.46375
2021-10-06 00:00:00+00:00,199.03583333333333,248.95666666666668,197.06500000000003,200.06583333333333,120.66833333333334,231.5845833333333,194.6925,199.0220833333333
2021-10-07 00:00:00+00:00,295.4475,303.94416666666666,291.24375000000003,294.61625,141.52625,284.74,295.45666666666665,295.45666666666665
2021-10-08 00:00:00+00:00,200.33,229.67416666666668,203.9675,202.44333333333336,132.97208333333333,230.35083333333333,203.36791666666667,202.75166666666667
2021-10-09 00:00:00+00:00,139.87041666666667,197.28333333333333,179.92958333333334,164.51958333333332,113.67708333333333,220.5925,162.64124999999999,164.27666666666667
2021-10-10 00:00:00+00:00,145.29916666666665,166.38375,149.51291666666665,157.91125,95.48458333333333,173.09,147.62041666666667,147.58708333333334
2021-10-11 00:00:00+00:00,163.86458333333334,209.41166666666666,184.66791666666666,179.02041666666665,111.23875,187.02125,189.0616666666667,183.3475
2021-10-12 00:00:00+00:00,171.96166666666667,220.9779166666667,187.89874999999998,189.17041666666668,123.82208333333334,183.00625,190.5975,181.3425
2021-10-13 00:00:00+00:00,187.18375,214.92458333333332,196.0275,190.4383333333333,143.9975,189.40125,200.04208333333335,194.27125
2021-10-14 00:00:00+00:00,161.36125,220.82500000000002,200.29708333333335,186.42083333333335,126.70458333333333,217.87125,195.69625,179.91666666666666
2021-10-15 00:00:00+00:00,122.04708333333333,222.15583333333333,214.63,186.10958333333335,88.80333333333334,232.38208333333333,216.09124999999997,204.97625000000002
2021-10-16 00:00:00+00:00,155.16416666666666,214.82583333333332,188.88375,180.86458333333334,97.46125,224.80166666666665,193.48000000000002,192.08416666666668
2021-10-17 00:00:00+00:00,142.89875,191.245,163.93333333333334,163.35166666666666,94.19916666666667,210.525,165.53333333333333,163.84666666666666
2021-10-18 00:00:00+00:00,189.19500000000002,247.95666666666668,194.17291666666665,197.92666666666665,120.005,227.02374999999998,191.39208333333332,189.24875
2021-10-19 00:00:00+00:00,145.13375,252.98208333333332,157.07541666666665,177.06083333333333,106.98291666666667,204.09,155.93458333333334,155.41916666666665
2021-10-20 00:00:00+00:00,61.784166666666664,232.62249999999997,100.23124999999999,152.38833333333335,78.66166666666668,203.14791666666667,82.12041666666667,99.39375
2021-10-21 00:00:00+00:00,64.15583333333333,222.26125000000002,166.47833333333332,163.88708333333332,75.39708333333333,207.35375,141.06083333333333,151.93041666666667
2021-10-22 00:00:00+00:00,72.63666666666667,238.41208333333336,213.0633333333333,185.60416666666666,73.12833333333333,204.01541666666665,171.15541666666664,160.61208333333335
2021-10-23 00:00:00+00:00,143.74041666666668,216.92625,204.78166666666667,163.85999999999999,95.95625,213.73000000000002,199.21708333333333,192.75833333333333
2021-10-24 00:00:00+00:00,96.03750000000001,187.63791666666668,167.65416666666667,143.34333333333333,81.04791666666667,213.15333333333334,136.37333333333333,125.16541666666666
2021-10-25 00:00:00+00:00,177.20416666666665,213.63250000000002,208.47,201.03125,107.31124999999999,223.34541666666667,204.15916666666666,181.20583333333332
2021-10-26 00:00:00+00:00,174.91083333333333,240.26874999999998,214.86833333333334,204.3670833333333,123.58166666666666,218.475,207.87375,183.64125
2021-10-27 00:00:00+00:00,147.24583333333334,223.25375,204.25958333333332,212.49791666666667,114.76041666666667,223.74666666666667,180.39416666666668,163.36416666666668
2021-10-28 00:00:00+00:00,150.22375,212.12249999999997,187.09416666666667,192.59083333333334,113.34041666666667,199.08333333333334,177.80458333333334,165.17041666666668
2021-10-29 00:00:00+00:00,111.65249999999999,220.22125000000003,151.32916666666668,156.60916666666665,104.33583333333333,172.32958333333332,146.24166666666667,143.20083333333335
2021-10-30 00:00:00+00:00,82.8925,187.38625000000002,121.85125,111.45916666666666,85.24416666666666,125.8825,136.13208333333333,144.66958333333335
2021-10-31 00:00:00+00:00,61.598749999999995,189.3925,76.2775,82.94458333333334,69.25916666666667,76.2775,71.11749999999999,70.89583333333333
2021-11-01 00:00:00+00:00,99.06041666666665,160.43916666666667,95.14083333333333,114.66875,72.42458333333333,92.55791666666666,93.24208333333333,99.72291666666666
2021-11-02 00:00:00+00:00,204.17875,205.845,204.01833333333335,204.15375000000003,109.88708333333334,147.43041666666667,204.085,204.1575
2021-11-03 00:00:00+00:00,193.9175,199.94125,186.83541666666667,193.53875000000002,117.8975,155.07291666666666,185.52041666666665,180.66625
2021-11-04 00:00:00+00:00,169.77833333333334,192.75,178.775,175.62958333333333,101.97958333333332,171.83416666666668,178.57666666666668,171.74375
2021-11-05 00:00:00+00:00,158.90833333333333,208.56500000000003,189.14125,177.97875,84.02958333333333,172.33708333333334,190.74416666666664,169.35541666666666
2021-11-06 00:00:00+00:00,73.65833333333333,174.015,162.54291666666666,153.00583333333333,73.76708333333333,155.4575,152.1325,147.19375
2021-11-07 00:00:00+00:00,37.435,195.12250000000003,138.40458333333333,149.20374999999999,54.218333333333334,132.97166666666666,116.75208333333335,108.10583333333334
2021-11-08 00:00:00+00:00,181.48083333333332,217.76166666666666,209.40625,198.55124999999998,120.8125,166.84541666666667,208.57458333333332,202.42541666666668
2021-11-09 00:00:00+00:00,160.66666666666666,211.34124999999997,191.63708333333332,190.62666666666667,124.08958333333334,179.86875,181.7591666666667,164.17875
2021-11-10 00:00:00+00:00,179.35500000000002,232.5275,231.60458333333335,179.51458333333335,121.00291666666668,198.48916666666665,214.67625,179.56125
2021-11-11 00:00:00+00:00,190.41375000000002,198.99291666666667,187.87708333333333,196.39541666666665,123.85958333333333,183.8791666666667,184.06500000000003,182.37
2021-11-12 00:00:00+00:00,164.03291666666667,201.9775,187.20791666666665,196.28625,123.3275,185.26083333333335,168.48541666666668,158.45041666666665
2021-11-13 00:00:00+00:00,160.46958333333333,183.04875,169.87875,172.09625000000003,132.29166666666666,180.25541666666666,166.56,158.05458333333334
2021-11-14 00:00:00+00:00,168.50875,175.36333333333334,171.26791666666668,173.55416666666667,116.15083333333332,171.68541666666667,171.5583333333333,172.74666666666667
2021-11-15 00:00:00+00:00,228.65,228.60041666666666,228.75833333333333,228.67583333333334,116.90916666666668,181.2675,228.69375,228.5091666666667
2021-11-16 00:00:00+00:00,237.94625,238.47208333333333,237.4383333333333,238.36541666666665,139.77875,194.70458333333332,234.25041666666667,225.02625
2021-11-17 00:00:00+00:00,176.68625,246.24166666666667,215.38750000000002,212.51291666666668,122.69583333333333,195.98416666666665,218.91916666666665,197.70541666666668
2021-11-18 00:00:00+00:00,138.725,247.41458333333333,238.23125000000002,213.38583333333335,101.86375,226.88458333333332,226.07291666666666,209.02083333333334
2021-11-19 00:00:00+00:00,133.10041666666666,243.885,244.14166666666665,216.63958333333335,89.07833333333333,228.12333333333333,206.8166666666667,199.06208333333333
2021-11-20 00:00:00+00:00,108.78416666666668,229.29250000000002,232.79875,189.03041666666664,89.35000000000001,221.24666666666667,199.3658333333333,184.59166666666667
2021-11-21 00:00:00+00:00,149.13750000000002,220.10666666666665,223.63625000000002,207.56458333333333,115.87333333333333,227.9225,180.72458333333336,148.13291666666666
2021-11-22 00:00:00+00:00,232.85541666666666,259.4016666666667,252.6,254.27958333333333,138.84416666666667,235.92333333333332,235.78708333333336,193.54541666666668
2021-11-23 00:00:00+00:00,242.77291666666667,270.705,270.23083333333335,266.9733333333333,140.91375,226.2025,267.6045833333333,220.45416666666665
2021-11-24 00:00:00+00:00,274.30041666666665,290.10875,296.315,283.15333333333336,163.24708333333334,225.5895833333333,281.3645833333333,254.68291666666667
2021-11-25 00:00:00+00:00,241.48874999999998,294.5316666666667,303.2083333333333,267.30875,132.56125,228.94541666666666,249.82291666666666,195.5220833333333
2021-11-26 00:00:00+00:00,187.31833333333336,266.1820833333333,273.9266666666667,235.17,148.58041666666665,226.89791666666667,222.17583333333334,201.09916666666666
2021-11-27 00:00:00+00:00,205.5583333333333,222.66791666666666,219.53875000000002,212.26208333333332,153.76416666666668,203.79916666666668,219.75083333333336,204.62375
2021-11-28 00:00:00+00:00,199.55916666666667,203.77583333333334,203.77583333333334,200.45291666666665,167.96583333333334,200.97708333333333,202.78125,197.38625000000002
2021-11-29 00:00:00+00:00,264.23291666666665,299.9158333333333,303.4458333333333,273.6141666666667,113.25833333333333,217.32416666666666,264.08708333333334,253.80791666666667
2021-11-30 00:00:00+00:00,124.39541666666666,275.54291666666666,270.08,214.65416666666667,123.59499999999998,275.9633333333333,210.11666666666667,177.0845833333333
2021-12-01 00:00:00+00:00,87.24291666666666,286.0516666666667,281.44083333333333,242.83249999999998,127.50625000000001,244.79291666666666,197.89874999999998,190.10208333333333
2021-12-02 00:00:00+00:00,199.91375000000002,286.48375,279.66,260.3020833333333,140.495,221.15625,240.57125,211.34666666666666
2021-12-03 00:00:00+00:00,148.76833333333335,296.91791666666666,297.2658333333333,231.3375,134.12833333333333,226.04416666666668,234.5475,196.13375
2021-12-04 00:00:00+00:00,194.69791666666666,222.24291666666667,220.51333333333332,205.03833333333333,169.55458333333334,218.18416666666667,203.54333333333332,193.0475
2021-12-05 00:00:00+00:00,162.29666666666665,222.48041666666666,221.15625,202.8166666666667,143.54583333333332,103.1825,194.80708333333334,185.39166666666665
2021-12-06 00:00:00+00:00,262.63916666666665,282.4483333333333,282.53749999999997,270.7245833333333,241.12166666666667,210.4779166666667,258.01375,244.49249999999998
2021-12-07 00:00:00+00:00,214.26916666666668,261.6225,259.04583333333335,244.36333333333334,232.35916666666665,209.92583333333334,208.11,182.99041666666668
2021-12-08 00:00:00+00:00,188.4025,248.09875,247.94875000000002,222.32458333333332,155.60708333333335,109.96625,211.53666666666666,187.49666666666667
2021-12-09 00:00:00+00:00,278.2291666666667,288.42583333333334,287.24583333333334,281.95125,229.06291666666667,215.75,280.24375000000003,275.8704166666667
2021-12-10 00:00:00+00:00,240.74458333333334,258.99833333333333,247.19416666666666,244.84083333333334,223.02458333333334,210.03416666666666,239.43291666666667,238.22416666666666
2021-12-11 00:00:00+00:00,233.81125,250.02583333333334,250.58249999999998,238.71791666666664,231.625,241.28083333333333,239.05291666666668,219.96875
2021-12-12 00:00:00+00:00,185.1029166666667,242.3083333333333,250.18458333333334,205.25750000000002,182.29541666666668,256.4558333333333,219.44416666666666,193.83666666666667
2021-12-13 00:00:00+00:00,264.7320833333333,302.36375000000004,303.15541666666667,283.11625,262.2445833333333,269.8904166666667,266.79625,242.865
2021-12-14 00:00:00+00:00,297.6825,325.15749999999997,329.45,312.56374999999997,277.48125,287.95375,304.5495833333333,281.15791666666667
2021-12-15 00:00:00+00:00,295.65833333333336,349.14124999999996,346.10625,312.0975,225.0225,291.5525,293.43083333333334,276.58666666666664
2021-12-16 00:00:00+00:00,346.30583333333334,353.0175,353.0175,348.93458333333336,143.74375,302.41041666666666,345.4458333333334,335.27416666666664
2021-12-17 00:00:00+00:00,339.00916666666666,342.10583333333335,342.10583333333335,340.16791666666666,162.12083333333334,310.06541666666664,340.08666666666664,338.1379166666666
2021-12-18 00:00:00+00:00,250.04999999999998,315.56,316.86375,272.0104166666667,160.45791666666665,307.39208333333335,304.44374999999997,294.18625000000003
2021-12-19 00:00:00+00:00,122.85041666666666,336.63416666666666,342.4670833333334,228.07125,86.4775,318.93583333333333,300.89708333333334,288.95416666666665
2021-12-20 00:00:00+00:00,336.56416666666667,377.65291666666667,382.53541666666666,348.40333333333336,169.19083333333333,340.0729166666667,361.46000000000004,358.565
2021-12-21 00:00:00+00:00,435.08958333333334,428.8595833333333,445.06541666666664,437.33625,345.08833333333337,328.6245833333333,436.7366666666667,431.9895833333333
2021-12-22 00:00:00+00:00,414.80791666666664,448.1791666666666,453.85791666666665,425.6558333333333,342.23499999999996,361.34125,397.93333333333334,397.43041666666664
2021-12-23 00:00:00+00:00,292.28249999999997,414.4379166666667,413.88208333333336,344.55333333333334,214.795,381.88000000000005,363.19250000000005,325.66041666666666
2021-12-24 00:00:00+00:00,199.13333333333333,312.19416666666666,315.44416666666666,231.15416666666667,124.58,306.935,288.7525,287.11875
2021-12-25 00:00:00+00:00,198.21416666666667,216.57541666666668,215.6654166666667,201.60875,117.42666666666668,225.53041666666664,197.2095833333333,193.86041666666665
2021-12-26 00:00:00+00:00,169.01583333333335,210.09666666666666,183.75750000000002,172.85375,154.51541666666665,181.39208333333332,183.76583333333335,185.74833333333333
2021-12-27 00:00:00+00:00,147.93666666666667,242.03916666666666,157.61708333333334,153.06,110.0675,96.57249999999999,158.50041666666667,166.55083333333332
2021-12-28 00:00:00+00:00,105.795,197.8983333333333,103.61958333333332,130.88583333333332,106.05291666666666,106.34583333333335,103.325,112.8325
2021-12-29 00:00:00+00:00,153.97916666666666,217.89041666666665,153.97916666666666,153.97916666666666,143.09583333333333,184.78083333333333,153.97916666666666,153.97916666666666
2021-12-30 00:00:00+00:00,73.27,187.53391304347824,107.16478260869565,119.44086956521738,125.48217391304348,200.6817391304348,70.47304347826088,102.54347826086956
2021-12-31 00:00:00+00:00,13.975416666666666,169.59208333333333,118.69208333333334,86.8,82.72666666666667,140.64875,12.553749999999999,83.58583333333333
2022-01-01 00:00:00+00:00,82.87125,149.76416666666668,85.74833333333333,83.88291666666667,84.57333333333334,122.10208333333333,84.63583333333334,90.69458333333334
2022-01-02 00:00:00+00:00,44.98833333333334,166.03166666666667,46.850833333333334,54.32125,73.66,138.98041666666668,48.21208333333333,56.44583333333333
2022-01-03 00:00:00+00:00,80.415,193.64541666666665,97.23708333333333,87.84708333333333,95.52333333333333,148.16375,84.81583333333333,106.48416666666667
2022-01-04 00:00:00+00:00,153.98375000000001,165.39541666666668,156.07500000000002,154.53625,146.79208333333335,151.92208333333335,155.66291666666666,159.91416666666666
2022-01-05 00:00:00+00:00,107.64083333333333,195.2275,189.1833333333333,133.21458333333334,118.28666666666668,183.82666666666668,158.96333333333334,189.32333333333335
2022-01-06 00:00:00+00:00,195.30875,226.01041666666666,226.03,202.28916666666666,149.37875,213.24249999999998,212.24166666666667,218.09666666666666
2022-01-07 00:00:00+00:00,168.64958333333334,233.72,214.72708333333333,181.86041666666665,131.55541666666667,218.21208333333334,189.92,207.25250000000003
2022-01-08 00:00:00+00:00,162.6,234.32875,173.39958333333334,175.33791666666664,168.61083333333332,196.74458333333334,171.44375,182.225
2022-01-09 00:00:00+00:00,151.1925,212.4941666666667,153.90875,175.92708333333334,136.33458333333334,122.87083333333334,151.32208333333332,156.02291666666667
2022-01-10 00:00:00+00:00,262.13625,261.96583333333336,261.83958333333334,262.06083333333333,245.45833333333334,217.8525,261.75333333333333,259.7008333333333
2022-01-11 00:00:00+00:00,254.8395833333333,253.355,253.38833333333332,254.18208333333334,251.69833333333335,222.59291666666664,251.39,240.32416666666666
2022-01-12 00:00:00+00:00,232.33583333333334,236.76208333333332,236.92708333333334,233.5391666666667,220.92458333333332,205.79125,236.80416666666667,228.08375
2022-01-13 00:00:00+00:00,177.94375,225.77958333333333,224.32125,195.535,117.83999999999999,215.73,215.71624999999997,190.25
2022-01-14 00:00:00+00:00,183.01083333333335,233.54125,234.28708333333336,202.61249999999998,110.61208333333333,203.65583333333333,217.6954166666667,187.41916666666668
2022-01-15 00:00:00+00:00,216.15791666666667,221.03791666666666,220.65874999999997,217.14041666666665,172.68458333333334,218.98125000000002,217.76041666666666,210.15916666666666
2022-01-16 00:00:00+00:00,126.93541666666665,213.17916666666667,213.65833333333333,184.00583333333336,102.18041666666666,214.205,200.56541666666666,197.85708333333332
2022-01-17 00:00:00+00:00,133.93375,246.34083333333334,259.5204166666667,187.13041666666666,98.99875000000002,243.05999999999997,206.5475,205.63666666666666
2022-01-18 00:00:00+00:00,235.03958333333333,244.22333333333333,244.73625,236.98083333333332,180.0533333333333,223.17916666666667,239.15416666666667,222.11541666666668
2022-01-19 00:00:00+00:00,168.88958333333332,237.10541666666666,235.29708333333335,201.49708333333334,128.90166666666667,211.89,193.59333333333333,178.4645833333333
2022-01-20 00:00:00+00:00,118.90958333333333,228.16666666666666,228.1604166666667,180.71166666666667,107.11833333333334,190.04833333333332,179.43291666666667,161.30083333333332
2022-01-21 00:00:00+00:00,159.45250000000001,217.48333333333335,216.7229166666667,178.01708333333332,110.29875,179.62666666666667,191.72,167.96666666666667
2022-01-22 00:00:00+00:00,177.76208333333332,204.58041666666668,202.68958333333333,191.26166666666666,160.57083333333333,190.59166666666667,193.97916666666666,178.33041666666668
2022-01-23 00:00:00+00:00,194.17999999999998,197.09708333333333,196.68208333333334,194.74249999999998,159.48416666666665,201.05375,193.59416666666667,192.48749999999998
2022-01-24 00:00:00+00:00,247.29791666666665,247.73333333333335,248.24625,247.51791666666668,202.68999999999997,228.24875,245.92291666666665,244.23541666666665
2022-01-25 00:00:00+00:00,297.02125,296.13,296.13,296.8933333333333,189.22916666666666,225.26125000000002,290.2920833333333,276.3275
2022-01-26 00:00:00+00:00,231.73208333333332,275.18541666666664,275.18541666666664,244.21541666666667,171.6029166666667,236.50208333333333,224.87583333333336,223.15083333333334
2022-01-27 00:00:00+00:00,118.64833333333333,264.99125,261.88416666666666,193.26916666666668,111.09750000000001,232.2408333333333,200.57708333333335,199.30625
2022-01-28 00:00:00+00:00,176.35708333333332,260.7858333333333,250.48333333333335,204.615,113.37458333333332,224.41833333333332,214.32125,212.09
2022-01-29 00:00:00+00:00,86.79791666666667,241.84458333333336,218.8575,161.92875,121.455,223.62333333333333,113.68541666666665,154.35083333333333
2022-01-30 00:00:00+00:00,60.29458333333333,217.95083333333332,222.78291666666667,140.49916666666667,76.90666666666667,230.83208333333334,186.87,172.97958333333335
2022-01-31 00:00:00+00:00,196.7854166666667,232.875,213.46291666666664,206.5041666666667,205.70041666666668,220.4020833333333,204.9675,197.30708333333334
2022-02-01 00:00:00+00:00,145.055,244.28416666666666,212.77874999999997,206.90166666666667,150.69,205.55583333333334,198.32708333333335,187.15833333333333
2022-02-02 00:00:00+00:00,145.28083333333333,215.5583333333333,205.98208333333332,193.39,143.11458333333334,211.43666666666664,183.35625000000002,178.76999999999998
2022-02-03 00:00:00+00:00,192.79666666666665,213.81583333333333,205.97166666666666,197.44000000000003,180.74333333333334,207.14,193.02458333333334,184.74791666666667
2022-02-04 00:00:00+00:00,130.71208333333334,233.7775,193.86958333333334,192.56500000000003,147.25208333333333,197.87291666666667,179.00666666666666,172.17583333333334
2022-02-05 00:00:00+00:00,85.20291666666667,224.96291666666664,191.25375,152.86625,99.87624999999998,197.22166666666666,96.63416666666666,130.05208333333334
2022-02-06 00:00:00+00:00,53.1875,204.34916666666666,137.2675,136.58541666666667,94.23958333333333,190.45916666666665,68.34458333333333,121.11166666666666
2022-02-07 00:00:00+00:00,88.9225,208.70541666666668,205.94916666666666,183.13291666666666,109.30416666666667,206.23291666666668,189.97333333333333,155.82958333333332
2022-02-08 00:00:00+00:00,137.52124999999998,206.9466666666667,202.98791666666668,158.22625,125.67291666666667,204.15666666666667,177.00666666666666,167.73749999999998
2022-02-09 00:00:00+00:00,169.44916666666666,220.82666666666668,209.5354166666667,189.085,127.61,210.99749999999997,193.6029166666667,179.1341666666667
2022-02-10 00:00:00+00:00,191.9675,213.68208333333334,204.72208333333333,195.28833333333333,134.08083333333335,205.3975,201.70458333333332,187.44791666666666
2022-02-11 00:00:00+00:00,185.24291666666667,221.07083333333333,206.95166666666668,193.34083333333334,134.10999999999999,197.0404166666667,194.2720833333333,182.62541666666667
2022-02-12 00:00:00+00:00,138.55708333333334,191.53416666666666,190.9725,157.73749999999998,125.84666666666668,199.26458333333335,150.91958333333335,163.42916666666665
2022-02-13 00:00:00+00:00,81.84791666666666,196.52083333333334,148.45791666666668,134.64666666666668,83.58708333333333,161.27625,84.32333333333334,137.04
2022-02-14 00:00:00+00:00,104.97874999999999,212.16625,189.13250000000002,178.58416666666665,98.70875000000001,185.1825,156.9825,174.92499999999998
2022-02-15 00:00:00+00:00,154.25416666666666,211.15083333333334,191.72875,195.80124999999998,119.39875,198.84958333333336,180.60708333333332,203.42375
2022-02-16 00:00:00+00:00,114.17958333333333,221.25833333333333,149.085,182.84041666666667,96.83749999999999,176.34541666666667,121.60666666666667,159.54208333333335
2022-02-17 00:00:00+00:00,70.86749999999999,182.47208333333333,136.75291666666666,138.74,92.45458333333333,166.5925,110.34666666666668,116.14291666666666
2022-02-18 00:00:00+00:00,117.72208333333333,201.37375,155.17625,133.54916666666665,97.17875,181.03125,154.19166666666666,177.57666666666668
2022-02-19 00:00:00+00:00,40.892916666666665,178.68083333333334,116.58916666666666,101.21958333333333,87.46541666666667,140.54958333333335,83.48666666666666,95.53958333333333
2022-02-20 00:00:00+00:00,63.37916666666666,182.02541666666664,95.12291666666665,95.09791666666666,88.76958333333333,162.76708333333332,96.35875,116.99791666666665
2022-02-21 00:00:00+00:00,78.71875,188.48416666666665,155.9025,117.9425,93.40916666666668,182.3841666666667,148.46625,154.87791666666666
2022-02-22 00:00:00+00:00,122.90125,186.69416666666666,175.0845833333333,137.45291666666665,112.59666666666668,179.82083333333333,160.11625,164.96833333333333
2022-02-23 00:00:00+00:00,131.47541666666666,194.6966666666667,189.635,148.81333333333333,111.94333333333333,197.19791666666666,171.47666666666666,164.3033333333333
2022-02-24 00:00:00+00:00,122.54208333333334,220.86083333333332,189.03208333333336,141.21208333333334,106.37791666666668,206.4104166666667,166.22,176.06875
2022-02-25 00:00:00+00:00,122.26208333333334,285.89916666666664,247.74333333333334,168.18583333333333,106.65041666666667,242.44000000000003,246.87583333333336,218.79291666666666
2022-02-26 00:00:00+00:00,227.33249999999998,246.66083333333333,239.65625,229.8975,139.44416666666666,259.88958333333335,238.88958333333335,240.96041666666667
2022-02-27 00:00:00+00:00,181.6475,202.69375,196.90125,191.01874999999998,118.56875000000001,258.45958333333334,186.37375,182.79958333333332
2022-02-28 00:00:00+00:00,206.87041666666667,258.00875,253.28416666666666,246.9725,144.85291666666666,276.6875,221.35541666666666,217.99375
2022-03-01 00:00:00+00:00,245.89583333333334,273.9529166666667,269.64416666666665,254.37208333333334,146.64625,257.9145833333333,260.1770833333333,255.54208333333335
2022-03-02 00:00:00+00:00,282.1145833333333,283.47125,277.3566666666667,281.98041666666666,160.04125000000002,257.36875000000003,273.30625000000003,247.39208333333332
2022-03-03 00:00:00+00:00,339.02916666666664,363.95958333333334,347.49541666666664,340.8258333333333,144.99458333333334,342.30791666666664,342.31791666666663,331.73083333333335
2022-03-04 00:00:00+00:00,359.3108333333333,383.4025,364.76208333333335,368.09,154.68333333333334,341.7995833333334,366.36375,352.39875
2022-03-05 00:00:00+00:00,345.51666666666665,364.84625,355.62958333333336,351.30958333333336,168.03958333333333,367.1375,359.72583333333336,334.1325
2022-03-06 00:00:00+00:00,340.25416666666666,379.3379166666667,363.88041666666663,366.19624999999996,134.47166666666666,381.16625,331.4629166666667,329.37916666666666
2022-03-07 00:00:00+00:00,413.37041666666664,463.00916666666666,424.10625,429.5933333333333,139.98791666666668,442.9166666666667,413.9470833333333,393.4883333333333
2022-03-08 00:00:00+00:00,486.49083333333334,590.5029166666667,541.3866666666667,554.83,171.66,547.455,461.99916666666667,444.5620833333333
2022-03-09 00:00:00+00:00,442.9183333333333,481.71125,458.3145833333333,470.48291666666665,166.34625,467.45958333333334,455.20166666666665,427.31666666666666
2022-03-10 00:00:00+00:00,268.27375,391.4120833333333,362.94041666666664,358.175,144.82750000000001,365.2475,340.19916666666666,306.39375
2022-03-11 00:00:00+00:00,79.60458333333334,369.71875,279.48541666666665,300.8979166666667,121.25625000000001,285.4120833333333,176.18916666666667,183.54791666666665
2022-03-12 00:00:00+00:00,128.04875,281.165,260.80916666666667,227.92624999999998,134.09125,242.90541666666664,186.10875,224.81333333333336
2022-03-13 00:00:00+00:00,117.00625000000001,306.91249999999997,253.52958333333333,223.38208333333333,85.90916666666668,251.1,146.74291666666667,201.02458333333334
2022-03-14 00:00:00+00:00,283.2325,322.42291666666665,299.49125,289.9379166666667,156.26,248.53708333333336,279.41416666666663,277.10375
2022-03-15 00:00:00+00:00,300.7245833333333,303.935,295.9604166666667,302.02916666666664,189.30999999999997,251.24166666666667,290.83583333333337,271.2995833333333
2022-03-16 00:00:00+00:00,241.29083333333332,281.42583333333334,278.0316666666667,267.4925,165.15458333333333,261.63416666666666,277.20750000000004,263.39166666666665
2022-03-17 00:00:00+00:00,227.31625,263.8666666666667,258.46166666666664,247.8225,130.5625,217.03791666666666,245.99666666666667,231.9779166666667
2022-03-18 00:00:00+00:00,228.635,248.52374999999998,234.70208333333335,235.5175,162.59125,234.65374999999997,229.21875,226.56708333333333
2022-03-19 00:00:00+00:00,126.25916666666666,253.82875,208.09291666666664,185.72708333333333,127.02458333333334,220.05999999999997,106.76541666666667,148.14291666666668
2022-03-20 00:00:00+00:00,50.298750000000005,228.09333333333333,220.41208333333336,110.75541666666668,91.16833333333334,207.2458333333333,165.22791666666666,150.3925
2022-03-21 00:00:00+00:00,210.28875000000002,247.0616666666667,243.17291666666665,226.04458333333332,141.25958333333332,229.89083333333335,220.00875,218.1966666666667
2022-03-22 00:00:00+00:00,236.17125,244.01874999999998,239.78416666666666,237.72416666666666,147.50875,225.9958333333333,231.97375,231.85125000000002
2022-03-23 00:00:00+00:00,236.43458333333334,242.04958333333332,242.495,238.31791666666666,150.93541666666667,212.4908333333333,232.77541666666664,231.87
2022-03-24 00:00:00+00:00,240.05958333333334,249.78083333333333,249.95083333333332,242.53291666666667,147.29208333333335,227.45000000000002,240.92999999999998,235.89374999999998
2022-03-25 00:00:00+00:00,243.27374999999998,279.85791666666665,272.94083333333333,251.42999999999998,132.95416666666668,264.00375,241.80124999999998,241.11958333333334
2022-03-26 00:00:00+00:00,189.51250000000002,233.99166666666667,229.9375,217.36249999999998,115.32458333333334,237.11333333333334,169.60708333333335,182.4375
2022-03-27 00:00:00+00:00,198.61249999999998,206.07833333333335,206.78416666666666,200.29708333333335,104.52375,217.17916666666667,199.00250000000003,195.88916666666668
2022-03-28 00:00:00+00:00,222.90291666666667,254.9958333333333,251.61916666666664,231.13375,103.97958333333334,233.21333333333334,226.8925,217.42708333333334
2022-03-29 00:00:00+00:00,251.92958333333334,257.45208333333335,263.0275,254.2675,155.24708333333334,250.39208333333332,244.68958333333333,234.32583333333332
2022-03-30 00:00:00+00:00,268.65291666666667,304.34625,302.0570833333333,273.97125,164.59916666666666,256.6075,263.26458333333335,247.4375
2022-03-31 00:00:00+00:00,201.12375,300.69458333333336,294.15541666666667,220.97125000000003,122.43625000000002,233.95916666666665,251.5404166666667,254.92416666666668
2022-04-01 00:00:00+00:00,161.20000000000002,320.5370833333333,320.46750000000003,191.61083333333332,112.44291666666668,232.24416666666664,213.19000000000003,206.44416666666666
2022-04-02 00:00:00+00:00,172.86749999999998,303.30458333333337,301.91041666666666,201.08208333333334,122.11041666666667,224.6654166666667,229.26250000000002,225.58375
2022-04-03 00:00:00+00:00,165.31458333333333,286.51916666666665,295.1275,192.09833333333333,98.55666666666667,219.99291666666667,274.79333333333335,235.34375
2022-04-04 00:00:00+00:00,68.78875000000001,345.7920833333333,548.30875,208.33416666666668,90.47250000000001,256.1408333333333,208.78916666666666,214.54208333333335
2022-04-05 00:00:00+00:00,191.33,304.5158333333333,307.42583333333334,219.84625000000003,110.90416666666665,267.7708333333333,196.08541666666667,237.7579166666667
2022-04-06 00:00:00+00:00,116.66291666666666,281.7183333333333,271.34791666666666,163.53208333333333,115.52999999999999,251.9908333333333,115.18291666666666,185.78583333333333
2022-04-07 00:00:00+00:00,68.41541666666667,243.135,216.69416666666666,135.79791666666668,86.69749999999999,211.85791666666668,84.52958333333333,199.27041666666665
2022-04-08 00:00:00+00:00,130.31833333333333,283.4375,251.32125,160.19208333333333,101.05916666666667,157.99791666666667,225.14166666666665,231.83833333333334
2022-04-09 00:00:00+00:00,54.29416666666666,242.13541666666666,244.505,110.6125,81.31583333333333,244.4595833333333,139.52541666666667,186.21
2022-04-10 00:00:00+00:00,85.91416666666667,211.45875,213.88625000000002,102.24833333333333,61.08083333333334,147.46541666666667,182.81291666666667,188.52541666666664
2022-04-11 00:00:00+00:00,224.21124999999998,238.83791666666664,227.25166666666667,225.02083333333334,138.06,169.16791666666666,227.26208333333332,227.24541666666667
2022-04-12 00:00:00+00:00,182.33708333333334,268.61833333333334,242.60791666666668,202.37166666666667,142.875,239.9475,212.62875,210.15083333333334
2022-04-13 00:00:00+00:00,227.21,245.59541666666667,236.72416666666666,229.92,124.16791666666666,228.08333333333334,235.31875,236.61333333333334
2022-04-14 00:00:00+00:00,226.59541666666667,244.12541666666667,226.96624999999997,226.67,162.69416666666666,219.80416666666667,226.63625000000002,227.19916666666666
2022-04-15 00:00:00+00:00,191.34666666666666,245.48041666666666,197.96083333333334,192.37583333333336,130.42625,198.31958333333333,200.76583333333335,203.85666666666668
2022-04-16 00:00:00+00:00,146.1175,192.05375,148.90833333333333,146.72208333333333,115.70791666666668,149.13166666666666,141.82,144.69458333333333
2022-04-17 00:00:00+00:00,103.68458333333332,171.92666666666665,107.09083333333335,104.35458333333334,88.88499999999999,106.21375,100.01958333333334,102.91791666666667
2022-04-18 00:00:00+00:00,129.44291666666666,186.27541666666664,132.76583333333335,129.835,105.57375,104.74374999999999,129.96583333333334,135.83833333333334
2022-04-19 00:00:00+00:00,212.27833333333334,232.72041666666667,217.0725,221.03374999999997,150.36416666666665,112.62583333333333,208.11,208.58291666666665
2022-04-20 00:00:00+00:00,202.74625,241.09291666666664,205.51541666666665,207.07208333333332,134.27666666666667,88.32625,198.56208333333333,200.76916666666668
2022-04-21 00:00:00+00:00,199.77666666666667,243.73875,204.165,202.13,140.47541666666666,166.54083333333332,196.43666666666664,199.6158333333333
2022-04-22 00:00:00+00:00,167.14958333333334,235.595,198.285,198.85458333333335,123.39583333333333,205.15625,167.30416666666667,179.08166666666668
2022-04-23 00:00:00+00:00,91.09041666666667,256.89875,168.42499999999998,140.30541666666667,119.46541666666667,82.31708333333333,71.845,57.90541666666667
2022-04-24 00:00:00+00:00,115.8275,218.61875,153.58291666666668,131.73499999999999,97.90791666666667,158.1525,83.64416666666666,87.955
2022-04-25 00:00:00+00:00,225.49833333333333,258.24708333333336,227.00125,225.87125,149.52958333333333,224.10541666666666,222.01333333333332,221.76208333333332
2022-04-26 00:00:00+00:00,237.93499999999997,251.2854166666667,240.90041666666664,240.35458333333335,166.04458333333335,231.61625,230.53,225.5875
2022-04-27 00:00:00+00:00,222.7025,240.55124999999998,222.515,222.70624999999998,158.69291666666666,221.3025,220.91958333333332,219.54958333333332
2022-04-28 00:00:00+00:00,229.845,242.83583333333334,229.8925,229.85666666666668,168.06291666666667,224.2854166666667,229.79625,229.81000000000003
2022-04-29 00:00:00+00:00,227.38625000000002,243.58333333333334,227.53416666666666,227.41708333333335,186.83,214.20000000000002,227.2175,227.28333333333333
2022-04-30 00:00:00+00:00,201.7675,211.33333333333334,201.42541666666668,202.32541666666668,144.54583333333332,186.9416666666667,201.42541666666668,201.6520833333333
2022-05-01 00:00:00+00:00,194.7675,206.92875,194.7675,194.7675,120.19041666666665,177.43416666666667,194.7675,194.7675
2022-05-02 00:00:00+00:00,217.36666666666667,228.87208333333334,217.29166666666666,217.3970833333333,115.60666666666667,188.10875,216.51333333333332,215.78416666666666
2022-05-03 00:00:00+00:00,219.79833333333332,256.39416666666665,219.85125000000002,219.89291666666668,112.12374999999999,195.57416666666666,219.7725,219.79833333333332
2022-05-04 00:00:00+00:00,232.4416666666667,246.98874999999998,235.7458333333333,233.33208333333334,142.5675,201.53083333333333,228.79083333333332,229.56875
2022-05-05 00:00:00+00:00,234.51791666666668,269.5175,234.31125,235.2145833333333,170.61583333333334,192.49041666666668,233.81291666666667,233.75041666666667
2022-05-06 00:00:00+00:00,225.67708333333334,276.42833333333334,225.67708333333334,225.67708333333334,167.05666666666667,196.92958333333334,225.67708333333334,225.67708333333334
2022-05-07 00:00:00+00:00,199.73416666666665,211.07791666666665,199.73416666666665,199.73416666666665,150.27583333333334,184.30625,199.73416666666665,199.73416666666665
2022-05-08 00:00:00+00:00,172.10458333333335,199.50333333333333,175.28291666666667,173.21875,121.69625,172.67916666666667,168.43625,169.48166666666665
2022-05-09 00:00:00+00:00,217.38250000000002,250.31583333333333,219.81833333333336,218.25083333333336,136.92458333333335,209.30875,215.8075,215.35
2022-05-10 00:00:00+00:00,182.39916666666667,230.3970833333333,206.20708333333334,200.23833333333334,122.80541666666666,207.78666666666666,164.33458333333334,167.02125
2022-05-11 00:00:00+00:00,154.715,235.61708333333334,188.54916666666668,185.62791666666666,117.53458333333333,183.9675,145.88833333333335,153.09166666666667
2022-05-12 00:00:00+00:00,174.02791666666667,224.31958333333333,199.6520833333333,181.91208333333336,111.82666666666667,190.66958333333332,181.11249999999998,173.30708333333334
2022-05-13 00:00:00+00:00,165.74416666666667,249.365,202.78291666666667,192.10041666666666,133.4975,204.0925,162.34458333333333,159.67458333333335
2022-05-14 00:00:00+00:00,155.95208333333332,210.56500000000003,184.65416666666667,169.55208333333334,126.18291666666666,190.39,157.9175,161.93416666666667
2022-05-15 00:00:00+00:00,146.44083333333333,214.41708333333335,145.14041666666665,146.32208333333332,123.00416666666666,124.64416666666666,145.65666666666667,146.33833333333334
2022-05-16 00:00:00+00:00,213.66958333333332,238.40374999999997,220.98625,216.95416666666665,170.82333333333335,197.3216666666667,192.5325,210.18999999999997
2022-05-17 00:00:00+00:00,225.54208333333335,238.05083333333334,229.60166666666666,226.1025,178.81166666666664,199.15,219.32583333333332,221.16166666666666
2022-05-18 00:00:00+00:00,206.45333333333335,230.02125,212.81125,206.88958333333335,170.97583333333333,194.34541666666667,202.25708333333333,204.98749999999998
2022-05-19 00:00:00+00:00,211.85541666666666,248.27833333333334,214.92583333333334,211.89833333333334,150.77791666666667,192.12166666666667,210.44916666666666,211.85541666666666
2022-05-20 00:00:00+00:00,203.08333333333334,246.55499999999998,204.75250000000003,203.18625,144.67333333333332,201.3275,197.95791666666665,209.95083333333332
2022-05-21 00:00:00+00:00,107.80083333333334,211.93125,178.73625,123.03250000000001,101.86375,180.57000000000002,140.70208333333332,140.27791666666667
2022-05-22 00:00:00+00:00,164.96875,191.46833333333333,165.12458333333333,164.99625,150.90625,169.86208333333335,164.85416666666666,164.83208333333332
2022-05-23 00:00:00+00:00,181.24041666666665,222.68833333333336,190.96833333333333,183.29625,158.37625,192.55999999999997,188.56791666666666,199.08791666666664
2022-05-24 00:00:00+00:00,171.10625000000002,228.45416666666665,184.51125,179.26625,156.97458333333333,181.34541666666667,174.40958333333333,176.40083333333334
2022-05-25 00:00:00+00:00,171.00791666666666,215.82375000000002,189.67583333333334,174.25625,189.62791666666666,183.89041666666665,151.28958333333333,159.88208333333333
2022-05-26 00:00:00+00:00,64.56041666666667,223.56541666666666,165.57666666666668,89.18416666666667,105.53083333333335,172.07208333333332,47.07125,89.41625
2022-05-27 00:00:00+00:00,41.92208333333333,244.27916666666667,162.65958333333333,68.01041666666667,110.41666666666667,168.34875,48.21791666666667,103.65750000000001
2022-05-28 00:00:00+00:00,48.74458333333334,201.33124999999998,151.93208333333334,81.75083333333333,104.96916666666665,163.98041666666666,81.34458333333333,67.39708333333333
2022-05-29 00:00:00+00:00,160.30291666666668,187.94375,161.29875,160.48541666666668,133.29166666666666,163.53958333333333,161.56583333333333,164.24541666666667
2022-05-30 00:00:00+00:00,225.38,228.40833333333333,225.38,225.38,185.71624999999997,208.22208333333333,225.38,225.38
2022-05-31 00:00:00+00:00,211.98416666666665,234.9725,212.85458333333335,212.1604166666667,174.31541666666666,213.5404166666667,210.14541666666665,209.32708333333335
2022-06-01 00:00:00+00:00,212.73041666666666,241.92291666666665,214.28708333333336,215.55375,181.17,212.38125,212.63625000000002,212.69833333333335
2022-06-02 00:00:00+00:00,187.8166666666667,212.5533333333333,192.43458333333334,193.20916666666668,165.5325,214.28625,184.12375,182.755
2022-06-03 00:00:00+00:00,184.67208333333335,267.26958333333334,198.83541666666667,186.34958333333336,172.13791666666668,214.75041666666667,166.23291666666668,167.48958333333334
2022-06-04 00:00:00+00:00,161.61708333333334,210.15833333333333,174.13250000000002,170.63333333333333,171.51625,202.84625000000003,142.60083333333333,145.20333333333335
2022-06-05 00:00:00+00:00,136.22416666666666,200.85166666666666,152.62375,138.95791666666668,126.50875,192.08708333333334,135.78583333333333,149.54416666666665
2022-06-06 00:00:00+00:00,96.48708333333333,251.47666666666666,153.90541666666667,117.05708333333332,153.97125,194.29833333333332,71.86291666666666,93.06291666666665
2022-06-07 00:00:00+00:00,185.3791666666667,229.13541666666666,188.8525,185.96416666666667,205.37583333333336,191.95333333333335,185.40666666666667,185.34583333333333
2022-06-08 00:00:00+00:00,190.58291666666665,197.46124999999998,192.06125,191.36249999999998,203.485,185.19541666666666,181.67333333333332,181.49791666666667
2022-06-09 00:00:00+00:00,185.78083333333333,215.94875000000002,185.7591666666667,189.04666666666665,206.8375,183.23791666666668,175.73458333333335,173.115
2022-06-10 00:00:00+00:00,186.67708333333334,203.71708333333333,195.57625,186.34,170.72666666666666,195.90458333333333,182.22,183.74416666666664
2022-06-11 00:00:00+00:00,133.48125000000002,188.26083333333335,181.09875,137.51208333333332,142.6075,189.19291666666666,106.395,110.43208333333332
2022-06-12 00:00:00+00:00,116.00541666666668,165.35875000000001,148.00541666666666,118.09166666666665,117.40083333333332,167.03541666666666,114.21458333333334,108.77791666666667
2022-06-13 00:00:00+00:00,165.58583333333334,213.12208333333334,203.67541666666668,175.06416666666667,172.96624999999997,203.12833333333333,169.08291666666665,166.24541666666667
2022-06-14 00:00:00+00:00,196.82666666666668,218.69583333333333,211.86541666666665,202.42999999999998,144.56833333333333,211.49,197.42999999999998,189.525
2022-06-15 00:00:00+00:00,214.85958333333335,253.11541666666665,238.2275,216.92499999999998,202.45916666666665,164.88125,214.08791666666664,205.66458333333333
2022-06-16 00:00:00+00:00,205.83624999999998,281.46,276.4195833333333,208.5625,156.51,171.72416666666666,243.79,222.10583333333332
2022-06-17 00:00:00+00:00,251.93125,330.2270833333333,305.89125,254.15958333333333,187.6,179.49958333333333,266.3025,256.77333333333337
2022-06-18 00:00:00+00:00,192.65166666666667,293.21583333333336,269.91625,210.24041666666668,160.51708333333332,143.54041666666666,227.02125,201.76791666666668
2022-06-19 00:00:00+00:00,157.29958333333335,255.99291666666667,168.07625,157.53416666666666,121.29583333333333,123.14916666666666,163.69791666666666,162.16958333333335
2022-06-20 00:00:00+00:00,269.3183333333333,313.48791666666665,307.4279166666667,289.55,228.97875,155.7825,267.16833333333335,243.33583333333334
2022-06-21 00:00:00+00:00,289.9941666666667,362.74666666666667,355.94416666666666,317.52,166.1875,147.21166666666667,306.625,271.6791666666667
2022-06-22 00:00:00+00:00,323.5725,385.12625,382.96791666666667,342.6145833333333,224.54833333333332,155.07791666666665,290.5625,260.805
2022-06-23 00:00:00+00:00,290.49833333333333,367.435,353.8204166666667,309.65625,238.38625,147.87208333333334,315.5525,281.81583333333333
2022-06-24 00:00:00+00:00,276.84250000000003,318.2395833333333,297.75375,283.53291666666667,167.66583333333332,139.79291666666668,291.9891666666667,285.73583333333335
2022-06-25 00:00:00+00:00,242.58833333333334,304.7270833333333,260.53791666666666,251.86416666666665,175.27791666666667,125.15583333333332,253.62583333333336,249.64083333333335
2022-06-26 00:00:00+00:00,202.04916666666668,285.4375,249.655,227.06833333333336,165.18833333333333,117.71333333333332,225.74875,218.47958333333335
2022-06-27 00:00:00+00:00,315.7808333333333,350.08958333333334,336.50166666666667,333.9741666666667,225.6795833333333,143.68833333333333,314.695,298.21750000000003
2022-06-28 00:00:00+00:00,331.4241666666667,385.87208333333336,366.66875,362.48083333333335,251.12333333333333,146.41416666666666,326.20375,302.48333333333335
2022-06-29 00:00:00+00:00,316.43,337.08750000000003,335.7233333333333,334.1775,268.1225,130.74791666666667,298.13208333333336,289.18416666666667
2022-06-30 00:00:00+00:00,324.51708333333335,367.6120833333334,363.33916666666664,349.8520833333334,283.8645833333333,132.87916666666666,348.20125,321.8229166666667
2022-07-01 00:00:00+00:00,314.6408333333333,374.20416666666665,337.8954166666667,330.41249999999997,261.00416666666666,146.67375,304.42958333333337,306.69916666666666
2022-07-02 00:00:00+00:00,217.56041666666667,355.5075,264.54583333333335,254.53125,219.88375,142.25708333333333,236.99333333333334,224.57625
2022-07-03 00:00:00+00:00,203.83249999999998,369.23499999999996,219.32041666666666,228.53208333333336,175.58624999999998,133.71041666666667,209.58916666666667,206.01791666666668
2022-07-04 00:00:00+00:00,297.295,396.21541666666667,372.8770833333333,347.50541666666663,300.70416666666665,157.83124999999998,316.71208333333334,289.5179166666667
2022-07-05 00:00:00+00:00,317.60083333333336,422.1095833333333,371.01916666666665,352.97291666666666,318.09208333333333,138.51833333333335,323.6204166666667,307.4025
2022-07-06 00:00:00+00:00,295.86083333333335,428.73291666666665,394.6308333333333,340.63416666666666,241.02583333333334,146.19958333333332,335.13,292.77958333333333
2022-07-07 00:00:00+00:00,211.03666666666666,413.285,380.29583333333335,309.29333333333335,272.67083333333335,125.24083333333333,290.72625,245.09041666666667
2022-07-08 00:00:00+00:00,304.6379166666667,424.48083333333335,405.87166666666667,310.78458333333333,259.65791666666667,146.58875,350.3233333333333,310.3233333333333
2022-07-09 00:00:00+00:00,127.01125,375.87000000000006,328.77375,155.33916666666667,117.35875,148.47125,235.85958333333335,177.61041666666665
2022-07-10 00:00:00+00:00,134.81541666666666,323.23333333333335,226.38916666666668,142.36749999999998,102.34250000000002,139.40875,209.1341666666667,203.72458333333336
2022-07-11 00:00:00+00:00,378.7191666666667,418.2004166666666,390.2291666666667,383.065,249.59166666666667,157.41333333333333,371.08125,370.0858333333333
2022-07-12 00:00:00+00:00,379.18625,440.8120833333333,433.9508333333333,398.2908333333333,148.90375,156.22791666666666,379.90375,368.95875
2022-07-13 00:00:00+00:00,352.02708333333334,452.60083333333336,447.8845833333333,377.83958333333334,154.27166666666668,160.79,379.5333333333333,344.7816666666667
2022-07-14 00:00:00+00:00,362.85999999999996,447.5566666666667,381.1445833333333,386.6479166666666,177.82875,159.00958333333332,369.80875,359.37958333333336
2022-07-15 00:00:00+00:00,332.62333333333333,442.65000000000003,400.19208333333336,386.9845833333333,159.23,149.30166666666668,359.0995833333333,330.6525
2022-07-16 00:00:00+00:00,166.31166666666667,419.5620833333333,311.79583333333335,286.015,150.94916666666668,131.70541666666665,229.1966666666667,167.15958333333333
2022-07-17 00:00:00+00:00,229.665,360.87958333333336,247.68916666666667,250.07208333333332,141.64124999999999,104.20708333333334,222.45125,222.88208333333333
2022-07-18 00:00:00+00:00,398.2816666666667,493.5058333333333,488.21541666666667,451.2808333333333,279.15333333333336,116.86125,410.42375,379.58708333333334
2022-07-19 00:00:00+00:00,386.2029166666667,528.1025,522.3041666666667,437.47791666666666,228.38250000000002,143.24583333333334,343.82375,352.71541666666667
2022-07-20 00:00:00+00:00,339.1408333333333,589.9358333333333,593.2212499999999,424.56874999999997,227.03125,146.53208333333333,344.00500000000005,325.71375
2022-07-21 00:00:00+00:00,398.48583333333335,591.4983333333333,551.5891666666666,451.22166666666664,236.66458333333333,139.21291666666667,350.01916666666665,356.3633333333333
2022-07-22 00:00:00+00:00,379.21958333333333,565.7179166666666,491.385,437.99375000000003,331.5225,134.28875,342.7558333333333,334.33708333333334
2022-07-23 00:00:00+00:00,325.955,449.2583333333334,349.7754166666667,365.9666666666667,282.1645833333333,157.08208333333332,324.08166666666665,311.84583333333336
2022-07-24 00:00:00+00:00,254.40583333333333,360.34708333333333,327.90875,327.13958333333335,168.9775,138.05166666666665,232.36333333333334,233.2229166666667
2022-07-25 00:00:00+00:00,310.78000000000003,553.7529166666667,379.285,388.7175,185.12750000000003,154.59958333333333,291.66333333333336,287.79583333333335
2022-07-26 00:00:00+00:00,321.14708333333334,558.67,535.6079166666667,446.4316666666667,266.92291666666665,145.89374999999998,334.82666666666665,320.21583333333336
2022-07-27 00:00:00+00:00,427.9295833333333,540.0166666666667,529.0020833333333,468.1970833333333,234.66083333333333,151.25833333333333,386.31333333333333,379.77583333333337
2022-07-28 00:00:00+00:00,470.9791666666667,565.7591666666666,537.9808333333334,496.50708333333336,273.5858333333333,167.99416666666667,403.7654166666667,419.7033333333334
2022-07-29 00:00:00+00:00,440.5325,519.5133333333333,495.8016666666667,477.77,257.8833333333333,141.84708333333333,394.04791666666665,402.35375
2022-07-30 00:00:00+00:00,376.33125,436.0933333333333,393.08666666666664,403.31874999999997,247.975,126.54833333333333,370.17541666666665,364.3454166666667
2022-07-31 00:00:00+00:00,318.06166666666667,382.6266666666667,319.77833333333336,317.22041666666667,151.82666666666668,116.16041666666666,316.11833333333334,317.1429166666667
2022-08-01 00:00:00+00:00,428.87000000000006,466.2204166666667,459.02666666666664,435.8945833333333,239.13333333333333,147.32750000000001,404.10791666666665,408.57666666666665
2022-08-02 00:00:00+00:00,377.2183333333333,485.75666666666666,475.44875,450.085,237.3475,152.22875,292.7775,326.1716666666667
2022-08-03 00:00:00+00:00,389.5158333333333,518.3695833333333,506.0629166666667,431.69291666666663,183.68458333333334,147.86041666666668,338.015,325.9845833333333
2022-08-04 00:00:00+00:00,409.9795833333333,540.1566666666666,478.3208333333334,424.17083333333335,159.65708333333333,145.24166666666665,390.84041666666667,371.48125
2022-08-05 00:00:00+00:00,376.66833333333335,540.37,407.5470833333334,409.09375,191.11458333333334,134.93625,368.99625,367.4483333333333
2022-08-06 00:00:00+00:00,266.88958333333335,525.7470833333333,275.48375,299.69374999999997,147.07750000000001,137.33416666666668,275.43874999999997,262.49
2022-08-07 00:00:00+00:00,217.87958333333333,457.99541666666664,218.54833333333332,219.79791666666665,149.0375,124.05666666666667,217.94541666666666,217.1
2022-08-08 00:00:00+00:00,361.5491666666667,478.0708333333334,361.18,378.9675,254.07000000000002,146.18458333333334,353.5004166666667,360.45208333333335
2022-08-09 00:00:00+00:00,342.9683333333333,472.9470833333333,345.80583333333334,354.0216666666667,268.99291666666664,143.48458333333335,342.1579166666667,340.17333333333335
2022-08-10 00:00:00+00:00,336.1616666666667,436.9670833333333,337.1295833333333,343.4275,251.71708333333333,145.43958333333333,330.9266666666667,334.08125
2022-08-11 00:00:00+00:00,377.19374999999997,486.57874999999996,385.2825,390.04041666666666,225.11625,150.81791666666666,380.035,377.19416666666666
2022-08-12 00:00:00+00:00,436.8333333333333,483.00416666666666,444.9491666666667,444.5025,217.55666666666664,158.45250000000001,432.6329166666667,430.22875
2022-08-13 00:00:00+00:00,377.1433333333334,445.96166666666664,396.34041666666667,412.2895833333334,230.98208333333332,153.86416666666665,361.35625,364.0204166666667
2022-08-14 00:00:00+00:00,327.2316666666666,406.21875,362.62833333333333,378.6645833333334,167.08625,147.84958333333333,326.15791666666667,314.96666666666664
2022-08-15 00:00:00+00:00,433.2625,461.3433333333333,431.3016666666667,433.58708333333334,186.45708333333334,145.08458333333334,420.555,433.9258333333333
2022-08-16 00:00:00+00:00,495.4558333333334,507.9583333333333,505.47875,495.4558333333334,302.49625,142.96125,434.43375,460.8595833333333
2022-08-17 00:00:00+00:00,551.7858333333334,538.3929166666667,552.6829166666666,554.9599999999999,380.16625,137.75458333333333,540.6320833333333,539.1991666666667
2022-08-18 00:00:00+00:00,562.6725,548.9579166666666,552.5370833333333,561.4475,379.32166666666666,132.69291666666666,537.4033333333333,511.8233333333333
2022-08-19 00:00:00+00:00,516.53125,514.725,511.27666666666664,518.3358333333333,362.2516666666666,139.76166666666666,505.7291666666667,493.67375
2022-08-20 00:00:00+00:00,449.6041666666667,519.9745833333333,454.8566666666666,462.0754166666666,352.0733333333333,170.835,428.6408333333333,447.6958333333334
2022-08-21 00:00:00+00:00,371.2320833333333,450.75416666666666,405.29833333333335,412.4808333333333,227.17333333333332,140.85833333333332,376.44250000000005,368.86125
2022-08-22 00:00:00+00:00,566.8579166666667,574.1729166666667,574.3841666666666,567.7033333333333,335.9216666666667,175.51458333333335,564.9816666666667,561.2695833333333
2022-08-23 00:00:00+00:00,608.3391666666666,615.6750000000001,615.0645833333333,618.9641666666666,388.42375,185.33541666666667,606.5891666666666,606.7608333333334
2022-08-24 00:00:00+00:00,621.2716666666666,638.8254166666667,643.2320833333333,632.6145833333334,379.2654166666667,184.08249999999998,607.58875,607.6958333333333
2022-08-25 00:00:00+00:00,605.2095833333334,639.1891666666667,635.23,633.7687500000001,323.06666666666666,161.58291666666665,594.8829166666667,591.8100000000001
2022-08-26 00:00:00+00:00,705.3633333333333,728.8575000000001,712.2445833333333,713.1529166666666,354.0254166666667,175.58208333333334,706.3345833333333,699.7495833333334
2022-08-27 00:00:00+00:00,597.30125,713.6058333333334,616.2491666666666,637.3216666666666,347.48541666666665,163.15083333333334,589.7116666666667,593.0370833333333
2022-08-28 00:00:00+00:00,403.47291666666666,664.3933333333333,491.22,548.3783333333333,227.44708333333335,138.19916666666666,410.52791666666667,386.9766666666667
2022-08-29 00:00:00+00:00,661.6425,751.0920833333333,736.8679166666667,767.3979166666667,224.55625,189.69458333333333,634.1341666666666,633.2925
2022-08-30 00:00:00+00:00,653.6625,736.4591666666666,740.1225,722.42625,307.4425,200.93500000000003,611.1191666666667,598.97625
2022-08-31 00:00:00+00:00,601.1716666666667,637.6125000000001,650.95125,668.135,335.08666666666664,185.59458333333336,507.2058333333334,528.7620833333334
2022-09-01 00:00:00+00:00,567.0170833333333,669.7195833333334,626.0979166666667,614.8116666666666,313.2445833333333,189.91875000000002,500.82916666666665,534.7775
2022-09-02 00:00:00+00:00,405.60083333333336,538.85,522.5104166666666,495.2683333333334,242.47375,151.645,428.6645833333334,409.0529166666667
2022-09-03 00:00:00+00:00,285.24666666666667,466.5529166666667,404.64124999999996,364.28791666666666,186.20375,123.10333333333334,329.47625,289.12791666666664
2022-09-04 00:00:00+00:00,245.80416666666667,392.0116666666667,312.94374999999997,309.57458333333335,132.30125,148.22166666666666,263.68833333333333,248.08249999999998
2022-09-05 00:00:00+00:00,360.8933333333334,474.7816666666667,457.0566666666667,458.28125,217.56791666666666,184.98874999999998,371.00916666666666,362.59625
2022-09-06 00:00:00+00:00,426.74916666666667,546.4016666666666,515.6354166666666,517.2583333333333,171.64333333333332,164.90416666666667,441.4458333333334,436.31333333333333
2022-09-07 00:00:00+00:00,464.5808333333334,486.2191666666667,470.94416666666666,478.5016666666667,144.35625000000002,109.93291666666666,447.8020833333333,446.04999999999995
2022-09-08 00:00:00+00:00,430.52791666666667,499.53583333333336,440.43666666666667,448.0429166666667,113.83749999999999,158.33791666666667,421.94958333333335,425.78749999999997
2022-09-09 00:00:00+00:00,354.93875,446.91375,356.7575,371.84,144.29,161.33374999999998,355.1145833333333,354.315
2022-09-10 00:00:00+00:00,406.25874999999996,425.38958333333335,406.25874999999996,406.25874999999996,184.83124999999998,176.1341666666667,406.25874999999996,406.25874999999996
2022-09-11 00:00:00+00:00,387.1579166666667,405.615,386.5416666666667,386.7525,144.76166666666668,159.51708333333332,386.25500000000005,385.0108333333333
2022-09-12 00:00:00+00:00,405.42333333333335,448.98583333333335,415.15208333333334,418.91166666666663,158.27541666666667,171.2825,406.13374999999996,398.0183333333334
2022-09-13 00:00:00+00:00,393.81,456.86875000000003,445.8141666666667,422.2191666666667,154.61208333333335,127.21958333333333,415.5254166666667,401.2679166666667
2022-09-14 00:00:00+00:00,458.1408333333333,469.6695833333333,462.7283333333333,456.8975,141.96625,139.03208333333333,443.33833333333337,420.02708333333334
2022-09-15 00:00:00+00:00,353.36291666666665,454.73499999999996,442.88625,390.5783333333333,148.90791666666667,177.64833333333334,391.13916666666665,362.0854166666666
2022-09-16 00:00:00+00:00,193.96875,484.045,381.8775,365.37583333333333,103.165,162.335,228.72666666666666,196.74208333333334
2022-09-17 00:00:00+00:00,63.80083333333334,368.9058333333333,227.42125,290.18,142.17208333333335,67.21041666666666,98.27041666666666,97.08083333333333
2022-09-18 00:00:00+00:00,83.23041666666667,301.31541666666664,192.82333333333335,168.57375,112.65583333333332,133.63125,139.63416666666666,129.42375
2022-09-19 00:00:00+00:00,275.8933333333333,372.0104166666667,323.31083333333333,293.90916666666664,161.80166666666665,192.25208333333333,284.5004166666667,276.4375
2022-09-20 00:00:00+00:00,367.0920833333333,394.62833333333333,381.33,368.6425,196.57125,145.89208333333332,345.73291666666665,354.09999999999997
2022-09-21 00:00:00+00:00,384.21541666666667,398.27500000000003,385.30833333333334,385.23875,189.83083333333332,141.69583333333333,361.35125,353.10375
2022-09-22 00:00:00+00:00,386.2366666666667,418.62791666666664,407.82958333333335,397.2916666666667,198.94625,173.86166666666668,376.09458333333333,382.4079166666667
2022-09-23 00:00:00+00:00,370.3845833333333,428.49875,400.6791666666666,364.30958333333336,204.615,128.35958333333335,370.71875,373.50541666666663
2022-09-24 00:00:00+00:00,341.80625000000003,371.79875,343.89750000000004,335.12624999999997,205.29958333333332,102.75625000000001,342.4791666666667,341.13458333333335
2022-09-25 00:00:00+00:00,273.58583333333337,314.71708333333333,269.9166666666667,274.56125000000003,170.01958333333332,70.37375,263.65875,245.14874999999998
2022-09-26 00:00:00+00:00,243.5320833333333,356.3670833333333,274.89625,313.5720833333333,186.33541666666667,124.28416666666668,238.56125,244.11374999999998
2022-09-27 00:00:00+00:00,319.0004166666667,411.3575,359.00416666666666,321.7029166666667,182.82625,98.71875,278.52708333333334,291.6779166666667
2022-09-28 00:00:00+00:00,390.60583333333335,397.2658333333333,397.2658333333333,390.1191666666667,198.56000000000003,108.01291666666667,381.46958333333333,383.92125000000004
2022-09-29 00:00:00+00:00,417.03625000000005,464.7445833333333,464.7445833333333,421.67125000000004,230.94916666666666,112.80541666666666,396.97291666666666,405.5391666666667
2022-09-30 00:00:00+00:00,292.2554166666667,393.58750000000003,329.69125,334.8208333333333,182.05083333333334,122.04833333333333,256.46625,273.7233333333333
2022-10-01 00:00:00+00:00,82.84458333333333,243.52833333333334,125.52625,187.06083333333333,133.27291666666667,119.01583333333333,103.93708333333335,123.42541666666666
2022-10-02 00:00:00+00:00,116.67500000000001,217.87041666666667,199.46333333333334,124.86791666666666,78.44583333333334,146.76500000000001,190.64125,207.22125000000003
2022-10-03 00:00:00+00:00,218.48208333333332,353.0925,289.505,228.85458333333335,104.0775,200.61458333333334,277.7754166666667,318.4420833333333
2022-10-04 00:00:00+00:00,240.02625,355.52875,298.74875000000003,273.64916666666664,155.96333333333334,191.03083333333333,217.27125,229.92041666666668
2022-10-05 00:00:00+00:00,93.10541666666667,285.83625,217.87958333333333,190.04083333333335,128.2075,159.00916666666666,139.89916666666667,125.98708333333333
2022-10-06 00:00:00+00:00,114.25833333333333,256.7775,258.33958333333334,204.6875,104.36166666666666,117.00583333333333,186.07000000000002,113.85416666666667
2022-10-07 00:00:00+00:00,160.625,278.5416666666667,267.42125,186.095,133.06125,155.4375,165.64916666666667,147.32750000000001
2022-10-08 00:00:00+00:00,152.21958333333333,288.09666666666664,217.92541666666668,191.9020833333333,127.52375,118.27958333333333,146.95250000000001,157.42583333333334
2022-10-09 00:00:00+00:00,135.43666666666667,205.13750000000002,166.8125,157.4025,100.92416666666666,112.06124999999999,150.32166666666666,145.31375
2022-10-10 00:00:00+00:00,169.9675,285.4775,207.42583333333334,195.03583333333333,102.0675,168.46541666666667,183.69916666666666,178.24958333333333
2022-10-11 00:00:00+00:00,265.26875,286.09250000000003,274.03458333333333,269.37708333333336,156.8575,170.75125,263.9875,261.33250000000004
2022-10-12 00:00:00+00:00,281.2808333333333,291.11333333333334,286.2,281.09499999999997,197.09916666666666,130.29208333333332,277.59666666666664,253.37958333333333
2022-10-13 00:00:00+00:00,258.3833333333333,273.44541666666663,260.82958333333335,260.48083333333335,146.61708333333334,147.5091666666667,259.35541666666666,253.13208333333333
2022-10-14 00:00:00+00:00,257.0975,266.86333333333334,256.91833333333335,257.47875,172.79583333333335,133.94583333333333,251.90666666666667,248.04625
2022-10-15 00:00:00+00:00,147.41291666666666,210.78,154.0825,171.93083333333334,143.10708333333335,114.07625,148.85458333333335,147.41875000000002
2022-10-16 00:00:00+00:00,99.95583333333333,183.25458333333333,125.27666666666666,131.01416666666668,109.8625,103.92458333333333,115.13666666666667,109.40875
2022-10-17 00:00:00+00:00,154.04916666666665,217.8925,175.74416666666664,171.96875,145.42208333333335,139.93333333333334,161.43208333333334,153.05625
2022-10-18 00:00:00+00:00,182.31916666666666,216.9125,190.23583333333332,194.70125,152.49375,107.40833333333335,170.56958333333333,165.15125
2022-10-19 00:00:00+00:00,167.85458333333335,177.39625,156.49416666666667,167.39458333333332,140.43708333333333,78.29666666666667,139.48041666666666,123.58791666666667
2022-10-20 00:00:00+00:00,140.54833333333332,201.61708333333334,144.84083333333334,162.34708333333333,146.83791666666667,87.30125,126.71541666666667,131.30375
2022-10-21 00:00:00+00:00,164.51583333333335,197.58208333333334,158.88916666666668,170.66916666666665,149.01291666666665,112.01416666666667,150.205,149.08791666666667
2022-10-22 00:00:00+00:00,137.11208333333335,141.85958333333335,127.35000000000001,142.48166666666665,160.16791666666666,101.12583333333333,121.36625,130.48499999999999
2022-10-23 00:00:00+00:00,91.28458333333333,105.80458333333333,83.18916666666667,102.77416666666666,112.72250000000001,73.465,86.64083333333333,90.57791666666667
2022-10-24 00:00:00+00:00,80.81916666666667,140.39666666666668,88.59958333333333,134.62833333333333,137.7225,111.48291666666667,68.71166666666666,78.125
2022-10-25 00:00:00+00:00,108.79166666666667,131.29,112.05333333333334,125.01375,138.66041666666666,105.54875,103.09333333333332,101.57958333333333
2022-10-26 00:00:00+00:00,121.35541666666666,131.79875,111.31833333333333,129.01916666666668,140.62625,109.06708333333334,96.62083333333334,94.40291666666667
2022-10-27 00:00:00+00:00,124.17416666666666,159.4575,121.07666666666667,129.03791666666666,147.48916666666665,113.87,119.21416666666666,121.90875
2022-10-28 00:00:00+00:00,105.94875,132.39374999999998,108.81083333333333,116.87791666666668,133.08833333333334,111.23708333333333,101.48083333333334,102.2275
2022-10-29 00:00:00+00:00,101.78875,100.46375,99.27125,103.73666666666666,103.81916666666666,103.79458333333334,97.6275,98.65791666666667
2022-10-30 00:00:00+00:00,118.3125,113.75333333333333,118.69083333333333,118.46416666666666,117.09208333333333,137.81875,117.86833333333334,118.10000000000001
2022-10-31 00:00:00+00:00,143.19208333333333,144.12583333333333,142.51125,145.30208333333334,137.90875,163.185,142.64416666666668,142.67249999999999
2022-11-01 00:00:00+00:00,67.78291666666667,108.21041666666667,89.96333333333332,118.37124999999999,109.05458333333333,109.01208333333334,67.52416666666666,68.52458333333333
2022-11-02 00:00:00+00:00,72.83874999999999,124.02,118.58958333333334,146.87708333333333,127.5475,126.45833333333333,74.89083333333333,74.55208333333333
2022-11-03 00:00:00+00:00,103.52208333333334,134.96541666666667,122.68416666666667,138.15958333333333,124.49374999999999,123.19166666666666,105.21291666666667,102.86166666666666
2022-11-04 00:00:00+00:00,181.14041666666665,192.96541666666667,186.13708333333332,180.86416666666665,133.34958333333333,150.25541666666666,181.87791666666666,178.60416666666666
2022-11-05 00:00:00+00:00,128.42291666666668,141.56166666666667,140.58791666666667,135.75166666666667,129.93458333333334,124.445,135.5425,132.07375
2022-11-06 00:00:00+00:00,48.687083333333334,128.55208333333334,107.88166666666666,125.41375,102.29,113.67333333333333,84.31458333333333,81.06875000000001
2022-11-07 00:00:00+00:00,79.32416666666667,186.68375,122.935,123.09375,125.29166666666667,118.955,84.9275,95.60541666666666
2022-11-08 00:00:00+00:00,95.02291666666667,164.58291666666668,114.44958333333334,156.37958333333333,134.29208333333335,113.86666666666667,97.955,91.46708333333333
2022-11-09 00:00:00+00:00,128.39041666666665,211.78833333333333,139.39541666666665,188.20708333333334,143.79999999999998,133.0125,120.245,120.12624999999998
2022-11-10 00:00:00+00:00,135.40541666666667,261.4870833333333,158.14583333333334,204.41458333333333,152.97708333333333,135.60708333333335,131.98791666666668,126.59249999999999
2022-11-11 00:00:00+00:00,128.17416666666665,211.43416666666667,138.46541666666667,207.46416666666667,120.14375,120.53916666666667,111.14208333333333,117.065
2022-11-12 00:00:00+00:00,163.56208333333333,179.89833333333334,154.46583333333334,179.41583333333332,164.25458333333333,107.02541666666667,154.44666666666666,163.2525
2022-11-13 00:00:00+00:00,142.01708333333332,169.30041666666668,147.805,167.81125,156.3525,131.95624999999998,146.01624999999999,144.16041666666666
2022-11-14 00:00:00+00:00,162.30458333333334,215.40333333333334,194.65083333333334,206.1029166666667,169.40291666666667,138.16583333333332,186.20291666666665,174.6291666666667
2022-11-15 00:00:00+00:00,174.9125,253.5825,183.00166666666667,238.65708333333336,188.48958333333334,108.84500000000001,178.3083333333333,175.72125000000003
2022-11-16 00:00:00+00:00,142.45583333333335,261.36333333333334,174.5895833333333,249.04708333333335,171.41833333333332,102.28750000000001,156.33583333333334,163.72875000000002
2022-11-17 00:00:00+00:00,102.60833333333333,256.1920833333333,163.96333333333334,254.14374999999998,172.89416666666668,81.5425,147.80291666666668,151.90916666666666
2022-11-18 00:00:00+00:00,172.34375,261.7941666666667,238.53583333333333,241.65291666666667,186.12958333333333,113.64375,212.32833333333335,191.34124999999997
2022-11-19 00:00:00+00:00,200.96541666666667,222.42624999999998,212.17291666666665,208.7458333333333,192.50541666666666,68.63708333333334,207.73291666666668,202.47916666666666
2022-11-20 00:00:00+00:00,207.725,210.24416666666664,208.45708333333334,207.22375,182.71083333333334,96.73833333333333,208.12041666666667,207.86708333333334
2022-11-21 00:00:00+00:00,252.74916666666664,255.19041666666666,244.20166666666668,252.55416666666667,198.3166666666667,78.60458333333334,238.10875,219.31958333333333
2022-11-22 00:00:00+00:00,205.51291666666668,251.21333333333334,212.105,217.46416666666667,197.16875000000002,74.23583333333333,210.28458333333333,208.16291666666666
2022-11-23 00:00:00+00:00,177.51125000000002,252.57833333333335,185.525,222.3175,215.53875000000002,93.58166666666666,180.7720833333333,178.34375
2022-11-24 00:00:00+00:00,239.365,307.53333333333336,239.00041666666667,259.73125,246.00208333333333,138.025,234.4075,230.31416666666667
2022-11-25 00:00:00+00:00,258.98833333333334,292.2029166666667,262.06583333333333,269.51416666666665,240.49249999999998,140.94791666666666,259.7008333333333,249.9283333333333
2022-11-26 00:00:00+00:00,236.3445833333333,256.59999999999997,237.3475,236.59833333333333,230.48208333333332,130.25958333333332,236.9775,236.38375
2022-11-27 00:00:00+00:00,145.99666666666667,217.54625,177.22916666666666,171.88750000000002,190.0775,115.34833333333334,182.21291666666664,213.55499999999998
2022-11-28 00:00:00+00:00,297.5808333333334,333.93916666666667,319.7945833333333,306.6829166666667,197.8216666666667,103.78458333333333,317.75791666666663,322.04583333333335
2022-11-29 00:00:00+00:00,372.3329166666667,375.35625,374.3145833333333,372.47625,206.66,122.49958333333332,373.1404166666667,369.26125
2022-11-30 00:00:00+00:00,393.85249999999996,396.2175,396.21416666666664,395.7108333333333,218.55999999999997,152.03083333333333,394.5741666666667,393.47125
2022-12-01 00:00:00+00:00,394.94958333333335,392.925,392.75291666666664,393.89000000000004,240.0858333333333,148.74833333333333,389.2170833333333,361.1175
2022-12-02 00:00:00+00:00,336.36083333333335,384.2304166666667,383.90083333333337,378.29333333333335,224.31333333333336,128.07916666666668,369.59583333333336,343.26875
2022-12-03 00:00:00+00:00,281.61,312.12416666666667,307.4458333333333,294.22541666666666,225.13250000000002,122.1025,305.3475,297.98833333333334
2022-12-04 00:00:00+00:00,267.44083333333333,306.83458333333334,306.83458333333334,273.9941666666667,154.63375,191.4625,314.90333333333336,305.0991666666667
2022-12-05 00:00:00+00:00,345.13166666666666,371.81583333333333,374.29791666666665,348.2829166666667,196.59291666666664,206.62125,378.09791666666666,350.98291666666665
2022-12-06 00:00:00+00:00,385.04791666666665,409.39375,419.71583333333336,389.30916666666667,225.31833333333336,152.85416666666666,403.01,350.715
2022-12-07 00:00:00+00:00,325.74083333333334,387.57708333333335,429.8691666666667,366.17291666666665,188.30458333333334,141.58208333333332,406.9079166666666,338.65000000000003
2022-12-08 00:00:00+00:00,389.50458333333336,367.33750000000003,417.58,391.5725,214.04833333333332,122.09833333333334,415.5195833333333,370.2316666666666
2022-12-09 00:00:00+00:00,410.145,422.82666666666665,447.10125,414.2870833333333,232.52958333333333,144.27166666666668,436.72208333333333,413.3829166666667
2022-12-10 00:00:00+00:00,354.14958333333334,368.57166666666666,369.1075,350.1116666666667,228.60666666666665,127.41916666666667,363.50708333333336,355.31708333333336
2022-12-11 00:00:00+00:00,325.91249999999997,330.0358333333333,333.3725,314.39375,174.52125,144.09083333333334,331.52875,327.34541666666667
2022-12-12 00:00:00+00:00,435.01500000000004,436.32124999999996,465.2679166666667,426.18041666666664,180.22541666666666,109.83416666666666,461.48791666666665,428.5725
2022-12-13 00:00:00+00:00,443.1716666666667,453.48499999999996,464.865,446.84708333333333,200.17,97.72291666666666,467.70125,433.01416666666665
2022-12-14 00:00:00+00:00,444.925,448.9745833333333,449.74125000000004,445.94458333333336,211.56166666666664,86.22666666666667,447.3641666666667,438.87041666666664
2022-12-15 00:00:00+00:00,396.80833333333334,398.8245833333333,403.8,399.66125000000005,227.04833333333332,131.67791666666668,408.5466666666667,386.41083333333336
2022-12-16 00:00:00+00:00,410.7970833333334,410.39375,410.39375,409.915,218.55666666666664,129.3975,409.7808333333333,401.1025
2022-12-17 00:00:00+00:00,264.4845833333333,283.22291666666666,280.3966666666667,267.8041666666667,233.20708333333334,133.4575,283.1041666666667,272.52125
2022-12-18 00:00:00+00:00,187.41916666666668,243.21041666666667,224.80875,203.07541666666668,173.9375,94.855,227.405,223.61
2022-12-19 00:00:00+00:00,191.43125,239.25291666666666,199.6341666666667,210.17624999999998,151.90416666666667,79.95083333333334,196.79833333333332,194.11249999999998
2022-12-20 00:00:00+00:00,188.90166666666667,272.40833333333336,204.23916666666665,224.20791666666665,170.23916666666665,66.01916666666666,207.84333333333333,203.61749999999998
2022-12-21 00:00:00+00:00,213.63333333333333,258.0575,216.30208333333334,228.01333333333332,187.24875,62.99458333333334,217.41208333333336,220.8516666666667
2022-12-22 00:00:00+00:00,192.21291666666664,238.63166666666666,194.275,208.80041666666668,180.27874999999997,51.03541666666666,196.69375,204.36458333333334
2022-12-23 00:00:00+00:00,183.07541666666668,200.69208333333333,168.45125,181.16375000000002,173.93375,24.00125,174.655,181.5304166666667
2022-12-24 00:00:00+00:00,113.495,146.2425,114.7425,114.3175,138.6316666666667,34.5575,115.43374999999999,116.98916666666668
2022-12-25 00:00:00+00:00,103.09541666666667,166.2175,105.05,103.54083333333334,109.53833333333334,17.166666666666668,106.31666666666666,118.69458333333334
2022-12-26 00:00:00+00:00,39.410000000000004,172.30208333333334,76.17083333333333,49.971666666666664,62.49333333333333,78.73583333333333,76.80125,77.49416666666666
2022-12-27 00:00:00+00:00,92.43916666666667,208.79,120.96416666666666,98.76083333333334,105.10000000000001,107.66250000000001,118.55166666666666,126.18291666666666
2022-12-28 00:00:00+00:00,44.17666666666667,176.52541666666664,49.86416666666667,80.08416666666666,103.42833333333334,39.856249999999996,49.349583333333335,69.37833333333333
2022-12-29 00:00:00+00:00,14.08625,203.53125,33.14416666666667,38.625,92.89083333333333,16.235,34.378750000000004,66.01541666666667
2022-12-30 00:00:00+00:00,14.775652173913043,180.64260869565217,17.58478260869565,31.16695652173913,95.26260869565218,6.105652173913044,16.30608695652174,16.522608695652174
2022-12-31 00:00:00+00:00,-1.0062499999999999,224.60375,4.332916666666667,4.401666666666666,62.67875,2.609583333333333,5.510416666666667,19.766666666666666
2023-01-01 00:00:00+00:00,17.541666666666668,192.785,17.467083333333335,19.604166666666668,48.30416666666667,9.254583333333334,16.801666666666666,22.87375
2023-01-02 00:00:00+00:00,126.82416666666666,201.55416666666667,127.43541666666665,128.36249999999998,132.76416666666668,115.40958333333333,128.1525,131.92041666666668
2023-01-03 00:00:00+00:00,143.90791666666667,172.69083333333333,144.05083333333332,146.24541666666667,140.41041666666666,138.36916666666667,143.86875,143.78
2023-01-04 00:00:00+00:00,55.57333333333333,172.83875,97.02375,142.86791666666667,129.67208333333335,114.21791666666667,86.70416666666667,96.77958333333333
2023-01-05 00:00:00+00:00,111.92041666666665,183.7179166666667,128.43916666666667,132.2925,111.36416666666668,109.69166666666666,123.10333333333334,123.2025
2023-01-06 00:00:00+00:00,117.05416666666667,174.36625,121.07833333333333,128.06958333333333,100.99958333333332,101.89875,123.72958333333334,129.20708333333332
2023-01-07 00:00:00+00:00,85.21625,188.1158333333333,81.95125,148.62291666666667,123.24125,21.839583333333334,81.625,82.7775
2023-01-08 00:00:00+00:00,71.61666666666666,164.27333333333334,70.78208333333333,110.66666666666667,92.22375,10.2025,70.31916666666667,71.35708333333334
2023-01-09 00:00:00+00:00,130.57874999999999,155.42333333333332,127.69541666666667,143.455,153.14708333333334,89.98583333333333,127.38125000000001,130.3425
2023-01-10 00:00:00+00:00,118.92125,167.50375,123.97208333333333,131.39624999999998,172.295,106.44125000000001,123.8325,126.06
2023-01-11 00:00:00+00:00,84.70083333333334,183.38875,89.165,144.2575,135.69750000000002,85.27291666666666,87.21833333333332,87.90458333333333
2023-01-12 00:00:00+00:00,71.27458333333333,179.21083333333334,81.11958333333332,167.16375,119.49041666666666,92.28583333333334,79.48125,85.98333333333333
2023-01-13 00:00:00+00:00,66.35208333333334,194.76458333333335,80.62041666666667,162.06,121.35625,89.32333333333334,79.75,84.95916666666666
2023-01-14 00:00:00+00:00,28.438333333333333,161.57125,53.63375,115.3275,89.91333333333334,50.70583333333334,54.90416666666667,91.33
2023-01-15 00:00:00+00:00,11.595416666666667,142.96583333333334,36.34083333333333,84.73041666666667,70.42666666666666,21.184166666666666,39.02125,78.18208333333332
2023-01-16 00:00:00+00:00,130.34166666666667,164.71375,138.0325,136.5845833333333,131.4175,13.221666666666666,138.84916666666666,134.97708333333333
2023-01-17 00:00:00+00:00,134.59208333333333,180.03,178.475,144.51291666666665,137.24666666666667,5.08125,185.3275,137.16666666666666
2023-01-18 00:00:00+00:00,143.28458333333333,162.43833333333333,158.03375,149.23416666666665,149.72958333333335,23.153750000000002,151.59875,131.45458333333332
2023-01-19 00:00:00+00:00,149.68708333333333,185.0354166666667,184.76291666666668,157.19291666666666,170.01291666666665,34.848333333333336,186.22,147.59166666666667
2023-01-20 00:00:00+00:00,180.54458333333332,189.73833333333334,186.85791666666668,178.72083333333333,176.1604166666667,92.32166666666666,184.24833333333333,177.90625
2023-01-21 00:00:00+00:00,143.70291666666665,168.73958333333334,155.96291666666667,143.57541666666665,112.21125,57.08291666666667,155.39833333333334,148.52791666666667
2023-01-22 00:00:00+00:00,152.04083333333332,185.23833333333334,166.94166666666666,156.89791666666667,140.09208333333333,38.433749999999996,170.02166666666668,151.66
2023-01-23 00:00:00+00:00,203.39625,208.015,205.46916666666667,203.48833333333334,184.26666666666665,72.46166666666666,205.45541666666668,202.54708333333335
2023-01-24 00:00:00+00:00,202.03958333333333,204.99458333333334,204.19208333333333,202.23583333333332,186.45624999999998,88.98958333333333,204.78875000000002,198.61625
2023-01-25 00:00:00+00:00,181.77666666666667,186.89666666666665,185.98874999999998,182.44791666666666,177.78791666666666,92.03500000000001,185.40875000000003,175.90291666666667
2023-01-26 00:00:00+00:00,167.04375000000002,174.44958333333332,171.01125000000002,168.88291666666666,171.50875,66.48208333333334,172.48833333333334,146.90791666666667
2023-01-27 00:00:00+00:00,168.96541666666667,172.96624999999997,170.99,169.04999999999998,168.32791666666665,45.305416666666666,172.32125,166.2875
2023-01-28 00:00:00+00:00,145.32166666666666,163.9625,147.63375,146.51916666666668,145.69875,41.9325,149.22833333333332,140.20041666666665
2023-01-29 00:00:00+00:00,119.01083333333334,156.62083333333334,142.72208333333333,137.89875,109.865,71.10416666666667,141.93208333333334,123.33958333333334
2023-01-30 00:00:00+00:00,76.25583333333334,179.82583333333332,163.92791666666668,157.46583333333334,98.72208333333333,135.71375,139.26291666666665,107.53416666666668
2023-01-31 00:00:00+00:00,116.73541666666667,164.38166666666666,158.96125,145.51125,109.51541666666667,127.42208333333333,148.41041666666666,132.68708333333333
2023-02-01 00:00:00+00:00,92.84291666666667,163.67,151.34083333333334,142.38500000000002,102.94458333333334,127.97916666666667,146.82791666666665,109.15708333333333
2023-02-02 00:00:00+00:00,137.56333333333333,179.86708333333334,154.63375,150.27666666666667,128.47333333333333,138.70958333333334,149.03,140.36208333333335
2023-02-03 00:00:00+00:00,102.23833333333333,169.88041666666666,141.92041666666668,141.92291666666668,136.29583333333332,139.9275,144.80375,140.17666666666665
2023-02-04 00:00:00+00:00,147.5175,155.4675,152.50708333333333,147.77125,132.88750000000002,123.33875,152.10083333333333,151.15458333333333
2023-02-05 00:00:00+00:00,131.76208333333332,151.03583333333333,133.05166666666665,131.12333333333333,132.64333333333335,79.42958333333333,133.43916666666667,130.76000000000002
2023-02-06 00:00:00+00:00,172.9958333333333,177.43875,171.50291666666666,172.46416666666667,173.16583333333332,136.30916666666667,170.65541666666667,167.01041666666666
2023-02-07 00:00:00+00:00,173.51708333333332,178.52333333333334,175.77666666666667,175.33124999999998,179.51583333333335,137.39000000000001,174.83666666666667,171.12333333333333
2023-02-08 00:00:00+00:00,150.00083333333333,170.42791666666668,164.82791666666665,160.47583333333333,164.02625,138.33416666666668,160.48583333333332,153.17541666666668
2023-02-09 00:00:00+00:00,133.09166666666667,180.19583333333333,179.42666666666665,154.62666666666667,140.18833333333333,144.83958333333334,154.27041666666665,142.28
2023-02-10 00:00:00+00:00,124.55624999999999,168.95708333333332,158.84625,155.56083333333333,132.52166666666668,141.95541666666665,149.24833333333333,133.02541666666667
2023-02-11 00:00:00+00:00,107.9275,170.63208333333333,148.74625,147.87416666666667,115.24708333333332,131.8033333333333,151.94875,139.29083333333332
2023-02-12 00:00:00+00:00,136.63291666666666,150.16166666666666,142.65125,140.66083333333333,136.51291666666665,137.7525,143.32375,141.37625
2023-02-13 00:00:00+00:00,163.41791666666668,168.91666666666666,163.21416666666667,164.66375,147.29916666666665,146.58083333333335,161.39541666666665,158.03708333333333
2023-02-14 00:00:00+00:00,154.45916666666668,160.995,155.91875000000002,157.63208333333333,162.6525,142.66875000000002,154.12291666666667,152.10708333333335
2023-02-15 00:00:00+00:00,142.60666666666665,166.17333333333332,149.76791666666665,157.98,164.11583333333334,145.94041666666666,146.16125,135.83541666666667
2023-02-16 00:00:00+00:00,136.4475,164.06041666666667,147.45166666666668,152.86541666666668,147.79958333333335,144.51874999999998,142.40375,134.30708333333334
2023-02-17 00:00:00+00:00,77.90291666666667,165.905,132.02666666666667,147.60708333333335,134.63666666666668,134.66416666666666,121.53583333333334,105.36541666666666
2023-02-18 00:00:00+00:00,98.04375,139.35583333333332,111.28250000000001,117.66250000000001,97.79791666666667,128.29125,106.95,101.40041666666667
2023-02-19 00:00:00+00:00,112.79708333333333,137.38666666666666,120.68291666666666,116.03541666666666,104.17791666666666,122.89875,118.69208333333334,115.6875
2023-02-20 00:00:00+00:00,60.23500000000001,160.3025,135.95041666666665,117.46999999999998,95.73583333333333,135.71,113.3525,98.46583333333332
2023-02-21 00:00:00+00:00,126.17083333333333,161.7875,153.47708333333333,138.42208333333335,118.10583333333334,151.03333333333333,145.1825,139.25166666666667
2023-02-22 00:00:00+00:00,148.43041666666667,162.75333333333333,149.63041666666666,149.43375,152.60416666666666,144.24583333333334,147.53,144.58375
2023-02-23 00:00:00+00:00,146.07874999999999,156.92625,149.05791666666667,148.29666666666665,149.01624999999999,140.51958333333334,147.93875,141.57958333333332
2023-02-24 00:00:00+00:00,116.50541666666668,164.70958333333334,148.86708333333334,133.23666666666665,144.86916666666667,149.10375,142.63375,126.43208333333332
2023-02-25 00:00:00+00:00,89.95041666666667,147.96125,141.59583333333333,108.31958333333334,116.38416666666666,142.1625,124.30291666666666,107.83041666666666
2023-02-26 00:00:00+00:00,110.50708333333334,127.80958333333332,114.9875,114.79916666666666,118.42833333333333,79.53458333333333,113.77958333333333,112.52833333333332
2023-02-27 00:00:00+00:00,152.74,173.71166666666667,155.35375000000002,152.615,152.97291666666666,118.93624999999999,151.13416666666666,141.07791666666665
2023-02-28 00:00:00+00:00,148.00666666666666,164.05041666666668,161.22541666666666,152.66708333333335,150.81375,133.13958333333332,150.30666666666667,144.10583333333332
2023-03-01 00:00:00+00:00,142.66583333333332,168.95208333333332,152.83833333333334,151.67708333333334,152.80083333333334,145.94,144.96625,136.74375
2023-03-02 00:00:00+00:00,144.91,168.34833333333333,166.13375,153.20000000000002,156.92541666666668,142.16916666666665,142.32,135.91208333333333
2023-03-03 00:00:00+00:00,135.42916666666667,166.42499999999998,161.79416666666665,147.71208333333334,134.80666666666667,142.33375,146.58,133.72833333333332
2023-03-04 00:00:00+00:00,107.44083333333333,144.5675,142.32333333333335,122.97708333333333,105.95541666666666,138.64625,134.9125,123.67375
2023-03-05 00:00:00+00:00,122.97708333333333,145.28083333333333,146.28041666666667,127.01791666666666,120.09583333333332,144.12875,138.99625,123.06208333333332
2023-03-06 00:00:00+00:00,149.08791666666667,159.4425,159.60958333333335,152.13833333333335,149.44583333333335,147.31666666666666,150.43333333333334,139.81208333333333
2023-03-07 00:00:00+00:00,107.54458333333334,154.08916666666667,151.81375,137.0675,121.53583333333334,119.07,135.0925,123.87791666666668
2023-03-08 00:00:00+00:00,138.86375,140.62916666666666,139.54583333333332,139.19916666666668,139.37916666666666,98.85416666666667,139.35458333333335,139.00625
2023-03-09 00:00:00+00:00,126.75041666666665,142.22666666666666,126.74958333333332,128.03958333333333,139.95583333333335,71.08083333333333,126.68124999999999,126.62958333333334
2023-03-10 00:00:00+00:00,114.2525,131.05041666666668,121.045,117.03458333333333,136.90958333333333,43.09125,120.39833333333333,116.36708333333333
2023-03-11 00:00:00+00:00,100.72125,133.30708333333334,121.84208333333333,106.23041666666666,108.86166666666666,32.15125,122.03750000000001,113.7975
2023-03-12 00:00:00+00:00,92.40666666666668,122.22041666666667,92.68041666666666,96.65041666666667,93.82041666666667,78.89333333333333,92.47708333333333,92.33583333333333
2023-03-13 00:00:00+00:00,35.62166666666666,148.945,42.44583333333333,97.61083333333333,111.36708333333333,35.214999999999996,38.860416666666666,40.834583333333335
2023-03-14 00:00:00+00:00,75.4825,147.04583333333332,86.15750000000001,96.68791666666668,97.33541666666667,66.68791666666667,87.02,87.58791666666667
2023-03-15 00:00:00+00:00,128.21416666666667,152.54208333333335,144.17166666666665,130.19833333333335,126.37583333333333,131.98875,142.96541666666667,130.16125
2023-03-16 00:00:00+00:00,102.70208333333333,147.685,105.71208333333334,107.50333333333333,128.59541666666667,86.25875,105.98291666666667,103.56375000000001
2023-03-17 00:00:00+00:00,94.76,135.61041666666668,102.84708333333333,96.71041666666667,102.96499999999999,71.59,106.70916666666666,109.93583333333333
2023-03-18 00:00:00+00:00,109.49083333333334,133.88958333333332,109.84291666666667,109.49041666666666,109.72500000000001,101.55666666666667,110.15583333333332,110.49333333333334
2023-03-19 00:00:00+00:00,112.57416666666667,123.43624999999999,112.22833333333334,112.43833333333333,113.7325,96.45625,112.61833333333334,112.64833333333333
2023-03-20 00:00:00+00:00,125.03916666666667,137.50666666666666,125.09541666666667,125.51833333333333,131.81125,121.43041666666666,125.05666666666667,125.03416666666668
2023-03-21 00:00:00+00:00,113.23041666666666,133.73666666666665,114.82791666666667,119.27125000000001,135.39583333333334,118.84750000000001,114.73125,111.98291666666667
2023-03-22 00:00:00+00:00,79.8025,132.89916666666667,88.68583333333333,106.79,117.32666666666667,100.84249999999999,89.71749999999999,88.32041666666667
2023-03-23 00:00:00+00:00,74.17083333333333,143.30875,80.79291666666667,103.55375,110.96208333333334,82.03583333333333,78.90333333333334,74.07625
2023-03-24 00:00:00+00:00,51.45666666666667,132.01333333333335,56.03,86.55291666666666,106.78333333333335,58.86166666666667,54.34375,47.85
2023-03-25 00:00:00+00:00,15.68125,101.68541666666665,27.320000000000004,29.9275,106.14875,38.846250000000005,22.33875,26.796666666666667
2023-03-26 00:00:00+00:00,73.91,109.41000000000001,74.09208333333333,77.10541666666667,75.27166666666666,33.334583333333335,80.9275,81.95541666666666
2023-03-27 00:00:00+00:00,91.14458333333333,150.14791666666667,121.25833333333334,98.86500000000001,114.1725,105.19625,129.63416666666666,81.78791666666667
2023-03-28 00:00:00+00:00,114.47000000000001,132.72875,121.92375,113.39375,110.31833333333333,109.35875,120.55666666666667,113.60958333333333
2023-03-29 00:00:00+00:00,115.67791666666666,140.26333333333335,114.2575,116.17083333333333,124.735,63.80083333333334,114.86666666666666,115.36
2023-03-30 00:00:00+00:00,79.69375000000001,155.43958333333333,80.9075,102.36625,121.21499999999999,30.264583333333334,79.94791666666667,79.4425
2023-03-31 00:00:00+00:00,98.26291666666667,135.05083333333332,74.82708333333333,101.16083333333334,128.71208333333334,20.624583333333334,84.18291666666667,91.40041666666667
2023-04-01 00:00:00+00:00,55.0975,110.30874999999999,58.94958333333333,56.23291666666666,119.57083333333333,29.47375,61.74916666666667,75.89
2023-04-02 00:00:00+00:00,70.92083333333333,136.68041666666667,74.995,70.54833333333333,81.68875,18.3875,75.72333333333334,64.75166666666667
2023-04-03 00:00:00+00:00,114.99125,142.16333333333333,122.77208333333334,111.60875,122.77666666666666,64.26583333333333,123.19125000000001,114.50375000000001
2023-04-04 00:00:00+00:00,133.10791666666668,151.48458333333335,136.08333333333334,129.71791666666667,133.65791666666667,56.97958333333333,136.22083333333333,133.44916666666666
2023-04-05 00:00:00+00:00,141.55041666666668,171.5925,143.2175,140.59166666666667,143.69125,107.44541666666667,142.3825,140.81375
2023-04-06 00:00:00+00:00,121.75875,153.90875,129.00916666666666,123.34333333333332,133.275,88.29416666666667,129.39583333333334,128.30166666666665
2023-04-07 00:00:00+00:00,110.23666666666666,148.45541666666665,123.53916666666667,119.13708333333334,133.82083333333333,83.80125,128.37958333333333,125.49583333333334
2023-04-08 00:00:00+00:00,117.23833333333333,134.91541666666666,116.77875,117.32833333333333,129.40791666666667,86.80666666666667,116.47583333333334,113.08166666666666
2023-04-09 00:00:00+00:00,102.30624999999999,158.2591666666667,102.30624999999999,102.30624999999999,113.01291666666667,72.82833333333333,102.30624999999999,102.30624999999999
2023-04-10 00:00:00+00:00,32.57375,100.35291666666666,47.844166666666666,59.973333333333336,107.63916666666667,50.72708333333333,46.71625,42.35
2023-04-11 00:00:00+00:00,67.54333333333334,136.28583333333333,97.05791666666666,112.57291666666667,126.21458333333334,92.35166666666667,84.89666666666666,65.3125
2023-04-12 00:00:00+00:00,107.62958333333334,153.7775,105.65458333333333,110.88875,142.47916666666666,38.65208333333333,102.24166666666667,100.33541666666667
2023-04-13 00:00:00+00:00,110.4375,145.93083333333334,118.87791666666668,122.25,146.33541666666667,58.035833333333336,113.19875,78.86958333333332
2023-04-14 00:00:00+00:00,129.00458333333333,150.18958333333333,129.91958333333335,127.76791666666666,134.45416666666668,42.25833333333333,130.6025,126.46791666666667
2023-04-15 00:00:00+00:00,105.92791666666666,132.17083333333332,105.4275,106.69708333333334,121.08875,21.064583333333335,104.8725,97.21333333333332
2023-04-16 00:00:00+00:00,110.55166666666668,127.33958333333334,110.57083333333333,110.56583333333333,118.80666666666667,30.140833333333333,110.56041666666665,110.55541666666666
2023-04-17 00:00:00+00:00,123.46458333333334,145.04375000000002,123.46458333333334,121.36833333333334,137.69916666666668,67.4725,123.37916666666666,123.08833333333332
2023-04-18 00:00:00+00:00,107.91125,144.74416666666667,111.20833333333333,111.48541666666667,129.655,98.56708333333334,110.70666666666666,107.75708333333334
2023-04-19 00:00:00+00:00,87.295,143.02833333333334,109.04124999999999,102.58083333333333,128.24,113.63083333333333,82.28750000000001,52.197916666666664
2023-04-20 00:00:00+00:00,111.52958333333333,149.92333333333332,114.72625,110.99916666666667,129.54708333333335,107.73625,114.34958333333333,112.1475
2023-04-21 00:00:00+00:00,89.63875,147.45458333333332,118.59833333333334,100.36291666666666,125.44583333333334,100.4425,115.32791666666667,101.10333333333334
2023-04-22 00:00:00+00:00,84.80791666666666,119.16208333333333,91.925,86.43124999999999,114.24916666666667,78.00875,95.01791666666666,92.89916666666666
2023-04-23 00:00:00+00:00,84.50375,120.21125,81.33166666666666,84.16041666666666,89.78708333333333,48.951249999999995,83.0625,84.67708333333333
2023-04-24 00:00:00+00:00,105.45333333333333,114.90958333333333,107.45708333333333,106.675,126.09583333333335,94.95708333333333,108.685,105.22666666666667
2023-04-25 00:00:00+00:00,100.87333333333333,110.53666666666668,111.42291666666667,103.82916666666667,123.59708333333333,89.10541666666667,116.84208333333333,90.55583333333334
2023-04-26 00:00:00+00:00,111.51125,125.98166666666667,117.87875000000001,111.31083333333333,113.74208333333333,109.59583333333335,121.24125,111.83
2023-04-27 00:00:00+00:00,111.55666666666667,130.53,107.19125000000001,109.85333333333334,119.70916666666666,109.37875000000001,107.1175,94.46125
2023-04-28 00:00:00+00:00,107.21791666666667,132.81291666666667,105.94458333333334,107.21208333333334,121.53750000000001,107.50041666666668,106.45875000000001,107.06375000000001
2023-04-29 00:00:00+00:00,99.23875,114.92625,99.03250000000001,99.19083333333333,120.34625,81.94791666666667,99.27208333333334,99.06458333333335
2023-04-30 00:00:00+00:00,69.09625,112.31875000000001,71.32458333333334,69.73458333333333,73.40583333333333,65.84833333333334,76.0275,59.56625
2023-05-01 00:00:00+00:00,86.4775,111.47833333333334,78.51291666666667,81.96541666666667,81.4175,61.00666666666667,82.81416666666667,88.87041666666666
2023-05-02 00:00:00+00:00,107.19291666666668,126.14333333333333,107.22166666666668,107.355,107.99125,109.11291666666666,107.20416666666667,107.19166666666666
2023-05-03 00:00:00+00:00,107.17750000000001,124.84666666666668,91.42166666666667,103.96249999999999,110.18291666666666,82.085,95.87666666666667,98.14833333333333
2023-05-04 00:00:00+00:00,96.58,119.05958333333332,87.66833333333334,96.06375000000001,114.79124999999999,92.43541666666665,91.89666666666666,94.70583333333333
2023-05-05 00:00:00+00:00,97.42625,119.55541666666666,99.10708333333334,97.62708333333335,102.80291666666666,101.66624999999999,100.38291666666667,97.05458333333333
2023-05-06 00:00:00+00:00,88.37833333333333,104.37124999999999,89.03041666666667,88.49166666666667,97.65499999999999,90.055,89.81375000000001,90.86666666666667
2023-05-07 00:00:00+00:00,66.60875,91.09249999999999,78.41541666666667,69.54833333333333,79.88708333333334,63.28,86.30583333333334,85.46833333333332
2023-05-08 00:00:00+00:00,96.94041666666668,133.27125,95.69083333333333,96.01708333333333,106.41666666666667,97.83708333333334,97.53666666666668,98.26083333333332
2023-05-09 00:00:00+00:00,94.69458333333334,132.84875,100.50875,96.22958333333334,98.68833333333333,88.72208333333333,104.30291666666666,104.16000000000001
2023-05-10 00:00:00+00:00,108.39791666666667,125.75541666666668,100.98,105.50458333333334,88.83791666666667,83.26208333333334,104.02,107.195
2023-05-11 00:00:00+00:00,115.80791666666666,119.77749999999999,111.23125,112.29625,104.49125,81.40375,111.71083333333333,109.66291666666666
2023-05-12 00:00:00+00:00,101.165,114.36458333333333,96.77791666666667,103.57166666666666,96.29958333333333,73.47791666666667,100.14875,98.63166666666666
2023-05-13 00:00:00+00:00,78.1725,107.11541666666666,75.69416666666667,78.64833333333333,94.54124999999999,50.07375,79.45625,65.47291666666668
2023-05-14 00:00:00+00:00,73.09,93.55874999999999,58.88666666666666,70.75208333333333,79.28791666666667,40.9525,66.01,72.02666666666667
2023-05-15 00:00:00+00:00,110.7325,109.37541666666668,88.02791666666667,110.52999999999999,129.3625,53.58958333333334,95.42791666666666,103.42458333333333
2023-05-16 00:00:00+00:00,79.12791666666666,108.02708333333334,80.38166666666667,87.80624999999999,119.82625,42.044583333333335,81.28666666666668,78.94458333333334
2023-05-17 00:00:00+00:00,80.62125,115.67791666666666,82.5,81.81,120.09666666666668,49.57375,85.31666666666666,75.75041666666667
2023-05-18 00:00:00+00:00,85.87083333333334,110.07458333333334,80.39125,82.83083333333333,124.81583333333333,52.93,82.53833333333334,85.59166666666665
2023-05-19 00:00:00+00:00,86.30624999999999,116.55833333333334,78.59625,85.34249999999999,133.05041666666668,59.73458333333334,81.42833333333333,85.3125
2023-05-20 00:00:00+00:00,44.288333333333334,103.91916666666667,44.35791666666666,44.43625,113.03250000000001,43.38333333333333,45.486250000000005,43.11958333333333
2023-05-21 00:00:00+00:00,31.635416666666668,59.465,33.120416666666664,32.871249999999996,67.17333333333333,34.794583333333335,33.85041666666667,26.65625
2023-05-22 00:00:00+00:00,97.39999999999999,105.06916666666666,85.0,95.63666666666667,116.65458333333333,89.62875000000001,89.16833333333334,88.49541666666666
2023-05-23 00:00:00+00:00,72.33083333333333,108.74624999999999,73.20333333333333,80.75541666666668,125.19041666666668,83.55916666666667,77.05583333333333,62.51624999999999
2023-05-24 00:00:00+00:00,103.81375000000001,107.92375,84.36999999999999,99.53333333333335,136.98458333333335,85.33833333333332,90.37666666666667,96.40583333333332
2023-05-25 00:00:00+00:00,80.33541666666666,100.58208333333333,70.89458333333333,82.77583333333334,128.55708333333334,74.93791666666667,74.15958333333333,71.64874999999999
2023-05-26 00:00:00+00:00,70.34708333333333,93.86333333333334,63.83166666666667,70.56416666666667,108.6375,66.47708333333334,66.94291666666668,60.979166666666664
2023-05-27 00:00:00+00:00,62.58291666666667,70.205,59.15541666666667,60.22375,93.90458333333333,87.18916666666667,60.45583333333334,51.536249999999995
2023-05-28 00:00:00+00:00,24.138333333333335,62.910000000000004,37.555,31.826666666666668,63.20916666666667,84.03666666666668,37.53791666666667,2.912083333333332
2023-05-29 00:00:00+00:00,22.825,86.16916666666667,30.207083333333333,29.25375,111.06833333333333,95.55916666666667,21.04125,12.688333333333333
2023-05-30 00:00:00+00:00,88.65625,94.16541666666667,75.26666666666667,86.27208333333334,107.82166666666666,93.37124999999999,79.63708333333334,85.30583333333333
2023-05-31 00:00:00+00:00,71.91583333333334,93.34208333333333,63.798750000000005,79.13416666666667,113.12666666666667,87.7425,64.26,65.18875
2023-06-01 00:00:00+00:00,73.08958333333334,94.47250000000001,71.49249999999999,73.64541666666666,92.39375,84.89291666666666,72.31041666666667,70.87041666666666
2023-06-02 00:00:00+00:00,81.11083333333333,81.01,72.885,79.38666666666667,85.97333333333334,87.27166666666666,75.27125,79.00791666666667
2023-06-03 00:00:00+00:00,55.982499999999995,73.57291666666667,51.62125,55.51125,80.21708333333333,79.35,53.185833333333335,54.913333333333334
2023-06-04 00:00:00+00:00,49.41416666666667,58.885416666666664,48.28583333333333,50.592083333333335,63.03375,67.505,48.45041666666666,44.2825
2023-06-05 00:00:00+00:00,91.165,96.37291666666665,81.95916666666666,88.81791666666668,111.90458333333333,86.39708333333334,83.89125,81.48166666666667
2023-06-06 00:00:00+00:00,99.13041666666668,90.92416666666666,82.89583333333333,93.48583333333333,114.16833333333334,86.29041666666666,85.39458333333333,81.6025
2023-06-07 00:00:00+00:00,100.9225,94.64041666666667,87.72625,98.19708333333334,111.97916666666667,88.15958333333333,90.06833333333333,89.05791666666666
2023-06-08 00:00:00+00:00,84.58083333333333,90.24208333333333,81.56083333333333,84.00166666666667,89.0025,81.18875,82.57375,82.62916666666666
2023-06-09 00:00:00+00:00,86.20166666666667,92.52,84.82916666666667,85.98666666666666,96.02333333333333,81.55499999999999,85.68833333333333,85.85625
2023-06-10 00:00:00+00:00,53.03208333333333,96.57958333333333,62.732499999999995,57.60874999999999,72.95041666666667,80.77791666666667,68.55624999999999,53.38625
2023-06-11 00:00:00+00:00,43.10375,93.29,50.285,45.43666666666667,48.663333333333334,67.18958333333333,54.620000000000005,46.66166666666666
2023-06-12 00:00:00+00:00,96.08541666666666,102.41291666666666,98.7275,97.16916666666667,105.85875,94.53041666666667,101.07916666666667,93.12041666666666
2023-06-13 00:00:00+00:00,90.57166666666666,105.50375000000001,93.2625,95.05874999999999,136.12208333333334,89.00041666666668,92.65375,87.20958333333334
2023-06-14 00:00:00+00:00,103.97833333333334,109.05583333333334,100.48208333333334,105.19416666666666,118.03833333333334,85.57041666666667,101.26625,101.59333333333332
2023-06-15 00:00:00+00:00,121.88708333333334,113.95166666666667,113.87958333333334,119.16083333333334,130.41375,106.51166666666667,116.31625000000001,117.85958333333333
2023-06-16 00:00:00+00:00,127.76291666666667,128.46208333333334,127.29,127.04416666666667,140.79166666666666,122.61041666666667,127.89166666666667,127.27166666666666
2023-06-17 00:00:00+00:00,104.2625,105.74541666666666,103.17291666666667,104.075,130.94500000000002,96.73916666666666,103.58958333333334,104.1875
2023-06-18 00:00:00+00:00,90.80583333333334,102.59916666666668,87.69125000000001,90.28375,120.00125000000001,84.89916666666666,88.82791666666667,90.65916666666668
2023-06-19 00:00:00+00:00,118.56333333333333,124.90375,114.76708333333333,117.615,146.60708333333332,108.02,116.605,118.32416666666666
2023-06-20 00:00:00+00:00,121.08833333333332,120.27333333333333,119.95333333333333,120.79458333333334,147.98833333333332,111.80624999999999,120.80166666666666,119.85541666666667
2023-06-21 00:00:00+00:00,124.55166666666666,128.73333333333332,124.46291666666667,124.67416666666666,160.5825,118.75916666666666,125.69166666666666,122.60791666666667
2023-06-22 00:00:00+00:00,123.31666666666666,128.59625,122.1275,122.90208333333334,169.42333333333332,121.3925,122.96666666666668,122.87458333333335
2023-06-23 00:00:00+00:00,107.57541666666667,120.88833333333334,108.1375,111.10624999999999,144.67333333333332,109.46708333333333,107.67166666666667,107.40125
2023-06-24 00:00:00+00:00,82.10875,113.02333333333333,76.03333333333333,80.81875000000001,133.34333333333333,83.33041666666666,78.86833333333333,81.58
2023-06-25 00:00:00+00:00,75.21916666666667,99.10374999999999,61.87625,73.25208333333333,117.71791666666667,69.42041666666667,67.52708333333334,74.26958333333333
2023-06-26 00:00:00+00:00,96.96,116.38416666666666,91.41250000000001,100.58375000000001,158.37916666666666,94.45,95.27083333333333,91.15208333333334
2023-06-27 00:00:00+00:00,100.84875,119.38333333333333,102.90458333333333,103.00291666666668,120.79,99.67291666666667,104.03875,100.90333333333332
2023-06-28 00:00:00+00:00,114.21791666666667,120.36708333333333,108.05166666666666,113.31458333333335,128.44333333333333,105.5075,110.66958333333334,113.91541666666666
2023-06-29 00:00:00+00:00,117.6425,121.05958333333332,109.95833333333333,117.15666666666665,127.51916666666666,103.37124999999999,112.69875,115.07291666666667
2023-06-30 00:00:00+00:00,110.01208333333334,119.43958333333335,97.95375,111.20958333333334,145.0025,96.01083333333334,100.59541666666667,101.62041666666666
2023-07-01 00:00:00+00:00,58.12166666666667,103.21875,35.391666666666666,62.23541666666666,117.59291666666667,59.83416666666667,40.867916666666666,50.20875
2023-07-02 00:00:00+00:00,-50.12583333333333,109.02458333333334,2.5479166666666675,-13.575416666666664,43.53791666666667,50.92250000000001,1.3991666666666667,-85.2725
2023-07-03 00:00:00+00:00,56.04458333333333,115.82583333333334,70.50333333333333,84.47333333333334,92.28583333333334,116.73375,61.284166666666664,54.76625000000001
2023-07-04 00:00:00+00:00,87.5175,134.83666666666667,97.65833333333335,108.65083333333332,111.56041666666665,112.04041666666666,102.47541666666666,89.16208333333333
2023-07-05 00:00:00+00:00,67.33624999999999,115.52749999999999,79.13875,96.14375,131.07500000000002,107.35833333333333,75.10333333333334,68.86333333333333
2023-07-06 00:00:00+00:00,108.96541666666667,116.51541666666667,104.80958333333332,108.54208333333334,132.92875,111.77583333333332,105.96791666666667,104.70166666666667
2023-07-07 00:00:00+00:00,101.90666666666668,120.64208333333333,92.20791666666668,100.00416666666666,122.98166666666667,101.22458333333333,95.41166666666668,96.88166666666666
2023-07-08 00:00:00+00:00,82.97375,104.86458333333333,82.3125,83.02083333333333,99.97375,88.89125,82.61291666666666,81.14125
2023-07-09 00:00:00+00:00,89.46999999999998,105.03875,88.5,89.49458333333332,93.81124999999999,90.87333333333333,88.74541666666666,89.44791666666667
2023-07-10 00:00:00+00:00,115.05541666666666,127.98458333333333,116.43541666666665,119.35083333333334,130.12375,110.62208333333332,113.58625,112.66041666666666
2023-07-11 00:00:00+00:00,103.84625,122.605,102.02083333333333,112.1425,132.64041666666665,104.3825,94.09583333333335,94.72166666666668
2023-07-12 00:00:00+00:00,88.03458333333333,118.84708333333333,98.1875,110.04375,138.44458333333333,100.73541666666667,78.59583333333333,75.03916666666667
2023-07-13 00:00:00+00:00,97.51166666666667,110.72958333333332,100.47708333333333,105.88625,141.20374999999999,103.67375,93.56124999999999,91.63708333333334
2023-07-14 00:00:00+00:00,93.98291666666667,101.64416666666666,77.76666666666667,92.89125,127.05041666666666,86.61125,80.49708333333334,81.84
2023-07-15 00:00:00+00:00,31.277916666666666,101.39583333333333,27.885416666666668,31.311666666666667,100.3775,60.685833333333335,28.425833333333333,30.388749999999998
2023-07-16 00:00:00+00:00,20.145833333333332,107.26958333333334,21.97875,45.77166666666667,69.21333333333332,60.16583333333333,14.7575,13.795416666666666
2023-07-17 00:00:00+00:00,81.29041666666667,114.74583333333334,81.66250000000001,101.19208333333334,135.96541666666667,88.645,69.98875,59.930416666666666
2023-07-18 00:00:00+00:00,106.99624999999999,120.78291666666667,104.28250000000001,109.25875,116.96,97.33791666666667,99.93291666666666,99.11958333333332
2023-07-19 00:00:00+00:00,96.62416666666667,128.24833333333333,88.32,98.52749999999999,139.46208333333334,94.53458333333333,89.73041666666667,94.41875
2023-07-20 00:00:00+00:00,96.89458333333334,118.87875000000001,96.015,99.64708333333334,130.25916666666666,93.65875,94.62916666666666,94.44749999999999
2023-07-21 00:00:00+00:00,104.14791666666667,112.45125,89.62374999999999,106.38583333333334,137.14708333333334,93.27541666666667,91.755,94.76833333333333
2023-07-22 00:00:00+00:00,75.52083333333333,103.77458333333334,72.76041666666667,75.7125,91.60083333333334,91.76208333333334,73.51333333333334,76.64958333333334
2023-07-23 00:00:00+00:00,30.114583333333332,99.61874999999999,31.493750000000002,32.28458333333333,89.18916666666667,61.732499999999995,29.16208333333333,29.628333333333334
2023-07-24 00:00:00+00:00,92.00458333333334,114.61874999999999,87.50208333333335,93.07666666666667,132.47208333333333,89.68708333333335,88.57583333333334,91.03291666666667
2023-07-25 00:00:00+00:00,104.35125,112.08458333333333,93.02791666666667,102.91375,136.03958333333333,91.11916666666667,93.88208333333334,83.28208333333333
2023-07-26 00:00:00+00:00,94.98541666666667,103.97333333333334,97.27916666666665,95.56916666666666,128.62875,102.55125,95.16125,93.56166666666667
2023-07-27 00:00:00+00:00,93.37666666666667,108.42291666666667,88.38416666666667,93.49208333333333,126.43833333333333,98.71625,89.48125,92.06791666666668
2023-07-28 00:00:00+00:00,97.14208333333333,104.56291666666665,93.98875,94.95208333333333,127.37166666666667,97.6325,94.73541666666667,95.69708333333334
2023-07-29 00:00:00+00:00,75.085,91.09291666666667,74.33166666666666,76.56583333333333,111.72291666666666,80.09583333333333,72.20625,72.61041666666667
2023-07-30 00:00:00+00:00,29.760416666666668,79.81416666666667,39.58541666666667,37.31125,73.75,67.7225,23.268333333333334,23.821250000000003
2023-07-31 00:00:00+00:00,71.60791666666667,98.70583333333333,70.03416666666666,73.03875000000001,125.82416666666667,89.32208333333334,70.48541666666667,71.44916666666667
2023-08-01 00:00:00+00:00,81.09666666666666,100.39541666666668,77.7975,82.74083333333333,117.26208333333334,86.27416666666666,76.41041666666666,78.23125
2023-08-02 00:00:00+00:00,62.56125,108.65499999999999,51.979166666666664,61.69416666666667,91.36,75.27958333333333,54.02166666666667,62.041666666666664
2023-08-03 00:00:00+00:00,51.435833333333335,111.03916666666667,52.23166666666666,57.03916666666667,66.03916666666667,64.79958333333333,52.11375,54.07916666666667
2023-08-04 00:00:00+00:00,99.53041666666667,106.62583333333333,93.43666666666667,94.20375,113.22666666666667,67.84333333333333,93.5075,95.57791666666667
2023-08-05 00:00:00+00:00,89.50458333333334,97.43291666666666,71.64541666666666,85.77666666666666,101.64916666666666,65.87833333333333,76.09416666666667,87.68458333333332
2023-08-06 00:00:00+00:00,54.775416666666665,81.61916666666666,24.542083333333334,40.96958333333333,72.74249999999999,28.468333333333334,27.184166666666666,51.464166666666664
2023-08-07 00:00:00+00:00,14.757083333333332,92.41875,70.91375000000001,17.01625,66.3275,77.78125,65.87083333333334,37.88875
2023-08-08 00:00:00+00:00,18.8225,84.28375,69.20583333333333,24.77791666666667,44.71458333333334,96.49458333333332,81.97208333333333,36.51375
2023-08-09 00:00:00+00:00,89.85708333333334,99.22166666666668,93.37625000000001,90.625,105.88875,100.53250000000001,88.02541666666667,72.77916666666667
2023-08-10 00:00:00+00:00,103.39916666666666,99.24291666666666,95.51916666666666,89.97041666666667,118.42666666666666,105.31583333333333,88.01125,84.86749999999999
2023-08-11 00:00:00+00:00,99.77916666666665,106.8925,95.62083333333334,88.30583333333334,112.89333333333333,112.60583333333334,91.93541666666665,93.25916666666666
2023-08-12 00:00:00+00:00,79.00833333333334,89.46166666666666,79.045,72.795,85.51125,97.24374999999999,78.84625,78.68541666666667
2023-08-13 00:00:00+00:00,65.74791666666667,100.50208333333335,65.61083333333333,61.324999999999996,76.22916666666667,73.355,64.57083333333334,64.44458333333334
2023-08-14 00:00:00+00:00,103.56375000000001,106.27541666666667,88.97166666666668,96.43666666666667,100.83958333333334,97.91624999999999,91.97958333333334,97.33583333333333
2023-08-15 00:00:00+00:00,94.05666666666667,105.60541666666667,87.19833333333334,86.77375,78.54708333333333,94.57666666666667,88.27958333333333,92.34708333333333
2023-08-16 00:00:00+00:00,110.76583333333333,108.94166666666666,104.44041666666668,109.65041666666667,114.53125,107.32125,104.80416666666667,107.28458333333333
2023-08-17 00:00:00+00:00,111.51208333333334,109.59750000000001,100.89666666666666,109.26666666666667,116.91083333333334,114.48583333333333,102.58791666666667,106.88125000000001
2023-08-18 00:00:00+00:00,108.49958333333332,109.55333333333334,94.65583333333332,107.67541666666666,115.84583333333335,107.305,98.91666666666667,105.32416666666666
2023-08-19 00:00:00+00:00,86.02125000000001,96.75999999999999,70.54625,84.48666666666666,105.50083333333333,110.71458333333334,76.08,82.09791666666666
2023-08-20 00:00:00+00:00,89.66541666666666,93.33833333333332,89.745,89.69125000000001,97.71958333333333,112.31333333333333,89.91291666666666,89.25333333333333
2023-08-21 00:00:00+00:00,121.31583333333333,120.87,114.68041666666666,121.09958333333333,125.56041666666665,118.1875,119.70083333333334,117.97458333333333
2023-08-22 00:00:00+00:00,123.89916666666666,138.34666666666666,119.43791666666668,124.31124999999999,134.20916666666668,121.41125,121.54875,120.92791666666666
2023-08-23 00:00:00+00:00,147.47791666666666,158.3175,147.665,151.26500000000001,140.66083333333333,134.89291666666668,148.01833333333335,145.25125
2023-08-24 00:00:00+00:00,144.56291666666667,161.32125,141.66291666666666,143.01250000000002,144.95083333333335,130.19708333333332,142.35666666666665,135.69416666666666
2023-08-25 00:00:00+00:00,116.77833333333332,141.79958333333335,111.57958333333333,123.78708333333333,137.0425,111.50875,112.925,115.85625
2023-08-26 00:00:00+00:00,95.96125,119.44375000000001,97.58833333333332,102.93583333333333,113.36458333333333,101.07625,96.83208333333333,92.56166666666667
2023-08-27 00:00:00+00:00,101.11291666666666,114.05916666666667,88.83999999999999,99.35458333333334,109.51458333333333,51.75,91.00833333333333,92.93208333333332
2023-08-28 00:00:00+00:00,119.43166666666667,120.87166666666667,104.37791666666668,118.17,135.90875,91.19291666666668,107.57625,109.89541666666666
2023-08-29 00:00:00+00:00,122.84791666666666,127.28583333333334,109.30541666666666,119.58749999999999,130.47458333333333,102.77958333333333,111.35083333333334,109.17375
2023-08-30 00:00:00+00:00,114.48375,114.93541666666665,104.9875,115.02,125.14791666666667,108.72958333333334,107.65708333333333,111.65249999999999
2023-08-31 00:00:00+00:00,104.58,122.26125,102.36625,106.53625,119.81166666666667,110.66250000000001,103.55083333333334,104.02208333333334
2023-09-01 00:00:00+00:00,109.20875000000001,117.43,101.72333333333334,105.94541666666667,115.93041666666666,105.335,105.47541666666666,108.74916666666667
2023-09-02 00:00:00+00:00,94.97291666666666,96.11833333333334,92.4825,94.6875,103.53958333333333,101.53625,93.72666666666667,94.8175
2023-09-03 00:00:00+00:00,82.19041666666666,92.95208333333333,70.82791666666667,80.45083333333334,90.42208333333333,61.242916666666666,80.66166666666668,82.7325
2023-09-04 00:00:00+00:00,108.08166666666666,107.13958333333333,88.82541666666667,104.56916666666666,124.00041666666668,88.41875,102.52749999999999,106.81916666666666
2023-09-05 00:00:00+00:00,103.03375,108.65416666666665,95.04083333333334,102.57541666666667,107.085,105.43208333333332,100.1325,102.25166666666667
2023-09-06 00:00:00+00:00,106.13375,108.66208333333333,100.96458333333334,105.72375,108.11583333333334,107.01375,102.88708333333334,104.00958333333334
2023-09-07 00:00:00+00:00,100.12541666666668,112.79958333333333,100.40958333333333,100.23416666666667,102.31083333333333,106.82166666666666,100.87416666666667,99.09916666666668
2023-09-08 00:00:00+00:00,109.9575,112.4925,102.44458333333334,108.3175,111.18583333333333,104.74166666666667,107.43833333333333,109.44833333333334
2023-09-09 00:00:00+00:00,91.6175,101.55791666666666,92.18124999999999,92.81416666666667,108.14583333333333,100.56458333333335,91.8875,89.62541666666668
2023-09-10 00:00:00+00:00,84.97291666666666,108.06875000000001,78.51625,83.80875,86.0625,101.90166666666666,83.10708333333334,85.09291666666667
2023-09-11 00:00:00+00:00,153.245,127.13499999999999,115.93166666666667,145.76708333333332,131.145,116.62875000000001,133.10125,148.435
2023-09-12 00:00:00+00:00,131.23958333333334,126.61,108.57125,129.07833333333335,127.6025,115.97708333333333,119.95833333333333,127.82208333333334
2023-09-13 00:00:00+00:00,109.30458333333333,127.24291666666666,104.93291666666666,110.96041666666667,115.9225,107.54291666666666,103.66125,104.13708333333334
2023-09-14 00:00:00+00:00,120.74541666666666,128.86625,101.28708333333333,118.73958333333333,121.51083333333332,108.11375,108.42625,116.82083333333333
2023-09-15 00:00:00+00:00,107.8675,128.67958333333334,95.46249999999999,107.58333333333333,117.6225,115.80291666666666,100.46333333333332,106.29791666666667
2023-09-16 00:00:00+00:00,96.20375,119.41041666666666,80.92041666666667,94.08208333333333,97.24374999999999,98.03166666666668,90.07208333333334,95.88541666666667
2023-09-17 00:00:00+00:00,86.28625,108.97166666666668,70.595,83.73458333333333,94.53375,61.64666666666667,82.11999999999999,87.64583333333333
2023-09-18 00:00:00+00:00,87.7425,123.17375,74.01,87.91416666666667,103.76083333333334,109.375,74.34083333333334,79.25416666666666
2023-09-19 00:00:00+00:00,37.47625,124.49583333333334,40.58083333333334,68.68583333333333,107.15708333333333,108.06083333333333,39.10375,37.23125
2023-09-20 00:00:00+00:00,55.67083333333334,126.70583333333333,44.397083333333335,80.68875,113.235,91.42916666666667,46.80041666666667,51.61625
2023-09-21 00:00:00+00:00,104.16041666666666,117.97041666666667,85.82625,104.83833333333332,99.67583333333333,93.86708333333333,94.29708333333333,103.67791666666666
2023-09-22 00:00:00+00:00,105.43666666666667,123.57208333333334,86.96125,104.83166666666666,107.78958333333333,103.35583333333334,97.88708333333334,104.85041666666666
2023-09-23 00:00:00+00:00,98.49791666666665,115.78708333333333,96.78333333333335,99.55416666666667,110.70791666666666,110.78041666666667,97.85791666666667,98.80791666666666
2023-09-24 00:00:00+00:00,62.92666666666667,95.22333333333334,45.27583333333333,62.33958333333334,102.82916666666667,82.21333333333332,52.385,60.120000000000005
2023-09-25 00:00:00+00:00,113.20041666666667,115.03750000000001,94.38833333333334,110.86208333333333,129.89041666666665,118.63166666666666,105.84666666666668,111.27208333333333
2023-09-26 00:00:00+00:00,128.155,124.93166666666667,112.71625,123.53958333333333,120.81708333333334,123.56916666666666,118.68,125.09583333333335
2023-09-27 00:00:00+00:00,123.01875,128.33124999999998,101.105,120.23416666666667,118.64166666666667,114.3525,109.95666666666666,118.34166666666665
2023-09-28 00:00:00+00:00,113.93708333333335,114.05958333333332,94.84458333333333,112.80708333333332,110.50124999999998,114.00333333333333,101.04375,109.68374999999999
2023-09-29 00:00:00+00:00,104.16624999999999,130.97333333333333,94.13333333333333,103.92833333333334,108.23375,119.62625000000001,95.71375,99.24791666666668
2023-09-30 00:00:00+00:00,92.21249999999999,111.07416666666666,89.10666666666667,92.05333333333334,99.2975,104.74083333333334,90.10916666666667,91.96791666666667
2023-10-01 00:00:00+00:00,73.6775,93.56416666666667,67.82375,73.21625,87.08583333333333,95.50916666666667,69.62416666666667,72.80458333333333
2023-10-02 00:00:00+00:00,118.32208333333334,121.985,109.13708333333334,117.8825,119.30916666666667,115.36125,114.30624999999999,117.66041666666666
2023-10-03 00:00:00+00:00,16.293333333333333,134.00666666666666,47.35458333333333,77.38041666666668,54.36625,103.28625,35.912083333333335,64.12916666666668
2023-10-04 00:00:00+00:00,74.79083333333334,117.0625,78.12541666666667,82.74625,67.50333333333333,103.78916666666667,75.845,76.52666666666667
2023-10-05 00:00:00+00:00,102.14125,114.62375000000002,93.44208333333334,106.05416666666667,90.9175,105.19666666666666,96.5225,100.98791666666666
2023-10-06 00:00:00+00:00,64.42791666666666,130.40208333333334,80.37583333333333,93.51458333333333,87.19375000000001,105.27791666666667,76.11958333333334,72.75083333333333
2023-10-07 00:00:00+00:00,50.83958333333334,113.995,53.370416666666664,60.9725,42.23875,99.625,52.80583333333333,53.194583333333334
2023-10-08 00:00:00+00:00,92.19333333333333,100.90458333333333,89.09875,90.06458333333335,75.34833333333334,104.63583333333332,90.68958333333335,92.60208333333333
2023-10-09 00:00:00+00:00,117.09583333333335,129.12833333333333,115.4775,119.22375,133.23416666666665,121.145,115.2275,115.06416666666667
2023-10-10 00:00:00+00:00,107.58166666666666,141.16791666666668,101.79291666666666,123.35708333333334,125.9225,125.73625,101.1075,102.01416666666667
2023-10-11 00:00:00+00:00,62.79291666666666,150.21833333333333,82.82333333333334,101.20458333333333,80.205,123.74000000000001,79.55125,71.39916666666666
2023-10-12 00:00:00+00:00,125.94791666666667,147.76624999999999,126.88583333333334,125.87666666666667,119.46083333333333,121.58291666666668,127.65291666666667,130.68083333333334
2023-10-13 00:00:00+00:00,58.36666666666667,155.90541666666667,59.70458333333334,109.74041666666666,88.00541666666668,119.52541666666667,58.37583333333333,60.681666666666665
2023-10-14 00:00:00+00:00,27.51125,152.44208333333333,43.593333333333334,83.73958333333333,27.584166666666665,135.11291666666668,41.75,43.89791666666667
2023-10-15 00:00:00+00:00,47.076249999999995,145.90375,58.919999999999995,68.85625,24.274166666666662,132.11458333333334,63.20666666666667,66.76541666666667
2023-10-16 00:00:00+00:00,135.40583333333333,174.99,134.94875,135.3675,122.02541666666667,139.56166666666667,137.99041666666668,141.88708333333332
2023-10-17 00:00:00+00:00,127.5,160.18041666666667,106.80375,135.12333333333333,134.24583333333334,102.30208333333333,111.5025,119.52708333333334
2023-10-18 00:00:00+00:00,92.72375,151.7125,57.9725,107.80416666666667,113.80291666666666,57.73499999999999,61.3225,74.1475
2023-10-19 00:00:00+00:00,97.57291666666667,151.35291666666666,85.93041666666666,111.295,108.37083333333334,68.43875,92.82625,96.84583333333335
2023-10-20 00:00:00+00:00,85.11541666666666,140.06333333333333,84.48875,97.29708333333333,81.4875,25.12,85.42750000000001,90.16833333333334
2023-10-21 00:00:00+00:00,53.459583333333335,136.43625,42.03958333333333,59.236250000000005,91.24666666666667,67.68541666666667,47.33708333333333,50.89833333333333
2023-10-22 00:00:00+00:00,69.35583333333334,127.23166666666667,68.51333333333334,71.15541666666667,98.02208333333333,85.30041666666666,70.3325,72.05624999999999
2023-10-23 00:00:00+00:00,124.98333333333333,145.23083333333332,115.81374999999998,126.13625,129.42333333333332,126.07166666666666,121.05291666666666,123.38708333333334
2023-10-24 00:00:00+00:00,117.78125,138.23375000000001,115.69958333333334,121.62875000000001,125.30541666666666,99.33875,115.90958333333333,115.09291666666667
2023-10-25 00:00:00+00:00,123.71249999999999,135.37958333333333,107.97291666666666,122.66125,125.01791666666666,66.89416666666666,119.68,124.46958333333333
2023-10-26 00:00:00+00:00,122.28291666666667,143.28958333333333,119.76041666666667,122.37041666666666,128.13083333333333,49.39333333333334,121.48375,123.69208333333334
2023-10-27 00:00:00+00:00,116.32166666666666,126.12708333333332,98.77625,115.9275,129.85458333333335,26.5725,114.10708333333334,116.73
2023-10-28 00:00:00+00:00,77.6075,105.0125,43.74375,77.22958333333334,108.20291666666667,5.867083333333333,53.09166666666667,65.60791666666667
2023-10-29 00:00:00+00:00,23.697916666666668,111.63375,16.360833333333332,32.41958333333333,44.365,12.854166666666666,19.67291666666667,25.767083333333332
2023-10-30 00:00:00+00:00,96.13833333333334,119.14999999999999,95.46458333333334,99.84791666666666,96.34666666666668,37.229166666666664,96.07625,97.2975
2023-10-31 00:00:00+00:00,104.08833333333332,121.43041666666666,107.84708333333333,105.91458333333333,98.19,103.05583333333334,109.89541666666666,117.12041666666666
2023-11-01 00:00:00+00:00,61.05625,71.66875,36.71875,59.82583333333333,64.42999999999999,4.006666666666667,47.562083333333334,58.57083333333333
2023-11-02 00:00:00+00:00,59.51458333333333,108.20791666666666,57.29333333333333,67.33416666666666,67.39833333333333,4.3675,59.03583333333333,67.53875
2023-11-03 00:00:00+00:00,57.84583333333333,80.67125,58.37833333333333,60.10208333333333,81.54416666666667,5.807916666666666,58.684583333333336,60.45291666666666
2023-11-04 00:00:00+00:00,23.273750000000003,76.02708333333334,23.011666666666667,24.037499999999998,51.80458333333333,1.3370833333333332,24.178749999999997,27.965833333333336
2023-11-05 00:00:00+00:00,29.66333333333333,65.62833333333333,19.85125,30.475416666666664,46.92958333333333,5.608750000000001,25.687083333333334,40.08541666666667
2023-11-06 00:00:00+00:00,75.21416666666667,103.60624999999999,76.81166666666667,79.29291666666667,66.58541666666666,57.98291666666666,77.08208333333333,79.49
2023-11-07 00:00:00+00:00,99.39999999999999,123.52583333333332,101.75625000000001,103.66875,96.8725,98.35291666666666,102.01458333333333,102.50125000000001
2023-11-08 00:00:00+00:00,89.77916666666665,129.46625,91.88916666666667,92.06083333333333,93.68083333333334,90.76583333333333,91.87208333333332,94.08208333333334
2023-11-09 00:00:00+00:00,96.89166666666667,134.80249999999998,97.79958333333333,97.5075,92.48541666666667,70.69625,99.08791666666667,102.45291666666667
2023-11-10 00:00:00+00:00,95.01541666666667,125.97791666666666,94.42291666666667,99.89083333333333,96.86958333333332,52.46666666666667,95.17833333333334,96.62791666666668
2023-11-11 00:00:00+00:00,96.88666666666667,118.96916666666665,96.89375,96.8675,96.28916666666667,8.116666666666667,96.89166666666667,96.88916666666667
2023-11-12 00:00:00+00:00,98.06375000000001,122.82083333333333,84.50458333333333,96.09458333333333,97.22333333333334,22.497083333333332,96.13833333333334,98.57333333333334
2023-11-13 00:00:00+00:00,91.51125,126.81208333333335,72.89833333333333,103.27625,112.86708333333333,52.35666666666666,81.13708333333334,90.02999999999999
2023-11-14 00:00:00+00:00,68.4675,125.99791666666665,68.48708333333333,75.72833333333334,89.16666666666667,68.745,69.26,72.11
2023-11-15 00:00:00+00:00,102.58958333333334,119.86166666666666,94.13041666666668,102.01166666666667,101.87291666666665,94.90125,96.71083333333333,100.22083333333335
2023-11-16 00:00:00+00:00,118.49000000000001,136.02625,106.12083333333334,116.80833333333334,120.51583333333333,102.70833333333333,116.79875,121.70541666666666
2023-11-17 00:00:00+00:00,121.53083333333332,129.685,121.25875,121.38708333333334,122.41083333333334,118.19041666666668,121.51416666666667,121.77083333333333
2023-11-18 00:00:00+00:00,87.58708333333334,127.76583333333333,81.70125,89.61166666666666,105.46708333333333,87.69166666666666,84.09333333333333,86.77875
2023-11-19 00:00:00+00:00,40.24458333333333,122.09208333333333,38.797916666666666,42.911249999999995,83.5275,71.70708333333333,39.33,40.23625
2023-11-20 00:00:00+00:00,107.52,134.19291666666666,100.8725,107.47250000000001,116.16375,92.19083333333333,105.22083333333335,107.05583333333334
2023-11-21 00:00:00+00:00,123.10041666666666,128.51916666666668,118.56291666666668,122.6275,124.50333333333333,40.56,120.3625,122.21750000000002
2023-11-22 00:00:00+00:00,108.31166666666667,134.96583333333334,108.22708333333333,107.42,118.73625,29.697916666666668,110.21833333333332,110.645
2023-11-23 00:00:00+00:00,58.9975,132.9375,80.82916666666667,83.31750000000001,71.88833333333334,52.72291666666666,86.68083333333334,88.48083333333334
2023-11-24 00:00:00+00:00,67.0625,132.6625,75.93958333333333,80.84416666666667,83.67625,67.72,77.56375,86.01416666666667
2023-11-25 00:00:00+00:00,95.97291666666666,126.75958333333334,97.39,94.7475,98.56916666666666,89.2575,97.32375,97.99541666666666
2023-11-26 00:00:00+00:00,115.8575,135.35999999999999,117.27791666666667,106.13375,104.08416666666666,117.02583333333332,116.81541666666668,116.66833333333334
2023-11-27 00:00:00+00:00,113.61375,136.69583333333333,115.45208333333333,116.88666666666666,125.1475,106.94166666666666,116.25625000000001,114.27416666666666
2023-11-28 00:00:00+00:00,122.80333333333334,136.90625,123.63708333333334,122.88333333333333,128.77833333333334,108.95708333333333,123.70833333333333,123.14125
2023-11-29 00:00:00+00:00,140.28791666666666,144.54791666666668,140.74583333333334,140.74666666666667,141.95583333333335,84.18458333333334,140.55208333333334,140.4425
2023-11-30 00:00:00+00:00,168.84625,168.84583333333333,168.88458333333332,167.33833333333334,151.58,99.56083333333333,168.90666666666667,168.9175
2023-12-01 00:00:00+00:00,156.32583333333335,150.39416666666668,155.62833333333333,155.00375,144.35125,96.19,155.93875,156.13750000000002
2023-12-02 00:00:00+00:00,116.53333333333335,117.1925,117.35416666666667,113.72791666666666,112.94333333333333,82.41833333333334,117.09458333333333,116.39999999999999
2023-12-03 00:00:00+00:00,104.11666666666667,114.50583333333333,104.66041666666666,103.65958333333333,100.7525,78.27416666666666,104.39916666666666,104.21583333333332
2023-12-04 00:00:00+00:00,111.6325,136.07958333333332,111.83916666666666,117.3525,123.1975,78.60541666666667,111.545,111.42208333333333
2023-12-05 00:00:00+00:00,114.56416666666667,132.82125,113.79708333333333,122.91541666666666,123.77041666666666,113.3075,114.0175,114.47000000000001
2023-12-06 00:00:00+00:00,129.71666666666667,131.82833333333335,128.79999999999998,129.58,125.41083333333334,105.96625,128.355,126.77791666666667
2023-12-07 00:00:00+00:00,116.09750000000001,122.08875,104.58,116.46375,125.89166666666667,82.69583333333334,105.96708333333333,103.31833333333333
2023-12-08 00:00:00+00:00,104.00916666666666,119.33708333333334,102.61333333333334,106.16083333333334,116.8775,21.907916666666665,103.14208333333333,103.84708333333333
2023-12-09 00:00:00+00:00,75.86,118.3225,73.25500000000001,86.71750000000002,109.27416666666666,35.16125,74.33708333333333,76.26416666666667
2023-12-10 00:00:00+00:00,55.90375,102.53125,45.38833333333333,62.80791666666667,82.14458333333333,38.87625,49.61833333333333,55.48583333333334
2023-12-11 00:00:00+00:00,81.28666666666668,120.15375,82.27916666666667,93.7525,106.81541666666668,75.92083333333333,81.3725,81.27083333333333
2023-12-12 00:00:00+00:00,105.53333333333335,119.40333333333332,87.71708333333333,108.8275,127.44916666666667,68.89458333333333,93.61,102.2725
2023-12-13 00:00:00+00:00,93.12333333333333,110.63416666666666,91.0,98.88375,117.51291666666667,57.49666666666667,91.58416666666666,92.2025
2023-12-14 00:00:00+00:00,107.49000000000001,119.17750000000001,94.54333333333334,106.2575,109.02125000000001,68.55208333333333,98.79416666666667,100.8525
2023-12-15 00:00:00+00:00,92.44666666666666,106.39833333333333,92.51041666666667,93.91416666666667,99.52833333333332,74.07041666666667,92.47083333333335,92.485
2023-12-16 00:00:00+00:00,69.78416666666666,90.85666666666667,73.58291666666666,71.4175,70.81333333333333,80.30125,73.17458333333333,74.64791666666666
2023-12-17 00:00:00+00:00,51.03208333333333,105.61583333333334,58.986250000000005,57.47833333333333,48.47541666666667,75.80458333333333,56.168749999999996,54.434583333333336
2023-12-18 00:00:00+00:00,77.74041666666666,107.53541666666666,83.27666666666666,82.51041666666667,75.37458333333333,98.42791666666666,81.12666666666667,78.91083333333334
2023-12-19 00:00:00+00:00,76.72958333333334,106.83999999999999,80.08749999999999,81.16208333333333,75.53916666666667,85.16583333333334,78.75041666666667,77.98416666666667
2023-12-20 00:00:00+00:00,60.85125,119.57416666666667,66.21833333333333,68.89958333333333,75.03833333333334,59.72083333333333,66.765,71.30708333333332
2023-12-21 00:00:00+00:00,24.02416666666667,103.96375,36.10875,52.598749999999995,69.32625,53.23291666666666,36.28875,55.07875000000001
2023-12-22 00:00:00+00:00,22.657083333333333,102.92458333333333,27.618750000000002,29.722083333333334,39.2875,51.77125,28.976666666666663,39.53625
2023-12-23 00:00:00+00:00,30.741666666666664,102.70291666666667,18.830833333333334,29.557083333333335,31.9875,47.77791666666667,23.945833333333336,29.739166666666666
2023-12-24 00:00:00+00:00,-3.5366666666666666,116.76833333333333,0.5970833333333333,3.7358333333333333,34.07333333333333,69.27416666666666,-0.15708333333333335,3.2529166666666662
2023-12-25 00:00:00+00:00,0.5729166666666666,116.06124999999999,0.39291666666666664,1.6079166666666669,1.179166666666667,63.85083333333333,1.7983333333333336,8.192916666666667
2023-12-26 00:00:00+00:00,18.345000000000002,117.41708333333334,29.58791666666667,21.530833333333334,12.194583333333334,92.82375,33.20916666666667,50.73541666666667
2023-12-27 00:00:00+00:00,59.07458333333333,133.45666666666668,55.312916666666666,58.059583333333336,67.18625,80.27916666666667,56.715,60.209583333333335
2023-12-28 00:00:00+00:00,16.670833333333334,99.09125,21.900000000000002,26.881249999999998,45.94833333333333,98.46208333333334,21.614166666666666,28.082916666666666
2023-12-29 00:00:00+00:00,6.605,121.77958333333333,15.902500000000002,12.714583333333335,19.100416666666664,102.84375,18.55375,34.92041666666667
2023-12-30 00:00:00+00:00,35.279999999999994,111.29086956521739,35.950434782608696,36.202173913043474,36.25086956521739,67.62695652173913,38.77347826086957,47.21565217391304
2023-12-31 00:00:00+00:00,8.384583333333333,112.05208333333333,8.671666666666667,13.83,55.437916666666666,31.93625,9.575000000000001,13.232916666666668
2024-01-01 00:00:00+00:00,17.452083333333334,105.64791666666667,13.944583333333334,18.83458333333333,77.7,35.17875,16.087500000000002,20.166666666666668
2024-01-02 00:00:00+00:00,51.79541666666666,106.33958333333334,35.42916666666667,54.44958333333333,89.06375000000001,39.61625,45.815,61.818333333333335
2024-01-03 00:00:00+00:00,47.60583333333333,94.13708333333334,48.44416666666667,52.17583333333334,84.52,58.56708333333333,49.465833333333336,53.83375
2024-01-04 00:00:00+00:00,86.60916666666667,92.09875,80.17875,82.175,94.05708333333332,91.17833333333333,83.50791666666667,85.88333333333333
2024-01-05 00:00:00+00:00,91.21083333333333,104.56041666666665,90.37875000000001,93.98916666666666,107.0,67.21625,90.64958333333334,91.05916666666667
2024-01-06 00:00:00+00:00,88.80083333333333,100.70833333333333,87.62041666666666,88.67416666666666,94.39333333333333,45.28583333333333,88.1125,88.72083333333335
2024-01-07 00:00:00+00:00,86.44916666666667,96.72666666666667,86.44541666666667,86.24166666666667,93.80166666666666,76.11874999999999,86.44875,86.44833333333334
2024-01-08 00:00:00+00:00,102.27708333333334,108.10916666666667,102.18666666666667,101.46583333333332,123.42958333333333,106.00708333333334,102.15333333333332,99.335
2024-01-09 00:00:00+00:00,109.44166666666666,109.16958333333334,106.56458333333335,108.79208333333332,122.22625,113.55416666666667,104.91958333333334,96.65666666666668
2024-01-10 00:00:00+00:00,111.94166666666666,112.99958333333332,109.88499999999999,111.83666666666666,115.92916666666667,100.855,108.73,102.74874999999999
2024-01-11 00:00:00+00:00,109.61833333333334,108.745,106.67333333333333,109.17083333333333,109.48916666666666,96.85541666666667,107.40041666666667,107.28041666666667
2024-01-12 00:00:00+00:00,106.00125000000001,110.09208333333333,106.57291666666667,106.87208333333332,109.01916666666666,97.60000000000001,106.45458333333333,103.50416666666666
2024-01-13 00:00:00+00:00,73.48541666666667,99.65791666666667,87.35583333333334,80.85875,87.29083333333334,87.18791666666668,94.31,83.80875
2024-01-14 00:00:00+00:00,76.31583333333333,103.45791666666668,81.77125,77.77,76.93625,74.77541666666667,84.55499999999999,79.70916666666666
2024-01-15 00:00:00+00:00,87.06124999999999,101.10416666666667,89.26916666666666,89.185,89.49333333333334,87.93,90.40041666666667,84.53750000000001
2024-01-16 00:00:00+00:00,100.72791666666666,107.96416666666666,102.47541666666666,105.98916666666668,123.17791666666666,87.305,102.65291666666667,97.37458333333335
2024-01-17 00:00:00+00:00,100.01166666666667,101.88041666666668,85.17583333333333,99.87916666666666,110.29333333333334,26.29125,93.49291666666666,98.06416666666667
2024-01-18 00:00:00+00:00,92.28833333333334,98.71791666666667,85.90791666666667,94.9825,108.83666666666666,49.701249999999995,88.43333333333334,88.02666666666666
2024-01-19 00:00:00+00:00,78.31875000000001,93.68166666666667,82.3,80.955,97.09458333333333,70.94583333333334,84.34916666666666,76.63250000000001
2024-01-20 00:00:00+00:00,73.69666666666667,89.19083333333333,77.45875,75.12583333333333,79.79583333333333,80.33083333333333,79.74208333333333,73.18541666666667
2024-01-21 00:00:00+00:00,49.001666666666665,84.51166666666667,56.88999999999999,61.34458333333333,73.7725,63.48208333333333,59.2875,55.692083333333336
2024-01-22 00:00:00+00:00,48.98583333333334,101.76208333333334,56.61875,74.89208333333333,69.33583333333333,68.50416666666666,56.382083333333334,61.61208333333334
2024-01-23 00:00:00+00:00,51.73541666666667,90.8,56.57916666666667,72.88291666666667,72.0725,79.05666666666666,56.71875,58.2075
2024-01-24 00:00:00+00:00,34.843333333333334,96.5425,50.48208333333333,66.65458333333333,72.7975,82.54708333333333,53.75541666666667,55.57416666666666
2024-01-25 00:00:00+00:00,78.78541666666666,95.90041666666667,73.325,79.115,79.15083333333332,76.73,78.42625,83.69291666666668
2024-01-26 00:00:00+00:00,58.92124999999999,101.76666666666667,65.915,73.44416666666667,109.64791666666667,72.63125000000001,67.96541666666667,71.81708333333333
2024-01-27 00:00:00+00:00,68.81833333333334,91.12958333333334,68.505,68.99249999999999,76.36791666666666,65.94250000000001,69.49916666666667,72.28750000000001
2024-01-28 00:00:00+00:00,58.57833333333334,76.66875,52.49416666666667,63.20708333333334,89.07625,51.637499999999996,54.93666666666667,58.17208333333334
2024-01-29 00:00:00+00:00,81.94833333333334,95.53666666666668,77.31,81.95541666666666,88.9775,78.88291666666667,79.35458333333334,81.20333333333333
2024-01-30 00:00:00+00:00,77.95833333333333,99.375,78.12083333333334,79.58624999999999,89.16208333333333,81.37416666666667,78.65541666666667,79.76541666666667
2024-01-31 00:00:00+00:00,74.97666666666667,100.02833333333332,74.28,82.83916666666667,83.83875,84.05041666666666,74.76041666666667,74.45375
2024-02-01 00:00:00+00:00,72.75291666666666,100.0225,75.68083333333333,83.755,68.8725,70.69625,75.31416666666667,76.05666666666666
2024-02-02 00:00:00+00:00,60.01416666666666,105.99291666666666,66.13833333333334,74.42416666666666,72.74958333333333,65.04625,67.60208333333334,69.89
2024-02-03 00:00:00+00:00,36.41041666666667,88.90125,46.09625,55.95875,58.29541666666666,60.748333333333335,47.79125,49.219166666666666
2024-02-04 00:00:00+00:00,13.306666666666667,81.59791666666666,26.754166666666666,38.30916666666666,33.89041666666667,63.30916666666667,28.234583333333333,28.21166666666667
2024-02-05 00:00:00+00:00,37.30083333333334,94.99541666666666,54.57333333333333,54.01458333333333,68.93666666666667,81.035,61.4075,50.0625
2024-02-06 00:00:00+00:00,45.54833333333334,96.96499999999999,53.67583333333334,59.28375,70.59541666666667,72.66125,54.919999999999995,58.38958333333333
2024-02-07 00:00:00+00:00,80.515,106.53500000000001,58.88583333333333,78.61708333333333,81.65291666666667,50.317499999999995,73.75125,82.53625
2024-02-08 00:00:00+00:00,88.14291666666666,94.8575,49.51416666666666,86.79541666666667,103.33583333333333,37.63875,70.06458333333333,82.18875
2024-02-09 00:00:00+00:00,70.62916666666666,92.88083333333333,50.66833333333333,72.88166666666667,91.16875,40.37375,58.375,67.07000000000001
2024-02-10 00:00:00+00:00,71.81,81.59166666666667,71.84333333333333,71.73541666666667,82.77041666666666,9.812916666666666,72.63375,74.45708333333333
2024-02-11 00:00:00+00:00,62.331250000000004,69.33083333333333,57.63791666666666,61.814166666666665,68.52208333333333,45.00541666666666,63.182916666666664,66.96416666666666
2024-02-12 00:00:00+00:00,74.92833333333333,94.17041666666667,73.60166666666667,75.62166666666667,87.00083333333333,46.46416666666667,74.13250000000001,74.77125
2024-02-13 00:00:00+00:00,71.89625,88.47500000000001,70.68416666666667,73.87666666666667,92.65666666666665,63.0,71.17,71.75791666666667
2024-02-14 00:00:00+00:00,68.20916666666666,89.97708333333333,65.05125,70.095,93.92583333333333,59.147083333333335,66.33875,67.85666666666667
2024-02-15 00:00:00+00:00,70.08666666666666,91.83583333333333,56.49791666666667,71.05041666666666,85.4575,51.272083333333335,62.09958333333333,68.39541666666666
2024-02-16 00:00:00+00:00,61.291666666666664,90.22916666666667,61.093333333333334,62.285,74.39874999999999,54.03583333333333,61.97833333333333,64.73916666666666
2024-02-17 00:00:00+00:00,66.865,87.23625,62.102916666666665,66.51625,70.56583333333333,49.2425,64.92333333333333,70.78875000000001
2024-02-18 00:00:00+00:00,52.418749999999996,83.54458333333334,46.74166666666667,51.85458333333333,66.95291666666667,46.36958333333333,49.55166666666667,55.11333333333334
2024-02-19 00:00:00+00:00,65.87458333333333,90.33875,61.86375,67.32833333333333,75.53375,45.537083333333335,64.19041666666666,66.00458333333333
2024-02-20 00:00:00+00:00,62.91458333333333,84.33291666666666,62.12375,65.25291666666666,74.62041666666667,53.24208333333333,63.04208333333333,61.89291666666667
2024-02-21 00:00:00+00:00,56.72458333333333,83.35333333333334,54.217083333333335,60.41708333333333,78.54125,44.044999999999995,55.18375,56.34791666666666
2024-02-22 00:00:00+00:00,50.03333333333333,88.21958333333333,39.74875,52.544999999999995,71.66,10.160416666666666,44.66166666666666,52.412083333333335
2024-02-23 00:00:00+00:00,46.122083333333336,79.615,48.00791666666667,55.51916666666667,63.13083333333333,6.625833333333333,47.01625000000001,46.361250000000005
2024-02-24 00:00:00+00:00,56.785833333333336,74.28125,56.14833333333333,56.70041666666666,67.59583333333333,6.812083333333334,57.165416666666665,57.7175
2024-02-25 00:00:00+00:00,61.14625,71.67708333333333,58.79791666666667,60.678333333333335,64.60791666666667,3.014583333333334,61.102916666666665,62.418749999999996
2024-02-26 00:00:00+00:00,66.25958333333334,81.82875,65.83416666666666,66.57916666666667,87.55541666666666,3.7916666666666665,65.94541666666667,66.17166666666667
2024-02-27 00:00:00+00:00,73.95041666666667,85.21083333333333,68.64583333333333,73.49291666666666,85.67458333333333,3.6808333333333336,70.30208333333333,71.6275
2024-02-28 00:00:00+00:00,71.6025,85.22916666666667,66.71166666666666,73.37916666666666,84.92041666666667,9.824166666666665,68.32708333333333,69.59666666666666
2024-02-29 00:00:00+00:00,63.4925,85.79916666666666,63.84583333333333,66.41708333333334,77.55208333333333,4.275833333333334,64.05875,64.39791666666666
2024-03-01 00:00:00+00:00,70.92625,94.61333333333333,67.12625,71.06958333333334,72.29708333333333,2.1816666666666666,70.83166666666666,69.59375
2024-03-02 00:00:00+00:00,63.99166666666667,84.22166666666666,66.03333333333333,64.56166666666667,77.05083333333333,4.10625,66.72,64.83208333333333
2024-03-03 00:00:00+00:00,61.08166666666667,73.88333333333334,63.74375,61.97666666666667,63.75833333333333,3.964166666666667,67.19041666666666,65.8025
2024-03-04 00:00:00+00:00,75.58916666666667,89.36125,74.48583333333333,75.97,78.34416666666667,8.010416666666666,76.10958333333333,75.61208333333333
2024-03-05 00:00:00+00:00,74.97791666666667,89.15541666666667,76.79458333333334,75.99958333333333,79.49916666666667,36.10458333333333,76.88291666666667,72.76833333333333
2024-03-06 00:00:00+00:00,82.93208333333332,93.85708333333334,81.76166666666667,83.01875,85.27666666666666,43.596666666666664,82.16875,82.67708333333333
2024-03-07 00:00:00+00:00,76.12083333333334,95.90125,73.04958333333333,77.16458333333334,85.14708333333333,8.0675,75.96875,76.23708333333333
2024-03-08 00:00:00+00:00,61.83375,99.21791666666667,65.08125,71.28875000000001,86.565,1.5325,64.81125,54.26
2024-03-09 00:00:00+00:00,45.28125,91.08041666666666,48.77458333333333,48.71041666666667,66.56708333333334,0.5904166666666667,50.465833333333336,39.555416666666666
2024-03-10 00:00:00+00:00,34.00833333333333,78.96833333333333,54.155833333333334,39.02,38.78916666666667,0.54125,66.4725,37.14833333333333
2024-03-11 00:00:00+00:00,72.51791666666666,96.62791666666668,72.64999999999999,72.50083333333333,71.02958333333333,16.086666666666666,74.08166666666666,76.60833333333333
2024-03-12 00:00:00+00:00,86.25166666666667,88.33416666666666,71.75416666666666,83.45458333333333,87.235,43.11958333333334,77.54083333333334,76.38125000000001
2024-03-13 00:00:00+00:00,72.42958333333333,91.68,61.98375000000001,73.39625,86.79124999999999,41.62208333333333,66.52958333333333,68.11749999999999
2024-03-14 00:00:00+00:00,66.44083333333333,95.39125,58.03916666666667,69.59625,82.80041666666666,35.885416666666664,58.73666666666667,61.68083333333333
2024-03-15 00:00:00+00:00,55.72208333333333,89.78875,42.63916666666667,60.02375,69.53,38.15791666666667,47.03,52.75875
2024-03-16 00:00:00+00:00,51.23083333333333,80.36166666666666,52.455000000000005,54.875,70.55916666666667,31.18958333333333,52.53666666666667,54.79291666666666
2024-03-17 00:00:00+00:00,61.778333333333336,75.26833333333333,46.70541666666667,58.9975,61.510416666666664,29.264166666666664,56.51958333333334,61.10958333333334
2024-03-18 00:00:00+00:00,81.57875,93.2275,66.75083333333333,81.86625,93.80291666666666,61.54458333333333,72.12625,77.91333333333334
2024-03-19 00:00:00+00:00,81.735,93.68,68.71958333333333,81.765,89.80916666666667,65.04041666666667,73.29208333333334,77.8725
2024-03-20 00:00:00+00:00,91.35000000000001,100.7325,59.27875,85.45291666666667,95.04541666666667,55.48583333333334,81.6825,89.47625
2024-03-21 00:00:00+00:00,80.56333333333333,95.59666666666668,52.97291666666666,78.74541666666667,88.88666666666667,35.487500000000004,67.89541666666666,77.19375000000001
2024-03-22 00:00:00+00:00,69.43375,94.87791666666668,35.01166666666666,66.74083333333333,83.02333333333333,21.495833333333334,55.697916666666664,67.27458333333333
2024-03-23 00:00:00+00:00,35.675000000000004,80.76041666666667,9.309583333333334,37.22833333333333,77.60083333333334,1.87875,19.31125,30.947916666666668
2024-03-24 00:00:00+00:00,27.14125,57.95666666666667,18.445416666666667,28.784166666666664,68.69041666666666,8.143333333333333,22.0975,25.462083333333336
2024-03-25 00:00:00+00:00,85.28166666666667,98.54833333333333,45.715833333333336,83.87666666666667,96.68916666666667,22.420416666666668,70.87666666666667,80.82041666666667
2024-03-26 00:00:00+00:00,65.24666666666667,99.15625,48.35958333333334,64.10375,68.76833333333333,2.3595833333333336,61.776250000000005,66.31750000000001
2024-03-27 00:00:00+00:00,77.16083333333334,98.78166666666668,49.13458333333333,65.16083333333333,70.73291666666667,0.6383333333333333,65.48666666666666,74.49958333333333
2024-03-28 00:00:00+00:00,48.91208333333333,93.05083333333333,16.925416666666667,46.3375,70.20875,0.7266666666666667,29.13875,43.059583333333336
2024-03-29 00:00:00+00:00,39.791666666666664,92.85583333333334,36.720416666666665,38.885416666666664,66.15166666666666,4.410833333333334,39.82125,46.07458333333333
2024-03-30 00:00:00+00:00,53.51583333333334,78.49791666666667,51.653333333333336,47.437083333333334,58.60583333333333,4.2075000000000005,56.97625,63.115833333333335
2024-03-31 00:00:00+00:00,54.102916666666665,87.25166666666667,23.38208333333333,22.607083333333335,45.382083333333334,0.6945833333333334,48.28375,54.709583333333335
2024-04-01 00:00:00+00:00,32.147083333333335,67.27125,14.957916666666668,23.43375,55.6275,3.0191666666666666,25.40416666666667,42.066250000000004
2024-04-02 00:00:00+00:00,39.0475,79.85625,19.70625,37.864583333333336,72.73458333333333,9.77125,30.647916666666664,44.229166666666664
2024-04-03 00:00:00+00:00,85.73333333333333,95.33291666666666,12.954583333333334,74.79791666666667,87.95958333333334,8.952083333333333,51.173750000000005,75.23291666666667
2024-04-04 00:00:00+00:00,65.16250000000001,78.86583333333333,10.187083333333334,61.675000000000004,96.5025,3.9104166666666664,28.92125,59.592083333333335
2024-04-05 00:00:00+00:00,45.184583333333336,79.52791666666667,5.500416666666666,49.875,78.07041666666667,0.40125000000000005,23.31958333333333,40.5575
2024-04-06 00:00:00+00:00,26.53125,71.65541666666667,-0.8866666666666666,28.190416666666668,73.40416666666667,0.7908333333333334,8.0625,12.514166666666668
2024-04-07 00:00:00+00:00,26.196250000000003,59.46583333333333,4.3566666666666665,24.357916666666668,55.595,4.0562499999999995,16.8325,16.881666666666668
2024-04-08 00:00:00+00:00,85.12958333333333,78.50291666666666,4.689166666666667,59.51500000000001,89.76916666666666,0.4658333333333333,76.28375,83.66833333333334
2024-04-09 00:00:00+00:00,53.04416666666666,78.77958333333333,2.845416666666667,49.83375,74.61125,1.6004166666666666,34.0425,48.07333333333333
2024-04-10 00:00:00+00:00,74.53958333333334,91.85041666666666,37.7925,68.15875,88.22833333333334,4.178333333333334,55.446666666666665,56.449999999999996
2024-04-11 00:00:00+00:00,59.12166666666667,78.18458333333334,17.792916666666667,55.17250000000001,71.8525,13.4825,56.92124999999999,70.05791666666667
2024-04-12 00:00:00+00:00,59.36083333333334,76.60041666666667,21.158333333333335,54.46958333333333,85.60166666666667,20.05666666666667,39.34916666666667,53.28916666666667
2024-04-13 00:00:00+00:00,9.318333333333333,68.72875,0.03458333333333374,11.761249999999999,64.09166666666667,7.7775,3.4195833333333336,7.106249999999999
2024-04-14 00:00:00+00:00,23.496666666666666,73.84916666666668,2.682916666666667,18.967916666666667,25.496666666666666,5.682916666666666,21.051666666666666,24.834999999999997
2024-04-15 00:00:00+00:00,63.4775,91.21375,3.56875,66.74583333333332,101.16041666666666,3.0625,33.4675,55.028333333333336
2024-04-16 00:00:00+00:00,63.15875,78.895,4.009166666666666,61.37083333333334,77.7925,1.6195833333333336,42.66375,58.85666666666666
2024-04-17 00:00:00+00:00,102.49083333333334,106.37916666666666,45.145,84.75333333333333,102.89999999999999,3.245833333333333,90.26666666666667,99.16583333333334
2024-04-18 00:00:00+00:00,94.105,109.03750000000001,54.48708333333334,90.94666666666667,99.26875,5.333333333333333,84.92625,90.98125
2024-04-19 00:00:00+00:00,57.99166666666667,91.75208333333335,17.675,64.17208333333333,99.60041666666666,15.574583333333335,42.0575,47.916666666666664
2024-04-20 00:00:00+00:00,59.665,90.33083333333333,9.787083333333333,56.84041666666667,86.57791666666667,4.48375,33.16583333333333,53.23208333333333
2024-04-21 00:00:00+00:00,55.34166666666667,78.46041666666666,19.168333333333333,51.195,81.25208333333333,2.11,33.687916666666666,48.74875
2024-04-22 00:00:00+00:00,99.27958333333333,111.90791666666667,62.31041666666667,95.94666666666666,102.72208333333333,2.0991666666666666,78.585,93.27333333333333
2024-04-23 00:00:00+00:00,97.12333333333333,105.92458333333333,82.75833333333334,97.97833333333334,101.92708333333333,7.07,89.71541666666667,95.46791666666667
2024-04-24 00:00:00+00:00,94.45958333333333,101.49708333333332,68.75208333333333,94.38,106.96499999999999,19.982083333333332,75.88833333333334,80.12708333333333
2024-04-25 00:00:00+00:00,90.22583333333334,98.72958333333334,78.73375,90.1025,96.02375,44.81041666666667,83.95625,88.31541666666668
2024-04-26 00:00:00+00:00,87.49916666666667,119.3,80.92083333333333,85.81458333333335,90.45708333333333,54.74166666666667,84.075,87.02875
2024-04-27 00:00:00+00:00,58.974583333333335,98.19208333333334,34.29708333333333,54.88833333333333,70.01875,25.334999999999997,48.51541666666666,59.36666666666667
2024-04-28 00:00:00+00:00,13.849166666666667,84.48125,13.601666666666667,11.172083333333333,33.660000000000004,29.882916666666663,12.230416666666665,13.522083333333333
2024-04-29 00:00:00+00:00,81.52125,88.76541666666667,61.58416666666667,76.28,85.18416666666667,58.62083333333334,71.79666666666667,76.96708333333333
2024-04-30 00:00:00+00:00,68.60541666666667,85.0775,56.32791666666666,62.840833333333336,71.25416666666666,50.87083333333334,65.23291666666667,70.14708333333333
2024-05-01 00:00:00+00:00,0.3687500000000001,87.92041666666667,12.084166666666667,3.6129166666666666,36.17791666666667,10.676666666666668,6.1937500000000005,24.153333333333332
2024-05-02 00:00:00+00:00,40.4,97.27916666666665,18.4975,36.28458333333334,50.4975,17.4575,35.75875,49.60708333333333
2024-05-03 00:00:00+00:00,80.2075,85.23791666666666,26.779583333333335,76.29583333333333,75.49791666666667,26.030833333333334,55.13458333333333,78.89
2024-05-04 00:00:00+00:00,75.01416666666667,77.45541666666666,30.67125,65.50916666666667,81.76958333333333,14.3275,57.79208333333333,73.62291666666667
2024-05-05 00:00:00+00:00,53.61666666666667,66.03333333333333,31.597916666666666,49.42666666666667,66.50916666666667,20.141666666666666,56.6175,59.062083333333334
2024-05-06 00:00:00+00:00,93.11291666666666,104.57,69.33541666666666,83.14375,94.58666666666666,49.46333333333333,89.52583333333332,93.605
2024-05-07 00:00:00+00:00,93.20041666666667,108.29083333333334,59.21625,90.38958333333333,96.42958333333333,37.49166666666667,79.99541666666667,87.76291666666667
2024-05-08 00:00:00+00:00,92.27541666666667,99.31083333333333,22.6525,83.44208333333334,93.56124999999999,22.07166666666667,75.74666666666667,91.78833333333334
2024-05-09 00:00:00+00:00,61.92041666666666,90.67666666666666,16.530416666666667,55.2525,87.56583333333333,34.19375,43.430416666666666,59.048750000000005
2024-05-10 00:00:00+00:00,76.56833333333334,83.44625,13.907083333333333,70.54458333333334,102.39958333333334,28.453333333333333,48.350833333333334,72.20333333333333
2024-05-11 00:00:00+00:00,50.694583333333334,76.03333333333333,9.3275,46.362500000000004,97.60708333333334,20.429166666666667,24.7775,40.93458333333333
2024-05-12 00:00:00+00:00,-1.0216666666666665,65.2,2.002083333333333,0.49833333333333324,60.95041666666666,21.53,-6.951666666666665,-10.342916666666667
2024-05-13 00:00:00+00:00,48.05166666666667,92.14875,21.915000000000003,44.41791666666666,92.92708333333333,21.090833333333332,50.70375000000001,52.645
2024-05-14 00:00:00+00:00,26.47,102.64,7.592083333333334,25.225833333333338,88.60583333333334,8.837916666666667,35.560833333333335,37.22708333333333
2024-05-15 00:00:00+00:00,44.43208333333334,102.69916666666667,21.500416666666666,43.6875,62.584583333333335,16.720833333333335,51.07875000000001,63.067499999999995
2024-05-16 00:00:00+00:00,50.96791666666667,98.07833333333333,30.64916666666667,53.31833333333333,56.80291666666667,35.58416666666667,55.73208333333333,68.465
2024-05-17 00:00:00+00:00,68.94791666666667,95.05916666666667,44.9725,69.58791666666666,59.242916666666666,51.91916666666666,71.21333333333332,81.22500000000001
2024-05-18 00:00:00+00:00,57.828333333333326,91.44833333333332,25.012083333333333,55.41041666666666,76.62708333333333,32.047916666666666,44.154583333333335,54.56583333333333
2024-05-19 00:00:00+00:00,52.25208333333333,87.10125,14.782499999999999,49.33791666666667,83.07583333333334,25.815416666666664,29.497500000000002,37.57083333333333
2024-05-20 00:00:00+00:00,64.31791666666666,99.08458333333334,19.092916666666667,60.45916666666667,106.16916666666667,34.79083333333333,40.33291666666667,60.39666666666667
2024-05-21 00:00:00+00:00,78.92041666666667,95.94749999999999,32.14541666666667,80.07916666666667,95.24708333333332,46.00625,71.94916666666667,82.30541666666666
2024-05-22 00:00:00+00:00,86.73166666666667,96.58999999999999,30.909166666666668,82.03833333333334,94.82791666666667,44.85166666666667,52.07041666666667,66.64083333333333
2024-05-23 00:00:00+00:00,95.51666666666667,102.01125,51.63333333333333,90.40708333333333,109.01291666666667,61.28916666666667,70.13208333333334,88.6825
2024-05-24 00:00:00+00:00,101.75333333333333,108.40583333333335,72.1275,95.71249999999999,105.55708333333332,72.38583333333334,95.67416666666666,98.77833333333332
2024-05-25 00:00:00+00:00,73.04583333333333,100.06124999999999,34.97708333333333,70.00291666666666,98.46541666666667,40.78666666666667,64.32791666666667,72.07625
2024-05-26 00:00:00+00:00,55.752916666666664,67.27875,14.394166666666665,52.97416666666667,72.465,23.544999999999998,41.74208333333333,53.38791666666666
2024-05-27 00:00:00+00:00,108.33458333333334,106.59166666666665,30.2775,103.08916666666666,101.9275,31.035833333333333,83.96666666666667,92.05333333333334
2024-05-28 00:00:00+00:00,88.31333333333333,114.72291666666666,19.495416666666667,89.94833333333332,99.6325,28.53833333333333,68.81916666666667,79.53375
2024-05-29 00:00:00+00:00,81.96291666666666,112.02583333333332,32.4325,83.72166666666666,108.22916666666667,38.88125,64.1675,70.91583333333334
2024-05-30 00:00:00+00:00,96.62875000000001,110.96166666666666,16.902916666666666,88.15166666666666,98.99374999999999,21.0025,69.65333333333334,85.07416666666667
2024-05-31 00:00:00+00:00,89.23708333333333,95.52375,6.357083333333333,92.24958333333335,100.61708333333333,2.3866666666666667,60.725,71.74166666666666
2024-06-01 00:00:00+00:00,54.338750000000005,78.25833333333334,4.324166666666667,57.1,94.17458333333333,1.9245833333333333,33.819583333333334,44.445
2024-06-02 00:00:00+00:00,28.07166666666667,74.12291666666667,1.3945833333333333,30.456666666666667,92.06833333333333,4.722083333333333,15.592083333333333,13.304583333333332
2024-06-03 00:00:00+00:00,118.14208333333333,113.37291666666665,34.57541666666666,117.77125000000001,111.55791666666666,35.58291666666667,92.83833333333332,103.35541666666666
2024-06-04 00:00:00+00:00,102.81208333333335,115.77625,46.0975,102.03666666666668,124.74624999999999,89.20291666666667,81.88625,84.06541666666666
2024-06-05 00:00:00+00:00,85.15666666666667,111.81541666666668,38.865,90.59666666666668,114.88583333333334,92.50708333333334,71.12083333333332,75.97208333333333
2024-06-06 00:00:00+00:00,86.94958333333334,105.24083333333334,54.33625,85.81291666666668,120.60958333333333,92.82458333333334,77.40666666666667,81.07541666666667
2024-06-07 00:00:00+00:00,82.78166666666667,105.04416666666667,54.70416666666667,81.54875,113.98583333333333,78.6375,74.50041666666667,76.76
2024-06-08 00:00:00+00:00,43.86333333333334,105.72250000000001,18.223333333333333,38.71708333333333,88.30208333333333,66.10583333333334,39.346250000000005,41.12166666666666
2024-06-09 00:00:00+00:00,27.575416666666666,89.57166666666667,14.641666666666666,24.5625,61.9625,18.401666666666667,23.845,25.602500000000003
2024-06-10 00:00:00+00:00,91.45791666666666,91.30541666666666,29.067083333333333,88.27958333333333,121.48416666666667,48.2925,69.05208333333333,89.75041666666665
2024-06-11 00:00:00+00:00,64.01416666666667,105.37291666666665,44.27125,67.96916666666667,84.02416666666666,63.44125,57.17333333333334,63.42791666666667
2024-06-12 00:00:00+00:00,91.94375000000001,108.20833333333333,35.02625,87.36583333333334,107.45083333333334,57.08041666666667,76.22375,86.46041666666667
2024-06-13 00:00:00+00:00,93.20958333333334,103.77541666666667,21.291666666666668,81.68875,124.78458333333333,63.73083333333333,66.33666666666666,82.82833333333333
2024-06-14 00:00:00+00:00,76.19250000000001,105.16375,16.804583333333333,70.39541666666666,96.6825,40.31916666666667,66.91583333333334,77.23625
2024-06-15 00:00:00+00:00,4.875,92.85208333333333,-5.11,7.13,78.97041666666667,19.563750000000002,-0.7658333333333331,10.372083333333334
2024-06-16 00:00:00+00:00,25.907916666666665,76.44416666666667,4.514166666666667,21.240416666666665,95.18041666666666,16.394583333333333,13.533333333333333,24.12
2024-06-17 00:00:00+00:00,96.165,115.70666666666666,33.64083333333333,77.09708333333334,113.32833333333333,29.785,74.26041666666667,89.40875
2024-06-18 00:00:00+00:00,96.37208333333332,109.31208333333335,37.71541666666666,81.07208333333334,126.26916666666666,61.560833333333335,95.67458333333333,96.22083333333335
2024-06-19 00:00:00+00:00,83.19416666666667,110.63458333333334,57.43166666666667,75.64083333333333,113.82708333333333,76.71375,73.92083333333333,76.92833333333333
2024-06-20 00:00:00+00:00,94.92666666666666,115.63666666666667,80.80958333333334,79.20208333333333,107.1025,90.13333333333333,90.27625,92.37124999999999
2024-06-21 00:00:00+00:00,95.41916666666667,114.83875,80.12375,84.4225,114.45583333333333,84.15083333333332,90.37124999999999,93.07375
2024-06-22 00:00:00+00:00,53.03125,97.82625,41.385416666666664,37.36125,80.78583333333334,41.79875,50.492916666666666,52.94291666666666
2024-06-23 00:00:00+00:00,51.24041666666667,98.30166666666666,30.158749999999998,44.79916666666667,61.86208333333334,25.1525,51.29291666666666,53.69708333333333
2024-06-24 00:00:00+00:00,91.05333333333334,105.81166666666667,54.46416666666667,76.88166666666667,141.23,44.44125,75.12,88.7075
2024-06-25 00:00:00+00:00,76.99125,113.27333333333333,50.85666666666666,76.91333333333334,136.84375,71.44458333333334,70.00291666666666,71.11916666666666
2024-06-26 00:00:00+00:00,102.00875,109.70666666666666,104.95666666666666,94.46083333333333,129.62166666666667,96.90541666666667,103.59833333333334,103.04625
2024-06-27 00:00:00+00:00,92.18083333333334,101.94291666666668,62.560833333333335,84.42583333333333,131.895,89.00999999999999,68.35375,74.44916666666667
2024-06-28 00:00:00+00:00,64.21875,109.33166666666666,36.56875,66.38833333333334,131.66708333333335,80.48333333333333,43.94,55.96083333333333
2024-06-29 00:00:00+00:00,66.86333333333333,86.03125,24.31458333333333,58.3775,93.6175,52.32833333333334,45.607499999999995,67.58583333333333
2024-06-30 00:00:00+00:00,45.749583333333334,70.25125,25.496666666666666,41.94291666666667,52.56041666666667,55.27166666666667,35.93875,46.44875
2024-07-01 00:00:00+00:00,91.15416666666665,111.14458333333333,51.44625,85.82916666666667,162.58583333333334,52.17291666666667,67.96333333333332,87.94708333333334
2024-07-02 00:00:00+00:00,84.50875,104.2375,53.56791666666667,79.97,107.97874999999999,49.57666666666666,73.39416666666666,87.34583333333335
2024-07-03 00:00:00+00:00,86.90125,109.13625,32.13583333333333,80.35583333333334,116.62333333333333,61.57833333333334,61.092083333333335,86.80458333333333
2024-07-04 00:00:00+00:00,25.405416666666667,107.41333333333334,10.797916666666666,49.72875,109.11,51.364583333333336,7.35125,-0.5433333333333338
2024-07-05 00:00:00+00:00,41.5025,100.39,29.54041666666667,36.31875,83.85583333333334,61.31875,31.982916666666668,37.839166666666664
2024-07-06 00:00:00+00:00,0.6929166666666666,93.98833333333333,-6.5879166666666675,-1.426666666666667,60.668749999999996,30.12291666666667,-15.861666666666666,-10.370833333333335
2024-07-07 00:00:00+00:00,28.24625,95.17583333333333,17.535416666666666,28.33666666666667,74.61791666666666,38.03541666666667,21.331666666666667,27.221666666666664
2024-07-08 00:00:00+00:00,90.22375,103.74874999999999,67.89625,78.23291666666667,124.41666666666667,72.47041666666667,77.59708333333333,89.065
2024-07-09 00:00:00+00:00,73.87666666666667,113.99166666666667,47.46958333333333,59.34125,109.57416666666666,71.49249999999999,60.58416666666667,75.73208333333334
2024-07-10 00:00:00+00:00,81.76458333333333,114.08916666666666,69.52458333333333,66.18791666666667,109.87916666666666,87.27708333333334,64.91,73.68208333333332
2024-07-11 00:00:00+00:00,91.84541666666667,115.23333333333333,77.53125,71.39,149.52708333333334,83.42833333333333,82.42166666666667,90.66333333333334
2024-07-12 00:00:00+00:00,86.90583333333332,106.68333333333334,53.55666666666667,67.31333333333333,131.71666666666667,59.61625,67.63,85.77416666666666
2024-07-13 00:00:00+00:00,30.81375,94.71625,31.49416666666667,27.449166666666667,87.74541666666666,52.64166666666667,31.432916666666667,32.65
2024-07-14 00:00:00+00:00,24.110416666666666,99.27708333333334,18.752083333333335,17.98375,96.94749999999999,50.52708333333333,20.8175,23.754583333333333
2024-07-15 00:00:00+00:00,77.45333333333333,104.47166666666668,46.615833333333335,73.36958333333332,142.08875,55.5375,56.44208333333333,76.935
2024-07-16 00:00:00+00:00,51.135416666666664,110.56875000000001,44.36666666666667,62.95916666666667,162.13083333333333,87.04291666666667,44.6225,46.34791666666666
2024-07-17 00:00:00+00:00,76.78833333333334,115.31,74.67125,69.71083333333333,150.70708333333332,94.87333333333333,74.78375,77.16708333333334
2024-07-18 00:00:00+00:00,90.75416666666666,113.61874999999999,82.03916666666667,81.04458333333334,137.49583333333334,101.625,84.11916666666667,89.88041666666668
2024-07-19 00:00:00+00:00,86.46708333333333,109.96541666666667,79.11583333333333,78.125,117.04541666666667,97.17750000000001,81.14166666666667,85.77499999999999
2024-07-20 00:00:00+00:00,59.31833333333333,104.39291666666666,49.56125,66.10166666666667,89.57208333333334,48.02875,56.895,63.89000000000001
2024-07-21 00:00:00+00:00,58.4475,88.80208333333333,25.243333333333336,47.84,69.81708333333333,33.23166666666666,38.30583333333333,60.75333333333333
2024-07-22 00:00:00+00:00,88.74541666666666,111.64166666666667,58.72416666666667,87.97958333333332,114.61541666666666,80.21041666666666,61.725,75.54
2024-07-23 00:00:00+00:00,79.61916666666667,113.09583333333335,55.126666666666665,78.81375,121.92958333333333,91.83791666666667,64.90541666666667,76.22833333333334
2024-07-24 00:00:00+00:00,66.60708333333334,109.32333333333332,57.685,72.02166666666666,114.72083333333335,94.92041666666667,63.427083333333336,65.2175
2024-07-25 00:00:00+00:00,78.33875,111.585,55.94833333333333,78.43166666666667,133.11583333333334,89.46416666666666,69.53791666666667,77.22875
2024-07-26 00:00:00+00:00,93.03500000000001,115.66250000000001,64.67999999999999,88.21499999999999,109.76708333333333,95.09791666666666,74.49583333333334,90.65208333333334
2024-07-27 00:00:00+00:00,80.73791666666666,102.79916666666666,38.96458333333333,72.15791666666667,103.74416666666667,76.91291666666667,57.31,79.20375
2024-07-28 00:00:00+00:00,43.959583333333335,108.73291666666667,16.113333333333333,44.255833333333335,48.98791666666667,63.787083333333335,25.701666666666668,40.84791666666667
2024-07-29 00:00:00+00:00,71.54333333333334,124.88,34.91833333333333,65.35,70.86749999999999,108.54458333333334,48.55125,69.06708333333333
2024-07-30 00:00:00+00:00,78.59041666666667,108.09875,55.005833333333335,73.08875,83.2825,100.07875,64.79041666666667,76.74958333333333
2024-07-31 00:00:00+00:00,79.5175,116.01833333333333,66.21875,78.88375,84.02499999999999,105.43291666666666,72.75750000000001,77.3275
2024-08-01 00:00:00+00:00,94.62666666666667,120.02541666666667,79.16958333333334,90.90458333333333,96.89333333333333,107.23041666666667,86.28250000000001,92.40416666666665
2024-08-02 00:00:00+00:00,94.59083333333332,116.32041666666667,75.77166666666666,87.53791666666666,107.23666666666666,93.80541666666666,82.21875,91.11666666666667
2024-08-03 00:00:00+00:00,75.69583333333334,111.20791666666666,32.89875,68.17583333333333,103.70916666666666,77.34166666666667,49.92125000000001,73.15041666666667
2024-08-04 00:00:00+00:00,61.12708333333333,111.53958333333333,30.919583333333335,56.88791666666666,74.90375,75.81916666666666,43.28916666666667,59.70708333333334
2024-08-05 00:00:00+00:00,100.28375,112.54333333333334,48.467083333333335,98.66916666666667,106.58458333333334,109.33416666666666,66.61541666666666,94.02499999999999
2024-08-06 00:00:00+00:00,85.97874999999999,119.07875,42.95041666666666,83.90375,107.80833333333334,105.13375,65.74791666666667,84.18958333333333
2024-08-07 00:00:00+00:00,93.32041666666667,119.92541666666666,34.06791666666667,83.4675,104.37583333333333,97.30541666666666,60.6975,78.02
2024-08-08 00:00:00+00:00,93.28541666666666,123.14791666666667,29.22,90.22541666666666,108.27166666666666,102.16291666666666,64.84833333333334,88.28583333333334
2024-08-09 00:00:00+00:00,52.88333333333333,124.8125,25.565416666666668,68.35166666666667,83.00125,101.46833333333332,39.757083333333334,50.331250000000004
2024-08-10 00:00:00+00:00,51.249583333333334,129.76958333333332,21.641666666666666,56.367916666666666,57.057500000000005,72.24708333333334,39.37083333333333,52.169999999999995
2024-08-11 00:00:00+00:00,54.2475,129.76958333333334,11.0475,51.71875,44.81,68.63083333333334,41.265,56.23666666666667
2024-08-12 00:00:00+00:00,91.55624999999999,128.74541666666667,51.54791666666667,93.44958333333334,94.205,106.20083333333334,69.01708333333333,83.01583333333333
2024-08-13 00:00:00+00:00,99.36208333333333,128.17958333333334,82.01916666666666,97.54416666666667,86.73041666666667,106.06166666666667,90.92291666666667,98.80708333333332
2024-08-14 00:00:00+00:00,109.74041666666666,128.60708333333335,84.56125,102.55416666666667,110.30333333333334,85.39999999999999,96.28333333333335,108.87374999999999
2024-08-15 00:00:00+00:00,84.51875,127.28500000000001,42.78333333333333,79.28125,88.20083333333334,47.395833333333336,54.95041666666666,71.13916666666667
2024-08-16 00:00:00+00:00,108.89791666666667,123.9175,77.575,101.06708333333334,115.455,88.91208333333333,89.24416666666667,107.74874999999999
2024-08-17 00:00:00+00:00,93.57958333333333,121.68458333333332,73.81625,95.24374999999999,102.60541666666667,83.38708333333334,79.55416666666666,87.53125
2024-08-18 00:00:00+00:00,86.68958333333335,120.34875,51.642500000000005,80.2025,95.70125,52.97833333333333,59.00583333333333,71.68875
2024-08-19 00:00:00+00:00,108.01541666666667,119.65833333333335,86.56,95.76791666666666,129.42249999999999,96.41250000000001,95.90666666666665,104.89
2024-08-20 00:00:00+00:00,91.53750000000001,118.4575,52.58833333333333,99.73166666666667,130.07500000000002,93.75083333333333,68.84208333333333,83.41541666666667
2024-08-21 00:00:00+00:00,51.899166666666666,123.86625,40.183749999999996,79.89791666666666,111.59458333333333,81.05499999999999,44.22958333333333,48.30833333333334
2024-08-22 00:00:00+00:00,60.78333333333333,116.22625,38.18958333333333,94.36333333333333,110.36125,109.11916666666667,32.723333333333336,42.82333333333333
2024-08-23 00:00:00+00:00,43.9775,127.45583333333333,37.86875,75.45333333333333,86.17833333333334,107.07916666666667,36.6825,37.96625
2024-08-24 00:00:00+00:00,40.8975,120.23333333333333,23.427916666666665,51.675000000000004,85.61375,56.04458333333333,31.4825,39.82208333333333
2024-08-25 00:00:00+00:00,29.2825,125.02,23.025000000000002,33.994166666666665,49.95916666666667,33.53125,26.103333333333335,27.96083333333333
2024-08-26 00:00:00+00:00,99.99874999999999,132.00791666666666,72.05958333333334,101.76333333333334,128.30208333333334,97.09125,75.55125,83.61999999999999
2024-08-27 00:00:00+00:00,90.62541666666665,140.28375,69.58874999999999,100.24041666666666,112.98291666666667,107.30874999999999,77.76416666666667,88.26291666666667
2024-08-28 00:00:00+00:00,96.16125,142.31333333333333,89.62583333333333,106.26833333333333,103.83749999999999,108.47791666666666,91.46625,95.47458333333333
2024-08-29 00:00:00+00:00,113.85541666666667,140.21458333333334,99.32125,112.21916666666665,136.81958333333333,120.31625000000001,104.72291666666666,111.86833333333334
2024-08-30 00:00:00+00:00,106.75958333333334,135.34,95.24208333333333,113.69333333333333,138.18916666666667,116.03708333333333,99.77416666666666,105.00208333333335
2024-08-31 00:00:00+00:00,77.65583333333333,121.21875,68.08541666666666,88.02291666666667,92.41291666666666,117.02125000000001,67.11874999999999,72.10875
2024-09-01 00:00:00+00:00,61.909166666666664,119.2625,61.87125,76.19291666666668,76.11583333333333,99.51875,56.52166666666667,59.10541666666666
2024-09-02 00:00:00+00:00,115.3525,155.86833333333334,105.09333333333335,115.28333333333335,152.04458333333332,116.12041666666666,109.3925,115.53458333333333
2024-09-03 00:00:00+00:00,159.07916666666668,141.5025,104.7375,154.55416666666667,157.56291666666667,106.79916666666666,120.44083333333333,131.58875
2024-09-04 00:00:00+00:00,125.28166666666665,145.025,104.35125,122.14791666666667,137.41666666666666,95.53625,112.83208333333333,123.03458333333333
2024-09-05 00:00:00+00:00,61.502916666666664,138.75875,83.46708333333333,111.85541666666667,91.66000000000001,104.71125,82.02,69.70541666666666
2024-09-06 00:00:00+00:00,79.19291666666668,132.27833333333334,81.19625,109.49125,89.81374999999998,87.25541666666668,86.40208333333334,79.31083333333333
2024-09-07 00:00:00+00:00,78.625,122.32666666666667,59.736250000000005,77.0575,81.73375,79.19,68.03166666666667,77.75625000000001
2024-09-08 00:00:00+00:00,68.65625,113.3925,34.13916666666667,67.9275,70.39083333333333,67.25750000000001,48.52041666666667,66.21208333333333
2024-09-09 00:00:00+00:00,97.85416666666667,120.91666666666667,58.13791666666666,104.73375,112.93,86.04208333333334,77.21333333333334,95.76458333333333
2024-09-10 00:00:00+00:00,57.07125,107.95541666666666,39.339999999999996,80.07416666666667,131.53041666666667,72.90083333333334,48.56166666666667,59.81625
2024-09-11 00:00:00+00:00,84.86666666666666,120.90875,58.97708333333333,85.58958333333334,107.75833333333334,78.48166666666667,67.02333333333333,77.09958333333334
2024-09-12 00:00:00+00:00,113.06041666666665,111.46791666666667,68.63125000000001,108.19,137.44583333333333,70.27208333333333,86.85541666666667,102.80333333333334
2024-09-13 00:00:00+00:00,87.235,104.15958333333333,57.32375,82.02416666666666,99.46249999999999,45.240833333333335,71.17833333333333,86.605
2024-09-14 00:00:00+00:00,55.60708333333333,97.58875,47.737500000000004,57.36958333333333,71.07583333333334,46.15166666666667,58.61416666666667,70.77958333333333
2024-09-15 00:00:00+00:00,63.49916666666667,87.84708333333333,27.0525,56.92458333333334,65.21875,29.2175,51.40166666666667,66.22541666666667
2024-09-16 00:00:00+00:00,96.91958333333334,111.71375,38.94541666666667,102.98875,110.83458333333334,26.996666666666666,72.90583333333333,90.93166666666667
2024-09-17 00:00:00+00:00,88.82166666666666,112.40249999999999,24.602083333333336,99.74583333333334,112.60416666666667,30.41,65.12208333333334,80.26708333333333
2024-09-18 00:00:00+00:00,77.47,110.78500000000001,48.53458333333333,81.04666666666667,95.85625,92.8775,68.05875,73.85833333333333
2024-09-19 00:00:00+00:00,77.56541666666666,109.41791666666667,53.312083333333334,79.41416666666667,86.55375,108.04916666666666,67.64166666666667,77.55833333333334
2024-09-20 00:00:00+00:00,74.48916666666666,116.28208333333333,57.02291666666667,75.035,91.00999999999999,106.88541666666667,68.43124999999999,74.17208333333333
2024-09-21 00:00:00+00:00,70.61541666666666,104.5625,35.09166666666667,65.77374999999999,86.02499999999999,84.99625,55.76208333333333,70.11041666666667
2024-09-22 00:00:00+00:00,75.64416666666666,100.7575,44.074999999999996,66.17916666666666,79.91958333333334,70.0125,60.990833333333335,75.55875
2024-09-23 00:00:00+00:00,121.18875000000001,140.73375000000001,55.97083333333333,107.54,120.66166666666668,89.71625,85.88208333333334,113.07958333333333
2024-09-24 00:00:00+00:00,88.56208333333335,107.31166666666667,53.634166666666665,83.71208333333333,86.31625000000001,94.86916666666667,70.05958333333334,86.00375000000001
2024-09-25 00:00:00+00:00,76.44,113.495,39.433749999999996,74.84666666666666,79.0225,51.36666666666667,74.60333333333334,94.93083333333334
2024-09-26 00:00:00+00:00,49.802083333333336,110.34166666666665,26.91125,52.79083333333333,63.96208333333333,23.47,44.25208333333333,47.38375
2024-09-27 00:00:00+00:00,14.958333333333334,111.23125,15.239583333333334,36.37375,44.464166666666664,31.890416666666667,16.791666666666668,20.20958333333333
2024-09-28 00:00:00+00:00,33.29416666666667,103.18041666666666,32.30708333333333,33.43416666666666,41.44,46.94833333333333,37.089999999999996,47.61166666666667
2024-09-29 00:00:00+00:00,55.19166666666666,89.22791666666666,19.502083333333335,41.07208333333333,62.80166666666667,43.51083333333333,37.96375,61.04083333333333
2024-09-30 00:00:00+00:00,32.19083333333334,111.43916666666667,11.972916666666668,41.48291666666667,106.165,89.4425,21.589166666666667,34.65
2024-10-01 00:00:00+00:00,74.62833333333333,124.42333333333333,68.91958333333334,77.97,114.25083333333333,97.70708333333333,71.43,74.48791666666666
2024-10-02 00:00:00+00:00,94.48166666666667,126.28083333333332,88.09208333333333,95.44916666666666,128.23499999999999,89.52458333333334,91.6675,94.22625
2024-10-03 00:00:00+00:00,73.20708333333333,115.28041666666667,59.61166666666667,83.74125,133.27041666666668,62.080000000000005,72.01375,86.79125
2024-10-04 00:00:00+00:00,97.43458333333332,122.58166666666666,89.71708333333333,98.60708333333334,114.51166666666667,98.1375,93.02958333333333,97.06208333333332
2024-10-05 00:00:00+00:00,83.98666666666666,113.38875,60.05416666666667,82.40416666666667,114.61958333333332,56.193333333333335,69.22291666666666,80.45625
2024-10-06 00:00:00+00:00,52.3525,115.24291666666666,24.31041666666667,54.4125,108.3875,23.344583333333333,37.25125,52.19125
2024-10-07 00:00:00+00:00,86.61500000000001,119.81833333333333,55.67958333333333,90.64458333333333,121.20375,53.206250000000004,75.81208333333333,83.9825
2024-10-08 00:00:00+00:00,90.58875,112.49458333333332,31.33125,70.54833333333333,95.14125,29.958333333333332,68.08375,84.205
2024-10-09 00:00:00+00:00,82.49041666666666,109.33999999999999,32.88666666666666,80.64916666666666,96.82375,26.874583333333334,66.45041666666667,80.35958333333333
2024-10-10 00:00:00+00:00,61.611250000000005,103.23791666666666,53.995000000000005,60.96208333333333,67.42333333333333,81.59625,59.915,65.41625
2024-10-11 00:00:00+00:00,95.88291666666667,101.79291666666667,86.03583333333334,94.33666666666666,99.36458333333333,87.11500000000001,92.21416666666666,96.53166666666665
2024-10-12 00:00:00+00:00,49.30916666666667,83.43791666666667,44.85666666666666,52.45375000000001,80.1075,70.1825,55.02291666666667,67.23375
2024-10-13 00:00:00+00:00,11.121249999999998,89.06458333333335,21.678749999999997,17.99625,15.692916666666667,54.68875,25.285,41.01541666666667
2024-10-14 00:00:00+00:00,109.97666666666667,113.45708333333333,92.00291666666668,104.32708333333333,107.08791666666667,103.4575,105.7275,116.32875
2024-10-15 00:00:00+00:00,89.09833333333334,103.33583333333333,66.34541666666667,97.42458333333333,132.90541666666667,84.71833333333333,78.06625,87.47208333333333
2024-10-16 00:00:00+00:00,34.78625,119.59500000000001,30.389166666666668,40.94083333333334,81.66333333333334,51.3075,32.94583333333333,38.32791666666667
2024-10-17 00:00:00+00:00,77.05583333333333,117.575,62.22708333333333,65.415,65.715,48.51791666666667,78.43875,89.91875
2024-10-18 00:00:00+00:00,102.60625,114.7325,66.58375,85.12541666666667,93.125,53.29666666666666,101.93,106.03541666666666
2024-10-19 00:00:00+00:00,83.03208333333333,108.50708333333334,37.62625,69.24916666666667,77.32166666666667,47.41041666666666,68.8875,84.0525
2024-10-20 00:00:00+00:00,30.902916666666666,117.14999999999999,10.854583333333332,32.154583333333335,46.044999999999995,48.04750000000001,21.772499999999997,29.965833333333332
2024-10-21 00:00:00+00:00,90.59375,127.91041666666666,73.57916666666667,91.17958333333333,107.86333333333333,92.52749999999999,81.07083333333334,89.77958333333333
2024-10-22 00:00:00+00:00,102.30458333333333,123.41541666666666,86.86458333333333,102.75125000000001,117.72000000000001,80.34166666666667,93.78125,100.94583333333333
2024-10-23 00:00:00+00:00,112.41791666666666,121.73041666666667,83.32833333333333,113.14,125.87833333333333,86.61375,97.76875,107.68791666666668
2024-10-24 00:00:00+00:00,101.27916666666665,116.10541666666667,64.39458333333333,106.90541666666667,129.8775,69.02499999999999,87.59458333333333,98.70333333333333
2024-10-25 00:00:00+00:00,115.23083333333334,120.86041666666667,60.42875,108.32041666666667,125.05958333333332,64.30041666666666,86.51208333333334,110.80375
2024-10-26 00:00:00+00:00,99.68916666666667,112.15541666666667,59.18125,98.65750000000001,113.37666666666667,51.56041666666667,81.57375,99.49541666666666
2024-10-27 00:00:00+00:00,90.73875,115.01416666666667,73.58916666666666,91.23916666666666,92.2425,76.30916666666667,86.53500000000001,89.93041666666666
2024-10-28 00:00:00+00:00,111.58625,114.78375,81.70416666666667,115.71125,131.31,76.43124999999999,101.78500000000001,105.71333333333332
2024-10-29 00:00:00+00:00,141.15166666666667,128.20833333333334,86.5675,139.67625,142.86208333333335,73.23708333333333,120.62583333333333,134.17041666666668
2024-10-30 00:00:00+00:00,124.87583333333333,122.41583333333334,79.65291666666667,125.62791666666668,124.30291666666666,84.07458333333334,112.06124999999999,118.72625000000001
2024-10-31 00:00:00+00:00,104.04708333333333,113.27375,97.29125,112.25416666666666,94.485,101.43958333333335,107.51916666666666,109.8925
2024-11-01 00:00:00+00:00,76.41041666666666,104.62,81.16041666666666,92.735,41.810833333333335,82.01875,90.37124999999999,105.97875
2024-11-02 00:00:00+00:00,106.98541666666667,112.73583333333333,91.90125,105.05333333333334,105.50291666666668,92.14916666666666,99.13708333333334,105.21583333333332
2024-11-03 00:00:00+00:00,93.05291666666666,106.10000000000001,79.11625,94.7025,91.21625,72.18958333333333,90.21208333333334,92.03958333333333
2024-11-04 00:00:00+00:00,126.27374999999999,128.23625,108.27583333333332,127.85708333333334,140.79583333333332,109.2725,116.16958333333334,120.78916666666667
2024-11-05 00:00:00+00:00,164.9775,124.80125,115.45083333333334,156.98499999999999,156.61208333333335,117.94416666666666,137.19750000000002,157.13083333333333
2024-11-06 00:00:00+00:00,231.2225,126.53125,116.31124999999999,213.44458333333333,197.01375,116.14333333333333,152.15291666666667,181.68499999999997
2024-11-07 00:00:00+00:00,159.20666666666668,126.26875,109.46291666666667,152.37791666666666,159.47958333333335,111.70083333333334,128.87583333333333,146.31458333333333
2024-11-08 00:00:00+00:00,113.61958333333332,117.73083333333334,112.33208333333333,116.07875,123.92041666666667,117.99833333333333,113.26875,113.17083333333333
2024-11-09 00:00:00+00:00,114.46958333333333,119.65249999999999,111.59166666666665,114.42458333333333,114.61833333333334,110.01125,113.22083333333335,114.04625
2024-11-10 00:00:00+00:00,114.36333333333333,119.42583333333333,106.04333333333334,114.38125000000001,114.41916666666667,91.07166666666666,110.58291666666666,113.34875
2024-11-11 00:00:00+00:00,121.79291666666667,127.41291666666666,99.89125,124.93166666666667,124.34249999999999,76.07541666666667,110.49624999999999,107.99208333333333
2024-11-12 00:00:00+00:00,166.40791666666667,140.40458333333333,103.36125,161.05333333333334,169.81416666666667,65.1675,126.20166666666667,144.69291666666666
2024-11-13 00:00:00+00:00,149.44875,138.32791666666665,123.53000000000002,228.61166666666668,182.72208333333333,105.2075,136.44125,145.78916666666666
2024-11-14 00:00:00+00:00,122.38083333333333,133.59625,125.46583333333332,141.7,128.33458333333334,119.50791666666667,123.85666666666667,123.06416666666667
2024-11-15 00:00:00+00:00,123.815,134.77041666666665,123.915,134.94291666666666,113.11916666666667,124.26125,124.69291666666668,123.39416666666666
2024-11-16 00:00:00+00:00,93.44708333333334,130.73458333333335,106.55833333333334,124.71625,79.97333333333333,113.195,105.78375,105.06625000000001
2024-11-17 00:00:00+00:00,62.870000000000005,123.21749999999999,90.10625,111.55958333333332,52.47,114.21458333333334,95.05458333333333,78.12458333333333
2024-11-18 00:00:00+00:00,106.32541666666667,137.555,113.18916666666667,129.12583333333333,95.49083333333334,136.59666666666666,114.11500000000001,115.30958333333332
2024-11-19 00:00:00+00:00,123.70416666666667,141.35375000000002,88.70833333333333,134.96291666666667,118.97375,131.93625,111.27041666666666,120.25875
2024-11-20 00:00:00+00:00,114.77333333333333,131.24166666666667,112.09833333333334,124.67166666666667,117.15791666666667,95.45,114.06124999999999,114.09166666666665
2024-11-21 00:00:00+00:00,124.24125,134.81375,113.93708333333335,127.27791666666667,123.84625,77.65124999999999,121.84041666666667,122.81875000000001
2024-11-22 00:00:00+00:00,109.79916666666666,137.75333333333333,111.1475,120.13375,144.20291666666665,121.34916666666668,115.55791666666666,115.77416666666666
2024-11-23 00:00:00+00:00,72.73,136.38875,66.27374999999999,101.08583333333333,88.21583333333332,73.27624999999999,74.84166666666667,78.77541666666667
2024-11-24 00:00:00+00:00,3.873333333333333,131.29458333333335,10.51375,93.47708333333333,57.350833333333334,10.565,11.049583333333333,13.567916666666667
2024-11-25 00:00:00+00:00,58.797083333333326,143.17541666666668,70.13166666666667,113.80458333333333,75.57958333333333,87.09375,72.66625,80.72583333333334
2024-11-26 00:00:00+00:00,113.38333333333333,151.90875,114.01208333333334,138.47625,145.97375,143.28291666666667,114.36666666666667,112.92083333333333
2024-11-27 00:00:00+00:00,117.67166666666667,157.23875,81.16041666666666,149.29625000000001,164.97208333333333,136.52666666666667,102.56875000000001,110.58791666666667
2024-11-28 00:00:00+00:00,98.61874999999999,145.60416666666666,111.67625,131.45250000000001,118.47208333333333,131.32,117.07583333333334,109.58791666666667
2024-11-29 00:00:00+00:00,129.77,136.31083333333333,113.82791666666667,131.5425,141.06,127.79208333333334,119.72333333333334,124.32583333333334
2024-11-30 00:00:00+00:00,104.27499999999999,121.87541666666665,105.37791666666668,113.86333333333333,135.8925,123.45625,105.63,107.46499999999999
2024-12-01 00:00:00+00:00,93.55583333333334,114.45041666666667,90.55958333333332,99.645,107.06791666666668,127.13499999999999,93.15416666666665,93.3125
2024-12-02 00:00:00+00:00,110.64625000000001,138.25083333333333,108.06958333333334,128.17208333333335,123.55,143.28166666666667,110.36208333333333,110.59333333333335
2024-12-03 00:00:00+00:00,144.49958333333333,160.34833333333333,143.15791666666667,158.89625,157.72583333333333,139.78833333333333,144.05583333333334,141.68583333333333
2024-12-04 00:00:00+00:00,182.21,168.60625000000002,144.2775,181.39458333333334,192.76291666666668,133.92833333333334,160.25416666666666,175.86041666666665
2024-12-05 00:00:00+00:00,101.86208333333333,147.8175,104.59166666666665,131.09833333333333,165.21,134.90291666666667,103.47958333333332,99.71791666666667
2024-12-06 00:00:00+00:00,89.54166666666667,145.79166666666666,89.39999999999999,131.00458333333333,117.04875,115.2725,90.61874999999999,89.99791666666665
2024-12-07 00:00:00+00:00,71.81083333333333,142.15833333333333,39.937916666666666,112.39375,124.73083333333334,34.38458333333333,63.220416666666665,66.11541666666666
2024-12-08 00:00:00+00:00,98.12875000000001,126.28708333333333,38.71041666666667,109.79083333333334,108.375,23.703333333333333,83.44291666666668,89.30958333333332
2024-12-09 00:00:00+00:00,100.48666666666666,131.39458333333332,90.39125,118.59458333333333,117.18583333333333,69.98833333333333,99.92458333333333,97.11666666666667
2024-12-10 00:00:00+00:00,150.89083333333335,159.33416666666668,126.72250000000001,157.42,146.36041666666668,134.50791666666666,129.04708333333335,133.24708333333334
2024-12-11 00:00:00+00:00,266.8066666666667,183.94083333333333,164.63,257.41041666666666,186.21,139.405,200.2225,227.74958333333333
2024-12-12 00:00:00+00:00,395.665,176.73166666666668,173.45208333333335,359.1979166666667,172.39,146.51500000000001,276.98041666666666,355.90708333333333
2024-12-13 00:00:00+00:00,177.91916666666668,176.69625,176.13833333333332,177.69333333333336,144.84375,144.08,176.76250000000002,177.31458333333333
2024-12-14 00:00:00+00:00,99.42,124.87666666666667,108.20458333333333,117.64041666666667,90.63333333333333,128.20958333333334,109.51791666666666,101.60666666666667
2024-12-15 00:00:00+00:00,43.78625,119.2,70.43875,96.18374999999999,46.25541666666667,102.33125,77.71249999999999,62.02875
2024-12-16 00:00:00+00:00,50.2275,133.73166666666665,78.165,105.9575,60.824999999999996,121.36708333333333,86.83999999999999,61.23083333333333
2024-12-17 00:00:00+00:00,87.62291666666665,135.12916666666666,93.7425,112.77166666666666,73.66333333333334,121.63625,95.65291666666667,91.12208333333332
2024-12-18 00:00:00+00:00,52.559583333333336,127.80624999999999,56.77125,118.52,106.10625,111.69916666666667,57.43541666666667,60.26499999999999
2024-12-19 00:00:00+00:00,53.55041666666667,119.14291666666666,60.26541666666666,106.73833333333333,64.71291666666667,77.71291666666667,61.034166666666664,69.97
2024-12-20 00:00:00+00:00,75.54125,115.06291666666665,79.47458333333333,90.34583333333335,70.63875,114.995,79.14541666666666,82.12
2024-12-21 00:00:00+00:00,20.979583333333334,100.98458333333333,31.3625,64.44041666666666,57.69416666666667,93.67208333333333,29.446250000000003,32.48083333333333
2024-12-22 00:00:00+00:00,24.150833333333335,107.79291666666667,25.040833333333335,76.27583333333332,61.95666666666667,50.46083333333333,27.483333333333334,28.140416666666667
2024-12-23 00:00:00+00:00,61.467083333333335,94.48083333333334,68.42208333333333,88.71875,121.74458333333332,49.3975,68.68916666666667,70.69208333333334
2024-12-24 00:00:00+00:00,102.70875000000001,127.23041666666667,102.70875000000001,102.70875000000001,104.11958333333332,74.11666666666666,102.70875000000001,102.70875000000001
2024-12-25 00:00:00+00:00,99.075,111.00333333333333,97.23625,99.16916666666667,99.15291666666667,102.88958333333333,98.64999999999999,98.90708333333333
2024-12-26 00:00:00+00:00,113.08458333333334,119.19708333333334,112.83416666666666,113.205,112.78416666666668,134.0175,113.02875,113.0475
2024-12-27 00:00:00+00:00,122.52333333333333,132.84,120.35875,122.67291666666667,122.59791666666666,133.69458333333333,122.00208333333335,122.24666666666667
2024-12-28 00:00:00+00:00,122.67958333333333,128.92666666666668,120.36541666666666,123.42708333333333,122.0475,133.30833333333334,121.98416666666667,122.34708333333333
2024-12-29 00:00:00+00:00,102.96125,143.41666666666666,112.96166666666666,115.68166666666667,97.29291666666667,135.94791666666666,112.25541666666668,109.79
2024-12-30 00:00:00+00:00,78.43521739130435,147.59826086956522,118.0695652173913,121.41608695652175,64.24652173913044,140.91304347826087,99.95608695652173,88.09478260869565
2024-12-31 00:00:00+00:00,60.088750000000005,136.5025,93.5675,121.41583333333334,52.98583333333334,135.42166666666665,64.72083333333333,71.99916666666667
2025-01-01 00:00:00+00:00,0.9708333333333333,140.4075,23.735,96.03541666666666,0.26208333333333383,101.03833333333334,23.62708333333333,39.375
2025-01-02 00:00:00+00:00,96.95166666666667,138.75166666666667,110.35375,117.64999999999999,85.8125,133.37333333333333,115.65208333333334,132.79791666666668
2025-01-03 00:00:00+00:00,89.56041666666665,127.39916666666666,115.90958333333333,115.18916666666667,86.02958333333333,121.8175,120.50083333333333,115.73458333333333
2025-01-04 00:00:00+00:00,121.76875,146.00791666666666,121.43458333333332,124.28666666666668,117.80416666666667,111.26833333333333,122.08749999999999,124.33625
2025-01-05 00:00:00+00:00,68.64083333333333,142.99166666666667,44.26291666666666,126.05291666666666,92.97458333333333,47.755833333333335,53.13666666666666,62.11666666666667
2025-01-06 00:00:00+00:00,24.811666666666667,136.34375,35.760416666666664,101.66375,58.69583333333333,47.544999999999995,39.800000000000004,54.58083333333334
2025-01-07 00:00:00+00:00,60.456250000000004,143.51958333333334,76.48541666666667,111.89791666666667,85.41666666666667,83.85416666666667,80.35541666666667,84.13125000000001
2025-01-08 00:00:00+00:00,105.79375,132.77166666666668,103.75583333333333,121.0475,108.28583333333334,98.34166666666665,110.88666666666667,109.04291666666667
2025-01-09 00:00:00+00:00,120.83749999999999,134.23208333333335,86.71666666666665,121.79041666666666,122.16666666666667,88.97500000000001,106.1425,114.83583333333333
2025-01-10 00:00:00+00:00,113.33791666666667,130.82375,114.00625000000001,115.29708333333333,110.35333333333334,112.09541666666667,113.925,113.895
2025-01-11 00:00:00+00:00,100.92958333333333,126.52749999999999,106.62291666666665,105.48916666666666,98.12541666666668,95.8075,109.34625,113.55375
2025-01-12 00:00:00+00:00,111.26583333333333,113.43374999999999,108.34625,112.13708333333334,110.92291666666667,73.80875,111.93875000000001,113.49166666666667
2025-01-13 00:00:00+00:00,128.95125,135.63416666666666,125.65625,132.48999999999998,134.50583333333333,126.21958333333333,128.67625,124.90916666666668
2025-01-14 00:00:00+00:00,126.89666666666666,143.47666666666666,136.60416666666666,139.0925,126.18166666666667,138.25833333333333,136.01,117.97125
2025-01-15 00:00:00+00:00,222.9333333333333,172.39833333333334,160.77666666666667,217.24125,200.23791666666668,140.34208333333333,185.70416666666665,208.09833333333336
2025-01-16 00:00:00+00:00,147.79375000000002,152.17708333333334,139.90458333333333,151.15041666666667,143.42083333333332,135.10999999999999,141.09708333333333,143.99791666666667
2025-01-17 00:00:00+00:00,146.58583333333334,146.85458333333332,142.86625,147.51083333333335,142.8175,136.06583333333333,143.17375,144.07916666666668
2025-01-18 00:00:00+00:00,134.33416666666668,140.66666666666666,131.51666666666668,135.15125,133.09375,133.11625,132.86708333333334,133.93833333333333
2025-01-19 00:00:00+00:00,128.41333333333333,144.49958333333333,127.02875,130.48,126.33458333333333,124.60666666666667,128.13916666666668,128.24541666666667
2025-01-20 00:00:00+00:00,231.57666666666668,194.0975,197.28375000000003,230.04958333333332,144.46791666666667,145.49083333333334,210.4416666666667,224.40041666666664
2025-01-21 00:00:00+00:00,168.47625,164.29291666666668,159.38,182.0270833333333,153.50958333333332,140.085,162.45291666666665,164.27083333333334
2025-01-22 00:00:00+00:00,160.85291666666666,160.27041666666665,146.57625,168.66333333333333,135.04833333333332,135.01708333333332,152.00291666666666,157.58416666666668
2025-01-23 00:00:00+00:00,102.07458333333334,146.275,108.68541666666665,142.30666666666667,110.77333333333333,139.26041666666666,106.675,102.57666666666667
2025-01-24 00:00:00+00:00,78.48333333333333,146.41416666666666,77.28666666666668,134.52,105.5825,90.20583333333333,78.49708333333334,78.85166666666667
2025-01-25 00:00:00+00:00,102.12416666666667,138.70041666666665,61.56333333333333,119.95958333333334,106.33875,41.85916666666667,93.86833333333334,100.55208333333333
2025-01-26 00:00:00+00:00,97.87458333333332,129.82916666666668,36.58041666666667,118.46833333333332,108.15875,25.206666666666667,80.72833333333334,87.43624999999999
2025-01-27 00:00:00+00:00,61.70583333333334,144.04541666666668,28.975416666666664,113.41916666666667,94.03916666666667,21.4375,52.7275,55.68125
2025-01-28 00:00:00+00:00,106.82416666666667,137.19916666666666,30.99208333333333,123.07833333333333,118.36333333333334,17.027916666666666,69.92791666666666,89.76666666666667
2025-01-29 00:00:00+00:00,108.33041666666666,138.70708333333332,74.38791666666667,119.40541666666667,107.44708333333334,50.562916666666666,99.98708333333333,107.03833333333334
2025-01-30 00:00:00+00:00,132.68125,142.34625,110.08583333333333,134.20125,132.65208333333334,42.435833333333335,128.77666666666667,133.7075
2025-01-31 00:00:00+00:00,141.72291666666666,151.96416666666667,132.17666666666665,142.7075,141.16208333333333,99.50833333333333,138.03708333333333,140.34833333333333
2025-02-01 00:00:00+00:00,135.29333333333332,146.52125,130.11625,135.45166666666668,136.40625,95.09583333333335,133.25958333333332,134.455
2025-02-02 00:00:00+00:00,136.97291666666666,137.63458333333332,131.98666666666665,137.29625000000001,137.435,124.03666666666668,135.51250000000002,136.21583333333334
2025-02-03 00:00:00+00:00,154.62708333333333,156.17958333333334,150.7720833333333,154.57291666666666,150.56333333333333,133.71625,151.82666666666668,152.49958333333333
2025-02-04 00:00:00+00:00,141.62208333333334,152.37041666666667,140.9,144.33791666666667,144.41916666666665,143.22125,140.97166666666666,132.38750000000002
2025-02-05 00:00:00+00:00,142.61625,149.89000000000001,145.52583333333334,143.94833333333332,142.27166666666668,117.72666666666667,146.32708333333332,138.68291666666667
2025-02-06 00:00:00+00:00,149.77124999999998,153.45666666666668,142.26125,150.955,150.85,138.28541666666666,142.90125,139.08
2025-02-07 00:00:00+00:00,119.31375000000001,155.10625000000002,128.97375,129.97875,131.59833333333333,117.06541666666668,132.53416666666666,112.66291666666666
2025-02-08 00:00:00+00:00,111.045,155.64958333333334,124.49583333333334,115.20083333333334,109.5425,106.065,131.26166666666668,124.12041666666666
2025-02-09 00:00:00+00:00,127.73541666666667,155.61625,133.30291666666668,129.56166666666667,126.15666666666668,109.36125,135.40166666666667,126.08333333333333
2025-02-10 00:00:00+00:00,120.12166666666667,162.90333333333334,144.02916666666667,143.73583333333332,123.6925,139.55833333333334,157.39708333333334,117.30333333333334
2025-02-11 00:00:00+00:00,122.16624999999999,166.95875,141.98749999999998,142.54791666666668,129.4975,133.19958333333332,152.57500000000002,131.73416666666665
2025-02-12 00:00:00+00:00,154.79125,172.17,154.32458333333332,162.30291666666668,133.41291666666666,120.19083333333333,155.0075,154.21333333333334
2025-02-13 00:00:00+00:00,172.07666666666668,169.96708333333333,150.61708333333334,179.54416666666668,177.79583333333335,130.96916666666667,162.39374999999998,168.1470833333333
2025-02-14 00:00:00+00:00,178.98083333333332,163.10791666666668,147.69375,177.41333333333333,175.87958333333333,120.81124999999999,161.72416666666666,173.9466666666667
2025-02-15 00:00:00+00:00,133.60833333333332,141.74083333333334,121.55916666666667,135.67875,133.77375,89.44916666666667,129.52416666666667,131.555
2025-02-16 00:00:00+00:00,132.39791666666667,144.05249999999998,125.04333333333334,138.49541666666667,135.39291666666665,89.4225,129.3658333333333,130.12875
2025-02-17 00:00:00+00:00,153.61916666666667,161.36875,145.1025,158.22083333333333,151.61249999999998,137.165,149.09916666666666,152.23208333333335
2025-02-18 00:00:00+00:00,131.27083333333334,155.74916666666667,129.06458333333333,157.79999999999998,135.91666666666666,79.84458333333333,129.32500000000002,130.26125
2025-02-19 00:00:00+00:00,110.06416666666667,152.34875,116.65750000000001,139.38958333333332,141.80666666666667,123.28708333333333,118.04583333333333,109.23416666666667
2025-02-20 00:00:00+00:00,94.505,152.795,98.87458333333335,135.89625,108.88833333333334,86.43666666666667,97.51583333333333,96.48708333333333
2025-02-21 00:00:00+00:00,89.77666666666666,144.725,63.19,118.03166666666665,111.2575,47.416666666666664,78.68958333333333,84.01625
2025-02-22 00:00:00+00:00,71.99374999999999,138.06666666666666,76.82458333333334,102.01083333333334,82.075,72.14166666666667,81.04041666666667,87.92291666666667
2025-02-23 00:00:00+00:00,90.19749999999999,132.2075,67.62375,120.18166666666667,112.91208333333333,65.35208333333334,79.29,79.16583333333334
2025-02-24 00:00:00+00:00,91.8725,143.08791666666667,89.02999999999999,138.19333333333333,124.76875,78.265,87.33458333333334,81.96833333333333
2025-02-25 00:00:00+00:00,141.10583333333332,143.56,104.22500000000001,147.26708333333332,135.4925,96.10833333333333,124.34875,134.95624999999998
2025-02-26 00:00:00+00:00,134.79875,141.04875,101.83791666666667,141.20416666666668,135.61833333333334,105.92958333333333,119.90458333333333,122.22708333333333
2025-02-27 00:00:00+00:00,126.61500000000001,135.27333333333334,115.30083333333333,131.56875,137.62,120.39333333333333,119.96791666666667,117.67333333333333
2025-02-28 00:00:00+00:00,129.30291666666668,131.45250000000001,112.32791666666667,131.46083333333334,130.08916666666667,110.77875,121.94875,123.30291666666666
2025-03-01 00:00:00+00:00,123.46999999999998,129.84541666666667,97.57875,127.11125,126.60958333333333,64.02583333333332,115.95291666666667,119.16000000000001
2025-03-02 00:00:00+00:00,90.45458333333333,105.63125000000001,90.62083333333334,97.58166666666666,89.54208333333334,66.26125,89.43833333333333,89.77166666666666
2025-03-03 00:00:00+00:00,106.99041666666666,129.83916666666667,118.27083333333333,124.34625,101.72291666666666,97.87833333333333,112.36083333333333,106.00375000000001
2025-03-04 00:00:00+00:00,106.47666666666667,133.91666666666666,107.98333333333333,121.98416666666667,87.97208333333333,95.85583333333334,107.63958333333333,104.45791666666668
2025-03-05 00:00:00+00:00,78.2975,128.38208333333333,87.70333333333333,95.98541666666667,57.596666666666664,77.83666666666666,86.09708333333333,79.09625
2025-03-06 00:00:00+00:00,90.08458333333334,125.87624999999998,71.84291666666667,98.21125,85.92958333333333,78.74333333333333,84.48041666666667,84.72791666666667
2025-03-07 00:00:00+00:00,105.43874999999998,124.44708333333334,60.1575,109.82208333333334,114.79333333333334,47.057500000000005,91.75666666666666,95.85916666666667
2025-03-08 00:00:00+00:00,89.445,105.44958333333334,35.03458333333334,96.18541666666665,97.14875,15.487083333333333,73.07291666666667,79.01291666666667
2025-03-09 00:00:00+00:00,77.2775,110.445,48.595,80.78208333333333,80.0025,48.595,68.59,73.23375
2025-03-10 00:00:00+00:00,113.1725,129.34583333333333,93.22291666666666,114.48541666666667,113.37208333333332,93.22291666666666,105.36583333333334,107.54416666666667
2025-03-11 00:00:00+00:00,125.18666666666667,125.17791666666666,101.44666666666666,124.39708333333333,123.54375,96.69291666666668,113.18583333333333,115.81958333333334
2025-03-12 00:00:00+00:00,125.15375,127.56041666666665,111.91166666666668,124.125,124.58083333333333,94.04708333333333,117.54583333333333,119.04166666666667
2025-03-13 00:00:00+00:00,125.16458333333333,127.04291666666667,121.70583333333333,124.36083333333333,123.93083333333334,109.27583333333332,123.3075,121.39125
2025-03-14 00:00:00+00:00,121.36208333333333,124.05708333333332,115.90791666666667,121.045,122.79833333333333,59.0375,119.4525,118.47708333333333
2025-03-15 00:00:00+00:00,91.99666666666667,117.77416666666666,87.71583333333332,93.25583333333333,108.37208333333332,48.91791666666666,90.80166666666668,91.15333333333332
2025-03-16 00:00:00+00:00,71.53583333333333,86.71208333333334,73.35083333333334,74.20166666666667,73.2325,60.600833333333334,73.02416666666666,70.4825
2025-03-17 00:00:00+00:00,99.69833333333334,122.015,97.27583333333332,105.66916666666667,95.59041666666667,88.12166666666667,107.67541666666666,94.51166666666667
2025-03-18 00:00:00+00:00,90.77333333333333,120.15041666666667,76.00958333333334,94.03041666666667,90.09625,56.67625,84.50958333333334,85.12416666666667
2025-03-19 00:00:00+00:00,104.79916666666666,124.68458333333332,68.10625,106.82083333333333,102.61666666666667,27.49083333333333,93.89708333333334,98.12208333333335
2025-03-20 00:00:00+00:00,108.62833333333333,125.27166666666666,44.84583333333333,110.53291666666667,110.02875,23.060833333333335,88.41875,98.78708333333333
2025-03-21 00:00:00+00:00,69.43458333333334,130.65958333333333,30.593333333333334,100.77749999999999,101.75291666666668,10.199166666666667,59.803333333333335,61.18083333333333
2025-03-22 00:00:00+00:00,14.409583333333332,124.39958333333334,29.653333333333332,86.61791666666666,42.02583333333333,12.537083333333333,44.343333333333334,42.610416666666666
2025-03-23 00:00:00+00:00,58.99583333333334,120.20833333333333,51.9025,65.53541666666666,57.09166666666667,29.340833333333336,71.21458333333332,81.04708333333333
2025-03-24 00:00:00+00:00,129.53416666666666,131.77916666666667,102.67333333333333,131.61458333333334,130.65708333333333,44.475,121.11458333333333,124.34666666666668
2025-03-25 00:00:00+00:00,111.73625,126.62875000000001,93.65708333333333,124.69875,108.61083333333333,42.692083333333336,107.9375,108.55333333333334
2025-03-26 00:00:00+00:00,114.69666666666666,125.74708333333332,98.57,117.53416666666668,118.38416666666666,38.12708333333333,111.38708333333334,112.74874999999999
2025-03-27 00:00:00+00:00,98.34666666666668,123.50458333333334,80.28833333333334,104.19166666666666,113.63791666666667,52.835,95.05791666666666,94.66458333333333
2025-03-28 00:00:00+00:00,89.32666666666667,117.06041666666665,61.54416666666666,108.45333333333333,89.22625,24.118750000000002,85.28416666666666,85.00833333333334
2025-03-29 00:00:00+00:00,81.70833333333333,123.19541666666667,42.014583333333334,102.92416666666666,89.36666666666667,3.919166666666667,73.0425,74.54958333333333
2025-03-30 00:00:00+00:00,14.634166666666665,90.2925,19.677083333333332,21.292083333333334,77.61208333333333,2.862083333333333,16.079583333333336,13.696666666666667
2025-03-31 00:00:00+00:00,107.22583333333334,119.45875,62.15291666666667,111.17291666666667,119.36583333333334,36.24333333333333,94.51125,92.13958333333333
2025-04-01 00:00:00+00:00,91.65291666666667,118.39999999999999,50.835,104.19791666666667,116.46416666666666,54.38041666666667,77.54625,79.495
2025-04-02 00:00:00+00:00,61.57416666666666,121.79541666666667,28.207083333333333,96.01583333333333,80.30791666666666,26.94666666666667,48.989583333333336,50.99541666666667
2025-04-03 00:00:00+00:00,80.72333333333333,120.02499999999999,51.09166666666667,86.90666666666668,98.37791666666668,20.749583333333334,73.3475,75.48875
2025-04-04 00:00:00+00:00,89.93416666666667,116.32208333333334,38.33833333333333,93.45166666666667,94.08166666666666,13.229999999999999,79.2775,82.155
2025-04-05 00:00:00+00:00,51.46958333333333,102.73708333333333,25.800416666666667,54.35583333333333,53.70583333333334,26.99083333333333,47.44083333333333,47.022083333333335
2025-04-06 00:00:00+00:00,39.962916666666665,100.0425,10.17,38.39041666666667,46.987500000000004,25.45958333333333,35.96333333333333,36.99125
2025-04-07 00:00:00+00:00,96.59291666666667,110.77083333333333,66.43041666666666,104.72125,108.45458333333333,58.82791666666666,89.05458333333333,91.18291666666666
2025-04-08 00:00:00+00:00,99.50541666666668,109.66791666666667,58.30375,109.4875,99.64125,44.8525,86.61,90.575
2025-04-09 00:00:00+00:00,90.78875,114.93916666666667,33.63,102.70208333333333,95.64541666666666,30.939166666666665,76.30375,80.00541666666668
2025-04-10 00:00:00+00:00,83.17375,105.16666666666667,28.8225,91.21583333333332,92.88083333333333,18.20375,79.36166666666666,80.29125
2025-04-11 00:00:00+00:00,68.22208333333333,102.24541666666666,37.88,72.07166666666667,109.21499999999999,19.43125,74.55458333333333,73.04166666666667
2025-04-12 00:00:00+00:00,61.56125,84.63458333333334,25.1125,71.3025,80.07375,27.25208333333333,50.0225,54.94166666666666
2025-04-13 00:00:00+00:00,41.297916666666666,96.28083333333332,19.150833333333335,49.918749999999996,52.862500000000004,18.652916666666666,37.90833333333333,40.47083333333333
2025-04-14 00:00:00+00:00,97.15208333333334,113.91708333333332,33.893750000000004,103.14041666666667,103.92041666666667,22.214166666666667,87.10416666666667,93.08833333333332
2025-04-15 00:00:00+00:00,71.03833333333334,111.8725,19.802083333333332,100.11583333333334,84.56166666666667,12.189166666666667,71.7475,70.48916666666666
2025-04-16 00:00:00+00:00,89.69916666666666,110.76041666666667,57.97541666666667,80.77333333333333,95.36791666666666,12.302916666666667,82.88416666666667,85.71166666666666
2025-04-17 00:00:00+00:00,98.45833333333333,109.38708333333334,61.092083333333335,79.32791666666667,84.2275,22.820833333333336,97.53916666666667,97.99333333333334
2025-04-18 00:00:00+00:00,87.77416666666666,100.12624999999998,30.85625,90.28249999999998,96.55583333333334,10.485000000000001,86.99041666666666,86.00875
2025-04-19 00:00:00+00:00,70.00208333333333,83.30666666666666,25.868750000000002,69.90166666666666,90.11125,1.4520833333333334,61.74208333333333,64.58041666666666
2025-04-20 00:00:00+00:00,65.71666666666667,88.97833333333334,31.547916666666666,49.59791666666667,61.67416666666667,13.132916666666667,74.84125,70.02499999999999
2025-04-21 00:00:00+00:00,81.11,95.71541666666667,54.151666666666664,65.70458333333333,73.72708333333334,53.115833333333335,84.0325,83.21791666666667
2025-04-22 00:00:00+00:00,113.52166666666666,109.55833333333334,71.5025,111.79833333333333,116.02166666666666,63.3125,106.85333333333334,111.25541666666668
2025-04-23 00:00:00+00:00,108.49041666666666,109.64291666666666,67.85041666666667,107.445,111.66583333333334,44.06125,104.44791666666667,105.67333333333333
2025-04-24 00:00:00+00:00,96.44125000000001,100.67208333333333,78.25208333333333,94.93541666666665,97.19458333333334,43.87166666666667,93.85125,94.40666666666668
2025-04-25 00:00:00+00:00,89.28583333333334,76.00625000000001,65.31833333333334,89.085,97.31916666666666,41.00833333333333,88.41958333333334,87.93124999999999
2025-04-26 00:00:00+00:00,54.82708333333333,66.83666666666666,37.4425,55.13958333333334,63.6,5.181666666666667,60.86083333333334,59.3425
2025-04-27 00:00:00+00:00,33.439166666666665,63.6275,34.07041666666667,35.23083333333333,44.68958333333333,11.886249999999999,28.235,32.76541666666667
2025-04-28 00:00:00+00:00,75.69791666666667,94.09125,45.90541666666667,75.61625,78.85958333333333,17.2225,71.54041666666667,74.30208333333333
2025-04-29 00:00:00+00:00,73.51541666666667,82.10458333333334,29.422916666666666,72.73875,74.32625,7.50875,68.80916666666667,71.04416666666667
2025-04-30 00:00:00+00:00,75.13708333333334,88.36583333333334,42.85041666666667,75.48083333333334,76.42125,31.845,74.66791666666667,74.29458333333334
2025-05-01 00:00:00+00:00,44.03916666666667,59.66458333333333,8.262916666666667,43.595,50.282916666666665,11.889166666666666,45.47458333333333,45.007083333333334
2025-05-02 00:00:00+00:00,63.79583333333333,82.55208333333333,17.652083333333334,61.14291666666667,65.95625,12.770000000000001,66.4175,64.51666666666667
2025-05-03 00:00:00+00:00,51.49666666666667,76.57166666666667,18.655416666666667,50.46458333333334,68.83041666666666,16.435833333333335,51.69208333333333,53.415
2025-05-04 00:00:00+00:00,35.229166666666664,53.057500000000005,11.5875,35.11541666666667,51.29208333333333,10.164166666666667,34.12,35.2125
2025-05-05 00:00:00+00:00,88.37083333333334,105.91125,11.7975,90.90291666666667,95.4575,9.203333333333333,67.64583333333333,71.99583333333334
2025-05-06 00:00:00+00:00,91.41375,100.97541666666666,14.043750000000001,92.81291666666668,91.66416666666667,10.6725,78.84958333333334,88.51833333333333
2025-05-07 00:00:00+00:00,99.255,108.57916666666667,22.271666666666665,97.69208333333334,100.47208333333333,19.565,89.56875000000001,95.98875
2025-05-08 00:00:00+00:00,103.64791666666667,101.79375,10.155833333333334,103.87791666666668,108.56833333333333,16.8425,89.5,98.38666666666667
2025-05-09 00:00:00+00:00,81.50166666666667,103.27083333333333,15.756666666666668,78.9875,108.145,18.691666666666666,71.54625,80.81416666666667
2025-05-10 00:00:00+00:00,51.66583333333333,82.44708333333334,-2.2933333333333334,51.15208333333334,109.28458333333333,7.8379166666666675,42.879999999999995,48.14291666666667
2025-05-11 00:00:00+00:00,18.339166666666667,75.39999999999999,-5.20375,16.005416666666665,61.57375,2.842083333333333,-11.420416666666666,4.264166666666666
2025-05-12 00:00:00+00:00,70.0775,102.38958333333333,29.010416666666668,71.87083333333334,97.545,25.102083333333336,63.553333333333335,63.086666666666666
2025-05-13 00:00:00+00:00,80.40666666666667,113.94791666666667,46.4775,77.91041666666666,97.65249999999999,41.350833333333334,70.95125,76.03125
2025-05-14 00:00:00+00:00,68.55916666666667,102.34375,31.83875,67.22125,87.08291666666666,28.145833333333332,58.97833333333333,64.98583333333333
2025-05-15 00:00:00+00:00,66.02958333333333,100.20125,13.737083333333333,75.75416666666666,95.78416666666668,9.847083333333334,67.53,64.12041666666666
2025-05-16 00:00:00+00:00,73.54958333333333,91.58458333333334,12.264583333333334,75.97125,103.25958333333334,5.703333333333333,67.76875,71.03875000000001
2025-05-17 00:00:00+00:00,60.412083333333335,88.54125,15.251249999999999,57.4775,108.27166666666666,11.637083333333335,60.87416666666667,59.52791666666667
2025-05-18 00:00:00+00:00,63.13583333333333,68.63166666666667,13.494166666666667,64.4025,101.09750000000001,5.927916666666667,64.04958333333333,62.62375
2025-05-19 00:00:00+00:00,95.86375,100.235,24.538749999999997,95.52458333333334,114.0825,12.79125,83.04083333333334,90.11041666666667
2025-05-20 00:00:00+00:00,90.69666666666667,118.49666666666667,23.53125,90.70958333333334,97.19125000000001,14.564583333333333,80.96416666666666,85.22041666666667
2025-05-21 00:00:00+00:00,70.37083333333334,105.65833333333335,32.81791666666667,70.96208333333333,89.39999999999999,18.47625,98.19125000000001,73.31166666666667
2025-05-22 00:00:00+00:00,61.52583333333333,112.77833333333332,19.682916666666667,103.77166666666666,118.11833333333334,3.049583333333333,61.15083333333333,62.086666666666666
2025-05-23 00:00:00+00:00,82.54958333333333,115.29083333333334,17.495416666666667,95.39999999999999,115.56416666666667,5.492916666666667,68.04583333333333,76.61291666666666
2025-05-24 00:00:00+00:00,51.973749999999995,80.80208333333333,12.435416666666667,60.32125,99.04,8.237499999999999,44.10833333333333,50.93
2025-05-25 00:00:00+00:00,28.735416666666666,48.835,4.617083333333333,31.765,58.81041666666667,6.19,20.13625,23.442083333333333
2025-05-26 00:00:00+00:00,72.71291666666666,107.14,21.817916666666665,86.93041666666666,118.05166666666668,18.06125,58.39958333333333,64.15208333333334
2025-05-27 00:00:00+00:00,61.13916666666666,116.79708333333333,29.924583333333334,70.00041666666667,96.83999999999999,26.84166666666667,52.81791666666667,54.62291666666667
2025-05-28 00:00:00+00:00,86.20958333333334,109.53250000000001,28.6225,90.40500000000002,115.12333333333333,28.74291666666667,79.21124999999999,86.50166666666667
2025-05-29 00:00:00+00:00,51.17291666666667,93.31458333333335,30.17125,55.51625000000001,86.89791666666667,35.82458333333333,53.0825,53.798750000000005
2025-05-30 00:00:00+00:00,53.8475,93.305,46.19875,56.70166666666666,117.6475,47.651250000000005,52.94625,53.624583333333334
2025-05-31 00:00:00+00:00,69.29333333333334,89.48958333333333,25.890416666666667,66.09583333333333,86.34708333333333,36.04333333333333,61.39875,68.46416666666667
2025-06-01 00:00:00+00:00,38.71583333333333,84.62166666666667,13.914583333333333,38.96,71.92458333333333,17.890416666666667,35.663333333333334,38.72208333333334
2025-06-02 00:00:00+00:00,89.71833333333332,92.02875,35.76708333333333,86.23541666666667,119.98083333333334,34.97833333333333,77.205,85.99708333333332
2025-06-03 00:00:00+00:00,68.38666666666667,108.32,17.265833333333333,78.91166666666666,114.35791666666667,52.55083333333334,52.62958333333333,57.405
2025-06-04 00:00:00+00:00,85.11999999999999,116.99374999999999,19.035833333333333,65.37875,87.58541666666667,60.07458333333333,75.00166666666667,78.90416666666667
2025-06-05 00:00:00+00:00,78.15958333333333,109.78833333333334,7.2316666666666665,71.98916666666666,108.13541666666667,61.655833333333334,73.75416666666666,75.81708333333333
2025-06-06 00:00:00+00:00,49.82916666666667,114.75124999999998,23.712083333333336,50.48541666666667,81.15625,69.815,48.32708333333333,49.75375
2025-06-07 00:00:00+00:00,59.95416666666667,80.89041666666667,13.330416666666666,54.52125,86.92708333333333,47.127916666666664,64.56291666666667,65.395
2025-06-08 00:00:00+00:00,15.641666666666666,67.30125,3.49375,34.795,38.23666666666667,38.262499999999996,21.264583333333334,29.562916666666666
2025-06-09 00:00:00+00:00,39.80166666666667,101.02041666666668,15.832083333333335,41.11125,50.12708333333333,64.23083333333334,44.28333333333333,49.04333333333333
2025-06-10 00:00:00+00:00,53.275416666666665,110.37208333333332,28.226250000000004,60.01166666666666,104.24958333333335,99.63,67.72833333333334,62.217083333333335
2025-06-11 00:00:00+00:00,73.11375,115.28416666666668,27.49083333333333,71.79958333333333,91.34166666666665,72.96708333333333,74.39375,78.3625
2025-06-12 00:00:00+00:00,56.98583333333334,114.25916666666666,31.3275,63.5525,79.59958333333333,64.1425,52.528333333333336,57.44333333333333
2025-06-13 00:00:00+00:00,52.912083333333335,116.51125,50.61166666666667,61.04541666666666,92.11291666666666,68.63708333333334,69.99291666666666,72.21249999999999
2025-06-14 00:00:00+00:00,45.859166666666674,115.62,26.74291666666667,46.647083333333335,75.57541666666667,53.75333333333333,56.17291666666667,56.70208333333333
2025-06-15 00:00:00+00:00,62.53458333333333,113.99541666666666,15.996666666666668,60.36875,71.15333333333334,18.298333333333336,64.57291666666667,64.24333333333333
2025-06-16 00:00:00+00:00,81.3,121.3625,36.7375,85.98958333333333,95.61791666666666,60.72208333333333,85.62958333333334,84.30083333333333
2025-06-17 00:00:00+00:00,85.37666666666667,115.41291666666666,51.673750000000005,84.55291666666666,96.2625,94.06291666666665,83.14208333333333,86.71166666666666
2025-06-18 00:00:00+00:00,79.77458333333333,120.35125,63.58416666666667,77.34833333333333,90.76833333333333,107.12166666666667,81.575,81.07000000000001
2025-06-19 00:00:00+00:00,55.833333333333336,122.51625,47.21083333333333,58.98374999999999,38.83583333333333,115.95708333333334,69.90041666666667,68.46375
2025-06-20 00:00:00+00:00,87.67583333333333,117.06333333333333,73.65625,85.23625,84.18583333333333,113.13,84.92999999999999,87.485
2025-06-21 00:00:00+00:00,71.78833333333334,110.61583333333334,67.92666666666666,68.6775,76.46041666666666,76.58875,70.99416666666666,72.06041666666667
2025-06-22 00:00:00+00:00,38.335,103.28333333333335,21.112916666666667,41.79083333333333,44.77333333333333,67.46416666666666,38.19166666666667,47.96625
2025-06-23 00:00:00+00:00,39.14458333333334,136.55916666666667,30.25,58.47541666666667,70.085,110.78249999999998,39.905,43.025
2025-06-24 00:00:00+00:00,47.32791666666666,132.23666666666665,56.731249999999996,59.798750000000005,62.655833333333334,96.82208333333334,57.28208333333333,58.10375
2025-06-25 00:00:00+00:00,83.52791666666667,126.39,80.16708333333334,88.06416666666667,80.18666666666667,80.56875000000001,89.2575,99.98666666666666
2025-06-26 00:00:00+00:00,88.6875,122.48166666666667,79.89708333333333,99.03750000000001,124.83583333333333,92.67583333333333,87.32,88.55416666666667
2025-06-27 00:00:00+00:00,82.06125,117.73916666666668,83.22833333333334,89.92541666666666,85.61333333333334,93.01208333333334,83.78625000000001,83.49583333333334
2025-06-28 00:00:00+00:00,52.522083333333335,97.57291666666667,45.82083333333333,56.02375,73.47500000000001,68.12041666666667,50.524166666666666,51.598749999999995
2025-06-29 00:00:00+00:00,54.25541666666667,80.41541666666667,57.99041666666667,57.41708333333333,54.40416666666667,72.00291666666666,54.01708333333334,54.49375
2025-06-30 00:00:00+00:00,103.2075,122.21666666666665,100.90958333333333,97.85833333333333,95.09166666666665,111.21333333333332,106.12958333333334,101.76291666666667
2025-07-01 00:00:00+00:00,139.00708333333333,133.47125,118.25916666666666,131.71166666666667,129.27791666666667,111.27749999999999,152.35125,145.4975
2025-07-02 00:00:00+00:00,101.49541666666666,125.05708333333332,91.54541666666667,97.56208333333332,114.44958333333334,99.18416666666667,118.32875,109.385
2025-07-03 00:00:00+00:00,88.625,122.01041666666667,82.08333333333333,94.40958333333333,98.0425,91.18833333333333,90.86791666666666,89.00999999999999
2025-07-04 00:00:00+00:00,78.895,126.04124999999999,68.22916666666667,96.84208333333333,101.27458333333334,100.95583333333333,72.86083333333333,75.465
2025-07-05 00:00:00+00:00,53.25125,120.32708333333333,34.643750000000004,58.92249999999999,79.51208333333334,71.00583333333334,42.32416666666666,51.6925
2025-07-06 00:00:00+00:00,75.22416666666666,106.93208333333332,28.403333333333332,75.50375,82.92125,55.46958333333333,77.16208333333333,82.75166666666667
2025-07-07 00:00:00+00:00,98.74291666666666,118.13499999999999,37.747083333333336,108.26791666666666,132.95333333333335,57.84833333333333,76.47250000000001,90.19541666666667
2025-07-08 00:00:00+00:00,89.48208333333334,112.62416666666667,37.750416666666666,92.63583333333334,109.58916666666666,48.15833333333333,84.07458333333334,88.9175
2025-07-09 00:00:00+00:00,92.325,105.42875,49.61541666666667,88.05166666666666,113.76916666666666,90.71583333333332,93.51125,95.22833333333334
2025-07-10 00:00:00+00:00,90.73333333333333,108.335,65.07541666666667,88.86625,91.96333333333332,106.89041666666667,91.085,92.36583333333334
2025-07-11 00:00:00+00:00,88.40291666666667,116.32875,56.695,86.33041666666666,104.60583333333334,98.22125,92.62124999999999,92.96916666666668
2025-07-12 00:00:00+00:00,72.57666666666667,101.12291666666665,56.81583333333333,71.13125000000001,108.55541666666666,75.91208333333334,70.93458333333334,73.98458333333333
2025-07-13 00:00:00+00:00,73.22166666666666,106.51041666666667,49.15291666666667,68.33916666666666,79.04708333333333,64.34416666666667,71.765,75.5575
2025-07-14 00:00:00+00:00,98.10208333333333,119.50958333333334,52.25666666666667,98.31083333333333,119.2525,83.87375,84.45666666666666,95.685
2025-07-15 00:00:00+00:00,90.09375,122.075,58.09458333333333,93.74624999999999,107.09208333333333,83.05083333333333,67.92,81.03375
2025-07-16 00:00:00+00:00,96.18666666666667,117.31541666666668,67.675,97.41291666666666,103.34625,102.55041666666666,81.80833333333334,93.34125
2025-07-17 00:00:00+00:00,92.77291666666667,116.58125,90.83291666666666,94.76833333333333,118.94375000000001,102.2925,92.74624999999999,93.13541666666667
2025-07-18 00:00:00+00:00,101.22541666666666,120.26166666666667,91.87124999999999,98.81124999999999,107.03375,94.17416666666666,98.86166666666666,101.10916666666667
2025-07-19 00:00:00+00:00,68.77875,116.7925,42.29541666666667,64.92875,89.10374999999999,46.10916666666666,65.79833333333333,69.86291666666666
2025-07-20 00:00:00+00:00,70.92166666666667,111.69125000000001,20.747083333333332,66.64999999999999,79.49708333333334,27.790833333333335,74.1275,74.36666666666666
2025-07-21 00:00:00+00:00,100.77916666666665,119.53333333333335,26.582083333333333,88.65875,108.61916666666667,62.309583333333336,70.38666666666667,93.96333333333332
2025-07-22 00:00:00+00:00,77.84458333333333,113.19291666666668,59.9625,80.24916666666667,90.62208333333332,81.47,72.8225,77.21166666666666
2025-07-23 00:00:00+00:00,79.28333333333333,116.34666666666668,83.83375,90.79416666666667,93.09708333333333,82.78541666666666,84.5925,86.21958333333333
2025-07-24 00:00:00+00:00,103.50833333333333,113.20625,74.36208333333333,100.03583333333334,112.04958333333333,44.51916666666667,91.66708333333334,97.66416666666667
2025-07-25 00:00:00+00:00,97.11666666666667,113.35833333333333,70.58583333333333,95.7325,117.52708333333334,43.25541666666667,90.92708333333333,95.12166666666667
2025-07-26 00:00:00+00:00,91.01916666666666,101.09666666666668,43.5975,91.06124999999999,102.93208333333332,36.95041666666666,81.25,87.04333333333334
2025-07-27 00:00:00+00:00,78.7925,72.24916666666667,37.35791666666667,70.05916666666667,101.75291666666668,31.67,70.66791666666667,79.06083333333333
2025-07-28 00:00:00+00:00,93.36083333333333,103.60208333333333,40.678333333333335,92.98041666666667,102.19375000000001,32.995416666666664,80.34416666666667,87.24958333333332
2025-07-29 00:00:00+00:00,77.54375,98.94833333333334,42.87416666666667,81.61,86.99291666666666,33.35541666666666,74.88458333333334,77.08125
2025-07-30 00:00:00+00:00,75.33749999999999,108.80916666666667,51.30625,74.40208333333334,90.24333333333334,42.53666666666667,72.15041666666666,74.37958333333334
2025-07-31 00:00:00+00:00,86.88916666666667,104.73416666666667,65.915,86.3,99.22416666666668,65.40124999999999,85.22375,86.78708333333333
2025-08-01 00:00:00+00:00,93.22958333333334,111.48458333333333,63.92458333333334,87.85875,101.22958333333334,63.92458333333334,83.67583333333333,90.71416666666666
2025-08-02 00:00:00+00:00,65.38958333333333,108.77541666666667,41.73458333333333,63.77583333333333,81.21375,36.191250000000004,58.19416666666667,64.06916666666667
2025-08-03 00:00:00+00:00,41.76958333333334,87.68124999999999,30.535416666666666,40.32083333333333,84.58333333333333,30.364166666666666,39.82666666666667,41.97875
2025-08-04 00:00:00+00:00,58.69625,112.37291666666665,41.062916666666666,59.267500000000005,99.4525,69.18416666666667,52.39333333333334,56.812916666666666
2025-08-05 00:00:00+00:00,40.139583333333334,105.12333333333333,16.57375,48.00125,97.70916666666666,53.3425,26.44125,36.24708333333333
2025-08-06 00:00:00+00:00,64.42791666666666,107.65083333333332,50.8425,63.3775,75.61083333333333,81.16166666666666,61.22,65.52083333333333
2025-08-07 00:00:00+00:00,71.32416666666667,111.32625,52.90291666666667,65.26083333333334,80.66166666666668,83.40916666666666,60.64416666666667,67.5675
2025-08-08 00:00:00+00:00,76.95208333333333,107.18041666666666,54.68666666666667,69.45458333333333,98.10000000000001,74.12333333333333,68.34041666666667,76.36416666666666
2025-08-09 00:00:00+00:00,59.99,102.30833333333334,37.59458333333333,59.67625,73.06291666666667,61.168749999999996,47.99041666666667,58.07041666666667
2025-08-10 00:00:00+00:00,47.79333333333333,101.72166666666668,29.693749999999998,45.956250000000004,48.68291666666667,56.28333333333333,43.395,47.94416666666667
2025-08-11 00:00:00+00:00,84.09833333333333,115.35083333333334,56.98333333333333,80.86416666666666,87.83333333333333,80.06083333333333,73.18833333333333,82.8525
2025-08-12 00:00:00+00:00,85.08,113.12416666666667,80.06666666666666,79.88416666666667,94.38,90.17458333333333,83.25083333333333,83.78416666666666
2025-08-13 00:00:00+00:00,100.01458333333333,117.56958333333334,96.64291666666666,92.13166666666666,99.44875,102.12124999999999,99.58333333333333,99.59708333333333
2025-08-14 00:00:00+00:00,105.41416666666667,114.6825,89.01125,102.73,109.80833333333334,95.9375,97.24291666666666,103.87708333333335
2025-08-15 00:00:00+00:00,73.13375,109.10875,57.026666666666664,70.9575,75.11333333333333,69.63458333333334,69.1775,73.09333333333333
2025-08-16 00:00:00+00:00,60.49916666666667,113.03333333333335,46.30125,62.815416666666664,64.78958333333334,74.04166666666667,57.97958333333333,61.725
2025-08-17 00:00:00+00:00,64.15375,104.3875,41.141666666666666,61.59708333333333,64.46791666666667,68.00875,60.26625000000001,66.02708333333334
2025-08-18 00:00:00+00:00,92.2275,108.85833333333333,71.50291666666666,90.81,110.22416666666668,96.22291666666666,85.84625,87.63625
2025-08-19 00:00:00+00:00,82.18083333333334,102.64083333333333,70.71375,86.4225,101.59916666666668,76.86,75.73625,77.61125
2025-08-20 00:00:00+00:00,90.83916666666666,110.27583333333332,59.467083333333335,89.07416666666667,92.18666666666667,68.33333333333333,80.17416666666666,86.08791666666667
2025-08-21 00:00:00+00:00,92.03541666666666,107.54041666666666,35.74208333333333,95.93291666666666,104.4975,52.430416666666666,76.9275,86.08708333333334
2025-08-22 00:00:00+00:00,74.24374999999999,103.58583333333333,53.492916666666666,72.97083333333333,78.13833333333334,55.09291666666667,85.18916666666667,85.52625
2025-08-23 00:00:00+00:00,68.33291666666666,98.94458333333334,63.64124999999999,69.00708333333334,75.26333333333334,64.34,69.43083333333333,69.63
2025-08-24 00:00:00+00:00,62.49916666666667,96.44541666666667,56.84166666666667,62.29708333333334,61.52583333333333,62.78916666666667,62.44166666666666,62.94958333333333
2025-08-25 00:00:00+00:00,90.08749999999999,115.685,75.89666666666666,88.39333333333333,90.28041666666667,91.86958333333332,85.49624999999999,87.23708333333333
2025-08-26 00:00:00+00:00,98.96958333333333,115.17791666666666,77.17833333333333,97.21499999999999,105.93791666666668,87.86666666666667,86.64458333333334,91.17666666666666
2025-08-27 00:00:00+00:00,104.72291666666666,118.30125,87.49333333333334,102.58708333333334,106.62625000000001,87.00166666666667,96.61041666666667,99.48916666666666
2025-08-28 00:00:00+00:00,115.02666666666666,121.63625,56.653333333333336,68.96124999999999,99.56041666666665,52.802083333333336,87.46749999999999,98.61041666666667
2025-08-29 00:00:00+00:00,94.57208333333334,114.79124999999999,34.71458333333333,96.51125,112.06666666666666,46.41166666666667,69.66,84.3125
2025-08-30 00:00:00+00:00,69.72375,87.60208333333333,31.739583333333332,70.735,103.24958333333332,51.699999999999996,51.259166666666665,64.10791666666667
2025-08-31 00:00:00+00:00,57.53333333333333,82.94500000000001,19.919999999999998,57.15,98.30375,33.02333333333333,39.92958333333333,53.36333333333334
2025-09-01 00:00:00+00:00,102.27833333333332,110.59750000000001,34.15333333333333,97.72958333333334,107.90041666666667,36.545833333333334,67.74,84.81791666666668
2025-09-02 00:00:00+00:00,122.2075,109.78041666666667,26.53625,114.93583333333333,126.205,61.27916666666667,71.63458333333334,91.09375
2025-09-03 00:00:00+00:00,59.479166666666664,103.80874999999999,18.550416666666667,79.08583333333333,121.68416666666667,54.100833333333334,36.192083333333336,55.81333333333333
2025-09-04 00:00:00+00:00,93.52833333333332,109.42625,34.604166666666664,96.86458333333333,113.96833333333335,55.315,59.64416666666667,74.72166666666666
2025-09-05 00:00:00+00:00,100.77,109.15499999999999,56.80875,101.39041666666667,112.29291666666667,53.86875,85.38666666666667,94.43624999999999
2025-09-06 00:00:00+00:00,74.31833333333333,91.6175,15.421666666666667,73.60958333333333,110.9225,22.521666666666665,48.30666666666667,67.78750000000001
2025-09-07 00:00:00+00:00,41.740833333333335,92.80916666666667,18.664166666666667,45.64958333333333,94.82375,38.59375,28.11708333333333,38.889583333333334
2025-09-08 00:00:00+00:00,126.12791666666668,117.43541666666665,63.72416666666667,125.72833333333334,136.90875,73.35333333333334,99.77208333333334,121.335
2025-09-09 00:00:00+00:00,141.92125000000001,114.56166666666667,49.018750000000004,138.32166666666666,137.60833333333332,65.49416666666666,103.15333333333332,134.295
2025-09-10 00:00:00+00:00,124.24291666666666,119.60541666666667,14.363333333333332,119.87875000000001,123.85375,51.16083333333333,81.955,113.4975
2025-09-11 00:00:00+00:00,67.71583333333334,113.4225,9.033333333333333,91.91833333333334,121.04375,55.94333333333333,36.104166666666664,61.305416666666666
2025-09-12 00:00:00+00:00,57.98791666666667,113.44749999999999,18.96375,91.61666666666666,110.78166666666668,73.205,35.112500000000004,51.13375
2025-09-13 00:00:00+00:00,61.14875,100.35166666666667,11.745,65.83458333333333,119.50666666666666,58.31875,36.693333333333335,55.0275
2025-09-14 00:00:00+00:00,65.91541666666667,83.23833333333333,12.2425,65.75041666666667,101.67625,50.98666666666667,36.8725,58.90541666666667
2025-09-15 00:00:00+00:00,7.832083333333333,110.74291666666666,3.734166666666667,68.55333333333333,97.76458333333333,65.46458333333334,3.9587499999999998,8.269583333333333
2025-09-16 00:00:00+00:00,25.12125,108.40541666666667,32.01916666666667,90.04708333333333,75.63666666666667,74.7925,30.17833333333333,32.88708333333333
2025-09-17 00:00:00+00:00,73.97166666666666,109.63916666666667,56.00541666666667,76.5825,97.36833333333334,86.11583333333334,74.12875,80.7075
2025-09-18 00:00:00+00:00,67.61125,111.86958333333332,54.9125,74.92708333333333,125.33416666666666,97.41000000000001,62.020833333333336,65.43083333333333
2025-09-19 00:00:00+00:00,97.25583333333333,116.51875,48.390833333333326,97.64041666666667,111.26125,88.7575,83.26791666666666,95.21333333333332
2025-09-20 00:00:00+00:00,52.31583333333333,105.6475,19.962083333333336,52.33041666666667,67.90916666666666,64.54708333333333,44.15416666666667,52.373333333333335
2025-09-21 00:00:00+00:00,38.8075,98.23125,16.55875,35.15,40.32875,37.83416666666667,32.39541666666667,38.365
2025-09-22 00:00:00+00:00,97.81666666666666,115.49208333333333,12.59875,100.83999999999999,117.89999999999999,37.79625,69.16375000000001,92.45541666666666
2025-09-23 00:00:00+00:00,102.52041666666668,115.8925,13.447083333333333,108.15458333333333,136.50666666666666,49.61375,93.57333333333334,102.02041666666668
2025-09-24 00:00:00+00:00,78.2725,112.30708333333332,36.48708333333334,102.36833333333334,97.96875,49.15291666666667,67.365,74.0775
2025-09-25 00:00:00+00:00,82.24916666666667,106.46416666666666,64.16208333333334,99.33083333333333,80.10958333333333,81.54916666666666,78.085,76.41458333333334
2025-09-26 00:00:00+00:00,95.57625,109.35416666666667,86.74374999999999,102.77708333333334,84.54625,92.22458333333333,93.25458333333334,94.72916666666667
2025-09-27 00:00:00+00:00,93.825,103.915,53.08625,95.03333333333335,94.57708333333333,67.605,79.72708333333334,88.57458333333334
2025-09-28 00:00:00+00:00,86.63458333333334,90.96291666666667,45.53666666666667,84.59583333333333,88.16791666666667,47.74916666666667,73.21291666666666,82.63375
2025-09-29 00:00:00+00:00,131.39124999999999,108.70541666666666,59.810833333333335,131.84041666666667,132.20333333333335,62.57916666666667,99.52791666666667,120.28750000000001
2025-09-30 00:00:00+00:00,125.99533333333333,110.05199999999999,64.64333333333333,131.70166666666668,131.469,87.98866666666666,96.46866666666666,115.68566666666668
2025-10-01 00:00:00+00:00,116.61145833333335,116.55916666666667,62.94770833333334,120.3653125,124.08958333333334,86.87916666666666,99.96875,111.24000000000001
2025-10-02 00:00:00+00:00,102.04031249999998,107.34635416666667,54.62416666666667,109.91677083333333,114.11729166666667,87.22500000000001,82.05114583333334,94.18416666666667
2025-10-03 00:00:00+00:00,59.99645833333333,101.79947916666667,44.43072916666667,95.70510416666667,113.42333333333333,92.60229166666666,55.375,66.214375
2025-10-04 00:00:00+00:00,-0.4105208333333333,97.02354166666667,4.209791666666667,78.13625,52.7084375,47.049791666666664,0.08447916666666667,-1.0645833333333334
2025-10-05 00:00:00+00:00,3.1057291666666664,76.49802083333334,11.109791666666666,63.68958333333333,32.33260416666666,25.095208333333332,9.024270833333334,8.920833333333333
2025-10-06 00:00:00+00:00,92.9853125,103.4321875,75.26208333333334,108.85989583333333,98.37729166666666,84.52614583333333,88.89697916666667,90.439375
2025-10-07 00:00:00+00:00,137.4415625,117.03958333333333,89.18260416666668,136.61239583333335,140.65895833333335,98.52104166666668,117.38499999999999,129.61541666666668
2025-10-08 00:00:00+00:00,117.90489583333334,119.564375,95.08958333333334,118.28041666666667,123.99447916666666,97.41927083333333,109.98864583333334,115.21510416666666
2025-10-09 00:00:00+00:00,104.20927083333333,124.57052083333333,83.5065625,110.38947916666666,110.89885416666668,64.66416666666667,98.79458333333334,101.69010416666667
2025-10-10 00:00:00+00:00,96.77677083333333,119.72364583333332,83.46322916666666,102.62343750000001,94.32572916666668,80.81833333333334,94.44770833333332,95.81302083333333
2025-10-11 00:00:00+00:00,90.96385416666668,99.6375,67.92135416666666,92.45635416666666,103.69166666666666,73.47375000000001,91.46354166666667,96.23520833333333
2025-10-12 00:00:00+00:00,88.99510416666668,104.39583333333333,58.635625000000005,92.39947916666667,95.73572916666666,64.05395833333334,83.38520833333332,89.18395833333334
2025-10-13 00:00:00+00:00,140.2371875,124.24374999999999,80.65541666666667,142.04239583333333,136.83760416666667,103.71083333333333,110.98395833333332,127.80677083333335
2025-10-14 00:00:00+00:00,156.7671875,124.8390625,93.98458333333333,163.0878125,165.38489583333333,108.18833333333333,120.91250000000001,144.88145833333334
2025-10-15 00:00:00+00:00,143.50145833333332,127.48645833333335,89.23812500000001,156.44739583333333,145.23635416666667,109.5109375,115.49552083333333,129.33729166666666
2025-10-16 00:00:00+00:00,100.10479166666666,121.62604166666667,87.07614583333333,113.74322916666667,115.16322916666667,110.14677083333333,95.83583333333333,96.47135416666667
2025-10-17 00:00:00+00:00,104.73958333333333,118.08135416666666,92.515,115.97510416666667,121.03135416666667,107.68916666666667,100.966875,102.39958333333334
2025-10-18 00:00:00+00:00,95.5503125,109.99697916666668,74.65354166666667,104.22781250000001,95.35729166666665,77.4646875,88.35208333333333,91.87572916666666
2025-10-19 00:00:00+00:00,73.44166666666666,101.34333333333332,29.007916666666663,90.10791666666667,99.2375,29.29177083333333,60.43572916666667,67.363125
2025-10-20 00:00:00+00:00,81.06760416666667,122.7346875,32.483020833333335,110.10822916666666,91.51052083333333,40.392916666666665,61.428958333333334,76.91
2025-10-21 00:00:00+00:00,70.72520833333333,128.30708333333334,58.5075,125.12864583333334,88.54739583333333,38.714375,64.0903125,67.73947916666667
2025-10-22 00:00:00+00:00,126.10281250000001,128.89552083333334,64.590625,135.53270833333332,137.54177083333335,25.03,106.78760416666667,116.48541666666667
2025-10-23 00:00:00+00:00,74.94114583333334,117.22083333333335,11.207500000000001,109.38114583333333,114.12166666666667,31.3309375,57.4453125,77.13250000000001
2025-10-24 00:00:00+00:00,31.516041666666666,107.63833333333334,36.83020833333333,99.90625,107.54395833333332,91.67447916666667,34.5928125,35.10364583333333
2025-10-25 00:00:00+00:00,11.404583333333333,96.36927083333335,17.87635416666667,89.26885416666666,81.90197916666666,80.6653125,15.364270833333334,15.989479166666667
2025-10-26 00:00:00+00:00,6.456458333333334,84.66427083333333,15.850416666666668,76.41645833333334,51.356875,49.33354166666667,14.202395833333334,16.005520833333332
2025-10-27 00:00:00+00:00,70.18354166666667,107.54114583333335,49.486250000000005,105.503125,98.401875,90.61125,62.0303125,69.08729166666667
2025-10-28 00:00:00+00:00,67.286875,111.3365625,56.65114583333334,100.11895833333334,87.94197916666667,100.70552083333332,63.37020833333333,67.14708333333333
2025-10-29 00:00:00+00:00,88.40395833333334,114.28395833333333,81.96947916666666,99.8671875,102.80822916666666,105.82125,86.82687499999999,89.7575
2025-10-30 00:00:00+00:00,69.93145833333334,117.69041666666668,52.962291666666665,104.44166666666666,91.90666666666665,87.11135416666667,69.19458333333334,78.90427083333334
2025-10-31 00:00:00+00:00,91.86677083333335,124.95260416666667,22.3528125,106.02375,117.16541666666666,54.82010416666666,65.3925,82.79416666666667
2025-11-01 00:00:00+00:00,48.03010416666667,104.09645833333333,27.0528125,75.1028125,69.051875,46.768229166666664,39.201145833333335,43.731458333333336
2025-11-02 00:00:00+00:00,86.66864583333334,103.45322916666667,26.3371875,94.55666666666667,107.53833333333334,40.620312500000004,67.0753125,76.44052083333334
2025-11-03 00:00:00+00:00,75.54833333333333,110.49989583333333,44.46666666666667,89.4740625,126.34218750000001,82.31760416666667,62.73072916666666,72.63760416666666
2025-11-04 00:00:00+00:00,76.08677083333333,105.31635416666666,21.322083333333335,91.34614583333332,111.90302083333334,47.48104166666667,54.58208333333334,72.31979166666666
2025-11-05 00:00:00+00:00,94.09604166666666,113.21916666666668,21.68739583333333,101.83447916666667,105.95135416666666,27.33458333333333,71.119375,85.13677083333333
2025-11-06 00:00:00+00:00,106.07739583333334,115.4315625,63.906666666666666,107.53531249999999,109.528125,41.86125,97.52854166666667,101.1840625
2025-11-07 00:00:00+00:00,111.06927083333333,116.44458333333334,66.97052083333334,110.60958333333333,113.07229166666667,68.55520833333334,92.5265625,103.82427083333333
2025-11-08 00:00:00+00:00,106.45708333333333,109.88635416666666,56.106249999999996,110.71864583333333,110.88895833333333,41.1853125,92.22052083333334,99.55291666666666
2025-11-09 00:00:00+00:00,98.6978125,107.14291666666666,59.3359375,105.22822916666667,109.6034375,58.791875000000005,88.65520833333333,93.08229166666666
2025-11-10 00:00:00+00:00,109.64718749999999,115.75937499999999,48.98760416666667,121.89802083333332,135.98510416666667,81.76739583333334,82.55729166666667,97.35958333333333
2025-11-11 00:00:00+00:00,96.54510416666666,114.23218750000001,22.35083333333333,116.8196875,110.5240625,64.61166666666666,70.7546875,85.53864583333332
2025-11-12 00:00:00+00:00,78.57125,114.53875,21.057291666666668,118.23427083333333,116.32927083333334,27.265104166666664,65.796875,71.54135416666666
2025-11-13 00:00:00+00:00,72.57645833333333,124.87635416666666,31.388020833333332,123.7759375,70.98572916666667,31.686458333333334,66.50927083333333,78.20020833333334
2025-11-14 00:00:00+00:00,105.85541666666667,115.98614583333334,26.149375000000003,121.43239583333333,126.3915625,29.542916666666667,79.67645833333333,92.53500000000001
2025-11-15 00:00:00+00:00,91.38697916666666,111.52291666666667,31.793333333333333,110.03114583333333,112.98447916666667,31.97645833333333,77.83177083333334,83.77427083333333
2025-11-16 00:00:00+00:00,101.20885416666665,110.633125,37.264375,108.72145833333333,106.59218750000001,35.89791666666667,84.923125,91.295
2025-11-17 00:00:00+00:00,94.57260416666666,109.27906250000001,65.0690625,104.47333333333334,117.83218749999999,79.26770833333333,89.76489583333334,84.57833333333333
2025-11-18 00:00:00+00:00,102.06906249999999,116.78010416666666,88.10447916666668,108.98395833333335,110.3428125,80.7596875,99.19541666666667,99.69645833333334
2025-11-19 00:00:00+00:00,102.66979166666665,120.71697916666666,87.72020833333333,122.84552083333334,125.66281249999999,98.6709375,98.88260416666667,99.77208333333334
2025-11-20 00:00:00+00:00,126.44156249999999,131.75291666666666,102.07510416666666,132.64791666666667,137.88583333333335,84.1134375,116.94625,122.98822916666666
2025-11-21 00:00:00+00:00,146.51114583333333,138.80979166666665,113.12708333333335,146.60458333333332,148.97927083333335,60.82208333333333,133.74177083333333,141.53854166666667
2025-11-22 00:00:00+00:00,90.38416666666666,116.55125,85.78416666666668,102.51770833333335,131.28364583333334,58.3928125,90.6303125,87.3315625
2025-11-23 00:00:00+00:00,71.04843749999999,109.27020833333334,69.29479166666667,99.16385416666667,123.42239583333333,37.972500000000004,71.34489583333333,72.30760416666666
2025-11-24 00:00:00+00:00,133.54708333333335,137.80083333333332,77.4190625,149.40604166666665,190.16416666666666,42.412395833333335,112.11510416666665,123.07625
2025-11-25 00:00:00+00:00,220.18177083333333,152.05781249999998,70.99458333333334,206.16416666666666,257.9011458333333,49.63385416666667,107.88166666666666,147.19739583333333
2025-11-26 00:00:00+00:00,161.3965625,152.95875,96.76781249999999,159.01770833333333,137.75989583333333,69.6603125,132.98989583333335,151.86406250000002
2025-11-27 00:00:00+00:00,89.965625,120.8715625,82.81406249999999,109.66072916666667,135.41291666666666,86.1328125,88.04458333333334,82.19583333333334
2025-11-28 00:00:00+00:00,85.91864583333334,123.01697916666666,78.92697916666667,117.674375,129.30156250000002,99.313125,82.77052083333334,82.13052083333334
2025-11-29 00:00:00+00:00,89.95333333333333,114.04614583333334,73.59489583333333,108.33552083333335,121.36197916666667,81.03166666666667,86.74520833333334,87.35364583333335
2025-11-30 00:00:00+00:00,84.649375,109.66270833333334,78.48229166666667,106.48645833333335,110.4846875,75.339375,83.14458333333333,83.29729166666667
2025-12-01 00:00:00+00:00,92.50562500000001,131.28052083333333,77.09875000000001,135.36781249999999,202.95135416666665,91.4453125,88.86114583333334,82.05208333333333
2025-12-02 00:00:00+00:00,101.4140625,133.31364583333334,84.20708333333333,139.57750000000001,166.58083333333335,88.90052083333335,92.80645833333334,86.7890625
2025-12-03 00:00:00+00:00,165.0796875,145.3803125,88.92479166666668,164.34791666666666,169.29083333333332,69.4178125,119.05677083333335,132.6459375
2025-12-04 00:00:00+00:00,124.79270833333334,131.92541666666668,76.86260416666667,131.47958333333335,141.2084375,65.30041666666666,102.21947916666666,96.99385416666667
2025-12-05 00:00:00+00:00,132.71708333333333,132.52625,78.18864583333333,130.88489583333333,136.873125,68.94500000000001,106.80874999999999,115.46895833333333
2025-12-06 00:00:00+00:00,78.99927083333334,108.03947916666665,25.141562500000003,104.08999999999999,116.45083333333334,33.051562499999996,66.59989583333333,72.57947916666667
2025-12-07 00:00:00+00:00,78.39010416666666,103.9653125,19.5240625,101.58260416666667,107.39552083333332,33.88135416666667,60.39875,72.87145833333334
2025-12-08 00:00:00+00:00,72.90302083333333,105.486875,35.4184375,108.878125,109.35333333333334,54.6696875,65.81364583333333,67.82947916666667
2025-12-09 00:00:00+00:00,90.33260416666667,114.84083333333332,28.768229166666668,116.83614583333333,112.54885416666667,64.8990625,76.29802083333333,81.51072916666666
2025-12-10 00:00:00+00:00,79.7565625,118.78416666666668,68.92833333333333,120.58802083333335,109.09239583333334,103.27239583333333,75.60208333333334,76.57770833333333
2025-12-11 00:00:00+00:00,94.8640625,117.19270833333333,80.22989583333333,118.27479166666666,103.25802083333333,95.79385416666668,90.89968750000001,91.56010416666668
2025-12-12 00:00:00+00:00,113.79770833333333,115.59822916666667,84.08875,120.06,119.23739583333332,97.046875,104.49333333333334,106.36229166666668
2025-12-13 00:00:00+00:00,95.87333333333333,107.41885416666666,75.86927083333333,107.58864583333333,107.14364583333332,79.0321875,90.50479166666668,92.23135416666666
2025-12-14 00:00:00+00:00,85.42927083333335,106.67354166666667,68.89270833333333,103.75197916666667,97.6528125,78.4265625,81.23239583333334,82.5478125
2025-12-15 00:00:00+00:00,87.743125,116.98125,74.41020833333333,118.59052083333334,117.45604166666668,92.98239583333333,84.23854166666666,84.86614583333333
2025-12-16 00:00:00+00:00,107.09166666666665,122.34197916666666,91.96760416666666,127.59125,129.70302083333334,94.00239583333332,102.47031249999999,105.26552083333333
2025-12-17 00:00:00+00:00,105.92802083333333,119.8925,83.20083333333334,132.41677083333335,123.36375,102.5028125,98.79052083333333,100.72614583333332
2025-12-18 00:00:00+00:00,71.39322916666667,119.63354166666666,33.234375,136.43729166666665,117.14208333333333,84.22083333333333,62.0221875,69.35802083333333
2025-12-19 00:00:00+00:00,73.19427083333333,118.45937500000001,70.47427083333334,123.42458333333333,102.17052083333334,102.90645833333333,72.15947916666667,71.65458333333333
2025-12-20 00:00:00+00:00,103.510625,111.29760416666666,68.68979166666666,111.0778125,114.1175,68.968125,93.4615625,97.7925
2025-12-21 00:00:00+00:00,90.50770833333333,107.56229166666667,60.9371875,106.41479166666666,114.2584375,61.745104166666664,82.32135416666667,86.2003125
2025-12-22 00:00:00+00:00,85.6378125,113.46333333333332,74.3071875,109.9421875,124.95718749999999,71.21375,83.22979166666667,85.17052083333333
2025-12-23 00:00:00+00:00,74.2315625,113.92375,75.81875000000001,108.29270833333334,110.19458333333334,77.89635416666667,75.503125,76.12583333333333
2025-12-24 00:00:00+00:00,69.50822916666667,110.726875,36.2740625,96.03677083333334,91.4034375,39.087291666666665,60.613125,66.0259375
2025-12-25 00:00:00+00:00,71.16302083333333,107.01572916666667,50.09739583333334,91.04885416666667,96.565625,51.362187500000005,65.11177083333334,68.07510416666666
2025-12-26 00:00:00+00:00,97.51770833333335,107.11322916666667,87.169375,98.45666666666666,101.43,88.99843750000001,94.61666666666667,96.07979166666667
2025-12-27 00:00:00+00:00,90.929375,103.30572916666667,80.19604166666666,95.55364583333333,92.62697916666667,78.87260416666668,88.20760416666667,89.81072916666666
2025-12-28 00:00:00+00:00,92.99781250000001,103.99572916666666,84.26916666666666,94.02583333333332,89.66520833333334,80.48072916666666,90.80593750000001,92.79062499999999
2025-12-29 00:00:00+00:00,93.84760416666667,113.72885416666666,93.95989583333333,98.50895833333334,98.63166666666666,107.41489583333333,94.65395833333334,95.6175
2025-12-30 00:00:00+00:00,88.11547368421051,108.96010526315789,84.67263157894736,90.19273684210526,83.95421052631579,90.90494736842105,87.23568421052632,87.63273684210527
2025-12-31 00:00:00+00:00,86.07187499999999,110.05833333333334,88.5265625,93.19864583333333,105.23166666666667,98.17260416666666,88.42208333333333,86.4321875
2026-01-01 00:00:00+00:00,7.7292708333333335,106.13927083333334,46.666875000000005,62.52520833333333,24.954791666666665,80.6809375,49.76145833333334,45.875416666666666
2026-01-02 00:00:00+00:00,57.62729166666667,105.64489583333334,70.2725,82.7040625,67.5115625,82.93249999999999,74.25260416666667,65.3975
2026-01-03 00:00:00+00:00,89.03229166666667,104.42489583333334,89.348125,93.92447916666667,88.26375,88.735,89.075,88.92062499999999
2026-01-04 00:00:00+00:00,94.58708333333334,107.00885416666667,94.20666666666666,95.91250000000001,94.95645833333333,66.80114583333334,94.44395833333334,94.47781250000001
2026-01-05 00:00:00+00:00,134.92166666666665,122.59197916666666,128.71864583333334,137.895,143.21229166666666,95.95104166666665,133.36291666666668,134.10270833333334
2026-01-06 00:00:00+00:00,126.9784375,114.833125,127.020625,128.43208333333334,131.29677083333334,62.69083333333333,127.52291666666667,123.98614583333334
2026-01-07 00:00:00+00:00,98.98385416666667,121.53281249999999,104.88822916666668,130.97020833333332,192.66489583333336,101.8759375,103.33302083333332,94.80572916666667
2026-01-08 00:00:00+00:00,153.90770833333332,133.9784375,107.22270833333333,166.7421875,193.24791666666667,80.420625,132.58354166666666,149.6240625
2026-01-09 00:00:00+00:00,78.443125,129.82072916666667,71.15166666666667,139.31552083333335,135.9778125,53.958958333333335,77.868125,82.64999999999999
2026-01-10 00:00:00+00:00,98.56135416666666,117.39802083333335,81.30864583333333,127.06239583333333,129.46166666666667,74.13791666666667,94.258125,96.24802083333333
2026-01-11 00:00:00+00:00,95.1240625,109.495,87.05791666666666,100.80708333333332,97.16802083333333,79.81989583333333,92.43239583333333,91.8834375
2026-01-12 00:00:00+00:00,104.47635416666667,133.50541666666666,86.73854166666666,171.91354166666667,259.300625,88.75906250000001,94.371875,88.87166666666667
2026-01-13 00:00:00+00:00,105.76083333333334,137.04885416666667,90.64322916666667,211.81562499999998,264.14947916666665,96.504375,101.1296875,98.44916666666667
2026-01-14 00:00:00+00:00,118.76614583333333,141.91395833333334,112.60385416666666,164.56385416666666,128.015625,116.20531249999999,115.735,114.60562499999999
2026-01-15 00:00:00+00:00,100.64958333333334,143.10770833333333,96.87875000000001,171.15958333333333,173.15083333333334,105.65020833333334,99.33885416666668,96.89187500000001
2026-01-16 00:00:00+00:00,110.71208333333334,141.15625,113.74395833333334,152.85270833333334,130.14885416666667,120.43510416666668,115.65375,108.60875
2026-01-17 00:00:00+00:00,112.51010416666666,125.91541666666666,112.97489583333333,122.82614583333333,120.29906249999999,127.091875,114.24624999999999,110.31489583333332
2026-01-18 00:00:00+00:00,108.9740625,130.9034375,110.045,114.27572916666666,113.38687499999999,117.85697916666668,110.92354166666667,107.58322916666667
2026-01-19 00:00:00+00:00,140.574375,150.81739583333334,134.450625,143.28822916666667,140.74895833333332,129.21489583333332,137.25052083333333,138.61583333333334
2026-01-20 00:00:00+00:00,155.60468749999998,152.34479166666668,100.94791666666667,157.28,140.41083333333333,101.44354166666666,119.51927083333334,123.04541666666667
2026-01-21 00:00:00+00:00,116.63479166666667,153.81958333333333,85.81572916666666,159.8221875,166.63864583333333,80.6459375,105.8978125,106.45270833333335
2026-01-22 00:00:00+00:00,105.4928125,158.79854166666667,90.73593749999999,219.06375,138.87760416666666,59.43739583333333,103.85135416666667,102.90447916666666
2026-01-23 00:00:00+00:00,110.3728125,158.87416666666667,103.03760416666667,200.968125,148.63010416666665,38.873645833333335,109.99114583333333,109.393125
2026-01-24 00:00:00+00:00,112.02395833333333,138.89885416666667,104.13427083333333,138.67885416666667,127.08104166666668,20.148645833333333,110.65677083333333,111.33572916666667
2026-01-25 00:00:00+00:00,112.03177083333333,128.88708333333332,100.25999999999999,120.92760416666665,117.676875,10.526770833333334,109.84416666666668,110.66125
2026-01-26 00:00:00+00:00,141.928125,150.36895833333332,115.98229166666665,155.62083333333334,172.42635416666667,36.12,137.25833333333333,138.720625
2026-01-27 00:00:00+00:00,130.05229166666666,152.56354166666668,95.06270833333333,159.5365625,220.91354166666667,28.205833333333334,117.17885416666667,116.73385416666667
2026-01-28 00:00:00+00:00,136.789375,154.895625,126.65708333333333,153.41020833333332,180.58604166666666,28.915520833333332,135.94197916666667,135.56208333333333
2026-01-29 00:00:00+00:00,132.67375,149.200625,117.43010416666668,144.32947916666666,149.22677083333335,25.161770833333335,131.14989583333332,126.5803125
2026-01-30 00:00:00+00:00,113.10000000000001,141.33208333333332,103.46927083333333,134.92947916666665,137.81968750000001,12.522604166666667,113.32395833333334,110.34177083333333
2026-01-31 00:00:00+00:00,109.35333333333334,131.70552083333334,112.07822916666667,121.63062500000001,112.916875,5.689583333333334,113.4928125,113.88229166666667
2026-02-01 00:00:00+00:00,108.73260416666666,117.40229166666667,109.69937499999999,111.20572916666667,110.12572916666666,24.760833333333334,110.67770833333333,111.88864583333333
2026-02-02 00:00:00+00:00,107.41520833333334,140.6890625,108.75697916666667,136.50322916666667,144.45489583333332,13.528333333333334,109.76270833333332,108.215625
2026-02-03 00:00:00+00:00,98.61291666666666,140.0484375,87.3584375,131.7265625,125.66958333333334,33.074374999999996,98.60614583333334,97.40208333333334
2026-02-04 00:00:00+00:00,102.75854166666666,136.05739583333335,87.6753125,133.09,135.92166666666665,17.023854166666666,100.59864583333332,100.8746875
2026-02-05 00:00:00+00:00,110.91729166666666,131.449375,71.01395833333333,131.77177083333333,123.12364583333334,6.1653125,101.76781249999999,103.06739583333332
2026-02-06 00:00:00+00:00,121.97427083333334,131.56135416666666,69.599375,134.61239583333332,142.53145833333335,9.403541666666667,109.96749999999999,115.31812500000001
2026-02-07 00:00:00+00:00,107.538125,115.02572916666666,62.91833333333333,113.63489583333335,114.4771875,6.858020833333334,95.24395833333334,101.5596875
2026-02-08 00:00:00+00:00,103.83197916666667,114.74000000000001,76.275625,107.8825,108.87708333333335,5.928958333333333,96.50041666666668,100.20583333333333
2026-02-09 00:00:00+00:00,139.60791666666668,137.64739583333332,81.83083333333333,144.06,138.06322916666667,20.95510416666667,122.9228125,131.62260416666666
2026-02-10 00:00:00+00:00,116.51760416666667,129.01166666666668,54.498333333333335,129.17635416666667,142.34645833333335,4.6710416666666665,102.39968750000001,107.4228125
2026-02-11 00:00:00+00:00,112.17822916666667,121.58229166666666,13.818229166666667,123.65020833333334,123.86166666666666,4.227916666666666,89.58645833333333,100.65614583333333
2026-02-12 00:00:00+00:00,104.36375,116.08916666666666,16.9040625,117.79489583333333,124.64208333333333,5.84,87.6815625,97.96104166666667
2026-02-13 00:00:00+00:00,107.38802083333333,111.48604166666667,58.711354166666666,112.75135416666666,111.62489583333333,4.278958333333334,96.19052083333332,102.58031249999999
2026-02-14 00:00:00+00:00,103.73854166666666,109.11385416666667,35.51916666666667,109.26020833333332,115.98218750000001,2.3297916666666665,85.83895833333334,95.30843750000001
2026-02-15 00:00:00+00:00,82.87072916666666,94.77697916666666,12.557083333333333,96.65125,113.92916666666667,1.3525,69.62666666666667,85.06885416666667
2026-02-16 00:00:00+00:00,95.59750000000001,114.84979166666666,12.574583333333335,113.19927083333333,113.17635416666667,4.57125,77.96947916666666,92.50770833333333
2026-02-17 00:00:00+00:00,97.93864583333334,110.73062499999999,47.27802083333333,109.70020833333332,131.35854166666667,28.07041666666667,86.165,91.6690625
2026-02-18 00:00:00+00:00,113.659375,113.6675,28.0240625,121.7859375,130.58489583333332,16.895625,86.12989583333332,96.21312499999999
2026-02-19 00:00:00+00:00,93.03427083333334,115.97000000000001,38.099583333333335,111.08114583333334,130.84989583333333,15.79875,82.00729166666666,84.81979166666666
2026-02-20 00:00:00+00:00,85.59802083333334,110.5028125,47.09270833333333,99.010625,116.80489583333333,28.7165625,77.80624999999999,86.8365625
2026-02-21 00:00:00+00:00,62.69104166666667,102.19010416666667,15.821666666666665,84.95135416666666,87.03458333333333,29.14,54.81166666666667,70.70364583333334
2026-02-22 00:00:00+00:00,53.38999999999999,88.96947916666666,9.960416666666667,70.49395833333334,85.06385416666667,21.797187499999996,43.64270833333333,53.861250000000005
2026-02-23 00:00:00+00:00,69.60083333333334,106.1253125,28.309895833333332,84.81489583333332,97.46708333333333,35.16041666666667,59.767500000000005,66.160625
2026-02-24 00:00:00+00:00,115.20135416666666,109.75677083333333,31.091354166666665,111.5,116.21249999999999,27.707708333333333,90.114375,105.67708333333333
2026-02-25 00:00:00+00:00,93.00156249999999,107.17062499999999,27.375833333333333,100.41125,113.2471875,30.310208333333335,79.12614583333333,87.23229166666665
2026-02-26 00:00:00+00:00,75.99885416666667,103.981875,21.928541666666664,82.42697916666667,86.47541666666666,27.018854166666667,64.75958333333334,75.809375
2026-02-27 00:00:00+00:00,65.95802083333334,107.23208333333334,13.008645833333333,74.23104166666667,86.651875,19.950833333333332,56.171145833333334,72.3553125
2026-02-28 00:00:00+00:00,52.0053125,105.88645833333334,17.695833333333333,58.29479166666667,68.44604166666666,15.167812499999998,46.19770833333333,59.450520833333336
2026-03-01 00:00:00+00:00,53.662708333333335,104.94364583333333,17.624375,60.630625,65.55833333333334,14.308437500000002,46.69416666666667,58.554375
2026-03-02 00:00:00+00:00,93.8621875,120.43260416666668,30.517395833333335,104.89458333333333,117.2815625,19.13416666666667,78.09822916666667,87.953125
2026-03-03 00:00:00+00:00,108.18895833333333,126.7753125,60.10666666666666,110.4940625,108.52145833333333,29.666458333333335,95.99520833333334,106.6221875
2026-03-04 00:00:00+00:00,146.8778125,166.20531250000002,76.34166666666667,140.35322916666667,132.16458333333333,57.79010416666667,131.29302083333334,141.86020833333333
2026-03-05 00:00:00+00:00,110.34010416666666,151.165625,81.88312499999999,114.05624999999999,116.13114583333333,88.77010416666667,104.07583333333334,109.44375000000001
2026-03-06 00:00:00+00:00,125.09218750000001,141.2878125,72.97552083333333,114.87208333333332,107.85833333333333,63.78270833333334,114.23041666666666,122.81625000000001
2026-03-07 00:00:00+00:00,110.19802083333333,142.39416666666668,63.35427083333334,103.96572916666668,105.81458333333335,63.8853125,99.32479166666667,106.08041666666666
2026-03-08 00:00:00+00:00,102.21729166666667,140.83739583333332,77.44510416666667,99.19052083333334,86.93239583333333,79.05499999999999,101.26968749999999,104.65427083333333
2026-03-09 00:00:00+00:00,136.80791666666667,156.864375,121.68447916666666,128.14677083333333,111.57968749999999,120.44479166666667,136.64458333333332,138.67854166666666
2026-03-10 00:00:00+00:00,137.64645833333333,167.69468750000001,119.81375000000001,124.56135416666666,103.67979166666667,136.8878125,143.04218749999998,141.16791666666668
2026-03-11 00:00:00+00:00,79.92166666666667,146.5896875,57.089375,94.56197916666667,83.344375,102.35312499999999,75.99510416666666,82.83572916666667
2026-03-12 00:00:00+00:00,65.1334375,143.80302083333333,47.98354166666667,105.90927083333334,113.85385416666666,69.62125,62.99270833333333,64.61041666666667
2026-03-13 00:00:00+00:00,52.88052083333333,145.84687499999998,46.01114583333333,93.304375,82.17510416666667,36.7271875,62.03395833333334,78.81916666666667
2026-03-14 00:00:00+00:00,121.74374999999999,142.78739583333333,110.42020833333333,92.101875,84.249375,13.123333333333333,120.93791666666668,125.08020833333335
2026-03-15 00:00:00+00:00,95.999375,126.88020833333333,58.493125,108.1171875,109.70729166666666,6.5471875,85.40406250000001,91.72979166666666
2026-03-16 00:00:00+00:00,76.8103125,144.3075,66.91625,103.31302083333333,122.3521875,41.4175,75.86958333333334,76.67458333333333
2026-03-17 00:00:00+00:00,125.16270833333334,143.11604166666666,68.69395833333333,130.58833333333334,130.43479166666665,46.093958333333326,112.7446875,120.995
2026-03-18 00:00:00+00:00,89.715625,149.82645833333333,25.60625,101.48927083333332,91.86541666666666,28.488645833333333,81.48927083333334,90.78791666666666
2026-03-19 00:00:00+00:00,115.22427083333334,139.60729166666667,32.20697916666666,119.50041666666668,119.64427083333334,24.6978125,101.11520833333333,109.21666666666665
2026-03-20 00:00:00+00:00,142.97583333333333,157.94947916666666,54.862500000000004,151.0271875,147.75458333333333,39.07604166666667,118.60791666666667,131.26270833333334
2026-03-21 00:00:00+00:00,112.5840625,148.61697916666665,41.205729166666664,123.70583333333333,102.67052083333334,42.10635416666667,95.05708333333332,105.41239583333333
2026-03-22 00:00:00+00:00,84.52145833333334,159.81239583333334,40.70552083333333,96.3290625,82.71510416666666,25.78322916666667,72.889375,78.81947916666667
2026-03-23 00:00:00+00:00,142.32666666666668,164.40885416666666,87.14468749999999,156.24010416666667,132.45010416666668,35.91427083333333,125.95885416666665,135.02791666666667
2026-03-24 00:00:00+00:00,71.00552083333334,141.76375,47.53802083333333,118.55395833333334,84.56916666666667,53.2540625,66.98406250000001,72.89302083333334
2026-03-25 00:00:00+00:00,41.761041666666664,141.74666666666667,18.843645833333333,109.14270833333335,57.90229166666666,17.554895833333333,38.61729166666667,46.148854166666666
2026-03-26 00:00:00+00:00,92.305,154.65510416666666,72.87083333333334,123.43197916666666,112.71864583333333,5.023020833333333,88.71739583333334,91.83864583333333
2026-03-27 00:00:00+00:00,117.515,154.04999999999998,113.9690625,123.91489583333333,107.62447916666667,9.3084375,116.7571875,117.18458333333332
2026-03-28 00:00:00+00:00,81.80864583333333,119.95333333333333,62.82802083333333,84.0428125,89.5421875,2.7365625,76.23072916666666,79.03625
2026-03-29 00:00:00+00:00,61.71489583333334,118.33135416666666,45.14166666666667,82.10885416666666,96.30052083333334,0.5395833333333333,58.26739583333333,60.77447916666667
2026-03-30 00:00:00+00:00,66.79197916666666,151.84552083333332,54.09729166666667,131.96239583333332,108.97739583333333,10.810208333333334,67.41104166666666,68.54510416666666
2026-03-31 00:00:00+00:00,120.45604166666668,156.00364583333334,111.80427083333332,137.59333333333333,131.33572916666665,7.287708333333334,120.55135416666667,122.89333333333333
2026-04-01 00:00:00+00:00,143.01270833333334,159.95833333333334,133.83770833333332,148.5665625,129.698125,5.358645833333333,140.53343750000002,142.1690625
2026-04-02 00:00:00+00:00,114.42739583333334,148.396875,110.22864583333335,134.54604166666667,103.9428125,5.3495833333333325,120.3915625,124.04041666666667
2026-04-03 00:00:00+00:00,74.76541666666667,123.213125,67.15906249999999,103.48375,96.84395833333333,15.53375,75.61302083333334,80.454375
2026-04-04 00:00:00+00:00,32.34041666666666,120.84885416666667,17.890416666666667,62.41614583333333,56.15927083333333,22.37708333333333,43.7665625,68.7109375
2026-04-05 00:00:00+00:00,-16.166666666666668,101.069375,-0.23416666666666716,14.153645833333334,-9.71125,23.307604166666664,4.952604166666666,22.522291666666664
2026-04-06 00:00:00+00:00,11.472083333333332,108.47385416666667,2.4536458333333333,26.489166666666666,4.3144791666666675,18.469166666666666,40.22864583333333,79.31093750000001
2026-04-07 00:00:00+00:00,89.95885416666665,126.88145833333334,38.91291666666667,88.734375,86.1715625,36.37833333333334,88.158125,88.93124999999999
2026-04-08 00:00:00+00:00,86.82854166666668,128.77333333333334,56.634166666666665,87.7921875,100.14708333333334,65.48937500000001,86.60583333333334,86.60895833333332
2026-04-09 00:00:00+00:00,79.76447916666667,123.82260416666666,45.57177083333334,87.71583333333332,90.0928125,49.099895833333335,76.07552083333333,77.63885416666666
2026-04-10 00:00:00+00:00,123.45885416666665,130.15145833333332,41.694895833333334,126.50635416666667,124.75479166666666,46.817708333333336,116.36541666666666,121.0075
2026-04-11 00:00:00+00:00,42.1740625,122.60718750000001,8.735104166666668,66.61239583333334,85.33385416666665,24.02270833333333,45.56166666666667,54.91416666666667
2026-04-12 00:00:00+00:00,82.9490625,101.2578125,48.91072916666667,82.11958333333334,80.30916666666667,14.2815625,71.37468750000001,76.7871875
2026-04-13 00:00:00+00:00,127.44322916666665,147.3565625,118.16260416666667,114.8384375,102.75854166666666,27.075,128.70666666666668,129.07697916666666
2026-04-14 00:00:00+00:00,138.43447916666668,150.38791666666665,89.0159375,141.64895833333333,133.39395833333333,48.790937500000005,124.10718750000001,132.53947916666667
2026-04-15 00:00:00+00:00,116.26187499999999,139.98833333333332,69.84677083333334,125.64604166666668,121.27333333333333,59.445729166666666,102.654375,109.87458333333332
2026-04-16 00:00:00+00:00,111.91968750000001,129.79218749999998,75.4178125,113.55770833333334,117.55104166666666,71.4359375,101.57572916666668,107.5084375
2026-04-17 00:00:00+00:00,104.22531249999999,110.86541666666666,70.11114583333334,99.8159375,95.16395833333333,68.90239583333333,106.59531249999999,105.61625
2026-04-18 00:00:00+00:00,84.56166666666667,93.88208333333334,44.65385416666667,79.79270833333334,78.51666666666667,44.17760416666667,99.66812499999999,92.30343749999999
2026-04-19 00:00:00+00:00,80.01822916666667,101.12708333333335,22.262291666666666,79.6615625,92.08552083333332,37.32604166666667,80.985,78.42270833333333
2026-04-20 00:00:00+00:00,97.30020833333333,119.00041666666665,20.720625000000002,103.0028125,110.69447916666667,51.296145833333334,113.95489583333334,100.76895833333333
2026-04-21 00:00:00+00:00,83.13635416666666,113.97239583333334,16.277916666666666,102.50208333333335,79.58927083333333,44.965,75.20572916666667,76.71458333333334
2026-04-22 00:00:00+00:00,78.10635416666666,119.73708333333333,14.665729166666667,89.13927083333334,79.1415625,49.420208333333335,69.7221875,73.99989583333333
2026-04-23 00:00:00+00:00,64.413125,102.35541666666667,17.806458333333335,72.12833333333333,66.75520833333333,48.946979166666665,61.089062500000004,74.78635416666667
2026-04-24 00:00:00+00:00,75.84239583333333,121.51187499999999,26.173125,77.56927083333333,98.8178125,73.26125,79.874375,82.12614583333333
2026-04-25 00:00:00+00:00,14.7490625,103.62760416666667,-0.5979166666666665,22.18875,15.614062500000001,48.974375,27.7271875,50.34979166666667
2026-04-26 00:00:00+00:00,5.836979166666666,106.49791666666665,-39.964999999999996,-4.008854166666667,4.043125000000001,36.18385416666667,17.674583333333334,12.849166666666667
2026-04-27 00:00:00+00:00,97.8584375,123.399375,37.15916666666667,96.56927083333333,96.17750000000001,47.15020833333333,95.17166666666667,96.10739583333333
2026-04-28 00:00:00+00:00,69.61885416666667,127.42291666666667,16.571770833333336,93.33052083333332,79.89093749999999,56.81822916666667,59.87864583333334,60.795625
2026-04-29 00:00:00+00:00,65.58677083333333,115.74197916666667,2.887083333333333,81.58291666666666,82.90677083333334,76.10427083333333,51.704479166666665,60.247083333333336
2026-04-30 00:00:00+00:00,72.47322916666667,107.40875,13.758229166666666,79.0984375,86.22083333333335,64.8159375,58.4490625,67.893125
2026-05-01 00:00:00+00:00,-1.6274999999999993,83.34395833333333,-37.795833333333334,0.13395833333333332,12.515208333333334,56.27572916666667,-3.9244791666666665,2.4163541666666672
2026-05-02 00:00:00+00:00,59.52135416666667,102.75791666666667,23.690520833333334,59.81875,62.006458333333335,43.455729166666664,69.08145833333333,76.72291666666666
2026-05-03 00:00:00+00:00,74.49447916666666,102.060625,36.1934375,70.82385416666666,68.1184375,50.2953125,85.06,89.37614583333334
2026-05-04 00:00:00+00:00,132.38770833333334,138.69947916666666,110.98072916666666,109.2196875,118.73614583333334,69.30541666666666,124.60770833333333,128.739375
2026-05-05 00:00:00+00:00,127.75979166666667,146.27875,92.60000000000001,110.9834375,121.68895833333333,64.88541666666667,119.39687500000001,122.223125
2026-05-06 00:00:00+00:00,122.75177083333334,148.2353125,114.16302083333333,124.48520833333333,116.40750000000001,78.78989583333333,122.46083333333333,122.11947916666666
2026-05-07 00:00:00+00:00,136.41791666666668,135.8578125,97.41104166666666,137.84395833333335,136.29989583333335,85.7525,124.81677083333334,130.71458333333334
2026-05-08 00:00:00+00:00,113.81770833333333,131.6028125,47.20770833333333,121.2603125,122.44052083333334,61.660625,103.20229166666667,108.385625
2026-05-09 00:00:00+00:00,88.434375,109.731875,27.933125,94.54791666666667,113.00760416666667,30.952604166666664,78.05968750000001,82.32625
2026-05-10 00:00:00+00:00,76.15697916666666,114.8875,20.333645833333332,82.47697916666667,78.08708333333333,22.645729166666666,65.46479166666667,69.83572916666667
2026-05-11 00:00:00+00:00,117.72395833333333,129.7403125,42.55114583333333,124.55052083333334,117.7065625,56.713541666666664,107.47822916666667,110.691875
2026-05-12 00:00:00+00:00,94.39729166666666,114.37656249999999,68.20270833333333,104.330625,103.871875,67.345625,91.61479166666668,93.68572916666666
2026-05-13 00:00:00+00:00,114.86697916666667,130.09614583333334,29.799166666666668,123.74062500000001,116.99416666666667,49.84125,98.621875,105.83197916666667
2026-05-14 00:00:00+00:00,95.56145833333333,133.34135416666666,29.665104166666666,108.50958333333334,103.26916666666666,51.029583333333335,85.45364583333333,90.4990625
2026-05-15 00:00:00+00:00,109.08135416666666,145.96364583333335,44.008229166666666,119.61625,126.73864583333334,37.628229166666664,94.87510416666667,101.38239583333332
2026-05-16 00:00:00+00:00,78.0896875,118.504375,48.7671875,83.17322916666667,110.651875,43.13302083333334,74.70708333333333,77.0240625
2026-05-17 00:00:00+00:00,83.58020833333333,101.4246875,50.505208333333336,85.35510416666666,96.25937499999999,45.77406250000001,81.4871875,82.30239583333334
2026-05-18 00:00:00+00:00,140.17885416666667,140.36979166666666,78.90760416666667,143.4684375,142.73166666666665,60.29770833333333,134.18177083333333,137.00177083333332
2026-05-19 00:00:00+00:00,125.95895833333333,133.475,43.995312500000004,134.68354166666668,132.24916666666667,46.4396875,108.96135416666668,116.0
2026-05-20 00:00:00+00:00,109.57822916666667,126.745,48.831250000000004,120.68208333333332,110.50197916666667,57.165937500000005,94.09958333333333,100.984375
2026-05-21 00:00:00+00:00,110.25489583333332,128.39677083333333,60.3940625,109.58416666666666,107.77635416666668,57.6171875,107.69958333333334,107.32114583333333
2026-05-22 00:00:00+00:00,105.74624999999999,121.8134375,58.75333333333333,107.82177083333333,105.95916666666666,55.12322916666667,95.71833333333335,100.97322916666667
2026-05-23 00:00:00+00:00,80.21635416666668,102.2115625,31.145104166666666,83.41791666666667,96.08552083333335,33.345729166666665,74.99333333333333,76.55854166666667
2026-05-24 00:00:00+00:00,65.87635416666667,93.32479166666667,16.051354166666666,67.38302083333333,67.06395833333333,24.8515625,66.431875,65.29447916666668
2026-05-25 00:00:00+00:00,81.66145833333333,117.18052083333333,34.757083333333334,83.44770833333334,89.17510416666666,36.2046875,78.57635416666666,76.49447916666666
2026-05-26 00:00:00+00:00,97.8803125,125.90885416666667,69.88791666666667,100.88062500000001,91.38406250000001,63.62447916666667,94.5278125,95.2846875
2026-05-27 00:00:00+00:00,84.0525,134.4365625,74.70270833333333,90.8953125,81.51,69.73208333333334,82.74895833333333,83.24135416666667
2026-05-28 00:00:00+00:00,122.98052083333333,132.92916666666667,83.51833333333333,117.12916666666666,119.97333333333334,76.68885416666667,118.10927083333333,120.05458333333333
2026-05-29 00:00:00+00:00,102.28135416666667,135.118125,83.84989583333333,100.35031249999999,100.84739583333334,78.62697916666666,103.81177083333334,102.21166666666666
2026-05-30 00:00:00+00:00,85.92989583333333,112.63499999999999,58.04958333333334,88.57875,98.561875,60.59625,82.343125,83.40354166666667
2026-05-31 00:00:00+00:00,86.73460674157303,106.52910112359551,28.86258426966292,88.7185393258427,88.10988764044943,40.493932584269665,79.88831460674157,81.92808988764045
