"iteration","level","d","dgp_name","n_values","tau","L_n_type","stat"
1,1000,5,"Clayton",2000,-2,"1(log(n))^2",0.56
2,1000,5,"Clayton",2000,-2,"1(log(n))^2",0.8
3,1000,5,"Clayton",2000,-2,"1(log(n))^2",0.45
4,1000,5,"Clayton",2000,-2,"1(log(n))^2",0.9
5,1000,5,"Clayton",2000,-2,"1(log(n))^2",0.7
6,1000,5,"Clayton",2000,-2,"1(log(n))^2",0.79
7,1000,5,"Clayton",2000,-2,"1(log(n))^2",0.76
8,1000,5,"Clayton",2000,-2,"1(log(n))^2",0.54
9,1000,5,"Clayton",2000,-2,"1(log(n))^2",0.24
10,1000,5,"Clayton",2000,-2,"1(log(n))^2",0.26
11,1000,5,"Clayton",2000,-2,"1(log(n))^2",0.91
12,1000,5,"Clayton",2000,-2,"1(log(n))^2",0.83
13,1000,5,"Clayton",2000,-2,"1(log(n))^2",0.81
14,1000,5,"Clayton",2000,-2,"1(log(n))^2",1
15,1000,5,"Clayton",2000,-2,"1(log(n))^2",1
16,1000,5,"Clayton",2000,-2,"1(log(n))^2",0.92
17,1000,5,"Clayton",2000,-2,"1(log(n))^2",0.46
18,1000,5,"Clayton",2000,-2,"1(log(n))^2",0.96
19,1000,5,"Clayton",2000,-2,"1(log(n))^2",0.96
20,1000,5,"Clayton",2000,-2,"1(log(n))^2",0.7
21,1000,5,"Clayton",2000,-2,"1(log(n))^2",0.7
22,1000,5,"Clayton",2000,-2,"1(log(n))^2",1
23,1000,5,"Clayton",2000,-2,"1(log(n))^2",0.97
24,1000,5,"Clayton",2000,-2,"1(log(n))^2",0.43
25,1000,5,"Clayton",2000,-2,"1(log(n))^2",0.98
26,1000,5,"Clayton",2000,-2,"1(log(n))^2",0.94
27,1000,5,"Clayton",2000,-2,"1(log(n))^2",0.84
28,1000,5,"Clayton",2000,-2,"1(log(n))^2",1
29,1000,5,"Clayton",2000,-2,"1(log(n))^2",0.82
30,1000,5,"Clayton",2000,-2,"1(log(n))^2",0.86
31,1000,5,"Clayton",2000,-2,"1(log(n))^2",0.87
32,1000,5,"Clayton",2000,-2,"1(log(n))^2",0.93
33,1000,5,"Clayton",2000,-2,"1(log(n))^2",0.98
34,1000,5,"Clayton",2000,-2,"1(log(n))^2",0.8
35,1000,5,"Clayton",2000,-2,"1(log(n))^2",1
36,1000,5,"Clayton",2000,-2,"1(log(n))^2",0.95
37,1000,5,"Clayton",2000,-2,"1(log(n))^2",0.74
38,1000,5,"Clayton",2000,-2,"1(log(n))^2",0.86
39,1000,5,"Clayton",2000,-2,"1(log(n))^2",0.32
40,1000,5,"Clayton",2000,-2,"1(log(n))^2",0.58
41,1000,5,"Clayton",2000,-2,"1(log(n))^2",0.99
42,1000,5,"Clayton",2000,-2,"1(log(n))^2",0.98
43,1000,5,"Clayton",2000,-2,"1(log(n))^2",0.99
44,1000,5,"Clayton",2000,-2,"1(log(n))^2",0.99
45,1000,5,"Clayton",2000,-2,"1(log(n))^2",0.85
46,1000,5,"Clayton",2000,-2,"1(log(n))^2",0.37
47,1000,5,"Clayton",2000,-2,"1(log(n))^2",0.62
48,1000,5,"Clayton",2000,-2,"1(log(n))^2",0.98
49,1000,5,"Clayton",2000,-2,"1(log(n))^2",0.23
50,1000,5,"Clayton",2000,-2,"1(log(n))^2",0.72
51,1000,5,"Clayton",2000,-2,"1(log(n))^2",0.94
52,1000,5,"Clayton",2000,-2,"1(log(n))^2",0.99
53,1000,5,"Clayton",2000,-2,"1(log(n))^2",0.97
54,1000,5,"Clayton",2000,-2,"1(log(n))^2",0.88
55,1000,5,"Clayton",2000,-2,"1(log(n))^2",0.99
56,1000,5,"Clayton",2000,-2,"1(log(n))^2",0.7
57,1000,5,"Clayton",2000,-2,"1(log(n))^2",0.72
58,1000,5,"Clayton",2000,-2,"1(log(n))^2",0.89
59,1000,5,"Clayton",2000,-2,"1(log(n))^2",1
60,1000,5,"Clayton",2000,-2,"1(log(n))^2",0.9
61,1000,5,"Clayton",2000,-2,"1(log(n))^2",0.85
62,1000,5,"Clayton",2000,-2,"1(log(n))^2",0.49
63,1000,5,"Clayton",2000,-2,"1(log(n))^2",0.97
64,1000,5,"Clayton",2000,-2,"1(log(n))^2",0.99
65,1000,5,"Clayton",2000,-2,"1(log(n))^2",0.85
66,1000,5,"Clayton",2000,-2,"1(log(n))^2",0.17
67,1000,5,"Clayton",2000,-2,"1(log(n))^2",0.36
68,1000,5,"Clayton",2000,-2,"1(log(n))^2",0.28
69,1000,5,"Clayton",2000,-2,"1(log(n))^2",0.97
70,1000,5,"Clayton",2000,-2,"1(log(n))^2",0.95
71,1000,5,"Clayton",2000,-2,"1(log(n))^2",0.98
72,1000,5,"Clayton",2000,-2,"1(log(n))^2",0.53
73,1000,5,"Clayton",2000,-2,"1(log(n))^2",0.7
74,1000,5,"Clayton",2000,-2,"1(log(n))^2",0.83
75,1000,5,"Clayton",2000,-2,"1(log(n))^2",0.86
76,1000,5,"Clayton",2000,-2,"1(log(n))^2",1
77,1000,5,"Clayton",2000,-2,"1(log(n))^2",0.43
78,1000,5,"Clayton",2000,-2,"1(log(n))^2",0.84
79,1000,5,"Clayton",2000,-2,"1(log(n))^2",0.5
80,1000,5,"Clayton",2000,-2,"1(log(n))^2",0.87
81,1000,5,"Clayton",2000,-2,"1(log(n))^2",1
82,1000,5,"Clayton",2000,-2,"1(log(n))^2",0.64
83,1000,5,"Clayton",2000,-2,"1(log(n))^2",0.99
84,1000,5,"Clayton",2000,-2,"1(log(n))^2",0.98
85,1000,5,"Clayton",2000,-2,"1(log(n))^2",0.88
86,1000,5,"Clayton",2000,-2,"1(log(n))^2",0.83
87,1000,5,"Clayton",2000,-2,"1(log(n))^2",0.68
88,1000,5,"Clayton",2000,-2,"1(log(n))^2",0.94
89,1000,5,"Clayton",2000,-2,"1(log(n))^2",0.82
90,1000,5,"Clayton",2000,-2,"1(log(n))^2",0.51
91,1000,5,"Clayton",2000,-2,"1(log(n))^2",0.71
92,1000,5,"Clayton",2000,-2,"1(log(n))^2",0.97
93,1000,5,"Clayton",2000,-2,"1(log(n))^2",0.6
94,1000,5,"Clayton",2000,-2,"1(log(n))^2",0.74
95,1000,5,"Clayton",2000,-2,"1(log(n))^2",0.87
96,1000,5,"Clayton",2000,-2,"1(log(n))^2",0.99
97,1000,5,"Clayton",2000,-2,"1(log(n))^2",1
98,1000,5,"Clayton",2000,-2,"1(log(n))^2",0.69
99,1000,5,"Clayton",2000,-2,"1(log(n))^2",0.84
100,1000,5,"Clayton",2000,-2,"1(log(n))^2",0.89
101,1000,5,"Clayton",2000,-2,"1(log(n))^2",0.95
102,1000,5,"Clayton",2000,-2,"1(log(n))^2",0.58
103,1000,5,"Clayton",2000,-2,"1(log(n))^2",0.82
104,1000,5,"Clayton",2000,-2,"1(log(n))^2",0.77
105,1000,5,"Clayton",2000,-2,"1(log(n))^2",1
106,1000,5,"Clayton",2000,-2,"1(log(n))^2",0.92
107,1000,5,"Clayton",2000,-2,"1(log(n))^2",0.88
108,1000,5,"Clayton",2000,-2,"1(log(n))^2",0.93
109,1000,5,"Clayton",2000,-2,"1(log(n))^2",0.79
110,1000,5,"Clayton",2000,-2,"1(log(n))^2",0.67
111,1000,5,"Clayton",2000,-2,"1(log(n))^2",0.69
112,1000,5,"Clayton",2000,-2,"1(log(n))^2",0.84
113,1000,5,"Clayton",2000,-2,"1(log(n))^2",0.81
114,1000,5,"Clayton",2000,-2,"1(log(n))^2",0.4
115,1000,5,"Clayton",2000,-2,"1(log(n))^2",0.8
116,1000,5,"Clayton",2000,-2,"1(log(n))^2",0.52
117,1000,5,"Clayton",2000,-2,"1(log(n))^2",0.85
118,1000,5,"Clayton",2000,-2,"1(log(n))^2",1
119,1000,5,"Clayton",2000,-2,"1(log(n))^2",0.83
120,1000,5,"Clayton",2000,-2,"1(log(n))^2",0.69
121,1000,5,"Clayton",2000,-2,"1(log(n))^2",0.22
122,1000,5,"Clayton",2000,-2,"1(log(n))^2",0.59
123,1000,5,"Clayton",2000,-2,"1(log(n))^2",1
124,1000,5,"Clayton",2000,-2,"1(log(n))^2",0.15
125,1000,5,"Clayton",2000,-2,"1(log(n))^2",0.55
126,1000,5,"Clayton",2000,-2,"1(log(n))^2",0.7
127,1000,5,"Clayton",2000,-2,"1(log(n))^2",0.49
128,1000,5,"Clayton",2000,-2,"1(log(n))^2",0.53
129,1000,5,"Clayton",2000,-2,"1(log(n))^2",0.93
130,1000,5,"Clayton",2000,-2,"1(log(n))^2",0.99
131,1000,5,"Clayton",2000,-2,"1(log(n))^2",0.94
132,1000,5,"Clayton",2000,-2,"1(log(n))^2",0.68
133,1000,5,"Clayton",2000,-2,"1(log(n))^2",1
134,1000,5,"Clayton",2000,-2,"1(log(n))^2",0.9
135,1000,5,"Clayton",2000,-2,"1(log(n))^2",0.96
136,1000,5,"Clayton",2000,-2,"1(log(n))^2",0.66
137,1000,5,"Clayton",2000,-2,"1(log(n))^2",0.66
138,1000,5,"Clayton",2000,-2,"1(log(n))^2",1
139,1000,5,"Clayton",2000,-2,"1(log(n))^2",0.89
140,1000,5,"Clayton",2000,-2,"1(log(n))^2",0.88
141,1000,5,"Clayton",2000,-2,"1(log(n))^2",0.71
142,1000,5,"Clayton",2000,-2,"1(log(n))^2",0.48
143,1000,5,"Clayton",2000,-2,"1(log(n))^2",0.73
144,1000,5,"Clayton",2000,-2,"1(log(n))^2",0.71
145,1000,5,"Clayton",2000,-2,"1(log(n))^2",0.98
146,1000,5,"Clayton",2000,-2,"1(log(n))^2",0.68
147,1000,5,"Clayton",2000,-2,"1(log(n))^2",0.79
148,1000,5,"Clayton",2000,-2,"1(log(n))^2",0.74
149,1000,5,"Clayton",2000,-2,"1(log(n))^2",0.69
150,1000,5,"Clayton",2000,-2,"1(log(n))^2",0.98
151,1000,5,"Clayton",2000,-2,"1(log(n))^2",0.84
152,1000,5,"Clayton",2000,-2,"1(log(n))^2",0.9
153,1000,5,"Clayton",2000,-2,"1(log(n))^2",0.52
154,1000,5,"Clayton",2000,-2,"1(log(n))^2",0.88
155,1000,5,"Clayton",2000,-2,"1(log(n))^2",0.77
156,1000,5,"Clayton",2000,-2,"1(log(n))^2",0.49
157,1000,5,"Clayton",2000,-2,"1(log(n))^2",0.9
158,1000,5,"Clayton",2000,-2,"1(log(n))^2",0.94
159,1000,5,"Clayton",2000,-2,"1(log(n))^2",0.7
160,1000,5,"Clayton",2000,-2,"1(log(n))^2",0.96
161,1000,5,"Clayton",2000,-2,"1(log(n))^2",0.24
162,1000,5,"Clayton",2000,-2,"1(log(n))^2",1
163,1000,5,"Clayton",2000,-2,"1(log(n))^2",0.99
164,1000,5,"Clayton",2000,-2,"1(log(n))^2",0.78
165,1000,5,"Clayton",2000,-2,"1(log(n))^2",1
166,1000,5,"Clayton",2000,-2,"1(log(n))^2",0.84
167,1000,5,"Clayton",2000,-2,"1(log(n))^2",0.68
168,1000,5,"Clayton",2000,-2,"1(log(n))^2",0.75
169,1000,5,"Clayton",2000,-2,"1(log(n))^2",0.54
170,1000,5,"Clayton",2000,-2,"1(log(n))^2",0.81
171,1000,5,"Clayton",2000,-2,"1(log(n))^2",1
172,1000,5,"Clayton",2000,-2,"1(log(n))^2",1
173,1000,5,"Clayton",2000,-2,"1(log(n))^2",0.86
174,1000,5,"Clayton",2000,-2,"1(log(n))^2",0.64
175,1000,5,"Clayton",2000,-2,"1(log(n))^2",0.96
176,1000,5,"Clayton",2000,-2,"1(log(n))^2",0.43
177,1000,5,"Clayton",2000,-2,"1(log(n))^2",0.97
178,1000,5,"Clayton",2000,-2,"1(log(n))^2",0.64
179,1000,5,"Clayton",2000,-2,"1(log(n))^2",0.82
180,1000,5,"Clayton",2000,-2,"1(log(n))^2",0.46
181,1000,5,"Clayton",2000,-2,"1(log(n))^2",0.43
182,1000,5,"Clayton",2000,-2,"1(log(n))^2",1
183,1000,5,"Clayton",2000,-2,"1(log(n))^2",1
184,1000,5,"Clayton",2000,-2,"1(log(n))^2",0.96
185,1000,5,"Clayton",2000,-2,"1(log(n))^2",0.79
186,1000,5,"Clayton",2000,-2,"1(log(n))^2",0.99
187,1000,5,"Clayton",2000,-2,"1(log(n))^2",0.83
188,1000,5,"Clayton",2000,-2,"1(log(n))^2",0.65
189,1000,5,"Clayton",2000,-2,"1(log(n))^2",1
190,1000,5,"Clayton",2000,-2,"1(log(n))^2",0.31
191,1000,5,"Clayton",2000,-2,"1(log(n))^2",1
192,1000,5,"Clayton",2000,-2,"1(log(n))^2",1
193,1000,5,"Clayton",2000,-2,"1(log(n))^2",0.9
194,1000,5,"Clayton",2000,-2,"1(log(n))^2",0.99
195,1000,5,"Clayton",2000,-2,"1(log(n))^2",0.51
196,1000,5,"Clayton",2000,-2,"1(log(n))^2",0.66
197,1000,5,"Clayton",2000,-2,"1(log(n))^2",0.89
198,1000,5,"Clayton",2000,-2,"1(log(n))^2",0.76
199,1000,5,"Clayton",2000,-2,"1(log(n))^2",0.83
200,1000,5,"Clayton",2000,-2,"1(log(n))^2",0.55
201,1000,5,"Clayton",2000,-2,"1(log(n))^2",0.39
202,1000,5,"Clayton",2000,-2,"1(log(n))^2",0.95
203,1000,5,"Clayton",2000,-2,"1(log(n))^2",1
204,1000,5,"Clayton",2000,-2,"1(log(n))^2",0.61
205,1000,5,"Clayton",2000,-2,"1(log(n))^2",0.61
206,1000,5,"Clayton",2000,-2,"1(log(n))^2",0.9
207,1000,5,"Clayton",2000,-2,"1(log(n))^2",0.52
208,1000,5,"Clayton",2000,-2,"1(log(n))^2",0.84
209,1000,5,"Clayton",2000,-2,"1(log(n))^2",0.78
210,1000,5,"Clayton",2000,-2,"1(log(n))^2",0.98
211,1000,5,"Clayton",2000,-2,"1(log(n))^2",0.79
212,1000,5,"Clayton",2000,-2,"1(log(n))^2",1
213,1000,5,"Clayton",2000,-2,"1(log(n))^2",0.77
214,1000,5,"Clayton",2000,-2,"1(log(n))^2",1
215,1000,5,"Clayton",2000,-2,"1(log(n))^2",0.93
216,1000,5,"Clayton",2000,-2,"1(log(n))^2",0.73
217,1000,5,"Clayton",2000,-2,"1(log(n))^2",0.48
218,1000,5,"Clayton",2000,-2,"1(log(n))^2",1
219,1000,5,"Clayton",2000,-2,"1(log(n))^2",0.66
220,1000,5,"Clayton",2000,-2,"1(log(n))^2",1
221,1000,5,"Clayton",2000,-2,"1(log(n))^2",0.98
222,1000,5,"Clayton",2000,-2,"1(log(n))^2",0.29
223,1000,5,"Clayton",2000,-2,"1(log(n))^2",0.65
224,1000,5,"Clayton",2000,-2,"1(log(n))^2",0.78
225,1000,5,"Clayton",2000,-2,"1(log(n))^2",0.95
226,1000,5,"Clayton",2000,-2,"1(log(n))^2",0.96
227,1000,5,"Clayton",2000,-2,"1(log(n))^2",0.85
228,1000,5,"Clayton",2000,-2,"1(log(n))^2",1
229,1000,5,"Clayton",2000,-2,"1(log(n))^2",0.95
230,1000,5,"Clayton",2000,-2,"1(log(n))^2",0.99
231,1000,5,"Clayton",2000,-2,"1(log(n))^2",0.53
232,1000,5,"Clayton",2000,-2,"1(log(n))^2",0.96
233,1000,5,"Clayton",2000,-2,"1(log(n))^2",0.85
234,1000,5,"Clayton",2000,-2,"1(log(n))^2",0.72
235,1000,5,"Clayton",2000,-2,"1(log(n))^2",0.87
236,1000,5,"Clayton",2000,-2,"1(log(n))^2",1
237,1000,5,"Clayton",2000,-2,"1(log(n))^2",1
238,1000,5,"Clayton",2000,-2,"1(log(n))^2",0.97
239,1000,5,"Clayton",2000,-2,"1(log(n))^2",0.92
240,1000,5,"Clayton",2000,-2,"1(log(n))^2",0.94
241,1000,5,"Clayton",2000,-2,"1(log(n))^2",0.63
242,1000,5,"Clayton",2000,-2,"1(log(n))^2",0.32
243,1000,5,"Clayton",2000,-2,"1(log(n))^2",0.86
244,1000,5,"Clayton",2000,-2,"1(log(n))^2",0.59
245,1000,5,"Clayton",2000,-2,"1(log(n))^2",1
246,1000,5,"Clayton",2000,-2,"1(log(n))^2",0.96
247,1000,5,"Clayton",2000,-2,"1(log(n))^2",0.72
248,1000,5,"Clayton",2000,-2,"1(log(n))^2",0.66
249,1000,5,"Clayton",2000,-2,"1(log(n))^2",0.83
250,1000,5,"Clayton",2000,-2,"1(log(n))^2",0.92
251,1000,5,"Clayton",2000,-2,"1(log(n))^2",0.95
252,1000,5,"Clayton",2000,-2,"1(log(n))^2",0.91
253,1000,5,"Clayton",2000,-2,"1(log(n))^2",0.99
254,1000,5,"Clayton",2000,-2,"1(log(n))^2",0.97
255,1000,5,"Clayton",2000,-2,"1(log(n))^2",0.6
256,1000,5,"Clayton",2000,-2,"1(log(n))^2",0.92
257,1000,5,"Clayton",2000,-2,"1(log(n))^2",0.98
258,1000,5,"Clayton",2000,-2,"1(log(n))^2",0.57
259,1000,5,"Clayton",2000,-2,"1(log(n))^2",0.33
260,1000,5,"Clayton",2000,-2,"1(log(n))^2",0.97
261,1000,5,"Clayton",2000,-2,"1(log(n))^2",0.44
262,1000,5,"Clayton",2000,-2,"1(log(n))^2",0.52
263,1000,5,"Clayton",2000,-2,"1(log(n))^2",0.74
264,1000,5,"Clayton",2000,-2,"1(log(n))^2",0.47
265,1000,5,"Clayton",2000,-2,"1(log(n))^2",0.79
266,1000,5,"Clayton",2000,-2,"1(log(n))^2",0.56
267,1000,5,"Clayton",2000,-2,"1(log(n))^2",0.15
268,1000,5,"Clayton",2000,-2,"1(log(n))^2",0.65
269,1000,5,"Clayton",2000,-2,"1(log(n))^2",0.84
270,1000,5,"Clayton",2000,-2,"1(log(n))^2",0.84
271,1000,5,"Clayton",2000,-2,"1(log(n))^2",0.65
272,1000,5,"Clayton",2000,-2,"1(log(n))^2",0.75
273,1000,5,"Clayton",2000,-2,"1(log(n))^2",0.95
274,1000,5,"Clayton",2000,-2,"1(log(n))^2",0.95
275,1000,5,"Clayton",2000,-2,"1(log(n))^2",0.3
276,1000,5,"Clayton",2000,-2,"1(log(n))^2",1
277,1000,5,"Clayton",2000,-2,"1(log(n))^2",0.63
278,1000,5,"Clayton",2000,-2,"1(log(n))^2",1
279,1000,5,"Clayton",2000,-2,"1(log(n))^2",0.37
280,1000,5,"Clayton",2000,-2,"1(log(n))^2",0.99
281,1000,5,"Clayton",2000,-2,"1(log(n))^2",0.44
282,1000,5,"Clayton",2000,-2,"1(log(n))^2",0.54
283,1000,5,"Clayton",2000,-2,"1(log(n))^2",0.79
284,1000,5,"Clayton",2000,-2,"1(log(n))^2",0.87
285,1000,5,"Clayton",2000,-2,"1(log(n))^2",0.8
286,1000,5,"Clayton",2000,-2,"1(log(n))^2",0.63
287,1000,5,"Clayton",2000,-2,"1(log(n))^2",0.76
288,1000,5,"Clayton",2000,-2,"1(log(n))^2",0.61
289,1000,5,"Clayton",2000,-2,"1(log(n))^2",0.87
290,1000,5,"Clayton",2000,-2,"1(log(n))^2",0.99
291,1000,5,"Clayton",2000,-2,"1(log(n))^2",0.79
292,1000,5,"Clayton",2000,-2,"1(log(n))^2",0.49
293,1000,5,"Clayton",2000,-2,"1(log(n))^2",0.98
294,1000,5,"Clayton",2000,-2,"1(log(n))^2",0.75
295,1000,5,"Clayton",2000,-2,"1(log(n))^2",0.85
296,1000,5,"Clayton",2000,-2,"1(log(n))^2",0.66
297,1000,5,"Clayton",2000,-2,"1(log(n))^2",0.9
298,1000,5,"Clayton",2000,-2,"1(log(n))^2",0.93
299,1000,5,"Clayton",2000,-2,"1(log(n))^2",0.97
300,1000,5,"Clayton",2000,-2,"1(log(n))^2",1
301,1000,5,"Clayton",2000,-2,"1(log(n))^2",0.72
302,1000,5,"Clayton",2000,-2,"1(log(n))^2",0.46
303,1000,5,"Clayton",2000,-2,"1(log(n))^2",0.1
304,1000,5,"Clayton",2000,-2,"1(log(n))^2",0.75
305,1000,5,"Clayton",2000,-2,"1(log(n))^2",0.8
306,1000,5,"Clayton",2000,-2,"1(log(n))^2",0.93
307,1000,5,"Clayton",2000,-2,"1(log(n))^2",0.97
308,1000,5,"Clayton",2000,-2,"1(log(n))^2",0.74
309,1000,5,"Clayton",2000,-2,"1(log(n))^2",0.97
310,1000,5,"Clayton",2000,-2,"1(log(n))^2",0.91
311,1000,5,"Clayton",2000,-2,"1(log(n))^2",0.98
312,1000,5,"Clayton",2000,-2,"1(log(n))^2",1
313,1000,5,"Clayton",2000,-2,"1(log(n))^2",0.74
314,1000,5,"Clayton",2000,-2,"1(log(n))^2",0.66
315,1000,5,"Clayton",2000,-2,"1(log(n))^2",0.7
316,1000,5,"Clayton",2000,-2,"1(log(n))^2",0.62
317,1000,5,"Clayton",2000,-2,"1(log(n))^2",1
318,1000,5,"Clayton",2000,-2,"1(log(n))^2",0.63
319,1000,5,"Clayton",2000,-2,"1(log(n))^2",0.35
320,1000,5,"Clayton",2000,-2,"1(log(n))^2",0.7
321,1000,5,"Clayton",2000,-2,"1(log(n))^2",1
322,1000,5,"Clayton",2000,-2,"1(log(n))^2",0.9
323,1000,5,"Clayton",2000,-2,"1(log(n))^2",0.9
324,1000,5,"Clayton",2000,-2,"1(log(n))^2",0.67
325,1000,5,"Clayton",2000,-2,"1(log(n))^2",0.82
326,1000,5,"Clayton",2000,-2,"1(log(n))^2",0.25
327,1000,5,"Clayton",2000,-2,"1(log(n))^2",0.98
328,1000,5,"Clayton",2000,-2,"1(log(n))^2",1
329,1000,5,"Clayton",2000,-2,"1(log(n))^2",0.7
330,1000,5,"Clayton",2000,-2,"1(log(n))^2",0.67
331,1000,5,"Clayton",2000,-2,"1(log(n))^2",0.28
332,1000,5,"Clayton",2000,-2,"1(log(n))^2",0.92
333,1000,5,"Clayton",2000,-2,"1(log(n))^2",0.94
334,1000,5,"Clayton",2000,-2,"1(log(n))^2",0.86
335,1000,5,"Clayton",2000,-2,"1(log(n))^2",1
336,1000,5,"Clayton",2000,-2,"1(log(n))^2",0.92
337,1000,5,"Clayton",2000,-2,"1(log(n))^2",0.73
338,1000,5,"Clayton",2000,-2,"1(log(n))^2",0.86
339,1000,5,"Clayton",2000,-2,"1(log(n))^2",0.66
340,1000,5,"Clayton",2000,-2,"1(log(n))^2",0.81
341,1000,5,"Clayton",2000,-2,"1(log(n))^2",0.79
342,1000,5,"Clayton",2000,-2,"1(log(n))^2",0.99
343,1000,5,"Clayton",2000,-2,"1(log(n))^2",1
344,1000,5,"Clayton",2000,-2,"1(log(n))^2",0.96
345,1000,5,"Clayton",2000,-2,"1(log(n))^2",0.89
346,1000,5,"Clayton",2000,-2,"1(log(n))^2",0.86
347,1000,5,"Clayton",2000,-2,"1(log(n))^2",0.99
348,1000,5,"Clayton",2000,-2,"1(log(n))^2",0.78
349,1000,5,"Clayton",2000,-2,"1(log(n))^2",0.89
350,1000,5,"Clayton",2000,-2,"1(log(n))^2",0.26
351,1000,5,"Clayton",2000,-2,"1(log(n))^2",0.7
352,1000,5,"Clayton",2000,-2,"1(log(n))^2",0.93
353,1000,5,"Clayton",2000,-2,"1(log(n))^2",0.59
354,1000,5,"Clayton",2000,-2,"1(log(n))^2",0.98
355,1000,5,"Clayton",2000,-2,"1(log(n))^2",0.62
356,1000,5,"Clayton",2000,-2,"1(log(n))^2",0.76
357,1000,5,"Clayton",2000,-2,"1(log(n))^2",0.99
358,1000,5,"Clayton",2000,-2,"1(log(n))^2",0.99
359,1000,5,"Clayton",2000,-2,"1(log(n))^2",0.92
360,1000,5,"Clayton",2000,-2,"1(log(n))^2",0.67
361,1000,5,"Clayton",2000,-2,"1(log(n))^2",0.54
362,1000,5,"Clayton",2000,-2,"1(log(n))^2",0.8
363,1000,5,"Clayton",2000,-2,"1(log(n))^2",0.88
364,1000,5,"Clayton",2000,-2,"1(log(n))^2",0.68
365,1000,5,"Clayton",2000,-2,"1(log(n))^2",0.97
366,1000,5,"Clayton",2000,-2,"1(log(n))^2",0.49
367,1000,5,"Clayton",2000,-2,"1(log(n))^2",0.64
368,1000,5,"Clayton",2000,-2,"1(log(n))^2",0.77
369,1000,5,"Clayton",2000,-2,"1(log(n))^2",0.99
370,1000,5,"Clayton",2000,-2,"1(log(n))^2",1
371,1000,5,"Clayton",2000,-2,"1(log(n))^2",0.76
372,1000,5,"Clayton",2000,-2,"1(log(n))^2",0.91
373,1000,5,"Clayton",2000,-2,"1(log(n))^2",0.47
374,1000,5,"Clayton",2000,-2,"1(log(n))^2",0.22
375,1000,5,"Clayton",2000,-2,"1(log(n))^2",0.99
376,1000,5,"Clayton",2000,-2,"1(log(n))^2",0.69
377,1000,5,"Clayton",2000,-2,"1(log(n))^2",1
378,1000,5,"Clayton",2000,-2,"1(log(n))^2",0.93
379,1000,5,"Clayton",2000,-2,"1(log(n))^2",0.79
380,1000,5,"Clayton",2000,-2,"1(log(n))^2",0.72
381,1000,5,"Clayton",2000,-2,"1(log(n))^2",0.72
382,1000,5,"Clayton",2000,-2,"1(log(n))^2",0.89
383,1000,5,"Clayton",2000,-2,"1(log(n))^2",0.45
384,1000,5,"Clayton",2000,-2,"1(log(n))^2",0.99
385,1000,5,"Clayton",2000,-2,"1(log(n))^2",0.76
386,1000,5,"Clayton",2000,-2,"1(log(n))^2",0.35
387,1000,5,"Clayton",2000,-2,"1(log(n))^2",0.75
388,1000,5,"Clayton",2000,-2,"1(log(n))^2",0.91
389,1000,5,"Clayton",2000,-2,"1(log(n))^2",0.31
390,1000,5,"Clayton",2000,-2,"1(log(n))^2",0.85
391,1000,5,"Clayton",2000,-2,"1(log(n))^2",0.3
392,1000,5,"Clayton",2000,-2,"1(log(n))^2",0.36
393,1000,5,"Clayton",2000,-2,"1(log(n))^2",0.98
394,1000,5,"Clayton",2000,-2,"1(log(n))^2",0.37
395,1000,5,"Clayton",2000,-2,"1(log(n))^2",0.98
396,1000,5,"Clayton",2000,-2,"1(log(n))^2",0.99
397,1000,5,"Clayton",2000,-2,"1(log(n))^2",0.8
398,1000,5,"Clayton",2000,-2,"1(log(n))^2",0.57
399,1000,5,"Clayton",2000,-2,"1(log(n))^2",0.97
400,1000,5,"Clayton",2000,-2,"1(log(n))^2",1
401,1000,5,"Clayton",2000,-2,"1(log(n))^2",0.34
402,1000,5,"Clayton",2000,-2,"1(log(n))^2",1
403,1000,5,"Clayton",2000,-2,"1(log(n))^2",1
404,1000,5,"Clayton",2000,-2,"1(log(n))^2",0.72
405,1000,5,"Clayton",2000,-2,"1(log(n))^2",0.85
406,1000,5,"Clayton",2000,-2,"1(log(n))^2",0.87
407,1000,5,"Clayton",2000,-2,"1(log(n))^2",0.99
408,1000,5,"Clayton",2000,-2,"1(log(n))^2",1
409,1000,5,"Clayton",2000,-2,"1(log(n))^2",0.84
410,1000,5,"Clayton",2000,-2,"1(log(n))^2",0.66
411,1000,5,"Clayton",2000,-2,"1(log(n))^2",0.89
412,1000,5,"Clayton",2000,-2,"1(log(n))^2",0.79
413,1000,5,"Clayton",2000,-2,"1(log(n))^2",0.93
414,1000,5,"Clayton",2000,-2,"1(log(n))^2",0.66
415,1000,5,"Clayton",2000,-2,"1(log(n))^2",0.69
416,1000,5,"Clayton",2000,-2,"1(log(n))^2",0.6
417,1000,5,"Clayton",2000,-2,"1(log(n))^2",0.64
418,1000,5,"Clayton",2000,-2,"1(log(n))^2",0.95
419,1000,5,"Clayton",2000,-2,"1(log(n))^2",0.35
420,1000,5,"Clayton",2000,-2,"1(log(n))^2",0.58
421,1000,5,"Clayton",2000,-2,"1(log(n))^2",0.85
422,1000,5,"Clayton",2000,-2,"1(log(n))^2",0.91
423,1000,5,"Clayton",2000,-2,"1(log(n))^2",0.94
424,1000,5,"Clayton",2000,-2,"1(log(n))^2",0.83
425,1000,5,"Clayton",2000,-2,"1(log(n))^2",0.5
426,1000,5,"Clayton",2000,-2,"1(log(n))^2",0.94
427,1000,5,"Clayton",2000,-2,"1(log(n))^2",0.67
428,1000,5,"Clayton",2000,-2,"1(log(n))^2",1
429,1000,5,"Clayton",2000,-2,"1(log(n))^2",0.77
430,1000,5,"Clayton",2000,-2,"1(log(n))^2",0.64
431,1000,5,"Clayton",2000,-2,"1(log(n))^2",0.84
432,1000,5,"Clayton",2000,-2,"1(log(n))^2",0.97
433,1000,5,"Clayton",2000,-2,"1(log(n))^2",0.92
434,1000,5,"Clayton",2000,-2,"1(log(n))^2",0.54
435,1000,5,"Clayton",2000,-2,"1(log(n))^2",0.72
436,1000,5,"Clayton",2000,-2,"1(log(n))^2",0.88
437,1000,5,"Clayton",2000,-2,"1(log(n))^2",0.88
438,1000,5,"Clayton",2000,-2,"1(log(n))^2",1
439,1000,5,"Clayton",2000,-2,"1(log(n))^2",1
440,1000,5,"Clayton",2000,-2,"1(log(n))^2",0.93
441,1000,5,"Clayton",2000,-2,"1(log(n))^2",0.86
442,1000,5,"Clayton",2000,-2,"1(log(n))^2",0.95
443,1000,5,"Clayton",2000,-2,"1(log(n))^2",0.78
444,1000,5,"Clayton",2000,-2,"1(log(n))^2",0.79
445,1000,5,"Clayton",2000,-2,"1(log(n))^2",0.97
446,1000,5,"Clayton",2000,-2,"1(log(n))^2",0.34
447,1000,5,"Clayton",2000,-2,"1(log(n))^2",0.97
448,1000,5,"Clayton",2000,-2,"1(log(n))^2",1
449,1000,5,"Clayton",2000,-2,"1(log(n))^2",0.99
450,1000,5,"Clayton",2000,-2,"1(log(n))^2",0.4
451,1000,5,"Clayton",2000,-2,"1(log(n))^2",0.69
452,1000,5,"Clayton",2000,-2,"1(log(n))^2",0.94
453,1000,5,"Clayton",2000,-2,"1(log(n))^2",0.91
454,1000,5,"Clayton",2000,-2,"1(log(n))^2",0.99
455,1000,5,"Clayton",2000,-2,"1(log(n))^2",0.84
456,1000,5,"Clayton",2000,-2,"1(log(n))^2",1
457,1000,5,"Clayton",2000,-2,"1(log(n))^2",0.66
458,1000,5,"Clayton",2000,-2,"1(log(n))^2",0.92
459,1000,5,"Clayton",2000,-2,"1(log(n))^2",0.98
460,1000,5,"Clayton",2000,-2,"1(log(n))^2",1
461,1000,5,"Clayton",2000,-2,"1(log(n))^2",0.41
462,1000,5,"Clayton",2000,-2,"1(log(n))^2",0.99
463,1000,5,"Clayton",2000,-2,"1(log(n))^2",1
464,1000,5,"Clayton",2000,-2,"1(log(n))^2",0.36
465,1000,5,"Clayton",2000,-2,"1(log(n))^2",0.92
466,1000,5,"Clayton",2000,-2,"1(log(n))^2",0.56
467,1000,5,"Clayton",2000,-2,"1(log(n))^2",0.55
468,1000,5,"Clayton",2000,-2,"1(log(n))^2",0.93
469,1000,5,"Clayton",2000,-2,"1(log(n))^2",0.94
470,1000,5,"Clayton",2000,-2,"1(log(n))^2",0.64
471,1000,5,"Clayton",2000,-2,"1(log(n))^2",0.48
472,1000,5,"Clayton",2000,-2,"1(log(n))^2",0.45
473,1000,5,"Clayton",2000,-2,"1(log(n))^2",0.71
474,1000,5,"Clayton",2000,-2,"1(log(n))^2",0.84
475,1000,5,"Clayton",2000,-2,"1(log(n))^2",0.86
476,1000,5,"Clayton",2000,-2,"1(log(n))^2",0.66
477,1000,5,"Clayton",2000,-2,"1(log(n))^2",0.98
478,1000,5,"Clayton",2000,-2,"1(log(n))^2",1
479,1000,5,"Clayton",2000,-2,"1(log(n))^2",1
480,1000,5,"Clayton",2000,-2,"1(log(n))^2",0.32
481,1000,5,"Clayton",2000,-2,"1(log(n))^2",0.92
482,1000,5,"Clayton",2000,-2,"1(log(n))^2",0.81
483,1000,5,"Clayton",2000,-2,"1(log(n))^2",0.84
484,1000,5,"Clayton",2000,-2,"1(log(n))^2",0.92
485,1000,5,"Clayton",2000,-2,"1(log(n))^2",0.73
486,1000,5,"Clayton",2000,-2,"1(log(n))^2",0.94
487,1000,5,"Clayton",2000,-2,"1(log(n))^2",0.89
488,1000,5,"Clayton",2000,-2,"1(log(n))^2",0.87
489,1000,5,"Clayton",2000,-2,"1(log(n))^2",0.97
490,1000,5,"Clayton",2000,-2,"1(log(n))^2",1
491,1000,5,"Clayton",2000,-2,"1(log(n))^2",0.99
492,1000,5,"Clayton",2000,-2,"1(log(n))^2",0.97
493,1000,5,"Clayton",2000,-2,"1(log(n))^2",0.68
494,1000,5,"Clayton",2000,-2,"1(log(n))^2",0.99
495,1000,5,"Clayton",2000,-2,"1(log(n))^2",0.44
496,1000,5,"Clayton",2000,-2,"1(log(n))^2",0.74
497,1000,5,"Clayton",2000,-2,"1(log(n))^2",0.92
498,1000,5,"Clayton",2000,-2,"1(log(n))^2",0.94
499,1000,5,"Clayton",2000,-2,"1(log(n))^2",0.52
500,1000,5,"Clayton",2000,-2,"1(log(n))^2",1
501,1000,5,"Clayton",2000,-2,"1(log(n))^2",0.76
502,1000,5,"Clayton",2000,-2,"1(log(n))^2",0.93
503,1000,5,"Clayton",2000,-2,"1(log(n))^2",0.89
504,1000,5,"Clayton",2000,-2,"1(log(n))^2",0.55
505,1000,5,"Clayton",2000,-2,"1(log(n))^2",0.91
506,1000,5,"Clayton",2000,-2,"1(log(n))^2",0.87
507,1000,5,"Clayton",2000,-2,"1(log(n))^2",0.99
508,1000,5,"Clayton",2000,-2,"1(log(n))^2",0.1
509,1000,5,"Clayton",2000,-2,"1(log(n))^2",0.7
510,1000,5,"Clayton",2000,-2,"1(log(n))^2",0.84
511,1000,5,"Clayton",2000,-2,"1(log(n))^2",0.87
512,1000,5,"Clayton",2000,-2,"1(log(n))^2",1
513,1000,5,"Clayton",2000,-2,"1(log(n))^2",0.79
514,1000,5,"Clayton",2000,-2,"1(log(n))^2",0.98
515,1000,5,"Clayton",2000,-2,"1(log(n))^2",0.98
516,1000,5,"Clayton",2000,-2,"1(log(n))^2",0.73
517,1000,5,"Clayton",2000,-2,"1(log(n))^2",0.47
518,1000,5,"Clayton",2000,-2,"1(log(n))^2",0.86
519,1000,5,"Clayton",2000,-2,"1(log(n))^2",0.64
520,1000,5,"Clayton",2000,-2,"1(log(n))^2",0.67
521,1000,5,"Clayton",2000,-2,"1(log(n))^2",0.48
522,1000,5,"Clayton",2000,-2,"1(log(n))^2",1
523,1000,5,"Clayton",2000,-2,"1(log(n))^2",0.58
524,1000,5,"Clayton",2000,-2,"1(log(n))^2",0.7
525,1000,5,"Clayton",2000,-2,"1(log(n))^2",0.9
526,1000,5,"Clayton",2000,-2,"1(log(n))^2",0.52
527,1000,5,"Clayton",2000,-2,"1(log(n))^2",0.32
528,1000,5,"Clayton",2000,-2,"1(log(n))^2",0.6
529,1000,5,"Clayton",2000,-2,"1(log(n))^2",0.62
530,1000,5,"Clayton",2000,-2,"1(log(n))^2",0.44
531,1000,5,"Clayton",2000,-2,"1(log(n))^2",0.21
532,1000,5,"Clayton",2000,-2,"1(log(n))^2",1
533,1000,5,"Clayton",2000,-2,"1(log(n))^2",0.74
534,1000,5,"Clayton",2000,-2,"1(log(n))^2",0.99
535,1000,5,"Clayton",2000,-2,"1(log(n))^2",0.67
536,1000,5,"Clayton",2000,-2,"1(log(n))^2",0.35
537,1000,5,"Clayton",2000,-2,"1(log(n))^2",0.75
538,1000,5,"Clayton",2000,-2,"1(log(n))^2",0.81
539,1000,5,"Clayton",2000,-2,"1(log(n))^2",0.92
540,1000,5,"Clayton",2000,-2,"1(log(n))^2",0.63
541,1000,5,"Clayton",2000,-2,"1(log(n))^2",0.94
542,1000,5,"Clayton",2000,-2,"1(log(n))^2",0.68
543,1000,5,"Clayton",2000,-2,"1(log(n))^2",0.92
544,1000,5,"Clayton",2000,-2,"1(log(n))^2",1
545,1000,5,"Clayton",2000,-2,"1(log(n))^2",0.81
546,1000,5,"Clayton",2000,-2,"1(log(n))^2",0.89
547,1000,5,"Clayton",2000,-2,"1(log(n))^2",1
548,1000,5,"Clayton",2000,-2,"1(log(n))^2",0.84
549,1000,5,"Clayton",2000,-2,"1(log(n))^2",0.84
550,1000,5,"Clayton",2000,-2,"1(log(n))^2",0.68
551,1000,5,"Clayton",2000,-2,"1(log(n))^2",0.95
552,1000,5,"Clayton",2000,-2,"1(log(n))^2",1
553,1000,5,"Clayton",2000,-2,"1(log(n))^2",0.98
554,1000,5,"Clayton",2000,-2,"1(log(n))^2",0.43
555,1000,5,"Clayton",2000,-2,"1(log(n))^2",0.85
556,1000,5,"Clayton",2000,-2,"1(log(n))^2",0.65
557,1000,5,"Clayton",2000,-2,"1(log(n))^2",0.85
558,1000,5,"Clayton",2000,-2,"1(log(n))^2",0.99
559,1000,5,"Clayton",2000,-2,"1(log(n))^2",0.99
560,1000,5,"Clayton",2000,-2,"1(log(n))^2",0.93
561,1000,5,"Clayton",2000,-2,"1(log(n))^2",0.88
562,1000,5,"Clayton",2000,-2,"1(log(n))^2",0.44
563,1000,5,"Clayton",2000,-2,"1(log(n))^2",1
564,1000,5,"Clayton",2000,-2,"1(log(n))^2",0.54
565,1000,5,"Clayton",2000,-2,"1(log(n))^2",0.57
566,1000,5,"Clayton",2000,-2,"1(log(n))^2",0.98
567,1000,5,"Clayton",2000,-2,"1(log(n))^2",0.99
568,1000,5,"Clayton",2000,-2,"1(log(n))^2",0.85
569,1000,5,"Clayton",2000,-2,"1(log(n))^2",1
570,1000,5,"Clayton",2000,-2,"1(log(n))^2",0.98
571,1000,5,"Clayton",2000,-2,"1(log(n))^2",0.97
572,1000,5,"Clayton",2000,-2,"1(log(n))^2",0.83
573,1000,5,"Clayton",2000,-2,"1(log(n))^2",0.64
574,1000,5,"Clayton",2000,-2,"1(log(n))^2",0.73
575,1000,5,"Clayton",2000,-2,"1(log(n))^2",0.69
576,1000,5,"Clayton",2000,-2,"1(log(n))^2",0.98
577,1000,5,"Clayton",2000,-2,"1(log(n))^2",0.79
578,1000,5,"Clayton",2000,-2,"1(log(n))^2",1
579,1000,5,"Clayton",2000,-2,"1(log(n))^2",0.27
580,1000,5,"Clayton",2000,-2,"1(log(n))^2",0.51
581,1000,5,"Clayton",2000,-2,"1(log(n))^2",1
582,1000,5,"Clayton",2000,-2,"1(log(n))^2",0.95
583,1000,5,"Clayton",2000,-2,"1(log(n))^2",0.83
584,1000,5,"Clayton",2000,-2,"1(log(n))^2",0.91
585,1000,5,"Clayton",2000,-2,"1(log(n))^2",0.41
586,1000,5,"Clayton",2000,-2,"1(log(n))^2",0.91
587,1000,5,"Clayton",2000,-2,"1(log(n))^2",0.52
588,1000,5,"Clayton",2000,-2,"1(log(n))^2",0.76
589,1000,5,"Clayton",2000,-2,"1(log(n))^2",0.85
590,1000,5,"Clayton",2000,-2,"1(log(n))^2",0.85
591,1000,5,"Clayton",2000,-2,"1(log(n))^2",0.94
592,1000,5,"Clayton",2000,-2,"1(log(n))^2",0.98
593,1000,5,"Clayton",2000,-2,"1(log(n))^2",0.94
594,1000,5,"Clayton",2000,-2,"1(log(n))^2",0.9
595,1000,5,"Clayton",2000,-2,"1(log(n))^2",0.95
596,1000,5,"Clayton",2000,-2,"1(log(n))^2",0.89
597,1000,5,"Clayton",2000,-2,"1(log(n))^2",0.91
598,1000,5,"Clayton",2000,-2,"1(log(n))^2",0.8
599,1000,5,"Clayton",2000,-2,"1(log(n))^2",0.98
600,1000,5,"Clayton",2000,-2,"1(log(n))^2",0.77
601,1000,5,"Clayton",2000,-2,"1(log(n))^2",1
602,1000,5,"Clayton",2000,-2,"1(log(n))^2",0.88
603,1000,5,"Clayton",2000,-2,"1(log(n))^2",1
604,1000,5,"Clayton",2000,-2,"1(log(n))^2",0.94
605,1000,5,"Clayton",2000,-2,"1(log(n))^2",0.5
606,1000,5,"Clayton",2000,-2,"1(log(n))^2",0.78
607,1000,5,"Clayton",2000,-2,"1(log(n))^2",0.86
608,1000,5,"Clayton",2000,-2,"1(log(n))^2",0.99
609,1000,5,"Clayton",2000,-2,"1(log(n))^2",0.78
610,1000,5,"Clayton",2000,-2,"1(log(n))^2",0.87
611,1000,5,"Clayton",2000,-2,"1(log(n))^2",0.98
612,1000,5,"Clayton",2000,-2,"1(log(n))^2",0.97
613,1000,5,"Clayton",2000,-2,"1(log(n))^2",1
614,1000,5,"Clayton",2000,-2,"1(log(n))^2",0.99
615,1000,5,"Clayton",2000,-2,"1(log(n))^2",1
616,1000,5,"Clayton",2000,-2,"1(log(n))^2",0.49
617,1000,5,"Clayton",2000,-2,"1(log(n))^2",0.89
618,1000,5,"Clayton",2000,-2,"1(log(n))^2",0.87
619,1000,5,"Clayton",2000,-2,"1(log(n))^2",0.99
620,1000,5,"Clayton",2000,-2,"1(log(n))^2",0.96
621,1000,5,"Clayton",2000,-2,"1(log(n))^2",0.99
622,1000,5,"Clayton",2000,-2,"1(log(n))^2",0.99
623,1000,5,"Clayton",2000,-2,"1(log(n))^2",0.87
624,1000,5,"Clayton",2000,-2,"1(log(n))^2",0.99
625,1000,5,"Clayton",2000,-2,"1(log(n))^2",0.97
626,1000,5,"Clayton",2000,-2,"1(log(n))^2",0.99
627,1000,5,"Clayton",2000,-2,"1(log(n))^2",0.96
628,1000,5,"Clayton",2000,-2,"1(log(n))^2",0.39
629,1000,5,"Clayton",2000,-2,"1(log(n))^2",0.58
630,1000,5,"Clayton",2000,-2,"1(log(n))^2",0.96
631,1000,5,"Clayton",2000,-2,"1(log(n))^2",0.78
632,1000,5,"Clayton",2000,-2,"1(log(n))^2",0.84
633,1000,5,"Clayton",2000,-2,"1(log(n))^2",0.98
634,1000,5,"Clayton",2000,-2,"1(log(n))^2",0.57
635,1000,5,"Clayton",2000,-2,"1(log(n))^2",0.42
636,1000,5,"Clayton",2000,-2,"1(log(n))^2",0.69
637,1000,5,"Clayton",2000,-2,"1(log(n))^2",0.47
638,1000,5,"Clayton",2000,-2,"1(log(n))^2",0.99
639,1000,5,"Clayton",2000,-2,"1(log(n))^2",0.51
640,1000,5,"Clayton",2000,-2,"1(log(n))^2",0.51
641,1000,5,"Clayton",2000,-2,"1(log(n))^2",1
642,1000,5,"Clayton",2000,-2,"1(log(n))^2",0.93
643,1000,5,"Clayton",2000,-2,"1(log(n))^2",0.97
644,1000,5,"Clayton",2000,-2,"1(log(n))^2",0.3
645,1000,5,"Clayton",2000,-2,"1(log(n))^2",0.84
646,1000,5,"Clayton",2000,-2,"1(log(n))^2",0.58
647,1000,5,"Clayton",2000,-2,"1(log(n))^2",0.75
648,1000,5,"Clayton",2000,-2,"1(log(n))^2",0.88
649,1000,5,"Clayton",2000,-2,"1(log(n))^2",0.31
650,1000,5,"Clayton",2000,-2,"1(log(n))^2",0.86
651,1000,5,"Clayton",2000,-2,"1(log(n))^2",0.76
652,1000,5,"Clayton",2000,-2,"1(log(n))^2",0.52
653,1000,5,"Clayton",2000,-2,"1(log(n))^2",0.98
654,1000,5,"Clayton",2000,-2,"1(log(n))^2",0.23
655,1000,5,"Clayton",2000,-2,"1(log(n))^2",0.76
656,1000,5,"Clayton",2000,-2,"1(log(n))^2",0.98
657,1000,5,"Clayton",2000,-2,"1(log(n))^2",0.95
658,1000,5,"Clayton",2000,-2,"1(log(n))^2",0.67
659,1000,5,"Clayton",2000,-2,"1(log(n))^2",0.96
660,1000,5,"Clayton",2000,-2,"1(log(n))^2",0.82
661,1000,5,"Clayton",2000,-2,"1(log(n))^2",0.99
662,1000,5,"Clayton",2000,-2,"1(log(n))^2",0.72
663,1000,5,"Clayton",2000,-2,"1(log(n))^2",0.63
664,1000,5,"Clayton",2000,-2,"1(log(n))^2",0.79
665,1000,5,"Clayton",2000,-2,"1(log(n))^2",0.34
666,1000,5,"Clayton",2000,-2,"1(log(n))^2",0.92
667,1000,5,"Clayton",2000,-2,"1(log(n))^2",0.96
668,1000,5,"Clayton",2000,-2,"1(log(n))^2",0.66
669,1000,5,"Clayton",2000,-2,"1(log(n))^2",0.35
670,1000,5,"Clayton",2000,-2,"1(log(n))^2",0.87
671,1000,5,"Clayton",2000,-2,"1(log(n))^2",0.99
672,1000,5,"Clayton",2000,-2,"1(log(n))^2",0.87
673,1000,5,"Clayton",2000,-2,"1(log(n))^2",0.99
674,1000,5,"Clayton",2000,-2,"1(log(n))^2",0.96
675,1000,5,"Clayton",2000,-2,"1(log(n))^2",1
676,1000,5,"Clayton",2000,-2,"1(log(n))^2",0.79
677,1000,5,"Clayton",2000,-2,"1(log(n))^2",0.71
678,1000,5,"Clayton",2000,-2,"1(log(n))^2",0.81
679,1000,5,"Clayton",2000,-2,"1(log(n))^2",0.95
680,1000,5,"Clayton",2000,-2,"1(log(n))^2",0.53
681,1000,5,"Clayton",2000,-2,"1(log(n))^2",0.59
682,1000,5,"Clayton",2000,-2,"1(log(n))^2",0.82
683,1000,5,"Clayton",2000,-2,"1(log(n))^2",0.41
684,1000,5,"Clayton",2000,-2,"1(log(n))^2",0.93
685,1000,5,"Clayton",2000,-2,"1(log(n))^2",0.74
686,1000,5,"Clayton",2000,-2,"1(log(n))^2",0.59
687,1000,5,"Clayton",2000,-2,"1(log(n))^2",1
688,1000,5,"Clayton",2000,-2,"1(log(n))^2",1
689,1000,5,"Clayton",2000,-2,"1(log(n))^2",0.92
690,1000,5,"Clayton",2000,-2,"1(log(n))^2",0.99
691,1000,5,"Clayton",2000,-2,"1(log(n))^2",0.92
692,1000,5,"Clayton",2000,-2,"1(log(n))^2",0.45
693,1000,5,"Clayton",2000,-2,"1(log(n))^2",0.74
694,1000,5,"Clayton",2000,-2,"1(log(n))^2",0.93
695,1000,5,"Clayton",2000,-2,"1(log(n))^2",0.81
696,1000,5,"Clayton",2000,-2,"1(log(n))^2",0.98
697,1000,5,"Clayton",2000,-2,"1(log(n))^2",0.36
698,1000,5,"Clayton",2000,-2,"1(log(n))^2",0.84
699,1000,5,"Clayton",2000,-2,"1(log(n))^2",0.99
700,1000,5,"Clayton",2000,-2,"1(log(n))^2",0.89
701,1000,5,"Clayton",2000,-2,"1(log(n))^2",0.82
702,1000,5,"Clayton",2000,-2,"1(log(n))^2",0.93
703,1000,5,"Clayton",2000,-2,"1(log(n))^2",0.95
704,1000,5,"Clayton",2000,-2,"1(log(n))^2",0.8
705,1000,5,"Clayton",2000,-2,"1(log(n))^2",0.86
706,1000,5,"Clayton",2000,-2,"1(log(n))^2",0.98
707,1000,5,"Clayton",2000,-2,"1(log(n))^2",1
708,1000,5,"Clayton",2000,-2,"1(log(n))^2",0.81
709,1000,5,"Clayton",2000,-2,"1(log(n))^2",0.76
710,1000,5,"Clayton",2000,-2,"1(log(n))^2",0.8
711,1000,5,"Clayton",2000,-2,"1(log(n))^2",0.78
712,1000,5,"Clayton",2000,-2,"1(log(n))^2",0.51
713,1000,5,"Clayton",2000,-2,"1(log(n))^2",0.98
714,1000,5,"Clayton",2000,-2,"1(log(n))^2",0.47
715,1000,5,"Clayton",2000,-2,"1(log(n))^2",0.84
716,1000,5,"Clayton",2000,-2,"1(log(n))^2",0.96
717,1000,5,"Clayton",2000,-2,"1(log(n))^2",0.91
718,1000,5,"Clayton",2000,-2,"1(log(n))^2",0.32
719,1000,5,"Clayton",2000,-2,"1(log(n))^2",0.94
720,1000,5,"Clayton",2000,-2,"1(log(n))^2",1
721,1000,5,"Clayton",2000,-2,"1(log(n))^2",1
722,1000,5,"Clayton",2000,-2,"1(log(n))^2",0.59
723,1000,5,"Clayton",2000,-2,"1(log(n))^2",0.82
724,1000,5,"Clayton",2000,-2,"1(log(n))^2",0.17
725,1000,5,"Clayton",2000,-2,"1(log(n))^2",0.85
726,1000,5,"Clayton",2000,-2,"1(log(n))^2",0.47
727,1000,5,"Clayton",2000,-2,"1(log(n))^2",0.68
728,1000,5,"Clayton",2000,-2,"1(log(n))^2",0.99
729,1000,5,"Clayton",2000,-2,"1(log(n))^2",0.84
730,1000,5,"Clayton",2000,-2,"1(log(n))^2",0.43
731,1000,5,"Clayton",2000,-2,"1(log(n))^2",0.96
732,1000,5,"Clayton",2000,-2,"1(log(n))^2",0.9
733,1000,5,"Clayton",2000,-2,"1(log(n))^2",0.26
734,1000,5,"Clayton",2000,-2,"1(log(n))^2",0.42
735,1000,5,"Clayton",2000,-2,"1(log(n))^2",0.83
736,1000,5,"Clayton",2000,-2,"1(log(n))^2",0.85
737,1000,5,"Clayton",2000,-2,"1(log(n))^2",0.97
738,1000,5,"Clayton",2000,-2,"1(log(n))^2",0.77
739,1000,5,"Clayton",2000,-2,"1(log(n))^2",0.99
740,1000,5,"Clayton",2000,-2,"1(log(n))^2",0.73
741,1000,5,"Clayton",2000,-2,"1(log(n))^2",0.73
742,1000,5,"Clayton",2000,-2,"1(log(n))^2",0.34
743,1000,5,"Clayton",2000,-2,"1(log(n))^2",0.95
744,1000,5,"Clayton",2000,-2,"1(log(n))^2",0.92
745,1000,5,"Clayton",2000,-2,"1(log(n))^2",0.9
746,1000,5,"Clayton",2000,-2,"1(log(n))^2",0.32
747,1000,5,"Clayton",2000,-2,"1(log(n))^2",0.32
748,1000,5,"Clayton",2000,-2,"1(log(n))^2",0.82
749,1000,5,"Clayton",2000,-2,"1(log(n))^2",1
750,1000,5,"Clayton",2000,-2,"1(log(n))^2",0.99
751,1000,5,"Clayton",2000,-2,"1(log(n))^2",0.66
752,1000,5,"Clayton",2000,-2,"1(log(n))^2",1
753,1000,5,"Clayton",2000,-2,"1(log(n))^2",0.83
754,1000,5,"Clayton",2000,-2,"1(log(n))^2",0.63
755,1000,5,"Clayton",2000,-2,"1(log(n))^2",1
756,1000,5,"Clayton",2000,-2,"1(log(n))^2",0.92
757,1000,5,"Clayton",2000,-2,"1(log(n))^2",0.74
758,1000,5,"Clayton",2000,-2,"1(log(n))^2",0.74
759,1000,5,"Clayton",2000,-2,"1(log(n))^2",0.69
760,1000,5,"Clayton",2000,-2,"1(log(n))^2",0.98
761,1000,5,"Clayton",2000,-2,"1(log(n))^2",0.95
762,1000,5,"Clayton",2000,-2,"1(log(n))^2",0.4
763,1000,5,"Clayton",2000,-2,"1(log(n))^2",0.8
764,1000,5,"Clayton",2000,-2,"1(log(n))^2",0.9
765,1000,5,"Clayton",2000,-2,"1(log(n))^2",0.95
766,1000,5,"Clayton",2000,-2,"1(log(n))^2",0.86
767,1000,5,"Clayton",2000,-2,"1(log(n))^2",1
768,1000,5,"Clayton",2000,-2,"1(log(n))^2",1
769,1000,5,"Clayton",2000,-2,"1(log(n))^2",0.9
770,1000,5,"Clayton",2000,-2,"1(log(n))^2",0.97
771,1000,5,"Clayton",2000,-2,"1(log(n))^2",1
772,1000,5,"Clayton",2000,-2,"1(log(n))^2",0.75
773,1000,5,"Clayton",2000,-2,"1(log(n))^2",0.6
774,1000,5,"Clayton",2000,-2,"1(log(n))^2",0.92
775,1000,5,"Clayton",2000,-2,"1(log(n))^2",1
776,1000,5,"Clayton",2000,-2,"1(log(n))^2",0.95
777,1000,5,"Clayton",2000,-2,"1(log(n))^2",1
778,1000,5,"Clayton",2000,-2,"1(log(n))^2",1
779,1000,5,"Clayton",2000,-2,"1(log(n))^2",0.99
780,1000,5,"Clayton",2000,-2,"1(log(n))^2",0.96
781,1000,5,"Clayton",2000,-2,"1(log(n))^2",0.79
782,1000,5,"Clayton",2000,-2,"1(log(n))^2",0.87
783,1000,5,"Clayton",2000,-2,"1(log(n))^2",0.9
784,1000,5,"Clayton",2000,-2,"1(log(n))^2",0.99
785,1000,5,"Clayton",2000,-2,"1(log(n))^2",0.74
786,1000,5,"Clayton",2000,-2,"1(log(n))^2",0.96
787,1000,5,"Clayton",2000,-2,"1(log(n))^2",0.77
788,1000,5,"Clayton",2000,-2,"1(log(n))^2",0.99
789,1000,5,"Clayton",2000,-2,"1(log(n))^2",1
790,1000,5,"Clayton",2000,-2,"1(log(n))^2",0.86
791,1000,5,"Clayton",2000,-2,"1(log(n))^2",0.61
792,1000,5,"Clayton",2000,-2,"1(log(n))^2",0.95
793,1000,5,"Clayton",2000,-2,"1(log(n))^2",0.95
794,1000,5,"Clayton",2000,-2,"1(log(n))^2",0.79
795,1000,5,"Clayton",2000,-2,"1(log(n))^2",0.15
796,1000,5,"Clayton",2000,-2,"1(log(n))^2",0.98
797,1000,5,"Clayton",2000,-2,"1(log(n))^2",0.35
798,1000,5,"Clayton",2000,-2,"1(log(n))^2",0.61
799,1000,5,"Clayton",2000,-2,"1(log(n))^2",0.88
800,1000,5,"Clayton",2000,-2,"1(log(n))^2",1
801,1000,5,"Clayton",2000,-2,"1(log(n))^2",0.92
802,1000,5,"Clayton",2000,-2,"1(log(n))^2",0.41
803,1000,5,"Clayton",2000,-2,"1(log(n))^2",0.51
804,1000,5,"Clayton",2000,-2,"1(log(n))^2",0.96
805,1000,5,"Clayton",2000,-2,"1(log(n))^2",0.77
806,1000,5,"Clayton",2000,-2,"1(log(n))^2",0.68
807,1000,5,"Clayton",2000,-2,"1(log(n))^2",0.96
808,1000,5,"Clayton",2000,-2,"1(log(n))^2",0.85
809,1000,5,"Clayton",2000,-2,"1(log(n))^2",0.34
810,1000,5,"Clayton",2000,-2,"1(log(n))^2",0.81
811,1000,5,"Clayton",2000,-2,"1(log(n))^2",0.63
812,1000,5,"Clayton",2000,-2,"1(log(n))^2",0.6
813,1000,5,"Clayton",2000,-2,"1(log(n))^2",0.73
814,1000,5,"Clayton",2000,-2,"1(log(n))^2",0.74
815,1000,5,"Clayton",2000,-2,"1(log(n))^2",0.9
816,1000,5,"Clayton",2000,-2,"1(log(n))^2",0.99
817,1000,5,"Clayton",2000,-2,"1(log(n))^2",1
818,1000,5,"Clayton",2000,-2,"1(log(n))^2",0.96
819,1000,5,"Clayton",2000,-2,"1(log(n))^2",0.59
820,1000,5,"Clayton",2000,-2,"1(log(n))^2",0.76
821,1000,5,"Clayton",2000,-2,"1(log(n))^2",0.5
822,1000,5,"Clayton",2000,-2,"1(log(n))^2",0.92
823,1000,5,"Clayton",2000,-2,"1(log(n))^2",1
824,1000,5,"Clayton",2000,-2,"1(log(n))^2",0.7
825,1000,5,"Clayton",2000,-2,"1(log(n))^2",0.82
826,1000,5,"Clayton",2000,-2,"1(log(n))^2",0.63
827,1000,5,"Clayton",2000,-2,"1(log(n))^2",0.41
828,1000,5,"Clayton",2000,-2,"1(log(n))^2",0.41
829,1000,5,"Clayton",2000,-2,"1(log(n))^2",0.9
830,1000,5,"Clayton",2000,-2,"1(log(n))^2",0.97
831,1000,5,"Clayton",2000,-2,"1(log(n))^2",0.41
832,1000,5,"Clayton",2000,-2,"1(log(n))^2",0.73
833,1000,5,"Clayton",2000,-2,"1(log(n))^2",0.65
834,1000,5,"Clayton",2000,-2,"1(log(n))^2",0.99
835,1000,5,"Clayton",2000,-2,"1(log(n))^2",0.43
836,1000,5,"Clayton",2000,-2,"1(log(n))^2",0.46
837,1000,5,"Clayton",2000,-2,"1(log(n))^2",0.64
838,1000,5,"Clayton",2000,-2,"1(log(n))^2",0.38
839,1000,5,"Clayton",2000,-2,"1(log(n))^2",0.54
840,1000,5,"Clayton",2000,-2,"1(log(n))^2",0.97
841,1000,5,"Clayton",2000,-2,"1(log(n))^2",0.65
842,1000,5,"Clayton",2000,-2,"1(log(n))^2",1
843,1000,5,"Clayton",2000,-2,"1(log(n))^2",0.94
844,1000,5,"Clayton",2000,-2,"1(log(n))^2",0.88
845,1000,5,"Clayton",2000,-2,"1(log(n))^2",0.99
846,1000,5,"Clayton",2000,-2,"1(log(n))^2",0.78
847,1000,5,"Clayton",2000,-2,"1(log(n))^2",0.97
848,1000,5,"Clayton",2000,-2,"1(log(n))^2",0.97
849,1000,5,"Clayton",2000,-2,"1(log(n))^2",0.99
850,1000,5,"Clayton",2000,-2,"1(log(n))^2",0.99
851,1000,5,"Clayton",2000,-2,"1(log(n))^2",0.96
852,1000,5,"Clayton",2000,-2,"1(log(n))^2",0.94
853,1000,5,"Clayton",2000,-2,"1(log(n))^2",0.96
854,1000,5,"Clayton",2000,-2,"1(log(n))^2",0.93
855,1000,5,"Clayton",2000,-2,"1(log(n))^2",0.93
856,1000,5,"Clayton",2000,-2,"1(log(n))^2",0.86
857,1000,5,"Clayton",2000,-2,"1(log(n))^2",0.64
858,1000,5,"Clayton",2000,-2,"1(log(n))^2",0.48
859,1000,5,"Clayton",2000,-2,"1(log(n))^2",0.38
860,1000,5,"Clayton",2000,-2,"1(log(n))^2",0.82
861,1000,5,"Clayton",2000,-2,"1(log(n))^2",0.92
862,1000,5,"Clayton",2000,-2,"1(log(n))^2",0.92
863,1000,5,"Clayton",2000,-2,"1(log(n))^2",0.95
864,1000,5,"Clayton",2000,-2,"1(log(n))^2",0.41
865,1000,5,"Clayton",2000,-2,"1(log(n))^2",1
866,1000,5,"Clayton",2000,-2,"1(log(n))^2",0.9
867,1000,5,"Clayton",2000,-2,"1(log(n))^2",0.91
868,1000,5,"Clayton",2000,-2,"1(log(n))^2",0.17
869,1000,5,"Clayton",2000,-2,"1(log(n))^2",0.81
870,1000,5,"Clayton",2000,-2,"1(log(n))^2",0.9
871,1000,5,"Clayton",2000,-2,"1(log(n))^2",0.99
872,1000,5,"Clayton",2000,-2,"1(log(n))^2",0.26
873,1000,5,"Clayton",2000,-2,"1(log(n))^2",0.92
874,1000,5,"Clayton",2000,-2,"1(log(n))^2",0.45
875,1000,5,"Clayton",2000,-2,"1(log(n))^2",0.98
876,1000,5,"Clayton",2000,-2,"1(log(n))^2",0.97
877,1000,5,"Clayton",2000,-2,"1(log(n))^2",0.84
878,1000,5,"Clayton",2000,-2,"1(log(n))^2",0.71
879,1000,5,"Clayton",2000,-2,"1(log(n))^2",0.55
880,1000,5,"Clayton",2000,-2,"1(log(n))^2",0.99
881,1000,5,"Clayton",2000,-2,"1(log(n))^2",0.61
882,1000,5,"Clayton",2000,-2,"1(log(n))^2",0.99
883,1000,5,"Clayton",2000,-2,"1(log(n))^2",0.66
884,1000,5,"Clayton",2000,-2,"1(log(n))^2",1
885,1000,5,"Clayton",2000,-2,"1(log(n))^2",0.96
886,1000,5,"Clayton",2000,-2,"1(log(n))^2",1
887,1000,5,"Clayton",2000,-2,"1(log(n))^2",0.76
888,1000,5,"Clayton",2000,-2,"1(log(n))^2",0.96
889,1000,5,"Clayton",2000,-2,"1(log(n))^2",0.4
890,1000,5,"Clayton",2000,-2,"1(log(n))^2",0.89
891,1000,5,"Clayton",2000,-2,"1(log(n))^2",0.66
892,1000,5,"Clayton",2000,-2,"1(log(n))^2",0.36
893,1000,5,"Clayton",2000,-2,"1(log(n))^2",0.88
894,1000,5,"Clayton",2000,-2,"1(log(n))^2",0.93
895,1000,5,"Clayton",2000,-2,"1(log(n))^2",0.71
896,1000,5,"Clayton",2000,-2,"1(log(n))^2",0.94
897,1000,5,"Clayton",2000,-2,"1(log(n))^2",0.99
898,1000,5,"Clayton",2000,-2,"1(log(n))^2",0.84
899,1000,5,"Clayton",2000,-2,"1(log(n))^2",0.83
900,1000,5,"Clayton",2000,-2,"1(log(n))^2",0.99
901,1000,5,"Clayton",2000,-2,"1(log(n))^2",1
902,1000,5,"Clayton",2000,-2,"1(log(n))^2",0.67
903,1000,5,"Clayton",2000,-2,"1(log(n))^2",0.99
904,1000,5,"Clayton",2000,-2,"1(log(n))^2",0.67
905,1000,5,"Clayton",2000,-2,"1(log(n))^2",0.6
906,1000,5,"Clayton",2000,-2,"1(log(n))^2",1
907,1000,5,"Clayton",2000,-2,"1(log(n))^2",0.39
908,1000,5,"Clayton",2000,-2,"1(log(n))^2",0.98
909,1000,5,"Clayton",2000,-2,"1(log(n))^2",0.94
910,1000,5,"Clayton",2000,-2,"1(log(n))^2",1
911,1000,5,"Clayton",2000,-2,"1(log(n))^2",0.58
912,1000,5,"Clayton",2000,-2,"1(log(n))^2",0.85
913,1000,5,"Clayton",2000,-2,"1(log(n))^2",0.73
914,1000,5,"Clayton",2000,-2,"1(log(n))^2",0.81
915,1000,5,"Clayton",2000,-2,"1(log(n))^2",0.33
916,1000,5,"Clayton",2000,-2,"1(log(n))^2",0.89
917,1000,5,"Clayton",2000,-2,"1(log(n))^2",1
918,1000,5,"Clayton",2000,-2,"1(log(n))^2",0.75
919,1000,5,"Clayton",2000,-2,"1(log(n))^2",0.82
920,1000,5,"Clayton",2000,-2,"1(log(n))^2",0.99
921,1000,5,"Clayton",2000,-2,"1(log(n))^2",0.97
922,1000,5,"Clayton",2000,-2,"1(log(n))^2",0.58
923,1000,5,"Clayton",2000,-2,"1(log(n))^2",0.99
924,1000,5,"Clayton",2000,-2,"1(log(n))^2",0.47
925,1000,5,"Clayton",2000,-2,"1(log(n))^2",0.98
926,1000,5,"Clayton",2000,-2,"1(log(n))^2",0.97
927,1000,5,"Clayton",2000,-2,"1(log(n))^2",0.81
928,1000,5,"Clayton",2000,-2,"1(log(n))^2",0.33
929,1000,5,"Clayton",2000,-2,"1(log(n))^2",0.36
930,1000,5,"Clayton",2000,-2,"1(log(n))^2",1
931,1000,5,"Clayton",2000,-2,"1(log(n))^2",0.78
932,1000,5,"Clayton",2000,-2,"1(log(n))^2",0.93
933,1000,5,"Clayton",2000,-2,"1(log(n))^2",0.95
934,1000,5,"Clayton",2000,-2,"1(log(n))^2",1
935,1000,5,"Clayton",2000,-2,"1(log(n))^2",0.98
936,1000,5,"Clayton",2000,-2,"1(log(n))^2",0.8
937,1000,5,"Clayton",2000,-2,"1(log(n))^2",0.81
938,1000,5,"Clayton",2000,-2,"1(log(n))^2",0.8
939,1000,5,"Clayton",2000,-2,"1(log(n))^2",0.52
940,1000,5,"Clayton",2000,-2,"1(log(n))^2",0.84
941,1000,5,"Clayton",2000,-2,"1(log(n))^2",0.99
942,1000,5,"Clayton",2000,-2,"1(log(n))^2",0.94
943,1000,5,"Clayton",2000,-2,"1(log(n))^2",1
944,1000,5,"Clayton",2000,-2,"1(log(n))^2",0.95
945,1000,5,"Clayton",2000,-2,"1(log(n))^2",0.66
946,1000,5,"Clayton",2000,-2,"1(log(n))^2",0.34
947,1000,5,"Clayton",2000,-2,"1(log(n))^2",0.99
948,1000,5,"Clayton",2000,-2,"1(log(n))^2",0.91
949,1000,5,"Clayton",2000,-2,"1(log(n))^2",0.58
950,1000,5,"Clayton",2000,-2,"1(log(n))^2",0.7
951,1000,5,"Clayton",2000,-2,"1(log(n))^2",0.88
952,1000,5,"Clayton",2000,-2,"1(log(n))^2",0.79
953,1000,5,"Clayton",2000,-2,"1(log(n))^2",0.83
954,1000,5,"Clayton",2000,-2,"1(log(n))^2",0.58
955,1000,5,"Clayton",2000,-2,"1(log(n))^2",0.94
956,1000,5,"Clayton",2000,-2,"1(log(n))^2",0.98
957,1000,5,"Clayton",2000,-2,"1(log(n))^2",0.98
958,1000,5,"Clayton",2000,-2,"1(log(n))^2",0.99
959,1000,5,"Clayton",2000,-2,"1(log(n))^2",0.62
960,1000,5,"Clayton",2000,-2,"1(log(n))^2",0.98
961,1000,5,"Clayton",2000,-2,"1(log(n))^2",0.95
962,1000,5,"Clayton",2000,-2,"1(log(n))^2",0.88
963,1000,5,"Clayton",2000,-2,"1(log(n))^2",0.64
964,1000,5,"Clayton",2000,-2,"1(log(n))^2",0.98
965,1000,5,"Clayton",2000,-2,"1(log(n))^2",0.94
966,1000,5,"Clayton",2000,-2,"1(log(n))^2",0.55
967,1000,5,"Clayton",2000,-2,"1(log(n))^2",0.74
968,1000,5,"Clayton",2000,-2,"1(log(n))^2",0.98
969,1000,5,"Clayton",2000,-2,"1(log(n))^2",0.99
970,1000,5,"Clayton",2000,-2,"1(log(n))^2",0.24
971,1000,5,"Clayton",2000,-2,"1(log(n))^2",0.98
972,1000,5,"Clayton",2000,-2,"1(log(n))^2",0.49
973,1000,5,"Clayton",2000,-2,"1(log(n))^2",1
974,1000,5,"Clayton",2000,-2,"1(log(n))^2",0.86
975,1000,5,"Clayton",2000,-2,"1(log(n))^2",1
976,1000,5,"Clayton",2000,-2,"1(log(n))^2",0.29
977,1000,5,"Clayton",2000,-2,"1(log(n))^2",0.9
978,1000,5,"Clayton",2000,-2,"1(log(n))^2",0.92
979,1000,5,"Clayton",2000,-2,"1(log(n))^2",0.56
980,1000,5,"Clayton",2000,-2,"1(log(n))^2",0.51
981,1000,5,"Clayton",2000,-2,"1(log(n))^2",0.85
982,1000,5,"Clayton",2000,-2,"1(log(n))^2",0.62
983,1000,5,"Clayton",2000,-2,"1(log(n))^2",0.75
984,1000,5,"Clayton",2000,-2,"1(log(n))^2",0.97
985,1000,5,"Clayton",2000,-2,"1(log(n))^2",0.62
986,1000,5,"Clayton",2000,-2,"1(log(n))^2",0.24
987,1000,5,"Clayton",2000,-2,"1(log(n))^2",0.76
988,1000,5,"Clayton",2000,-2,"1(log(n))^2",0.38
989,1000,5,"Clayton",2000,-2,"1(log(n))^2",0.95
990,1000,5,"Clayton",2000,-2,"1(log(n))^2",0.67
991,1000,5,"Clayton",2000,-2,"1(log(n))^2",0.66
992,1000,5,"Clayton",2000,-2,"1(log(n))^2",0.48
993,1000,5,"Clayton",2000,-2,"1(log(n))^2",0.93
994,1000,5,"Clayton",2000,-2,"1(log(n))^2",0.9
995,1000,5,"Clayton",2000,-2,"1(log(n))^2",0.37
996,1000,5,"Clayton",2000,-2,"1(log(n))^2",0.87
997,1000,5,"Clayton",2000,-2,"1(log(n))^2",0.97
998,1000,5,"Clayton",2000,-2,"1(log(n))^2",0.71
999,1000,5,"Clayton",2000,-2,"1(log(n))^2",0.95
1000,1000,5,"Clayton",2000,-2,"1(log(n))^2",0.97
1,1000,5,"Clayton",2000,-2,"0.75(log(n))^2",0.92
2,1000,5,"Clayton",2000,-2,"0.75(log(n))^2",0.88
3,1000,5,"Clayton",2000,-2,"0.75(log(n))^2",0.75
4,1000,5,"Clayton",2000,-2,"0.75(log(n))^2",0.75
5,1000,5,"Clayton",2000,-2,"0.75(log(n))^2",0.78
6,1000,5,"Clayton",2000,-2,"0.75(log(n))^2",0.51
7,1000,5,"Clayton",2000,-2,"0.75(log(n))^2",0.76
8,1000,5,"Clayton",2000,-2,"0.75(log(n))^2",1
9,1000,5,"Clayton",2000,-2,"0.75(log(n))^2",1
10,1000,5,"Clayton",2000,-2,"0.75(log(n))^2",0.81
11,1000,5,"Clayton",2000,-2,"0.75(log(n))^2",0.56
12,1000,5,"Clayton",2000,-2,"0.75(log(n))^2",0.42
13,1000,5,"Clayton",2000,-2,"0.75(log(n))^2",0.89
14,1000,5,"Clayton",2000,-2,"0.75(log(n))^2",0.32
15,1000,5,"Clayton",2000,-2,"0.75(log(n))^2",0.85
16,1000,5,"Clayton",2000,-2,"0.75(log(n))^2",0.76
17,1000,5,"Clayton",2000,-2,"0.75(log(n))^2",0.98
18,1000,5,"Clayton",2000,-2,"0.75(log(n))^2",0.74
19,1000,5,"Clayton",2000,-2,"0.75(log(n))^2",0.8
20,1000,5,"Clayton",2000,-2,"0.75(log(n))^2",0.63
21,1000,5,"Clayton",2000,-2,"0.75(log(n))^2",0.93
22,1000,5,"Clayton",2000,-2,"0.75(log(n))^2",0.46
23,1000,5,"Clayton",2000,-2,"0.75(log(n))^2",0.94
24,1000,5,"Clayton",2000,-2,"0.75(log(n))^2",0.88
25,1000,5,"Clayton",2000,-2,"0.75(log(n))^2",0.99
26,1000,5,"Clayton",2000,-2,"0.75(log(n))^2",0.49
27,1000,5,"Clayton",2000,-2,"0.75(log(n))^2",0.95
28,1000,5,"Clayton",2000,-2,"0.75(log(n))^2",0.89
29,1000,5,"Clayton",2000,-2,"0.75(log(n))^2",0.26
30,1000,5,"Clayton",2000,-2,"0.75(log(n))^2",1
31,1000,5,"Clayton",2000,-2,"0.75(log(n))^2",0.95
32,1000,5,"Clayton",2000,-2,"0.75(log(n))^2",1
33,1000,5,"Clayton",2000,-2,"0.75(log(n))^2",0.54
34,1000,5,"Clayton",2000,-2,"0.75(log(n))^2",0.24
35,1000,5,"Clayton",2000,-2,"0.75(log(n))^2",0.97
36,1000,5,"Clayton",2000,-2,"0.75(log(n))^2",0.7
37,1000,5,"Clayton",2000,-2,"0.75(log(n))^2",0.84
38,1000,5,"Clayton",2000,-2,"0.75(log(n))^2",0.94
39,1000,5,"Clayton",2000,-2,"0.75(log(n))^2",0.96
40,1000,5,"Clayton",2000,-2,"0.75(log(n))^2",0.78
41,1000,5,"Clayton",2000,-2,"0.75(log(n))^2",0.72
42,1000,5,"Clayton",2000,-2,"0.75(log(n))^2",0.88
43,1000,5,"Clayton",2000,-2,"0.75(log(n))^2",0.47
44,1000,5,"Clayton",2000,-2,"0.75(log(n))^2",0.98
45,1000,5,"Clayton",2000,-2,"0.75(log(n))^2",0.97
46,1000,5,"Clayton",2000,-2,"0.75(log(n))^2",0.39
47,1000,5,"Clayton",2000,-2,"0.75(log(n))^2",0.94
48,1000,5,"Clayton",2000,-2,"0.75(log(n))^2",0.93
49,1000,5,"Clayton",2000,-2,"0.75(log(n))^2",0.73
50,1000,5,"Clayton",2000,-2,"0.75(log(n))^2",0.89
51,1000,5,"Clayton",2000,-2,"0.75(log(n))^2",0.4
52,1000,5,"Clayton",2000,-2,"0.75(log(n))^2",0.78
53,1000,5,"Clayton",2000,-2,"0.75(log(n))^2",0.74
54,1000,5,"Clayton",2000,-2,"0.75(log(n))^2",0.91
55,1000,5,"Clayton",2000,-2,"0.75(log(n))^2",0.86
56,1000,5,"Clayton",2000,-2,"0.75(log(n))^2",0.74
57,1000,5,"Clayton",2000,-2,"0.75(log(n))^2",0.58
58,1000,5,"Clayton",2000,-2,"0.75(log(n))^2",0.99
59,1000,5,"Clayton",2000,-2,"0.75(log(n))^2",0.3
60,1000,5,"Clayton",2000,-2,"0.75(log(n))^2",0.57
61,1000,5,"Clayton",2000,-2,"0.75(log(n))^2",0.98
62,1000,5,"Clayton",2000,-2,"0.75(log(n))^2",0.88
63,1000,5,"Clayton",2000,-2,"0.75(log(n))^2",0.59
64,1000,5,"Clayton",2000,-2,"0.75(log(n))^2",0.74
65,1000,5,"Clayton",2000,-2,"0.75(log(n))^2",0.98
66,1000,5,"Clayton",2000,-2,"0.75(log(n))^2",0.57
67,1000,5,"Clayton",2000,-2,"0.75(log(n))^2",0.19
68,1000,5,"Clayton",2000,-2,"0.75(log(n))^2",0.93
69,1000,5,"Clayton",2000,-2,"0.75(log(n))^2",0.85
70,1000,5,"Clayton",2000,-2,"0.75(log(n))^2",0.53
71,1000,5,"Clayton",2000,-2,"0.75(log(n))^2",0.34
72,1000,5,"Clayton",2000,-2,"0.75(log(n))^2",0.72
73,1000,5,"Clayton",2000,-2,"0.75(log(n))^2",0.75
74,1000,5,"Clayton",2000,-2,"0.75(log(n))^2",0.58
75,1000,5,"Clayton",2000,-2,"0.75(log(n))^2",0.41
76,1000,5,"Clayton",2000,-2,"0.75(log(n))^2",0.76
77,1000,5,"Clayton",2000,-2,"0.75(log(n))^2",0.54
78,1000,5,"Clayton",2000,-2,"0.75(log(n))^2",0.89
79,1000,5,"Clayton",2000,-2,"0.75(log(n))^2",0.87
80,1000,5,"Clayton",2000,-2,"0.75(log(n))^2",1
81,1000,5,"Clayton",2000,-2,"0.75(log(n))^2",0.78
82,1000,5,"Clayton",2000,-2,"0.75(log(n))^2",1
83,1000,5,"Clayton",2000,-2,"0.75(log(n))^2",0.99
84,1000,5,"Clayton",2000,-2,"0.75(log(n))^2",0.8
85,1000,5,"Clayton",2000,-2,"0.75(log(n))^2",0.99
86,1000,5,"Clayton",2000,-2,"0.75(log(n))^2",0.88
87,1000,5,"Clayton",2000,-2,"0.75(log(n))^2",0.91
88,1000,5,"Clayton",2000,-2,"0.75(log(n))^2",0.21
89,1000,5,"Clayton",2000,-2,"0.75(log(n))^2",0.79
90,1000,5,"Clayton",2000,-2,"0.75(log(n))^2",0.92
91,1000,5,"Clayton",2000,-2,"0.75(log(n))^2",0.8
92,1000,5,"Clayton",2000,-2,"0.75(log(n))^2",0.98
93,1000,5,"Clayton",2000,-2,"0.75(log(n))^2",1
94,1000,5,"Clayton",2000,-2,"0.75(log(n))^2",0.84
95,1000,5,"Clayton",2000,-2,"0.75(log(n))^2",0.99
96,1000,5,"Clayton",2000,-2,"0.75(log(n))^2",0.88
97,1000,5,"Clayton",2000,-2,"0.75(log(n))^2",0.92
98,1000,5,"Clayton",2000,-2,"0.75(log(n))^2",0.39
99,1000,5,"Clayton",2000,-2,"0.75(log(n))^2",0.47
100,1000,5,"Clayton",2000,-2,"0.75(log(n))^2",0.39
101,1000,5,"Clayton",2000,-2,"0.75(log(n))^2",0.98
102,1000,5,"Clayton",2000,-2,"0.75(log(n))^2",0.96
103,1000,5,"Clayton",2000,-2,"0.75(log(n))^2",0.79
104,1000,5,"Clayton",2000,-2,"0.75(log(n))^2",0.83
105,1000,5,"Clayton",2000,-2,"0.75(log(n))^2",0.59
106,1000,5,"Clayton",2000,-2,"0.75(log(n))^2",0.9
107,1000,5,"Clayton",2000,-2,"0.75(log(n))^2",1
108,1000,5,"Clayton",2000,-2,"0.75(log(n))^2",0.96
109,1000,5,"Clayton",2000,-2,"0.75(log(n))^2",0.85
110,1000,5,"Clayton",2000,-2,"0.75(log(n))^2",0.9
111,1000,5,"Clayton",2000,-2,"0.75(log(n))^2",0.85
112,1000,5,"Clayton",2000,-2,"0.75(log(n))^2",0.27
113,1000,5,"Clayton",2000,-2,"0.75(log(n))^2",0.44
114,1000,5,"Clayton",2000,-2,"0.75(log(n))^2",0.89
115,1000,5,"Clayton",2000,-2,"0.75(log(n))^2",0.52
116,1000,5,"Clayton",2000,-2,"0.75(log(n))^2",0.69
117,1000,5,"Clayton",2000,-2,"0.75(log(n))^2",0.61
118,1000,5,"Clayton",2000,-2,"0.75(log(n))^2",0.48
119,1000,5,"Clayton",2000,-2,"0.75(log(n))^2",0.81
120,1000,5,"Clayton",2000,-2,"0.75(log(n))^2",0.61
121,1000,5,"Clayton",2000,-2,"0.75(log(n))^2",0.83
122,1000,5,"Clayton",2000,-2,"0.75(log(n))^2",0.89
123,1000,5,"Clayton",2000,-2,"0.75(log(n))^2",0.67
124,1000,5,"Clayton",2000,-2,"0.75(log(n))^2",0.12
125,1000,5,"Clayton",2000,-2,"0.75(log(n))^2",0.37
126,1000,5,"Clayton",2000,-2,"0.75(log(n))^2",1
127,1000,5,"Clayton",2000,-2,"0.75(log(n))^2",0.8
128,1000,5,"Clayton",2000,-2,"0.75(log(n))^2",0.69
129,1000,5,"Clayton",2000,-2,"0.75(log(n))^2",1
130,1000,5,"Clayton",2000,-2,"0.75(log(n))^2",0.41
131,1000,5,"Clayton",2000,-2,"0.75(log(n))^2",0.87
132,1000,5,"Clayton",2000,-2,"0.75(log(n))^2",0.83
133,1000,5,"Clayton",2000,-2,"0.75(log(n))^2",0.57
134,1000,5,"Clayton",2000,-2,"0.75(log(n))^2",0.96
135,1000,5,"Clayton",2000,-2,"0.75(log(n))^2",0.67
136,1000,5,"Clayton",2000,-2,"0.75(log(n))^2",1
137,1000,5,"Clayton",2000,-2,"0.75(log(n))^2",0.97
138,1000,5,"Clayton",2000,-2,"0.75(log(n))^2",0.61
139,1000,5,"Clayton",2000,-2,"0.75(log(n))^2",0.9
140,1000,5,"Clayton",2000,-2,"0.75(log(n))^2",0.34
141,1000,5,"Clayton",2000,-2,"0.75(log(n))^2",0.89
142,1000,5,"Clayton",2000,-2,"0.75(log(n))^2",0.77
143,1000,5,"Clayton",2000,-2,"0.75(log(n))^2",0.75
144,1000,5,"Clayton",2000,-2,"0.75(log(n))^2",1
145,1000,5,"Clayton",2000,-2,"0.75(log(n))^2",0.7
146,1000,5,"Clayton",2000,-2,"0.75(log(n))^2",0.65
147,1000,5,"Clayton",2000,-2,"0.75(log(n))^2",0.79
148,1000,5,"Clayton",2000,-2,"0.75(log(n))^2",0.44
149,1000,5,"Clayton",2000,-2,"0.75(log(n))^2",0.88
150,1000,5,"Clayton",2000,-2,"0.75(log(n))^2",0.57
151,1000,5,"Clayton",2000,-2,"0.75(log(n))^2",0.92
152,1000,5,"Clayton",2000,-2,"0.75(log(n))^2",0.79
153,1000,5,"Clayton",2000,-2,"0.75(log(n))^2",0.89
154,1000,5,"Clayton",2000,-2,"0.75(log(n))^2",0.84
155,1000,5,"Clayton",2000,-2,"0.75(log(n))^2",0.77
156,1000,5,"Clayton",2000,-2,"0.75(log(n))^2",0.91
157,1000,5,"Clayton",2000,-2,"0.75(log(n))^2",0.81
158,1000,5,"Clayton",2000,-2,"0.75(log(n))^2",0.69
159,1000,5,"Clayton",2000,-2,"0.75(log(n))^2",0.02
160,1000,5,"Clayton",2000,-2,"0.75(log(n))^2",0.27
161,1000,5,"Clayton",2000,-2,"0.75(log(n))^2",0.59
162,1000,5,"Clayton",2000,-2,"0.75(log(n))^2",1
163,1000,5,"Clayton",2000,-2,"0.75(log(n))^2",0.98
164,1000,5,"Clayton",2000,-2,"0.75(log(n))^2",0.99
165,1000,5,"Clayton",2000,-2,"0.75(log(n))^2",0.85
166,1000,5,"Clayton",2000,-2,"0.75(log(n))^2",0.92
167,1000,5,"Clayton",2000,-2,"0.75(log(n))^2",0.79
168,1000,5,"Clayton",2000,-2,"0.75(log(n))^2",0.97
169,1000,5,"Clayton",2000,-2,"0.75(log(n))^2",0.71
170,1000,5,"Clayton",2000,-2,"0.75(log(n))^2",0.84
171,1000,5,"Clayton",2000,-2,"0.75(log(n))^2",0.39
172,1000,5,"Clayton",2000,-2,"0.75(log(n))^2",0.74
173,1000,5,"Clayton",2000,-2,"0.75(log(n))^2",0.27
174,1000,5,"Clayton",2000,-2,"0.75(log(n))^2",0.64
175,1000,5,"Clayton",2000,-2,"0.75(log(n))^2",0.95
176,1000,5,"Clayton",2000,-2,"0.75(log(n))^2",0.57
177,1000,5,"Clayton",2000,-2,"0.75(log(n))^2",0.92
178,1000,5,"Clayton",2000,-2,"0.75(log(n))^2",0.53
179,1000,5,"Clayton",2000,-2,"0.75(log(n))^2",0.87
180,1000,5,"Clayton",2000,-2,"0.75(log(n))^2",0.69
181,1000,5,"Clayton",2000,-2,"0.75(log(n))^2",0.57
182,1000,5,"Clayton",2000,-2,"0.75(log(n))^2",0.09
183,1000,5,"Clayton",2000,-2,"0.75(log(n))^2",0.35
184,1000,5,"Clayton",2000,-2,"0.75(log(n))^2",1
185,1000,5,"Clayton",2000,-2,"0.75(log(n))^2",0.97
186,1000,5,"Clayton",2000,-2,"0.75(log(n))^2",0.6
187,1000,5,"Clayton",2000,-2,"0.75(log(n))^2",0.93
188,1000,5,"Clayton",2000,-2,"0.75(log(n))^2",0.86
189,1000,5,"Clayton",2000,-2,"0.75(log(n))^2",0.61
190,1000,5,"Clayton",2000,-2,"0.75(log(n))^2",0.97
191,1000,5,"Clayton",2000,-2,"0.75(log(n))^2",0.66
192,1000,5,"Clayton",2000,-2,"0.75(log(n))^2",0.9
193,1000,5,"Clayton",2000,-2,"0.75(log(n))^2",0.76
194,1000,5,"Clayton",2000,-2,"0.75(log(n))^2",0.61
195,1000,5,"Clayton",2000,-2,"0.75(log(n))^2",0.83
196,1000,5,"Clayton",2000,-2,"0.75(log(n))^2",0.55
197,1000,5,"Clayton",2000,-2,"0.75(log(n))^2",0.17
198,1000,5,"Clayton",2000,-2,"0.75(log(n))^2",0.83
199,1000,5,"Clayton",2000,-2,"0.75(log(n))^2",0.98
200,1000,5,"Clayton",2000,-2,"0.75(log(n))^2",0.83
201,1000,5,"Clayton",2000,-2,"0.75(log(n))^2",0.94
202,1000,5,"Clayton",2000,-2,"0.75(log(n))^2",0.78
203,1000,5,"Clayton",2000,-2,"0.75(log(n))^2",0.94
204,1000,5,"Clayton",2000,-2,"0.75(log(n))^2",1
205,1000,5,"Clayton",2000,-2,"0.75(log(n))^2",0.74
206,1000,5,"Clayton",2000,-2,"0.75(log(n))^2",0.42
207,1000,5,"Clayton",2000,-2,"0.75(log(n))^2",0.9
208,1000,5,"Clayton",2000,-2,"0.75(log(n))^2",0.99
209,1000,5,"Clayton",2000,-2,"0.75(log(n))^2",1
210,1000,5,"Clayton",2000,-2,"0.75(log(n))^2",1
211,1000,5,"Clayton",2000,-2,"0.75(log(n))^2",0.66
212,1000,5,"Clayton",2000,-2,"0.75(log(n))^2",0.74
213,1000,5,"Clayton",2000,-2,"0.75(log(n))^2",0.34
214,1000,5,"Clayton",2000,-2,"0.75(log(n))^2",0.77
215,1000,5,"Clayton",2000,-2,"0.75(log(n))^2",1
216,1000,5,"Clayton",2000,-2,"0.75(log(n))^2",0.46
217,1000,5,"Clayton",2000,-2,"0.75(log(n))^2",0.99
218,1000,5,"Clayton",2000,-2,"0.75(log(n))^2",0.33
219,1000,5,"Clayton",2000,-2,"0.75(log(n))^2",0.82
220,1000,5,"Clayton",2000,-2,"0.75(log(n))^2",0.95
221,1000,5,"Clayton",2000,-2,"0.75(log(n))^2",0.97
222,1000,5,"Clayton",2000,-2,"0.75(log(n))^2",0.85
223,1000,5,"Clayton",2000,-2,"0.75(log(n))^2",0.39
224,1000,5,"Clayton",2000,-2,"0.75(log(n))^2",1
225,1000,5,"Clayton",2000,-2,"0.75(log(n))^2",1
226,1000,5,"Clayton",2000,-2,"0.75(log(n))^2",1
227,1000,5,"Clayton",2000,-2,"0.75(log(n))^2",1
228,1000,5,"Clayton",2000,-2,"0.75(log(n))^2",0.84
229,1000,5,"Clayton",2000,-2,"0.75(log(n))^2",0.31
230,1000,5,"Clayton",2000,-2,"0.75(log(n))^2",0.97
231,1000,5,"Clayton",2000,-2,"0.75(log(n))^2",1
232,1000,5,"Clayton",2000,-2,"0.75(log(n))^2",0.99
233,1000,5,"Clayton",2000,-2,"0.75(log(n))^2",0.99
234,1000,5,"Clayton",2000,-2,"0.75(log(n))^2",0.82
235,1000,5,"Clayton",2000,-2,"0.75(log(n))^2",0.71
236,1000,5,"Clayton",2000,-2,"0.75(log(n))^2",1
237,1000,5,"Clayton",2000,-2,"0.75(log(n))^2",0.78
238,1000,5,"Clayton",2000,-2,"0.75(log(n))^2",0.93
239,1000,5,"Clayton",2000,-2,"0.75(log(n))^2",0.99
240,1000,5,"Clayton",2000,-2,"0.75(log(n))^2",0.61
241,1000,5,"Clayton",2000,-2,"0.75(log(n))^2",0.63
242,1000,5,"Clayton",2000,-2,"0.75(log(n))^2",0.9
243,1000,5,"Clayton",2000,-2,"0.75(log(n))^2",0.81
244,1000,5,"Clayton",2000,-2,"0.75(log(n))^2",0.55
245,1000,5,"Clayton",2000,-2,"0.75(log(n))^2",0.95
246,1000,5,"Clayton",2000,-2,"0.75(log(n))^2",0.64
247,1000,5,"Clayton",2000,-2,"0.75(log(n))^2",0.75
248,1000,5,"Clayton",2000,-2,"0.75(log(n))^2",0.32
249,1000,5,"Clayton",2000,-2,"0.75(log(n))^2",0.86
250,1000,5,"Clayton",2000,-2,"0.75(log(n))^2",0.98
251,1000,5,"Clayton",2000,-2,"0.75(log(n))^2",0.44
252,1000,5,"Clayton",2000,-2,"0.75(log(n))^2",0.92
253,1000,5,"Clayton",2000,-2,"0.75(log(n))^2",0.8
254,1000,5,"Clayton",2000,-2,"0.75(log(n))^2",0.65
255,1000,5,"Clayton",2000,-2,"0.75(log(n))^2",1
256,1000,5,"Clayton",2000,-2,"0.75(log(n))^2",0.53
257,1000,5,"Clayton",2000,-2,"0.75(log(n))^2",0.79
258,1000,5,"Clayton",2000,-2,"0.75(log(n))^2",0.96
259,1000,5,"Clayton",2000,-2,"0.75(log(n))^2",0.99
260,1000,5,"Clayton",2000,-2,"0.75(log(n))^2",0.88
261,1000,5,"Clayton",2000,-2,"0.75(log(n))^2",0.41
262,1000,5,"Clayton",2000,-2,"0.75(log(n))^2",0.59
263,1000,5,"Clayton",2000,-2,"0.75(log(n))^2",0.29
264,1000,5,"Clayton",2000,-2,"0.75(log(n))^2",0.21
265,1000,5,"Clayton",2000,-2,"0.75(log(n))^2",0.88
266,1000,5,"Clayton",2000,-2,"0.75(log(n))^2",0.57
267,1000,5,"Clayton",2000,-2,"0.75(log(n))^2",0.96
268,1000,5,"Clayton",2000,-2,"0.75(log(n))^2",0.66
269,1000,5,"Clayton",2000,-2,"0.75(log(n))^2",0.89
270,1000,5,"Clayton",2000,-2,"0.75(log(n))^2",0.66
271,1000,5,"Clayton",2000,-2,"0.75(log(n))^2",0.56
272,1000,5,"Clayton",2000,-2,"0.75(log(n))^2",0.51
273,1000,5,"Clayton",2000,-2,"0.75(log(n))^2",0.78
274,1000,5,"Clayton",2000,-2,"0.75(log(n))^2",0.98
275,1000,5,"Clayton",2000,-2,"0.75(log(n))^2",0.46
276,1000,5,"Clayton",2000,-2,"0.75(log(n))^2",0.83
277,1000,5,"Clayton",2000,-2,"0.75(log(n))^2",0.99
278,1000,5,"Clayton",2000,-2,"0.75(log(n))^2",0.81
279,1000,5,"Clayton",2000,-2,"0.75(log(n))^2",0.75
280,1000,5,"Clayton",2000,-2,"0.75(log(n))^2",0.78
281,1000,5,"Clayton",2000,-2,"0.75(log(n))^2",0.73
282,1000,5,"Clayton",2000,-2,"0.75(log(n))^2",0.36
283,1000,5,"Clayton",2000,-2,"0.75(log(n))^2",0.8
284,1000,5,"Clayton",2000,-2,"0.75(log(n))^2",0.29
285,1000,5,"Clayton",2000,-2,"0.75(log(n))^2",0.77
286,1000,5,"Clayton",2000,-2,"0.75(log(n))^2",0.93
287,1000,5,"Clayton",2000,-2,"0.75(log(n))^2",0.85
288,1000,5,"Clayton",2000,-2,"0.75(log(n))^2",0.64
289,1000,5,"Clayton",2000,-2,"0.75(log(n))^2",0.96
290,1000,5,"Clayton",2000,-2,"0.75(log(n))^2",0.54
291,1000,5,"Clayton",2000,-2,"0.75(log(n))^2",0.36
292,1000,5,"Clayton",2000,-2,"0.75(log(n))^2",0.94
293,1000,5,"Clayton",2000,-2,"0.75(log(n))^2",0.69
294,1000,5,"Clayton",2000,-2,"0.75(log(n))^2",0.41
295,1000,5,"Clayton",2000,-2,"0.75(log(n))^2",0.77
296,1000,5,"Clayton",2000,-2,"0.75(log(n))^2",0.69
297,1000,5,"Clayton",2000,-2,"0.75(log(n))^2",0.92
298,1000,5,"Clayton",2000,-2,"0.75(log(n))^2",0.66
299,1000,5,"Clayton",2000,-2,"0.75(log(n))^2",0.4
300,1000,5,"Clayton",2000,-2,"0.75(log(n))^2",0.98
301,1000,5,"Clayton",2000,-2,"0.75(log(n))^2",0.98
302,1000,5,"Clayton",2000,-2,"0.75(log(n))^2",1
303,1000,5,"Clayton",2000,-2,"0.75(log(n))^2",0.46
304,1000,5,"Clayton",2000,-2,"0.75(log(n))^2",0.67
305,1000,5,"Clayton",2000,-2,"0.75(log(n))^2",0.75
306,1000,5,"Clayton",2000,-2,"0.75(log(n))^2",1
307,1000,5,"Clayton",2000,-2,"0.75(log(n))^2",0.95
308,1000,5,"Clayton",2000,-2,"0.75(log(n))^2",0.7
309,1000,5,"Clayton",2000,-2,"0.75(log(n))^2",0.82
310,1000,5,"Clayton",2000,-2,"0.75(log(n))^2",0.72
311,1000,5,"Clayton",2000,-2,"0.75(log(n))^2",0.93
312,1000,5,"Clayton",2000,-2,"0.75(log(n))^2",0.57
313,1000,5,"Clayton",2000,-2,"0.75(log(n))^2",1
314,1000,5,"Clayton",2000,-2,"0.75(log(n))^2",0.65
315,1000,5,"Clayton",2000,-2,"0.75(log(n))^2",0.65
316,1000,5,"Clayton",2000,-2,"0.75(log(n))^2",0.62
317,1000,5,"Clayton",2000,-2,"0.75(log(n))^2",0.8
318,1000,5,"Clayton",2000,-2,"0.75(log(n))^2",0.92
319,1000,5,"Clayton",2000,-2,"0.75(log(n))^2",0.67
320,1000,5,"Clayton",2000,-2,"0.75(log(n))^2",0.24
321,1000,5,"Clayton",2000,-2,"0.75(log(n))^2",0.85
322,1000,5,"Clayton",2000,-2,"0.75(log(n))^2",0.92
323,1000,5,"Clayton",2000,-2,"0.75(log(n))^2",0.72
324,1000,5,"Clayton",2000,-2,"0.75(log(n))^2",0.49
325,1000,5,"Clayton",2000,-2,"0.75(log(n))^2",0.56
326,1000,5,"Clayton",2000,-2,"0.75(log(n))^2",0.07
327,1000,5,"Clayton",2000,-2,"0.75(log(n))^2",0.59
328,1000,5,"Clayton",2000,-2,"0.75(log(n))^2",0.76
329,1000,5,"Clayton",2000,-2,"0.75(log(n))^2",0.74
330,1000,5,"Clayton",2000,-2,"0.75(log(n))^2",0.94
331,1000,5,"Clayton",2000,-2,"0.75(log(n))^2",1
332,1000,5,"Clayton",2000,-2,"0.75(log(n))^2",0.9
333,1000,5,"Clayton",2000,-2,"0.75(log(n))^2",0.87
334,1000,5,"Clayton",2000,-2,"0.75(log(n))^2",0.91
335,1000,5,"Clayton",2000,-2,"0.75(log(n))^2",0.44
336,1000,5,"Clayton",2000,-2,"0.75(log(n))^2",0.85
337,1000,5,"Clayton",2000,-2,"0.75(log(n))^2",0.85
338,1000,5,"Clayton",2000,-2,"0.75(log(n))^2",0.9
339,1000,5,"Clayton",2000,-2,"0.75(log(n))^2",0.74
340,1000,5,"Clayton",2000,-2,"0.75(log(n))^2",0.82
341,1000,5,"Clayton",2000,-2,"0.75(log(n))^2",0.98
342,1000,5,"Clayton",2000,-2,"0.75(log(n))^2",0.65
343,1000,5,"Clayton",2000,-2,"0.75(log(n))^2",0.77
344,1000,5,"Clayton",2000,-2,"0.75(log(n))^2",0.73
345,1000,5,"Clayton",2000,-2,"0.75(log(n))^2",0.79
346,1000,5,"Clayton",2000,-2,"0.75(log(n))^2",0.67
347,1000,5,"Clayton",2000,-2,"0.75(log(n))^2",0.95
348,1000,5,"Clayton",2000,-2,"0.75(log(n))^2",0.77
349,1000,5,"Clayton",2000,-2,"0.75(log(n))^2",0.87
350,1000,5,"Clayton",2000,-2,"0.75(log(n))^2",0.97
351,1000,5,"Clayton",2000,-2,"0.75(log(n))^2",0.85
352,1000,5,"Clayton",2000,-2,"0.75(log(n))^2",0.58
353,1000,5,"Clayton",2000,-2,"0.75(log(n))^2",0.94
354,1000,5,"Clayton",2000,-2,"0.75(log(n))^2",0.63
355,1000,5,"Clayton",2000,-2,"0.75(log(n))^2",0.96
356,1000,5,"Clayton",2000,-2,"0.75(log(n))^2",0.99
357,1000,5,"Clayton",2000,-2,"0.75(log(n))^2",0.28
358,1000,5,"Clayton",2000,-2,"0.75(log(n))^2",0.63
359,1000,5,"Clayton",2000,-2,"0.75(log(n))^2",0.48
360,1000,5,"Clayton",2000,-2,"0.75(log(n))^2",0.98
361,1000,5,"Clayton",2000,-2,"0.75(log(n))^2",0.93
362,1000,5,"Clayton",2000,-2,"0.75(log(n))^2",0.97
363,1000,5,"Clayton",2000,-2,"0.75(log(n))^2",1
364,1000,5,"Clayton",2000,-2,"0.75(log(n))^2",0.79
365,1000,5,"Clayton",2000,-2,"0.75(log(n))^2",0.96
366,1000,5,"Clayton",2000,-2,"0.75(log(n))^2",0.59
367,1000,5,"Clayton",2000,-2,"0.75(log(n))^2",0.97
368,1000,5,"Clayton",2000,-2,"0.75(log(n))^2",0.98
369,1000,5,"Clayton",2000,-2,"0.75(log(n))^2",0.94
370,1000,5,"Clayton",2000,-2,"0.75(log(n))^2",0.85
371,1000,5,"Clayton",2000,-2,"0.75(log(n))^2",0.99
372,1000,5,"Clayton",2000,-2,"0.75(log(n))^2",0.98
373,1000,5,"Clayton",2000,-2,"0.75(log(n))^2",0.71
374,1000,5,"Clayton",2000,-2,"0.75(log(n))^2",0.99
375,1000,5,"Clayton",2000,-2,"0.75(log(n))^2",0.65
376,1000,5,"Clayton",2000,-2,"0.75(log(n))^2",1
377,1000,5,"Clayton",2000,-2,"0.75(log(n))^2",0.9
378,1000,5,"Clayton",2000,-2,"0.75(log(n))^2",0.92
379,1000,5,"Clayton",2000,-2,"0.75(log(n))^2",0.48
380,1000,5,"Clayton",2000,-2,"0.75(log(n))^2",0.71
381,1000,5,"Clayton",2000,-2,"0.75(log(n))^2",0.62
382,1000,5,"Clayton",2000,-2,"0.75(log(n))^2",0.97
383,1000,5,"Clayton",2000,-2,"0.75(log(n))^2",0.86
384,1000,5,"Clayton",2000,-2,"0.75(log(n))^2",0.95
385,1000,5,"Clayton",2000,-2,"0.75(log(n))^2",0.62
386,1000,5,"Clayton",2000,-2,"0.75(log(n))^2",0.75
387,1000,5,"Clayton",2000,-2,"0.75(log(n))^2",0.95
388,1000,5,"Clayton",2000,-2,"0.75(log(n))^2",1
389,1000,5,"Clayton",2000,-2,"0.75(log(n))^2",0.79
390,1000,5,"Clayton",2000,-2,"0.75(log(n))^2",0.69
391,1000,5,"Clayton",2000,-2,"0.75(log(n))^2",0.81
392,1000,5,"Clayton",2000,-2,"0.75(log(n))^2",0.82
393,1000,5,"Clayton",2000,-2,"0.75(log(n))^2",0.89
394,1000,5,"Clayton",2000,-2,"0.75(log(n))^2",0.33
395,1000,5,"Clayton",2000,-2,"0.75(log(n))^2",0.5
396,1000,5,"Clayton",2000,-2,"0.75(log(n))^2",0.55
397,1000,5,"Clayton",2000,-2,"0.75(log(n))^2",0.88
398,1000,5,"Clayton",2000,-2,"0.75(log(n))^2",0.89
399,1000,5,"Clayton",2000,-2,"0.75(log(n))^2",1
400,1000,5,"Clayton",2000,-2,"0.75(log(n))^2",0.39
401,1000,5,"Clayton",2000,-2,"0.75(log(n))^2",0.61
402,1000,5,"Clayton",2000,-2,"0.75(log(n))^2",0.76
403,1000,5,"Clayton",2000,-2,"0.75(log(n))^2",0.53
404,1000,5,"Clayton",2000,-2,"0.75(log(n))^2",0.99
405,1000,5,"Clayton",2000,-2,"0.75(log(n))^2",0.53
406,1000,5,"Clayton",2000,-2,"0.75(log(n))^2",0.96
407,1000,5,"Clayton",2000,-2,"0.75(log(n))^2",0.56
408,1000,5,"Clayton",2000,-2,"0.75(log(n))^2",0.24
409,1000,5,"Clayton",2000,-2,"0.75(log(n))^2",1
410,1000,5,"Clayton",2000,-2,"0.75(log(n))^2",0.79
411,1000,5,"Clayton",2000,-2,"0.75(log(n))^2",0.75
412,1000,5,"Clayton",2000,-2,"0.75(log(n))^2",0.98
413,1000,5,"Clayton",2000,-2,"0.75(log(n))^2",1
414,1000,5,"Clayton",2000,-2,"0.75(log(n))^2",0.71
415,1000,5,"Clayton",2000,-2,"0.75(log(n))^2",0.61
416,1000,5,"Clayton",2000,-2,"0.75(log(n))^2",0.55
417,1000,5,"Clayton",2000,-2,"0.75(log(n))^2",0.97
418,1000,5,"Clayton",2000,-2,"0.75(log(n))^2",1
419,1000,5,"Clayton",2000,-2,"0.75(log(n))^2",0.76
420,1000,5,"Clayton",2000,-2,"0.75(log(n))^2",0.65
421,1000,5,"Clayton",2000,-2,"0.75(log(n))^2",1
422,1000,5,"Clayton",2000,-2,"0.75(log(n))^2",0.13
423,1000,5,"Clayton",2000,-2,"0.75(log(n))^2",0.93
424,1000,5,"Clayton",2000,-2,"0.75(log(n))^2",0.44
425,1000,5,"Clayton",2000,-2,"0.75(log(n))^2",0.76
426,1000,5,"Clayton",2000,-2,"0.75(log(n))^2",0.85
427,1000,5,"Clayton",2000,-2,"0.75(log(n))^2",0.22
428,1000,5,"Clayton",2000,-2,"0.75(log(n))^2",0.82
429,1000,5,"Clayton",2000,-2,"0.75(log(n))^2",0.85
430,1000,5,"Clayton",2000,-2,"0.75(log(n))^2",0.31
431,1000,5,"Clayton",2000,-2,"0.75(log(n))^2",0.78
432,1000,5,"Clayton",2000,-2,"0.75(log(n))^2",0.88
433,1000,5,"Clayton",2000,-2,"0.75(log(n))^2",0.94
434,1000,5,"Clayton",2000,-2,"0.75(log(n))^2",0.5
435,1000,5,"Clayton",2000,-2,"0.75(log(n))^2",0.44
436,1000,5,"Clayton",2000,-2,"0.75(log(n))^2",0.96
437,1000,5,"Clayton",2000,-2,"0.75(log(n))^2",0.8
438,1000,5,"Clayton",2000,-2,"0.75(log(n))^2",0.84
439,1000,5,"Clayton",2000,-2,"0.75(log(n))^2",1
440,1000,5,"Clayton",2000,-2,"0.75(log(n))^2",0.98
441,1000,5,"Clayton",2000,-2,"0.75(log(n))^2",0.99
442,1000,5,"Clayton",2000,-2,"0.75(log(n))^2",0.63
443,1000,5,"Clayton",2000,-2,"0.75(log(n))^2",0.94
444,1000,5,"Clayton",2000,-2,"0.75(log(n))^2",0.54
445,1000,5,"Clayton",2000,-2,"0.75(log(n))^2",1
446,1000,5,"Clayton",2000,-2,"0.75(log(n))^2",0.5
447,1000,5,"Clayton",2000,-2,"0.75(log(n))^2",1
448,1000,5,"Clayton",2000,-2,"0.75(log(n))^2",0.76
449,1000,5,"Clayton",2000,-2,"0.75(log(n))^2",0.99
450,1000,5,"Clayton",2000,-2,"0.75(log(n))^2",0.83
451,1000,5,"Clayton",2000,-2,"0.75(log(n))^2",0.55
452,1000,5,"Clayton",2000,-2,"0.75(log(n))^2",0.79
453,1000,5,"Clayton",2000,-2,"0.75(log(n))^2",0.73
454,1000,5,"Clayton",2000,-2,"0.75(log(n))^2",1
455,1000,5,"Clayton",2000,-2,"0.75(log(n))^2",0.47
456,1000,5,"Clayton",2000,-2,"0.75(log(n))^2",1
457,1000,5,"Clayton",2000,-2,"0.75(log(n))^2",0.51
458,1000,5,"Clayton",2000,-2,"0.75(log(n))^2",0.79
459,1000,5,"Clayton",2000,-2,"0.75(log(n))^2",0.45
460,1000,5,"Clayton",2000,-2,"0.75(log(n))^2",0.76
461,1000,5,"Clayton",2000,-2,"0.75(log(n))^2",1
462,1000,5,"Clayton",2000,-2,"0.75(log(n))^2",0.81
463,1000,5,"Clayton",2000,-2,"0.75(log(n))^2",0.88
464,1000,5,"Clayton",2000,-2,"0.75(log(n))^2",0.91
465,1000,5,"Clayton",2000,-2,"0.75(log(n))^2",0.64
466,1000,5,"Clayton",2000,-2,"0.75(log(n))^2",0.96
467,1000,5,"Clayton",2000,-2,"0.75(log(n))^2",0.66
468,1000,5,"Clayton",2000,-2,"0.75(log(n))^2",0.84
469,1000,5,"Clayton",2000,-2,"0.75(log(n))^2",0.93
470,1000,5,"Clayton",2000,-2,"0.75(log(n))^2",0.45
471,1000,5,"Clayton",2000,-2,"0.75(log(n))^2",0.7
472,1000,5,"Clayton",2000,-2,"0.75(log(n))^2",0.41
473,1000,5,"Clayton",2000,-2,"0.75(log(n))^2",0.83
474,1000,5,"Clayton",2000,-2,"0.75(log(n))^2",0.99
475,1000,5,"Clayton",2000,-2,"0.75(log(n))^2",0.98
476,1000,5,"Clayton",2000,-2,"0.75(log(n))^2",0.85
477,1000,5,"Clayton",2000,-2,"0.75(log(n))^2",1
478,1000,5,"Clayton",2000,-2,"0.75(log(n))^2",0.96
479,1000,5,"Clayton",2000,-2,"0.75(log(n))^2",0.99
480,1000,5,"Clayton",2000,-2,"0.75(log(n))^2",0.77
481,1000,5,"Clayton",2000,-2,"0.75(log(n))^2",0.99
482,1000,5,"Clayton",2000,-2,"0.75(log(n))^2",0.89
483,1000,5,"Clayton",2000,-2,"0.75(log(n))^2",0.93
484,1000,5,"Clayton",2000,-2,"0.75(log(n))^2",0.74
485,1000,5,"Clayton",2000,-2,"0.75(log(n))^2",0.67
486,1000,5,"Clayton",2000,-2,"0.75(log(n))^2",0.81
487,1000,5,"Clayton",2000,-2,"0.75(log(n))^2",1
488,1000,5,"Clayton",2000,-2,"0.75(log(n))^2",0.4
489,1000,5,"Clayton",2000,-2,"0.75(log(n))^2",0.87
490,1000,5,"Clayton",2000,-2,"0.75(log(n))^2",0.24
491,1000,5,"Clayton",2000,-2,"0.75(log(n))^2",0.63
492,1000,5,"Clayton",2000,-2,"0.75(log(n))^2",0.97
493,1000,5,"Clayton",2000,-2,"0.75(log(n))^2",0.64
494,1000,5,"Clayton",2000,-2,"0.75(log(n))^2",0.36
495,1000,5,"Clayton",2000,-2,"0.75(log(n))^2",0.98
496,1000,5,"Clayton",2000,-2,"0.75(log(n))^2",0.91
497,1000,5,"Clayton",2000,-2,"0.75(log(n))^2",1
498,1000,5,"Clayton",2000,-2,"0.75(log(n))^2",0.85
499,1000,5,"Clayton",2000,-2,"0.75(log(n))^2",1
500,1000,5,"Clayton",2000,-2,"0.75(log(n))^2",0.51
501,1000,5,"Clayton",2000,-2,"0.75(log(n))^2",0.27
502,1000,5,"Clayton",2000,-2,"0.75(log(n))^2",0.19
503,1000,5,"Clayton",2000,-2,"0.75(log(n))^2",0.91
504,1000,5,"Clayton",2000,-2,"0.75(log(n))^2",0.43
505,1000,5,"Clayton",2000,-2,"0.75(log(n))^2",0.85
506,1000,5,"Clayton",2000,-2,"0.75(log(n))^2",0.96
507,1000,5,"Clayton",2000,-2,"0.75(log(n))^2",0.95
508,1000,5,"Clayton",2000,-2,"0.75(log(n))^2",0.69
509,1000,5,"Clayton",2000,-2,"0.75(log(n))^2",0.89
510,1000,5,"Clayton",2000,-2,"0.75(log(n))^2",0.58
511,1000,5,"Clayton",2000,-2,"0.75(log(n))^2",0.44
512,1000,5,"Clayton",2000,-2,"0.75(log(n))^2",0.85
513,1000,5,"Clayton",2000,-2,"0.75(log(n))^2",0.46
514,1000,5,"Clayton",2000,-2,"0.75(log(n))^2",0.88
515,1000,5,"Clayton",2000,-2,"0.75(log(n))^2",0.9
516,1000,5,"Clayton",2000,-2,"0.75(log(n))^2",0.9
517,1000,5,"Clayton",2000,-2,"0.75(log(n))^2",0.95
518,1000,5,"Clayton",2000,-2,"0.75(log(n))^2",0.88
519,1000,5,"Clayton",2000,-2,"0.75(log(n))^2",0.09
520,1000,5,"Clayton",2000,-2,"0.75(log(n))^2",0.66
521,1000,5,"Clayton",2000,-2,"0.75(log(n))^2",1
522,1000,5,"Clayton",2000,-2,"0.75(log(n))^2",0.17
523,1000,5,"Clayton",2000,-2,"0.75(log(n))^2",1
524,1000,5,"Clayton",2000,-2,"0.75(log(n))^2",0.83
525,1000,5,"Clayton",2000,-2,"0.75(log(n))^2",0.91
526,1000,5,"Clayton",2000,-2,"0.75(log(n))^2",0.88
527,1000,5,"Clayton",2000,-2,"0.75(log(n))^2",0.91
528,1000,5,"Clayton",2000,-2,"0.75(log(n))^2",0.79
529,1000,5,"Clayton",2000,-2,"0.75(log(n))^2",0.8
530,1000,5,"Clayton",2000,-2,"0.75(log(n))^2",0.44
531,1000,5,"Clayton",2000,-2,"0.75(log(n))^2",0.7
532,1000,5,"Clayton",2000,-2,"0.75(log(n))^2",0.72
533,1000,5,"Clayton",2000,-2,"0.75(log(n))^2",0.39
534,1000,5,"Clayton",2000,-2,"0.75(log(n))^2",0.8
535,1000,5,"Clayton",2000,-2,"0.75(log(n))^2",0.08
536,1000,5,"Clayton",2000,-2,"0.75(log(n))^2",0.99
537,1000,5,"Clayton",2000,-2,"0.75(log(n))^2",0.79
538,1000,5,"Clayton",2000,-2,"0.75(log(n))^2",1
539,1000,5,"Clayton",2000,-2,"0.75(log(n))^2",0.28
540,1000,5,"Clayton",2000,-2,"0.75(log(n))^2",0.98
541,1000,5,"Clayton",2000,-2,"0.75(log(n))^2",0.18
542,1000,5,"Clayton",2000,-2,"0.75(log(n))^2",0.82
543,1000,5,"Clayton",2000,-2,"0.75(log(n))^2",0.7
544,1000,5,"Clayton",2000,-2,"0.75(log(n))^2",0.67
545,1000,5,"Clayton",2000,-2,"0.75(log(n))^2",0.86
546,1000,5,"Clayton",2000,-2,"0.75(log(n))^2",0.99
547,1000,5,"Clayton",2000,-2,"0.75(log(n))^2",0.35
548,1000,5,"Clayton",2000,-2,"0.75(log(n))^2",1
549,1000,5,"Clayton",2000,-2,"0.75(log(n))^2",0.95
550,1000,5,"Clayton",2000,-2,"0.75(log(n))^2",0.72
551,1000,5,"Clayton",2000,-2,"0.75(log(n))^2",0.77
552,1000,5,"Clayton",2000,-2,"0.75(log(n))^2",0.58
553,1000,5,"Clayton",2000,-2,"0.75(log(n))^2",0.29
554,1000,5,"Clayton",2000,-2,"0.75(log(n))^2",0.69
555,1000,5,"Clayton",2000,-2,"0.75(log(n))^2",0.94
556,1000,5,"Clayton",2000,-2,"0.75(log(n))^2",0.95
557,1000,5,"Clayton",2000,-2,"0.75(log(n))^2",0.61
558,1000,5,"Clayton",2000,-2,"0.75(log(n))^2",0.88
559,1000,5,"Clayton",2000,-2,"0.75(log(n))^2",0.84
560,1000,5,"Clayton",2000,-2,"0.75(log(n))^2",0.95
561,1000,5,"Clayton",2000,-2,"0.75(log(n))^2",0.89
562,1000,5,"Clayton",2000,-2,"0.75(log(n))^2",0.99
563,1000,5,"Clayton",2000,-2,"0.75(log(n))^2",0.71
564,1000,5,"Clayton",2000,-2,"0.75(log(n))^2",0.82
565,1000,5,"Clayton",2000,-2,"0.75(log(n))^2",0.95
566,1000,5,"Clayton",2000,-2,"0.75(log(n))^2",0.91
567,1000,5,"Clayton",2000,-2,"0.75(log(n))^2",0.52
568,1000,5,"Clayton",2000,-2,"0.75(log(n))^2",0.45
569,1000,5,"Clayton",2000,-2,"0.75(log(n))^2",0.84
570,1000,5,"Clayton",2000,-2,"0.75(log(n))^2",0.81
571,1000,5,"Clayton",2000,-2,"0.75(log(n))^2",0.95
572,1000,5,"Clayton",2000,-2,"0.75(log(n))^2",0.95
573,1000,5,"Clayton",2000,-2,"0.75(log(n))^2",0.79
574,1000,5,"Clayton",2000,-2,"0.75(log(n))^2",0.95
575,1000,5,"Clayton",2000,-2,"0.75(log(n))^2",0.73
576,1000,5,"Clayton",2000,-2,"0.75(log(n))^2",0.92
577,1000,5,"Clayton",2000,-2,"0.75(log(n))^2",0.54
578,1000,5,"Clayton",2000,-2,"0.75(log(n))^2",0.83
579,1000,5,"Clayton",2000,-2,"0.75(log(n))^2",0.58
580,1000,5,"Clayton",2000,-2,"0.75(log(n))^2",0.64
581,1000,5,"Clayton",2000,-2,"0.75(log(n))^2",0.21
582,1000,5,"Clayton",2000,-2,"0.75(log(n))^2",0.38
583,1000,5,"Clayton",2000,-2,"0.75(log(n))^2",0.31
584,1000,5,"Clayton",2000,-2,"0.75(log(n))^2",1
585,1000,5,"Clayton",2000,-2,"0.75(log(n))^2",1
586,1000,5,"Clayton",2000,-2,"0.75(log(n))^2",0.89
587,1000,5,"Clayton",2000,-2,"0.75(log(n))^2",0.87
588,1000,5,"Clayton",2000,-2,"0.75(log(n))^2",0.72
589,1000,5,"Clayton",2000,-2,"0.75(log(n))^2",0.97
590,1000,5,"Clayton",2000,-2,"0.75(log(n))^2",0.93
591,1000,5,"Clayton",2000,-2,"0.75(log(n))^2",0.86
592,1000,5,"Clayton",2000,-2,"0.75(log(n))^2",0.85
593,1000,5,"Clayton",2000,-2,"0.75(log(n))^2",0.69
594,1000,5,"Clayton",2000,-2,"0.75(log(n))^2",0.87
595,1000,5,"Clayton",2000,-2,"0.75(log(n))^2",0.94
596,1000,5,"Clayton",2000,-2,"0.75(log(n))^2",0.83
597,1000,5,"Clayton",2000,-2,"0.75(log(n))^2",0.43
598,1000,5,"Clayton",2000,-2,"0.75(log(n))^2",0.82
599,1000,5,"Clayton",2000,-2,"0.75(log(n))^2",0.91
600,1000,5,"Clayton",2000,-2,"0.75(log(n))^2",0.74
601,1000,5,"Clayton",2000,-2,"0.75(log(n))^2",0.7
602,1000,5,"Clayton",2000,-2,"0.75(log(n))^2",1
603,1000,5,"Clayton",2000,-2,"0.75(log(n))^2",0.88
604,1000,5,"Clayton",2000,-2,"0.75(log(n))^2",0.77
605,1000,5,"Clayton",2000,-2,"0.75(log(n))^2",0.99
606,1000,5,"Clayton",2000,-2,"0.75(log(n))^2",0.65
607,1000,5,"Clayton",2000,-2,"0.75(log(n))^2",0.98
608,1000,5,"Clayton",2000,-2,"0.75(log(n))^2",0.28
609,1000,5,"Clayton",2000,-2,"0.75(log(n))^2",0.96
610,1000,5,"Clayton",2000,-2,"0.75(log(n))^2",0.76
611,1000,5,"Clayton",2000,-2,"0.75(log(n))^2",0.73
612,1000,5,"Clayton",2000,-2,"0.75(log(n))^2",0.89
613,1000,5,"Clayton",2000,-2,"0.75(log(n))^2",0.95
614,1000,5,"Clayton",2000,-2,"0.75(log(n))^2",0.74
615,1000,5,"Clayton",2000,-2,"0.75(log(n))^2",0.96
616,1000,5,"Clayton",2000,-2,"0.75(log(n))^2",0.95
617,1000,5,"Clayton",2000,-2,"0.75(log(n))^2",0.68
618,1000,5,"Clayton",2000,-2,"0.75(log(n))^2",0.79
619,1000,5,"Clayton",2000,-2,"0.75(log(n))^2",0.9
620,1000,5,"Clayton",2000,-2,"0.75(log(n))^2",0.97
621,1000,5,"Clayton",2000,-2,"0.75(log(n))^2",0.94
622,1000,5,"Clayton",2000,-2,"0.75(log(n))^2",0.93
623,1000,5,"Clayton",2000,-2,"0.75(log(n))^2",0.37
624,1000,5,"Clayton",2000,-2,"0.75(log(n))^2",0.88
625,1000,5,"Clayton",2000,-2,"0.75(log(n))^2",0.87
626,1000,5,"Clayton",2000,-2,"0.75(log(n))^2",0.82
627,1000,5,"Clayton",2000,-2,"0.75(log(n))^2",0.7
628,1000,5,"Clayton",2000,-2,"0.75(log(n))^2",0.91
629,1000,5,"Clayton",2000,-2,"0.75(log(n))^2",0.53
630,1000,5,"Clayton",2000,-2,"0.75(log(n))^2",0.58
631,1000,5,"Clayton",2000,-2,"0.75(log(n))^2",0.65
632,1000,5,"Clayton",2000,-2,"0.75(log(n))^2",0.6
633,1000,5,"Clayton",2000,-2,"0.75(log(n))^2",0.9
634,1000,5,"Clayton",2000,-2,"0.75(log(n))^2",0.83
635,1000,5,"Clayton",2000,-2,"0.75(log(n))^2",0.54
636,1000,5,"Clayton",2000,-2,"0.75(log(n))^2",0.93
637,1000,5,"Clayton",2000,-2,"0.75(log(n))^2",0.6
638,1000,5,"Clayton",2000,-2,"0.75(log(n))^2",0.94
639,1000,5,"Clayton",2000,-2,"0.75(log(n))^2",0.76
640,1000,5,"Clayton",2000,-2,"0.75(log(n))^2",0.42
641,1000,5,"Clayton",2000,-2,"0.75(log(n))^2",0.7
642,1000,5,"Clayton",2000,-2,"0.75(log(n))^2",1
643,1000,5,"Clayton",2000,-2,"0.75(log(n))^2",0.93
644,1000,5,"Clayton",2000,-2,"0.75(log(n))^2",0.97
645,1000,5,"Clayton",2000,-2,"0.75(log(n))^2",0.53
646,1000,5,"Clayton",2000,-2,"0.75(log(n))^2",0.86
647,1000,5,"Clayton",2000,-2,"0.75(log(n))^2",0.92
648,1000,5,"Clayton",2000,-2,"0.75(log(n))^2",0.57
649,1000,5,"Clayton",2000,-2,"0.75(log(n))^2",0.61
650,1000,5,"Clayton",2000,-2,"0.75(log(n))^2",0.69
651,1000,5,"Clayton",2000,-2,"0.75(log(n))^2",1
652,1000,5,"Clayton",2000,-2,"0.75(log(n))^2",0.78
653,1000,5,"Clayton",2000,-2,"0.75(log(n))^2",0.9
654,1000,5,"Clayton",2000,-2,"0.75(log(n))^2",0.46
655,1000,5,"Clayton",2000,-2,"0.75(log(n))^2",0.64
656,1000,5,"Clayton",2000,-2,"0.75(log(n))^2",0.69
657,1000,5,"Clayton",2000,-2,"0.75(log(n))^2",0.5
658,1000,5,"Clayton",2000,-2,"0.75(log(n))^2",0.92
659,1000,5,"Clayton",2000,-2,"0.75(log(n))^2",0.55
660,1000,5,"Clayton",2000,-2,"0.75(log(n))^2",0.38
661,1000,5,"Clayton",2000,-2,"0.75(log(n))^2",0.56
662,1000,5,"Clayton",2000,-2,"0.75(log(n))^2",1
663,1000,5,"Clayton",2000,-2,"0.75(log(n))^2",0.46
664,1000,5,"Clayton",2000,-2,"0.75(log(n))^2",0.76
665,1000,5,"Clayton",2000,-2,"0.75(log(n))^2",0.07
666,1000,5,"Clayton",2000,-2,"0.75(log(n))^2",0.79
667,1000,5,"Clayton",2000,-2,"0.75(log(n))^2",0.45
668,1000,5,"Clayton",2000,-2,"0.75(log(n))^2",1
669,1000,5,"Clayton",2000,-2,"0.75(log(n))^2",0.65
670,1000,5,"Clayton",2000,-2,"0.75(log(n))^2",0.35
671,1000,5,"Clayton",2000,-2,"0.75(log(n))^2",1
672,1000,5,"Clayton",2000,-2,"0.75(log(n))^2",0.86
673,1000,5,"Clayton",2000,-2,"0.75(log(n))^2",0.93
674,1000,5,"Clayton",2000,-2,"0.75(log(n))^2",0.97
675,1000,5,"Clayton",2000,-2,"0.75(log(n))^2",0.46
676,1000,5,"Clayton",2000,-2,"0.75(log(n))^2",0.94
677,1000,5,"Clayton",2000,-2,"0.75(log(n))^2",0.51
678,1000,5,"Clayton",2000,-2,"0.75(log(n))^2",0.9
679,1000,5,"Clayton",2000,-2,"0.75(log(n))^2",0.74
680,1000,5,"Clayton",2000,-2,"0.75(log(n))^2",0.91
681,1000,5,"Clayton",2000,-2,"0.75(log(n))^2",1
682,1000,5,"Clayton",2000,-2,"0.75(log(n))^2",0.43
683,1000,5,"Clayton",2000,-2,"0.75(log(n))^2",0.97
684,1000,5,"Clayton",2000,-2,"0.75(log(n))^2",0.94
685,1000,5,"Clayton",2000,-2,"0.75(log(n))^2",0.93
686,1000,5,"Clayton",2000,-2,"0.75(log(n))^2",0.4
687,1000,5,"Clayton",2000,-2,"0.75(log(n))^2",0.99
688,1000,5,"Clayton",2000,-2,"0.75(log(n))^2",0.83
689,1000,5,"Clayton",2000,-2,"0.75(log(n))^2",0.36
690,1000,5,"Clayton",2000,-2,"0.75(log(n))^2",0.73
691,1000,5,"Clayton",2000,-2,"0.75(log(n))^2",0.5
692,1000,5,"Clayton",2000,-2,"0.75(log(n))^2",1
693,1000,5,"Clayton",2000,-2,"0.75(log(n))^2",0.99
694,1000,5,"Clayton",2000,-2,"0.75(log(n))^2",0.85
695,1000,5,"Clayton",2000,-2,"0.75(log(n))^2",0.8
696,1000,5,"Clayton",2000,-2,"0.75(log(n))^2",0.43
697,1000,5,"Clayton",2000,-2,"0.75(log(n))^2",0.62
698,1000,5,"Clayton",2000,-2,"0.75(log(n))^2",0.66
699,1000,5,"Clayton",2000,-2,"0.75(log(n))^2",0.91
700,1000,5,"Clayton",2000,-2,"0.75(log(n))^2",0.9
701,1000,5,"Clayton",2000,-2,"0.75(log(n))^2",0.92
702,1000,5,"Clayton",2000,-2,"0.75(log(n))^2",0.62
703,1000,5,"Clayton",2000,-2,"0.75(log(n))^2",1
704,1000,5,"Clayton",2000,-2,"0.75(log(n))^2",0.91
705,1000,5,"Clayton",2000,-2,"0.75(log(n))^2",0.71
706,1000,5,"Clayton",2000,-2,"0.75(log(n))^2",0.45
707,1000,5,"Clayton",2000,-2,"0.75(log(n))^2",0.63
708,1000,5,"Clayton",2000,-2,"0.75(log(n))^2",0.42
709,1000,5,"Clayton",2000,-2,"0.75(log(n))^2",0.37
710,1000,5,"Clayton",2000,-2,"0.75(log(n))^2",0.98
711,1000,5,"Clayton",2000,-2,"0.75(log(n))^2",0.69
712,1000,5,"Clayton",2000,-2,"0.75(log(n))^2",0.98
713,1000,5,"Clayton",2000,-2,"0.75(log(n))^2",0.93
714,1000,5,"Clayton",2000,-2,"0.75(log(n))^2",0.98
715,1000,5,"Clayton",2000,-2,"0.75(log(n))^2",0.83
716,1000,5,"Clayton",2000,-2,"0.75(log(n))^2",0.31
717,1000,5,"Clayton",2000,-2,"0.75(log(n))^2",0.47
718,1000,5,"Clayton",2000,-2,"0.75(log(n))^2",0.98
719,1000,5,"Clayton",2000,-2,"0.75(log(n))^2",0.59
720,1000,5,"Clayton",2000,-2,"0.75(log(n))^2",0.86
721,1000,5,"Clayton",2000,-2,"0.75(log(n))^2",0.91
722,1000,5,"Clayton",2000,-2,"0.75(log(n))^2",0.68
723,1000,5,"Clayton",2000,-2,"0.75(log(n))^2",0.3
724,1000,5,"Clayton",2000,-2,"0.75(log(n))^2",0.8
725,1000,5,"Clayton",2000,-2,"0.75(log(n))^2",0.96
726,1000,5,"Clayton",2000,-2,"0.75(log(n))^2",0.38
727,1000,5,"Clayton",2000,-2,"0.75(log(n))^2",0.93
728,1000,5,"Clayton",2000,-2,"0.75(log(n))^2",0.77
729,1000,5,"Clayton",2000,-2,"0.75(log(n))^2",0.99
730,1000,5,"Clayton",2000,-2,"0.75(log(n))^2",0.67
731,1000,5,"Clayton",2000,-2,"0.75(log(n))^2",1
732,1000,5,"Clayton",2000,-2,"0.75(log(n))^2",1
733,1000,5,"Clayton",2000,-2,"0.75(log(n))^2",0.98
734,1000,5,"Clayton",2000,-2,"0.75(log(n))^2",0.96
735,1000,5,"Clayton",2000,-2,"0.75(log(n))^2",0.99
736,1000,5,"Clayton",2000,-2,"0.75(log(n))^2",0.64
737,1000,5,"Clayton",2000,-2,"0.75(log(n))^2",0.85
738,1000,5,"Clayton",2000,-2,"0.75(log(n))^2",0.96
739,1000,5,"Clayton",2000,-2,"0.75(log(n))^2",0.49
740,1000,5,"Clayton",2000,-2,"0.75(log(n))^2",0.66
741,1000,5,"Clayton",2000,-2,"0.75(log(n))^2",0.46
742,1000,5,"Clayton",2000,-2,"0.75(log(n))^2",0.42
743,1000,5,"Clayton",2000,-2,"0.75(log(n))^2",0.95
744,1000,5,"Clayton",2000,-2,"0.75(log(n))^2",0.9
745,1000,5,"Clayton",2000,-2,"0.75(log(n))^2",0.84
746,1000,5,"Clayton",2000,-2,"0.75(log(n))^2",0.71
747,1000,5,"Clayton",2000,-2,"0.75(log(n))^2",0.44
748,1000,5,"Clayton",2000,-2,"0.75(log(n))^2",0.88
749,1000,5,"Clayton",2000,-2,"0.75(log(n))^2",0.65
750,1000,5,"Clayton",2000,-2,"0.75(log(n))^2",0.52
751,1000,5,"Clayton",2000,-2,"0.75(log(n))^2",0.7
752,1000,5,"Clayton",2000,-2,"0.75(log(n))^2",0.98
753,1000,5,"Clayton",2000,-2,"0.75(log(n))^2",0.74
754,1000,5,"Clayton",2000,-2,"0.75(log(n))^2",0.42
755,1000,5,"Clayton",2000,-2,"0.75(log(n))^2",0.79
756,1000,5,"Clayton",2000,-2,"0.75(log(n))^2",0.43
757,1000,5,"Clayton",2000,-2,"0.75(log(n))^2",0.57
758,1000,5,"Clayton",2000,-2,"0.75(log(n))^2",0.7
759,1000,5,"Clayton",2000,-2,"0.75(log(n))^2",0.86
760,1000,5,"Clayton",2000,-2,"0.75(log(n))^2",0.54
761,1000,5,"Clayton",2000,-2,"0.75(log(n))^2",0.36
762,1000,5,"Clayton",2000,-2,"0.75(log(n))^2",0.84
763,1000,5,"Clayton",2000,-2,"0.75(log(n))^2",0.96
764,1000,5,"Clayton",2000,-2,"0.75(log(n))^2",0.58
765,1000,5,"Clayton",2000,-2,"0.75(log(n))^2",0.64
766,1000,5,"Clayton",2000,-2,"0.75(log(n))^2",1
767,1000,5,"Clayton",2000,-2,"0.75(log(n))^2",0.25
768,1000,5,"Clayton",2000,-2,"0.75(log(n))^2",1
769,1000,5,"Clayton",2000,-2,"0.75(log(n))^2",0.71
770,1000,5,"Clayton",2000,-2,"0.75(log(n))^2",0.92
771,1000,5,"Clayton",2000,-2,"0.75(log(n))^2",0.97
772,1000,5,"Clayton",2000,-2,"0.75(log(n))^2",0.96
773,1000,5,"Clayton",2000,-2,"0.75(log(n))^2",0.88
774,1000,5,"Clayton",2000,-2,"0.75(log(n))^2",0.56
775,1000,5,"Clayton",2000,-2,"0.75(log(n))^2",0.96
776,1000,5,"Clayton",2000,-2,"0.75(log(n))^2",0.75
777,1000,5,"Clayton",2000,-2,"0.75(log(n))^2",0.66
778,1000,5,"Clayton",2000,-2,"0.75(log(n))^2",0.79
779,1000,5,"Clayton",2000,-2,"0.75(log(n))^2",0.99
780,1000,5,"Clayton",2000,-2,"0.75(log(n))^2",0.82
781,1000,5,"Clayton",2000,-2,"0.75(log(n))^2",1
782,1000,5,"Clayton",2000,-2,"0.75(log(n))^2",0.21
783,1000,5,"Clayton",2000,-2,"0.75(log(n))^2",0.88
784,1000,5,"Clayton",2000,-2,"0.75(log(n))^2",0.43
785,1000,5,"Clayton",2000,-2,"0.75(log(n))^2",0.84
786,1000,5,"Clayton",2000,-2,"0.75(log(n))^2",0.67
787,1000,5,"Clayton",2000,-2,"0.75(log(n))^2",0.23
788,1000,5,"Clayton",2000,-2,"0.75(log(n))^2",0.85
789,1000,5,"Clayton",2000,-2,"0.75(log(n))^2",1
790,1000,5,"Clayton",2000,-2,"0.75(log(n))^2",0.63
791,1000,5,"Clayton",2000,-2,"0.75(log(n))^2",0.92
792,1000,5,"Clayton",2000,-2,"0.75(log(n))^2",0.71
793,1000,5,"Clayton",2000,-2,"0.75(log(n))^2",0.59
794,1000,5,"Clayton",2000,-2,"0.75(log(n))^2",0.37
795,1000,5,"Clayton",2000,-2,"0.75(log(n))^2",0.81
796,1000,5,"Clayton",2000,-2,"0.75(log(n))^2",1
797,1000,5,"Clayton",2000,-2,"0.75(log(n))^2",0.92
798,1000,5,"Clayton",2000,-2,"0.75(log(n))^2",0.22
799,1000,5,"Clayton",2000,-2,"0.75(log(n))^2",0.37
800,1000,5,"Clayton",2000,-2,"0.75(log(n))^2",0.39
801,1000,5,"Clayton",2000,-2,"0.75(log(n))^2",0.21
802,1000,5,"Clayton",2000,-2,"0.75(log(n))^2",0.67
803,1000,5,"Clayton",2000,-2,"0.75(log(n))^2",0.5
804,1000,5,"Clayton",2000,-2,"0.75(log(n))^2",0.65
805,1000,5,"Clayton",2000,-2,"0.75(log(n))^2",1
806,1000,5,"Clayton",2000,-2,"0.75(log(n))^2",0.38
807,1000,5,"Clayton",2000,-2,"0.75(log(n))^2",0.99
808,1000,5,"Clayton",2000,-2,"0.75(log(n))^2",0.48
809,1000,5,"Clayton",2000,-2,"0.75(log(n))^2",0.8
810,1000,5,"Clayton",2000,-2,"0.75(log(n))^2",0.75
811,1000,5,"Clayton",2000,-2,"0.75(log(n))^2",0.97
812,1000,5,"Clayton",2000,-2,"0.75(log(n))^2",0.9
813,1000,5,"Clayton",2000,-2,"0.75(log(n))^2",1
814,1000,5,"Clayton",2000,-2,"0.75(log(n))^2",0.78
815,1000,5,"Clayton",2000,-2,"0.75(log(n))^2",0.65
816,1000,5,"Clayton",2000,-2,"0.75(log(n))^2",0.64
817,1000,5,"Clayton",2000,-2,"0.75(log(n))^2",0.44
818,1000,5,"Clayton",2000,-2,"0.75(log(n))^2",0.38
819,1000,5,"Clayton",2000,-2,"0.75(log(n))^2",0.39
820,1000,5,"Clayton",2000,-2,"0.75(log(n))^2",0.93
821,1000,5,"Clayton",2000,-2,"0.75(log(n))^2",0.48
822,1000,5,"Clayton",2000,-2,"0.75(log(n))^2",0.4
823,1000,5,"Clayton",2000,-2,"0.75(log(n))^2",0.96
824,1000,5,"Clayton",2000,-2,"0.75(log(n))^2",0.85
825,1000,5,"Clayton",2000,-2,"0.75(log(n))^2",0.77
826,1000,5,"Clayton",2000,-2,"0.75(log(n))^2",0.9
827,1000,5,"Clayton",2000,-2,"0.75(log(n))^2",0.82
828,1000,5,"Clayton",2000,-2,"0.75(log(n))^2",0.85
829,1000,5,"Clayton",2000,-2,"0.75(log(n))^2",0.56
830,1000,5,"Clayton",2000,-2,"0.75(log(n))^2",0.72
831,1000,5,"Clayton",2000,-2,"0.75(log(n))^2",0.75
832,1000,5,"Clayton",2000,-2,"0.75(log(n))^2",0.9
833,1000,5,"Clayton",2000,-2,"0.75(log(n))^2",0.44
834,1000,5,"Clayton",2000,-2,"0.75(log(n))^2",0.64
835,1000,5,"Clayton",2000,-2,"0.75(log(n))^2",0.56
836,1000,5,"Clayton",2000,-2,"0.75(log(n))^2",0.66
837,1000,5,"Clayton",2000,-2,"0.75(log(n))^2",0.98
838,1000,5,"Clayton",2000,-2,"0.75(log(n))^2",0.92
839,1000,5,"Clayton",2000,-2,"0.75(log(n))^2",0.64
840,1000,5,"Clayton",2000,-2,"0.75(log(n))^2",0.77
841,1000,5,"Clayton",2000,-2,"0.75(log(n))^2",0.57
842,1000,5,"Clayton",2000,-2,"0.75(log(n))^2",1
843,1000,5,"Clayton",2000,-2,"0.75(log(n))^2",0.89
844,1000,5,"Clayton",2000,-2,"0.75(log(n))^2",0.49
845,1000,5,"Clayton",2000,-2,"0.75(log(n))^2",0.59
846,1000,5,"Clayton",2000,-2,"0.75(log(n))^2",0.77
847,1000,5,"Clayton",2000,-2,"0.75(log(n))^2",0.78
848,1000,5,"Clayton",2000,-2,"0.75(log(n))^2",0.73
849,1000,5,"Clayton",2000,-2,"0.75(log(n))^2",0.99
850,1000,5,"Clayton",2000,-2,"0.75(log(n))^2",0.48
851,1000,5,"Clayton",2000,-2,"0.75(log(n))^2",0.82
852,1000,5,"Clayton",2000,-2,"0.75(log(n))^2",0.48
853,1000,5,"Clayton",2000,-2,"0.75(log(n))^2",0.74
854,1000,5,"Clayton",2000,-2,"0.75(log(n))^2",0.6
855,1000,5,"Clayton",2000,-2,"0.75(log(n))^2",0.83
856,1000,5,"Clayton",2000,-2,"0.75(log(n))^2",0.67
857,1000,5,"Clayton",2000,-2,"0.75(log(n))^2",1
858,1000,5,"Clayton",2000,-2,"0.75(log(n))^2",0.03
859,1000,5,"Clayton",2000,-2,"0.75(log(n))^2",0.37
860,1000,5,"Clayton",2000,-2,"0.75(log(n))^2",0.8
861,1000,5,"Clayton",2000,-2,"0.75(log(n))^2",0.75
862,1000,5,"Clayton",2000,-2,"0.75(log(n))^2",0.98
863,1000,5,"Clayton",2000,-2,"0.75(log(n))^2",0.97
864,1000,5,"Clayton",2000,-2,"0.75(log(n))^2",0.37
865,1000,5,"Clayton",2000,-2,"0.75(log(n))^2",0.97
866,1000,5,"Clayton",2000,-2,"0.75(log(n))^2",0.87
867,1000,5,"Clayton",2000,-2,"0.75(log(n))^2",0.28
868,1000,5,"Clayton",2000,-2,"0.75(log(n))^2",0.27
869,1000,5,"Clayton",2000,-2,"0.75(log(n))^2",0.78
870,1000,5,"Clayton",2000,-2,"0.75(log(n))^2",0.5
871,1000,5,"Clayton",2000,-2,"0.75(log(n))^2",0.98
872,1000,5,"Clayton",2000,-2,"0.75(log(n))^2",1
873,1000,5,"Clayton",2000,-2,"0.75(log(n))^2",0.84
874,1000,5,"Clayton",2000,-2,"0.75(log(n))^2",0.97
875,1000,5,"Clayton",2000,-2,"0.75(log(n))^2",0.84
876,1000,5,"Clayton",2000,-2,"0.75(log(n))^2",0.99
877,1000,5,"Clayton",2000,-2,"0.75(log(n))^2",0.93
878,1000,5,"Clayton",2000,-2,"0.75(log(n))^2",0.91
879,1000,5,"Clayton",2000,-2,"0.75(log(n))^2",0.43
880,1000,5,"Clayton",2000,-2,"0.75(log(n))^2",0.56
881,1000,5,"Clayton",2000,-2,"0.75(log(n))^2",0.92
882,1000,5,"Clayton",2000,-2,"0.75(log(n))^2",0.55
883,1000,5,"Clayton",2000,-2,"0.75(log(n))^2",0.99
884,1000,5,"Clayton",2000,-2,"0.75(log(n))^2",0.61
885,1000,5,"Clayton",2000,-2,"0.75(log(n))^2",0.99
886,1000,5,"Clayton",2000,-2,"0.75(log(n))^2",0.92
887,1000,5,"Clayton",2000,-2,"0.75(log(n))^2",0.62
888,1000,5,"Clayton",2000,-2,"0.75(log(n))^2",0.78
889,1000,5,"Clayton",2000,-2,"0.75(log(n))^2",0.74
890,1000,5,"Clayton",2000,-2,"0.75(log(n))^2",0.94
891,1000,5,"Clayton",2000,-2,"0.75(log(n))^2",0.78
892,1000,5,"Clayton",2000,-2,"0.75(log(n))^2",0.62
893,1000,5,"Clayton",2000,-2,"0.75(log(n))^2",0.83
894,1000,5,"Clayton",2000,-2,"0.75(log(n))^2",0.75
895,1000,5,"Clayton",2000,-2,"0.75(log(n))^2",0.82
896,1000,5,"Clayton",2000,-2,"0.75(log(n))^2",0.99
897,1000,5,"Clayton",2000,-2,"0.75(log(n))^2",0.42
898,1000,5,"Clayton",2000,-2,"0.75(log(n))^2",0.93
899,1000,5,"Clayton",2000,-2,"0.75(log(n))^2",1
900,1000,5,"Clayton",2000,-2,"0.75(log(n))^2",0.76
901,1000,5,"Clayton",2000,-2,"0.75(log(n))^2",0.83
902,1000,5,"Clayton",2000,-2,"0.75(log(n))^2",0.28
903,1000,5,"Clayton",2000,-2,"0.75(log(n))^2",0.58
904,1000,5,"Clayton",2000,-2,"0.75(log(n))^2",0.93
905,1000,5,"Clayton",2000,-2,"0.75(log(n))^2",0.97
906,1000,5,"Clayton",2000,-2,"0.75(log(n))^2",1
907,1000,5,"Clayton",2000,-2,"0.75(log(n))^2",1
908,1000,5,"Clayton",2000,-2,"0.75(log(n))^2",0.78
909,1000,5,"Clayton",2000,-2,"0.75(log(n))^2",0.96
910,1000,5,"Clayton",2000,-2,"0.75(log(n))^2",1
911,1000,5,"Clayton",2000,-2,"0.75(log(n))^2",0.59
912,1000,5,"Clayton",2000,-2,"0.75(log(n))^2",0.88
913,1000,5,"Clayton",2000,-2,"0.75(log(n))^2",0.76
914,1000,5,"Clayton",2000,-2,"0.75(log(n))^2",0.94
915,1000,5,"Clayton",2000,-2,"0.75(log(n))^2",0.75
916,1000,5,"Clayton",2000,-2,"0.75(log(n))^2",0.98
917,1000,5,"Clayton",2000,-2,"0.75(log(n))^2",0.94
918,1000,5,"Clayton",2000,-2,"0.75(log(n))^2",0.78
919,1000,5,"Clayton",2000,-2,"0.75(log(n))^2",1
920,1000,5,"Clayton",2000,-2,"0.75(log(n))^2",0.99
921,1000,5,"Clayton",2000,-2,"0.75(log(n))^2",0.5
922,1000,5,"Clayton",2000,-2,"0.75(log(n))^2",0.49
923,1000,5,"Clayton",2000,-2,"0.75(log(n))^2",0.7
924,1000,5,"Clayton",2000,-2,"0.75(log(n))^2",0.83
925,1000,5,"Clayton",2000,-2,"0.75(log(n))^2",0.89
926,1000,5,"Clayton",2000,-2,"0.75(log(n))^2",0.69
927,1000,5,"Clayton",2000,-2,"0.75(log(n))^2",0.93
928,1000,5,"Clayton",2000,-2,"0.75(log(n))^2",0.63
929,1000,5,"Clayton",2000,-2,"0.75(log(n))^2",0.98
930,1000,5,"Clayton",2000,-2,"0.75(log(n))^2",0.28
931,1000,5,"Clayton",2000,-2,"0.75(log(n))^2",1
932,1000,5,"Clayton",2000,-2,"0.75(log(n))^2",0.98
933,1000,5,"Clayton",2000,-2,"0.75(log(n))^2",0.84
934,1000,5,"Clayton",2000,-2,"0.75(log(n))^2",1
935,1000,5,"Clayton",2000,-2,"0.75(log(n))^2",0.96
936,1000,5,"Clayton",2000,-2,"0.75(log(n))^2",0.21
937,1000,5,"Clayton",2000,-2,"0.75(log(n))^2",0.81
938,1000,5,"Clayton",2000,-2,"0.75(log(n))^2",0.99
939,1000,5,"Clayton",2000,-2,"0.75(log(n))^2",0.7
940,1000,5,"Clayton",2000,-2,"0.75(log(n))^2",0.69
941,1000,5,"Clayton",2000,-2,"0.75(log(n))^2",0.72
942,1000,5,"Clayton",2000,-2,"0.75(log(n))^2",0.97
943,1000,5,"Clayton",2000,-2,"0.75(log(n))^2",1
944,1000,5,"Clayton",2000,-2,"0.75(log(n))^2",0.78
945,1000,5,"Clayton",2000,-2,"0.75(log(n))^2",0.87
946,1000,5,"Clayton",2000,-2,"0.75(log(n))^2",0.52
947,1000,5,"Clayton",2000,-2,"0.75(log(n))^2",0.55
948,1000,5,"Clayton",2000,-2,"0.75(log(n))^2",0.79
949,1000,5,"Clayton",2000,-2,"0.75(log(n))^2",0.84
950,1000,5,"Clayton",2000,-2,"0.75(log(n))^2",0.84
951,1000,5,"Clayton",2000,-2,"0.75(log(n))^2",0.64
952,1000,5,"Clayton",2000,-2,"0.75(log(n))^2",0.97
953,1000,5,"Clayton",2000,-2,"0.75(log(n))^2",0.35
954,1000,5,"Clayton",2000,-2,"0.75(log(n))^2",0.77
955,1000,5,"Clayton",2000,-2,"0.75(log(n))^2",0.87
956,1000,5,"Clayton",2000,-2,"0.75(log(n))^2",1
957,1000,5,"Clayton",2000,-2,"0.75(log(n))^2",0.99
958,1000,5,"Clayton",2000,-2,"0.75(log(n))^2",0.8
959,1000,5,"Clayton",2000,-2,"0.75(log(n))^2",0.99
960,1000,5,"Clayton",2000,-2,"0.75(log(n))^2",0.95
961,1000,5,"Clayton",2000,-2,"0.75(log(n))^2",0.59
962,1000,5,"Clayton",2000,-2,"0.75(log(n))^2",0.46
963,1000,5,"Clayton",2000,-2,"0.75(log(n))^2",0.98
964,1000,5,"Clayton",2000,-2,"0.75(log(n))^2",0.82
965,1000,5,"Clayton",2000,-2,"0.75(log(n))^2",0.85
966,1000,5,"Clayton",2000,-2,"0.75(log(n))^2",1
967,1000,5,"Clayton",2000,-2,"0.75(log(n))^2",0.11
968,1000,5,"Clayton",2000,-2,"0.75(log(n))^2",0.98
969,1000,5,"Clayton",2000,-2,"0.75(log(n))^2",0.67
970,1000,5,"Clayton",2000,-2,"0.75(log(n))^2",0.81
971,1000,5,"Clayton",2000,-2,"0.75(log(n))^2",0.62
972,1000,5,"Clayton",2000,-2,"0.75(log(n))^2",0.89
973,1000,5,"Clayton",2000,-2,"0.75(log(n))^2",0.9
974,1000,5,"Clayton",2000,-2,"0.75(log(n))^2",0.99
975,1000,5,"Clayton",2000,-2,"0.75(log(n))^2",0.85
976,1000,5,"Clayton",2000,-2,"0.75(log(n))^2",0.95
977,1000,5,"Clayton",2000,-2,"0.75(log(n))^2",0.41
978,1000,5,"Clayton",2000,-2,"0.75(log(n))^2",0.39
979,1000,5,"Clayton",2000,-2,"0.75(log(n))^2",0.97
980,1000,5,"Clayton",2000,-2,"0.75(log(n))^2",0.41
981,1000,5,"Clayton",2000,-2,"0.75(log(n))^2",1
982,1000,5,"Clayton",2000,-2,"0.75(log(n))^2",0.98
983,1000,5,"Clayton",2000,-2,"0.75(log(n))^2",0.85
984,1000,5,"Clayton",2000,-2,"0.75(log(n))^2",1
985,1000,5,"Clayton",2000,-2,"0.75(log(n))^2",0.92
986,1000,5,"Clayton",2000,-2,"0.75(log(n))^2",0.88
987,1000,5,"Clayton",2000,-2,"0.75(log(n))^2",0.79
988,1000,5,"Clayton",2000,-2,"0.75(log(n))^2",0.53
989,1000,5,"Clayton",2000,-2,"0.75(log(n))^2",0.64
990,1000,5,"Clayton",2000,-2,"0.75(log(n))^2",0.98
991,1000,5,"Clayton",2000,-2,"0.75(log(n))^2",0.84
992,1000,5,"Clayton",2000,-2,"0.75(log(n))^2",0.95
993,1000,5,"Clayton",2000,-2,"0.75(log(n))^2",1
994,1000,5,"Clayton",2000,-2,"0.75(log(n))^2",0.87
995,1000,5,"Clayton",2000,-2,"0.75(log(n))^2",1
996,1000,5,"Clayton",2000,-2,"0.75(log(n))^2",0.96
997,1000,5,"Clayton",2000,-2,"0.75(log(n))^2",0.65
998,1000,5,"Clayton",2000,-2,"0.75(log(n))^2",0.99
999,1000,5,"Clayton",2000,-2,"0.75(log(n))^2",0.69
1000,1000,5,"Clayton",2000,-2,"0.75(log(n))^2",0.81
1,1000,5,"Clayton",2000,-2,"0.5(log(n))^2",0.17
2,1000,5,"Clayton",2000,-2,"0.5(log(n))^2",0.27
3,1000,5,"Clayton",2000,-2,"0.5(log(n))^2",0.36
4,1000,5,"Clayton",2000,-2,"0.5(log(n))^2",1
5,1000,5,"Clayton",2000,-2,"0.5(log(n))^2",0.98
6,1000,5,"Clayton",2000,-2,"0.5(log(n))^2",0.33
7,1000,5,"Clayton",2000,-2,"0.5(log(n))^2",0.92
8,1000,5,"Clayton",2000,-2,"0.5(log(n))^2",0.65
9,1000,5,"Clayton",2000,-2,"0.5(log(n))^2",0.55
10,1000,5,"Clayton",2000,-2,"0.5(log(n))^2",0.94
11,1000,5,"Clayton",2000,-2,"0.5(log(n))^2",0.15
12,1000,5,"Clayton",2000,-2,"0.5(log(n))^2",1
13,1000,5,"Clayton",2000,-2,"0.5(log(n))^2",0.59
14,1000,5,"Clayton",2000,-2,"0.5(log(n))^2",0.99
15,1000,5,"Clayton",2000,-2,"0.5(log(n))^2",0.92
16,1000,5,"Clayton",2000,-2,"0.5(log(n))^2",0.56
17,1000,5,"Clayton",2000,-2,"0.5(log(n))^2",0.99
18,1000,5,"Clayton",2000,-2,"0.5(log(n))^2",0.94
19,1000,5,"Clayton",2000,-2,"0.5(log(n))^2",0.61
20,1000,5,"Clayton",2000,-2,"0.5(log(n))^2",0.25
21,1000,5,"Clayton",2000,-2,"0.5(log(n))^2",0.64
22,1000,5,"Clayton",2000,-2,"0.5(log(n))^2",0.83
23,1000,5,"Clayton",2000,-2,"0.5(log(n))^2",0.52
24,1000,5,"Clayton",2000,-2,"0.5(log(n))^2",0.76
25,1000,5,"Clayton",2000,-2,"0.5(log(n))^2",0.59
26,1000,5,"Clayton",2000,-2,"0.5(log(n))^2",0.9
27,1000,5,"Clayton",2000,-2,"0.5(log(n))^2",0.52
28,1000,5,"Clayton",2000,-2,"0.5(log(n))^2",0.96
29,1000,5,"Clayton",2000,-2,"0.5(log(n))^2",0.99
30,1000,5,"Clayton",2000,-2,"0.5(log(n))^2",0.84
31,1000,5,"Clayton",2000,-2,"0.5(log(n))^2",0.41
32,1000,5,"Clayton",2000,-2,"0.5(log(n))^2",0.87
33,1000,5,"Clayton",2000,-2,"0.5(log(n))^2",1
34,1000,5,"Clayton",2000,-2,"0.5(log(n))^2",0.71
35,1000,5,"Clayton",2000,-2,"0.5(log(n))^2",0.98
36,1000,5,"Clayton",2000,-2,"0.5(log(n))^2",0.99
37,1000,5,"Clayton",2000,-2,"0.5(log(n))^2",0.25
38,1000,5,"Clayton",2000,-2,"0.5(log(n))^2",0.43
39,1000,5,"Clayton",2000,-2,"0.5(log(n))^2",1
40,1000,5,"Clayton",2000,-2,"0.5(log(n))^2",0.36
41,1000,5,"Clayton",2000,-2,"0.5(log(n))^2",0.18
42,1000,5,"Clayton",2000,-2,"0.5(log(n))^2",0.76
43,1000,5,"Clayton",2000,-2,"0.5(log(n))^2",0.74
44,1000,5,"Clayton",2000,-2,"0.5(log(n))^2",0.97
45,1000,5,"Clayton",2000,-2,"0.5(log(n))^2",0.52
46,1000,5,"Clayton",2000,-2,"0.5(log(n))^2",0.74
47,1000,5,"Clayton",2000,-2,"0.5(log(n))^2",0.14
48,1000,5,"Clayton",2000,-2,"0.5(log(n))^2",0.38
49,1000,5,"Clayton",2000,-2,"0.5(log(n))^2",0.44
50,1000,5,"Clayton",2000,-2,"0.5(log(n))^2",0.92
51,1000,5,"Clayton",2000,-2,"0.5(log(n))^2",0.96
52,1000,5,"Clayton",2000,-2,"0.5(log(n))^2",0.76
53,1000,5,"Clayton",2000,-2,"0.5(log(n))^2",0.23
54,1000,5,"Clayton",2000,-2,"0.5(log(n))^2",1
55,1000,5,"Clayton",2000,-2,"0.5(log(n))^2",0.98
56,1000,5,"Clayton",2000,-2,"0.5(log(n))^2",0.52
57,1000,5,"Clayton",2000,-2,"0.5(log(n))^2",0.37
58,1000,5,"Clayton",2000,-2,"0.5(log(n))^2",0.12
59,1000,5,"Clayton",2000,-2,"0.5(log(n))^2",0.66
60,1000,5,"Clayton",2000,-2,"0.5(log(n))^2",0.76
61,1000,5,"Clayton",2000,-2,"0.5(log(n))^2",0.41
62,1000,5,"Clayton",2000,-2,"0.5(log(n))^2",0.23
63,1000,5,"Clayton",2000,-2,"0.5(log(n))^2",0.91
64,1000,5,"Clayton",2000,-2,"0.5(log(n))^2",0.89
65,1000,5,"Clayton",2000,-2,"0.5(log(n))^2",0.96
66,1000,5,"Clayton",2000,-2,"0.5(log(n))^2",0.79
67,1000,5,"Clayton",2000,-2,"0.5(log(n))^2",0.84
68,1000,5,"Clayton",2000,-2,"0.5(log(n))^2",0.52
69,1000,5,"Clayton",2000,-2,"0.5(log(n))^2",0.52
70,1000,5,"Clayton",2000,-2,"0.5(log(n))^2",1
71,1000,5,"Clayton",2000,-2,"0.5(log(n))^2",0.47
72,1000,5,"Clayton",2000,-2,"0.5(log(n))^2",0.34
73,1000,5,"Clayton",2000,-2,"0.5(log(n))^2",0.81
74,1000,5,"Clayton",2000,-2,"0.5(log(n))^2",0.62
75,1000,5,"Clayton",2000,-2,"0.5(log(n))^2",0.92
76,1000,5,"Clayton",2000,-2,"0.5(log(n))^2",0.16
77,1000,5,"Clayton",2000,-2,"0.5(log(n))^2",0.55
78,1000,5,"Clayton",2000,-2,"0.5(log(n))^2",0.64
79,1000,5,"Clayton",2000,-2,"0.5(log(n))^2",0.26
80,1000,5,"Clayton",2000,-2,"0.5(log(n))^2",0.51
81,1000,5,"Clayton",2000,-2,"0.5(log(n))^2",0.99
82,1000,5,"Clayton",2000,-2,"0.5(log(n))^2",0.7
83,1000,5,"Clayton",2000,-2,"0.5(log(n))^2",0.46
84,1000,5,"Clayton",2000,-2,"0.5(log(n))^2",0.5
85,1000,5,"Clayton",2000,-2,"0.5(log(n))^2",0.69
86,1000,5,"Clayton",2000,-2,"0.5(log(n))^2",0.57
87,1000,5,"Clayton",2000,-2,"0.5(log(n))^2",0.87
88,1000,5,"Clayton",2000,-2,"0.5(log(n))^2",0.87
89,1000,5,"Clayton",2000,-2,"0.5(log(n))^2",0.66
90,1000,5,"Clayton",2000,-2,"0.5(log(n))^2",0.96
91,1000,5,"Clayton",2000,-2,"0.5(log(n))^2",0.81
92,1000,5,"Clayton",2000,-2,"0.5(log(n))^2",0.71
93,1000,5,"Clayton",2000,-2,"0.5(log(n))^2",0.99
94,1000,5,"Clayton",2000,-2,"0.5(log(n))^2",0.41
95,1000,5,"Clayton",2000,-2,"0.5(log(n))^2",0.68
96,1000,5,"Clayton",2000,-2,"0.5(log(n))^2",0.75
97,1000,5,"Clayton",2000,-2,"0.5(log(n))^2",0.99
98,1000,5,"Clayton",2000,-2,"0.5(log(n))^2",0.63
99,1000,5,"Clayton",2000,-2,"0.5(log(n))^2",0.83
100,1000,5,"Clayton",2000,-2,"0.5(log(n))^2",0.97
101,1000,5,"Clayton",2000,-2,"0.5(log(n))^2",0.83
102,1000,5,"Clayton",2000,-2,"0.5(log(n))^2",0.94
103,1000,5,"Clayton",2000,-2,"0.5(log(n))^2",0.1
104,1000,5,"Clayton",2000,-2,"0.5(log(n))^2",0.67
105,1000,5,"Clayton",2000,-2,"0.5(log(n))^2",0.74
106,1000,5,"Clayton",2000,-2,"0.5(log(n))^2",0.5
107,1000,5,"Clayton",2000,-2,"0.5(log(n))^2",0.87
108,1000,5,"Clayton",2000,-2,"0.5(log(n))^2",0.55
109,1000,5,"Clayton",2000,-2,"0.5(log(n))^2",0.92
110,1000,5,"Clayton",2000,-2,"0.5(log(n))^2",0.77
111,1000,5,"Clayton",2000,-2,"0.5(log(n))^2",0.98
112,1000,5,"Clayton",2000,-2,"0.5(log(n))^2",0.71
113,1000,5,"Clayton",2000,-2,"0.5(log(n))^2",1
114,1000,5,"Clayton",2000,-2,"0.5(log(n))^2",0.64
115,1000,5,"Clayton",2000,-2,"0.5(log(n))^2",0.61
116,1000,5,"Clayton",2000,-2,"0.5(log(n))^2",0.88
117,1000,5,"Clayton",2000,-2,"0.5(log(n))^2",0.85
118,1000,5,"Clayton",2000,-2,"0.5(log(n))^2",0.73
119,1000,5,"Clayton",2000,-2,"0.5(log(n))^2",0.45
120,1000,5,"Clayton",2000,-2,"0.5(log(n))^2",0.94
121,1000,5,"Clayton",2000,-2,"0.5(log(n))^2",0.21
122,1000,5,"Clayton",2000,-2,"0.5(log(n))^2",0.69
123,1000,5,"Clayton",2000,-2,"0.5(log(n))^2",0.97
124,1000,5,"Clayton",2000,-2,"0.5(log(n))^2",0.98
125,1000,5,"Clayton",2000,-2,"0.5(log(n))^2",0.87
126,1000,5,"Clayton",2000,-2,"0.5(log(n))^2",1
127,1000,5,"Clayton",2000,-2,"0.5(log(n))^2",0.99
128,1000,5,"Clayton",2000,-2,"0.5(log(n))^2",0.63
129,1000,5,"Clayton",2000,-2,"0.5(log(n))^2",0.46
130,1000,5,"Clayton",2000,-2,"0.5(log(n))^2",0.73
131,1000,5,"Clayton",2000,-2,"0.5(log(n))^2",0.84
132,1000,5,"Clayton",2000,-2,"0.5(log(n))^2",0.99
133,1000,5,"Clayton",2000,-2,"0.5(log(n))^2",0.97
134,1000,5,"Clayton",2000,-2,"0.5(log(n))^2",0.37
135,1000,5,"Clayton",2000,-2,"0.5(log(n))^2",0.9
136,1000,5,"Clayton",2000,-2,"0.5(log(n))^2",0.93
137,1000,5,"Clayton",2000,-2,"0.5(log(n))^2",0.9
138,1000,5,"Clayton",2000,-2,"0.5(log(n))^2",0.8
139,1000,5,"Clayton",2000,-2,"0.5(log(n))^2",0.94
140,1000,5,"Clayton",2000,-2,"0.5(log(n))^2",0.9
141,1000,5,"Clayton",2000,-2,"0.5(log(n))^2",1
142,1000,5,"Clayton",2000,-2,"0.5(log(n))^2",0.64
143,1000,5,"Clayton",2000,-2,"0.5(log(n))^2",0.98
144,1000,5,"Clayton",2000,-2,"0.5(log(n))^2",0.82
145,1000,5,"Clayton",2000,-2,"0.5(log(n))^2",0.71
146,1000,5,"Clayton",2000,-2,"0.5(log(n))^2",0.45
147,1000,5,"Clayton",2000,-2,"0.5(log(n))^2",0.89
148,1000,5,"Clayton",2000,-2,"0.5(log(n))^2",0.37
149,1000,5,"Clayton",2000,-2,"0.5(log(n))^2",0.34
150,1000,5,"Clayton",2000,-2,"0.5(log(n))^2",0.75
151,1000,5,"Clayton",2000,-2,"0.5(log(n))^2",0.25
152,1000,5,"Clayton",2000,-2,"0.5(log(n))^2",0.92
153,1000,5,"Clayton",2000,-2,"0.5(log(n))^2",0.65
154,1000,5,"Clayton",2000,-2,"0.5(log(n))^2",0.7
155,1000,5,"Clayton",2000,-2,"0.5(log(n))^2",0.86
156,1000,5,"Clayton",2000,-2,"0.5(log(n))^2",0.83
157,1000,5,"Clayton",2000,-2,"0.5(log(n))^2",0.82
158,1000,5,"Clayton",2000,-2,"0.5(log(n))^2",0.55
159,1000,5,"Clayton",2000,-2,"0.5(log(n))^2",0.17
160,1000,5,"Clayton",2000,-2,"0.5(log(n))^2",0.65
161,1000,5,"Clayton",2000,-2,"0.5(log(n))^2",0.75
162,1000,5,"Clayton",2000,-2,"0.5(log(n))^2",0.93
163,1000,5,"Clayton",2000,-2,"0.5(log(n))^2",0.98
164,1000,5,"Clayton",2000,-2,"0.5(log(n))^2",0.93
165,1000,5,"Clayton",2000,-2,"0.5(log(n))^2",0.76
166,1000,5,"Clayton",2000,-2,"0.5(log(n))^2",0.33
167,1000,5,"Clayton",2000,-2,"0.5(log(n))^2",0.74
168,1000,5,"Clayton",2000,-2,"0.5(log(n))^2",0.2
169,1000,5,"Clayton",2000,-2,"0.5(log(n))^2",0.88
170,1000,5,"Clayton",2000,-2,"0.5(log(n))^2",1
171,1000,5,"Clayton",2000,-2,"0.5(log(n))^2",0.74
172,1000,5,"Clayton",2000,-2,"0.5(log(n))^2",0.59
173,1000,5,"Clayton",2000,-2,"0.5(log(n))^2",0.84
174,1000,5,"Clayton",2000,-2,"0.5(log(n))^2",0.49
175,1000,5,"Clayton",2000,-2,"0.5(log(n))^2",0.96
176,1000,5,"Clayton",2000,-2,"0.5(log(n))^2",0.97
177,1000,5,"Clayton",2000,-2,"0.5(log(n))^2",0.76
178,1000,5,"Clayton",2000,-2,"0.5(log(n))^2",0.96
179,1000,5,"Clayton",2000,-2,"0.5(log(n))^2",0.64
180,1000,5,"Clayton",2000,-2,"0.5(log(n))^2",0.71
181,1000,5,"Clayton",2000,-2,"0.5(log(n))^2",0.3
182,1000,5,"Clayton",2000,-2,"0.5(log(n))^2",0.65
183,1000,5,"Clayton",2000,-2,"0.5(log(n))^2",0.63
184,1000,5,"Clayton",2000,-2,"0.5(log(n))^2",0.87
185,1000,5,"Clayton",2000,-2,"0.5(log(n))^2",0.94
186,1000,5,"Clayton",2000,-2,"0.5(log(n))^2",0.64
187,1000,5,"Clayton",2000,-2,"0.5(log(n))^2",0.48
188,1000,5,"Clayton",2000,-2,"0.5(log(n))^2",0.18
189,1000,5,"Clayton",2000,-2,"0.5(log(n))^2",0.6
190,1000,5,"Clayton",2000,-2,"0.5(log(n))^2",0.74
191,1000,5,"Clayton",2000,-2,"0.5(log(n))^2",0.46
192,1000,5,"Clayton",2000,-2,"0.5(log(n))^2",1
193,1000,5,"Clayton",2000,-2,"0.5(log(n))^2",0.99
194,1000,5,"Clayton",2000,-2,"0.5(log(n))^2",0.38
195,1000,5,"Clayton",2000,-2,"0.5(log(n))^2",0.96
196,1000,5,"Clayton",2000,-2,"0.5(log(n))^2",0.45
197,1000,5,"Clayton",2000,-2,"0.5(log(n))^2",1
198,1000,5,"Clayton",2000,-2,"0.5(log(n))^2",0.29
199,1000,5,"Clayton",2000,-2,"0.5(log(n))^2",1
200,1000,5,"Clayton",2000,-2,"0.5(log(n))^2",0.83
201,1000,5,"Clayton",2000,-2,"0.5(log(n))^2",0.47
202,1000,5,"Clayton",2000,-2,"0.5(log(n))^2",0.56
203,1000,5,"Clayton",2000,-2,"0.5(log(n))^2",0.9
204,1000,5,"Clayton",2000,-2,"0.5(log(n))^2",0.91
205,1000,5,"Clayton",2000,-2,"0.5(log(n))^2",0.93
206,1000,5,"Clayton",2000,-2,"0.5(log(n))^2",0.57
207,1000,5,"Clayton",2000,-2,"0.5(log(n))^2",0.05
208,1000,5,"Clayton",2000,-2,"0.5(log(n))^2",0.97
209,1000,5,"Clayton",2000,-2,"0.5(log(n))^2",1
210,1000,5,"Clayton",2000,-2,"0.5(log(n))^2",0.8
211,1000,5,"Clayton",2000,-2,"0.5(log(n))^2",0.78
212,1000,5,"Clayton",2000,-2,"0.5(log(n))^2",0.07
213,1000,5,"Clayton",2000,-2,"0.5(log(n))^2",0.76
214,1000,5,"Clayton",2000,-2,"0.5(log(n))^2",0.82
215,1000,5,"Clayton",2000,-2,"0.5(log(n))^2",0.58
216,1000,5,"Clayton",2000,-2,"0.5(log(n))^2",0.27
217,1000,5,"Clayton",2000,-2,"0.5(log(n))^2",0.98
218,1000,5,"Clayton",2000,-2,"0.5(log(n))^2",0.64
219,1000,5,"Clayton",2000,-2,"0.5(log(n))^2",0.79
220,1000,5,"Clayton",2000,-2,"0.5(log(n))^2",0.81
221,1000,5,"Clayton",2000,-2,"0.5(log(n))^2",0.36
222,1000,5,"Clayton",2000,-2,"0.5(log(n))^2",0.15
223,1000,5,"Clayton",2000,-2,"0.5(log(n))^2",0.94
224,1000,5,"Clayton",2000,-2,"0.5(log(n))^2",0.83
225,1000,5,"Clayton",2000,-2,"0.5(log(n))^2",0.72
226,1000,5,"Clayton",2000,-2,"0.5(log(n))^2",0.54
227,1000,5,"Clayton",2000,-2,"0.5(log(n))^2",0.81
228,1000,5,"Clayton",2000,-2,"0.5(log(n))^2",0.61
229,1000,5,"Clayton",2000,-2,"0.5(log(n))^2",0.89
230,1000,5,"Clayton",2000,-2,"0.5(log(n))^2",1
231,1000,5,"Clayton",2000,-2,"0.5(log(n))^2",0.52
232,1000,5,"Clayton",2000,-2,"0.5(log(n))^2",0.92
233,1000,5,"Clayton",2000,-2,"0.5(log(n))^2",0.51
234,1000,5,"Clayton",2000,-2,"0.5(log(n))^2",0.99
235,1000,5,"Clayton",2000,-2,"0.5(log(n))^2",0.63
236,1000,5,"Clayton",2000,-2,"0.5(log(n))^2",0.93
237,1000,5,"Clayton",2000,-2,"0.5(log(n))^2",0.81
238,1000,5,"Clayton",2000,-2,"0.5(log(n))^2",0.62
239,1000,5,"Clayton",2000,-2,"0.5(log(n))^2",0.66
240,1000,5,"Clayton",2000,-2,"0.5(log(n))^2",0.39
241,1000,5,"Clayton",2000,-2,"0.5(log(n))^2",0.73
242,1000,5,"Clayton",2000,-2,"0.5(log(n))^2",0.55
243,1000,5,"Clayton",2000,-2,"0.5(log(n))^2",0.7
244,1000,5,"Clayton",2000,-2,"0.5(log(n))^2",0.85
245,1000,5,"Clayton",2000,-2,"0.5(log(n))^2",0.35
246,1000,5,"Clayton",2000,-2,"0.5(log(n))^2",0.6
247,1000,5,"Clayton",2000,-2,"0.5(log(n))^2",0.45
248,1000,5,"Clayton",2000,-2,"0.5(log(n))^2",0.76
249,1000,5,"Clayton",2000,-2,"0.5(log(n))^2",0.83
250,1000,5,"Clayton",2000,-2,"0.5(log(n))^2",1
251,1000,5,"Clayton",2000,-2,"0.5(log(n))^2",0.56
252,1000,5,"Clayton",2000,-2,"0.5(log(n))^2",0.36
253,1000,5,"Clayton",2000,-2,"0.5(log(n))^2",0.67
254,1000,5,"Clayton",2000,-2,"0.5(log(n))^2",0.88
255,1000,5,"Clayton",2000,-2,"0.5(log(n))^2",0.65
256,1000,5,"Clayton",2000,-2,"0.5(log(n))^2",0.35
257,1000,5,"Clayton",2000,-2,"0.5(log(n))^2",0.48
258,1000,5,"Clayton",2000,-2,"0.5(log(n))^2",0.56
259,1000,5,"Clayton",2000,-2,"0.5(log(n))^2",0.47
260,1000,5,"Clayton",2000,-2,"0.5(log(n))^2",0.96
261,1000,5,"Clayton",2000,-2,"0.5(log(n))^2",0.51
262,1000,5,"Clayton",2000,-2,"0.5(log(n))^2",0.85
263,1000,5,"Clayton",2000,-2,"0.5(log(n))^2",0.41
264,1000,5,"Clayton",2000,-2,"0.5(log(n))^2",0.78
265,1000,5,"Clayton",2000,-2,"0.5(log(n))^2",0.73
266,1000,5,"Clayton",2000,-2,"0.5(log(n))^2",0.97
267,1000,5,"Clayton",2000,-2,"0.5(log(n))^2",0.58
268,1000,5,"Clayton",2000,-2,"0.5(log(n))^2",0.69
269,1000,5,"Clayton",2000,-2,"0.5(log(n))^2",0.86
270,1000,5,"Clayton",2000,-2,"0.5(log(n))^2",0.93
271,1000,5,"Clayton",2000,-2,"0.5(log(n))^2",0.72
272,1000,5,"Clayton",2000,-2,"0.5(log(n))^2",1
273,1000,5,"Clayton",2000,-2,"0.5(log(n))^2",1
274,1000,5,"Clayton",2000,-2,"0.5(log(n))^2",0.97
275,1000,5,"Clayton",2000,-2,"0.5(log(n))^2",0.91
276,1000,5,"Clayton",2000,-2,"0.5(log(n))^2",0.7
277,1000,5,"Clayton",2000,-2,"0.5(log(n))^2",0.88
278,1000,5,"Clayton",2000,-2,"0.5(log(n))^2",0.97
279,1000,5,"Clayton",2000,-2,"0.5(log(n))^2",0.94
280,1000,5,"Clayton",2000,-2,"0.5(log(n))^2",0.84
281,1000,5,"Clayton",2000,-2,"0.5(log(n))^2",0.92
282,1000,5,"Clayton",2000,-2,"0.5(log(n))^2",0.8
283,1000,5,"Clayton",2000,-2,"0.5(log(n))^2",0.54
284,1000,5,"Clayton",2000,-2,"0.5(log(n))^2",0.16
285,1000,5,"Clayton",2000,-2,"0.5(log(n))^2",0.83
286,1000,5,"Clayton",2000,-2,"0.5(log(n))^2",0.73
287,1000,5,"Clayton",2000,-2,"0.5(log(n))^2",0.71
288,1000,5,"Clayton",2000,-2,"0.5(log(n))^2",0.9
289,1000,5,"Clayton",2000,-2,"0.5(log(n))^2",0.95
290,1000,5,"Clayton",2000,-2,"0.5(log(n))^2",0.77
291,1000,5,"Clayton",2000,-2,"0.5(log(n))^2",1
292,1000,5,"Clayton",2000,-2,"0.5(log(n))^2",0.69
293,1000,5,"Clayton",2000,-2,"0.5(log(n))^2",0.53
294,1000,5,"Clayton",2000,-2,"0.5(log(n))^2",0.9
295,1000,5,"Clayton",2000,-2,"0.5(log(n))^2",0.13
296,1000,5,"Clayton",2000,-2,"0.5(log(n))^2",0.54
297,1000,5,"Clayton",2000,-2,"0.5(log(n))^2",0.62
298,1000,5,"Clayton",2000,-2,"0.5(log(n))^2",0.7
299,1000,5,"Clayton",2000,-2,"0.5(log(n))^2",0.96
300,1000,5,"Clayton",2000,-2,"0.5(log(n))^2",1
301,1000,5,"Clayton",2000,-2,"0.5(log(n))^2",0.68
302,1000,5,"Clayton",2000,-2,"0.5(log(n))^2",0.87
303,1000,5,"Clayton",2000,-2,"0.5(log(n))^2",0.31
304,1000,5,"Clayton",2000,-2,"0.5(log(n))^2",0.68
305,1000,5,"Clayton",2000,-2,"0.5(log(n))^2",0.93
306,1000,5,"Clayton",2000,-2,"0.5(log(n))^2",0.77
307,1000,5,"Clayton",2000,-2,"0.5(log(n))^2",0.81
308,1000,5,"Clayton",2000,-2,"0.5(log(n))^2",0.53
309,1000,5,"Clayton",2000,-2,"0.5(log(n))^2",0.9
310,1000,5,"Clayton",2000,-2,"0.5(log(n))^2",0.82
311,1000,5,"Clayton",2000,-2,"0.5(log(n))^2",0.87
312,1000,5,"Clayton",2000,-2,"0.5(log(n))^2",0.8
313,1000,5,"Clayton",2000,-2,"0.5(log(n))^2",0.72
314,1000,5,"Clayton",2000,-2,"0.5(log(n))^2",0.95
315,1000,5,"Clayton",2000,-2,"0.5(log(n))^2",0.94
316,1000,5,"Clayton",2000,-2,"0.5(log(n))^2",1
317,1000,5,"Clayton",2000,-2,"0.5(log(n))^2",0.98
318,1000,5,"Clayton",2000,-2,"0.5(log(n))^2",0.72
319,1000,5,"Clayton",2000,-2,"0.5(log(n))^2",0.99
320,1000,5,"Clayton",2000,-2,"0.5(log(n))^2",0.6
321,1000,5,"Clayton",2000,-2,"0.5(log(n))^2",0.17
322,1000,5,"Clayton",2000,-2,"0.5(log(n))^2",0.77
323,1000,5,"Clayton",2000,-2,"0.5(log(n))^2",1
324,1000,5,"Clayton",2000,-2,"0.5(log(n))^2",0.85
325,1000,5,"Clayton",2000,-2,"0.5(log(n))^2",0.71
326,1000,5,"Clayton",2000,-2,"0.5(log(n))^2",0.11
327,1000,5,"Clayton",2000,-2,"0.5(log(n))^2",0.69
328,1000,5,"Clayton",2000,-2,"0.5(log(n))^2",0.92
329,1000,5,"Clayton",2000,-2,"0.5(log(n))^2",0.42
330,1000,5,"Clayton",2000,-2,"0.5(log(n))^2",0.16
331,1000,5,"Clayton",2000,-2,"0.5(log(n))^2",0.68
332,1000,5,"Clayton",2000,-2,"0.5(log(n))^2",0.3
333,1000,5,"Clayton",2000,-2,"0.5(log(n))^2",0.39
334,1000,5,"Clayton",2000,-2,"0.5(log(n))^2",0.26
335,1000,5,"Clayton",2000,-2,"0.5(log(n))^2",0.79
336,1000,5,"Clayton",2000,-2,"0.5(log(n))^2",0.73
337,1000,5,"Clayton",2000,-2,"0.5(log(n))^2",0.6
338,1000,5,"Clayton",2000,-2,"0.5(log(n))^2",0.69
339,1000,5,"Clayton",2000,-2,"0.5(log(n))^2",0.85
340,1000,5,"Clayton",2000,-2,"0.5(log(n))^2",0.73
341,1000,5,"Clayton",2000,-2,"0.5(log(n))^2",0.98
342,1000,5,"Clayton",2000,-2,"0.5(log(n))^2",0.73
343,1000,5,"Clayton",2000,-2,"0.5(log(n))^2",0.99
344,1000,5,"Clayton",2000,-2,"0.5(log(n))^2",0.91
345,1000,5,"Clayton",2000,-2,"0.5(log(n))^2",0.78
346,1000,5,"Clayton",2000,-2,"0.5(log(n))^2",0.86
347,1000,5,"Clayton",2000,-2,"0.5(log(n))^2",0.46
348,1000,5,"Clayton",2000,-2,"0.5(log(n))^2",0.86
349,1000,5,"Clayton",2000,-2,"0.5(log(n))^2",0.92
350,1000,5,"Clayton",2000,-2,"0.5(log(n))^2",0.51
351,1000,5,"Clayton",2000,-2,"0.5(log(n))^2",0.68
352,1000,5,"Clayton",2000,-2,"0.5(log(n))^2",0.5
353,1000,5,"Clayton",2000,-2,"0.5(log(n))^2",0.58
354,1000,5,"Clayton",2000,-2,"0.5(log(n))^2",0.64
355,1000,5,"Clayton",2000,-2,"0.5(log(n))^2",0.73
356,1000,5,"Clayton",2000,-2,"0.5(log(n))^2",0.84
357,1000,5,"Clayton",2000,-2,"0.5(log(n))^2",0.95
358,1000,5,"Clayton",2000,-2,"0.5(log(n))^2",0.44
359,1000,5,"Clayton",2000,-2,"0.5(log(n))^2",0.81
360,1000,5,"Clayton",2000,-2,"0.5(log(n))^2",0.24
361,1000,5,"Clayton",2000,-2,"0.5(log(n))^2",0.67
362,1000,5,"Clayton",2000,-2,"0.5(log(n))^2",0.96
363,1000,5,"Clayton",2000,-2,"0.5(log(n))^2",0.91
364,1000,5,"Clayton",2000,-2,"0.5(log(n))^2",0.51
365,1000,5,"Clayton",2000,-2,"0.5(log(n))^2",0.97
366,1000,5,"Clayton",2000,-2,"0.5(log(n))^2",0.89
367,1000,5,"Clayton",2000,-2,"0.5(log(n))^2",1
368,1000,5,"Clayton",2000,-2,"0.5(log(n))^2",0.48
369,1000,5,"Clayton",2000,-2,"0.5(log(n))^2",0.33
370,1000,5,"Clayton",2000,-2,"0.5(log(n))^2",0.71
371,1000,5,"Clayton",2000,-2,"0.5(log(n))^2",0.35
372,1000,5,"Clayton",2000,-2,"0.5(log(n))^2",0.6
373,1000,5,"Clayton",2000,-2,"0.5(log(n))^2",0.6
374,1000,5,"Clayton",2000,-2,"0.5(log(n))^2",1
375,1000,5,"Clayton",2000,-2,"0.5(log(n))^2",0.89
376,1000,5,"Clayton",2000,-2,"0.5(log(n))^2",0.48
377,1000,5,"Clayton",2000,-2,"0.5(log(n))^2",0.68
378,1000,5,"Clayton",2000,-2,"0.5(log(n))^2",1
379,1000,5,"Clayton",2000,-2,"0.5(log(n))^2",0.94
380,1000,5,"Clayton",2000,-2,"0.5(log(n))^2",0.54
381,1000,5,"Clayton",2000,-2,"0.5(log(n))^2",0.79
382,1000,5,"Clayton",2000,-2,"0.5(log(n))^2",0.4
383,1000,5,"Clayton",2000,-2,"0.5(log(n))^2",0.87
384,1000,5,"Clayton",2000,-2,"0.5(log(n))^2",0.72
385,1000,5,"Clayton",2000,-2,"0.5(log(n))^2",0.85
386,1000,5,"Clayton",2000,-2,"0.5(log(n))^2",0.45
387,1000,5,"Clayton",2000,-2,"0.5(log(n))^2",0.44
388,1000,5,"Clayton",2000,-2,"0.5(log(n))^2",0.54
389,1000,5,"Clayton",2000,-2,"0.5(log(n))^2",0.8
390,1000,5,"Clayton",2000,-2,"0.5(log(n))^2",0.72
391,1000,5,"Clayton",2000,-2,"0.5(log(n))^2",0.92
392,1000,5,"Clayton",2000,-2,"0.5(log(n))^2",0.81
393,1000,5,"Clayton",2000,-2,"0.5(log(n))^2",0.99
394,1000,5,"Clayton",2000,-2,"0.5(log(n))^2",0.78
395,1000,5,"Clayton",2000,-2,"0.5(log(n))^2",0.55
396,1000,5,"Clayton",2000,-2,"0.5(log(n))^2",0.92
397,1000,5,"Clayton",2000,-2,"0.5(log(n))^2",0.83
398,1000,5,"Clayton",2000,-2,"0.5(log(n))^2",0.92
399,1000,5,"Clayton",2000,-2,"0.5(log(n))^2",0.65
400,1000,5,"Clayton",2000,-2,"0.5(log(n))^2",0.48
401,1000,5,"Clayton",2000,-2,"0.5(log(n))^2",0.93
402,1000,5,"Clayton",2000,-2,"0.5(log(n))^2",0.53
403,1000,5,"Clayton",2000,-2,"0.5(log(n))^2",0.58
404,1000,5,"Clayton",2000,-2,"0.5(log(n))^2",0.83
405,1000,5,"Clayton",2000,-2,"0.5(log(n))^2",0.58
406,1000,5,"Clayton",2000,-2,"0.5(log(n))^2",0.52
407,1000,5,"Clayton",2000,-2,"0.5(log(n))^2",0.62
408,1000,5,"Clayton",2000,-2,"0.5(log(n))^2",0.86
409,1000,5,"Clayton",2000,-2,"0.5(log(n))^2",0.61
410,1000,5,"Clayton",2000,-2,"0.5(log(n))^2",1
411,1000,5,"Clayton",2000,-2,"0.5(log(n))^2",0.84
412,1000,5,"Clayton",2000,-2,"0.5(log(n))^2",0.98
413,1000,5,"Clayton",2000,-2,"0.5(log(n))^2",0.78
414,1000,5,"Clayton",2000,-2,"0.5(log(n))^2",0.98
415,1000,5,"Clayton",2000,-2,"0.5(log(n))^2",0.91
416,1000,5,"Clayton",2000,-2,"0.5(log(n))^2",0.46
417,1000,5,"Clayton",2000,-2,"0.5(log(n))^2",0.85
418,1000,5,"Clayton",2000,-2,"0.5(log(n))^2",0.86
419,1000,5,"Clayton",2000,-2,"0.5(log(n))^2",0.4
420,1000,5,"Clayton",2000,-2,"0.5(log(n))^2",0.67
421,1000,5,"Clayton",2000,-2,"0.5(log(n))^2",1
422,1000,5,"Clayton",2000,-2,"0.5(log(n))^2",0.51
423,1000,5,"Clayton",2000,-2,"0.5(log(n))^2",0.82
424,1000,5,"Clayton",2000,-2,"0.5(log(n))^2",0.85
425,1000,5,"Clayton",2000,-2,"0.5(log(n))^2",0.78
426,1000,5,"Clayton",2000,-2,"0.5(log(n))^2",0.85
427,1000,5,"Clayton",2000,-2,"0.5(log(n))^2",0.92
428,1000,5,"Clayton",2000,-2,"0.5(log(n))^2",0.79
429,1000,5,"Clayton",2000,-2,"0.5(log(n))^2",0.94
430,1000,5,"Clayton",2000,-2,"0.5(log(n))^2",0.85
431,1000,5,"Clayton",2000,-2,"0.5(log(n))^2",0.81
432,1000,5,"Clayton",2000,-2,"0.5(log(n))^2",0.42
433,1000,5,"Clayton",2000,-2,"0.5(log(n))^2",0.69
434,1000,5,"Clayton",2000,-2,"0.5(log(n))^2",0.98
435,1000,5,"Clayton",2000,-2,"0.5(log(n))^2",0.9
436,1000,5,"Clayton",2000,-2,"0.5(log(n))^2",0.76
437,1000,5,"Clayton",2000,-2,"0.5(log(n))^2",0.79
438,1000,5,"Clayton",2000,-2,"0.5(log(n))^2",0.44
439,1000,5,"Clayton",2000,-2,"0.5(log(n))^2",0.96
440,1000,5,"Clayton",2000,-2,"0.5(log(n))^2",0.99
441,1000,5,"Clayton",2000,-2,"0.5(log(n))^2",0.18
442,1000,5,"Clayton",2000,-2,"0.5(log(n))^2",0.71
443,1000,5,"Clayton",2000,-2,"0.5(log(n))^2",0.64
444,1000,5,"Clayton",2000,-2,"0.5(log(n))^2",0.95
445,1000,5,"Clayton",2000,-2,"0.5(log(n))^2",0.59
446,1000,5,"Clayton",2000,-2,"0.5(log(n))^2",0.74
447,1000,5,"Clayton",2000,-2,"0.5(log(n))^2",0.94
448,1000,5,"Clayton",2000,-2,"0.5(log(n))^2",1
449,1000,5,"Clayton",2000,-2,"0.5(log(n))^2",0.99
450,1000,5,"Clayton",2000,-2,"0.5(log(n))^2",0.98
451,1000,5,"Clayton",2000,-2,"0.5(log(n))^2",0.46
452,1000,5,"Clayton",2000,-2,"0.5(log(n))^2",0.58
453,1000,5,"Clayton",2000,-2,"0.5(log(n))^2",0.98
454,1000,5,"Clayton",2000,-2,"0.5(log(n))^2",0.14
455,1000,5,"Clayton",2000,-2,"0.5(log(n))^2",0.97
456,1000,5,"Clayton",2000,-2,"0.5(log(n))^2",0.2
457,1000,5,"Clayton",2000,-2,"0.5(log(n))^2",0.64
458,1000,5,"Clayton",2000,-2,"0.5(log(n))^2",0.5
459,1000,5,"Clayton",2000,-2,"0.5(log(n))^2",0.86
460,1000,5,"Clayton",2000,-2,"0.5(log(n))^2",0.16
461,1000,5,"Clayton",2000,-2,"0.5(log(n))^2",0.26
462,1000,5,"Clayton",2000,-2,"0.5(log(n))^2",0.99
463,1000,5,"Clayton",2000,-2,"0.5(log(n))^2",1
464,1000,5,"Clayton",2000,-2,"0.5(log(n))^2",0.36
465,1000,5,"Clayton",2000,-2,"0.5(log(n))^2",1
466,1000,5,"Clayton",2000,-2,"0.5(log(n))^2",0.98
467,1000,5,"Clayton",2000,-2,"0.5(log(n))^2",0.55
468,1000,5,"Clayton",2000,-2,"0.5(log(n))^2",0.85
469,1000,5,"Clayton",2000,-2,"0.5(log(n))^2",0.63
470,1000,5,"Clayton",2000,-2,"0.5(log(n))^2",0.87
471,1000,5,"Clayton",2000,-2,"0.5(log(n))^2",0.39
472,1000,5,"Clayton",2000,-2,"0.5(log(n))^2",0.99
473,1000,5,"Clayton",2000,-2,"0.5(log(n))^2",0.95
474,1000,5,"Clayton",2000,-2,"0.5(log(n))^2",0.64
475,1000,5,"Clayton",2000,-2,"0.5(log(n))^2",0.9
476,1000,5,"Clayton",2000,-2,"0.5(log(n))^2",0.9
477,1000,5,"Clayton",2000,-2,"0.5(log(n))^2",0.2
478,1000,5,"Clayton",2000,-2,"0.5(log(n))^2",0.94
479,1000,5,"Clayton",2000,-2,"0.5(log(n))^2",0.42
480,1000,5,"Clayton",2000,-2,"0.5(log(n))^2",0.87
481,1000,5,"Clayton",2000,-2,"0.5(log(n))^2",0.54
482,1000,5,"Clayton",2000,-2,"0.5(log(n))^2",0.84
483,1000,5,"Clayton",2000,-2,"0.5(log(n))^2",0.79
484,1000,5,"Clayton",2000,-2,"0.5(log(n))^2",0.69
485,1000,5,"Clayton",2000,-2,"0.5(log(n))^2",0.46
486,1000,5,"Clayton",2000,-2,"0.5(log(n))^2",0.9
487,1000,5,"Clayton",2000,-2,"0.5(log(n))^2",0.8
488,1000,5,"Clayton",2000,-2,"0.5(log(n))^2",0.48
489,1000,5,"Clayton",2000,-2,"0.5(log(n))^2",0.74
490,1000,5,"Clayton",2000,-2,"0.5(log(n))^2",0.84
491,1000,5,"Clayton",2000,-2,"0.5(log(n))^2",0.91
492,1000,5,"Clayton",2000,-2,"0.5(log(n))^2",0.41
493,1000,5,"Clayton",2000,-2,"0.5(log(n))^2",0.78
494,1000,5,"Clayton",2000,-2,"0.5(log(n))^2",0.95
495,1000,5,"Clayton",2000,-2,"0.5(log(n))^2",0.32
496,1000,5,"Clayton",2000,-2,"0.5(log(n))^2",0.65
497,1000,5,"Clayton",2000,-2,"0.5(log(n))^2",0.84
498,1000,5,"Clayton",2000,-2,"0.5(log(n))^2",0.98
499,1000,5,"Clayton",2000,-2,"0.5(log(n))^2",0.28
500,1000,5,"Clayton",2000,-2,"0.5(log(n))^2",0.79
501,1000,5,"Clayton",2000,-2,"0.5(log(n))^2",0.97
502,1000,5,"Clayton",2000,-2,"0.5(log(n))^2",0.68
503,1000,5,"Clayton",2000,-2,"0.5(log(n))^2",0.9
504,1000,5,"Clayton",2000,-2,"0.5(log(n))^2",0.78
505,1000,5,"Clayton",2000,-2,"0.5(log(n))^2",0.87
506,1000,5,"Clayton",2000,-2,"0.5(log(n))^2",0.93
507,1000,5,"Clayton",2000,-2,"0.5(log(n))^2",0.66
508,1000,5,"Clayton",2000,-2,"0.5(log(n))^2",0.57
509,1000,5,"Clayton",2000,-2,"0.5(log(n))^2",0.77
510,1000,5,"Clayton",2000,-2,"0.5(log(n))^2",0.84
511,1000,5,"Clayton",2000,-2,"0.5(log(n))^2",0.49
512,1000,5,"Clayton",2000,-2,"0.5(log(n))^2",0.86
513,1000,5,"Clayton",2000,-2,"0.5(log(n))^2",0.88
514,1000,5,"Clayton",2000,-2,"0.5(log(n))^2",0.46
515,1000,5,"Clayton",2000,-2,"0.5(log(n))^2",0.4
516,1000,5,"Clayton",2000,-2,"0.5(log(n))^2",0.66
517,1000,5,"Clayton",2000,-2,"0.5(log(n))^2",0.46
518,1000,5,"Clayton",2000,-2,"0.5(log(n))^2",0.39
519,1000,5,"Clayton",2000,-2,"0.5(log(n))^2",0.88
520,1000,5,"Clayton",2000,-2,"0.5(log(n))^2",0.11
521,1000,5,"Clayton",2000,-2,"0.5(log(n))^2",0.71
522,1000,5,"Clayton",2000,-2,"0.5(log(n))^2",0.52
523,1000,5,"Clayton",2000,-2,"0.5(log(n))^2",0.93
524,1000,5,"Clayton",2000,-2,"0.5(log(n))^2",1
525,1000,5,"Clayton",2000,-2,"0.5(log(n))^2",0.86
526,1000,5,"Clayton",2000,-2,"0.5(log(n))^2",0.62
527,1000,5,"Clayton",2000,-2,"0.5(log(n))^2",0.71
528,1000,5,"Clayton",2000,-2,"0.5(log(n))^2",0.62
529,1000,5,"Clayton",2000,-2,"0.5(log(n))^2",0.97
530,1000,5,"Clayton",2000,-2,"0.5(log(n))^2",0.85
531,1000,5,"Clayton",2000,-2,"0.5(log(n))^2",0.87
532,1000,5,"Clayton",2000,-2,"0.5(log(n))^2",0.93
533,1000,5,"Clayton",2000,-2,"0.5(log(n))^2",0.73
534,1000,5,"Clayton",2000,-2,"0.5(log(n))^2",0.55
535,1000,5,"Clayton",2000,-2,"0.5(log(n))^2",0.9
536,1000,5,"Clayton",2000,-2,"0.5(log(n))^2",0.99
537,1000,5,"Clayton",2000,-2,"0.5(log(n))^2",0.29
538,1000,5,"Clayton",2000,-2,"0.5(log(n))^2",0.4
539,1000,5,"Clayton",2000,-2,"0.5(log(n))^2",0.43
540,1000,5,"Clayton",2000,-2,"0.5(log(n))^2",0.87
541,1000,5,"Clayton",2000,-2,"0.5(log(n))^2",0.53
542,1000,5,"Clayton",2000,-2,"0.5(log(n))^2",0.82
543,1000,5,"Clayton",2000,-2,"0.5(log(n))^2",0.57
544,1000,5,"Clayton",2000,-2,"0.5(log(n))^2",0.51
545,1000,5,"Clayton",2000,-2,"0.5(log(n))^2",0.54
546,1000,5,"Clayton",2000,-2,"0.5(log(n))^2",0.12
547,1000,5,"Clayton",2000,-2,"0.5(log(n))^2",0.75
548,1000,5,"Clayton",2000,-2,"0.5(log(n))^2",0.91
549,1000,5,"Clayton",2000,-2,"0.5(log(n))^2",0.79
550,1000,5,"Clayton",2000,-2,"0.5(log(n))^2",0.81
551,1000,5,"Clayton",2000,-2,"0.5(log(n))^2",0.59
552,1000,5,"Clayton",2000,-2,"0.5(log(n))^2",0.32
553,1000,5,"Clayton",2000,-2,"0.5(log(n))^2",0.59
554,1000,5,"Clayton",2000,-2,"0.5(log(n))^2",0.75
555,1000,5,"Clayton",2000,-2,"0.5(log(n))^2",0.63
556,1000,5,"Clayton",2000,-2,"0.5(log(n))^2",0.93
557,1000,5,"Clayton",2000,-2,"0.5(log(n))^2",0.3
558,1000,5,"Clayton",2000,-2,"0.5(log(n))^2",0.28
559,1000,5,"Clayton",2000,-2,"0.5(log(n))^2",0.83
560,1000,5,"Clayton",2000,-2,"0.5(log(n))^2",0.83
561,1000,5,"Clayton",2000,-2,"0.5(log(n))^2",0.12
562,1000,5,"Clayton",2000,-2,"0.5(log(n))^2",0.5
563,1000,5,"Clayton",2000,-2,"0.5(log(n))^2",0.23
564,1000,5,"Clayton",2000,-2,"0.5(log(n))^2",0.46
565,1000,5,"Clayton",2000,-2,"0.5(log(n))^2",0.65
566,1000,5,"Clayton",2000,-2,"0.5(log(n))^2",0.94
567,1000,5,"Clayton",2000,-2,"0.5(log(n))^2",0.5
568,1000,5,"Clayton",2000,-2,"0.5(log(n))^2",1
569,1000,5,"Clayton",2000,-2,"0.5(log(n))^2",0.98
570,1000,5,"Clayton",2000,-2,"0.5(log(n))^2",0.98
571,1000,5,"Clayton",2000,-2,"0.5(log(n))^2",0.92
572,1000,5,"Clayton",2000,-2,"0.5(log(n))^2",0.83
573,1000,5,"Clayton",2000,-2,"0.5(log(n))^2",0.92
574,1000,5,"Clayton",2000,-2,"0.5(log(n))^2",0.88
575,1000,5,"Clayton",2000,-2,"0.5(log(n))^2",0.32
576,1000,5,"Clayton",2000,-2,"0.5(log(n))^2",0.84
577,1000,5,"Clayton",2000,-2,"0.5(log(n))^2",0.39
578,1000,5,"Clayton",2000,-2,"0.5(log(n))^2",0.9
579,1000,5,"Clayton",2000,-2,"0.5(log(n))^2",0.38
580,1000,5,"Clayton",2000,-2,"0.5(log(n))^2",0.76
581,1000,5,"Clayton",2000,-2,"0.5(log(n))^2",0.65
582,1000,5,"Clayton",2000,-2,"0.5(log(n))^2",0.44
583,1000,5,"Clayton",2000,-2,"0.5(log(n))^2",0.06
584,1000,5,"Clayton",2000,-2,"0.5(log(n))^2",1
585,1000,5,"Clayton",2000,-2,"0.5(log(n))^2",0.46
586,1000,5,"Clayton",2000,-2,"0.5(log(n))^2",0.62
587,1000,5,"Clayton",2000,-2,"0.5(log(n))^2",0.43
588,1000,5,"Clayton",2000,-2,"0.5(log(n))^2",0.78
589,1000,5,"Clayton",2000,-2,"0.5(log(n))^2",0.82
590,1000,5,"Clayton",2000,-2,"0.5(log(n))^2",0.43
591,1000,5,"Clayton",2000,-2,"0.5(log(n))^2",0.77
592,1000,5,"Clayton",2000,-2,"0.5(log(n))^2",0.74
593,1000,5,"Clayton",2000,-2,"0.5(log(n))^2",0.63
594,1000,5,"Clayton",2000,-2,"0.5(log(n))^2",0.38
595,1000,5,"Clayton",2000,-2,"0.5(log(n))^2",0.92
596,1000,5,"Clayton",2000,-2,"0.5(log(n))^2",0.8
597,1000,5,"Clayton",2000,-2,"0.5(log(n))^2",0.71
598,1000,5,"Clayton",2000,-2,"0.5(log(n))^2",0.94
599,1000,5,"Clayton",2000,-2,"0.5(log(n))^2",0.49
600,1000,5,"Clayton",2000,-2,"0.5(log(n))^2",0.32
601,1000,5,"Clayton",2000,-2,"0.5(log(n))^2",0.96
602,1000,5,"Clayton",2000,-2,"0.5(log(n))^2",0.85
603,1000,5,"Clayton",2000,-2,"0.5(log(n))^2",0.62
604,1000,5,"Clayton",2000,-2,"0.5(log(n))^2",0.57
605,1000,5,"Clayton",2000,-2,"0.5(log(n))^2",0.63
606,1000,5,"Clayton",2000,-2,"0.5(log(n))^2",0.96
607,1000,5,"Clayton",2000,-2,"0.5(log(n))^2",0.3
608,1000,5,"Clayton",2000,-2,"0.5(log(n))^2",0.54
609,1000,5,"Clayton",2000,-2,"0.5(log(n))^2",0.33
610,1000,5,"Clayton",2000,-2,"0.5(log(n))^2",0.41
611,1000,5,"Clayton",2000,-2,"0.5(log(n))^2",1
612,1000,5,"Clayton",2000,-2,"0.5(log(n))^2",0.89
613,1000,5,"Clayton",2000,-2,"0.5(log(n))^2",0.48
614,1000,5,"Clayton",2000,-2,"0.5(log(n))^2",0.65
615,1000,5,"Clayton",2000,-2,"0.5(log(n))^2",0.63
616,1000,5,"Clayton",2000,-2,"0.5(log(n))^2",0.86
617,1000,5,"Clayton",2000,-2,"0.5(log(n))^2",0.68
618,1000,5,"Clayton",2000,-2,"0.5(log(n))^2",0.93
619,1000,5,"Clayton",2000,-2,"0.5(log(n))^2",0.86
620,1000,5,"Clayton",2000,-2,"0.5(log(n))^2",0.78
621,1000,5,"Clayton",2000,-2,"0.5(log(n))^2",0.2
622,1000,5,"Clayton",2000,-2,"0.5(log(n))^2",0.77
623,1000,5,"Clayton",2000,-2,"0.5(log(n))^2",0.97
624,1000,5,"Clayton",2000,-2,"0.5(log(n))^2",0.39
625,1000,5,"Clayton",2000,-2,"0.5(log(n))^2",0.37
626,1000,5,"Clayton",2000,-2,"0.5(log(n))^2",0.47
627,1000,5,"Clayton",2000,-2,"0.5(log(n))^2",0.96
628,1000,5,"Clayton",2000,-2,"0.5(log(n))^2",0.73
629,1000,5,"Clayton",2000,-2,"0.5(log(n))^2",0.13
630,1000,5,"Clayton",2000,-2,"0.5(log(n))^2",0.67
631,1000,5,"Clayton",2000,-2,"0.5(log(n))^2",0.34
632,1000,5,"Clayton",2000,-2,"0.5(log(n))^2",0.3
633,1000,5,"Clayton",2000,-2,"0.5(log(n))^2",0.33
634,1000,5,"Clayton",2000,-2,"0.5(log(n))^2",0.89
635,1000,5,"Clayton",2000,-2,"0.5(log(n))^2",0.67
636,1000,5,"Clayton",2000,-2,"0.5(log(n))^2",0.93
637,1000,5,"Clayton",2000,-2,"0.5(log(n))^2",0.92
638,1000,5,"Clayton",2000,-2,"0.5(log(n))^2",0.75
639,1000,5,"Clayton",2000,-2,"0.5(log(n))^2",0.56
640,1000,5,"Clayton",2000,-2,"0.5(log(n))^2",0.41
641,1000,5,"Clayton",2000,-2,"0.5(log(n))^2",0.52
642,1000,5,"Clayton",2000,-2,"0.5(log(n))^2",0.37
643,1000,5,"Clayton",2000,-2,"0.5(log(n))^2",0.45
644,1000,5,"Clayton",2000,-2,"0.5(log(n))^2",1
645,1000,5,"Clayton",2000,-2,"0.5(log(n))^2",0.59
646,1000,5,"Clayton",2000,-2,"0.5(log(n))^2",0.28
647,1000,5,"Clayton",2000,-2,"0.5(log(n))^2",0.93
648,1000,5,"Clayton",2000,-2,"0.5(log(n))^2",0.81
649,1000,5,"Clayton",2000,-2,"0.5(log(n))^2",0.6
650,1000,5,"Clayton",2000,-2,"0.5(log(n))^2",0.3
651,1000,5,"Clayton",2000,-2,"0.5(log(n))^2",0.89
652,1000,5,"Clayton",2000,-2,"0.5(log(n))^2",0.84
653,1000,5,"Clayton",2000,-2,"0.5(log(n))^2",0.58
654,1000,5,"Clayton",2000,-2,"0.5(log(n))^2",0.96
655,1000,5,"Clayton",2000,-2,"0.5(log(n))^2",0.89
656,1000,5,"Clayton",2000,-2,"0.5(log(n))^2",0.99
657,1000,5,"Clayton",2000,-2,"0.5(log(n))^2",0.85
658,1000,5,"Clayton",2000,-2,"0.5(log(n))^2",0.39
659,1000,5,"Clayton",2000,-2,"0.5(log(n))^2",0.48
660,1000,5,"Clayton",2000,-2,"0.5(log(n))^2",0.42
661,1000,5,"Clayton",2000,-2,"0.5(log(n))^2",0.45
662,1000,5,"Clayton",2000,-2,"0.5(log(n))^2",0.58
663,1000,5,"Clayton",2000,-2,"0.5(log(n))^2",0.03
664,1000,5,"Clayton",2000,-2,"0.5(log(n))^2",0.29
665,1000,5,"Clayton",2000,-2,"0.5(log(n))^2",0.78
666,1000,5,"Clayton",2000,-2,"0.5(log(n))^2",0.38
667,1000,5,"Clayton",2000,-2,"0.5(log(n))^2",0.41
668,1000,5,"Clayton",2000,-2,"0.5(log(n))^2",0.25
669,1000,5,"Clayton",2000,-2,"0.5(log(n))^2",0.24
670,1000,5,"Clayton",2000,-2,"0.5(log(n))^2",0.61
671,1000,5,"Clayton",2000,-2,"0.5(log(n))^2",0.31
672,1000,5,"Clayton",2000,-2,"0.5(log(n))^2",0.49
673,1000,5,"Clayton",2000,-2,"0.5(log(n))^2",0.66
674,1000,5,"Clayton",2000,-2,"0.5(log(n))^2",0.76
675,1000,5,"Clayton",2000,-2,"0.5(log(n))^2",0.7
676,1000,5,"Clayton",2000,-2,"0.5(log(n))^2",0.77
677,1000,5,"Clayton",2000,-2,"0.5(log(n))^2",0.84
678,1000,5,"Clayton",2000,-2,"0.5(log(n))^2",0.48
679,1000,5,"Clayton",2000,-2,"0.5(log(n))^2",0.9
680,1000,5,"Clayton",2000,-2,"0.5(log(n))^2",0.88
681,1000,5,"Clayton",2000,-2,"0.5(log(n))^2",0.66
682,1000,5,"Clayton",2000,-2,"0.5(log(n))^2",0.9
683,1000,5,"Clayton",2000,-2,"0.5(log(n))^2",0.94
684,1000,5,"Clayton",2000,-2,"0.5(log(n))^2",0.56
685,1000,5,"Clayton",2000,-2,"0.5(log(n))^2",0.5
686,1000,5,"Clayton",2000,-2,"0.5(log(n))^2",0.72
687,1000,5,"Clayton",2000,-2,"0.5(log(n))^2",0.32
688,1000,5,"Clayton",2000,-2,"0.5(log(n))^2",0.65
689,1000,5,"Clayton",2000,-2,"0.5(log(n))^2",0.64
690,1000,5,"Clayton",2000,-2,"0.5(log(n))^2",0.94
691,1000,5,"Clayton",2000,-2,"0.5(log(n))^2",0.43
692,1000,5,"Clayton",2000,-2,"0.5(log(n))^2",0.96
693,1000,5,"Clayton",2000,-2,"0.5(log(n))^2",0.92
694,1000,5,"Clayton",2000,-2,"0.5(log(n))^2",0.27
695,1000,5,"Clayton",2000,-2,"0.5(log(n))^2",0.75
696,1000,5,"Clayton",2000,-2,"0.5(log(n))^2",0.98
697,1000,5,"Clayton",2000,-2,"0.5(log(n))^2",0.62
698,1000,5,"Clayton",2000,-2,"0.5(log(n))^2",0.67
699,1000,5,"Clayton",2000,-2,"0.5(log(n))^2",0.9
700,1000,5,"Clayton",2000,-2,"0.5(log(n))^2",0.64
701,1000,5,"Clayton",2000,-2,"0.5(log(n))^2",0.24
702,1000,5,"Clayton",2000,-2,"0.5(log(n))^2",0.9
703,1000,5,"Clayton",2000,-2,"0.5(log(n))^2",0.94
704,1000,5,"Clayton",2000,-2,"0.5(log(n))^2",0.31
705,1000,5,"Clayton",2000,-2,"0.5(log(n))^2",0.26
706,1000,5,"Clayton",2000,-2,"0.5(log(n))^2",0.77
707,1000,5,"Clayton",2000,-2,"0.5(log(n))^2",0.95
708,1000,5,"Clayton",2000,-2,"0.5(log(n))^2",0.46
709,1000,5,"Clayton",2000,-2,"0.5(log(n))^2",0.47
710,1000,5,"Clayton",2000,-2,"0.5(log(n))^2",0.52
711,1000,5,"Clayton",2000,-2,"0.5(log(n))^2",0.74
712,1000,5,"Clayton",2000,-2,"0.5(log(n))^2",0.99
713,1000,5,"Clayton",2000,-2,"0.5(log(n))^2",0.98
714,1000,5,"Clayton",2000,-2,"0.5(log(n))^2",1
715,1000,5,"Clayton",2000,-2,"0.5(log(n))^2",0.3
716,1000,5,"Clayton",2000,-2,"0.5(log(n))^2",0.93
717,1000,5,"Clayton",2000,-2,"0.5(log(n))^2",0.36
718,1000,5,"Clayton",2000,-2,"0.5(log(n))^2",0.97
719,1000,5,"Clayton",2000,-2,"0.5(log(n))^2",0.7
720,1000,5,"Clayton",2000,-2,"0.5(log(n))^2",0.93
721,1000,5,"Clayton",2000,-2,"0.5(log(n))^2",0.83
722,1000,5,"Clayton",2000,-2,"0.5(log(n))^2",0.75
723,1000,5,"Clayton",2000,-2,"0.5(log(n))^2",0.64
724,1000,5,"Clayton",2000,-2,"0.5(log(n))^2",0.91
725,1000,5,"Clayton",2000,-2,"0.5(log(n))^2",0.72
726,1000,5,"Clayton",2000,-2,"0.5(log(n))^2",0.91
727,1000,5,"Clayton",2000,-2,"0.5(log(n))^2",0.98
728,1000,5,"Clayton",2000,-2,"0.5(log(n))^2",0.71
729,1000,5,"Clayton",2000,-2,"0.5(log(n))^2",0.67
730,1000,5,"Clayton",2000,-2,"0.5(log(n))^2",0.97
731,1000,5,"Clayton",2000,-2,"0.5(log(n))^2",0.57
732,1000,5,"Clayton",2000,-2,"0.5(log(n))^2",0.71
733,1000,5,"Clayton",2000,-2,"0.5(log(n))^2",0.59
734,1000,5,"Clayton",2000,-2,"0.5(log(n))^2",0.96
735,1000,5,"Clayton",2000,-2,"0.5(log(n))^2",0.37
736,1000,5,"Clayton",2000,-2,"0.5(log(n))^2",0.53
737,1000,5,"Clayton",2000,-2,"0.5(log(n))^2",0.75
738,1000,5,"Clayton",2000,-2,"0.5(log(n))^2",0.1
739,1000,5,"Clayton",2000,-2,"0.5(log(n))^2",0.57
740,1000,5,"Clayton",2000,-2,"0.5(log(n))^2",0.42
741,1000,5,"Clayton",2000,-2,"0.5(log(n))^2",0.82
742,1000,5,"Clayton",2000,-2,"0.5(log(n))^2",0.8
743,1000,5,"Clayton",2000,-2,"0.5(log(n))^2",0.92
744,1000,5,"Clayton",2000,-2,"0.5(log(n))^2",0.23
745,1000,5,"Clayton",2000,-2,"0.5(log(n))^2",0.97
746,1000,5,"Clayton",2000,-2,"0.5(log(n))^2",0.6
747,1000,5,"Clayton",2000,-2,"0.5(log(n))^2",0.98
748,1000,5,"Clayton",2000,-2,"0.5(log(n))^2",0.99
749,1000,5,"Clayton",2000,-2,"0.5(log(n))^2",0.51
750,1000,5,"Clayton",2000,-2,"0.5(log(n))^2",0.62
751,1000,5,"Clayton",2000,-2,"0.5(log(n))^2",0.14
752,1000,5,"Clayton",2000,-2,"0.5(log(n))^2",0.98
753,1000,5,"Clayton",2000,-2,"0.5(log(n))^2",0.81
754,1000,5,"Clayton",2000,-2,"0.5(log(n))^2",0.72
755,1000,5,"Clayton",2000,-2,"0.5(log(n))^2",0.98
756,1000,5,"Clayton",2000,-2,"0.5(log(n))^2",0.9
757,1000,5,"Clayton",2000,-2,"0.5(log(n))^2",0.25
758,1000,5,"Clayton",2000,-2,"0.5(log(n))^2",0.73
759,1000,5,"Clayton",2000,-2,"0.5(log(n))^2",0.8
760,1000,5,"Clayton",2000,-2,"0.5(log(n))^2",0.75
761,1000,5,"Clayton",2000,-2,"0.5(log(n))^2",0.94
762,1000,5,"Clayton",2000,-2,"0.5(log(n))^2",0.51
763,1000,5,"Clayton",2000,-2,"0.5(log(n))^2",0.54
764,1000,5,"Clayton",2000,-2,"0.5(log(n))^2",0.44
765,1000,5,"Clayton",2000,-2,"0.5(log(n))^2",0.35
766,1000,5,"Clayton",2000,-2,"0.5(log(n))^2",0.62
767,1000,5,"Clayton",2000,-2,"0.5(log(n))^2",0.98
768,1000,5,"Clayton",2000,-2,"0.5(log(n))^2",0.96
769,1000,5,"Clayton",2000,-2,"0.5(log(n))^2",0.96
770,1000,5,"Clayton",2000,-2,"0.5(log(n))^2",0.71
771,1000,5,"Clayton",2000,-2,"0.5(log(n))^2",0.43
772,1000,5,"Clayton",2000,-2,"0.5(log(n))^2",0.97
773,1000,5,"Clayton",2000,-2,"0.5(log(n))^2",0.88
774,1000,5,"Clayton",2000,-2,"0.5(log(n))^2",0.84
775,1000,5,"Clayton",2000,-2,"0.5(log(n))^2",0.32
776,1000,5,"Clayton",2000,-2,"0.5(log(n))^2",0.83
777,1000,5,"Clayton",2000,-2,"0.5(log(n))^2",0.98
778,1000,5,"Clayton",2000,-2,"0.5(log(n))^2",0.91
779,1000,5,"Clayton",2000,-2,"0.5(log(n))^2",0.7
780,1000,5,"Clayton",2000,-2,"0.5(log(n))^2",0.52
781,1000,5,"Clayton",2000,-2,"0.5(log(n))^2",0.47
782,1000,5,"Clayton",2000,-2,"0.5(log(n))^2",0.74
783,1000,5,"Clayton",2000,-2,"0.5(log(n))^2",0.48
784,1000,5,"Clayton",2000,-2,"0.5(log(n))^2",0.48
785,1000,5,"Clayton",2000,-2,"0.5(log(n))^2",0.73
786,1000,5,"Clayton",2000,-2,"0.5(log(n))^2",0.84
787,1000,5,"Clayton",2000,-2,"0.5(log(n))^2",0.9
788,1000,5,"Clayton",2000,-2,"0.5(log(n))^2",0.87
789,1000,5,"Clayton",2000,-2,"0.5(log(n))^2",0.62
790,1000,5,"Clayton",2000,-2,"0.5(log(n))^2",0.96
791,1000,5,"Clayton",2000,-2,"0.5(log(n))^2",0.84
792,1000,5,"Clayton",2000,-2,"0.5(log(n))^2",0.97
793,1000,5,"Clayton",2000,-2,"0.5(log(n))^2",1
794,1000,5,"Clayton",2000,-2,"0.5(log(n))^2",1
795,1000,5,"Clayton",2000,-2,"0.5(log(n))^2",0.28
796,1000,5,"Clayton",2000,-2,"0.5(log(n))^2",0.72
797,1000,5,"Clayton",2000,-2,"0.5(log(n))^2",0.8
798,1000,5,"Clayton",2000,-2,"0.5(log(n))^2",0.33
799,1000,5,"Clayton",2000,-2,"0.5(log(n))^2",0.52
800,1000,5,"Clayton",2000,-2,"0.5(log(n))^2",0.99
801,1000,5,"Clayton",2000,-2,"0.5(log(n))^2",0.63
802,1000,5,"Clayton",2000,-2,"0.5(log(n))^2",0.15
803,1000,5,"Clayton",2000,-2,"0.5(log(n))^2",0.72
804,1000,5,"Clayton",2000,-2,"0.5(log(n))^2",0.79
805,1000,5,"Clayton",2000,-2,"0.5(log(n))^2",0.65
806,1000,5,"Clayton",2000,-2,"0.5(log(n))^2",0.47
807,1000,5,"Clayton",2000,-2,"0.5(log(n))^2",0.75
808,1000,5,"Clayton",2000,-2,"0.5(log(n))^2",0.61
809,1000,5,"Clayton",2000,-2,"0.5(log(n))^2",0.54
810,1000,5,"Clayton",2000,-2,"0.5(log(n))^2",0.47
811,1000,5,"Clayton",2000,-2,"0.5(log(n))^2",0.87
812,1000,5,"Clayton",2000,-2,"0.5(log(n))^2",0.83
813,1000,5,"Clayton",2000,-2,"0.5(log(n))^2",0.98
814,1000,5,"Clayton",2000,-2,"0.5(log(n))^2",0.58
815,1000,5,"Clayton",2000,-2,"0.5(log(n))^2",0.91
816,1000,5,"Clayton",2000,-2,"0.5(log(n))^2",0.75
817,1000,5,"Clayton",2000,-2,"0.5(log(n))^2",0.87
818,1000,5,"Clayton",2000,-2,"0.5(log(n))^2",0.19
819,1000,5,"Clayton",2000,-2,"0.5(log(n))^2",0.73
820,1000,5,"Clayton",2000,-2,"0.5(log(n))^2",0.33
821,1000,5,"Clayton",2000,-2,"0.5(log(n))^2",0.44
822,1000,5,"Clayton",2000,-2,"0.5(log(n))^2",0.97
823,1000,5,"Clayton",2000,-2,"0.5(log(n))^2",1
824,1000,5,"Clayton",2000,-2,"0.5(log(n))^2",0.56
825,1000,5,"Clayton",2000,-2,"0.5(log(n))^2",0.86
826,1000,5,"Clayton",2000,-2,"0.5(log(n))^2",0.86
827,1000,5,"Clayton",2000,-2,"0.5(log(n))^2",0.87
828,1000,5,"Clayton",2000,-2,"0.5(log(n))^2",0.95
829,1000,5,"Clayton",2000,-2,"0.5(log(n))^2",0.86
830,1000,5,"Clayton",2000,-2,"0.5(log(n))^2",0.99
831,1000,5,"Clayton",2000,-2,"0.5(log(n))^2",0.78
832,1000,5,"Clayton",2000,-2,"0.5(log(n))^2",0.24
833,1000,5,"Clayton",2000,-2,"0.5(log(n))^2",0.7
834,1000,5,"Clayton",2000,-2,"0.5(log(n))^2",0.83
835,1000,5,"Clayton",2000,-2,"0.5(log(n))^2",0.96
836,1000,5,"Clayton",2000,-2,"0.5(log(n))^2",1
837,1000,5,"Clayton",2000,-2,"0.5(log(n))^2",0.57
838,1000,5,"Clayton",2000,-2,"0.5(log(n))^2",0.57
839,1000,5,"Clayton",2000,-2,"0.5(log(n))^2",0.93
840,1000,5,"Clayton",2000,-2,"0.5(log(n))^2",1
841,1000,5,"Clayton",2000,-2,"0.5(log(n))^2",0.79
842,1000,5,"Clayton",2000,-2,"0.5(log(n))^2",0.88
843,1000,5,"Clayton",2000,-2,"0.5(log(n))^2",0.58
844,1000,5,"Clayton",2000,-2,"0.5(log(n))^2",0.74
845,1000,5,"Clayton",2000,-2,"0.5(log(n))^2",0.5
846,1000,5,"Clayton",2000,-2,"0.5(log(n))^2",0.15
847,1000,5,"Clayton",2000,-2,"0.5(log(n))^2",0.85
848,1000,5,"Clayton",2000,-2,"0.5(log(n))^2",0.72
849,1000,5,"Clayton",2000,-2,"0.5(log(n))^2",0.5
850,1000,5,"Clayton",2000,-2,"0.5(log(n))^2",0.85
851,1000,5,"Clayton",2000,-2,"0.5(log(n))^2",0.93
852,1000,5,"Clayton",2000,-2,"0.5(log(n))^2",0.99
853,1000,5,"Clayton",2000,-2,"0.5(log(n))^2",0.69
854,1000,5,"Clayton",2000,-2,"0.5(log(n))^2",0.86
855,1000,5,"Clayton",2000,-2,"0.5(log(n))^2",0.68
856,1000,5,"Clayton",2000,-2,"0.5(log(n))^2",0.99
857,1000,5,"Clayton",2000,-2,"0.5(log(n))^2",0.31
858,1000,5,"Clayton",2000,-2,"0.5(log(n))^2",0.88
859,1000,5,"Clayton",2000,-2,"0.5(log(n))^2",0.69
860,1000,5,"Clayton",2000,-2,"0.5(log(n))^2",0.36
861,1000,5,"Clayton",2000,-2,"0.5(log(n))^2",0.5
862,1000,5,"Clayton",2000,-2,"0.5(log(n))^2",0.25
863,1000,5,"Clayton",2000,-2,"0.5(log(n))^2",0.77
864,1000,5,"Clayton",2000,-2,"0.5(log(n))^2",0.97
865,1000,5,"Clayton",2000,-2,"0.5(log(n))^2",0.62
866,1000,5,"Clayton",2000,-2,"0.5(log(n))^2",0.71
867,1000,5,"Clayton",2000,-2,"0.5(log(n))^2",0.77
868,1000,5,"Clayton",2000,-2,"0.5(log(n))^2",0.31
869,1000,5,"Clayton",2000,-2,"0.5(log(n))^2",0.91
870,1000,5,"Clayton",2000,-2,"0.5(log(n))^2",0.67
871,1000,5,"Clayton",2000,-2,"0.5(log(n))^2",0.72
872,1000,5,"Clayton",2000,-2,"0.5(log(n))^2",0.81
873,1000,5,"Clayton",2000,-2,"0.5(log(n))^2",0.82
874,1000,5,"Clayton",2000,-2,"0.5(log(n))^2",0.7
875,1000,5,"Clayton",2000,-2,"0.5(log(n))^2",0.95
876,1000,5,"Clayton",2000,-2,"0.5(log(n))^2",0.67
877,1000,5,"Clayton",2000,-2,"0.5(log(n))^2",0.97
878,1000,5,"Clayton",2000,-2,"0.5(log(n))^2",0.97
879,1000,5,"Clayton",2000,-2,"0.5(log(n))^2",0.41
880,1000,5,"Clayton",2000,-2,"0.5(log(n))^2",0.91
881,1000,5,"Clayton",2000,-2,"0.5(log(n))^2",0.96
882,1000,5,"Clayton",2000,-2,"0.5(log(n))^2",0.7
883,1000,5,"Clayton",2000,-2,"0.5(log(n))^2",0.14
884,1000,5,"Clayton",2000,-2,"0.5(log(n))^2",0.47
885,1000,5,"Clayton",2000,-2,"0.5(log(n))^2",0.69
886,1000,5,"Clayton",2000,-2,"0.5(log(n))^2",0.73
887,1000,5,"Clayton",2000,-2,"0.5(log(n))^2",0.65
888,1000,5,"Clayton",2000,-2,"0.5(log(n))^2",0.4
889,1000,5,"Clayton",2000,-2,"0.5(log(n))^2",0.29
890,1000,5,"Clayton",2000,-2,"0.5(log(n))^2",0.99
891,1000,5,"Clayton",2000,-2,"0.5(log(n))^2",0.98
892,1000,5,"Clayton",2000,-2,"0.5(log(n))^2",0.37
893,1000,5,"Clayton",2000,-2,"0.5(log(n))^2",0.9
894,1000,5,"Clayton",2000,-2,"0.5(log(n))^2",0.27
895,1000,5,"Clayton",2000,-2,"0.5(log(n))^2",0.96
896,1000,5,"Clayton",2000,-2,"0.5(log(n))^2",0.94
897,1000,5,"Clayton",2000,-2,"0.5(log(n))^2",0.33
898,1000,5,"Clayton",2000,-2,"0.5(log(n))^2",0.68
899,1000,5,"Clayton",2000,-2,"0.5(log(n))^2",0.59
900,1000,5,"Clayton",2000,-2,"0.5(log(n))^2",1
901,1000,5,"Clayton",2000,-2,"0.5(log(n))^2",0.59
902,1000,5,"Clayton",2000,-2,"0.5(log(n))^2",0.82
903,1000,5,"Clayton",2000,-2,"0.5(log(n))^2",0.26
904,1000,5,"Clayton",2000,-2,"0.5(log(n))^2",0.54
905,1000,5,"Clayton",2000,-2,"0.5(log(n))^2",0.69
906,1000,5,"Clayton",2000,-2,"0.5(log(n))^2",0.88
907,1000,5,"Clayton",2000,-2,"0.5(log(n))^2",0.99
908,1000,5,"Clayton",2000,-2,"0.5(log(n))^2",0.54
909,1000,5,"Clayton",2000,-2,"0.5(log(n))^2",0.76
910,1000,5,"Clayton",2000,-2,"0.5(log(n))^2",0.4
911,1000,5,"Clayton",2000,-2,"0.5(log(n))^2",0.83
912,1000,5,"Clayton",2000,-2,"0.5(log(n))^2",0.62
913,1000,5,"Clayton",2000,-2,"0.5(log(n))^2",0.87
914,1000,5,"Clayton",2000,-2,"0.5(log(n))^2",0.99
915,1000,5,"Clayton",2000,-2,"0.5(log(n))^2",1
916,1000,5,"Clayton",2000,-2,"0.5(log(n))^2",0.94
917,1000,5,"Clayton",2000,-2,"0.5(log(n))^2",0.73
918,1000,5,"Clayton",2000,-2,"0.5(log(n))^2",0.56
919,1000,5,"Clayton",2000,-2,"0.5(log(n))^2",0.92
920,1000,5,"Clayton",2000,-2,"0.5(log(n))^2",0.65
921,1000,5,"Clayton",2000,-2,"0.5(log(n))^2",0.99
922,1000,5,"Clayton",2000,-2,"0.5(log(n))^2",0.36
923,1000,5,"Clayton",2000,-2,"0.5(log(n))^2",0.99
924,1000,5,"Clayton",2000,-2,"0.5(log(n))^2",0.8
925,1000,5,"Clayton",2000,-2,"0.5(log(n))^2",0.35
926,1000,5,"Clayton",2000,-2,"0.5(log(n))^2",0.85
927,1000,5,"Clayton",2000,-2,"0.5(log(n))^2",0.71
928,1000,5,"Clayton",2000,-2,"0.5(log(n))^2",0.92
929,1000,5,"Clayton",2000,-2,"0.5(log(n))^2",0.59
930,1000,5,"Clayton",2000,-2,"0.5(log(n))^2",0.71
931,1000,5,"Clayton",2000,-2,"0.5(log(n))^2",0.52
932,1000,5,"Clayton",2000,-2,"0.5(log(n))^2",0.31
933,1000,5,"Clayton",2000,-2,"0.5(log(n))^2",0.91
934,1000,5,"Clayton",2000,-2,"0.5(log(n))^2",0.91
935,1000,5,"Clayton",2000,-2,"0.5(log(n))^2",0.89
936,1000,5,"Clayton",2000,-2,"0.5(log(n))^2",0.94
937,1000,5,"Clayton",2000,-2,"0.5(log(n))^2",0.48
938,1000,5,"Clayton",2000,-2,"0.5(log(n))^2",0.87
939,1000,5,"Clayton",2000,-2,"0.5(log(n))^2",0.28
940,1000,5,"Clayton",2000,-2,"0.5(log(n))^2",0.44
941,1000,5,"Clayton",2000,-2,"0.5(log(n))^2",0.17
942,1000,5,"Clayton",2000,-2,"0.5(log(n))^2",0.48
943,1000,5,"Clayton",2000,-2,"0.5(log(n))^2",0.56
944,1000,5,"Clayton",2000,-2,"0.5(log(n))^2",0.71
945,1000,5,"Clayton",2000,-2,"0.5(log(n))^2",0.97
946,1000,5,"Clayton",2000,-2,"0.5(log(n))^2",0.35
947,1000,5,"Clayton",2000,-2,"0.5(log(n))^2",0.62
948,1000,5,"Clayton",2000,-2,"0.5(log(n))^2",0.21
949,1000,5,"Clayton",2000,-2,"0.5(log(n))^2",0.93
950,1000,5,"Clayton",2000,-2,"0.5(log(n))^2",0.79
951,1000,5,"Clayton",2000,-2,"0.5(log(n))^2",0.1
952,1000,5,"Clayton",2000,-2,"0.5(log(n))^2",0.24
953,1000,5,"Clayton",2000,-2,"0.5(log(n))^2",0.82
954,1000,5,"Clayton",2000,-2,"0.5(log(n))^2",0.09
955,1000,5,"Clayton",2000,-2,"0.5(log(n))^2",0.86
956,1000,5,"Clayton",2000,-2,"0.5(log(n))^2",0.51
957,1000,5,"Clayton",2000,-2,"0.5(log(n))^2",0.94
958,1000,5,"Clayton",2000,-2,"0.5(log(n))^2",0.59
959,1000,5,"Clayton",2000,-2,"0.5(log(n))^2",0.92
960,1000,5,"Clayton",2000,-2,"0.5(log(n))^2",0.88
961,1000,5,"Clayton",2000,-2,"0.5(log(n))^2",0.43
962,1000,5,"Clayton",2000,-2,"0.5(log(n))^2",0.63
963,1000,5,"Clayton",2000,-2,"0.5(log(n))^2",0.51
964,1000,5,"Clayton",2000,-2,"0.5(log(n))^2",0.98
965,1000,5,"Clayton",2000,-2,"0.5(log(n))^2",0.87
966,1000,5,"Clayton",2000,-2,"0.5(log(n))^2",0.49
967,1000,5,"Clayton",2000,-2,"0.5(log(n))^2",0.46
968,1000,5,"Clayton",2000,-2,"0.5(log(n))^2",0.88
969,1000,5,"Clayton",2000,-2,"0.5(log(n))^2",0.39
970,1000,5,"Clayton",2000,-2,"0.5(log(n))^2",0.28
971,1000,5,"Clayton",2000,-2,"0.5(log(n))^2",0.96
972,1000,5,"Clayton",2000,-2,"0.5(log(n))^2",0.91
973,1000,5,"Clayton",2000,-2,"0.5(log(n))^2",0.93
974,1000,5,"Clayton",2000,-2,"0.5(log(n))^2",0.77
975,1000,5,"Clayton",2000,-2,"0.5(log(n))^2",0.94
976,1000,5,"Clayton",2000,-2,"0.5(log(n))^2",0.55
977,1000,5,"Clayton",2000,-2,"0.5(log(n))^2",0.87
978,1000,5,"Clayton",2000,-2,"0.5(log(n))^2",0.65
979,1000,5,"Clayton",2000,-2,"0.5(log(n))^2",0.65
980,1000,5,"Clayton",2000,-2,"0.5(log(n))^2",0.92
981,1000,5,"Clayton",2000,-2,"0.5(log(n))^2",0.94
982,1000,5,"Clayton",2000,-2,"0.5(log(n))^2",0.71
983,1000,5,"Clayton",2000,-2,"0.5(log(n))^2",0.25
984,1000,5,"Clayton",2000,-2,"0.5(log(n))^2",0.46
985,1000,5,"Clayton",2000,-2,"0.5(log(n))^2",1
986,1000,5,"Clayton",2000,-2,"0.5(log(n))^2",0.99
987,1000,5,"Clayton",2000,-2,"0.5(log(n))^2",0.74
988,1000,5,"Clayton",2000,-2,"0.5(log(n))^2",0.2
989,1000,5,"Clayton",2000,-2,"0.5(log(n))^2",0.87
990,1000,5,"Clayton",2000,-2,"0.5(log(n))^2",0.92
991,1000,5,"Clayton",2000,-2,"0.5(log(n))^2",1
992,1000,5,"Clayton",2000,-2,"0.5(log(n))^2",0.52
993,1000,5,"Clayton",2000,-2,"0.5(log(n))^2",0.21
994,1000,5,"Clayton",2000,-2,"0.5(log(n))^2",0.72
995,1000,5,"Clayton",2000,-2,"0.5(log(n))^2",0.51
996,1000,5,"Clayton",2000,-2,"0.5(log(n))^2",0.98
997,1000,5,"Clayton",2000,-2,"0.5(log(n))^2",0.49
998,1000,5,"Clayton",2000,-2,"0.5(log(n))^2",0.72
999,1000,5,"Clayton",2000,-2,"0.5(log(n))^2",0.57
1000,1000,5,"Clayton",2000,-2,"0.5(log(n))^2",0.37
1,1000,5,"Clayton",2000,-2,"0.25(log(n))^2",0.88
2,1000,5,"Clayton",2000,-2,"0.25(log(n))^2",0.54
3,1000,5,"Clayton",2000,-2,"0.25(log(n))^2",0.15
4,1000,5,"Clayton",2000,-2,"0.25(log(n))^2",0.03
5,1000,5,"Clayton",2000,-2,"0.25(log(n))^2",0.62
6,1000,5,"Clayton",2000,-2,"0.25(log(n))^2",0.13
7,1000,5,"Clayton",2000,-2,"0.25(log(n))^2",0.92
8,1000,5,"Clayton",2000,-2,"0.25(log(n))^2",0.28
9,1000,5,"Clayton",2000,-2,"0.25(log(n))^2",0.62
10,1000,5,"Clayton",2000,-2,"0.25(log(n))^2",0.82
11,1000,5,"Clayton",2000,-2,"0.25(log(n))^2",0.06
12,1000,5,"Clayton",2000,-2,"0.25(log(n))^2",0.82
13,1000,5,"Clayton",2000,-2,"0.25(log(n))^2",0.4
14,1000,5,"Clayton",2000,-2,"0.25(log(n))^2",0.56
15,1000,5,"Clayton",2000,-2,"0.25(log(n))^2",0.6
16,1000,5,"Clayton",2000,-2,"0.25(log(n))^2",0.66
17,1000,5,"Clayton",2000,-2,"0.25(log(n))^2",0.53
18,1000,5,"Clayton",2000,-2,"0.25(log(n))^2",0.84
19,1000,5,"Clayton",2000,-2,"0.25(log(n))^2",0.94
20,1000,5,"Clayton",2000,-2,"0.25(log(n))^2",0.89
21,1000,5,"Clayton",2000,-2,"0.25(log(n))^2",0.73
22,1000,5,"Clayton",2000,-2,"0.25(log(n))^2",0.64
23,1000,5,"Clayton",2000,-2,"0.25(log(n))^2",0.16
24,1000,5,"Clayton",2000,-2,"0.25(log(n))^2",0.82
25,1000,5,"Clayton",2000,-2,"0.25(log(n))^2",0.88
26,1000,5,"Clayton",2000,-2,"0.25(log(n))^2",0.38
27,1000,5,"Clayton",2000,-2,"0.25(log(n))^2",0.27
28,1000,5,"Clayton",2000,-2,"0.25(log(n))^2",0.96
29,1000,5,"Clayton",2000,-2,"0.25(log(n))^2",0.35
30,1000,5,"Clayton",2000,-2,"0.25(log(n))^2",0.28
31,1000,5,"Clayton",2000,-2,"0.25(log(n))^2",0.32
32,1000,5,"Clayton",2000,-2,"0.25(log(n))^2",0.8
33,1000,5,"Clayton",2000,-2,"0.25(log(n))^2",0.76
34,1000,5,"Clayton",2000,-2,"0.25(log(n))^2",0.58
35,1000,5,"Clayton",2000,-2,"0.25(log(n))^2",0.39
36,1000,5,"Clayton",2000,-2,"0.25(log(n))^2",0.86
37,1000,5,"Clayton",2000,-2,"0.25(log(n))^2",0.59
38,1000,5,"Clayton",2000,-2,"0.25(log(n))^2",0.7
39,1000,5,"Clayton",2000,-2,"0.25(log(n))^2",0.93
40,1000,5,"Clayton",2000,-2,"0.25(log(n))^2",0.77
41,1000,5,"Clayton",2000,-2,"0.25(log(n))^2",0.11
42,1000,5,"Clayton",2000,-2,"0.25(log(n))^2",0.61
43,1000,5,"Clayton",2000,-2,"0.25(log(n))^2",0.86
44,1000,5,"Clayton",2000,-2,"0.25(log(n))^2",0.88
45,1000,5,"Clayton",2000,-2,"0.25(log(n))^2",0.56
46,1000,5,"Clayton",2000,-2,"0.25(log(n))^2",0.95
47,1000,5,"Clayton",2000,-2,"0.25(log(n))^2",0.33
48,1000,5,"Clayton",2000,-2,"0.25(log(n))^2",0.73
49,1000,5,"Clayton",2000,-2,"0.25(log(n))^2",0.96
50,1000,5,"Clayton",2000,-2,"0.25(log(n))^2",0.26
51,1000,5,"Clayton",2000,-2,"0.25(log(n))^2",0.5
52,1000,5,"Clayton",2000,-2,"0.25(log(n))^2",0.32
53,1000,5,"Clayton",2000,-2,"0.25(log(n))^2",0.99
54,1000,5,"Clayton",2000,-2,"0.25(log(n))^2",0.45
55,1000,5,"Clayton",2000,-2,"0.25(log(n))^2",0.22
56,1000,5,"Clayton",2000,-2,"0.25(log(n))^2",0.43
57,1000,5,"Clayton",2000,-2,"0.25(log(n))^2",0.59
58,1000,5,"Clayton",2000,-2,"0.25(log(n))^2",0.96
59,1000,5,"Clayton",2000,-2,"0.25(log(n))^2",0.21
60,1000,5,"Clayton",2000,-2,"0.25(log(n))^2",0.66
61,1000,5,"Clayton",2000,-2,"0.25(log(n))^2",0.89
62,1000,5,"Clayton",2000,-2,"0.25(log(n))^2",0.67
63,1000,5,"Clayton",2000,-2,"0.25(log(n))^2",0.14
64,1000,5,"Clayton",2000,-2,"0.25(log(n))^2",0.25
65,1000,5,"Clayton",2000,-2,"0.25(log(n))^2",0.51
66,1000,5,"Clayton",2000,-2,"0.25(log(n))^2",0.67
67,1000,5,"Clayton",2000,-2,"0.25(log(n))^2",0.69
68,1000,5,"Clayton",2000,-2,"0.25(log(n))^2",0.91
69,1000,5,"Clayton",2000,-2,"0.25(log(n))^2",0.7
70,1000,5,"Clayton",2000,-2,"0.25(log(n))^2",0.99
71,1000,5,"Clayton",2000,-2,"0.25(log(n))^2",0.83
72,1000,5,"Clayton",2000,-2,"0.25(log(n))^2",0.99
73,1000,5,"Clayton",2000,-2,"0.25(log(n))^2",0.35
74,1000,5,"Clayton",2000,-2,"0.25(log(n))^2",0.3
75,1000,5,"Clayton",2000,-2,"0.25(log(n))^2",0.9
76,1000,5,"Clayton",2000,-2,"0.25(log(n))^2",0.88
77,1000,5,"Clayton",2000,-2,"0.25(log(n))^2",0.78
78,1000,5,"Clayton",2000,-2,"0.25(log(n))^2",0.23
79,1000,5,"Clayton",2000,-2,"0.25(log(n))^2",0.48
80,1000,5,"Clayton",2000,-2,"0.25(log(n))^2",0.36
81,1000,5,"Clayton",2000,-2,"0.25(log(n))^2",0.5
82,1000,5,"Clayton",2000,-2,"0.25(log(n))^2",0.23
83,1000,5,"Clayton",2000,-2,"0.25(log(n))^2",1
84,1000,5,"Clayton",2000,-2,"0.25(log(n))^2",0.71
85,1000,5,"Clayton",2000,-2,"0.25(log(n))^2",0.35
86,1000,5,"Clayton",2000,-2,"0.25(log(n))^2",0.65
87,1000,5,"Clayton",2000,-2,"0.25(log(n))^2",0.48
88,1000,5,"Clayton",2000,-2,"0.25(log(n))^2",0.65
89,1000,5,"Clayton",2000,-2,"0.25(log(n))^2",0.44
90,1000,5,"Clayton",2000,-2,"0.25(log(n))^2",0.16
91,1000,5,"Clayton",2000,-2,"0.25(log(n))^2",0.35
92,1000,5,"Clayton",2000,-2,"0.25(log(n))^2",0.84
93,1000,5,"Clayton",2000,-2,"0.25(log(n))^2",0.54
94,1000,5,"Clayton",2000,-2,"0.25(log(n))^2",0.78
95,1000,5,"Clayton",2000,-2,"0.25(log(n))^2",0.13
96,1000,5,"Clayton",2000,-2,"0.25(log(n))^2",0.59
97,1000,5,"Clayton",2000,-2,"0.25(log(n))^2",0.93
98,1000,5,"Clayton",2000,-2,"0.25(log(n))^2",0.32
99,1000,5,"Clayton",2000,-2,"0.25(log(n))^2",0.04
100,1000,5,"Clayton",2000,-2,"0.25(log(n))^2",0.98
101,1000,5,"Clayton",2000,-2,"0.25(log(n))^2",0.96
102,1000,5,"Clayton",2000,-2,"0.25(log(n))^2",0.97
103,1000,5,"Clayton",2000,-2,"0.25(log(n))^2",0.65
104,1000,5,"Clayton",2000,-2,"0.25(log(n))^2",0.59
105,1000,5,"Clayton",2000,-2,"0.25(log(n))^2",0.95
106,1000,5,"Clayton",2000,-2,"0.25(log(n))^2",0.36
107,1000,5,"Clayton",2000,-2,"0.25(log(n))^2",0.57
108,1000,5,"Clayton",2000,-2,"0.25(log(n))^2",0.93
109,1000,5,"Clayton",2000,-2,"0.25(log(n))^2",0.42
110,1000,5,"Clayton",2000,-2,"0.25(log(n))^2",0.82
111,1000,5,"Clayton",2000,-2,"0.25(log(n))^2",0.36
112,1000,5,"Clayton",2000,-2,"0.25(log(n))^2",0.92
113,1000,5,"Clayton",2000,-2,"0.25(log(n))^2",0.62
114,1000,5,"Clayton",2000,-2,"0.25(log(n))^2",0.52
115,1000,5,"Clayton",2000,-2,"0.25(log(n))^2",0.95
116,1000,5,"Clayton",2000,-2,"0.25(log(n))^2",0.36
117,1000,5,"Clayton",2000,-2,"0.25(log(n))^2",0.88
118,1000,5,"Clayton",2000,-2,"0.25(log(n))^2",0.87
119,1000,5,"Clayton",2000,-2,"0.25(log(n))^2",0.55
120,1000,5,"Clayton",2000,-2,"0.25(log(n))^2",0.97
121,1000,5,"Clayton",2000,-2,"0.25(log(n))^2",0.26
122,1000,5,"Clayton",2000,-2,"0.25(log(n))^2",0.53
123,1000,5,"Clayton",2000,-2,"0.25(log(n))^2",0.29
124,1000,5,"Clayton",2000,-2,"0.25(log(n))^2",0.59
125,1000,5,"Clayton",2000,-2,"0.25(log(n))^2",0.74
126,1000,5,"Clayton",2000,-2,"0.25(log(n))^2",0.13
127,1000,5,"Clayton",2000,-2,"0.25(log(n))^2",0.19
128,1000,5,"Clayton",2000,-2,"0.25(log(n))^2",0.33
129,1000,5,"Clayton",2000,-2,"0.25(log(n))^2",0.3
130,1000,5,"Clayton",2000,-2,"0.25(log(n))^2",0.11
131,1000,5,"Clayton",2000,-2,"0.25(log(n))^2",0.67
132,1000,5,"Clayton",2000,-2,"0.25(log(n))^2",0.74
133,1000,5,"Clayton",2000,-2,"0.25(log(n))^2",0.18
134,1000,5,"Clayton",2000,-2,"0.25(log(n))^2",0.4
135,1000,5,"Clayton",2000,-2,"0.25(log(n))^2",0.82
136,1000,5,"Clayton",2000,-2,"0.25(log(n))^2",0.61
137,1000,5,"Clayton",2000,-2,"0.25(log(n))^2",0.82
138,1000,5,"Clayton",2000,-2,"0.25(log(n))^2",0.63
139,1000,5,"Clayton",2000,-2,"0.25(log(n))^2",0.36
140,1000,5,"Clayton",2000,-2,"0.25(log(n))^2",0.48
141,1000,5,"Clayton",2000,-2,"0.25(log(n))^2",0.4
142,1000,5,"Clayton",2000,-2,"0.25(log(n))^2",0.43
143,1000,5,"Clayton",2000,-2,"0.25(log(n))^2",0.43
144,1000,5,"Clayton",2000,-2,"0.25(log(n))^2",0.88
145,1000,5,"Clayton",2000,-2,"0.25(log(n))^2",0.9
146,1000,5,"Clayton",2000,-2,"0.25(log(n))^2",0.83
147,1000,5,"Clayton",2000,-2,"0.25(log(n))^2",0.49
148,1000,5,"Clayton",2000,-2,"0.25(log(n))^2",0.35
149,1000,5,"Clayton",2000,-2,"0.25(log(n))^2",0.39
150,1000,5,"Clayton",2000,-2,"0.25(log(n))^2",0.54
151,1000,5,"Clayton",2000,-2,"0.25(log(n))^2",0.92
152,1000,5,"Clayton",2000,-2,"0.25(log(n))^2",0.63
153,1000,5,"Clayton",2000,-2,"0.25(log(n))^2",0.75
154,1000,5,"Clayton",2000,-2,"0.25(log(n))^2",0.17
155,1000,5,"Clayton",2000,-2,"0.25(log(n))^2",0.82
156,1000,5,"Clayton",2000,-2,"0.25(log(n))^2",0.6
157,1000,5,"Clayton",2000,-2,"0.25(log(n))^2",1
158,1000,5,"Clayton",2000,-2,"0.25(log(n))^2",0.52
159,1000,5,"Clayton",2000,-2,"0.25(log(n))^2",0.6
160,1000,5,"Clayton",2000,-2,"0.25(log(n))^2",0.82
161,1000,5,"Clayton",2000,-2,"0.25(log(n))^2",0.94
162,1000,5,"Clayton",2000,-2,"0.25(log(n))^2",0.45
163,1000,5,"Clayton",2000,-2,"0.25(log(n))^2",0.42
164,1000,5,"Clayton",2000,-2,"0.25(log(n))^2",0.65
165,1000,5,"Clayton",2000,-2,"0.25(log(n))^2",0.62
166,1000,5,"Clayton",2000,-2,"0.25(log(n))^2",0.52
167,1000,5,"Clayton",2000,-2,"0.25(log(n))^2",0.86
168,1000,5,"Clayton",2000,-2,"0.25(log(n))^2",0.97
169,1000,5,"Clayton",2000,-2,"0.25(log(n))^2",0.83
170,1000,5,"Clayton",2000,-2,"0.25(log(n))^2",0.98
171,1000,5,"Clayton",2000,-2,"0.25(log(n))^2",0.94
172,1000,5,"Clayton",2000,-2,"0.25(log(n))^2",0.86
173,1000,5,"Clayton",2000,-2,"0.25(log(n))^2",0.7
174,1000,5,"Clayton",2000,-2,"0.25(log(n))^2",0.8
175,1000,5,"Clayton",2000,-2,"0.25(log(n))^2",0.29
176,1000,5,"Clayton",2000,-2,"0.25(log(n))^2",0.77
177,1000,5,"Clayton",2000,-2,"0.25(log(n))^2",0.87
178,1000,5,"Clayton",2000,-2,"0.25(log(n))^2",0.94
179,1000,5,"Clayton",2000,-2,"0.25(log(n))^2",0.63
180,1000,5,"Clayton",2000,-2,"0.25(log(n))^2",0.71
181,1000,5,"Clayton",2000,-2,"0.25(log(n))^2",0.79
182,1000,5,"Clayton",2000,-2,"0.25(log(n))^2",0.14
183,1000,5,"Clayton",2000,-2,"0.25(log(n))^2",0.5
184,1000,5,"Clayton",2000,-2,"0.25(log(n))^2",0.38
185,1000,5,"Clayton",2000,-2,"0.25(log(n))^2",0.4
186,1000,5,"Clayton",2000,-2,"0.25(log(n))^2",0.98
187,1000,5,"Clayton",2000,-2,"0.25(log(n))^2",0.53
188,1000,5,"Clayton",2000,-2,"0.25(log(n))^2",0.42
189,1000,5,"Clayton",2000,-2,"0.25(log(n))^2",0.55
190,1000,5,"Clayton",2000,-2,"0.25(log(n))^2",0.94
191,1000,5,"Clayton",2000,-2,"0.25(log(n))^2",0.51
192,1000,5,"Clayton",2000,-2,"0.25(log(n))^2",0.63
193,1000,5,"Clayton",2000,-2,"0.25(log(n))^2",0.57
194,1000,5,"Clayton",2000,-2,"0.25(log(n))^2",0.98
195,1000,5,"Clayton",2000,-2,"0.25(log(n))^2",0.71
196,1000,5,"Clayton",2000,-2,"0.25(log(n))^2",0.93
197,1000,5,"Clayton",2000,-2,"0.25(log(n))^2",0.69
198,1000,5,"Clayton",2000,-2,"0.25(log(n))^2",0.2
199,1000,5,"Clayton",2000,-2,"0.25(log(n))^2",0.75
200,1000,5,"Clayton",2000,-2,"0.25(log(n))^2",0.55
201,1000,5,"Clayton",2000,-2,"0.25(log(n))^2",0.66
202,1000,5,"Clayton",2000,-2,"0.25(log(n))^2",0.4
203,1000,5,"Clayton",2000,-2,"0.25(log(n))^2",0.79
204,1000,5,"Clayton",2000,-2,"0.25(log(n))^2",0.88
205,1000,5,"Clayton",2000,-2,"0.25(log(n))^2",0.76
206,1000,5,"Clayton",2000,-2,"0.25(log(n))^2",0.99
207,1000,5,"Clayton",2000,-2,"0.25(log(n))^2",0.48
208,1000,5,"Clayton",2000,-2,"0.25(log(n))^2",0.93
209,1000,5,"Clayton",2000,-2,"0.25(log(n))^2",0.8
210,1000,5,"Clayton",2000,-2,"0.25(log(n))^2",0.35
211,1000,5,"Clayton",2000,-2,"0.25(log(n))^2",0.73
212,1000,5,"Clayton",2000,-2,"0.25(log(n))^2",0.2
213,1000,5,"Clayton",2000,-2,"0.25(log(n))^2",0.72
214,1000,5,"Clayton",2000,-2,"0.25(log(n))^2",0.85
215,1000,5,"Clayton",2000,-2,"0.25(log(n))^2",0.19
216,1000,5,"Clayton",2000,-2,"0.25(log(n))^2",0.89
217,1000,5,"Clayton",2000,-2,"0.25(log(n))^2",0.74
218,1000,5,"Clayton",2000,-2,"0.25(log(n))^2",0.18
219,1000,5,"Clayton",2000,-2,"0.25(log(n))^2",0.75
220,1000,5,"Clayton",2000,-2,"0.25(log(n))^2",0.71
221,1000,5,"Clayton",2000,-2,"0.25(log(n))^2",0.24
222,1000,5,"Clayton",2000,-2,"0.25(log(n))^2",0.65
223,1000,5,"Clayton",2000,-2,"0.25(log(n))^2",0.32
224,1000,5,"Clayton",2000,-2,"0.25(log(n))^2",1
225,1000,5,"Clayton",2000,-2,"0.25(log(n))^2",0.78
226,1000,5,"Clayton",2000,-2,"0.25(log(n))^2",0.83
227,1000,5,"Clayton",2000,-2,"0.25(log(n))^2",0.57
228,1000,5,"Clayton",2000,-2,"0.25(log(n))^2",0.37
229,1000,5,"Clayton",2000,-2,"0.25(log(n))^2",0.75
230,1000,5,"Clayton",2000,-2,"0.25(log(n))^2",0.37
231,1000,5,"Clayton",2000,-2,"0.25(log(n))^2",0.07
232,1000,5,"Clayton",2000,-2,"0.25(log(n))^2",0.61
233,1000,5,"Clayton",2000,-2,"0.25(log(n))^2",0.81
234,1000,5,"Clayton",2000,-2,"0.25(log(n))^2",0.67
235,1000,5,"Clayton",2000,-2,"0.25(log(n))^2",0.36
236,1000,5,"Clayton",2000,-2,"0.25(log(n))^2",0.89
237,1000,5,"Clayton",2000,-2,"0.25(log(n))^2",0.59
238,1000,5,"Clayton",2000,-2,"0.25(log(n))^2",0.95
239,1000,5,"Clayton",2000,-2,"0.25(log(n))^2",0.94
240,1000,5,"Clayton",2000,-2,"0.25(log(n))^2",0.57
241,1000,5,"Clayton",2000,-2,"0.25(log(n))^2",0.62
242,1000,5,"Clayton",2000,-2,"0.25(log(n))^2",0.66
243,1000,5,"Clayton",2000,-2,"0.25(log(n))^2",0.67
244,1000,5,"Clayton",2000,-2,"0.25(log(n))^2",0.51
245,1000,5,"Clayton",2000,-2,"0.25(log(n))^2",0.94
246,1000,5,"Clayton",2000,-2,"0.25(log(n))^2",0.7
247,1000,5,"Clayton",2000,-2,"0.25(log(n))^2",0.48
248,1000,5,"Clayton",2000,-2,"0.25(log(n))^2",0.56
249,1000,5,"Clayton",2000,-2,"0.25(log(n))^2",0.83
250,1000,5,"Clayton",2000,-2,"0.25(log(n))^2",0.51
251,1000,5,"Clayton",2000,-2,"0.25(log(n))^2",0.76
252,1000,5,"Clayton",2000,-2,"0.25(log(n))^2",0.99
253,1000,5,"Clayton",2000,-2,"0.25(log(n))^2",0.38
254,1000,5,"Clayton",2000,-2,"0.25(log(n))^2",0.38
255,1000,5,"Clayton",2000,-2,"0.25(log(n))^2",0.56
256,1000,5,"Clayton",2000,-2,"0.25(log(n))^2",0.32
257,1000,5,"Clayton",2000,-2,"0.25(log(n))^2",0.88
258,1000,5,"Clayton",2000,-2,"0.25(log(n))^2",0.62
259,1000,5,"Clayton",2000,-2,"0.25(log(n))^2",0.57
260,1000,5,"Clayton",2000,-2,"0.25(log(n))^2",0.8
261,1000,5,"Clayton",2000,-2,"0.25(log(n))^2",0.76
262,1000,5,"Clayton",2000,-2,"0.25(log(n))^2",0.67
263,1000,5,"Clayton",2000,-2,"0.25(log(n))^2",0.94
264,1000,5,"Clayton",2000,-2,"0.25(log(n))^2",0.76
265,1000,5,"Clayton",2000,-2,"0.25(log(n))^2",0.71
266,1000,5,"Clayton",2000,-2,"0.25(log(n))^2",0.58
267,1000,5,"Clayton",2000,-2,"0.25(log(n))^2",0.71
268,1000,5,"Clayton",2000,-2,"0.25(log(n))^2",0.7
269,1000,5,"Clayton",2000,-2,"0.25(log(n))^2",0.95
270,1000,5,"Clayton",2000,-2,"0.25(log(n))^2",0.79
271,1000,5,"Clayton",2000,-2,"0.25(log(n))^2",0.66
272,1000,5,"Clayton",2000,-2,"0.25(log(n))^2",0.59
273,1000,5,"Clayton",2000,-2,"0.25(log(n))^2",0.79
274,1000,5,"Clayton",2000,-2,"0.25(log(n))^2",0.68
275,1000,5,"Clayton",2000,-2,"0.25(log(n))^2",0.59
276,1000,5,"Clayton",2000,-2,"0.25(log(n))^2",0.69
277,1000,5,"Clayton",2000,-2,"0.25(log(n))^2",0.58
278,1000,5,"Clayton",2000,-2,"0.25(log(n))^2",0.93
279,1000,5,"Clayton",2000,-2,"0.25(log(n))^2",0.75
280,1000,5,"Clayton",2000,-2,"0.25(log(n))^2",0.38
281,1000,5,"Clayton",2000,-2,"0.25(log(n))^2",0.98
282,1000,5,"Clayton",2000,-2,"0.25(log(n))^2",0.98
283,1000,5,"Clayton",2000,-2,"0.25(log(n))^2",0.4
284,1000,5,"Clayton",2000,-2,"0.25(log(n))^2",0.75
285,1000,5,"Clayton",2000,-2,"0.25(log(n))^2",0.29
286,1000,5,"Clayton",2000,-2,"0.25(log(n))^2",0.23
287,1000,5,"Clayton",2000,-2,"0.25(log(n))^2",0.49
288,1000,5,"Clayton",2000,-2,"0.25(log(n))^2",1
289,1000,5,"Clayton",2000,-2,"0.25(log(n))^2",0.87
290,1000,5,"Clayton",2000,-2,"0.25(log(n))^2",0.98
291,1000,5,"Clayton",2000,-2,"0.25(log(n))^2",0.41
292,1000,5,"Clayton",2000,-2,"0.25(log(n))^2",0.37
293,1000,5,"Clayton",2000,-2,"0.25(log(n))^2",0.89
294,1000,5,"Clayton",2000,-2,"0.25(log(n))^2",0.97
295,1000,5,"Clayton",2000,-2,"0.25(log(n))^2",0.74
296,1000,5,"Clayton",2000,-2,"0.25(log(n))^2",0.55
297,1000,5,"Clayton",2000,-2,"0.25(log(n))^2",0.9
298,1000,5,"Clayton",2000,-2,"0.25(log(n))^2",0.56
299,1000,5,"Clayton",2000,-2,"0.25(log(n))^2",0.75
300,1000,5,"Clayton",2000,-2,"0.25(log(n))^2",0.56
301,1000,5,"Clayton",2000,-2,"0.25(log(n))^2",0.45
302,1000,5,"Clayton",2000,-2,"0.25(log(n))^2",0.63
303,1000,5,"Clayton",2000,-2,"0.25(log(n))^2",0.86
304,1000,5,"Clayton",2000,-2,"0.25(log(n))^2",0.77
305,1000,5,"Clayton",2000,-2,"0.25(log(n))^2",0.41
306,1000,5,"Clayton",2000,-2,"0.25(log(n))^2",0.43
307,1000,5,"Clayton",2000,-2,"0.25(log(n))^2",0.5
308,1000,5,"Clayton",2000,-2,"0.25(log(n))^2",0.67
309,1000,5,"Clayton",2000,-2,"0.25(log(n))^2",0.22
310,1000,5,"Clayton",2000,-2,"0.25(log(n))^2",0.52
311,1000,5,"Clayton",2000,-2,"0.25(log(n))^2",0.19
312,1000,5,"Clayton",2000,-2,"0.25(log(n))^2",0.4
313,1000,5,"Clayton",2000,-2,"0.25(log(n))^2",0.44
314,1000,5,"Clayton",2000,-2,"0.25(log(n))^2",0.55
315,1000,5,"Clayton",2000,-2,"0.25(log(n))^2",0.54
316,1000,5,"Clayton",2000,-2,"0.25(log(n))^2",0.68
317,1000,5,"Clayton",2000,-2,"0.25(log(n))^2",0.47
318,1000,5,"Clayton",2000,-2,"0.25(log(n))^2",0.45
319,1000,5,"Clayton",2000,-2,"0.25(log(n))^2",0.97
320,1000,5,"Clayton",2000,-2,"0.25(log(n))^2",1
321,1000,5,"Clayton",2000,-2,"0.25(log(n))^2",0.15
322,1000,5,"Clayton",2000,-2,"0.25(log(n))^2",0.1
323,1000,5,"Clayton",2000,-2,"0.25(log(n))^2",0.37
324,1000,5,"Clayton",2000,-2,"0.25(log(n))^2",0.49
325,1000,5,"Clayton",2000,-2,"0.25(log(n))^2",0.24
326,1000,5,"Clayton",2000,-2,"0.25(log(n))^2",0.41
327,1000,5,"Clayton",2000,-2,"0.25(log(n))^2",0.59
328,1000,5,"Clayton",2000,-2,"0.25(log(n))^2",0.64
329,1000,5,"Clayton",2000,-2,"0.25(log(n))^2",0.75
330,1000,5,"Clayton",2000,-2,"0.25(log(n))^2",0.43
331,1000,5,"Clayton",2000,-2,"0.25(log(n))^2",0.41
332,1000,5,"Clayton",2000,-2,"0.25(log(n))^2",0.26
333,1000,5,"Clayton",2000,-2,"0.25(log(n))^2",0.96
334,1000,5,"Clayton",2000,-2,"0.25(log(n))^2",0.75
335,1000,5,"Clayton",2000,-2,"0.25(log(n))^2",0.81
336,1000,5,"Clayton",2000,-2,"0.25(log(n))^2",0.98
337,1000,5,"Clayton",2000,-2,"0.25(log(n))^2",0.76
338,1000,5,"Clayton",2000,-2,"0.25(log(n))^2",0.13
339,1000,5,"Clayton",2000,-2,"0.25(log(n))^2",0.91
340,1000,5,"Clayton",2000,-2,"0.25(log(n))^2",0.56
341,1000,5,"Clayton",2000,-2,"0.25(log(n))^2",0.31
342,1000,5,"Clayton",2000,-2,"0.25(log(n))^2",0.33
343,1000,5,"Clayton",2000,-2,"0.25(log(n))^2",0.77
344,1000,5,"Clayton",2000,-2,"0.25(log(n))^2",0.83
345,1000,5,"Clayton",2000,-2,"0.25(log(n))^2",0.64
346,1000,5,"Clayton",2000,-2,"0.25(log(n))^2",0.51
347,1000,5,"Clayton",2000,-2,"0.25(log(n))^2",0.6
348,1000,5,"Clayton",2000,-2,"0.25(log(n))^2",0.47
349,1000,5,"Clayton",2000,-2,"0.25(log(n))^2",1
350,1000,5,"Clayton",2000,-2,"0.25(log(n))^2",0.71
351,1000,5,"Clayton",2000,-2,"0.25(log(n))^2",0.46
352,1000,5,"Clayton",2000,-2,"0.25(log(n))^2",0.66
353,1000,5,"Clayton",2000,-2,"0.25(log(n))^2",0.66
354,1000,5,"Clayton",2000,-2,"0.25(log(n))^2",0.93
355,1000,5,"Clayton",2000,-2,"0.25(log(n))^2",0.49
356,1000,5,"Clayton",2000,-2,"0.25(log(n))^2",0.87
357,1000,5,"Clayton",2000,-2,"0.25(log(n))^2",0.53
358,1000,5,"Clayton",2000,-2,"0.25(log(n))^2",0.92
359,1000,5,"Clayton",2000,-2,"0.25(log(n))^2",0.22
360,1000,5,"Clayton",2000,-2,"0.25(log(n))^2",0.94
361,1000,5,"Clayton",2000,-2,"0.25(log(n))^2",0.9
362,1000,5,"Clayton",2000,-2,"0.25(log(n))^2",0.84
363,1000,5,"Clayton",2000,-2,"0.25(log(n))^2",0.43
364,1000,5,"Clayton",2000,-2,"0.25(log(n))^2",0.9
365,1000,5,"Clayton",2000,-2,"0.25(log(n))^2",0.6
366,1000,5,"Clayton",2000,-2,"0.25(log(n))^2",0.89
367,1000,5,"Clayton",2000,-2,"0.25(log(n))^2",0.75
368,1000,5,"Clayton",2000,-2,"0.25(log(n))^2",0.8
369,1000,5,"Clayton",2000,-2,"0.25(log(n))^2",0.18
370,1000,5,"Clayton",2000,-2,"0.25(log(n))^2",0.04
371,1000,5,"Clayton",2000,-2,"0.25(log(n))^2",0.42
372,1000,5,"Clayton",2000,-2,"0.25(log(n))^2",0.45
373,1000,5,"Clayton",2000,-2,"0.25(log(n))^2",0.26
374,1000,5,"Clayton",2000,-2,"0.25(log(n))^2",0.65
375,1000,5,"Clayton",2000,-2,"0.25(log(n))^2",0.22
376,1000,5,"Clayton",2000,-2,"0.25(log(n))^2",0.45
377,1000,5,"Clayton",2000,-2,"0.25(log(n))^2",0.2
378,1000,5,"Clayton",2000,-2,"0.25(log(n))^2",0.84
379,1000,5,"Clayton",2000,-2,"0.25(log(n))^2",0.63
380,1000,5,"Clayton",2000,-2,"0.25(log(n))^2",0.71
381,1000,5,"Clayton",2000,-2,"0.25(log(n))^2",0.71
382,1000,5,"Clayton",2000,-2,"0.25(log(n))^2",0.61
383,1000,5,"Clayton",2000,-2,"0.25(log(n))^2",0.59
384,1000,5,"Clayton",2000,-2,"0.25(log(n))^2",0.58
385,1000,5,"Clayton",2000,-2,"0.25(log(n))^2",0.69
386,1000,5,"Clayton",2000,-2,"0.25(log(n))^2",0.65
387,1000,5,"Clayton",2000,-2,"0.25(log(n))^2",0.92
388,1000,5,"Clayton",2000,-2,"0.25(log(n))^2",0.63
389,1000,5,"Clayton",2000,-2,"0.25(log(n))^2",0.51
390,1000,5,"Clayton",2000,-2,"0.25(log(n))^2",0.16
391,1000,5,"Clayton",2000,-2,"0.25(log(n))^2",0.91
392,1000,5,"Clayton",2000,-2,"0.25(log(n))^2",0.62
393,1000,5,"Clayton",2000,-2,"0.25(log(n))^2",0.93
394,1000,5,"Clayton",2000,-2,"0.25(log(n))^2",1
395,1000,5,"Clayton",2000,-2,"0.25(log(n))^2",0.12
396,1000,5,"Clayton",2000,-2,"0.25(log(n))^2",0.41
397,1000,5,"Clayton",2000,-2,"0.25(log(n))^2",0.38
398,1000,5,"Clayton",2000,-2,"0.25(log(n))^2",0.14
399,1000,5,"Clayton",2000,-2,"0.25(log(n))^2",0.9
400,1000,5,"Clayton",2000,-2,"0.25(log(n))^2",0.91
401,1000,5,"Clayton",2000,-2,"0.25(log(n))^2",0.63
402,1000,5,"Clayton",2000,-2,"0.25(log(n))^2",0.87
403,1000,5,"Clayton",2000,-2,"0.25(log(n))^2",0.53
404,1000,5,"Clayton",2000,-2,"0.25(log(n))^2",0.5
405,1000,5,"Clayton",2000,-2,"0.25(log(n))^2",0.8
406,1000,5,"Clayton",2000,-2,"0.25(log(n))^2",0.73
407,1000,5,"Clayton",2000,-2,"0.25(log(n))^2",0.52
408,1000,5,"Clayton",2000,-2,"0.25(log(n))^2",0.99
409,1000,5,"Clayton",2000,-2,"0.25(log(n))^2",0.39
410,1000,5,"Clayton",2000,-2,"0.25(log(n))^2",0.48
411,1000,5,"Clayton",2000,-2,"0.25(log(n))^2",0.72
412,1000,5,"Clayton",2000,-2,"0.25(log(n))^2",0.91
413,1000,5,"Clayton",2000,-2,"0.25(log(n))^2",0.16
414,1000,5,"Clayton",2000,-2,"0.25(log(n))^2",0.95
415,1000,5,"Clayton",2000,-2,"0.25(log(n))^2",0.63
416,1000,5,"Clayton",2000,-2,"0.25(log(n))^2",0.89
417,1000,5,"Clayton",2000,-2,"0.25(log(n))^2",0.73
418,1000,5,"Clayton",2000,-2,"0.25(log(n))^2",0.69
419,1000,5,"Clayton",2000,-2,"0.25(log(n))^2",0.72
420,1000,5,"Clayton",2000,-2,"0.25(log(n))^2",0.61
421,1000,5,"Clayton",2000,-2,"0.25(log(n))^2",0.97
422,1000,5,"Clayton",2000,-2,"0.25(log(n))^2",0.65
423,1000,5,"Clayton",2000,-2,"0.25(log(n))^2",0.88
424,1000,5,"Clayton",2000,-2,"0.25(log(n))^2",0.19
425,1000,5,"Clayton",2000,-2,"0.25(log(n))^2",0.55
426,1000,5,"Clayton",2000,-2,"0.25(log(n))^2",0.65
427,1000,5,"Clayton",2000,-2,"0.25(log(n))^2",0.53
428,1000,5,"Clayton",2000,-2,"0.25(log(n))^2",0.12
429,1000,5,"Clayton",2000,-2,"0.25(log(n))^2",0.97
430,1000,5,"Clayton",2000,-2,"0.25(log(n))^2",0.74
431,1000,5,"Clayton",2000,-2,"0.25(log(n))^2",0.72
432,1000,5,"Clayton",2000,-2,"0.25(log(n))^2",0.52
433,1000,5,"Clayton",2000,-2,"0.25(log(n))^2",0.73
434,1000,5,"Clayton",2000,-2,"0.25(log(n))^2",0.33
435,1000,5,"Clayton",2000,-2,"0.25(log(n))^2",0.68
436,1000,5,"Clayton",2000,-2,"0.25(log(n))^2",0.69
437,1000,5,"Clayton",2000,-2,"0.25(log(n))^2",0.96
438,1000,5,"Clayton",2000,-2,"0.25(log(n))^2",0.98
439,1000,5,"Clayton",2000,-2,"0.25(log(n))^2",0.93
440,1000,5,"Clayton",2000,-2,"0.25(log(n))^2",0.67
441,1000,5,"Clayton",2000,-2,"0.25(log(n))^2",0.57
442,1000,5,"Clayton",2000,-2,"0.25(log(n))^2",0.45
443,1000,5,"Clayton",2000,-2,"0.25(log(n))^2",0.97
444,1000,5,"Clayton",2000,-2,"0.25(log(n))^2",0.68
445,1000,5,"Clayton",2000,-2,"0.25(log(n))^2",0.72
446,1000,5,"Clayton",2000,-2,"0.25(log(n))^2",0.22
447,1000,5,"Clayton",2000,-2,"0.25(log(n))^2",0.7
448,1000,5,"Clayton",2000,-2,"0.25(log(n))^2",0.13
449,1000,5,"Clayton",2000,-2,"0.25(log(n))^2",0.64
450,1000,5,"Clayton",2000,-2,"0.25(log(n))^2",0.94
451,1000,5,"Clayton",2000,-2,"0.25(log(n))^2",0.38
452,1000,5,"Clayton",2000,-2,"0.25(log(n))^2",0.65
453,1000,5,"Clayton",2000,-2,"0.25(log(n))^2",0.35
454,1000,5,"Clayton",2000,-2,"0.25(log(n))^2",0.68
455,1000,5,"Clayton",2000,-2,"0.25(log(n))^2",0.88
456,1000,5,"Clayton",2000,-2,"0.25(log(n))^2",0.36
457,1000,5,"Clayton",2000,-2,"0.25(log(n))^2",0.95
458,1000,5,"Clayton",2000,-2,"0.25(log(n))^2",0.96
459,1000,5,"Clayton",2000,-2,"0.25(log(n))^2",0.06
460,1000,5,"Clayton",2000,-2,"0.25(log(n))^2",0.18
461,1000,5,"Clayton",2000,-2,"0.25(log(n))^2",0.82
462,1000,5,"Clayton",2000,-2,"0.25(log(n))^2",0.53
463,1000,5,"Clayton",2000,-2,"0.25(log(n))^2",0.89
464,1000,5,"Clayton",2000,-2,"0.25(log(n))^2",0.68
465,1000,5,"Clayton",2000,-2,"0.25(log(n))^2",0.69
466,1000,5,"Clayton",2000,-2,"0.25(log(n))^2",0.63
467,1000,5,"Clayton",2000,-2,"0.25(log(n))^2",0.07
468,1000,5,"Clayton",2000,-2,"0.25(log(n))^2",0.76
469,1000,5,"Clayton",2000,-2,"0.25(log(n))^2",0.61
470,1000,5,"Clayton",2000,-2,"0.25(log(n))^2",0.96
471,1000,5,"Clayton",2000,-2,"0.25(log(n))^2",0.79
472,1000,5,"Clayton",2000,-2,"0.25(log(n))^2",0.88
473,1000,5,"Clayton",2000,-2,"0.25(log(n))^2",0.6
474,1000,5,"Clayton",2000,-2,"0.25(log(n))^2",0.33
475,1000,5,"Clayton",2000,-2,"0.25(log(n))^2",0.66
476,1000,5,"Clayton",2000,-2,"0.25(log(n))^2",0.71
477,1000,5,"Clayton",2000,-2,"0.25(log(n))^2",0.8
478,1000,5,"Clayton",2000,-2,"0.25(log(n))^2",0.93
479,1000,5,"Clayton",2000,-2,"0.25(log(n))^2",0.64
480,1000,5,"Clayton",2000,-2,"0.25(log(n))^2",0.2
481,1000,5,"Clayton",2000,-2,"0.25(log(n))^2",0.11
482,1000,5,"Clayton",2000,-2,"0.25(log(n))^2",0.46
483,1000,5,"Clayton",2000,-2,"0.25(log(n))^2",0.65
484,1000,5,"Clayton",2000,-2,"0.25(log(n))^2",0.49
485,1000,5,"Clayton",2000,-2,"0.25(log(n))^2",0.81
486,1000,5,"Clayton",2000,-2,"0.25(log(n))^2",0.43
487,1000,5,"Clayton",2000,-2,"0.25(log(n))^2",1
488,1000,5,"Clayton",2000,-2,"0.25(log(n))^2",0.73
489,1000,5,"Clayton",2000,-2,"0.25(log(n))^2",0.46
490,1000,5,"Clayton",2000,-2,"0.25(log(n))^2",0.91
491,1000,5,"Clayton",2000,-2,"0.25(log(n))^2",0.87
492,1000,5,"Clayton",2000,-2,"0.25(log(n))^2",0.92
493,1000,5,"Clayton",2000,-2,"0.25(log(n))^2",0.65
494,1000,5,"Clayton",2000,-2,"0.25(log(n))^2",0.68
495,1000,5,"Clayton",2000,-2,"0.25(log(n))^2",0.71
496,1000,5,"Clayton",2000,-2,"0.25(log(n))^2",0.26
497,1000,5,"Clayton",2000,-2,"0.25(log(n))^2",0.57
498,1000,5,"Clayton",2000,-2,"0.25(log(n))^2",0.55
499,1000,5,"Clayton",2000,-2,"0.25(log(n))^2",0.99
500,1000,5,"Clayton",2000,-2,"0.25(log(n))^2",0.96
501,1000,5,"Clayton",2000,-2,"0.25(log(n))^2",0.36
502,1000,5,"Clayton",2000,-2,"0.25(log(n))^2",0.66
503,1000,5,"Clayton",2000,-2,"0.25(log(n))^2",0.57
504,1000,5,"Clayton",2000,-2,"0.25(log(n))^2",0.47
505,1000,5,"Clayton",2000,-2,"0.25(log(n))^2",0.73
506,1000,5,"Clayton",2000,-2,"0.25(log(n))^2",0.69
507,1000,5,"Clayton",2000,-2,"0.25(log(n))^2",0.75
508,1000,5,"Clayton",2000,-2,"0.25(log(n))^2",0.76
509,1000,5,"Clayton",2000,-2,"0.25(log(n))^2",0.95
510,1000,5,"Clayton",2000,-2,"0.25(log(n))^2",0.95
511,1000,5,"Clayton",2000,-2,"0.25(log(n))^2",0.35
512,1000,5,"Clayton",2000,-2,"0.25(log(n))^2",0.23
513,1000,5,"Clayton",2000,-2,"0.25(log(n))^2",0.66
514,1000,5,"Clayton",2000,-2,"0.25(log(n))^2",0.83
515,1000,5,"Clayton",2000,-2,"0.25(log(n))^2",0.66
516,1000,5,"Clayton",2000,-2,"0.25(log(n))^2",0.36
517,1000,5,"Clayton",2000,-2,"0.25(log(n))^2",0.8
518,1000,5,"Clayton",2000,-2,"0.25(log(n))^2",0.61
519,1000,5,"Clayton",2000,-2,"0.25(log(n))^2",0.69
520,1000,5,"Clayton",2000,-2,"0.25(log(n))^2",0.94
521,1000,5,"Clayton",2000,-2,"0.25(log(n))^2",0.16
522,1000,5,"Clayton",2000,-2,"0.25(log(n))^2",0.6
523,1000,5,"Clayton",2000,-2,"0.25(log(n))^2",0.96
524,1000,5,"Clayton",2000,-2,"0.25(log(n))^2",0.06
525,1000,5,"Clayton",2000,-2,"0.25(log(n))^2",0.94
526,1000,5,"Clayton",2000,-2,"0.25(log(n))^2",0.46
527,1000,5,"Clayton",2000,-2,"0.25(log(n))^2",0.83
528,1000,5,"Clayton",2000,-2,"0.25(log(n))^2",0.4
529,1000,5,"Clayton",2000,-2,"0.25(log(n))^2",0.52
530,1000,5,"Clayton",2000,-2,"0.25(log(n))^2",0.35
531,1000,5,"Clayton",2000,-2,"0.25(log(n))^2",0.43
532,1000,5,"Clayton",2000,-2,"0.25(log(n))^2",0.79
533,1000,5,"Clayton",2000,-2,"0.25(log(n))^2",0.74
534,1000,5,"Clayton",2000,-2,"0.25(log(n))^2",0.84
535,1000,5,"Clayton",2000,-2,"0.25(log(n))^2",0.5
536,1000,5,"Clayton",2000,-2,"0.25(log(n))^2",0.98
537,1000,5,"Clayton",2000,-2,"0.25(log(n))^2",0.79
538,1000,5,"Clayton",2000,-2,"0.25(log(n))^2",0.87
539,1000,5,"Clayton",2000,-2,"0.25(log(n))^2",0.95
540,1000,5,"Clayton",2000,-2,"0.25(log(n))^2",0.5
541,1000,5,"Clayton",2000,-2,"0.25(log(n))^2",0.8
542,1000,5,"Clayton",2000,-2,"0.25(log(n))^2",0.62
543,1000,5,"Clayton",2000,-2,"0.25(log(n))^2",0.77
544,1000,5,"Clayton",2000,-2,"0.25(log(n))^2",0.85
545,1000,5,"Clayton",2000,-2,"0.25(log(n))^2",0.72
546,1000,5,"Clayton",2000,-2,"0.25(log(n))^2",0.79
547,1000,5,"Clayton",2000,-2,"0.25(log(n))^2",0.28
548,1000,5,"Clayton",2000,-2,"0.25(log(n))^2",0.79
549,1000,5,"Clayton",2000,-2,"0.25(log(n))^2",0.53
550,1000,5,"Clayton",2000,-2,"0.25(log(n))^2",0.48
551,1000,5,"Clayton",2000,-2,"0.25(log(n))^2",0.55
552,1000,5,"Clayton",2000,-2,"0.25(log(n))^2",0.45
553,1000,5,"Clayton",2000,-2,"0.25(log(n))^2",0.76
554,1000,5,"Clayton",2000,-2,"0.25(log(n))^2",0.98
555,1000,5,"Clayton",2000,-2,"0.25(log(n))^2",0.7
556,1000,5,"Clayton",2000,-2,"0.25(log(n))^2",0.7
557,1000,5,"Clayton",2000,-2,"0.25(log(n))^2",0.7
558,1000,5,"Clayton",2000,-2,"0.25(log(n))^2",0.26
559,1000,5,"Clayton",2000,-2,"0.25(log(n))^2",0.99
560,1000,5,"Clayton",2000,-2,"0.25(log(n))^2",0.76
561,1000,5,"Clayton",2000,-2,"0.25(log(n))^2",0.83
562,1000,5,"Clayton",2000,-2,"0.25(log(n))^2",0.95
563,1000,5,"Clayton",2000,-2,"0.25(log(n))^2",0.93
564,1000,5,"Clayton",2000,-2,"0.25(log(n))^2",0.89
565,1000,5,"Clayton",2000,-2,"0.25(log(n))^2",0.9
566,1000,5,"Clayton",2000,-2,"0.25(log(n))^2",0.47
567,1000,5,"Clayton",2000,-2,"0.25(log(n))^2",0.54
568,1000,5,"Clayton",2000,-2,"0.25(log(n))^2",0.96
569,1000,5,"Clayton",2000,-2,"0.25(log(n))^2",0.51
570,1000,5,"Clayton",2000,-2,"0.25(log(n))^2",0.2
571,1000,5,"Clayton",2000,-2,"0.25(log(n))^2",0.87
572,1000,5,"Clayton",2000,-2,"0.25(log(n))^2",0.42
573,1000,5,"Clayton",2000,-2,"0.25(log(n))^2",0.88
574,1000,5,"Clayton",2000,-2,"0.25(log(n))^2",0.39
575,1000,5,"Clayton",2000,-2,"0.25(log(n))^2",0.47
576,1000,5,"Clayton",2000,-2,"0.25(log(n))^2",0.15
577,1000,5,"Clayton",2000,-2,"0.25(log(n))^2",0.93
578,1000,5,"Clayton",2000,-2,"0.25(log(n))^2",0.61
579,1000,5,"Clayton",2000,-2,"0.25(log(n))^2",0.51
580,1000,5,"Clayton",2000,-2,"0.25(log(n))^2",0.55
581,1000,5,"Clayton",2000,-2,"0.25(log(n))^2",0.32
582,1000,5,"Clayton",2000,-2,"0.25(log(n))^2",1
583,1000,5,"Clayton",2000,-2,"0.25(log(n))^2",0.74
584,1000,5,"Clayton",2000,-2,"0.25(log(n))^2",0.98
585,1000,5,"Clayton",2000,-2,"0.25(log(n))^2",0.22
586,1000,5,"Clayton",2000,-2,"0.25(log(n))^2",0.98
587,1000,5,"Clayton",2000,-2,"0.25(log(n))^2",0.54
588,1000,5,"Clayton",2000,-2,"0.25(log(n))^2",0.82
589,1000,5,"Clayton",2000,-2,"0.25(log(n))^2",0.42
590,1000,5,"Clayton",2000,-2,"0.25(log(n))^2",0.5
591,1000,5,"Clayton",2000,-2,"0.25(log(n))^2",0.68
592,1000,5,"Clayton",2000,-2,"0.25(log(n))^2",0.76
593,1000,5,"Clayton",2000,-2,"0.25(log(n))^2",0.73
594,1000,5,"Clayton",2000,-2,"0.25(log(n))^2",0.14
595,1000,5,"Clayton",2000,-2,"0.25(log(n))^2",0.32
596,1000,5,"Clayton",2000,-2,"0.25(log(n))^2",0.34
597,1000,5,"Clayton",2000,-2,"0.25(log(n))^2",0.27
598,1000,5,"Clayton",2000,-2,"0.25(log(n))^2",0.07
599,1000,5,"Clayton",2000,-2,"0.25(log(n))^2",0.7
600,1000,5,"Clayton",2000,-2,"0.25(log(n))^2",0.96
601,1000,5,"Clayton",2000,-2,"0.25(log(n))^2",0.44
602,1000,5,"Clayton",2000,-2,"0.25(log(n))^2",0.41
603,1000,5,"Clayton",2000,-2,"0.25(log(n))^2",0.85
604,1000,5,"Clayton",2000,-2,"0.25(log(n))^2",0.71
605,1000,5,"Clayton",2000,-2,"0.25(log(n))^2",0.6
606,1000,5,"Clayton",2000,-2,"0.25(log(n))^2",0.37
607,1000,5,"Clayton",2000,-2,"0.25(log(n))^2",0.76
608,1000,5,"Clayton",2000,-2,"0.25(log(n))^2",0.19
609,1000,5,"Clayton",2000,-2,"0.25(log(n))^2",0.81
610,1000,5,"Clayton",2000,-2,"0.25(log(n))^2",0.84
611,1000,5,"Clayton",2000,-2,"0.25(log(n))^2",0.63
612,1000,5,"Clayton",2000,-2,"0.25(log(n))^2",0.89
613,1000,5,"Clayton",2000,-2,"0.25(log(n))^2",0.38
614,1000,5,"Clayton",2000,-2,"0.25(log(n))^2",0.83
615,1000,5,"Clayton",2000,-2,"0.25(log(n))^2",0.42
616,1000,5,"Clayton",2000,-2,"0.25(log(n))^2",0.31
617,1000,5,"Clayton",2000,-2,"0.25(log(n))^2",0.97
618,1000,5,"Clayton",2000,-2,"0.25(log(n))^2",0.99
619,1000,5,"Clayton",2000,-2,"0.25(log(n))^2",0.34
620,1000,5,"Clayton",2000,-2,"0.25(log(n))^2",0.19
621,1000,5,"Clayton",2000,-2,"0.25(log(n))^2",0.63
622,1000,5,"Clayton",2000,-2,"0.25(log(n))^2",0.73
623,1000,5,"Clayton",2000,-2,"0.25(log(n))^2",0.83
624,1000,5,"Clayton",2000,-2,"0.25(log(n))^2",0.75
625,1000,5,"Clayton",2000,-2,"0.25(log(n))^2",0.08
626,1000,5,"Clayton",2000,-2,"0.25(log(n))^2",0.58
627,1000,5,"Clayton",2000,-2,"0.25(log(n))^2",0.39
628,1000,5,"Clayton",2000,-2,"0.25(log(n))^2",1
629,1000,5,"Clayton",2000,-2,"0.25(log(n))^2",0.97
630,1000,5,"Clayton",2000,-2,"0.25(log(n))^2",0.92
631,1000,5,"Clayton",2000,-2,"0.25(log(n))^2",0.45
632,1000,5,"Clayton",2000,-2,"0.25(log(n))^2",0.84
633,1000,5,"Clayton",2000,-2,"0.25(log(n))^2",0.7
634,1000,5,"Clayton",2000,-2,"0.25(log(n))^2",0.82
635,1000,5,"Clayton",2000,-2,"0.25(log(n))^2",0.88
636,1000,5,"Clayton",2000,-2,"0.25(log(n))^2",0.4
637,1000,5,"Clayton",2000,-2,"0.25(log(n))^2",0.31
638,1000,5,"Clayton",2000,-2,"0.25(log(n))^2",0.9
639,1000,5,"Clayton",2000,-2,"0.25(log(n))^2",0.88
640,1000,5,"Clayton",2000,-2,"0.25(log(n))^2",0.31
641,1000,5,"Clayton",2000,-2,"0.25(log(n))^2",0.96
642,1000,5,"Clayton",2000,-2,"0.25(log(n))^2",0.55
643,1000,5,"Clayton",2000,-2,"0.25(log(n))^2",0.96
644,1000,5,"Clayton",2000,-2,"0.25(log(n))^2",0.89
645,1000,5,"Clayton",2000,-2,"0.25(log(n))^2",0.95
646,1000,5,"Clayton",2000,-2,"0.25(log(n))^2",0.91
647,1000,5,"Clayton",2000,-2,"0.25(log(n))^2",0.77
648,1000,5,"Clayton",2000,-2,"0.25(log(n))^2",0.19
649,1000,5,"Clayton",2000,-2,"0.25(log(n))^2",0.61
650,1000,5,"Clayton",2000,-2,"0.25(log(n))^2",0.28
651,1000,5,"Clayton",2000,-2,"0.25(log(n))^2",0.97
652,1000,5,"Clayton",2000,-2,"0.25(log(n))^2",0.41
653,1000,5,"Clayton",2000,-2,"0.25(log(n))^2",0.54
654,1000,5,"Clayton",2000,-2,"0.25(log(n))^2",0.16
655,1000,5,"Clayton",2000,-2,"0.25(log(n))^2",0.79
656,1000,5,"Clayton",2000,-2,"0.25(log(n))^2",0.72
657,1000,5,"Clayton",2000,-2,"0.25(log(n))^2",0.97
658,1000,5,"Clayton",2000,-2,"0.25(log(n))^2",0.95
659,1000,5,"Clayton",2000,-2,"0.25(log(n))^2",0.61
660,1000,5,"Clayton",2000,-2,"0.25(log(n))^2",0.38
661,1000,5,"Clayton",2000,-2,"0.25(log(n))^2",0.43
662,1000,5,"Clayton",2000,-2,"0.25(log(n))^2",1
663,1000,5,"Clayton",2000,-2,"0.25(log(n))^2",0.19
664,1000,5,"Clayton",2000,-2,"0.25(log(n))^2",0.62
665,1000,5,"Clayton",2000,-2,"0.25(log(n))^2",0.5
666,1000,5,"Clayton",2000,-2,"0.25(log(n))^2",0.49
667,1000,5,"Clayton",2000,-2,"0.25(log(n))^2",0.66
668,1000,5,"Clayton",2000,-2,"0.25(log(n))^2",0.48
669,1000,5,"Clayton",2000,-2,"0.25(log(n))^2",0.29
670,1000,5,"Clayton",2000,-2,"0.25(log(n))^2",0.55
671,1000,5,"Clayton",2000,-2,"0.25(log(n))^2",1
672,1000,5,"Clayton",2000,-2,"0.25(log(n))^2",0.77
673,1000,5,"Clayton",2000,-2,"0.25(log(n))^2",0.69
674,1000,5,"Clayton",2000,-2,"0.25(log(n))^2",0.76
675,1000,5,"Clayton",2000,-2,"0.25(log(n))^2",0.55
676,1000,5,"Clayton",2000,-2,"0.25(log(n))^2",0.73
677,1000,5,"Clayton",2000,-2,"0.25(log(n))^2",0.76
678,1000,5,"Clayton",2000,-2,"0.25(log(n))^2",0.81
679,1000,5,"Clayton",2000,-2,"0.25(log(n))^2",0.31
680,1000,5,"Clayton",2000,-2,"0.25(log(n))^2",0.39
681,1000,5,"Clayton",2000,-2,"0.25(log(n))^2",0.69
682,1000,5,"Clayton",2000,-2,"0.25(log(n))^2",0.83
683,1000,5,"Clayton",2000,-2,"0.25(log(n))^2",0.97
684,1000,5,"Clayton",2000,-2,"0.25(log(n))^2",1
685,1000,5,"Clayton",2000,-2,"0.25(log(n))^2",0.49
686,1000,5,"Clayton",2000,-2,"0.25(log(n))^2",0.71
687,1000,5,"Clayton",2000,-2,"0.25(log(n))^2",0.97
688,1000,5,"Clayton",2000,-2,"0.25(log(n))^2",0.91
689,1000,5,"Clayton",2000,-2,"0.25(log(n))^2",0.95
690,1000,5,"Clayton",2000,-2,"0.25(log(n))^2",0.37
691,1000,5,"Clayton",2000,-2,"0.25(log(n))^2",0.41
692,1000,5,"Clayton",2000,-2,"0.25(log(n))^2",0.94
693,1000,5,"Clayton",2000,-2,"0.25(log(n))^2",0.86
694,1000,5,"Clayton",2000,-2,"0.25(log(n))^2",0.77
695,1000,5,"Clayton",2000,-2,"0.25(log(n))^2",0.12
696,1000,5,"Clayton",2000,-2,"0.25(log(n))^2",0.9
697,1000,5,"Clayton",2000,-2,"0.25(log(n))^2",0.75
698,1000,5,"Clayton",2000,-2,"0.25(log(n))^2",0.71
699,1000,5,"Clayton",2000,-2,"0.25(log(n))^2",0.63
700,1000,5,"Clayton",2000,-2,"0.25(log(n))^2",0.33
701,1000,5,"Clayton",2000,-2,"0.25(log(n))^2",0.92
702,1000,5,"Clayton",2000,-2,"0.25(log(n))^2",0.58
703,1000,5,"Clayton",2000,-2,"0.25(log(n))^2",0.81
704,1000,5,"Clayton",2000,-2,"0.25(log(n))^2",0.38
705,1000,5,"Clayton",2000,-2,"0.25(log(n))^2",0.79
706,1000,5,"Clayton",2000,-2,"0.25(log(n))^2",0.64
707,1000,5,"Clayton",2000,-2,"0.25(log(n))^2",0.85
708,1000,5,"Clayton",2000,-2,"0.25(log(n))^2",0.2
709,1000,5,"Clayton",2000,-2,"0.25(log(n))^2",0.52
710,1000,5,"Clayton",2000,-2,"0.25(log(n))^2",0.82
711,1000,5,"Clayton",2000,-2,"0.25(log(n))^2",0.85
712,1000,5,"Clayton",2000,-2,"0.25(log(n))^2",0.4
713,1000,5,"Clayton",2000,-2,"0.25(log(n))^2",0.44
714,1000,5,"Clayton",2000,-2,"0.25(log(n))^2",0.81
715,1000,5,"Clayton",2000,-2,"0.25(log(n))^2",0.38
716,1000,5,"Clayton",2000,-2,"0.25(log(n))^2",0.63
717,1000,5,"Clayton",2000,-2,"0.25(log(n))^2",0.32
718,1000,5,"Clayton",2000,-2,"0.25(log(n))^2",0.39
719,1000,5,"Clayton",2000,-2,"0.25(log(n))^2",0.51
720,1000,5,"Clayton",2000,-2,"0.25(log(n))^2",0.31
721,1000,5,"Clayton",2000,-2,"0.25(log(n))^2",0.2
722,1000,5,"Clayton",2000,-2,"0.25(log(n))^2",0.88
723,1000,5,"Clayton",2000,-2,"0.25(log(n))^2",0.21
724,1000,5,"Clayton",2000,-2,"0.25(log(n))^2",0.88
725,1000,5,"Clayton",2000,-2,"0.25(log(n))^2",0.42
726,1000,5,"Clayton",2000,-2,"0.25(log(n))^2",0.62
727,1000,5,"Clayton",2000,-2,"0.25(log(n))^2",0.99
728,1000,5,"Clayton",2000,-2,"0.25(log(n))^2",1
729,1000,5,"Clayton",2000,-2,"0.25(log(n))^2",0.92
730,1000,5,"Clayton",2000,-2,"0.25(log(n))^2",0.17
731,1000,5,"Clayton",2000,-2,"0.25(log(n))^2",0.13
732,1000,5,"Clayton",2000,-2,"0.25(log(n))^2",0.83
733,1000,5,"Clayton",2000,-2,"0.25(log(n))^2",0.82
734,1000,5,"Clayton",2000,-2,"0.25(log(n))^2",0.43
735,1000,5,"Clayton",2000,-2,"0.25(log(n))^2",0.86
736,1000,5,"Clayton",2000,-2,"0.25(log(n))^2",0.46
737,1000,5,"Clayton",2000,-2,"0.25(log(n))^2",0.78
738,1000,5,"Clayton",2000,-2,"0.25(log(n))^2",0.94
739,1000,5,"Clayton",2000,-2,"0.25(log(n))^2",0.59
740,1000,5,"Clayton",2000,-2,"0.25(log(n))^2",0.58
741,1000,5,"Clayton",2000,-2,"0.25(log(n))^2",0.98
742,1000,5,"Clayton",2000,-2,"0.25(log(n))^2",0.84
743,1000,5,"Clayton",2000,-2,"0.25(log(n))^2",0.48
744,1000,5,"Clayton",2000,-2,"0.25(log(n))^2",0.8
745,1000,5,"Clayton",2000,-2,"0.25(log(n))^2",0.94
746,1000,5,"Clayton",2000,-2,"0.25(log(n))^2",0.63
747,1000,5,"Clayton",2000,-2,"0.25(log(n))^2",0.94
748,1000,5,"Clayton",2000,-2,"0.25(log(n))^2",0.92
749,1000,5,"Clayton",2000,-2,"0.25(log(n))^2",0.73
750,1000,5,"Clayton",2000,-2,"0.25(log(n))^2",0.73
751,1000,5,"Clayton",2000,-2,"0.25(log(n))^2",0.8
752,1000,5,"Clayton",2000,-2,"0.25(log(n))^2",0.39
753,1000,5,"Clayton",2000,-2,"0.25(log(n))^2",0.77
754,1000,5,"Clayton",2000,-2,"0.25(log(n))^2",0.67
755,1000,5,"Clayton",2000,-2,"0.25(log(n))^2",0.4
756,1000,5,"Clayton",2000,-2,"0.25(log(n))^2",0.8
757,1000,5,"Clayton",2000,-2,"0.25(log(n))^2",0.88
758,1000,5,"Clayton",2000,-2,"0.25(log(n))^2",0.49
759,1000,5,"Clayton",2000,-2,"0.25(log(n))^2",0.61
760,1000,5,"Clayton",2000,-2,"0.25(log(n))^2",0.91
761,1000,5,"Clayton",2000,-2,"0.25(log(n))^2",0.61
762,1000,5,"Clayton",2000,-2,"0.25(log(n))^2",0.91
763,1000,5,"Clayton",2000,-2,"0.25(log(n))^2",0.57
764,1000,5,"Clayton",2000,-2,"0.25(log(n))^2",0.57
765,1000,5,"Clayton",2000,-2,"0.25(log(n))^2",0.67
766,1000,5,"Clayton",2000,-2,"0.25(log(n))^2",0.64
767,1000,5,"Clayton",2000,-2,"0.25(log(n))^2",0.48
768,1000,5,"Clayton",2000,-2,"0.25(log(n))^2",0.77
769,1000,5,"Clayton",2000,-2,"0.25(log(n))^2",0.97
770,1000,5,"Clayton",2000,-2,"0.25(log(n))^2",0.94
771,1000,5,"Clayton",2000,-2,"0.25(log(n))^2",0.53
772,1000,5,"Clayton",2000,-2,"0.25(log(n))^2",0.75
773,1000,5,"Clayton",2000,-2,"0.25(log(n))^2",0.5
774,1000,5,"Clayton",2000,-2,"0.25(log(n))^2",0.42
775,1000,5,"Clayton",2000,-2,"0.25(log(n))^2",0.63
776,1000,5,"Clayton",2000,-2,"0.25(log(n))^2",0.39
777,1000,5,"Clayton",2000,-2,"0.25(log(n))^2",0.3
778,1000,5,"Clayton",2000,-2,"0.25(log(n))^2",0.17
779,1000,5,"Clayton",2000,-2,"0.25(log(n))^2",0.36
780,1000,5,"Clayton",2000,-2,"0.25(log(n))^2",0.81
781,1000,5,"Clayton",2000,-2,"0.25(log(n))^2",0.96
782,1000,5,"Clayton",2000,-2,"0.25(log(n))^2",0.87
783,1000,5,"Clayton",2000,-2,"0.25(log(n))^2",0.28
784,1000,5,"Clayton",2000,-2,"0.25(log(n))^2",0.64
785,1000,5,"Clayton",2000,-2,"0.25(log(n))^2",0.32
786,1000,5,"Clayton",2000,-2,"0.25(log(n))^2",0.9
787,1000,5,"Clayton",2000,-2,"0.25(log(n))^2",0.99
788,1000,5,"Clayton",2000,-2,"0.25(log(n))^2",0.53
789,1000,5,"Clayton",2000,-2,"0.25(log(n))^2",0.75
790,1000,5,"Clayton",2000,-2,"0.25(log(n))^2",0.37
791,1000,5,"Clayton",2000,-2,"0.25(log(n))^2",0.55
792,1000,5,"Clayton",2000,-2,"0.25(log(n))^2",1
793,1000,5,"Clayton",2000,-2,"0.25(log(n))^2",0.55
794,1000,5,"Clayton",2000,-2,"0.25(log(n))^2",0.9
795,1000,5,"Clayton",2000,-2,"0.25(log(n))^2",0.94
796,1000,5,"Clayton",2000,-2,"0.25(log(n))^2",0.77
797,1000,5,"Clayton",2000,-2,"0.25(log(n))^2",0.06
798,1000,5,"Clayton",2000,-2,"0.25(log(n))^2",0.54
799,1000,5,"Clayton",2000,-2,"0.25(log(n))^2",0.91
800,1000,5,"Clayton",2000,-2,"0.25(log(n))^2",0.32
801,1000,5,"Clayton",2000,-2,"0.25(log(n))^2",0.76
802,1000,5,"Clayton",2000,-2,"0.25(log(n))^2",0.69
803,1000,5,"Clayton",2000,-2,"0.25(log(n))^2",0.66
804,1000,5,"Clayton",2000,-2,"0.25(log(n))^2",0.64
805,1000,5,"Clayton",2000,-2,"0.25(log(n))^2",0.53
806,1000,5,"Clayton",2000,-2,"0.25(log(n))^2",0.52
807,1000,5,"Clayton",2000,-2,"0.25(log(n))^2",0.54
808,1000,5,"Clayton",2000,-2,"0.25(log(n))^2",0.3
809,1000,5,"Clayton",2000,-2,"0.25(log(n))^2",0.87
810,1000,5,"Clayton",2000,-2,"0.25(log(n))^2",1
811,1000,5,"Clayton",2000,-2,"0.25(log(n))^2",0.35
812,1000,5,"Clayton",2000,-2,"0.25(log(n))^2",0.54
813,1000,5,"Clayton",2000,-2,"0.25(log(n))^2",0.96
814,1000,5,"Clayton",2000,-2,"0.25(log(n))^2",0.81
815,1000,5,"Clayton",2000,-2,"0.25(log(n))^2",0.28
816,1000,5,"Clayton",2000,-2,"0.25(log(n))^2",1
817,1000,5,"Clayton",2000,-2,"0.25(log(n))^2",0.19
818,1000,5,"Clayton",2000,-2,"0.25(log(n))^2",0.82
819,1000,5,"Clayton",2000,-2,"0.25(log(n))^2",0.98
820,1000,5,"Clayton",2000,-2,"0.25(log(n))^2",0.73
821,1000,5,"Clayton",2000,-2,"0.25(log(n))^2",0.92
822,1000,5,"Clayton",2000,-2,"0.25(log(n))^2",0.69
823,1000,5,"Clayton",2000,-2,"0.25(log(n))^2",0.3
824,1000,5,"Clayton",2000,-2,"0.25(log(n))^2",0.72
825,1000,5,"Clayton",2000,-2,"0.25(log(n))^2",0.38
826,1000,5,"Clayton",2000,-2,"0.25(log(n))^2",0.84
827,1000,5,"Clayton",2000,-2,"0.25(log(n))^2",0.56
828,1000,5,"Clayton",2000,-2,"0.25(log(n))^2",0.38
829,1000,5,"Clayton",2000,-2,"0.25(log(n))^2",0.79
830,1000,5,"Clayton",2000,-2,"0.25(log(n))^2",1
831,1000,5,"Clayton",2000,-2,"0.25(log(n))^2",0.37
832,1000,5,"Clayton",2000,-2,"0.25(log(n))^2",0.61
833,1000,5,"Clayton",2000,-2,"0.25(log(n))^2",0.53
834,1000,5,"Clayton",2000,-2,"0.25(log(n))^2",0.64
835,1000,5,"Clayton",2000,-2,"0.25(log(n))^2",0.77
836,1000,5,"Clayton",2000,-2,"0.25(log(n))^2",0.88
837,1000,5,"Clayton",2000,-2,"0.25(log(n))^2",0.62
838,1000,5,"Clayton",2000,-2,"0.25(log(n))^2",0.27
839,1000,5,"Clayton",2000,-2,"0.25(log(n))^2",0.33
840,1000,5,"Clayton",2000,-2,"0.25(log(n))^2",0.73
841,1000,5,"Clayton",2000,-2,"0.25(log(n))^2",0.71
842,1000,5,"Clayton",2000,-2,"0.25(log(n))^2",0.59
843,1000,5,"Clayton",2000,-2,"0.25(log(n))^2",0.96
844,1000,5,"Clayton",2000,-2,"0.25(log(n))^2",0.65
845,1000,5,"Clayton",2000,-2,"0.25(log(n))^2",0.86
846,1000,5,"Clayton",2000,-2,"0.25(log(n))^2",0.75
847,1000,5,"Clayton",2000,-2,"0.25(log(n))^2",0.68
848,1000,5,"Clayton",2000,-2,"0.25(log(n))^2",0.85
849,1000,5,"Clayton",2000,-2,"0.25(log(n))^2",0.39
850,1000,5,"Clayton",2000,-2,"0.25(log(n))^2",0.51
851,1000,5,"Clayton",2000,-2,"0.25(log(n))^2",0.91
852,1000,5,"Clayton",2000,-2,"0.25(log(n))^2",0.26
853,1000,5,"Clayton",2000,-2,"0.25(log(n))^2",0.27
854,1000,5,"Clayton",2000,-2,"0.25(log(n))^2",0.99
855,1000,5,"Clayton",2000,-2,"0.25(log(n))^2",0.98
856,1000,5,"Clayton",2000,-2,"0.25(log(n))^2",0.9
857,1000,5,"Clayton",2000,-2,"0.25(log(n))^2",0.4
858,1000,5,"Clayton",2000,-2,"0.25(log(n))^2",0.76
859,1000,5,"Clayton",2000,-2,"0.25(log(n))^2",0.72
860,1000,5,"Clayton",2000,-2,"0.25(log(n))^2",0.18
861,1000,5,"Clayton",2000,-2,"0.25(log(n))^2",0.87
862,1000,5,"Clayton",2000,-2,"0.25(log(n))^2",0.63
863,1000,5,"Clayton",2000,-2,"0.25(log(n))^2",0.84
864,1000,5,"Clayton",2000,-2,"0.25(log(n))^2",0.57
865,1000,5,"Clayton",2000,-2,"0.25(log(n))^2",0.28
866,1000,5,"Clayton",2000,-2,"0.25(log(n))^2",0.86
867,1000,5,"Clayton",2000,-2,"0.25(log(n))^2",0.34
868,1000,5,"Clayton",2000,-2,"0.25(log(n))^2",0.94
869,1000,5,"Clayton",2000,-2,"0.25(log(n))^2",0.54
870,1000,5,"Clayton",2000,-2,"0.25(log(n))^2",0.76
871,1000,5,"Clayton",2000,-2,"0.25(log(n))^2",1
872,1000,5,"Clayton",2000,-2,"0.25(log(n))^2",0.36
873,1000,5,"Clayton",2000,-2,"0.25(log(n))^2",0.54
874,1000,5,"Clayton",2000,-2,"0.25(log(n))^2",0.85
875,1000,5,"Clayton",2000,-2,"0.25(log(n))^2",0.71
876,1000,5,"Clayton",2000,-2,"0.25(log(n))^2",0.3
877,1000,5,"Clayton",2000,-2,"0.25(log(n))^2",0.75
878,1000,5,"Clayton",2000,-2,"0.25(log(n))^2",0.6
879,1000,5,"Clayton",2000,-2,"0.25(log(n))^2",0.57
880,1000,5,"Clayton",2000,-2,"0.25(log(n))^2",0.69
881,1000,5,"Clayton",2000,-2,"0.25(log(n))^2",0.74
882,1000,5,"Clayton",2000,-2,"0.25(log(n))^2",0.96
883,1000,5,"Clayton",2000,-2,"0.25(log(n))^2",0.76
884,1000,5,"Clayton",2000,-2,"0.25(log(n))^2",0.1
885,1000,5,"Clayton",2000,-2,"0.25(log(n))^2",0.32
886,1000,5,"Clayton",2000,-2,"0.25(log(n))^2",0.89
887,1000,5,"Clayton",2000,-2,"0.25(log(n))^2",0.53
888,1000,5,"Clayton",2000,-2,"0.25(log(n))^2",0.96
889,1000,5,"Clayton",2000,-2,"0.25(log(n))^2",0.72
890,1000,5,"Clayton",2000,-2,"0.25(log(n))^2",0.58
891,1000,5,"Clayton",2000,-2,"0.25(log(n))^2",0.94
892,1000,5,"Clayton",2000,-2,"0.25(log(n))^2",0.74
893,1000,5,"Clayton",2000,-2,"0.25(log(n))^2",0.53
894,1000,5,"Clayton",2000,-2,"0.25(log(n))^2",0.48
895,1000,5,"Clayton",2000,-2,"0.25(log(n))^2",0.3
896,1000,5,"Clayton",2000,-2,"0.25(log(n))^2",0.69
897,1000,5,"Clayton",2000,-2,"0.25(log(n))^2",0.41
898,1000,5,"Clayton",2000,-2,"0.25(log(n))^2",0.55
899,1000,5,"Clayton",2000,-2,"0.25(log(n))^2",0.72
900,1000,5,"Clayton",2000,-2,"0.25(log(n))^2",0.49
901,1000,5,"Clayton",2000,-2,"0.25(log(n))^2",0.3
902,1000,5,"Clayton",2000,-2,"0.25(log(n))^2",0.9
903,1000,5,"Clayton",2000,-2,"0.25(log(n))^2",0.32
904,1000,5,"Clayton",2000,-2,"0.25(log(n))^2",0.62
905,1000,5,"Clayton",2000,-2,"0.25(log(n))^2",0.61
906,1000,5,"Clayton",2000,-2,"0.25(log(n))^2",0.47
907,1000,5,"Clayton",2000,-2,"0.25(log(n))^2",0.18
908,1000,5,"Clayton",2000,-2,"0.25(log(n))^2",0.6
909,1000,5,"Clayton",2000,-2,"0.25(log(n))^2",0.85
910,1000,5,"Clayton",2000,-2,"0.25(log(n))^2",0.55
911,1000,5,"Clayton",2000,-2,"0.25(log(n))^2",1
912,1000,5,"Clayton",2000,-2,"0.25(log(n))^2",0.62
913,1000,5,"Clayton",2000,-2,"0.25(log(n))^2",0.88
914,1000,5,"Clayton",2000,-2,"0.25(log(n))^2",0.92
915,1000,5,"Clayton",2000,-2,"0.25(log(n))^2",0.9
916,1000,5,"Clayton",2000,-2,"0.25(log(n))^2",0.56
917,1000,5,"Clayton",2000,-2,"0.25(log(n))^2",0.95
918,1000,5,"Clayton",2000,-2,"0.25(log(n))^2",0.33
919,1000,5,"Clayton",2000,-2,"0.25(log(n))^2",0.93
920,1000,5,"Clayton",2000,-2,"0.25(log(n))^2",0.66
921,1000,5,"Clayton",2000,-2,"0.25(log(n))^2",0.57
922,1000,5,"Clayton",2000,-2,"0.25(log(n))^2",0.61
923,1000,5,"Clayton",2000,-2,"0.25(log(n))^2",0.97
924,1000,5,"Clayton",2000,-2,"0.25(log(n))^2",0.92
925,1000,5,"Clayton",2000,-2,"0.25(log(n))^2",0.95
926,1000,5,"Clayton",2000,-2,"0.25(log(n))^2",0.44
927,1000,5,"Clayton",2000,-2,"0.25(log(n))^2",0.95
928,1000,5,"Clayton",2000,-2,"0.25(log(n))^2",0.16
929,1000,5,"Clayton",2000,-2,"0.25(log(n))^2",0.9
930,1000,5,"Clayton",2000,-2,"0.25(log(n))^2",0.96
931,1000,5,"Clayton",2000,-2,"0.25(log(n))^2",0.9
932,1000,5,"Clayton",2000,-2,"0.25(log(n))^2",1
933,1000,5,"Clayton",2000,-2,"0.25(log(n))^2",0.76
934,1000,5,"Clayton",2000,-2,"0.25(log(n))^2",0.36
935,1000,5,"Clayton",2000,-2,"0.25(log(n))^2",0.34
936,1000,5,"Clayton",2000,-2,"0.25(log(n))^2",0.7
937,1000,5,"Clayton",2000,-2,"0.25(log(n))^2",0.87
938,1000,5,"Clayton",2000,-2,"0.25(log(n))^2",0.34
939,1000,5,"Clayton",2000,-2,"0.25(log(n))^2",0.84
940,1000,5,"Clayton",2000,-2,"0.25(log(n))^2",0.87
941,1000,5,"Clayton",2000,-2,"0.25(log(n))^2",0.48
942,1000,5,"Clayton",2000,-2,"0.25(log(n))^2",0.12
943,1000,5,"Clayton",2000,-2,"0.25(log(n))^2",0.63
944,1000,5,"Clayton",2000,-2,"0.25(log(n))^2",0.92
945,1000,5,"Clayton",2000,-2,"0.25(log(n))^2",0.9
946,1000,5,"Clayton",2000,-2,"0.25(log(n))^2",0.72
947,1000,5,"Clayton",2000,-2,"0.25(log(n))^2",0.81
948,1000,5,"Clayton",2000,-2,"0.25(log(n))^2",0.73
949,1000,5,"Clayton",2000,-2,"0.25(log(n))^2",0.83
950,1000,5,"Clayton",2000,-2,"0.25(log(n))^2",0.59
951,1000,5,"Clayton",2000,-2,"0.25(log(n))^2",0.47
952,1000,5,"Clayton",2000,-2,"0.25(log(n))^2",0.24
953,1000,5,"Clayton",2000,-2,"0.25(log(n))^2",0.77
954,1000,5,"Clayton",2000,-2,"0.25(log(n))^2",0.76
955,1000,5,"Clayton",2000,-2,"0.25(log(n))^2",0.76
956,1000,5,"Clayton",2000,-2,"0.25(log(n))^2",0.98
957,1000,5,"Clayton",2000,-2,"0.25(log(n))^2",0.26
958,1000,5,"Clayton",2000,-2,"0.25(log(n))^2",0.99
959,1000,5,"Clayton",2000,-2,"0.25(log(n))^2",0.06
960,1000,5,"Clayton",2000,-2,"0.25(log(n))^2",0.97
961,1000,5,"Clayton",2000,-2,"0.25(log(n))^2",0.22
962,1000,5,"Clayton",2000,-2,"0.25(log(n))^2",0.58
963,1000,5,"Clayton",2000,-2,"0.25(log(n))^2",0.91
964,1000,5,"Clayton",2000,-2,"0.25(log(n))^2",0.97
965,1000,5,"Clayton",2000,-2,"0.25(log(n))^2",1
966,1000,5,"Clayton",2000,-2,"0.25(log(n))^2",0.23
967,1000,5,"Clayton",2000,-2,"0.25(log(n))^2",0.97
968,1000,5,"Clayton",2000,-2,"0.25(log(n))^2",0.67
969,1000,5,"Clayton",2000,-2,"0.25(log(n))^2",0.55
970,1000,5,"Clayton",2000,-2,"0.25(log(n))^2",0.75
971,1000,5,"Clayton",2000,-2,"0.25(log(n))^2",0.72
972,1000,5,"Clayton",2000,-2,"0.25(log(n))^2",0.11
973,1000,5,"Clayton",2000,-2,"0.25(log(n))^2",0.77
974,1000,5,"Clayton",2000,-2,"0.25(log(n))^2",0.97
975,1000,5,"Clayton",2000,-2,"0.25(log(n))^2",0.1
976,1000,5,"Clayton",2000,-2,"0.25(log(n))^2",0.45
977,1000,5,"Clayton",2000,-2,"0.25(log(n))^2",0.67
978,1000,5,"Clayton",2000,-2,"0.25(log(n))^2",0.97
979,1000,5,"Clayton",2000,-2,"0.25(log(n))^2",0.67
980,1000,5,"Clayton",2000,-2,"0.25(log(n))^2",0.55
981,1000,5,"Clayton",2000,-2,"0.25(log(n))^2",0.89
982,1000,5,"Clayton",2000,-2,"0.25(log(n))^2",0.77
983,1000,5,"Clayton",2000,-2,"0.25(log(n))^2",0.13
984,1000,5,"Clayton",2000,-2,"0.25(log(n))^2",0.94
985,1000,5,"Clayton",2000,-2,"0.25(log(n))^2",0.43
986,1000,5,"Clayton",2000,-2,"0.25(log(n))^2",0.51
987,1000,5,"Clayton",2000,-2,"0.25(log(n))^2",0.54
988,1000,5,"Clayton",2000,-2,"0.25(log(n))^2",0.75
989,1000,5,"Clayton",2000,-2,"0.25(log(n))^2",0.82
990,1000,5,"Clayton",2000,-2,"0.25(log(n))^2",0.35
991,1000,5,"Clayton",2000,-2,"0.25(log(n))^2",0.58
992,1000,5,"Clayton",2000,-2,"0.25(log(n))^2",0.82
993,1000,5,"Clayton",2000,-2,"0.25(log(n))^2",0.71
994,1000,5,"Clayton",2000,-2,"0.25(log(n))^2",0.61
995,1000,5,"Clayton",2000,-2,"0.25(log(n))^2",0.9
996,1000,5,"Clayton",2000,-2,"0.25(log(n))^2",0.84
997,1000,5,"Clayton",2000,-2,"0.25(log(n))^2",0.36
998,1000,5,"Clayton",2000,-2,"0.25(log(n))^2",0.26
999,1000,5,"Clayton",2000,-2,"0.25(log(n))^2",0.62
1000,1000,5,"Clayton",2000,-2,"0.25(log(n))^2",0.81
1,1000,5,"Clayton",2000,-2,"0.1(log(n))^2",0.61
2,1000,5,"Clayton",2000,-2,"0.1(log(n))^2",0.87
3,1000,5,"Clayton",2000,-2,"0.1(log(n))^2",0.35
4,1000,5,"Clayton",2000,-2,"0.1(log(n))^2",0.51
5,1000,5,"Clayton",2000,-2,"0.1(log(n))^2",0.8
6,1000,5,"Clayton",2000,-2,"0.1(log(n))^2",0.49
7,1000,5,"Clayton",2000,-2,"0.1(log(n))^2",0.7
8,1000,5,"Clayton",2000,-2,"0.1(log(n))^2",0.26
9,1000,5,"Clayton",2000,-2,"0.1(log(n))^2",0.86
10,1000,5,"Clayton",2000,-2,"0.1(log(n))^2",0.14
11,1000,5,"Clayton",2000,-2,"0.1(log(n))^2",0.93
12,1000,5,"Clayton",2000,-2,"0.1(log(n))^2",0.66
13,1000,5,"Clayton",2000,-2,"0.1(log(n))^2",0.7
14,1000,5,"Clayton",2000,-2,"0.1(log(n))^2",0.35
15,1000,5,"Clayton",2000,-2,"0.1(log(n))^2",0.92
16,1000,5,"Clayton",2000,-2,"0.1(log(n))^2",0.34
17,1000,5,"Clayton",2000,-2,"0.1(log(n))^2",0.39
18,1000,5,"Clayton",2000,-2,"0.1(log(n))^2",0.69
19,1000,5,"Clayton",2000,-2,"0.1(log(n))^2",0.88
20,1000,5,"Clayton",2000,-2,"0.1(log(n))^2",0.64
21,1000,5,"Clayton",2000,-2,"0.1(log(n))^2",0.19
22,1000,5,"Clayton",2000,-2,"0.1(log(n))^2",0.63
23,1000,5,"Clayton",2000,-2,"0.1(log(n))^2",0.54
24,1000,5,"Clayton",2000,-2,"0.1(log(n))^2",0.75
25,1000,5,"Clayton",2000,-2,"0.1(log(n))^2",0.89
26,1000,5,"Clayton",2000,-2,"0.1(log(n))^2",0.63
27,1000,5,"Clayton",2000,-2,"0.1(log(n))^2",0.82
28,1000,5,"Clayton",2000,-2,"0.1(log(n))^2",0.58
29,1000,5,"Clayton",2000,-2,"0.1(log(n))^2",0.42
30,1000,5,"Clayton",2000,-2,"0.1(log(n))^2",0.51
31,1000,5,"Clayton",2000,-2,"0.1(log(n))^2",0.99
32,1000,5,"Clayton",2000,-2,"0.1(log(n))^2",0.53
33,1000,5,"Clayton",2000,-2,"0.1(log(n))^2",0.68
34,1000,5,"Clayton",2000,-2,"0.1(log(n))^2",0.21
35,1000,5,"Clayton",2000,-2,"0.1(log(n))^2",0.18
36,1000,5,"Clayton",2000,-2,"0.1(log(n))^2",0.11
37,1000,5,"Clayton",2000,-2,"0.1(log(n))^2",0.93
38,1000,5,"Clayton",2000,-2,"0.1(log(n))^2",0.99
39,1000,5,"Clayton",2000,-2,"0.1(log(n))^2",0.45
40,1000,5,"Clayton",2000,-2,"0.1(log(n))^2",0.58
41,1000,5,"Clayton",2000,-2,"0.1(log(n))^2",0.71
42,1000,5,"Clayton",2000,-2,"0.1(log(n))^2",0.65
43,1000,5,"Clayton",2000,-2,"0.1(log(n))^2",0.64
44,1000,5,"Clayton",2000,-2,"0.1(log(n))^2",0.41
45,1000,5,"Clayton",2000,-2,"0.1(log(n))^2",0.63
46,1000,5,"Clayton",2000,-2,"0.1(log(n))^2",0.41
47,1000,5,"Clayton",2000,-2,"0.1(log(n))^2",0.49
48,1000,5,"Clayton",2000,-2,"0.1(log(n))^2",0.26
49,1000,5,"Clayton",2000,-2,"0.1(log(n))^2",0.96
50,1000,5,"Clayton",2000,-2,"0.1(log(n))^2",0.32
51,1000,5,"Clayton",2000,-2,"0.1(log(n))^2",0.57
52,1000,5,"Clayton",2000,-2,"0.1(log(n))^2",0.54
53,1000,5,"Clayton",2000,-2,"0.1(log(n))^2",0.98
54,1000,5,"Clayton",2000,-2,"0.1(log(n))^2",0.59
55,1000,5,"Clayton",2000,-2,"0.1(log(n))^2",0.98
56,1000,5,"Clayton",2000,-2,"0.1(log(n))^2",0.31
57,1000,5,"Clayton",2000,-2,"0.1(log(n))^2",0.75
58,1000,5,"Clayton",2000,-2,"0.1(log(n))^2",0.42
59,1000,5,"Clayton",2000,-2,"0.1(log(n))^2",0.23
60,1000,5,"Clayton",2000,-2,"0.1(log(n))^2",0.99
61,1000,5,"Clayton",2000,-2,"0.1(log(n))^2",0.8
62,1000,5,"Clayton",2000,-2,"0.1(log(n))^2",0.7
63,1000,5,"Clayton",2000,-2,"0.1(log(n))^2",0.22
64,1000,5,"Clayton",2000,-2,"0.1(log(n))^2",0.85
65,1000,5,"Clayton",2000,-2,"0.1(log(n))^2",0.03
66,1000,5,"Clayton",2000,-2,"0.1(log(n))^2",0.08
67,1000,5,"Clayton",2000,-2,"0.1(log(n))^2",0.27
68,1000,5,"Clayton",2000,-2,"0.1(log(n))^2",0.84
69,1000,5,"Clayton",2000,-2,"0.1(log(n))^2",0.5
70,1000,5,"Clayton",2000,-2,"0.1(log(n))^2",0.88
71,1000,5,"Clayton",2000,-2,"0.1(log(n))^2",0.14
72,1000,5,"Clayton",2000,-2,"0.1(log(n))^2",0.9
73,1000,5,"Clayton",2000,-2,"0.1(log(n))^2",0.92
74,1000,5,"Clayton",2000,-2,"0.1(log(n))^2",0.91
75,1000,5,"Clayton",2000,-2,"0.1(log(n))^2",0.24
76,1000,5,"Clayton",2000,-2,"0.1(log(n))^2",0.38
77,1000,5,"Clayton",2000,-2,"0.1(log(n))^2",0.18
78,1000,5,"Clayton",2000,-2,"0.1(log(n))^2",0.74
79,1000,5,"Clayton",2000,-2,"0.1(log(n))^2",0.37
80,1000,5,"Clayton",2000,-2,"0.1(log(n))^2",0.8
81,1000,5,"Clayton",2000,-2,"0.1(log(n))^2",0.48
82,1000,5,"Clayton",2000,-2,"0.1(log(n))^2",0.47
83,1000,5,"Clayton",2000,-2,"0.1(log(n))^2",0.58
84,1000,5,"Clayton",2000,-2,"0.1(log(n))^2",0.88
85,1000,5,"Clayton",2000,-2,"0.1(log(n))^2",0.78
86,1000,5,"Clayton",2000,-2,"0.1(log(n))^2",0.58
87,1000,5,"Clayton",2000,-2,"0.1(log(n))^2",0.62
88,1000,5,"Clayton",2000,-2,"0.1(log(n))^2",0.48
89,1000,5,"Clayton",2000,-2,"0.1(log(n))^2",0.51
90,1000,5,"Clayton",2000,-2,"0.1(log(n))^2",0.43
91,1000,5,"Clayton",2000,-2,"0.1(log(n))^2",0.36
92,1000,5,"Clayton",2000,-2,"0.1(log(n))^2",0.26
93,1000,5,"Clayton",2000,-2,"0.1(log(n))^2",0.54
94,1000,5,"Clayton",2000,-2,"0.1(log(n))^2",0.07
95,1000,5,"Clayton",2000,-2,"0.1(log(n))^2",0.78
96,1000,5,"Clayton",2000,-2,"0.1(log(n))^2",0.32
97,1000,5,"Clayton",2000,-2,"0.1(log(n))^2",0.84
98,1000,5,"Clayton",2000,-2,"0.1(log(n))^2",0.63
99,1000,5,"Clayton",2000,-2,"0.1(log(n))^2",0.7
100,1000,5,"Clayton",2000,-2,"0.1(log(n))^2",0.46
101,1000,5,"Clayton",2000,-2,"0.1(log(n))^2",0.22
102,1000,5,"Clayton",2000,-2,"0.1(log(n))^2",0.43
103,1000,5,"Clayton",2000,-2,"0.1(log(n))^2",0.73
104,1000,5,"Clayton",2000,-2,"0.1(log(n))^2",0.8
105,1000,5,"Clayton",2000,-2,"0.1(log(n))^2",0.68
106,1000,5,"Clayton",2000,-2,"0.1(log(n))^2",0.23
107,1000,5,"Clayton",2000,-2,"0.1(log(n))^2",0.64
108,1000,5,"Clayton",2000,-2,"0.1(log(n))^2",0.39
109,1000,5,"Clayton",2000,-2,"0.1(log(n))^2",0.34
110,1000,5,"Clayton",2000,-2,"0.1(log(n))^2",0.27
111,1000,5,"Clayton",2000,-2,"0.1(log(n))^2",0.6
112,1000,5,"Clayton",2000,-2,"0.1(log(n))^2",0.33
113,1000,5,"Clayton",2000,-2,"0.1(log(n))^2",0.42
114,1000,5,"Clayton",2000,-2,"0.1(log(n))^2",0.49
115,1000,5,"Clayton",2000,-2,"0.1(log(n))^2",0.53
116,1000,5,"Clayton",2000,-2,"0.1(log(n))^2",0.44
117,1000,5,"Clayton",2000,-2,"0.1(log(n))^2",0.28
118,1000,5,"Clayton",2000,-2,"0.1(log(n))^2",0.55
119,1000,5,"Clayton",2000,-2,"0.1(log(n))^2",0.76
120,1000,5,"Clayton",2000,-2,"0.1(log(n))^2",0.7
121,1000,5,"Clayton",2000,-2,"0.1(log(n))^2",0.88
122,1000,5,"Clayton",2000,-2,"0.1(log(n))^2",0.57
123,1000,5,"Clayton",2000,-2,"0.1(log(n))^2",1
124,1000,5,"Clayton",2000,-2,"0.1(log(n))^2",0.64
125,1000,5,"Clayton",2000,-2,"0.1(log(n))^2",0.14
126,1000,5,"Clayton",2000,-2,"0.1(log(n))^2",0.57
127,1000,5,"Clayton",2000,-2,"0.1(log(n))^2",0.52
128,1000,5,"Clayton",2000,-2,"0.1(log(n))^2",0.06
129,1000,5,"Clayton",2000,-2,"0.1(log(n))^2",0.26
130,1000,5,"Clayton",2000,-2,"0.1(log(n))^2",0.87
131,1000,5,"Clayton",2000,-2,"0.1(log(n))^2",0.95
132,1000,5,"Clayton",2000,-2,"0.1(log(n))^2",0.18
133,1000,5,"Clayton",2000,-2,"0.1(log(n))^2",0.22
134,1000,5,"Clayton",2000,-2,"0.1(log(n))^2",0.19
135,1000,5,"Clayton",2000,-2,"0.1(log(n))^2",0.79
136,1000,5,"Clayton",2000,-2,"0.1(log(n))^2",0.68
137,1000,5,"Clayton",2000,-2,"0.1(log(n))^2",0.59
138,1000,5,"Clayton",2000,-2,"0.1(log(n))^2",0.88
139,1000,5,"Clayton",2000,-2,"0.1(log(n))^2",0.55
140,1000,5,"Clayton",2000,-2,"0.1(log(n))^2",0.72
141,1000,5,"Clayton",2000,-2,"0.1(log(n))^2",0.52
142,1000,5,"Clayton",2000,-2,"0.1(log(n))^2",0.62
143,1000,5,"Clayton",2000,-2,"0.1(log(n))^2",0.73
144,1000,5,"Clayton",2000,-2,"0.1(log(n))^2",0.43
145,1000,5,"Clayton",2000,-2,"0.1(log(n))^2",0.95
146,1000,5,"Clayton",2000,-2,"0.1(log(n))^2",0.75
147,1000,5,"Clayton",2000,-2,"0.1(log(n))^2",0.07
148,1000,5,"Clayton",2000,-2,"0.1(log(n))^2",0.3
149,1000,5,"Clayton",2000,-2,"0.1(log(n))^2",0.51
150,1000,5,"Clayton",2000,-2,"0.1(log(n))^2",0.91
151,1000,5,"Clayton",2000,-2,"0.1(log(n))^2",0.06
152,1000,5,"Clayton",2000,-2,"0.1(log(n))^2",0.22
153,1000,5,"Clayton",2000,-2,"0.1(log(n))^2",0.65
154,1000,5,"Clayton",2000,-2,"0.1(log(n))^2",0.32
155,1000,5,"Clayton",2000,-2,"0.1(log(n))^2",0.1
156,1000,5,"Clayton",2000,-2,"0.1(log(n))^2",0.23
157,1000,5,"Clayton",2000,-2,"0.1(log(n))^2",0.48
158,1000,5,"Clayton",2000,-2,"0.1(log(n))^2",0.45
159,1000,5,"Clayton",2000,-2,"0.1(log(n))^2",0.91
160,1000,5,"Clayton",2000,-2,"0.1(log(n))^2",0.48
161,1000,5,"Clayton",2000,-2,"0.1(log(n))^2",0.78
162,1000,5,"Clayton",2000,-2,"0.1(log(n))^2",0.27
163,1000,5,"Clayton",2000,-2,"0.1(log(n))^2",0.45
164,1000,5,"Clayton",2000,-2,"0.1(log(n))^2",0.04
165,1000,5,"Clayton",2000,-2,"0.1(log(n))^2",0.78
166,1000,5,"Clayton",2000,-2,"0.1(log(n))^2",0.79
167,1000,5,"Clayton",2000,-2,"0.1(log(n))^2",0.51
168,1000,5,"Clayton",2000,-2,"0.1(log(n))^2",0.25
169,1000,5,"Clayton",2000,-2,"0.1(log(n))^2",0.57
170,1000,5,"Clayton",2000,-2,"0.1(log(n))^2",0.22
171,1000,5,"Clayton",2000,-2,"0.1(log(n))^2",0.76
172,1000,5,"Clayton",2000,-2,"0.1(log(n))^2",0.51
173,1000,5,"Clayton",2000,-2,"0.1(log(n))^2",0.44
174,1000,5,"Clayton",2000,-2,"0.1(log(n))^2",0.17
175,1000,5,"Clayton",2000,-2,"0.1(log(n))^2",0.53
176,1000,5,"Clayton",2000,-2,"0.1(log(n))^2",0.82
177,1000,5,"Clayton",2000,-2,"0.1(log(n))^2",1
178,1000,5,"Clayton",2000,-2,"0.1(log(n))^2",0.69
179,1000,5,"Clayton",2000,-2,"0.1(log(n))^2",0.39
180,1000,5,"Clayton",2000,-2,"0.1(log(n))^2",0.81
181,1000,5,"Clayton",2000,-2,"0.1(log(n))^2",0.88
182,1000,5,"Clayton",2000,-2,"0.1(log(n))^2",0.91
183,1000,5,"Clayton",2000,-2,"0.1(log(n))^2",0.81
184,1000,5,"Clayton",2000,-2,"0.1(log(n))^2",0.6
185,1000,5,"Clayton",2000,-2,"0.1(log(n))^2",0.29
186,1000,5,"Clayton",2000,-2,"0.1(log(n))^2",0.75
187,1000,5,"Clayton",2000,-2,"0.1(log(n))^2",0.79
188,1000,5,"Clayton",2000,-2,"0.1(log(n))^2",0.84
189,1000,5,"Clayton",2000,-2,"0.1(log(n))^2",0.57
190,1000,5,"Clayton",2000,-2,"0.1(log(n))^2",0.62
191,1000,5,"Clayton",2000,-2,"0.1(log(n))^2",0.67
192,1000,5,"Clayton",2000,-2,"0.1(log(n))^2",0.47
193,1000,5,"Clayton",2000,-2,"0.1(log(n))^2",0.96
194,1000,5,"Clayton",2000,-2,"0.1(log(n))^2",0.7
195,1000,5,"Clayton",2000,-2,"0.1(log(n))^2",0.85
196,1000,5,"Clayton",2000,-2,"0.1(log(n))^2",0.6
197,1000,5,"Clayton",2000,-2,"0.1(log(n))^2",0.31
198,1000,5,"Clayton",2000,-2,"0.1(log(n))^2",0.58
199,1000,5,"Clayton",2000,-2,"0.1(log(n))^2",0.89
200,1000,5,"Clayton",2000,-2,"0.1(log(n))^2",0.28
201,1000,5,"Clayton",2000,-2,"0.1(log(n))^2",0.84
202,1000,5,"Clayton",2000,-2,"0.1(log(n))^2",0.2
203,1000,5,"Clayton",2000,-2,"0.1(log(n))^2",0.37
204,1000,5,"Clayton",2000,-2,"0.1(log(n))^2",0.31
205,1000,5,"Clayton",2000,-2,"0.1(log(n))^2",0.46
206,1000,5,"Clayton",2000,-2,"0.1(log(n))^2",0.7
207,1000,5,"Clayton",2000,-2,"0.1(log(n))^2",0.7
208,1000,5,"Clayton",2000,-2,"0.1(log(n))^2",0.34
209,1000,5,"Clayton",2000,-2,"0.1(log(n))^2",0.36
210,1000,5,"Clayton",2000,-2,"0.1(log(n))^2",0.43
211,1000,5,"Clayton",2000,-2,"0.1(log(n))^2",0.84
212,1000,5,"Clayton",2000,-2,"0.1(log(n))^2",0.22
213,1000,5,"Clayton",2000,-2,"0.1(log(n))^2",0.89
214,1000,5,"Clayton",2000,-2,"0.1(log(n))^2",0.39
215,1000,5,"Clayton",2000,-2,"0.1(log(n))^2",0.52
216,1000,5,"Clayton",2000,-2,"0.1(log(n))^2",0.98
217,1000,5,"Clayton",2000,-2,"0.1(log(n))^2",0.75
218,1000,5,"Clayton",2000,-2,"0.1(log(n))^2",0.41
219,1000,5,"Clayton",2000,-2,"0.1(log(n))^2",0.2
220,1000,5,"Clayton",2000,-2,"0.1(log(n))^2",0.28
221,1000,5,"Clayton",2000,-2,"0.1(log(n))^2",0.75
222,1000,5,"Clayton",2000,-2,"0.1(log(n))^2",0.41
223,1000,5,"Clayton",2000,-2,"0.1(log(n))^2",0.29
224,1000,5,"Clayton",2000,-2,"0.1(log(n))^2",0.64
225,1000,5,"Clayton",2000,-2,"0.1(log(n))^2",0.62
226,1000,5,"Clayton",2000,-2,"0.1(log(n))^2",0.55
227,1000,5,"Clayton",2000,-2,"0.1(log(n))^2",0.32
228,1000,5,"Clayton",2000,-2,"0.1(log(n))^2",0.76
229,1000,5,"Clayton",2000,-2,"0.1(log(n))^2",0.76
230,1000,5,"Clayton",2000,-2,"0.1(log(n))^2",0.68
231,1000,5,"Clayton",2000,-2,"0.1(log(n))^2",0.99
232,1000,5,"Clayton",2000,-2,"0.1(log(n))^2",0.2
233,1000,5,"Clayton",2000,-2,"0.1(log(n))^2",0.32
234,1000,5,"Clayton",2000,-2,"0.1(log(n))^2",0.95
235,1000,5,"Clayton",2000,-2,"0.1(log(n))^2",0.59
236,1000,5,"Clayton",2000,-2,"0.1(log(n))^2",0.9
237,1000,5,"Clayton",2000,-2,"0.1(log(n))^2",1
238,1000,5,"Clayton",2000,-2,"0.1(log(n))^2",0.18
239,1000,5,"Clayton",2000,-2,"0.1(log(n))^2",0.82
240,1000,5,"Clayton",2000,-2,"0.1(log(n))^2",0.37
241,1000,5,"Clayton",2000,-2,"0.1(log(n))^2",0.25
242,1000,5,"Clayton",2000,-2,"0.1(log(n))^2",0.53
243,1000,5,"Clayton",2000,-2,"0.1(log(n))^2",0.25
244,1000,5,"Clayton",2000,-2,"0.1(log(n))^2",0.8
245,1000,5,"Clayton",2000,-2,"0.1(log(n))^2",0.57
246,1000,5,"Clayton",2000,-2,"0.1(log(n))^2",0.42
247,1000,5,"Clayton",2000,-2,"0.1(log(n))^2",0.41
248,1000,5,"Clayton",2000,-2,"0.1(log(n))^2",0.85
249,1000,5,"Clayton",2000,-2,"0.1(log(n))^2",0.12
250,1000,5,"Clayton",2000,-2,"0.1(log(n))^2",0.95
251,1000,5,"Clayton",2000,-2,"0.1(log(n))^2",0.76
252,1000,5,"Clayton",2000,-2,"0.1(log(n))^2",0.76
253,1000,5,"Clayton",2000,-2,"0.1(log(n))^2",0.79
254,1000,5,"Clayton",2000,-2,"0.1(log(n))^2",0.03
255,1000,5,"Clayton",2000,-2,"0.1(log(n))^2",0.85
256,1000,5,"Clayton",2000,-2,"0.1(log(n))^2",0.33
257,1000,5,"Clayton",2000,-2,"0.1(log(n))^2",0.32
258,1000,5,"Clayton",2000,-2,"0.1(log(n))^2",0.23
259,1000,5,"Clayton",2000,-2,"0.1(log(n))^2",0.46
260,1000,5,"Clayton",2000,-2,"0.1(log(n))^2",0.96
261,1000,5,"Clayton",2000,-2,"0.1(log(n))^2",0.15
262,1000,5,"Clayton",2000,-2,"0.1(log(n))^2",0.24
263,1000,5,"Clayton",2000,-2,"0.1(log(n))^2",0.16
264,1000,5,"Clayton",2000,-2,"0.1(log(n))^2",0.49
265,1000,5,"Clayton",2000,-2,"0.1(log(n))^2",0.61
266,1000,5,"Clayton",2000,-2,"0.1(log(n))^2",0.51
267,1000,5,"Clayton",2000,-2,"0.1(log(n))^2",0.53
268,1000,5,"Clayton",2000,-2,"0.1(log(n))^2",0.95
269,1000,5,"Clayton",2000,-2,"0.1(log(n))^2",0.09
270,1000,5,"Clayton",2000,-2,"0.1(log(n))^2",0.89
271,1000,5,"Clayton",2000,-2,"0.1(log(n))^2",0.71
272,1000,5,"Clayton",2000,-2,"0.1(log(n))^2",0.86
273,1000,5,"Clayton",2000,-2,"0.1(log(n))^2",0.7
274,1000,5,"Clayton",2000,-2,"0.1(log(n))^2",0.83
275,1000,5,"Clayton",2000,-2,"0.1(log(n))^2",0.65
276,1000,5,"Clayton",2000,-2,"0.1(log(n))^2",0.37
277,1000,5,"Clayton",2000,-2,"0.1(log(n))^2",0.51
278,1000,5,"Clayton",2000,-2,"0.1(log(n))^2",0.52
279,1000,5,"Clayton",2000,-2,"0.1(log(n))^2",0.64
280,1000,5,"Clayton",2000,-2,"0.1(log(n))^2",0.24
281,1000,5,"Clayton",2000,-2,"0.1(log(n))^2",0.79
282,1000,5,"Clayton",2000,-2,"0.1(log(n))^2",0.73
283,1000,5,"Clayton",2000,-2,"0.1(log(n))^2",0.99
284,1000,5,"Clayton",2000,-2,"0.1(log(n))^2",0.84
285,1000,5,"Clayton",2000,-2,"0.1(log(n))^2",0.84
286,1000,5,"Clayton",2000,-2,"0.1(log(n))^2",0.57
287,1000,5,"Clayton",2000,-2,"0.1(log(n))^2",0.09
288,1000,5,"Clayton",2000,-2,"0.1(log(n))^2",0.67
289,1000,5,"Clayton",2000,-2,"0.1(log(n))^2",0.91
290,1000,5,"Clayton",2000,-2,"0.1(log(n))^2",0.62
291,1000,5,"Clayton",2000,-2,"0.1(log(n))^2",0.37
292,1000,5,"Clayton",2000,-2,"0.1(log(n))^2",0.45
293,1000,5,"Clayton",2000,-2,"0.1(log(n))^2",0.75
294,1000,5,"Clayton",2000,-2,"0.1(log(n))^2",0.14
295,1000,5,"Clayton",2000,-2,"0.1(log(n))^2",0.85
296,1000,5,"Clayton",2000,-2,"0.1(log(n))^2",0.61
297,1000,5,"Clayton",2000,-2,"0.1(log(n))^2",0.21
298,1000,5,"Clayton",2000,-2,"0.1(log(n))^2",0.75
299,1000,5,"Clayton",2000,-2,"0.1(log(n))^2",0.71
300,1000,5,"Clayton",2000,-2,"0.1(log(n))^2",0.55
301,1000,5,"Clayton",2000,-2,"0.1(log(n))^2",0.52
302,1000,5,"Clayton",2000,-2,"0.1(log(n))^2",0.21
303,1000,5,"Clayton",2000,-2,"0.1(log(n))^2",0.41
304,1000,5,"Clayton",2000,-2,"0.1(log(n))^2",0.34
305,1000,5,"Clayton",2000,-2,"0.1(log(n))^2",0.02
306,1000,5,"Clayton",2000,-2,"0.1(log(n))^2",0.46
307,1000,5,"Clayton",2000,-2,"0.1(log(n))^2",0.65
308,1000,5,"Clayton",2000,-2,"0.1(log(n))^2",0.66
309,1000,5,"Clayton",2000,-2,"0.1(log(n))^2",0.33
310,1000,5,"Clayton",2000,-2,"0.1(log(n))^2",0.84
311,1000,5,"Clayton",2000,-2,"0.1(log(n))^2",0.81
312,1000,5,"Clayton",2000,-2,"0.1(log(n))^2",0.77
313,1000,5,"Clayton",2000,-2,"0.1(log(n))^2",0.98
314,1000,5,"Clayton",2000,-2,"0.1(log(n))^2",0.91
315,1000,5,"Clayton",2000,-2,"0.1(log(n))^2",0.51
316,1000,5,"Clayton",2000,-2,"0.1(log(n))^2",0.74
317,1000,5,"Clayton",2000,-2,"0.1(log(n))^2",0.88
318,1000,5,"Clayton",2000,-2,"0.1(log(n))^2",0.69
319,1000,5,"Clayton",2000,-2,"0.1(log(n))^2",0.26
320,1000,5,"Clayton",2000,-2,"0.1(log(n))^2",0.39
321,1000,5,"Clayton",2000,-2,"0.1(log(n))^2",0.13
322,1000,5,"Clayton",2000,-2,"0.1(log(n))^2",0.82
323,1000,5,"Clayton",2000,-2,"0.1(log(n))^2",0.78
324,1000,5,"Clayton",2000,-2,"0.1(log(n))^2",0.62
325,1000,5,"Clayton",2000,-2,"0.1(log(n))^2",0.36
326,1000,5,"Clayton",2000,-2,"0.1(log(n))^2",0.63
327,1000,5,"Clayton",2000,-2,"0.1(log(n))^2",0.55
328,1000,5,"Clayton",2000,-2,"0.1(log(n))^2",0.96
329,1000,5,"Clayton",2000,-2,"0.1(log(n))^2",0.64
330,1000,5,"Clayton",2000,-2,"0.1(log(n))^2",0.22
331,1000,5,"Clayton",2000,-2,"0.1(log(n))^2",0.63
332,1000,5,"Clayton",2000,-2,"0.1(log(n))^2",0.45
333,1000,5,"Clayton",2000,-2,"0.1(log(n))^2",0.98
334,1000,5,"Clayton",2000,-2,"0.1(log(n))^2",0.24
335,1000,5,"Clayton",2000,-2,"0.1(log(n))^2",0.88
336,1000,5,"Clayton",2000,-2,"0.1(log(n))^2",0.36
337,1000,5,"Clayton",2000,-2,"0.1(log(n))^2",0.67
338,1000,5,"Clayton",2000,-2,"0.1(log(n))^2",0.82
339,1000,5,"Clayton",2000,-2,"0.1(log(n))^2",0.73
340,1000,5,"Clayton",2000,-2,"0.1(log(n))^2",0.62
341,1000,5,"Clayton",2000,-2,"0.1(log(n))^2",0.92
342,1000,5,"Clayton",2000,-2,"0.1(log(n))^2",0.47
343,1000,5,"Clayton",2000,-2,"0.1(log(n))^2",0.31
344,1000,5,"Clayton",2000,-2,"0.1(log(n))^2",0.35
345,1000,5,"Clayton",2000,-2,"0.1(log(n))^2",0.34
346,1000,5,"Clayton",2000,-2,"0.1(log(n))^2",0.71
347,1000,5,"Clayton",2000,-2,"0.1(log(n))^2",0.8
348,1000,5,"Clayton",2000,-2,"0.1(log(n))^2",0.85
349,1000,5,"Clayton",2000,-2,"0.1(log(n))^2",0.77
350,1000,5,"Clayton",2000,-2,"0.1(log(n))^2",0.82
351,1000,5,"Clayton",2000,-2,"0.1(log(n))^2",0.19
352,1000,5,"Clayton",2000,-2,"0.1(log(n))^2",0.35
353,1000,5,"Clayton",2000,-2,"0.1(log(n))^2",0.05
354,1000,5,"Clayton",2000,-2,"0.1(log(n))^2",0.62
355,1000,5,"Clayton",2000,-2,"0.1(log(n))^2",0.3
356,1000,5,"Clayton",2000,-2,"0.1(log(n))^2",0.29
357,1000,5,"Clayton",2000,-2,"0.1(log(n))^2",0.52
358,1000,5,"Clayton",2000,-2,"0.1(log(n))^2",0.16
359,1000,5,"Clayton",2000,-2,"0.1(log(n))^2",0.62
360,1000,5,"Clayton",2000,-2,"0.1(log(n))^2",0.86
361,1000,5,"Clayton",2000,-2,"0.1(log(n))^2",0.83
362,1000,5,"Clayton",2000,-2,"0.1(log(n))^2",0.38
363,1000,5,"Clayton",2000,-2,"0.1(log(n))^2",0.93
364,1000,5,"Clayton",2000,-2,"0.1(log(n))^2",0.42
365,1000,5,"Clayton",2000,-2,"0.1(log(n))^2",0.84
366,1000,5,"Clayton",2000,-2,"0.1(log(n))^2",0.93
367,1000,5,"Clayton",2000,-2,"0.1(log(n))^2",0.67
368,1000,5,"Clayton",2000,-2,"0.1(log(n))^2",0.67
369,1000,5,"Clayton",2000,-2,"0.1(log(n))^2",0.43
370,1000,5,"Clayton",2000,-2,"0.1(log(n))^2",0.18
371,1000,5,"Clayton",2000,-2,"0.1(log(n))^2",0.4
372,1000,5,"Clayton",2000,-2,"0.1(log(n))^2",0.18
373,1000,5,"Clayton",2000,-2,"0.1(log(n))^2",0.62
374,1000,5,"Clayton",2000,-2,"0.1(log(n))^2",0.46
375,1000,5,"Clayton",2000,-2,"0.1(log(n))^2",0.88
376,1000,5,"Clayton",2000,-2,"0.1(log(n))^2",0.85
377,1000,5,"Clayton",2000,-2,"0.1(log(n))^2",0.18
378,1000,5,"Clayton",2000,-2,"0.1(log(n))^2",0.35
379,1000,5,"Clayton",2000,-2,"0.1(log(n))^2",0.45
380,1000,5,"Clayton",2000,-2,"0.1(log(n))^2",0.79
381,1000,5,"Clayton",2000,-2,"0.1(log(n))^2",0.66
382,1000,5,"Clayton",2000,-2,"0.1(log(n))^2",0.84
383,1000,5,"Clayton",2000,-2,"0.1(log(n))^2",0.41
384,1000,5,"Clayton",2000,-2,"0.1(log(n))^2",0.7
385,1000,5,"Clayton",2000,-2,"0.1(log(n))^2",0.4
386,1000,5,"Clayton",2000,-2,"0.1(log(n))^2",0.08
387,1000,5,"Clayton",2000,-2,"0.1(log(n))^2",0.64
388,1000,5,"Clayton",2000,-2,"0.1(log(n))^2",0.44
389,1000,5,"Clayton",2000,-2,"0.1(log(n))^2",0.84
390,1000,5,"Clayton",2000,-2,"0.1(log(n))^2",0.63
391,1000,5,"Clayton",2000,-2,"0.1(log(n))^2",0.28
392,1000,5,"Clayton",2000,-2,"0.1(log(n))^2",0.83
393,1000,5,"Clayton",2000,-2,"0.1(log(n))^2",0.24
394,1000,5,"Clayton",2000,-2,"0.1(log(n))^2",0.78
395,1000,5,"Clayton",2000,-2,"0.1(log(n))^2",0.26
396,1000,5,"Clayton",2000,-2,"0.1(log(n))^2",0.67
397,1000,5,"Clayton",2000,-2,"0.1(log(n))^2",0.44
398,1000,5,"Clayton",2000,-2,"0.1(log(n))^2",0.52
399,1000,5,"Clayton",2000,-2,"0.1(log(n))^2",0.21
400,1000,5,"Clayton",2000,-2,"0.1(log(n))^2",0.85
401,1000,5,"Clayton",2000,-2,"0.1(log(n))^2",0.16
402,1000,5,"Clayton",2000,-2,"0.1(log(n))^2",0.51
403,1000,5,"Clayton",2000,-2,"0.1(log(n))^2",0.54
404,1000,5,"Clayton",2000,-2,"0.1(log(n))^2",1
405,1000,5,"Clayton",2000,-2,"0.1(log(n))^2",0.53
406,1000,5,"Clayton",2000,-2,"0.1(log(n))^2",0.26
407,1000,5,"Clayton",2000,-2,"0.1(log(n))^2",0.71
408,1000,5,"Clayton",2000,-2,"0.1(log(n))^2",0.69
409,1000,5,"Clayton",2000,-2,"0.1(log(n))^2",0.6
410,1000,5,"Clayton",2000,-2,"0.1(log(n))^2",0.7
411,1000,5,"Clayton",2000,-2,"0.1(log(n))^2",0.44
412,1000,5,"Clayton",2000,-2,"0.1(log(n))^2",0.34
413,1000,5,"Clayton",2000,-2,"0.1(log(n))^2",1
414,1000,5,"Clayton",2000,-2,"0.1(log(n))^2",0.73
415,1000,5,"Clayton",2000,-2,"0.1(log(n))^2",0.24
416,1000,5,"Clayton",2000,-2,"0.1(log(n))^2",0.51
417,1000,5,"Clayton",2000,-2,"0.1(log(n))^2",0.75
418,1000,5,"Clayton",2000,-2,"0.1(log(n))^2",0.76
419,1000,5,"Clayton",2000,-2,"0.1(log(n))^2",0.59
420,1000,5,"Clayton",2000,-2,"0.1(log(n))^2",0.57
421,1000,5,"Clayton",2000,-2,"0.1(log(n))^2",0.51
422,1000,5,"Clayton",2000,-2,"0.1(log(n))^2",0.73
423,1000,5,"Clayton",2000,-2,"0.1(log(n))^2",0.72
424,1000,5,"Clayton",2000,-2,"0.1(log(n))^2",0.52
425,1000,5,"Clayton",2000,-2,"0.1(log(n))^2",0.85
426,1000,5,"Clayton",2000,-2,"0.1(log(n))^2",0.5
427,1000,5,"Clayton",2000,-2,"0.1(log(n))^2",0.33
428,1000,5,"Clayton",2000,-2,"0.1(log(n))^2",0.93
429,1000,5,"Clayton",2000,-2,"0.1(log(n))^2",0.81
430,1000,5,"Clayton",2000,-2,"0.1(log(n))^2",0.31
431,1000,5,"Clayton",2000,-2,"0.1(log(n))^2",0.68
432,1000,5,"Clayton",2000,-2,"0.1(log(n))^2",0.62
433,1000,5,"Clayton",2000,-2,"0.1(log(n))^2",0.58
434,1000,5,"Clayton",2000,-2,"0.1(log(n))^2",0.74
435,1000,5,"Clayton",2000,-2,"0.1(log(n))^2",0.28
436,1000,5,"Clayton",2000,-2,"0.1(log(n))^2",0.96
437,1000,5,"Clayton",2000,-2,"0.1(log(n))^2",0.73
438,1000,5,"Clayton",2000,-2,"0.1(log(n))^2",0.84
439,1000,5,"Clayton",2000,-2,"0.1(log(n))^2",0.84
440,1000,5,"Clayton",2000,-2,"0.1(log(n))^2",0.6
441,1000,5,"Clayton",2000,-2,"0.1(log(n))^2",0.67
442,1000,5,"Clayton",2000,-2,"0.1(log(n))^2",0.41
443,1000,5,"Clayton",2000,-2,"0.1(log(n))^2",0.91
444,1000,5,"Clayton",2000,-2,"0.1(log(n))^2",0.62
445,1000,5,"Clayton",2000,-2,"0.1(log(n))^2",0.12
446,1000,5,"Clayton",2000,-2,"0.1(log(n))^2",0.77
447,1000,5,"Clayton",2000,-2,"0.1(log(n))^2",0.35
448,1000,5,"Clayton",2000,-2,"0.1(log(n))^2",0.45
449,1000,5,"Clayton",2000,-2,"0.1(log(n))^2",0.93
450,1000,5,"Clayton",2000,-2,"0.1(log(n))^2",0.67
451,1000,5,"Clayton",2000,-2,"0.1(log(n))^2",0.62
452,1000,5,"Clayton",2000,-2,"0.1(log(n))^2",0.66
453,1000,5,"Clayton",2000,-2,"0.1(log(n))^2",0.69
454,1000,5,"Clayton",2000,-2,"0.1(log(n))^2",0.8
455,1000,5,"Clayton",2000,-2,"0.1(log(n))^2",0.8
456,1000,5,"Clayton",2000,-2,"0.1(log(n))^2",0.35
457,1000,5,"Clayton",2000,-2,"0.1(log(n))^2",0.39
458,1000,5,"Clayton",2000,-2,"0.1(log(n))^2",0.6
459,1000,5,"Clayton",2000,-2,"0.1(log(n))^2",0.37
460,1000,5,"Clayton",2000,-2,"0.1(log(n))^2",0.9
461,1000,5,"Clayton",2000,-2,"0.1(log(n))^2",0.95
462,1000,5,"Clayton",2000,-2,"0.1(log(n))^2",0.95
463,1000,5,"Clayton",2000,-2,"0.1(log(n))^2",0.56
464,1000,5,"Clayton",2000,-2,"0.1(log(n))^2",0.4
465,1000,5,"Clayton",2000,-2,"0.1(log(n))^2",0.27
466,1000,5,"Clayton",2000,-2,"0.1(log(n))^2",0.92
467,1000,5,"Clayton",2000,-2,"0.1(log(n))^2",0.64
468,1000,5,"Clayton",2000,-2,"0.1(log(n))^2",0.34
469,1000,5,"Clayton",2000,-2,"0.1(log(n))^2",0.71
470,1000,5,"Clayton",2000,-2,"0.1(log(n))^2",0.67
471,1000,5,"Clayton",2000,-2,"0.1(log(n))^2",0.5
472,1000,5,"Clayton",2000,-2,"0.1(log(n))^2",0.93
473,1000,5,"Clayton",2000,-2,"0.1(log(n))^2",0.2
474,1000,5,"Clayton",2000,-2,"0.1(log(n))^2",0.92
475,1000,5,"Clayton",2000,-2,"0.1(log(n))^2",0.6
476,1000,5,"Clayton",2000,-2,"0.1(log(n))^2",0.36
477,1000,5,"Clayton",2000,-2,"0.1(log(n))^2",0.23
478,1000,5,"Clayton",2000,-2,"0.1(log(n))^2",0.27
479,1000,5,"Clayton",2000,-2,"0.1(log(n))^2",0.92
480,1000,5,"Clayton",2000,-2,"0.1(log(n))^2",0.87
481,1000,5,"Clayton",2000,-2,"0.1(log(n))^2",0.35
482,1000,5,"Clayton",2000,-2,"0.1(log(n))^2",0.4
483,1000,5,"Clayton",2000,-2,"0.1(log(n))^2",0.63
484,1000,5,"Clayton",2000,-2,"0.1(log(n))^2",0.55
485,1000,5,"Clayton",2000,-2,"0.1(log(n))^2",0.02
486,1000,5,"Clayton",2000,-2,"0.1(log(n))^2",0.2
487,1000,5,"Clayton",2000,-2,"0.1(log(n))^2",0.7
488,1000,5,"Clayton",2000,-2,"0.1(log(n))^2",0.38
489,1000,5,"Clayton",2000,-2,"0.1(log(n))^2",0.4
490,1000,5,"Clayton",2000,-2,"0.1(log(n))^2",0.5
491,1000,5,"Clayton",2000,-2,"0.1(log(n))^2",0.52
492,1000,5,"Clayton",2000,-2,"0.1(log(n))^2",0.99
493,1000,5,"Clayton",2000,-2,"0.1(log(n))^2",0.72
494,1000,5,"Clayton",2000,-2,"0.1(log(n))^2",0.44
495,1000,5,"Clayton",2000,-2,"0.1(log(n))^2",0.77
496,1000,5,"Clayton",2000,-2,"0.1(log(n))^2",0.86
497,1000,5,"Clayton",2000,-2,"0.1(log(n))^2",0.83
498,1000,5,"Clayton",2000,-2,"0.1(log(n))^2",0.59
499,1000,5,"Clayton",2000,-2,"0.1(log(n))^2",0.4
500,1000,5,"Clayton",2000,-2,"0.1(log(n))^2",0.82
501,1000,5,"Clayton",2000,-2,"0.1(log(n))^2",0.37
502,1000,5,"Clayton",2000,-2,"0.1(log(n))^2",0.83
503,1000,5,"Clayton",2000,-2,"0.1(log(n))^2",0.81
504,1000,5,"Clayton",2000,-2,"0.1(log(n))^2",0.1
505,1000,5,"Clayton",2000,-2,"0.1(log(n))^2",0.45
506,1000,5,"Clayton",2000,-2,"0.1(log(n))^2",0.44
507,1000,5,"Clayton",2000,-2,"0.1(log(n))^2",0.1
508,1000,5,"Clayton",2000,-2,"0.1(log(n))^2",0.2
509,1000,5,"Clayton",2000,-2,"0.1(log(n))^2",0.64
510,1000,5,"Clayton",2000,-2,"0.1(log(n))^2",0.85
511,1000,5,"Clayton",2000,-2,"0.1(log(n))^2",0.69
512,1000,5,"Clayton",2000,-2,"0.1(log(n))^2",0.28
513,1000,5,"Clayton",2000,-2,"0.1(log(n))^2",0.94
514,1000,5,"Clayton",2000,-2,"0.1(log(n))^2",0.3
515,1000,5,"Clayton",2000,-2,"0.1(log(n))^2",0.75
516,1000,5,"Clayton",2000,-2,"0.1(log(n))^2",0.38
517,1000,5,"Clayton",2000,-2,"0.1(log(n))^2",0.62
518,1000,5,"Clayton",2000,-2,"0.1(log(n))^2",0.94
519,1000,5,"Clayton",2000,-2,"0.1(log(n))^2",0.33
520,1000,5,"Clayton",2000,-2,"0.1(log(n))^2",0.43
521,1000,5,"Clayton",2000,-2,"0.1(log(n))^2",0.7
522,1000,5,"Clayton",2000,-2,"0.1(log(n))^2",0.22
523,1000,5,"Clayton",2000,-2,"0.1(log(n))^2",0.9
524,1000,5,"Clayton",2000,-2,"0.1(log(n))^2",0.09
525,1000,5,"Clayton",2000,-2,"0.1(log(n))^2",1
526,1000,5,"Clayton",2000,-2,"0.1(log(n))^2",0.47
527,1000,5,"Clayton",2000,-2,"0.1(log(n))^2",0.04
528,1000,5,"Clayton",2000,-2,"0.1(log(n))^2",0.94
529,1000,5,"Clayton",2000,-2,"0.1(log(n))^2",0.58
530,1000,5,"Clayton",2000,-2,"0.1(log(n))^2",0.22
531,1000,5,"Clayton",2000,-2,"0.1(log(n))^2",0.09
532,1000,5,"Clayton",2000,-2,"0.1(log(n))^2",0.69
533,1000,5,"Clayton",2000,-2,"0.1(log(n))^2",0.51
534,1000,5,"Clayton",2000,-2,"0.1(log(n))^2",0.87
535,1000,5,"Clayton",2000,-2,"0.1(log(n))^2",0.7
536,1000,5,"Clayton",2000,-2,"0.1(log(n))^2",0.91
537,1000,5,"Clayton",2000,-2,"0.1(log(n))^2",0.82
538,1000,5,"Clayton",2000,-2,"0.1(log(n))^2",0.27
539,1000,5,"Clayton",2000,-2,"0.1(log(n))^2",0.82
540,1000,5,"Clayton",2000,-2,"0.1(log(n))^2",0.85
541,1000,5,"Clayton",2000,-2,"0.1(log(n))^2",0.67
542,1000,5,"Clayton",2000,-2,"0.1(log(n))^2",0.46
543,1000,5,"Clayton",2000,-2,"0.1(log(n))^2",0.53
544,1000,5,"Clayton",2000,-2,"0.1(log(n))^2",0.86
545,1000,5,"Clayton",2000,-2,"0.1(log(n))^2",0.76
546,1000,5,"Clayton",2000,-2,"0.1(log(n))^2",0.66
547,1000,5,"Clayton",2000,-2,"0.1(log(n))^2",0.74
548,1000,5,"Clayton",2000,-2,"0.1(log(n))^2",0.89
549,1000,5,"Clayton",2000,-2,"0.1(log(n))^2",0.78
550,1000,5,"Clayton",2000,-2,"0.1(log(n))^2",0.35
551,1000,5,"Clayton",2000,-2,"0.1(log(n))^2",0.64
552,1000,5,"Clayton",2000,-2,"0.1(log(n))^2",0.43
553,1000,5,"Clayton",2000,-2,"0.1(log(n))^2",0.22
554,1000,5,"Clayton",2000,-2,"0.1(log(n))^2",0.97
555,1000,5,"Clayton",2000,-2,"0.1(log(n))^2",0.31
556,1000,5,"Clayton",2000,-2,"0.1(log(n))^2",0.85
557,1000,5,"Clayton",2000,-2,"0.1(log(n))^2",0.91
558,1000,5,"Clayton",2000,-2,"0.1(log(n))^2",0.14
559,1000,5,"Clayton",2000,-2,"0.1(log(n))^2",0.38
560,1000,5,"Clayton",2000,-2,"0.1(log(n))^2",0.13
561,1000,5,"Clayton",2000,-2,"0.1(log(n))^2",0.65
562,1000,5,"Clayton",2000,-2,"0.1(log(n))^2",0.1
563,1000,5,"Clayton",2000,-2,"0.1(log(n))^2",0.98
564,1000,5,"Clayton",2000,-2,"0.1(log(n))^2",0.92
565,1000,5,"Clayton",2000,-2,"0.1(log(n))^2",0.85
566,1000,5,"Clayton",2000,-2,"0.1(log(n))^2",0.48
567,1000,5,"Clayton",2000,-2,"0.1(log(n))^2",0.34
568,1000,5,"Clayton",2000,-2,"0.1(log(n))^2",0.89
569,1000,5,"Clayton",2000,-2,"0.1(log(n))^2",0.93
570,1000,5,"Clayton",2000,-2,"0.1(log(n))^2",0.82
571,1000,5,"Clayton",2000,-2,"0.1(log(n))^2",0.98
572,1000,5,"Clayton",2000,-2,"0.1(log(n))^2",0.81
573,1000,5,"Clayton",2000,-2,"0.1(log(n))^2",0.26
574,1000,5,"Clayton",2000,-2,"0.1(log(n))^2",0.24
575,1000,5,"Clayton",2000,-2,"0.1(log(n))^2",0.71
576,1000,5,"Clayton",2000,-2,"0.1(log(n))^2",0.79
577,1000,5,"Clayton",2000,-2,"0.1(log(n))^2",0.29
578,1000,5,"Clayton",2000,-2,"0.1(log(n))^2",0.97
579,1000,5,"Clayton",2000,-2,"0.1(log(n))^2",0.58
580,1000,5,"Clayton",2000,-2,"0.1(log(n))^2",0.77
581,1000,5,"Clayton",2000,-2,"0.1(log(n))^2",0.29
582,1000,5,"Clayton",2000,-2,"0.1(log(n))^2",0.87
583,1000,5,"Clayton",2000,-2,"0.1(log(n))^2",0.49
584,1000,5,"Clayton",2000,-2,"0.1(log(n))^2",0.6
585,1000,5,"Clayton",2000,-2,"0.1(log(n))^2",0.69
586,1000,5,"Clayton",2000,-2,"0.1(log(n))^2",0.81
587,1000,5,"Clayton",2000,-2,"0.1(log(n))^2",0.75
588,1000,5,"Clayton",2000,-2,"0.1(log(n))^2",0.85
589,1000,5,"Clayton",2000,-2,"0.1(log(n))^2",0.95
590,1000,5,"Clayton",2000,-2,"0.1(log(n))^2",1
591,1000,5,"Clayton",2000,-2,"0.1(log(n))^2",0.6
592,1000,5,"Clayton",2000,-2,"0.1(log(n))^2",0.77
593,1000,5,"Clayton",2000,-2,"0.1(log(n))^2",0.61
594,1000,5,"Clayton",2000,-2,"0.1(log(n))^2",0.79
595,1000,5,"Clayton",2000,-2,"0.1(log(n))^2",0.19
596,1000,5,"Clayton",2000,-2,"0.1(log(n))^2",0.19
597,1000,5,"Clayton",2000,-2,"0.1(log(n))^2",0.51
598,1000,5,"Clayton",2000,-2,"0.1(log(n))^2",0.41
599,1000,5,"Clayton",2000,-2,"0.1(log(n))^2",0.53
600,1000,5,"Clayton",2000,-2,"0.1(log(n))^2",0.42
601,1000,5,"Clayton",2000,-2,"0.1(log(n))^2",0.33
602,1000,5,"Clayton",2000,-2,"0.1(log(n))^2",0.17
603,1000,5,"Clayton",2000,-2,"0.1(log(n))^2",0.37
604,1000,5,"Clayton",2000,-2,"0.1(log(n))^2",0.84
605,1000,5,"Clayton",2000,-2,"0.1(log(n))^2",0.7
606,1000,5,"Clayton",2000,-2,"0.1(log(n))^2",0.27
607,1000,5,"Clayton",2000,-2,"0.1(log(n))^2",0.29
608,1000,5,"Clayton",2000,-2,"0.1(log(n))^2",0.84
609,1000,5,"Clayton",2000,-2,"0.1(log(n))^2",0.91
610,1000,5,"Clayton",2000,-2,"0.1(log(n))^2",0.62
611,1000,5,"Clayton",2000,-2,"0.1(log(n))^2",0.6
612,1000,5,"Clayton",2000,-2,"0.1(log(n))^2",0.62
613,1000,5,"Clayton",2000,-2,"0.1(log(n))^2",0.7
614,1000,5,"Clayton",2000,-2,"0.1(log(n))^2",0.77
615,1000,5,"Clayton",2000,-2,"0.1(log(n))^2",0.4
616,1000,5,"Clayton",2000,-2,"0.1(log(n))^2",0.81
617,1000,5,"Clayton",2000,-2,"0.1(log(n))^2",0.72
618,1000,5,"Clayton",2000,-2,"0.1(log(n))^2",0.75
619,1000,5,"Clayton",2000,-2,"0.1(log(n))^2",0.6
620,1000,5,"Clayton",2000,-2,"0.1(log(n))^2",0.1
621,1000,5,"Clayton",2000,-2,"0.1(log(n))^2",0.51
622,1000,5,"Clayton",2000,-2,"0.1(log(n))^2",0.79
623,1000,5,"Clayton",2000,-2,"0.1(log(n))^2",0.48
624,1000,5,"Clayton",2000,-2,"0.1(log(n))^2",0.68
625,1000,5,"Clayton",2000,-2,"0.1(log(n))^2",0.68
626,1000,5,"Clayton",2000,-2,"0.1(log(n))^2",0.23
627,1000,5,"Clayton",2000,-2,"0.1(log(n))^2",0.23
628,1000,5,"Clayton",2000,-2,"0.1(log(n))^2",0.64
629,1000,5,"Clayton",2000,-2,"0.1(log(n))^2",0.49
630,1000,5,"Clayton",2000,-2,"0.1(log(n))^2",0.03
631,1000,5,"Clayton",2000,-2,"0.1(log(n))^2",0.51
632,1000,5,"Clayton",2000,-2,"0.1(log(n))^2",0.93
633,1000,5,"Clayton",2000,-2,"0.1(log(n))^2",0.84
634,1000,5,"Clayton",2000,-2,"0.1(log(n))^2",0.58
635,1000,5,"Clayton",2000,-2,"0.1(log(n))^2",0.39
636,1000,5,"Clayton",2000,-2,"0.1(log(n))^2",0.95
637,1000,5,"Clayton",2000,-2,"0.1(log(n))^2",0.39
638,1000,5,"Clayton",2000,-2,"0.1(log(n))^2",0.08
639,1000,5,"Clayton",2000,-2,"0.1(log(n))^2",0.56
640,1000,5,"Clayton",2000,-2,"0.1(log(n))^2",0.66
641,1000,5,"Clayton",2000,-2,"0.1(log(n))^2",0.8
642,1000,5,"Clayton",2000,-2,"0.1(log(n))^2",0.66
643,1000,5,"Clayton",2000,-2,"0.1(log(n))^2",0.9
644,1000,5,"Clayton",2000,-2,"0.1(log(n))^2",0.09
645,1000,5,"Clayton",2000,-2,"0.1(log(n))^2",0.71
646,1000,5,"Clayton",2000,-2,"0.1(log(n))^2",0.74
647,1000,5,"Clayton",2000,-2,"0.1(log(n))^2",0.87
648,1000,5,"Clayton",2000,-2,"0.1(log(n))^2",0.77
649,1000,5,"Clayton",2000,-2,"0.1(log(n))^2",0.42
650,1000,5,"Clayton",2000,-2,"0.1(log(n))^2",0.6
651,1000,5,"Clayton",2000,-2,"0.1(log(n))^2",0.65
652,1000,5,"Clayton",2000,-2,"0.1(log(n))^2",0.69
653,1000,5,"Clayton",2000,-2,"0.1(log(n))^2",0.56
654,1000,5,"Clayton",2000,-2,"0.1(log(n))^2",0.56
655,1000,5,"Clayton",2000,-2,"0.1(log(n))^2",0.46
656,1000,5,"Clayton",2000,-2,"0.1(log(n))^2",0.23
657,1000,5,"Clayton",2000,-2,"0.1(log(n))^2",0.62
658,1000,5,"Clayton",2000,-2,"0.1(log(n))^2",0.77
659,1000,5,"Clayton",2000,-2,"0.1(log(n))^2",0.76
660,1000,5,"Clayton",2000,-2,"0.1(log(n))^2",0.95
661,1000,5,"Clayton",2000,-2,"0.1(log(n))^2",0.7
662,1000,5,"Clayton",2000,-2,"0.1(log(n))^2",0.78
663,1000,5,"Clayton",2000,-2,"0.1(log(n))^2",0.63
664,1000,5,"Clayton",2000,-2,"0.1(log(n))^2",0.5
665,1000,5,"Clayton",2000,-2,"0.1(log(n))^2",0.59
666,1000,5,"Clayton",2000,-2,"0.1(log(n))^2",0.37
667,1000,5,"Clayton",2000,-2,"0.1(log(n))^2",0.07
668,1000,5,"Clayton",2000,-2,"0.1(log(n))^2",0.59
669,1000,5,"Clayton",2000,-2,"0.1(log(n))^2",0.46
670,1000,5,"Clayton",2000,-2,"0.1(log(n))^2",0.26
671,1000,5,"Clayton",2000,-2,"0.1(log(n))^2",0.43
672,1000,5,"Clayton",2000,-2,"0.1(log(n))^2",0.77
673,1000,5,"Clayton",2000,-2,"0.1(log(n))^2",0.82
674,1000,5,"Clayton",2000,-2,"0.1(log(n))^2",0.3
675,1000,5,"Clayton",2000,-2,"0.1(log(n))^2",0.49
676,1000,5,"Clayton",2000,-2,"0.1(log(n))^2",0.85
677,1000,5,"Clayton",2000,-2,"0.1(log(n))^2",0.48
678,1000,5,"Clayton",2000,-2,"0.1(log(n))^2",0.59
679,1000,5,"Clayton",2000,-2,"0.1(log(n))^2",0.15
680,1000,5,"Clayton",2000,-2,"0.1(log(n))^2",0.67
681,1000,5,"Clayton",2000,-2,"0.1(log(n))^2",0.09
682,1000,5,"Clayton",2000,-2,"0.1(log(n))^2",0.36
683,1000,5,"Clayton",2000,-2,"0.1(log(n))^2",0.44
684,1000,5,"Clayton",2000,-2,"0.1(log(n))^2",0.58
685,1000,5,"Clayton",2000,-2,"0.1(log(n))^2",0.55
686,1000,5,"Clayton",2000,-2,"0.1(log(n))^2",0.47
687,1000,5,"Clayton",2000,-2,"0.1(log(n))^2",0.85
688,1000,5,"Clayton",2000,-2,"0.1(log(n))^2",0.89
689,1000,5,"Clayton",2000,-2,"0.1(log(n))^2",0.99
690,1000,5,"Clayton",2000,-2,"0.1(log(n))^2",0.54
691,1000,5,"Clayton",2000,-2,"0.1(log(n))^2",0.18
692,1000,5,"Clayton",2000,-2,"0.1(log(n))^2",0.59
693,1000,5,"Clayton",2000,-2,"0.1(log(n))^2",0.56
694,1000,5,"Clayton",2000,-2,"0.1(log(n))^2",0.46
695,1000,5,"Clayton",2000,-2,"0.1(log(n))^2",0.59
696,1000,5,"Clayton",2000,-2,"0.1(log(n))^2",0.66
697,1000,5,"Clayton",2000,-2,"0.1(log(n))^2",0.98
698,1000,5,"Clayton",2000,-2,"0.1(log(n))^2",0.29
699,1000,5,"Clayton",2000,-2,"0.1(log(n))^2",0.79
700,1000,5,"Clayton",2000,-2,"0.1(log(n))^2",0.43
701,1000,5,"Clayton",2000,-2,"0.1(log(n))^2",0.63
702,1000,5,"Clayton",2000,-2,"0.1(log(n))^2",0.45
703,1000,5,"Clayton",2000,-2,"0.1(log(n))^2",0.12
704,1000,5,"Clayton",2000,-2,"0.1(log(n))^2",0.61
705,1000,5,"Clayton",2000,-2,"0.1(log(n))^2",0.22
706,1000,5,"Clayton",2000,-2,"0.1(log(n))^2",0.52
707,1000,5,"Clayton",2000,-2,"0.1(log(n))^2",0.26
708,1000,5,"Clayton",2000,-2,"0.1(log(n))^2",0.54
709,1000,5,"Clayton",2000,-2,"0.1(log(n))^2",0.67
710,1000,5,"Clayton",2000,-2,"0.1(log(n))^2",0.73
711,1000,5,"Clayton",2000,-2,"0.1(log(n))^2",0.16
712,1000,5,"Clayton",2000,-2,"0.1(log(n))^2",0.42
713,1000,5,"Clayton",2000,-2,"0.1(log(n))^2",0.15
714,1000,5,"Clayton",2000,-2,"0.1(log(n))^2",0.26
715,1000,5,"Clayton",2000,-2,"0.1(log(n))^2",0.64
716,1000,5,"Clayton",2000,-2,"0.1(log(n))^2",0.32
717,1000,5,"Clayton",2000,-2,"0.1(log(n))^2",0.79
718,1000,5,"Clayton",2000,-2,"0.1(log(n))^2",0.07
719,1000,5,"Clayton",2000,-2,"0.1(log(n))^2",0.19
720,1000,5,"Clayton",2000,-2,"0.1(log(n))^2",0.13
721,1000,5,"Clayton",2000,-2,"0.1(log(n))^2",0.08
722,1000,5,"Clayton",2000,-2,"0.1(log(n))^2",0.72
723,1000,5,"Clayton",2000,-2,"0.1(log(n))^2",0.05
724,1000,5,"Clayton",2000,-2,"0.1(log(n))^2",0.58
725,1000,5,"Clayton",2000,-2,"0.1(log(n))^2",0.61
726,1000,5,"Clayton",2000,-2,"0.1(log(n))^2",0.17
727,1000,5,"Clayton",2000,-2,"0.1(log(n))^2",0.58
728,1000,5,"Clayton",2000,-2,"0.1(log(n))^2",0.9
729,1000,5,"Clayton",2000,-2,"0.1(log(n))^2",0.49
730,1000,5,"Clayton",2000,-2,"0.1(log(n))^2",0.88
731,1000,5,"Clayton",2000,-2,"0.1(log(n))^2",0.87
732,1000,5,"Clayton",2000,-2,"0.1(log(n))^2",0.42
733,1000,5,"Clayton",2000,-2,"0.1(log(n))^2",0.73
734,1000,5,"Clayton",2000,-2,"0.1(log(n))^2",0.09
735,1000,5,"Clayton",2000,-2,"0.1(log(n))^2",0.83
736,1000,5,"Clayton",2000,-2,"0.1(log(n))^2",0.83
737,1000,5,"Clayton",2000,-2,"0.1(log(n))^2",0.54
738,1000,5,"Clayton",2000,-2,"0.1(log(n))^2",0.15
739,1000,5,"Clayton",2000,-2,"0.1(log(n))^2",0.41
740,1000,5,"Clayton",2000,-2,"0.1(log(n))^2",0.77
741,1000,5,"Clayton",2000,-2,"0.1(log(n))^2",0.09
742,1000,5,"Clayton",2000,-2,"0.1(log(n))^2",0.89
743,1000,5,"Clayton",2000,-2,"0.1(log(n))^2",0.13
744,1000,5,"Clayton",2000,-2,"0.1(log(n))^2",0.78
745,1000,5,"Clayton",2000,-2,"0.1(log(n))^2",0.48
746,1000,5,"Clayton",2000,-2,"0.1(log(n))^2",0.46
747,1000,5,"Clayton",2000,-2,"0.1(log(n))^2",0.71
748,1000,5,"Clayton",2000,-2,"0.1(log(n))^2",0.14
749,1000,5,"Clayton",2000,-2,"0.1(log(n))^2",0.52
750,1000,5,"Clayton",2000,-2,"0.1(log(n))^2",0.76
751,1000,5,"Clayton",2000,-2,"0.1(log(n))^2",0.92
752,1000,5,"Clayton",2000,-2,"0.1(log(n))^2",0.18
753,1000,5,"Clayton",2000,-2,"0.1(log(n))^2",0.55
754,1000,5,"Clayton",2000,-2,"0.1(log(n))^2",0.49
755,1000,5,"Clayton",2000,-2,"0.1(log(n))^2",0.19
756,1000,5,"Clayton",2000,-2,"0.1(log(n))^2",0.31
757,1000,5,"Clayton",2000,-2,"0.1(log(n))^2",0.21
758,1000,5,"Clayton",2000,-2,"0.1(log(n))^2",0.27
759,1000,5,"Clayton",2000,-2,"0.1(log(n))^2",0.75
760,1000,5,"Clayton",2000,-2,"0.1(log(n))^2",0.8
761,1000,5,"Clayton",2000,-2,"0.1(log(n))^2",0.74
762,1000,5,"Clayton",2000,-2,"0.1(log(n))^2",0.93
763,1000,5,"Clayton",2000,-2,"0.1(log(n))^2",0.94
764,1000,5,"Clayton",2000,-2,"0.1(log(n))^2",0.85
765,1000,5,"Clayton",2000,-2,"0.1(log(n))^2",0.51
766,1000,5,"Clayton",2000,-2,"0.1(log(n))^2",0.82
767,1000,5,"Clayton",2000,-2,"0.1(log(n))^2",0.92
768,1000,5,"Clayton",2000,-2,"0.1(log(n))^2",0.57
769,1000,5,"Clayton",2000,-2,"0.1(log(n))^2",0.92
770,1000,5,"Clayton",2000,-2,"0.1(log(n))^2",0.33
771,1000,5,"Clayton",2000,-2,"0.1(log(n))^2",0.45
772,1000,5,"Clayton",2000,-2,"0.1(log(n))^2",0.88
773,1000,5,"Clayton",2000,-2,"0.1(log(n))^2",0.24
774,1000,5,"Clayton",2000,-2,"0.1(log(n))^2",0.74
775,1000,5,"Clayton",2000,-2,"0.1(log(n))^2",0.37
776,1000,5,"Clayton",2000,-2,"0.1(log(n))^2",0.95
777,1000,5,"Clayton",2000,-2,"0.1(log(n))^2",0.28
778,1000,5,"Clayton",2000,-2,"0.1(log(n))^2",0.91
779,1000,5,"Clayton",2000,-2,"0.1(log(n))^2",0.7
780,1000,5,"Clayton",2000,-2,"0.1(log(n))^2",0.16
781,1000,5,"Clayton",2000,-2,"0.1(log(n))^2",0.66
782,1000,5,"Clayton",2000,-2,"0.1(log(n))^2",0.96
783,1000,5,"Clayton",2000,-2,"0.1(log(n))^2",0.6
784,1000,5,"Clayton",2000,-2,"0.1(log(n))^2",0.43
785,1000,5,"Clayton",2000,-2,"0.1(log(n))^2",0.2
786,1000,5,"Clayton",2000,-2,"0.1(log(n))^2",0.63
787,1000,5,"Clayton",2000,-2,"0.1(log(n))^2",0.09
788,1000,5,"Clayton",2000,-2,"0.1(log(n))^2",0.48
789,1000,5,"Clayton",2000,-2,"0.1(log(n))^2",0.62
790,1000,5,"Clayton",2000,-2,"0.1(log(n))^2",0.37
791,1000,5,"Clayton",2000,-2,"0.1(log(n))^2",0.59
792,1000,5,"Clayton",2000,-2,"0.1(log(n))^2",0.9
793,1000,5,"Clayton",2000,-2,"0.1(log(n))^2",0.22
794,1000,5,"Clayton",2000,-2,"0.1(log(n))^2",0.47
795,1000,5,"Clayton",2000,-2,"0.1(log(n))^2",0.68
796,1000,5,"Clayton",2000,-2,"0.1(log(n))^2",0.7
797,1000,5,"Clayton",2000,-2,"0.1(log(n))^2",0.77
798,1000,5,"Clayton",2000,-2,"0.1(log(n))^2",0.36
799,1000,5,"Clayton",2000,-2,"0.1(log(n))^2",0.88
800,1000,5,"Clayton",2000,-2,"0.1(log(n))^2",0.99
801,1000,5,"Clayton",2000,-2,"0.1(log(n))^2",0.87
802,1000,5,"Clayton",2000,-2,"0.1(log(n))^2",0.85
803,1000,5,"Clayton",2000,-2,"0.1(log(n))^2",0.6
804,1000,5,"Clayton",2000,-2,"0.1(log(n))^2",0.64
805,1000,5,"Clayton",2000,-2,"0.1(log(n))^2",0.54
806,1000,5,"Clayton",2000,-2,"0.1(log(n))^2",0.46
807,1000,5,"Clayton",2000,-2,"0.1(log(n))^2",0.03
808,1000,5,"Clayton",2000,-2,"0.1(log(n))^2",0.75
809,1000,5,"Clayton",2000,-2,"0.1(log(n))^2",0.54
810,1000,5,"Clayton",2000,-2,"0.1(log(n))^2",0.28
811,1000,5,"Clayton",2000,-2,"0.1(log(n))^2",0.75
812,1000,5,"Clayton",2000,-2,"0.1(log(n))^2",0.24
813,1000,5,"Clayton",2000,-2,"0.1(log(n))^2",0.93
814,1000,5,"Clayton",2000,-2,"0.1(log(n))^2",0.3
815,1000,5,"Clayton",2000,-2,"0.1(log(n))^2",0.69
816,1000,5,"Clayton",2000,-2,"0.1(log(n))^2",0.59
817,1000,5,"Clayton",2000,-2,"0.1(log(n))^2",0.99
818,1000,5,"Clayton",2000,-2,"0.1(log(n))^2",0.25
819,1000,5,"Clayton",2000,-2,"0.1(log(n))^2",0.13
820,1000,5,"Clayton",2000,-2,"0.1(log(n))^2",0.43
821,1000,5,"Clayton",2000,-2,"0.1(log(n))^2",0.66
822,1000,5,"Clayton",2000,-2,"0.1(log(n))^2",0.15
823,1000,5,"Clayton",2000,-2,"0.1(log(n))^2",0.26
824,1000,5,"Clayton",2000,-2,"0.1(log(n))^2",0.71
825,1000,5,"Clayton",2000,-2,"0.1(log(n))^2",0.38
826,1000,5,"Clayton",2000,-2,"0.1(log(n))^2",0.7
827,1000,5,"Clayton",2000,-2,"0.1(log(n))^2",0.78
828,1000,5,"Clayton",2000,-2,"0.1(log(n))^2",0.25
829,1000,5,"Clayton",2000,-2,"0.1(log(n))^2",0.98
830,1000,5,"Clayton",2000,-2,"0.1(log(n))^2",0.51
831,1000,5,"Clayton",2000,-2,"0.1(log(n))^2",0.72
832,1000,5,"Clayton",2000,-2,"0.1(log(n))^2",0.75
833,1000,5,"Clayton",2000,-2,"0.1(log(n))^2",0.35
834,1000,5,"Clayton",2000,-2,"0.1(log(n))^2",0.96
835,1000,5,"Clayton",2000,-2,"0.1(log(n))^2",0.5
836,1000,5,"Clayton",2000,-2,"0.1(log(n))^2",0.55
837,1000,5,"Clayton",2000,-2,"0.1(log(n))^2",0.87
838,1000,5,"Clayton",2000,-2,"0.1(log(n))^2",0.9
839,1000,5,"Clayton",2000,-2,"0.1(log(n))^2",0.39
840,1000,5,"Clayton",2000,-2,"0.1(log(n))^2",0.52
841,1000,5,"Clayton",2000,-2,"0.1(log(n))^2",0.34
842,1000,5,"Clayton",2000,-2,"0.1(log(n))^2",0.89
843,1000,5,"Clayton",2000,-2,"0.1(log(n))^2",0.56
844,1000,5,"Clayton",2000,-2,"0.1(log(n))^2",0.37
845,1000,5,"Clayton",2000,-2,"0.1(log(n))^2",0.86
846,1000,5,"Clayton",2000,-2,"0.1(log(n))^2",0.29
847,1000,5,"Clayton",2000,-2,"0.1(log(n))^2",0.86
848,1000,5,"Clayton",2000,-2,"0.1(log(n))^2",0.48
849,1000,5,"Clayton",2000,-2,"0.1(log(n))^2",0.72
850,1000,5,"Clayton",2000,-2,"0.1(log(n))^2",0.34
851,1000,5,"Clayton",2000,-2,"0.1(log(n))^2",0.71
852,1000,5,"Clayton",2000,-2,"0.1(log(n))^2",0.41
853,1000,5,"Clayton",2000,-2,"0.1(log(n))^2",0.44
854,1000,5,"Clayton",2000,-2,"0.1(log(n))^2",0.66
855,1000,5,"Clayton",2000,-2,"0.1(log(n))^2",0.4
856,1000,5,"Clayton",2000,-2,"0.1(log(n))^2",0.53
857,1000,5,"Clayton",2000,-2,"0.1(log(n))^2",0.9
858,1000,5,"Clayton",2000,-2,"0.1(log(n))^2",0.92
859,1000,5,"Clayton",2000,-2,"0.1(log(n))^2",0.47
860,1000,5,"Clayton",2000,-2,"0.1(log(n))^2",0.45
861,1000,5,"Clayton",2000,-2,"0.1(log(n))^2",0.73
862,1000,5,"Clayton",2000,-2,"0.1(log(n))^2",0.66
863,1000,5,"Clayton",2000,-2,"0.1(log(n))^2",0.3
864,1000,5,"Clayton",2000,-2,"0.1(log(n))^2",0.51
865,1000,5,"Clayton",2000,-2,"0.1(log(n))^2",0.07
866,1000,5,"Clayton",2000,-2,"0.1(log(n))^2",0.42
867,1000,5,"Clayton",2000,-2,"0.1(log(n))^2",0.3
868,1000,5,"Clayton",2000,-2,"0.1(log(n))^2",0.5
869,1000,5,"Clayton",2000,-2,"0.1(log(n))^2",0.6
870,1000,5,"Clayton",2000,-2,"0.1(log(n))^2",0.61
871,1000,5,"Clayton",2000,-2,"0.1(log(n))^2",0.57
872,1000,5,"Clayton",2000,-2,"0.1(log(n))^2",0.88
873,1000,5,"Clayton",2000,-2,"0.1(log(n))^2",0.52
874,1000,5,"Clayton",2000,-2,"0.1(log(n))^2",0.66
875,1000,5,"Clayton",2000,-2,"0.1(log(n))^2",0.53
876,1000,5,"Clayton",2000,-2,"0.1(log(n))^2",0.77
877,1000,5,"Clayton",2000,-2,"0.1(log(n))^2",0.99
878,1000,5,"Clayton",2000,-2,"0.1(log(n))^2",0.67
879,1000,5,"Clayton",2000,-2,"0.1(log(n))^2",0.17
880,1000,5,"Clayton",2000,-2,"0.1(log(n))^2",0.2
881,1000,5,"Clayton",2000,-2,"0.1(log(n))^2",0.94
882,1000,5,"Clayton",2000,-2,"0.1(log(n))^2",0.13
883,1000,5,"Clayton",2000,-2,"0.1(log(n))^2",0.95
884,1000,5,"Clayton",2000,-2,"0.1(log(n))^2",0.02
885,1000,5,"Clayton",2000,-2,"0.1(log(n))^2",0.75
886,1000,5,"Clayton",2000,-2,"0.1(log(n))^2",0.3
887,1000,5,"Clayton",2000,-2,"0.1(log(n))^2",0.46
888,1000,5,"Clayton",2000,-2,"0.1(log(n))^2",0.58
889,1000,5,"Clayton",2000,-2,"0.1(log(n))^2",0.23
890,1000,5,"Clayton",2000,-2,"0.1(log(n))^2",0.93
891,1000,5,"Clayton",2000,-2,"0.1(log(n))^2",0.6
892,1000,5,"Clayton",2000,-2,"0.1(log(n))^2",0.22
893,1000,5,"Clayton",2000,-2,"0.1(log(n))^2",0.33
894,1000,5,"Clayton",2000,-2,"0.1(log(n))^2",0.63
895,1000,5,"Clayton",2000,-2,"0.1(log(n))^2",0.24
896,1000,5,"Clayton",2000,-2,"0.1(log(n))^2",0.82
897,1000,5,"Clayton",2000,-2,"0.1(log(n))^2",0.54
898,1000,5,"Clayton",2000,-2,"0.1(log(n))^2",0.69
899,1000,5,"Clayton",2000,-2,"0.1(log(n))^2",0.64
900,1000,5,"Clayton",2000,-2,"0.1(log(n))^2",0.65
901,1000,5,"Clayton",2000,-2,"0.1(log(n))^2",0.78
902,1000,5,"Clayton",2000,-2,"0.1(log(n))^2",0.6
903,1000,5,"Clayton",2000,-2,"0.1(log(n))^2",0.2
904,1000,5,"Clayton",2000,-2,"0.1(log(n))^2",0.74
905,1000,5,"Clayton",2000,-2,"0.1(log(n))^2",0.51
906,1000,5,"Clayton",2000,-2,"0.1(log(n))^2",0.92
907,1000,5,"Clayton",2000,-2,"0.1(log(n))^2",0.48
908,1000,5,"Clayton",2000,-2,"0.1(log(n))^2",0.44
909,1000,5,"Clayton",2000,-2,"0.1(log(n))^2",0.67
910,1000,5,"Clayton",2000,-2,"0.1(log(n))^2",0.17
911,1000,5,"Clayton",2000,-2,"0.1(log(n))^2",0.86
912,1000,5,"Clayton",2000,-2,"0.1(log(n))^2",0.71
913,1000,5,"Clayton",2000,-2,"0.1(log(n))^2",0.64
914,1000,5,"Clayton",2000,-2,"0.1(log(n))^2",0.4
915,1000,5,"Clayton",2000,-2,"0.1(log(n))^2",0.73
916,1000,5,"Clayton",2000,-2,"0.1(log(n))^2",0.78
917,1000,5,"Clayton",2000,-2,"0.1(log(n))^2",0.06
918,1000,5,"Clayton",2000,-2,"0.1(log(n))^2",0.5
919,1000,5,"Clayton",2000,-2,"0.1(log(n))^2",0.4
920,1000,5,"Clayton",2000,-2,"0.1(log(n))^2",0.62
921,1000,5,"Clayton",2000,-2,"0.1(log(n))^2",0.2
922,1000,5,"Clayton",2000,-2,"0.1(log(n))^2",0.18
923,1000,5,"Clayton",2000,-2,"0.1(log(n))^2",0.63
924,1000,5,"Clayton",2000,-2,"0.1(log(n))^2",0.89
925,1000,5,"Clayton",2000,-2,"0.1(log(n))^2",0.95
926,1000,5,"Clayton",2000,-2,"0.1(log(n))^2",0.07
927,1000,5,"Clayton",2000,-2,"0.1(log(n))^2",0.65
928,1000,5,"Clayton",2000,-2,"0.1(log(n))^2",0.63
929,1000,5,"Clayton",2000,-2,"0.1(log(n))^2",0.43
930,1000,5,"Clayton",2000,-2,"0.1(log(n))^2",0.6
931,1000,5,"Clayton",2000,-2,"0.1(log(n))^2",0.49
932,1000,5,"Clayton",2000,-2,"0.1(log(n))^2",0.58
933,1000,5,"Clayton",2000,-2,"0.1(log(n))^2",0.67
934,1000,5,"Clayton",2000,-2,"0.1(log(n))^2",0.84
935,1000,5,"Clayton",2000,-2,"0.1(log(n))^2",0.61
936,1000,5,"Clayton",2000,-2,"0.1(log(n))^2",0.02
937,1000,5,"Clayton",2000,-2,"0.1(log(n))^2",0.82
938,1000,5,"Clayton",2000,-2,"0.1(log(n))^2",0.62
939,1000,5,"Clayton",2000,-2,"0.1(log(n))^2",0.47
940,1000,5,"Clayton",2000,-2,"0.1(log(n))^2",0.32
941,1000,5,"Clayton",2000,-2,"0.1(log(n))^2",0.13
942,1000,5,"Clayton",2000,-2,"0.1(log(n))^2",0.29
943,1000,5,"Clayton",2000,-2,"0.1(log(n))^2",0.73
944,1000,5,"Clayton",2000,-2,"0.1(log(n))^2",0.2
945,1000,5,"Clayton",2000,-2,"0.1(log(n))^2",0.4
946,1000,5,"Clayton",2000,-2,"0.1(log(n))^2",0.3
947,1000,5,"Clayton",2000,-2,"0.1(log(n))^2",0.5
948,1000,5,"Clayton",2000,-2,"0.1(log(n))^2",0.71
949,1000,5,"Clayton",2000,-2,"0.1(log(n))^2",0.8
950,1000,5,"Clayton",2000,-2,"0.1(log(n))^2",0.87
951,1000,5,"Clayton",2000,-2,"0.1(log(n))^2",0.78
952,1000,5,"Clayton",2000,-2,"0.1(log(n))^2",0.89
953,1000,5,"Clayton",2000,-2,"0.1(log(n))^2",0.23
954,1000,5,"Clayton",2000,-2,"0.1(log(n))^2",0.19
955,1000,5,"Clayton",2000,-2,"0.1(log(n))^2",0.59
956,1000,5,"Clayton",2000,-2,"0.1(log(n))^2",0.79
957,1000,5,"Clayton",2000,-2,"0.1(log(n))^2",0.68
958,1000,5,"Clayton",2000,-2,"0.1(log(n))^2",0.97
959,1000,5,"Clayton",2000,-2,"0.1(log(n))^2",0.55
960,1000,5,"Clayton",2000,-2,"0.1(log(n))^2",0.16
961,1000,5,"Clayton",2000,-2,"0.1(log(n))^2",0.62
962,1000,5,"Clayton",2000,-2,"0.1(log(n))^2",0.74
963,1000,5,"Clayton",2000,-2,"0.1(log(n))^2",0.37
964,1000,5,"Clayton",2000,-2,"0.1(log(n))^2",0.49
965,1000,5,"Clayton",2000,-2,"0.1(log(n))^2",0.26
966,1000,5,"Clayton",2000,-2,"0.1(log(n))^2",0.39
967,1000,5,"Clayton",2000,-2,"0.1(log(n))^2",0.89
968,1000,5,"Clayton",2000,-2,"0.1(log(n))^2",0.43
969,1000,5,"Clayton",2000,-2,"0.1(log(n))^2",0.56
970,1000,5,"Clayton",2000,-2,"0.1(log(n))^2",0.32
971,1000,5,"Clayton",2000,-2,"0.1(log(n))^2",0.67
972,1000,5,"Clayton",2000,-2,"0.1(log(n))^2",0.92
973,1000,5,"Clayton",2000,-2,"0.1(log(n))^2",0.74
974,1000,5,"Clayton",2000,-2,"0.1(log(n))^2",0.5
975,1000,5,"Clayton",2000,-2,"0.1(log(n))^2",0.3
976,1000,5,"Clayton",2000,-2,"0.1(log(n))^2",0.95
977,1000,5,"Clayton",2000,-2,"0.1(log(n))^2",0.54
978,1000,5,"Clayton",2000,-2,"0.1(log(n))^2",0.3
979,1000,5,"Clayton",2000,-2,"0.1(log(n))^2",0.81
980,1000,5,"Clayton",2000,-2,"0.1(log(n))^2",0.01
981,1000,5,"Clayton",2000,-2,"0.1(log(n))^2",0.48
982,1000,5,"Clayton",2000,-2,"0.1(log(n))^2",0.06
983,1000,5,"Clayton",2000,-2,"0.1(log(n))^2",0.88
984,1000,5,"Clayton",2000,-2,"0.1(log(n))^2",0.77
985,1000,5,"Clayton",2000,-2,"0.1(log(n))^2",0.63
986,1000,5,"Clayton",2000,-2,"0.1(log(n))^2",0.64
987,1000,5,"Clayton",2000,-2,"0.1(log(n))^2",0.04
988,1000,5,"Clayton",2000,-2,"0.1(log(n))^2",0.22
989,1000,5,"Clayton",2000,-2,"0.1(log(n))^2",0.91
990,1000,5,"Clayton",2000,-2,"0.1(log(n))^2",0.69
991,1000,5,"Clayton",2000,-2,"0.1(log(n))^2",0.63
992,1000,5,"Clayton",2000,-2,"0.1(log(n))^2",0.4
993,1000,5,"Clayton",2000,-2,"0.1(log(n))^2",0.8
994,1000,5,"Clayton",2000,-2,"0.1(log(n))^2",0.63
995,1000,5,"Clayton",2000,-2,"0.1(log(n))^2",0.5
996,1000,5,"Clayton",2000,-2,"0.1(log(n))^2",0.63
997,1000,5,"Clayton",2000,-2,"0.1(log(n))^2",0.79
998,1000,5,"Clayton",2000,-2,"0.1(log(n))^2",0.59
999,1000,5,"Clayton",2000,-2,"0.1(log(n))^2",0.24
1000,1000,5,"Clayton",2000,-2,"0.1(log(n))^2",0.06
