"iteration","level","d","dgp_name","n_values","tau","L_n_type","stat"
1,1000,2,"T_Copula",2000,-2,"1(log(n))^2",0.92
2,1000,2,"T_Copula",2000,-2,"1(log(n))^2",0.73
3,1000,2,"T_Copula",2000,-2,"1(log(n))^2",0.16
4,1000,2,"T_Copula",2000,-2,"1(log(n))^2",0.23
5,1000,2,"T_Copula",2000,-2,"1(log(n))^2",0.49
6,1000,2,"T_Copula",2000,-2,"1(log(n))^2",0.47
7,1000,2,"T_Copula",2000,-2,"1(log(n))^2",0.99
8,1000,2,"T_Copula",2000,-2,"1(log(n))^2",0.67
9,1000,2,"T_Copula",2000,-2,"1(log(n))^2",0.44
10,1000,2,"T_Copula",2000,-2,"1(log(n))^2",0.75
11,1000,2,"T_Copula",2000,-2,"1(log(n))^2",0.84
12,1000,2,"T_Copula",2000,-2,"1(log(n))^2",0.37
13,1000,2,"T_Copula",2000,-2,"1(log(n))^2",0.57
14,1000,2,"T_Copula",2000,-2,"1(log(n))^2",0.44
15,1000,2,"T_Copula",2000,-2,"1(log(n))^2",0.51
16,1000,2,"T_Copula",2000,-2,"1(log(n))^2",0.5
17,1000,2,"T_Copula",2000,-2,"1(log(n))^2",0.56
18,1000,2,"T_Copula",2000,-2,"1(log(n))^2",0.67
19,1000,2,"T_Copula",2000,-2,"1(log(n))^2",0.62
20,1000,2,"T_Copula",2000,-2,"1(log(n))^2",0.74
21,1000,2,"T_Copula",2000,-2,"1(log(n))^2",0.66
22,1000,2,"T_Copula",2000,-2,"1(log(n))^2",0.26
23,1000,2,"T_Copula",2000,-2,"1(log(n))^2",0.26
24,1000,2,"T_Copula",2000,-2,"1(log(n))^2",0.42
25,1000,2,"T_Copula",2000,-2,"1(log(n))^2",0.56
26,1000,2,"T_Copula",2000,-2,"1(log(n))^2",0.83
27,1000,2,"T_Copula",2000,-2,"1(log(n))^2",0.1
28,1000,2,"T_Copula",2000,-2,"1(log(n))^2",0.77
29,1000,2,"T_Copula",2000,-2,"1(log(n))^2",0.96
30,1000,2,"T_Copula",2000,-2,"1(log(n))^2",0.3
31,1000,2,"T_Copula",2000,-2,"1(log(n))^2",0.64
32,1000,2,"T_Copula",2000,-2,"1(log(n))^2",0.76
33,1000,2,"T_Copula",2000,-2,"1(log(n))^2",0.72
34,1000,2,"T_Copula",2000,-2,"1(log(n))^2",0.94
35,1000,2,"T_Copula",2000,-2,"1(log(n))^2",0.66
36,1000,2,"T_Copula",2000,-2,"1(log(n))^2",0.98
37,1000,2,"T_Copula",2000,-2,"1(log(n))^2",0.77
38,1000,2,"T_Copula",2000,-2,"1(log(n))^2",1
39,1000,2,"T_Copula",2000,-2,"1(log(n))^2",0.47
40,1000,2,"T_Copula",2000,-2,"1(log(n))^2",0.42
41,1000,2,"T_Copula",2000,-2,"1(log(n))^2",0.92
42,1000,2,"T_Copula",2000,-2,"1(log(n))^2",0.64
43,1000,2,"T_Copula",2000,-2,"1(log(n))^2",0.95
44,1000,2,"T_Copula",2000,-2,"1(log(n))^2",0.6
45,1000,2,"T_Copula",2000,-2,"1(log(n))^2",0.86
46,1000,2,"T_Copula",2000,-2,"1(log(n))^2",0.6
47,1000,2,"T_Copula",2000,-2,"1(log(n))^2",0.88
48,1000,2,"T_Copula",2000,-2,"1(log(n))^2",0.11
49,1000,2,"T_Copula",2000,-2,"1(log(n))^2",1
50,1000,2,"T_Copula",2000,-2,"1(log(n))^2",0.21
51,1000,2,"T_Copula",2000,-2,"1(log(n))^2",0.34
52,1000,2,"T_Copula",2000,-2,"1(log(n))^2",0.45
53,1000,2,"T_Copula",2000,-2,"1(log(n))^2",0.82
54,1000,2,"T_Copula",2000,-2,"1(log(n))^2",0.35
55,1000,2,"T_Copula",2000,-2,"1(log(n))^2",0.56
56,1000,2,"T_Copula",2000,-2,"1(log(n))^2",0.75
57,1000,2,"T_Copula",2000,-2,"1(log(n))^2",0.83
58,1000,2,"T_Copula",2000,-2,"1(log(n))^2",0.83
59,1000,2,"T_Copula",2000,-2,"1(log(n))^2",0.38
60,1000,2,"T_Copula",2000,-2,"1(log(n))^2",0.59
61,1000,2,"T_Copula",2000,-2,"1(log(n))^2",0.63
62,1000,2,"T_Copula",2000,-2,"1(log(n))^2",0.29
63,1000,2,"T_Copula",2000,-2,"1(log(n))^2",0.97
64,1000,2,"T_Copula",2000,-2,"1(log(n))^2",0.79
65,1000,2,"T_Copula",2000,-2,"1(log(n))^2",0.69
66,1000,2,"T_Copula",2000,-2,"1(log(n))^2",0.99
67,1000,2,"T_Copula",2000,-2,"1(log(n))^2",0.47
68,1000,2,"T_Copula",2000,-2,"1(log(n))^2",0.58
69,1000,2,"T_Copula",2000,-2,"1(log(n))^2",0.95
70,1000,2,"T_Copula",2000,-2,"1(log(n))^2",0.08
71,1000,2,"T_Copula",2000,-2,"1(log(n))^2",0.45
72,1000,2,"T_Copula",2000,-2,"1(log(n))^2",0.8
73,1000,2,"T_Copula",2000,-2,"1(log(n))^2",0.58
74,1000,2,"T_Copula",2000,-2,"1(log(n))^2",0.66
75,1000,2,"T_Copula",2000,-2,"1(log(n))^2",0.65
76,1000,2,"T_Copula",2000,-2,"1(log(n))^2",0.82
77,1000,2,"T_Copula",2000,-2,"1(log(n))^2",0.88
78,1000,2,"T_Copula",2000,-2,"1(log(n))^2",0.99
79,1000,2,"T_Copula",2000,-2,"1(log(n))^2",0.79
80,1000,2,"T_Copula",2000,-2,"1(log(n))^2",0.12
81,1000,2,"T_Copula",2000,-2,"1(log(n))^2",0.98
82,1000,2,"T_Copula",2000,-2,"1(log(n))^2",0.89
83,1000,2,"T_Copula",2000,-2,"1(log(n))^2",0.21
84,1000,2,"T_Copula",2000,-2,"1(log(n))^2",0.93
85,1000,2,"T_Copula",2000,-2,"1(log(n))^2",0.92
86,1000,2,"T_Copula",2000,-2,"1(log(n))^2",0.62
87,1000,2,"T_Copula",2000,-2,"1(log(n))^2",0.79
88,1000,2,"T_Copula",2000,-2,"1(log(n))^2",0.88
89,1000,2,"T_Copula",2000,-2,"1(log(n))^2",0.85
90,1000,2,"T_Copula",2000,-2,"1(log(n))^2",0.99
91,1000,2,"T_Copula",2000,-2,"1(log(n))^2",0.46
92,1000,2,"T_Copula",2000,-2,"1(log(n))^2",0.62
93,1000,2,"T_Copula",2000,-2,"1(log(n))^2",0.49
94,1000,2,"T_Copula",2000,-2,"1(log(n))^2",0.96
95,1000,2,"T_Copula",2000,-2,"1(log(n))^2",0.7
96,1000,2,"T_Copula",2000,-2,"1(log(n))^2",0.28
97,1000,2,"T_Copula",2000,-2,"1(log(n))^2",0.12
98,1000,2,"T_Copula",2000,-2,"1(log(n))^2",0.23
99,1000,2,"T_Copula",2000,-2,"1(log(n))^2",0.83
100,1000,2,"T_Copula",2000,-2,"1(log(n))^2",0.94
101,1000,2,"T_Copula",2000,-2,"1(log(n))^2",0.97
102,1000,2,"T_Copula",2000,-2,"1(log(n))^2",0.76
103,1000,2,"T_Copula",2000,-2,"1(log(n))^2",0.84
104,1000,2,"T_Copula",2000,-2,"1(log(n))^2",0.59
105,1000,2,"T_Copula",2000,-2,"1(log(n))^2",0.43
106,1000,2,"T_Copula",2000,-2,"1(log(n))^2",0.87
107,1000,2,"T_Copula",2000,-2,"1(log(n))^2",0.92
108,1000,2,"T_Copula",2000,-2,"1(log(n))^2",0.95
109,1000,2,"T_Copula",2000,-2,"1(log(n))^2",0.98
110,1000,2,"T_Copula",2000,-2,"1(log(n))^2",0.83
111,1000,2,"T_Copula",2000,-2,"1(log(n))^2",0.95
112,1000,2,"T_Copula",2000,-2,"1(log(n))^2",0.99
113,1000,2,"T_Copula",2000,-2,"1(log(n))^2",0.4
114,1000,2,"T_Copula",2000,-2,"1(log(n))^2",0.68
115,1000,2,"T_Copula",2000,-2,"1(log(n))^2",0.98
116,1000,2,"T_Copula",2000,-2,"1(log(n))^2",0.93
117,1000,2,"T_Copula",2000,-2,"1(log(n))^2",0.81
118,1000,2,"T_Copula",2000,-2,"1(log(n))^2",0.72
119,1000,2,"T_Copula",2000,-2,"1(log(n))^2",0.05
120,1000,2,"T_Copula",2000,-2,"1(log(n))^2",0.81
121,1000,2,"T_Copula",2000,-2,"1(log(n))^2",0.94
122,1000,2,"T_Copula",2000,-2,"1(log(n))^2",0.74
123,1000,2,"T_Copula",2000,-2,"1(log(n))^2",0.74
124,1000,2,"T_Copula",2000,-2,"1(log(n))^2",0.38
125,1000,2,"T_Copula",2000,-2,"1(log(n))^2",0.26
126,1000,2,"T_Copula",2000,-2,"1(log(n))^2",0.93
127,1000,2,"T_Copula",2000,-2,"1(log(n))^2",0.72
128,1000,2,"T_Copula",2000,-2,"1(log(n))^2",1
129,1000,2,"T_Copula",2000,-2,"1(log(n))^2",0.44
130,1000,2,"T_Copula",2000,-2,"1(log(n))^2",0.65
131,1000,2,"T_Copula",2000,-2,"1(log(n))^2",0.68
132,1000,2,"T_Copula",2000,-2,"1(log(n))^2",0.38
133,1000,2,"T_Copula",2000,-2,"1(log(n))^2",0.97
134,1000,2,"T_Copula",2000,-2,"1(log(n))^2",0.5
135,1000,2,"T_Copula",2000,-2,"1(log(n))^2",0.93
136,1000,2,"T_Copula",2000,-2,"1(log(n))^2",0.14
137,1000,2,"T_Copula",2000,-2,"1(log(n))^2",0.3
138,1000,2,"T_Copula",2000,-2,"1(log(n))^2",0.87
139,1000,2,"T_Copula",2000,-2,"1(log(n))^2",0.73
140,1000,2,"T_Copula",2000,-2,"1(log(n))^2",0.42
141,1000,2,"T_Copula",2000,-2,"1(log(n))^2",0.82
142,1000,2,"T_Copula",2000,-2,"1(log(n))^2",0.58
143,1000,2,"T_Copula",2000,-2,"1(log(n))^2",0.3
144,1000,2,"T_Copula",2000,-2,"1(log(n))^2",0.87
145,1000,2,"T_Copula",2000,-2,"1(log(n))^2",0.86
146,1000,2,"T_Copula",2000,-2,"1(log(n))^2",0.58
147,1000,2,"T_Copula",2000,-2,"1(log(n))^2",0.73
148,1000,2,"T_Copula",2000,-2,"1(log(n))^2",0.46
149,1000,2,"T_Copula",2000,-2,"1(log(n))^2",0.76
150,1000,2,"T_Copula",2000,-2,"1(log(n))^2",0.69
151,1000,2,"T_Copula",2000,-2,"1(log(n))^2",0.85
152,1000,2,"T_Copula",2000,-2,"1(log(n))^2",0.46
153,1000,2,"T_Copula",2000,-2,"1(log(n))^2",0.64
154,1000,2,"T_Copula",2000,-2,"1(log(n))^2",0.74
155,1000,2,"T_Copula",2000,-2,"1(log(n))^2",0.82
156,1000,2,"T_Copula",2000,-2,"1(log(n))^2",0.42
157,1000,2,"T_Copula",2000,-2,"1(log(n))^2",0.65
158,1000,2,"T_Copula",2000,-2,"1(log(n))^2",0.75
159,1000,2,"T_Copula",2000,-2,"1(log(n))^2",0.21
160,1000,2,"T_Copula",2000,-2,"1(log(n))^2",0.71
161,1000,2,"T_Copula",2000,-2,"1(log(n))^2",0.75
162,1000,2,"T_Copula",2000,-2,"1(log(n))^2",0.28
163,1000,2,"T_Copula",2000,-2,"1(log(n))^2",0.95
164,1000,2,"T_Copula",2000,-2,"1(log(n))^2",0.37
165,1000,2,"T_Copula",2000,-2,"1(log(n))^2",1
166,1000,2,"T_Copula",2000,-2,"1(log(n))^2",0.97
167,1000,2,"T_Copula",2000,-2,"1(log(n))^2",0.02
168,1000,2,"T_Copula",2000,-2,"1(log(n))^2",0.66
169,1000,2,"T_Copula",2000,-2,"1(log(n))^2",0.84
170,1000,2,"T_Copula",2000,-2,"1(log(n))^2",0.06
171,1000,2,"T_Copula",2000,-2,"1(log(n))^2",0.55
172,1000,2,"T_Copula",2000,-2,"1(log(n))^2",0.89
173,1000,2,"T_Copula",2000,-2,"1(log(n))^2",0.82
174,1000,2,"T_Copula",2000,-2,"1(log(n))^2",0.82
175,1000,2,"T_Copula",2000,-2,"1(log(n))^2",0.24
176,1000,2,"T_Copula",2000,-2,"1(log(n))^2",0.32
177,1000,2,"T_Copula",2000,-2,"1(log(n))^2",0.86
178,1000,2,"T_Copula",2000,-2,"1(log(n))^2",1
179,1000,2,"T_Copula",2000,-2,"1(log(n))^2",0.22
180,1000,2,"T_Copula",2000,-2,"1(log(n))^2",0.56
181,1000,2,"T_Copula",2000,-2,"1(log(n))^2",0.95
182,1000,2,"T_Copula",2000,-2,"1(log(n))^2",0.4
183,1000,2,"T_Copula",2000,-2,"1(log(n))^2",0.38
184,1000,2,"T_Copula",2000,-2,"1(log(n))^2",0.85
185,1000,2,"T_Copula",2000,-2,"1(log(n))^2",0.62
186,1000,2,"T_Copula",2000,-2,"1(log(n))^2",0.67
187,1000,2,"T_Copula",2000,-2,"1(log(n))^2",0.32
188,1000,2,"T_Copula",2000,-2,"1(log(n))^2",0.68
189,1000,2,"T_Copula",2000,-2,"1(log(n))^2",0.59
190,1000,2,"T_Copula",2000,-2,"1(log(n))^2",0.94
191,1000,2,"T_Copula",2000,-2,"1(log(n))^2",0.97
192,1000,2,"T_Copula",2000,-2,"1(log(n))^2",0.79
193,1000,2,"T_Copula",2000,-2,"1(log(n))^2",1
194,1000,2,"T_Copula",2000,-2,"1(log(n))^2",0.62
195,1000,2,"T_Copula",2000,-2,"1(log(n))^2",0.91
196,1000,2,"T_Copula",2000,-2,"1(log(n))^2",0.73
197,1000,2,"T_Copula",2000,-2,"1(log(n))^2",0.55
198,1000,2,"T_Copula",2000,-2,"1(log(n))^2",0.29
199,1000,2,"T_Copula",2000,-2,"1(log(n))^2",0.49
200,1000,2,"T_Copula",2000,-2,"1(log(n))^2",1
201,1000,2,"T_Copula",2000,-2,"1(log(n))^2",0.33
202,1000,2,"T_Copula",2000,-2,"1(log(n))^2",0.53
203,1000,2,"T_Copula",2000,-2,"1(log(n))^2",0.54
204,1000,2,"T_Copula",2000,-2,"1(log(n))^2",0.86
205,1000,2,"T_Copula",2000,-2,"1(log(n))^2",0.14
206,1000,2,"T_Copula",2000,-2,"1(log(n))^2",0.68
207,1000,2,"T_Copula",2000,-2,"1(log(n))^2",0.55
208,1000,2,"T_Copula",2000,-2,"1(log(n))^2",0.31
209,1000,2,"T_Copula",2000,-2,"1(log(n))^2",0.52
210,1000,2,"T_Copula",2000,-2,"1(log(n))^2",0.17
211,1000,2,"T_Copula",2000,-2,"1(log(n))^2",0.95
212,1000,2,"T_Copula",2000,-2,"1(log(n))^2",0.74
213,1000,2,"T_Copula",2000,-2,"1(log(n))^2",0.53
214,1000,2,"T_Copula",2000,-2,"1(log(n))^2",0.3
215,1000,2,"T_Copula",2000,-2,"1(log(n))^2",0.91
216,1000,2,"T_Copula",2000,-2,"1(log(n))^2",0.83
217,1000,2,"T_Copula",2000,-2,"1(log(n))^2",0.92
218,1000,2,"T_Copula",2000,-2,"1(log(n))^2",0.45
219,1000,2,"T_Copula",2000,-2,"1(log(n))^2",0.54
220,1000,2,"T_Copula",2000,-2,"1(log(n))^2",0.51
221,1000,2,"T_Copula",2000,-2,"1(log(n))^2",0.74
222,1000,2,"T_Copula",2000,-2,"1(log(n))^2",0.75
223,1000,2,"T_Copula",2000,-2,"1(log(n))^2",0.6
224,1000,2,"T_Copula",2000,-2,"1(log(n))^2",0.55
225,1000,2,"T_Copula",2000,-2,"1(log(n))^2",0.89
226,1000,2,"T_Copula",2000,-2,"1(log(n))^2",0.9
227,1000,2,"T_Copula",2000,-2,"1(log(n))^2",0.98
228,1000,2,"T_Copula",2000,-2,"1(log(n))^2",0.4
229,1000,2,"T_Copula",2000,-2,"1(log(n))^2",0.8
230,1000,2,"T_Copula",2000,-2,"1(log(n))^2",0.44
231,1000,2,"T_Copula",2000,-2,"1(log(n))^2",0.46
232,1000,2,"T_Copula",2000,-2,"1(log(n))^2",0.76
233,1000,2,"T_Copula",2000,-2,"1(log(n))^2",0.35
234,1000,2,"T_Copula",2000,-2,"1(log(n))^2",0.57
235,1000,2,"T_Copula",2000,-2,"1(log(n))^2",0.72
236,1000,2,"T_Copula",2000,-2,"1(log(n))^2",0.35
237,1000,2,"T_Copula",2000,-2,"1(log(n))^2",0.61
238,1000,2,"T_Copula",2000,-2,"1(log(n))^2",0.69
239,1000,2,"T_Copula",2000,-2,"1(log(n))^2",0.59
240,1000,2,"T_Copula",2000,-2,"1(log(n))^2",0.57
241,1000,2,"T_Copula",2000,-2,"1(log(n))^2",0.97
242,1000,2,"T_Copula",2000,-2,"1(log(n))^2",0.66
243,1000,2,"T_Copula",2000,-2,"1(log(n))^2",0.98
244,1000,2,"T_Copula",2000,-2,"1(log(n))^2",0.59
245,1000,2,"T_Copula",2000,-2,"1(log(n))^2",0.93
246,1000,2,"T_Copula",2000,-2,"1(log(n))^2",0.43
247,1000,2,"T_Copula",2000,-2,"1(log(n))^2",0.86
248,1000,2,"T_Copula",2000,-2,"1(log(n))^2",0.57
249,1000,2,"T_Copula",2000,-2,"1(log(n))^2",0.79
250,1000,2,"T_Copula",2000,-2,"1(log(n))^2",0.26
251,1000,2,"T_Copula",2000,-2,"1(log(n))^2",0.93
252,1000,2,"T_Copula",2000,-2,"1(log(n))^2",0.93
253,1000,2,"T_Copula",2000,-2,"1(log(n))^2",1
254,1000,2,"T_Copula",2000,-2,"1(log(n))^2",0.86
255,1000,2,"T_Copula",2000,-2,"1(log(n))^2",0.73
256,1000,2,"T_Copula",2000,-2,"1(log(n))^2",0.7
257,1000,2,"T_Copula",2000,-2,"1(log(n))^2",0.46
258,1000,2,"T_Copula",2000,-2,"1(log(n))^2",0.21
259,1000,2,"T_Copula",2000,-2,"1(log(n))^2",0.37
260,1000,2,"T_Copula",2000,-2,"1(log(n))^2",0.81
261,1000,2,"T_Copula",2000,-2,"1(log(n))^2",0.96
262,1000,2,"T_Copula",2000,-2,"1(log(n))^2",0.79
263,1000,2,"T_Copula",2000,-2,"1(log(n))^2",0.77
264,1000,2,"T_Copula",2000,-2,"1(log(n))^2",0.96
265,1000,2,"T_Copula",2000,-2,"1(log(n))^2",0.24
266,1000,2,"T_Copula",2000,-2,"1(log(n))^2",0.94
267,1000,2,"T_Copula",2000,-2,"1(log(n))^2",1
268,1000,2,"T_Copula",2000,-2,"1(log(n))^2",0.5
269,1000,2,"T_Copula",2000,-2,"1(log(n))^2",0.98
270,1000,2,"T_Copula",2000,-2,"1(log(n))^2",0.46
271,1000,2,"T_Copula",2000,-2,"1(log(n))^2",0.62
272,1000,2,"T_Copula",2000,-2,"1(log(n))^2",0.82
273,1000,2,"T_Copula",2000,-2,"1(log(n))^2",1
274,1000,2,"T_Copula",2000,-2,"1(log(n))^2",0.8
275,1000,2,"T_Copula",2000,-2,"1(log(n))^2",0.89
276,1000,2,"T_Copula",2000,-2,"1(log(n))^2",1
277,1000,2,"T_Copula",2000,-2,"1(log(n))^2",0.8
278,1000,2,"T_Copula",2000,-2,"1(log(n))^2",0.78
279,1000,2,"T_Copula",2000,-2,"1(log(n))^2",1
280,1000,2,"T_Copula",2000,-2,"1(log(n))^2",0.17
281,1000,2,"T_Copula",2000,-2,"1(log(n))^2",0.39
282,1000,2,"T_Copula",2000,-2,"1(log(n))^2",0.25
283,1000,2,"T_Copula",2000,-2,"1(log(n))^2",0.49
284,1000,2,"T_Copula",2000,-2,"1(log(n))^2",0.9
285,1000,2,"T_Copula",2000,-2,"1(log(n))^2",0.08
286,1000,2,"T_Copula",2000,-2,"1(log(n))^2",0.67
287,1000,2,"T_Copula",2000,-2,"1(log(n))^2",0.08
288,1000,2,"T_Copula",2000,-2,"1(log(n))^2",0.48
289,1000,2,"T_Copula",2000,-2,"1(log(n))^2",0.76
290,1000,2,"T_Copula",2000,-2,"1(log(n))^2",0.3
291,1000,2,"T_Copula",2000,-2,"1(log(n))^2",0.24
292,1000,2,"T_Copula",2000,-2,"1(log(n))^2",0.97
293,1000,2,"T_Copula",2000,-2,"1(log(n))^2",0.98
294,1000,2,"T_Copula",2000,-2,"1(log(n))^2",0.31
295,1000,2,"T_Copula",2000,-2,"1(log(n))^2",0.74
296,1000,2,"T_Copula",2000,-2,"1(log(n))^2",0.49
297,1000,2,"T_Copula",2000,-2,"1(log(n))^2",0.96
298,1000,2,"T_Copula",2000,-2,"1(log(n))^2",0.4
299,1000,2,"T_Copula",2000,-2,"1(log(n))^2",0.75
300,1000,2,"T_Copula",2000,-2,"1(log(n))^2",0.8
301,1000,2,"T_Copula",2000,-2,"1(log(n))^2",0.58
302,1000,2,"T_Copula",2000,-2,"1(log(n))^2",0.53
303,1000,2,"T_Copula",2000,-2,"1(log(n))^2",0.29
304,1000,2,"T_Copula",2000,-2,"1(log(n))^2",0.72
305,1000,2,"T_Copula",2000,-2,"1(log(n))^2",0.41
306,1000,2,"T_Copula",2000,-2,"1(log(n))^2",0.39
307,1000,2,"T_Copula",2000,-2,"1(log(n))^2",0.53
308,1000,2,"T_Copula",2000,-2,"1(log(n))^2",0.83
309,1000,2,"T_Copula",2000,-2,"1(log(n))^2",0.62
310,1000,2,"T_Copula",2000,-2,"1(log(n))^2",0.99
311,1000,2,"T_Copula",2000,-2,"1(log(n))^2",0.96
312,1000,2,"T_Copula",2000,-2,"1(log(n))^2",0.43
313,1000,2,"T_Copula",2000,-2,"1(log(n))^2",0.86
314,1000,2,"T_Copula",2000,-2,"1(log(n))^2",0.18
315,1000,2,"T_Copula",2000,-2,"1(log(n))^2",0.92
316,1000,2,"T_Copula",2000,-2,"1(log(n))^2",0.05
317,1000,2,"T_Copula",2000,-2,"1(log(n))^2",0.93
318,1000,2,"T_Copula",2000,-2,"1(log(n))^2",1
319,1000,2,"T_Copula",2000,-2,"1(log(n))^2",0.96
320,1000,2,"T_Copula",2000,-2,"1(log(n))^2",0.78
321,1000,2,"T_Copula",2000,-2,"1(log(n))^2",0.87
322,1000,2,"T_Copula",2000,-2,"1(log(n))^2",0.46
323,1000,2,"T_Copula",2000,-2,"1(log(n))^2",0.37
324,1000,2,"T_Copula",2000,-2,"1(log(n))^2",0.14
325,1000,2,"T_Copula",2000,-2,"1(log(n))^2",0.81
326,1000,2,"T_Copula",2000,-2,"1(log(n))^2",0.06
327,1000,2,"T_Copula",2000,-2,"1(log(n))^2",0.65
328,1000,2,"T_Copula",2000,-2,"1(log(n))^2",1
329,1000,2,"T_Copula",2000,-2,"1(log(n))^2",1
330,1000,2,"T_Copula",2000,-2,"1(log(n))^2",0.44
331,1000,2,"T_Copula",2000,-2,"1(log(n))^2",0.88
332,1000,2,"T_Copula",2000,-2,"1(log(n))^2",0.76
333,1000,2,"T_Copula",2000,-2,"1(log(n))^2",0.47
334,1000,2,"T_Copula",2000,-2,"1(log(n))^2",0.94
335,1000,2,"T_Copula",2000,-2,"1(log(n))^2",0.35
336,1000,2,"T_Copula",2000,-2,"1(log(n))^2",0.75
337,1000,2,"T_Copula",2000,-2,"1(log(n))^2",0.24
338,1000,2,"T_Copula",2000,-2,"1(log(n))^2",0.45
339,1000,2,"T_Copula",2000,-2,"1(log(n))^2",0.91
340,1000,2,"T_Copula",2000,-2,"1(log(n))^2",0.86
341,1000,2,"T_Copula",2000,-2,"1(log(n))^2",0.72
342,1000,2,"T_Copula",2000,-2,"1(log(n))^2",0.18
343,1000,2,"T_Copula",2000,-2,"1(log(n))^2",0.88
344,1000,2,"T_Copula",2000,-2,"1(log(n))^2",0.96
345,1000,2,"T_Copula",2000,-2,"1(log(n))^2",0.61
346,1000,2,"T_Copula",2000,-2,"1(log(n))^2",0.93
347,1000,2,"T_Copula",2000,-2,"1(log(n))^2",0.88
348,1000,2,"T_Copula",2000,-2,"1(log(n))^2",0.32
349,1000,2,"T_Copula",2000,-2,"1(log(n))^2",0.28
350,1000,2,"T_Copula",2000,-2,"1(log(n))^2",0.3
351,1000,2,"T_Copula",2000,-2,"1(log(n))^2",0.84
352,1000,2,"T_Copula",2000,-2,"1(log(n))^2",0.7
353,1000,2,"T_Copula",2000,-2,"1(log(n))^2",0.86
354,1000,2,"T_Copula",2000,-2,"1(log(n))^2",0.56
355,1000,2,"T_Copula",2000,-2,"1(log(n))^2",0.45
356,1000,2,"T_Copula",2000,-2,"1(log(n))^2",0.52
357,1000,2,"T_Copula",2000,-2,"1(log(n))^2",0.2
358,1000,2,"T_Copula",2000,-2,"1(log(n))^2",0.96
359,1000,2,"T_Copula",2000,-2,"1(log(n))^2",0.88
360,1000,2,"T_Copula",2000,-2,"1(log(n))^2",0.98
361,1000,2,"T_Copula",2000,-2,"1(log(n))^2",0.97
362,1000,2,"T_Copula",2000,-2,"1(log(n))^2",0.69
363,1000,2,"T_Copula",2000,-2,"1(log(n))^2",0.24
364,1000,2,"T_Copula",2000,-2,"1(log(n))^2",0.52
365,1000,2,"T_Copula",2000,-2,"1(log(n))^2",0.04
366,1000,2,"T_Copula",2000,-2,"1(log(n))^2",0.98
367,1000,2,"T_Copula",2000,-2,"1(log(n))^2",0.75
368,1000,2,"T_Copula",2000,-2,"1(log(n))^2",0.44
369,1000,2,"T_Copula",2000,-2,"1(log(n))^2",0.73
370,1000,2,"T_Copula",2000,-2,"1(log(n))^2",0.59
371,1000,2,"T_Copula",2000,-2,"1(log(n))^2",0.78
372,1000,2,"T_Copula",2000,-2,"1(log(n))^2",0.84
373,1000,2,"T_Copula",2000,-2,"1(log(n))^2",0.97
374,1000,2,"T_Copula",2000,-2,"1(log(n))^2",0.41
375,1000,2,"T_Copula",2000,-2,"1(log(n))^2",0.32
376,1000,2,"T_Copula",2000,-2,"1(log(n))^2",0.97
377,1000,2,"T_Copula",2000,-2,"1(log(n))^2",0.94
378,1000,2,"T_Copula",2000,-2,"1(log(n))^2",0.91
379,1000,2,"T_Copula",2000,-2,"1(log(n))^2",0.56
380,1000,2,"T_Copula",2000,-2,"1(log(n))^2",0.47
381,1000,2,"T_Copula",2000,-2,"1(log(n))^2",0.17
382,1000,2,"T_Copula",2000,-2,"1(log(n))^2",0.49
383,1000,2,"T_Copula",2000,-2,"1(log(n))^2",0.79
384,1000,2,"T_Copula",2000,-2,"1(log(n))^2",0.96
385,1000,2,"T_Copula",2000,-2,"1(log(n))^2",1
386,1000,2,"T_Copula",2000,-2,"1(log(n))^2",0.42
387,1000,2,"T_Copula",2000,-2,"1(log(n))^2",0.73
388,1000,2,"T_Copula",2000,-2,"1(log(n))^2",0.91
389,1000,2,"T_Copula",2000,-2,"1(log(n))^2",0.19
390,1000,2,"T_Copula",2000,-2,"1(log(n))^2",0.76
391,1000,2,"T_Copula",2000,-2,"1(log(n))^2",0.95
392,1000,2,"T_Copula",2000,-2,"1(log(n))^2",0.45
393,1000,2,"T_Copula",2000,-2,"1(log(n))^2",0.62
394,1000,2,"T_Copula",2000,-2,"1(log(n))^2",0.92
395,1000,2,"T_Copula",2000,-2,"1(log(n))^2",0.83
396,1000,2,"T_Copula",2000,-2,"1(log(n))^2",0.78
397,1000,2,"T_Copula",2000,-2,"1(log(n))^2",0.8
398,1000,2,"T_Copula",2000,-2,"1(log(n))^2",0.72
399,1000,2,"T_Copula",2000,-2,"1(log(n))^2",0.73
400,1000,2,"T_Copula",2000,-2,"1(log(n))^2",0.07
401,1000,2,"T_Copula",2000,-2,"1(log(n))^2",0.88
402,1000,2,"T_Copula",2000,-2,"1(log(n))^2",0.76
403,1000,2,"T_Copula",2000,-2,"1(log(n))^2",0.71
404,1000,2,"T_Copula",2000,-2,"1(log(n))^2",0.92
405,1000,2,"T_Copula",2000,-2,"1(log(n))^2",0.93
406,1000,2,"T_Copula",2000,-2,"1(log(n))^2",0.4
407,1000,2,"T_Copula",2000,-2,"1(log(n))^2",0.57
408,1000,2,"T_Copula",2000,-2,"1(log(n))^2",0.46
409,1000,2,"T_Copula",2000,-2,"1(log(n))^2",0.74
410,1000,2,"T_Copula",2000,-2,"1(log(n))^2",0.96
411,1000,2,"T_Copula",2000,-2,"1(log(n))^2",0.99
412,1000,2,"T_Copula",2000,-2,"1(log(n))^2",0.59
413,1000,2,"T_Copula",2000,-2,"1(log(n))^2",0.37
414,1000,2,"T_Copula",2000,-2,"1(log(n))^2",0.72
415,1000,2,"T_Copula",2000,-2,"1(log(n))^2",0.76
416,1000,2,"T_Copula",2000,-2,"1(log(n))^2",0.89
417,1000,2,"T_Copula",2000,-2,"1(log(n))^2",0.92
418,1000,2,"T_Copula",2000,-2,"1(log(n))^2",0.27
419,1000,2,"T_Copula",2000,-2,"1(log(n))^2",0.91
420,1000,2,"T_Copula",2000,-2,"1(log(n))^2",0.71
421,1000,2,"T_Copula",2000,-2,"1(log(n))^2",0.91
422,1000,2,"T_Copula",2000,-2,"1(log(n))^2",0.51
423,1000,2,"T_Copula",2000,-2,"1(log(n))^2",0.5
424,1000,2,"T_Copula",2000,-2,"1(log(n))^2",0.79
425,1000,2,"T_Copula",2000,-2,"1(log(n))^2",0.89
426,1000,2,"T_Copula",2000,-2,"1(log(n))^2",0.89
427,1000,2,"T_Copula",2000,-2,"1(log(n))^2",1
428,1000,2,"T_Copula",2000,-2,"1(log(n))^2",0.62
429,1000,2,"T_Copula",2000,-2,"1(log(n))^2",0.57
430,1000,2,"T_Copula",2000,-2,"1(log(n))^2",0.42
431,1000,2,"T_Copula",2000,-2,"1(log(n))^2",0.12
432,1000,2,"T_Copula",2000,-2,"1(log(n))^2",0.63
433,1000,2,"T_Copula",2000,-2,"1(log(n))^2",0.47
434,1000,2,"T_Copula",2000,-2,"1(log(n))^2",0.6
435,1000,2,"T_Copula",2000,-2,"1(log(n))^2",0.66
436,1000,2,"T_Copula",2000,-2,"1(log(n))^2",0.5
437,1000,2,"T_Copula",2000,-2,"1(log(n))^2",0.77
438,1000,2,"T_Copula",2000,-2,"1(log(n))^2",0.17
439,1000,2,"T_Copula",2000,-2,"1(log(n))^2",0.51
440,1000,2,"T_Copula",2000,-2,"1(log(n))^2",0.71
441,1000,2,"T_Copula",2000,-2,"1(log(n))^2",0.93
442,1000,2,"T_Copula",2000,-2,"1(log(n))^2",0.31
443,1000,2,"T_Copula",2000,-2,"1(log(n))^2",0.13
444,1000,2,"T_Copula",2000,-2,"1(log(n))^2",0.94
445,1000,2,"T_Copula",2000,-2,"1(log(n))^2",0.38
446,1000,2,"T_Copula",2000,-2,"1(log(n))^2",0.1
447,1000,2,"T_Copula",2000,-2,"1(log(n))^2",0.92
448,1000,2,"T_Copula",2000,-2,"1(log(n))^2",0.28
449,1000,2,"T_Copula",2000,-2,"1(log(n))^2",0.98
450,1000,2,"T_Copula",2000,-2,"1(log(n))^2",0.91
451,1000,2,"T_Copula",2000,-2,"1(log(n))^2",0.41
452,1000,2,"T_Copula",2000,-2,"1(log(n))^2",0.44
453,1000,2,"T_Copula",2000,-2,"1(log(n))^2",1
454,1000,2,"T_Copula",2000,-2,"1(log(n))^2",0.88
455,1000,2,"T_Copula",2000,-2,"1(log(n))^2",0.93
456,1000,2,"T_Copula",2000,-2,"1(log(n))^2",0.47
457,1000,2,"T_Copula",2000,-2,"1(log(n))^2",0.41
458,1000,2,"T_Copula",2000,-2,"1(log(n))^2",0.96
459,1000,2,"T_Copula",2000,-2,"1(log(n))^2",0.28
460,1000,2,"T_Copula",2000,-2,"1(log(n))^2",0.9
461,1000,2,"T_Copula",2000,-2,"1(log(n))^2",0.52
462,1000,2,"T_Copula",2000,-2,"1(log(n))^2",0.82
463,1000,2,"T_Copula",2000,-2,"1(log(n))^2",0.22
464,1000,2,"T_Copula",2000,-2,"1(log(n))^2",0.76
465,1000,2,"T_Copula",2000,-2,"1(log(n))^2",0.98
466,1000,2,"T_Copula",2000,-2,"1(log(n))^2",0.93
467,1000,2,"T_Copula",2000,-2,"1(log(n))^2",0.62
468,1000,2,"T_Copula",2000,-2,"1(log(n))^2",0.8
469,1000,2,"T_Copula",2000,-2,"1(log(n))^2",0.51
470,1000,2,"T_Copula",2000,-2,"1(log(n))^2",0.2
471,1000,2,"T_Copula",2000,-2,"1(log(n))^2",0.63
472,1000,2,"T_Copula",2000,-2,"1(log(n))^2",0.84
473,1000,2,"T_Copula",2000,-2,"1(log(n))^2",0.15
474,1000,2,"T_Copula",2000,-2,"1(log(n))^2",0.88
475,1000,2,"T_Copula",2000,-2,"1(log(n))^2",0.84
476,1000,2,"T_Copula",2000,-2,"1(log(n))^2",0.31
477,1000,2,"T_Copula",2000,-2,"1(log(n))^2",1
478,1000,2,"T_Copula",2000,-2,"1(log(n))^2",0.56
479,1000,2,"T_Copula",2000,-2,"1(log(n))^2",0.45
480,1000,2,"T_Copula",2000,-2,"1(log(n))^2",0.29
481,1000,2,"T_Copula",2000,-2,"1(log(n))^2",0.77
482,1000,2,"T_Copula",2000,-2,"1(log(n))^2",0.87
483,1000,2,"T_Copula",2000,-2,"1(log(n))^2",0.88
484,1000,2,"T_Copula",2000,-2,"1(log(n))^2",0.19
485,1000,2,"T_Copula",2000,-2,"1(log(n))^2",0.74
486,1000,2,"T_Copula",2000,-2,"1(log(n))^2",0.16
487,1000,2,"T_Copula",2000,-2,"1(log(n))^2",0.01
488,1000,2,"T_Copula",2000,-2,"1(log(n))^2",0.13
489,1000,2,"T_Copula",2000,-2,"1(log(n))^2",0.06
490,1000,2,"T_Copula",2000,-2,"1(log(n))^2",0.54
491,1000,2,"T_Copula",2000,-2,"1(log(n))^2",0.42
492,1000,2,"T_Copula",2000,-2,"1(log(n))^2",0.63
493,1000,2,"T_Copula",2000,-2,"1(log(n))^2",0.91
494,1000,2,"T_Copula",2000,-2,"1(log(n))^2",0.43
495,1000,2,"T_Copula",2000,-2,"1(log(n))^2",0.2
496,1000,2,"T_Copula",2000,-2,"1(log(n))^2",0.91
497,1000,2,"T_Copula",2000,-2,"1(log(n))^2",0.27
498,1000,2,"T_Copula",2000,-2,"1(log(n))^2",0.67
499,1000,2,"T_Copula",2000,-2,"1(log(n))^2",0.71
500,1000,2,"T_Copula",2000,-2,"1(log(n))^2",0.49
501,1000,2,"T_Copula",2000,-2,"1(log(n))^2",0.72
502,1000,2,"T_Copula",2000,-2,"1(log(n))^2",0.77
503,1000,2,"T_Copula",2000,-2,"1(log(n))^2",0.44
504,1000,2,"T_Copula",2000,-2,"1(log(n))^2",0.28
505,1000,2,"T_Copula",2000,-2,"1(log(n))^2",0.67
506,1000,2,"T_Copula",2000,-2,"1(log(n))^2",0.63
507,1000,2,"T_Copula",2000,-2,"1(log(n))^2",0.37
508,1000,2,"T_Copula",2000,-2,"1(log(n))^2",0.67
509,1000,2,"T_Copula",2000,-2,"1(log(n))^2",0.51
510,1000,2,"T_Copula",2000,-2,"1(log(n))^2",0.82
511,1000,2,"T_Copula",2000,-2,"1(log(n))^2",1
512,1000,2,"T_Copula",2000,-2,"1(log(n))^2",0.88
513,1000,2,"T_Copula",2000,-2,"1(log(n))^2",0.34
514,1000,2,"T_Copula",2000,-2,"1(log(n))^2",0.89
515,1000,2,"T_Copula",2000,-2,"1(log(n))^2",0.9
516,1000,2,"T_Copula",2000,-2,"1(log(n))^2",0.85
517,1000,2,"T_Copula",2000,-2,"1(log(n))^2",0.98
518,1000,2,"T_Copula",2000,-2,"1(log(n))^2",0.32
519,1000,2,"T_Copula",2000,-2,"1(log(n))^2",0.94
520,1000,2,"T_Copula",2000,-2,"1(log(n))^2",0.92
521,1000,2,"T_Copula",2000,-2,"1(log(n))^2",0.73
522,1000,2,"T_Copula",2000,-2,"1(log(n))^2",0.64
523,1000,2,"T_Copula",2000,-2,"1(log(n))^2",0.91
524,1000,2,"T_Copula",2000,-2,"1(log(n))^2",0.79
525,1000,2,"T_Copula",2000,-2,"1(log(n))^2",0.32
526,1000,2,"T_Copula",2000,-2,"1(log(n))^2",0.99
527,1000,2,"T_Copula",2000,-2,"1(log(n))^2",1
528,1000,2,"T_Copula",2000,-2,"1(log(n))^2",0.88
529,1000,2,"T_Copula",2000,-2,"1(log(n))^2",0.67
530,1000,2,"T_Copula",2000,-2,"1(log(n))^2",0.57
531,1000,2,"T_Copula",2000,-2,"1(log(n))^2",0.93
532,1000,2,"T_Copula",2000,-2,"1(log(n))^2",0.31
533,1000,2,"T_Copula",2000,-2,"1(log(n))^2",0.67
534,1000,2,"T_Copula",2000,-2,"1(log(n))^2",0.5
535,1000,2,"T_Copula",2000,-2,"1(log(n))^2",0.94
536,1000,2,"T_Copula",2000,-2,"1(log(n))^2",0.46
537,1000,2,"T_Copula",2000,-2,"1(log(n))^2",0.36
538,1000,2,"T_Copula",2000,-2,"1(log(n))^2",0.96
539,1000,2,"T_Copula",2000,-2,"1(log(n))^2",0.37
540,1000,2,"T_Copula",2000,-2,"1(log(n))^2",0.29
541,1000,2,"T_Copula",2000,-2,"1(log(n))^2",0.76
542,1000,2,"T_Copula",2000,-2,"1(log(n))^2",0.98
543,1000,2,"T_Copula",2000,-2,"1(log(n))^2",0.63
544,1000,2,"T_Copula",2000,-2,"1(log(n))^2",0.5
545,1000,2,"T_Copula",2000,-2,"1(log(n))^2",0.68
546,1000,2,"T_Copula",2000,-2,"1(log(n))^2",1
547,1000,2,"T_Copula",2000,-2,"1(log(n))^2",0.95
548,1000,2,"T_Copula",2000,-2,"1(log(n))^2",0.75
549,1000,2,"T_Copula",2000,-2,"1(log(n))^2",0.91
550,1000,2,"T_Copula",2000,-2,"1(log(n))^2",1
551,1000,2,"T_Copula",2000,-2,"1(log(n))^2",0.64
552,1000,2,"T_Copula",2000,-2,"1(log(n))^2",0.6
553,1000,2,"T_Copula",2000,-2,"1(log(n))^2",0.98
554,1000,2,"T_Copula",2000,-2,"1(log(n))^2",0.29
555,1000,2,"T_Copula",2000,-2,"1(log(n))^2",0.61
556,1000,2,"T_Copula",2000,-2,"1(log(n))^2",0.71
557,1000,2,"T_Copula",2000,-2,"1(log(n))^2",0.97
558,1000,2,"T_Copula",2000,-2,"1(log(n))^2",0.28
559,1000,2,"T_Copula",2000,-2,"1(log(n))^2",0.66
560,1000,2,"T_Copula",2000,-2,"1(log(n))^2",0.52
561,1000,2,"T_Copula",2000,-2,"1(log(n))^2",0.51
562,1000,2,"T_Copula",2000,-2,"1(log(n))^2",0.63
563,1000,2,"T_Copula",2000,-2,"1(log(n))^2",0.83
564,1000,2,"T_Copula",2000,-2,"1(log(n))^2",0.98
565,1000,2,"T_Copula",2000,-2,"1(log(n))^2",0.33
566,1000,2,"T_Copula",2000,-2,"1(log(n))^2",0.29
567,1000,2,"T_Copula",2000,-2,"1(log(n))^2",0.74
568,1000,2,"T_Copula",2000,-2,"1(log(n))^2",0.67
569,1000,2,"T_Copula",2000,-2,"1(log(n))^2",0.61
570,1000,2,"T_Copula",2000,-2,"1(log(n))^2",1
571,1000,2,"T_Copula",2000,-2,"1(log(n))^2",0.95
572,1000,2,"T_Copula",2000,-2,"1(log(n))^2",0.78
573,1000,2,"T_Copula",2000,-2,"1(log(n))^2",0.82
574,1000,2,"T_Copula",2000,-2,"1(log(n))^2",0.62
575,1000,2,"T_Copula",2000,-2,"1(log(n))^2",0.61
576,1000,2,"T_Copula",2000,-2,"1(log(n))^2",0.09
577,1000,2,"T_Copula",2000,-2,"1(log(n))^2",0.75
578,1000,2,"T_Copula",2000,-2,"1(log(n))^2",0.96
579,1000,2,"T_Copula",2000,-2,"1(log(n))^2",0.6
580,1000,2,"T_Copula",2000,-2,"1(log(n))^2",0.33
581,1000,2,"T_Copula",2000,-2,"1(log(n))^2",0.88
582,1000,2,"T_Copula",2000,-2,"1(log(n))^2",0.59
583,1000,2,"T_Copula",2000,-2,"1(log(n))^2",0.25
584,1000,2,"T_Copula",2000,-2,"1(log(n))^2",0.57
585,1000,2,"T_Copula",2000,-2,"1(log(n))^2",0.42
586,1000,2,"T_Copula",2000,-2,"1(log(n))^2",0.96
587,1000,2,"T_Copula",2000,-2,"1(log(n))^2",0.96
588,1000,2,"T_Copula",2000,-2,"1(log(n))^2",0.87
589,1000,2,"T_Copula",2000,-2,"1(log(n))^2",0.38
590,1000,2,"T_Copula",2000,-2,"1(log(n))^2",0.21
591,1000,2,"T_Copula",2000,-2,"1(log(n))^2",0.32
592,1000,2,"T_Copula",2000,-2,"1(log(n))^2",0.81
593,1000,2,"T_Copula",2000,-2,"1(log(n))^2",0.53
594,1000,2,"T_Copula",2000,-2,"1(log(n))^2",0.89
595,1000,2,"T_Copula",2000,-2,"1(log(n))^2",0.82
596,1000,2,"T_Copula",2000,-2,"1(log(n))^2",0.44
597,1000,2,"T_Copula",2000,-2,"1(log(n))^2",0.65
598,1000,2,"T_Copula",2000,-2,"1(log(n))^2",0.6
599,1000,2,"T_Copula",2000,-2,"1(log(n))^2",0.22
600,1000,2,"T_Copula",2000,-2,"1(log(n))^2",0.49
601,1000,2,"T_Copula",2000,-2,"1(log(n))^2",0.78
602,1000,2,"T_Copula",2000,-2,"1(log(n))^2",0.96
603,1000,2,"T_Copula",2000,-2,"1(log(n))^2",0.96
604,1000,2,"T_Copula",2000,-2,"1(log(n))^2",1
605,1000,2,"T_Copula",2000,-2,"1(log(n))^2",0.91
606,1000,2,"T_Copula",2000,-2,"1(log(n))^2",0.89
607,1000,2,"T_Copula",2000,-2,"1(log(n))^2",0.96
608,1000,2,"T_Copula",2000,-2,"1(log(n))^2",0.5
609,1000,2,"T_Copula",2000,-2,"1(log(n))^2",0.4
610,1000,2,"T_Copula",2000,-2,"1(log(n))^2",0.97
611,1000,2,"T_Copula",2000,-2,"1(log(n))^2",0.9
612,1000,2,"T_Copula",2000,-2,"1(log(n))^2",0.79
613,1000,2,"T_Copula",2000,-2,"1(log(n))^2",1
614,1000,2,"T_Copula",2000,-2,"1(log(n))^2",0.28
615,1000,2,"T_Copula",2000,-2,"1(log(n))^2",0.7
616,1000,2,"T_Copula",2000,-2,"1(log(n))^2",0.02
617,1000,2,"T_Copula",2000,-2,"1(log(n))^2",0.45
618,1000,2,"T_Copula",2000,-2,"1(log(n))^2",0.25
619,1000,2,"T_Copula",2000,-2,"1(log(n))^2",0.75
620,1000,2,"T_Copula",2000,-2,"1(log(n))^2",0.92
621,1000,2,"T_Copula",2000,-2,"1(log(n))^2",1
622,1000,2,"T_Copula",2000,-2,"1(log(n))^2",0.91
623,1000,2,"T_Copula",2000,-2,"1(log(n))^2",0.37
624,1000,2,"T_Copula",2000,-2,"1(log(n))^2",0.96
625,1000,2,"T_Copula",2000,-2,"1(log(n))^2",0.31
626,1000,2,"T_Copula",2000,-2,"1(log(n))^2",0.59
627,1000,2,"T_Copula",2000,-2,"1(log(n))^2",0.16
628,1000,2,"T_Copula",2000,-2,"1(log(n))^2",0.36
629,1000,2,"T_Copula",2000,-2,"1(log(n))^2",0.85
630,1000,2,"T_Copula",2000,-2,"1(log(n))^2",0.61
631,1000,2,"T_Copula",2000,-2,"1(log(n))^2",0.44
632,1000,2,"T_Copula",2000,-2,"1(log(n))^2",0.58
633,1000,2,"T_Copula",2000,-2,"1(log(n))^2",0.31
634,1000,2,"T_Copula",2000,-2,"1(log(n))^2",0.8
635,1000,2,"T_Copula",2000,-2,"1(log(n))^2",0.35
636,1000,2,"T_Copula",2000,-2,"1(log(n))^2",0.9
637,1000,2,"T_Copula",2000,-2,"1(log(n))^2",0.95
638,1000,2,"T_Copula",2000,-2,"1(log(n))^2",0.71
639,1000,2,"T_Copula",2000,-2,"1(log(n))^2",0.98
640,1000,2,"T_Copula",2000,-2,"1(log(n))^2",0.67
641,1000,2,"T_Copula",2000,-2,"1(log(n))^2",0.99
642,1000,2,"T_Copula",2000,-2,"1(log(n))^2",0.98
643,1000,2,"T_Copula",2000,-2,"1(log(n))^2",0.56
644,1000,2,"T_Copula",2000,-2,"1(log(n))^2",0.23
645,1000,2,"T_Copula",2000,-2,"1(log(n))^2",0.79
646,1000,2,"T_Copula",2000,-2,"1(log(n))^2",0.75
647,1000,2,"T_Copula",2000,-2,"1(log(n))^2",0.47
648,1000,2,"T_Copula",2000,-2,"1(log(n))^2",0.73
649,1000,2,"T_Copula",2000,-2,"1(log(n))^2",0.78
650,1000,2,"T_Copula",2000,-2,"1(log(n))^2",1
651,1000,2,"T_Copula",2000,-2,"1(log(n))^2",0.64
652,1000,2,"T_Copula",2000,-2,"1(log(n))^2",0.94
653,1000,2,"T_Copula",2000,-2,"1(log(n))^2",0.5
654,1000,2,"T_Copula",2000,-2,"1(log(n))^2",0.13
655,1000,2,"T_Copula",2000,-2,"1(log(n))^2",0.59
656,1000,2,"T_Copula",2000,-2,"1(log(n))^2",0.91
657,1000,2,"T_Copula",2000,-2,"1(log(n))^2",0.92
658,1000,2,"T_Copula",2000,-2,"1(log(n))^2",0.91
659,1000,2,"T_Copula",2000,-2,"1(log(n))^2",0.27
660,1000,2,"T_Copula",2000,-2,"1(log(n))^2",0.48
661,1000,2,"T_Copula",2000,-2,"1(log(n))^2",0.99
662,1000,2,"T_Copula",2000,-2,"1(log(n))^2",0.98
663,1000,2,"T_Copula",2000,-2,"1(log(n))^2",0.62
664,1000,2,"T_Copula",2000,-2,"1(log(n))^2",0.85
665,1000,2,"T_Copula",2000,-2,"1(log(n))^2",0.9
666,1000,2,"T_Copula",2000,-2,"1(log(n))^2",0.29
667,1000,2,"T_Copula",2000,-2,"1(log(n))^2",0.97
668,1000,2,"T_Copula",2000,-2,"1(log(n))^2",0.6
669,1000,2,"T_Copula",2000,-2,"1(log(n))^2",0.44
670,1000,2,"T_Copula",2000,-2,"1(log(n))^2",0.47
671,1000,2,"T_Copula",2000,-2,"1(log(n))^2",0.46
672,1000,2,"T_Copula",2000,-2,"1(log(n))^2",1
673,1000,2,"T_Copula",2000,-2,"1(log(n))^2",0.94
674,1000,2,"T_Copula",2000,-2,"1(log(n))^2",0.6
675,1000,2,"T_Copula",2000,-2,"1(log(n))^2",0.99
676,1000,2,"T_Copula",2000,-2,"1(log(n))^2",0.54
677,1000,2,"T_Copula",2000,-2,"1(log(n))^2",0.96
678,1000,2,"T_Copula",2000,-2,"1(log(n))^2",0.45
679,1000,2,"T_Copula",2000,-2,"1(log(n))^2",0.41
680,1000,2,"T_Copula",2000,-2,"1(log(n))^2",0.55
681,1000,2,"T_Copula",2000,-2,"1(log(n))^2",0.69
682,1000,2,"T_Copula",2000,-2,"1(log(n))^2",0.23
683,1000,2,"T_Copula",2000,-2,"1(log(n))^2",0.43
684,1000,2,"T_Copula",2000,-2,"1(log(n))^2",0.99
685,1000,2,"T_Copula",2000,-2,"1(log(n))^2",0.56
686,1000,2,"T_Copula",2000,-2,"1(log(n))^2",0.12
687,1000,2,"T_Copula",2000,-2,"1(log(n))^2",0.94
688,1000,2,"T_Copula",2000,-2,"1(log(n))^2",0.57
689,1000,2,"T_Copula",2000,-2,"1(log(n))^2",0.63
690,1000,2,"T_Copula",2000,-2,"1(log(n))^2",0.98
691,1000,2,"T_Copula",2000,-2,"1(log(n))^2",0.5
692,1000,2,"T_Copula",2000,-2,"1(log(n))^2",0.95
693,1000,2,"T_Copula",2000,-2,"1(log(n))^2",0.83
694,1000,2,"T_Copula",2000,-2,"1(log(n))^2",0.86
695,1000,2,"T_Copula",2000,-2,"1(log(n))^2",0.56
696,1000,2,"T_Copula",2000,-2,"1(log(n))^2",0.83
697,1000,2,"T_Copula",2000,-2,"1(log(n))^2",0.89
698,1000,2,"T_Copula",2000,-2,"1(log(n))^2",0.69
699,1000,2,"T_Copula",2000,-2,"1(log(n))^2",0.43
700,1000,2,"T_Copula",2000,-2,"1(log(n))^2",0.94
701,1000,2,"T_Copula",2000,-2,"1(log(n))^2",0.29
702,1000,2,"T_Copula",2000,-2,"1(log(n))^2",0.91
703,1000,2,"T_Copula",2000,-2,"1(log(n))^2",0.98
704,1000,2,"T_Copula",2000,-2,"1(log(n))^2",0.5
705,1000,2,"T_Copula",2000,-2,"1(log(n))^2",0.91
706,1000,2,"T_Copula",2000,-2,"1(log(n))^2",1
707,1000,2,"T_Copula",2000,-2,"1(log(n))^2",0.18
708,1000,2,"T_Copula",2000,-2,"1(log(n))^2",0.66
709,1000,2,"T_Copula",2000,-2,"1(log(n))^2",0.96
710,1000,2,"T_Copula",2000,-2,"1(log(n))^2",0.29
711,1000,2,"T_Copula",2000,-2,"1(log(n))^2",0.82
712,1000,2,"T_Copula",2000,-2,"1(log(n))^2",0.25
713,1000,2,"T_Copula",2000,-2,"1(log(n))^2",0.41
714,1000,2,"T_Copula",2000,-2,"1(log(n))^2",0.77
715,1000,2,"T_Copula",2000,-2,"1(log(n))^2",0.53
716,1000,2,"T_Copula",2000,-2,"1(log(n))^2",0.19
717,1000,2,"T_Copula",2000,-2,"1(log(n))^2",0.14
718,1000,2,"T_Copula",2000,-2,"1(log(n))^2",0.68
719,1000,2,"T_Copula",2000,-2,"1(log(n))^2",0.53
720,1000,2,"T_Copula",2000,-2,"1(log(n))^2",0.4
721,1000,2,"T_Copula",2000,-2,"1(log(n))^2",0.43
722,1000,2,"T_Copula",2000,-2,"1(log(n))^2",0.81
723,1000,2,"T_Copula",2000,-2,"1(log(n))^2",0.91
724,1000,2,"T_Copula",2000,-2,"1(log(n))^2",0.42
725,1000,2,"T_Copula",2000,-2,"1(log(n))^2",0.82
726,1000,2,"T_Copula",2000,-2,"1(log(n))^2",0.61
727,1000,2,"T_Copula",2000,-2,"1(log(n))^2",0.6
728,1000,2,"T_Copula",2000,-2,"1(log(n))^2",0.51
729,1000,2,"T_Copula",2000,-2,"1(log(n))^2",0.95
730,1000,2,"T_Copula",2000,-2,"1(log(n))^2",0.95
731,1000,2,"T_Copula",2000,-2,"1(log(n))^2",0.77
732,1000,2,"T_Copula",2000,-2,"1(log(n))^2",0.11
733,1000,2,"T_Copula",2000,-2,"1(log(n))^2",0.68
734,1000,2,"T_Copula",2000,-2,"1(log(n))^2",0.85
735,1000,2,"T_Copula",2000,-2,"1(log(n))^2",0.86
736,1000,2,"T_Copula",2000,-2,"1(log(n))^2",0.54
737,1000,2,"T_Copula",2000,-2,"1(log(n))^2",0.88
738,1000,2,"T_Copula",2000,-2,"1(log(n))^2",0.82
739,1000,2,"T_Copula",2000,-2,"1(log(n))^2",0.77
740,1000,2,"T_Copula",2000,-2,"1(log(n))^2",0.79
741,1000,2,"T_Copula",2000,-2,"1(log(n))^2",0.97
742,1000,2,"T_Copula",2000,-2,"1(log(n))^2",0.66
743,1000,2,"T_Copula",2000,-2,"1(log(n))^2",0.74
744,1000,2,"T_Copula",2000,-2,"1(log(n))^2",0.46
745,1000,2,"T_Copula",2000,-2,"1(log(n))^2",0.84
746,1000,2,"T_Copula",2000,-2,"1(log(n))^2",0.53
747,1000,2,"T_Copula",2000,-2,"1(log(n))^2",0.83
748,1000,2,"T_Copula",2000,-2,"1(log(n))^2",0.29
749,1000,2,"T_Copula",2000,-2,"1(log(n))^2",0.12
750,1000,2,"T_Copula",2000,-2,"1(log(n))^2",1
751,1000,2,"T_Copula",2000,-2,"1(log(n))^2",0.83
752,1000,2,"T_Copula",2000,-2,"1(log(n))^2",0.27
753,1000,2,"T_Copula",2000,-2,"1(log(n))^2",0.45
754,1000,2,"T_Copula",2000,-2,"1(log(n))^2",0.04
755,1000,2,"T_Copula",2000,-2,"1(log(n))^2",0.64
756,1000,2,"T_Copula",2000,-2,"1(log(n))^2",0.62
757,1000,2,"T_Copula",2000,-2,"1(log(n))^2",0.72
758,1000,2,"T_Copula",2000,-2,"1(log(n))^2",0.45
759,1000,2,"T_Copula",2000,-2,"1(log(n))^2",0.13
760,1000,2,"T_Copula",2000,-2,"1(log(n))^2",0.86
761,1000,2,"T_Copula",2000,-2,"1(log(n))^2",0.58
762,1000,2,"T_Copula",2000,-2,"1(log(n))^2",0.59
763,1000,2,"T_Copula",2000,-2,"1(log(n))^2",0.29
764,1000,2,"T_Copula",2000,-2,"1(log(n))^2",0.75
765,1000,2,"T_Copula",2000,-2,"1(log(n))^2",0.74
766,1000,2,"T_Copula",2000,-2,"1(log(n))^2",0.62
767,1000,2,"T_Copula",2000,-2,"1(log(n))^2",0.98
768,1000,2,"T_Copula",2000,-2,"1(log(n))^2",0.59
769,1000,2,"T_Copula",2000,-2,"1(log(n))^2",0.97
770,1000,2,"T_Copula",2000,-2,"1(log(n))^2",0.38
771,1000,2,"T_Copula",2000,-2,"1(log(n))^2",0.48
772,1000,2,"T_Copula",2000,-2,"1(log(n))^2",0.82
773,1000,2,"T_Copula",2000,-2,"1(log(n))^2",0.01
774,1000,2,"T_Copula",2000,-2,"1(log(n))^2",0.76
775,1000,2,"T_Copula",2000,-2,"1(log(n))^2",0.69
776,1000,2,"T_Copula",2000,-2,"1(log(n))^2",0.69
777,1000,2,"T_Copula",2000,-2,"1(log(n))^2",0.51
778,1000,2,"T_Copula",2000,-2,"1(log(n))^2",0.65
779,1000,2,"T_Copula",2000,-2,"1(log(n))^2",0.08
780,1000,2,"T_Copula",2000,-2,"1(log(n))^2",0.67
781,1000,2,"T_Copula",2000,-2,"1(log(n))^2",0.62
782,1000,2,"T_Copula",2000,-2,"1(log(n))^2",0.59
783,1000,2,"T_Copula",2000,-2,"1(log(n))^2",0.02
784,1000,2,"T_Copula",2000,-2,"1(log(n))^2",0.66
785,1000,2,"T_Copula",2000,-2,"1(log(n))^2",0.2
786,1000,2,"T_Copula",2000,-2,"1(log(n))^2",0.67
787,1000,2,"T_Copula",2000,-2,"1(log(n))^2",0.44
788,1000,2,"T_Copula",2000,-2,"1(log(n))^2",0.48
789,1000,2,"T_Copula",2000,-2,"1(log(n))^2",0.86
790,1000,2,"T_Copula",2000,-2,"1(log(n))^2",0.95
791,1000,2,"T_Copula",2000,-2,"1(log(n))^2",0.93
792,1000,2,"T_Copula",2000,-2,"1(log(n))^2",0.78
793,1000,2,"T_Copula",2000,-2,"1(log(n))^2",0.96
794,1000,2,"T_Copula",2000,-2,"1(log(n))^2",0.57
795,1000,2,"T_Copula",2000,-2,"1(log(n))^2",0.53
796,1000,2,"T_Copula",2000,-2,"1(log(n))^2",0.29
797,1000,2,"T_Copula",2000,-2,"1(log(n))^2",0.91
798,1000,2,"T_Copula",2000,-2,"1(log(n))^2",0.86
799,1000,2,"T_Copula",2000,-2,"1(log(n))^2",0.44
800,1000,2,"T_Copula",2000,-2,"1(log(n))^2",0.98
801,1000,2,"T_Copula",2000,-2,"1(log(n))^2",0.98
802,1000,2,"T_Copula",2000,-2,"1(log(n))^2",0.69
803,1000,2,"T_Copula",2000,-2,"1(log(n))^2",0.6
804,1000,2,"T_Copula",2000,-2,"1(log(n))^2",0.43
805,1000,2,"T_Copula",2000,-2,"1(log(n))^2",0.14
806,1000,2,"T_Copula",2000,-2,"1(log(n))^2",0.64
807,1000,2,"T_Copula",2000,-2,"1(log(n))^2",0.5
808,1000,2,"T_Copula",2000,-2,"1(log(n))^2",0.54
809,1000,2,"T_Copula",2000,-2,"1(log(n))^2",0.96
810,1000,2,"T_Copula",2000,-2,"1(log(n))^2",0.7
811,1000,2,"T_Copula",2000,-2,"1(log(n))^2",0.92
812,1000,2,"T_Copula",2000,-2,"1(log(n))^2",0.84
813,1000,2,"T_Copula",2000,-2,"1(log(n))^2",0.64
814,1000,2,"T_Copula",2000,-2,"1(log(n))^2",0.42
815,1000,2,"T_Copula",2000,-2,"1(log(n))^2",0.97
816,1000,2,"T_Copula",2000,-2,"1(log(n))^2",0.96
817,1000,2,"T_Copula",2000,-2,"1(log(n))^2",0.5
818,1000,2,"T_Copula",2000,-2,"1(log(n))^2",0.92
819,1000,2,"T_Copula",2000,-2,"1(log(n))^2",0.47
820,1000,2,"T_Copula",2000,-2,"1(log(n))^2",0.33
821,1000,2,"T_Copula",2000,-2,"1(log(n))^2",0.9
822,1000,2,"T_Copula",2000,-2,"1(log(n))^2",0.93
823,1000,2,"T_Copula",2000,-2,"1(log(n))^2",0.44
824,1000,2,"T_Copula",2000,-2,"1(log(n))^2",0.54
825,1000,2,"T_Copula",2000,-2,"1(log(n))^2",1
826,1000,2,"T_Copula",2000,-2,"1(log(n))^2",0.84
827,1000,2,"T_Copula",2000,-2,"1(log(n))^2",0.9
828,1000,2,"T_Copula",2000,-2,"1(log(n))^2",0.97
829,1000,2,"T_Copula",2000,-2,"1(log(n))^2",0.73
830,1000,2,"T_Copula",2000,-2,"1(log(n))^2",0.7
831,1000,2,"T_Copula",2000,-2,"1(log(n))^2",0.71
832,1000,2,"T_Copula",2000,-2,"1(log(n))^2",0.91
833,1000,2,"T_Copula",2000,-2,"1(log(n))^2",0.83
834,1000,2,"T_Copula",2000,-2,"1(log(n))^2",0.62
835,1000,2,"T_Copula",2000,-2,"1(log(n))^2",0.79
836,1000,2,"T_Copula",2000,-2,"1(log(n))^2",0.52
837,1000,2,"T_Copula",2000,-2,"1(log(n))^2",0.8
838,1000,2,"T_Copula",2000,-2,"1(log(n))^2",0.38
839,1000,2,"T_Copula",2000,-2,"1(log(n))^2",0.11
840,1000,2,"T_Copula",2000,-2,"1(log(n))^2",0.39
841,1000,2,"T_Copula",2000,-2,"1(log(n))^2",0.25
842,1000,2,"T_Copula",2000,-2,"1(log(n))^2",0.31
843,1000,2,"T_Copula",2000,-2,"1(log(n))^2",0.89
844,1000,2,"T_Copula",2000,-2,"1(log(n))^2",0.58
845,1000,2,"T_Copula",2000,-2,"1(log(n))^2",0.03
846,1000,2,"T_Copula",2000,-2,"1(log(n))^2",0.25
847,1000,2,"T_Copula",2000,-2,"1(log(n))^2",0.75
848,1000,2,"T_Copula",2000,-2,"1(log(n))^2",0.16
849,1000,2,"T_Copula",2000,-2,"1(log(n))^2",0.6
850,1000,2,"T_Copula",2000,-2,"1(log(n))^2",0.83
851,1000,2,"T_Copula",2000,-2,"1(log(n))^2",0.98
852,1000,2,"T_Copula",2000,-2,"1(log(n))^2",0.58
853,1000,2,"T_Copula",2000,-2,"1(log(n))^2",0.44
854,1000,2,"T_Copula",2000,-2,"1(log(n))^2",0.55
855,1000,2,"T_Copula",2000,-2,"1(log(n))^2",0.83
856,1000,2,"T_Copula",2000,-2,"1(log(n))^2",0.57
857,1000,2,"T_Copula",2000,-2,"1(log(n))^2",0.42
858,1000,2,"T_Copula",2000,-2,"1(log(n))^2",0.84
859,1000,2,"T_Copula",2000,-2,"1(log(n))^2",0.22
860,1000,2,"T_Copula",2000,-2,"1(log(n))^2",0.99
861,1000,2,"T_Copula",2000,-2,"1(log(n))^2",1
862,1000,2,"T_Copula",2000,-2,"1(log(n))^2",0.26
863,1000,2,"T_Copula",2000,-2,"1(log(n))^2",0.32
864,1000,2,"T_Copula",2000,-2,"1(log(n))^2",0.96
865,1000,2,"T_Copula",2000,-2,"1(log(n))^2",0.44
866,1000,2,"T_Copula",2000,-2,"1(log(n))^2",0.34
867,1000,2,"T_Copula",2000,-2,"1(log(n))^2",0.82
868,1000,2,"T_Copula",2000,-2,"1(log(n))^2",0.42
869,1000,2,"T_Copula",2000,-2,"1(log(n))^2",0.62
870,1000,2,"T_Copula",2000,-2,"1(log(n))^2",0.99
871,1000,2,"T_Copula",2000,-2,"1(log(n))^2",0.13
872,1000,2,"T_Copula",2000,-2,"1(log(n))^2",0.33
873,1000,2,"T_Copula",2000,-2,"1(log(n))^2",0.7
874,1000,2,"T_Copula",2000,-2,"1(log(n))^2",0.33
875,1000,2,"T_Copula",2000,-2,"1(log(n))^2",0.95
876,1000,2,"T_Copula",2000,-2,"1(log(n))^2",0.61
877,1000,2,"T_Copula",2000,-2,"1(log(n))^2",0.61
878,1000,2,"T_Copula",2000,-2,"1(log(n))^2",0.46
879,1000,2,"T_Copula",2000,-2,"1(log(n))^2",0.85
880,1000,2,"T_Copula",2000,-2,"1(log(n))^2",0.19
881,1000,2,"T_Copula",2000,-2,"1(log(n))^2",0.61
882,1000,2,"T_Copula",2000,-2,"1(log(n))^2",0.35
883,1000,2,"T_Copula",2000,-2,"1(log(n))^2",0.91
884,1000,2,"T_Copula",2000,-2,"1(log(n))^2",0.87
885,1000,2,"T_Copula",2000,-2,"1(log(n))^2",0.32
886,1000,2,"T_Copula",2000,-2,"1(log(n))^2",0.94
887,1000,2,"T_Copula",2000,-2,"1(log(n))^2",0.32
888,1000,2,"T_Copula",2000,-2,"1(log(n))^2",0.55
889,1000,2,"T_Copula",2000,-2,"1(log(n))^2",0.91
890,1000,2,"T_Copula",2000,-2,"1(log(n))^2",0.73
891,1000,2,"T_Copula",2000,-2,"1(log(n))^2",0.81
892,1000,2,"T_Copula",2000,-2,"1(log(n))^2",0.55
893,1000,2,"T_Copula",2000,-2,"1(log(n))^2",0.88
894,1000,2,"T_Copula",2000,-2,"1(log(n))^2",0.62
895,1000,2,"T_Copula",2000,-2,"1(log(n))^2",0.49
896,1000,2,"T_Copula",2000,-2,"1(log(n))^2",0.77
897,1000,2,"T_Copula",2000,-2,"1(log(n))^2",0.96
898,1000,2,"T_Copula",2000,-2,"1(log(n))^2",0.99
899,1000,2,"T_Copula",2000,-2,"1(log(n))^2",0.62
900,1000,2,"T_Copula",2000,-2,"1(log(n))^2",0.12
901,1000,2,"T_Copula",2000,-2,"1(log(n))^2",0.83
902,1000,2,"T_Copula",2000,-2,"1(log(n))^2",0.49
903,1000,2,"T_Copula",2000,-2,"1(log(n))^2",0.36
904,1000,2,"T_Copula",2000,-2,"1(log(n))^2",0.91
905,1000,2,"T_Copula",2000,-2,"1(log(n))^2",0.97
906,1000,2,"T_Copula",2000,-2,"1(log(n))^2",0.79
907,1000,2,"T_Copula",2000,-2,"1(log(n))^2",0.69
908,1000,2,"T_Copula",2000,-2,"1(log(n))^2",0.96
909,1000,2,"T_Copula",2000,-2,"1(log(n))^2",0.73
910,1000,2,"T_Copula",2000,-2,"1(log(n))^2",0.25
911,1000,2,"T_Copula",2000,-2,"1(log(n))^2",0.8
912,1000,2,"T_Copula",2000,-2,"1(log(n))^2",0.7
913,1000,2,"T_Copula",2000,-2,"1(log(n))^2",0.52
914,1000,2,"T_Copula",2000,-2,"1(log(n))^2",0.32
915,1000,2,"T_Copula",2000,-2,"1(log(n))^2",0.94
916,1000,2,"T_Copula",2000,-2,"1(log(n))^2",0.95
917,1000,2,"T_Copula",2000,-2,"1(log(n))^2",0.64
918,1000,2,"T_Copula",2000,-2,"1(log(n))^2",0.12
919,1000,2,"T_Copula",2000,-2,"1(log(n))^2",0.57
920,1000,2,"T_Copula",2000,-2,"1(log(n))^2",0.8
921,1000,2,"T_Copula",2000,-2,"1(log(n))^2",0.99
922,1000,2,"T_Copula",2000,-2,"1(log(n))^2",0.33
923,1000,2,"T_Copula",2000,-2,"1(log(n))^2",0.89
924,1000,2,"T_Copula",2000,-2,"1(log(n))^2",0.53
925,1000,2,"T_Copula",2000,-2,"1(log(n))^2",0.73
926,1000,2,"T_Copula",2000,-2,"1(log(n))^2",0.98
927,1000,2,"T_Copula",2000,-2,"1(log(n))^2",0.28
928,1000,2,"T_Copula",2000,-2,"1(log(n))^2",0.91
929,1000,2,"T_Copula",2000,-2,"1(log(n))^2",0.6
930,1000,2,"T_Copula",2000,-2,"1(log(n))^2",0.98
931,1000,2,"T_Copula",2000,-2,"1(log(n))^2",0.38
932,1000,2,"T_Copula",2000,-2,"1(log(n))^2",0.58
933,1000,2,"T_Copula",2000,-2,"1(log(n))^2",0.84
934,1000,2,"T_Copula",2000,-2,"1(log(n))^2",0.8
935,1000,2,"T_Copula",2000,-2,"1(log(n))^2",0.06
936,1000,2,"T_Copula",2000,-2,"1(log(n))^2",0.56
937,1000,2,"T_Copula",2000,-2,"1(log(n))^2",0.59
938,1000,2,"T_Copula",2000,-2,"1(log(n))^2",0.71
939,1000,2,"T_Copula",2000,-2,"1(log(n))^2",0.55
940,1000,2,"T_Copula",2000,-2,"1(log(n))^2",0.55
941,1000,2,"T_Copula",2000,-2,"1(log(n))^2",0.91
942,1000,2,"T_Copula",2000,-2,"1(log(n))^2",0.77
943,1000,2,"T_Copula",2000,-2,"1(log(n))^2",0.42
944,1000,2,"T_Copula",2000,-2,"1(log(n))^2",0.95
945,1000,2,"T_Copula",2000,-2,"1(log(n))^2",0.51
946,1000,2,"T_Copula",2000,-2,"1(log(n))^2",0.6
947,1000,2,"T_Copula",2000,-2,"1(log(n))^2",0.96
948,1000,2,"T_Copula",2000,-2,"1(log(n))^2",0.52
949,1000,2,"T_Copula",2000,-2,"1(log(n))^2",0.35
950,1000,2,"T_Copula",2000,-2,"1(log(n))^2",0.42
951,1000,2,"T_Copula",2000,-2,"1(log(n))^2",0.69
952,1000,2,"T_Copula",2000,-2,"1(log(n))^2",0.39
953,1000,2,"T_Copula",2000,-2,"1(log(n))^2",1
954,1000,2,"T_Copula",2000,-2,"1(log(n))^2",0.5
955,1000,2,"T_Copula",2000,-2,"1(log(n))^2",0.79
956,1000,2,"T_Copula",2000,-2,"1(log(n))^2",1
957,1000,2,"T_Copula",2000,-2,"1(log(n))^2",0.44
958,1000,2,"T_Copula",2000,-2,"1(log(n))^2",0.87
959,1000,2,"T_Copula",2000,-2,"1(log(n))^2",0.21
960,1000,2,"T_Copula",2000,-2,"1(log(n))^2",0.61
961,1000,2,"T_Copula",2000,-2,"1(log(n))^2",0.41
962,1000,2,"T_Copula",2000,-2,"1(log(n))^2",0.9
963,1000,2,"T_Copula",2000,-2,"1(log(n))^2",0.73
964,1000,2,"T_Copula",2000,-2,"1(log(n))^2",0.48
965,1000,2,"T_Copula",2000,-2,"1(log(n))^2",0.6
966,1000,2,"T_Copula",2000,-2,"1(log(n))^2",0.23
967,1000,2,"T_Copula",2000,-2,"1(log(n))^2",0.58
968,1000,2,"T_Copula",2000,-2,"1(log(n))^2",0.47
969,1000,2,"T_Copula",2000,-2,"1(log(n))^2",0.66
970,1000,2,"T_Copula",2000,-2,"1(log(n))^2",0.97
971,1000,2,"T_Copula",2000,-2,"1(log(n))^2",0.91
972,1000,2,"T_Copula",2000,-2,"1(log(n))^2",0.62
973,1000,2,"T_Copula",2000,-2,"1(log(n))^2",0.85
974,1000,2,"T_Copula",2000,-2,"1(log(n))^2",0.72
975,1000,2,"T_Copula",2000,-2,"1(log(n))^2",0.77
976,1000,2,"T_Copula",2000,-2,"1(log(n))^2",0.18
977,1000,2,"T_Copula",2000,-2,"1(log(n))^2",0.46
978,1000,2,"T_Copula",2000,-2,"1(log(n))^2",0.51
979,1000,2,"T_Copula",2000,-2,"1(log(n))^2",0.61
980,1000,2,"T_Copula",2000,-2,"1(log(n))^2",0.81
981,1000,2,"T_Copula",2000,-2,"1(log(n))^2",0.74
982,1000,2,"T_Copula",2000,-2,"1(log(n))^2",0.3
983,1000,2,"T_Copula",2000,-2,"1(log(n))^2",0.7
984,1000,2,"T_Copula",2000,-2,"1(log(n))^2",0.04
985,1000,2,"T_Copula",2000,-2,"1(log(n))^2",0.61
986,1000,2,"T_Copula",2000,-2,"1(log(n))^2",0.2
987,1000,2,"T_Copula",2000,-2,"1(log(n))^2",1
988,1000,2,"T_Copula",2000,-2,"1(log(n))^2",0.96
989,1000,2,"T_Copula",2000,-2,"1(log(n))^2",0.56
990,1000,2,"T_Copula",2000,-2,"1(log(n))^2",0.66
991,1000,2,"T_Copula",2000,-2,"1(log(n))^2",0.72
992,1000,2,"T_Copula",2000,-2,"1(log(n))^2",0.12
993,1000,2,"T_Copula",2000,-2,"1(log(n))^2",0.22
994,1000,2,"T_Copula",2000,-2,"1(log(n))^2",0.26
995,1000,2,"T_Copula",2000,-2,"1(log(n))^2",0.84
996,1000,2,"T_Copula",2000,-2,"1(log(n))^2",0.64
997,1000,2,"T_Copula",2000,-2,"1(log(n))^2",0.67
998,1000,2,"T_Copula",2000,-2,"1(log(n))^2",0.47
999,1000,2,"T_Copula",2000,-2,"1(log(n))^2",0.93
1000,1000,2,"T_Copula",2000,-2,"1(log(n))^2",0.02
1,1000,2,"T_Copula",2000,-2,"0.75(log(n))^2",0.85
2,1000,2,"T_Copula",2000,-2,"0.75(log(n))^2",0.53
3,1000,2,"T_Copula",2000,-2,"0.75(log(n))^2",0.5
4,1000,2,"T_Copula",2000,-2,"0.75(log(n))^2",0.73
5,1000,2,"T_Copula",2000,-2,"0.75(log(n))^2",0.77
6,1000,2,"T_Copula",2000,-2,"0.75(log(n))^2",0.87
7,1000,2,"T_Copula",2000,-2,"0.75(log(n))^2",0.64
8,1000,2,"T_Copula",2000,-2,"0.75(log(n))^2",0.44
9,1000,2,"T_Copula",2000,-2,"0.75(log(n))^2",0.52
10,1000,2,"T_Copula",2000,-2,"0.75(log(n))^2",0.16
11,1000,2,"T_Copula",2000,-2,"0.75(log(n))^2",0.55
12,1000,2,"T_Copula",2000,-2,"0.75(log(n))^2",0.5
13,1000,2,"T_Copula",2000,-2,"0.75(log(n))^2",0.99
14,1000,2,"T_Copula",2000,-2,"0.75(log(n))^2",0.41
15,1000,2,"T_Copula",2000,-2,"0.75(log(n))^2",0.12
16,1000,2,"T_Copula",2000,-2,"0.75(log(n))^2",0.79
17,1000,2,"T_Copula",2000,-2,"0.75(log(n))^2",0.76
18,1000,2,"T_Copula",2000,-2,"0.75(log(n))^2",0.86
19,1000,2,"T_Copula",2000,-2,"0.75(log(n))^2",0.81
20,1000,2,"T_Copula",2000,-2,"0.75(log(n))^2",1
21,1000,2,"T_Copula",2000,-2,"0.75(log(n))^2",0.51
22,1000,2,"T_Copula",2000,-2,"0.75(log(n))^2",0.94
23,1000,2,"T_Copula",2000,-2,"0.75(log(n))^2",0.94
24,1000,2,"T_Copula",2000,-2,"0.75(log(n))^2",0.68
25,1000,2,"T_Copula",2000,-2,"0.75(log(n))^2",0.17
26,1000,2,"T_Copula",2000,-2,"0.75(log(n))^2",0.9
27,1000,2,"T_Copula",2000,-2,"0.75(log(n))^2",0.88
28,1000,2,"T_Copula",2000,-2,"0.75(log(n))^2",0.68
29,1000,2,"T_Copula",2000,-2,"0.75(log(n))^2",0.54
30,1000,2,"T_Copula",2000,-2,"0.75(log(n))^2",0.8
31,1000,2,"T_Copula",2000,-2,"0.75(log(n))^2",0.25
32,1000,2,"T_Copula",2000,-2,"0.75(log(n))^2",0.83
33,1000,2,"T_Copula",2000,-2,"0.75(log(n))^2",0.89
34,1000,2,"T_Copula",2000,-2,"0.75(log(n))^2",0.38
35,1000,2,"T_Copula",2000,-2,"0.75(log(n))^2",0.94
36,1000,2,"T_Copula",2000,-2,"0.75(log(n))^2",0.11
37,1000,2,"T_Copula",2000,-2,"0.75(log(n))^2",0.61
38,1000,2,"T_Copula",2000,-2,"0.75(log(n))^2",0.43
39,1000,2,"T_Copula",2000,-2,"0.75(log(n))^2",0.02
40,1000,2,"T_Copula",2000,-2,"0.75(log(n))^2",0.89
41,1000,2,"T_Copula",2000,-2,"0.75(log(n))^2",0.97
42,1000,2,"T_Copula",2000,-2,"0.75(log(n))^2",0.82
43,1000,2,"T_Copula",2000,-2,"0.75(log(n))^2",0.02
44,1000,2,"T_Copula",2000,-2,"0.75(log(n))^2",0.69
45,1000,2,"T_Copula",2000,-2,"0.75(log(n))^2",0.02
46,1000,2,"T_Copula",2000,-2,"0.75(log(n))^2",0.98
47,1000,2,"T_Copula",2000,-2,"0.75(log(n))^2",0.56
48,1000,2,"T_Copula",2000,-2,"0.75(log(n))^2",0.46
49,1000,2,"T_Copula",2000,-2,"0.75(log(n))^2",0.97
50,1000,2,"T_Copula",2000,-2,"0.75(log(n))^2",0.93
51,1000,2,"T_Copula",2000,-2,"0.75(log(n))^2",0.76
52,1000,2,"T_Copula",2000,-2,"0.75(log(n))^2",0.81
53,1000,2,"T_Copula",2000,-2,"0.75(log(n))^2",0.82
54,1000,2,"T_Copula",2000,-2,"0.75(log(n))^2",0.42
55,1000,2,"T_Copula",2000,-2,"0.75(log(n))^2",0.21
56,1000,2,"T_Copula",2000,-2,"0.75(log(n))^2",0.59
57,1000,2,"T_Copula",2000,-2,"0.75(log(n))^2",0.54
58,1000,2,"T_Copula",2000,-2,"0.75(log(n))^2",0.45
59,1000,2,"T_Copula",2000,-2,"0.75(log(n))^2",0.5
60,1000,2,"T_Copula",2000,-2,"0.75(log(n))^2",0.45
61,1000,2,"T_Copula",2000,-2,"0.75(log(n))^2",0.58
62,1000,2,"T_Copula",2000,-2,"0.75(log(n))^2",0.89
63,1000,2,"T_Copula",2000,-2,"0.75(log(n))^2",0.34
64,1000,2,"T_Copula",2000,-2,"0.75(log(n))^2",0.42
65,1000,2,"T_Copula",2000,-2,"0.75(log(n))^2",0.8
66,1000,2,"T_Copula",2000,-2,"0.75(log(n))^2",0.86
67,1000,2,"T_Copula",2000,-2,"0.75(log(n))^2",0.61
68,1000,2,"T_Copula",2000,-2,"0.75(log(n))^2",0.54
69,1000,2,"T_Copula",2000,-2,"0.75(log(n))^2",1
70,1000,2,"T_Copula",2000,-2,"0.75(log(n))^2",0.97
71,1000,2,"T_Copula",2000,-2,"0.75(log(n))^2",0.18
72,1000,2,"T_Copula",2000,-2,"0.75(log(n))^2",0.94
73,1000,2,"T_Copula",2000,-2,"0.75(log(n))^2",0.55
74,1000,2,"T_Copula",2000,-2,"0.75(log(n))^2",0.56
75,1000,2,"T_Copula",2000,-2,"0.75(log(n))^2",0.88
76,1000,2,"T_Copula",2000,-2,"0.75(log(n))^2",0.73
77,1000,2,"T_Copula",2000,-2,"0.75(log(n))^2",0.8
78,1000,2,"T_Copula",2000,-2,"0.75(log(n))^2",0.33
79,1000,2,"T_Copula",2000,-2,"0.75(log(n))^2",0.95
80,1000,2,"T_Copula",2000,-2,"0.75(log(n))^2",0.96
81,1000,2,"T_Copula",2000,-2,"0.75(log(n))^2",0.55
82,1000,2,"T_Copula",2000,-2,"0.75(log(n))^2",0.52
83,1000,2,"T_Copula",2000,-2,"0.75(log(n))^2",0.33
84,1000,2,"T_Copula",2000,-2,"0.75(log(n))^2",0.61
85,1000,2,"T_Copula",2000,-2,"0.75(log(n))^2",0.73
86,1000,2,"T_Copula",2000,-2,"0.75(log(n))^2",0.7
87,1000,2,"T_Copula",2000,-2,"0.75(log(n))^2",0.83
88,1000,2,"T_Copula",2000,-2,"0.75(log(n))^2",0.46
89,1000,2,"T_Copula",2000,-2,"0.75(log(n))^2",0.46
90,1000,2,"T_Copula",2000,-2,"0.75(log(n))^2",0.88
91,1000,2,"T_Copula",2000,-2,"0.75(log(n))^2",0.04
92,1000,2,"T_Copula",2000,-2,"0.75(log(n))^2",0.98
93,1000,2,"T_Copula",2000,-2,"0.75(log(n))^2",0.67
94,1000,2,"T_Copula",2000,-2,"0.75(log(n))^2",0.95
95,1000,2,"T_Copula",2000,-2,"0.75(log(n))^2",0.81
96,1000,2,"T_Copula",2000,-2,"0.75(log(n))^2",0.7
97,1000,2,"T_Copula",2000,-2,"0.75(log(n))^2",0.87
98,1000,2,"T_Copula",2000,-2,"0.75(log(n))^2",0.7
99,1000,2,"T_Copula",2000,-2,"0.75(log(n))^2",0.43
100,1000,2,"T_Copula",2000,-2,"0.75(log(n))^2",0.52
101,1000,2,"T_Copula",2000,-2,"0.75(log(n))^2",0.83
102,1000,2,"T_Copula",2000,-2,"0.75(log(n))^2",0.83
103,1000,2,"T_Copula",2000,-2,"0.75(log(n))^2",0.73
104,1000,2,"T_Copula",2000,-2,"0.75(log(n))^2",0.77
105,1000,2,"T_Copula",2000,-2,"0.75(log(n))^2",0.93
106,1000,2,"T_Copula",2000,-2,"0.75(log(n))^2",0.69
107,1000,2,"T_Copula",2000,-2,"0.75(log(n))^2",0.96
108,1000,2,"T_Copula",2000,-2,"0.75(log(n))^2",0.3
109,1000,2,"T_Copula",2000,-2,"0.75(log(n))^2",0.63
110,1000,2,"T_Copula",2000,-2,"0.75(log(n))^2",0.86
111,1000,2,"T_Copula",2000,-2,"0.75(log(n))^2",0.68
112,1000,2,"T_Copula",2000,-2,"0.75(log(n))^2",0.49
113,1000,2,"T_Copula",2000,-2,"0.75(log(n))^2",0.76
114,1000,2,"T_Copula",2000,-2,"0.75(log(n))^2",0.47
115,1000,2,"T_Copula",2000,-2,"0.75(log(n))^2",0.62
116,1000,2,"T_Copula",2000,-2,"0.75(log(n))^2",0.81
117,1000,2,"T_Copula",2000,-2,"0.75(log(n))^2",0.38
118,1000,2,"T_Copula",2000,-2,"0.75(log(n))^2",0.72
119,1000,2,"T_Copula",2000,-2,"0.75(log(n))^2",0.89
120,1000,2,"T_Copula",2000,-2,"0.75(log(n))^2",0.23
121,1000,2,"T_Copula",2000,-2,"0.75(log(n))^2",0.87
122,1000,2,"T_Copula",2000,-2,"0.75(log(n))^2",0.65
123,1000,2,"T_Copula",2000,-2,"0.75(log(n))^2",0.88
124,1000,2,"T_Copula",2000,-2,"0.75(log(n))^2",0.31
125,1000,2,"T_Copula",2000,-2,"0.75(log(n))^2",0.74
126,1000,2,"T_Copula",2000,-2,"0.75(log(n))^2",0.85
127,1000,2,"T_Copula",2000,-2,"0.75(log(n))^2",0.97
128,1000,2,"T_Copula",2000,-2,"0.75(log(n))^2",0.82
129,1000,2,"T_Copula",2000,-2,"0.75(log(n))^2",0.95
130,1000,2,"T_Copula",2000,-2,"0.75(log(n))^2",0.77
131,1000,2,"T_Copula",2000,-2,"0.75(log(n))^2",0.55
132,1000,2,"T_Copula",2000,-2,"0.75(log(n))^2",1
133,1000,2,"T_Copula",2000,-2,"0.75(log(n))^2",0.07
134,1000,2,"T_Copula",2000,-2,"0.75(log(n))^2",0.11
135,1000,2,"T_Copula",2000,-2,"0.75(log(n))^2",0.45
136,1000,2,"T_Copula",2000,-2,"0.75(log(n))^2",0.91
137,1000,2,"T_Copula",2000,-2,"0.75(log(n))^2",0.99
138,1000,2,"T_Copula",2000,-2,"0.75(log(n))^2",0.57
139,1000,2,"T_Copula",2000,-2,"0.75(log(n))^2",0.64
140,1000,2,"T_Copula",2000,-2,"0.75(log(n))^2",0.91
141,1000,2,"T_Copula",2000,-2,"0.75(log(n))^2",0.96
142,1000,2,"T_Copula",2000,-2,"0.75(log(n))^2",0.37
143,1000,2,"T_Copula",2000,-2,"0.75(log(n))^2",0.95
144,1000,2,"T_Copula",2000,-2,"0.75(log(n))^2",0.11
145,1000,2,"T_Copula",2000,-2,"0.75(log(n))^2",0.65
146,1000,2,"T_Copula",2000,-2,"0.75(log(n))^2",0.56
147,1000,2,"T_Copula",2000,-2,"0.75(log(n))^2",0.23
148,1000,2,"T_Copula",2000,-2,"0.75(log(n))^2",0.93
149,1000,2,"T_Copula",2000,-2,"0.75(log(n))^2",1
150,1000,2,"T_Copula",2000,-2,"0.75(log(n))^2",0.31
151,1000,2,"T_Copula",2000,-2,"0.75(log(n))^2",0.45
152,1000,2,"T_Copula",2000,-2,"0.75(log(n))^2",0.25
153,1000,2,"T_Copula",2000,-2,"0.75(log(n))^2",0.29
154,1000,2,"T_Copula",2000,-2,"0.75(log(n))^2",0.98
155,1000,2,"T_Copula",2000,-2,"0.75(log(n))^2",0.69
156,1000,2,"T_Copula",2000,-2,"0.75(log(n))^2",0.59
157,1000,2,"T_Copula",2000,-2,"0.75(log(n))^2",0.68
158,1000,2,"T_Copula",2000,-2,"0.75(log(n))^2",0.97
159,1000,2,"T_Copula",2000,-2,"0.75(log(n))^2",0.72
160,1000,2,"T_Copula",2000,-2,"0.75(log(n))^2",0.57
161,1000,2,"T_Copula",2000,-2,"0.75(log(n))^2",0.6
162,1000,2,"T_Copula",2000,-2,"0.75(log(n))^2",0.77
163,1000,2,"T_Copula",2000,-2,"0.75(log(n))^2",0.27
164,1000,2,"T_Copula",2000,-2,"0.75(log(n))^2",0.51
165,1000,2,"T_Copula",2000,-2,"0.75(log(n))^2",0.74
166,1000,2,"T_Copula",2000,-2,"0.75(log(n))^2",0.83
167,1000,2,"T_Copula",2000,-2,"0.75(log(n))^2",0.43
168,1000,2,"T_Copula",2000,-2,"0.75(log(n))^2",0.41
169,1000,2,"T_Copula",2000,-2,"0.75(log(n))^2",0.31
170,1000,2,"T_Copula",2000,-2,"0.75(log(n))^2",0.65
171,1000,2,"T_Copula",2000,-2,"0.75(log(n))^2",0.92
172,1000,2,"T_Copula",2000,-2,"0.75(log(n))^2",0.87
173,1000,2,"T_Copula",2000,-2,"0.75(log(n))^2",0.35
174,1000,2,"T_Copula",2000,-2,"0.75(log(n))^2",0.54
175,1000,2,"T_Copula",2000,-2,"0.75(log(n))^2",0.97
176,1000,2,"T_Copula",2000,-2,"0.75(log(n))^2",0.99
177,1000,2,"T_Copula",2000,-2,"0.75(log(n))^2",0.64
178,1000,2,"T_Copula",2000,-2,"0.75(log(n))^2",0.96
179,1000,2,"T_Copula",2000,-2,"0.75(log(n))^2",0.38
180,1000,2,"T_Copula",2000,-2,"0.75(log(n))^2",0.57
181,1000,2,"T_Copula",2000,-2,"0.75(log(n))^2",0.53
182,1000,2,"T_Copula",2000,-2,"0.75(log(n))^2",0.91
183,1000,2,"T_Copula",2000,-2,"0.75(log(n))^2",0.88
184,1000,2,"T_Copula",2000,-2,"0.75(log(n))^2",0.92
185,1000,2,"T_Copula",2000,-2,"0.75(log(n))^2",0.6
186,1000,2,"T_Copula",2000,-2,"0.75(log(n))^2",0.73
187,1000,2,"T_Copula",2000,-2,"0.75(log(n))^2",0.58
188,1000,2,"T_Copula",2000,-2,"0.75(log(n))^2",0.66
189,1000,2,"T_Copula",2000,-2,"0.75(log(n))^2",0.21
190,1000,2,"T_Copula",2000,-2,"0.75(log(n))^2",0.92
191,1000,2,"T_Copula",2000,-2,"0.75(log(n))^2",1
192,1000,2,"T_Copula",2000,-2,"0.75(log(n))^2",0.75
193,1000,2,"T_Copula",2000,-2,"0.75(log(n))^2",0.39
194,1000,2,"T_Copula",2000,-2,"0.75(log(n))^2",0.68
195,1000,2,"T_Copula",2000,-2,"0.75(log(n))^2",0.74
196,1000,2,"T_Copula",2000,-2,"0.75(log(n))^2",0.99
197,1000,2,"T_Copula",2000,-2,"0.75(log(n))^2",0.86
198,1000,2,"T_Copula",2000,-2,"0.75(log(n))^2",0.56
199,1000,2,"T_Copula",2000,-2,"0.75(log(n))^2",0.21
200,1000,2,"T_Copula",2000,-2,"0.75(log(n))^2",0.54
201,1000,2,"T_Copula",2000,-2,"0.75(log(n))^2",0.23
202,1000,2,"T_Copula",2000,-2,"0.75(log(n))^2",0.53
203,1000,2,"T_Copula",2000,-2,"0.75(log(n))^2",0.62
204,1000,2,"T_Copula",2000,-2,"0.75(log(n))^2",0.38
205,1000,2,"T_Copula",2000,-2,"0.75(log(n))^2",0.55
206,1000,2,"T_Copula",2000,-2,"0.75(log(n))^2",0.84
207,1000,2,"T_Copula",2000,-2,"0.75(log(n))^2",0.87
208,1000,2,"T_Copula",2000,-2,"0.75(log(n))^2",0.01
209,1000,2,"T_Copula",2000,-2,"0.75(log(n))^2",0.59
210,1000,2,"T_Copula",2000,-2,"0.75(log(n))^2",0.99
211,1000,2,"T_Copula",2000,-2,"0.75(log(n))^2",0.67
212,1000,2,"T_Copula",2000,-2,"0.75(log(n))^2",0.66
213,1000,2,"T_Copula",2000,-2,"0.75(log(n))^2",0.61
214,1000,2,"T_Copula",2000,-2,"0.75(log(n))^2",0.99
215,1000,2,"T_Copula",2000,-2,"0.75(log(n))^2",0.64
216,1000,2,"T_Copula",2000,-2,"0.75(log(n))^2",0.73
217,1000,2,"T_Copula",2000,-2,"0.75(log(n))^2",0.21
218,1000,2,"T_Copula",2000,-2,"0.75(log(n))^2",0.58
219,1000,2,"T_Copula",2000,-2,"0.75(log(n))^2",0.42
220,1000,2,"T_Copula",2000,-2,"0.75(log(n))^2",0.69
221,1000,2,"T_Copula",2000,-2,"0.75(log(n))^2",0.97
222,1000,2,"T_Copula",2000,-2,"0.75(log(n))^2",0.49
223,1000,2,"T_Copula",2000,-2,"0.75(log(n))^2",0.71
224,1000,2,"T_Copula",2000,-2,"0.75(log(n))^2",0.08
225,1000,2,"T_Copula",2000,-2,"0.75(log(n))^2",0.54
226,1000,2,"T_Copula",2000,-2,"0.75(log(n))^2",0.94
227,1000,2,"T_Copula",2000,-2,"0.75(log(n))^2",0.93
228,1000,2,"T_Copula",2000,-2,"0.75(log(n))^2",0.32
229,1000,2,"T_Copula",2000,-2,"0.75(log(n))^2",0.38
230,1000,2,"T_Copula",2000,-2,"0.75(log(n))^2",0.41
231,1000,2,"T_Copula",2000,-2,"0.75(log(n))^2",0.86
232,1000,2,"T_Copula",2000,-2,"0.75(log(n))^2",0.84
233,1000,2,"T_Copula",2000,-2,"0.75(log(n))^2",0.57
234,1000,2,"T_Copula",2000,-2,"0.75(log(n))^2",0.89
235,1000,2,"T_Copula",2000,-2,"0.75(log(n))^2",0.18
236,1000,2,"T_Copula",2000,-2,"0.75(log(n))^2",0.53
237,1000,2,"T_Copula",2000,-2,"0.75(log(n))^2",0.56
238,1000,2,"T_Copula",2000,-2,"0.75(log(n))^2",0.34
239,1000,2,"T_Copula",2000,-2,"0.75(log(n))^2",0.8
240,1000,2,"T_Copula",2000,-2,"0.75(log(n))^2",0.08
241,1000,2,"T_Copula",2000,-2,"0.75(log(n))^2",0.99
242,1000,2,"T_Copula",2000,-2,"0.75(log(n))^2",0.75
243,1000,2,"T_Copula",2000,-2,"0.75(log(n))^2",0.95
244,1000,2,"T_Copula",2000,-2,"0.75(log(n))^2",0.58
245,1000,2,"T_Copula",2000,-2,"0.75(log(n))^2",0.16
246,1000,2,"T_Copula",2000,-2,"0.75(log(n))^2",0.59
247,1000,2,"T_Copula",2000,-2,"0.75(log(n))^2",0.91
248,1000,2,"T_Copula",2000,-2,"0.75(log(n))^2",0.78
249,1000,2,"T_Copula",2000,-2,"0.75(log(n))^2",0.79
250,1000,2,"T_Copula",2000,-2,"0.75(log(n))^2",1
251,1000,2,"T_Copula",2000,-2,"0.75(log(n))^2",0.45
252,1000,2,"T_Copula",2000,-2,"0.75(log(n))^2",0.82
253,1000,2,"T_Copula",2000,-2,"0.75(log(n))^2",0.74
254,1000,2,"T_Copula",2000,-2,"0.75(log(n))^2",0.28
255,1000,2,"T_Copula",2000,-2,"0.75(log(n))^2",0.84
256,1000,2,"T_Copula",2000,-2,"0.75(log(n))^2",0.25
257,1000,2,"T_Copula",2000,-2,"0.75(log(n))^2",0.54
258,1000,2,"T_Copula",2000,-2,"0.75(log(n))^2",0.89
259,1000,2,"T_Copula",2000,-2,"0.75(log(n))^2",0.32
260,1000,2,"T_Copula",2000,-2,"0.75(log(n))^2",0.7
261,1000,2,"T_Copula",2000,-2,"0.75(log(n))^2",0.91
262,1000,2,"T_Copula",2000,-2,"0.75(log(n))^2",0.72
263,1000,2,"T_Copula",2000,-2,"0.75(log(n))^2",0.51
264,1000,2,"T_Copula",2000,-2,"0.75(log(n))^2",0.95
265,1000,2,"T_Copula",2000,-2,"0.75(log(n))^2",0.95
266,1000,2,"T_Copula",2000,-2,"0.75(log(n))^2",0.73
267,1000,2,"T_Copula",2000,-2,"0.75(log(n))^2",0.75
268,1000,2,"T_Copula",2000,-2,"0.75(log(n))^2",0.37
269,1000,2,"T_Copula",2000,-2,"0.75(log(n))^2",0.93
270,1000,2,"T_Copula",2000,-2,"0.75(log(n))^2",0.41
271,1000,2,"T_Copula",2000,-2,"0.75(log(n))^2",0.55
272,1000,2,"T_Copula",2000,-2,"0.75(log(n))^2",0.85
273,1000,2,"T_Copula",2000,-2,"0.75(log(n))^2",0.73
274,1000,2,"T_Copula",2000,-2,"0.75(log(n))^2",0.51
275,1000,2,"T_Copula",2000,-2,"0.75(log(n))^2",1
276,1000,2,"T_Copula",2000,-2,"0.75(log(n))^2",0.87
277,1000,2,"T_Copula",2000,-2,"0.75(log(n))^2",0.94
278,1000,2,"T_Copula",2000,-2,"0.75(log(n))^2",0.83
279,1000,2,"T_Copula",2000,-2,"0.75(log(n))^2",0.95
280,1000,2,"T_Copula",2000,-2,"0.75(log(n))^2",0.73
281,1000,2,"T_Copula",2000,-2,"0.75(log(n))^2",0.37
282,1000,2,"T_Copula",2000,-2,"0.75(log(n))^2",0.56
283,1000,2,"T_Copula",2000,-2,"0.75(log(n))^2",0.76
284,1000,2,"T_Copula",2000,-2,"0.75(log(n))^2",0.92
285,1000,2,"T_Copula",2000,-2,"0.75(log(n))^2",0.39
286,1000,2,"T_Copula",2000,-2,"0.75(log(n))^2",0.56
287,1000,2,"T_Copula",2000,-2,"0.75(log(n))^2",0.63
288,1000,2,"T_Copula",2000,-2,"0.75(log(n))^2",0.87
289,1000,2,"T_Copula",2000,-2,"0.75(log(n))^2",0.88
290,1000,2,"T_Copula",2000,-2,"0.75(log(n))^2",0.94
291,1000,2,"T_Copula",2000,-2,"0.75(log(n))^2",0.87
292,1000,2,"T_Copula",2000,-2,"0.75(log(n))^2",1
293,1000,2,"T_Copula",2000,-2,"0.75(log(n))^2",0.97
294,1000,2,"T_Copula",2000,-2,"0.75(log(n))^2",0.49
295,1000,2,"T_Copula",2000,-2,"0.75(log(n))^2",0.75
296,1000,2,"T_Copula",2000,-2,"0.75(log(n))^2",0.98
297,1000,2,"T_Copula",2000,-2,"0.75(log(n))^2",0.88
298,1000,2,"T_Copula",2000,-2,"0.75(log(n))^2",0.37
299,1000,2,"T_Copula",2000,-2,"0.75(log(n))^2",0.94
300,1000,2,"T_Copula",2000,-2,"0.75(log(n))^2",0.93
301,1000,2,"T_Copula",2000,-2,"0.75(log(n))^2",0.78
302,1000,2,"T_Copula",2000,-2,"0.75(log(n))^2",0.87
303,1000,2,"T_Copula",2000,-2,"0.75(log(n))^2",0.82
304,1000,2,"T_Copula",2000,-2,"0.75(log(n))^2",0.52
305,1000,2,"T_Copula",2000,-2,"0.75(log(n))^2",0.61
306,1000,2,"T_Copula",2000,-2,"0.75(log(n))^2",0.98
307,1000,2,"T_Copula",2000,-2,"0.75(log(n))^2",0.98
308,1000,2,"T_Copula",2000,-2,"0.75(log(n))^2",0.83
309,1000,2,"T_Copula",2000,-2,"0.75(log(n))^2",0.71
310,1000,2,"T_Copula",2000,-2,"0.75(log(n))^2",0.52
311,1000,2,"T_Copula",2000,-2,"0.75(log(n))^2",0.76
312,1000,2,"T_Copula",2000,-2,"0.75(log(n))^2",0.71
313,1000,2,"T_Copula",2000,-2,"0.75(log(n))^2",0.67
314,1000,2,"T_Copula",2000,-2,"0.75(log(n))^2",1
315,1000,2,"T_Copula",2000,-2,"0.75(log(n))^2",0.2
316,1000,2,"T_Copula",2000,-2,"0.75(log(n))^2",0.52
317,1000,2,"T_Copula",2000,-2,"0.75(log(n))^2",0.78
318,1000,2,"T_Copula",2000,-2,"0.75(log(n))^2",0.66
319,1000,2,"T_Copula",2000,-2,"0.75(log(n))^2",0.46
320,1000,2,"T_Copula",2000,-2,"0.75(log(n))^2",0.8
321,1000,2,"T_Copula",2000,-2,"0.75(log(n))^2",0.63
322,1000,2,"T_Copula",2000,-2,"0.75(log(n))^2",0.99
323,1000,2,"T_Copula",2000,-2,"0.75(log(n))^2",0.09
324,1000,2,"T_Copula",2000,-2,"0.75(log(n))^2",0.62
325,1000,2,"T_Copula",2000,-2,"0.75(log(n))^2",0.66
326,1000,2,"T_Copula",2000,-2,"0.75(log(n))^2",0.92
327,1000,2,"T_Copula",2000,-2,"0.75(log(n))^2",0.35
328,1000,2,"T_Copula",2000,-2,"0.75(log(n))^2",0.87
329,1000,2,"T_Copula",2000,-2,"0.75(log(n))^2",0.96
330,1000,2,"T_Copula",2000,-2,"0.75(log(n))^2",0.9
331,1000,2,"T_Copula",2000,-2,"0.75(log(n))^2",0.14
332,1000,2,"T_Copula",2000,-2,"0.75(log(n))^2",0.64
333,1000,2,"T_Copula",2000,-2,"0.75(log(n))^2",0.52
334,1000,2,"T_Copula",2000,-2,"0.75(log(n))^2",0.54
335,1000,2,"T_Copula",2000,-2,"0.75(log(n))^2",0.99
336,1000,2,"T_Copula",2000,-2,"0.75(log(n))^2",0.89
337,1000,2,"T_Copula",2000,-2,"0.75(log(n))^2",0.83
338,1000,2,"T_Copula",2000,-2,"0.75(log(n))^2",0.88
339,1000,2,"T_Copula",2000,-2,"0.75(log(n))^2",0.23
340,1000,2,"T_Copula",2000,-2,"0.75(log(n))^2",0.36
341,1000,2,"T_Copula",2000,-2,"0.75(log(n))^2",0.8
342,1000,2,"T_Copula",2000,-2,"0.75(log(n))^2",0.67
343,1000,2,"T_Copula",2000,-2,"0.75(log(n))^2",0.91
344,1000,2,"T_Copula",2000,-2,"0.75(log(n))^2",0.38
345,1000,2,"T_Copula",2000,-2,"0.75(log(n))^2",0.56
346,1000,2,"T_Copula",2000,-2,"0.75(log(n))^2",0.03
347,1000,2,"T_Copula",2000,-2,"0.75(log(n))^2",0.38
348,1000,2,"T_Copula",2000,-2,"0.75(log(n))^2",0.49
349,1000,2,"T_Copula",2000,-2,"0.75(log(n))^2",0.52
350,1000,2,"T_Copula",2000,-2,"0.75(log(n))^2",0
351,1000,2,"T_Copula",2000,-2,"0.75(log(n))^2",0.61
352,1000,2,"T_Copula",2000,-2,"0.75(log(n))^2",1
353,1000,2,"T_Copula",2000,-2,"0.75(log(n))^2",0.33
354,1000,2,"T_Copula",2000,-2,"0.75(log(n))^2",0.2
355,1000,2,"T_Copula",2000,-2,"0.75(log(n))^2",0.23
356,1000,2,"T_Copula",2000,-2,"0.75(log(n))^2",0.49
357,1000,2,"T_Copula",2000,-2,"0.75(log(n))^2",0.87
358,1000,2,"T_Copula",2000,-2,"0.75(log(n))^2",0.55
359,1000,2,"T_Copula",2000,-2,"0.75(log(n))^2",0.17
360,1000,2,"T_Copula",2000,-2,"0.75(log(n))^2",0.92
361,1000,2,"T_Copula",2000,-2,"0.75(log(n))^2",0.21
362,1000,2,"T_Copula",2000,-2,"0.75(log(n))^2",0.62
363,1000,2,"T_Copula",2000,-2,"0.75(log(n))^2",0.34
364,1000,2,"T_Copula",2000,-2,"0.75(log(n))^2",0.87
365,1000,2,"T_Copula",2000,-2,"0.75(log(n))^2",0.18
366,1000,2,"T_Copula",2000,-2,"0.75(log(n))^2",0.55
367,1000,2,"T_Copula",2000,-2,"0.75(log(n))^2",0.94
368,1000,2,"T_Copula",2000,-2,"0.75(log(n))^2",0.78
369,1000,2,"T_Copula",2000,-2,"0.75(log(n))^2",0.82
370,1000,2,"T_Copula",2000,-2,"0.75(log(n))^2",0.61
371,1000,2,"T_Copula",2000,-2,"0.75(log(n))^2",0.69
372,1000,2,"T_Copula",2000,-2,"0.75(log(n))^2",0.66
373,1000,2,"T_Copula",2000,-2,"0.75(log(n))^2",0.95
374,1000,2,"T_Copula",2000,-2,"0.75(log(n))^2",0.76
375,1000,2,"T_Copula",2000,-2,"0.75(log(n))^2",0.69
376,1000,2,"T_Copula",2000,-2,"0.75(log(n))^2",0.98
377,1000,2,"T_Copula",2000,-2,"0.75(log(n))^2",0.96
378,1000,2,"T_Copula",2000,-2,"0.75(log(n))^2",0.75
379,1000,2,"T_Copula",2000,-2,"0.75(log(n))^2",0.98
380,1000,2,"T_Copula",2000,-2,"0.75(log(n))^2",0.78
381,1000,2,"T_Copula",2000,-2,"0.75(log(n))^2",0.8
382,1000,2,"T_Copula",2000,-2,"0.75(log(n))^2",0.53
383,1000,2,"T_Copula",2000,-2,"0.75(log(n))^2",0.69
384,1000,2,"T_Copula",2000,-2,"0.75(log(n))^2",0
385,1000,2,"T_Copula",2000,-2,"0.75(log(n))^2",0.79
386,1000,2,"T_Copula",2000,-2,"0.75(log(n))^2",0.88
387,1000,2,"T_Copula",2000,-2,"0.75(log(n))^2",0.32
388,1000,2,"T_Copula",2000,-2,"0.75(log(n))^2",0.79
389,1000,2,"T_Copula",2000,-2,"0.75(log(n))^2",0.18
390,1000,2,"T_Copula",2000,-2,"0.75(log(n))^2",0.87
391,1000,2,"T_Copula",2000,-2,"0.75(log(n))^2",0.99
392,1000,2,"T_Copula",2000,-2,"0.75(log(n))^2",0.82
393,1000,2,"T_Copula",2000,-2,"0.75(log(n))^2",0.89
394,1000,2,"T_Copula",2000,-2,"0.75(log(n))^2",0.54
395,1000,2,"T_Copula",2000,-2,"0.75(log(n))^2",0.62
396,1000,2,"T_Copula",2000,-2,"0.75(log(n))^2",0.64
397,1000,2,"T_Copula",2000,-2,"0.75(log(n))^2",0.47
398,1000,2,"T_Copula",2000,-2,"0.75(log(n))^2",0.67
399,1000,2,"T_Copula",2000,-2,"0.75(log(n))^2",0.67
400,1000,2,"T_Copula",2000,-2,"0.75(log(n))^2",0.56
401,1000,2,"T_Copula",2000,-2,"0.75(log(n))^2",0.82
402,1000,2,"T_Copula",2000,-2,"0.75(log(n))^2",0.92
403,1000,2,"T_Copula",2000,-2,"0.75(log(n))^2",0.6
404,1000,2,"T_Copula",2000,-2,"0.75(log(n))^2",0.72
405,1000,2,"T_Copula",2000,-2,"0.75(log(n))^2",0.61
406,1000,2,"T_Copula",2000,-2,"0.75(log(n))^2",0.19
407,1000,2,"T_Copula",2000,-2,"0.75(log(n))^2",0.86
408,1000,2,"T_Copula",2000,-2,"0.75(log(n))^2",0.88
409,1000,2,"T_Copula",2000,-2,"0.75(log(n))^2",0.03
410,1000,2,"T_Copula",2000,-2,"0.75(log(n))^2",0.3
411,1000,2,"T_Copula",2000,-2,"0.75(log(n))^2",0.88
412,1000,2,"T_Copula",2000,-2,"0.75(log(n))^2",0.38
413,1000,2,"T_Copula",2000,-2,"0.75(log(n))^2",0.34
414,1000,2,"T_Copula",2000,-2,"0.75(log(n))^2",0.19
415,1000,2,"T_Copula",2000,-2,"0.75(log(n))^2",0.77
416,1000,2,"T_Copula",2000,-2,"0.75(log(n))^2",0.73
417,1000,2,"T_Copula",2000,-2,"0.75(log(n))^2",0.74
418,1000,2,"T_Copula",2000,-2,"0.75(log(n))^2",0.38
419,1000,2,"T_Copula",2000,-2,"0.75(log(n))^2",0.71
420,1000,2,"T_Copula",2000,-2,"0.75(log(n))^2",0.72
421,1000,2,"T_Copula",2000,-2,"0.75(log(n))^2",0.38
422,1000,2,"T_Copula",2000,-2,"0.75(log(n))^2",0.69
423,1000,2,"T_Copula",2000,-2,"0.75(log(n))^2",0.39
424,1000,2,"T_Copula",2000,-2,"0.75(log(n))^2",0.62
425,1000,2,"T_Copula",2000,-2,"0.75(log(n))^2",0.22
426,1000,2,"T_Copula",2000,-2,"0.75(log(n))^2",0.81
427,1000,2,"T_Copula",2000,-2,"0.75(log(n))^2",0.23
428,1000,2,"T_Copula",2000,-2,"0.75(log(n))^2",0.8
429,1000,2,"T_Copula",2000,-2,"0.75(log(n))^2",0.86
430,1000,2,"T_Copula",2000,-2,"0.75(log(n))^2",0.26
431,1000,2,"T_Copula",2000,-2,"0.75(log(n))^2",0.99
432,1000,2,"T_Copula",2000,-2,"0.75(log(n))^2",0.73
433,1000,2,"T_Copula",2000,-2,"0.75(log(n))^2",0.35
434,1000,2,"T_Copula",2000,-2,"0.75(log(n))^2",0.66
435,1000,2,"T_Copula",2000,-2,"0.75(log(n))^2",0.45
436,1000,2,"T_Copula",2000,-2,"0.75(log(n))^2",0.38
437,1000,2,"T_Copula",2000,-2,"0.75(log(n))^2",0.47
438,1000,2,"T_Copula",2000,-2,"0.75(log(n))^2",0.1
439,1000,2,"T_Copula",2000,-2,"0.75(log(n))^2",0.46
440,1000,2,"T_Copula",2000,-2,"0.75(log(n))^2",0.17
441,1000,2,"T_Copula",2000,-2,"0.75(log(n))^2",0.98
442,1000,2,"T_Copula",2000,-2,"0.75(log(n))^2",0.99
443,1000,2,"T_Copula",2000,-2,"0.75(log(n))^2",0.48
444,1000,2,"T_Copula",2000,-2,"0.75(log(n))^2",0.35
445,1000,2,"T_Copula",2000,-2,"0.75(log(n))^2",0.67
446,1000,2,"T_Copula",2000,-2,"0.75(log(n))^2",0.35
447,1000,2,"T_Copula",2000,-2,"0.75(log(n))^2",0.59
448,1000,2,"T_Copula",2000,-2,"0.75(log(n))^2",0.27
449,1000,2,"T_Copula",2000,-2,"0.75(log(n))^2",0.84
450,1000,2,"T_Copula",2000,-2,"0.75(log(n))^2",0.1
451,1000,2,"T_Copula",2000,-2,"0.75(log(n))^2",0.39
452,1000,2,"T_Copula",2000,-2,"0.75(log(n))^2",0.66
453,1000,2,"T_Copula",2000,-2,"0.75(log(n))^2",0.82
454,1000,2,"T_Copula",2000,-2,"0.75(log(n))^2",0.89
455,1000,2,"T_Copula",2000,-2,"0.75(log(n))^2",0.33
456,1000,2,"T_Copula",2000,-2,"0.75(log(n))^2",0.37
457,1000,2,"T_Copula",2000,-2,"0.75(log(n))^2",0.79
458,1000,2,"T_Copula",2000,-2,"0.75(log(n))^2",0.85
459,1000,2,"T_Copula",2000,-2,"0.75(log(n))^2",0.33
460,1000,2,"T_Copula",2000,-2,"0.75(log(n))^2",1
461,1000,2,"T_Copula",2000,-2,"0.75(log(n))^2",0.61
462,1000,2,"T_Copula",2000,-2,"0.75(log(n))^2",0.32
463,1000,2,"T_Copula",2000,-2,"0.75(log(n))^2",0.41
464,1000,2,"T_Copula",2000,-2,"0.75(log(n))^2",0.39
465,1000,2,"T_Copula",2000,-2,"0.75(log(n))^2",0.17
466,1000,2,"T_Copula",2000,-2,"0.75(log(n))^2",0.84
467,1000,2,"T_Copula",2000,-2,"0.75(log(n))^2",0.86
468,1000,2,"T_Copula",2000,-2,"0.75(log(n))^2",0.42
469,1000,2,"T_Copula",2000,-2,"0.75(log(n))^2",0.67
470,1000,2,"T_Copula",2000,-2,"0.75(log(n))^2",0.19
471,1000,2,"T_Copula",2000,-2,"0.75(log(n))^2",0.23
472,1000,2,"T_Copula",2000,-2,"0.75(log(n))^2",0.69
473,1000,2,"T_Copula",2000,-2,"0.75(log(n))^2",0.74
474,1000,2,"T_Copula",2000,-2,"0.75(log(n))^2",0.82
475,1000,2,"T_Copula",2000,-2,"0.75(log(n))^2",0.83
476,1000,2,"T_Copula",2000,-2,"0.75(log(n))^2",0.25
477,1000,2,"T_Copula",2000,-2,"0.75(log(n))^2",0.45
478,1000,2,"T_Copula",2000,-2,"0.75(log(n))^2",0.57
479,1000,2,"T_Copula",2000,-2,"0.75(log(n))^2",0.24
480,1000,2,"T_Copula",2000,-2,"0.75(log(n))^2",0.34
481,1000,2,"T_Copula",2000,-2,"0.75(log(n))^2",0.35
482,1000,2,"T_Copula",2000,-2,"0.75(log(n))^2",0.67
483,1000,2,"T_Copula",2000,-2,"0.75(log(n))^2",0.05
484,1000,2,"T_Copula",2000,-2,"0.75(log(n))^2",0.78
485,1000,2,"T_Copula",2000,-2,"0.75(log(n))^2",0.64
486,1000,2,"T_Copula",2000,-2,"0.75(log(n))^2",0.64
487,1000,2,"T_Copula",2000,-2,"0.75(log(n))^2",0.91
488,1000,2,"T_Copula",2000,-2,"0.75(log(n))^2",0.93
489,1000,2,"T_Copula",2000,-2,"0.75(log(n))^2",0.37
490,1000,2,"T_Copula",2000,-2,"0.75(log(n))^2",0.43
491,1000,2,"T_Copula",2000,-2,"0.75(log(n))^2",0.23
492,1000,2,"T_Copula",2000,-2,"0.75(log(n))^2",0.41
493,1000,2,"T_Copula",2000,-2,"0.75(log(n))^2",0.38
494,1000,2,"T_Copula",2000,-2,"0.75(log(n))^2",0.89
495,1000,2,"T_Copula",2000,-2,"0.75(log(n))^2",0.88
496,1000,2,"T_Copula",2000,-2,"0.75(log(n))^2",0.35
497,1000,2,"T_Copula",2000,-2,"0.75(log(n))^2",0.82
498,1000,2,"T_Copula",2000,-2,"0.75(log(n))^2",0.37
499,1000,2,"T_Copula",2000,-2,"0.75(log(n))^2",0.21
500,1000,2,"T_Copula",2000,-2,"0.75(log(n))^2",0.17
501,1000,2,"T_Copula",2000,-2,"0.75(log(n))^2",0.62
502,1000,2,"T_Copula",2000,-2,"0.75(log(n))^2",0.95
503,1000,2,"T_Copula",2000,-2,"0.75(log(n))^2",0.14
504,1000,2,"T_Copula",2000,-2,"0.75(log(n))^2",0.62
505,1000,2,"T_Copula",2000,-2,"0.75(log(n))^2",0.87
506,1000,2,"T_Copula",2000,-2,"0.75(log(n))^2",0.71
507,1000,2,"T_Copula",2000,-2,"0.75(log(n))^2",0.93
508,1000,2,"T_Copula",2000,-2,"0.75(log(n))^2",0.56
509,1000,2,"T_Copula",2000,-2,"0.75(log(n))^2",0.4
510,1000,2,"T_Copula",2000,-2,"0.75(log(n))^2",0.9
511,1000,2,"T_Copula",2000,-2,"0.75(log(n))^2",0.69
512,1000,2,"T_Copula",2000,-2,"0.75(log(n))^2",0.53
513,1000,2,"T_Copula",2000,-2,"0.75(log(n))^2",0.61
514,1000,2,"T_Copula",2000,-2,"0.75(log(n))^2",0.98
515,1000,2,"T_Copula",2000,-2,"0.75(log(n))^2",0.18
516,1000,2,"T_Copula",2000,-2,"0.75(log(n))^2",1
517,1000,2,"T_Copula",2000,-2,"0.75(log(n))^2",0.92
518,1000,2,"T_Copula",2000,-2,"0.75(log(n))^2",0.96
519,1000,2,"T_Copula",2000,-2,"0.75(log(n))^2",0.58
520,1000,2,"T_Copula",2000,-2,"0.75(log(n))^2",0.52
521,1000,2,"T_Copula",2000,-2,"0.75(log(n))^2",0.86
522,1000,2,"T_Copula",2000,-2,"0.75(log(n))^2",0.57
523,1000,2,"T_Copula",2000,-2,"0.75(log(n))^2",0.71
524,1000,2,"T_Copula",2000,-2,"0.75(log(n))^2",0.87
525,1000,2,"T_Copula",2000,-2,"0.75(log(n))^2",0.76
526,1000,2,"T_Copula",2000,-2,"0.75(log(n))^2",0.65
527,1000,2,"T_Copula",2000,-2,"0.75(log(n))^2",0.75
528,1000,2,"T_Copula",2000,-2,"0.75(log(n))^2",1
529,1000,2,"T_Copula",2000,-2,"0.75(log(n))^2",0.95
530,1000,2,"T_Copula",2000,-2,"0.75(log(n))^2",0.26
531,1000,2,"T_Copula",2000,-2,"0.75(log(n))^2",0.94
532,1000,2,"T_Copula",2000,-2,"0.75(log(n))^2",0.77
533,1000,2,"T_Copula",2000,-2,"0.75(log(n))^2",0.54
534,1000,2,"T_Copula",2000,-2,"0.75(log(n))^2",0.42
535,1000,2,"T_Copula",2000,-2,"0.75(log(n))^2",0.23
536,1000,2,"T_Copula",2000,-2,"0.75(log(n))^2",0.87
537,1000,2,"T_Copula",2000,-2,"0.75(log(n))^2",0.85
538,1000,2,"T_Copula",2000,-2,"0.75(log(n))^2",0.91
539,1000,2,"T_Copula",2000,-2,"0.75(log(n))^2",0.9
540,1000,2,"T_Copula",2000,-2,"0.75(log(n))^2",0.92
541,1000,2,"T_Copula",2000,-2,"0.75(log(n))^2",0.44
542,1000,2,"T_Copula",2000,-2,"0.75(log(n))^2",0.6
543,1000,2,"T_Copula",2000,-2,"0.75(log(n))^2",0.66
544,1000,2,"T_Copula",2000,-2,"0.75(log(n))^2",0.7
545,1000,2,"T_Copula",2000,-2,"0.75(log(n))^2",0.58
546,1000,2,"T_Copula",2000,-2,"0.75(log(n))^2",0.6
547,1000,2,"T_Copula",2000,-2,"0.75(log(n))^2",0.96
548,1000,2,"T_Copula",2000,-2,"0.75(log(n))^2",0.3
549,1000,2,"T_Copula",2000,-2,"0.75(log(n))^2",0.65
550,1000,2,"T_Copula",2000,-2,"0.75(log(n))^2",0.99
551,1000,2,"T_Copula",2000,-2,"0.75(log(n))^2",0.72
552,1000,2,"T_Copula",2000,-2,"0.75(log(n))^2",0.67
553,1000,2,"T_Copula",2000,-2,"0.75(log(n))^2",0.87
554,1000,2,"T_Copula",2000,-2,"0.75(log(n))^2",0.69
555,1000,2,"T_Copula",2000,-2,"0.75(log(n))^2",0.75
556,1000,2,"T_Copula",2000,-2,"0.75(log(n))^2",0.47
557,1000,2,"T_Copula",2000,-2,"0.75(log(n))^2",0.16
558,1000,2,"T_Copula",2000,-2,"0.75(log(n))^2",0.48
559,1000,2,"T_Copula",2000,-2,"0.75(log(n))^2",0.79
560,1000,2,"T_Copula",2000,-2,"0.75(log(n))^2",0.59
561,1000,2,"T_Copula",2000,-2,"0.75(log(n))^2",0.79
562,1000,2,"T_Copula",2000,-2,"0.75(log(n))^2",0.6
563,1000,2,"T_Copula",2000,-2,"0.75(log(n))^2",0.9
564,1000,2,"T_Copula",2000,-2,"0.75(log(n))^2",0.39
565,1000,2,"T_Copula",2000,-2,"0.75(log(n))^2",0.17
566,1000,2,"T_Copula",2000,-2,"0.75(log(n))^2",0.47
567,1000,2,"T_Copula",2000,-2,"0.75(log(n))^2",0.83
568,1000,2,"T_Copula",2000,-2,"0.75(log(n))^2",0.63
569,1000,2,"T_Copula",2000,-2,"0.75(log(n))^2",0.97
570,1000,2,"T_Copula",2000,-2,"0.75(log(n))^2",0.81
571,1000,2,"T_Copula",2000,-2,"0.75(log(n))^2",0.66
572,1000,2,"T_Copula",2000,-2,"0.75(log(n))^2",0.29
573,1000,2,"T_Copula",2000,-2,"0.75(log(n))^2",0.98
574,1000,2,"T_Copula",2000,-2,"0.75(log(n))^2",0.94
575,1000,2,"T_Copula",2000,-2,"0.75(log(n))^2",0.98
576,1000,2,"T_Copula",2000,-2,"0.75(log(n))^2",0.97
577,1000,2,"T_Copula",2000,-2,"0.75(log(n))^2",1
578,1000,2,"T_Copula",2000,-2,"0.75(log(n))^2",0.94
579,1000,2,"T_Copula",2000,-2,"0.75(log(n))^2",0.68
580,1000,2,"T_Copula",2000,-2,"0.75(log(n))^2",0.98
581,1000,2,"T_Copula",2000,-2,"0.75(log(n))^2",0.68
582,1000,2,"T_Copula",2000,-2,"0.75(log(n))^2",0.5
583,1000,2,"T_Copula",2000,-2,"0.75(log(n))^2",0.53
584,1000,2,"T_Copula",2000,-2,"0.75(log(n))^2",0.84
585,1000,2,"T_Copula",2000,-2,"0.75(log(n))^2",0.91
586,1000,2,"T_Copula",2000,-2,"0.75(log(n))^2",0.98
587,1000,2,"T_Copula",2000,-2,"0.75(log(n))^2",0.88
588,1000,2,"T_Copula",2000,-2,"0.75(log(n))^2",0.87
589,1000,2,"T_Copula",2000,-2,"0.75(log(n))^2",0.45
590,1000,2,"T_Copula",2000,-2,"0.75(log(n))^2",0.86
591,1000,2,"T_Copula",2000,-2,"0.75(log(n))^2",1
592,1000,2,"T_Copula",2000,-2,"0.75(log(n))^2",0.01
593,1000,2,"T_Copula",2000,-2,"0.75(log(n))^2",0.88
594,1000,2,"T_Copula",2000,-2,"0.75(log(n))^2",0.42
595,1000,2,"T_Copula",2000,-2,"0.75(log(n))^2",0.43
596,1000,2,"T_Copula",2000,-2,"0.75(log(n))^2",0.99
597,1000,2,"T_Copula",2000,-2,"0.75(log(n))^2",0.79
598,1000,2,"T_Copula",2000,-2,"0.75(log(n))^2",0.59
599,1000,2,"T_Copula",2000,-2,"0.75(log(n))^2",0.59
600,1000,2,"T_Copula",2000,-2,"0.75(log(n))^2",0.41
601,1000,2,"T_Copula",2000,-2,"0.75(log(n))^2",0.59
602,1000,2,"T_Copula",2000,-2,"0.75(log(n))^2",0.8
603,1000,2,"T_Copula",2000,-2,"0.75(log(n))^2",0.71
604,1000,2,"T_Copula",2000,-2,"0.75(log(n))^2",0.92
605,1000,2,"T_Copula",2000,-2,"0.75(log(n))^2",0.4
606,1000,2,"T_Copula",2000,-2,"0.75(log(n))^2",0.59
607,1000,2,"T_Copula",2000,-2,"0.75(log(n))^2",0.86
608,1000,2,"T_Copula",2000,-2,"0.75(log(n))^2",0.38
609,1000,2,"T_Copula",2000,-2,"0.75(log(n))^2",0.39
610,1000,2,"T_Copula",2000,-2,"0.75(log(n))^2",0.49
611,1000,2,"T_Copula",2000,-2,"0.75(log(n))^2",0.66
612,1000,2,"T_Copula",2000,-2,"0.75(log(n))^2",0.82
613,1000,2,"T_Copula",2000,-2,"0.75(log(n))^2",0.75
614,1000,2,"T_Copula",2000,-2,"0.75(log(n))^2",0.51
615,1000,2,"T_Copula",2000,-2,"0.75(log(n))^2",0.3
616,1000,2,"T_Copula",2000,-2,"0.75(log(n))^2",0.95
617,1000,2,"T_Copula",2000,-2,"0.75(log(n))^2",0.6
618,1000,2,"T_Copula",2000,-2,"0.75(log(n))^2",0.96
619,1000,2,"T_Copula",2000,-2,"0.75(log(n))^2",0.49
620,1000,2,"T_Copula",2000,-2,"0.75(log(n))^2",0.79
621,1000,2,"T_Copula",2000,-2,"0.75(log(n))^2",0.6
622,1000,2,"T_Copula",2000,-2,"0.75(log(n))^2",0.83
623,1000,2,"T_Copula",2000,-2,"0.75(log(n))^2",0.87
624,1000,2,"T_Copula",2000,-2,"0.75(log(n))^2",0.75
625,1000,2,"T_Copula",2000,-2,"0.75(log(n))^2",0.38
626,1000,2,"T_Copula",2000,-2,"0.75(log(n))^2",0.11
627,1000,2,"T_Copula",2000,-2,"0.75(log(n))^2",0.49
628,1000,2,"T_Copula",2000,-2,"0.75(log(n))^2",0.69
629,1000,2,"T_Copula",2000,-2,"0.75(log(n))^2",0.59
630,1000,2,"T_Copula",2000,-2,"0.75(log(n))^2",0.48
631,1000,2,"T_Copula",2000,-2,"0.75(log(n))^2",0.62
632,1000,2,"T_Copula",2000,-2,"0.75(log(n))^2",0.3
633,1000,2,"T_Copula",2000,-2,"0.75(log(n))^2",0.04
634,1000,2,"T_Copula",2000,-2,"0.75(log(n))^2",0.22
635,1000,2,"T_Copula",2000,-2,"0.75(log(n))^2",0.89
636,1000,2,"T_Copula",2000,-2,"0.75(log(n))^2",0.82
637,1000,2,"T_Copula",2000,-2,"0.75(log(n))^2",0.39
638,1000,2,"T_Copula",2000,-2,"0.75(log(n))^2",0.98
639,1000,2,"T_Copula",2000,-2,"0.75(log(n))^2",0.93
640,1000,2,"T_Copula",2000,-2,"0.75(log(n))^2",1
641,1000,2,"T_Copula",2000,-2,"0.75(log(n))^2",0.98
642,1000,2,"T_Copula",2000,-2,"0.75(log(n))^2",0.95
643,1000,2,"T_Copula",2000,-2,"0.75(log(n))^2",0.61
644,1000,2,"T_Copula",2000,-2,"0.75(log(n))^2",0.48
645,1000,2,"T_Copula",2000,-2,"0.75(log(n))^2",1
646,1000,2,"T_Copula",2000,-2,"0.75(log(n))^2",0.97
647,1000,2,"T_Copula",2000,-2,"0.75(log(n))^2",0.45
648,1000,2,"T_Copula",2000,-2,"0.75(log(n))^2",0.37
649,1000,2,"T_Copula",2000,-2,"0.75(log(n))^2",0.56
650,1000,2,"T_Copula",2000,-2,"0.75(log(n))^2",0.92
651,1000,2,"T_Copula",2000,-2,"0.75(log(n))^2",0.37
652,1000,2,"T_Copula",2000,-2,"0.75(log(n))^2",0.7
653,1000,2,"T_Copula",2000,-2,"0.75(log(n))^2",0.67
654,1000,2,"T_Copula",2000,-2,"0.75(log(n))^2",0.27
655,1000,2,"T_Copula",2000,-2,"0.75(log(n))^2",0.77
656,1000,2,"T_Copula",2000,-2,"0.75(log(n))^2",0.82
657,1000,2,"T_Copula",2000,-2,"0.75(log(n))^2",0.18
658,1000,2,"T_Copula",2000,-2,"0.75(log(n))^2",0.81
659,1000,2,"T_Copula",2000,-2,"0.75(log(n))^2",0.65
660,1000,2,"T_Copula",2000,-2,"0.75(log(n))^2",0.46
661,1000,2,"T_Copula",2000,-2,"0.75(log(n))^2",0.52
662,1000,2,"T_Copula",2000,-2,"0.75(log(n))^2",0.82
663,1000,2,"T_Copula",2000,-2,"0.75(log(n))^2",0.09
664,1000,2,"T_Copula",2000,-2,"0.75(log(n))^2",0.71
665,1000,2,"T_Copula",2000,-2,"0.75(log(n))^2",0.91
666,1000,2,"T_Copula",2000,-2,"0.75(log(n))^2",0.64
667,1000,2,"T_Copula",2000,-2,"0.75(log(n))^2",0.86
668,1000,2,"T_Copula",2000,-2,"0.75(log(n))^2",0.23
669,1000,2,"T_Copula",2000,-2,"0.75(log(n))^2",0.87
670,1000,2,"T_Copula",2000,-2,"0.75(log(n))^2",0.11
671,1000,2,"T_Copula",2000,-2,"0.75(log(n))^2",1
672,1000,2,"T_Copula",2000,-2,"0.75(log(n))^2",0.95
673,1000,2,"T_Copula",2000,-2,"0.75(log(n))^2",0.81
674,1000,2,"T_Copula",2000,-2,"0.75(log(n))^2",0.3
675,1000,2,"T_Copula",2000,-2,"0.75(log(n))^2",0.53
676,1000,2,"T_Copula",2000,-2,"0.75(log(n))^2",0.48
677,1000,2,"T_Copula",2000,-2,"0.75(log(n))^2",0.4
678,1000,2,"T_Copula",2000,-2,"0.75(log(n))^2",0.59
679,1000,2,"T_Copula",2000,-2,"0.75(log(n))^2",0.77
680,1000,2,"T_Copula",2000,-2,"0.75(log(n))^2",0.29
681,1000,2,"T_Copula",2000,-2,"0.75(log(n))^2",0.51
682,1000,2,"T_Copula",2000,-2,"0.75(log(n))^2",0.72
683,1000,2,"T_Copula",2000,-2,"0.75(log(n))^2",0.72
684,1000,2,"T_Copula",2000,-2,"0.75(log(n))^2",0.99
685,1000,2,"T_Copula",2000,-2,"0.75(log(n))^2",0.42
686,1000,2,"T_Copula",2000,-2,"0.75(log(n))^2",0.51
687,1000,2,"T_Copula",2000,-2,"0.75(log(n))^2",1
688,1000,2,"T_Copula",2000,-2,"0.75(log(n))^2",0.06
689,1000,2,"T_Copula",2000,-2,"0.75(log(n))^2",0.86
690,1000,2,"T_Copula",2000,-2,"0.75(log(n))^2",0.22
691,1000,2,"T_Copula",2000,-2,"0.75(log(n))^2",0.86
692,1000,2,"T_Copula",2000,-2,"0.75(log(n))^2",0.93
693,1000,2,"T_Copula",2000,-2,"0.75(log(n))^2",0.75
694,1000,2,"T_Copula",2000,-2,"0.75(log(n))^2",0.44
695,1000,2,"T_Copula",2000,-2,"0.75(log(n))^2",0.65
696,1000,2,"T_Copula",2000,-2,"0.75(log(n))^2",0.65
697,1000,2,"T_Copula",2000,-2,"0.75(log(n))^2",0.91
698,1000,2,"T_Copula",2000,-2,"0.75(log(n))^2",0.72
699,1000,2,"T_Copula",2000,-2,"0.75(log(n))^2",0.03
700,1000,2,"T_Copula",2000,-2,"0.75(log(n))^2",0.49
701,1000,2,"T_Copula",2000,-2,"0.75(log(n))^2",0.94
702,1000,2,"T_Copula",2000,-2,"0.75(log(n))^2",0.31
703,1000,2,"T_Copula",2000,-2,"0.75(log(n))^2",0.77
704,1000,2,"T_Copula",2000,-2,"0.75(log(n))^2",0.52
705,1000,2,"T_Copula",2000,-2,"0.75(log(n))^2",0.49
706,1000,2,"T_Copula",2000,-2,"0.75(log(n))^2",0.64
707,1000,2,"T_Copula",2000,-2,"0.75(log(n))^2",1
708,1000,2,"T_Copula",2000,-2,"0.75(log(n))^2",0.74
709,1000,2,"T_Copula",2000,-2,"0.75(log(n))^2",0.76
710,1000,2,"T_Copula",2000,-2,"0.75(log(n))^2",0.89
711,1000,2,"T_Copula",2000,-2,"0.75(log(n))^2",0.5
712,1000,2,"T_Copula",2000,-2,"0.75(log(n))^2",0.84
713,1000,2,"T_Copula",2000,-2,"0.75(log(n))^2",1
714,1000,2,"T_Copula",2000,-2,"0.75(log(n))^2",0.56
715,1000,2,"T_Copula",2000,-2,"0.75(log(n))^2",0.85
716,1000,2,"T_Copula",2000,-2,"0.75(log(n))^2",1
717,1000,2,"T_Copula",2000,-2,"0.75(log(n))^2",0.68
718,1000,2,"T_Copula",2000,-2,"0.75(log(n))^2",0.73
719,1000,2,"T_Copula",2000,-2,"0.75(log(n))^2",0.64
720,1000,2,"T_Copula",2000,-2,"0.75(log(n))^2",0.36
721,1000,2,"T_Copula",2000,-2,"0.75(log(n))^2",0.95
722,1000,2,"T_Copula",2000,-2,"0.75(log(n))^2",0.58
723,1000,2,"T_Copula",2000,-2,"0.75(log(n))^2",0.78
724,1000,2,"T_Copula",2000,-2,"0.75(log(n))^2",0.95
725,1000,2,"T_Copula",2000,-2,"0.75(log(n))^2",0.6
726,1000,2,"T_Copula",2000,-2,"0.75(log(n))^2",1
727,1000,2,"T_Copula",2000,-2,"0.75(log(n))^2",0.5
728,1000,2,"T_Copula",2000,-2,"0.75(log(n))^2",0.43
729,1000,2,"T_Copula",2000,-2,"0.75(log(n))^2",0.47
730,1000,2,"T_Copula",2000,-2,"0.75(log(n))^2",0.49
731,1000,2,"T_Copula",2000,-2,"0.75(log(n))^2",0.54
732,1000,2,"T_Copula",2000,-2,"0.75(log(n))^2",0.43
733,1000,2,"T_Copula",2000,-2,"0.75(log(n))^2",0.62
734,1000,2,"T_Copula",2000,-2,"0.75(log(n))^2",0.8
735,1000,2,"T_Copula",2000,-2,"0.75(log(n))^2",0.69
736,1000,2,"T_Copula",2000,-2,"0.75(log(n))^2",0.94
737,1000,2,"T_Copula",2000,-2,"0.75(log(n))^2",0.81
738,1000,2,"T_Copula",2000,-2,"0.75(log(n))^2",0.01
739,1000,2,"T_Copula",2000,-2,"0.75(log(n))^2",0.74
740,1000,2,"T_Copula",2000,-2,"0.75(log(n))^2",0.64
741,1000,2,"T_Copula",2000,-2,"0.75(log(n))^2",0.76
742,1000,2,"T_Copula",2000,-2,"0.75(log(n))^2",0.77
743,1000,2,"T_Copula",2000,-2,"0.75(log(n))^2",0.96
744,1000,2,"T_Copula",2000,-2,"0.75(log(n))^2",0.08
745,1000,2,"T_Copula",2000,-2,"0.75(log(n))^2",0.45
746,1000,2,"T_Copula",2000,-2,"0.75(log(n))^2",0.62
747,1000,2,"T_Copula",2000,-2,"0.75(log(n))^2",0.9
748,1000,2,"T_Copula",2000,-2,"0.75(log(n))^2",0.92
749,1000,2,"T_Copula",2000,-2,"0.75(log(n))^2",0.06
750,1000,2,"T_Copula",2000,-2,"0.75(log(n))^2",0.84
751,1000,2,"T_Copula",2000,-2,"0.75(log(n))^2",0.89
752,1000,2,"T_Copula",2000,-2,"0.75(log(n))^2",0.44
753,1000,2,"T_Copula",2000,-2,"0.75(log(n))^2",0.9
754,1000,2,"T_Copula",2000,-2,"0.75(log(n))^2",0.2
755,1000,2,"T_Copula",2000,-2,"0.75(log(n))^2",0.93
756,1000,2,"T_Copula",2000,-2,"0.75(log(n))^2",0.83
757,1000,2,"T_Copula",2000,-2,"0.75(log(n))^2",0.95
758,1000,2,"T_Copula",2000,-2,"0.75(log(n))^2",0.5
759,1000,2,"T_Copula",2000,-2,"0.75(log(n))^2",0.57
760,1000,2,"T_Copula",2000,-2,"0.75(log(n))^2",0.35
761,1000,2,"T_Copula",2000,-2,"0.75(log(n))^2",0.87
762,1000,2,"T_Copula",2000,-2,"0.75(log(n))^2",0.21
763,1000,2,"T_Copula",2000,-2,"0.75(log(n))^2",0.65
764,1000,2,"T_Copula",2000,-2,"0.75(log(n))^2",0.52
765,1000,2,"T_Copula",2000,-2,"0.75(log(n))^2",0.7
766,1000,2,"T_Copula",2000,-2,"0.75(log(n))^2",0
767,1000,2,"T_Copula",2000,-2,"0.75(log(n))^2",0.96
768,1000,2,"T_Copula",2000,-2,"0.75(log(n))^2",0.62
769,1000,2,"T_Copula",2000,-2,"0.75(log(n))^2",0.85
770,1000,2,"T_Copula",2000,-2,"0.75(log(n))^2",0.98
771,1000,2,"T_Copula",2000,-2,"0.75(log(n))^2",0.42
772,1000,2,"T_Copula",2000,-2,"0.75(log(n))^2",0.25
773,1000,2,"T_Copula",2000,-2,"0.75(log(n))^2",0.97
774,1000,2,"T_Copula",2000,-2,"0.75(log(n))^2",0.91
775,1000,2,"T_Copula",2000,-2,"0.75(log(n))^2",0.68
776,1000,2,"T_Copula",2000,-2,"0.75(log(n))^2",0.31
777,1000,2,"T_Copula",2000,-2,"0.75(log(n))^2",0.95
778,1000,2,"T_Copula",2000,-2,"0.75(log(n))^2",0.8
779,1000,2,"T_Copula",2000,-2,"0.75(log(n))^2",0.43
780,1000,2,"T_Copula",2000,-2,"0.75(log(n))^2",0.47
781,1000,2,"T_Copula",2000,-2,"0.75(log(n))^2",0.9
782,1000,2,"T_Copula",2000,-2,"0.75(log(n))^2",0.21
783,1000,2,"T_Copula",2000,-2,"0.75(log(n))^2",0.36
784,1000,2,"T_Copula",2000,-2,"0.75(log(n))^2",0.48
785,1000,2,"T_Copula",2000,-2,"0.75(log(n))^2",0.97
786,1000,2,"T_Copula",2000,-2,"0.75(log(n))^2",0.22
787,1000,2,"T_Copula",2000,-2,"0.75(log(n))^2",0.02
788,1000,2,"T_Copula",2000,-2,"0.75(log(n))^2",0.69
789,1000,2,"T_Copula",2000,-2,"0.75(log(n))^2",0.26
790,1000,2,"T_Copula",2000,-2,"0.75(log(n))^2",0.03
791,1000,2,"T_Copula",2000,-2,"0.75(log(n))^2",0.6
792,1000,2,"T_Copula",2000,-2,"0.75(log(n))^2",0.98
793,1000,2,"T_Copula",2000,-2,"0.75(log(n))^2",0.8
794,1000,2,"T_Copula",2000,-2,"0.75(log(n))^2",0.7
795,1000,2,"T_Copula",2000,-2,"0.75(log(n))^2",0.73
796,1000,2,"T_Copula",2000,-2,"0.75(log(n))^2",0.55
797,1000,2,"T_Copula",2000,-2,"0.75(log(n))^2",0.78
798,1000,2,"T_Copula",2000,-2,"0.75(log(n))^2",0.64
799,1000,2,"T_Copula",2000,-2,"0.75(log(n))^2",0.41
800,1000,2,"T_Copula",2000,-2,"0.75(log(n))^2",0.43
801,1000,2,"T_Copula",2000,-2,"0.75(log(n))^2",0.63
802,1000,2,"T_Copula",2000,-2,"0.75(log(n))^2",0.37
803,1000,2,"T_Copula",2000,-2,"0.75(log(n))^2",0.68
804,1000,2,"T_Copula",2000,-2,"0.75(log(n))^2",0.75
805,1000,2,"T_Copula",2000,-2,"0.75(log(n))^2",0.65
806,1000,2,"T_Copula",2000,-2,"0.75(log(n))^2",0.61
807,1000,2,"T_Copula",2000,-2,"0.75(log(n))^2",0.27
808,1000,2,"T_Copula",2000,-2,"0.75(log(n))^2",0.98
809,1000,2,"T_Copula",2000,-2,"0.75(log(n))^2",0.88
810,1000,2,"T_Copula",2000,-2,"0.75(log(n))^2",0.7
811,1000,2,"T_Copula",2000,-2,"0.75(log(n))^2",0.99
812,1000,2,"T_Copula",2000,-2,"0.75(log(n))^2",0.7
813,1000,2,"T_Copula",2000,-2,"0.75(log(n))^2",0.6
814,1000,2,"T_Copula",2000,-2,"0.75(log(n))^2",0.88
815,1000,2,"T_Copula",2000,-2,"0.75(log(n))^2",0.19
816,1000,2,"T_Copula",2000,-2,"0.75(log(n))^2",1
817,1000,2,"T_Copula",2000,-2,"0.75(log(n))^2",0.84
818,1000,2,"T_Copula",2000,-2,"0.75(log(n))^2",0.78
819,1000,2,"T_Copula",2000,-2,"0.75(log(n))^2",0.88
820,1000,2,"T_Copula",2000,-2,"0.75(log(n))^2",0.8
821,1000,2,"T_Copula",2000,-2,"0.75(log(n))^2",0.18
822,1000,2,"T_Copula",2000,-2,"0.75(log(n))^2",0.93
823,1000,2,"T_Copula",2000,-2,"0.75(log(n))^2",0.67
824,1000,2,"T_Copula",2000,-2,"0.75(log(n))^2",0.79
825,1000,2,"T_Copula",2000,-2,"0.75(log(n))^2",0.36
826,1000,2,"T_Copula",2000,-2,"0.75(log(n))^2",0.95
827,1000,2,"T_Copula",2000,-2,"0.75(log(n))^2",0.91
828,1000,2,"T_Copula",2000,-2,"0.75(log(n))^2",0.87
829,1000,2,"T_Copula",2000,-2,"0.75(log(n))^2",0.93
830,1000,2,"T_Copula",2000,-2,"0.75(log(n))^2",0.93
831,1000,2,"T_Copula",2000,-2,"0.75(log(n))^2",0.9
832,1000,2,"T_Copula",2000,-2,"0.75(log(n))^2",0.73
833,1000,2,"T_Copula",2000,-2,"0.75(log(n))^2",0.93
834,1000,2,"T_Copula",2000,-2,"0.75(log(n))^2",0.27
835,1000,2,"T_Copula",2000,-2,"0.75(log(n))^2",0.62
836,1000,2,"T_Copula",2000,-2,"0.75(log(n))^2",0.64
837,1000,2,"T_Copula",2000,-2,"0.75(log(n))^2",0.94
838,1000,2,"T_Copula",2000,-2,"0.75(log(n))^2",0.51
839,1000,2,"T_Copula",2000,-2,"0.75(log(n))^2",0.55
840,1000,2,"T_Copula",2000,-2,"0.75(log(n))^2",0.32
841,1000,2,"T_Copula",2000,-2,"0.75(log(n))^2",0.6
842,1000,2,"T_Copula",2000,-2,"0.75(log(n))^2",0.44
843,1000,2,"T_Copula",2000,-2,"0.75(log(n))^2",0.75
844,1000,2,"T_Copula",2000,-2,"0.75(log(n))^2",0.55
845,1000,2,"T_Copula",2000,-2,"0.75(log(n))^2",0.71
846,1000,2,"T_Copula",2000,-2,"0.75(log(n))^2",0.95
847,1000,2,"T_Copula",2000,-2,"0.75(log(n))^2",0.59
848,1000,2,"T_Copula",2000,-2,"0.75(log(n))^2",0.62
849,1000,2,"T_Copula",2000,-2,"0.75(log(n))^2",0.34
850,1000,2,"T_Copula",2000,-2,"0.75(log(n))^2",0.68
851,1000,2,"T_Copula",2000,-2,"0.75(log(n))^2",0.96
852,1000,2,"T_Copula",2000,-2,"0.75(log(n))^2",0.4
853,1000,2,"T_Copula",2000,-2,"0.75(log(n))^2",0.81
854,1000,2,"T_Copula",2000,-2,"0.75(log(n))^2",0.94
855,1000,2,"T_Copula",2000,-2,"0.75(log(n))^2",0.96
856,1000,2,"T_Copula",2000,-2,"0.75(log(n))^2",0.29
857,1000,2,"T_Copula",2000,-2,"0.75(log(n))^2",1
858,1000,2,"T_Copula",2000,-2,"0.75(log(n))^2",0.8
859,1000,2,"T_Copula",2000,-2,"0.75(log(n))^2",0.19
860,1000,2,"T_Copula",2000,-2,"0.75(log(n))^2",0.89
861,1000,2,"T_Copula",2000,-2,"0.75(log(n))^2",0.35
862,1000,2,"T_Copula",2000,-2,"0.75(log(n))^2",0.38
863,1000,2,"T_Copula",2000,-2,"0.75(log(n))^2",0.56
864,1000,2,"T_Copula",2000,-2,"0.75(log(n))^2",0.42
865,1000,2,"T_Copula",2000,-2,"0.75(log(n))^2",0.31
866,1000,2,"T_Copula",2000,-2,"0.75(log(n))^2",0.58
867,1000,2,"T_Copula",2000,-2,"0.75(log(n))^2",0.1
868,1000,2,"T_Copula",2000,-2,"0.75(log(n))^2",0.4
869,1000,2,"T_Copula",2000,-2,"0.75(log(n))^2",0.98
870,1000,2,"T_Copula",2000,-2,"0.75(log(n))^2",0.49
871,1000,2,"T_Copula",2000,-2,"0.75(log(n))^2",0.62
872,1000,2,"T_Copula",2000,-2,"0.75(log(n))^2",0.3
873,1000,2,"T_Copula",2000,-2,"0.75(log(n))^2",0.76
874,1000,2,"T_Copula",2000,-2,"0.75(log(n))^2",0.25
875,1000,2,"T_Copula",2000,-2,"0.75(log(n))^2",0.73
876,1000,2,"T_Copula",2000,-2,"0.75(log(n))^2",0.46
877,1000,2,"T_Copula",2000,-2,"0.75(log(n))^2",0.49
878,1000,2,"T_Copula",2000,-2,"0.75(log(n))^2",0.26
879,1000,2,"T_Copula",2000,-2,"0.75(log(n))^2",0.9
880,1000,2,"T_Copula",2000,-2,"0.75(log(n))^2",0.16
881,1000,2,"T_Copula",2000,-2,"0.75(log(n))^2",0.25
882,1000,2,"T_Copula",2000,-2,"0.75(log(n))^2",0.84
883,1000,2,"T_Copula",2000,-2,"0.75(log(n))^2",0.46
884,1000,2,"T_Copula",2000,-2,"0.75(log(n))^2",0.99
885,1000,2,"T_Copula",2000,-2,"0.75(log(n))^2",0.25
886,1000,2,"T_Copula",2000,-2,"0.75(log(n))^2",0.97
887,1000,2,"T_Copula",2000,-2,"0.75(log(n))^2",0.98
888,1000,2,"T_Copula",2000,-2,"0.75(log(n))^2",0.44
889,1000,2,"T_Copula",2000,-2,"0.75(log(n))^2",0.46
890,1000,2,"T_Copula",2000,-2,"0.75(log(n))^2",0.29
891,1000,2,"T_Copula",2000,-2,"0.75(log(n))^2",1
892,1000,2,"T_Copula",2000,-2,"0.75(log(n))^2",0.93
893,1000,2,"T_Copula",2000,-2,"0.75(log(n))^2",0.64
894,1000,2,"T_Copula",2000,-2,"0.75(log(n))^2",0.51
895,1000,2,"T_Copula",2000,-2,"0.75(log(n))^2",0.8
896,1000,2,"T_Copula",2000,-2,"0.75(log(n))^2",0.74
897,1000,2,"T_Copula",2000,-2,"0.75(log(n))^2",0.66
898,1000,2,"T_Copula",2000,-2,"0.75(log(n))^2",0.74
899,1000,2,"T_Copula",2000,-2,"0.75(log(n))^2",0.93
900,1000,2,"T_Copula",2000,-2,"0.75(log(n))^2",0.39
901,1000,2,"T_Copula",2000,-2,"0.75(log(n))^2",0.78
902,1000,2,"T_Copula",2000,-2,"0.75(log(n))^2",0.72
903,1000,2,"T_Copula",2000,-2,"0.75(log(n))^2",0.97
904,1000,2,"T_Copula",2000,-2,"0.75(log(n))^2",0.99
905,1000,2,"T_Copula",2000,-2,"0.75(log(n))^2",0.79
906,1000,2,"T_Copula",2000,-2,"0.75(log(n))^2",0.6
907,1000,2,"T_Copula",2000,-2,"0.75(log(n))^2",0.59
908,1000,2,"T_Copula",2000,-2,"0.75(log(n))^2",0.33
909,1000,2,"T_Copula",2000,-2,"0.75(log(n))^2",0.46
910,1000,2,"T_Copula",2000,-2,"0.75(log(n))^2",0.65
911,1000,2,"T_Copula",2000,-2,"0.75(log(n))^2",0.13
912,1000,2,"T_Copula",2000,-2,"0.75(log(n))^2",0.77
913,1000,2,"T_Copula",2000,-2,"0.75(log(n))^2",0.4
914,1000,2,"T_Copula",2000,-2,"0.75(log(n))^2",1
915,1000,2,"T_Copula",2000,-2,"0.75(log(n))^2",0.16
916,1000,2,"T_Copula",2000,-2,"0.75(log(n))^2",0.8
917,1000,2,"T_Copula",2000,-2,"0.75(log(n))^2",0.87
918,1000,2,"T_Copula",2000,-2,"0.75(log(n))^2",0.7
919,1000,2,"T_Copula",2000,-2,"0.75(log(n))^2",0.92
920,1000,2,"T_Copula",2000,-2,"0.75(log(n))^2",0.25
921,1000,2,"T_Copula",2000,-2,"0.75(log(n))^2",0.19
922,1000,2,"T_Copula",2000,-2,"0.75(log(n))^2",0.97
923,1000,2,"T_Copula",2000,-2,"0.75(log(n))^2",0.81
924,1000,2,"T_Copula",2000,-2,"0.75(log(n))^2",0.84
925,1000,2,"T_Copula",2000,-2,"0.75(log(n))^2",0.47
926,1000,2,"T_Copula",2000,-2,"0.75(log(n))^2",0.49
927,1000,2,"T_Copula",2000,-2,"0.75(log(n))^2",0.47
928,1000,2,"T_Copula",2000,-2,"0.75(log(n))^2",0.71
929,1000,2,"T_Copula",2000,-2,"0.75(log(n))^2",0.81
930,1000,2,"T_Copula",2000,-2,"0.75(log(n))^2",0.45
931,1000,2,"T_Copula",2000,-2,"0.75(log(n))^2",0.42
932,1000,2,"T_Copula",2000,-2,"0.75(log(n))^2",0.99
933,1000,2,"T_Copula",2000,-2,"0.75(log(n))^2",0.81
934,1000,2,"T_Copula",2000,-2,"0.75(log(n))^2",0.78
935,1000,2,"T_Copula",2000,-2,"0.75(log(n))^2",0.75
936,1000,2,"T_Copula",2000,-2,"0.75(log(n))^2",0.91
937,1000,2,"T_Copula",2000,-2,"0.75(log(n))^2",0.83
938,1000,2,"T_Copula",2000,-2,"0.75(log(n))^2",0.63
939,1000,2,"T_Copula",2000,-2,"0.75(log(n))^2",0.38
940,1000,2,"T_Copula",2000,-2,"0.75(log(n))^2",0.61
941,1000,2,"T_Copula",2000,-2,"0.75(log(n))^2",0.51
942,1000,2,"T_Copula",2000,-2,"0.75(log(n))^2",0.5
943,1000,2,"T_Copula",2000,-2,"0.75(log(n))^2",0.68
944,1000,2,"T_Copula",2000,-2,"0.75(log(n))^2",0.97
945,1000,2,"T_Copula",2000,-2,"0.75(log(n))^2",0.64
946,1000,2,"T_Copula",2000,-2,"0.75(log(n))^2",0.7
947,1000,2,"T_Copula",2000,-2,"0.75(log(n))^2",0.85
948,1000,2,"T_Copula",2000,-2,"0.75(log(n))^2",0.37
949,1000,2,"T_Copula",2000,-2,"0.75(log(n))^2",0.5
950,1000,2,"T_Copula",2000,-2,"0.75(log(n))^2",0.46
951,1000,2,"T_Copula",2000,-2,"0.75(log(n))^2",0.65
952,1000,2,"T_Copula",2000,-2,"0.75(log(n))^2",0.7
953,1000,2,"T_Copula",2000,-2,"0.75(log(n))^2",0.35
954,1000,2,"T_Copula",2000,-2,"0.75(log(n))^2",0.47
955,1000,2,"T_Copula",2000,-2,"0.75(log(n))^2",0.9
956,1000,2,"T_Copula",2000,-2,"0.75(log(n))^2",0.47
957,1000,2,"T_Copula",2000,-2,"0.75(log(n))^2",0.01
958,1000,2,"T_Copula",2000,-2,"0.75(log(n))^2",0.62
959,1000,2,"T_Copula",2000,-2,"0.75(log(n))^2",1
960,1000,2,"T_Copula",2000,-2,"0.75(log(n))^2",0.39
961,1000,2,"T_Copula",2000,-2,"0.75(log(n))^2",0.65
962,1000,2,"T_Copula",2000,-2,"0.75(log(n))^2",0.64
963,1000,2,"T_Copula",2000,-2,"0.75(log(n))^2",0.6
964,1000,2,"T_Copula",2000,-2,"0.75(log(n))^2",0.73
965,1000,2,"T_Copula",2000,-2,"0.75(log(n))^2",0.17
966,1000,2,"T_Copula",2000,-2,"0.75(log(n))^2",0.12
967,1000,2,"T_Copula",2000,-2,"0.75(log(n))^2",0.08
968,1000,2,"T_Copula",2000,-2,"0.75(log(n))^2",0.64
969,1000,2,"T_Copula",2000,-2,"0.75(log(n))^2",0.55
970,1000,2,"T_Copula",2000,-2,"0.75(log(n))^2",0.14
971,1000,2,"T_Copula",2000,-2,"0.75(log(n))^2",0.63
972,1000,2,"T_Copula",2000,-2,"0.75(log(n))^2",0.89
973,1000,2,"T_Copula",2000,-2,"0.75(log(n))^2",0.76
974,1000,2,"T_Copula",2000,-2,"0.75(log(n))^2",0.63
975,1000,2,"T_Copula",2000,-2,"0.75(log(n))^2",0.75
976,1000,2,"T_Copula",2000,-2,"0.75(log(n))^2",0.88
977,1000,2,"T_Copula",2000,-2,"0.75(log(n))^2",0.48
978,1000,2,"T_Copula",2000,-2,"0.75(log(n))^2",0.78
979,1000,2,"T_Copula",2000,-2,"0.75(log(n))^2",0.5
980,1000,2,"T_Copula",2000,-2,"0.75(log(n))^2",0.57
981,1000,2,"T_Copula",2000,-2,"0.75(log(n))^2",0.66
982,1000,2,"T_Copula",2000,-2,"0.75(log(n))^2",0.22
983,1000,2,"T_Copula",2000,-2,"0.75(log(n))^2",0.06
984,1000,2,"T_Copula",2000,-2,"0.75(log(n))^2",0.6
985,1000,2,"T_Copula",2000,-2,"0.75(log(n))^2",0.78
986,1000,2,"T_Copula",2000,-2,"0.75(log(n))^2",0.56
987,1000,2,"T_Copula",2000,-2,"0.75(log(n))^2",0.78
988,1000,2,"T_Copula",2000,-2,"0.75(log(n))^2",0.18
989,1000,2,"T_Copula",2000,-2,"0.75(log(n))^2",0.91
990,1000,2,"T_Copula",2000,-2,"0.75(log(n))^2",0.79
991,1000,2,"T_Copula",2000,-2,"0.75(log(n))^2",0.98
992,1000,2,"T_Copula",2000,-2,"0.75(log(n))^2",0.84
993,1000,2,"T_Copula",2000,-2,"0.75(log(n))^2",0.6
994,1000,2,"T_Copula",2000,-2,"0.75(log(n))^2",0.8
995,1000,2,"T_Copula",2000,-2,"0.75(log(n))^2",0.63
996,1000,2,"T_Copula",2000,-2,"0.75(log(n))^2",0.72
997,1000,2,"T_Copula",2000,-2,"0.75(log(n))^2",0.29
998,1000,2,"T_Copula",2000,-2,"0.75(log(n))^2",0.77
999,1000,2,"T_Copula",2000,-2,"0.75(log(n))^2",0.52
1000,1000,2,"T_Copula",2000,-2,"0.75(log(n))^2",0.83
1,1000,2,"T_Copula",2000,-2,"0.5(log(n))^2",0.25
2,1000,2,"T_Copula",2000,-2,"0.5(log(n))^2",1
3,1000,2,"T_Copula",2000,-2,"0.5(log(n))^2",0.83
4,1000,2,"T_Copula",2000,-2,"0.5(log(n))^2",0.13
5,1000,2,"T_Copula",2000,-2,"0.5(log(n))^2",0.87
6,1000,2,"T_Copula",2000,-2,"0.5(log(n))^2",0.15
7,1000,2,"T_Copula",2000,-2,"0.5(log(n))^2",0.82
8,1000,2,"T_Copula",2000,-2,"0.5(log(n))^2",0.45
9,1000,2,"T_Copula",2000,-2,"0.5(log(n))^2",0.75
10,1000,2,"T_Copula",2000,-2,"0.5(log(n))^2",0.86
11,1000,2,"T_Copula",2000,-2,"0.5(log(n))^2",0.3
12,1000,2,"T_Copula",2000,-2,"0.5(log(n))^2",0.81
13,1000,2,"T_Copula",2000,-2,"0.5(log(n))^2",0.78
14,1000,2,"T_Copula",2000,-2,"0.5(log(n))^2",0.93
15,1000,2,"T_Copula",2000,-2,"0.5(log(n))^2",0.73
16,1000,2,"T_Copula",2000,-2,"0.5(log(n))^2",0.84
17,1000,2,"T_Copula",2000,-2,"0.5(log(n))^2",0.95
18,1000,2,"T_Copula",2000,-2,"0.5(log(n))^2",0.86
19,1000,2,"T_Copula",2000,-2,"0.5(log(n))^2",0.55
20,1000,2,"T_Copula",2000,-2,"0.5(log(n))^2",0.51
21,1000,2,"T_Copula",2000,-2,"0.5(log(n))^2",0.09
22,1000,2,"T_Copula",2000,-2,"0.5(log(n))^2",1
23,1000,2,"T_Copula",2000,-2,"0.5(log(n))^2",0.9
24,1000,2,"T_Copula",2000,-2,"0.5(log(n))^2",0.87
25,1000,2,"T_Copula",2000,-2,"0.5(log(n))^2",0.86
26,1000,2,"T_Copula",2000,-2,"0.5(log(n))^2",0.69
27,1000,2,"T_Copula",2000,-2,"0.5(log(n))^2",0.76
28,1000,2,"T_Copula",2000,-2,"0.5(log(n))^2",0.63
29,1000,2,"T_Copula",2000,-2,"0.5(log(n))^2",0.52
30,1000,2,"T_Copula",2000,-2,"0.5(log(n))^2",0.67
31,1000,2,"T_Copula",2000,-2,"0.5(log(n))^2",0.33
32,1000,2,"T_Copula",2000,-2,"0.5(log(n))^2",0.75
33,1000,2,"T_Copula",2000,-2,"0.5(log(n))^2",0.27
34,1000,2,"T_Copula",2000,-2,"0.5(log(n))^2",0.8
35,1000,2,"T_Copula",2000,-2,"0.5(log(n))^2",0.21
36,1000,2,"T_Copula",2000,-2,"0.5(log(n))^2",0.33
37,1000,2,"T_Copula",2000,-2,"0.5(log(n))^2",0.34
38,1000,2,"T_Copula",2000,-2,"0.5(log(n))^2",0.95
39,1000,2,"T_Copula",2000,-2,"0.5(log(n))^2",0.35
40,1000,2,"T_Copula",2000,-2,"0.5(log(n))^2",0.55
41,1000,2,"T_Copula",2000,-2,"0.5(log(n))^2",0.52
42,1000,2,"T_Copula",2000,-2,"0.5(log(n))^2",0.17
43,1000,2,"T_Copula",2000,-2,"0.5(log(n))^2",0.9
44,1000,2,"T_Copula",2000,-2,"0.5(log(n))^2",0.34
45,1000,2,"T_Copula",2000,-2,"0.5(log(n))^2",0.51
46,1000,2,"T_Copula",2000,-2,"0.5(log(n))^2",0.89
47,1000,2,"T_Copula",2000,-2,"0.5(log(n))^2",0.21
48,1000,2,"T_Copula",2000,-2,"0.5(log(n))^2",0.47
49,1000,2,"T_Copula",2000,-2,"0.5(log(n))^2",0.71
50,1000,2,"T_Copula",2000,-2,"0.5(log(n))^2",0.93
51,1000,2,"T_Copula",2000,-2,"0.5(log(n))^2",0.65
52,1000,2,"T_Copula",2000,-2,"0.5(log(n))^2",0.83
53,1000,2,"T_Copula",2000,-2,"0.5(log(n))^2",0.98
54,1000,2,"T_Copula",2000,-2,"0.5(log(n))^2",0.66
55,1000,2,"T_Copula",2000,-2,"0.5(log(n))^2",0.18
56,1000,2,"T_Copula",2000,-2,"0.5(log(n))^2",0.91
57,1000,2,"T_Copula",2000,-2,"0.5(log(n))^2",0.67
58,1000,2,"T_Copula",2000,-2,"0.5(log(n))^2",0.27
59,1000,2,"T_Copula",2000,-2,"0.5(log(n))^2",0.86
60,1000,2,"T_Copula",2000,-2,"0.5(log(n))^2",0.62
61,1000,2,"T_Copula",2000,-2,"0.5(log(n))^2",0.55
62,1000,2,"T_Copula",2000,-2,"0.5(log(n))^2",0.76
63,1000,2,"T_Copula",2000,-2,"0.5(log(n))^2",0.26
64,1000,2,"T_Copula",2000,-2,"0.5(log(n))^2",0.98
65,1000,2,"T_Copula",2000,-2,"0.5(log(n))^2",0.66
66,1000,2,"T_Copula",2000,-2,"0.5(log(n))^2",0.76
67,1000,2,"T_Copula",2000,-2,"0.5(log(n))^2",0.52
68,1000,2,"T_Copula",2000,-2,"0.5(log(n))^2",0.55
69,1000,2,"T_Copula",2000,-2,"0.5(log(n))^2",0.15
70,1000,2,"T_Copula",2000,-2,"0.5(log(n))^2",0.97
71,1000,2,"T_Copula",2000,-2,"0.5(log(n))^2",0.29
72,1000,2,"T_Copula",2000,-2,"0.5(log(n))^2",0.73
73,1000,2,"T_Copula",2000,-2,"0.5(log(n))^2",0.87
74,1000,2,"T_Copula",2000,-2,"0.5(log(n))^2",0.27
75,1000,2,"T_Copula",2000,-2,"0.5(log(n))^2",0.43
76,1000,2,"T_Copula",2000,-2,"0.5(log(n))^2",0.22
77,1000,2,"T_Copula",2000,-2,"0.5(log(n))^2",0.42
78,1000,2,"T_Copula",2000,-2,"0.5(log(n))^2",0.28
79,1000,2,"T_Copula",2000,-2,"0.5(log(n))^2",0.53
80,1000,2,"T_Copula",2000,-2,"0.5(log(n))^2",0.66
81,1000,2,"T_Copula",2000,-2,"0.5(log(n))^2",0.94
82,1000,2,"T_Copula",2000,-2,"0.5(log(n))^2",0.93
83,1000,2,"T_Copula",2000,-2,"0.5(log(n))^2",0.72
84,1000,2,"T_Copula",2000,-2,"0.5(log(n))^2",0.84
85,1000,2,"T_Copula",2000,-2,"0.5(log(n))^2",0.57
86,1000,2,"T_Copula",2000,-2,"0.5(log(n))^2",0.76
87,1000,2,"T_Copula",2000,-2,"0.5(log(n))^2",0.97
88,1000,2,"T_Copula",2000,-2,"0.5(log(n))^2",0.71
89,1000,2,"T_Copula",2000,-2,"0.5(log(n))^2",0.77
90,1000,2,"T_Copula",2000,-2,"0.5(log(n))^2",0.57
91,1000,2,"T_Copula",2000,-2,"0.5(log(n))^2",0.76
92,1000,2,"T_Copula",2000,-2,"0.5(log(n))^2",0.3
93,1000,2,"T_Copula",2000,-2,"0.5(log(n))^2",0.02
94,1000,2,"T_Copula",2000,-2,"0.5(log(n))^2",0.57
95,1000,2,"T_Copula",2000,-2,"0.5(log(n))^2",0
96,1000,2,"T_Copula",2000,-2,"0.5(log(n))^2",0.33
97,1000,2,"T_Copula",2000,-2,"0.5(log(n))^2",0.79
98,1000,2,"T_Copula",2000,-2,"0.5(log(n))^2",0.52
99,1000,2,"T_Copula",2000,-2,"0.5(log(n))^2",0.68
100,1000,2,"T_Copula",2000,-2,"0.5(log(n))^2",0.87
101,1000,2,"T_Copula",2000,-2,"0.5(log(n))^2",0.48
102,1000,2,"T_Copula",2000,-2,"0.5(log(n))^2",0.76
103,1000,2,"T_Copula",2000,-2,"0.5(log(n))^2",0.83
104,1000,2,"T_Copula",2000,-2,"0.5(log(n))^2",0.92
105,1000,2,"T_Copula",2000,-2,"0.5(log(n))^2",0.06
106,1000,2,"T_Copula",2000,-2,"0.5(log(n))^2",0.8
107,1000,2,"T_Copula",2000,-2,"0.5(log(n))^2",0.4
108,1000,2,"T_Copula",2000,-2,"0.5(log(n))^2",0.51
109,1000,2,"T_Copula",2000,-2,"0.5(log(n))^2",1
110,1000,2,"T_Copula",2000,-2,"0.5(log(n))^2",0.76
111,1000,2,"T_Copula",2000,-2,"0.5(log(n))^2",0.33
112,1000,2,"T_Copula",2000,-2,"0.5(log(n))^2",0.52
113,1000,2,"T_Copula",2000,-2,"0.5(log(n))^2",0.89
114,1000,2,"T_Copula",2000,-2,"0.5(log(n))^2",0.26
115,1000,2,"T_Copula",2000,-2,"0.5(log(n))^2",0.31
116,1000,2,"T_Copula",2000,-2,"0.5(log(n))^2",0.18
117,1000,2,"T_Copula",2000,-2,"0.5(log(n))^2",0.37
118,1000,2,"T_Copula",2000,-2,"0.5(log(n))^2",0.53
119,1000,2,"T_Copula",2000,-2,"0.5(log(n))^2",0.88
120,1000,2,"T_Copula",2000,-2,"0.5(log(n))^2",0.79
121,1000,2,"T_Copula",2000,-2,"0.5(log(n))^2",0.47
122,1000,2,"T_Copula",2000,-2,"0.5(log(n))^2",0.68
123,1000,2,"T_Copula",2000,-2,"0.5(log(n))^2",0.44
124,1000,2,"T_Copula",2000,-2,"0.5(log(n))^2",0.88
125,1000,2,"T_Copula",2000,-2,"0.5(log(n))^2",0.88
126,1000,2,"T_Copula",2000,-2,"0.5(log(n))^2",0.64
127,1000,2,"T_Copula",2000,-2,"0.5(log(n))^2",0.51
128,1000,2,"T_Copula",2000,-2,"0.5(log(n))^2",0.67
129,1000,2,"T_Copula",2000,-2,"0.5(log(n))^2",0.65
130,1000,2,"T_Copula",2000,-2,"0.5(log(n))^2",0.05
131,1000,2,"T_Copula",2000,-2,"0.5(log(n))^2",0.85
132,1000,2,"T_Copula",2000,-2,"0.5(log(n))^2",0.65
133,1000,2,"T_Copula",2000,-2,"0.5(log(n))^2",0.86
134,1000,2,"T_Copula",2000,-2,"0.5(log(n))^2",0.96
135,1000,2,"T_Copula",2000,-2,"0.5(log(n))^2",0.54
136,1000,2,"T_Copula",2000,-2,"0.5(log(n))^2",0.92
137,1000,2,"T_Copula",2000,-2,"0.5(log(n))^2",0.55
138,1000,2,"T_Copula",2000,-2,"0.5(log(n))^2",0.65
139,1000,2,"T_Copula",2000,-2,"0.5(log(n))^2",0.27
140,1000,2,"T_Copula",2000,-2,"0.5(log(n))^2",0.65
141,1000,2,"T_Copula",2000,-2,"0.5(log(n))^2",0.97
142,1000,2,"T_Copula",2000,-2,"0.5(log(n))^2",0.86
143,1000,2,"T_Copula",2000,-2,"0.5(log(n))^2",0.41
144,1000,2,"T_Copula",2000,-2,"0.5(log(n))^2",0.89
145,1000,2,"T_Copula",2000,-2,"0.5(log(n))^2",0.81
146,1000,2,"T_Copula",2000,-2,"0.5(log(n))^2",0.91
147,1000,2,"T_Copula",2000,-2,"0.5(log(n))^2",0.7
148,1000,2,"T_Copula",2000,-2,"0.5(log(n))^2",0.84
149,1000,2,"T_Copula",2000,-2,"0.5(log(n))^2",0.57
150,1000,2,"T_Copula",2000,-2,"0.5(log(n))^2",0.81
151,1000,2,"T_Copula",2000,-2,"0.5(log(n))^2",0.7
152,1000,2,"T_Copula",2000,-2,"0.5(log(n))^2",1
153,1000,2,"T_Copula",2000,-2,"0.5(log(n))^2",0.29
154,1000,2,"T_Copula",2000,-2,"0.5(log(n))^2",0.37
155,1000,2,"T_Copula",2000,-2,"0.5(log(n))^2",0.86
156,1000,2,"T_Copula",2000,-2,"0.5(log(n))^2",0.63
157,1000,2,"T_Copula",2000,-2,"0.5(log(n))^2",0.31
158,1000,2,"T_Copula",2000,-2,"0.5(log(n))^2",0.11
159,1000,2,"T_Copula",2000,-2,"0.5(log(n))^2",0.38
160,1000,2,"T_Copula",2000,-2,"0.5(log(n))^2",0.73
161,1000,2,"T_Copula",2000,-2,"0.5(log(n))^2",0.65
162,1000,2,"T_Copula",2000,-2,"0.5(log(n))^2",0.87
163,1000,2,"T_Copula",2000,-2,"0.5(log(n))^2",0.77
164,1000,2,"T_Copula",2000,-2,"0.5(log(n))^2",0.91
165,1000,2,"T_Copula",2000,-2,"0.5(log(n))^2",0.62
166,1000,2,"T_Copula",2000,-2,"0.5(log(n))^2",0.93
167,1000,2,"T_Copula",2000,-2,"0.5(log(n))^2",0.16
168,1000,2,"T_Copula",2000,-2,"0.5(log(n))^2",0.51
169,1000,2,"T_Copula",2000,-2,"0.5(log(n))^2",0.62
170,1000,2,"T_Copula",2000,-2,"0.5(log(n))^2",0.77
171,1000,2,"T_Copula",2000,-2,"0.5(log(n))^2",1
172,1000,2,"T_Copula",2000,-2,"0.5(log(n))^2",0.17
173,1000,2,"T_Copula",2000,-2,"0.5(log(n))^2",0.96
174,1000,2,"T_Copula",2000,-2,"0.5(log(n))^2",0.72
175,1000,2,"T_Copula",2000,-2,"0.5(log(n))^2",0.97
176,1000,2,"T_Copula",2000,-2,"0.5(log(n))^2",0.44
177,1000,2,"T_Copula",2000,-2,"0.5(log(n))^2",0.54
178,1000,2,"T_Copula",2000,-2,"0.5(log(n))^2",0.52
179,1000,2,"T_Copula",2000,-2,"0.5(log(n))^2",0.11
180,1000,2,"T_Copula",2000,-2,"0.5(log(n))^2",0.28
181,1000,2,"T_Copula",2000,-2,"0.5(log(n))^2",0.68
182,1000,2,"T_Copula",2000,-2,"0.5(log(n))^2",0.44
183,1000,2,"T_Copula",2000,-2,"0.5(log(n))^2",0.5
184,1000,2,"T_Copula",2000,-2,"0.5(log(n))^2",0.97
185,1000,2,"T_Copula",2000,-2,"0.5(log(n))^2",0.94
186,1000,2,"T_Copula",2000,-2,"0.5(log(n))^2",0.48
187,1000,2,"T_Copula",2000,-2,"0.5(log(n))^2",0.54
188,1000,2,"T_Copula",2000,-2,"0.5(log(n))^2",0.6
189,1000,2,"T_Copula",2000,-2,"0.5(log(n))^2",0.16
190,1000,2,"T_Copula",2000,-2,"0.5(log(n))^2",0.81
191,1000,2,"T_Copula",2000,-2,"0.5(log(n))^2",0.37
192,1000,2,"T_Copula",2000,-2,"0.5(log(n))^2",0.22
193,1000,2,"T_Copula",2000,-2,"0.5(log(n))^2",0.11
194,1000,2,"T_Copula",2000,-2,"0.5(log(n))^2",0.41
195,1000,2,"T_Copula",2000,-2,"0.5(log(n))^2",0.67
196,1000,2,"T_Copula",2000,-2,"0.5(log(n))^2",0.22
197,1000,2,"T_Copula",2000,-2,"0.5(log(n))^2",0.5
198,1000,2,"T_Copula",2000,-2,"0.5(log(n))^2",0.83
199,1000,2,"T_Copula",2000,-2,"0.5(log(n))^2",0.46
200,1000,2,"T_Copula",2000,-2,"0.5(log(n))^2",0.33
201,1000,2,"T_Copula",2000,-2,"0.5(log(n))^2",0.74
202,1000,2,"T_Copula",2000,-2,"0.5(log(n))^2",0.67
203,1000,2,"T_Copula",2000,-2,"0.5(log(n))^2",0.76
204,1000,2,"T_Copula",2000,-2,"0.5(log(n))^2",0.82
205,1000,2,"T_Copula",2000,-2,"0.5(log(n))^2",0.59
206,1000,2,"T_Copula",2000,-2,"0.5(log(n))^2",0.7
207,1000,2,"T_Copula",2000,-2,"0.5(log(n))^2",0.62
208,1000,2,"T_Copula",2000,-2,"0.5(log(n))^2",0.88
209,1000,2,"T_Copula",2000,-2,"0.5(log(n))^2",0.02
210,1000,2,"T_Copula",2000,-2,"0.5(log(n))^2",0.66
211,1000,2,"T_Copula",2000,-2,"0.5(log(n))^2",0.72
212,1000,2,"T_Copula",2000,-2,"0.5(log(n))^2",0.96
213,1000,2,"T_Copula",2000,-2,"0.5(log(n))^2",0.69
214,1000,2,"T_Copula",2000,-2,"0.5(log(n))^2",0.5
215,1000,2,"T_Copula",2000,-2,"0.5(log(n))^2",0.83
216,1000,2,"T_Copula",2000,-2,"0.5(log(n))^2",0.1
217,1000,2,"T_Copula",2000,-2,"0.5(log(n))^2",0.57
218,1000,2,"T_Copula",2000,-2,"0.5(log(n))^2",0.8
219,1000,2,"T_Copula",2000,-2,"0.5(log(n))^2",0.45
220,1000,2,"T_Copula",2000,-2,"0.5(log(n))^2",0.94
221,1000,2,"T_Copula",2000,-2,"0.5(log(n))^2",0.36
222,1000,2,"T_Copula",2000,-2,"0.5(log(n))^2",0.33
223,1000,2,"T_Copula",2000,-2,"0.5(log(n))^2",0.81
224,1000,2,"T_Copula",2000,-2,"0.5(log(n))^2",0.93
225,1000,2,"T_Copula",2000,-2,"0.5(log(n))^2",0.01
226,1000,2,"T_Copula",2000,-2,"0.5(log(n))^2",0.46
227,1000,2,"T_Copula",2000,-2,"0.5(log(n))^2",0.51
228,1000,2,"T_Copula",2000,-2,"0.5(log(n))^2",0.88
229,1000,2,"T_Copula",2000,-2,"0.5(log(n))^2",0.82
230,1000,2,"T_Copula",2000,-2,"0.5(log(n))^2",0.76
231,1000,2,"T_Copula",2000,-2,"0.5(log(n))^2",0.7
232,1000,2,"T_Copula",2000,-2,"0.5(log(n))^2",0.97
233,1000,2,"T_Copula",2000,-2,"0.5(log(n))^2",0.13
234,1000,2,"T_Copula",2000,-2,"0.5(log(n))^2",0.57
235,1000,2,"T_Copula",2000,-2,"0.5(log(n))^2",0.63
236,1000,2,"T_Copula",2000,-2,"0.5(log(n))^2",0.81
237,1000,2,"T_Copula",2000,-2,"0.5(log(n))^2",0.57
238,1000,2,"T_Copula",2000,-2,"0.5(log(n))^2",1
239,1000,2,"T_Copula",2000,-2,"0.5(log(n))^2",0.9
240,1000,2,"T_Copula",2000,-2,"0.5(log(n))^2",0.11
241,1000,2,"T_Copula",2000,-2,"0.5(log(n))^2",0.7
242,1000,2,"T_Copula",2000,-2,"0.5(log(n))^2",0.99
243,1000,2,"T_Copula",2000,-2,"0.5(log(n))^2",0.79
244,1000,2,"T_Copula",2000,-2,"0.5(log(n))^2",0.72
245,1000,2,"T_Copula",2000,-2,"0.5(log(n))^2",0.39
246,1000,2,"T_Copula",2000,-2,"0.5(log(n))^2",0.77
247,1000,2,"T_Copula",2000,-2,"0.5(log(n))^2",0.81
248,1000,2,"T_Copula",2000,-2,"0.5(log(n))^2",0.99
249,1000,2,"T_Copula",2000,-2,"0.5(log(n))^2",0.84
250,1000,2,"T_Copula",2000,-2,"0.5(log(n))^2",0.66
251,1000,2,"T_Copula",2000,-2,"0.5(log(n))^2",0.92
252,1000,2,"T_Copula",2000,-2,"0.5(log(n))^2",0.19
253,1000,2,"T_Copula",2000,-2,"0.5(log(n))^2",0.43
254,1000,2,"T_Copula",2000,-2,"0.5(log(n))^2",0.64
255,1000,2,"T_Copula",2000,-2,"0.5(log(n))^2",0.22
256,1000,2,"T_Copula",2000,-2,"0.5(log(n))^2",0.52
257,1000,2,"T_Copula",2000,-2,"0.5(log(n))^2",0.95
258,1000,2,"T_Copula",2000,-2,"0.5(log(n))^2",0.78
259,1000,2,"T_Copula",2000,-2,"0.5(log(n))^2",0.69
260,1000,2,"T_Copula",2000,-2,"0.5(log(n))^2",0.93
261,1000,2,"T_Copula",2000,-2,"0.5(log(n))^2",0.78
262,1000,2,"T_Copula",2000,-2,"0.5(log(n))^2",0.56
263,1000,2,"T_Copula",2000,-2,"0.5(log(n))^2",0.81
264,1000,2,"T_Copula",2000,-2,"0.5(log(n))^2",0.82
265,1000,2,"T_Copula",2000,-2,"0.5(log(n))^2",0.99
266,1000,2,"T_Copula",2000,-2,"0.5(log(n))^2",0.79
267,1000,2,"T_Copula",2000,-2,"0.5(log(n))^2",0.78
268,1000,2,"T_Copula",2000,-2,"0.5(log(n))^2",0.25
269,1000,2,"T_Copula",2000,-2,"0.5(log(n))^2",0.5
270,1000,2,"T_Copula",2000,-2,"0.5(log(n))^2",0.54
271,1000,2,"T_Copula",2000,-2,"0.5(log(n))^2",0.56
272,1000,2,"T_Copula",2000,-2,"0.5(log(n))^2",0.91
273,1000,2,"T_Copula",2000,-2,"0.5(log(n))^2",0.81
274,1000,2,"T_Copula",2000,-2,"0.5(log(n))^2",0.83
275,1000,2,"T_Copula",2000,-2,"0.5(log(n))^2",0.82
276,1000,2,"T_Copula",2000,-2,"0.5(log(n))^2",0.94
277,1000,2,"T_Copula",2000,-2,"0.5(log(n))^2",0.22
278,1000,2,"T_Copula",2000,-2,"0.5(log(n))^2",0.93
279,1000,2,"T_Copula",2000,-2,"0.5(log(n))^2",0.95
280,1000,2,"T_Copula",2000,-2,"0.5(log(n))^2",0.53
281,1000,2,"T_Copula",2000,-2,"0.5(log(n))^2",0.65
282,1000,2,"T_Copula",2000,-2,"0.5(log(n))^2",0.97
283,1000,2,"T_Copula",2000,-2,"0.5(log(n))^2",0.41
284,1000,2,"T_Copula",2000,-2,"0.5(log(n))^2",0.8
285,1000,2,"T_Copula",2000,-2,"0.5(log(n))^2",1
286,1000,2,"T_Copula",2000,-2,"0.5(log(n))^2",0.63
287,1000,2,"T_Copula",2000,-2,"0.5(log(n))^2",0.8
288,1000,2,"T_Copula",2000,-2,"0.5(log(n))^2",0.91
289,1000,2,"T_Copula",2000,-2,"0.5(log(n))^2",0.47
290,1000,2,"T_Copula",2000,-2,"0.5(log(n))^2",0.72
291,1000,2,"T_Copula",2000,-2,"0.5(log(n))^2",0.27
292,1000,2,"T_Copula",2000,-2,"0.5(log(n))^2",0.14
293,1000,2,"T_Copula",2000,-2,"0.5(log(n))^2",0.82
294,1000,2,"T_Copula",2000,-2,"0.5(log(n))^2",0.8
295,1000,2,"T_Copula",2000,-2,"0.5(log(n))^2",1
296,1000,2,"T_Copula",2000,-2,"0.5(log(n))^2",0.46
297,1000,2,"T_Copula",2000,-2,"0.5(log(n))^2",0.7
298,1000,2,"T_Copula",2000,-2,"0.5(log(n))^2",0.89
299,1000,2,"T_Copula",2000,-2,"0.5(log(n))^2",0.81
300,1000,2,"T_Copula",2000,-2,"0.5(log(n))^2",0.53
301,1000,2,"T_Copula",2000,-2,"0.5(log(n))^2",0.84
302,1000,2,"T_Copula",2000,-2,"0.5(log(n))^2",0.66
303,1000,2,"T_Copula",2000,-2,"0.5(log(n))^2",0.59
304,1000,2,"T_Copula",2000,-2,"0.5(log(n))^2",0.69
305,1000,2,"T_Copula",2000,-2,"0.5(log(n))^2",0.81
306,1000,2,"T_Copula",2000,-2,"0.5(log(n))^2",0.67
307,1000,2,"T_Copula",2000,-2,"0.5(log(n))^2",1
308,1000,2,"T_Copula",2000,-2,"0.5(log(n))^2",0.55
309,1000,2,"T_Copula",2000,-2,"0.5(log(n))^2",0.74
310,1000,2,"T_Copula",2000,-2,"0.5(log(n))^2",0.27
311,1000,2,"T_Copula",2000,-2,"0.5(log(n))^2",0.32
312,1000,2,"T_Copula",2000,-2,"0.5(log(n))^2",0.28
313,1000,2,"T_Copula",2000,-2,"0.5(log(n))^2",0.13
314,1000,2,"T_Copula",2000,-2,"0.5(log(n))^2",0.29
315,1000,2,"T_Copula",2000,-2,"0.5(log(n))^2",0.39
316,1000,2,"T_Copula",2000,-2,"0.5(log(n))^2",0.68
317,1000,2,"T_Copula",2000,-2,"0.5(log(n))^2",0.52
318,1000,2,"T_Copula",2000,-2,"0.5(log(n))^2",0.83
319,1000,2,"T_Copula",2000,-2,"0.5(log(n))^2",0.91
320,1000,2,"T_Copula",2000,-2,"0.5(log(n))^2",0.8
321,1000,2,"T_Copula",2000,-2,"0.5(log(n))^2",0.85
322,1000,2,"T_Copula",2000,-2,"0.5(log(n))^2",0.67
323,1000,2,"T_Copula",2000,-2,"0.5(log(n))^2",0.75
324,1000,2,"T_Copula",2000,-2,"0.5(log(n))^2",0.23
325,1000,2,"T_Copula",2000,-2,"0.5(log(n))^2",0.52
326,1000,2,"T_Copula",2000,-2,"0.5(log(n))^2",0.78
327,1000,2,"T_Copula",2000,-2,"0.5(log(n))^2",0.46
328,1000,2,"T_Copula",2000,-2,"0.5(log(n))^2",0.24
329,1000,2,"T_Copula",2000,-2,"0.5(log(n))^2",0.92
330,1000,2,"T_Copula",2000,-2,"0.5(log(n))^2",0.23
331,1000,2,"T_Copula",2000,-2,"0.5(log(n))^2",0.97
332,1000,2,"T_Copula",2000,-2,"0.5(log(n))^2",0.33
333,1000,2,"T_Copula",2000,-2,"0.5(log(n))^2",0.21
334,1000,2,"T_Copula",2000,-2,"0.5(log(n))^2",0.4
335,1000,2,"T_Copula",2000,-2,"0.5(log(n))^2",0.75
336,1000,2,"T_Copula",2000,-2,"0.5(log(n))^2",0
337,1000,2,"T_Copula",2000,-2,"0.5(log(n))^2",0.92
338,1000,2,"T_Copula",2000,-2,"0.5(log(n))^2",0.95
339,1000,2,"T_Copula",2000,-2,"0.5(log(n))^2",0.92
340,1000,2,"T_Copula",2000,-2,"0.5(log(n))^2",0.24
341,1000,2,"T_Copula",2000,-2,"0.5(log(n))^2",0.69
342,1000,2,"T_Copula",2000,-2,"0.5(log(n))^2",0.24
343,1000,2,"T_Copula",2000,-2,"0.5(log(n))^2",0.89
344,1000,2,"T_Copula",2000,-2,"0.5(log(n))^2",0.36
345,1000,2,"T_Copula",2000,-2,"0.5(log(n))^2",0.46
346,1000,2,"T_Copula",2000,-2,"0.5(log(n))^2",0.79
347,1000,2,"T_Copula",2000,-2,"0.5(log(n))^2",0.88
348,1000,2,"T_Copula",2000,-2,"0.5(log(n))^2",0.35
349,1000,2,"T_Copula",2000,-2,"0.5(log(n))^2",0.24
350,1000,2,"T_Copula",2000,-2,"0.5(log(n))^2",0.96
351,1000,2,"T_Copula",2000,-2,"0.5(log(n))^2",0.98
352,1000,2,"T_Copula",2000,-2,"0.5(log(n))^2",0.59
353,1000,2,"T_Copula",2000,-2,"0.5(log(n))^2",0.79
354,1000,2,"T_Copula",2000,-2,"0.5(log(n))^2",0.84
355,1000,2,"T_Copula",2000,-2,"0.5(log(n))^2",1
356,1000,2,"T_Copula",2000,-2,"0.5(log(n))^2",0.33
357,1000,2,"T_Copula",2000,-2,"0.5(log(n))^2",0.82
358,1000,2,"T_Copula",2000,-2,"0.5(log(n))^2",0.82
359,1000,2,"T_Copula",2000,-2,"0.5(log(n))^2",0.99
360,1000,2,"T_Copula",2000,-2,"0.5(log(n))^2",0.78
361,1000,2,"T_Copula",2000,-2,"0.5(log(n))^2",0.68
362,1000,2,"T_Copula",2000,-2,"0.5(log(n))^2",0.94
363,1000,2,"T_Copula",2000,-2,"0.5(log(n))^2",0.76
364,1000,2,"T_Copula",2000,-2,"0.5(log(n))^2",0.22
365,1000,2,"T_Copula",2000,-2,"0.5(log(n))^2",0.55
366,1000,2,"T_Copula",2000,-2,"0.5(log(n))^2",0.98
367,1000,2,"T_Copula",2000,-2,"0.5(log(n))^2",0.7
368,1000,2,"T_Copula",2000,-2,"0.5(log(n))^2",0.93
369,1000,2,"T_Copula",2000,-2,"0.5(log(n))^2",0.46
370,1000,2,"T_Copula",2000,-2,"0.5(log(n))^2",0.35
371,1000,2,"T_Copula",2000,-2,"0.5(log(n))^2",0.97
372,1000,2,"T_Copula",2000,-2,"0.5(log(n))^2",0.94
373,1000,2,"T_Copula",2000,-2,"0.5(log(n))^2",0.61
374,1000,2,"T_Copula",2000,-2,"0.5(log(n))^2",0.97
375,1000,2,"T_Copula",2000,-2,"0.5(log(n))^2",0.74
376,1000,2,"T_Copula",2000,-2,"0.5(log(n))^2",0.15
377,1000,2,"T_Copula",2000,-2,"0.5(log(n))^2",0.7
378,1000,2,"T_Copula",2000,-2,"0.5(log(n))^2",0.69
379,1000,2,"T_Copula",2000,-2,"0.5(log(n))^2",0.51
380,1000,2,"T_Copula",2000,-2,"0.5(log(n))^2",0.75
381,1000,2,"T_Copula",2000,-2,"0.5(log(n))^2",0.63
382,1000,2,"T_Copula",2000,-2,"0.5(log(n))^2",0.28
383,1000,2,"T_Copula",2000,-2,"0.5(log(n))^2",0.65
384,1000,2,"T_Copula",2000,-2,"0.5(log(n))^2",0.57
385,1000,2,"T_Copula",2000,-2,"0.5(log(n))^2",0.69
386,1000,2,"T_Copula",2000,-2,"0.5(log(n))^2",0.43
387,1000,2,"T_Copula",2000,-2,"0.5(log(n))^2",0.59
388,1000,2,"T_Copula",2000,-2,"0.5(log(n))^2",0.14
389,1000,2,"T_Copula",2000,-2,"0.5(log(n))^2",0.81
390,1000,2,"T_Copula",2000,-2,"0.5(log(n))^2",0.89
391,1000,2,"T_Copula",2000,-2,"0.5(log(n))^2",0.61
392,1000,2,"T_Copula",2000,-2,"0.5(log(n))^2",0.61
393,1000,2,"T_Copula",2000,-2,"0.5(log(n))^2",0.72
394,1000,2,"T_Copula",2000,-2,"0.5(log(n))^2",0.64
395,1000,2,"T_Copula",2000,-2,"0.5(log(n))^2",0.5
396,1000,2,"T_Copula",2000,-2,"0.5(log(n))^2",0.64
397,1000,2,"T_Copula",2000,-2,"0.5(log(n))^2",0.14
398,1000,2,"T_Copula",2000,-2,"0.5(log(n))^2",0.23
399,1000,2,"T_Copula",2000,-2,"0.5(log(n))^2",0.8
400,1000,2,"T_Copula",2000,-2,"0.5(log(n))^2",0.57
401,1000,2,"T_Copula",2000,-2,"0.5(log(n))^2",0.68
402,1000,2,"T_Copula",2000,-2,"0.5(log(n))^2",0.9
403,1000,2,"T_Copula",2000,-2,"0.5(log(n))^2",0.89
404,1000,2,"T_Copula",2000,-2,"0.5(log(n))^2",0.69
405,1000,2,"T_Copula",2000,-2,"0.5(log(n))^2",0.8
406,1000,2,"T_Copula",2000,-2,"0.5(log(n))^2",0.34
407,1000,2,"T_Copula",2000,-2,"0.5(log(n))^2",0.6
408,1000,2,"T_Copula",2000,-2,"0.5(log(n))^2",0.98
409,1000,2,"T_Copula",2000,-2,"0.5(log(n))^2",0.13
410,1000,2,"T_Copula",2000,-2,"0.5(log(n))^2",0.95
411,1000,2,"T_Copula",2000,-2,"0.5(log(n))^2",0.07
412,1000,2,"T_Copula",2000,-2,"0.5(log(n))^2",0.72
413,1000,2,"T_Copula",2000,-2,"0.5(log(n))^2",0.79
414,1000,2,"T_Copula",2000,-2,"0.5(log(n))^2",0.86
415,1000,2,"T_Copula",2000,-2,"0.5(log(n))^2",0.38
416,1000,2,"T_Copula",2000,-2,"0.5(log(n))^2",0.22
417,1000,2,"T_Copula",2000,-2,"0.5(log(n))^2",0.3
418,1000,2,"T_Copula",2000,-2,"0.5(log(n))^2",0.99
419,1000,2,"T_Copula",2000,-2,"0.5(log(n))^2",0.68
420,1000,2,"T_Copula",2000,-2,"0.5(log(n))^2",0.02
421,1000,2,"T_Copula",2000,-2,"0.5(log(n))^2",0.52
422,1000,2,"T_Copula",2000,-2,"0.5(log(n))^2",0.39
423,1000,2,"T_Copula",2000,-2,"0.5(log(n))^2",0.22
424,1000,2,"T_Copula",2000,-2,"0.5(log(n))^2",0.04
425,1000,2,"T_Copula",2000,-2,"0.5(log(n))^2",0.64
426,1000,2,"T_Copula",2000,-2,"0.5(log(n))^2",0.97
427,1000,2,"T_Copula",2000,-2,"0.5(log(n))^2",0.26
428,1000,2,"T_Copula",2000,-2,"0.5(log(n))^2",0.73
429,1000,2,"T_Copula",2000,-2,"0.5(log(n))^2",0.56
430,1000,2,"T_Copula",2000,-2,"0.5(log(n))^2",0.71
431,1000,2,"T_Copula",2000,-2,"0.5(log(n))^2",0.37
432,1000,2,"T_Copula",2000,-2,"0.5(log(n))^2",0.92
433,1000,2,"T_Copula",2000,-2,"0.5(log(n))^2",0.76
434,1000,2,"T_Copula",2000,-2,"0.5(log(n))^2",0.89
435,1000,2,"T_Copula",2000,-2,"0.5(log(n))^2",0.49
436,1000,2,"T_Copula",2000,-2,"0.5(log(n))^2",0.37
437,1000,2,"T_Copula",2000,-2,"0.5(log(n))^2",0.54
438,1000,2,"T_Copula",2000,-2,"0.5(log(n))^2",0.7
439,1000,2,"T_Copula",2000,-2,"0.5(log(n))^2",0.98
440,1000,2,"T_Copula",2000,-2,"0.5(log(n))^2",0.3
441,1000,2,"T_Copula",2000,-2,"0.5(log(n))^2",0.38
442,1000,2,"T_Copula",2000,-2,"0.5(log(n))^2",0.56
443,1000,2,"T_Copula",2000,-2,"0.5(log(n))^2",0.65
444,1000,2,"T_Copula",2000,-2,"0.5(log(n))^2",0.26
445,1000,2,"T_Copula",2000,-2,"0.5(log(n))^2",0.09
446,1000,2,"T_Copula",2000,-2,"0.5(log(n))^2",0.38
447,1000,2,"T_Copula",2000,-2,"0.5(log(n))^2",0.7
448,1000,2,"T_Copula",2000,-2,"0.5(log(n))^2",0.94
449,1000,2,"T_Copula",2000,-2,"0.5(log(n))^2",0.95
450,1000,2,"T_Copula",2000,-2,"0.5(log(n))^2",0.48
451,1000,2,"T_Copula",2000,-2,"0.5(log(n))^2",0.91
452,1000,2,"T_Copula",2000,-2,"0.5(log(n))^2",1
453,1000,2,"T_Copula",2000,-2,"0.5(log(n))^2",0.02
454,1000,2,"T_Copula",2000,-2,"0.5(log(n))^2",0.23
455,1000,2,"T_Copula",2000,-2,"0.5(log(n))^2",0.91
456,1000,2,"T_Copula",2000,-2,"0.5(log(n))^2",0.59
457,1000,2,"T_Copula",2000,-2,"0.5(log(n))^2",0.52
458,1000,2,"T_Copula",2000,-2,"0.5(log(n))^2",0.52
459,1000,2,"T_Copula",2000,-2,"0.5(log(n))^2",0.55
460,1000,2,"T_Copula",2000,-2,"0.5(log(n))^2",0.48
461,1000,2,"T_Copula",2000,-2,"0.5(log(n))^2",0.88
462,1000,2,"T_Copula",2000,-2,"0.5(log(n))^2",0.8
463,1000,2,"T_Copula",2000,-2,"0.5(log(n))^2",0.88
464,1000,2,"T_Copula",2000,-2,"0.5(log(n))^2",0.57
465,1000,2,"T_Copula",2000,-2,"0.5(log(n))^2",0.98
466,1000,2,"T_Copula",2000,-2,"0.5(log(n))^2",0.55
467,1000,2,"T_Copula",2000,-2,"0.5(log(n))^2",0.85
468,1000,2,"T_Copula",2000,-2,"0.5(log(n))^2",0.91
469,1000,2,"T_Copula",2000,-2,"0.5(log(n))^2",0.33
470,1000,2,"T_Copula",2000,-2,"0.5(log(n))^2",0.81
471,1000,2,"T_Copula",2000,-2,"0.5(log(n))^2",0.41
472,1000,2,"T_Copula",2000,-2,"0.5(log(n))^2",0.85
473,1000,2,"T_Copula",2000,-2,"0.5(log(n))^2",0.65
474,1000,2,"T_Copula",2000,-2,"0.5(log(n))^2",0.61
475,1000,2,"T_Copula",2000,-2,"0.5(log(n))^2",0.68
476,1000,2,"T_Copula",2000,-2,"0.5(log(n))^2",0.44
477,1000,2,"T_Copula",2000,-2,"0.5(log(n))^2",0.38
478,1000,2,"T_Copula",2000,-2,"0.5(log(n))^2",0.8
479,1000,2,"T_Copula",2000,-2,"0.5(log(n))^2",0.68
480,1000,2,"T_Copula",2000,-2,"0.5(log(n))^2",0.75
481,1000,2,"T_Copula",2000,-2,"0.5(log(n))^2",0.84
482,1000,2,"T_Copula",2000,-2,"0.5(log(n))^2",0.53
483,1000,2,"T_Copula",2000,-2,"0.5(log(n))^2",0.3
484,1000,2,"T_Copula",2000,-2,"0.5(log(n))^2",0.83
485,1000,2,"T_Copula",2000,-2,"0.5(log(n))^2",0.88
486,1000,2,"T_Copula",2000,-2,"0.5(log(n))^2",0.52
487,1000,2,"T_Copula",2000,-2,"0.5(log(n))^2",0.33
488,1000,2,"T_Copula",2000,-2,"0.5(log(n))^2",0.78
489,1000,2,"T_Copula",2000,-2,"0.5(log(n))^2",0.95
490,1000,2,"T_Copula",2000,-2,"0.5(log(n))^2",0.21
491,1000,2,"T_Copula",2000,-2,"0.5(log(n))^2",0.67
492,1000,2,"T_Copula",2000,-2,"0.5(log(n))^2",0.9
493,1000,2,"T_Copula",2000,-2,"0.5(log(n))^2",0.03
494,1000,2,"T_Copula",2000,-2,"0.5(log(n))^2",0.66
495,1000,2,"T_Copula",2000,-2,"0.5(log(n))^2",0.7
496,1000,2,"T_Copula",2000,-2,"0.5(log(n))^2",0.64
497,1000,2,"T_Copula",2000,-2,"0.5(log(n))^2",0.58
498,1000,2,"T_Copula",2000,-2,"0.5(log(n))^2",0.91
499,1000,2,"T_Copula",2000,-2,"0.5(log(n))^2",0.78
500,1000,2,"T_Copula",2000,-2,"0.5(log(n))^2",0.43
501,1000,2,"T_Copula",2000,-2,"0.5(log(n))^2",0.76
502,1000,2,"T_Copula",2000,-2,"0.5(log(n))^2",0.38
503,1000,2,"T_Copula",2000,-2,"0.5(log(n))^2",0.18
504,1000,2,"T_Copula",2000,-2,"0.5(log(n))^2",0.55
505,1000,2,"T_Copula",2000,-2,"0.5(log(n))^2",0.14
506,1000,2,"T_Copula",2000,-2,"0.5(log(n))^2",0.74
507,1000,2,"T_Copula",2000,-2,"0.5(log(n))^2",0.11
508,1000,2,"T_Copula",2000,-2,"0.5(log(n))^2",0.65
509,1000,2,"T_Copula",2000,-2,"0.5(log(n))^2",0.59
510,1000,2,"T_Copula",2000,-2,"0.5(log(n))^2",0.8
511,1000,2,"T_Copula",2000,-2,"0.5(log(n))^2",0.82
512,1000,2,"T_Copula",2000,-2,"0.5(log(n))^2",0.97
513,1000,2,"T_Copula",2000,-2,"0.5(log(n))^2",0.68
514,1000,2,"T_Copula",2000,-2,"0.5(log(n))^2",0.93
515,1000,2,"T_Copula",2000,-2,"0.5(log(n))^2",0.76
516,1000,2,"T_Copula",2000,-2,"0.5(log(n))^2",0.92
517,1000,2,"T_Copula",2000,-2,"0.5(log(n))^2",0.69
518,1000,2,"T_Copula",2000,-2,"0.5(log(n))^2",0.61
519,1000,2,"T_Copula",2000,-2,"0.5(log(n))^2",0.82
520,1000,2,"T_Copula",2000,-2,"0.5(log(n))^2",0.91
521,1000,2,"T_Copula",2000,-2,"0.5(log(n))^2",0.52
522,1000,2,"T_Copula",2000,-2,"0.5(log(n))^2",0.71
523,1000,2,"T_Copula",2000,-2,"0.5(log(n))^2",0.89
524,1000,2,"T_Copula",2000,-2,"0.5(log(n))^2",0.65
525,1000,2,"T_Copula",2000,-2,"0.5(log(n))^2",0.66
526,1000,2,"T_Copula",2000,-2,"0.5(log(n))^2",0.84
527,1000,2,"T_Copula",2000,-2,"0.5(log(n))^2",0.87
528,1000,2,"T_Copula",2000,-2,"0.5(log(n))^2",0.12
529,1000,2,"T_Copula",2000,-2,"0.5(log(n))^2",0.14
530,1000,2,"T_Copula",2000,-2,"0.5(log(n))^2",0.8
531,1000,2,"T_Copula",2000,-2,"0.5(log(n))^2",0.87
532,1000,2,"T_Copula",2000,-2,"0.5(log(n))^2",0.78
533,1000,2,"T_Copula",2000,-2,"0.5(log(n))^2",0.11
534,1000,2,"T_Copula",2000,-2,"0.5(log(n))^2",0.93
535,1000,2,"T_Copula",2000,-2,"0.5(log(n))^2",0.8
536,1000,2,"T_Copula",2000,-2,"0.5(log(n))^2",0.77
537,1000,2,"T_Copula",2000,-2,"0.5(log(n))^2",0.32
538,1000,2,"T_Copula",2000,-2,"0.5(log(n))^2",0.68
539,1000,2,"T_Copula",2000,-2,"0.5(log(n))^2",0.68
540,1000,2,"T_Copula",2000,-2,"0.5(log(n))^2",0.91
541,1000,2,"T_Copula",2000,-2,"0.5(log(n))^2",0.69
542,1000,2,"T_Copula",2000,-2,"0.5(log(n))^2",0.97
543,1000,2,"T_Copula",2000,-2,"0.5(log(n))^2",0.94
544,1000,2,"T_Copula",2000,-2,"0.5(log(n))^2",0.98
545,1000,2,"T_Copula",2000,-2,"0.5(log(n))^2",0.35
546,1000,2,"T_Copula",2000,-2,"0.5(log(n))^2",0.01
547,1000,2,"T_Copula",2000,-2,"0.5(log(n))^2",0.49
548,1000,2,"T_Copula",2000,-2,"0.5(log(n))^2",0.64
549,1000,2,"T_Copula",2000,-2,"0.5(log(n))^2",0.94
550,1000,2,"T_Copula",2000,-2,"0.5(log(n))^2",0.82
551,1000,2,"T_Copula",2000,-2,"0.5(log(n))^2",0.42
552,1000,2,"T_Copula",2000,-2,"0.5(log(n))^2",0.09
553,1000,2,"T_Copula",2000,-2,"0.5(log(n))^2",0.99
554,1000,2,"T_Copula",2000,-2,"0.5(log(n))^2",0.86
555,1000,2,"T_Copula",2000,-2,"0.5(log(n))^2",0.47
556,1000,2,"T_Copula",2000,-2,"0.5(log(n))^2",0.82
557,1000,2,"T_Copula",2000,-2,"0.5(log(n))^2",0.74
558,1000,2,"T_Copula",2000,-2,"0.5(log(n))^2",0.7
559,1000,2,"T_Copula",2000,-2,"0.5(log(n))^2",0.55
560,1000,2,"T_Copula",2000,-2,"0.5(log(n))^2",0.98
561,1000,2,"T_Copula",2000,-2,"0.5(log(n))^2",0.93
562,1000,2,"T_Copula",2000,-2,"0.5(log(n))^2",0.3
563,1000,2,"T_Copula",2000,-2,"0.5(log(n))^2",0.77
564,1000,2,"T_Copula",2000,-2,"0.5(log(n))^2",0.54
565,1000,2,"T_Copula",2000,-2,"0.5(log(n))^2",0.49
566,1000,2,"T_Copula",2000,-2,"0.5(log(n))^2",0.89
567,1000,2,"T_Copula",2000,-2,"0.5(log(n))^2",0.92
568,1000,2,"T_Copula",2000,-2,"0.5(log(n))^2",0.13
569,1000,2,"T_Copula",2000,-2,"0.5(log(n))^2",0.26
570,1000,2,"T_Copula",2000,-2,"0.5(log(n))^2",0.75
571,1000,2,"T_Copula",2000,-2,"0.5(log(n))^2",0.54
572,1000,2,"T_Copula",2000,-2,"0.5(log(n))^2",0.84
573,1000,2,"T_Copula",2000,-2,"0.5(log(n))^2",0.83
574,1000,2,"T_Copula",2000,-2,"0.5(log(n))^2",0.41
575,1000,2,"T_Copula",2000,-2,"0.5(log(n))^2",0.56
576,1000,2,"T_Copula",2000,-2,"0.5(log(n))^2",0.96
577,1000,2,"T_Copula",2000,-2,"0.5(log(n))^2",0.81
578,1000,2,"T_Copula",2000,-2,"0.5(log(n))^2",0.89
579,1000,2,"T_Copula",2000,-2,"0.5(log(n))^2",0.66
580,1000,2,"T_Copula",2000,-2,"0.5(log(n))^2",0.84
581,1000,2,"T_Copula",2000,-2,"0.5(log(n))^2",0.89
582,1000,2,"T_Copula",2000,-2,"0.5(log(n))^2",0.35
583,1000,2,"T_Copula",2000,-2,"0.5(log(n))^2",0.63
584,1000,2,"T_Copula",2000,-2,"0.5(log(n))^2",0.86
585,1000,2,"T_Copula",2000,-2,"0.5(log(n))^2",0.42
586,1000,2,"T_Copula",2000,-2,"0.5(log(n))^2",0.88
587,1000,2,"T_Copula",2000,-2,"0.5(log(n))^2",0.41
588,1000,2,"T_Copula",2000,-2,"0.5(log(n))^2",0.37
589,1000,2,"T_Copula",2000,-2,"0.5(log(n))^2",0.81
590,1000,2,"T_Copula",2000,-2,"0.5(log(n))^2",0.82
591,1000,2,"T_Copula",2000,-2,"0.5(log(n))^2",0.91
592,1000,2,"T_Copula",2000,-2,"0.5(log(n))^2",0.69
593,1000,2,"T_Copula",2000,-2,"0.5(log(n))^2",0.67
594,1000,2,"T_Copula",2000,-2,"0.5(log(n))^2",0.43
595,1000,2,"T_Copula",2000,-2,"0.5(log(n))^2",0.53
596,1000,2,"T_Copula",2000,-2,"0.5(log(n))^2",0.62
597,1000,2,"T_Copula",2000,-2,"0.5(log(n))^2",0.98
598,1000,2,"T_Copula",2000,-2,"0.5(log(n))^2",0.64
599,1000,2,"T_Copula",2000,-2,"0.5(log(n))^2",0.64
600,1000,2,"T_Copula",2000,-2,"0.5(log(n))^2",0.68
601,1000,2,"T_Copula",2000,-2,"0.5(log(n))^2",0.6
602,1000,2,"T_Copula",2000,-2,"0.5(log(n))^2",0.49
603,1000,2,"T_Copula",2000,-2,"0.5(log(n))^2",0.91
604,1000,2,"T_Copula",2000,-2,"0.5(log(n))^2",0.06
605,1000,2,"T_Copula",2000,-2,"0.5(log(n))^2",0.83
606,1000,2,"T_Copula",2000,-2,"0.5(log(n))^2",0.43
607,1000,2,"T_Copula",2000,-2,"0.5(log(n))^2",0.66
608,1000,2,"T_Copula",2000,-2,"0.5(log(n))^2",0.71
609,1000,2,"T_Copula",2000,-2,"0.5(log(n))^2",0.73
610,1000,2,"T_Copula",2000,-2,"0.5(log(n))^2",0.61
611,1000,2,"T_Copula",2000,-2,"0.5(log(n))^2",0.26
612,1000,2,"T_Copula",2000,-2,"0.5(log(n))^2",0.67
613,1000,2,"T_Copula",2000,-2,"0.5(log(n))^2",0.99
614,1000,2,"T_Copula",2000,-2,"0.5(log(n))^2",0.69
615,1000,2,"T_Copula",2000,-2,"0.5(log(n))^2",0.66
616,1000,2,"T_Copula",2000,-2,"0.5(log(n))^2",0.96
617,1000,2,"T_Copula",2000,-2,"0.5(log(n))^2",0.31
618,1000,2,"T_Copula",2000,-2,"0.5(log(n))^2",0.17
619,1000,2,"T_Copula",2000,-2,"0.5(log(n))^2",0.26
620,1000,2,"T_Copula",2000,-2,"0.5(log(n))^2",0.73
621,1000,2,"T_Copula",2000,-2,"0.5(log(n))^2",0.47
622,1000,2,"T_Copula",2000,-2,"0.5(log(n))^2",0.35
623,1000,2,"T_Copula",2000,-2,"0.5(log(n))^2",0.74
624,1000,2,"T_Copula",2000,-2,"0.5(log(n))^2",0.69
625,1000,2,"T_Copula",2000,-2,"0.5(log(n))^2",0.19
626,1000,2,"T_Copula",2000,-2,"0.5(log(n))^2",0.83
627,1000,2,"T_Copula",2000,-2,"0.5(log(n))^2",0.56
628,1000,2,"T_Copula",2000,-2,"0.5(log(n))^2",0.44
629,1000,2,"T_Copula",2000,-2,"0.5(log(n))^2",0.57
630,1000,2,"T_Copula",2000,-2,"0.5(log(n))^2",0.77
631,1000,2,"T_Copula",2000,-2,"0.5(log(n))^2",0.73
632,1000,2,"T_Copula",2000,-2,"0.5(log(n))^2",0.97
633,1000,2,"T_Copula",2000,-2,"0.5(log(n))^2",0.91
634,1000,2,"T_Copula",2000,-2,"0.5(log(n))^2",0.26
635,1000,2,"T_Copula",2000,-2,"0.5(log(n))^2",0.36
636,1000,2,"T_Copula",2000,-2,"0.5(log(n))^2",0.28
637,1000,2,"T_Copula",2000,-2,"0.5(log(n))^2",0.79
638,1000,2,"T_Copula",2000,-2,"0.5(log(n))^2",0.99
639,1000,2,"T_Copula",2000,-2,"0.5(log(n))^2",0.62
640,1000,2,"T_Copula",2000,-2,"0.5(log(n))^2",0.5
641,1000,2,"T_Copula",2000,-2,"0.5(log(n))^2",0.52
642,1000,2,"T_Copula",2000,-2,"0.5(log(n))^2",0.78
643,1000,2,"T_Copula",2000,-2,"0.5(log(n))^2",0.93
644,1000,2,"T_Copula",2000,-2,"0.5(log(n))^2",1
645,1000,2,"T_Copula",2000,-2,"0.5(log(n))^2",0.91
646,1000,2,"T_Copula",2000,-2,"0.5(log(n))^2",0.01
647,1000,2,"T_Copula",2000,-2,"0.5(log(n))^2",0.45
648,1000,2,"T_Copula",2000,-2,"0.5(log(n))^2",0.85
649,1000,2,"T_Copula",2000,-2,"0.5(log(n))^2",0.77
650,1000,2,"T_Copula",2000,-2,"0.5(log(n))^2",0.68
651,1000,2,"T_Copula",2000,-2,"0.5(log(n))^2",0.94
652,1000,2,"T_Copula",2000,-2,"0.5(log(n))^2",0.4
653,1000,2,"T_Copula",2000,-2,"0.5(log(n))^2",0.78
654,1000,2,"T_Copula",2000,-2,"0.5(log(n))^2",0.94
655,1000,2,"T_Copula",2000,-2,"0.5(log(n))^2",0.94
656,1000,2,"T_Copula",2000,-2,"0.5(log(n))^2",0.66
657,1000,2,"T_Copula",2000,-2,"0.5(log(n))^2",0.4
658,1000,2,"T_Copula",2000,-2,"0.5(log(n))^2",0.89
659,1000,2,"T_Copula",2000,-2,"0.5(log(n))^2",0.72
660,1000,2,"T_Copula",2000,-2,"0.5(log(n))^2",0.87
661,1000,2,"T_Copula",2000,-2,"0.5(log(n))^2",0.32
662,1000,2,"T_Copula",2000,-2,"0.5(log(n))^2",0.87
663,1000,2,"T_Copula",2000,-2,"0.5(log(n))^2",0.98
664,1000,2,"T_Copula",2000,-2,"0.5(log(n))^2",0.72
665,1000,2,"T_Copula",2000,-2,"0.5(log(n))^2",0.42
666,1000,2,"T_Copula",2000,-2,"0.5(log(n))^2",0.92
667,1000,2,"T_Copula",2000,-2,"0.5(log(n))^2",0.37
668,1000,2,"T_Copula",2000,-2,"0.5(log(n))^2",0.92
669,1000,2,"T_Copula",2000,-2,"0.5(log(n))^2",0.99
670,1000,2,"T_Copula",2000,-2,"0.5(log(n))^2",0.74
671,1000,2,"T_Copula",2000,-2,"0.5(log(n))^2",0.4
672,1000,2,"T_Copula",2000,-2,"0.5(log(n))^2",0.38
673,1000,2,"T_Copula",2000,-2,"0.5(log(n))^2",0.32
674,1000,2,"T_Copula",2000,-2,"0.5(log(n))^2",0.81
675,1000,2,"T_Copula",2000,-2,"0.5(log(n))^2",0.68
676,1000,2,"T_Copula",2000,-2,"0.5(log(n))^2",0.5
677,1000,2,"T_Copula",2000,-2,"0.5(log(n))^2",0.87
678,1000,2,"T_Copula",2000,-2,"0.5(log(n))^2",0.31
679,1000,2,"T_Copula",2000,-2,"0.5(log(n))^2",0.73
680,1000,2,"T_Copula",2000,-2,"0.5(log(n))^2",0.94
681,1000,2,"T_Copula",2000,-2,"0.5(log(n))^2",0.57
682,1000,2,"T_Copula",2000,-2,"0.5(log(n))^2",0.32
683,1000,2,"T_Copula",2000,-2,"0.5(log(n))^2",0.91
684,1000,2,"T_Copula",2000,-2,"0.5(log(n))^2",0.2
685,1000,2,"T_Copula",2000,-2,"0.5(log(n))^2",0.93
686,1000,2,"T_Copula",2000,-2,"0.5(log(n))^2",0.09
687,1000,2,"T_Copula",2000,-2,"0.5(log(n))^2",0.98
688,1000,2,"T_Copula",2000,-2,"0.5(log(n))^2",0.86
689,1000,2,"T_Copula",2000,-2,"0.5(log(n))^2",0.8
690,1000,2,"T_Copula",2000,-2,"0.5(log(n))^2",0.28
691,1000,2,"T_Copula",2000,-2,"0.5(log(n))^2",0.62
692,1000,2,"T_Copula",2000,-2,"0.5(log(n))^2",0.36
693,1000,2,"T_Copula",2000,-2,"0.5(log(n))^2",0.83
694,1000,2,"T_Copula",2000,-2,"0.5(log(n))^2",0.07
695,1000,2,"T_Copula",2000,-2,"0.5(log(n))^2",0.18
696,1000,2,"T_Copula",2000,-2,"0.5(log(n))^2",0.77
697,1000,2,"T_Copula",2000,-2,"0.5(log(n))^2",0.2
698,1000,2,"T_Copula",2000,-2,"0.5(log(n))^2",0.31
699,1000,2,"T_Copula",2000,-2,"0.5(log(n))^2",0.45
700,1000,2,"T_Copula",2000,-2,"0.5(log(n))^2",0.37
701,1000,2,"T_Copula",2000,-2,"0.5(log(n))^2",0.47
702,1000,2,"T_Copula",2000,-2,"0.5(log(n))^2",0.76
703,1000,2,"T_Copula",2000,-2,"0.5(log(n))^2",0.2
704,1000,2,"T_Copula",2000,-2,"0.5(log(n))^2",0.96
705,1000,2,"T_Copula",2000,-2,"0.5(log(n))^2",0.94
706,1000,2,"T_Copula",2000,-2,"0.5(log(n))^2",0.43
707,1000,2,"T_Copula",2000,-2,"0.5(log(n))^2",0.94
708,1000,2,"T_Copula",2000,-2,"0.5(log(n))^2",0.84
709,1000,2,"T_Copula",2000,-2,"0.5(log(n))^2",0.25
710,1000,2,"T_Copula",2000,-2,"0.5(log(n))^2",0.09
711,1000,2,"T_Copula",2000,-2,"0.5(log(n))^2",0.09
712,1000,2,"T_Copula",2000,-2,"0.5(log(n))^2",0.64
713,1000,2,"T_Copula",2000,-2,"0.5(log(n))^2",0.78
714,1000,2,"T_Copula",2000,-2,"0.5(log(n))^2",0.86
715,1000,2,"T_Copula",2000,-2,"0.5(log(n))^2",0.76
716,1000,2,"T_Copula",2000,-2,"0.5(log(n))^2",0.91
717,1000,2,"T_Copula",2000,-2,"0.5(log(n))^2",0.79
718,1000,2,"T_Copula",2000,-2,"0.5(log(n))^2",0.95
719,1000,2,"T_Copula",2000,-2,"0.5(log(n))^2",0.62
720,1000,2,"T_Copula",2000,-2,"0.5(log(n))^2",0.12
721,1000,2,"T_Copula",2000,-2,"0.5(log(n))^2",0.92
722,1000,2,"T_Copula",2000,-2,"0.5(log(n))^2",0.96
723,1000,2,"T_Copula",2000,-2,"0.5(log(n))^2",0.65
724,1000,2,"T_Copula",2000,-2,"0.5(log(n))^2",0.65
725,1000,2,"T_Copula",2000,-2,"0.5(log(n))^2",0.54
726,1000,2,"T_Copula",2000,-2,"0.5(log(n))^2",0.61
727,1000,2,"T_Copula",2000,-2,"0.5(log(n))^2",0.66
728,1000,2,"T_Copula",2000,-2,"0.5(log(n))^2",0.24
729,1000,2,"T_Copula",2000,-2,"0.5(log(n))^2",0.5
730,1000,2,"T_Copula",2000,-2,"0.5(log(n))^2",0.98
731,1000,2,"T_Copula",2000,-2,"0.5(log(n))^2",0.71
732,1000,2,"T_Copula",2000,-2,"0.5(log(n))^2",0.46
733,1000,2,"T_Copula",2000,-2,"0.5(log(n))^2",0.77
734,1000,2,"T_Copula",2000,-2,"0.5(log(n))^2",0.53
735,1000,2,"T_Copula",2000,-2,"0.5(log(n))^2",0.31
736,1000,2,"T_Copula",2000,-2,"0.5(log(n))^2",0.33
737,1000,2,"T_Copula",2000,-2,"0.5(log(n))^2",0.58
738,1000,2,"T_Copula",2000,-2,"0.5(log(n))^2",0.13
739,1000,2,"T_Copula",2000,-2,"0.5(log(n))^2",0.43
740,1000,2,"T_Copula",2000,-2,"0.5(log(n))^2",0.74
741,1000,2,"T_Copula",2000,-2,"0.5(log(n))^2",0.08
742,1000,2,"T_Copula",2000,-2,"0.5(log(n))^2",0.7
743,1000,2,"T_Copula",2000,-2,"0.5(log(n))^2",0.73
744,1000,2,"T_Copula",2000,-2,"0.5(log(n))^2",0.2
745,1000,2,"T_Copula",2000,-2,"0.5(log(n))^2",0.54
746,1000,2,"T_Copula",2000,-2,"0.5(log(n))^2",0.49
747,1000,2,"T_Copula",2000,-2,"0.5(log(n))^2",1
748,1000,2,"T_Copula",2000,-2,"0.5(log(n))^2",0.91
749,1000,2,"T_Copula",2000,-2,"0.5(log(n))^2",0.92
750,1000,2,"T_Copula",2000,-2,"0.5(log(n))^2",0.84
751,1000,2,"T_Copula",2000,-2,"0.5(log(n))^2",0.32
752,1000,2,"T_Copula",2000,-2,"0.5(log(n))^2",0.88
753,1000,2,"T_Copula",2000,-2,"0.5(log(n))^2",0.77
754,1000,2,"T_Copula",2000,-2,"0.5(log(n))^2",0.77
755,1000,2,"T_Copula",2000,-2,"0.5(log(n))^2",0.67
756,1000,2,"T_Copula",2000,-2,"0.5(log(n))^2",0.45
757,1000,2,"T_Copula",2000,-2,"0.5(log(n))^2",0.44
758,1000,2,"T_Copula",2000,-2,"0.5(log(n))^2",0.56
759,1000,2,"T_Copula",2000,-2,"0.5(log(n))^2",0.89
760,1000,2,"T_Copula",2000,-2,"0.5(log(n))^2",0.72
761,1000,2,"T_Copula",2000,-2,"0.5(log(n))^2",0.31
762,1000,2,"T_Copula",2000,-2,"0.5(log(n))^2",0.32
763,1000,2,"T_Copula",2000,-2,"0.5(log(n))^2",0.61
764,1000,2,"T_Copula",2000,-2,"0.5(log(n))^2",0.61
765,1000,2,"T_Copula",2000,-2,"0.5(log(n))^2",0.99
766,1000,2,"T_Copula",2000,-2,"0.5(log(n))^2",0.96
767,1000,2,"T_Copula",2000,-2,"0.5(log(n))^2",0.56
768,1000,2,"T_Copula",2000,-2,"0.5(log(n))^2",0.88
769,1000,2,"T_Copula",2000,-2,"0.5(log(n))^2",0.78
770,1000,2,"T_Copula",2000,-2,"0.5(log(n))^2",0.8
771,1000,2,"T_Copula",2000,-2,"0.5(log(n))^2",0.01
772,1000,2,"T_Copula",2000,-2,"0.5(log(n))^2",0.42
773,1000,2,"T_Copula",2000,-2,"0.5(log(n))^2",0.76
774,1000,2,"T_Copula",2000,-2,"0.5(log(n))^2",0.81
775,1000,2,"T_Copula",2000,-2,"0.5(log(n))^2",0.81
776,1000,2,"T_Copula",2000,-2,"0.5(log(n))^2",0.86
777,1000,2,"T_Copula",2000,-2,"0.5(log(n))^2",0.83
778,1000,2,"T_Copula",2000,-2,"0.5(log(n))^2",0.53
779,1000,2,"T_Copula",2000,-2,"0.5(log(n))^2",0.84
780,1000,2,"T_Copula",2000,-2,"0.5(log(n))^2",0.99
781,1000,2,"T_Copula",2000,-2,"0.5(log(n))^2",0.95
782,1000,2,"T_Copula",2000,-2,"0.5(log(n))^2",0.24
783,1000,2,"T_Copula",2000,-2,"0.5(log(n))^2",0.57
784,1000,2,"T_Copula",2000,-2,"0.5(log(n))^2",0.67
785,1000,2,"T_Copula",2000,-2,"0.5(log(n))^2",0.26
786,1000,2,"T_Copula",2000,-2,"0.5(log(n))^2",0.61
787,1000,2,"T_Copula",2000,-2,"0.5(log(n))^2",0.99
788,1000,2,"T_Copula",2000,-2,"0.5(log(n))^2",0.36
789,1000,2,"T_Copula",2000,-2,"0.5(log(n))^2",0.74
790,1000,2,"T_Copula",2000,-2,"0.5(log(n))^2",0.48
791,1000,2,"T_Copula",2000,-2,"0.5(log(n))^2",0.62
792,1000,2,"T_Copula",2000,-2,"0.5(log(n))^2",0.73
793,1000,2,"T_Copula",2000,-2,"0.5(log(n))^2",0.06
794,1000,2,"T_Copula",2000,-2,"0.5(log(n))^2",0.69
795,1000,2,"T_Copula",2000,-2,"0.5(log(n))^2",0.25
796,1000,2,"T_Copula",2000,-2,"0.5(log(n))^2",0.13
797,1000,2,"T_Copula",2000,-2,"0.5(log(n))^2",0.67
798,1000,2,"T_Copula",2000,-2,"0.5(log(n))^2",0.98
799,1000,2,"T_Copula",2000,-2,"0.5(log(n))^2",0.56
800,1000,2,"T_Copula",2000,-2,"0.5(log(n))^2",0.55
801,1000,2,"T_Copula",2000,-2,"0.5(log(n))^2",0.48
802,1000,2,"T_Copula",2000,-2,"0.5(log(n))^2",0.2
803,1000,2,"T_Copula",2000,-2,"0.5(log(n))^2",0.14
804,1000,2,"T_Copula",2000,-2,"0.5(log(n))^2",0.79
805,1000,2,"T_Copula",2000,-2,"0.5(log(n))^2",0.6
806,1000,2,"T_Copula",2000,-2,"0.5(log(n))^2",0.84
807,1000,2,"T_Copula",2000,-2,"0.5(log(n))^2",0.97
808,1000,2,"T_Copula",2000,-2,"0.5(log(n))^2",0.8
809,1000,2,"T_Copula",2000,-2,"0.5(log(n))^2",0.25
810,1000,2,"T_Copula",2000,-2,"0.5(log(n))^2",0.68
811,1000,2,"T_Copula",2000,-2,"0.5(log(n))^2",0.55
812,1000,2,"T_Copula",2000,-2,"0.5(log(n))^2",0.84
813,1000,2,"T_Copula",2000,-2,"0.5(log(n))^2",0.96
814,1000,2,"T_Copula",2000,-2,"0.5(log(n))^2",0.57
815,1000,2,"T_Copula",2000,-2,"0.5(log(n))^2",0.99
816,1000,2,"T_Copula",2000,-2,"0.5(log(n))^2",0.4
817,1000,2,"T_Copula",2000,-2,"0.5(log(n))^2",0.79
818,1000,2,"T_Copula",2000,-2,"0.5(log(n))^2",0.18
819,1000,2,"T_Copula",2000,-2,"0.5(log(n))^2",0.77
820,1000,2,"T_Copula",2000,-2,"0.5(log(n))^2",0.88
821,1000,2,"T_Copula",2000,-2,"0.5(log(n))^2",0.26
822,1000,2,"T_Copula",2000,-2,"0.5(log(n))^2",0.53
823,1000,2,"T_Copula",2000,-2,"0.5(log(n))^2",0.87
824,1000,2,"T_Copula",2000,-2,"0.5(log(n))^2",0.54
825,1000,2,"T_Copula",2000,-2,"0.5(log(n))^2",0.94
826,1000,2,"T_Copula",2000,-2,"0.5(log(n))^2",0.28
827,1000,2,"T_Copula",2000,-2,"0.5(log(n))^2",0.71
828,1000,2,"T_Copula",2000,-2,"0.5(log(n))^2",0.91
829,1000,2,"T_Copula",2000,-2,"0.5(log(n))^2",0.5
830,1000,2,"T_Copula",2000,-2,"0.5(log(n))^2",0.86
831,1000,2,"T_Copula",2000,-2,"0.5(log(n))^2",0.52
832,1000,2,"T_Copula",2000,-2,"0.5(log(n))^2",0.2
833,1000,2,"T_Copula",2000,-2,"0.5(log(n))^2",0.93
834,1000,2,"T_Copula",2000,-2,"0.5(log(n))^2",0.68
835,1000,2,"T_Copula",2000,-2,"0.5(log(n))^2",0.68
836,1000,2,"T_Copula",2000,-2,"0.5(log(n))^2",0.65
837,1000,2,"T_Copula",2000,-2,"0.5(log(n))^2",0.59
838,1000,2,"T_Copula",2000,-2,"0.5(log(n))^2",0.09
839,1000,2,"T_Copula",2000,-2,"0.5(log(n))^2",0.55
840,1000,2,"T_Copula",2000,-2,"0.5(log(n))^2",0.05
841,1000,2,"T_Copula",2000,-2,"0.5(log(n))^2",0.95
842,1000,2,"T_Copula",2000,-2,"0.5(log(n))^2",0.88
843,1000,2,"T_Copula",2000,-2,"0.5(log(n))^2",0.48
844,1000,2,"T_Copula",2000,-2,"0.5(log(n))^2",0.83
845,1000,2,"T_Copula",2000,-2,"0.5(log(n))^2",0.7
846,1000,2,"T_Copula",2000,-2,"0.5(log(n))^2",0.63
847,1000,2,"T_Copula",2000,-2,"0.5(log(n))^2",0.72
848,1000,2,"T_Copula",2000,-2,"0.5(log(n))^2",0.44
849,1000,2,"T_Copula",2000,-2,"0.5(log(n))^2",0.66
850,1000,2,"T_Copula",2000,-2,"0.5(log(n))^2",0.62
851,1000,2,"T_Copula",2000,-2,"0.5(log(n))^2",0.42
852,1000,2,"T_Copula",2000,-2,"0.5(log(n))^2",0.67
853,1000,2,"T_Copula",2000,-2,"0.5(log(n))^2",0.13
854,1000,2,"T_Copula",2000,-2,"0.5(log(n))^2",0.92
855,1000,2,"T_Copula",2000,-2,"0.5(log(n))^2",0.42
856,1000,2,"T_Copula",2000,-2,"0.5(log(n))^2",0.8
857,1000,2,"T_Copula",2000,-2,"0.5(log(n))^2",0.54
858,1000,2,"T_Copula",2000,-2,"0.5(log(n))^2",0.67
859,1000,2,"T_Copula",2000,-2,"0.5(log(n))^2",0.37
860,1000,2,"T_Copula",2000,-2,"0.5(log(n))^2",0.92
861,1000,2,"T_Copula",2000,-2,"0.5(log(n))^2",0.97
862,1000,2,"T_Copula",2000,-2,"0.5(log(n))^2",0.79
863,1000,2,"T_Copula",2000,-2,"0.5(log(n))^2",0.11
864,1000,2,"T_Copula",2000,-2,"0.5(log(n))^2",0.61
865,1000,2,"T_Copula",2000,-2,"0.5(log(n))^2",0.2
866,1000,2,"T_Copula",2000,-2,"0.5(log(n))^2",0.97
867,1000,2,"T_Copula",2000,-2,"0.5(log(n))^2",0.41
868,1000,2,"T_Copula",2000,-2,"0.5(log(n))^2",0.76
869,1000,2,"T_Copula",2000,-2,"0.5(log(n))^2",0.74
870,1000,2,"T_Copula",2000,-2,"0.5(log(n))^2",0.95
871,1000,2,"T_Copula",2000,-2,"0.5(log(n))^2",0.62
872,1000,2,"T_Copula",2000,-2,"0.5(log(n))^2",0.44
873,1000,2,"T_Copula",2000,-2,"0.5(log(n))^2",0.79
874,1000,2,"T_Copula",2000,-2,"0.5(log(n))^2",0.58
875,1000,2,"T_Copula",2000,-2,"0.5(log(n))^2",0.85
876,1000,2,"T_Copula",2000,-2,"0.5(log(n))^2",0.22
877,1000,2,"T_Copula",2000,-2,"0.5(log(n))^2",0.87
878,1000,2,"T_Copula",2000,-2,"0.5(log(n))^2",0.9
879,1000,2,"T_Copula",2000,-2,"0.5(log(n))^2",0.61
880,1000,2,"T_Copula",2000,-2,"0.5(log(n))^2",0.42
881,1000,2,"T_Copula",2000,-2,"0.5(log(n))^2",0.75
882,1000,2,"T_Copula",2000,-2,"0.5(log(n))^2",1
883,1000,2,"T_Copula",2000,-2,"0.5(log(n))^2",0.45
884,1000,2,"T_Copula",2000,-2,"0.5(log(n))^2",0.39
885,1000,2,"T_Copula",2000,-2,"0.5(log(n))^2",0.76
886,1000,2,"T_Copula",2000,-2,"0.5(log(n))^2",0.56
887,1000,2,"T_Copula",2000,-2,"0.5(log(n))^2",0.39
888,1000,2,"T_Copula",2000,-2,"0.5(log(n))^2",0.85
889,1000,2,"T_Copula",2000,-2,"0.5(log(n))^2",0.63
890,1000,2,"T_Copula",2000,-2,"0.5(log(n))^2",0.79
891,1000,2,"T_Copula",2000,-2,"0.5(log(n))^2",0.48
892,1000,2,"T_Copula",2000,-2,"0.5(log(n))^2",0.71
893,1000,2,"T_Copula",2000,-2,"0.5(log(n))^2",0.96
894,1000,2,"T_Copula",2000,-2,"0.5(log(n))^2",0.18
895,1000,2,"T_Copula",2000,-2,"0.5(log(n))^2",0.06
896,1000,2,"T_Copula",2000,-2,"0.5(log(n))^2",0.9
897,1000,2,"T_Copula",2000,-2,"0.5(log(n))^2",0.7
898,1000,2,"T_Copula",2000,-2,"0.5(log(n))^2",0.3
899,1000,2,"T_Copula",2000,-2,"0.5(log(n))^2",0.48
900,1000,2,"T_Copula",2000,-2,"0.5(log(n))^2",0.94
901,1000,2,"T_Copula",2000,-2,"0.5(log(n))^2",0.36
902,1000,2,"T_Copula",2000,-2,"0.5(log(n))^2",0.7
903,1000,2,"T_Copula",2000,-2,"0.5(log(n))^2",0.84
904,1000,2,"T_Copula",2000,-2,"0.5(log(n))^2",0.87
905,1000,2,"T_Copula",2000,-2,"0.5(log(n))^2",0.59
906,1000,2,"T_Copula",2000,-2,"0.5(log(n))^2",0.15
907,1000,2,"T_Copula",2000,-2,"0.5(log(n))^2",0.98
908,1000,2,"T_Copula",2000,-2,"0.5(log(n))^2",0.37
909,1000,2,"T_Copula",2000,-2,"0.5(log(n))^2",0.3
910,1000,2,"T_Copula",2000,-2,"0.5(log(n))^2",0.67
911,1000,2,"T_Copula",2000,-2,"0.5(log(n))^2",0.89
912,1000,2,"T_Copula",2000,-2,"0.5(log(n))^2",0.09
913,1000,2,"T_Copula",2000,-2,"0.5(log(n))^2",0.1
914,1000,2,"T_Copula",2000,-2,"0.5(log(n))^2",0.21
915,1000,2,"T_Copula",2000,-2,"0.5(log(n))^2",0.83
916,1000,2,"T_Copula",2000,-2,"0.5(log(n))^2",0.66
917,1000,2,"T_Copula",2000,-2,"0.5(log(n))^2",0.2
918,1000,2,"T_Copula",2000,-2,"0.5(log(n))^2",0.47
919,1000,2,"T_Copula",2000,-2,"0.5(log(n))^2",0.99
920,1000,2,"T_Copula",2000,-2,"0.5(log(n))^2",0.76
921,1000,2,"T_Copula",2000,-2,"0.5(log(n))^2",0.99
922,1000,2,"T_Copula",2000,-2,"0.5(log(n))^2",0.7
923,1000,2,"T_Copula",2000,-2,"0.5(log(n))^2",0.16
924,1000,2,"T_Copula",2000,-2,"0.5(log(n))^2",0.76
925,1000,2,"T_Copula",2000,-2,"0.5(log(n))^2",0.73
926,1000,2,"T_Copula",2000,-2,"0.5(log(n))^2",0.21
927,1000,2,"T_Copula",2000,-2,"0.5(log(n))^2",0.23
928,1000,2,"T_Copula",2000,-2,"0.5(log(n))^2",0.99
929,1000,2,"T_Copula",2000,-2,"0.5(log(n))^2",0.51
930,1000,2,"T_Copula",2000,-2,"0.5(log(n))^2",0.43
931,1000,2,"T_Copula",2000,-2,"0.5(log(n))^2",0.3
932,1000,2,"T_Copula",2000,-2,"0.5(log(n))^2",0.79
933,1000,2,"T_Copula",2000,-2,"0.5(log(n))^2",0.92
934,1000,2,"T_Copula",2000,-2,"0.5(log(n))^2",0.86
935,1000,2,"T_Copula",2000,-2,"0.5(log(n))^2",0.51
936,1000,2,"T_Copula",2000,-2,"0.5(log(n))^2",0.43
937,1000,2,"T_Copula",2000,-2,"0.5(log(n))^2",0.75
938,1000,2,"T_Copula",2000,-2,"0.5(log(n))^2",0.65
939,1000,2,"T_Copula",2000,-2,"0.5(log(n))^2",0.97
940,1000,2,"T_Copula",2000,-2,"0.5(log(n))^2",0.79
941,1000,2,"T_Copula",2000,-2,"0.5(log(n))^2",0.42
942,1000,2,"T_Copula",2000,-2,"0.5(log(n))^2",0.99
943,1000,2,"T_Copula",2000,-2,"0.5(log(n))^2",0.25
944,1000,2,"T_Copula",2000,-2,"0.5(log(n))^2",0.41
945,1000,2,"T_Copula",2000,-2,"0.5(log(n))^2",0.44
946,1000,2,"T_Copula",2000,-2,"0.5(log(n))^2",0.7
947,1000,2,"T_Copula",2000,-2,"0.5(log(n))^2",0.59
948,1000,2,"T_Copula",2000,-2,"0.5(log(n))^2",0.18
949,1000,2,"T_Copula",2000,-2,"0.5(log(n))^2",0.57
950,1000,2,"T_Copula",2000,-2,"0.5(log(n))^2",0.5
951,1000,2,"T_Copula",2000,-2,"0.5(log(n))^2",0.55
952,1000,2,"T_Copula",2000,-2,"0.5(log(n))^2",0.87
953,1000,2,"T_Copula",2000,-2,"0.5(log(n))^2",0.7
954,1000,2,"T_Copula",2000,-2,"0.5(log(n))^2",0.79
955,1000,2,"T_Copula",2000,-2,"0.5(log(n))^2",0.6
956,1000,2,"T_Copula",2000,-2,"0.5(log(n))^2",0.06
957,1000,2,"T_Copula",2000,-2,"0.5(log(n))^2",0.85
958,1000,2,"T_Copula",2000,-2,"0.5(log(n))^2",0.71
959,1000,2,"T_Copula",2000,-2,"0.5(log(n))^2",0.46
960,1000,2,"T_Copula",2000,-2,"0.5(log(n))^2",0.77
961,1000,2,"T_Copula",2000,-2,"0.5(log(n))^2",0.19
962,1000,2,"T_Copula",2000,-2,"0.5(log(n))^2",0.69
963,1000,2,"T_Copula",2000,-2,"0.5(log(n))^2",0.12
964,1000,2,"T_Copula",2000,-2,"0.5(log(n))^2",0.3
965,1000,2,"T_Copula",2000,-2,"0.5(log(n))^2",0.88
966,1000,2,"T_Copula",2000,-2,"0.5(log(n))^2",0.56
967,1000,2,"T_Copula",2000,-2,"0.5(log(n))^2",0.48
968,1000,2,"T_Copula",2000,-2,"0.5(log(n))^2",0.85
969,1000,2,"T_Copula",2000,-2,"0.5(log(n))^2",0.23
970,1000,2,"T_Copula",2000,-2,"0.5(log(n))^2",0.51
971,1000,2,"T_Copula",2000,-2,"0.5(log(n))^2",0.88
972,1000,2,"T_Copula",2000,-2,"0.5(log(n))^2",0.28
973,1000,2,"T_Copula",2000,-2,"0.5(log(n))^2",0.23
974,1000,2,"T_Copula",2000,-2,"0.5(log(n))^2",0.16
975,1000,2,"T_Copula",2000,-2,"0.5(log(n))^2",0.43
976,1000,2,"T_Copula",2000,-2,"0.5(log(n))^2",0.86
977,1000,2,"T_Copula",2000,-2,"0.5(log(n))^2",0.97
978,1000,2,"T_Copula",2000,-2,"0.5(log(n))^2",0.56
979,1000,2,"T_Copula",2000,-2,"0.5(log(n))^2",0.54
980,1000,2,"T_Copula",2000,-2,"0.5(log(n))^2",0.54
981,1000,2,"T_Copula",2000,-2,"0.5(log(n))^2",0.44
982,1000,2,"T_Copula",2000,-2,"0.5(log(n))^2",0.51
983,1000,2,"T_Copula",2000,-2,"0.5(log(n))^2",0.64
984,1000,2,"T_Copula",2000,-2,"0.5(log(n))^2",0.21
985,1000,2,"T_Copula",2000,-2,"0.5(log(n))^2",0.79
986,1000,2,"T_Copula",2000,-2,"0.5(log(n))^2",0.39
987,1000,2,"T_Copula",2000,-2,"0.5(log(n))^2",0.6
988,1000,2,"T_Copula",2000,-2,"0.5(log(n))^2",0.37
989,1000,2,"T_Copula",2000,-2,"0.5(log(n))^2",0.64
990,1000,2,"T_Copula",2000,-2,"0.5(log(n))^2",0.91
991,1000,2,"T_Copula",2000,-2,"0.5(log(n))^2",0.89
992,1000,2,"T_Copula",2000,-2,"0.5(log(n))^2",0.76
993,1000,2,"T_Copula",2000,-2,"0.5(log(n))^2",0.32
994,1000,2,"T_Copula",2000,-2,"0.5(log(n))^2",0.85
995,1000,2,"T_Copula",2000,-2,"0.5(log(n))^2",0.39
996,1000,2,"T_Copula",2000,-2,"0.5(log(n))^2",0.14
997,1000,2,"T_Copula",2000,-2,"0.5(log(n))^2",0.08
998,1000,2,"T_Copula",2000,-2,"0.5(log(n))^2",0.93
999,1000,2,"T_Copula",2000,-2,"0.5(log(n))^2",0.34
1000,1000,2,"T_Copula",2000,-2,"0.5(log(n))^2",0.26
1,1000,2,"T_Copula",2000,-2,"0.25(log(n))^2",0.56
2,1000,2,"T_Copula",2000,-2,"0.25(log(n))^2",0.37
3,1000,2,"T_Copula",2000,-2,"0.25(log(n))^2",0.72
4,1000,2,"T_Copula",2000,-2,"0.25(log(n))^2",0.96
5,1000,2,"T_Copula",2000,-2,"0.25(log(n))^2",0.94
6,1000,2,"T_Copula",2000,-2,"0.25(log(n))^2",0.82
7,1000,2,"T_Copula",2000,-2,"0.25(log(n))^2",0.57
8,1000,2,"T_Copula",2000,-2,"0.25(log(n))^2",0.46
9,1000,2,"T_Copula",2000,-2,"0.25(log(n))^2",0.47
10,1000,2,"T_Copula",2000,-2,"0.25(log(n))^2",0.42
11,1000,2,"T_Copula",2000,-2,"0.25(log(n))^2",0.05
12,1000,2,"T_Copula",2000,-2,"0.25(log(n))^2",0.77
13,1000,2,"T_Copula",2000,-2,"0.25(log(n))^2",0.98
14,1000,2,"T_Copula",2000,-2,"0.25(log(n))^2",0.29
15,1000,2,"T_Copula",2000,-2,"0.25(log(n))^2",0.44
16,1000,2,"T_Copula",2000,-2,"0.25(log(n))^2",0.18
17,1000,2,"T_Copula",2000,-2,"0.25(log(n))^2",0.61
18,1000,2,"T_Copula",2000,-2,"0.25(log(n))^2",0.64
19,1000,2,"T_Copula",2000,-2,"0.25(log(n))^2",0.92
20,1000,2,"T_Copula",2000,-2,"0.25(log(n))^2",0.69
21,1000,2,"T_Copula",2000,-2,"0.25(log(n))^2",0.62
22,1000,2,"T_Copula",2000,-2,"0.25(log(n))^2",0.59
23,1000,2,"T_Copula",2000,-2,"0.25(log(n))^2",0.68
24,1000,2,"T_Copula",2000,-2,"0.25(log(n))^2",0.39
25,1000,2,"T_Copula",2000,-2,"0.25(log(n))^2",0.82
26,1000,2,"T_Copula",2000,-2,"0.25(log(n))^2",0.6
27,1000,2,"T_Copula",2000,-2,"0.25(log(n))^2",0.69
28,1000,2,"T_Copula",2000,-2,"0.25(log(n))^2",0.7
29,1000,2,"T_Copula",2000,-2,"0.25(log(n))^2",0.84
30,1000,2,"T_Copula",2000,-2,"0.25(log(n))^2",0.51
31,1000,2,"T_Copula",2000,-2,"0.25(log(n))^2",0.34
32,1000,2,"T_Copula",2000,-2,"0.25(log(n))^2",0.43
33,1000,2,"T_Copula",2000,-2,"0.25(log(n))^2",0.41
34,1000,2,"T_Copula",2000,-2,"0.25(log(n))^2",0.28
35,1000,2,"T_Copula",2000,-2,"0.25(log(n))^2",0.36
36,1000,2,"T_Copula",2000,-2,"0.25(log(n))^2",0.64
37,1000,2,"T_Copula",2000,-2,"0.25(log(n))^2",0.44
38,1000,2,"T_Copula",2000,-2,"0.25(log(n))^2",0.9
39,1000,2,"T_Copula",2000,-2,"0.25(log(n))^2",0.41
40,1000,2,"T_Copula",2000,-2,"0.25(log(n))^2",0.65
41,1000,2,"T_Copula",2000,-2,"0.25(log(n))^2",0.81
42,1000,2,"T_Copula",2000,-2,"0.25(log(n))^2",0.67
43,1000,2,"T_Copula",2000,-2,"0.25(log(n))^2",0.84
44,1000,2,"T_Copula",2000,-2,"0.25(log(n))^2",0.27
45,1000,2,"T_Copula",2000,-2,"0.25(log(n))^2",0.14
46,1000,2,"T_Copula",2000,-2,"0.25(log(n))^2",0.85
47,1000,2,"T_Copula",2000,-2,"0.25(log(n))^2",0.15
48,1000,2,"T_Copula",2000,-2,"0.25(log(n))^2",0.53
49,1000,2,"T_Copula",2000,-2,"0.25(log(n))^2",0.86
50,1000,2,"T_Copula",2000,-2,"0.25(log(n))^2",0.4
51,1000,2,"T_Copula",2000,-2,"0.25(log(n))^2",0.29
52,1000,2,"T_Copula",2000,-2,"0.25(log(n))^2",0.46
53,1000,2,"T_Copula",2000,-2,"0.25(log(n))^2",0.86
54,1000,2,"T_Copula",2000,-2,"0.25(log(n))^2",0.37
55,1000,2,"T_Copula",2000,-2,"0.25(log(n))^2",0.85
56,1000,2,"T_Copula",2000,-2,"0.25(log(n))^2",0.18
57,1000,2,"T_Copula",2000,-2,"0.25(log(n))^2",0.62
58,1000,2,"T_Copula",2000,-2,"0.25(log(n))^2",0.61
59,1000,2,"T_Copula",2000,-2,"0.25(log(n))^2",0.5
60,1000,2,"T_Copula",2000,-2,"0.25(log(n))^2",0.39
61,1000,2,"T_Copula",2000,-2,"0.25(log(n))^2",0.63
62,1000,2,"T_Copula",2000,-2,"0.25(log(n))^2",0.76
63,1000,2,"T_Copula",2000,-2,"0.25(log(n))^2",0.4
64,1000,2,"T_Copula",2000,-2,"0.25(log(n))^2",0.83
65,1000,2,"T_Copula",2000,-2,"0.25(log(n))^2",0.52
66,1000,2,"T_Copula",2000,-2,"0.25(log(n))^2",0.74
67,1000,2,"T_Copula",2000,-2,"0.25(log(n))^2",0.19
68,1000,2,"T_Copula",2000,-2,"0.25(log(n))^2",0.09
69,1000,2,"T_Copula",2000,-2,"0.25(log(n))^2",0.86
70,1000,2,"T_Copula",2000,-2,"0.25(log(n))^2",0.53
71,1000,2,"T_Copula",2000,-2,"0.25(log(n))^2",0.86
72,1000,2,"T_Copula",2000,-2,"0.25(log(n))^2",0.45
73,1000,2,"T_Copula",2000,-2,"0.25(log(n))^2",0.81
74,1000,2,"T_Copula",2000,-2,"0.25(log(n))^2",0.68
75,1000,2,"T_Copula",2000,-2,"0.25(log(n))^2",0.93
76,1000,2,"T_Copula",2000,-2,"0.25(log(n))^2",0.52
77,1000,2,"T_Copula",2000,-2,"0.25(log(n))^2",0.31
78,1000,2,"T_Copula",2000,-2,"0.25(log(n))^2",0.37
79,1000,2,"T_Copula",2000,-2,"0.25(log(n))^2",0.46
80,1000,2,"T_Copula",2000,-2,"0.25(log(n))^2",0.59
81,1000,2,"T_Copula",2000,-2,"0.25(log(n))^2",0.91
82,1000,2,"T_Copula",2000,-2,"0.25(log(n))^2",0
83,1000,2,"T_Copula",2000,-2,"0.25(log(n))^2",0.93
84,1000,2,"T_Copula",2000,-2,"0.25(log(n))^2",0.9
85,1000,2,"T_Copula",2000,-2,"0.25(log(n))^2",0.73
86,1000,2,"T_Copula",2000,-2,"0.25(log(n))^2",0.97
87,1000,2,"T_Copula",2000,-2,"0.25(log(n))^2",0.15
88,1000,2,"T_Copula",2000,-2,"0.25(log(n))^2",0.5
89,1000,2,"T_Copula",2000,-2,"0.25(log(n))^2",0.5
90,1000,2,"T_Copula",2000,-2,"0.25(log(n))^2",0.13
91,1000,2,"T_Copula",2000,-2,"0.25(log(n))^2",0.52
92,1000,2,"T_Copula",2000,-2,"0.25(log(n))^2",0.71
93,1000,2,"T_Copula",2000,-2,"0.25(log(n))^2",0.71
94,1000,2,"T_Copula",2000,-2,"0.25(log(n))^2",0.64
95,1000,2,"T_Copula",2000,-2,"0.25(log(n))^2",0.67
96,1000,2,"T_Copula",2000,-2,"0.25(log(n))^2",0.5
97,1000,2,"T_Copula",2000,-2,"0.25(log(n))^2",0.6
98,1000,2,"T_Copula",2000,-2,"0.25(log(n))^2",0.51
99,1000,2,"T_Copula",2000,-2,"0.25(log(n))^2",0.1
100,1000,2,"T_Copula",2000,-2,"0.25(log(n))^2",0.7
101,1000,2,"T_Copula",2000,-2,"0.25(log(n))^2",0.22
102,1000,2,"T_Copula",2000,-2,"0.25(log(n))^2",0.85
103,1000,2,"T_Copula",2000,-2,"0.25(log(n))^2",0.93
104,1000,2,"T_Copula",2000,-2,"0.25(log(n))^2",0.56
105,1000,2,"T_Copula",2000,-2,"0.25(log(n))^2",0.74
106,1000,2,"T_Copula",2000,-2,"0.25(log(n))^2",0.6
107,1000,2,"T_Copula",2000,-2,"0.25(log(n))^2",0.84
108,1000,2,"T_Copula",2000,-2,"0.25(log(n))^2",0.31
109,1000,2,"T_Copula",2000,-2,"0.25(log(n))^2",0.97
110,1000,2,"T_Copula",2000,-2,"0.25(log(n))^2",0.87
111,1000,2,"T_Copula",2000,-2,"0.25(log(n))^2",0.2
112,1000,2,"T_Copula",2000,-2,"0.25(log(n))^2",0.77
113,1000,2,"T_Copula",2000,-2,"0.25(log(n))^2",0.66
114,1000,2,"T_Copula",2000,-2,"0.25(log(n))^2",0.85
115,1000,2,"T_Copula",2000,-2,"0.25(log(n))^2",0.36
116,1000,2,"T_Copula",2000,-2,"0.25(log(n))^2",0.94
117,1000,2,"T_Copula",2000,-2,"0.25(log(n))^2",0.88
118,1000,2,"T_Copula",2000,-2,"0.25(log(n))^2",0.4
119,1000,2,"T_Copula",2000,-2,"0.25(log(n))^2",0.89
120,1000,2,"T_Copula",2000,-2,"0.25(log(n))^2",0.49
121,1000,2,"T_Copula",2000,-2,"0.25(log(n))^2",0.48
122,1000,2,"T_Copula",2000,-2,"0.25(log(n))^2",0.99
123,1000,2,"T_Copula",2000,-2,"0.25(log(n))^2",0.4
124,1000,2,"T_Copula",2000,-2,"0.25(log(n))^2",0.31
125,1000,2,"T_Copula",2000,-2,"0.25(log(n))^2",0.51
126,1000,2,"T_Copula",2000,-2,"0.25(log(n))^2",0.99
127,1000,2,"T_Copula",2000,-2,"0.25(log(n))^2",1
128,1000,2,"T_Copula",2000,-2,"0.25(log(n))^2",0.53
129,1000,2,"T_Copula",2000,-2,"0.25(log(n))^2",0.21
130,1000,2,"T_Copula",2000,-2,"0.25(log(n))^2",0.27
131,1000,2,"T_Copula",2000,-2,"0.25(log(n))^2",0.56
132,1000,2,"T_Copula",2000,-2,"0.25(log(n))^2",0.43
133,1000,2,"T_Copula",2000,-2,"0.25(log(n))^2",0.59
134,1000,2,"T_Copula",2000,-2,"0.25(log(n))^2",0.6
135,1000,2,"T_Copula",2000,-2,"0.25(log(n))^2",0.42
136,1000,2,"T_Copula",2000,-2,"0.25(log(n))^2",0.1
137,1000,2,"T_Copula",2000,-2,"0.25(log(n))^2",0.57
138,1000,2,"T_Copula",2000,-2,"0.25(log(n))^2",0.18
139,1000,2,"T_Copula",2000,-2,"0.25(log(n))^2",0.58
140,1000,2,"T_Copula",2000,-2,"0.25(log(n))^2",0.31
141,1000,2,"T_Copula",2000,-2,"0.25(log(n))^2",0.96
142,1000,2,"T_Copula",2000,-2,"0.25(log(n))^2",0.78
143,1000,2,"T_Copula",2000,-2,"0.25(log(n))^2",0.53
144,1000,2,"T_Copula",2000,-2,"0.25(log(n))^2",0.55
145,1000,2,"T_Copula",2000,-2,"0.25(log(n))^2",0.28
146,1000,2,"T_Copula",2000,-2,"0.25(log(n))^2",0.44
147,1000,2,"T_Copula",2000,-2,"0.25(log(n))^2",0.76
148,1000,2,"T_Copula",2000,-2,"0.25(log(n))^2",0.35
149,1000,2,"T_Copula",2000,-2,"0.25(log(n))^2",0.04
150,1000,2,"T_Copula",2000,-2,"0.25(log(n))^2",0.37
151,1000,2,"T_Copula",2000,-2,"0.25(log(n))^2",0.75
152,1000,2,"T_Copula",2000,-2,"0.25(log(n))^2",0.07
153,1000,2,"T_Copula",2000,-2,"0.25(log(n))^2",0.72
154,1000,2,"T_Copula",2000,-2,"0.25(log(n))^2",0.33
155,1000,2,"T_Copula",2000,-2,"0.25(log(n))^2",0.7
156,1000,2,"T_Copula",2000,-2,"0.25(log(n))^2",0.45
157,1000,2,"T_Copula",2000,-2,"0.25(log(n))^2",0.52
158,1000,2,"T_Copula",2000,-2,"0.25(log(n))^2",0.93
159,1000,2,"T_Copula",2000,-2,"0.25(log(n))^2",0.27
160,1000,2,"T_Copula",2000,-2,"0.25(log(n))^2",0.95
161,1000,2,"T_Copula",2000,-2,"0.25(log(n))^2",0.55
162,1000,2,"T_Copula",2000,-2,"0.25(log(n))^2",0.96
163,1000,2,"T_Copula",2000,-2,"0.25(log(n))^2",0.06
164,1000,2,"T_Copula",2000,-2,"0.25(log(n))^2",0.45
165,1000,2,"T_Copula",2000,-2,"0.25(log(n))^2",0.59
166,1000,2,"T_Copula",2000,-2,"0.25(log(n))^2",0.59
167,1000,2,"T_Copula",2000,-2,"0.25(log(n))^2",0.57
168,1000,2,"T_Copula",2000,-2,"0.25(log(n))^2",0.95
169,1000,2,"T_Copula",2000,-2,"0.25(log(n))^2",0.44
170,1000,2,"T_Copula",2000,-2,"0.25(log(n))^2",0.43
171,1000,2,"T_Copula",2000,-2,"0.25(log(n))^2",0.25
172,1000,2,"T_Copula",2000,-2,"0.25(log(n))^2",0.35
173,1000,2,"T_Copula",2000,-2,"0.25(log(n))^2",0.48
174,1000,2,"T_Copula",2000,-2,"0.25(log(n))^2",0.2
175,1000,2,"T_Copula",2000,-2,"0.25(log(n))^2",0.78
176,1000,2,"T_Copula",2000,-2,"0.25(log(n))^2",0.5
177,1000,2,"T_Copula",2000,-2,"0.25(log(n))^2",0.44
178,1000,2,"T_Copula",2000,-2,"0.25(log(n))^2",0.74
179,1000,2,"T_Copula",2000,-2,"0.25(log(n))^2",0.13
180,1000,2,"T_Copula",2000,-2,"0.25(log(n))^2",0.76
181,1000,2,"T_Copula",2000,-2,"0.25(log(n))^2",0.21
182,1000,2,"T_Copula",2000,-2,"0.25(log(n))^2",0.75
183,1000,2,"T_Copula",2000,-2,"0.25(log(n))^2",0.25
184,1000,2,"T_Copula",2000,-2,"0.25(log(n))^2",0.97
185,1000,2,"T_Copula",2000,-2,"0.25(log(n))^2",0.55
186,1000,2,"T_Copula",2000,-2,"0.25(log(n))^2",0.33
187,1000,2,"T_Copula",2000,-2,"0.25(log(n))^2",0.34
188,1000,2,"T_Copula",2000,-2,"0.25(log(n))^2",0.48
189,1000,2,"T_Copula",2000,-2,"0.25(log(n))^2",0.53
190,1000,2,"T_Copula",2000,-2,"0.25(log(n))^2",0.58
191,1000,2,"T_Copula",2000,-2,"0.25(log(n))^2",0.44
192,1000,2,"T_Copula",2000,-2,"0.25(log(n))^2",0.49
193,1000,2,"T_Copula",2000,-2,"0.25(log(n))^2",0.97
194,1000,2,"T_Copula",2000,-2,"0.25(log(n))^2",0.48
195,1000,2,"T_Copula",2000,-2,"0.25(log(n))^2",0.84
196,1000,2,"T_Copula",2000,-2,"0.25(log(n))^2",0.84
197,1000,2,"T_Copula",2000,-2,"0.25(log(n))^2",0.94
198,1000,2,"T_Copula",2000,-2,"0.25(log(n))^2",0.8
199,1000,2,"T_Copula",2000,-2,"0.25(log(n))^2",0.35
200,1000,2,"T_Copula",2000,-2,"0.25(log(n))^2",0.49
201,1000,2,"T_Copula",2000,-2,"0.25(log(n))^2",0.04
202,1000,2,"T_Copula",2000,-2,"0.25(log(n))^2",0.25
203,1000,2,"T_Copula",2000,-2,"0.25(log(n))^2",0.64
204,1000,2,"T_Copula",2000,-2,"0.25(log(n))^2",0.59
205,1000,2,"T_Copula",2000,-2,"0.25(log(n))^2",0.5
206,1000,2,"T_Copula",2000,-2,"0.25(log(n))^2",0.49
207,1000,2,"T_Copula",2000,-2,"0.25(log(n))^2",0.8
208,1000,2,"T_Copula",2000,-2,"0.25(log(n))^2",0.67
209,1000,2,"T_Copula",2000,-2,"0.25(log(n))^2",0.84
210,1000,2,"T_Copula",2000,-2,"0.25(log(n))^2",0.28
211,1000,2,"T_Copula",2000,-2,"0.25(log(n))^2",0.54
212,1000,2,"T_Copula",2000,-2,"0.25(log(n))^2",0.74
213,1000,2,"T_Copula",2000,-2,"0.25(log(n))^2",0.87
214,1000,2,"T_Copula",2000,-2,"0.25(log(n))^2",0.35
215,1000,2,"T_Copula",2000,-2,"0.25(log(n))^2",0.96
216,1000,2,"T_Copula",2000,-2,"0.25(log(n))^2",0.07
217,1000,2,"T_Copula",2000,-2,"0.25(log(n))^2",0.63
218,1000,2,"T_Copula",2000,-2,"0.25(log(n))^2",0.48
219,1000,2,"T_Copula",2000,-2,"0.25(log(n))^2",0.84
220,1000,2,"T_Copula",2000,-2,"0.25(log(n))^2",0.23
221,1000,2,"T_Copula",2000,-2,"0.25(log(n))^2",0.79
222,1000,2,"T_Copula",2000,-2,"0.25(log(n))^2",0.52
223,1000,2,"T_Copula",2000,-2,"0.25(log(n))^2",0.48
224,1000,2,"T_Copula",2000,-2,"0.25(log(n))^2",0.83
225,1000,2,"T_Copula",2000,-2,"0.25(log(n))^2",0.01
226,1000,2,"T_Copula",2000,-2,"0.25(log(n))^2",0.49
227,1000,2,"T_Copula",2000,-2,"0.25(log(n))^2",0.9
228,1000,2,"T_Copula",2000,-2,"0.25(log(n))^2",0.12
229,1000,2,"T_Copula",2000,-2,"0.25(log(n))^2",0.77
230,1000,2,"T_Copula",2000,-2,"0.25(log(n))^2",0.6
231,1000,2,"T_Copula",2000,-2,"0.25(log(n))^2",0.28
232,1000,2,"T_Copula",2000,-2,"0.25(log(n))^2",0.85
233,1000,2,"T_Copula",2000,-2,"0.25(log(n))^2",0.75
234,1000,2,"T_Copula",2000,-2,"0.25(log(n))^2",0.98
235,1000,2,"T_Copula",2000,-2,"0.25(log(n))^2",0.27
236,1000,2,"T_Copula",2000,-2,"0.25(log(n))^2",0.73
237,1000,2,"T_Copula",2000,-2,"0.25(log(n))^2",0.74
238,1000,2,"T_Copula",2000,-2,"0.25(log(n))^2",0.28
239,1000,2,"T_Copula",2000,-2,"0.25(log(n))^2",0.51
240,1000,2,"T_Copula",2000,-2,"0.25(log(n))^2",0.3
241,1000,2,"T_Copula",2000,-2,"0.25(log(n))^2",0.68
242,1000,2,"T_Copula",2000,-2,"0.25(log(n))^2",0.04
243,1000,2,"T_Copula",2000,-2,"0.25(log(n))^2",0.65
244,1000,2,"T_Copula",2000,-2,"0.25(log(n))^2",0.59
245,1000,2,"T_Copula",2000,-2,"0.25(log(n))^2",0.35
246,1000,2,"T_Copula",2000,-2,"0.25(log(n))^2",0.7
247,1000,2,"T_Copula",2000,-2,"0.25(log(n))^2",0.47
248,1000,2,"T_Copula",2000,-2,"0.25(log(n))^2",0.57
249,1000,2,"T_Copula",2000,-2,"0.25(log(n))^2",0.85
250,1000,2,"T_Copula",2000,-2,"0.25(log(n))^2",0.18
251,1000,2,"T_Copula",2000,-2,"0.25(log(n))^2",0.32
252,1000,2,"T_Copula",2000,-2,"0.25(log(n))^2",0.82
253,1000,2,"T_Copula",2000,-2,"0.25(log(n))^2",0.71
254,1000,2,"T_Copula",2000,-2,"0.25(log(n))^2",0.76
255,1000,2,"T_Copula",2000,-2,"0.25(log(n))^2",0.63
256,1000,2,"T_Copula",2000,-2,"0.25(log(n))^2",0.85
257,1000,2,"T_Copula",2000,-2,"0.25(log(n))^2",0.23
258,1000,2,"T_Copula",2000,-2,"0.25(log(n))^2",0.15
259,1000,2,"T_Copula",2000,-2,"0.25(log(n))^2",0.65
260,1000,2,"T_Copula",2000,-2,"0.25(log(n))^2",0.61
261,1000,2,"T_Copula",2000,-2,"0.25(log(n))^2",0.82
262,1000,2,"T_Copula",2000,-2,"0.25(log(n))^2",0.13
263,1000,2,"T_Copula",2000,-2,"0.25(log(n))^2",0.64
264,1000,2,"T_Copula",2000,-2,"0.25(log(n))^2",0.61
265,1000,2,"T_Copula",2000,-2,"0.25(log(n))^2",0.72
266,1000,2,"T_Copula",2000,-2,"0.25(log(n))^2",0.73
267,1000,2,"T_Copula",2000,-2,"0.25(log(n))^2",0.13
268,1000,2,"T_Copula",2000,-2,"0.25(log(n))^2",0.65
269,1000,2,"T_Copula",2000,-2,"0.25(log(n))^2",0.33
270,1000,2,"T_Copula",2000,-2,"0.25(log(n))^2",0.64
271,1000,2,"T_Copula",2000,-2,"0.25(log(n))^2",0.83
272,1000,2,"T_Copula",2000,-2,"0.25(log(n))^2",0.89
273,1000,2,"T_Copula",2000,-2,"0.25(log(n))^2",0.44
274,1000,2,"T_Copula",2000,-2,"0.25(log(n))^2",0.49
275,1000,2,"T_Copula",2000,-2,"0.25(log(n))^2",0.54
276,1000,2,"T_Copula",2000,-2,"0.25(log(n))^2",0.33
277,1000,2,"T_Copula",2000,-2,"0.25(log(n))^2",0.84
278,1000,2,"T_Copula",2000,-2,"0.25(log(n))^2",0.12
279,1000,2,"T_Copula",2000,-2,"0.25(log(n))^2",0.99
280,1000,2,"T_Copula",2000,-2,"0.25(log(n))^2",0.93
281,1000,2,"T_Copula",2000,-2,"0.25(log(n))^2",0.75
282,1000,2,"T_Copula",2000,-2,"0.25(log(n))^2",0.15
283,1000,2,"T_Copula",2000,-2,"0.25(log(n))^2",0.85
284,1000,2,"T_Copula",2000,-2,"0.25(log(n))^2",0.76
285,1000,2,"T_Copula",2000,-2,"0.25(log(n))^2",0.99
286,1000,2,"T_Copula",2000,-2,"0.25(log(n))^2",0.86
287,1000,2,"T_Copula",2000,-2,"0.25(log(n))^2",0.91
288,1000,2,"T_Copula",2000,-2,"0.25(log(n))^2",0.32
289,1000,2,"T_Copula",2000,-2,"0.25(log(n))^2",0.7
290,1000,2,"T_Copula",2000,-2,"0.25(log(n))^2",0.45
291,1000,2,"T_Copula",2000,-2,"0.25(log(n))^2",0.29
292,1000,2,"T_Copula",2000,-2,"0.25(log(n))^2",0.16
293,1000,2,"T_Copula",2000,-2,"0.25(log(n))^2",0.79
294,1000,2,"T_Copula",2000,-2,"0.25(log(n))^2",0.66
295,1000,2,"T_Copula",2000,-2,"0.25(log(n))^2",0.42
296,1000,2,"T_Copula",2000,-2,"0.25(log(n))^2",0.21
297,1000,2,"T_Copula",2000,-2,"0.25(log(n))^2",0.42
298,1000,2,"T_Copula",2000,-2,"0.25(log(n))^2",0.92
299,1000,2,"T_Copula",2000,-2,"0.25(log(n))^2",0.74
300,1000,2,"T_Copula",2000,-2,"0.25(log(n))^2",0.56
301,1000,2,"T_Copula",2000,-2,"0.25(log(n))^2",0.7
302,1000,2,"T_Copula",2000,-2,"0.25(log(n))^2",0.74
303,1000,2,"T_Copula",2000,-2,"0.25(log(n))^2",0.14
304,1000,2,"T_Copula",2000,-2,"0.25(log(n))^2",0.51
305,1000,2,"T_Copula",2000,-2,"0.25(log(n))^2",0.18
306,1000,2,"T_Copula",2000,-2,"0.25(log(n))^2",0.84
307,1000,2,"T_Copula",2000,-2,"0.25(log(n))^2",0.74
308,1000,2,"T_Copula",2000,-2,"0.25(log(n))^2",0.94
309,1000,2,"T_Copula",2000,-2,"0.25(log(n))^2",0.19
310,1000,2,"T_Copula",2000,-2,"0.25(log(n))^2",0.37
311,1000,2,"T_Copula",2000,-2,"0.25(log(n))^2",0.43
312,1000,2,"T_Copula",2000,-2,"0.25(log(n))^2",0.58
313,1000,2,"T_Copula",2000,-2,"0.25(log(n))^2",0.81
314,1000,2,"T_Copula",2000,-2,"0.25(log(n))^2",0.83
315,1000,2,"T_Copula",2000,-2,"0.25(log(n))^2",0.59
316,1000,2,"T_Copula",2000,-2,"0.25(log(n))^2",0.74
317,1000,2,"T_Copula",2000,-2,"0.25(log(n))^2",0.87
318,1000,2,"T_Copula",2000,-2,"0.25(log(n))^2",0.49
319,1000,2,"T_Copula",2000,-2,"0.25(log(n))^2",0.93
320,1000,2,"T_Copula",2000,-2,"0.25(log(n))^2",0.15
321,1000,2,"T_Copula",2000,-2,"0.25(log(n))^2",0.64
322,1000,2,"T_Copula",2000,-2,"0.25(log(n))^2",0.35
323,1000,2,"T_Copula",2000,-2,"0.25(log(n))^2",0.88
324,1000,2,"T_Copula",2000,-2,"0.25(log(n))^2",0.26
325,1000,2,"T_Copula",2000,-2,"0.25(log(n))^2",0.94
326,1000,2,"T_Copula",2000,-2,"0.25(log(n))^2",0.3
327,1000,2,"T_Copula",2000,-2,"0.25(log(n))^2",0.55
328,1000,2,"T_Copula",2000,-2,"0.25(log(n))^2",0.75
329,1000,2,"T_Copula",2000,-2,"0.25(log(n))^2",0.12
330,1000,2,"T_Copula",2000,-2,"0.25(log(n))^2",0.5
331,1000,2,"T_Copula",2000,-2,"0.25(log(n))^2",0.47
332,1000,2,"T_Copula",2000,-2,"0.25(log(n))^2",0.3
333,1000,2,"T_Copula",2000,-2,"0.25(log(n))^2",0.26
334,1000,2,"T_Copula",2000,-2,"0.25(log(n))^2",0.48
335,1000,2,"T_Copula",2000,-2,"0.25(log(n))^2",0.68
336,1000,2,"T_Copula",2000,-2,"0.25(log(n))^2",0.42
337,1000,2,"T_Copula",2000,-2,"0.25(log(n))^2",0.93
338,1000,2,"T_Copula",2000,-2,"0.25(log(n))^2",0.63
339,1000,2,"T_Copula",2000,-2,"0.25(log(n))^2",0.61
340,1000,2,"T_Copula",2000,-2,"0.25(log(n))^2",0.67
341,1000,2,"T_Copula",2000,-2,"0.25(log(n))^2",0.65
342,1000,2,"T_Copula",2000,-2,"0.25(log(n))^2",0.54
343,1000,2,"T_Copula",2000,-2,"0.25(log(n))^2",0.9
344,1000,2,"T_Copula",2000,-2,"0.25(log(n))^2",0.57
345,1000,2,"T_Copula",2000,-2,"0.25(log(n))^2",0.27
346,1000,2,"T_Copula",2000,-2,"0.25(log(n))^2",0.78
347,1000,2,"T_Copula",2000,-2,"0.25(log(n))^2",0.48
348,1000,2,"T_Copula",2000,-2,"0.25(log(n))^2",0.82
349,1000,2,"T_Copula",2000,-2,"0.25(log(n))^2",0.15
350,1000,2,"T_Copula",2000,-2,"0.25(log(n))^2",0.56
351,1000,2,"T_Copula",2000,-2,"0.25(log(n))^2",0.95
352,1000,2,"T_Copula",2000,-2,"0.25(log(n))^2",0.41
353,1000,2,"T_Copula",2000,-2,"0.25(log(n))^2",0.88
354,1000,2,"T_Copula",2000,-2,"0.25(log(n))^2",0.39
355,1000,2,"T_Copula",2000,-2,"0.25(log(n))^2",0.87
356,1000,2,"T_Copula",2000,-2,"0.25(log(n))^2",0.68
357,1000,2,"T_Copula",2000,-2,"0.25(log(n))^2",0.46
358,1000,2,"T_Copula",2000,-2,"0.25(log(n))^2",0.45
359,1000,2,"T_Copula",2000,-2,"0.25(log(n))^2",0.74
360,1000,2,"T_Copula",2000,-2,"0.25(log(n))^2",0.72
361,1000,2,"T_Copula",2000,-2,"0.25(log(n))^2",0.64
362,1000,2,"T_Copula",2000,-2,"0.25(log(n))^2",0.06
363,1000,2,"T_Copula",2000,-2,"0.25(log(n))^2",0.33
364,1000,2,"T_Copula",2000,-2,"0.25(log(n))^2",0.42
365,1000,2,"T_Copula",2000,-2,"0.25(log(n))^2",0.91
366,1000,2,"T_Copula",2000,-2,"0.25(log(n))^2",0.04
367,1000,2,"T_Copula",2000,-2,"0.25(log(n))^2",0.38
368,1000,2,"T_Copula",2000,-2,"0.25(log(n))^2",0.37
369,1000,2,"T_Copula",2000,-2,"0.25(log(n))^2",0.63
370,1000,2,"T_Copula",2000,-2,"0.25(log(n))^2",0.59
371,1000,2,"T_Copula",2000,-2,"0.25(log(n))^2",0.61
372,1000,2,"T_Copula",2000,-2,"0.25(log(n))^2",0.73
373,1000,2,"T_Copula",2000,-2,"0.25(log(n))^2",0.79
374,1000,2,"T_Copula",2000,-2,"0.25(log(n))^2",0.64
375,1000,2,"T_Copula",2000,-2,"0.25(log(n))^2",0.17
376,1000,2,"T_Copula",2000,-2,"0.25(log(n))^2",0.46
377,1000,2,"T_Copula",2000,-2,"0.25(log(n))^2",0.72
378,1000,2,"T_Copula",2000,-2,"0.25(log(n))^2",0.58
379,1000,2,"T_Copula",2000,-2,"0.25(log(n))^2",0.18
380,1000,2,"T_Copula",2000,-2,"0.25(log(n))^2",0.79
381,1000,2,"T_Copula",2000,-2,"0.25(log(n))^2",0.69
382,1000,2,"T_Copula",2000,-2,"0.25(log(n))^2",0.84
383,1000,2,"T_Copula",2000,-2,"0.25(log(n))^2",0.78
384,1000,2,"T_Copula",2000,-2,"0.25(log(n))^2",0.48
385,1000,2,"T_Copula",2000,-2,"0.25(log(n))^2",0.58
386,1000,2,"T_Copula",2000,-2,"0.25(log(n))^2",0.41
387,1000,2,"T_Copula",2000,-2,"0.25(log(n))^2",0.36
388,1000,2,"T_Copula",2000,-2,"0.25(log(n))^2",0.54
389,1000,2,"T_Copula",2000,-2,"0.25(log(n))^2",0.8
390,1000,2,"T_Copula",2000,-2,"0.25(log(n))^2",0.34
391,1000,2,"T_Copula",2000,-2,"0.25(log(n))^2",0.82
392,1000,2,"T_Copula",2000,-2,"0.25(log(n))^2",0.61
393,1000,2,"T_Copula",2000,-2,"0.25(log(n))^2",0.61
394,1000,2,"T_Copula",2000,-2,"0.25(log(n))^2",0.37
395,1000,2,"T_Copula",2000,-2,"0.25(log(n))^2",0.55
396,1000,2,"T_Copula",2000,-2,"0.25(log(n))^2",0.97
397,1000,2,"T_Copula",2000,-2,"0.25(log(n))^2",0.85
398,1000,2,"T_Copula",2000,-2,"0.25(log(n))^2",0.53
399,1000,2,"T_Copula",2000,-2,"0.25(log(n))^2",0.16
400,1000,2,"T_Copula",2000,-2,"0.25(log(n))^2",0.64
401,1000,2,"T_Copula",2000,-2,"0.25(log(n))^2",0.3
402,1000,2,"T_Copula",2000,-2,"0.25(log(n))^2",0.24
403,1000,2,"T_Copula",2000,-2,"0.25(log(n))^2",0.76
404,1000,2,"T_Copula",2000,-2,"0.25(log(n))^2",0.76
405,1000,2,"T_Copula",2000,-2,"0.25(log(n))^2",0.6
406,1000,2,"T_Copula",2000,-2,"0.25(log(n))^2",0.64
407,1000,2,"T_Copula",2000,-2,"0.25(log(n))^2",0.94
408,1000,2,"T_Copula",2000,-2,"0.25(log(n))^2",0.86
409,1000,2,"T_Copula",2000,-2,"0.25(log(n))^2",0.51
410,1000,2,"T_Copula",2000,-2,"0.25(log(n))^2",0.49
411,1000,2,"T_Copula",2000,-2,"0.25(log(n))^2",0.69
412,1000,2,"T_Copula",2000,-2,"0.25(log(n))^2",0.46
413,1000,2,"T_Copula",2000,-2,"0.25(log(n))^2",0.41
414,1000,2,"T_Copula",2000,-2,"0.25(log(n))^2",0.58
415,1000,2,"T_Copula",2000,-2,"0.25(log(n))^2",0.25
416,1000,2,"T_Copula",2000,-2,"0.25(log(n))^2",0.54
417,1000,2,"T_Copula",2000,-2,"0.25(log(n))^2",0.45
418,1000,2,"T_Copula",2000,-2,"0.25(log(n))^2",0.95
419,1000,2,"T_Copula",2000,-2,"0.25(log(n))^2",0.45
420,1000,2,"T_Copula",2000,-2,"0.25(log(n))^2",0.93
421,1000,2,"T_Copula",2000,-2,"0.25(log(n))^2",0.39
422,1000,2,"T_Copula",2000,-2,"0.25(log(n))^2",0.41
423,1000,2,"T_Copula",2000,-2,"0.25(log(n))^2",0.86
424,1000,2,"T_Copula",2000,-2,"0.25(log(n))^2",0.77
425,1000,2,"T_Copula",2000,-2,"0.25(log(n))^2",0.15
426,1000,2,"T_Copula",2000,-2,"0.25(log(n))^2",0.33
427,1000,2,"T_Copula",2000,-2,"0.25(log(n))^2",0.28
428,1000,2,"T_Copula",2000,-2,"0.25(log(n))^2",0.67
429,1000,2,"T_Copula",2000,-2,"0.25(log(n))^2",0.03
430,1000,2,"T_Copula",2000,-2,"0.25(log(n))^2",0.8
431,1000,2,"T_Copula",2000,-2,"0.25(log(n))^2",0.79
432,1000,2,"T_Copula",2000,-2,"0.25(log(n))^2",0.54
433,1000,2,"T_Copula",2000,-2,"0.25(log(n))^2",0.54
434,1000,2,"T_Copula",2000,-2,"0.25(log(n))^2",0.89
435,1000,2,"T_Copula",2000,-2,"0.25(log(n))^2",0.62
436,1000,2,"T_Copula",2000,-2,"0.25(log(n))^2",0.18
437,1000,2,"T_Copula",2000,-2,"0.25(log(n))^2",0.94
438,1000,2,"T_Copula",2000,-2,"0.25(log(n))^2",0.29
439,1000,2,"T_Copula",2000,-2,"0.25(log(n))^2",0.33
440,1000,2,"T_Copula",2000,-2,"0.25(log(n))^2",0.47
441,1000,2,"T_Copula",2000,-2,"0.25(log(n))^2",0.09
442,1000,2,"T_Copula",2000,-2,"0.25(log(n))^2",0.19
443,1000,2,"T_Copula",2000,-2,"0.25(log(n))^2",0.42
444,1000,2,"T_Copula",2000,-2,"0.25(log(n))^2",0.44
445,1000,2,"T_Copula",2000,-2,"0.25(log(n))^2",0.91
446,1000,2,"T_Copula",2000,-2,"0.25(log(n))^2",0.96
447,1000,2,"T_Copula",2000,-2,"0.25(log(n))^2",0.89
448,1000,2,"T_Copula",2000,-2,"0.25(log(n))^2",0.54
449,1000,2,"T_Copula",2000,-2,"0.25(log(n))^2",0.77
450,1000,2,"T_Copula",2000,-2,"0.25(log(n))^2",0.54
451,1000,2,"T_Copula",2000,-2,"0.25(log(n))^2",0.34
452,1000,2,"T_Copula",2000,-2,"0.25(log(n))^2",0.48
453,1000,2,"T_Copula",2000,-2,"0.25(log(n))^2",0.86
454,1000,2,"T_Copula",2000,-2,"0.25(log(n))^2",0.46
455,1000,2,"T_Copula",2000,-2,"0.25(log(n))^2",0.62
456,1000,2,"T_Copula",2000,-2,"0.25(log(n))^2",0.71
457,1000,2,"T_Copula",2000,-2,"0.25(log(n))^2",0.95
458,1000,2,"T_Copula",2000,-2,"0.25(log(n))^2",0.95
459,1000,2,"T_Copula",2000,-2,"0.25(log(n))^2",0.89
460,1000,2,"T_Copula",2000,-2,"0.25(log(n))^2",0.78
461,1000,2,"T_Copula",2000,-2,"0.25(log(n))^2",0.85
462,1000,2,"T_Copula",2000,-2,"0.25(log(n))^2",0.71
463,1000,2,"T_Copula",2000,-2,"0.25(log(n))^2",0.75
464,1000,2,"T_Copula",2000,-2,"0.25(log(n))^2",0.82
465,1000,2,"T_Copula",2000,-2,"0.25(log(n))^2",0.4
466,1000,2,"T_Copula",2000,-2,"0.25(log(n))^2",0.69
467,1000,2,"T_Copula",2000,-2,"0.25(log(n))^2",0.17
468,1000,2,"T_Copula",2000,-2,"0.25(log(n))^2",0.76
469,1000,2,"T_Copula",2000,-2,"0.25(log(n))^2",0.45
470,1000,2,"T_Copula",2000,-2,"0.25(log(n))^2",0.86
471,1000,2,"T_Copula",2000,-2,"0.25(log(n))^2",0.47
472,1000,2,"T_Copula",2000,-2,"0.25(log(n))^2",0.57
473,1000,2,"T_Copula",2000,-2,"0.25(log(n))^2",0.39
474,1000,2,"T_Copula",2000,-2,"0.25(log(n))^2",0.94
475,1000,2,"T_Copula",2000,-2,"0.25(log(n))^2",0.8
476,1000,2,"T_Copula",2000,-2,"0.25(log(n))^2",0.66
477,1000,2,"T_Copula",2000,-2,"0.25(log(n))^2",0.7
478,1000,2,"T_Copula",2000,-2,"0.25(log(n))^2",0.45
479,1000,2,"T_Copula",2000,-2,"0.25(log(n))^2",0.07
480,1000,2,"T_Copula",2000,-2,"0.25(log(n))^2",0.42
481,1000,2,"T_Copula",2000,-2,"0.25(log(n))^2",0.43
482,1000,2,"T_Copula",2000,-2,"0.25(log(n))^2",0.93
483,1000,2,"T_Copula",2000,-2,"0.25(log(n))^2",0.79
484,1000,2,"T_Copula",2000,-2,"0.25(log(n))^2",0.61
485,1000,2,"T_Copula",2000,-2,"0.25(log(n))^2",0.42
486,1000,2,"T_Copula",2000,-2,"0.25(log(n))^2",0.41
487,1000,2,"T_Copula",2000,-2,"0.25(log(n))^2",0.86
488,1000,2,"T_Copula",2000,-2,"0.25(log(n))^2",0.97
489,1000,2,"T_Copula",2000,-2,"0.25(log(n))^2",0.47
490,1000,2,"T_Copula",2000,-2,"0.25(log(n))^2",0.75
491,1000,2,"T_Copula",2000,-2,"0.25(log(n))^2",0.77
492,1000,2,"T_Copula",2000,-2,"0.25(log(n))^2",0.49
493,1000,2,"T_Copula",2000,-2,"0.25(log(n))^2",0.31
494,1000,2,"T_Copula",2000,-2,"0.25(log(n))^2",0.91
495,1000,2,"T_Copula",2000,-2,"0.25(log(n))^2",0.55
496,1000,2,"T_Copula",2000,-2,"0.25(log(n))^2",0.45
497,1000,2,"T_Copula",2000,-2,"0.25(log(n))^2",0.74
498,1000,2,"T_Copula",2000,-2,"0.25(log(n))^2",0.7
499,1000,2,"T_Copula",2000,-2,"0.25(log(n))^2",0.68
500,1000,2,"T_Copula",2000,-2,"0.25(log(n))^2",0.86
501,1000,2,"T_Copula",2000,-2,"0.25(log(n))^2",0.38
502,1000,2,"T_Copula",2000,-2,"0.25(log(n))^2",0.85
503,1000,2,"T_Copula",2000,-2,"0.25(log(n))^2",0.76
504,1000,2,"T_Copula",2000,-2,"0.25(log(n))^2",0.48
505,1000,2,"T_Copula",2000,-2,"0.25(log(n))^2",0.38
506,1000,2,"T_Copula",2000,-2,"0.25(log(n))^2",0.7
507,1000,2,"T_Copula",2000,-2,"0.25(log(n))^2",0.11
508,1000,2,"T_Copula",2000,-2,"0.25(log(n))^2",0.65
509,1000,2,"T_Copula",2000,-2,"0.25(log(n))^2",0.87
510,1000,2,"T_Copula",2000,-2,"0.25(log(n))^2",0.35
511,1000,2,"T_Copula",2000,-2,"0.25(log(n))^2",0.6
512,1000,2,"T_Copula",2000,-2,"0.25(log(n))^2",0.8
513,1000,2,"T_Copula",2000,-2,"0.25(log(n))^2",0.73
514,1000,2,"T_Copula",2000,-2,"0.25(log(n))^2",0.47
515,1000,2,"T_Copula",2000,-2,"0.25(log(n))^2",0.34
516,1000,2,"T_Copula",2000,-2,"0.25(log(n))^2",0.88
517,1000,2,"T_Copula",2000,-2,"0.25(log(n))^2",0.5
518,1000,2,"T_Copula",2000,-2,"0.25(log(n))^2",0.53
519,1000,2,"T_Copula",2000,-2,"0.25(log(n))^2",0.58
520,1000,2,"T_Copula",2000,-2,"0.25(log(n))^2",0.4
521,1000,2,"T_Copula",2000,-2,"0.25(log(n))^2",0.74
522,1000,2,"T_Copula",2000,-2,"0.25(log(n))^2",0.58
523,1000,2,"T_Copula",2000,-2,"0.25(log(n))^2",0.57
524,1000,2,"T_Copula",2000,-2,"0.25(log(n))^2",0.46
525,1000,2,"T_Copula",2000,-2,"0.25(log(n))^2",0.68
526,1000,2,"T_Copula",2000,-2,"0.25(log(n))^2",0.53
527,1000,2,"T_Copula",2000,-2,"0.25(log(n))^2",0.77
528,1000,2,"T_Copula",2000,-2,"0.25(log(n))^2",0.76
529,1000,2,"T_Copula",2000,-2,"0.25(log(n))^2",0.84
530,1000,2,"T_Copula",2000,-2,"0.25(log(n))^2",0.62
531,1000,2,"T_Copula",2000,-2,"0.25(log(n))^2",0.34
532,1000,2,"T_Copula",2000,-2,"0.25(log(n))^2",0.75
533,1000,2,"T_Copula",2000,-2,"0.25(log(n))^2",0.46
534,1000,2,"T_Copula",2000,-2,"0.25(log(n))^2",0.92
535,1000,2,"T_Copula",2000,-2,"0.25(log(n))^2",0.44
536,1000,2,"T_Copula",2000,-2,"0.25(log(n))^2",0.33
537,1000,2,"T_Copula",2000,-2,"0.25(log(n))^2",0.27
538,1000,2,"T_Copula",2000,-2,"0.25(log(n))^2",0.76
539,1000,2,"T_Copula",2000,-2,"0.25(log(n))^2",0.85
540,1000,2,"T_Copula",2000,-2,"0.25(log(n))^2",0.91
541,1000,2,"T_Copula",2000,-2,"0.25(log(n))^2",0.95
542,1000,2,"T_Copula",2000,-2,"0.25(log(n))^2",0.64
543,1000,2,"T_Copula",2000,-2,"0.25(log(n))^2",1
544,1000,2,"T_Copula",2000,-2,"0.25(log(n))^2",0.86
545,1000,2,"T_Copula",2000,-2,"0.25(log(n))^2",0.83
546,1000,2,"T_Copula",2000,-2,"0.25(log(n))^2",0.32
547,1000,2,"T_Copula",2000,-2,"0.25(log(n))^2",0.4
548,1000,2,"T_Copula",2000,-2,"0.25(log(n))^2",0.98
549,1000,2,"T_Copula",2000,-2,"0.25(log(n))^2",0.84
550,1000,2,"T_Copula",2000,-2,"0.25(log(n))^2",0.47
551,1000,2,"T_Copula",2000,-2,"0.25(log(n))^2",0.57
552,1000,2,"T_Copula",2000,-2,"0.25(log(n))^2",0.11
553,1000,2,"T_Copula",2000,-2,"0.25(log(n))^2",0.35
554,1000,2,"T_Copula",2000,-2,"0.25(log(n))^2",0.48
555,1000,2,"T_Copula",2000,-2,"0.25(log(n))^2",0.72
556,1000,2,"T_Copula",2000,-2,"0.25(log(n))^2",0.78
557,1000,2,"T_Copula",2000,-2,"0.25(log(n))^2",0.17
558,1000,2,"T_Copula",2000,-2,"0.25(log(n))^2",0.54
559,1000,2,"T_Copula",2000,-2,"0.25(log(n))^2",0.97
560,1000,2,"T_Copula",2000,-2,"0.25(log(n))^2",0.4
561,1000,2,"T_Copula",2000,-2,"0.25(log(n))^2",0.79
562,1000,2,"T_Copula",2000,-2,"0.25(log(n))^2",0.19
563,1000,2,"T_Copula",2000,-2,"0.25(log(n))^2",0.65
564,1000,2,"T_Copula",2000,-2,"0.25(log(n))^2",0.94
565,1000,2,"T_Copula",2000,-2,"0.25(log(n))^2",0.62
566,1000,2,"T_Copula",2000,-2,"0.25(log(n))^2",0.61
567,1000,2,"T_Copula",2000,-2,"0.25(log(n))^2",0.74
568,1000,2,"T_Copula",2000,-2,"0.25(log(n))^2",0.53
569,1000,2,"T_Copula",2000,-2,"0.25(log(n))^2",0.42
570,1000,2,"T_Copula",2000,-2,"0.25(log(n))^2",0.93
571,1000,2,"T_Copula",2000,-2,"0.25(log(n))^2",0.7
572,1000,2,"T_Copula",2000,-2,"0.25(log(n))^2",0.56
573,1000,2,"T_Copula",2000,-2,"0.25(log(n))^2",0.48
574,1000,2,"T_Copula",2000,-2,"0.25(log(n))^2",0.16
575,1000,2,"T_Copula",2000,-2,"0.25(log(n))^2",0.02
576,1000,2,"T_Copula",2000,-2,"0.25(log(n))^2",0.48
577,1000,2,"T_Copula",2000,-2,"0.25(log(n))^2",0.77
578,1000,2,"T_Copula",2000,-2,"0.25(log(n))^2",0.78
579,1000,2,"T_Copula",2000,-2,"0.25(log(n))^2",0.11
580,1000,2,"T_Copula",2000,-2,"0.25(log(n))^2",0.59
581,1000,2,"T_Copula",2000,-2,"0.25(log(n))^2",0.86
582,1000,2,"T_Copula",2000,-2,"0.25(log(n))^2",0.42
583,1000,2,"T_Copula",2000,-2,"0.25(log(n))^2",0.8
584,1000,2,"T_Copula",2000,-2,"0.25(log(n))^2",0.71
585,1000,2,"T_Copula",2000,-2,"0.25(log(n))^2",0.43
586,1000,2,"T_Copula",2000,-2,"0.25(log(n))^2",0.28
587,1000,2,"T_Copula",2000,-2,"0.25(log(n))^2",0.79
588,1000,2,"T_Copula",2000,-2,"0.25(log(n))^2",0.59
589,1000,2,"T_Copula",2000,-2,"0.25(log(n))^2",0.46
590,1000,2,"T_Copula",2000,-2,"0.25(log(n))^2",0.33
591,1000,2,"T_Copula",2000,-2,"0.25(log(n))^2",0.23
592,1000,2,"T_Copula",2000,-2,"0.25(log(n))^2",0.65
593,1000,2,"T_Copula",2000,-2,"0.25(log(n))^2",0.38
594,1000,2,"T_Copula",2000,-2,"0.25(log(n))^2",0.96
595,1000,2,"T_Copula",2000,-2,"0.25(log(n))^2",0.46
596,1000,2,"T_Copula",2000,-2,"0.25(log(n))^2",0.97
597,1000,2,"T_Copula",2000,-2,"0.25(log(n))^2",0.54
598,1000,2,"T_Copula",2000,-2,"0.25(log(n))^2",0.25
599,1000,2,"T_Copula",2000,-2,"0.25(log(n))^2",0.62
600,1000,2,"T_Copula",2000,-2,"0.25(log(n))^2",0.3
601,1000,2,"T_Copula",2000,-2,"0.25(log(n))^2",0.39
602,1000,2,"T_Copula",2000,-2,"0.25(log(n))^2",0.91
603,1000,2,"T_Copula",2000,-2,"0.25(log(n))^2",0.48
604,1000,2,"T_Copula",2000,-2,"0.25(log(n))^2",0.24
605,1000,2,"T_Copula",2000,-2,"0.25(log(n))^2",0.4
606,1000,2,"T_Copula",2000,-2,"0.25(log(n))^2",0.9
607,1000,2,"T_Copula",2000,-2,"0.25(log(n))^2",0.96
608,1000,2,"T_Copula",2000,-2,"0.25(log(n))^2",0.33
609,1000,2,"T_Copula",2000,-2,"0.25(log(n))^2",0.7
610,1000,2,"T_Copula",2000,-2,"0.25(log(n))^2",0.46
611,1000,2,"T_Copula",2000,-2,"0.25(log(n))^2",0.95
612,1000,2,"T_Copula",2000,-2,"0.25(log(n))^2",0.09
613,1000,2,"T_Copula",2000,-2,"0.25(log(n))^2",0.91
614,1000,2,"T_Copula",2000,-2,"0.25(log(n))^2",0.16
615,1000,2,"T_Copula",2000,-2,"0.25(log(n))^2",0.77
616,1000,2,"T_Copula",2000,-2,"0.25(log(n))^2",0.72
617,1000,2,"T_Copula",2000,-2,"0.25(log(n))^2",0.42
618,1000,2,"T_Copula",2000,-2,"0.25(log(n))^2",0.88
619,1000,2,"T_Copula",2000,-2,"0.25(log(n))^2",0.93
620,1000,2,"T_Copula",2000,-2,"0.25(log(n))^2",0.74
621,1000,2,"T_Copula",2000,-2,"0.25(log(n))^2",0.18
622,1000,2,"T_Copula",2000,-2,"0.25(log(n))^2",0.73
623,1000,2,"T_Copula",2000,-2,"0.25(log(n))^2",0.8
624,1000,2,"T_Copula",2000,-2,"0.25(log(n))^2",0.45
625,1000,2,"T_Copula",2000,-2,"0.25(log(n))^2",0.93
626,1000,2,"T_Copula",2000,-2,"0.25(log(n))^2",0.45
627,1000,2,"T_Copula",2000,-2,"0.25(log(n))^2",0.21
628,1000,2,"T_Copula",2000,-2,"0.25(log(n))^2",0.24
629,1000,2,"T_Copula",2000,-2,"0.25(log(n))^2",0.59
630,1000,2,"T_Copula",2000,-2,"0.25(log(n))^2",0.28
631,1000,2,"T_Copula",2000,-2,"0.25(log(n))^2",0.98
632,1000,2,"T_Copula",2000,-2,"0.25(log(n))^2",0.49
633,1000,2,"T_Copula",2000,-2,"0.25(log(n))^2",0.55
634,1000,2,"T_Copula",2000,-2,"0.25(log(n))^2",0.43
635,1000,2,"T_Copula",2000,-2,"0.25(log(n))^2",0.97
636,1000,2,"T_Copula",2000,-2,"0.25(log(n))^2",0.8
637,1000,2,"T_Copula",2000,-2,"0.25(log(n))^2",0.42
638,1000,2,"T_Copula",2000,-2,"0.25(log(n))^2",0.59
639,1000,2,"T_Copula",2000,-2,"0.25(log(n))^2",0.3
640,1000,2,"T_Copula",2000,-2,"0.25(log(n))^2",0.82
641,1000,2,"T_Copula",2000,-2,"0.25(log(n))^2",0.71
642,1000,2,"T_Copula",2000,-2,"0.25(log(n))^2",0.73
643,1000,2,"T_Copula",2000,-2,"0.25(log(n))^2",0.31
644,1000,2,"T_Copula",2000,-2,"0.25(log(n))^2",0.85
645,1000,2,"T_Copula",2000,-2,"0.25(log(n))^2",0.1
646,1000,2,"T_Copula",2000,-2,"0.25(log(n))^2",0.31
647,1000,2,"T_Copula",2000,-2,"0.25(log(n))^2",1
648,1000,2,"T_Copula",2000,-2,"0.25(log(n))^2",0.82
649,1000,2,"T_Copula",2000,-2,"0.25(log(n))^2",0.75
650,1000,2,"T_Copula",2000,-2,"0.25(log(n))^2",0.8
651,1000,2,"T_Copula",2000,-2,"0.25(log(n))^2",0.5
652,1000,2,"T_Copula",2000,-2,"0.25(log(n))^2",0.24
653,1000,2,"T_Copula",2000,-2,"0.25(log(n))^2",0.86
654,1000,2,"T_Copula",2000,-2,"0.25(log(n))^2",0.95
655,1000,2,"T_Copula",2000,-2,"0.25(log(n))^2",0.59
656,1000,2,"T_Copula",2000,-2,"0.25(log(n))^2",0.56
657,1000,2,"T_Copula",2000,-2,"0.25(log(n))^2",0.82
658,1000,2,"T_Copula",2000,-2,"0.25(log(n))^2",0.07
659,1000,2,"T_Copula",2000,-2,"0.25(log(n))^2",0.86
660,1000,2,"T_Copula",2000,-2,"0.25(log(n))^2",0.66
661,1000,2,"T_Copula",2000,-2,"0.25(log(n))^2",0.73
662,1000,2,"T_Copula",2000,-2,"0.25(log(n))^2",0.37
663,1000,2,"T_Copula",2000,-2,"0.25(log(n))^2",0.07
664,1000,2,"T_Copula",2000,-2,"0.25(log(n))^2",0.04
665,1000,2,"T_Copula",2000,-2,"0.25(log(n))^2",0.65
666,1000,2,"T_Copula",2000,-2,"0.25(log(n))^2",0.66
667,1000,2,"T_Copula",2000,-2,"0.25(log(n))^2",0.63
668,1000,2,"T_Copula",2000,-2,"0.25(log(n))^2",0.76
669,1000,2,"T_Copula",2000,-2,"0.25(log(n))^2",1
670,1000,2,"T_Copula",2000,-2,"0.25(log(n))^2",0.45
671,1000,2,"T_Copula",2000,-2,"0.25(log(n))^2",0.19
672,1000,2,"T_Copula",2000,-2,"0.25(log(n))^2",0.81
673,1000,2,"T_Copula",2000,-2,"0.25(log(n))^2",0.95
674,1000,2,"T_Copula",2000,-2,"0.25(log(n))^2",0.5
675,1000,2,"T_Copula",2000,-2,"0.25(log(n))^2",0.48
676,1000,2,"T_Copula",2000,-2,"0.25(log(n))^2",0.5
677,1000,2,"T_Copula",2000,-2,"0.25(log(n))^2",0.75
678,1000,2,"T_Copula",2000,-2,"0.25(log(n))^2",0.94
679,1000,2,"T_Copula",2000,-2,"0.25(log(n))^2",0.23
680,1000,2,"T_Copula",2000,-2,"0.25(log(n))^2",0.85
681,1000,2,"T_Copula",2000,-2,"0.25(log(n))^2",0.71
682,1000,2,"T_Copula",2000,-2,"0.25(log(n))^2",0.81
683,1000,2,"T_Copula",2000,-2,"0.25(log(n))^2",0.96
684,1000,2,"T_Copula",2000,-2,"0.25(log(n))^2",0.76
685,1000,2,"T_Copula",2000,-2,"0.25(log(n))^2",0.83
686,1000,2,"T_Copula",2000,-2,"0.25(log(n))^2",0.9
687,1000,2,"T_Copula",2000,-2,"0.25(log(n))^2",0.64
688,1000,2,"T_Copula",2000,-2,"0.25(log(n))^2",0.52
689,1000,2,"T_Copula",2000,-2,"0.25(log(n))^2",0.66
690,1000,2,"T_Copula",2000,-2,"0.25(log(n))^2",0.75
691,1000,2,"T_Copula",2000,-2,"0.25(log(n))^2",0.83
692,1000,2,"T_Copula",2000,-2,"0.25(log(n))^2",0.79
693,1000,2,"T_Copula",2000,-2,"0.25(log(n))^2",0.13
694,1000,2,"T_Copula",2000,-2,"0.25(log(n))^2",0.66
695,1000,2,"T_Copula",2000,-2,"0.25(log(n))^2",0.51
696,1000,2,"T_Copula",2000,-2,"0.25(log(n))^2",0.61
697,1000,2,"T_Copula",2000,-2,"0.25(log(n))^2",0.33
698,1000,2,"T_Copula",2000,-2,"0.25(log(n))^2",0.68
699,1000,2,"T_Copula",2000,-2,"0.25(log(n))^2",0.53
700,1000,2,"T_Copula",2000,-2,"0.25(log(n))^2",0.99
701,1000,2,"T_Copula",2000,-2,"0.25(log(n))^2",0.67
702,1000,2,"T_Copula",2000,-2,"0.25(log(n))^2",0.93
703,1000,2,"T_Copula",2000,-2,"0.25(log(n))^2",0.87
704,1000,2,"T_Copula",2000,-2,"0.25(log(n))^2",0.67
705,1000,2,"T_Copula",2000,-2,"0.25(log(n))^2",0.2
706,1000,2,"T_Copula",2000,-2,"0.25(log(n))^2",0.88
707,1000,2,"T_Copula",2000,-2,"0.25(log(n))^2",0.33
708,1000,2,"T_Copula",2000,-2,"0.25(log(n))^2",0.1
709,1000,2,"T_Copula",2000,-2,"0.25(log(n))^2",0.79
710,1000,2,"T_Copula",2000,-2,"0.25(log(n))^2",0.81
711,1000,2,"T_Copula",2000,-2,"0.25(log(n))^2",0.91
712,1000,2,"T_Copula",2000,-2,"0.25(log(n))^2",0.75
713,1000,2,"T_Copula",2000,-2,"0.25(log(n))^2",0.45
714,1000,2,"T_Copula",2000,-2,"0.25(log(n))^2",0.39
715,1000,2,"T_Copula",2000,-2,"0.25(log(n))^2",0.52
716,1000,2,"T_Copula",2000,-2,"0.25(log(n))^2",0.89
717,1000,2,"T_Copula",2000,-2,"0.25(log(n))^2",0.64
718,1000,2,"T_Copula",2000,-2,"0.25(log(n))^2",0.86
719,1000,2,"T_Copula",2000,-2,"0.25(log(n))^2",0.6
720,1000,2,"T_Copula",2000,-2,"0.25(log(n))^2",0.99
721,1000,2,"T_Copula",2000,-2,"0.25(log(n))^2",0.62
722,1000,2,"T_Copula",2000,-2,"0.25(log(n))^2",0.17
723,1000,2,"T_Copula",2000,-2,"0.25(log(n))^2",0.66
724,1000,2,"T_Copula",2000,-2,"0.25(log(n))^2",0.58
725,1000,2,"T_Copula",2000,-2,"0.25(log(n))^2",0.32
726,1000,2,"T_Copula",2000,-2,"0.25(log(n))^2",0.66
727,1000,2,"T_Copula",2000,-2,"0.25(log(n))^2",0.91
728,1000,2,"T_Copula",2000,-2,"0.25(log(n))^2",0.24
729,1000,2,"T_Copula",2000,-2,"0.25(log(n))^2",0.42
730,1000,2,"T_Copula",2000,-2,"0.25(log(n))^2",0.69
731,1000,2,"T_Copula",2000,-2,"0.25(log(n))^2",0.85
732,1000,2,"T_Copula",2000,-2,"0.25(log(n))^2",0.78
733,1000,2,"T_Copula",2000,-2,"0.25(log(n))^2",0.63
734,1000,2,"T_Copula",2000,-2,"0.25(log(n))^2",0.48
735,1000,2,"T_Copula",2000,-2,"0.25(log(n))^2",0.81
736,1000,2,"T_Copula",2000,-2,"0.25(log(n))^2",0.23
737,1000,2,"T_Copula",2000,-2,"0.25(log(n))^2",0.73
738,1000,2,"T_Copula",2000,-2,"0.25(log(n))^2",0.3
739,1000,2,"T_Copula",2000,-2,"0.25(log(n))^2",0.3
740,1000,2,"T_Copula",2000,-2,"0.25(log(n))^2",0.27
741,1000,2,"T_Copula",2000,-2,"0.25(log(n))^2",0.53
742,1000,2,"T_Copula",2000,-2,"0.25(log(n))^2",0.76
743,1000,2,"T_Copula",2000,-2,"0.25(log(n))^2",0.59
744,1000,2,"T_Copula",2000,-2,"0.25(log(n))^2",0.26
745,1000,2,"T_Copula",2000,-2,"0.25(log(n))^2",0.39
746,1000,2,"T_Copula",2000,-2,"0.25(log(n))^2",0.3
747,1000,2,"T_Copula",2000,-2,"0.25(log(n))^2",0.68
748,1000,2,"T_Copula",2000,-2,"0.25(log(n))^2",0.56
749,1000,2,"T_Copula",2000,-2,"0.25(log(n))^2",0.86
750,1000,2,"T_Copula",2000,-2,"0.25(log(n))^2",0.31
751,1000,2,"T_Copula",2000,-2,"0.25(log(n))^2",0.92
752,1000,2,"T_Copula",2000,-2,"0.25(log(n))^2",0.7
753,1000,2,"T_Copula",2000,-2,"0.25(log(n))^2",0.74
754,1000,2,"T_Copula",2000,-2,"0.25(log(n))^2",0.12
755,1000,2,"T_Copula",2000,-2,"0.25(log(n))^2",0.83
756,1000,2,"T_Copula",2000,-2,"0.25(log(n))^2",0.97
757,1000,2,"T_Copula",2000,-2,"0.25(log(n))^2",0.18
758,1000,2,"T_Copula",2000,-2,"0.25(log(n))^2",0.38
759,1000,2,"T_Copula",2000,-2,"0.25(log(n))^2",0.29
760,1000,2,"T_Copula",2000,-2,"0.25(log(n))^2",0.92
761,1000,2,"T_Copula",2000,-2,"0.25(log(n))^2",0.88
762,1000,2,"T_Copula",2000,-2,"0.25(log(n))^2",0.63
763,1000,2,"T_Copula",2000,-2,"0.25(log(n))^2",0.5
764,1000,2,"T_Copula",2000,-2,"0.25(log(n))^2",0.19
765,1000,2,"T_Copula",2000,-2,"0.25(log(n))^2",0.38
766,1000,2,"T_Copula",2000,-2,"0.25(log(n))^2",0.58
767,1000,2,"T_Copula",2000,-2,"0.25(log(n))^2",0.43
768,1000,2,"T_Copula",2000,-2,"0.25(log(n))^2",0.94
769,1000,2,"T_Copula",2000,-2,"0.25(log(n))^2",0.21
770,1000,2,"T_Copula",2000,-2,"0.25(log(n))^2",0.7
771,1000,2,"T_Copula",2000,-2,"0.25(log(n))^2",1
772,1000,2,"T_Copula",2000,-2,"0.25(log(n))^2",0.91
773,1000,2,"T_Copula",2000,-2,"0.25(log(n))^2",0.29
774,1000,2,"T_Copula",2000,-2,"0.25(log(n))^2",0.94
775,1000,2,"T_Copula",2000,-2,"0.25(log(n))^2",0.36
776,1000,2,"T_Copula",2000,-2,"0.25(log(n))^2",0.5
777,1000,2,"T_Copula",2000,-2,"0.25(log(n))^2",0.7
778,1000,2,"T_Copula",2000,-2,"0.25(log(n))^2",0.56
779,1000,2,"T_Copula",2000,-2,"0.25(log(n))^2",0.42
780,1000,2,"T_Copula",2000,-2,"0.25(log(n))^2",0.89
781,1000,2,"T_Copula",2000,-2,"0.25(log(n))^2",0.93
782,1000,2,"T_Copula",2000,-2,"0.25(log(n))^2",0.65
783,1000,2,"T_Copula",2000,-2,"0.25(log(n))^2",0.23
784,1000,2,"T_Copula",2000,-2,"0.25(log(n))^2",0.11
785,1000,2,"T_Copula",2000,-2,"0.25(log(n))^2",0.56
786,1000,2,"T_Copula",2000,-2,"0.25(log(n))^2",0.16
787,1000,2,"T_Copula",2000,-2,"0.25(log(n))^2",0.85
788,1000,2,"T_Copula",2000,-2,"0.25(log(n))^2",0.84
789,1000,2,"T_Copula",2000,-2,"0.25(log(n))^2",0.38
790,1000,2,"T_Copula",2000,-2,"0.25(log(n))^2",0.11
791,1000,2,"T_Copula",2000,-2,"0.25(log(n))^2",0.17
792,1000,2,"T_Copula",2000,-2,"0.25(log(n))^2",0.7
793,1000,2,"T_Copula",2000,-2,"0.25(log(n))^2",0.54
794,1000,2,"T_Copula",2000,-2,"0.25(log(n))^2",0.74
795,1000,2,"T_Copula",2000,-2,"0.25(log(n))^2",0.61
796,1000,2,"T_Copula",2000,-2,"0.25(log(n))^2",0.94
797,1000,2,"T_Copula",2000,-2,"0.25(log(n))^2",0.4
798,1000,2,"T_Copula",2000,-2,"0.25(log(n))^2",0.6
799,1000,2,"T_Copula",2000,-2,"0.25(log(n))^2",0.76
800,1000,2,"T_Copula",2000,-2,"0.25(log(n))^2",0.44
801,1000,2,"T_Copula",2000,-2,"0.25(log(n))^2",0.96
802,1000,2,"T_Copula",2000,-2,"0.25(log(n))^2",0.59
803,1000,2,"T_Copula",2000,-2,"0.25(log(n))^2",0.15
804,1000,2,"T_Copula",2000,-2,"0.25(log(n))^2",0.72
805,1000,2,"T_Copula",2000,-2,"0.25(log(n))^2",0.54
806,1000,2,"T_Copula",2000,-2,"0.25(log(n))^2",0.85
807,1000,2,"T_Copula",2000,-2,"0.25(log(n))^2",0.9
808,1000,2,"T_Copula",2000,-2,"0.25(log(n))^2",0.72
809,1000,2,"T_Copula",2000,-2,"0.25(log(n))^2",0.52
810,1000,2,"T_Copula",2000,-2,"0.25(log(n))^2",0.41
811,1000,2,"T_Copula",2000,-2,"0.25(log(n))^2",0.16
812,1000,2,"T_Copula",2000,-2,"0.25(log(n))^2",0.44
813,1000,2,"T_Copula",2000,-2,"0.25(log(n))^2",0.45
814,1000,2,"T_Copula",2000,-2,"0.25(log(n))^2",0.27
815,1000,2,"T_Copula",2000,-2,"0.25(log(n))^2",0.48
816,1000,2,"T_Copula",2000,-2,"0.25(log(n))^2",0.69
817,1000,2,"T_Copula",2000,-2,"0.25(log(n))^2",0.03
818,1000,2,"T_Copula",2000,-2,"0.25(log(n))^2",0.62
819,1000,2,"T_Copula",2000,-2,"0.25(log(n))^2",0.37
820,1000,2,"T_Copula",2000,-2,"0.25(log(n))^2",0.55
821,1000,2,"T_Copula",2000,-2,"0.25(log(n))^2",0.09
822,1000,2,"T_Copula",2000,-2,"0.25(log(n))^2",0.68
823,1000,2,"T_Copula",2000,-2,"0.25(log(n))^2",0.18
824,1000,2,"T_Copula",2000,-2,"0.25(log(n))^2",0.77
825,1000,2,"T_Copula",2000,-2,"0.25(log(n))^2",0.52
826,1000,2,"T_Copula",2000,-2,"0.25(log(n))^2",0.91
827,1000,2,"T_Copula",2000,-2,"0.25(log(n))^2",0.36
828,1000,2,"T_Copula",2000,-2,"0.25(log(n))^2",0.24
829,1000,2,"T_Copula",2000,-2,"0.25(log(n))^2",0.5
830,1000,2,"T_Copula",2000,-2,"0.25(log(n))^2",0.18
831,1000,2,"T_Copula",2000,-2,"0.25(log(n))^2",0.16
832,1000,2,"T_Copula",2000,-2,"0.25(log(n))^2",0.55
833,1000,2,"T_Copula",2000,-2,"0.25(log(n))^2",0.95
834,1000,2,"T_Copula",2000,-2,"0.25(log(n))^2",0.56
835,1000,2,"T_Copula",2000,-2,"0.25(log(n))^2",0.98
836,1000,2,"T_Copula",2000,-2,"0.25(log(n))^2",0.47
837,1000,2,"T_Copula",2000,-2,"0.25(log(n))^2",0.37
838,1000,2,"T_Copula",2000,-2,"0.25(log(n))^2",0.71
839,1000,2,"T_Copula",2000,-2,"0.25(log(n))^2",0.62
840,1000,2,"T_Copula",2000,-2,"0.25(log(n))^2",0.87
841,1000,2,"T_Copula",2000,-2,"0.25(log(n))^2",0.75
842,1000,2,"T_Copula",2000,-2,"0.25(log(n))^2",0.56
843,1000,2,"T_Copula",2000,-2,"0.25(log(n))^2",0.68
844,1000,2,"T_Copula",2000,-2,"0.25(log(n))^2",0.59
845,1000,2,"T_Copula",2000,-2,"0.25(log(n))^2",0.62
846,1000,2,"T_Copula",2000,-2,"0.25(log(n))^2",0.93
847,1000,2,"T_Copula",2000,-2,"0.25(log(n))^2",0.67
848,1000,2,"T_Copula",2000,-2,"0.25(log(n))^2",0.34
849,1000,2,"T_Copula",2000,-2,"0.25(log(n))^2",0.18
850,1000,2,"T_Copula",2000,-2,"0.25(log(n))^2",0.71
851,1000,2,"T_Copula",2000,-2,"0.25(log(n))^2",0.24
852,1000,2,"T_Copula",2000,-2,"0.25(log(n))^2",0.04
853,1000,2,"T_Copula",2000,-2,"0.25(log(n))^2",0.57
854,1000,2,"T_Copula",2000,-2,"0.25(log(n))^2",0.68
855,1000,2,"T_Copula",2000,-2,"0.25(log(n))^2",0.74
856,1000,2,"T_Copula",2000,-2,"0.25(log(n))^2",0.03
857,1000,2,"T_Copula",2000,-2,"0.25(log(n))^2",0.28
858,1000,2,"T_Copula",2000,-2,"0.25(log(n))^2",0.17
859,1000,2,"T_Copula",2000,-2,"0.25(log(n))^2",0.64
860,1000,2,"T_Copula",2000,-2,"0.25(log(n))^2",0.02
861,1000,2,"T_Copula",2000,-2,"0.25(log(n))^2",0.49
862,1000,2,"T_Copula",2000,-2,"0.25(log(n))^2",0.84
863,1000,2,"T_Copula",2000,-2,"0.25(log(n))^2",0.76
864,1000,2,"T_Copula",2000,-2,"0.25(log(n))^2",0.44
865,1000,2,"T_Copula",2000,-2,"0.25(log(n))^2",0.4
866,1000,2,"T_Copula",2000,-2,"0.25(log(n))^2",0.65
867,1000,2,"T_Copula",2000,-2,"0.25(log(n))^2",0.11
868,1000,2,"T_Copula",2000,-2,"0.25(log(n))^2",0.91
869,1000,2,"T_Copula",2000,-2,"0.25(log(n))^2",0.91
870,1000,2,"T_Copula",2000,-2,"0.25(log(n))^2",0.34
871,1000,2,"T_Copula",2000,-2,"0.25(log(n))^2",0.99
872,1000,2,"T_Copula",2000,-2,"0.25(log(n))^2",0.22
873,1000,2,"T_Copula",2000,-2,"0.25(log(n))^2",0.4
874,1000,2,"T_Copula",2000,-2,"0.25(log(n))^2",0.46
875,1000,2,"T_Copula",2000,-2,"0.25(log(n))^2",0.19
876,1000,2,"T_Copula",2000,-2,"0.25(log(n))^2",0.35
877,1000,2,"T_Copula",2000,-2,"0.25(log(n))^2",0.51
878,1000,2,"T_Copula",2000,-2,"0.25(log(n))^2",0.4
879,1000,2,"T_Copula",2000,-2,"0.25(log(n))^2",0.94
880,1000,2,"T_Copula",2000,-2,"0.25(log(n))^2",0.16
881,1000,2,"T_Copula",2000,-2,"0.25(log(n))^2",0.2
882,1000,2,"T_Copula",2000,-2,"0.25(log(n))^2",0.51
883,1000,2,"T_Copula",2000,-2,"0.25(log(n))^2",0.8
884,1000,2,"T_Copula",2000,-2,"0.25(log(n))^2",0.48
885,1000,2,"T_Copula",2000,-2,"0.25(log(n))^2",0.31
886,1000,2,"T_Copula",2000,-2,"0.25(log(n))^2",0.77
887,1000,2,"T_Copula",2000,-2,"0.25(log(n))^2",0.99
888,1000,2,"T_Copula",2000,-2,"0.25(log(n))^2",0.84
889,1000,2,"T_Copula",2000,-2,"0.25(log(n))^2",0.68
890,1000,2,"T_Copula",2000,-2,"0.25(log(n))^2",0.33
891,1000,2,"T_Copula",2000,-2,"0.25(log(n))^2",0.7
892,1000,2,"T_Copula",2000,-2,"0.25(log(n))^2",0.12
893,1000,2,"T_Copula",2000,-2,"0.25(log(n))^2",0.42
894,1000,2,"T_Copula",2000,-2,"0.25(log(n))^2",0.56
895,1000,2,"T_Copula",2000,-2,"0.25(log(n))^2",0.24
896,1000,2,"T_Copula",2000,-2,"0.25(log(n))^2",0.9
897,1000,2,"T_Copula",2000,-2,"0.25(log(n))^2",0.92
898,1000,2,"T_Copula",2000,-2,"0.25(log(n))^2",0.25
899,1000,2,"T_Copula",2000,-2,"0.25(log(n))^2",0.36
900,1000,2,"T_Copula",2000,-2,"0.25(log(n))^2",0.27
901,1000,2,"T_Copula",2000,-2,"0.25(log(n))^2",0.29
902,1000,2,"T_Copula",2000,-2,"0.25(log(n))^2",0.39
903,1000,2,"T_Copula",2000,-2,"0.25(log(n))^2",0.1
904,1000,2,"T_Copula",2000,-2,"0.25(log(n))^2",0.31
905,1000,2,"T_Copula",2000,-2,"0.25(log(n))^2",0.38
906,1000,2,"T_Copula",2000,-2,"0.25(log(n))^2",0.48
907,1000,2,"T_Copula",2000,-2,"0.25(log(n))^2",0.85
908,1000,2,"T_Copula",2000,-2,"0.25(log(n))^2",0.36
909,1000,2,"T_Copula",2000,-2,"0.25(log(n))^2",0.45
910,1000,2,"T_Copula",2000,-2,"0.25(log(n))^2",0.49
911,1000,2,"T_Copula",2000,-2,"0.25(log(n))^2",0.03
912,1000,2,"T_Copula",2000,-2,"0.25(log(n))^2",0.69
913,1000,2,"T_Copula",2000,-2,"0.25(log(n))^2",0.74
914,1000,2,"T_Copula",2000,-2,"0.25(log(n))^2",0.77
915,1000,2,"T_Copula",2000,-2,"0.25(log(n))^2",0.47
916,1000,2,"T_Copula",2000,-2,"0.25(log(n))^2",0.19
917,1000,2,"T_Copula",2000,-2,"0.25(log(n))^2",0.92
918,1000,2,"T_Copula",2000,-2,"0.25(log(n))^2",0.87
919,1000,2,"T_Copula",2000,-2,"0.25(log(n))^2",0.38
920,1000,2,"T_Copula",2000,-2,"0.25(log(n))^2",0.98
921,1000,2,"T_Copula",2000,-2,"0.25(log(n))^2",0.37
922,1000,2,"T_Copula",2000,-2,"0.25(log(n))^2",0.92
923,1000,2,"T_Copula",2000,-2,"0.25(log(n))^2",0.42
924,1000,2,"T_Copula",2000,-2,"0.25(log(n))^2",0.99
925,1000,2,"T_Copula",2000,-2,"0.25(log(n))^2",0.96
926,1000,2,"T_Copula",2000,-2,"0.25(log(n))^2",0.71
927,1000,2,"T_Copula",2000,-2,"0.25(log(n))^2",0.91
928,1000,2,"T_Copula",2000,-2,"0.25(log(n))^2",0.26
929,1000,2,"T_Copula",2000,-2,"0.25(log(n))^2",0.71
930,1000,2,"T_Copula",2000,-2,"0.25(log(n))^2",0.76
931,1000,2,"T_Copula",2000,-2,"0.25(log(n))^2",0.69
932,1000,2,"T_Copula",2000,-2,"0.25(log(n))^2",0.67
933,1000,2,"T_Copula",2000,-2,"0.25(log(n))^2",0.58
934,1000,2,"T_Copula",2000,-2,"0.25(log(n))^2",0.62
935,1000,2,"T_Copula",2000,-2,"0.25(log(n))^2",0.39
936,1000,2,"T_Copula",2000,-2,"0.25(log(n))^2",0.2
937,1000,2,"T_Copula",2000,-2,"0.25(log(n))^2",0.92
938,1000,2,"T_Copula",2000,-2,"0.25(log(n))^2",0.44
939,1000,2,"T_Copula",2000,-2,"0.25(log(n))^2",0.26
940,1000,2,"T_Copula",2000,-2,"0.25(log(n))^2",0.98
941,1000,2,"T_Copula",2000,-2,"0.25(log(n))^2",0.52
942,1000,2,"T_Copula",2000,-2,"0.25(log(n))^2",0.69
943,1000,2,"T_Copula",2000,-2,"0.25(log(n))^2",0.9
944,1000,2,"T_Copula",2000,-2,"0.25(log(n))^2",0.96
945,1000,2,"T_Copula",2000,-2,"0.25(log(n))^2",0.74
946,1000,2,"T_Copula",2000,-2,"0.25(log(n))^2",0.02
947,1000,2,"T_Copula",2000,-2,"0.25(log(n))^2",0.82
948,1000,2,"T_Copula",2000,-2,"0.25(log(n))^2",0.05
949,1000,2,"T_Copula",2000,-2,"0.25(log(n))^2",0.81
950,1000,2,"T_Copula",2000,-2,"0.25(log(n))^2",0.67
951,1000,2,"T_Copula",2000,-2,"0.25(log(n))^2",0.53
952,1000,2,"T_Copula",2000,-2,"0.25(log(n))^2",0.49
953,1000,2,"T_Copula",2000,-2,"0.25(log(n))^2",0.79
954,1000,2,"T_Copula",2000,-2,"0.25(log(n))^2",0.45
955,1000,2,"T_Copula",2000,-2,"0.25(log(n))^2",0.74
956,1000,2,"T_Copula",2000,-2,"0.25(log(n))^2",0.39
957,1000,2,"T_Copula",2000,-2,"0.25(log(n))^2",0.23
958,1000,2,"T_Copula",2000,-2,"0.25(log(n))^2",0.68
959,1000,2,"T_Copula",2000,-2,"0.25(log(n))^2",0.54
960,1000,2,"T_Copula",2000,-2,"0.25(log(n))^2",0.63
961,1000,2,"T_Copula",2000,-2,"0.25(log(n))^2",0.65
962,1000,2,"T_Copula",2000,-2,"0.25(log(n))^2",0.62
963,1000,2,"T_Copula",2000,-2,"0.25(log(n))^2",0.79
964,1000,2,"T_Copula",2000,-2,"0.25(log(n))^2",0.08
965,1000,2,"T_Copula",2000,-2,"0.25(log(n))^2",0.24
966,1000,2,"T_Copula",2000,-2,"0.25(log(n))^2",0.64
967,1000,2,"T_Copula",2000,-2,"0.25(log(n))^2",0.18
968,1000,2,"T_Copula",2000,-2,"0.25(log(n))^2",0.53
969,1000,2,"T_Copula",2000,-2,"0.25(log(n))^2",0.97
970,1000,2,"T_Copula",2000,-2,"0.25(log(n))^2",0.9
971,1000,2,"T_Copula",2000,-2,"0.25(log(n))^2",0.3
972,1000,2,"T_Copula",2000,-2,"0.25(log(n))^2",0.58
973,1000,2,"T_Copula",2000,-2,"0.25(log(n))^2",0.81
974,1000,2,"T_Copula",2000,-2,"0.25(log(n))^2",0.54
975,1000,2,"T_Copula",2000,-2,"0.25(log(n))^2",1
976,1000,2,"T_Copula",2000,-2,"0.25(log(n))^2",0.87
977,1000,2,"T_Copula",2000,-2,"0.25(log(n))^2",0.44
978,1000,2,"T_Copula",2000,-2,"0.25(log(n))^2",0.63
979,1000,2,"T_Copula",2000,-2,"0.25(log(n))^2",0.62
980,1000,2,"T_Copula",2000,-2,"0.25(log(n))^2",0.47
981,1000,2,"T_Copula",2000,-2,"0.25(log(n))^2",0.5
982,1000,2,"T_Copula",2000,-2,"0.25(log(n))^2",0.47
983,1000,2,"T_Copula",2000,-2,"0.25(log(n))^2",0.28
984,1000,2,"T_Copula",2000,-2,"0.25(log(n))^2",0.85
985,1000,2,"T_Copula",2000,-2,"0.25(log(n))^2",0.57
986,1000,2,"T_Copula",2000,-2,"0.25(log(n))^2",0.78
987,1000,2,"T_Copula",2000,-2,"0.25(log(n))^2",0.79
988,1000,2,"T_Copula",2000,-2,"0.25(log(n))^2",0.76
989,1000,2,"T_Copula",2000,-2,"0.25(log(n))^2",0.84
990,1000,2,"T_Copula",2000,-2,"0.25(log(n))^2",0.78
991,1000,2,"T_Copula",2000,-2,"0.25(log(n))^2",0.69
992,1000,2,"T_Copula",2000,-2,"0.25(log(n))^2",0.67
993,1000,2,"T_Copula",2000,-2,"0.25(log(n))^2",0.87
994,1000,2,"T_Copula",2000,-2,"0.25(log(n))^2",0.5
995,1000,2,"T_Copula",2000,-2,"0.25(log(n))^2",0.44
996,1000,2,"T_Copula",2000,-2,"0.25(log(n))^2",0.92
997,1000,2,"T_Copula",2000,-2,"0.25(log(n))^2",0.5
998,1000,2,"T_Copula",2000,-2,"0.25(log(n))^2",0.79
999,1000,2,"T_Copula",2000,-2,"0.25(log(n))^2",0.6
1000,1000,2,"T_Copula",2000,-2,"0.25(log(n))^2",0.14
1,1000,2,"T_Copula",2000,-2,"0.1(log(n))^2",0.17
2,1000,2,"T_Copula",2000,-2,"0.1(log(n))^2",0.92
3,1000,2,"T_Copula",2000,-2,"0.1(log(n))^2",0.29
4,1000,2,"T_Copula",2000,-2,"0.1(log(n))^2",0.53
5,1000,2,"T_Copula",2000,-2,"0.1(log(n))^2",0.62
6,1000,2,"T_Copula",2000,-2,"0.1(log(n))^2",0.89
7,1000,2,"T_Copula",2000,-2,"0.1(log(n))^2",0.27
8,1000,2,"T_Copula",2000,-2,"0.1(log(n))^2",0.05
9,1000,2,"T_Copula",2000,-2,"0.1(log(n))^2",0.93
10,1000,2,"T_Copula",2000,-2,"0.1(log(n))^2",0.66
11,1000,2,"T_Copula",2000,-2,"0.1(log(n))^2",0.46
12,1000,2,"T_Copula",2000,-2,"0.1(log(n))^2",0.07
13,1000,2,"T_Copula",2000,-2,"0.1(log(n))^2",0.33
14,1000,2,"T_Copula",2000,-2,"0.1(log(n))^2",0.25
15,1000,2,"T_Copula",2000,-2,"0.1(log(n))^2",0.49
16,1000,2,"T_Copula",2000,-2,"0.1(log(n))^2",0.23
17,1000,2,"T_Copula",2000,-2,"0.1(log(n))^2",0.94
18,1000,2,"T_Copula",2000,-2,"0.1(log(n))^2",0.42
19,1000,2,"T_Copula",2000,-2,"0.1(log(n))^2",0.52
20,1000,2,"T_Copula",2000,-2,"0.1(log(n))^2",0.2
21,1000,2,"T_Copula",2000,-2,"0.1(log(n))^2",0.63
22,1000,2,"T_Copula",2000,-2,"0.1(log(n))^2",0.81
23,1000,2,"T_Copula",2000,-2,"0.1(log(n))^2",0.17
24,1000,2,"T_Copula",2000,-2,"0.1(log(n))^2",0.71
25,1000,2,"T_Copula",2000,-2,"0.1(log(n))^2",0.81
26,1000,2,"T_Copula",2000,-2,"0.1(log(n))^2",0.73
27,1000,2,"T_Copula",2000,-2,"0.1(log(n))^2",0.79
28,1000,2,"T_Copula",2000,-2,"0.1(log(n))^2",0.46
29,1000,2,"T_Copula",2000,-2,"0.1(log(n))^2",0.42
30,1000,2,"T_Copula",2000,-2,"0.1(log(n))^2",0.41
31,1000,2,"T_Copula",2000,-2,"0.1(log(n))^2",0.38
32,1000,2,"T_Copula",2000,-2,"0.1(log(n))^2",0.25
33,1000,2,"T_Copula",2000,-2,"0.1(log(n))^2",0.77
34,1000,2,"T_Copula",2000,-2,"0.1(log(n))^2",0.38
35,1000,2,"T_Copula",2000,-2,"0.1(log(n))^2",0.75
36,1000,2,"T_Copula",2000,-2,"0.1(log(n))^2",0.54
37,1000,2,"T_Copula",2000,-2,"0.1(log(n))^2",0.51
38,1000,2,"T_Copula",2000,-2,"0.1(log(n))^2",0.85
39,1000,2,"T_Copula",2000,-2,"0.1(log(n))^2",0.86
40,1000,2,"T_Copula",2000,-2,"0.1(log(n))^2",0.73
41,1000,2,"T_Copula",2000,-2,"0.1(log(n))^2",0.79
42,1000,2,"T_Copula",2000,-2,"0.1(log(n))^2",0.39
43,1000,2,"T_Copula",2000,-2,"0.1(log(n))^2",0.37
44,1000,2,"T_Copula",2000,-2,"0.1(log(n))^2",0.6
45,1000,2,"T_Copula",2000,-2,"0.1(log(n))^2",0.45
46,1000,2,"T_Copula",2000,-2,"0.1(log(n))^2",0.35
47,1000,2,"T_Copula",2000,-2,"0.1(log(n))^2",0.43
48,1000,2,"T_Copula",2000,-2,"0.1(log(n))^2",0.55
49,1000,2,"T_Copula",2000,-2,"0.1(log(n))^2",0.42
50,1000,2,"T_Copula",2000,-2,"0.1(log(n))^2",0.04
51,1000,2,"T_Copula",2000,-2,"0.1(log(n))^2",0.69
52,1000,2,"T_Copula",2000,-2,"0.1(log(n))^2",0.07
53,1000,2,"T_Copula",2000,-2,"0.1(log(n))^2",0.21
54,1000,2,"T_Copula",2000,-2,"0.1(log(n))^2",0.08
55,1000,2,"T_Copula",2000,-2,"0.1(log(n))^2",0.17
56,1000,2,"T_Copula",2000,-2,"0.1(log(n))^2",0.03
57,1000,2,"T_Copula",2000,-2,"0.1(log(n))^2",0.45
58,1000,2,"T_Copula",2000,-2,"0.1(log(n))^2",0.12
59,1000,2,"T_Copula",2000,-2,"0.1(log(n))^2",0.95
60,1000,2,"T_Copula",2000,-2,"0.1(log(n))^2",0.61
61,1000,2,"T_Copula",2000,-2,"0.1(log(n))^2",0.77
62,1000,2,"T_Copula",2000,-2,"0.1(log(n))^2",0.56
63,1000,2,"T_Copula",2000,-2,"0.1(log(n))^2",0.51
64,1000,2,"T_Copula",2000,-2,"0.1(log(n))^2",0.34
65,1000,2,"T_Copula",2000,-2,"0.1(log(n))^2",0.94
66,1000,2,"T_Copula",2000,-2,"0.1(log(n))^2",0.79
67,1000,2,"T_Copula",2000,-2,"0.1(log(n))^2",0.25
68,1000,2,"T_Copula",2000,-2,"0.1(log(n))^2",0.14
69,1000,2,"T_Copula",2000,-2,"0.1(log(n))^2",0.76
70,1000,2,"T_Copula",2000,-2,"0.1(log(n))^2",0.93
71,1000,2,"T_Copula",2000,-2,"0.1(log(n))^2",0.64
72,1000,2,"T_Copula",2000,-2,"0.1(log(n))^2",0.52
73,1000,2,"T_Copula",2000,-2,"0.1(log(n))^2",0.65
74,1000,2,"T_Copula",2000,-2,"0.1(log(n))^2",0.55
75,1000,2,"T_Copula",2000,-2,"0.1(log(n))^2",0.8
76,1000,2,"T_Copula",2000,-2,"0.1(log(n))^2",0.21
77,1000,2,"T_Copula",2000,-2,"0.1(log(n))^2",0.75
78,1000,2,"T_Copula",2000,-2,"0.1(log(n))^2",0.38
79,1000,2,"T_Copula",2000,-2,"0.1(log(n))^2",0.45
80,1000,2,"T_Copula",2000,-2,"0.1(log(n))^2",0.74
81,1000,2,"T_Copula",2000,-2,"0.1(log(n))^2",0.72
82,1000,2,"T_Copula",2000,-2,"0.1(log(n))^2",0.55
83,1000,2,"T_Copula",2000,-2,"0.1(log(n))^2",0.72
84,1000,2,"T_Copula",2000,-2,"0.1(log(n))^2",0.58
85,1000,2,"T_Copula",2000,-2,"0.1(log(n))^2",0.71
86,1000,2,"T_Copula",2000,-2,"0.1(log(n))^2",0.91
87,1000,2,"T_Copula",2000,-2,"0.1(log(n))^2",0.23
88,1000,2,"T_Copula",2000,-2,"0.1(log(n))^2",0.79
89,1000,2,"T_Copula",2000,-2,"0.1(log(n))^2",0.06
90,1000,2,"T_Copula",2000,-2,"0.1(log(n))^2",0.31
91,1000,2,"T_Copula",2000,-2,"0.1(log(n))^2",0.56
92,1000,2,"T_Copula",2000,-2,"0.1(log(n))^2",0.64
93,1000,2,"T_Copula",2000,-2,"0.1(log(n))^2",0.54
94,1000,2,"T_Copula",2000,-2,"0.1(log(n))^2",0.4
95,1000,2,"T_Copula",2000,-2,"0.1(log(n))^2",0.07
96,1000,2,"T_Copula",2000,-2,"0.1(log(n))^2",0.43
97,1000,2,"T_Copula",2000,-2,"0.1(log(n))^2",0.66
98,1000,2,"T_Copula",2000,-2,"0.1(log(n))^2",0.56
99,1000,2,"T_Copula",2000,-2,"0.1(log(n))^2",0.69
100,1000,2,"T_Copula",2000,-2,"0.1(log(n))^2",0.67
101,1000,2,"T_Copula",2000,-2,"0.1(log(n))^2",0.62
102,1000,2,"T_Copula",2000,-2,"0.1(log(n))^2",0.39
103,1000,2,"T_Copula",2000,-2,"0.1(log(n))^2",0.31
104,1000,2,"T_Copula",2000,-2,"0.1(log(n))^2",0.8
105,1000,2,"T_Copula",2000,-2,"0.1(log(n))^2",0.44
106,1000,2,"T_Copula",2000,-2,"0.1(log(n))^2",0.46
107,1000,2,"T_Copula",2000,-2,"0.1(log(n))^2",0.5
108,1000,2,"T_Copula",2000,-2,"0.1(log(n))^2",0
109,1000,2,"T_Copula",2000,-2,"0.1(log(n))^2",0.1
110,1000,2,"T_Copula",2000,-2,"0.1(log(n))^2",0.07
111,1000,2,"T_Copula",2000,-2,"0.1(log(n))^2",0.31
112,1000,2,"T_Copula",2000,-2,"0.1(log(n))^2",0.1
113,1000,2,"T_Copula",2000,-2,"0.1(log(n))^2",0.46
114,1000,2,"T_Copula",2000,-2,"0.1(log(n))^2",0.65
115,1000,2,"T_Copula",2000,-2,"0.1(log(n))^2",0.73
116,1000,2,"T_Copula",2000,-2,"0.1(log(n))^2",0.45
117,1000,2,"T_Copula",2000,-2,"0.1(log(n))^2",0.52
118,1000,2,"T_Copula",2000,-2,"0.1(log(n))^2",0.22
119,1000,2,"T_Copula",2000,-2,"0.1(log(n))^2",0.33
120,1000,2,"T_Copula",2000,-2,"0.1(log(n))^2",0.61
121,1000,2,"T_Copula",2000,-2,"0.1(log(n))^2",0.9
122,1000,2,"T_Copula",2000,-2,"0.1(log(n))^2",0.38
123,1000,2,"T_Copula",2000,-2,"0.1(log(n))^2",0.76
124,1000,2,"T_Copula",2000,-2,"0.1(log(n))^2",0.2
125,1000,2,"T_Copula",2000,-2,"0.1(log(n))^2",0.71
126,1000,2,"T_Copula",2000,-2,"0.1(log(n))^2",0.07
127,1000,2,"T_Copula",2000,-2,"0.1(log(n))^2",0.2
128,1000,2,"T_Copula",2000,-2,"0.1(log(n))^2",0.58
129,1000,2,"T_Copula",2000,-2,"0.1(log(n))^2",0.42
130,1000,2,"T_Copula",2000,-2,"0.1(log(n))^2",0.36
131,1000,2,"T_Copula",2000,-2,"0.1(log(n))^2",0.03
132,1000,2,"T_Copula",2000,-2,"0.1(log(n))^2",0.13
133,1000,2,"T_Copula",2000,-2,"0.1(log(n))^2",0.63
134,1000,2,"T_Copula",2000,-2,"0.1(log(n))^2",0.37
135,1000,2,"T_Copula",2000,-2,"0.1(log(n))^2",0.28
136,1000,2,"T_Copula",2000,-2,"0.1(log(n))^2",0.4
137,1000,2,"T_Copula",2000,-2,"0.1(log(n))^2",0.5
138,1000,2,"T_Copula",2000,-2,"0.1(log(n))^2",0.27
139,1000,2,"T_Copula",2000,-2,"0.1(log(n))^2",0.63
140,1000,2,"T_Copula",2000,-2,"0.1(log(n))^2",0.57
141,1000,2,"T_Copula",2000,-2,"0.1(log(n))^2",0.61
142,1000,2,"T_Copula",2000,-2,"0.1(log(n))^2",0.71
143,1000,2,"T_Copula",2000,-2,"0.1(log(n))^2",0.38
144,1000,2,"T_Copula",2000,-2,"0.1(log(n))^2",0.49
145,1000,2,"T_Copula",2000,-2,"0.1(log(n))^2",0.31
146,1000,2,"T_Copula",2000,-2,"0.1(log(n))^2",0.3
147,1000,2,"T_Copula",2000,-2,"0.1(log(n))^2",0.71
148,1000,2,"T_Copula",2000,-2,"0.1(log(n))^2",0.71
149,1000,2,"T_Copula",2000,-2,"0.1(log(n))^2",0.69
150,1000,2,"T_Copula",2000,-2,"0.1(log(n))^2",0.8
151,1000,2,"T_Copula",2000,-2,"0.1(log(n))^2",0.89
152,1000,2,"T_Copula",2000,-2,"0.1(log(n))^2",0.52
153,1000,2,"T_Copula",2000,-2,"0.1(log(n))^2",0.09
154,1000,2,"T_Copula",2000,-2,"0.1(log(n))^2",0.74
155,1000,2,"T_Copula",2000,-2,"0.1(log(n))^2",0.74
156,1000,2,"T_Copula",2000,-2,"0.1(log(n))^2",0.83
157,1000,2,"T_Copula",2000,-2,"0.1(log(n))^2",0.9
158,1000,2,"T_Copula",2000,-2,"0.1(log(n))^2",0.44
159,1000,2,"T_Copula",2000,-2,"0.1(log(n))^2",0.77
160,1000,2,"T_Copula",2000,-2,"0.1(log(n))^2",0.74
161,1000,2,"T_Copula",2000,-2,"0.1(log(n))^2",0.6
162,1000,2,"T_Copula",2000,-2,"0.1(log(n))^2",0.25
163,1000,2,"T_Copula",2000,-2,"0.1(log(n))^2",0.24
164,1000,2,"T_Copula",2000,-2,"0.1(log(n))^2",0.42
165,1000,2,"T_Copula",2000,-2,"0.1(log(n))^2",0.78
166,1000,2,"T_Copula",2000,-2,"0.1(log(n))^2",0.67
167,1000,2,"T_Copula",2000,-2,"0.1(log(n))^2",1
168,1000,2,"T_Copula",2000,-2,"0.1(log(n))^2",0.66
169,1000,2,"T_Copula",2000,-2,"0.1(log(n))^2",0.39
170,1000,2,"T_Copula",2000,-2,"0.1(log(n))^2",0.4
171,1000,2,"T_Copula",2000,-2,"0.1(log(n))^2",0.72
172,1000,2,"T_Copula",2000,-2,"0.1(log(n))^2",0.58
173,1000,2,"T_Copula",2000,-2,"0.1(log(n))^2",0.27
174,1000,2,"T_Copula",2000,-2,"0.1(log(n))^2",0.27
175,1000,2,"T_Copula",2000,-2,"0.1(log(n))^2",0.42
176,1000,2,"T_Copula",2000,-2,"0.1(log(n))^2",0.94
177,1000,2,"T_Copula",2000,-2,"0.1(log(n))^2",0.44
178,1000,2,"T_Copula",2000,-2,"0.1(log(n))^2",0.43
179,1000,2,"T_Copula",2000,-2,"0.1(log(n))^2",0.57
180,1000,2,"T_Copula",2000,-2,"0.1(log(n))^2",0.39
181,1000,2,"T_Copula",2000,-2,"0.1(log(n))^2",0.53
182,1000,2,"T_Copula",2000,-2,"0.1(log(n))^2",0.76
183,1000,2,"T_Copula",2000,-2,"0.1(log(n))^2",0.75
184,1000,2,"T_Copula",2000,-2,"0.1(log(n))^2",0.34
185,1000,2,"T_Copula",2000,-2,"0.1(log(n))^2",0.48
186,1000,2,"T_Copula",2000,-2,"0.1(log(n))^2",0.71
187,1000,2,"T_Copula",2000,-2,"0.1(log(n))^2",0.52
188,1000,2,"T_Copula",2000,-2,"0.1(log(n))^2",0.31
189,1000,2,"T_Copula",2000,-2,"0.1(log(n))^2",0.32
190,1000,2,"T_Copula",2000,-2,"0.1(log(n))^2",0.91
191,1000,2,"T_Copula",2000,-2,"0.1(log(n))^2",0.42
192,1000,2,"T_Copula",2000,-2,"0.1(log(n))^2",0.32
193,1000,2,"T_Copula",2000,-2,"0.1(log(n))^2",0.39
194,1000,2,"T_Copula",2000,-2,"0.1(log(n))^2",0.29
195,1000,2,"T_Copula",2000,-2,"0.1(log(n))^2",0.74
196,1000,2,"T_Copula",2000,-2,"0.1(log(n))^2",0.28
197,1000,2,"T_Copula",2000,-2,"0.1(log(n))^2",0.51
198,1000,2,"T_Copula",2000,-2,"0.1(log(n))^2",0.56
199,1000,2,"T_Copula",2000,-2,"0.1(log(n))^2",0.51
200,1000,2,"T_Copula",2000,-2,"0.1(log(n))^2",0.43
201,1000,2,"T_Copula",2000,-2,"0.1(log(n))^2",0.87
202,1000,2,"T_Copula",2000,-2,"0.1(log(n))^2",0.14
203,1000,2,"T_Copula",2000,-2,"0.1(log(n))^2",0.15
204,1000,2,"T_Copula",2000,-2,"0.1(log(n))^2",0.69
205,1000,2,"T_Copula",2000,-2,"0.1(log(n))^2",0.85
206,1000,2,"T_Copula",2000,-2,"0.1(log(n))^2",0.42
207,1000,2,"T_Copula",2000,-2,"0.1(log(n))^2",0.97
208,1000,2,"T_Copula",2000,-2,"0.1(log(n))^2",0.6
209,1000,2,"T_Copula",2000,-2,"0.1(log(n))^2",0.36
210,1000,2,"T_Copula",2000,-2,"0.1(log(n))^2",0.21
211,1000,2,"T_Copula",2000,-2,"0.1(log(n))^2",0.51
212,1000,2,"T_Copula",2000,-2,"0.1(log(n))^2",0
213,1000,2,"T_Copula",2000,-2,"0.1(log(n))^2",0.46
214,1000,2,"T_Copula",2000,-2,"0.1(log(n))^2",0.42
215,1000,2,"T_Copula",2000,-2,"0.1(log(n))^2",0.75
216,1000,2,"T_Copula",2000,-2,"0.1(log(n))^2",0.01
217,1000,2,"T_Copula",2000,-2,"0.1(log(n))^2",0.29
218,1000,2,"T_Copula",2000,-2,"0.1(log(n))^2",0.13
219,1000,2,"T_Copula",2000,-2,"0.1(log(n))^2",0.48
220,1000,2,"T_Copula",2000,-2,"0.1(log(n))^2",0.2
221,1000,2,"T_Copula",2000,-2,"0.1(log(n))^2",0.56
222,1000,2,"T_Copula",2000,-2,"0.1(log(n))^2",0.15
223,1000,2,"T_Copula",2000,-2,"0.1(log(n))^2",0.35
224,1000,2,"T_Copula",2000,-2,"0.1(log(n))^2",0.25
225,1000,2,"T_Copula",2000,-2,"0.1(log(n))^2",0.34
226,1000,2,"T_Copula",2000,-2,"0.1(log(n))^2",0.84
227,1000,2,"T_Copula",2000,-2,"0.1(log(n))^2",0.19
228,1000,2,"T_Copula",2000,-2,"0.1(log(n))^2",0.89
229,1000,2,"T_Copula",2000,-2,"0.1(log(n))^2",0.58
230,1000,2,"T_Copula",2000,-2,"0.1(log(n))^2",0.33
231,1000,2,"T_Copula",2000,-2,"0.1(log(n))^2",0.76
232,1000,2,"T_Copula",2000,-2,"0.1(log(n))^2",0.09
233,1000,2,"T_Copula",2000,-2,"0.1(log(n))^2",0.35
234,1000,2,"T_Copula",2000,-2,"0.1(log(n))^2",0.2
235,1000,2,"T_Copula",2000,-2,"0.1(log(n))^2",0.32
236,1000,2,"T_Copula",2000,-2,"0.1(log(n))^2",0.71
237,1000,2,"T_Copula",2000,-2,"0.1(log(n))^2",0.4
238,1000,2,"T_Copula",2000,-2,"0.1(log(n))^2",0.56
239,1000,2,"T_Copula",2000,-2,"0.1(log(n))^2",0.76
240,1000,2,"T_Copula",2000,-2,"0.1(log(n))^2",0.44
241,1000,2,"T_Copula",2000,-2,"0.1(log(n))^2",0.5
242,1000,2,"T_Copula",2000,-2,"0.1(log(n))^2",0.89
243,1000,2,"T_Copula",2000,-2,"0.1(log(n))^2",0.75
244,1000,2,"T_Copula",2000,-2,"0.1(log(n))^2",0.7
245,1000,2,"T_Copula",2000,-2,"0.1(log(n))^2",0.3
246,1000,2,"T_Copula",2000,-2,"0.1(log(n))^2",0.71
247,1000,2,"T_Copula",2000,-2,"0.1(log(n))^2",0.69
248,1000,2,"T_Copula",2000,-2,"0.1(log(n))^2",0.55
249,1000,2,"T_Copula",2000,-2,"0.1(log(n))^2",0.42
250,1000,2,"T_Copula",2000,-2,"0.1(log(n))^2",0.76
251,1000,2,"T_Copula",2000,-2,"0.1(log(n))^2",0.05
252,1000,2,"T_Copula",2000,-2,"0.1(log(n))^2",0.86
253,1000,2,"T_Copula",2000,-2,"0.1(log(n))^2",0.38
254,1000,2,"T_Copula",2000,-2,"0.1(log(n))^2",0.62
255,1000,2,"T_Copula",2000,-2,"0.1(log(n))^2",0.65
256,1000,2,"T_Copula",2000,-2,"0.1(log(n))^2",0.19
257,1000,2,"T_Copula",2000,-2,"0.1(log(n))^2",0.75
258,1000,2,"T_Copula",2000,-2,"0.1(log(n))^2",0.82
259,1000,2,"T_Copula",2000,-2,"0.1(log(n))^2",0.17
260,1000,2,"T_Copula",2000,-2,"0.1(log(n))^2",0.66
261,1000,2,"T_Copula",2000,-2,"0.1(log(n))^2",0.12
262,1000,2,"T_Copula",2000,-2,"0.1(log(n))^2",0
263,1000,2,"T_Copula",2000,-2,"0.1(log(n))^2",0.12
264,1000,2,"T_Copula",2000,-2,"0.1(log(n))^2",0.44
265,1000,2,"T_Copula",2000,-2,"0.1(log(n))^2",0.47
266,1000,2,"T_Copula",2000,-2,"0.1(log(n))^2",0.12
267,1000,2,"T_Copula",2000,-2,"0.1(log(n))^2",0.48
268,1000,2,"T_Copula",2000,-2,"0.1(log(n))^2",0.94
269,1000,2,"T_Copula",2000,-2,"0.1(log(n))^2",0.36
270,1000,2,"T_Copula",2000,-2,"0.1(log(n))^2",0.53
271,1000,2,"T_Copula",2000,-2,"0.1(log(n))^2",0.85
272,1000,2,"T_Copula",2000,-2,"0.1(log(n))^2",0.57
273,1000,2,"T_Copula",2000,-2,"0.1(log(n))^2",0.67
274,1000,2,"T_Copula",2000,-2,"0.1(log(n))^2",0.27
275,1000,2,"T_Copula",2000,-2,"0.1(log(n))^2",0.68
276,1000,2,"T_Copula",2000,-2,"0.1(log(n))^2",0.4
277,1000,2,"T_Copula",2000,-2,"0.1(log(n))^2",0.71
278,1000,2,"T_Copula",2000,-2,"0.1(log(n))^2",0.37
279,1000,2,"T_Copula",2000,-2,"0.1(log(n))^2",0.89
280,1000,2,"T_Copula",2000,-2,"0.1(log(n))^2",0.67
281,1000,2,"T_Copula",2000,-2,"0.1(log(n))^2",0.51
282,1000,2,"T_Copula",2000,-2,"0.1(log(n))^2",0.37
283,1000,2,"T_Copula",2000,-2,"0.1(log(n))^2",0.85
284,1000,2,"T_Copula",2000,-2,"0.1(log(n))^2",0.94
285,1000,2,"T_Copula",2000,-2,"0.1(log(n))^2",0.22
286,1000,2,"T_Copula",2000,-2,"0.1(log(n))^2",0.88
287,1000,2,"T_Copula",2000,-2,"0.1(log(n))^2",0.86
288,1000,2,"T_Copula",2000,-2,"0.1(log(n))^2",0.8
289,1000,2,"T_Copula",2000,-2,"0.1(log(n))^2",0.66
290,1000,2,"T_Copula",2000,-2,"0.1(log(n))^2",0.61
291,1000,2,"T_Copula",2000,-2,"0.1(log(n))^2",0.71
292,1000,2,"T_Copula",2000,-2,"0.1(log(n))^2",0.44
293,1000,2,"T_Copula",2000,-2,"0.1(log(n))^2",0.51
294,1000,2,"T_Copula",2000,-2,"0.1(log(n))^2",0.71
295,1000,2,"T_Copula",2000,-2,"0.1(log(n))^2",0.76
296,1000,2,"T_Copula",2000,-2,"0.1(log(n))^2",0.99
297,1000,2,"T_Copula",2000,-2,"0.1(log(n))^2",0.66
298,1000,2,"T_Copula",2000,-2,"0.1(log(n))^2",0.65
299,1000,2,"T_Copula",2000,-2,"0.1(log(n))^2",1
300,1000,2,"T_Copula",2000,-2,"0.1(log(n))^2",0.16
301,1000,2,"T_Copula",2000,-2,"0.1(log(n))^2",0.48
302,1000,2,"T_Copula",2000,-2,"0.1(log(n))^2",0.66
303,1000,2,"T_Copula",2000,-2,"0.1(log(n))^2",0.45
304,1000,2,"T_Copula",2000,-2,"0.1(log(n))^2",0.97
305,1000,2,"T_Copula",2000,-2,"0.1(log(n))^2",0.32
306,1000,2,"T_Copula",2000,-2,"0.1(log(n))^2",0.58
307,1000,2,"T_Copula",2000,-2,"0.1(log(n))^2",0.28
308,1000,2,"T_Copula",2000,-2,"0.1(log(n))^2",0.67
309,1000,2,"T_Copula",2000,-2,"0.1(log(n))^2",0.16
310,1000,2,"T_Copula",2000,-2,"0.1(log(n))^2",0.68
311,1000,2,"T_Copula",2000,-2,"0.1(log(n))^2",0.1
312,1000,2,"T_Copula",2000,-2,"0.1(log(n))^2",0.31
313,1000,2,"T_Copula",2000,-2,"0.1(log(n))^2",0.74
314,1000,2,"T_Copula",2000,-2,"0.1(log(n))^2",0.53
315,1000,2,"T_Copula",2000,-2,"0.1(log(n))^2",0.62
316,1000,2,"T_Copula",2000,-2,"0.1(log(n))^2",0.84
317,1000,2,"T_Copula",2000,-2,"0.1(log(n))^2",0.78
318,1000,2,"T_Copula",2000,-2,"0.1(log(n))^2",0.47
319,1000,2,"T_Copula",2000,-2,"0.1(log(n))^2",0.98
320,1000,2,"T_Copula",2000,-2,"0.1(log(n))^2",0.75
321,1000,2,"T_Copula",2000,-2,"0.1(log(n))^2",0.69
322,1000,2,"T_Copula",2000,-2,"0.1(log(n))^2",0.39
323,1000,2,"T_Copula",2000,-2,"0.1(log(n))^2",0.23
324,1000,2,"T_Copula",2000,-2,"0.1(log(n))^2",0.39
325,1000,2,"T_Copula",2000,-2,"0.1(log(n))^2",0.22
326,1000,2,"T_Copula",2000,-2,"0.1(log(n))^2",0.31
327,1000,2,"T_Copula",2000,-2,"0.1(log(n))^2",0.62
328,1000,2,"T_Copula",2000,-2,"0.1(log(n))^2",0.51
329,1000,2,"T_Copula",2000,-2,"0.1(log(n))^2",0.28
330,1000,2,"T_Copula",2000,-2,"0.1(log(n))^2",0.65
331,1000,2,"T_Copula",2000,-2,"0.1(log(n))^2",0.71
332,1000,2,"T_Copula",2000,-2,"0.1(log(n))^2",0.3
333,1000,2,"T_Copula",2000,-2,"0.1(log(n))^2",0.71
334,1000,2,"T_Copula",2000,-2,"0.1(log(n))^2",0.5
335,1000,2,"T_Copula",2000,-2,"0.1(log(n))^2",0.31
336,1000,2,"T_Copula",2000,-2,"0.1(log(n))^2",0.36
337,1000,2,"T_Copula",2000,-2,"0.1(log(n))^2",0.39
338,1000,2,"T_Copula",2000,-2,"0.1(log(n))^2",0.64
339,1000,2,"T_Copula",2000,-2,"0.1(log(n))^2",0.75
340,1000,2,"T_Copula",2000,-2,"0.1(log(n))^2",0.64
341,1000,2,"T_Copula",2000,-2,"0.1(log(n))^2",0.57
342,1000,2,"T_Copula",2000,-2,"0.1(log(n))^2",0.74
343,1000,2,"T_Copula",2000,-2,"0.1(log(n))^2",0.59
344,1000,2,"T_Copula",2000,-2,"0.1(log(n))^2",0.94
345,1000,2,"T_Copula",2000,-2,"0.1(log(n))^2",0.52
346,1000,2,"T_Copula",2000,-2,"0.1(log(n))^2",0.36
347,1000,2,"T_Copula",2000,-2,"0.1(log(n))^2",0.51
348,1000,2,"T_Copula",2000,-2,"0.1(log(n))^2",0.66
349,1000,2,"T_Copula",2000,-2,"0.1(log(n))^2",0.96
350,1000,2,"T_Copula",2000,-2,"0.1(log(n))^2",0.11
351,1000,2,"T_Copula",2000,-2,"0.1(log(n))^2",0.68
352,1000,2,"T_Copula",2000,-2,"0.1(log(n))^2",0.44
353,1000,2,"T_Copula",2000,-2,"0.1(log(n))^2",0.17
354,1000,2,"T_Copula",2000,-2,"0.1(log(n))^2",0.5
355,1000,2,"T_Copula",2000,-2,"0.1(log(n))^2",0.1
356,1000,2,"T_Copula",2000,-2,"0.1(log(n))^2",0.41
357,1000,2,"T_Copula",2000,-2,"0.1(log(n))^2",0.55
358,1000,2,"T_Copula",2000,-2,"0.1(log(n))^2",0.28
359,1000,2,"T_Copula",2000,-2,"0.1(log(n))^2",0.72
360,1000,2,"T_Copula",2000,-2,"0.1(log(n))^2",0.75
361,1000,2,"T_Copula",2000,-2,"0.1(log(n))^2",0.85
362,1000,2,"T_Copula",2000,-2,"0.1(log(n))^2",0.25
363,1000,2,"T_Copula",2000,-2,"0.1(log(n))^2",0.16
364,1000,2,"T_Copula",2000,-2,"0.1(log(n))^2",0.56
365,1000,2,"T_Copula",2000,-2,"0.1(log(n))^2",0.58
366,1000,2,"T_Copula",2000,-2,"0.1(log(n))^2",0.39
367,1000,2,"T_Copula",2000,-2,"0.1(log(n))^2",0.69
368,1000,2,"T_Copula",2000,-2,"0.1(log(n))^2",0.85
369,1000,2,"T_Copula",2000,-2,"0.1(log(n))^2",0.17
370,1000,2,"T_Copula",2000,-2,"0.1(log(n))^2",0.17
371,1000,2,"T_Copula",2000,-2,"0.1(log(n))^2",0.35
372,1000,2,"T_Copula",2000,-2,"0.1(log(n))^2",0.57
373,1000,2,"T_Copula",2000,-2,"0.1(log(n))^2",0.08
374,1000,2,"T_Copula",2000,-2,"0.1(log(n))^2",0.85
375,1000,2,"T_Copula",2000,-2,"0.1(log(n))^2",0.87
376,1000,2,"T_Copula",2000,-2,"0.1(log(n))^2",0.86
377,1000,2,"T_Copula",2000,-2,"0.1(log(n))^2",0.33
378,1000,2,"T_Copula",2000,-2,"0.1(log(n))^2",0.67
379,1000,2,"T_Copula",2000,-2,"0.1(log(n))^2",0.39
380,1000,2,"T_Copula",2000,-2,"0.1(log(n))^2",0.69
381,1000,2,"T_Copula",2000,-2,"0.1(log(n))^2",0.46
382,1000,2,"T_Copula",2000,-2,"0.1(log(n))^2",0.77
383,1000,2,"T_Copula",2000,-2,"0.1(log(n))^2",0.39
384,1000,2,"T_Copula",2000,-2,"0.1(log(n))^2",0.6
385,1000,2,"T_Copula",2000,-2,"0.1(log(n))^2",0.17
386,1000,2,"T_Copula",2000,-2,"0.1(log(n))^2",0.29
387,1000,2,"T_Copula",2000,-2,"0.1(log(n))^2",0.85
388,1000,2,"T_Copula",2000,-2,"0.1(log(n))^2",0.57
389,1000,2,"T_Copula",2000,-2,"0.1(log(n))^2",0.71
390,1000,2,"T_Copula",2000,-2,"0.1(log(n))^2",0.52
391,1000,2,"T_Copula",2000,-2,"0.1(log(n))^2",0.81
392,1000,2,"T_Copula",2000,-2,"0.1(log(n))^2",0.62
393,1000,2,"T_Copula",2000,-2,"0.1(log(n))^2",0.71
394,1000,2,"T_Copula",2000,-2,"0.1(log(n))^2",1
395,1000,2,"T_Copula",2000,-2,"0.1(log(n))^2",0.79
396,1000,2,"T_Copula",2000,-2,"0.1(log(n))^2",0.57
397,1000,2,"T_Copula",2000,-2,"0.1(log(n))^2",0.06
398,1000,2,"T_Copula",2000,-2,"0.1(log(n))^2",0.41
399,1000,2,"T_Copula",2000,-2,"0.1(log(n))^2",0.77
400,1000,2,"T_Copula",2000,-2,"0.1(log(n))^2",0.82
401,1000,2,"T_Copula",2000,-2,"0.1(log(n))^2",0.55
402,1000,2,"T_Copula",2000,-2,"0.1(log(n))^2",0.7
403,1000,2,"T_Copula",2000,-2,"0.1(log(n))^2",0.25
404,1000,2,"T_Copula",2000,-2,"0.1(log(n))^2",0.74
405,1000,2,"T_Copula",2000,-2,"0.1(log(n))^2",0.86
406,1000,2,"T_Copula",2000,-2,"0.1(log(n))^2",0.28
407,1000,2,"T_Copula",2000,-2,"0.1(log(n))^2",0.4
408,1000,2,"T_Copula",2000,-2,"0.1(log(n))^2",0.79
409,1000,2,"T_Copula",2000,-2,"0.1(log(n))^2",0.69
410,1000,2,"T_Copula",2000,-2,"0.1(log(n))^2",0.68
411,1000,2,"T_Copula",2000,-2,"0.1(log(n))^2",0.73
412,1000,2,"T_Copula",2000,-2,"0.1(log(n))^2",0.51
413,1000,2,"T_Copula",2000,-2,"0.1(log(n))^2",0.7
414,1000,2,"T_Copula",2000,-2,"0.1(log(n))^2",0.21
415,1000,2,"T_Copula",2000,-2,"0.1(log(n))^2",0.48
416,1000,2,"T_Copula",2000,-2,"0.1(log(n))^2",0.73
417,1000,2,"T_Copula",2000,-2,"0.1(log(n))^2",0.85
418,1000,2,"T_Copula",2000,-2,"0.1(log(n))^2",0.71
419,1000,2,"T_Copula",2000,-2,"0.1(log(n))^2",0.95
420,1000,2,"T_Copula",2000,-2,"0.1(log(n))^2",0.78
421,1000,2,"T_Copula",2000,-2,"0.1(log(n))^2",0.87
422,1000,2,"T_Copula",2000,-2,"0.1(log(n))^2",0.04
423,1000,2,"T_Copula",2000,-2,"0.1(log(n))^2",0.52
424,1000,2,"T_Copula",2000,-2,"0.1(log(n))^2",0.55
425,1000,2,"T_Copula",2000,-2,"0.1(log(n))^2",0.77
426,1000,2,"T_Copula",2000,-2,"0.1(log(n))^2",0.45
427,1000,2,"T_Copula",2000,-2,"0.1(log(n))^2",0.27
428,1000,2,"T_Copula",2000,-2,"0.1(log(n))^2",0.93
429,1000,2,"T_Copula",2000,-2,"0.1(log(n))^2",0.44
430,1000,2,"T_Copula",2000,-2,"0.1(log(n))^2",0.34
431,1000,2,"T_Copula",2000,-2,"0.1(log(n))^2",0.27
432,1000,2,"T_Copula",2000,-2,"0.1(log(n))^2",0.72
433,1000,2,"T_Copula",2000,-2,"0.1(log(n))^2",0.14
434,1000,2,"T_Copula",2000,-2,"0.1(log(n))^2",0.39
435,1000,2,"T_Copula",2000,-2,"0.1(log(n))^2",0.57
436,1000,2,"T_Copula",2000,-2,"0.1(log(n))^2",0.19
437,1000,2,"T_Copula",2000,-2,"0.1(log(n))^2",0.82
438,1000,2,"T_Copula",2000,-2,"0.1(log(n))^2",0.26
439,1000,2,"T_Copula",2000,-2,"0.1(log(n))^2",0.57
440,1000,2,"T_Copula",2000,-2,"0.1(log(n))^2",0.08
441,1000,2,"T_Copula",2000,-2,"0.1(log(n))^2",0.85
442,1000,2,"T_Copula",2000,-2,"0.1(log(n))^2",0.16
443,1000,2,"T_Copula",2000,-2,"0.1(log(n))^2",0.25
444,1000,2,"T_Copula",2000,-2,"0.1(log(n))^2",0.21
445,1000,2,"T_Copula",2000,-2,"0.1(log(n))^2",0.22
446,1000,2,"T_Copula",2000,-2,"0.1(log(n))^2",0.62
447,1000,2,"T_Copula",2000,-2,"0.1(log(n))^2",0.73
448,1000,2,"T_Copula",2000,-2,"0.1(log(n))^2",0.88
449,1000,2,"T_Copula",2000,-2,"0.1(log(n))^2",0.08
450,1000,2,"T_Copula",2000,-2,"0.1(log(n))^2",0.56
451,1000,2,"T_Copula",2000,-2,"0.1(log(n))^2",0.42
452,1000,2,"T_Copula",2000,-2,"0.1(log(n))^2",0.36
453,1000,2,"T_Copula",2000,-2,"0.1(log(n))^2",0.45
454,1000,2,"T_Copula",2000,-2,"0.1(log(n))^2",0.18
455,1000,2,"T_Copula",2000,-2,"0.1(log(n))^2",0.6
456,1000,2,"T_Copula",2000,-2,"0.1(log(n))^2",0.32
457,1000,2,"T_Copula",2000,-2,"0.1(log(n))^2",0.47
458,1000,2,"T_Copula",2000,-2,"0.1(log(n))^2",0.4
459,1000,2,"T_Copula",2000,-2,"0.1(log(n))^2",0.64
460,1000,2,"T_Copula",2000,-2,"0.1(log(n))^2",0.65
461,1000,2,"T_Copula",2000,-2,"0.1(log(n))^2",0.44
462,1000,2,"T_Copula",2000,-2,"0.1(log(n))^2",0.81
463,1000,2,"T_Copula",2000,-2,"0.1(log(n))^2",0.37
464,1000,2,"T_Copula",2000,-2,"0.1(log(n))^2",0.83
465,1000,2,"T_Copula",2000,-2,"0.1(log(n))^2",0.36
466,1000,2,"T_Copula",2000,-2,"0.1(log(n))^2",0.42
467,1000,2,"T_Copula",2000,-2,"0.1(log(n))^2",0.67
468,1000,2,"T_Copula",2000,-2,"0.1(log(n))^2",0.19
469,1000,2,"T_Copula",2000,-2,"0.1(log(n))^2",0.6
470,1000,2,"T_Copula",2000,-2,"0.1(log(n))^2",0.62
471,1000,2,"T_Copula",2000,-2,"0.1(log(n))^2",0.58
472,1000,2,"T_Copula",2000,-2,"0.1(log(n))^2",0.84
473,1000,2,"T_Copula",2000,-2,"0.1(log(n))^2",0.73
474,1000,2,"T_Copula",2000,-2,"0.1(log(n))^2",0.5
475,1000,2,"T_Copula",2000,-2,"0.1(log(n))^2",0.45
476,1000,2,"T_Copula",2000,-2,"0.1(log(n))^2",0.52
477,1000,2,"T_Copula",2000,-2,"0.1(log(n))^2",0.26
478,1000,2,"T_Copula",2000,-2,"0.1(log(n))^2",0.61
479,1000,2,"T_Copula",2000,-2,"0.1(log(n))^2",0.13
480,1000,2,"T_Copula",2000,-2,"0.1(log(n))^2",0.69
481,1000,2,"T_Copula",2000,-2,"0.1(log(n))^2",0.3
482,1000,2,"T_Copula",2000,-2,"0.1(log(n))^2",0.56
483,1000,2,"T_Copula",2000,-2,"0.1(log(n))^2",0.74
484,1000,2,"T_Copula",2000,-2,"0.1(log(n))^2",0.49
485,1000,2,"T_Copula",2000,-2,"0.1(log(n))^2",0.41
486,1000,2,"T_Copula",2000,-2,"0.1(log(n))^2",0.29
487,1000,2,"T_Copula",2000,-2,"0.1(log(n))^2",0.55
488,1000,2,"T_Copula",2000,-2,"0.1(log(n))^2",0.24
489,1000,2,"T_Copula",2000,-2,"0.1(log(n))^2",0.59
490,1000,2,"T_Copula",2000,-2,"0.1(log(n))^2",0.86
491,1000,2,"T_Copula",2000,-2,"0.1(log(n))^2",0.39
492,1000,2,"T_Copula",2000,-2,"0.1(log(n))^2",0.89
493,1000,2,"T_Copula",2000,-2,"0.1(log(n))^2",0.77
494,1000,2,"T_Copula",2000,-2,"0.1(log(n))^2",0.65
495,1000,2,"T_Copula",2000,-2,"0.1(log(n))^2",0.54
496,1000,2,"T_Copula",2000,-2,"0.1(log(n))^2",0.4
497,1000,2,"T_Copula",2000,-2,"0.1(log(n))^2",0.15
498,1000,2,"T_Copula",2000,-2,"0.1(log(n))^2",0.48
499,1000,2,"T_Copula",2000,-2,"0.1(log(n))^2",0.02
500,1000,2,"T_Copula",2000,-2,"0.1(log(n))^2",0.47
501,1000,2,"T_Copula",2000,-2,"0.1(log(n))^2",0.5
502,1000,2,"T_Copula",2000,-2,"0.1(log(n))^2",0.42
503,1000,2,"T_Copula",2000,-2,"0.1(log(n))^2",0.34
504,1000,2,"T_Copula",2000,-2,"0.1(log(n))^2",0.22
505,1000,2,"T_Copula",2000,-2,"0.1(log(n))^2",0.66
506,1000,2,"T_Copula",2000,-2,"0.1(log(n))^2",0.36
507,1000,2,"T_Copula",2000,-2,"0.1(log(n))^2",0.85
508,1000,2,"T_Copula",2000,-2,"0.1(log(n))^2",0.57
509,1000,2,"T_Copula",2000,-2,"0.1(log(n))^2",0.51
510,1000,2,"T_Copula",2000,-2,"0.1(log(n))^2",0.42
511,1000,2,"T_Copula",2000,-2,"0.1(log(n))^2",0.27
512,1000,2,"T_Copula",2000,-2,"0.1(log(n))^2",0.01
513,1000,2,"T_Copula",2000,-2,"0.1(log(n))^2",0.43
514,1000,2,"T_Copula",2000,-2,"0.1(log(n))^2",0.13
515,1000,2,"T_Copula",2000,-2,"0.1(log(n))^2",0.36
516,1000,2,"T_Copula",2000,-2,"0.1(log(n))^2",0.61
517,1000,2,"T_Copula",2000,-2,"0.1(log(n))^2",0.06
518,1000,2,"T_Copula",2000,-2,"0.1(log(n))^2",0.81
519,1000,2,"T_Copula",2000,-2,"0.1(log(n))^2",0.64
520,1000,2,"T_Copula",2000,-2,"0.1(log(n))^2",0.36
521,1000,2,"T_Copula",2000,-2,"0.1(log(n))^2",0.29
522,1000,2,"T_Copula",2000,-2,"0.1(log(n))^2",0.09
523,1000,2,"T_Copula",2000,-2,"0.1(log(n))^2",0.47
524,1000,2,"T_Copula",2000,-2,"0.1(log(n))^2",0.56
525,1000,2,"T_Copula",2000,-2,"0.1(log(n))^2",0.2
526,1000,2,"T_Copula",2000,-2,"0.1(log(n))^2",0.35
527,1000,2,"T_Copula",2000,-2,"0.1(log(n))^2",0.77
528,1000,2,"T_Copula",2000,-2,"0.1(log(n))^2",0.45
529,1000,2,"T_Copula",2000,-2,"0.1(log(n))^2",0.32
530,1000,2,"T_Copula",2000,-2,"0.1(log(n))^2",0.68
531,1000,2,"T_Copula",2000,-2,"0.1(log(n))^2",0.32
532,1000,2,"T_Copula",2000,-2,"0.1(log(n))^2",0.68
533,1000,2,"T_Copula",2000,-2,"0.1(log(n))^2",0.14
534,1000,2,"T_Copula",2000,-2,"0.1(log(n))^2",0.04
535,1000,2,"T_Copula",2000,-2,"0.1(log(n))^2",0.76
536,1000,2,"T_Copula",2000,-2,"0.1(log(n))^2",0.34
537,1000,2,"T_Copula",2000,-2,"0.1(log(n))^2",0.48
538,1000,2,"T_Copula",2000,-2,"0.1(log(n))^2",0.76
539,1000,2,"T_Copula",2000,-2,"0.1(log(n))^2",0.8
540,1000,2,"T_Copula",2000,-2,"0.1(log(n))^2",0.9
541,1000,2,"T_Copula",2000,-2,"0.1(log(n))^2",0.7
542,1000,2,"T_Copula",2000,-2,"0.1(log(n))^2",0.21
543,1000,2,"T_Copula",2000,-2,"0.1(log(n))^2",0.67
544,1000,2,"T_Copula",2000,-2,"0.1(log(n))^2",0.96
545,1000,2,"T_Copula",2000,-2,"0.1(log(n))^2",0.42
546,1000,2,"T_Copula",2000,-2,"0.1(log(n))^2",0.67
547,1000,2,"T_Copula",2000,-2,"0.1(log(n))^2",0.82
548,1000,2,"T_Copula",2000,-2,"0.1(log(n))^2",0.6
549,1000,2,"T_Copula",2000,-2,"0.1(log(n))^2",0.97
550,1000,2,"T_Copula",2000,-2,"0.1(log(n))^2",0
551,1000,2,"T_Copula",2000,-2,"0.1(log(n))^2",0.25
552,1000,2,"T_Copula",2000,-2,"0.1(log(n))^2",0.46
553,1000,2,"T_Copula",2000,-2,"0.1(log(n))^2",0.35
554,1000,2,"T_Copula",2000,-2,"0.1(log(n))^2",0.74
555,1000,2,"T_Copula",2000,-2,"0.1(log(n))^2",0.36
556,1000,2,"T_Copula",2000,-2,"0.1(log(n))^2",0.22
557,1000,2,"T_Copula",2000,-2,"0.1(log(n))^2",0.27
558,1000,2,"T_Copula",2000,-2,"0.1(log(n))^2",0.9
559,1000,2,"T_Copula",2000,-2,"0.1(log(n))^2",0.59
560,1000,2,"T_Copula",2000,-2,"0.1(log(n))^2",0.17
561,1000,2,"T_Copula",2000,-2,"0.1(log(n))^2",0.59
562,1000,2,"T_Copula",2000,-2,"0.1(log(n))^2",0.93
563,1000,2,"T_Copula",2000,-2,"0.1(log(n))^2",0.48
564,1000,2,"T_Copula",2000,-2,"0.1(log(n))^2",0.6
565,1000,2,"T_Copula",2000,-2,"0.1(log(n))^2",0.54
566,1000,2,"T_Copula",2000,-2,"0.1(log(n))^2",0.6
567,1000,2,"T_Copula",2000,-2,"0.1(log(n))^2",0.86
568,1000,2,"T_Copula",2000,-2,"0.1(log(n))^2",0.23
569,1000,2,"T_Copula",2000,-2,"0.1(log(n))^2",0.74
570,1000,2,"T_Copula",2000,-2,"0.1(log(n))^2",0.72
571,1000,2,"T_Copula",2000,-2,"0.1(log(n))^2",0.61
572,1000,2,"T_Copula",2000,-2,"0.1(log(n))^2",0.62
573,1000,2,"T_Copula",2000,-2,"0.1(log(n))^2",0.83
574,1000,2,"T_Copula",2000,-2,"0.1(log(n))^2",0.45
575,1000,2,"T_Copula",2000,-2,"0.1(log(n))^2",0.21
576,1000,2,"T_Copula",2000,-2,"0.1(log(n))^2",0.34
577,1000,2,"T_Copula",2000,-2,"0.1(log(n))^2",0.45
578,1000,2,"T_Copula",2000,-2,"0.1(log(n))^2",0.61
579,1000,2,"T_Copula",2000,-2,"0.1(log(n))^2",0.66
580,1000,2,"T_Copula",2000,-2,"0.1(log(n))^2",0.35
581,1000,2,"T_Copula",2000,-2,"0.1(log(n))^2",0.69
582,1000,2,"T_Copula",2000,-2,"0.1(log(n))^2",0.54
583,1000,2,"T_Copula",2000,-2,"0.1(log(n))^2",0.57
584,1000,2,"T_Copula",2000,-2,"0.1(log(n))^2",0.31
585,1000,2,"T_Copula",2000,-2,"0.1(log(n))^2",0.52
586,1000,2,"T_Copula",2000,-2,"0.1(log(n))^2",0.53
587,1000,2,"T_Copula",2000,-2,"0.1(log(n))^2",0.98
588,1000,2,"T_Copula",2000,-2,"0.1(log(n))^2",0.21
589,1000,2,"T_Copula",2000,-2,"0.1(log(n))^2",0.2
590,1000,2,"T_Copula",2000,-2,"0.1(log(n))^2",0.57
591,1000,2,"T_Copula",2000,-2,"0.1(log(n))^2",0.78
592,1000,2,"T_Copula",2000,-2,"0.1(log(n))^2",0
593,1000,2,"T_Copula",2000,-2,"0.1(log(n))^2",0.63
594,1000,2,"T_Copula",2000,-2,"0.1(log(n))^2",0.25
595,1000,2,"T_Copula",2000,-2,"0.1(log(n))^2",0.23
596,1000,2,"T_Copula",2000,-2,"0.1(log(n))^2",0.41
597,1000,2,"T_Copula",2000,-2,"0.1(log(n))^2",0.45
598,1000,2,"T_Copula",2000,-2,"0.1(log(n))^2",0.94
599,1000,2,"T_Copula",2000,-2,"0.1(log(n))^2",0.07
600,1000,2,"T_Copula",2000,-2,"0.1(log(n))^2",0.08
601,1000,2,"T_Copula",2000,-2,"0.1(log(n))^2",0.38
602,1000,2,"T_Copula",2000,-2,"0.1(log(n))^2",0.47
603,1000,2,"T_Copula",2000,-2,"0.1(log(n))^2",0.29
604,1000,2,"T_Copula",2000,-2,"0.1(log(n))^2",0.61
605,1000,2,"T_Copula",2000,-2,"0.1(log(n))^2",0.4
606,1000,2,"T_Copula",2000,-2,"0.1(log(n))^2",0.58
607,1000,2,"T_Copula",2000,-2,"0.1(log(n))^2",0.47
608,1000,2,"T_Copula",2000,-2,"0.1(log(n))^2",0.76
609,1000,2,"T_Copula",2000,-2,"0.1(log(n))^2",0.27
610,1000,2,"T_Copula",2000,-2,"0.1(log(n))^2",0.64
611,1000,2,"T_Copula",2000,-2,"0.1(log(n))^2",0.74
612,1000,2,"T_Copula",2000,-2,"0.1(log(n))^2",0.5
613,1000,2,"T_Copula",2000,-2,"0.1(log(n))^2",0.71
614,1000,2,"T_Copula",2000,-2,"0.1(log(n))^2",0.5
615,1000,2,"T_Copula",2000,-2,"0.1(log(n))^2",0.94
616,1000,2,"T_Copula",2000,-2,"0.1(log(n))^2",0.53
617,1000,2,"T_Copula",2000,-2,"0.1(log(n))^2",0.42
618,1000,2,"T_Copula",2000,-2,"0.1(log(n))^2",0.98
619,1000,2,"T_Copula",2000,-2,"0.1(log(n))^2",0.3
620,1000,2,"T_Copula",2000,-2,"0.1(log(n))^2",0.88
621,1000,2,"T_Copula",2000,-2,"0.1(log(n))^2",0.41
622,1000,2,"T_Copula",2000,-2,"0.1(log(n))^2",0.67
623,1000,2,"T_Copula",2000,-2,"0.1(log(n))^2",0.7
624,1000,2,"T_Copula",2000,-2,"0.1(log(n))^2",0.96
625,1000,2,"T_Copula",2000,-2,"0.1(log(n))^2",0.47
626,1000,2,"T_Copula",2000,-2,"0.1(log(n))^2",0.65
627,1000,2,"T_Copula",2000,-2,"0.1(log(n))^2",0.92
628,1000,2,"T_Copula",2000,-2,"0.1(log(n))^2",0.41
629,1000,2,"T_Copula",2000,-2,"0.1(log(n))^2",0.18
630,1000,2,"T_Copula",2000,-2,"0.1(log(n))^2",0.7
631,1000,2,"T_Copula",2000,-2,"0.1(log(n))^2",0.67
632,1000,2,"T_Copula",2000,-2,"0.1(log(n))^2",0.45
633,1000,2,"T_Copula",2000,-2,"0.1(log(n))^2",0.26
634,1000,2,"T_Copula",2000,-2,"0.1(log(n))^2",0.12
635,1000,2,"T_Copula",2000,-2,"0.1(log(n))^2",0.92
636,1000,2,"T_Copula",2000,-2,"0.1(log(n))^2",0.6
637,1000,2,"T_Copula",2000,-2,"0.1(log(n))^2",0.82
638,1000,2,"T_Copula",2000,-2,"0.1(log(n))^2",0.94
639,1000,2,"T_Copula",2000,-2,"0.1(log(n))^2",0.93
640,1000,2,"T_Copula",2000,-2,"0.1(log(n))^2",0.41
641,1000,2,"T_Copula",2000,-2,"0.1(log(n))^2",0.22
642,1000,2,"T_Copula",2000,-2,"0.1(log(n))^2",0.14
643,1000,2,"T_Copula",2000,-2,"0.1(log(n))^2",0.53
644,1000,2,"T_Copula",2000,-2,"0.1(log(n))^2",0.8
645,1000,2,"T_Copula",2000,-2,"0.1(log(n))^2",0.4
646,1000,2,"T_Copula",2000,-2,"0.1(log(n))^2",0.92
647,1000,2,"T_Copula",2000,-2,"0.1(log(n))^2",0.2
648,1000,2,"T_Copula",2000,-2,"0.1(log(n))^2",0.16
649,1000,2,"T_Copula",2000,-2,"0.1(log(n))^2",0.87
650,1000,2,"T_Copula",2000,-2,"0.1(log(n))^2",0.71
651,1000,2,"T_Copula",2000,-2,"0.1(log(n))^2",0.74
652,1000,2,"T_Copula",2000,-2,"0.1(log(n))^2",0.59
653,1000,2,"T_Copula",2000,-2,"0.1(log(n))^2",0.78
654,1000,2,"T_Copula",2000,-2,"0.1(log(n))^2",0.67
655,1000,2,"T_Copula",2000,-2,"0.1(log(n))^2",0.59
656,1000,2,"T_Copula",2000,-2,"0.1(log(n))^2",0.84
657,1000,2,"T_Copula",2000,-2,"0.1(log(n))^2",0.5
658,1000,2,"T_Copula",2000,-2,"0.1(log(n))^2",0.18
659,1000,2,"T_Copula",2000,-2,"0.1(log(n))^2",0.3
660,1000,2,"T_Copula",2000,-2,"0.1(log(n))^2",0.56
661,1000,2,"T_Copula",2000,-2,"0.1(log(n))^2",0.12
662,1000,2,"T_Copula",2000,-2,"0.1(log(n))^2",0.65
663,1000,2,"T_Copula",2000,-2,"0.1(log(n))^2",0.43
664,1000,2,"T_Copula",2000,-2,"0.1(log(n))^2",0.49
665,1000,2,"T_Copula",2000,-2,"0.1(log(n))^2",0.74
666,1000,2,"T_Copula",2000,-2,"0.1(log(n))^2",0.54
667,1000,2,"T_Copula",2000,-2,"0.1(log(n))^2",0.26
668,1000,2,"T_Copula",2000,-2,"0.1(log(n))^2",0.82
669,1000,2,"T_Copula",2000,-2,"0.1(log(n))^2",0.21
670,1000,2,"T_Copula",2000,-2,"0.1(log(n))^2",0.46
671,1000,2,"T_Copula",2000,-2,"0.1(log(n))^2",0.18
672,1000,2,"T_Copula",2000,-2,"0.1(log(n))^2",0.58
673,1000,2,"T_Copula",2000,-2,"0.1(log(n))^2",0.06
674,1000,2,"T_Copula",2000,-2,"0.1(log(n))^2",0.35
675,1000,2,"T_Copula",2000,-2,"0.1(log(n))^2",0.48
676,1000,2,"T_Copula",2000,-2,"0.1(log(n))^2",0.78
677,1000,2,"T_Copula",2000,-2,"0.1(log(n))^2",0.24
678,1000,2,"T_Copula",2000,-2,"0.1(log(n))^2",0.63
679,1000,2,"T_Copula",2000,-2,"0.1(log(n))^2",0.5
680,1000,2,"T_Copula",2000,-2,"0.1(log(n))^2",0.42
681,1000,2,"T_Copula",2000,-2,"0.1(log(n))^2",0.37
682,1000,2,"T_Copula",2000,-2,"0.1(log(n))^2",0.9
683,1000,2,"T_Copula",2000,-2,"0.1(log(n))^2",0.79
684,1000,2,"T_Copula",2000,-2,"0.1(log(n))^2",0.41
685,1000,2,"T_Copula",2000,-2,"0.1(log(n))^2",0.9
686,1000,2,"T_Copula",2000,-2,"0.1(log(n))^2",0.5
687,1000,2,"T_Copula",2000,-2,"0.1(log(n))^2",0.22
688,1000,2,"T_Copula",2000,-2,"0.1(log(n))^2",0.72
689,1000,2,"T_Copula",2000,-2,"0.1(log(n))^2",0.56
690,1000,2,"T_Copula",2000,-2,"0.1(log(n))^2",0.46
691,1000,2,"T_Copula",2000,-2,"0.1(log(n))^2",0.4
692,1000,2,"T_Copula",2000,-2,"0.1(log(n))^2",0.79
693,1000,2,"T_Copula",2000,-2,"0.1(log(n))^2",0.27
694,1000,2,"T_Copula",2000,-2,"0.1(log(n))^2",0.26
695,1000,2,"T_Copula",2000,-2,"0.1(log(n))^2",0.64
696,1000,2,"T_Copula",2000,-2,"0.1(log(n))^2",0.79
697,1000,2,"T_Copula",2000,-2,"0.1(log(n))^2",0.87
698,1000,2,"T_Copula",2000,-2,"0.1(log(n))^2",0.78
699,1000,2,"T_Copula",2000,-2,"0.1(log(n))^2",0.52
700,1000,2,"T_Copula",2000,-2,"0.1(log(n))^2",0.55
701,1000,2,"T_Copula",2000,-2,"0.1(log(n))^2",0.22
702,1000,2,"T_Copula",2000,-2,"0.1(log(n))^2",0.06
703,1000,2,"T_Copula",2000,-2,"0.1(log(n))^2",0.06
704,1000,2,"T_Copula",2000,-2,"0.1(log(n))^2",0.26
705,1000,2,"T_Copula",2000,-2,"0.1(log(n))^2",0.26
706,1000,2,"T_Copula",2000,-2,"0.1(log(n))^2",0.36
707,1000,2,"T_Copula",2000,-2,"0.1(log(n))^2",0.47
708,1000,2,"T_Copula",2000,-2,"0.1(log(n))^2",0.58
709,1000,2,"T_Copula",2000,-2,"0.1(log(n))^2",0.95
710,1000,2,"T_Copula",2000,-2,"0.1(log(n))^2",0.39
711,1000,2,"T_Copula",2000,-2,"0.1(log(n))^2",0.83
712,1000,2,"T_Copula",2000,-2,"0.1(log(n))^2",0.26
713,1000,2,"T_Copula",2000,-2,"0.1(log(n))^2",0.75
714,1000,2,"T_Copula",2000,-2,"0.1(log(n))^2",0.45
715,1000,2,"T_Copula",2000,-2,"0.1(log(n))^2",0.45
716,1000,2,"T_Copula",2000,-2,"0.1(log(n))^2",0.35
717,1000,2,"T_Copula",2000,-2,"0.1(log(n))^2",0.64
718,1000,2,"T_Copula",2000,-2,"0.1(log(n))^2",0.95
719,1000,2,"T_Copula",2000,-2,"0.1(log(n))^2",0.27
720,1000,2,"T_Copula",2000,-2,"0.1(log(n))^2",0.68
721,1000,2,"T_Copula",2000,-2,"0.1(log(n))^2",0.45
722,1000,2,"T_Copula",2000,-2,"0.1(log(n))^2",0.68
723,1000,2,"T_Copula",2000,-2,"0.1(log(n))^2",0.46
724,1000,2,"T_Copula",2000,-2,"0.1(log(n))^2",0.32
725,1000,2,"T_Copula",2000,-2,"0.1(log(n))^2",0.45
726,1000,2,"T_Copula",2000,-2,"0.1(log(n))^2",0.83
727,1000,2,"T_Copula",2000,-2,"0.1(log(n))^2",0.91
728,1000,2,"T_Copula",2000,-2,"0.1(log(n))^2",0.33
729,1000,2,"T_Copula",2000,-2,"0.1(log(n))^2",0.04
730,1000,2,"T_Copula",2000,-2,"0.1(log(n))^2",0.51
731,1000,2,"T_Copula",2000,-2,"0.1(log(n))^2",0.71
732,1000,2,"T_Copula",2000,-2,"0.1(log(n))^2",0.12
733,1000,2,"T_Copula",2000,-2,"0.1(log(n))^2",0.7
734,1000,2,"T_Copula",2000,-2,"0.1(log(n))^2",0.53
735,1000,2,"T_Copula",2000,-2,"0.1(log(n))^2",0.34
736,1000,2,"T_Copula",2000,-2,"0.1(log(n))^2",0.38
737,1000,2,"T_Copula",2000,-2,"0.1(log(n))^2",0.8
738,1000,2,"T_Copula",2000,-2,"0.1(log(n))^2",0.93
739,1000,2,"T_Copula",2000,-2,"0.1(log(n))^2",0.41
740,1000,2,"T_Copula",2000,-2,"0.1(log(n))^2",0.65
741,1000,2,"T_Copula",2000,-2,"0.1(log(n))^2",0.28
742,1000,2,"T_Copula",2000,-2,"0.1(log(n))^2",0.74
743,1000,2,"T_Copula",2000,-2,"0.1(log(n))^2",0.12
744,1000,2,"T_Copula",2000,-2,"0.1(log(n))^2",0.39
745,1000,2,"T_Copula",2000,-2,"0.1(log(n))^2",0.37
746,1000,2,"T_Copula",2000,-2,"0.1(log(n))^2",0.52
747,1000,2,"T_Copula",2000,-2,"0.1(log(n))^2",0.14
748,1000,2,"T_Copula",2000,-2,"0.1(log(n))^2",0.07
749,1000,2,"T_Copula",2000,-2,"0.1(log(n))^2",0.67
750,1000,2,"T_Copula",2000,-2,"0.1(log(n))^2",0.54
751,1000,2,"T_Copula",2000,-2,"0.1(log(n))^2",0.36
752,1000,2,"T_Copula",2000,-2,"0.1(log(n))^2",0.52
753,1000,2,"T_Copula",2000,-2,"0.1(log(n))^2",0.67
754,1000,2,"T_Copula",2000,-2,"0.1(log(n))^2",0.82
755,1000,2,"T_Copula",2000,-2,"0.1(log(n))^2",0.19
756,1000,2,"T_Copula",2000,-2,"0.1(log(n))^2",0.09
757,1000,2,"T_Copula",2000,-2,"0.1(log(n))^2",0.3
758,1000,2,"T_Copula",2000,-2,"0.1(log(n))^2",0.95
759,1000,2,"T_Copula",2000,-2,"0.1(log(n))^2",0.61
760,1000,2,"T_Copula",2000,-2,"0.1(log(n))^2",0.68
761,1000,2,"T_Copula",2000,-2,"0.1(log(n))^2",0.9
762,1000,2,"T_Copula",2000,-2,"0.1(log(n))^2",0.1
763,1000,2,"T_Copula",2000,-2,"0.1(log(n))^2",0.64
764,1000,2,"T_Copula",2000,-2,"0.1(log(n))^2",0.86
765,1000,2,"T_Copula",2000,-2,"0.1(log(n))^2",0.01
766,1000,2,"T_Copula",2000,-2,"0.1(log(n))^2",0.49
767,1000,2,"T_Copula",2000,-2,"0.1(log(n))^2",0.45
768,1000,2,"T_Copula",2000,-2,"0.1(log(n))^2",0.61
769,1000,2,"T_Copula",2000,-2,"0.1(log(n))^2",0.19
770,1000,2,"T_Copula",2000,-2,"0.1(log(n))^2",0.02
771,1000,2,"T_Copula",2000,-2,"0.1(log(n))^2",0.62
772,1000,2,"T_Copula",2000,-2,"0.1(log(n))^2",0.38
773,1000,2,"T_Copula",2000,-2,"0.1(log(n))^2",0.52
774,1000,2,"T_Copula",2000,-2,"0.1(log(n))^2",0.45
775,1000,2,"T_Copula",2000,-2,"0.1(log(n))^2",0.57
776,1000,2,"T_Copula",2000,-2,"0.1(log(n))^2",0.24
777,1000,2,"T_Copula",2000,-2,"0.1(log(n))^2",0.4
778,1000,2,"T_Copula",2000,-2,"0.1(log(n))^2",0.68
779,1000,2,"T_Copula",2000,-2,"0.1(log(n))^2",0.59
780,1000,2,"T_Copula",2000,-2,"0.1(log(n))^2",0.59
781,1000,2,"T_Copula",2000,-2,"0.1(log(n))^2",0.71
782,1000,2,"T_Copula",2000,-2,"0.1(log(n))^2",0.37
783,1000,2,"T_Copula",2000,-2,"0.1(log(n))^2",0.64
784,1000,2,"T_Copula",2000,-2,"0.1(log(n))^2",0.27
785,1000,2,"T_Copula",2000,-2,"0.1(log(n))^2",0.68
786,1000,2,"T_Copula",2000,-2,"0.1(log(n))^2",0.96
787,1000,2,"T_Copula",2000,-2,"0.1(log(n))^2",0.63
788,1000,2,"T_Copula",2000,-2,"0.1(log(n))^2",0.22
789,1000,2,"T_Copula",2000,-2,"0.1(log(n))^2",0.85
790,1000,2,"T_Copula",2000,-2,"0.1(log(n))^2",0.51
791,1000,2,"T_Copula",2000,-2,"0.1(log(n))^2",0.6
792,1000,2,"T_Copula",2000,-2,"0.1(log(n))^2",0.11
793,1000,2,"T_Copula",2000,-2,"0.1(log(n))^2",0.41
794,1000,2,"T_Copula",2000,-2,"0.1(log(n))^2",0.04
795,1000,2,"T_Copula",2000,-2,"0.1(log(n))^2",0.18
796,1000,2,"T_Copula",2000,-2,"0.1(log(n))^2",0.88
797,1000,2,"T_Copula",2000,-2,"0.1(log(n))^2",0.6
798,1000,2,"T_Copula",2000,-2,"0.1(log(n))^2",0.81
799,1000,2,"T_Copula",2000,-2,"0.1(log(n))^2",0.1
800,1000,2,"T_Copula",2000,-2,"0.1(log(n))^2",0.33
801,1000,2,"T_Copula",2000,-2,"0.1(log(n))^2",0.67
802,1000,2,"T_Copula",2000,-2,"0.1(log(n))^2",0.62
803,1000,2,"T_Copula",2000,-2,"0.1(log(n))^2",0.62
804,1000,2,"T_Copula",2000,-2,"0.1(log(n))^2",0.54
805,1000,2,"T_Copula",2000,-2,"0.1(log(n))^2",0.64
806,1000,2,"T_Copula",2000,-2,"0.1(log(n))^2",0.36
807,1000,2,"T_Copula",2000,-2,"0.1(log(n))^2",0.26
808,1000,2,"T_Copula",2000,-2,"0.1(log(n))^2",0.82
809,1000,2,"T_Copula",2000,-2,"0.1(log(n))^2",0.74
810,1000,2,"T_Copula",2000,-2,"0.1(log(n))^2",0.21
811,1000,2,"T_Copula",2000,-2,"0.1(log(n))^2",0.82
812,1000,2,"T_Copula",2000,-2,"0.1(log(n))^2",0.3
813,1000,2,"T_Copula",2000,-2,"0.1(log(n))^2",0.18
814,1000,2,"T_Copula",2000,-2,"0.1(log(n))^2",0.52
815,1000,2,"T_Copula",2000,-2,"0.1(log(n))^2",0.47
816,1000,2,"T_Copula",2000,-2,"0.1(log(n))^2",0.62
817,1000,2,"T_Copula",2000,-2,"0.1(log(n))^2",0.51
818,1000,2,"T_Copula",2000,-2,"0.1(log(n))^2",0.15
819,1000,2,"T_Copula",2000,-2,"0.1(log(n))^2",0.63
820,1000,2,"T_Copula",2000,-2,"0.1(log(n))^2",0.05
821,1000,2,"T_Copula",2000,-2,"0.1(log(n))^2",0.85
822,1000,2,"T_Copula",2000,-2,"0.1(log(n))^2",0.21
823,1000,2,"T_Copula",2000,-2,"0.1(log(n))^2",0.3
824,1000,2,"T_Copula",2000,-2,"0.1(log(n))^2",0.52
825,1000,2,"T_Copula",2000,-2,"0.1(log(n))^2",0.68
826,1000,2,"T_Copula",2000,-2,"0.1(log(n))^2",0.26
827,1000,2,"T_Copula",2000,-2,"0.1(log(n))^2",0.66
828,1000,2,"T_Copula",2000,-2,"0.1(log(n))^2",0.57
829,1000,2,"T_Copula",2000,-2,"0.1(log(n))^2",0.69
830,1000,2,"T_Copula",2000,-2,"0.1(log(n))^2",0.86
831,1000,2,"T_Copula",2000,-2,"0.1(log(n))^2",0.28
832,1000,2,"T_Copula",2000,-2,"0.1(log(n))^2",0.57
833,1000,2,"T_Copula",2000,-2,"0.1(log(n))^2",0.41
834,1000,2,"T_Copula",2000,-2,"0.1(log(n))^2",0.9
835,1000,2,"T_Copula",2000,-2,"0.1(log(n))^2",0.64
836,1000,2,"T_Copula",2000,-2,"0.1(log(n))^2",0.82
837,1000,2,"T_Copula",2000,-2,"0.1(log(n))^2",0.61
838,1000,2,"T_Copula",2000,-2,"0.1(log(n))^2",0.96
839,1000,2,"T_Copula",2000,-2,"0.1(log(n))^2",0.47
840,1000,2,"T_Copula",2000,-2,"0.1(log(n))^2",0.54
841,1000,2,"T_Copula",2000,-2,"0.1(log(n))^2",0.91
842,1000,2,"T_Copula",2000,-2,"0.1(log(n))^2",0.11
843,1000,2,"T_Copula",2000,-2,"0.1(log(n))^2",0.74
844,1000,2,"T_Copula",2000,-2,"0.1(log(n))^2",0.76
845,1000,2,"T_Copula",2000,-2,"0.1(log(n))^2",0.42
846,1000,2,"T_Copula",2000,-2,"0.1(log(n))^2",0.72
847,1000,2,"T_Copula",2000,-2,"0.1(log(n))^2",0.5
848,1000,2,"T_Copula",2000,-2,"0.1(log(n))^2",0.05
849,1000,2,"T_Copula",2000,-2,"0.1(log(n))^2",0.72
850,1000,2,"T_Copula",2000,-2,"0.1(log(n))^2",0.6
851,1000,2,"T_Copula",2000,-2,"0.1(log(n))^2",0.52
852,1000,2,"T_Copula",2000,-2,"0.1(log(n))^2",0.55
853,1000,2,"T_Copula",2000,-2,"0.1(log(n))^2",0.12
854,1000,2,"T_Copula",2000,-2,"0.1(log(n))^2",0.85
855,1000,2,"T_Copula",2000,-2,"0.1(log(n))^2",0.5
856,1000,2,"T_Copula",2000,-2,"0.1(log(n))^2",0.42
857,1000,2,"T_Copula",2000,-2,"0.1(log(n))^2",0.49
858,1000,2,"T_Copula",2000,-2,"0.1(log(n))^2",0.5
859,1000,2,"T_Copula",2000,-2,"0.1(log(n))^2",0.21
860,1000,2,"T_Copula",2000,-2,"0.1(log(n))^2",0.53
861,1000,2,"T_Copula",2000,-2,"0.1(log(n))^2",0.55
862,1000,2,"T_Copula",2000,-2,"0.1(log(n))^2",0.77
863,1000,2,"T_Copula",2000,-2,"0.1(log(n))^2",0.12
864,1000,2,"T_Copula",2000,-2,"0.1(log(n))^2",0.4
865,1000,2,"T_Copula",2000,-2,"0.1(log(n))^2",0.9
866,1000,2,"T_Copula",2000,-2,"0.1(log(n))^2",0.19
867,1000,2,"T_Copula",2000,-2,"0.1(log(n))^2",0.85
868,1000,2,"T_Copula",2000,-2,"0.1(log(n))^2",0.62
869,1000,2,"T_Copula",2000,-2,"0.1(log(n))^2",0.88
870,1000,2,"T_Copula",2000,-2,"0.1(log(n))^2",0.52
871,1000,2,"T_Copula",2000,-2,"0.1(log(n))^2",0.73
872,1000,2,"T_Copula",2000,-2,"0.1(log(n))^2",0.24
873,1000,2,"T_Copula",2000,-2,"0.1(log(n))^2",0.22
874,1000,2,"T_Copula",2000,-2,"0.1(log(n))^2",0.05
875,1000,2,"T_Copula",2000,-2,"0.1(log(n))^2",0.34
876,1000,2,"T_Copula",2000,-2,"0.1(log(n))^2",0.37
877,1000,2,"T_Copula",2000,-2,"0.1(log(n))^2",0.63
878,1000,2,"T_Copula",2000,-2,"0.1(log(n))^2",0.62
879,1000,2,"T_Copula",2000,-2,"0.1(log(n))^2",0.29
880,1000,2,"T_Copula",2000,-2,"0.1(log(n))^2",0.61
881,1000,2,"T_Copula",2000,-2,"0.1(log(n))^2",0.55
882,1000,2,"T_Copula",2000,-2,"0.1(log(n))^2",0.89
883,1000,2,"T_Copula",2000,-2,"0.1(log(n))^2",0.33
884,1000,2,"T_Copula",2000,-2,"0.1(log(n))^2",0.16
885,1000,2,"T_Copula",2000,-2,"0.1(log(n))^2",0.06
886,1000,2,"T_Copula",2000,-2,"0.1(log(n))^2",0.62
887,1000,2,"T_Copula",2000,-2,"0.1(log(n))^2",0.86
888,1000,2,"T_Copula",2000,-2,"0.1(log(n))^2",0.71
889,1000,2,"T_Copula",2000,-2,"0.1(log(n))^2",0.08
890,1000,2,"T_Copula",2000,-2,"0.1(log(n))^2",0.78
891,1000,2,"T_Copula",2000,-2,"0.1(log(n))^2",0.12
892,1000,2,"T_Copula",2000,-2,"0.1(log(n))^2",0.63
893,1000,2,"T_Copula",2000,-2,"0.1(log(n))^2",0.78
894,1000,2,"T_Copula",2000,-2,"0.1(log(n))^2",0.55
895,1000,2,"T_Copula",2000,-2,"0.1(log(n))^2",0.49
896,1000,2,"T_Copula",2000,-2,"0.1(log(n))^2",0.92
897,1000,2,"T_Copula",2000,-2,"0.1(log(n))^2",0.32
898,1000,2,"T_Copula",2000,-2,"0.1(log(n))^2",0.18
899,1000,2,"T_Copula",2000,-2,"0.1(log(n))^2",0.12
900,1000,2,"T_Copula",2000,-2,"0.1(log(n))^2",0.47
901,1000,2,"T_Copula",2000,-2,"0.1(log(n))^2",0.78
902,1000,2,"T_Copula",2000,-2,"0.1(log(n))^2",0.86
903,1000,2,"T_Copula",2000,-2,"0.1(log(n))^2",0.55
904,1000,2,"T_Copula",2000,-2,"0.1(log(n))^2",0.38
905,1000,2,"T_Copula",2000,-2,"0.1(log(n))^2",0.68
906,1000,2,"T_Copula",2000,-2,"0.1(log(n))^2",0.42
907,1000,2,"T_Copula",2000,-2,"0.1(log(n))^2",0.75
908,1000,2,"T_Copula",2000,-2,"0.1(log(n))^2",0.39
909,1000,2,"T_Copula",2000,-2,"0.1(log(n))^2",0.51
910,1000,2,"T_Copula",2000,-2,"0.1(log(n))^2",0.2
911,1000,2,"T_Copula",2000,-2,"0.1(log(n))^2",0.41
912,1000,2,"T_Copula",2000,-2,"0.1(log(n))^2",0.48
913,1000,2,"T_Copula",2000,-2,"0.1(log(n))^2",0.65
914,1000,2,"T_Copula",2000,-2,"0.1(log(n))^2",0.74
915,1000,2,"T_Copula",2000,-2,"0.1(log(n))^2",0.86
916,1000,2,"T_Copula",2000,-2,"0.1(log(n))^2",0.64
917,1000,2,"T_Copula",2000,-2,"0.1(log(n))^2",0.55
918,1000,2,"T_Copula",2000,-2,"0.1(log(n))^2",0.9
919,1000,2,"T_Copula",2000,-2,"0.1(log(n))^2",0.59
920,1000,2,"T_Copula",2000,-2,"0.1(log(n))^2",0.61
921,1000,2,"T_Copula",2000,-2,"0.1(log(n))^2",0.88
922,1000,2,"T_Copula",2000,-2,"0.1(log(n))^2",0.45
923,1000,2,"T_Copula",2000,-2,"0.1(log(n))^2",0.42
924,1000,2,"T_Copula",2000,-2,"0.1(log(n))^2",0.4
925,1000,2,"T_Copula",2000,-2,"0.1(log(n))^2",0.06
926,1000,2,"T_Copula",2000,-2,"0.1(log(n))^2",0.5
927,1000,2,"T_Copula",2000,-2,"0.1(log(n))^2",0.75
928,1000,2,"T_Copula",2000,-2,"0.1(log(n))^2",0.47
929,1000,2,"T_Copula",2000,-2,"0.1(log(n))^2",0.55
930,1000,2,"T_Copula",2000,-2,"0.1(log(n))^2",0.27
931,1000,2,"T_Copula",2000,-2,"0.1(log(n))^2",0.15
932,1000,2,"T_Copula",2000,-2,"0.1(log(n))^2",0.37
933,1000,2,"T_Copula",2000,-2,"0.1(log(n))^2",0.58
934,1000,2,"T_Copula",2000,-2,"0.1(log(n))^2",0.3
935,1000,2,"T_Copula",2000,-2,"0.1(log(n))^2",0.54
936,1000,2,"T_Copula",2000,-2,"0.1(log(n))^2",0.49
937,1000,2,"T_Copula",2000,-2,"0.1(log(n))^2",0.92
938,1000,2,"T_Copula",2000,-2,"0.1(log(n))^2",0.85
939,1000,2,"T_Copula",2000,-2,"0.1(log(n))^2",0.92
940,1000,2,"T_Copula",2000,-2,"0.1(log(n))^2",0.68
941,1000,2,"T_Copula",2000,-2,"0.1(log(n))^2",0.11
942,1000,2,"T_Copula",2000,-2,"0.1(log(n))^2",0.57
943,1000,2,"T_Copula",2000,-2,"0.1(log(n))^2",0.82
944,1000,2,"T_Copula",2000,-2,"0.1(log(n))^2",0.74
945,1000,2,"T_Copula",2000,-2,"0.1(log(n))^2",0.57
946,1000,2,"T_Copula",2000,-2,"0.1(log(n))^2",0.12
947,1000,2,"T_Copula",2000,-2,"0.1(log(n))^2",0.11
948,1000,2,"T_Copula",2000,-2,"0.1(log(n))^2",0.8
949,1000,2,"T_Copula",2000,-2,"0.1(log(n))^2",0.75
950,1000,2,"T_Copula",2000,-2,"0.1(log(n))^2",0.81
951,1000,2,"T_Copula",2000,-2,"0.1(log(n))^2",0.55
952,1000,2,"T_Copula",2000,-2,"0.1(log(n))^2",0.17
953,1000,2,"T_Copula",2000,-2,"0.1(log(n))^2",0.94
954,1000,2,"T_Copula",2000,-2,"0.1(log(n))^2",0.41
955,1000,2,"T_Copula",2000,-2,"0.1(log(n))^2",0.3
956,1000,2,"T_Copula",2000,-2,"0.1(log(n))^2",0.29
957,1000,2,"T_Copula",2000,-2,"0.1(log(n))^2",0.47
958,1000,2,"T_Copula",2000,-2,"0.1(log(n))^2",0.79
959,1000,2,"T_Copula",2000,-2,"0.1(log(n))^2",0.29
960,1000,2,"T_Copula",2000,-2,"0.1(log(n))^2",0.74
961,1000,2,"T_Copula",2000,-2,"0.1(log(n))^2",0.54
962,1000,2,"T_Copula",2000,-2,"0.1(log(n))^2",0.35
963,1000,2,"T_Copula",2000,-2,"0.1(log(n))^2",0.17
964,1000,2,"T_Copula",2000,-2,"0.1(log(n))^2",0.65
965,1000,2,"T_Copula",2000,-2,"0.1(log(n))^2",0.76
966,1000,2,"T_Copula",2000,-2,"0.1(log(n))^2",0.76
967,1000,2,"T_Copula",2000,-2,"0.1(log(n))^2",0.8
968,1000,2,"T_Copula",2000,-2,"0.1(log(n))^2",0.72
969,1000,2,"T_Copula",2000,-2,"0.1(log(n))^2",0.55
970,1000,2,"T_Copula",2000,-2,"0.1(log(n))^2",0.41
971,1000,2,"T_Copula",2000,-2,"0.1(log(n))^2",0.54
972,1000,2,"T_Copula",2000,-2,"0.1(log(n))^2",0.44
973,1000,2,"T_Copula",2000,-2,"0.1(log(n))^2",0.75
974,1000,2,"T_Copula",2000,-2,"0.1(log(n))^2",0.88
975,1000,2,"T_Copula",2000,-2,"0.1(log(n))^2",0.91
976,1000,2,"T_Copula",2000,-2,"0.1(log(n))^2",0.44
977,1000,2,"T_Copula",2000,-2,"0.1(log(n))^2",0.98
978,1000,2,"T_Copula",2000,-2,"0.1(log(n))^2",0.36
979,1000,2,"T_Copula",2000,-2,"0.1(log(n))^2",0.86
980,1000,2,"T_Copula",2000,-2,"0.1(log(n))^2",0.15
981,1000,2,"T_Copula",2000,-2,"0.1(log(n))^2",0.68
982,1000,2,"T_Copula",2000,-2,"0.1(log(n))^2",0.48
983,1000,2,"T_Copula",2000,-2,"0.1(log(n))^2",0.82
984,1000,2,"T_Copula",2000,-2,"0.1(log(n))^2",0.79
985,1000,2,"T_Copula",2000,-2,"0.1(log(n))^2",0.65
986,1000,2,"T_Copula",2000,-2,"0.1(log(n))^2",0.19
987,1000,2,"T_Copula",2000,-2,"0.1(log(n))^2",0.39
988,1000,2,"T_Copula",2000,-2,"0.1(log(n))^2",0.52
989,1000,2,"T_Copula",2000,-2,"0.1(log(n))^2",0.36
990,1000,2,"T_Copula",2000,-2,"0.1(log(n))^2",0.71
991,1000,2,"T_Copula",2000,-2,"0.1(log(n))^2",0.17
992,1000,2,"T_Copula",2000,-2,"0.1(log(n))^2",0.79
993,1000,2,"T_Copula",2000,-2,"0.1(log(n))^2",0.63
994,1000,2,"T_Copula",2000,-2,"0.1(log(n))^2",0.27
995,1000,2,"T_Copula",2000,-2,"0.1(log(n))^2",0.53
996,1000,2,"T_Copula",2000,-2,"0.1(log(n))^2",0.07
997,1000,2,"T_Copula",2000,-2,"0.1(log(n))^2",0.68
998,1000,2,"T_Copula",2000,-2,"0.1(log(n))^2",0.37
999,1000,2,"T_Copula",2000,-2,"0.1(log(n))^2",0.63
1000,1000,2,"T_Copula",2000,-2,"0.1(log(n))^2",0.94
