"iteration","level","d","dgp_name","n_values","tau","L_n_type","stat"
1,1000,5,"T_Copula_Sine",2000,-2,"1(log(n))^2",0.56
2,1000,5,"T_Copula_Sine",2000,-2,"1(log(n))^2",0.24
3,1000,5,"T_Copula_Sine",2000,-2,"1(log(n))^2",0.8
4,1000,5,"T_Copula_Sine",2000,-2,"1(log(n))^2",0.07
5,1000,5,"T_Copula_Sine",2000,-2,"1(log(n))^2",0.18
6,1000,5,"T_Copula_Sine",2000,-2,"1(log(n))^2",0.52
7,1000,5,"T_Copula_Sine",2000,-2,"1(log(n))^2",0.22
8,1000,5,"T_Copula_Sine",2000,-2,"1(log(n))^2",0.17
9,1000,5,"T_Copula_Sine",2000,-2,"1(log(n))^2",0.28
10,1000,5,"T_Copula_Sine",2000,-2,"1(log(n))^2",0.31
11,1000,5,"T_Copula_Sine",2000,-2,"1(log(n))^2",0.45
12,1000,5,"T_Copula_Sine",2000,-2,"1(log(n))^2",0.73
13,1000,5,"T_Copula_Sine",2000,-2,"1(log(n))^2",0.15
14,1000,5,"T_Copula_Sine",2000,-2,"1(log(n))^2",0.36
15,1000,5,"T_Copula_Sine",2000,-2,"1(log(n))^2",0.85
16,1000,5,"T_Copula_Sine",2000,-2,"1(log(n))^2",0.37
17,1000,5,"T_Copula_Sine",2000,-2,"1(log(n))^2",0.31
18,1000,5,"T_Copula_Sine",2000,-2,"1(log(n))^2",0.99
19,1000,5,"T_Copula_Sine",2000,-2,"1(log(n))^2",0.19
20,1000,5,"T_Copula_Sine",2000,-2,"1(log(n))^2",0.22
21,1000,5,"T_Copula_Sine",2000,-2,"1(log(n))^2",0.76
22,1000,5,"T_Copula_Sine",2000,-2,"1(log(n))^2",0.94
23,1000,5,"T_Copula_Sine",2000,-2,"1(log(n))^2",0.31
24,1000,5,"T_Copula_Sine",2000,-2,"1(log(n))^2",0.09
25,1000,5,"T_Copula_Sine",2000,-2,"1(log(n))^2",0.4
26,1000,5,"T_Copula_Sine",2000,-2,"1(log(n))^2",0.84
27,1000,5,"T_Copula_Sine",2000,-2,"1(log(n))^2",0.59
28,1000,5,"T_Copula_Sine",2000,-2,"1(log(n))^2",0.5
29,1000,5,"T_Copula_Sine",2000,-2,"1(log(n))^2",0.36
30,1000,5,"T_Copula_Sine",2000,-2,"1(log(n))^2",0.38
31,1000,5,"T_Copula_Sine",2000,-2,"1(log(n))^2",0.54
32,1000,5,"T_Copula_Sine",2000,-2,"1(log(n))^2",0.71
33,1000,5,"T_Copula_Sine",2000,-2,"1(log(n))^2",0.39
34,1000,5,"T_Copula_Sine",2000,-2,"1(log(n))^2",0.44
35,1000,5,"T_Copula_Sine",2000,-2,"1(log(n))^2",0.04
36,1000,5,"T_Copula_Sine",2000,-2,"1(log(n))^2",1
37,1000,5,"T_Copula_Sine",2000,-2,"1(log(n))^2",0.17
38,1000,5,"T_Copula_Sine",2000,-2,"1(log(n))^2",0.04
39,1000,5,"T_Copula_Sine",2000,-2,"1(log(n))^2",0.83
40,1000,5,"T_Copula_Sine",2000,-2,"1(log(n))^2",0.18
41,1000,5,"T_Copula_Sine",2000,-2,"1(log(n))^2",0.35
42,1000,5,"T_Copula_Sine",2000,-2,"1(log(n))^2",0.42
43,1000,5,"T_Copula_Sine",2000,-2,"1(log(n))^2",0.62
44,1000,5,"T_Copula_Sine",2000,-2,"1(log(n))^2",0.32
45,1000,5,"T_Copula_Sine",2000,-2,"1(log(n))^2",0.16
46,1000,5,"T_Copula_Sine",2000,-2,"1(log(n))^2",0.8
47,1000,5,"T_Copula_Sine",2000,-2,"1(log(n))^2",0.44
48,1000,5,"T_Copula_Sine",2000,-2,"1(log(n))^2",0.71
49,1000,5,"T_Copula_Sine",2000,-2,"1(log(n))^2",0.22
50,1000,5,"T_Copula_Sine",2000,-2,"1(log(n))^2",0.3
51,1000,5,"T_Copula_Sine",2000,-2,"1(log(n))^2",0.42
52,1000,5,"T_Copula_Sine",2000,-2,"1(log(n))^2",0.62
53,1000,5,"T_Copula_Sine",2000,-2,"1(log(n))^2",0.06
54,1000,5,"T_Copula_Sine",2000,-2,"1(log(n))^2",0.15
55,1000,5,"T_Copula_Sine",2000,-2,"1(log(n))^2",0.79
56,1000,5,"T_Copula_Sine",2000,-2,"1(log(n))^2",0.84
57,1000,5,"T_Copula_Sine",2000,-2,"1(log(n))^2",0.23
58,1000,5,"T_Copula_Sine",2000,-2,"1(log(n))^2",0.99
59,1000,5,"T_Copula_Sine",2000,-2,"1(log(n))^2",0.62
60,1000,5,"T_Copula_Sine",2000,-2,"1(log(n))^2",0.81
61,1000,5,"T_Copula_Sine",2000,-2,"1(log(n))^2",0.53
62,1000,5,"T_Copula_Sine",2000,-2,"1(log(n))^2",0.6
63,1000,5,"T_Copula_Sine",2000,-2,"1(log(n))^2",0.33
64,1000,5,"T_Copula_Sine",2000,-2,"1(log(n))^2",0.9
65,1000,5,"T_Copula_Sine",2000,-2,"1(log(n))^2",0.14
66,1000,5,"T_Copula_Sine",2000,-2,"1(log(n))^2",0.05
67,1000,5,"T_Copula_Sine",2000,-2,"1(log(n))^2",0.92
68,1000,5,"T_Copula_Sine",2000,-2,"1(log(n))^2",0.37
69,1000,5,"T_Copula_Sine",2000,-2,"1(log(n))^2",0.31
70,1000,5,"T_Copula_Sine",2000,-2,"1(log(n))^2",0.1
71,1000,5,"T_Copula_Sine",2000,-2,"1(log(n))^2",0.41
72,1000,5,"T_Copula_Sine",2000,-2,"1(log(n))^2",0.46
73,1000,5,"T_Copula_Sine",2000,-2,"1(log(n))^2",0.73
74,1000,5,"T_Copula_Sine",2000,-2,"1(log(n))^2",0.14
75,1000,5,"T_Copula_Sine",2000,-2,"1(log(n))^2",0.79
76,1000,5,"T_Copula_Sine",2000,-2,"1(log(n))^2",0.98
77,1000,5,"T_Copula_Sine",2000,-2,"1(log(n))^2",0.12
78,1000,5,"T_Copula_Sine",2000,-2,"1(log(n))^2",0.31
79,1000,5,"T_Copula_Sine",2000,-2,"1(log(n))^2",0.46
80,1000,5,"T_Copula_Sine",2000,-2,"1(log(n))^2",1
81,1000,5,"T_Copula_Sine",2000,-2,"1(log(n))^2",0.17
82,1000,5,"T_Copula_Sine",2000,-2,"1(log(n))^2",0.94
83,1000,5,"T_Copula_Sine",2000,-2,"1(log(n))^2",0.04
84,1000,5,"T_Copula_Sine",2000,-2,"1(log(n))^2",0.5
85,1000,5,"T_Copula_Sine",2000,-2,"1(log(n))^2",0.29
86,1000,5,"T_Copula_Sine",2000,-2,"1(log(n))^2",0.68
87,1000,5,"T_Copula_Sine",2000,-2,"1(log(n))^2",0.96
88,1000,5,"T_Copula_Sine",2000,-2,"1(log(n))^2",0.73
89,1000,5,"T_Copula_Sine",2000,-2,"1(log(n))^2",0.4
90,1000,5,"T_Copula_Sine",2000,-2,"1(log(n))^2",0.02
91,1000,5,"T_Copula_Sine",2000,-2,"1(log(n))^2",0.48
92,1000,5,"T_Copula_Sine",2000,-2,"1(log(n))^2",0.75
93,1000,5,"T_Copula_Sine",2000,-2,"1(log(n))^2",0.12
94,1000,5,"T_Copula_Sine",2000,-2,"1(log(n))^2",0.07
95,1000,5,"T_Copula_Sine",2000,-2,"1(log(n))^2",1
96,1000,5,"T_Copula_Sine",2000,-2,"1(log(n))^2",0.34
97,1000,5,"T_Copula_Sine",2000,-2,"1(log(n))^2",0.44
98,1000,5,"T_Copula_Sine",2000,-2,"1(log(n))^2",0.12
99,1000,5,"T_Copula_Sine",2000,-2,"1(log(n))^2",0.56
100,1000,5,"T_Copula_Sine",2000,-2,"1(log(n))^2",0.92
101,1000,5,"T_Copula_Sine",2000,-2,"1(log(n))^2",0.47
102,1000,5,"T_Copula_Sine",2000,-2,"1(log(n))^2",0.93
103,1000,5,"T_Copula_Sine",2000,-2,"1(log(n))^2",0.7
104,1000,5,"T_Copula_Sine",2000,-2,"1(log(n))^2",0.65
105,1000,5,"T_Copula_Sine",2000,-2,"1(log(n))^2",0.57
106,1000,5,"T_Copula_Sine",2000,-2,"1(log(n))^2",0.25
107,1000,5,"T_Copula_Sine",2000,-2,"1(log(n))^2",0.93
108,1000,5,"T_Copula_Sine",2000,-2,"1(log(n))^2",0.52
109,1000,5,"T_Copula_Sine",2000,-2,"1(log(n))^2",0.44
110,1000,5,"T_Copula_Sine",2000,-2,"1(log(n))^2",0.35
111,1000,5,"T_Copula_Sine",2000,-2,"1(log(n))^2",0.34
112,1000,5,"T_Copula_Sine",2000,-2,"1(log(n))^2",0.86
113,1000,5,"T_Copula_Sine",2000,-2,"1(log(n))^2",0.41
114,1000,5,"T_Copula_Sine",2000,-2,"1(log(n))^2",0.31
115,1000,5,"T_Copula_Sine",2000,-2,"1(log(n))^2",0.41
116,1000,5,"T_Copula_Sine",2000,-2,"1(log(n))^2",0.95
117,1000,5,"T_Copula_Sine",2000,-2,"1(log(n))^2",0.34
118,1000,5,"T_Copula_Sine",2000,-2,"1(log(n))^2",0.24
119,1000,5,"T_Copula_Sine",2000,-2,"1(log(n))^2",0.96
120,1000,5,"T_Copula_Sine",2000,-2,"1(log(n))^2",0.42
121,1000,5,"T_Copula_Sine",2000,-2,"1(log(n))^2",0.09
122,1000,5,"T_Copula_Sine",2000,-2,"1(log(n))^2",0.51
123,1000,5,"T_Copula_Sine",2000,-2,"1(log(n))^2",0.16
124,1000,5,"T_Copula_Sine",2000,-2,"1(log(n))^2",0.07
125,1000,5,"T_Copula_Sine",2000,-2,"1(log(n))^2",0.46
126,1000,5,"T_Copula_Sine",2000,-2,"1(log(n))^2",0.21
127,1000,5,"T_Copula_Sine",2000,-2,"1(log(n))^2",0.96
128,1000,5,"T_Copula_Sine",2000,-2,"1(log(n))^2",0.01
129,1000,5,"T_Copula_Sine",2000,-2,"1(log(n))^2",0.86
130,1000,5,"T_Copula_Sine",2000,-2,"1(log(n))^2",0.62
131,1000,5,"T_Copula_Sine",2000,-2,"1(log(n))^2",0.6
132,1000,5,"T_Copula_Sine",2000,-2,"1(log(n))^2",0.43
133,1000,5,"T_Copula_Sine",2000,-2,"1(log(n))^2",0.24
134,1000,5,"T_Copula_Sine",2000,-2,"1(log(n))^2",0.25
135,1000,5,"T_Copula_Sine",2000,-2,"1(log(n))^2",0.99
136,1000,5,"T_Copula_Sine",2000,-2,"1(log(n))^2",0.06
137,1000,5,"T_Copula_Sine",2000,-2,"1(log(n))^2",0.88
138,1000,5,"T_Copula_Sine",2000,-2,"1(log(n))^2",0.46
139,1000,5,"T_Copula_Sine",2000,-2,"1(log(n))^2",0.83
140,1000,5,"T_Copula_Sine",2000,-2,"1(log(n))^2",0.25
141,1000,5,"T_Copula_Sine",2000,-2,"1(log(n))^2",0.53
142,1000,5,"T_Copula_Sine",2000,-2,"1(log(n))^2",0.61
143,1000,5,"T_Copula_Sine",2000,-2,"1(log(n))^2",0.27
144,1000,5,"T_Copula_Sine",2000,-2,"1(log(n))^2",0.55
145,1000,5,"T_Copula_Sine",2000,-2,"1(log(n))^2",0.64
146,1000,5,"T_Copula_Sine",2000,-2,"1(log(n))^2",0.43
147,1000,5,"T_Copula_Sine",2000,-2,"1(log(n))^2",0.56
148,1000,5,"T_Copula_Sine",2000,-2,"1(log(n))^2",0.88
149,1000,5,"T_Copula_Sine",2000,-2,"1(log(n))^2",0.11
150,1000,5,"T_Copula_Sine",2000,-2,"1(log(n))^2",0.52
151,1000,5,"T_Copula_Sine",2000,-2,"1(log(n))^2",0.67
152,1000,5,"T_Copula_Sine",2000,-2,"1(log(n))^2",0.01
153,1000,5,"T_Copula_Sine",2000,-2,"1(log(n))^2",0.17
154,1000,5,"T_Copula_Sine",2000,-2,"1(log(n))^2",0.78
155,1000,5,"T_Copula_Sine",2000,-2,"1(log(n))^2",0.53
156,1000,5,"T_Copula_Sine",2000,-2,"1(log(n))^2",0.4
157,1000,5,"T_Copula_Sine",2000,-2,"1(log(n))^2",0.22
158,1000,5,"T_Copula_Sine",2000,-2,"1(log(n))^2",0.36
159,1000,5,"T_Copula_Sine",2000,-2,"1(log(n))^2",0.4
160,1000,5,"T_Copula_Sine",2000,-2,"1(log(n))^2",0.32
161,1000,5,"T_Copula_Sine",2000,-2,"1(log(n))^2",0.27
162,1000,5,"T_Copula_Sine",2000,-2,"1(log(n))^2",0.61
163,1000,5,"T_Copula_Sine",2000,-2,"1(log(n))^2",0.88
164,1000,5,"T_Copula_Sine",2000,-2,"1(log(n))^2",0.38
165,1000,5,"T_Copula_Sine",2000,-2,"1(log(n))^2",0.1
166,1000,5,"T_Copula_Sine",2000,-2,"1(log(n))^2",0.1
167,1000,5,"T_Copula_Sine",2000,-2,"1(log(n))^2",0.69
168,1000,5,"T_Copula_Sine",2000,-2,"1(log(n))^2",0.77
169,1000,5,"T_Copula_Sine",2000,-2,"1(log(n))^2",0.24
170,1000,5,"T_Copula_Sine",2000,-2,"1(log(n))^2",0.46
171,1000,5,"T_Copula_Sine",2000,-2,"1(log(n))^2",0.59
172,1000,5,"T_Copula_Sine",2000,-2,"1(log(n))^2",0.11
173,1000,5,"T_Copula_Sine",2000,-2,"1(log(n))^2",0.37
174,1000,5,"T_Copula_Sine",2000,-2,"1(log(n))^2",0.14
175,1000,5,"T_Copula_Sine",2000,-2,"1(log(n))^2",0.28
176,1000,5,"T_Copula_Sine",2000,-2,"1(log(n))^2",0.71
177,1000,5,"T_Copula_Sine",2000,-2,"1(log(n))^2",0.46
178,1000,5,"T_Copula_Sine",2000,-2,"1(log(n))^2",0.39
179,1000,5,"T_Copula_Sine",2000,-2,"1(log(n))^2",0.04
180,1000,5,"T_Copula_Sine",2000,-2,"1(log(n))^2",0.24
181,1000,5,"T_Copula_Sine",2000,-2,"1(log(n))^2",0.62
182,1000,5,"T_Copula_Sine",2000,-2,"1(log(n))^2",0.91
183,1000,5,"T_Copula_Sine",2000,-2,"1(log(n))^2",0.34
184,1000,5,"T_Copula_Sine",2000,-2,"1(log(n))^2",0.05
185,1000,5,"T_Copula_Sine",2000,-2,"1(log(n))^2",0.58
186,1000,5,"T_Copula_Sine",2000,-2,"1(log(n))^2",0.7
187,1000,5,"T_Copula_Sine",2000,-2,"1(log(n))^2",0.22
188,1000,5,"T_Copula_Sine",2000,-2,"1(log(n))^2",0.08
189,1000,5,"T_Copula_Sine",2000,-2,"1(log(n))^2",0.45
190,1000,5,"T_Copula_Sine",2000,-2,"1(log(n))^2",0.83
191,1000,5,"T_Copula_Sine",2000,-2,"1(log(n))^2",0.48
192,1000,5,"T_Copula_Sine",2000,-2,"1(log(n))^2",0.22
193,1000,5,"T_Copula_Sine",2000,-2,"1(log(n))^2",0.96
194,1000,5,"T_Copula_Sine",2000,-2,"1(log(n))^2",0.29
195,1000,5,"T_Copula_Sine",2000,-2,"1(log(n))^2",0.52
196,1000,5,"T_Copula_Sine",2000,-2,"1(log(n))^2",0.55
197,1000,5,"T_Copula_Sine",2000,-2,"1(log(n))^2",0.61
198,1000,5,"T_Copula_Sine",2000,-2,"1(log(n))^2",0.83
199,1000,5,"T_Copula_Sine",2000,-2,"1(log(n))^2",0.76
200,1000,5,"T_Copula_Sine",2000,-2,"1(log(n))^2",0.38
201,1000,5,"T_Copula_Sine",2000,-2,"1(log(n))^2",0.88
202,1000,5,"T_Copula_Sine",2000,-2,"1(log(n))^2",0.34
203,1000,5,"T_Copula_Sine",2000,-2,"1(log(n))^2",0.57
204,1000,5,"T_Copula_Sine",2000,-2,"1(log(n))^2",0.43
205,1000,5,"T_Copula_Sine",2000,-2,"1(log(n))^2",0.66
206,1000,5,"T_Copula_Sine",2000,-2,"1(log(n))^2",0.2
207,1000,5,"T_Copula_Sine",2000,-2,"1(log(n))^2",0.1
208,1000,5,"T_Copula_Sine",2000,-2,"1(log(n))^2",0.31
209,1000,5,"T_Copula_Sine",2000,-2,"1(log(n))^2",0.64
210,1000,5,"T_Copula_Sine",2000,-2,"1(log(n))^2",0.55
211,1000,5,"T_Copula_Sine",2000,-2,"1(log(n))^2",0.29
212,1000,5,"T_Copula_Sine",2000,-2,"1(log(n))^2",0.18
213,1000,5,"T_Copula_Sine",2000,-2,"1(log(n))^2",0.43
214,1000,5,"T_Copula_Sine",2000,-2,"1(log(n))^2",0.94
215,1000,5,"T_Copula_Sine",2000,-2,"1(log(n))^2",0.07
216,1000,5,"T_Copula_Sine",2000,-2,"1(log(n))^2",0.1
217,1000,5,"T_Copula_Sine",2000,-2,"1(log(n))^2",0.96
218,1000,5,"T_Copula_Sine",2000,-2,"1(log(n))^2",0.57
219,1000,5,"T_Copula_Sine",2000,-2,"1(log(n))^2",0.45
220,1000,5,"T_Copula_Sine",2000,-2,"1(log(n))^2",0.57
221,1000,5,"T_Copula_Sine",2000,-2,"1(log(n))^2",0.34
222,1000,5,"T_Copula_Sine",2000,-2,"1(log(n))^2",0.5
223,1000,5,"T_Copula_Sine",2000,-2,"1(log(n))^2",0.22
224,1000,5,"T_Copula_Sine",2000,-2,"1(log(n))^2",0.15
225,1000,5,"T_Copula_Sine",2000,-2,"1(log(n))^2",0.65
226,1000,5,"T_Copula_Sine",2000,-2,"1(log(n))^2",0.3
227,1000,5,"T_Copula_Sine",2000,-2,"1(log(n))^2",0.31
228,1000,5,"T_Copula_Sine",2000,-2,"1(log(n))^2",0.69
229,1000,5,"T_Copula_Sine",2000,-2,"1(log(n))^2",0.65
230,1000,5,"T_Copula_Sine",2000,-2,"1(log(n))^2",0.1
231,1000,5,"T_Copula_Sine",2000,-2,"1(log(n))^2",0.58
232,1000,5,"T_Copula_Sine",2000,-2,"1(log(n))^2",0.65
233,1000,5,"T_Copula_Sine",2000,-2,"1(log(n))^2",0.52
234,1000,5,"T_Copula_Sine",2000,-2,"1(log(n))^2",0.72
235,1000,5,"T_Copula_Sine",2000,-2,"1(log(n))^2",0.05
236,1000,5,"T_Copula_Sine",2000,-2,"1(log(n))^2",0.18
237,1000,5,"T_Copula_Sine",2000,-2,"1(log(n))^2",0.86
238,1000,5,"T_Copula_Sine",2000,-2,"1(log(n))^2",0.85
239,1000,5,"T_Copula_Sine",2000,-2,"1(log(n))^2",0.03
240,1000,5,"T_Copula_Sine",2000,-2,"1(log(n))^2",0.54
241,1000,5,"T_Copula_Sine",2000,-2,"1(log(n))^2",0.58
242,1000,5,"T_Copula_Sine",2000,-2,"1(log(n))^2",0.7
243,1000,5,"T_Copula_Sine",2000,-2,"1(log(n))^2",0.24
244,1000,5,"T_Copula_Sine",2000,-2,"1(log(n))^2",0.93
245,1000,5,"T_Copula_Sine",2000,-2,"1(log(n))^2",0.69
246,1000,5,"T_Copula_Sine",2000,-2,"1(log(n))^2",0.24
247,1000,5,"T_Copula_Sine",2000,-2,"1(log(n))^2",0.99
248,1000,5,"T_Copula_Sine",2000,-2,"1(log(n))^2",0.53
249,1000,5,"T_Copula_Sine",2000,-2,"1(log(n))^2",0.04
250,1000,5,"T_Copula_Sine",2000,-2,"1(log(n))^2",0.96
251,1000,5,"T_Copula_Sine",2000,-2,"1(log(n))^2",0.06
252,1000,5,"T_Copula_Sine",2000,-2,"1(log(n))^2",1
253,1000,5,"T_Copula_Sine",2000,-2,"1(log(n))^2",0.16
254,1000,5,"T_Copula_Sine",2000,-2,"1(log(n))^2",0.58
255,1000,5,"T_Copula_Sine",2000,-2,"1(log(n))^2",0.36
256,1000,5,"T_Copula_Sine",2000,-2,"1(log(n))^2",0.19
257,1000,5,"T_Copula_Sine",2000,-2,"1(log(n))^2",0.01
258,1000,5,"T_Copula_Sine",2000,-2,"1(log(n))^2",0.29
259,1000,5,"T_Copula_Sine",2000,-2,"1(log(n))^2",0.51
260,1000,5,"T_Copula_Sine",2000,-2,"1(log(n))^2",0.67
261,1000,5,"T_Copula_Sine",2000,-2,"1(log(n))^2",0.51
262,1000,5,"T_Copula_Sine",2000,-2,"1(log(n))^2",0.03
263,1000,5,"T_Copula_Sine",2000,-2,"1(log(n))^2",0.88
264,1000,5,"T_Copula_Sine",2000,-2,"1(log(n))^2",0.14
265,1000,5,"T_Copula_Sine",2000,-2,"1(log(n))^2",0.43
266,1000,5,"T_Copula_Sine",2000,-2,"1(log(n))^2",0.75
267,1000,5,"T_Copula_Sine",2000,-2,"1(log(n))^2",0.32
268,1000,5,"T_Copula_Sine",2000,-2,"1(log(n))^2",0.43
269,1000,5,"T_Copula_Sine",2000,-2,"1(log(n))^2",0.34
270,1000,5,"T_Copula_Sine",2000,-2,"1(log(n))^2",0.34
271,1000,5,"T_Copula_Sine",2000,-2,"1(log(n))^2",0.22
272,1000,5,"T_Copula_Sine",2000,-2,"1(log(n))^2",0.35
273,1000,5,"T_Copula_Sine",2000,-2,"1(log(n))^2",0.96
274,1000,5,"T_Copula_Sine",2000,-2,"1(log(n))^2",0.87
275,1000,5,"T_Copula_Sine",2000,-2,"1(log(n))^2",0.2
276,1000,5,"T_Copula_Sine",2000,-2,"1(log(n))^2",0.51
277,1000,5,"T_Copula_Sine",2000,-2,"1(log(n))^2",0.19
278,1000,5,"T_Copula_Sine",2000,-2,"1(log(n))^2",0.36
279,1000,5,"T_Copula_Sine",2000,-2,"1(log(n))^2",0.67
280,1000,5,"T_Copula_Sine",2000,-2,"1(log(n))^2",0.03
281,1000,5,"T_Copula_Sine",2000,-2,"1(log(n))^2",0.73
282,1000,5,"T_Copula_Sine",2000,-2,"1(log(n))^2",0.26
283,1000,5,"T_Copula_Sine",2000,-2,"1(log(n))^2",0.55
284,1000,5,"T_Copula_Sine",2000,-2,"1(log(n))^2",0.47
285,1000,5,"T_Copula_Sine",2000,-2,"1(log(n))^2",0.91
286,1000,5,"T_Copula_Sine",2000,-2,"1(log(n))^2",0.41
287,1000,5,"T_Copula_Sine",2000,-2,"1(log(n))^2",0.8
288,1000,5,"T_Copula_Sine",2000,-2,"1(log(n))^2",0.66
289,1000,5,"T_Copula_Sine",2000,-2,"1(log(n))^2",0.56
290,1000,5,"T_Copula_Sine",2000,-2,"1(log(n))^2",0.42
291,1000,5,"T_Copula_Sine",2000,-2,"1(log(n))^2",0.18
292,1000,5,"T_Copula_Sine",2000,-2,"1(log(n))^2",0.58
293,1000,5,"T_Copula_Sine",2000,-2,"1(log(n))^2",0.94
294,1000,5,"T_Copula_Sine",2000,-2,"1(log(n))^2",0.24
295,1000,5,"T_Copula_Sine",2000,-2,"1(log(n))^2",0.2
296,1000,5,"T_Copula_Sine",2000,-2,"1(log(n))^2",0.98
297,1000,5,"T_Copula_Sine",2000,-2,"1(log(n))^2",0.33
298,1000,5,"T_Copula_Sine",2000,-2,"1(log(n))^2",0.13
299,1000,5,"T_Copula_Sine",2000,-2,"1(log(n))^2",0.47
300,1000,5,"T_Copula_Sine",2000,-2,"1(log(n))^2",0.17
301,1000,5,"T_Copula_Sine",2000,-2,"1(log(n))^2",0.92
302,1000,5,"T_Copula_Sine",2000,-2,"1(log(n))^2",0.82
303,1000,5,"T_Copula_Sine",2000,-2,"1(log(n))^2",0.53
304,1000,5,"T_Copula_Sine",2000,-2,"1(log(n))^2",0.28
305,1000,5,"T_Copula_Sine",2000,-2,"1(log(n))^2",0.07
306,1000,5,"T_Copula_Sine",2000,-2,"1(log(n))^2",0.69
307,1000,5,"T_Copula_Sine",2000,-2,"1(log(n))^2",0.61
308,1000,5,"T_Copula_Sine",2000,-2,"1(log(n))^2",0.83
309,1000,5,"T_Copula_Sine",2000,-2,"1(log(n))^2",0.73
310,1000,5,"T_Copula_Sine",2000,-2,"1(log(n))^2",0.3
311,1000,5,"T_Copula_Sine",2000,-2,"1(log(n))^2",0.62
312,1000,5,"T_Copula_Sine",2000,-2,"1(log(n))^2",0.21
313,1000,5,"T_Copula_Sine",2000,-2,"1(log(n))^2",0.81
314,1000,5,"T_Copula_Sine",2000,-2,"1(log(n))^2",0.7
315,1000,5,"T_Copula_Sine",2000,-2,"1(log(n))^2",0.05
316,1000,5,"T_Copula_Sine",2000,-2,"1(log(n))^2",0.26
317,1000,5,"T_Copula_Sine",2000,-2,"1(log(n))^2",0.82
318,1000,5,"T_Copula_Sine",2000,-2,"1(log(n))^2",0.7
319,1000,5,"T_Copula_Sine",2000,-2,"1(log(n))^2",0.33
320,1000,5,"T_Copula_Sine",2000,-2,"1(log(n))^2",0.33
321,1000,5,"T_Copula_Sine",2000,-2,"1(log(n))^2",0.42
322,1000,5,"T_Copula_Sine",2000,-2,"1(log(n))^2",0.45
323,1000,5,"T_Copula_Sine",2000,-2,"1(log(n))^2",0.59
324,1000,5,"T_Copula_Sine",2000,-2,"1(log(n))^2",0.17
325,1000,5,"T_Copula_Sine",2000,-2,"1(log(n))^2",0.65
326,1000,5,"T_Copula_Sine",2000,-2,"1(log(n))^2",0.39
327,1000,5,"T_Copula_Sine",2000,-2,"1(log(n))^2",0.2
328,1000,5,"T_Copula_Sine",2000,-2,"1(log(n))^2",0.05
329,1000,5,"T_Copula_Sine",2000,-2,"1(log(n))^2",0.09
330,1000,5,"T_Copula_Sine",2000,-2,"1(log(n))^2",0.15
331,1000,5,"T_Copula_Sine",2000,-2,"1(log(n))^2",0.84
332,1000,5,"T_Copula_Sine",2000,-2,"1(log(n))^2",0.48
333,1000,5,"T_Copula_Sine",2000,-2,"1(log(n))^2",0.12
334,1000,5,"T_Copula_Sine",2000,-2,"1(log(n))^2",0.3
335,1000,5,"T_Copula_Sine",2000,-2,"1(log(n))^2",0.34
336,1000,5,"T_Copula_Sine",2000,-2,"1(log(n))^2",0.35
337,1000,5,"T_Copula_Sine",2000,-2,"1(log(n))^2",0.42
338,1000,5,"T_Copula_Sine",2000,-2,"1(log(n))^2",0.92
339,1000,5,"T_Copula_Sine",2000,-2,"1(log(n))^2",0.11
340,1000,5,"T_Copula_Sine",2000,-2,"1(log(n))^2",0.28
341,1000,5,"T_Copula_Sine",2000,-2,"1(log(n))^2",0.91
342,1000,5,"T_Copula_Sine",2000,-2,"1(log(n))^2",0.37
343,1000,5,"T_Copula_Sine",2000,-2,"1(log(n))^2",0.24
344,1000,5,"T_Copula_Sine",2000,-2,"1(log(n))^2",0.54
345,1000,5,"T_Copula_Sine",2000,-2,"1(log(n))^2",0.52
346,1000,5,"T_Copula_Sine",2000,-2,"1(log(n))^2",0.04
347,1000,5,"T_Copula_Sine",2000,-2,"1(log(n))^2",0.08
348,1000,5,"T_Copula_Sine",2000,-2,"1(log(n))^2",0.13
349,1000,5,"T_Copula_Sine",2000,-2,"1(log(n))^2",0.41
350,1000,5,"T_Copula_Sine",2000,-2,"1(log(n))^2",0.28
351,1000,5,"T_Copula_Sine",2000,-2,"1(log(n))^2",0.22
352,1000,5,"T_Copula_Sine",2000,-2,"1(log(n))^2",0.01
353,1000,5,"T_Copula_Sine",2000,-2,"1(log(n))^2",0.1
354,1000,5,"T_Copula_Sine",2000,-2,"1(log(n))^2",0.09
355,1000,5,"T_Copula_Sine",2000,-2,"1(log(n))^2",0.24
356,1000,5,"T_Copula_Sine",2000,-2,"1(log(n))^2",0.66
357,1000,5,"T_Copula_Sine",2000,-2,"1(log(n))^2",0.58
358,1000,5,"T_Copula_Sine",2000,-2,"1(log(n))^2",0.92
359,1000,5,"T_Copula_Sine",2000,-2,"1(log(n))^2",0.6
360,1000,5,"T_Copula_Sine",2000,-2,"1(log(n))^2",0.24
361,1000,5,"T_Copula_Sine",2000,-2,"1(log(n))^2",0.29
362,1000,5,"T_Copula_Sine",2000,-2,"1(log(n))^2",0.56
363,1000,5,"T_Copula_Sine",2000,-2,"1(log(n))^2",0.67
364,1000,5,"T_Copula_Sine",2000,-2,"1(log(n))^2",0.21
365,1000,5,"T_Copula_Sine",2000,-2,"1(log(n))^2",0.8
366,1000,5,"T_Copula_Sine",2000,-2,"1(log(n))^2",0.23
367,1000,5,"T_Copula_Sine",2000,-2,"1(log(n))^2",0.84
368,1000,5,"T_Copula_Sine",2000,-2,"1(log(n))^2",0.2
369,1000,5,"T_Copula_Sine",2000,-2,"1(log(n))^2",0.37
370,1000,5,"T_Copula_Sine",2000,-2,"1(log(n))^2",0.34
371,1000,5,"T_Copula_Sine",2000,-2,"1(log(n))^2",0.96
372,1000,5,"T_Copula_Sine",2000,-2,"1(log(n))^2",0.05
373,1000,5,"T_Copula_Sine",2000,-2,"1(log(n))^2",0.45
374,1000,5,"T_Copula_Sine",2000,-2,"1(log(n))^2",0.28
375,1000,5,"T_Copula_Sine",2000,-2,"1(log(n))^2",0.1
376,1000,5,"T_Copula_Sine",2000,-2,"1(log(n))^2",0.25
377,1000,5,"T_Copula_Sine",2000,-2,"1(log(n))^2",0.51
378,1000,5,"T_Copula_Sine",2000,-2,"1(log(n))^2",0.35
379,1000,5,"T_Copula_Sine",2000,-2,"1(log(n))^2",0.6
380,1000,5,"T_Copula_Sine",2000,-2,"1(log(n))^2",0.27
381,1000,5,"T_Copula_Sine",2000,-2,"1(log(n))^2",0.34
382,1000,5,"T_Copula_Sine",2000,-2,"1(log(n))^2",1
383,1000,5,"T_Copula_Sine",2000,-2,"1(log(n))^2",0.72
384,1000,5,"T_Copula_Sine",2000,-2,"1(log(n))^2",0.7
385,1000,5,"T_Copula_Sine",2000,-2,"1(log(n))^2",0.47
386,1000,5,"T_Copula_Sine",2000,-2,"1(log(n))^2",0.97
387,1000,5,"T_Copula_Sine",2000,-2,"1(log(n))^2",0.72
388,1000,5,"T_Copula_Sine",2000,-2,"1(log(n))^2",1
389,1000,5,"T_Copula_Sine",2000,-2,"1(log(n))^2",0.43
390,1000,5,"T_Copula_Sine",2000,-2,"1(log(n))^2",0.64
391,1000,5,"T_Copula_Sine",2000,-2,"1(log(n))^2",0.87
392,1000,5,"T_Copula_Sine",2000,-2,"1(log(n))^2",0.27
393,1000,5,"T_Copula_Sine",2000,-2,"1(log(n))^2",0.17
394,1000,5,"T_Copula_Sine",2000,-2,"1(log(n))^2",0.46
395,1000,5,"T_Copula_Sine",2000,-2,"1(log(n))^2",0.58
396,1000,5,"T_Copula_Sine",2000,-2,"1(log(n))^2",0.14
397,1000,5,"T_Copula_Sine",2000,-2,"1(log(n))^2",1
398,1000,5,"T_Copula_Sine",2000,-2,"1(log(n))^2",0.24
399,1000,5,"T_Copula_Sine",2000,-2,"1(log(n))^2",0.73
400,1000,5,"T_Copula_Sine",2000,-2,"1(log(n))^2",0.28
401,1000,5,"T_Copula_Sine",2000,-2,"1(log(n))^2",0.6
402,1000,5,"T_Copula_Sine",2000,-2,"1(log(n))^2",0.4
403,1000,5,"T_Copula_Sine",2000,-2,"1(log(n))^2",0.54
404,1000,5,"T_Copula_Sine",2000,-2,"1(log(n))^2",0.6
405,1000,5,"T_Copula_Sine",2000,-2,"1(log(n))^2",0
406,1000,5,"T_Copula_Sine",2000,-2,"1(log(n))^2",0.26
407,1000,5,"T_Copula_Sine",2000,-2,"1(log(n))^2",0.85
408,1000,5,"T_Copula_Sine",2000,-2,"1(log(n))^2",0.27
409,1000,5,"T_Copula_Sine",2000,-2,"1(log(n))^2",0.14
410,1000,5,"T_Copula_Sine",2000,-2,"1(log(n))^2",0.23
411,1000,5,"T_Copula_Sine",2000,-2,"1(log(n))^2",0.69
412,1000,5,"T_Copula_Sine",2000,-2,"1(log(n))^2",0.42
413,1000,5,"T_Copula_Sine",2000,-2,"1(log(n))^2",0.03
414,1000,5,"T_Copula_Sine",2000,-2,"1(log(n))^2",0.19
415,1000,5,"T_Copula_Sine",2000,-2,"1(log(n))^2",0.58
416,1000,5,"T_Copula_Sine",2000,-2,"1(log(n))^2",0.84
417,1000,5,"T_Copula_Sine",2000,-2,"1(log(n))^2",0.93
418,1000,5,"T_Copula_Sine",2000,-2,"1(log(n))^2",0.15
419,1000,5,"T_Copula_Sine",2000,-2,"1(log(n))^2",0.61
420,1000,5,"T_Copula_Sine",2000,-2,"1(log(n))^2",0.99
421,1000,5,"T_Copula_Sine",2000,-2,"1(log(n))^2",0.72
422,1000,5,"T_Copula_Sine",2000,-2,"1(log(n))^2",0.88
423,1000,5,"T_Copula_Sine",2000,-2,"1(log(n))^2",0.16
424,1000,5,"T_Copula_Sine",2000,-2,"1(log(n))^2",0.1
425,1000,5,"T_Copula_Sine",2000,-2,"1(log(n))^2",0.3
426,1000,5,"T_Copula_Sine",2000,-2,"1(log(n))^2",0.69
427,1000,5,"T_Copula_Sine",2000,-2,"1(log(n))^2",0.85
428,1000,5,"T_Copula_Sine",2000,-2,"1(log(n))^2",0.28
429,1000,5,"T_Copula_Sine",2000,-2,"1(log(n))^2",0.05
430,1000,5,"T_Copula_Sine",2000,-2,"1(log(n))^2",0.26
431,1000,5,"T_Copula_Sine",2000,-2,"1(log(n))^2",0.32
432,1000,5,"T_Copula_Sine",2000,-2,"1(log(n))^2",0.59
433,1000,5,"T_Copula_Sine",2000,-2,"1(log(n))^2",0.46
434,1000,5,"T_Copula_Sine",2000,-2,"1(log(n))^2",0.35
435,1000,5,"T_Copula_Sine",2000,-2,"1(log(n))^2",0.39
436,1000,5,"T_Copula_Sine",2000,-2,"1(log(n))^2",0.37
437,1000,5,"T_Copula_Sine",2000,-2,"1(log(n))^2",0.42
438,1000,5,"T_Copula_Sine",2000,-2,"1(log(n))^2",0.64
439,1000,5,"T_Copula_Sine",2000,-2,"1(log(n))^2",0.13
440,1000,5,"T_Copula_Sine",2000,-2,"1(log(n))^2",0.11
441,1000,5,"T_Copula_Sine",2000,-2,"1(log(n))^2",0.92
442,1000,5,"T_Copula_Sine",2000,-2,"1(log(n))^2",0.31
443,1000,5,"T_Copula_Sine",2000,-2,"1(log(n))^2",0.83
444,1000,5,"T_Copula_Sine",2000,-2,"1(log(n))^2",0.59
445,1000,5,"T_Copula_Sine",2000,-2,"1(log(n))^2",0.49
446,1000,5,"T_Copula_Sine",2000,-2,"1(log(n))^2",0.73
447,1000,5,"T_Copula_Sine",2000,-2,"1(log(n))^2",0.19
448,1000,5,"T_Copula_Sine",2000,-2,"1(log(n))^2",0.65
449,1000,5,"T_Copula_Sine",2000,-2,"1(log(n))^2",0.43
450,1000,5,"T_Copula_Sine",2000,-2,"1(log(n))^2",0.35
451,1000,5,"T_Copula_Sine",2000,-2,"1(log(n))^2",0.53
452,1000,5,"T_Copula_Sine",2000,-2,"1(log(n))^2",0.4
453,1000,5,"T_Copula_Sine",2000,-2,"1(log(n))^2",0.01
454,1000,5,"T_Copula_Sine",2000,-2,"1(log(n))^2",0.13
455,1000,5,"T_Copula_Sine",2000,-2,"1(log(n))^2",0.82
456,1000,5,"T_Copula_Sine",2000,-2,"1(log(n))^2",0.86
457,1000,5,"T_Copula_Sine",2000,-2,"1(log(n))^2",0.87
458,1000,5,"T_Copula_Sine",2000,-2,"1(log(n))^2",0.15
459,1000,5,"T_Copula_Sine",2000,-2,"1(log(n))^2",0.66
460,1000,5,"T_Copula_Sine",2000,-2,"1(log(n))^2",0.05
461,1000,5,"T_Copula_Sine",2000,-2,"1(log(n))^2",0.74
462,1000,5,"T_Copula_Sine",2000,-2,"1(log(n))^2",0.08
463,1000,5,"T_Copula_Sine",2000,-2,"1(log(n))^2",0.14
464,1000,5,"T_Copula_Sine",2000,-2,"1(log(n))^2",0.4
465,1000,5,"T_Copula_Sine",2000,-2,"1(log(n))^2",0.19
466,1000,5,"T_Copula_Sine",2000,-2,"1(log(n))^2",0.13
467,1000,5,"T_Copula_Sine",2000,-2,"1(log(n))^2",0.9
468,1000,5,"T_Copula_Sine",2000,-2,"1(log(n))^2",0.82
469,1000,5,"T_Copula_Sine",2000,-2,"1(log(n))^2",0.42
470,1000,5,"T_Copula_Sine",2000,-2,"1(log(n))^2",0.02
471,1000,5,"T_Copula_Sine",2000,-2,"1(log(n))^2",0.28
472,1000,5,"T_Copula_Sine",2000,-2,"1(log(n))^2",0.84
473,1000,5,"T_Copula_Sine",2000,-2,"1(log(n))^2",0.23
474,1000,5,"T_Copula_Sine",2000,-2,"1(log(n))^2",0.4
475,1000,5,"T_Copula_Sine",2000,-2,"1(log(n))^2",0.29
476,1000,5,"T_Copula_Sine",2000,-2,"1(log(n))^2",0.56
477,1000,5,"T_Copula_Sine",2000,-2,"1(log(n))^2",0.49
478,1000,5,"T_Copula_Sine",2000,-2,"1(log(n))^2",0.19
479,1000,5,"T_Copula_Sine",2000,-2,"1(log(n))^2",0.05
480,1000,5,"T_Copula_Sine",2000,-2,"1(log(n))^2",0.06
481,1000,5,"T_Copula_Sine",2000,-2,"1(log(n))^2",0.32
482,1000,5,"T_Copula_Sine",2000,-2,"1(log(n))^2",0.07
483,1000,5,"T_Copula_Sine",2000,-2,"1(log(n))^2",0.14
484,1000,5,"T_Copula_Sine",2000,-2,"1(log(n))^2",0.12
485,1000,5,"T_Copula_Sine",2000,-2,"1(log(n))^2",0.61
486,1000,5,"T_Copula_Sine",2000,-2,"1(log(n))^2",0.2
487,1000,5,"T_Copula_Sine",2000,-2,"1(log(n))^2",1
488,1000,5,"T_Copula_Sine",2000,-2,"1(log(n))^2",0.86
489,1000,5,"T_Copula_Sine",2000,-2,"1(log(n))^2",0.26
490,1000,5,"T_Copula_Sine",2000,-2,"1(log(n))^2",0.2
491,1000,5,"T_Copula_Sine",2000,-2,"1(log(n))^2",0.84
492,1000,5,"T_Copula_Sine",2000,-2,"1(log(n))^2",0.08
493,1000,5,"T_Copula_Sine",2000,-2,"1(log(n))^2",0.8
494,1000,5,"T_Copula_Sine",2000,-2,"1(log(n))^2",0.69
495,1000,5,"T_Copula_Sine",2000,-2,"1(log(n))^2",0.17
496,1000,5,"T_Copula_Sine",2000,-2,"1(log(n))^2",0.48
497,1000,5,"T_Copula_Sine",2000,-2,"1(log(n))^2",0.81
498,1000,5,"T_Copula_Sine",2000,-2,"1(log(n))^2",0.98
499,1000,5,"T_Copula_Sine",2000,-2,"1(log(n))^2",0.37
500,1000,5,"T_Copula_Sine",2000,-2,"1(log(n))^2",0.61
501,1000,5,"T_Copula_Sine",2000,-2,"1(log(n))^2",0.27
502,1000,5,"T_Copula_Sine",2000,-2,"1(log(n))^2",0.03
503,1000,5,"T_Copula_Sine",2000,-2,"1(log(n))^2",0.22
504,1000,5,"T_Copula_Sine",2000,-2,"1(log(n))^2",0.38
505,1000,5,"T_Copula_Sine",2000,-2,"1(log(n))^2",0.09
506,1000,5,"T_Copula_Sine",2000,-2,"1(log(n))^2",0.09
507,1000,5,"T_Copula_Sine",2000,-2,"1(log(n))^2",0.67
508,1000,5,"T_Copula_Sine",2000,-2,"1(log(n))^2",0.78
509,1000,5,"T_Copula_Sine",2000,-2,"1(log(n))^2",0.58
510,1000,5,"T_Copula_Sine",2000,-2,"1(log(n))^2",0.52
511,1000,5,"T_Copula_Sine",2000,-2,"1(log(n))^2",0.18
512,1000,5,"T_Copula_Sine",2000,-2,"1(log(n))^2",0.61
513,1000,5,"T_Copula_Sine",2000,-2,"1(log(n))^2",0.21
514,1000,5,"T_Copula_Sine",2000,-2,"1(log(n))^2",0.31
515,1000,5,"T_Copula_Sine",2000,-2,"1(log(n))^2",0.46
516,1000,5,"T_Copula_Sine",2000,-2,"1(log(n))^2",0.48
517,1000,5,"T_Copula_Sine",2000,-2,"1(log(n))^2",0.53
518,1000,5,"T_Copula_Sine",2000,-2,"1(log(n))^2",0.98
519,1000,5,"T_Copula_Sine",2000,-2,"1(log(n))^2",0.36
520,1000,5,"T_Copula_Sine",2000,-2,"1(log(n))^2",0.23
521,1000,5,"T_Copula_Sine",2000,-2,"1(log(n))^2",1
522,1000,5,"T_Copula_Sine",2000,-2,"1(log(n))^2",0.56
523,1000,5,"T_Copula_Sine",2000,-2,"1(log(n))^2",0.71
524,1000,5,"T_Copula_Sine",2000,-2,"1(log(n))^2",0.49
525,1000,5,"T_Copula_Sine",2000,-2,"1(log(n))^2",0.16
526,1000,5,"T_Copula_Sine",2000,-2,"1(log(n))^2",0.1
527,1000,5,"T_Copula_Sine",2000,-2,"1(log(n))^2",0.46
528,1000,5,"T_Copula_Sine",2000,-2,"1(log(n))^2",0.8
529,1000,5,"T_Copula_Sine",2000,-2,"1(log(n))^2",0.7
530,1000,5,"T_Copula_Sine",2000,-2,"1(log(n))^2",0.4
531,1000,5,"T_Copula_Sine",2000,-2,"1(log(n))^2",0.77
532,1000,5,"T_Copula_Sine",2000,-2,"1(log(n))^2",0.33
533,1000,5,"T_Copula_Sine",2000,-2,"1(log(n))^2",0.21
534,1000,5,"T_Copula_Sine",2000,-2,"1(log(n))^2",0.69
535,1000,5,"T_Copula_Sine",2000,-2,"1(log(n))^2",0.48
536,1000,5,"T_Copula_Sine",2000,-2,"1(log(n))^2",0.98
537,1000,5,"T_Copula_Sine",2000,-2,"1(log(n))^2",0.4
538,1000,5,"T_Copula_Sine",2000,-2,"1(log(n))^2",0.25
539,1000,5,"T_Copula_Sine",2000,-2,"1(log(n))^2",0.92
540,1000,5,"T_Copula_Sine",2000,-2,"1(log(n))^2",0.32
541,1000,5,"T_Copula_Sine",2000,-2,"1(log(n))^2",0.95
542,1000,5,"T_Copula_Sine",2000,-2,"1(log(n))^2",0.55
543,1000,5,"T_Copula_Sine",2000,-2,"1(log(n))^2",0.31
544,1000,5,"T_Copula_Sine",2000,-2,"1(log(n))^2",0.13
545,1000,5,"T_Copula_Sine",2000,-2,"1(log(n))^2",0.62
546,1000,5,"T_Copula_Sine",2000,-2,"1(log(n))^2",0.02
547,1000,5,"T_Copula_Sine",2000,-2,"1(log(n))^2",0.22
548,1000,5,"T_Copula_Sine",2000,-2,"1(log(n))^2",0.92
549,1000,5,"T_Copula_Sine",2000,-2,"1(log(n))^2",0.95
550,1000,5,"T_Copula_Sine",2000,-2,"1(log(n))^2",0.67
551,1000,5,"T_Copula_Sine",2000,-2,"1(log(n))^2",0.32
552,1000,5,"T_Copula_Sine",2000,-2,"1(log(n))^2",0.3
553,1000,5,"T_Copula_Sine",2000,-2,"1(log(n))^2",0.81
554,1000,5,"T_Copula_Sine",2000,-2,"1(log(n))^2",0.7
555,1000,5,"T_Copula_Sine",2000,-2,"1(log(n))^2",0.51
556,1000,5,"T_Copula_Sine",2000,-2,"1(log(n))^2",0.77
557,1000,5,"T_Copula_Sine",2000,-2,"1(log(n))^2",0.74
558,1000,5,"T_Copula_Sine",2000,-2,"1(log(n))^2",0.14
559,1000,5,"T_Copula_Sine",2000,-2,"1(log(n))^2",0.56
560,1000,5,"T_Copula_Sine",2000,-2,"1(log(n))^2",0.68
561,1000,5,"T_Copula_Sine",2000,-2,"1(log(n))^2",0.91
562,1000,5,"T_Copula_Sine",2000,-2,"1(log(n))^2",0.96
563,1000,5,"T_Copula_Sine",2000,-2,"1(log(n))^2",0.56
564,1000,5,"T_Copula_Sine",2000,-2,"1(log(n))^2",0.15
565,1000,5,"T_Copula_Sine",2000,-2,"1(log(n))^2",0.58
566,1000,5,"T_Copula_Sine",2000,-2,"1(log(n))^2",0.09
567,1000,5,"T_Copula_Sine",2000,-2,"1(log(n))^2",0.69
568,1000,5,"T_Copula_Sine",2000,-2,"1(log(n))^2",0.6
569,1000,5,"T_Copula_Sine",2000,-2,"1(log(n))^2",0.19
570,1000,5,"T_Copula_Sine",2000,-2,"1(log(n))^2",0.33
571,1000,5,"T_Copula_Sine",2000,-2,"1(log(n))^2",0.01
572,1000,5,"T_Copula_Sine",2000,-2,"1(log(n))^2",0.11
573,1000,5,"T_Copula_Sine",2000,-2,"1(log(n))^2",0.14
574,1000,5,"T_Copula_Sine",2000,-2,"1(log(n))^2",0.03
575,1000,5,"T_Copula_Sine",2000,-2,"1(log(n))^2",0.1
576,1000,5,"T_Copula_Sine",2000,-2,"1(log(n))^2",0.88
577,1000,5,"T_Copula_Sine",2000,-2,"1(log(n))^2",0.42
578,1000,5,"T_Copula_Sine",2000,-2,"1(log(n))^2",0.95
579,1000,5,"T_Copula_Sine",2000,-2,"1(log(n))^2",0.19
580,1000,5,"T_Copula_Sine",2000,-2,"1(log(n))^2",0.07
581,1000,5,"T_Copula_Sine",2000,-2,"1(log(n))^2",0.34
582,1000,5,"T_Copula_Sine",2000,-2,"1(log(n))^2",0.53
583,1000,5,"T_Copula_Sine",2000,-2,"1(log(n))^2",0.55
584,1000,5,"T_Copula_Sine",2000,-2,"1(log(n))^2",0.18
585,1000,5,"T_Copula_Sine",2000,-2,"1(log(n))^2",0.28
586,1000,5,"T_Copula_Sine",2000,-2,"1(log(n))^2",1
587,1000,5,"T_Copula_Sine",2000,-2,"1(log(n))^2",0.17
588,1000,5,"T_Copula_Sine",2000,-2,"1(log(n))^2",0.43
589,1000,5,"T_Copula_Sine",2000,-2,"1(log(n))^2",0.19
590,1000,5,"T_Copula_Sine",2000,-2,"1(log(n))^2",0.13
591,1000,5,"T_Copula_Sine",2000,-2,"1(log(n))^2",0.21
592,1000,5,"T_Copula_Sine",2000,-2,"1(log(n))^2",0.23
593,1000,5,"T_Copula_Sine",2000,-2,"1(log(n))^2",0.65
594,1000,5,"T_Copula_Sine",2000,-2,"1(log(n))^2",0.5
595,1000,5,"T_Copula_Sine",2000,-2,"1(log(n))^2",0.13
596,1000,5,"T_Copula_Sine",2000,-2,"1(log(n))^2",0.51
597,1000,5,"T_Copula_Sine",2000,-2,"1(log(n))^2",0.53
598,1000,5,"T_Copula_Sine",2000,-2,"1(log(n))^2",0.85
599,1000,5,"T_Copula_Sine",2000,-2,"1(log(n))^2",0.58
600,1000,5,"T_Copula_Sine",2000,-2,"1(log(n))^2",0.58
601,1000,5,"T_Copula_Sine",2000,-2,"1(log(n))^2",0.14
602,1000,5,"T_Copula_Sine",2000,-2,"1(log(n))^2",0.2
603,1000,5,"T_Copula_Sine",2000,-2,"1(log(n))^2",0.34
604,1000,5,"T_Copula_Sine",2000,-2,"1(log(n))^2",0.3
605,1000,5,"T_Copula_Sine",2000,-2,"1(log(n))^2",0.4
606,1000,5,"T_Copula_Sine",2000,-2,"1(log(n))^2",0.7
607,1000,5,"T_Copula_Sine",2000,-2,"1(log(n))^2",0.52
608,1000,5,"T_Copula_Sine",2000,-2,"1(log(n))^2",0.51
609,1000,5,"T_Copula_Sine",2000,-2,"1(log(n))^2",0.49
610,1000,5,"T_Copula_Sine",2000,-2,"1(log(n))^2",0.68
611,1000,5,"T_Copula_Sine",2000,-2,"1(log(n))^2",0.18
612,1000,5,"T_Copula_Sine",2000,-2,"1(log(n))^2",0.64
613,1000,5,"T_Copula_Sine",2000,-2,"1(log(n))^2",0.09
614,1000,5,"T_Copula_Sine",2000,-2,"1(log(n))^2",0.33
615,1000,5,"T_Copula_Sine",2000,-2,"1(log(n))^2",0.95
616,1000,5,"T_Copula_Sine",2000,-2,"1(log(n))^2",0.57
617,1000,5,"T_Copula_Sine",2000,-2,"1(log(n))^2",0.53
618,1000,5,"T_Copula_Sine",2000,-2,"1(log(n))^2",0.73
619,1000,5,"T_Copula_Sine",2000,-2,"1(log(n))^2",0.09
620,1000,5,"T_Copula_Sine",2000,-2,"1(log(n))^2",0.95
621,1000,5,"T_Copula_Sine",2000,-2,"1(log(n))^2",0.48
622,1000,5,"T_Copula_Sine",2000,-2,"1(log(n))^2",0.7
623,1000,5,"T_Copula_Sine",2000,-2,"1(log(n))^2",0.6
624,1000,5,"T_Copula_Sine",2000,-2,"1(log(n))^2",0.46
625,1000,5,"T_Copula_Sine",2000,-2,"1(log(n))^2",0.37
626,1000,5,"T_Copula_Sine",2000,-2,"1(log(n))^2",0.22
627,1000,5,"T_Copula_Sine",2000,-2,"1(log(n))^2",0.66
628,1000,5,"T_Copula_Sine",2000,-2,"1(log(n))^2",0.69
629,1000,5,"T_Copula_Sine",2000,-2,"1(log(n))^2",0.53
630,1000,5,"T_Copula_Sine",2000,-2,"1(log(n))^2",0.34
631,1000,5,"T_Copula_Sine",2000,-2,"1(log(n))^2",0.79
632,1000,5,"T_Copula_Sine",2000,-2,"1(log(n))^2",0.34
633,1000,5,"T_Copula_Sine",2000,-2,"1(log(n))^2",0.37
634,1000,5,"T_Copula_Sine",2000,-2,"1(log(n))^2",0.12
635,1000,5,"T_Copula_Sine",2000,-2,"1(log(n))^2",0.39
636,1000,5,"T_Copula_Sine",2000,-2,"1(log(n))^2",0.64
637,1000,5,"T_Copula_Sine",2000,-2,"1(log(n))^2",0.28
638,1000,5,"T_Copula_Sine",2000,-2,"1(log(n))^2",0.56
639,1000,5,"T_Copula_Sine",2000,-2,"1(log(n))^2",0.74
640,1000,5,"T_Copula_Sine",2000,-2,"1(log(n))^2",0.54
641,1000,5,"T_Copula_Sine",2000,-2,"1(log(n))^2",0.86
642,1000,5,"T_Copula_Sine",2000,-2,"1(log(n))^2",0.9
643,1000,5,"T_Copula_Sine",2000,-2,"1(log(n))^2",0.69
644,1000,5,"T_Copula_Sine",2000,-2,"1(log(n))^2",0.32
645,1000,5,"T_Copula_Sine",2000,-2,"1(log(n))^2",0.25
646,1000,5,"T_Copula_Sine",2000,-2,"1(log(n))^2",0.53
647,1000,5,"T_Copula_Sine",2000,-2,"1(log(n))^2",0.25
648,1000,5,"T_Copula_Sine",2000,-2,"1(log(n))^2",0.17
649,1000,5,"T_Copula_Sine",2000,-2,"1(log(n))^2",0.02
650,1000,5,"T_Copula_Sine",2000,-2,"1(log(n))^2",0.1
651,1000,5,"T_Copula_Sine",2000,-2,"1(log(n))^2",0.02
652,1000,5,"T_Copula_Sine",2000,-2,"1(log(n))^2",0.23
653,1000,5,"T_Copula_Sine",2000,-2,"1(log(n))^2",0.38
654,1000,5,"T_Copula_Sine",2000,-2,"1(log(n))^2",0.27
655,1000,5,"T_Copula_Sine",2000,-2,"1(log(n))^2",0.35
656,1000,5,"T_Copula_Sine",2000,-2,"1(log(n))^2",0.41
657,1000,5,"T_Copula_Sine",2000,-2,"1(log(n))^2",0.94
658,1000,5,"T_Copula_Sine",2000,-2,"1(log(n))^2",0.32
659,1000,5,"T_Copula_Sine",2000,-2,"1(log(n))^2",0.25
660,1000,5,"T_Copula_Sine",2000,-2,"1(log(n))^2",0.38
661,1000,5,"T_Copula_Sine",2000,-2,"1(log(n))^2",0.98
662,1000,5,"T_Copula_Sine",2000,-2,"1(log(n))^2",0.21
663,1000,5,"T_Copula_Sine",2000,-2,"1(log(n))^2",0.41
664,1000,5,"T_Copula_Sine",2000,-2,"1(log(n))^2",0.83
665,1000,5,"T_Copula_Sine",2000,-2,"1(log(n))^2",0.39
666,1000,5,"T_Copula_Sine",2000,-2,"1(log(n))^2",0
667,1000,5,"T_Copula_Sine",2000,-2,"1(log(n))^2",0.2
668,1000,5,"T_Copula_Sine",2000,-2,"1(log(n))^2",0.48
669,1000,5,"T_Copula_Sine",2000,-2,"1(log(n))^2",0.33
670,1000,5,"T_Copula_Sine",2000,-2,"1(log(n))^2",0.3
671,1000,5,"T_Copula_Sine",2000,-2,"1(log(n))^2",0.46
672,1000,5,"T_Copula_Sine",2000,-2,"1(log(n))^2",0.19
673,1000,5,"T_Copula_Sine",2000,-2,"1(log(n))^2",0.65
674,1000,5,"T_Copula_Sine",2000,-2,"1(log(n))^2",0
675,1000,5,"T_Copula_Sine",2000,-2,"1(log(n))^2",0.16
676,1000,5,"T_Copula_Sine",2000,-2,"1(log(n))^2",0.99
677,1000,5,"T_Copula_Sine",2000,-2,"1(log(n))^2",0.96
678,1000,5,"T_Copula_Sine",2000,-2,"1(log(n))^2",1
679,1000,5,"T_Copula_Sine",2000,-2,"1(log(n))^2",0.01
680,1000,5,"T_Copula_Sine",2000,-2,"1(log(n))^2",0.47
681,1000,5,"T_Copula_Sine",2000,-2,"1(log(n))^2",0.09
682,1000,5,"T_Copula_Sine",2000,-2,"1(log(n))^2",0.53
683,1000,5,"T_Copula_Sine",2000,-2,"1(log(n))^2",0.31
684,1000,5,"T_Copula_Sine",2000,-2,"1(log(n))^2",0.85
685,1000,5,"T_Copula_Sine",2000,-2,"1(log(n))^2",0.33
686,1000,5,"T_Copula_Sine",2000,-2,"1(log(n))^2",0.2
687,1000,5,"T_Copula_Sine",2000,-2,"1(log(n))^2",0.74
688,1000,5,"T_Copula_Sine",2000,-2,"1(log(n))^2",0.74
689,1000,5,"T_Copula_Sine",2000,-2,"1(log(n))^2",0.81
690,1000,5,"T_Copula_Sine",2000,-2,"1(log(n))^2",0.25
691,1000,5,"T_Copula_Sine",2000,-2,"1(log(n))^2",0.54
692,1000,5,"T_Copula_Sine",2000,-2,"1(log(n))^2",0.33
693,1000,5,"T_Copula_Sine",2000,-2,"1(log(n))^2",0.15
694,1000,5,"T_Copula_Sine",2000,-2,"1(log(n))^2",0.45
695,1000,5,"T_Copula_Sine",2000,-2,"1(log(n))^2",0.65
696,1000,5,"T_Copula_Sine",2000,-2,"1(log(n))^2",0.43
697,1000,5,"T_Copula_Sine",2000,-2,"1(log(n))^2",0.58
698,1000,5,"T_Copula_Sine",2000,-2,"1(log(n))^2",0.55
699,1000,5,"T_Copula_Sine",2000,-2,"1(log(n))^2",0.45
700,1000,5,"T_Copula_Sine",2000,-2,"1(log(n))^2",0.01
701,1000,5,"T_Copula_Sine",2000,-2,"1(log(n))^2",0.7
702,1000,5,"T_Copula_Sine",2000,-2,"1(log(n))^2",0.14
703,1000,5,"T_Copula_Sine",2000,-2,"1(log(n))^2",0.91
704,1000,5,"T_Copula_Sine",2000,-2,"1(log(n))^2",0.43
705,1000,5,"T_Copula_Sine",2000,-2,"1(log(n))^2",0.73
706,1000,5,"T_Copula_Sine",2000,-2,"1(log(n))^2",0.86
707,1000,5,"T_Copula_Sine",2000,-2,"1(log(n))^2",0.14
708,1000,5,"T_Copula_Sine",2000,-2,"1(log(n))^2",0.28
709,1000,5,"T_Copula_Sine",2000,-2,"1(log(n))^2",0.96
710,1000,5,"T_Copula_Sine",2000,-2,"1(log(n))^2",0.39
711,1000,5,"T_Copula_Sine",2000,-2,"1(log(n))^2",0.07
712,1000,5,"T_Copula_Sine",2000,-2,"1(log(n))^2",0.23
713,1000,5,"T_Copula_Sine",2000,-2,"1(log(n))^2",0.89
714,1000,5,"T_Copula_Sine",2000,-2,"1(log(n))^2",0.36
715,1000,5,"T_Copula_Sine",2000,-2,"1(log(n))^2",0.57
716,1000,5,"T_Copula_Sine",2000,-2,"1(log(n))^2",0.41
717,1000,5,"T_Copula_Sine",2000,-2,"1(log(n))^2",0.12
718,1000,5,"T_Copula_Sine",2000,-2,"1(log(n))^2",0.2
719,1000,5,"T_Copula_Sine",2000,-2,"1(log(n))^2",0.74
720,1000,5,"T_Copula_Sine",2000,-2,"1(log(n))^2",0.13
721,1000,5,"T_Copula_Sine",2000,-2,"1(log(n))^2",0.05
722,1000,5,"T_Copula_Sine",2000,-2,"1(log(n))^2",0.92
723,1000,5,"T_Copula_Sine",2000,-2,"1(log(n))^2",0.94
724,1000,5,"T_Copula_Sine",2000,-2,"1(log(n))^2",0.36
725,1000,5,"T_Copula_Sine",2000,-2,"1(log(n))^2",0.14
726,1000,5,"T_Copula_Sine",2000,-2,"1(log(n))^2",1
727,1000,5,"T_Copula_Sine",2000,-2,"1(log(n))^2",0.25
728,1000,5,"T_Copula_Sine",2000,-2,"1(log(n))^2",0.17
729,1000,5,"T_Copula_Sine",2000,-2,"1(log(n))^2",0.37
730,1000,5,"T_Copula_Sine",2000,-2,"1(log(n))^2",0.58
731,1000,5,"T_Copula_Sine",2000,-2,"1(log(n))^2",0.71
732,1000,5,"T_Copula_Sine",2000,-2,"1(log(n))^2",0.76
733,1000,5,"T_Copula_Sine",2000,-2,"1(log(n))^2",0.01
734,1000,5,"T_Copula_Sine",2000,-2,"1(log(n))^2",0.56
735,1000,5,"T_Copula_Sine",2000,-2,"1(log(n))^2",0.99
736,1000,5,"T_Copula_Sine",2000,-2,"1(log(n))^2",0.53
737,1000,5,"T_Copula_Sine",2000,-2,"1(log(n))^2",0.53
738,1000,5,"T_Copula_Sine",2000,-2,"1(log(n))^2",0.15
739,1000,5,"T_Copula_Sine",2000,-2,"1(log(n))^2",0.78
740,1000,5,"T_Copula_Sine",2000,-2,"1(log(n))^2",0.21
741,1000,5,"T_Copula_Sine",2000,-2,"1(log(n))^2",0.78
742,1000,5,"T_Copula_Sine",2000,-2,"1(log(n))^2",0.38
743,1000,5,"T_Copula_Sine",2000,-2,"1(log(n))^2",0.87
744,1000,5,"T_Copula_Sine",2000,-2,"1(log(n))^2",0.34
745,1000,5,"T_Copula_Sine",2000,-2,"1(log(n))^2",0.02
746,1000,5,"T_Copula_Sine",2000,-2,"1(log(n))^2",0.59
747,1000,5,"T_Copula_Sine",2000,-2,"1(log(n))^2",0.13
748,1000,5,"T_Copula_Sine",2000,-2,"1(log(n))^2",0.89
749,1000,5,"T_Copula_Sine",2000,-2,"1(log(n))^2",0.25
750,1000,5,"T_Copula_Sine",2000,-2,"1(log(n))^2",0.97
751,1000,5,"T_Copula_Sine",2000,-2,"1(log(n))^2",0.54
752,1000,5,"T_Copula_Sine",2000,-2,"1(log(n))^2",0.42
753,1000,5,"T_Copula_Sine",2000,-2,"1(log(n))^2",0.32
754,1000,5,"T_Copula_Sine",2000,-2,"1(log(n))^2",0.15
755,1000,5,"T_Copula_Sine",2000,-2,"1(log(n))^2",0.05
756,1000,5,"T_Copula_Sine",2000,-2,"1(log(n))^2",0.77
757,1000,5,"T_Copula_Sine",2000,-2,"1(log(n))^2",0.8
758,1000,5,"T_Copula_Sine",2000,-2,"1(log(n))^2",0.33
759,1000,5,"T_Copula_Sine",2000,-2,"1(log(n))^2",0
760,1000,5,"T_Copula_Sine",2000,-2,"1(log(n))^2",0.4
761,1000,5,"T_Copula_Sine",2000,-2,"1(log(n))^2",0.18
762,1000,5,"T_Copula_Sine",2000,-2,"1(log(n))^2",0.46
763,1000,5,"T_Copula_Sine",2000,-2,"1(log(n))^2",0.98
764,1000,5,"T_Copula_Sine",2000,-2,"1(log(n))^2",0.46
765,1000,5,"T_Copula_Sine",2000,-2,"1(log(n))^2",1
766,1000,5,"T_Copula_Sine",2000,-2,"1(log(n))^2",0.27
767,1000,5,"T_Copula_Sine",2000,-2,"1(log(n))^2",0.44
768,1000,5,"T_Copula_Sine",2000,-2,"1(log(n))^2",0.72
769,1000,5,"T_Copula_Sine",2000,-2,"1(log(n))^2",0.42
770,1000,5,"T_Copula_Sine",2000,-2,"1(log(n))^2",0.46
771,1000,5,"T_Copula_Sine",2000,-2,"1(log(n))^2",0.33
772,1000,5,"T_Copula_Sine",2000,-2,"1(log(n))^2",0.49
773,1000,5,"T_Copula_Sine",2000,-2,"1(log(n))^2",0.86
774,1000,5,"T_Copula_Sine",2000,-2,"1(log(n))^2",0.18
775,1000,5,"T_Copula_Sine",2000,-2,"1(log(n))^2",0.71
776,1000,5,"T_Copula_Sine",2000,-2,"1(log(n))^2",0.02
777,1000,5,"T_Copula_Sine",2000,-2,"1(log(n))^2",0.25
778,1000,5,"T_Copula_Sine",2000,-2,"1(log(n))^2",0.18
779,1000,5,"T_Copula_Sine",2000,-2,"1(log(n))^2",0.15
780,1000,5,"T_Copula_Sine",2000,-2,"1(log(n))^2",0.63
781,1000,5,"T_Copula_Sine",2000,-2,"1(log(n))^2",0.63
782,1000,5,"T_Copula_Sine",2000,-2,"1(log(n))^2",0.36
783,1000,5,"T_Copula_Sine",2000,-2,"1(log(n))^2",0.35
784,1000,5,"T_Copula_Sine",2000,-2,"1(log(n))^2",0.57
785,1000,5,"T_Copula_Sine",2000,-2,"1(log(n))^2",0.23
786,1000,5,"T_Copula_Sine",2000,-2,"1(log(n))^2",0.8
787,1000,5,"T_Copula_Sine",2000,-2,"1(log(n))^2",0.03
788,1000,5,"T_Copula_Sine",2000,-2,"1(log(n))^2",0.9
789,1000,5,"T_Copula_Sine",2000,-2,"1(log(n))^2",0.27
790,1000,5,"T_Copula_Sine",2000,-2,"1(log(n))^2",0.39
791,1000,5,"T_Copula_Sine",2000,-2,"1(log(n))^2",0.31
792,1000,5,"T_Copula_Sine",2000,-2,"1(log(n))^2",0.96
793,1000,5,"T_Copula_Sine",2000,-2,"1(log(n))^2",0.43
794,1000,5,"T_Copula_Sine",2000,-2,"1(log(n))^2",0.54
795,1000,5,"T_Copula_Sine",2000,-2,"1(log(n))^2",0.06
796,1000,5,"T_Copula_Sine",2000,-2,"1(log(n))^2",1
797,1000,5,"T_Copula_Sine",2000,-2,"1(log(n))^2",0.53
798,1000,5,"T_Copula_Sine",2000,-2,"1(log(n))^2",0.21
799,1000,5,"T_Copula_Sine",2000,-2,"1(log(n))^2",0.07
800,1000,5,"T_Copula_Sine",2000,-2,"1(log(n))^2",0.01
801,1000,5,"T_Copula_Sine",2000,-2,"1(log(n))^2",0.24
802,1000,5,"T_Copula_Sine",2000,-2,"1(log(n))^2",0.29
803,1000,5,"T_Copula_Sine",2000,-2,"1(log(n))^2",0.08
804,1000,5,"T_Copula_Sine",2000,-2,"1(log(n))^2",1
805,1000,5,"T_Copula_Sine",2000,-2,"1(log(n))^2",0.04
806,1000,5,"T_Copula_Sine",2000,-2,"1(log(n))^2",0.48
807,1000,5,"T_Copula_Sine",2000,-2,"1(log(n))^2",0.09
808,1000,5,"T_Copula_Sine",2000,-2,"1(log(n))^2",1
809,1000,5,"T_Copula_Sine",2000,-2,"1(log(n))^2",0.73
810,1000,5,"T_Copula_Sine",2000,-2,"1(log(n))^2",0.14
811,1000,5,"T_Copula_Sine",2000,-2,"1(log(n))^2",0.39
812,1000,5,"T_Copula_Sine",2000,-2,"1(log(n))^2",0.56
813,1000,5,"T_Copula_Sine",2000,-2,"1(log(n))^2",0.97
814,1000,5,"T_Copula_Sine",2000,-2,"1(log(n))^2",1
815,1000,5,"T_Copula_Sine",2000,-2,"1(log(n))^2",0.32
816,1000,5,"T_Copula_Sine",2000,-2,"1(log(n))^2",0.06
817,1000,5,"T_Copula_Sine",2000,-2,"1(log(n))^2",0.23
818,1000,5,"T_Copula_Sine",2000,-2,"1(log(n))^2",0.58
819,1000,5,"T_Copula_Sine",2000,-2,"1(log(n))^2",0.07
820,1000,5,"T_Copula_Sine",2000,-2,"1(log(n))^2",0.25
821,1000,5,"T_Copula_Sine",2000,-2,"1(log(n))^2",0.85
822,1000,5,"T_Copula_Sine",2000,-2,"1(log(n))^2",0.2
823,1000,5,"T_Copula_Sine",2000,-2,"1(log(n))^2",0.71
824,1000,5,"T_Copula_Sine",2000,-2,"1(log(n))^2",0.16
825,1000,5,"T_Copula_Sine",2000,-2,"1(log(n))^2",0.94
826,1000,5,"T_Copula_Sine",2000,-2,"1(log(n))^2",0.45
827,1000,5,"T_Copula_Sine",2000,-2,"1(log(n))^2",0.28
828,1000,5,"T_Copula_Sine",2000,-2,"1(log(n))^2",0.1
829,1000,5,"T_Copula_Sine",2000,-2,"1(log(n))^2",0.43
830,1000,5,"T_Copula_Sine",2000,-2,"1(log(n))^2",0.23
831,1000,5,"T_Copula_Sine",2000,-2,"1(log(n))^2",0.55
832,1000,5,"T_Copula_Sine",2000,-2,"1(log(n))^2",0.28
833,1000,5,"T_Copula_Sine",2000,-2,"1(log(n))^2",0.25
834,1000,5,"T_Copula_Sine",2000,-2,"1(log(n))^2",0.51
835,1000,5,"T_Copula_Sine",2000,-2,"1(log(n))^2",0.16
836,1000,5,"T_Copula_Sine",2000,-2,"1(log(n))^2",0.32
837,1000,5,"T_Copula_Sine",2000,-2,"1(log(n))^2",0.79
838,1000,5,"T_Copula_Sine",2000,-2,"1(log(n))^2",0.41
839,1000,5,"T_Copula_Sine",2000,-2,"1(log(n))^2",0.27
840,1000,5,"T_Copula_Sine",2000,-2,"1(log(n))^2",0.52
841,1000,5,"T_Copula_Sine",2000,-2,"1(log(n))^2",0.51
842,1000,5,"T_Copula_Sine",2000,-2,"1(log(n))^2",0.15
843,1000,5,"T_Copula_Sine",2000,-2,"1(log(n))^2",0.13
844,1000,5,"T_Copula_Sine",2000,-2,"1(log(n))^2",0.4
845,1000,5,"T_Copula_Sine",2000,-2,"1(log(n))^2",0.88
846,1000,5,"T_Copula_Sine",2000,-2,"1(log(n))^2",0.49
847,1000,5,"T_Copula_Sine",2000,-2,"1(log(n))^2",0.22
848,1000,5,"T_Copula_Sine",2000,-2,"1(log(n))^2",0.69
849,1000,5,"T_Copula_Sine",2000,-2,"1(log(n))^2",0.93
850,1000,5,"T_Copula_Sine",2000,-2,"1(log(n))^2",0.41
851,1000,5,"T_Copula_Sine",2000,-2,"1(log(n))^2",0.63
852,1000,5,"T_Copula_Sine",2000,-2,"1(log(n))^2",0.63
853,1000,5,"T_Copula_Sine",2000,-2,"1(log(n))^2",0.39
854,1000,5,"T_Copula_Sine",2000,-2,"1(log(n))^2",0.38
855,1000,5,"T_Copula_Sine",2000,-2,"1(log(n))^2",0.68
856,1000,5,"T_Copula_Sine",2000,-2,"1(log(n))^2",0.39
857,1000,5,"T_Copula_Sine",2000,-2,"1(log(n))^2",0.49
858,1000,5,"T_Copula_Sine",2000,-2,"1(log(n))^2",0.13
859,1000,5,"T_Copula_Sine",2000,-2,"1(log(n))^2",0.58
860,1000,5,"T_Copula_Sine",2000,-2,"1(log(n))^2",0.31
861,1000,5,"T_Copula_Sine",2000,-2,"1(log(n))^2",0.95
862,1000,5,"T_Copula_Sine",2000,-2,"1(log(n))^2",0.57
863,1000,5,"T_Copula_Sine",2000,-2,"1(log(n))^2",0.58
864,1000,5,"T_Copula_Sine",2000,-2,"1(log(n))^2",0.28
865,1000,5,"T_Copula_Sine",2000,-2,"1(log(n))^2",0.79
866,1000,5,"T_Copula_Sine",2000,-2,"1(log(n))^2",0.27
867,1000,5,"T_Copula_Sine",2000,-2,"1(log(n))^2",0.37
868,1000,5,"T_Copula_Sine",2000,-2,"1(log(n))^2",0.53
869,1000,5,"T_Copula_Sine",2000,-2,"1(log(n))^2",0.28
870,1000,5,"T_Copula_Sine",2000,-2,"1(log(n))^2",0.28
871,1000,5,"T_Copula_Sine",2000,-2,"1(log(n))^2",0.16
872,1000,5,"T_Copula_Sine",2000,-2,"1(log(n))^2",0.65
873,1000,5,"T_Copula_Sine",2000,-2,"1(log(n))^2",0.62
874,1000,5,"T_Copula_Sine",2000,-2,"1(log(n))^2",0.67
875,1000,5,"T_Copula_Sine",2000,-2,"1(log(n))^2",0.6
876,1000,5,"T_Copula_Sine",2000,-2,"1(log(n))^2",0.98
877,1000,5,"T_Copula_Sine",2000,-2,"1(log(n))^2",0.44
878,1000,5,"T_Copula_Sine",2000,-2,"1(log(n))^2",0.32
879,1000,5,"T_Copula_Sine",2000,-2,"1(log(n))^2",0.51
880,1000,5,"T_Copula_Sine",2000,-2,"1(log(n))^2",0.45
881,1000,5,"T_Copula_Sine",2000,-2,"1(log(n))^2",0.5
882,1000,5,"T_Copula_Sine",2000,-2,"1(log(n))^2",0.83
883,1000,5,"T_Copula_Sine",2000,-2,"1(log(n))^2",0.6
884,1000,5,"T_Copula_Sine",2000,-2,"1(log(n))^2",0.07
885,1000,5,"T_Copula_Sine",2000,-2,"1(log(n))^2",0.8
886,1000,5,"T_Copula_Sine",2000,-2,"1(log(n))^2",0.9
887,1000,5,"T_Copula_Sine",2000,-2,"1(log(n))^2",0.45
888,1000,5,"T_Copula_Sine",2000,-2,"1(log(n))^2",0.63
889,1000,5,"T_Copula_Sine",2000,-2,"1(log(n))^2",0.19
890,1000,5,"T_Copula_Sine",2000,-2,"1(log(n))^2",0.4
891,1000,5,"T_Copula_Sine",2000,-2,"1(log(n))^2",0.03
892,1000,5,"T_Copula_Sine",2000,-2,"1(log(n))^2",0.04
893,1000,5,"T_Copula_Sine",2000,-2,"1(log(n))^2",0.09
894,1000,5,"T_Copula_Sine",2000,-2,"1(log(n))^2",0.9
895,1000,5,"T_Copula_Sine",2000,-2,"1(log(n))^2",0.26
896,1000,5,"T_Copula_Sine",2000,-2,"1(log(n))^2",0.99
897,1000,5,"T_Copula_Sine",2000,-2,"1(log(n))^2",0.15
898,1000,5,"T_Copula_Sine",2000,-2,"1(log(n))^2",0.52
899,1000,5,"T_Copula_Sine",2000,-2,"1(log(n))^2",0.69
900,1000,5,"T_Copula_Sine",2000,-2,"1(log(n))^2",0.21
901,1000,5,"T_Copula_Sine",2000,-2,"1(log(n))^2",0.85
902,1000,5,"T_Copula_Sine",2000,-2,"1(log(n))^2",0.91
903,1000,5,"T_Copula_Sine",2000,-2,"1(log(n))^2",0.11
904,1000,5,"T_Copula_Sine",2000,-2,"1(log(n))^2",0.63
905,1000,5,"T_Copula_Sine",2000,-2,"1(log(n))^2",0.48
906,1000,5,"T_Copula_Sine",2000,-2,"1(log(n))^2",0.44
907,1000,5,"T_Copula_Sine",2000,-2,"1(log(n))^2",0.28
908,1000,5,"T_Copula_Sine",2000,-2,"1(log(n))^2",0.03
909,1000,5,"T_Copula_Sine",2000,-2,"1(log(n))^2",0.69
910,1000,5,"T_Copula_Sine",2000,-2,"1(log(n))^2",0.34
911,1000,5,"T_Copula_Sine",2000,-2,"1(log(n))^2",0.53
912,1000,5,"T_Copula_Sine",2000,-2,"1(log(n))^2",0.2
913,1000,5,"T_Copula_Sine",2000,-2,"1(log(n))^2",0.91
914,1000,5,"T_Copula_Sine",2000,-2,"1(log(n))^2",0.09
915,1000,5,"T_Copula_Sine",2000,-2,"1(log(n))^2",0.19
916,1000,5,"T_Copula_Sine",2000,-2,"1(log(n))^2",0.07
917,1000,5,"T_Copula_Sine",2000,-2,"1(log(n))^2",0.36
918,1000,5,"T_Copula_Sine",2000,-2,"1(log(n))^2",0.94
919,1000,5,"T_Copula_Sine",2000,-2,"1(log(n))^2",0.06
920,1000,5,"T_Copula_Sine",2000,-2,"1(log(n))^2",0.01
921,1000,5,"T_Copula_Sine",2000,-2,"1(log(n))^2",0.52
922,1000,5,"T_Copula_Sine",2000,-2,"1(log(n))^2",0.23
923,1000,5,"T_Copula_Sine",2000,-2,"1(log(n))^2",0.5
924,1000,5,"T_Copula_Sine",2000,-2,"1(log(n))^2",0.2
925,1000,5,"T_Copula_Sine",2000,-2,"1(log(n))^2",0.8
926,1000,5,"T_Copula_Sine",2000,-2,"1(log(n))^2",0.04
927,1000,5,"T_Copula_Sine",2000,-2,"1(log(n))^2",0.17
928,1000,5,"T_Copula_Sine",2000,-2,"1(log(n))^2",0.77
929,1000,5,"T_Copula_Sine",2000,-2,"1(log(n))^2",0.17
930,1000,5,"T_Copula_Sine",2000,-2,"1(log(n))^2",0.16
931,1000,5,"T_Copula_Sine",2000,-2,"1(log(n))^2",0.76
932,1000,5,"T_Copula_Sine",2000,-2,"1(log(n))^2",0.69
933,1000,5,"T_Copula_Sine",2000,-2,"1(log(n))^2",0.18
934,1000,5,"T_Copula_Sine",2000,-2,"1(log(n))^2",0.55
935,1000,5,"T_Copula_Sine",2000,-2,"1(log(n))^2",0.97
936,1000,5,"T_Copula_Sine",2000,-2,"1(log(n))^2",0.17
937,1000,5,"T_Copula_Sine",2000,-2,"1(log(n))^2",0.15
938,1000,5,"T_Copula_Sine",2000,-2,"1(log(n))^2",0.53
939,1000,5,"T_Copula_Sine",2000,-2,"1(log(n))^2",0.53
940,1000,5,"T_Copula_Sine",2000,-2,"1(log(n))^2",0.79
941,1000,5,"T_Copula_Sine",2000,-2,"1(log(n))^2",0.2
942,1000,5,"T_Copula_Sine",2000,-2,"1(log(n))^2",0.2
943,1000,5,"T_Copula_Sine",2000,-2,"1(log(n))^2",0.73
944,1000,5,"T_Copula_Sine",2000,-2,"1(log(n))^2",0.68
945,1000,5,"T_Copula_Sine",2000,-2,"1(log(n))^2",0.79
946,1000,5,"T_Copula_Sine",2000,-2,"1(log(n))^2",0.2
947,1000,5,"T_Copula_Sine",2000,-2,"1(log(n))^2",0.29
948,1000,5,"T_Copula_Sine",2000,-2,"1(log(n))^2",0.29
949,1000,5,"T_Copula_Sine",2000,-2,"1(log(n))^2",0.35
950,1000,5,"T_Copula_Sine",2000,-2,"1(log(n))^2",0.89
951,1000,5,"T_Copula_Sine",2000,-2,"1(log(n))^2",0.84
952,1000,5,"T_Copula_Sine",2000,-2,"1(log(n))^2",0.23
953,1000,5,"T_Copula_Sine",2000,-2,"1(log(n))^2",0.04
954,1000,5,"T_Copula_Sine",2000,-2,"1(log(n))^2",0.13
955,1000,5,"T_Copula_Sine",2000,-2,"1(log(n))^2",0.36
956,1000,5,"T_Copula_Sine",2000,-2,"1(log(n))^2",0.16
957,1000,5,"T_Copula_Sine",2000,-2,"1(log(n))^2",0.06
958,1000,5,"T_Copula_Sine",2000,-2,"1(log(n))^2",0.17
959,1000,5,"T_Copula_Sine",2000,-2,"1(log(n))^2",0.09
960,1000,5,"T_Copula_Sine",2000,-2,"1(log(n))^2",0.34
961,1000,5,"T_Copula_Sine",2000,-2,"1(log(n))^2",0.1
962,1000,5,"T_Copula_Sine",2000,-2,"1(log(n))^2",0.29
963,1000,5,"T_Copula_Sine",2000,-2,"1(log(n))^2",0.45
964,1000,5,"T_Copula_Sine",2000,-2,"1(log(n))^2",0.47
965,1000,5,"T_Copula_Sine",2000,-2,"1(log(n))^2",0.65
966,1000,5,"T_Copula_Sine",2000,-2,"1(log(n))^2",0.14
967,1000,5,"T_Copula_Sine",2000,-2,"1(log(n))^2",0.83
968,1000,5,"T_Copula_Sine",2000,-2,"1(log(n))^2",0.32
969,1000,5,"T_Copula_Sine",2000,-2,"1(log(n))^2",0.11
970,1000,5,"T_Copula_Sine",2000,-2,"1(log(n))^2",0.37
971,1000,5,"T_Copula_Sine",2000,-2,"1(log(n))^2",0.3
972,1000,5,"T_Copula_Sine",2000,-2,"1(log(n))^2",0.23
973,1000,5,"T_Copula_Sine",2000,-2,"1(log(n))^2",0.37
974,1000,5,"T_Copula_Sine",2000,-2,"1(log(n))^2",0.47
975,1000,5,"T_Copula_Sine",2000,-2,"1(log(n))^2",0.55
976,1000,5,"T_Copula_Sine",2000,-2,"1(log(n))^2",0.55
977,1000,5,"T_Copula_Sine",2000,-2,"1(log(n))^2",0.88
978,1000,5,"T_Copula_Sine",2000,-2,"1(log(n))^2",0.68
979,1000,5,"T_Copula_Sine",2000,-2,"1(log(n))^2",0.41
980,1000,5,"T_Copula_Sine",2000,-2,"1(log(n))^2",0.31
981,1000,5,"T_Copula_Sine",2000,-2,"1(log(n))^2",0.75
982,1000,5,"T_Copula_Sine",2000,-2,"1(log(n))^2",0.51
983,1000,5,"T_Copula_Sine",2000,-2,"1(log(n))^2",0.37
984,1000,5,"T_Copula_Sine",2000,-2,"1(log(n))^2",0.22
985,1000,5,"T_Copula_Sine",2000,-2,"1(log(n))^2",0.49
986,1000,5,"T_Copula_Sine",2000,-2,"1(log(n))^2",0.52
987,1000,5,"T_Copula_Sine",2000,-2,"1(log(n))^2",0.22
988,1000,5,"T_Copula_Sine",2000,-2,"1(log(n))^2",0.06
989,1000,5,"T_Copula_Sine",2000,-2,"1(log(n))^2",0.47
990,1000,5,"T_Copula_Sine",2000,-2,"1(log(n))^2",0.81
991,1000,5,"T_Copula_Sine",2000,-2,"1(log(n))^2",0.11
992,1000,5,"T_Copula_Sine",2000,-2,"1(log(n))^2",0.52
993,1000,5,"T_Copula_Sine",2000,-2,"1(log(n))^2",0.63
994,1000,5,"T_Copula_Sine",2000,-2,"1(log(n))^2",0.3
995,1000,5,"T_Copula_Sine",2000,-2,"1(log(n))^2",0.73
996,1000,5,"T_Copula_Sine",2000,-2,"1(log(n))^2",0.84
997,1000,5,"T_Copula_Sine",2000,-2,"1(log(n))^2",1
998,1000,5,"T_Copula_Sine",2000,-2,"1(log(n))^2",0.16
999,1000,5,"T_Copula_Sine",2000,-2,"1(log(n))^2",0.08
1000,1000,5,"T_Copula_Sine",2000,-2,"1(log(n))^2",0.48
1,1000,5,"T_Copula_Sine",2000,-2,"0.75(log(n))^2",0.14
2,1000,5,"T_Copula_Sine",2000,-2,"0.75(log(n))^2",0.24
3,1000,5,"T_Copula_Sine",2000,-2,"0.75(log(n))^2",0.13
4,1000,5,"T_Copula_Sine",2000,-2,"0.75(log(n))^2",0.67
5,1000,5,"T_Copula_Sine",2000,-2,"0.75(log(n))^2",0.29
6,1000,5,"T_Copula_Sine",2000,-2,"0.75(log(n))^2",0
7,1000,5,"T_Copula_Sine",2000,-2,"0.75(log(n))^2",0.76
8,1000,5,"T_Copula_Sine",2000,-2,"0.75(log(n))^2",0.74
9,1000,5,"T_Copula_Sine",2000,-2,"0.75(log(n))^2",0.07
10,1000,5,"T_Copula_Sine",2000,-2,"0.75(log(n))^2",0.47
11,1000,5,"T_Copula_Sine",2000,-2,"0.75(log(n))^2",0.36
12,1000,5,"T_Copula_Sine",2000,-2,"0.75(log(n))^2",0.18
13,1000,5,"T_Copula_Sine",2000,-2,"0.75(log(n))^2",0.41
14,1000,5,"T_Copula_Sine",2000,-2,"0.75(log(n))^2",0.24
15,1000,5,"T_Copula_Sine",2000,-2,"0.75(log(n))^2",0.08
16,1000,5,"T_Copula_Sine",2000,-2,"0.75(log(n))^2",0.24
17,1000,5,"T_Copula_Sine",2000,-2,"0.75(log(n))^2",0.56
18,1000,5,"T_Copula_Sine",2000,-2,"0.75(log(n))^2",0.82
19,1000,5,"T_Copula_Sine",2000,-2,"0.75(log(n))^2",0.18
20,1000,5,"T_Copula_Sine",2000,-2,"0.75(log(n))^2",0.34
21,1000,5,"T_Copula_Sine",2000,-2,"0.75(log(n))^2",0.12
22,1000,5,"T_Copula_Sine",2000,-2,"0.75(log(n))^2",0.8
23,1000,5,"T_Copula_Sine",2000,-2,"0.75(log(n))^2",0.11
24,1000,5,"T_Copula_Sine",2000,-2,"0.75(log(n))^2",0.45
25,1000,5,"T_Copula_Sine",2000,-2,"0.75(log(n))^2",0.26
26,1000,5,"T_Copula_Sine",2000,-2,"0.75(log(n))^2",0.2
27,1000,5,"T_Copula_Sine",2000,-2,"0.75(log(n))^2",0.05
28,1000,5,"T_Copula_Sine",2000,-2,"0.75(log(n))^2",0.59
29,1000,5,"T_Copula_Sine",2000,-2,"0.75(log(n))^2",0.54
30,1000,5,"T_Copula_Sine",2000,-2,"0.75(log(n))^2",0.11
31,1000,5,"T_Copula_Sine",2000,-2,"0.75(log(n))^2",0.64
32,1000,5,"T_Copula_Sine",2000,-2,"0.75(log(n))^2",0.56
33,1000,5,"T_Copula_Sine",2000,-2,"0.75(log(n))^2",0.47
34,1000,5,"T_Copula_Sine",2000,-2,"0.75(log(n))^2",0.37
35,1000,5,"T_Copula_Sine",2000,-2,"0.75(log(n))^2",0.11
36,1000,5,"T_Copula_Sine",2000,-2,"0.75(log(n))^2",0.23
37,1000,5,"T_Copula_Sine",2000,-2,"0.75(log(n))^2",0.26
38,1000,5,"T_Copula_Sine",2000,-2,"0.75(log(n))^2",0.67
39,1000,5,"T_Copula_Sine",2000,-2,"0.75(log(n))^2",0.27
40,1000,5,"T_Copula_Sine",2000,-2,"0.75(log(n))^2",0.4
41,1000,5,"T_Copula_Sine",2000,-2,"0.75(log(n))^2",0.99
42,1000,5,"T_Copula_Sine",2000,-2,"0.75(log(n))^2",0.24
43,1000,5,"T_Copula_Sine",2000,-2,"0.75(log(n))^2",0.34
44,1000,5,"T_Copula_Sine",2000,-2,"0.75(log(n))^2",0.21
45,1000,5,"T_Copula_Sine",2000,-2,"0.75(log(n))^2",0.81
46,1000,5,"T_Copula_Sine",2000,-2,"0.75(log(n))^2",0.33
47,1000,5,"T_Copula_Sine",2000,-2,"0.75(log(n))^2",0.8
48,1000,5,"T_Copula_Sine",2000,-2,"0.75(log(n))^2",0.38
49,1000,5,"T_Copula_Sine",2000,-2,"0.75(log(n))^2",0.63
50,1000,5,"T_Copula_Sine",2000,-2,"0.75(log(n))^2",0.91
51,1000,5,"T_Copula_Sine",2000,-2,"0.75(log(n))^2",0.35
52,1000,5,"T_Copula_Sine",2000,-2,"0.75(log(n))^2",0.31
53,1000,5,"T_Copula_Sine",2000,-2,"0.75(log(n))^2",0.25
54,1000,5,"T_Copula_Sine",2000,-2,"0.75(log(n))^2",0.22
55,1000,5,"T_Copula_Sine",2000,-2,"0.75(log(n))^2",0.04
56,1000,5,"T_Copula_Sine",2000,-2,"0.75(log(n))^2",0.97
57,1000,5,"T_Copula_Sine",2000,-2,"0.75(log(n))^2",0.41
58,1000,5,"T_Copula_Sine",2000,-2,"0.75(log(n))^2",0.28
59,1000,5,"T_Copula_Sine",2000,-2,"0.75(log(n))^2",0.53
60,1000,5,"T_Copula_Sine",2000,-2,"0.75(log(n))^2",0.42
61,1000,5,"T_Copula_Sine",2000,-2,"0.75(log(n))^2",0.62
62,1000,5,"T_Copula_Sine",2000,-2,"0.75(log(n))^2",0.02
63,1000,5,"T_Copula_Sine",2000,-2,"0.75(log(n))^2",0.54
64,1000,5,"T_Copula_Sine",2000,-2,"0.75(log(n))^2",0.38
65,1000,5,"T_Copula_Sine",2000,-2,"0.75(log(n))^2",0.15
66,1000,5,"T_Copula_Sine",2000,-2,"0.75(log(n))^2",0.05
67,1000,5,"T_Copula_Sine",2000,-2,"0.75(log(n))^2",0.67
68,1000,5,"T_Copula_Sine",2000,-2,"0.75(log(n))^2",0.6
69,1000,5,"T_Copula_Sine",2000,-2,"0.75(log(n))^2",0.52
70,1000,5,"T_Copula_Sine",2000,-2,"0.75(log(n))^2",0.45
71,1000,5,"T_Copula_Sine",2000,-2,"0.75(log(n))^2",0.17
72,1000,5,"T_Copula_Sine",2000,-2,"0.75(log(n))^2",0.43
73,1000,5,"T_Copula_Sine",2000,-2,"0.75(log(n))^2",0.34
74,1000,5,"T_Copula_Sine",2000,-2,"0.75(log(n))^2",0.63
75,1000,5,"T_Copula_Sine",2000,-2,"0.75(log(n))^2",0.43
76,1000,5,"T_Copula_Sine",2000,-2,"0.75(log(n))^2",0.39
77,1000,5,"T_Copula_Sine",2000,-2,"0.75(log(n))^2",0.65
78,1000,5,"T_Copula_Sine",2000,-2,"0.75(log(n))^2",0.48
79,1000,5,"T_Copula_Sine",2000,-2,"0.75(log(n))^2",0
80,1000,5,"T_Copula_Sine",2000,-2,"0.75(log(n))^2",0.14
81,1000,5,"T_Copula_Sine",2000,-2,"0.75(log(n))^2",0.26
82,1000,5,"T_Copula_Sine",2000,-2,"0.75(log(n))^2",0.2
83,1000,5,"T_Copula_Sine",2000,-2,"0.75(log(n))^2",0.73
84,1000,5,"T_Copula_Sine",2000,-2,"0.75(log(n))^2",0.29
85,1000,5,"T_Copula_Sine",2000,-2,"0.75(log(n))^2",0.37
86,1000,5,"T_Copula_Sine",2000,-2,"0.75(log(n))^2",0.46
87,1000,5,"T_Copula_Sine",2000,-2,"0.75(log(n))^2",0.62
88,1000,5,"T_Copula_Sine",2000,-2,"0.75(log(n))^2",0.29
89,1000,5,"T_Copula_Sine",2000,-2,"0.75(log(n))^2",0.42
90,1000,5,"T_Copula_Sine",2000,-2,"0.75(log(n))^2",0.08
91,1000,5,"T_Copula_Sine",2000,-2,"0.75(log(n))^2",0.43
92,1000,5,"T_Copula_Sine",2000,-2,"0.75(log(n))^2",0.34
93,1000,5,"T_Copula_Sine",2000,-2,"0.75(log(n))^2",0.47
94,1000,5,"T_Copula_Sine",2000,-2,"0.75(log(n))^2",0.57
95,1000,5,"T_Copula_Sine",2000,-2,"0.75(log(n))^2",0.2
96,1000,5,"T_Copula_Sine",2000,-2,"0.75(log(n))^2",0.56
97,1000,5,"T_Copula_Sine",2000,-2,"0.75(log(n))^2",0.42
98,1000,5,"T_Copula_Sine",2000,-2,"0.75(log(n))^2",0.66
99,1000,5,"T_Copula_Sine",2000,-2,"0.75(log(n))^2",0.28
100,1000,5,"T_Copula_Sine",2000,-2,"0.75(log(n))^2",0.19
101,1000,5,"T_Copula_Sine",2000,-2,"0.75(log(n))^2",0.45
102,1000,5,"T_Copula_Sine",2000,-2,"0.75(log(n))^2",0.53
103,1000,5,"T_Copula_Sine",2000,-2,"0.75(log(n))^2",0.62
104,1000,5,"T_Copula_Sine",2000,-2,"0.75(log(n))^2",0.12
105,1000,5,"T_Copula_Sine",2000,-2,"0.75(log(n))^2",0.04
106,1000,5,"T_Copula_Sine",2000,-2,"0.75(log(n))^2",0.07
107,1000,5,"T_Copula_Sine",2000,-2,"0.75(log(n))^2",0.22
108,1000,5,"T_Copula_Sine",2000,-2,"0.75(log(n))^2",0.5
109,1000,5,"T_Copula_Sine",2000,-2,"0.75(log(n))^2",0.55
110,1000,5,"T_Copula_Sine",2000,-2,"0.75(log(n))^2",0.88
111,1000,5,"T_Copula_Sine",2000,-2,"0.75(log(n))^2",0.13
112,1000,5,"T_Copula_Sine",2000,-2,"0.75(log(n))^2",0.36
113,1000,5,"T_Copula_Sine",2000,-2,"0.75(log(n))^2",0.14
114,1000,5,"T_Copula_Sine",2000,-2,"0.75(log(n))^2",0.54
115,1000,5,"T_Copula_Sine",2000,-2,"0.75(log(n))^2",0.43
116,1000,5,"T_Copula_Sine",2000,-2,"0.75(log(n))^2",0.35
117,1000,5,"T_Copula_Sine",2000,-2,"0.75(log(n))^2",0.24
118,1000,5,"T_Copula_Sine",2000,-2,"0.75(log(n))^2",0.12
119,1000,5,"T_Copula_Sine",2000,-2,"0.75(log(n))^2",0.14
120,1000,5,"T_Copula_Sine",2000,-2,"0.75(log(n))^2",0.14
121,1000,5,"T_Copula_Sine",2000,-2,"0.75(log(n))^2",0.28
122,1000,5,"T_Copula_Sine",2000,-2,"0.75(log(n))^2",0.67
123,1000,5,"T_Copula_Sine",2000,-2,"0.75(log(n))^2",0.56
124,1000,5,"T_Copula_Sine",2000,-2,"0.75(log(n))^2",0.46
125,1000,5,"T_Copula_Sine",2000,-2,"0.75(log(n))^2",0.02
126,1000,5,"T_Copula_Sine",2000,-2,"0.75(log(n))^2",0.29
127,1000,5,"T_Copula_Sine",2000,-2,"0.75(log(n))^2",0.12
128,1000,5,"T_Copula_Sine",2000,-2,"0.75(log(n))^2",0.14
129,1000,5,"T_Copula_Sine",2000,-2,"0.75(log(n))^2",0.35
130,1000,5,"T_Copula_Sine",2000,-2,"0.75(log(n))^2",0.86
131,1000,5,"T_Copula_Sine",2000,-2,"0.75(log(n))^2",0.65
132,1000,5,"T_Copula_Sine",2000,-2,"0.75(log(n))^2",0.61
133,1000,5,"T_Copula_Sine",2000,-2,"0.75(log(n))^2",0.69
134,1000,5,"T_Copula_Sine",2000,-2,"0.75(log(n))^2",0.54
135,1000,5,"T_Copula_Sine",2000,-2,"0.75(log(n))^2",0.67
136,1000,5,"T_Copula_Sine",2000,-2,"0.75(log(n))^2",0.63
137,1000,5,"T_Copula_Sine",2000,-2,"0.75(log(n))^2",0.6
138,1000,5,"T_Copula_Sine",2000,-2,"0.75(log(n))^2",0.98
139,1000,5,"T_Copula_Sine",2000,-2,"0.75(log(n))^2",0.13
140,1000,5,"T_Copula_Sine",2000,-2,"0.75(log(n))^2",0.01
141,1000,5,"T_Copula_Sine",2000,-2,"0.75(log(n))^2",0.29
142,1000,5,"T_Copula_Sine",2000,-2,"0.75(log(n))^2",0.14
143,1000,5,"T_Copula_Sine",2000,-2,"0.75(log(n))^2",0.77
144,1000,5,"T_Copula_Sine",2000,-2,"0.75(log(n))^2",0.52
145,1000,5,"T_Copula_Sine",2000,-2,"0.75(log(n))^2",0.55
146,1000,5,"T_Copula_Sine",2000,-2,"0.75(log(n))^2",0.98
147,1000,5,"T_Copula_Sine",2000,-2,"0.75(log(n))^2",0.91
148,1000,5,"T_Copula_Sine",2000,-2,"0.75(log(n))^2",0.22
149,1000,5,"T_Copula_Sine",2000,-2,"0.75(log(n))^2",0.3
150,1000,5,"T_Copula_Sine",2000,-2,"0.75(log(n))^2",0.8
151,1000,5,"T_Copula_Sine",2000,-2,"0.75(log(n))^2",0.92
152,1000,5,"T_Copula_Sine",2000,-2,"0.75(log(n))^2",0.26
153,1000,5,"T_Copula_Sine",2000,-2,"0.75(log(n))^2",0.35
154,1000,5,"T_Copula_Sine",2000,-2,"0.75(log(n))^2",0.24
155,1000,5,"T_Copula_Sine",2000,-2,"0.75(log(n))^2",0.67
156,1000,5,"T_Copula_Sine",2000,-2,"0.75(log(n))^2",0.11
157,1000,5,"T_Copula_Sine",2000,-2,"0.75(log(n))^2",0.72
158,1000,5,"T_Copula_Sine",2000,-2,"0.75(log(n))^2",0.13
159,1000,5,"T_Copula_Sine",2000,-2,"0.75(log(n))^2",0.63
160,1000,5,"T_Copula_Sine",2000,-2,"0.75(log(n))^2",0.15
161,1000,5,"T_Copula_Sine",2000,-2,"0.75(log(n))^2",0.02
162,1000,5,"T_Copula_Sine",2000,-2,"0.75(log(n))^2",0.6
163,1000,5,"T_Copula_Sine",2000,-2,"0.75(log(n))^2",0.96
164,1000,5,"T_Copula_Sine",2000,-2,"0.75(log(n))^2",0.56
165,1000,5,"T_Copula_Sine",2000,-2,"0.75(log(n))^2",0.51
166,1000,5,"T_Copula_Sine",2000,-2,"0.75(log(n))^2",0.31
167,1000,5,"T_Copula_Sine",2000,-2,"0.75(log(n))^2",0.29
168,1000,5,"T_Copula_Sine",2000,-2,"0.75(log(n))^2",0.02
169,1000,5,"T_Copula_Sine",2000,-2,"0.75(log(n))^2",0.12
170,1000,5,"T_Copula_Sine",2000,-2,"0.75(log(n))^2",0.03
171,1000,5,"T_Copula_Sine",2000,-2,"0.75(log(n))^2",0.52
172,1000,5,"T_Copula_Sine",2000,-2,"0.75(log(n))^2",0.35
173,1000,5,"T_Copula_Sine",2000,-2,"0.75(log(n))^2",0.16
174,1000,5,"T_Copula_Sine",2000,-2,"0.75(log(n))^2",0.63
175,1000,5,"T_Copula_Sine",2000,-2,"0.75(log(n))^2",0.18
176,1000,5,"T_Copula_Sine",2000,-2,"0.75(log(n))^2",0.43
177,1000,5,"T_Copula_Sine",2000,-2,"0.75(log(n))^2",0.13
178,1000,5,"T_Copula_Sine",2000,-2,"0.75(log(n))^2",0.12
179,1000,5,"T_Copula_Sine",2000,-2,"0.75(log(n))^2",0.41
180,1000,5,"T_Copula_Sine",2000,-2,"0.75(log(n))^2",0.66
181,1000,5,"T_Copula_Sine",2000,-2,"0.75(log(n))^2",0.49
182,1000,5,"T_Copula_Sine",2000,-2,"0.75(log(n))^2",0.57
183,1000,5,"T_Copula_Sine",2000,-2,"0.75(log(n))^2",0.32
184,1000,5,"T_Copula_Sine",2000,-2,"0.75(log(n))^2",0.46
185,1000,5,"T_Copula_Sine",2000,-2,"0.75(log(n))^2",0.07
186,1000,5,"T_Copula_Sine",2000,-2,"0.75(log(n))^2",0.44
187,1000,5,"T_Copula_Sine",2000,-2,"0.75(log(n))^2",0.8
188,1000,5,"T_Copula_Sine",2000,-2,"0.75(log(n))^2",0.38
189,1000,5,"T_Copula_Sine",2000,-2,"0.75(log(n))^2",0.12
190,1000,5,"T_Copula_Sine",2000,-2,"0.75(log(n))^2",0.19
191,1000,5,"T_Copula_Sine",2000,-2,"0.75(log(n))^2",0.18
192,1000,5,"T_Copula_Sine",2000,-2,"0.75(log(n))^2",0.17
193,1000,5,"T_Copula_Sine",2000,-2,"0.75(log(n))^2",0.56
194,1000,5,"T_Copula_Sine",2000,-2,"0.75(log(n))^2",0.34
195,1000,5,"T_Copula_Sine",2000,-2,"0.75(log(n))^2",0.76
196,1000,5,"T_Copula_Sine",2000,-2,"0.75(log(n))^2",0.9
197,1000,5,"T_Copula_Sine",2000,-2,"0.75(log(n))^2",0.28
198,1000,5,"T_Copula_Sine",2000,-2,"0.75(log(n))^2",0.17
199,1000,5,"T_Copula_Sine",2000,-2,"0.75(log(n))^2",0.05
200,1000,5,"T_Copula_Sine",2000,-2,"0.75(log(n))^2",0.6
201,1000,5,"T_Copula_Sine",2000,-2,"0.75(log(n))^2",0.53
202,1000,5,"T_Copula_Sine",2000,-2,"0.75(log(n))^2",0.83
203,1000,5,"T_Copula_Sine",2000,-2,"0.75(log(n))^2",0.23
204,1000,5,"T_Copula_Sine",2000,-2,"0.75(log(n))^2",0.39
205,1000,5,"T_Copula_Sine",2000,-2,"0.75(log(n))^2",0.28
206,1000,5,"T_Copula_Sine",2000,-2,"0.75(log(n))^2",0.79
207,1000,5,"T_Copula_Sine",2000,-2,"0.75(log(n))^2",0.14
208,1000,5,"T_Copula_Sine",2000,-2,"0.75(log(n))^2",0.27
209,1000,5,"T_Copula_Sine",2000,-2,"0.75(log(n))^2",0.12
210,1000,5,"T_Copula_Sine",2000,-2,"0.75(log(n))^2",0.89
211,1000,5,"T_Copula_Sine",2000,-2,"0.75(log(n))^2",0.42
212,1000,5,"T_Copula_Sine",2000,-2,"0.75(log(n))^2",0.16
213,1000,5,"T_Copula_Sine",2000,-2,"0.75(log(n))^2",0.53
214,1000,5,"T_Copula_Sine",2000,-2,"0.75(log(n))^2",0.74
215,1000,5,"T_Copula_Sine",2000,-2,"0.75(log(n))^2",0.27
216,1000,5,"T_Copula_Sine",2000,-2,"0.75(log(n))^2",0.5
217,1000,5,"T_Copula_Sine",2000,-2,"0.75(log(n))^2",0.98
218,1000,5,"T_Copula_Sine",2000,-2,"0.75(log(n))^2",0.38
219,1000,5,"T_Copula_Sine",2000,-2,"0.75(log(n))^2",0.07
220,1000,5,"T_Copula_Sine",2000,-2,"0.75(log(n))^2",0.76
221,1000,5,"T_Copula_Sine",2000,-2,"0.75(log(n))^2",0.4
222,1000,5,"T_Copula_Sine",2000,-2,"0.75(log(n))^2",0.7
223,1000,5,"T_Copula_Sine",2000,-2,"0.75(log(n))^2",0.72
224,1000,5,"T_Copula_Sine",2000,-2,"0.75(log(n))^2",0.06
225,1000,5,"T_Copula_Sine",2000,-2,"0.75(log(n))^2",0.5
226,1000,5,"T_Copula_Sine",2000,-2,"0.75(log(n))^2",0.59
227,1000,5,"T_Copula_Sine",2000,-2,"0.75(log(n))^2",0
228,1000,5,"T_Copula_Sine",2000,-2,"0.75(log(n))^2",0.94
229,1000,5,"T_Copula_Sine",2000,-2,"0.75(log(n))^2",0.24
230,1000,5,"T_Copula_Sine",2000,-2,"0.75(log(n))^2",0.68
231,1000,5,"T_Copula_Sine",2000,-2,"0.75(log(n))^2",0.6
232,1000,5,"T_Copula_Sine",2000,-2,"0.75(log(n))^2",0.76
233,1000,5,"T_Copula_Sine",2000,-2,"0.75(log(n))^2",0.62
234,1000,5,"T_Copula_Sine",2000,-2,"0.75(log(n))^2",0.33
235,1000,5,"T_Copula_Sine",2000,-2,"0.75(log(n))^2",0.47
236,1000,5,"T_Copula_Sine",2000,-2,"0.75(log(n))^2",0.7
237,1000,5,"T_Copula_Sine",2000,-2,"0.75(log(n))^2",0.93
238,1000,5,"T_Copula_Sine",2000,-2,"0.75(log(n))^2",0.98
239,1000,5,"T_Copula_Sine",2000,-2,"0.75(log(n))^2",0.64
240,1000,5,"T_Copula_Sine",2000,-2,"0.75(log(n))^2",0.59
241,1000,5,"T_Copula_Sine",2000,-2,"0.75(log(n))^2",0.04
242,1000,5,"T_Copula_Sine",2000,-2,"0.75(log(n))^2",0.6
243,1000,5,"T_Copula_Sine",2000,-2,"0.75(log(n))^2",0.21
244,1000,5,"T_Copula_Sine",2000,-2,"0.75(log(n))^2",0.57
245,1000,5,"T_Copula_Sine",2000,-2,"0.75(log(n))^2",0.37
246,1000,5,"T_Copula_Sine",2000,-2,"0.75(log(n))^2",0.13
247,1000,5,"T_Copula_Sine",2000,-2,"0.75(log(n))^2",0.63
248,1000,5,"T_Copula_Sine",2000,-2,"0.75(log(n))^2",0.8
249,1000,5,"T_Copula_Sine",2000,-2,"0.75(log(n))^2",0.29
250,1000,5,"T_Copula_Sine",2000,-2,"0.75(log(n))^2",0.73
251,1000,5,"T_Copula_Sine",2000,-2,"0.75(log(n))^2",0.9
252,1000,5,"T_Copula_Sine",2000,-2,"0.75(log(n))^2",0.5
253,1000,5,"T_Copula_Sine",2000,-2,"0.75(log(n))^2",0.68
254,1000,5,"T_Copula_Sine",2000,-2,"0.75(log(n))^2",0.99
255,1000,5,"T_Copula_Sine",2000,-2,"0.75(log(n))^2",0.13
256,1000,5,"T_Copula_Sine",2000,-2,"0.75(log(n))^2",0.96
257,1000,5,"T_Copula_Sine",2000,-2,"0.75(log(n))^2",0.47
258,1000,5,"T_Copula_Sine",2000,-2,"0.75(log(n))^2",0.79
259,1000,5,"T_Copula_Sine",2000,-2,"0.75(log(n))^2",0.08
260,1000,5,"T_Copula_Sine",2000,-2,"0.75(log(n))^2",0.26
261,1000,5,"T_Copula_Sine",2000,-2,"0.75(log(n))^2",0.13
262,1000,5,"T_Copula_Sine",2000,-2,"0.75(log(n))^2",0.21
263,1000,5,"T_Copula_Sine",2000,-2,"0.75(log(n))^2",0.2
264,1000,5,"T_Copula_Sine",2000,-2,"0.75(log(n))^2",0.29
265,1000,5,"T_Copula_Sine",2000,-2,"0.75(log(n))^2",0.47
266,1000,5,"T_Copula_Sine",2000,-2,"0.75(log(n))^2",0.56
267,1000,5,"T_Copula_Sine",2000,-2,"0.75(log(n))^2",0.02
268,1000,5,"T_Copula_Sine",2000,-2,"0.75(log(n))^2",0.81
269,1000,5,"T_Copula_Sine",2000,-2,"0.75(log(n))^2",0.19
270,1000,5,"T_Copula_Sine",2000,-2,"0.75(log(n))^2",0.86
271,1000,5,"T_Copula_Sine",2000,-2,"0.75(log(n))^2",0.2
272,1000,5,"T_Copula_Sine",2000,-2,"0.75(log(n))^2",0.23
273,1000,5,"T_Copula_Sine",2000,-2,"0.75(log(n))^2",0.76
274,1000,5,"T_Copula_Sine",2000,-2,"0.75(log(n))^2",0.81
275,1000,5,"T_Copula_Sine",2000,-2,"0.75(log(n))^2",0.23
276,1000,5,"T_Copula_Sine",2000,-2,"0.75(log(n))^2",0.78
277,1000,5,"T_Copula_Sine",2000,-2,"0.75(log(n))^2",0.43
278,1000,5,"T_Copula_Sine",2000,-2,"0.75(log(n))^2",0.15
279,1000,5,"T_Copula_Sine",2000,-2,"0.75(log(n))^2",0.6
280,1000,5,"T_Copula_Sine",2000,-2,"0.75(log(n))^2",0.86
281,1000,5,"T_Copula_Sine",2000,-2,"0.75(log(n))^2",0.63
282,1000,5,"T_Copula_Sine",2000,-2,"0.75(log(n))^2",0.28
283,1000,5,"T_Copula_Sine",2000,-2,"0.75(log(n))^2",0.07
284,1000,5,"T_Copula_Sine",2000,-2,"0.75(log(n))^2",0.17
285,1000,5,"T_Copula_Sine",2000,-2,"0.75(log(n))^2",0.57
286,1000,5,"T_Copula_Sine",2000,-2,"0.75(log(n))^2",0.47
287,1000,5,"T_Copula_Sine",2000,-2,"0.75(log(n))^2",0.57
288,1000,5,"T_Copula_Sine",2000,-2,"0.75(log(n))^2",0.09
289,1000,5,"T_Copula_Sine",2000,-2,"0.75(log(n))^2",0.17
290,1000,5,"T_Copula_Sine",2000,-2,"0.75(log(n))^2",0.12
291,1000,5,"T_Copula_Sine",2000,-2,"0.75(log(n))^2",0.49
292,1000,5,"T_Copula_Sine",2000,-2,"0.75(log(n))^2",0.15
293,1000,5,"T_Copula_Sine",2000,-2,"0.75(log(n))^2",0.44
294,1000,5,"T_Copula_Sine",2000,-2,"0.75(log(n))^2",0.12
295,1000,5,"T_Copula_Sine",2000,-2,"0.75(log(n))^2",0.9
296,1000,5,"T_Copula_Sine",2000,-2,"0.75(log(n))^2",0.03
297,1000,5,"T_Copula_Sine",2000,-2,"0.75(log(n))^2",0.62
298,1000,5,"T_Copula_Sine",2000,-2,"0.75(log(n))^2",0.41
299,1000,5,"T_Copula_Sine",2000,-2,"0.75(log(n))^2",0.91
300,1000,5,"T_Copula_Sine",2000,-2,"0.75(log(n))^2",0.43
301,1000,5,"T_Copula_Sine",2000,-2,"0.75(log(n))^2",0.86
302,1000,5,"T_Copula_Sine",2000,-2,"0.75(log(n))^2",0.48
303,1000,5,"T_Copula_Sine",2000,-2,"0.75(log(n))^2",0.56
304,1000,5,"T_Copula_Sine",2000,-2,"0.75(log(n))^2",0.5
305,1000,5,"T_Copula_Sine",2000,-2,"0.75(log(n))^2",0.2
306,1000,5,"T_Copula_Sine",2000,-2,"0.75(log(n))^2",0.18
307,1000,5,"T_Copula_Sine",2000,-2,"0.75(log(n))^2",0.42
308,1000,5,"T_Copula_Sine",2000,-2,"0.75(log(n))^2",0.36
309,1000,5,"T_Copula_Sine",2000,-2,"0.75(log(n))^2",0.32
310,1000,5,"T_Copula_Sine",2000,-2,"0.75(log(n))^2",0.19
311,1000,5,"T_Copula_Sine",2000,-2,"0.75(log(n))^2",0.18
312,1000,5,"T_Copula_Sine",2000,-2,"0.75(log(n))^2",0.97
313,1000,5,"T_Copula_Sine",2000,-2,"0.75(log(n))^2",0.7
314,1000,5,"T_Copula_Sine",2000,-2,"0.75(log(n))^2",0.06
315,1000,5,"T_Copula_Sine",2000,-2,"0.75(log(n))^2",0.5
316,1000,5,"T_Copula_Sine",2000,-2,"0.75(log(n))^2",0.17
317,1000,5,"T_Copula_Sine",2000,-2,"0.75(log(n))^2",0.74
318,1000,5,"T_Copula_Sine",2000,-2,"0.75(log(n))^2",0.18
319,1000,5,"T_Copula_Sine",2000,-2,"0.75(log(n))^2",0.07
320,1000,5,"T_Copula_Sine",2000,-2,"0.75(log(n))^2",0.5
321,1000,5,"T_Copula_Sine",2000,-2,"0.75(log(n))^2",0.48
322,1000,5,"T_Copula_Sine",2000,-2,"0.75(log(n))^2",0.04
323,1000,5,"T_Copula_Sine",2000,-2,"0.75(log(n))^2",0.23
324,1000,5,"T_Copula_Sine",2000,-2,"0.75(log(n))^2",0.15
325,1000,5,"T_Copula_Sine",2000,-2,"0.75(log(n))^2",0.36
326,1000,5,"T_Copula_Sine",2000,-2,"0.75(log(n))^2",0.19
327,1000,5,"T_Copula_Sine",2000,-2,"0.75(log(n))^2",0.23
328,1000,5,"T_Copula_Sine",2000,-2,"0.75(log(n))^2",0.28
329,1000,5,"T_Copula_Sine",2000,-2,"0.75(log(n))^2",0.4
330,1000,5,"T_Copula_Sine",2000,-2,"0.75(log(n))^2",0.4
331,1000,5,"T_Copula_Sine",2000,-2,"0.75(log(n))^2",0.75
332,1000,5,"T_Copula_Sine",2000,-2,"0.75(log(n))^2",0.34
333,1000,5,"T_Copula_Sine",2000,-2,"0.75(log(n))^2",0.64
334,1000,5,"T_Copula_Sine",2000,-2,"0.75(log(n))^2",0.13
335,1000,5,"T_Copula_Sine",2000,-2,"0.75(log(n))^2",0.12
336,1000,5,"T_Copula_Sine",2000,-2,"0.75(log(n))^2",0.33
337,1000,5,"T_Copula_Sine",2000,-2,"0.75(log(n))^2",0.33
338,1000,5,"T_Copula_Sine",2000,-2,"0.75(log(n))^2",0.64
339,1000,5,"T_Copula_Sine",2000,-2,"0.75(log(n))^2",0.16
340,1000,5,"T_Copula_Sine",2000,-2,"0.75(log(n))^2",0.67
341,1000,5,"T_Copula_Sine",2000,-2,"0.75(log(n))^2",0.13
342,1000,5,"T_Copula_Sine",2000,-2,"0.75(log(n))^2",0.29
343,1000,5,"T_Copula_Sine",2000,-2,"0.75(log(n))^2",0.24
344,1000,5,"T_Copula_Sine",2000,-2,"0.75(log(n))^2",0.28
345,1000,5,"T_Copula_Sine",2000,-2,"0.75(log(n))^2",0.37
346,1000,5,"T_Copula_Sine",2000,-2,"0.75(log(n))^2",0.99
347,1000,5,"T_Copula_Sine",2000,-2,"0.75(log(n))^2",0.11
348,1000,5,"T_Copula_Sine",2000,-2,"0.75(log(n))^2",0.76
349,1000,5,"T_Copula_Sine",2000,-2,"0.75(log(n))^2",0.9
350,1000,5,"T_Copula_Sine",2000,-2,"0.75(log(n))^2",0.06
351,1000,5,"T_Copula_Sine",2000,-2,"0.75(log(n))^2",0.33
352,1000,5,"T_Copula_Sine",2000,-2,"0.75(log(n))^2",0.76
353,1000,5,"T_Copula_Sine",2000,-2,"0.75(log(n))^2",0.1
354,1000,5,"T_Copula_Sine",2000,-2,"0.75(log(n))^2",0.53
355,1000,5,"T_Copula_Sine",2000,-2,"0.75(log(n))^2",0.97
356,1000,5,"T_Copula_Sine",2000,-2,"0.75(log(n))^2",0.04
357,1000,5,"T_Copula_Sine",2000,-2,"0.75(log(n))^2",0.41
358,1000,5,"T_Copula_Sine",2000,-2,"0.75(log(n))^2",0.6
359,1000,5,"T_Copula_Sine",2000,-2,"0.75(log(n))^2",0.13
360,1000,5,"T_Copula_Sine",2000,-2,"0.75(log(n))^2",0.23
361,1000,5,"T_Copula_Sine",2000,-2,"0.75(log(n))^2",0.15
362,1000,5,"T_Copula_Sine",2000,-2,"0.75(log(n))^2",0.26
363,1000,5,"T_Copula_Sine",2000,-2,"0.75(log(n))^2",0.27
364,1000,5,"T_Copula_Sine",2000,-2,"0.75(log(n))^2",0.16
365,1000,5,"T_Copula_Sine",2000,-2,"0.75(log(n))^2",0.4
366,1000,5,"T_Copula_Sine",2000,-2,"0.75(log(n))^2",0.37
367,1000,5,"T_Copula_Sine",2000,-2,"0.75(log(n))^2",0.04
368,1000,5,"T_Copula_Sine",2000,-2,"0.75(log(n))^2",0.8
369,1000,5,"T_Copula_Sine",2000,-2,"0.75(log(n))^2",0.47
370,1000,5,"T_Copula_Sine",2000,-2,"0.75(log(n))^2",0.09
371,1000,5,"T_Copula_Sine",2000,-2,"0.75(log(n))^2",0.28
372,1000,5,"T_Copula_Sine",2000,-2,"0.75(log(n))^2",0.44
373,1000,5,"T_Copula_Sine",2000,-2,"0.75(log(n))^2",0.72
374,1000,5,"T_Copula_Sine",2000,-2,"0.75(log(n))^2",0.06
375,1000,5,"T_Copula_Sine",2000,-2,"0.75(log(n))^2",0.06
376,1000,5,"T_Copula_Sine",2000,-2,"0.75(log(n))^2",0.07
377,1000,5,"T_Copula_Sine",2000,-2,"0.75(log(n))^2",0.22
378,1000,5,"T_Copula_Sine",2000,-2,"0.75(log(n))^2",0.36
379,1000,5,"T_Copula_Sine",2000,-2,"0.75(log(n))^2",0.28
380,1000,5,"T_Copula_Sine",2000,-2,"0.75(log(n))^2",0.24
381,1000,5,"T_Copula_Sine",2000,-2,"0.75(log(n))^2",0.05
382,1000,5,"T_Copula_Sine",2000,-2,"0.75(log(n))^2",0.31
383,1000,5,"T_Copula_Sine",2000,-2,"0.75(log(n))^2",0.39
384,1000,5,"T_Copula_Sine",2000,-2,"0.75(log(n))^2",0.66
385,1000,5,"T_Copula_Sine",2000,-2,"0.75(log(n))^2",0.07
386,1000,5,"T_Copula_Sine",2000,-2,"0.75(log(n))^2",0.39
387,1000,5,"T_Copula_Sine",2000,-2,"0.75(log(n))^2",0.47
388,1000,5,"T_Copula_Sine",2000,-2,"0.75(log(n))^2",0.03
389,1000,5,"T_Copula_Sine",2000,-2,"0.75(log(n))^2",0.7
390,1000,5,"T_Copula_Sine",2000,-2,"0.75(log(n))^2",0.13
391,1000,5,"T_Copula_Sine",2000,-2,"0.75(log(n))^2",0.13
392,1000,5,"T_Copula_Sine",2000,-2,"0.75(log(n))^2",0.23
393,1000,5,"T_Copula_Sine",2000,-2,"0.75(log(n))^2",0.24
394,1000,5,"T_Copula_Sine",2000,-2,"0.75(log(n))^2",0.02
395,1000,5,"T_Copula_Sine",2000,-2,"0.75(log(n))^2",0.41
396,1000,5,"T_Copula_Sine",2000,-2,"0.75(log(n))^2",0.15
397,1000,5,"T_Copula_Sine",2000,-2,"0.75(log(n))^2",0.31
398,1000,5,"T_Copula_Sine",2000,-2,"0.75(log(n))^2",0.03
399,1000,5,"T_Copula_Sine",2000,-2,"0.75(log(n))^2",0.16
400,1000,5,"T_Copula_Sine",2000,-2,"0.75(log(n))^2",0.17
401,1000,5,"T_Copula_Sine",2000,-2,"0.75(log(n))^2",0.45
402,1000,5,"T_Copula_Sine",2000,-2,"0.75(log(n))^2",0.29
403,1000,5,"T_Copula_Sine",2000,-2,"0.75(log(n))^2",1
404,1000,5,"T_Copula_Sine",2000,-2,"0.75(log(n))^2",0.09
405,1000,5,"T_Copula_Sine",2000,-2,"0.75(log(n))^2",0.29
406,1000,5,"T_Copula_Sine",2000,-2,"0.75(log(n))^2",0.12
407,1000,5,"T_Copula_Sine",2000,-2,"0.75(log(n))^2",0.61
408,1000,5,"T_Copula_Sine",2000,-2,"0.75(log(n))^2",0.71
409,1000,5,"T_Copula_Sine",2000,-2,"0.75(log(n))^2",0.03
410,1000,5,"T_Copula_Sine",2000,-2,"0.75(log(n))^2",0.26
411,1000,5,"T_Copula_Sine",2000,-2,"0.75(log(n))^2",0.7
412,1000,5,"T_Copula_Sine",2000,-2,"0.75(log(n))^2",0.33
413,1000,5,"T_Copula_Sine",2000,-2,"0.75(log(n))^2",0.36
414,1000,5,"T_Copula_Sine",2000,-2,"0.75(log(n))^2",0.42
415,1000,5,"T_Copula_Sine",2000,-2,"0.75(log(n))^2",0.92
416,1000,5,"T_Copula_Sine",2000,-2,"0.75(log(n))^2",0.37
417,1000,5,"T_Copula_Sine",2000,-2,"0.75(log(n))^2",0.89
418,1000,5,"T_Copula_Sine",2000,-2,"0.75(log(n))^2",0.2
419,1000,5,"T_Copula_Sine",2000,-2,"0.75(log(n))^2",0.26
420,1000,5,"T_Copula_Sine",2000,-2,"0.75(log(n))^2",0.68
421,1000,5,"T_Copula_Sine",2000,-2,"0.75(log(n))^2",0.35
422,1000,5,"T_Copula_Sine",2000,-2,"0.75(log(n))^2",0.62
423,1000,5,"T_Copula_Sine",2000,-2,"0.75(log(n))^2",0.61
424,1000,5,"T_Copula_Sine",2000,-2,"0.75(log(n))^2",0.6
425,1000,5,"T_Copula_Sine",2000,-2,"0.75(log(n))^2",0.92
426,1000,5,"T_Copula_Sine",2000,-2,"0.75(log(n))^2",0.18
427,1000,5,"T_Copula_Sine",2000,-2,"0.75(log(n))^2",0.11
428,1000,5,"T_Copula_Sine",2000,-2,"0.75(log(n))^2",0.44
429,1000,5,"T_Copula_Sine",2000,-2,"0.75(log(n))^2",0.39
430,1000,5,"T_Copula_Sine",2000,-2,"0.75(log(n))^2",0.33
431,1000,5,"T_Copula_Sine",2000,-2,"0.75(log(n))^2",0.56
432,1000,5,"T_Copula_Sine",2000,-2,"0.75(log(n))^2",0.17
433,1000,5,"T_Copula_Sine",2000,-2,"0.75(log(n))^2",0.35
434,1000,5,"T_Copula_Sine",2000,-2,"0.75(log(n))^2",0.14
435,1000,5,"T_Copula_Sine",2000,-2,"0.75(log(n))^2",0.62
436,1000,5,"T_Copula_Sine",2000,-2,"0.75(log(n))^2",0.12
437,1000,5,"T_Copula_Sine",2000,-2,"0.75(log(n))^2",0.59
438,1000,5,"T_Copula_Sine",2000,-2,"0.75(log(n))^2",0.09
439,1000,5,"T_Copula_Sine",2000,-2,"0.75(log(n))^2",0.24
440,1000,5,"T_Copula_Sine",2000,-2,"0.75(log(n))^2",0.3
441,1000,5,"T_Copula_Sine",2000,-2,"0.75(log(n))^2",0.34
442,1000,5,"T_Copula_Sine",2000,-2,"0.75(log(n))^2",0.48
443,1000,5,"T_Copula_Sine",2000,-2,"0.75(log(n))^2",0.01
444,1000,5,"T_Copula_Sine",2000,-2,"0.75(log(n))^2",0.73
445,1000,5,"T_Copula_Sine",2000,-2,"0.75(log(n))^2",0.1
446,1000,5,"T_Copula_Sine",2000,-2,"0.75(log(n))^2",0.09
447,1000,5,"T_Copula_Sine",2000,-2,"0.75(log(n))^2",0.42
448,1000,5,"T_Copula_Sine",2000,-2,"0.75(log(n))^2",0.59
449,1000,5,"T_Copula_Sine",2000,-2,"0.75(log(n))^2",0.35
450,1000,5,"T_Copula_Sine",2000,-2,"0.75(log(n))^2",0.46
451,1000,5,"T_Copula_Sine",2000,-2,"0.75(log(n))^2",0.78
452,1000,5,"T_Copula_Sine",2000,-2,"0.75(log(n))^2",0.29
453,1000,5,"T_Copula_Sine",2000,-2,"0.75(log(n))^2",0.48
454,1000,5,"T_Copula_Sine",2000,-2,"0.75(log(n))^2",0.76
455,1000,5,"T_Copula_Sine",2000,-2,"0.75(log(n))^2",0.21
456,1000,5,"T_Copula_Sine",2000,-2,"0.75(log(n))^2",0.02
457,1000,5,"T_Copula_Sine",2000,-2,"0.75(log(n))^2",0.39
458,1000,5,"T_Copula_Sine",2000,-2,"0.75(log(n))^2",0.67
459,1000,5,"T_Copula_Sine",2000,-2,"0.75(log(n))^2",0.31
460,1000,5,"T_Copula_Sine",2000,-2,"0.75(log(n))^2",0.82
461,1000,5,"T_Copula_Sine",2000,-2,"0.75(log(n))^2",0.39
462,1000,5,"T_Copula_Sine",2000,-2,"0.75(log(n))^2",0.41
463,1000,5,"T_Copula_Sine",2000,-2,"0.75(log(n))^2",0.9
464,1000,5,"T_Copula_Sine",2000,-2,"0.75(log(n))^2",0.08
465,1000,5,"T_Copula_Sine",2000,-2,"0.75(log(n))^2",0.22
466,1000,5,"T_Copula_Sine",2000,-2,"0.75(log(n))^2",0.18
467,1000,5,"T_Copula_Sine",2000,-2,"0.75(log(n))^2",0.19
468,1000,5,"T_Copula_Sine",2000,-2,"0.75(log(n))^2",0.89
469,1000,5,"T_Copula_Sine",2000,-2,"0.75(log(n))^2",0.35
470,1000,5,"T_Copula_Sine",2000,-2,"0.75(log(n))^2",0.31
471,1000,5,"T_Copula_Sine",2000,-2,"0.75(log(n))^2",0.55
472,1000,5,"T_Copula_Sine",2000,-2,"0.75(log(n))^2",0.52
473,1000,5,"T_Copula_Sine",2000,-2,"0.75(log(n))^2",0.24
474,1000,5,"T_Copula_Sine",2000,-2,"0.75(log(n))^2",0.82
475,1000,5,"T_Copula_Sine",2000,-2,"0.75(log(n))^2",0.32
476,1000,5,"T_Copula_Sine",2000,-2,"0.75(log(n))^2",0.7
477,1000,5,"T_Copula_Sine",2000,-2,"0.75(log(n))^2",0.03
478,1000,5,"T_Copula_Sine",2000,-2,"0.75(log(n))^2",0.29
479,1000,5,"T_Copula_Sine",2000,-2,"0.75(log(n))^2",0.29
480,1000,5,"T_Copula_Sine",2000,-2,"0.75(log(n))^2",0.12
481,1000,5,"T_Copula_Sine",2000,-2,"0.75(log(n))^2",0.43
482,1000,5,"T_Copula_Sine",2000,-2,"0.75(log(n))^2",0.22
483,1000,5,"T_Copula_Sine",2000,-2,"0.75(log(n))^2",0.16
484,1000,5,"T_Copula_Sine",2000,-2,"0.75(log(n))^2",0.14
485,1000,5,"T_Copula_Sine",2000,-2,"0.75(log(n))^2",0.3
486,1000,5,"T_Copula_Sine",2000,-2,"0.75(log(n))^2",0.08
487,1000,5,"T_Copula_Sine",2000,-2,"0.75(log(n))^2",0.52
488,1000,5,"T_Copula_Sine",2000,-2,"0.75(log(n))^2",0.39
489,1000,5,"T_Copula_Sine",2000,-2,"0.75(log(n))^2",0.8
490,1000,5,"T_Copula_Sine",2000,-2,"0.75(log(n))^2",0.54
491,1000,5,"T_Copula_Sine",2000,-2,"0.75(log(n))^2",0.57
492,1000,5,"T_Copula_Sine",2000,-2,"0.75(log(n))^2",0.12
493,1000,5,"T_Copula_Sine",2000,-2,"0.75(log(n))^2",0.14
494,1000,5,"T_Copula_Sine",2000,-2,"0.75(log(n))^2",0.37
495,1000,5,"T_Copula_Sine",2000,-2,"0.75(log(n))^2",0.51
496,1000,5,"T_Copula_Sine",2000,-2,"0.75(log(n))^2",0.01
497,1000,5,"T_Copula_Sine",2000,-2,"0.75(log(n))^2",0.86
498,1000,5,"T_Copula_Sine",2000,-2,"0.75(log(n))^2",0.2
499,1000,5,"T_Copula_Sine",2000,-2,"0.75(log(n))^2",0.04
500,1000,5,"T_Copula_Sine",2000,-2,"0.75(log(n))^2",0.75
501,1000,5,"T_Copula_Sine",2000,-2,"0.75(log(n))^2",0.26
502,1000,5,"T_Copula_Sine",2000,-2,"0.75(log(n))^2",0.21
503,1000,5,"T_Copula_Sine",2000,-2,"0.75(log(n))^2",0.31
504,1000,5,"T_Copula_Sine",2000,-2,"0.75(log(n))^2",0.21
505,1000,5,"T_Copula_Sine",2000,-2,"0.75(log(n))^2",0.35
506,1000,5,"T_Copula_Sine",2000,-2,"0.75(log(n))^2",0.59
507,1000,5,"T_Copula_Sine",2000,-2,"0.75(log(n))^2",0.82
508,1000,5,"T_Copula_Sine",2000,-2,"0.75(log(n))^2",0.04
509,1000,5,"T_Copula_Sine",2000,-2,"0.75(log(n))^2",0.11
510,1000,5,"T_Copula_Sine",2000,-2,"0.75(log(n))^2",0.08
511,1000,5,"T_Copula_Sine",2000,-2,"0.75(log(n))^2",0.34
512,1000,5,"T_Copula_Sine",2000,-2,"0.75(log(n))^2",0.04
513,1000,5,"T_Copula_Sine",2000,-2,"0.75(log(n))^2",0.59
514,1000,5,"T_Copula_Sine",2000,-2,"0.75(log(n))^2",0.09
515,1000,5,"T_Copula_Sine",2000,-2,"0.75(log(n))^2",0.18
516,1000,5,"T_Copula_Sine",2000,-2,"0.75(log(n))^2",1
517,1000,5,"T_Copula_Sine",2000,-2,"0.75(log(n))^2",0.11
518,1000,5,"T_Copula_Sine",2000,-2,"0.75(log(n))^2",0.87
519,1000,5,"T_Copula_Sine",2000,-2,"0.75(log(n))^2",0.4
520,1000,5,"T_Copula_Sine",2000,-2,"0.75(log(n))^2",0.33
521,1000,5,"T_Copula_Sine",2000,-2,"0.75(log(n))^2",0.34
522,1000,5,"T_Copula_Sine",2000,-2,"0.75(log(n))^2",0.47
523,1000,5,"T_Copula_Sine",2000,-2,"0.75(log(n))^2",0.33
524,1000,5,"T_Copula_Sine",2000,-2,"0.75(log(n))^2",0.32
525,1000,5,"T_Copula_Sine",2000,-2,"0.75(log(n))^2",0.07
526,1000,5,"T_Copula_Sine",2000,-2,"0.75(log(n))^2",0.75
527,1000,5,"T_Copula_Sine",2000,-2,"0.75(log(n))^2",0.79
528,1000,5,"T_Copula_Sine",2000,-2,"0.75(log(n))^2",0.28
529,1000,5,"T_Copula_Sine",2000,-2,"0.75(log(n))^2",0.54
530,1000,5,"T_Copula_Sine",2000,-2,"0.75(log(n))^2",0.56
531,1000,5,"T_Copula_Sine",2000,-2,"0.75(log(n))^2",0.3
532,1000,5,"T_Copula_Sine",2000,-2,"0.75(log(n))^2",0.32
533,1000,5,"T_Copula_Sine",2000,-2,"0.75(log(n))^2",0.36
534,1000,5,"T_Copula_Sine",2000,-2,"0.75(log(n))^2",0.34
535,1000,5,"T_Copula_Sine",2000,-2,"0.75(log(n))^2",0.13
536,1000,5,"T_Copula_Sine",2000,-2,"0.75(log(n))^2",0.33
537,1000,5,"T_Copula_Sine",2000,-2,"0.75(log(n))^2",0.12
538,1000,5,"T_Copula_Sine",2000,-2,"0.75(log(n))^2",0.57
539,1000,5,"T_Copula_Sine",2000,-2,"0.75(log(n))^2",0.21
540,1000,5,"T_Copula_Sine",2000,-2,"0.75(log(n))^2",0.51
541,1000,5,"T_Copula_Sine",2000,-2,"0.75(log(n))^2",0.63
542,1000,5,"T_Copula_Sine",2000,-2,"0.75(log(n))^2",0.17
543,1000,5,"T_Copula_Sine",2000,-2,"0.75(log(n))^2",0.61
544,1000,5,"T_Copula_Sine",2000,-2,"0.75(log(n))^2",0.56
545,1000,5,"T_Copula_Sine",2000,-2,"0.75(log(n))^2",0.21
546,1000,5,"T_Copula_Sine",2000,-2,"0.75(log(n))^2",0.73
547,1000,5,"T_Copula_Sine",2000,-2,"0.75(log(n))^2",0.03
548,1000,5,"T_Copula_Sine",2000,-2,"0.75(log(n))^2",0.28
549,1000,5,"T_Copula_Sine",2000,-2,"0.75(log(n))^2",0.02
550,1000,5,"T_Copula_Sine",2000,-2,"0.75(log(n))^2",0.57
551,1000,5,"T_Copula_Sine",2000,-2,"0.75(log(n))^2",0.82
552,1000,5,"T_Copula_Sine",2000,-2,"0.75(log(n))^2",0.99
553,1000,5,"T_Copula_Sine",2000,-2,"0.75(log(n))^2",0.08
554,1000,5,"T_Copula_Sine",2000,-2,"0.75(log(n))^2",0.77
555,1000,5,"T_Copula_Sine",2000,-2,"0.75(log(n))^2",0.25
556,1000,5,"T_Copula_Sine",2000,-2,"0.75(log(n))^2",0.73
557,1000,5,"T_Copula_Sine",2000,-2,"0.75(log(n))^2",0.57
558,1000,5,"T_Copula_Sine",2000,-2,"0.75(log(n))^2",0.1
559,1000,5,"T_Copula_Sine",2000,-2,"0.75(log(n))^2",0.09
560,1000,5,"T_Copula_Sine",2000,-2,"0.75(log(n))^2",0.55
561,1000,5,"T_Copula_Sine",2000,-2,"0.75(log(n))^2",0.33
562,1000,5,"T_Copula_Sine",2000,-2,"0.75(log(n))^2",0.48
563,1000,5,"T_Copula_Sine",2000,-2,"0.75(log(n))^2",0.2
564,1000,5,"T_Copula_Sine",2000,-2,"0.75(log(n))^2",0.34
565,1000,5,"T_Copula_Sine",2000,-2,"0.75(log(n))^2",0.42
566,1000,5,"T_Copula_Sine",2000,-2,"0.75(log(n))^2",0.59
567,1000,5,"T_Copula_Sine",2000,-2,"0.75(log(n))^2",0.06
568,1000,5,"T_Copula_Sine",2000,-2,"0.75(log(n))^2",0.73
569,1000,5,"T_Copula_Sine",2000,-2,"0.75(log(n))^2",0.06
570,1000,5,"T_Copula_Sine",2000,-2,"0.75(log(n))^2",0.28
571,1000,5,"T_Copula_Sine",2000,-2,"0.75(log(n))^2",0.7
572,1000,5,"T_Copula_Sine",2000,-2,"0.75(log(n))^2",0.05
573,1000,5,"T_Copula_Sine",2000,-2,"0.75(log(n))^2",0.2
574,1000,5,"T_Copula_Sine",2000,-2,"0.75(log(n))^2",0.04
575,1000,5,"T_Copula_Sine",2000,-2,"0.75(log(n))^2",0.17
576,1000,5,"T_Copula_Sine",2000,-2,"0.75(log(n))^2",0.8
577,1000,5,"T_Copula_Sine",2000,-2,"0.75(log(n))^2",0.41
578,1000,5,"T_Copula_Sine",2000,-2,"0.75(log(n))^2",0.58
579,1000,5,"T_Copula_Sine",2000,-2,"0.75(log(n))^2",0.2
580,1000,5,"T_Copula_Sine",2000,-2,"0.75(log(n))^2",0.79
581,1000,5,"T_Copula_Sine",2000,-2,"0.75(log(n))^2",0.35
582,1000,5,"T_Copula_Sine",2000,-2,"0.75(log(n))^2",0.21
583,1000,5,"T_Copula_Sine",2000,-2,"0.75(log(n))^2",0.39
584,1000,5,"T_Copula_Sine",2000,-2,"0.75(log(n))^2",0.17
585,1000,5,"T_Copula_Sine",2000,-2,"0.75(log(n))^2",0.83
586,1000,5,"T_Copula_Sine",2000,-2,"0.75(log(n))^2",0.18
587,1000,5,"T_Copula_Sine",2000,-2,"0.75(log(n))^2",0.37
588,1000,5,"T_Copula_Sine",2000,-2,"0.75(log(n))^2",0.26
589,1000,5,"T_Copula_Sine",2000,-2,"0.75(log(n))^2",0.92
590,1000,5,"T_Copula_Sine",2000,-2,"0.75(log(n))^2",0.67
591,1000,5,"T_Copula_Sine",2000,-2,"0.75(log(n))^2",0.26
592,1000,5,"T_Copula_Sine",2000,-2,"0.75(log(n))^2",0.64
593,1000,5,"T_Copula_Sine",2000,-2,"0.75(log(n))^2",0.36
594,1000,5,"T_Copula_Sine",2000,-2,"0.75(log(n))^2",0.57
595,1000,5,"T_Copula_Sine",2000,-2,"0.75(log(n))^2",0.8
596,1000,5,"T_Copula_Sine",2000,-2,"0.75(log(n))^2",0.49
597,1000,5,"T_Copula_Sine",2000,-2,"0.75(log(n))^2",0.45
598,1000,5,"T_Copula_Sine",2000,-2,"0.75(log(n))^2",0.44
599,1000,5,"T_Copula_Sine",2000,-2,"0.75(log(n))^2",0.02
600,1000,5,"T_Copula_Sine",2000,-2,"0.75(log(n))^2",0.89
601,1000,5,"T_Copula_Sine",2000,-2,"0.75(log(n))^2",0.04
602,1000,5,"T_Copula_Sine",2000,-2,"0.75(log(n))^2",0.31
603,1000,5,"T_Copula_Sine",2000,-2,"0.75(log(n))^2",0.89
604,1000,5,"T_Copula_Sine",2000,-2,"0.75(log(n))^2",0.85
605,1000,5,"T_Copula_Sine",2000,-2,"0.75(log(n))^2",0.77
606,1000,5,"T_Copula_Sine",2000,-2,"0.75(log(n))^2",0.31
607,1000,5,"T_Copula_Sine",2000,-2,"0.75(log(n))^2",0.16
608,1000,5,"T_Copula_Sine",2000,-2,"0.75(log(n))^2",0.43
609,1000,5,"T_Copula_Sine",2000,-2,"0.75(log(n))^2",0.91
610,1000,5,"T_Copula_Sine",2000,-2,"0.75(log(n))^2",0.75
611,1000,5,"T_Copula_Sine",2000,-2,"0.75(log(n))^2",0.63
612,1000,5,"T_Copula_Sine",2000,-2,"0.75(log(n))^2",0.72
613,1000,5,"T_Copula_Sine",2000,-2,"0.75(log(n))^2",0.83
614,1000,5,"T_Copula_Sine",2000,-2,"0.75(log(n))^2",0.95
615,1000,5,"T_Copula_Sine",2000,-2,"0.75(log(n))^2",0.14
616,1000,5,"T_Copula_Sine",2000,-2,"0.75(log(n))^2",0.53
617,1000,5,"T_Copula_Sine",2000,-2,"0.75(log(n))^2",0.85
618,1000,5,"T_Copula_Sine",2000,-2,"0.75(log(n))^2",0.57
619,1000,5,"T_Copula_Sine",2000,-2,"0.75(log(n))^2",0.83
620,1000,5,"T_Copula_Sine",2000,-2,"0.75(log(n))^2",0.37
621,1000,5,"T_Copula_Sine",2000,-2,"0.75(log(n))^2",0.08
622,1000,5,"T_Copula_Sine",2000,-2,"0.75(log(n))^2",0.34
623,1000,5,"T_Copula_Sine",2000,-2,"0.75(log(n))^2",0.46
624,1000,5,"T_Copula_Sine",2000,-2,"0.75(log(n))^2",0.99
625,1000,5,"T_Copula_Sine",2000,-2,"0.75(log(n))^2",0.24
626,1000,5,"T_Copula_Sine",2000,-2,"0.75(log(n))^2",0.38
627,1000,5,"T_Copula_Sine",2000,-2,"0.75(log(n))^2",0.05
628,1000,5,"T_Copula_Sine",2000,-2,"0.75(log(n))^2",0.81
629,1000,5,"T_Copula_Sine",2000,-2,"0.75(log(n))^2",0.82
630,1000,5,"T_Copula_Sine",2000,-2,"0.75(log(n))^2",0.68
631,1000,5,"T_Copula_Sine",2000,-2,"0.75(log(n))^2",0.07
632,1000,5,"T_Copula_Sine",2000,-2,"0.75(log(n))^2",0.25
633,1000,5,"T_Copula_Sine",2000,-2,"0.75(log(n))^2",0.16
634,1000,5,"T_Copula_Sine",2000,-2,"0.75(log(n))^2",0.56
635,1000,5,"T_Copula_Sine",2000,-2,"0.75(log(n))^2",0.49
636,1000,5,"T_Copula_Sine",2000,-2,"0.75(log(n))^2",0.11
637,1000,5,"T_Copula_Sine",2000,-2,"0.75(log(n))^2",0.62
638,1000,5,"T_Copula_Sine",2000,-2,"0.75(log(n))^2",0.51
639,1000,5,"T_Copula_Sine",2000,-2,"0.75(log(n))^2",0.72
640,1000,5,"T_Copula_Sine",2000,-2,"0.75(log(n))^2",0.96
641,1000,5,"T_Copula_Sine",2000,-2,"0.75(log(n))^2",0.05
642,1000,5,"T_Copula_Sine",2000,-2,"0.75(log(n))^2",0.3
643,1000,5,"T_Copula_Sine",2000,-2,"0.75(log(n))^2",0.34
644,1000,5,"T_Copula_Sine",2000,-2,"0.75(log(n))^2",0.08
645,1000,5,"T_Copula_Sine",2000,-2,"0.75(log(n))^2",0.67
646,1000,5,"T_Copula_Sine",2000,-2,"0.75(log(n))^2",0.42
647,1000,5,"T_Copula_Sine",2000,-2,"0.75(log(n))^2",0.81
648,1000,5,"T_Copula_Sine",2000,-2,"0.75(log(n))^2",0.63
649,1000,5,"T_Copula_Sine",2000,-2,"0.75(log(n))^2",0.18
650,1000,5,"T_Copula_Sine",2000,-2,"0.75(log(n))^2",0.86
651,1000,5,"T_Copula_Sine",2000,-2,"0.75(log(n))^2",0.19
652,1000,5,"T_Copula_Sine",2000,-2,"0.75(log(n))^2",0.73
653,1000,5,"T_Copula_Sine",2000,-2,"0.75(log(n))^2",0.76
654,1000,5,"T_Copula_Sine",2000,-2,"0.75(log(n))^2",0.47
655,1000,5,"T_Copula_Sine",2000,-2,"0.75(log(n))^2",0.13
656,1000,5,"T_Copula_Sine",2000,-2,"0.75(log(n))^2",0.4
657,1000,5,"T_Copula_Sine",2000,-2,"0.75(log(n))^2",0.33
658,1000,5,"T_Copula_Sine",2000,-2,"0.75(log(n))^2",0.14
659,1000,5,"T_Copula_Sine",2000,-2,"0.75(log(n))^2",0.4
660,1000,5,"T_Copula_Sine",2000,-2,"0.75(log(n))^2",0.12
661,1000,5,"T_Copula_Sine",2000,-2,"0.75(log(n))^2",0.23
662,1000,5,"T_Copula_Sine",2000,-2,"0.75(log(n))^2",0.62
663,1000,5,"T_Copula_Sine",2000,-2,"0.75(log(n))^2",0.42
664,1000,5,"T_Copula_Sine",2000,-2,"0.75(log(n))^2",0.18
665,1000,5,"T_Copula_Sine",2000,-2,"0.75(log(n))^2",0.22
666,1000,5,"T_Copula_Sine",2000,-2,"0.75(log(n))^2",0.04
667,1000,5,"T_Copula_Sine",2000,-2,"0.75(log(n))^2",0.86
668,1000,5,"T_Copula_Sine",2000,-2,"0.75(log(n))^2",0.83
669,1000,5,"T_Copula_Sine",2000,-2,"0.75(log(n))^2",0.02
670,1000,5,"T_Copula_Sine",2000,-2,"0.75(log(n))^2",0.28
671,1000,5,"T_Copula_Sine",2000,-2,"0.75(log(n))^2",0.14
672,1000,5,"T_Copula_Sine",2000,-2,"0.75(log(n))^2",0.19
673,1000,5,"T_Copula_Sine",2000,-2,"0.75(log(n))^2",0.12
674,1000,5,"T_Copula_Sine",2000,-2,"0.75(log(n))^2",0.54
675,1000,5,"T_Copula_Sine",2000,-2,"0.75(log(n))^2",0.12
676,1000,5,"T_Copula_Sine",2000,-2,"0.75(log(n))^2",0.12
677,1000,5,"T_Copula_Sine",2000,-2,"0.75(log(n))^2",0.44
678,1000,5,"T_Copula_Sine",2000,-2,"0.75(log(n))^2",0.51
679,1000,5,"T_Copula_Sine",2000,-2,"0.75(log(n))^2",0.26
680,1000,5,"T_Copula_Sine",2000,-2,"0.75(log(n))^2",0.19
681,1000,5,"T_Copula_Sine",2000,-2,"0.75(log(n))^2",0.29
682,1000,5,"T_Copula_Sine",2000,-2,"0.75(log(n))^2",0.92
683,1000,5,"T_Copula_Sine",2000,-2,"0.75(log(n))^2",0.8
684,1000,5,"T_Copula_Sine",2000,-2,"0.75(log(n))^2",0.54
685,1000,5,"T_Copula_Sine",2000,-2,"0.75(log(n))^2",0.36
686,1000,5,"T_Copula_Sine",2000,-2,"0.75(log(n))^2",0.1
687,1000,5,"T_Copula_Sine",2000,-2,"0.75(log(n))^2",0.31
688,1000,5,"T_Copula_Sine",2000,-2,"0.75(log(n))^2",0.23
689,1000,5,"T_Copula_Sine",2000,-2,"0.75(log(n))^2",0.17
690,1000,5,"T_Copula_Sine",2000,-2,"0.75(log(n))^2",0.44
691,1000,5,"T_Copula_Sine",2000,-2,"0.75(log(n))^2",0.06
692,1000,5,"T_Copula_Sine",2000,-2,"0.75(log(n))^2",0.37
693,1000,5,"T_Copula_Sine",2000,-2,"0.75(log(n))^2",0.36
694,1000,5,"T_Copula_Sine",2000,-2,"0.75(log(n))^2",0.03
695,1000,5,"T_Copula_Sine",2000,-2,"0.75(log(n))^2",0.57
696,1000,5,"T_Copula_Sine",2000,-2,"0.75(log(n))^2",0.56
697,1000,5,"T_Copula_Sine",2000,-2,"0.75(log(n))^2",0.33
698,1000,5,"T_Copula_Sine",2000,-2,"0.75(log(n))^2",0.31
699,1000,5,"T_Copula_Sine",2000,-2,"0.75(log(n))^2",0.04
700,1000,5,"T_Copula_Sine",2000,-2,"0.75(log(n))^2",0.35
701,1000,5,"T_Copula_Sine",2000,-2,"0.75(log(n))^2",0.95
702,1000,5,"T_Copula_Sine",2000,-2,"0.75(log(n))^2",0.15
703,1000,5,"T_Copula_Sine",2000,-2,"0.75(log(n))^2",0.78
704,1000,5,"T_Copula_Sine",2000,-2,"0.75(log(n))^2",0.26
705,1000,5,"T_Copula_Sine",2000,-2,"0.75(log(n))^2",0.31
706,1000,5,"T_Copula_Sine",2000,-2,"0.75(log(n))^2",0.3
707,1000,5,"T_Copula_Sine",2000,-2,"0.75(log(n))^2",0.38
708,1000,5,"T_Copula_Sine",2000,-2,"0.75(log(n))^2",0.33
709,1000,5,"T_Copula_Sine",2000,-2,"0.75(log(n))^2",0.29
710,1000,5,"T_Copula_Sine",2000,-2,"0.75(log(n))^2",0.14
711,1000,5,"T_Copula_Sine",2000,-2,"0.75(log(n))^2",0.26
712,1000,5,"T_Copula_Sine",2000,-2,"0.75(log(n))^2",0.59
713,1000,5,"T_Copula_Sine",2000,-2,"0.75(log(n))^2",0.33
714,1000,5,"T_Copula_Sine",2000,-2,"0.75(log(n))^2",0.12
715,1000,5,"T_Copula_Sine",2000,-2,"0.75(log(n))^2",0.56
716,1000,5,"T_Copula_Sine",2000,-2,"0.75(log(n))^2",0.05
717,1000,5,"T_Copula_Sine",2000,-2,"0.75(log(n))^2",0.22
718,1000,5,"T_Copula_Sine",2000,-2,"0.75(log(n))^2",0.13
719,1000,5,"T_Copula_Sine",2000,-2,"0.75(log(n))^2",0.32
720,1000,5,"T_Copula_Sine",2000,-2,"0.75(log(n))^2",0.36
721,1000,5,"T_Copula_Sine",2000,-2,"0.75(log(n))^2",0.37
722,1000,5,"T_Copula_Sine",2000,-2,"0.75(log(n))^2",0.11
723,1000,5,"T_Copula_Sine",2000,-2,"0.75(log(n))^2",0.45
724,1000,5,"T_Copula_Sine",2000,-2,"0.75(log(n))^2",0.27
725,1000,5,"T_Copula_Sine",2000,-2,"0.75(log(n))^2",0.83
726,1000,5,"T_Copula_Sine",2000,-2,"0.75(log(n))^2",0.46
727,1000,5,"T_Copula_Sine",2000,-2,"0.75(log(n))^2",0.28
728,1000,5,"T_Copula_Sine",2000,-2,"0.75(log(n))^2",0.62
729,1000,5,"T_Copula_Sine",2000,-2,"0.75(log(n))^2",0.61
730,1000,5,"T_Copula_Sine",2000,-2,"0.75(log(n))^2",0.52
731,1000,5,"T_Copula_Sine",2000,-2,"0.75(log(n))^2",0.82
732,1000,5,"T_Copula_Sine",2000,-2,"0.75(log(n))^2",1
733,1000,5,"T_Copula_Sine",2000,-2,"0.75(log(n))^2",0.52
734,1000,5,"T_Copula_Sine",2000,-2,"0.75(log(n))^2",0.08
735,1000,5,"T_Copula_Sine",2000,-2,"0.75(log(n))^2",0.03
736,1000,5,"T_Copula_Sine",2000,-2,"0.75(log(n))^2",0.23
737,1000,5,"T_Copula_Sine",2000,-2,"0.75(log(n))^2",0.96
738,1000,5,"T_Copula_Sine",2000,-2,"0.75(log(n))^2",0.26
739,1000,5,"T_Copula_Sine",2000,-2,"0.75(log(n))^2",0.4
740,1000,5,"T_Copula_Sine",2000,-2,"0.75(log(n))^2",0.42
741,1000,5,"T_Copula_Sine",2000,-2,"0.75(log(n))^2",0.9
742,1000,5,"T_Copula_Sine",2000,-2,"0.75(log(n))^2",0.08
743,1000,5,"T_Copula_Sine",2000,-2,"0.75(log(n))^2",0.06
744,1000,5,"T_Copula_Sine",2000,-2,"0.75(log(n))^2",0.13
745,1000,5,"T_Copula_Sine",2000,-2,"0.75(log(n))^2",0.11
746,1000,5,"T_Copula_Sine",2000,-2,"0.75(log(n))^2",0.46
747,1000,5,"T_Copula_Sine",2000,-2,"0.75(log(n))^2",0.27
748,1000,5,"T_Copula_Sine",2000,-2,"0.75(log(n))^2",0.84
749,1000,5,"T_Copula_Sine",2000,-2,"0.75(log(n))^2",0.72
750,1000,5,"T_Copula_Sine",2000,-2,"0.75(log(n))^2",0.25
751,1000,5,"T_Copula_Sine",2000,-2,"0.75(log(n))^2",0.09
752,1000,5,"T_Copula_Sine",2000,-2,"0.75(log(n))^2",0.08
753,1000,5,"T_Copula_Sine",2000,-2,"0.75(log(n))^2",0.15
754,1000,5,"T_Copula_Sine",2000,-2,"0.75(log(n))^2",0.64
755,1000,5,"T_Copula_Sine",2000,-2,"0.75(log(n))^2",0.52
756,1000,5,"T_Copula_Sine",2000,-2,"0.75(log(n))^2",0.26
757,1000,5,"T_Copula_Sine",2000,-2,"0.75(log(n))^2",0.71
758,1000,5,"T_Copula_Sine",2000,-2,"0.75(log(n))^2",0.33
759,1000,5,"T_Copula_Sine",2000,-2,"0.75(log(n))^2",0.63
760,1000,5,"T_Copula_Sine",2000,-2,"0.75(log(n))^2",0.02
761,1000,5,"T_Copula_Sine",2000,-2,"0.75(log(n))^2",0.16
762,1000,5,"T_Copula_Sine",2000,-2,"0.75(log(n))^2",0.28
763,1000,5,"T_Copula_Sine",2000,-2,"0.75(log(n))^2",0.45
764,1000,5,"T_Copula_Sine",2000,-2,"0.75(log(n))^2",0.34
765,1000,5,"T_Copula_Sine",2000,-2,"0.75(log(n))^2",0.49
766,1000,5,"T_Copula_Sine",2000,-2,"0.75(log(n))^2",0.19
767,1000,5,"T_Copula_Sine",2000,-2,"0.75(log(n))^2",0.55
768,1000,5,"T_Copula_Sine",2000,-2,"0.75(log(n))^2",0.23
769,1000,5,"T_Copula_Sine",2000,-2,"0.75(log(n))^2",0.05
770,1000,5,"T_Copula_Sine",2000,-2,"0.75(log(n))^2",0.66
771,1000,5,"T_Copula_Sine",2000,-2,"0.75(log(n))^2",0.4
772,1000,5,"T_Copula_Sine",2000,-2,"0.75(log(n))^2",0.06
773,1000,5,"T_Copula_Sine",2000,-2,"0.75(log(n))^2",0.26
774,1000,5,"T_Copula_Sine",2000,-2,"0.75(log(n))^2",0.35
775,1000,5,"T_Copula_Sine",2000,-2,"0.75(log(n))^2",0.26
776,1000,5,"T_Copula_Sine",2000,-2,"0.75(log(n))^2",0.68
777,1000,5,"T_Copula_Sine",2000,-2,"0.75(log(n))^2",0.49
778,1000,5,"T_Copula_Sine",2000,-2,"0.75(log(n))^2",0.38
779,1000,5,"T_Copula_Sine",2000,-2,"0.75(log(n))^2",0.05
780,1000,5,"T_Copula_Sine",2000,-2,"0.75(log(n))^2",0.18
781,1000,5,"T_Copula_Sine",2000,-2,"0.75(log(n))^2",0.72
782,1000,5,"T_Copula_Sine",2000,-2,"0.75(log(n))^2",0.46
783,1000,5,"T_Copula_Sine",2000,-2,"0.75(log(n))^2",0.6
784,1000,5,"T_Copula_Sine",2000,-2,"0.75(log(n))^2",1
785,1000,5,"T_Copula_Sine",2000,-2,"0.75(log(n))^2",0.45
786,1000,5,"T_Copula_Sine",2000,-2,"0.75(log(n))^2",0.12
787,1000,5,"T_Copula_Sine",2000,-2,"0.75(log(n))^2",0.35
788,1000,5,"T_Copula_Sine",2000,-2,"0.75(log(n))^2",0.45
789,1000,5,"T_Copula_Sine",2000,-2,"0.75(log(n))^2",0.13
790,1000,5,"T_Copula_Sine",2000,-2,"0.75(log(n))^2",0.23
791,1000,5,"T_Copula_Sine",2000,-2,"0.75(log(n))^2",0.47
792,1000,5,"T_Copula_Sine",2000,-2,"0.75(log(n))^2",0.15
793,1000,5,"T_Copula_Sine",2000,-2,"0.75(log(n))^2",0.78
794,1000,5,"T_Copula_Sine",2000,-2,"0.75(log(n))^2",0.07
795,1000,5,"T_Copula_Sine",2000,-2,"0.75(log(n))^2",0.51
796,1000,5,"T_Copula_Sine",2000,-2,"0.75(log(n))^2",0.9
797,1000,5,"T_Copula_Sine",2000,-2,"0.75(log(n))^2",0.7
798,1000,5,"T_Copula_Sine",2000,-2,"0.75(log(n))^2",0.9
799,1000,5,"T_Copula_Sine",2000,-2,"0.75(log(n))^2",0.5
800,1000,5,"T_Copula_Sine",2000,-2,"0.75(log(n))^2",0.26
801,1000,5,"T_Copula_Sine",2000,-2,"0.75(log(n))^2",0.26
802,1000,5,"T_Copula_Sine",2000,-2,"0.75(log(n))^2",0.28
803,1000,5,"T_Copula_Sine",2000,-2,"0.75(log(n))^2",0.51
804,1000,5,"T_Copula_Sine",2000,-2,"0.75(log(n))^2",0.12
805,1000,5,"T_Copula_Sine",2000,-2,"0.75(log(n))^2",0.36
806,1000,5,"T_Copula_Sine",2000,-2,"0.75(log(n))^2",0.53
807,1000,5,"T_Copula_Sine",2000,-2,"0.75(log(n))^2",0.29
808,1000,5,"T_Copula_Sine",2000,-2,"0.75(log(n))^2",0.91
809,1000,5,"T_Copula_Sine",2000,-2,"0.75(log(n))^2",0.47
810,1000,5,"T_Copula_Sine",2000,-2,"0.75(log(n))^2",0.1
811,1000,5,"T_Copula_Sine",2000,-2,"0.75(log(n))^2",0.21
812,1000,5,"T_Copula_Sine",2000,-2,"0.75(log(n))^2",0.27
813,1000,5,"T_Copula_Sine",2000,-2,"0.75(log(n))^2",0.52
814,1000,5,"T_Copula_Sine",2000,-2,"0.75(log(n))^2",0.3
815,1000,5,"T_Copula_Sine",2000,-2,"0.75(log(n))^2",0.2
816,1000,5,"T_Copula_Sine",2000,-2,"0.75(log(n))^2",0.92
817,1000,5,"T_Copula_Sine",2000,-2,"0.75(log(n))^2",0.21
818,1000,5,"T_Copula_Sine",2000,-2,"0.75(log(n))^2",0.96
819,1000,5,"T_Copula_Sine",2000,-2,"0.75(log(n))^2",0.56
820,1000,5,"T_Copula_Sine",2000,-2,"0.75(log(n))^2",0.52
821,1000,5,"T_Copula_Sine",2000,-2,"0.75(log(n))^2",0.86
822,1000,5,"T_Copula_Sine",2000,-2,"0.75(log(n))^2",0.92
823,1000,5,"T_Copula_Sine",2000,-2,"0.75(log(n))^2",0.02
824,1000,5,"T_Copula_Sine",2000,-2,"0.75(log(n))^2",0
825,1000,5,"T_Copula_Sine",2000,-2,"0.75(log(n))^2",0.98
826,1000,5,"T_Copula_Sine",2000,-2,"0.75(log(n))^2",0.03
827,1000,5,"T_Copula_Sine",2000,-2,"0.75(log(n))^2",0.15
828,1000,5,"T_Copula_Sine",2000,-2,"0.75(log(n))^2",0.01
829,1000,5,"T_Copula_Sine",2000,-2,"0.75(log(n))^2",0.12
830,1000,5,"T_Copula_Sine",2000,-2,"0.75(log(n))^2",0.4
831,1000,5,"T_Copula_Sine",2000,-2,"0.75(log(n))^2",0.89
832,1000,5,"T_Copula_Sine",2000,-2,"0.75(log(n))^2",0.67
833,1000,5,"T_Copula_Sine",2000,-2,"0.75(log(n))^2",0.01
834,1000,5,"T_Copula_Sine",2000,-2,"0.75(log(n))^2",0.34
835,1000,5,"T_Copula_Sine",2000,-2,"0.75(log(n))^2",0.29
836,1000,5,"T_Copula_Sine",2000,-2,"0.75(log(n))^2",0.14
837,1000,5,"T_Copula_Sine",2000,-2,"0.75(log(n))^2",0.48
838,1000,5,"T_Copula_Sine",2000,-2,"0.75(log(n))^2",0.02
839,1000,5,"T_Copula_Sine",2000,-2,"0.75(log(n))^2",0.59
840,1000,5,"T_Copula_Sine",2000,-2,"0.75(log(n))^2",0.24
841,1000,5,"T_Copula_Sine",2000,-2,"0.75(log(n))^2",0.53
842,1000,5,"T_Copula_Sine",2000,-2,"0.75(log(n))^2",0.07
843,1000,5,"T_Copula_Sine",2000,-2,"0.75(log(n))^2",0.56
844,1000,5,"T_Copula_Sine",2000,-2,"0.75(log(n))^2",0.72
845,1000,5,"T_Copula_Sine",2000,-2,"0.75(log(n))^2",0.79
846,1000,5,"T_Copula_Sine",2000,-2,"0.75(log(n))^2",0.24
847,1000,5,"T_Copula_Sine",2000,-2,"0.75(log(n))^2",0.64
848,1000,5,"T_Copula_Sine",2000,-2,"0.75(log(n))^2",0.18
849,1000,5,"T_Copula_Sine",2000,-2,"0.75(log(n))^2",0.49
850,1000,5,"T_Copula_Sine",2000,-2,"0.75(log(n))^2",0.15
851,1000,5,"T_Copula_Sine",2000,-2,"0.75(log(n))^2",0.47
852,1000,5,"T_Copula_Sine",2000,-2,"0.75(log(n))^2",0.63
853,1000,5,"T_Copula_Sine",2000,-2,"0.75(log(n))^2",0.68
854,1000,5,"T_Copula_Sine",2000,-2,"0.75(log(n))^2",0.71
855,1000,5,"T_Copula_Sine",2000,-2,"0.75(log(n))^2",0.04
856,1000,5,"T_Copula_Sine",2000,-2,"0.75(log(n))^2",0.07
857,1000,5,"T_Copula_Sine",2000,-2,"0.75(log(n))^2",0.93
858,1000,5,"T_Copula_Sine",2000,-2,"0.75(log(n))^2",0.73
859,1000,5,"T_Copula_Sine",2000,-2,"0.75(log(n))^2",0.08
860,1000,5,"T_Copula_Sine",2000,-2,"0.75(log(n))^2",0.23
861,1000,5,"T_Copula_Sine",2000,-2,"0.75(log(n))^2",0.14
862,1000,5,"T_Copula_Sine",2000,-2,"0.75(log(n))^2",0.75
863,1000,5,"T_Copula_Sine",2000,-2,"0.75(log(n))^2",0.34
864,1000,5,"T_Copula_Sine",2000,-2,"0.75(log(n))^2",0.33
865,1000,5,"T_Copula_Sine",2000,-2,"0.75(log(n))^2",0.22
866,1000,5,"T_Copula_Sine",2000,-2,"0.75(log(n))^2",0.21
867,1000,5,"T_Copula_Sine",2000,-2,"0.75(log(n))^2",0.45
868,1000,5,"T_Copula_Sine",2000,-2,"0.75(log(n))^2",0.4
869,1000,5,"T_Copula_Sine",2000,-2,"0.75(log(n))^2",0.45
870,1000,5,"T_Copula_Sine",2000,-2,"0.75(log(n))^2",0.17
871,1000,5,"T_Copula_Sine",2000,-2,"0.75(log(n))^2",0.37
872,1000,5,"T_Copula_Sine",2000,-2,"0.75(log(n))^2",0.8
873,1000,5,"T_Copula_Sine",2000,-2,"0.75(log(n))^2",0.8
874,1000,5,"T_Copula_Sine",2000,-2,"0.75(log(n))^2",0.25
875,1000,5,"T_Copula_Sine",2000,-2,"0.75(log(n))^2",0.97
876,1000,5,"T_Copula_Sine",2000,-2,"0.75(log(n))^2",0.08
877,1000,5,"T_Copula_Sine",2000,-2,"0.75(log(n))^2",0.48
878,1000,5,"T_Copula_Sine",2000,-2,"0.75(log(n))^2",0.78
879,1000,5,"T_Copula_Sine",2000,-2,"0.75(log(n))^2",0.78
880,1000,5,"T_Copula_Sine",2000,-2,"0.75(log(n))^2",0.34
881,1000,5,"T_Copula_Sine",2000,-2,"0.75(log(n))^2",0.84
882,1000,5,"T_Copula_Sine",2000,-2,"0.75(log(n))^2",0.55
883,1000,5,"T_Copula_Sine",2000,-2,"0.75(log(n))^2",0.19
884,1000,5,"T_Copula_Sine",2000,-2,"0.75(log(n))^2",0.4
885,1000,5,"T_Copula_Sine",2000,-2,"0.75(log(n))^2",0.17
886,1000,5,"T_Copula_Sine",2000,-2,"0.75(log(n))^2",0.63
887,1000,5,"T_Copula_Sine",2000,-2,"0.75(log(n))^2",0.06
888,1000,5,"T_Copula_Sine",2000,-2,"0.75(log(n))^2",0.19
889,1000,5,"T_Copula_Sine",2000,-2,"0.75(log(n))^2",0.18
890,1000,5,"T_Copula_Sine",2000,-2,"0.75(log(n))^2",0.15
891,1000,5,"T_Copula_Sine",2000,-2,"0.75(log(n))^2",0.4
892,1000,5,"T_Copula_Sine",2000,-2,"0.75(log(n))^2",0.35
893,1000,5,"T_Copula_Sine",2000,-2,"0.75(log(n))^2",0.39
894,1000,5,"T_Copula_Sine",2000,-2,"0.75(log(n))^2",0.02
895,1000,5,"T_Copula_Sine",2000,-2,"0.75(log(n))^2",0.34
896,1000,5,"T_Copula_Sine",2000,-2,"0.75(log(n))^2",0.38
897,1000,5,"T_Copula_Sine",2000,-2,"0.75(log(n))^2",0.37
898,1000,5,"T_Copula_Sine",2000,-2,"0.75(log(n))^2",0.24
899,1000,5,"T_Copula_Sine",2000,-2,"0.75(log(n))^2",0.17
900,1000,5,"T_Copula_Sine",2000,-2,"0.75(log(n))^2",0.31
901,1000,5,"T_Copula_Sine",2000,-2,"0.75(log(n))^2",0.36
902,1000,5,"T_Copula_Sine",2000,-2,"0.75(log(n))^2",0.49
903,1000,5,"T_Copula_Sine",2000,-2,"0.75(log(n))^2",0.46
904,1000,5,"T_Copula_Sine",2000,-2,"0.75(log(n))^2",0.41
905,1000,5,"T_Copula_Sine",2000,-2,"0.75(log(n))^2",0.35
906,1000,5,"T_Copula_Sine",2000,-2,"0.75(log(n))^2",0.93
907,1000,5,"T_Copula_Sine",2000,-2,"0.75(log(n))^2",0.55
908,1000,5,"T_Copula_Sine",2000,-2,"0.75(log(n))^2",0.12
909,1000,5,"T_Copula_Sine",2000,-2,"0.75(log(n))^2",0.38
910,1000,5,"T_Copula_Sine",2000,-2,"0.75(log(n))^2",0.84
911,1000,5,"T_Copula_Sine",2000,-2,"0.75(log(n))^2",0.59
912,1000,5,"T_Copula_Sine",2000,-2,"0.75(log(n))^2",0.06
913,1000,5,"T_Copula_Sine",2000,-2,"0.75(log(n))^2",0.04
914,1000,5,"T_Copula_Sine",2000,-2,"0.75(log(n))^2",0.84
915,1000,5,"T_Copula_Sine",2000,-2,"0.75(log(n))^2",0.33
916,1000,5,"T_Copula_Sine",2000,-2,"0.75(log(n))^2",0.2
917,1000,5,"T_Copula_Sine",2000,-2,"0.75(log(n))^2",0.39
918,1000,5,"T_Copula_Sine",2000,-2,"0.75(log(n))^2",0.5
919,1000,5,"T_Copula_Sine",2000,-2,"0.75(log(n))^2",0.06
920,1000,5,"T_Copula_Sine",2000,-2,"0.75(log(n))^2",0.23
921,1000,5,"T_Copula_Sine",2000,-2,"0.75(log(n))^2",0.72
922,1000,5,"T_Copula_Sine",2000,-2,"0.75(log(n))^2",0.22
923,1000,5,"T_Copula_Sine",2000,-2,"0.75(log(n))^2",0.09
924,1000,5,"T_Copula_Sine",2000,-2,"0.75(log(n))^2",0.23
925,1000,5,"T_Copula_Sine",2000,-2,"0.75(log(n))^2",0.21
926,1000,5,"T_Copula_Sine",2000,-2,"0.75(log(n))^2",0.34
927,1000,5,"T_Copula_Sine",2000,-2,"0.75(log(n))^2",0.46
928,1000,5,"T_Copula_Sine",2000,-2,"0.75(log(n))^2",0.04
929,1000,5,"T_Copula_Sine",2000,-2,"0.75(log(n))^2",0.98
930,1000,5,"T_Copula_Sine",2000,-2,"0.75(log(n))^2",0.78
931,1000,5,"T_Copula_Sine",2000,-2,"0.75(log(n))^2",0.6
932,1000,5,"T_Copula_Sine",2000,-2,"0.75(log(n))^2",0.38
933,1000,5,"T_Copula_Sine",2000,-2,"0.75(log(n))^2",0.34
934,1000,5,"T_Copula_Sine",2000,-2,"0.75(log(n))^2",0.49
935,1000,5,"T_Copula_Sine",2000,-2,"0.75(log(n))^2",0.36
936,1000,5,"T_Copula_Sine",2000,-2,"0.75(log(n))^2",0.69
937,1000,5,"T_Copula_Sine",2000,-2,"0.75(log(n))^2",0.37
938,1000,5,"T_Copula_Sine",2000,-2,"0.75(log(n))^2",0.26
939,1000,5,"T_Copula_Sine",2000,-2,"0.75(log(n))^2",0
940,1000,5,"T_Copula_Sine",2000,-2,"0.75(log(n))^2",0.63
941,1000,5,"T_Copula_Sine",2000,-2,"0.75(log(n))^2",0.56
942,1000,5,"T_Copula_Sine",2000,-2,"0.75(log(n))^2",0.07
943,1000,5,"T_Copula_Sine",2000,-2,"0.75(log(n))^2",0.23
944,1000,5,"T_Copula_Sine",2000,-2,"0.75(log(n))^2",0.21
945,1000,5,"T_Copula_Sine",2000,-2,"0.75(log(n))^2",0.56
946,1000,5,"T_Copula_Sine",2000,-2,"0.75(log(n))^2",0.16
947,1000,5,"T_Copula_Sine",2000,-2,"0.75(log(n))^2",0.82
948,1000,5,"T_Copula_Sine",2000,-2,"0.75(log(n))^2",0.86
949,1000,5,"T_Copula_Sine",2000,-2,"0.75(log(n))^2",0.79
950,1000,5,"T_Copula_Sine",2000,-2,"0.75(log(n))^2",0.12
951,1000,5,"T_Copula_Sine",2000,-2,"0.75(log(n))^2",0.58
952,1000,5,"T_Copula_Sine",2000,-2,"0.75(log(n))^2",0.04
953,1000,5,"T_Copula_Sine",2000,-2,"0.75(log(n))^2",0.3
954,1000,5,"T_Copula_Sine",2000,-2,"0.75(log(n))^2",0.59
955,1000,5,"T_Copula_Sine",2000,-2,"0.75(log(n))^2",0.77
956,1000,5,"T_Copula_Sine",2000,-2,"0.75(log(n))^2",0.95
957,1000,5,"T_Copula_Sine",2000,-2,"0.75(log(n))^2",0.69
958,1000,5,"T_Copula_Sine",2000,-2,"0.75(log(n))^2",0.54
959,1000,5,"T_Copula_Sine",2000,-2,"0.75(log(n))^2",0.3
960,1000,5,"T_Copula_Sine",2000,-2,"0.75(log(n))^2",0.07
961,1000,5,"T_Copula_Sine",2000,-2,"0.75(log(n))^2",0.66
962,1000,5,"T_Copula_Sine",2000,-2,"0.75(log(n))^2",0.18
963,1000,5,"T_Copula_Sine",2000,-2,"0.75(log(n))^2",0.2
964,1000,5,"T_Copula_Sine",2000,-2,"0.75(log(n))^2",0.64
965,1000,5,"T_Copula_Sine",2000,-2,"0.75(log(n))^2",0.39
966,1000,5,"T_Copula_Sine",2000,-2,"0.75(log(n))^2",0.39
967,1000,5,"T_Copula_Sine",2000,-2,"0.75(log(n))^2",0.05
968,1000,5,"T_Copula_Sine",2000,-2,"0.75(log(n))^2",0.14
969,1000,5,"T_Copula_Sine",2000,-2,"0.75(log(n))^2",0.63
970,1000,5,"T_Copula_Sine",2000,-2,"0.75(log(n))^2",0.21
971,1000,5,"T_Copula_Sine",2000,-2,"0.75(log(n))^2",0.28
972,1000,5,"T_Copula_Sine",2000,-2,"0.75(log(n))^2",0.62
973,1000,5,"T_Copula_Sine",2000,-2,"0.75(log(n))^2",0.15
974,1000,5,"T_Copula_Sine",2000,-2,"0.75(log(n))^2",0.25
975,1000,5,"T_Copula_Sine",2000,-2,"0.75(log(n))^2",0.14
976,1000,5,"T_Copula_Sine",2000,-2,"0.75(log(n))^2",0.25
977,1000,5,"T_Copula_Sine",2000,-2,"0.75(log(n))^2",0.07
978,1000,5,"T_Copula_Sine",2000,-2,"0.75(log(n))^2",0.29
979,1000,5,"T_Copula_Sine",2000,-2,"0.75(log(n))^2",0.72
980,1000,5,"T_Copula_Sine",2000,-2,"0.75(log(n))^2",0.1
981,1000,5,"T_Copula_Sine",2000,-2,"0.75(log(n))^2",0.17
982,1000,5,"T_Copula_Sine",2000,-2,"0.75(log(n))^2",0.09
983,1000,5,"T_Copula_Sine",2000,-2,"0.75(log(n))^2",0.44
984,1000,5,"T_Copula_Sine",2000,-2,"0.75(log(n))^2",0.71
985,1000,5,"T_Copula_Sine",2000,-2,"0.75(log(n))^2",0.88
986,1000,5,"T_Copula_Sine",2000,-2,"0.75(log(n))^2",0.15
987,1000,5,"T_Copula_Sine",2000,-2,"0.75(log(n))^2",0.75
988,1000,5,"T_Copula_Sine",2000,-2,"0.75(log(n))^2",0.52
989,1000,5,"T_Copula_Sine",2000,-2,"0.75(log(n))^2",0.4
990,1000,5,"T_Copula_Sine",2000,-2,"0.75(log(n))^2",0.48
991,1000,5,"T_Copula_Sine",2000,-2,"0.75(log(n))^2",0.71
992,1000,5,"T_Copula_Sine",2000,-2,"0.75(log(n))^2",0.57
993,1000,5,"T_Copula_Sine",2000,-2,"0.75(log(n))^2",0.27
994,1000,5,"T_Copula_Sine",2000,-2,"0.75(log(n))^2",0.38
995,1000,5,"T_Copula_Sine",2000,-2,"0.75(log(n))^2",0.99
996,1000,5,"T_Copula_Sine",2000,-2,"0.75(log(n))^2",0.83
997,1000,5,"T_Copula_Sine",2000,-2,"0.75(log(n))^2",0.14
998,1000,5,"T_Copula_Sine",2000,-2,"0.75(log(n))^2",0.38
999,1000,5,"T_Copula_Sine",2000,-2,"0.75(log(n))^2",0.13
1000,1000,5,"T_Copula_Sine",2000,-2,"0.75(log(n))^2",0.2
1,1000,5,"T_Copula_Sine",2000,-2,"0.5(log(n))^2",0.4
2,1000,5,"T_Copula_Sine",2000,-2,"0.5(log(n))^2",0.02
3,1000,5,"T_Copula_Sine",2000,-2,"0.5(log(n))^2",0.29
4,1000,5,"T_Copula_Sine",2000,-2,"0.5(log(n))^2",0.06
5,1000,5,"T_Copula_Sine",2000,-2,"0.5(log(n))^2",0.23
6,1000,5,"T_Copula_Sine",2000,-2,"0.5(log(n))^2",0.72
7,1000,5,"T_Copula_Sine",2000,-2,"0.5(log(n))^2",0.35
8,1000,5,"T_Copula_Sine",2000,-2,"0.5(log(n))^2",0.18
9,1000,5,"T_Copula_Sine",2000,-2,"0.5(log(n))^2",0.63
10,1000,5,"T_Copula_Sine",2000,-2,"0.5(log(n))^2",0.09
11,1000,5,"T_Copula_Sine",2000,-2,"0.5(log(n))^2",0.02
12,1000,5,"T_Copula_Sine",2000,-2,"0.5(log(n))^2",0.4
13,1000,5,"T_Copula_Sine",2000,-2,"0.5(log(n))^2",0.57
14,1000,5,"T_Copula_Sine",2000,-2,"0.5(log(n))^2",0.61
15,1000,5,"T_Copula_Sine",2000,-2,"0.5(log(n))^2",0.98
16,1000,5,"T_Copula_Sine",2000,-2,"0.5(log(n))^2",0.07
17,1000,5,"T_Copula_Sine",2000,-2,"0.5(log(n))^2",0.02
18,1000,5,"T_Copula_Sine",2000,-2,"0.5(log(n))^2",0.73
19,1000,5,"T_Copula_Sine",2000,-2,"0.5(log(n))^2",0.16
20,1000,5,"T_Copula_Sine",2000,-2,"0.5(log(n))^2",0.09
21,1000,5,"T_Copula_Sine",2000,-2,"0.5(log(n))^2",0.47
22,1000,5,"T_Copula_Sine",2000,-2,"0.5(log(n))^2",0.58
23,1000,5,"T_Copula_Sine",2000,-2,"0.5(log(n))^2",0.4
24,1000,5,"T_Copula_Sine",2000,-2,"0.5(log(n))^2",0.14
25,1000,5,"T_Copula_Sine",2000,-2,"0.5(log(n))^2",0.67
26,1000,5,"T_Copula_Sine",2000,-2,"0.5(log(n))^2",0.06
27,1000,5,"T_Copula_Sine",2000,-2,"0.5(log(n))^2",0.52
28,1000,5,"T_Copula_Sine",2000,-2,"0.5(log(n))^2",0.13
29,1000,5,"T_Copula_Sine",2000,-2,"0.5(log(n))^2",0.65
30,1000,5,"T_Copula_Sine",2000,-2,"0.5(log(n))^2",0.13
31,1000,5,"T_Copula_Sine",2000,-2,"0.5(log(n))^2",0.72
32,1000,5,"T_Copula_Sine",2000,-2,"0.5(log(n))^2",0.14
33,1000,5,"T_Copula_Sine",2000,-2,"0.5(log(n))^2",0.1
34,1000,5,"T_Copula_Sine",2000,-2,"0.5(log(n))^2",0.27
35,1000,5,"T_Copula_Sine",2000,-2,"0.5(log(n))^2",0.5
36,1000,5,"T_Copula_Sine",2000,-2,"0.5(log(n))^2",0.72
37,1000,5,"T_Copula_Sine",2000,-2,"0.5(log(n))^2",0.1
38,1000,5,"T_Copula_Sine",2000,-2,"0.5(log(n))^2",0.34
39,1000,5,"T_Copula_Sine",2000,-2,"0.5(log(n))^2",0.24
40,1000,5,"T_Copula_Sine",2000,-2,"0.5(log(n))^2",0.13
41,1000,5,"T_Copula_Sine",2000,-2,"0.5(log(n))^2",0.25
42,1000,5,"T_Copula_Sine",2000,-2,"0.5(log(n))^2",0.03
43,1000,5,"T_Copula_Sine",2000,-2,"0.5(log(n))^2",0.41
44,1000,5,"T_Copula_Sine",2000,-2,"0.5(log(n))^2",0.16
45,1000,5,"T_Copula_Sine",2000,-2,"0.5(log(n))^2",0.06
46,1000,5,"T_Copula_Sine",2000,-2,"0.5(log(n))^2",0.02
47,1000,5,"T_Copula_Sine",2000,-2,"0.5(log(n))^2",0.83
48,1000,5,"T_Copula_Sine",2000,-2,"0.5(log(n))^2",0.31
49,1000,5,"T_Copula_Sine",2000,-2,"0.5(log(n))^2",0.72
50,1000,5,"T_Copula_Sine",2000,-2,"0.5(log(n))^2",0.1
51,1000,5,"T_Copula_Sine",2000,-2,"0.5(log(n))^2",0.05
52,1000,5,"T_Copula_Sine",2000,-2,"0.5(log(n))^2",0.96
53,1000,5,"T_Copula_Sine",2000,-2,"0.5(log(n))^2",0.81
54,1000,5,"T_Copula_Sine",2000,-2,"0.5(log(n))^2",0.83
55,1000,5,"T_Copula_Sine",2000,-2,"0.5(log(n))^2",0.41
56,1000,5,"T_Copula_Sine",2000,-2,"0.5(log(n))^2",0.68
57,1000,5,"T_Copula_Sine",2000,-2,"0.5(log(n))^2",0.07
58,1000,5,"T_Copula_Sine",2000,-2,"0.5(log(n))^2",0.26
59,1000,5,"T_Copula_Sine",2000,-2,"0.5(log(n))^2",0.8
60,1000,5,"T_Copula_Sine",2000,-2,"0.5(log(n))^2",0.29
61,1000,5,"T_Copula_Sine",2000,-2,"0.5(log(n))^2",0.45
62,1000,5,"T_Copula_Sine",2000,-2,"0.5(log(n))^2",0.28
63,1000,5,"T_Copula_Sine",2000,-2,"0.5(log(n))^2",0.82
64,1000,5,"T_Copula_Sine",2000,-2,"0.5(log(n))^2",0.69
65,1000,5,"T_Copula_Sine",2000,-2,"0.5(log(n))^2",0.1
66,1000,5,"T_Copula_Sine",2000,-2,"0.5(log(n))^2",0.02
67,1000,5,"T_Copula_Sine",2000,-2,"0.5(log(n))^2",0.75
68,1000,5,"T_Copula_Sine",2000,-2,"0.5(log(n))^2",0.61
69,1000,5,"T_Copula_Sine",2000,-2,"0.5(log(n))^2",1
70,1000,5,"T_Copula_Sine",2000,-2,"0.5(log(n))^2",0.06
71,1000,5,"T_Copula_Sine",2000,-2,"0.5(log(n))^2",0.92
72,1000,5,"T_Copula_Sine",2000,-2,"0.5(log(n))^2",0.74
73,1000,5,"T_Copula_Sine",2000,-2,"0.5(log(n))^2",0.21
74,1000,5,"T_Copula_Sine",2000,-2,"0.5(log(n))^2",0.05
75,1000,5,"T_Copula_Sine",2000,-2,"0.5(log(n))^2",0.67
76,1000,5,"T_Copula_Sine",2000,-2,"0.5(log(n))^2",0.41
77,1000,5,"T_Copula_Sine",2000,-2,"0.5(log(n))^2",0.56
78,1000,5,"T_Copula_Sine",2000,-2,"0.5(log(n))^2",0.22
79,1000,5,"T_Copula_Sine",2000,-2,"0.5(log(n))^2",0.97
80,1000,5,"T_Copula_Sine",2000,-2,"0.5(log(n))^2",0.15
81,1000,5,"T_Copula_Sine",2000,-2,"0.5(log(n))^2",0.1
82,1000,5,"T_Copula_Sine",2000,-2,"0.5(log(n))^2",0.07
83,1000,5,"T_Copula_Sine",2000,-2,"0.5(log(n))^2",0.09
84,1000,5,"T_Copula_Sine",2000,-2,"0.5(log(n))^2",0.44
85,1000,5,"T_Copula_Sine",2000,-2,"0.5(log(n))^2",0.21
86,1000,5,"T_Copula_Sine",2000,-2,"0.5(log(n))^2",0.77
87,1000,5,"T_Copula_Sine",2000,-2,"0.5(log(n))^2",0.57
88,1000,5,"T_Copula_Sine",2000,-2,"0.5(log(n))^2",0.78
89,1000,5,"T_Copula_Sine",2000,-2,"0.5(log(n))^2",0.88
90,1000,5,"T_Copula_Sine",2000,-2,"0.5(log(n))^2",0.22
91,1000,5,"T_Copula_Sine",2000,-2,"0.5(log(n))^2",0.3
92,1000,5,"T_Copula_Sine",2000,-2,"0.5(log(n))^2",0.08
93,1000,5,"T_Copula_Sine",2000,-2,"0.5(log(n))^2",0.39
94,1000,5,"T_Copula_Sine",2000,-2,"0.5(log(n))^2",0.11
95,1000,5,"T_Copula_Sine",2000,-2,"0.5(log(n))^2",0.58
96,1000,5,"T_Copula_Sine",2000,-2,"0.5(log(n))^2",0.46
97,1000,5,"T_Copula_Sine",2000,-2,"0.5(log(n))^2",0.21
98,1000,5,"T_Copula_Sine",2000,-2,"0.5(log(n))^2",0.38
99,1000,5,"T_Copula_Sine",2000,-2,"0.5(log(n))^2",0.14
100,1000,5,"T_Copula_Sine",2000,-2,"0.5(log(n))^2",0.35
101,1000,5,"T_Copula_Sine",2000,-2,"0.5(log(n))^2",0.27
102,1000,5,"T_Copula_Sine",2000,-2,"0.5(log(n))^2",0.48
103,1000,5,"T_Copula_Sine",2000,-2,"0.5(log(n))^2",0.49
104,1000,5,"T_Copula_Sine",2000,-2,"0.5(log(n))^2",0.11
105,1000,5,"T_Copula_Sine",2000,-2,"0.5(log(n))^2",0.04
106,1000,5,"T_Copula_Sine",2000,-2,"0.5(log(n))^2",0.02
107,1000,5,"T_Copula_Sine",2000,-2,"0.5(log(n))^2",0.59
108,1000,5,"T_Copula_Sine",2000,-2,"0.5(log(n))^2",0.12
109,1000,5,"T_Copula_Sine",2000,-2,"0.5(log(n))^2",0.5
110,1000,5,"T_Copula_Sine",2000,-2,"0.5(log(n))^2",0.25
111,1000,5,"T_Copula_Sine",2000,-2,"0.5(log(n))^2",0.24
112,1000,5,"T_Copula_Sine",2000,-2,"0.5(log(n))^2",0.57
113,1000,5,"T_Copula_Sine",2000,-2,"0.5(log(n))^2",0.3
114,1000,5,"T_Copula_Sine",2000,-2,"0.5(log(n))^2",0.28
115,1000,5,"T_Copula_Sine",2000,-2,"0.5(log(n))^2",0.23
116,1000,5,"T_Copula_Sine",2000,-2,"0.5(log(n))^2",0.77
117,1000,5,"T_Copula_Sine",2000,-2,"0.5(log(n))^2",0.84
118,1000,5,"T_Copula_Sine",2000,-2,"0.5(log(n))^2",0.66
119,1000,5,"T_Copula_Sine",2000,-2,"0.5(log(n))^2",0.08
120,1000,5,"T_Copula_Sine",2000,-2,"0.5(log(n))^2",0.41
121,1000,5,"T_Copula_Sine",2000,-2,"0.5(log(n))^2",0.45
122,1000,5,"T_Copula_Sine",2000,-2,"0.5(log(n))^2",0.16
123,1000,5,"T_Copula_Sine",2000,-2,"0.5(log(n))^2",0.57
124,1000,5,"T_Copula_Sine",2000,-2,"0.5(log(n))^2",0.9
125,1000,5,"T_Copula_Sine",2000,-2,"0.5(log(n))^2",0.6
126,1000,5,"T_Copula_Sine",2000,-2,"0.5(log(n))^2",0.72
127,1000,5,"T_Copula_Sine",2000,-2,"0.5(log(n))^2",0.06
128,1000,5,"T_Copula_Sine",2000,-2,"0.5(log(n))^2",0.47
129,1000,5,"T_Copula_Sine",2000,-2,"0.5(log(n))^2",0.36
130,1000,5,"T_Copula_Sine",2000,-2,"0.5(log(n))^2",0.41
131,1000,5,"T_Copula_Sine",2000,-2,"0.5(log(n))^2",0.13
132,1000,5,"T_Copula_Sine",2000,-2,"0.5(log(n))^2",0.1
133,1000,5,"T_Copula_Sine",2000,-2,"0.5(log(n))^2",0.42
134,1000,5,"T_Copula_Sine",2000,-2,"0.5(log(n))^2",0
135,1000,5,"T_Copula_Sine",2000,-2,"0.5(log(n))^2",0.45
136,1000,5,"T_Copula_Sine",2000,-2,"0.5(log(n))^2",0.71
137,1000,5,"T_Copula_Sine",2000,-2,"0.5(log(n))^2",0.12
138,1000,5,"T_Copula_Sine",2000,-2,"0.5(log(n))^2",0.2
139,1000,5,"T_Copula_Sine",2000,-2,"0.5(log(n))^2",0.13
140,1000,5,"T_Copula_Sine",2000,-2,"0.5(log(n))^2",0.28
141,1000,5,"T_Copula_Sine",2000,-2,"0.5(log(n))^2",0.05
142,1000,5,"T_Copula_Sine",2000,-2,"0.5(log(n))^2",0.13
143,1000,5,"T_Copula_Sine",2000,-2,"0.5(log(n))^2",0.35
144,1000,5,"T_Copula_Sine",2000,-2,"0.5(log(n))^2",0.92
145,1000,5,"T_Copula_Sine",2000,-2,"0.5(log(n))^2",0.2
146,1000,5,"T_Copula_Sine",2000,-2,"0.5(log(n))^2",0.29
147,1000,5,"T_Copula_Sine",2000,-2,"0.5(log(n))^2",0.41
148,1000,5,"T_Copula_Sine",2000,-2,"0.5(log(n))^2",0.9
149,1000,5,"T_Copula_Sine",2000,-2,"0.5(log(n))^2",0.18
150,1000,5,"T_Copula_Sine",2000,-2,"0.5(log(n))^2",0.1
151,1000,5,"T_Copula_Sine",2000,-2,"0.5(log(n))^2",0.06
152,1000,5,"T_Copula_Sine",2000,-2,"0.5(log(n))^2",0.32
153,1000,5,"T_Copula_Sine",2000,-2,"0.5(log(n))^2",0.24
154,1000,5,"T_Copula_Sine",2000,-2,"0.5(log(n))^2",0.36
155,1000,5,"T_Copula_Sine",2000,-2,"0.5(log(n))^2",0.15
156,1000,5,"T_Copula_Sine",2000,-2,"0.5(log(n))^2",0.89
157,1000,5,"T_Copula_Sine",2000,-2,"0.5(log(n))^2",0.83
158,1000,5,"T_Copula_Sine",2000,-2,"0.5(log(n))^2",0.12
159,1000,5,"T_Copula_Sine",2000,-2,"0.5(log(n))^2",0.86
160,1000,5,"T_Copula_Sine",2000,-2,"0.5(log(n))^2",0.05
161,1000,5,"T_Copula_Sine",2000,-2,"0.5(log(n))^2",0.52
162,1000,5,"T_Copula_Sine",2000,-2,"0.5(log(n))^2",0.63
163,1000,5,"T_Copula_Sine",2000,-2,"0.5(log(n))^2",0.63
164,1000,5,"T_Copula_Sine",2000,-2,"0.5(log(n))^2",0.99
165,1000,5,"T_Copula_Sine",2000,-2,"0.5(log(n))^2",0.75
166,1000,5,"T_Copula_Sine",2000,-2,"0.5(log(n))^2",0.32
167,1000,5,"T_Copula_Sine",2000,-2,"0.5(log(n))^2",0.14
168,1000,5,"T_Copula_Sine",2000,-2,"0.5(log(n))^2",0.17
169,1000,5,"T_Copula_Sine",2000,-2,"0.5(log(n))^2",0.3
170,1000,5,"T_Copula_Sine",2000,-2,"0.5(log(n))^2",0.54
171,1000,5,"T_Copula_Sine",2000,-2,"0.5(log(n))^2",0.01
172,1000,5,"T_Copula_Sine",2000,-2,"0.5(log(n))^2",0.15
173,1000,5,"T_Copula_Sine",2000,-2,"0.5(log(n))^2",0.2
174,1000,5,"T_Copula_Sine",2000,-2,"0.5(log(n))^2",0.34
175,1000,5,"T_Copula_Sine",2000,-2,"0.5(log(n))^2",0.76
176,1000,5,"T_Copula_Sine",2000,-2,"0.5(log(n))^2",0.78
177,1000,5,"T_Copula_Sine",2000,-2,"0.5(log(n))^2",0.32
178,1000,5,"T_Copula_Sine",2000,-2,"0.5(log(n))^2",0.13
179,1000,5,"T_Copula_Sine",2000,-2,"0.5(log(n))^2",0.24
180,1000,5,"T_Copula_Sine",2000,-2,"0.5(log(n))^2",0.7
181,1000,5,"T_Copula_Sine",2000,-2,"0.5(log(n))^2",0.09
182,1000,5,"T_Copula_Sine",2000,-2,"0.5(log(n))^2",0.36
183,1000,5,"T_Copula_Sine",2000,-2,"0.5(log(n))^2",0.64
184,1000,5,"T_Copula_Sine",2000,-2,"0.5(log(n))^2",0.37
185,1000,5,"T_Copula_Sine",2000,-2,"0.5(log(n))^2",0.74
186,1000,5,"T_Copula_Sine",2000,-2,"0.5(log(n))^2",0.34
187,1000,5,"T_Copula_Sine",2000,-2,"0.5(log(n))^2",0.71
188,1000,5,"T_Copula_Sine",2000,-2,"0.5(log(n))^2",0.34
189,1000,5,"T_Copula_Sine",2000,-2,"0.5(log(n))^2",0.42
190,1000,5,"T_Copula_Sine",2000,-2,"0.5(log(n))^2",0.7
191,1000,5,"T_Copula_Sine",2000,-2,"0.5(log(n))^2",0.07
192,1000,5,"T_Copula_Sine",2000,-2,"0.5(log(n))^2",0.15
193,1000,5,"T_Copula_Sine",2000,-2,"0.5(log(n))^2",0.62
194,1000,5,"T_Copula_Sine",2000,-2,"0.5(log(n))^2",0.43
195,1000,5,"T_Copula_Sine",2000,-2,"0.5(log(n))^2",0.4
196,1000,5,"T_Copula_Sine",2000,-2,"0.5(log(n))^2",0.78
197,1000,5,"T_Copula_Sine",2000,-2,"0.5(log(n))^2",0.15
198,1000,5,"T_Copula_Sine",2000,-2,"0.5(log(n))^2",0.26
199,1000,5,"T_Copula_Sine",2000,-2,"0.5(log(n))^2",0.39
200,1000,5,"T_Copula_Sine",2000,-2,"0.5(log(n))^2",0.27
201,1000,5,"T_Copula_Sine",2000,-2,"0.5(log(n))^2",0.26
202,1000,5,"T_Copula_Sine",2000,-2,"0.5(log(n))^2",0.25
203,1000,5,"T_Copula_Sine",2000,-2,"0.5(log(n))^2",0.05
204,1000,5,"T_Copula_Sine",2000,-2,"0.5(log(n))^2",0.22
205,1000,5,"T_Copula_Sine",2000,-2,"0.5(log(n))^2",0.05
206,1000,5,"T_Copula_Sine",2000,-2,"0.5(log(n))^2",0.22
207,1000,5,"T_Copula_Sine",2000,-2,"0.5(log(n))^2",0.12
208,1000,5,"T_Copula_Sine",2000,-2,"0.5(log(n))^2",0.48
209,1000,5,"T_Copula_Sine",2000,-2,"0.5(log(n))^2",0.06
210,1000,5,"T_Copula_Sine",2000,-2,"0.5(log(n))^2",0.32
211,1000,5,"T_Copula_Sine",2000,-2,"0.5(log(n))^2",0.09
212,1000,5,"T_Copula_Sine",2000,-2,"0.5(log(n))^2",0.35
213,1000,5,"T_Copula_Sine",2000,-2,"0.5(log(n))^2",0.12
214,1000,5,"T_Copula_Sine",2000,-2,"0.5(log(n))^2",0.13
215,1000,5,"T_Copula_Sine",2000,-2,"0.5(log(n))^2",0.18
216,1000,5,"T_Copula_Sine",2000,-2,"0.5(log(n))^2",0.52
217,1000,5,"T_Copula_Sine",2000,-2,"0.5(log(n))^2",0.35
218,1000,5,"T_Copula_Sine",2000,-2,"0.5(log(n))^2",0.42
219,1000,5,"T_Copula_Sine",2000,-2,"0.5(log(n))^2",0.28
220,1000,5,"T_Copula_Sine",2000,-2,"0.5(log(n))^2",0.94
221,1000,5,"T_Copula_Sine",2000,-2,"0.5(log(n))^2",0.2
222,1000,5,"T_Copula_Sine",2000,-2,"0.5(log(n))^2",0.87
223,1000,5,"T_Copula_Sine",2000,-2,"0.5(log(n))^2",0.98
224,1000,5,"T_Copula_Sine",2000,-2,"0.5(log(n))^2",0.67
225,1000,5,"T_Copula_Sine",2000,-2,"0.5(log(n))^2",0.19
226,1000,5,"T_Copula_Sine",2000,-2,"0.5(log(n))^2",0.24
227,1000,5,"T_Copula_Sine",2000,-2,"0.5(log(n))^2",0.83
228,1000,5,"T_Copula_Sine",2000,-2,"0.5(log(n))^2",0.31
229,1000,5,"T_Copula_Sine",2000,-2,"0.5(log(n))^2",0.86
230,1000,5,"T_Copula_Sine",2000,-2,"0.5(log(n))^2",0.18
231,1000,5,"T_Copula_Sine",2000,-2,"0.5(log(n))^2",0.25
232,1000,5,"T_Copula_Sine",2000,-2,"0.5(log(n))^2",0.46
233,1000,5,"T_Copula_Sine",2000,-2,"0.5(log(n))^2",0.64
234,1000,5,"T_Copula_Sine",2000,-2,"0.5(log(n))^2",0.15
235,1000,5,"T_Copula_Sine",2000,-2,"0.5(log(n))^2",0.98
236,1000,5,"T_Copula_Sine",2000,-2,"0.5(log(n))^2",0.05
237,1000,5,"T_Copula_Sine",2000,-2,"0.5(log(n))^2",0.01
238,1000,5,"T_Copula_Sine",2000,-2,"0.5(log(n))^2",0.79
239,1000,5,"T_Copula_Sine",2000,-2,"0.5(log(n))^2",0.04
240,1000,5,"T_Copula_Sine",2000,-2,"0.5(log(n))^2",0.47
241,1000,5,"T_Copula_Sine",2000,-2,"0.5(log(n))^2",0.43
242,1000,5,"T_Copula_Sine",2000,-2,"0.5(log(n))^2",0.24
243,1000,5,"T_Copula_Sine",2000,-2,"0.5(log(n))^2",0.32
244,1000,5,"T_Copula_Sine",2000,-2,"0.5(log(n))^2",0.59
245,1000,5,"T_Copula_Sine",2000,-2,"0.5(log(n))^2",0.9
246,1000,5,"T_Copula_Sine",2000,-2,"0.5(log(n))^2",0.33
247,1000,5,"T_Copula_Sine",2000,-2,"0.5(log(n))^2",0.01
248,1000,5,"T_Copula_Sine",2000,-2,"0.5(log(n))^2",0.51
249,1000,5,"T_Copula_Sine",2000,-2,"0.5(log(n))^2",0.85
250,1000,5,"T_Copula_Sine",2000,-2,"0.5(log(n))^2",0.15
251,1000,5,"T_Copula_Sine",2000,-2,"0.5(log(n))^2",0.55
252,1000,5,"T_Copula_Sine",2000,-2,"0.5(log(n))^2",0.54
253,1000,5,"T_Copula_Sine",2000,-2,"0.5(log(n))^2",0.98
254,1000,5,"T_Copula_Sine",2000,-2,"0.5(log(n))^2",0.19
255,1000,5,"T_Copula_Sine",2000,-2,"0.5(log(n))^2",0.13
256,1000,5,"T_Copula_Sine",2000,-2,"0.5(log(n))^2",0.21
257,1000,5,"T_Copula_Sine",2000,-2,"0.5(log(n))^2",0.03
258,1000,5,"T_Copula_Sine",2000,-2,"0.5(log(n))^2",0.28
259,1000,5,"T_Copula_Sine",2000,-2,"0.5(log(n))^2",0.16
260,1000,5,"T_Copula_Sine",2000,-2,"0.5(log(n))^2",0.24
261,1000,5,"T_Copula_Sine",2000,-2,"0.5(log(n))^2",0.42
262,1000,5,"T_Copula_Sine",2000,-2,"0.5(log(n))^2",0.62
263,1000,5,"T_Copula_Sine",2000,-2,"0.5(log(n))^2",0.3
264,1000,5,"T_Copula_Sine",2000,-2,"0.5(log(n))^2",0.05
265,1000,5,"T_Copula_Sine",2000,-2,"0.5(log(n))^2",0.08
266,1000,5,"T_Copula_Sine",2000,-2,"0.5(log(n))^2",0.38
267,1000,5,"T_Copula_Sine",2000,-2,"0.5(log(n))^2",0.47
268,1000,5,"T_Copula_Sine",2000,-2,"0.5(log(n))^2",0.26
269,1000,5,"T_Copula_Sine",2000,-2,"0.5(log(n))^2",0.72
270,1000,5,"T_Copula_Sine",2000,-2,"0.5(log(n))^2",0.75
271,1000,5,"T_Copula_Sine",2000,-2,"0.5(log(n))^2",0.52
272,1000,5,"T_Copula_Sine",2000,-2,"0.5(log(n))^2",0.61
273,1000,5,"T_Copula_Sine",2000,-2,"0.5(log(n))^2",0.04
274,1000,5,"T_Copula_Sine",2000,-2,"0.5(log(n))^2",0.48
275,1000,5,"T_Copula_Sine",2000,-2,"0.5(log(n))^2",0.23
276,1000,5,"T_Copula_Sine",2000,-2,"0.5(log(n))^2",0.16
277,1000,5,"T_Copula_Sine",2000,-2,"0.5(log(n))^2",0.34
278,1000,5,"T_Copula_Sine",2000,-2,"0.5(log(n))^2",0.38
279,1000,5,"T_Copula_Sine",2000,-2,"0.5(log(n))^2",0.49
280,1000,5,"T_Copula_Sine",2000,-2,"0.5(log(n))^2",0.63
281,1000,5,"T_Copula_Sine",2000,-2,"0.5(log(n))^2",0.15
282,1000,5,"T_Copula_Sine",2000,-2,"0.5(log(n))^2",0.09
283,1000,5,"T_Copula_Sine",2000,-2,"0.5(log(n))^2",0.4
284,1000,5,"T_Copula_Sine",2000,-2,"0.5(log(n))^2",0.15
285,1000,5,"T_Copula_Sine",2000,-2,"0.5(log(n))^2",0.9
286,1000,5,"T_Copula_Sine",2000,-2,"0.5(log(n))^2",0.29
287,1000,5,"T_Copula_Sine",2000,-2,"0.5(log(n))^2",0.35
288,1000,5,"T_Copula_Sine",2000,-2,"0.5(log(n))^2",0.81
289,1000,5,"T_Copula_Sine",2000,-2,"0.5(log(n))^2",0.1
290,1000,5,"T_Copula_Sine",2000,-2,"0.5(log(n))^2",0.55
291,1000,5,"T_Copula_Sine",2000,-2,"0.5(log(n))^2",0.02
292,1000,5,"T_Copula_Sine",2000,-2,"0.5(log(n))^2",0.47
293,1000,5,"T_Copula_Sine",2000,-2,"0.5(log(n))^2",0.19
294,1000,5,"T_Copula_Sine",2000,-2,"0.5(log(n))^2",0.07
295,1000,5,"T_Copula_Sine",2000,-2,"0.5(log(n))^2",0.69
296,1000,5,"T_Copula_Sine",2000,-2,"0.5(log(n))^2",0.03
297,1000,5,"T_Copula_Sine",2000,-2,"0.5(log(n))^2",0.76
298,1000,5,"T_Copula_Sine",2000,-2,"0.5(log(n))^2",0.09
299,1000,5,"T_Copula_Sine",2000,-2,"0.5(log(n))^2",0.13
300,1000,5,"T_Copula_Sine",2000,-2,"0.5(log(n))^2",0.86
301,1000,5,"T_Copula_Sine",2000,-2,"0.5(log(n))^2",0.01
302,1000,5,"T_Copula_Sine",2000,-2,"0.5(log(n))^2",0.52
303,1000,5,"T_Copula_Sine",2000,-2,"0.5(log(n))^2",0.62
304,1000,5,"T_Copula_Sine",2000,-2,"0.5(log(n))^2",0
305,1000,5,"T_Copula_Sine",2000,-2,"0.5(log(n))^2",0.65
306,1000,5,"T_Copula_Sine",2000,-2,"0.5(log(n))^2",0.51
307,1000,5,"T_Copula_Sine",2000,-2,"0.5(log(n))^2",0.57
308,1000,5,"T_Copula_Sine",2000,-2,"0.5(log(n))^2",0.43
309,1000,5,"T_Copula_Sine",2000,-2,"0.5(log(n))^2",0.57
310,1000,5,"T_Copula_Sine",2000,-2,"0.5(log(n))^2",0.61
311,1000,5,"T_Copula_Sine",2000,-2,"0.5(log(n))^2",0.53
312,1000,5,"T_Copula_Sine",2000,-2,"0.5(log(n))^2",0.52
313,1000,5,"T_Copula_Sine",2000,-2,"0.5(log(n))^2",0
314,1000,5,"T_Copula_Sine",2000,-2,"0.5(log(n))^2",0.05
315,1000,5,"T_Copula_Sine",2000,-2,"0.5(log(n))^2",0.91
316,1000,5,"T_Copula_Sine",2000,-2,"0.5(log(n))^2",0.31
317,1000,5,"T_Copula_Sine",2000,-2,"0.5(log(n))^2",0.67
318,1000,5,"T_Copula_Sine",2000,-2,"0.5(log(n))^2",0.7
319,1000,5,"T_Copula_Sine",2000,-2,"0.5(log(n))^2",0.38
320,1000,5,"T_Copula_Sine",2000,-2,"0.5(log(n))^2",0.09
321,1000,5,"T_Copula_Sine",2000,-2,"0.5(log(n))^2",0.3
322,1000,5,"T_Copula_Sine",2000,-2,"0.5(log(n))^2",0.43
323,1000,5,"T_Copula_Sine",2000,-2,"0.5(log(n))^2",0.92
324,1000,5,"T_Copula_Sine",2000,-2,"0.5(log(n))^2",0.56
325,1000,5,"T_Copula_Sine",2000,-2,"0.5(log(n))^2",0.79
326,1000,5,"T_Copula_Sine",2000,-2,"0.5(log(n))^2",0.5
327,1000,5,"T_Copula_Sine",2000,-2,"0.5(log(n))^2",0.7
328,1000,5,"T_Copula_Sine",2000,-2,"0.5(log(n))^2",0.16
329,1000,5,"T_Copula_Sine",2000,-2,"0.5(log(n))^2",0.86
330,1000,5,"T_Copula_Sine",2000,-2,"0.5(log(n))^2",0.12
331,1000,5,"T_Copula_Sine",2000,-2,"0.5(log(n))^2",0.51
332,1000,5,"T_Copula_Sine",2000,-2,"0.5(log(n))^2",0.13
333,1000,5,"T_Copula_Sine",2000,-2,"0.5(log(n))^2",0.43
334,1000,5,"T_Copula_Sine",2000,-2,"0.5(log(n))^2",0.65
335,1000,5,"T_Copula_Sine",2000,-2,"0.5(log(n))^2",0.65
336,1000,5,"T_Copula_Sine",2000,-2,"0.5(log(n))^2",0.95
337,1000,5,"T_Copula_Sine",2000,-2,"0.5(log(n))^2",0.33
338,1000,5,"T_Copula_Sine",2000,-2,"0.5(log(n))^2",0.54
339,1000,5,"T_Copula_Sine",2000,-2,"0.5(log(n))^2",0.64
340,1000,5,"T_Copula_Sine",2000,-2,"0.5(log(n))^2",0.4
341,1000,5,"T_Copula_Sine",2000,-2,"0.5(log(n))^2",0.29
342,1000,5,"T_Copula_Sine",2000,-2,"0.5(log(n))^2",0.1
343,1000,5,"T_Copula_Sine",2000,-2,"0.5(log(n))^2",0.13
344,1000,5,"T_Copula_Sine",2000,-2,"0.5(log(n))^2",0.36
345,1000,5,"T_Copula_Sine",2000,-2,"0.5(log(n))^2",0.11
346,1000,5,"T_Copula_Sine",2000,-2,"0.5(log(n))^2",0.98
347,1000,5,"T_Copula_Sine",2000,-2,"0.5(log(n))^2",0.83
348,1000,5,"T_Copula_Sine",2000,-2,"0.5(log(n))^2",0.6
349,1000,5,"T_Copula_Sine",2000,-2,"0.5(log(n))^2",0.37
350,1000,5,"T_Copula_Sine",2000,-2,"0.5(log(n))^2",0
351,1000,5,"T_Copula_Sine",2000,-2,"0.5(log(n))^2",0.53
352,1000,5,"T_Copula_Sine",2000,-2,"0.5(log(n))^2",0.72
353,1000,5,"T_Copula_Sine",2000,-2,"0.5(log(n))^2",0.32
354,1000,5,"T_Copula_Sine",2000,-2,"0.5(log(n))^2",0.42
355,1000,5,"T_Copula_Sine",2000,-2,"0.5(log(n))^2",0.52
356,1000,5,"T_Copula_Sine",2000,-2,"0.5(log(n))^2",0.25
357,1000,5,"T_Copula_Sine",2000,-2,"0.5(log(n))^2",0.33
358,1000,5,"T_Copula_Sine",2000,-2,"0.5(log(n))^2",0.1
359,1000,5,"T_Copula_Sine",2000,-2,"0.5(log(n))^2",0.09
360,1000,5,"T_Copula_Sine",2000,-2,"0.5(log(n))^2",0.03
361,1000,5,"T_Copula_Sine",2000,-2,"0.5(log(n))^2",0.13
362,1000,5,"T_Copula_Sine",2000,-2,"0.5(log(n))^2",0.08
363,1000,5,"T_Copula_Sine",2000,-2,"0.5(log(n))^2",0.6
364,1000,5,"T_Copula_Sine",2000,-2,"0.5(log(n))^2",0.21
365,1000,5,"T_Copula_Sine",2000,-2,"0.5(log(n))^2",0.2
366,1000,5,"T_Copula_Sine",2000,-2,"0.5(log(n))^2",0.94
367,1000,5,"T_Copula_Sine",2000,-2,"0.5(log(n))^2",0.14
368,1000,5,"T_Copula_Sine",2000,-2,"0.5(log(n))^2",0.03
369,1000,5,"T_Copula_Sine",2000,-2,"0.5(log(n))^2",0.26
370,1000,5,"T_Copula_Sine",2000,-2,"0.5(log(n))^2",0.83
371,1000,5,"T_Copula_Sine",2000,-2,"0.5(log(n))^2",0.04
372,1000,5,"T_Copula_Sine",2000,-2,"0.5(log(n))^2",0.05
373,1000,5,"T_Copula_Sine",2000,-2,"0.5(log(n))^2",0.53
374,1000,5,"T_Copula_Sine",2000,-2,"0.5(log(n))^2",0.18
375,1000,5,"T_Copula_Sine",2000,-2,"0.5(log(n))^2",1
376,1000,5,"T_Copula_Sine",2000,-2,"0.5(log(n))^2",0.21
377,1000,5,"T_Copula_Sine",2000,-2,"0.5(log(n))^2",0.34
378,1000,5,"T_Copula_Sine",2000,-2,"0.5(log(n))^2",0.08
379,1000,5,"T_Copula_Sine",2000,-2,"0.5(log(n))^2",0.17
380,1000,5,"T_Copula_Sine",2000,-2,"0.5(log(n))^2",0.47
381,1000,5,"T_Copula_Sine",2000,-2,"0.5(log(n))^2",0.48
382,1000,5,"T_Copula_Sine",2000,-2,"0.5(log(n))^2",0.51
383,1000,5,"T_Copula_Sine",2000,-2,"0.5(log(n))^2",0.39
384,1000,5,"T_Copula_Sine",2000,-2,"0.5(log(n))^2",0.22
385,1000,5,"T_Copula_Sine",2000,-2,"0.5(log(n))^2",0.48
386,1000,5,"T_Copula_Sine",2000,-2,"0.5(log(n))^2",0.43
387,1000,5,"T_Copula_Sine",2000,-2,"0.5(log(n))^2",0.24
388,1000,5,"T_Copula_Sine",2000,-2,"0.5(log(n))^2",0.46
389,1000,5,"T_Copula_Sine",2000,-2,"0.5(log(n))^2",0.66
390,1000,5,"T_Copula_Sine",2000,-2,"0.5(log(n))^2",0.27
391,1000,5,"T_Copula_Sine",2000,-2,"0.5(log(n))^2",0.15
392,1000,5,"T_Copula_Sine",2000,-2,"0.5(log(n))^2",0.92
393,1000,5,"T_Copula_Sine",2000,-2,"0.5(log(n))^2",0.24
394,1000,5,"T_Copula_Sine",2000,-2,"0.5(log(n))^2",0.74
395,1000,5,"T_Copula_Sine",2000,-2,"0.5(log(n))^2",0.07
396,1000,5,"T_Copula_Sine",2000,-2,"0.5(log(n))^2",0.51
397,1000,5,"T_Copula_Sine",2000,-2,"0.5(log(n))^2",0.52
398,1000,5,"T_Copula_Sine",2000,-2,"0.5(log(n))^2",0.75
399,1000,5,"T_Copula_Sine",2000,-2,"0.5(log(n))^2",0.38
400,1000,5,"T_Copula_Sine",2000,-2,"0.5(log(n))^2",0.11
401,1000,5,"T_Copula_Sine",2000,-2,"0.5(log(n))^2",0.93
402,1000,5,"T_Copula_Sine",2000,-2,"0.5(log(n))^2",0.36
403,1000,5,"T_Copula_Sine",2000,-2,"0.5(log(n))^2",0.29
404,1000,5,"T_Copula_Sine",2000,-2,"0.5(log(n))^2",0.86
405,1000,5,"T_Copula_Sine",2000,-2,"0.5(log(n))^2",0.33
406,1000,5,"T_Copula_Sine",2000,-2,"0.5(log(n))^2",0.05
407,1000,5,"T_Copula_Sine",2000,-2,"0.5(log(n))^2",0.09
408,1000,5,"T_Copula_Sine",2000,-2,"0.5(log(n))^2",0.02
409,1000,5,"T_Copula_Sine",2000,-2,"0.5(log(n))^2",0.45
410,1000,5,"T_Copula_Sine",2000,-2,"0.5(log(n))^2",0.01
411,1000,5,"T_Copula_Sine",2000,-2,"0.5(log(n))^2",0.39
412,1000,5,"T_Copula_Sine",2000,-2,"0.5(log(n))^2",0.53
413,1000,5,"T_Copula_Sine",2000,-2,"0.5(log(n))^2",0.11
414,1000,5,"T_Copula_Sine",2000,-2,"0.5(log(n))^2",0.04
415,1000,5,"T_Copula_Sine",2000,-2,"0.5(log(n))^2",0.09
416,1000,5,"T_Copula_Sine",2000,-2,"0.5(log(n))^2",0.34
417,1000,5,"T_Copula_Sine",2000,-2,"0.5(log(n))^2",0.91
418,1000,5,"T_Copula_Sine",2000,-2,"0.5(log(n))^2",0.02
419,1000,5,"T_Copula_Sine",2000,-2,"0.5(log(n))^2",0.42
420,1000,5,"T_Copula_Sine",2000,-2,"0.5(log(n))^2",0.2
421,1000,5,"T_Copula_Sine",2000,-2,"0.5(log(n))^2",0.57
422,1000,5,"T_Copula_Sine",2000,-2,"0.5(log(n))^2",0.73
423,1000,5,"T_Copula_Sine",2000,-2,"0.5(log(n))^2",0.01
424,1000,5,"T_Copula_Sine",2000,-2,"0.5(log(n))^2",0.5
425,1000,5,"T_Copula_Sine",2000,-2,"0.5(log(n))^2",0.1
426,1000,5,"T_Copula_Sine",2000,-2,"0.5(log(n))^2",0.32
427,1000,5,"T_Copula_Sine",2000,-2,"0.5(log(n))^2",0.5
428,1000,5,"T_Copula_Sine",2000,-2,"0.5(log(n))^2",0.21
429,1000,5,"T_Copula_Sine",2000,-2,"0.5(log(n))^2",0.73
430,1000,5,"T_Copula_Sine",2000,-2,"0.5(log(n))^2",0.89
431,1000,5,"T_Copula_Sine",2000,-2,"0.5(log(n))^2",0.09
432,1000,5,"T_Copula_Sine",2000,-2,"0.5(log(n))^2",0.35
433,1000,5,"T_Copula_Sine",2000,-2,"0.5(log(n))^2",0.07
434,1000,5,"T_Copula_Sine",2000,-2,"0.5(log(n))^2",0.32
435,1000,5,"T_Copula_Sine",2000,-2,"0.5(log(n))^2",0.76
436,1000,5,"T_Copula_Sine",2000,-2,"0.5(log(n))^2",0.5
437,1000,5,"T_Copula_Sine",2000,-2,"0.5(log(n))^2",0.37
438,1000,5,"T_Copula_Sine",2000,-2,"0.5(log(n))^2",0.21
439,1000,5,"T_Copula_Sine",2000,-2,"0.5(log(n))^2",0.6
440,1000,5,"T_Copula_Sine",2000,-2,"0.5(log(n))^2",0.2
441,1000,5,"T_Copula_Sine",2000,-2,"0.5(log(n))^2",0.15
442,1000,5,"T_Copula_Sine",2000,-2,"0.5(log(n))^2",0.31
443,1000,5,"T_Copula_Sine",2000,-2,"0.5(log(n))^2",0.17
444,1000,5,"T_Copula_Sine",2000,-2,"0.5(log(n))^2",0.18
445,1000,5,"T_Copula_Sine",2000,-2,"0.5(log(n))^2",0.88
446,1000,5,"T_Copula_Sine",2000,-2,"0.5(log(n))^2",0.4
447,1000,5,"T_Copula_Sine",2000,-2,"0.5(log(n))^2",0.61
448,1000,5,"T_Copula_Sine",2000,-2,"0.5(log(n))^2",0.74
449,1000,5,"T_Copula_Sine",2000,-2,"0.5(log(n))^2",0.59
450,1000,5,"T_Copula_Sine",2000,-2,"0.5(log(n))^2",0.24
451,1000,5,"T_Copula_Sine",2000,-2,"0.5(log(n))^2",0.7
452,1000,5,"T_Copula_Sine",2000,-2,"0.5(log(n))^2",0.02
453,1000,5,"T_Copula_Sine",2000,-2,"0.5(log(n))^2",0.25
454,1000,5,"T_Copula_Sine",2000,-2,"0.5(log(n))^2",0.75
455,1000,5,"T_Copula_Sine",2000,-2,"0.5(log(n))^2",0.35
456,1000,5,"T_Copula_Sine",2000,-2,"0.5(log(n))^2",0.5
457,1000,5,"T_Copula_Sine",2000,-2,"0.5(log(n))^2",0.18
458,1000,5,"T_Copula_Sine",2000,-2,"0.5(log(n))^2",0.08
459,1000,5,"T_Copula_Sine",2000,-2,"0.5(log(n))^2",0.24
460,1000,5,"T_Copula_Sine",2000,-2,"0.5(log(n))^2",0.96
461,1000,5,"T_Copula_Sine",2000,-2,"0.5(log(n))^2",0.23
462,1000,5,"T_Copula_Sine",2000,-2,"0.5(log(n))^2",0.57
463,1000,5,"T_Copula_Sine",2000,-2,"0.5(log(n))^2",0.28
464,1000,5,"T_Copula_Sine",2000,-2,"0.5(log(n))^2",0.19
465,1000,5,"T_Copula_Sine",2000,-2,"0.5(log(n))^2",0.33
466,1000,5,"T_Copula_Sine",2000,-2,"0.5(log(n))^2",0.34
467,1000,5,"T_Copula_Sine",2000,-2,"0.5(log(n))^2",0.69
468,1000,5,"T_Copula_Sine",2000,-2,"0.5(log(n))^2",0.43
469,1000,5,"T_Copula_Sine",2000,-2,"0.5(log(n))^2",0.19
470,1000,5,"T_Copula_Sine",2000,-2,"0.5(log(n))^2",0.16
471,1000,5,"T_Copula_Sine",2000,-2,"0.5(log(n))^2",0.56
472,1000,5,"T_Copula_Sine",2000,-2,"0.5(log(n))^2",0.31
473,1000,5,"T_Copula_Sine",2000,-2,"0.5(log(n))^2",0.08
474,1000,5,"T_Copula_Sine",2000,-2,"0.5(log(n))^2",0.51
475,1000,5,"T_Copula_Sine",2000,-2,"0.5(log(n))^2",0.94
476,1000,5,"T_Copula_Sine",2000,-2,"0.5(log(n))^2",0.71
477,1000,5,"T_Copula_Sine",2000,-2,"0.5(log(n))^2",0.05
478,1000,5,"T_Copula_Sine",2000,-2,"0.5(log(n))^2",0.8
479,1000,5,"T_Copula_Sine",2000,-2,"0.5(log(n))^2",0.15
480,1000,5,"T_Copula_Sine",2000,-2,"0.5(log(n))^2",0.33
481,1000,5,"T_Copula_Sine",2000,-2,"0.5(log(n))^2",0.51
482,1000,5,"T_Copula_Sine",2000,-2,"0.5(log(n))^2",0.88
483,1000,5,"T_Copula_Sine",2000,-2,"0.5(log(n))^2",0.31
484,1000,5,"T_Copula_Sine",2000,-2,"0.5(log(n))^2",0.01
485,1000,5,"T_Copula_Sine",2000,-2,"0.5(log(n))^2",0.19
486,1000,5,"T_Copula_Sine",2000,-2,"0.5(log(n))^2",0.13
487,1000,5,"T_Copula_Sine",2000,-2,"0.5(log(n))^2",0.53
488,1000,5,"T_Copula_Sine",2000,-2,"0.5(log(n))^2",0
489,1000,5,"T_Copula_Sine",2000,-2,"0.5(log(n))^2",0.24
490,1000,5,"T_Copula_Sine",2000,-2,"0.5(log(n))^2",0.11
491,1000,5,"T_Copula_Sine",2000,-2,"0.5(log(n))^2",0.38
492,1000,5,"T_Copula_Sine",2000,-2,"0.5(log(n))^2",0.85
493,1000,5,"T_Copula_Sine",2000,-2,"0.5(log(n))^2",0.48
494,1000,5,"T_Copula_Sine",2000,-2,"0.5(log(n))^2",0.49
495,1000,5,"T_Copula_Sine",2000,-2,"0.5(log(n))^2",0.67
496,1000,5,"T_Copula_Sine",2000,-2,"0.5(log(n))^2",0.15
497,1000,5,"T_Copula_Sine",2000,-2,"0.5(log(n))^2",0.28
498,1000,5,"T_Copula_Sine",2000,-2,"0.5(log(n))^2",0.12
499,1000,5,"T_Copula_Sine",2000,-2,"0.5(log(n))^2",0.21
500,1000,5,"T_Copula_Sine",2000,-2,"0.5(log(n))^2",0.26
501,1000,5,"T_Copula_Sine",2000,-2,"0.5(log(n))^2",0.81
502,1000,5,"T_Copula_Sine",2000,-2,"0.5(log(n))^2",0.34
503,1000,5,"T_Copula_Sine",2000,-2,"0.5(log(n))^2",0.66
504,1000,5,"T_Copula_Sine",2000,-2,"0.5(log(n))^2",0.57
505,1000,5,"T_Copula_Sine",2000,-2,"0.5(log(n))^2",0.05
506,1000,5,"T_Copula_Sine",2000,-2,"0.5(log(n))^2",0.04
507,1000,5,"T_Copula_Sine",2000,-2,"0.5(log(n))^2",0.1
508,1000,5,"T_Copula_Sine",2000,-2,"0.5(log(n))^2",0.23
509,1000,5,"T_Copula_Sine",2000,-2,"0.5(log(n))^2",0.42
510,1000,5,"T_Copula_Sine",2000,-2,"0.5(log(n))^2",0.34
511,1000,5,"T_Copula_Sine",2000,-2,"0.5(log(n))^2",0.27
512,1000,5,"T_Copula_Sine",2000,-2,"0.5(log(n))^2",0.12
513,1000,5,"T_Copula_Sine",2000,-2,"0.5(log(n))^2",0.58
514,1000,5,"T_Copula_Sine",2000,-2,"0.5(log(n))^2",0.53
515,1000,5,"T_Copula_Sine",2000,-2,"0.5(log(n))^2",0.11
516,1000,5,"T_Copula_Sine",2000,-2,"0.5(log(n))^2",0.62
517,1000,5,"T_Copula_Sine",2000,-2,"0.5(log(n))^2",0.73
518,1000,5,"T_Copula_Sine",2000,-2,"0.5(log(n))^2",0.61
519,1000,5,"T_Copula_Sine",2000,-2,"0.5(log(n))^2",0.53
520,1000,5,"T_Copula_Sine",2000,-2,"0.5(log(n))^2",0.57
521,1000,5,"T_Copula_Sine",2000,-2,"0.5(log(n))^2",0.61
522,1000,5,"T_Copula_Sine",2000,-2,"0.5(log(n))^2",0.51
523,1000,5,"T_Copula_Sine",2000,-2,"0.5(log(n))^2",0.23
524,1000,5,"T_Copula_Sine",2000,-2,"0.5(log(n))^2",0.43
525,1000,5,"T_Copula_Sine",2000,-2,"0.5(log(n))^2",0.51
526,1000,5,"T_Copula_Sine",2000,-2,"0.5(log(n))^2",0.24
527,1000,5,"T_Copula_Sine",2000,-2,"0.5(log(n))^2",0.04
528,1000,5,"T_Copula_Sine",2000,-2,"0.5(log(n))^2",0.68
529,1000,5,"T_Copula_Sine",2000,-2,"0.5(log(n))^2",0.64
530,1000,5,"T_Copula_Sine",2000,-2,"0.5(log(n))^2",0.27
531,1000,5,"T_Copula_Sine",2000,-2,"0.5(log(n))^2",0.39
532,1000,5,"T_Copula_Sine",2000,-2,"0.5(log(n))^2",0.24
533,1000,5,"T_Copula_Sine",2000,-2,"0.5(log(n))^2",0.12
534,1000,5,"T_Copula_Sine",2000,-2,"0.5(log(n))^2",0.1
535,1000,5,"T_Copula_Sine",2000,-2,"0.5(log(n))^2",1
536,1000,5,"T_Copula_Sine",2000,-2,"0.5(log(n))^2",0.19
537,1000,5,"T_Copula_Sine",2000,-2,"0.5(log(n))^2",0.18
538,1000,5,"T_Copula_Sine",2000,-2,"0.5(log(n))^2",0.55
539,1000,5,"T_Copula_Sine",2000,-2,"0.5(log(n))^2",0.64
540,1000,5,"T_Copula_Sine",2000,-2,"0.5(log(n))^2",0.31
541,1000,5,"T_Copula_Sine",2000,-2,"0.5(log(n))^2",0.66
542,1000,5,"T_Copula_Sine",2000,-2,"0.5(log(n))^2",0.88
543,1000,5,"T_Copula_Sine",2000,-2,"0.5(log(n))^2",1
544,1000,5,"T_Copula_Sine",2000,-2,"0.5(log(n))^2",0.71
545,1000,5,"T_Copula_Sine",2000,-2,"0.5(log(n))^2",0.59
546,1000,5,"T_Copula_Sine",2000,-2,"0.5(log(n))^2",0.32
547,1000,5,"T_Copula_Sine",2000,-2,"0.5(log(n))^2",0.15
548,1000,5,"T_Copula_Sine",2000,-2,"0.5(log(n))^2",0.23
549,1000,5,"T_Copula_Sine",2000,-2,"0.5(log(n))^2",0.16
550,1000,5,"T_Copula_Sine",2000,-2,"0.5(log(n))^2",0.96
551,1000,5,"T_Copula_Sine",2000,-2,"0.5(log(n))^2",0.8
552,1000,5,"T_Copula_Sine",2000,-2,"0.5(log(n))^2",0.01
553,1000,5,"T_Copula_Sine",2000,-2,"0.5(log(n))^2",0.02
554,1000,5,"T_Copula_Sine",2000,-2,"0.5(log(n))^2",0.79
555,1000,5,"T_Copula_Sine",2000,-2,"0.5(log(n))^2",0.3
556,1000,5,"T_Copula_Sine",2000,-2,"0.5(log(n))^2",0.13
557,1000,5,"T_Copula_Sine",2000,-2,"0.5(log(n))^2",0.6
558,1000,5,"T_Copula_Sine",2000,-2,"0.5(log(n))^2",0.65
559,1000,5,"T_Copula_Sine",2000,-2,"0.5(log(n))^2",0.32
560,1000,5,"T_Copula_Sine",2000,-2,"0.5(log(n))^2",0.44
561,1000,5,"T_Copula_Sine",2000,-2,"0.5(log(n))^2",0.48
562,1000,5,"T_Copula_Sine",2000,-2,"0.5(log(n))^2",0.06
563,1000,5,"T_Copula_Sine",2000,-2,"0.5(log(n))^2",0.12
564,1000,5,"T_Copula_Sine",2000,-2,"0.5(log(n))^2",0.12
565,1000,5,"T_Copula_Sine",2000,-2,"0.5(log(n))^2",0.52
566,1000,5,"T_Copula_Sine",2000,-2,"0.5(log(n))^2",0.86
567,1000,5,"T_Copula_Sine",2000,-2,"0.5(log(n))^2",0.11
568,1000,5,"T_Copula_Sine",2000,-2,"0.5(log(n))^2",0.53
569,1000,5,"T_Copula_Sine",2000,-2,"0.5(log(n))^2",0.13
570,1000,5,"T_Copula_Sine",2000,-2,"0.5(log(n))^2",0.33
571,1000,5,"T_Copula_Sine",2000,-2,"0.5(log(n))^2",0.66
572,1000,5,"T_Copula_Sine",2000,-2,"0.5(log(n))^2",0.23
573,1000,5,"T_Copula_Sine",2000,-2,"0.5(log(n))^2",0.32
574,1000,5,"T_Copula_Sine",2000,-2,"0.5(log(n))^2",0.22
575,1000,5,"T_Copula_Sine",2000,-2,"0.5(log(n))^2",0.18
576,1000,5,"T_Copula_Sine",2000,-2,"0.5(log(n))^2",0.57
577,1000,5,"T_Copula_Sine",2000,-2,"0.5(log(n))^2",0.42
578,1000,5,"T_Copula_Sine",2000,-2,"0.5(log(n))^2",0.25
579,1000,5,"T_Copula_Sine",2000,-2,"0.5(log(n))^2",0.01
580,1000,5,"T_Copula_Sine",2000,-2,"0.5(log(n))^2",0.09
581,1000,5,"T_Copula_Sine",2000,-2,"0.5(log(n))^2",0.51
582,1000,5,"T_Copula_Sine",2000,-2,"0.5(log(n))^2",0.39
583,1000,5,"T_Copula_Sine",2000,-2,"0.5(log(n))^2",0.33
584,1000,5,"T_Copula_Sine",2000,-2,"0.5(log(n))^2",0.12
585,1000,5,"T_Copula_Sine",2000,-2,"0.5(log(n))^2",0.17
586,1000,5,"T_Copula_Sine",2000,-2,"0.5(log(n))^2",0.32
587,1000,5,"T_Copula_Sine",2000,-2,"0.5(log(n))^2",0.92
588,1000,5,"T_Copula_Sine",2000,-2,"0.5(log(n))^2",0.52
589,1000,5,"T_Copula_Sine",2000,-2,"0.5(log(n))^2",0.65
590,1000,5,"T_Copula_Sine",2000,-2,"0.5(log(n))^2",0.62
591,1000,5,"T_Copula_Sine",2000,-2,"0.5(log(n))^2",0
592,1000,5,"T_Copula_Sine",2000,-2,"0.5(log(n))^2",0.36
593,1000,5,"T_Copula_Sine",2000,-2,"0.5(log(n))^2",0.49
594,1000,5,"T_Copula_Sine",2000,-2,"0.5(log(n))^2",0.4
595,1000,5,"T_Copula_Sine",2000,-2,"0.5(log(n))^2",0.05
596,1000,5,"T_Copula_Sine",2000,-2,"0.5(log(n))^2",0.26
597,1000,5,"T_Copula_Sine",2000,-2,"0.5(log(n))^2",0.15
598,1000,5,"T_Copula_Sine",2000,-2,"0.5(log(n))^2",0.33
599,1000,5,"T_Copula_Sine",2000,-2,"0.5(log(n))^2",0.33
600,1000,5,"T_Copula_Sine",2000,-2,"0.5(log(n))^2",0.14
601,1000,5,"T_Copula_Sine",2000,-2,"0.5(log(n))^2",0.35
602,1000,5,"T_Copula_Sine",2000,-2,"0.5(log(n))^2",0.16
603,1000,5,"T_Copula_Sine",2000,-2,"0.5(log(n))^2",0.5
604,1000,5,"T_Copula_Sine",2000,-2,"0.5(log(n))^2",0.06
605,1000,5,"T_Copula_Sine",2000,-2,"0.5(log(n))^2",0.06
606,1000,5,"T_Copula_Sine",2000,-2,"0.5(log(n))^2",0.16
607,1000,5,"T_Copula_Sine",2000,-2,"0.5(log(n))^2",0.75
608,1000,5,"T_Copula_Sine",2000,-2,"0.5(log(n))^2",0.43
609,1000,5,"T_Copula_Sine",2000,-2,"0.5(log(n))^2",0.38
610,1000,5,"T_Copula_Sine",2000,-2,"0.5(log(n))^2",0.1
611,1000,5,"T_Copula_Sine",2000,-2,"0.5(log(n))^2",0.58
612,1000,5,"T_Copula_Sine",2000,-2,"0.5(log(n))^2",0.2
613,1000,5,"T_Copula_Sine",2000,-2,"0.5(log(n))^2",0.57
614,1000,5,"T_Copula_Sine",2000,-2,"0.5(log(n))^2",0.77
615,1000,5,"T_Copula_Sine",2000,-2,"0.5(log(n))^2",0.12
616,1000,5,"T_Copula_Sine",2000,-2,"0.5(log(n))^2",0.64
617,1000,5,"T_Copula_Sine",2000,-2,"0.5(log(n))^2",0.41
618,1000,5,"T_Copula_Sine",2000,-2,"0.5(log(n))^2",0
619,1000,5,"T_Copula_Sine",2000,-2,"0.5(log(n))^2",0.06
620,1000,5,"T_Copula_Sine",2000,-2,"0.5(log(n))^2",0.39
621,1000,5,"T_Copula_Sine",2000,-2,"0.5(log(n))^2",0.46
622,1000,5,"T_Copula_Sine",2000,-2,"0.5(log(n))^2",0.48
623,1000,5,"T_Copula_Sine",2000,-2,"0.5(log(n))^2",0.25
624,1000,5,"T_Copula_Sine",2000,-2,"0.5(log(n))^2",0.6
625,1000,5,"T_Copula_Sine",2000,-2,"0.5(log(n))^2",0.11
626,1000,5,"T_Copula_Sine",2000,-2,"0.5(log(n))^2",0.59
627,1000,5,"T_Copula_Sine",2000,-2,"0.5(log(n))^2",0.48
628,1000,5,"T_Copula_Sine",2000,-2,"0.5(log(n))^2",0.72
629,1000,5,"T_Copula_Sine",2000,-2,"0.5(log(n))^2",0.93
630,1000,5,"T_Copula_Sine",2000,-2,"0.5(log(n))^2",0.91
631,1000,5,"T_Copula_Sine",2000,-2,"0.5(log(n))^2",0.38
632,1000,5,"T_Copula_Sine",2000,-2,"0.5(log(n))^2",0.11
633,1000,5,"T_Copula_Sine",2000,-2,"0.5(log(n))^2",0.01
634,1000,5,"T_Copula_Sine",2000,-2,"0.5(log(n))^2",0.34
635,1000,5,"T_Copula_Sine",2000,-2,"0.5(log(n))^2",0.21
636,1000,5,"T_Copula_Sine",2000,-2,"0.5(log(n))^2",0.33
637,1000,5,"T_Copula_Sine",2000,-2,"0.5(log(n))^2",0.66
638,1000,5,"T_Copula_Sine",2000,-2,"0.5(log(n))^2",0.33
639,1000,5,"T_Copula_Sine",2000,-2,"0.5(log(n))^2",0.3
640,1000,5,"T_Copula_Sine",2000,-2,"0.5(log(n))^2",0.21
641,1000,5,"T_Copula_Sine",2000,-2,"0.5(log(n))^2",0.15
642,1000,5,"T_Copula_Sine",2000,-2,"0.5(log(n))^2",0.19
643,1000,5,"T_Copula_Sine",2000,-2,"0.5(log(n))^2",0.46
644,1000,5,"T_Copula_Sine",2000,-2,"0.5(log(n))^2",0.9
645,1000,5,"T_Copula_Sine",2000,-2,"0.5(log(n))^2",0.96
646,1000,5,"T_Copula_Sine",2000,-2,"0.5(log(n))^2",0.02
647,1000,5,"T_Copula_Sine",2000,-2,"0.5(log(n))^2",0.04
648,1000,5,"T_Copula_Sine",2000,-2,"0.5(log(n))^2",0.54
649,1000,5,"T_Copula_Sine",2000,-2,"0.5(log(n))^2",0.64
650,1000,5,"T_Copula_Sine",2000,-2,"0.5(log(n))^2",0.22
651,1000,5,"T_Copula_Sine",2000,-2,"0.5(log(n))^2",0.15
652,1000,5,"T_Copula_Sine",2000,-2,"0.5(log(n))^2",0.06
653,1000,5,"T_Copula_Sine",2000,-2,"0.5(log(n))^2",0.25
654,1000,5,"T_Copula_Sine",2000,-2,"0.5(log(n))^2",0.57
655,1000,5,"T_Copula_Sine",2000,-2,"0.5(log(n))^2",0.06
656,1000,5,"T_Copula_Sine",2000,-2,"0.5(log(n))^2",0.25
657,1000,5,"T_Copula_Sine",2000,-2,"0.5(log(n))^2",0.38
658,1000,5,"T_Copula_Sine",2000,-2,"0.5(log(n))^2",0.07
659,1000,5,"T_Copula_Sine",2000,-2,"0.5(log(n))^2",0.43
660,1000,5,"T_Copula_Sine",2000,-2,"0.5(log(n))^2",0.31
661,1000,5,"T_Copula_Sine",2000,-2,"0.5(log(n))^2",0.49
662,1000,5,"T_Copula_Sine",2000,-2,"0.5(log(n))^2",0.16
663,1000,5,"T_Copula_Sine",2000,-2,"0.5(log(n))^2",0.39
664,1000,5,"T_Copula_Sine",2000,-2,"0.5(log(n))^2",0.94
665,1000,5,"T_Copula_Sine",2000,-2,"0.5(log(n))^2",0.24
666,1000,5,"T_Copula_Sine",2000,-2,"0.5(log(n))^2",0.48
667,1000,5,"T_Copula_Sine",2000,-2,"0.5(log(n))^2",0.46
668,1000,5,"T_Copula_Sine",2000,-2,"0.5(log(n))^2",0.01
669,1000,5,"T_Copula_Sine",2000,-2,"0.5(log(n))^2",0.59
670,1000,5,"T_Copula_Sine",2000,-2,"0.5(log(n))^2",0.66
671,1000,5,"T_Copula_Sine",2000,-2,"0.5(log(n))^2",0.16
672,1000,5,"T_Copula_Sine",2000,-2,"0.5(log(n))^2",0.29
673,1000,5,"T_Copula_Sine",2000,-2,"0.5(log(n))^2",0.32
674,1000,5,"T_Copula_Sine",2000,-2,"0.5(log(n))^2",0.14
675,1000,5,"T_Copula_Sine",2000,-2,"0.5(log(n))^2",0.27
676,1000,5,"T_Copula_Sine",2000,-2,"0.5(log(n))^2",0.05
677,1000,5,"T_Copula_Sine",2000,-2,"0.5(log(n))^2",0.18
678,1000,5,"T_Copula_Sine",2000,-2,"0.5(log(n))^2",0.75
679,1000,5,"T_Copula_Sine",2000,-2,"0.5(log(n))^2",0.58
680,1000,5,"T_Copula_Sine",2000,-2,"0.5(log(n))^2",0.03
681,1000,5,"T_Copula_Sine",2000,-2,"0.5(log(n))^2",0.26
682,1000,5,"T_Copula_Sine",2000,-2,"0.5(log(n))^2",0.01
683,1000,5,"T_Copula_Sine",2000,-2,"0.5(log(n))^2",0.51
684,1000,5,"T_Copula_Sine",2000,-2,"0.5(log(n))^2",0.58
685,1000,5,"T_Copula_Sine",2000,-2,"0.5(log(n))^2",0.31
686,1000,5,"T_Copula_Sine",2000,-2,"0.5(log(n))^2",0.01
687,1000,5,"T_Copula_Sine",2000,-2,"0.5(log(n))^2",0.88
688,1000,5,"T_Copula_Sine",2000,-2,"0.5(log(n))^2",0.29
689,1000,5,"T_Copula_Sine",2000,-2,"0.5(log(n))^2",0.01
690,1000,5,"T_Copula_Sine",2000,-2,"0.5(log(n))^2",0.31
691,1000,5,"T_Copula_Sine",2000,-2,"0.5(log(n))^2",0.1
692,1000,5,"T_Copula_Sine",2000,-2,"0.5(log(n))^2",0.54
693,1000,5,"T_Copula_Sine",2000,-2,"0.5(log(n))^2",0.34
694,1000,5,"T_Copula_Sine",2000,-2,"0.5(log(n))^2",0.11
695,1000,5,"T_Copula_Sine",2000,-2,"0.5(log(n))^2",0.3
696,1000,5,"T_Copula_Sine",2000,-2,"0.5(log(n))^2",0.69
697,1000,5,"T_Copula_Sine",2000,-2,"0.5(log(n))^2",0.76
698,1000,5,"T_Copula_Sine",2000,-2,"0.5(log(n))^2",0.79
699,1000,5,"T_Copula_Sine",2000,-2,"0.5(log(n))^2",0.34
700,1000,5,"T_Copula_Sine",2000,-2,"0.5(log(n))^2",0.46
701,1000,5,"T_Copula_Sine",2000,-2,"0.5(log(n))^2",0.45
702,1000,5,"T_Copula_Sine",2000,-2,"0.5(log(n))^2",0.32
703,1000,5,"T_Copula_Sine",2000,-2,"0.5(log(n))^2",0.25
704,1000,5,"T_Copula_Sine",2000,-2,"0.5(log(n))^2",0.29
705,1000,5,"T_Copula_Sine",2000,-2,"0.5(log(n))^2",0.39
706,1000,5,"T_Copula_Sine",2000,-2,"0.5(log(n))^2",0.41
707,1000,5,"T_Copula_Sine",2000,-2,"0.5(log(n))^2",0.25
708,1000,5,"T_Copula_Sine",2000,-2,"0.5(log(n))^2",0.7
709,1000,5,"T_Copula_Sine",2000,-2,"0.5(log(n))^2",0.17
710,1000,5,"T_Copula_Sine",2000,-2,"0.5(log(n))^2",0.77
711,1000,5,"T_Copula_Sine",2000,-2,"0.5(log(n))^2",0.54
712,1000,5,"T_Copula_Sine",2000,-2,"0.5(log(n))^2",0.32
713,1000,5,"T_Copula_Sine",2000,-2,"0.5(log(n))^2",0.29
714,1000,5,"T_Copula_Sine",2000,-2,"0.5(log(n))^2",0.62
715,1000,5,"T_Copula_Sine",2000,-2,"0.5(log(n))^2",0.05
716,1000,5,"T_Copula_Sine",2000,-2,"0.5(log(n))^2",0.95
717,1000,5,"T_Copula_Sine",2000,-2,"0.5(log(n))^2",0.17
718,1000,5,"T_Copula_Sine",2000,-2,"0.5(log(n))^2",0.63
719,1000,5,"T_Copula_Sine",2000,-2,"0.5(log(n))^2",0.27
720,1000,5,"T_Copula_Sine",2000,-2,"0.5(log(n))^2",0.09
721,1000,5,"T_Copula_Sine",2000,-2,"0.5(log(n))^2",0.22
722,1000,5,"T_Copula_Sine",2000,-2,"0.5(log(n))^2",0.6
723,1000,5,"T_Copula_Sine",2000,-2,"0.5(log(n))^2",0.81
724,1000,5,"T_Copula_Sine",2000,-2,"0.5(log(n))^2",0.08
725,1000,5,"T_Copula_Sine",2000,-2,"0.5(log(n))^2",0.15
726,1000,5,"T_Copula_Sine",2000,-2,"0.5(log(n))^2",0.16
727,1000,5,"T_Copula_Sine",2000,-2,"0.5(log(n))^2",0.55
728,1000,5,"T_Copula_Sine",2000,-2,"0.5(log(n))^2",0.62
729,1000,5,"T_Copula_Sine",2000,-2,"0.5(log(n))^2",0.08
730,1000,5,"T_Copula_Sine",2000,-2,"0.5(log(n))^2",0.23
731,1000,5,"T_Copula_Sine",2000,-2,"0.5(log(n))^2",0.74
732,1000,5,"T_Copula_Sine",2000,-2,"0.5(log(n))^2",0.24
733,1000,5,"T_Copula_Sine",2000,-2,"0.5(log(n))^2",0.07
734,1000,5,"T_Copula_Sine",2000,-2,"0.5(log(n))^2",0.78
735,1000,5,"T_Copula_Sine",2000,-2,"0.5(log(n))^2",0.97
736,1000,5,"T_Copula_Sine",2000,-2,"0.5(log(n))^2",0.38
737,1000,5,"T_Copula_Sine",2000,-2,"0.5(log(n))^2",0.05
738,1000,5,"T_Copula_Sine",2000,-2,"0.5(log(n))^2",0.13
739,1000,5,"T_Copula_Sine",2000,-2,"0.5(log(n))^2",0.22
740,1000,5,"T_Copula_Sine",2000,-2,"0.5(log(n))^2",0.13
741,1000,5,"T_Copula_Sine",2000,-2,"0.5(log(n))^2",0.47
742,1000,5,"T_Copula_Sine",2000,-2,"0.5(log(n))^2",0.24
743,1000,5,"T_Copula_Sine",2000,-2,"0.5(log(n))^2",0.02
744,1000,5,"T_Copula_Sine",2000,-2,"0.5(log(n))^2",0.54
745,1000,5,"T_Copula_Sine",2000,-2,"0.5(log(n))^2",0.25
746,1000,5,"T_Copula_Sine",2000,-2,"0.5(log(n))^2",0.67
747,1000,5,"T_Copula_Sine",2000,-2,"0.5(log(n))^2",0.54
748,1000,5,"T_Copula_Sine",2000,-2,"0.5(log(n))^2",0.43
749,1000,5,"T_Copula_Sine",2000,-2,"0.5(log(n))^2",0.29
750,1000,5,"T_Copula_Sine",2000,-2,"0.5(log(n))^2",0.51
751,1000,5,"T_Copula_Sine",2000,-2,"0.5(log(n))^2",0.41
752,1000,5,"T_Copula_Sine",2000,-2,"0.5(log(n))^2",0.41
753,1000,5,"T_Copula_Sine",2000,-2,"0.5(log(n))^2",0.24
754,1000,5,"T_Copula_Sine",2000,-2,"0.5(log(n))^2",0.44
755,1000,5,"T_Copula_Sine",2000,-2,"0.5(log(n))^2",0.4
756,1000,5,"T_Copula_Sine",2000,-2,"0.5(log(n))^2",0.38
757,1000,5,"T_Copula_Sine",2000,-2,"0.5(log(n))^2",0.03
758,1000,5,"T_Copula_Sine",2000,-2,"0.5(log(n))^2",0.96
759,1000,5,"T_Copula_Sine",2000,-2,"0.5(log(n))^2",0.94
760,1000,5,"T_Copula_Sine",2000,-2,"0.5(log(n))^2",0.18
761,1000,5,"T_Copula_Sine",2000,-2,"0.5(log(n))^2",0.3
762,1000,5,"T_Copula_Sine",2000,-2,"0.5(log(n))^2",0.47
763,1000,5,"T_Copula_Sine",2000,-2,"0.5(log(n))^2",0.35
764,1000,5,"T_Copula_Sine",2000,-2,"0.5(log(n))^2",0.03
765,1000,5,"T_Copula_Sine",2000,-2,"0.5(log(n))^2",0.07
766,1000,5,"T_Copula_Sine",2000,-2,"0.5(log(n))^2",0.53
767,1000,5,"T_Copula_Sine",2000,-2,"0.5(log(n))^2",0.99
768,1000,5,"T_Copula_Sine",2000,-2,"0.5(log(n))^2",0.3
769,1000,5,"T_Copula_Sine",2000,-2,"0.5(log(n))^2",0.9
770,1000,5,"T_Copula_Sine",2000,-2,"0.5(log(n))^2",0.26
771,1000,5,"T_Copula_Sine",2000,-2,"0.5(log(n))^2",0.28
772,1000,5,"T_Copula_Sine",2000,-2,"0.5(log(n))^2",0.65
773,1000,5,"T_Copula_Sine",2000,-2,"0.5(log(n))^2",0.1
774,1000,5,"T_Copula_Sine",2000,-2,"0.5(log(n))^2",0.3
775,1000,5,"T_Copula_Sine",2000,-2,"0.5(log(n))^2",0.21
776,1000,5,"T_Copula_Sine",2000,-2,"0.5(log(n))^2",0.01
777,1000,5,"T_Copula_Sine",2000,-2,"0.5(log(n))^2",0.14
778,1000,5,"T_Copula_Sine",2000,-2,"0.5(log(n))^2",0.52
779,1000,5,"T_Copula_Sine",2000,-2,"0.5(log(n))^2",0.85
780,1000,5,"T_Copula_Sine",2000,-2,"0.5(log(n))^2",0.37
781,1000,5,"T_Copula_Sine",2000,-2,"0.5(log(n))^2",0.59
782,1000,5,"T_Copula_Sine",2000,-2,"0.5(log(n))^2",0.31
783,1000,5,"T_Copula_Sine",2000,-2,"0.5(log(n))^2",0.19
784,1000,5,"T_Copula_Sine",2000,-2,"0.5(log(n))^2",0.09
785,1000,5,"T_Copula_Sine",2000,-2,"0.5(log(n))^2",0.07
786,1000,5,"T_Copula_Sine",2000,-2,"0.5(log(n))^2",0.14
787,1000,5,"T_Copula_Sine",2000,-2,"0.5(log(n))^2",0.28
788,1000,5,"T_Copula_Sine",2000,-2,"0.5(log(n))^2",0.28
789,1000,5,"T_Copula_Sine",2000,-2,"0.5(log(n))^2",0.29
790,1000,5,"T_Copula_Sine",2000,-2,"0.5(log(n))^2",0.23
791,1000,5,"T_Copula_Sine",2000,-2,"0.5(log(n))^2",0.24
792,1000,5,"T_Copula_Sine",2000,-2,"0.5(log(n))^2",0.81
793,1000,5,"T_Copula_Sine",2000,-2,"0.5(log(n))^2",0.45
794,1000,5,"T_Copula_Sine",2000,-2,"0.5(log(n))^2",0.61
795,1000,5,"T_Copula_Sine",2000,-2,"0.5(log(n))^2",0.8
796,1000,5,"T_Copula_Sine",2000,-2,"0.5(log(n))^2",0.67
797,1000,5,"T_Copula_Sine",2000,-2,"0.5(log(n))^2",0.08
798,1000,5,"T_Copula_Sine",2000,-2,"0.5(log(n))^2",0.58
799,1000,5,"T_Copula_Sine",2000,-2,"0.5(log(n))^2",0.72
800,1000,5,"T_Copula_Sine",2000,-2,"0.5(log(n))^2",0.06
801,1000,5,"T_Copula_Sine",2000,-2,"0.5(log(n))^2",0.11
802,1000,5,"T_Copula_Sine",2000,-2,"0.5(log(n))^2",0.21
803,1000,5,"T_Copula_Sine",2000,-2,"0.5(log(n))^2",0.08
804,1000,5,"T_Copula_Sine",2000,-2,"0.5(log(n))^2",0.61
805,1000,5,"T_Copula_Sine",2000,-2,"0.5(log(n))^2",0.15
806,1000,5,"T_Copula_Sine",2000,-2,"0.5(log(n))^2",0.68
807,1000,5,"T_Copula_Sine",2000,-2,"0.5(log(n))^2",0.32
808,1000,5,"T_Copula_Sine",2000,-2,"0.5(log(n))^2",0.77
809,1000,5,"T_Copula_Sine",2000,-2,"0.5(log(n))^2",0.12
810,1000,5,"T_Copula_Sine",2000,-2,"0.5(log(n))^2",0.19
811,1000,5,"T_Copula_Sine",2000,-2,"0.5(log(n))^2",0.04
812,1000,5,"T_Copula_Sine",2000,-2,"0.5(log(n))^2",0.24
813,1000,5,"T_Copula_Sine",2000,-2,"0.5(log(n))^2",0.21
814,1000,5,"T_Copula_Sine",2000,-2,"0.5(log(n))^2",0.43
815,1000,5,"T_Copula_Sine",2000,-2,"0.5(log(n))^2",0.67
816,1000,5,"T_Copula_Sine",2000,-2,"0.5(log(n))^2",0.14
817,1000,5,"T_Copula_Sine",2000,-2,"0.5(log(n))^2",0.21
818,1000,5,"T_Copula_Sine",2000,-2,"0.5(log(n))^2",0.49
819,1000,5,"T_Copula_Sine",2000,-2,"0.5(log(n))^2",0.64
820,1000,5,"T_Copula_Sine",2000,-2,"0.5(log(n))^2",0.51
821,1000,5,"T_Copula_Sine",2000,-2,"0.5(log(n))^2",0.69
822,1000,5,"T_Copula_Sine",2000,-2,"0.5(log(n))^2",0.12
823,1000,5,"T_Copula_Sine",2000,-2,"0.5(log(n))^2",0.33
824,1000,5,"T_Copula_Sine",2000,-2,"0.5(log(n))^2",0.38
825,1000,5,"T_Copula_Sine",2000,-2,"0.5(log(n))^2",0.35
826,1000,5,"T_Copula_Sine",2000,-2,"0.5(log(n))^2",0.24
827,1000,5,"T_Copula_Sine",2000,-2,"0.5(log(n))^2",0.29
828,1000,5,"T_Copula_Sine",2000,-2,"0.5(log(n))^2",0.66
829,1000,5,"T_Copula_Sine",2000,-2,"0.5(log(n))^2",0.97
830,1000,5,"T_Copula_Sine",2000,-2,"0.5(log(n))^2",0.37
831,1000,5,"T_Copula_Sine",2000,-2,"0.5(log(n))^2",0
832,1000,5,"T_Copula_Sine",2000,-2,"0.5(log(n))^2",0.07
833,1000,5,"T_Copula_Sine",2000,-2,"0.5(log(n))^2",0.26
834,1000,5,"T_Copula_Sine",2000,-2,"0.5(log(n))^2",0.48
835,1000,5,"T_Copula_Sine",2000,-2,"0.5(log(n))^2",0.01
836,1000,5,"T_Copula_Sine",2000,-2,"0.5(log(n))^2",0.4
837,1000,5,"T_Copula_Sine",2000,-2,"0.5(log(n))^2",0.28
838,1000,5,"T_Copula_Sine",2000,-2,"0.5(log(n))^2",0.02
839,1000,5,"T_Copula_Sine",2000,-2,"0.5(log(n))^2",0.19
840,1000,5,"T_Copula_Sine",2000,-2,"0.5(log(n))^2",0.65
841,1000,5,"T_Copula_Sine",2000,-2,"0.5(log(n))^2",0.55
842,1000,5,"T_Copula_Sine",2000,-2,"0.5(log(n))^2",0.26
843,1000,5,"T_Copula_Sine",2000,-2,"0.5(log(n))^2",0.18
844,1000,5,"T_Copula_Sine",2000,-2,"0.5(log(n))^2",0.03
845,1000,5,"T_Copula_Sine",2000,-2,"0.5(log(n))^2",0.51
846,1000,5,"T_Copula_Sine",2000,-2,"0.5(log(n))^2",0.09
847,1000,5,"T_Copula_Sine",2000,-2,"0.5(log(n))^2",0.36
848,1000,5,"T_Copula_Sine",2000,-2,"0.5(log(n))^2",0.28
849,1000,5,"T_Copula_Sine",2000,-2,"0.5(log(n))^2",0.27
850,1000,5,"T_Copula_Sine",2000,-2,"0.5(log(n))^2",0.18
851,1000,5,"T_Copula_Sine",2000,-2,"0.5(log(n))^2",0.46
852,1000,5,"T_Copula_Sine",2000,-2,"0.5(log(n))^2",0.46
853,1000,5,"T_Copula_Sine",2000,-2,"0.5(log(n))^2",0.2
854,1000,5,"T_Copula_Sine",2000,-2,"0.5(log(n))^2",0.17
855,1000,5,"T_Copula_Sine",2000,-2,"0.5(log(n))^2",0.11
856,1000,5,"T_Copula_Sine",2000,-2,"0.5(log(n))^2",0.78
857,1000,5,"T_Copula_Sine",2000,-2,"0.5(log(n))^2",0
858,1000,5,"T_Copula_Sine",2000,-2,"0.5(log(n))^2",0.99
859,1000,5,"T_Copula_Sine",2000,-2,"0.5(log(n))^2",0.16
860,1000,5,"T_Copula_Sine",2000,-2,"0.5(log(n))^2",0.71
861,1000,5,"T_Copula_Sine",2000,-2,"0.5(log(n))^2",0.5
862,1000,5,"T_Copula_Sine",2000,-2,"0.5(log(n))^2",0.43
863,1000,5,"T_Copula_Sine",2000,-2,"0.5(log(n))^2",0.81
864,1000,5,"T_Copula_Sine",2000,-2,"0.5(log(n))^2",0.8
865,1000,5,"T_Copula_Sine",2000,-2,"0.5(log(n))^2",0.15
866,1000,5,"T_Copula_Sine",2000,-2,"0.5(log(n))^2",0.67
867,1000,5,"T_Copula_Sine",2000,-2,"0.5(log(n))^2",0.44
868,1000,5,"T_Copula_Sine",2000,-2,"0.5(log(n))^2",0.09
869,1000,5,"T_Copula_Sine",2000,-2,"0.5(log(n))^2",0.19
870,1000,5,"T_Copula_Sine",2000,-2,"0.5(log(n))^2",0.23
871,1000,5,"T_Copula_Sine",2000,-2,"0.5(log(n))^2",0.29
872,1000,5,"T_Copula_Sine",2000,-2,"0.5(log(n))^2",0.04
873,1000,5,"T_Copula_Sine",2000,-2,"0.5(log(n))^2",0.48
874,1000,5,"T_Copula_Sine",2000,-2,"0.5(log(n))^2",0.72
875,1000,5,"T_Copula_Sine",2000,-2,"0.5(log(n))^2",0.45
876,1000,5,"T_Copula_Sine",2000,-2,"0.5(log(n))^2",0.41
877,1000,5,"T_Copula_Sine",2000,-2,"0.5(log(n))^2",0.27
878,1000,5,"T_Copula_Sine",2000,-2,"0.5(log(n))^2",0.71
879,1000,5,"T_Copula_Sine",2000,-2,"0.5(log(n))^2",0.07
880,1000,5,"T_Copula_Sine",2000,-2,"0.5(log(n))^2",0.25
881,1000,5,"T_Copula_Sine",2000,-2,"0.5(log(n))^2",0.03
882,1000,5,"T_Copula_Sine",2000,-2,"0.5(log(n))^2",0.08
883,1000,5,"T_Copula_Sine",2000,-2,"0.5(log(n))^2",0.79
884,1000,5,"T_Copula_Sine",2000,-2,"0.5(log(n))^2",0.82
885,1000,5,"T_Copula_Sine",2000,-2,"0.5(log(n))^2",0.8
886,1000,5,"T_Copula_Sine",2000,-2,"0.5(log(n))^2",0.32
887,1000,5,"T_Copula_Sine",2000,-2,"0.5(log(n))^2",0.57
888,1000,5,"T_Copula_Sine",2000,-2,"0.5(log(n))^2",0.08
889,1000,5,"T_Copula_Sine",2000,-2,"0.5(log(n))^2",0.92
890,1000,5,"T_Copula_Sine",2000,-2,"0.5(log(n))^2",0.18
891,1000,5,"T_Copula_Sine",2000,-2,"0.5(log(n))^2",0.03
892,1000,5,"T_Copula_Sine",2000,-2,"0.5(log(n))^2",0.81
893,1000,5,"T_Copula_Sine",2000,-2,"0.5(log(n))^2",0.32
894,1000,5,"T_Copula_Sine",2000,-2,"0.5(log(n))^2",0.17
895,1000,5,"T_Copula_Sine",2000,-2,"0.5(log(n))^2",0.12
896,1000,5,"T_Copula_Sine",2000,-2,"0.5(log(n))^2",0.38
897,1000,5,"T_Copula_Sine",2000,-2,"0.5(log(n))^2",0.49
898,1000,5,"T_Copula_Sine",2000,-2,"0.5(log(n))^2",0.68
899,1000,5,"T_Copula_Sine",2000,-2,"0.5(log(n))^2",0.18
900,1000,5,"T_Copula_Sine",2000,-2,"0.5(log(n))^2",0.23
901,1000,5,"T_Copula_Sine",2000,-2,"0.5(log(n))^2",1
902,1000,5,"T_Copula_Sine",2000,-2,"0.5(log(n))^2",0.05
903,1000,5,"T_Copula_Sine",2000,-2,"0.5(log(n))^2",0.79
904,1000,5,"T_Copula_Sine",2000,-2,"0.5(log(n))^2",0.33
905,1000,5,"T_Copula_Sine",2000,-2,"0.5(log(n))^2",0.65
906,1000,5,"T_Copula_Sine",2000,-2,"0.5(log(n))^2",0.02
907,1000,5,"T_Copula_Sine",2000,-2,"0.5(log(n))^2",0
908,1000,5,"T_Copula_Sine",2000,-2,"0.5(log(n))^2",0.15
909,1000,5,"T_Copula_Sine",2000,-2,"0.5(log(n))^2",0.06
910,1000,5,"T_Copula_Sine",2000,-2,"0.5(log(n))^2",0.29
911,1000,5,"T_Copula_Sine",2000,-2,"0.5(log(n))^2",0.2
912,1000,5,"T_Copula_Sine",2000,-2,"0.5(log(n))^2",0.44
913,1000,5,"T_Copula_Sine",2000,-2,"0.5(log(n))^2",0.27
914,1000,5,"T_Copula_Sine",2000,-2,"0.5(log(n))^2",0.38
915,1000,5,"T_Copula_Sine",2000,-2,"0.5(log(n))^2",0.21
916,1000,5,"T_Copula_Sine",2000,-2,"0.5(log(n))^2",0.74
917,1000,5,"T_Copula_Sine",2000,-2,"0.5(log(n))^2",0.82
918,1000,5,"T_Copula_Sine",2000,-2,"0.5(log(n))^2",0.22
919,1000,5,"T_Copula_Sine",2000,-2,"0.5(log(n))^2",0.02
920,1000,5,"T_Copula_Sine",2000,-2,"0.5(log(n))^2",0.2
921,1000,5,"T_Copula_Sine",2000,-2,"0.5(log(n))^2",0.74
922,1000,5,"T_Copula_Sine",2000,-2,"0.5(log(n))^2",0.25
923,1000,5,"T_Copula_Sine",2000,-2,"0.5(log(n))^2",0.79
924,1000,5,"T_Copula_Sine",2000,-2,"0.5(log(n))^2",0.93
925,1000,5,"T_Copula_Sine",2000,-2,"0.5(log(n))^2",0.13
926,1000,5,"T_Copula_Sine",2000,-2,"0.5(log(n))^2",0.1
927,1000,5,"T_Copula_Sine",2000,-2,"0.5(log(n))^2",0.46
928,1000,5,"T_Copula_Sine",2000,-2,"0.5(log(n))^2",0.18
929,1000,5,"T_Copula_Sine",2000,-2,"0.5(log(n))^2",0.3
930,1000,5,"T_Copula_Sine",2000,-2,"0.5(log(n))^2",0.66
931,1000,5,"T_Copula_Sine",2000,-2,"0.5(log(n))^2",0.43
932,1000,5,"T_Copula_Sine",2000,-2,"0.5(log(n))^2",0.38
933,1000,5,"T_Copula_Sine",2000,-2,"0.5(log(n))^2",0.5
934,1000,5,"T_Copula_Sine",2000,-2,"0.5(log(n))^2",0.72
935,1000,5,"T_Copula_Sine",2000,-2,"0.5(log(n))^2",0.58
936,1000,5,"T_Copula_Sine",2000,-2,"0.5(log(n))^2",0.65
937,1000,5,"T_Copula_Sine",2000,-2,"0.5(log(n))^2",0.38
938,1000,5,"T_Copula_Sine",2000,-2,"0.5(log(n))^2",0.08
939,1000,5,"T_Copula_Sine",2000,-2,"0.5(log(n))^2",1
940,1000,5,"T_Copula_Sine",2000,-2,"0.5(log(n))^2",0.24
941,1000,5,"T_Copula_Sine",2000,-2,"0.5(log(n))^2",0.94
942,1000,5,"T_Copula_Sine",2000,-2,"0.5(log(n))^2",0.36
943,1000,5,"T_Copula_Sine",2000,-2,"0.5(log(n))^2",0.99
944,1000,5,"T_Copula_Sine",2000,-2,"0.5(log(n))^2",0.11
945,1000,5,"T_Copula_Sine",2000,-2,"0.5(log(n))^2",0.27
946,1000,5,"T_Copula_Sine",2000,-2,"0.5(log(n))^2",0.42
947,1000,5,"T_Copula_Sine",2000,-2,"0.5(log(n))^2",0.81
948,1000,5,"T_Copula_Sine",2000,-2,"0.5(log(n))^2",0.03
949,1000,5,"T_Copula_Sine",2000,-2,"0.5(log(n))^2",0.35
950,1000,5,"T_Copula_Sine",2000,-2,"0.5(log(n))^2",0.46
951,1000,5,"T_Copula_Sine",2000,-2,"0.5(log(n))^2",0.64
952,1000,5,"T_Copula_Sine",2000,-2,"0.5(log(n))^2",0.38
953,1000,5,"T_Copula_Sine",2000,-2,"0.5(log(n))^2",0.19
954,1000,5,"T_Copula_Sine",2000,-2,"0.5(log(n))^2",0.49
955,1000,5,"T_Copula_Sine",2000,-2,"0.5(log(n))^2",0.25
956,1000,5,"T_Copula_Sine",2000,-2,"0.5(log(n))^2",0.39
957,1000,5,"T_Copula_Sine",2000,-2,"0.5(log(n))^2",0.37
958,1000,5,"T_Copula_Sine",2000,-2,"0.5(log(n))^2",0.96
959,1000,5,"T_Copula_Sine",2000,-2,"0.5(log(n))^2",0.07
960,1000,5,"T_Copula_Sine",2000,-2,"0.5(log(n))^2",0.72
961,1000,5,"T_Copula_Sine",2000,-2,"0.5(log(n))^2",0.32
962,1000,5,"T_Copula_Sine",2000,-2,"0.5(log(n))^2",0.14
963,1000,5,"T_Copula_Sine",2000,-2,"0.5(log(n))^2",0.04
964,1000,5,"T_Copula_Sine",2000,-2,"0.5(log(n))^2",0.88
965,1000,5,"T_Copula_Sine",2000,-2,"0.5(log(n))^2",0.22
966,1000,5,"T_Copula_Sine",2000,-2,"0.5(log(n))^2",0.05
967,1000,5,"T_Copula_Sine",2000,-2,"0.5(log(n))^2",0.19
968,1000,5,"T_Copula_Sine",2000,-2,"0.5(log(n))^2",0.22
969,1000,5,"T_Copula_Sine",2000,-2,"0.5(log(n))^2",0.16
970,1000,5,"T_Copula_Sine",2000,-2,"0.5(log(n))^2",0.13
971,1000,5,"T_Copula_Sine",2000,-2,"0.5(log(n))^2",0.41
972,1000,5,"T_Copula_Sine",2000,-2,"0.5(log(n))^2",0.29
973,1000,5,"T_Copula_Sine",2000,-2,"0.5(log(n))^2",0.13
974,1000,5,"T_Copula_Sine",2000,-2,"0.5(log(n))^2",0.37
975,1000,5,"T_Copula_Sine",2000,-2,"0.5(log(n))^2",0.21
976,1000,5,"T_Copula_Sine",2000,-2,"0.5(log(n))^2",0.01
977,1000,5,"T_Copula_Sine",2000,-2,"0.5(log(n))^2",0.66
978,1000,5,"T_Copula_Sine",2000,-2,"0.5(log(n))^2",0.2
979,1000,5,"T_Copula_Sine",2000,-2,"0.5(log(n))^2",0.29
980,1000,5,"T_Copula_Sine",2000,-2,"0.5(log(n))^2",0.24
981,1000,5,"T_Copula_Sine",2000,-2,"0.5(log(n))^2",0.89
982,1000,5,"T_Copula_Sine",2000,-2,"0.5(log(n))^2",0.05
983,1000,5,"T_Copula_Sine",2000,-2,"0.5(log(n))^2",0.24
984,1000,5,"T_Copula_Sine",2000,-2,"0.5(log(n))^2",0.3
985,1000,5,"T_Copula_Sine",2000,-2,"0.5(log(n))^2",0.17
986,1000,5,"T_Copula_Sine",2000,-2,"0.5(log(n))^2",0.07
987,1000,5,"T_Copula_Sine",2000,-2,"0.5(log(n))^2",0.01
988,1000,5,"T_Copula_Sine",2000,-2,"0.5(log(n))^2",0.93
989,1000,5,"T_Copula_Sine",2000,-2,"0.5(log(n))^2",0.57
990,1000,5,"T_Copula_Sine",2000,-2,"0.5(log(n))^2",0.34
991,1000,5,"T_Copula_Sine",2000,-2,"0.5(log(n))^2",0.47
992,1000,5,"T_Copula_Sine",2000,-2,"0.5(log(n))^2",0.38
993,1000,5,"T_Copula_Sine",2000,-2,"0.5(log(n))^2",0.85
994,1000,5,"T_Copula_Sine",2000,-2,"0.5(log(n))^2",0.57
995,1000,5,"T_Copula_Sine",2000,-2,"0.5(log(n))^2",0.35
996,1000,5,"T_Copula_Sine",2000,-2,"0.5(log(n))^2",0.12
997,1000,5,"T_Copula_Sine",2000,-2,"0.5(log(n))^2",0.63
998,1000,5,"T_Copula_Sine",2000,-2,"0.5(log(n))^2",0.33
999,1000,5,"T_Copula_Sine",2000,-2,"0.5(log(n))^2",0.2
1000,1000,5,"T_Copula_Sine",2000,-2,"0.5(log(n))^2",0.08
1,1000,5,"T_Copula_Sine",2000,-2,"0.25(log(n))^2",0.15
2,1000,5,"T_Copula_Sine",2000,-2,"0.25(log(n))^2",0.13
3,1000,5,"T_Copula_Sine",2000,-2,"0.25(log(n))^2",0.53
4,1000,5,"T_Copula_Sine",2000,-2,"0.25(log(n))^2",0.18
5,1000,5,"T_Copula_Sine",2000,-2,"0.25(log(n))^2",0.48
6,1000,5,"T_Copula_Sine",2000,-2,"0.25(log(n))^2",0.25
7,1000,5,"T_Copula_Sine",2000,-2,"0.25(log(n))^2",0.13
8,1000,5,"T_Copula_Sine",2000,-2,"0.25(log(n))^2",0.96
9,1000,5,"T_Copula_Sine",2000,-2,"0.25(log(n))^2",0.16
10,1000,5,"T_Copula_Sine",2000,-2,"0.25(log(n))^2",0.72
11,1000,5,"T_Copula_Sine",2000,-2,"0.25(log(n))^2",0.31
12,1000,5,"T_Copula_Sine",2000,-2,"0.25(log(n))^2",0.7
13,1000,5,"T_Copula_Sine",2000,-2,"0.25(log(n))^2",0.71
14,1000,5,"T_Copula_Sine",2000,-2,"0.25(log(n))^2",0.18
15,1000,5,"T_Copula_Sine",2000,-2,"0.25(log(n))^2",0.52
16,1000,5,"T_Copula_Sine",2000,-2,"0.25(log(n))^2",0.38
17,1000,5,"T_Copula_Sine",2000,-2,"0.25(log(n))^2",0.19
18,1000,5,"T_Copula_Sine",2000,-2,"0.25(log(n))^2",0.19
19,1000,5,"T_Copula_Sine",2000,-2,"0.25(log(n))^2",0.16
20,1000,5,"T_Copula_Sine",2000,-2,"0.25(log(n))^2",0.14
21,1000,5,"T_Copula_Sine",2000,-2,"0.25(log(n))^2",0.42
22,1000,5,"T_Copula_Sine",2000,-2,"0.25(log(n))^2",0.18
23,1000,5,"T_Copula_Sine",2000,-2,"0.25(log(n))^2",0.48
24,1000,5,"T_Copula_Sine",2000,-2,"0.25(log(n))^2",0.12
25,1000,5,"T_Copula_Sine",2000,-2,"0.25(log(n))^2",0.08
26,1000,5,"T_Copula_Sine",2000,-2,"0.25(log(n))^2",0.24
27,1000,5,"T_Copula_Sine",2000,-2,"0.25(log(n))^2",0.97
28,1000,5,"T_Copula_Sine",2000,-2,"0.25(log(n))^2",0.37
29,1000,5,"T_Copula_Sine",2000,-2,"0.25(log(n))^2",0.26
30,1000,5,"T_Copula_Sine",2000,-2,"0.25(log(n))^2",0.07
31,1000,5,"T_Copula_Sine",2000,-2,"0.25(log(n))^2",0.42
32,1000,5,"T_Copula_Sine",2000,-2,"0.25(log(n))^2",0.04
33,1000,5,"T_Copula_Sine",2000,-2,"0.25(log(n))^2",0.07
34,1000,5,"T_Copula_Sine",2000,-2,"0.25(log(n))^2",0.6
35,1000,5,"T_Copula_Sine",2000,-2,"0.25(log(n))^2",0.14
36,1000,5,"T_Copula_Sine",2000,-2,"0.25(log(n))^2",0.01
37,1000,5,"T_Copula_Sine",2000,-2,"0.25(log(n))^2",0.08
38,1000,5,"T_Copula_Sine",2000,-2,"0.25(log(n))^2",0.23
39,1000,5,"T_Copula_Sine",2000,-2,"0.25(log(n))^2",0.86
40,1000,5,"T_Copula_Sine",2000,-2,"0.25(log(n))^2",0.57
41,1000,5,"T_Copula_Sine",2000,-2,"0.25(log(n))^2",0.34
42,1000,5,"T_Copula_Sine",2000,-2,"0.25(log(n))^2",0.1
43,1000,5,"T_Copula_Sine",2000,-2,"0.25(log(n))^2",0.35
44,1000,5,"T_Copula_Sine",2000,-2,"0.25(log(n))^2",0.01
45,1000,5,"T_Copula_Sine",2000,-2,"0.25(log(n))^2",0.4
46,1000,5,"T_Copula_Sine",2000,-2,"0.25(log(n))^2",0.08
47,1000,5,"T_Copula_Sine",2000,-2,"0.25(log(n))^2",0.42
48,1000,5,"T_Copula_Sine",2000,-2,"0.25(log(n))^2",0.14
49,1000,5,"T_Copula_Sine",2000,-2,"0.25(log(n))^2",0.69
50,1000,5,"T_Copula_Sine",2000,-2,"0.25(log(n))^2",0.96
51,1000,5,"T_Copula_Sine",2000,-2,"0.25(log(n))^2",0.24
52,1000,5,"T_Copula_Sine",2000,-2,"0.25(log(n))^2",0.25
53,1000,5,"T_Copula_Sine",2000,-2,"0.25(log(n))^2",0.04
54,1000,5,"T_Copula_Sine",2000,-2,"0.25(log(n))^2",0.85
55,1000,5,"T_Copula_Sine",2000,-2,"0.25(log(n))^2",0.11
56,1000,5,"T_Copula_Sine",2000,-2,"0.25(log(n))^2",0.2
57,1000,5,"T_Copula_Sine",2000,-2,"0.25(log(n))^2",0.73
58,1000,5,"T_Copula_Sine",2000,-2,"0.25(log(n))^2",0.02
59,1000,5,"T_Copula_Sine",2000,-2,"0.25(log(n))^2",0.18
60,1000,5,"T_Copula_Sine",2000,-2,"0.25(log(n))^2",0.35
61,1000,5,"T_Copula_Sine",2000,-2,"0.25(log(n))^2",0.21
62,1000,5,"T_Copula_Sine",2000,-2,"0.25(log(n))^2",0.07
63,1000,5,"T_Copula_Sine",2000,-2,"0.25(log(n))^2",0.23
64,1000,5,"T_Copula_Sine",2000,-2,"0.25(log(n))^2",0.33
65,1000,5,"T_Copula_Sine",2000,-2,"0.25(log(n))^2",0.47
66,1000,5,"T_Copula_Sine",2000,-2,"0.25(log(n))^2",0.21
67,1000,5,"T_Copula_Sine",2000,-2,"0.25(log(n))^2",0.11
68,1000,5,"T_Copula_Sine",2000,-2,"0.25(log(n))^2",0.08
69,1000,5,"T_Copula_Sine",2000,-2,"0.25(log(n))^2",0.57
70,1000,5,"T_Copula_Sine",2000,-2,"0.25(log(n))^2",0.15
71,1000,5,"T_Copula_Sine",2000,-2,"0.25(log(n))^2",0.14
72,1000,5,"T_Copula_Sine",2000,-2,"0.25(log(n))^2",0.81
73,1000,5,"T_Copula_Sine",2000,-2,"0.25(log(n))^2",0.57
74,1000,5,"T_Copula_Sine",2000,-2,"0.25(log(n))^2",0.66
75,1000,5,"T_Copula_Sine",2000,-2,"0.25(log(n))^2",0.23
76,1000,5,"T_Copula_Sine",2000,-2,"0.25(log(n))^2",0.47
77,1000,5,"T_Copula_Sine",2000,-2,"0.25(log(n))^2",0.18
78,1000,5,"T_Copula_Sine",2000,-2,"0.25(log(n))^2",0.21
79,1000,5,"T_Copula_Sine",2000,-2,"0.25(log(n))^2",0.06
80,1000,5,"T_Copula_Sine",2000,-2,"0.25(log(n))^2",0.47
81,1000,5,"T_Copula_Sine",2000,-2,"0.25(log(n))^2",0.86
82,1000,5,"T_Copula_Sine",2000,-2,"0.25(log(n))^2",0.2
83,1000,5,"T_Copula_Sine",2000,-2,"0.25(log(n))^2",0.2
84,1000,5,"T_Copula_Sine",2000,-2,"0.25(log(n))^2",0.58
85,1000,5,"T_Copula_Sine",2000,-2,"0.25(log(n))^2",0.03
86,1000,5,"T_Copula_Sine",2000,-2,"0.25(log(n))^2",0.06
87,1000,5,"T_Copula_Sine",2000,-2,"0.25(log(n))^2",0.14
88,1000,5,"T_Copula_Sine",2000,-2,"0.25(log(n))^2",0.39
89,1000,5,"T_Copula_Sine",2000,-2,"0.25(log(n))^2",0.24
90,1000,5,"T_Copula_Sine",2000,-2,"0.25(log(n))^2",0.68
91,1000,5,"T_Copula_Sine",2000,-2,"0.25(log(n))^2",0.34
92,1000,5,"T_Copula_Sine",2000,-2,"0.25(log(n))^2",0.44
93,1000,5,"T_Copula_Sine",2000,-2,"0.25(log(n))^2",0.04
94,1000,5,"T_Copula_Sine",2000,-2,"0.25(log(n))^2",0.43
95,1000,5,"T_Copula_Sine",2000,-2,"0.25(log(n))^2",0.64
96,1000,5,"T_Copula_Sine",2000,-2,"0.25(log(n))^2",0.4
97,1000,5,"T_Copula_Sine",2000,-2,"0.25(log(n))^2",0.39
98,1000,5,"T_Copula_Sine",2000,-2,"0.25(log(n))^2",0.02
99,1000,5,"T_Copula_Sine",2000,-2,"0.25(log(n))^2",0.03
100,1000,5,"T_Copula_Sine",2000,-2,"0.25(log(n))^2",0.18
101,1000,5,"T_Copula_Sine",2000,-2,"0.25(log(n))^2",0.55
102,1000,5,"T_Copula_Sine",2000,-2,"0.25(log(n))^2",0.06
103,1000,5,"T_Copula_Sine",2000,-2,"0.25(log(n))^2",0.03
104,1000,5,"T_Copula_Sine",2000,-2,"0.25(log(n))^2",0.03
105,1000,5,"T_Copula_Sine",2000,-2,"0.25(log(n))^2",0.44
106,1000,5,"T_Copula_Sine",2000,-2,"0.25(log(n))^2",0.54
107,1000,5,"T_Copula_Sine",2000,-2,"0.25(log(n))^2",0.63
108,1000,5,"T_Copula_Sine",2000,-2,"0.25(log(n))^2",0.08
109,1000,5,"T_Copula_Sine",2000,-2,"0.25(log(n))^2",0.12
110,1000,5,"T_Copula_Sine",2000,-2,"0.25(log(n))^2",0.64
111,1000,5,"T_Copula_Sine",2000,-2,"0.25(log(n))^2",0.31
112,1000,5,"T_Copula_Sine",2000,-2,"0.25(log(n))^2",0.54
113,1000,5,"T_Copula_Sine",2000,-2,"0.25(log(n))^2",0.52
114,1000,5,"T_Copula_Sine",2000,-2,"0.25(log(n))^2",0.95
115,1000,5,"T_Copula_Sine",2000,-2,"0.25(log(n))^2",0.02
116,1000,5,"T_Copula_Sine",2000,-2,"0.25(log(n))^2",0.9
117,1000,5,"T_Copula_Sine",2000,-2,"0.25(log(n))^2",0.37
118,1000,5,"T_Copula_Sine",2000,-2,"0.25(log(n))^2",0.95
119,1000,5,"T_Copula_Sine",2000,-2,"0.25(log(n))^2",0.02
120,1000,5,"T_Copula_Sine",2000,-2,"0.25(log(n))^2",0.44
121,1000,5,"T_Copula_Sine",2000,-2,"0.25(log(n))^2",0.45
122,1000,5,"T_Copula_Sine",2000,-2,"0.25(log(n))^2",0.15
123,1000,5,"T_Copula_Sine",2000,-2,"0.25(log(n))^2",0.49
124,1000,5,"T_Copula_Sine",2000,-2,"0.25(log(n))^2",0.93
125,1000,5,"T_Copula_Sine",2000,-2,"0.25(log(n))^2",0.21
126,1000,5,"T_Copula_Sine",2000,-2,"0.25(log(n))^2",0.15
127,1000,5,"T_Copula_Sine",2000,-2,"0.25(log(n))^2",0.25
128,1000,5,"T_Copula_Sine",2000,-2,"0.25(log(n))^2",0.64
129,1000,5,"T_Copula_Sine",2000,-2,"0.25(log(n))^2",0.46
130,1000,5,"T_Copula_Sine",2000,-2,"0.25(log(n))^2",0.02
131,1000,5,"T_Copula_Sine",2000,-2,"0.25(log(n))^2",0.03
132,1000,5,"T_Copula_Sine",2000,-2,"0.25(log(n))^2",0.25
133,1000,5,"T_Copula_Sine",2000,-2,"0.25(log(n))^2",0.13
134,1000,5,"T_Copula_Sine",2000,-2,"0.25(log(n))^2",0.29
135,1000,5,"T_Copula_Sine",2000,-2,"0.25(log(n))^2",0.26
136,1000,5,"T_Copula_Sine",2000,-2,"0.25(log(n))^2",0.24
137,1000,5,"T_Copula_Sine",2000,-2,"0.25(log(n))^2",0.09
138,1000,5,"T_Copula_Sine",2000,-2,"0.25(log(n))^2",0
139,1000,5,"T_Copula_Sine",2000,-2,"0.25(log(n))^2",0.44
140,1000,5,"T_Copula_Sine",2000,-2,"0.25(log(n))^2",0.9
141,1000,5,"T_Copula_Sine",2000,-2,"0.25(log(n))^2",0.12
142,1000,5,"T_Copula_Sine",2000,-2,"0.25(log(n))^2",0.77
143,1000,5,"T_Copula_Sine",2000,-2,"0.25(log(n))^2",0.14
144,1000,5,"T_Copula_Sine",2000,-2,"0.25(log(n))^2",0.36
145,1000,5,"T_Copula_Sine",2000,-2,"0.25(log(n))^2",0.82
146,1000,5,"T_Copula_Sine",2000,-2,"0.25(log(n))^2",0.15
147,1000,5,"T_Copula_Sine",2000,-2,"0.25(log(n))^2",0.14
148,1000,5,"T_Copula_Sine",2000,-2,"0.25(log(n))^2",0.25
149,1000,5,"T_Copula_Sine",2000,-2,"0.25(log(n))^2",0.23
150,1000,5,"T_Copula_Sine",2000,-2,"0.25(log(n))^2",0.63
151,1000,5,"T_Copula_Sine",2000,-2,"0.25(log(n))^2",0.41
152,1000,5,"T_Copula_Sine",2000,-2,"0.25(log(n))^2",0.52
153,1000,5,"T_Copula_Sine",2000,-2,"0.25(log(n))^2",0.07
154,1000,5,"T_Copula_Sine",2000,-2,"0.25(log(n))^2",0.45
155,1000,5,"T_Copula_Sine",2000,-2,"0.25(log(n))^2",0.66
156,1000,5,"T_Copula_Sine",2000,-2,"0.25(log(n))^2",0.09
157,1000,5,"T_Copula_Sine",2000,-2,"0.25(log(n))^2",0.05
158,1000,5,"T_Copula_Sine",2000,-2,"0.25(log(n))^2",0.09
159,1000,5,"T_Copula_Sine",2000,-2,"0.25(log(n))^2",0.09
160,1000,5,"T_Copula_Sine",2000,-2,"0.25(log(n))^2",0.51
161,1000,5,"T_Copula_Sine",2000,-2,"0.25(log(n))^2",0.6
162,1000,5,"T_Copula_Sine",2000,-2,"0.25(log(n))^2",0.27
163,1000,5,"T_Copula_Sine",2000,-2,"0.25(log(n))^2",0.27
164,1000,5,"T_Copula_Sine",2000,-2,"0.25(log(n))^2",0.22
165,1000,5,"T_Copula_Sine",2000,-2,"0.25(log(n))^2",0.49
166,1000,5,"T_Copula_Sine",2000,-2,"0.25(log(n))^2",0.33
167,1000,5,"T_Copula_Sine",2000,-2,"0.25(log(n))^2",0.33
168,1000,5,"T_Copula_Sine",2000,-2,"0.25(log(n))^2",0.07
169,1000,5,"T_Copula_Sine",2000,-2,"0.25(log(n))^2",0.64
170,1000,5,"T_Copula_Sine",2000,-2,"0.25(log(n))^2",0.19
171,1000,5,"T_Copula_Sine",2000,-2,"0.25(log(n))^2",0.17
172,1000,5,"T_Copula_Sine",2000,-2,"0.25(log(n))^2",0.14
173,1000,5,"T_Copula_Sine",2000,-2,"0.25(log(n))^2",0.2
174,1000,5,"T_Copula_Sine",2000,-2,"0.25(log(n))^2",0.45
175,1000,5,"T_Copula_Sine",2000,-2,"0.25(log(n))^2",0.07
176,1000,5,"T_Copula_Sine",2000,-2,"0.25(log(n))^2",0.26
177,1000,5,"T_Copula_Sine",2000,-2,"0.25(log(n))^2",0
178,1000,5,"T_Copula_Sine",2000,-2,"0.25(log(n))^2",0
179,1000,5,"T_Copula_Sine",2000,-2,"0.25(log(n))^2",0.36
180,1000,5,"T_Copula_Sine",2000,-2,"0.25(log(n))^2",0.15
181,1000,5,"T_Copula_Sine",2000,-2,"0.25(log(n))^2",0
182,1000,5,"T_Copula_Sine",2000,-2,"0.25(log(n))^2",0.07
183,1000,5,"T_Copula_Sine",2000,-2,"0.25(log(n))^2",0.44
184,1000,5,"T_Copula_Sine",2000,-2,"0.25(log(n))^2",0.95
185,1000,5,"T_Copula_Sine",2000,-2,"0.25(log(n))^2",0.5
186,1000,5,"T_Copula_Sine",2000,-2,"0.25(log(n))^2",0.01
187,1000,5,"T_Copula_Sine",2000,-2,"0.25(log(n))^2",0.41
188,1000,5,"T_Copula_Sine",2000,-2,"0.25(log(n))^2",0.19
189,1000,5,"T_Copula_Sine",2000,-2,"0.25(log(n))^2",0.57
190,1000,5,"T_Copula_Sine",2000,-2,"0.25(log(n))^2",0.08
191,1000,5,"T_Copula_Sine",2000,-2,"0.25(log(n))^2",0.05
192,1000,5,"T_Copula_Sine",2000,-2,"0.25(log(n))^2",0.45
193,1000,5,"T_Copula_Sine",2000,-2,"0.25(log(n))^2",0.63
194,1000,5,"T_Copula_Sine",2000,-2,"0.25(log(n))^2",0
195,1000,5,"T_Copula_Sine",2000,-2,"0.25(log(n))^2",0.4
196,1000,5,"T_Copula_Sine",2000,-2,"0.25(log(n))^2",0.49
197,1000,5,"T_Copula_Sine",2000,-2,"0.25(log(n))^2",0.43
198,1000,5,"T_Copula_Sine",2000,-2,"0.25(log(n))^2",0.23
199,1000,5,"T_Copula_Sine",2000,-2,"0.25(log(n))^2",0.16
200,1000,5,"T_Copula_Sine",2000,-2,"0.25(log(n))^2",0.27
201,1000,5,"T_Copula_Sine",2000,-2,"0.25(log(n))^2",0.17
202,1000,5,"T_Copula_Sine",2000,-2,"0.25(log(n))^2",0.69
203,1000,5,"T_Copula_Sine",2000,-2,"0.25(log(n))^2",0.95
204,1000,5,"T_Copula_Sine",2000,-2,"0.25(log(n))^2",0.38
205,1000,5,"T_Copula_Sine",2000,-2,"0.25(log(n))^2",0.25
206,1000,5,"T_Copula_Sine",2000,-2,"0.25(log(n))^2",0.05
207,1000,5,"T_Copula_Sine",2000,-2,"0.25(log(n))^2",0.47
208,1000,5,"T_Copula_Sine",2000,-2,"0.25(log(n))^2",0.14
209,1000,5,"T_Copula_Sine",2000,-2,"0.25(log(n))^2",0.08
210,1000,5,"T_Copula_Sine",2000,-2,"0.25(log(n))^2",0.96
211,1000,5,"T_Copula_Sine",2000,-2,"0.25(log(n))^2",0.3
212,1000,5,"T_Copula_Sine",2000,-2,"0.25(log(n))^2",0.43
213,1000,5,"T_Copula_Sine",2000,-2,"0.25(log(n))^2",0.23
214,1000,5,"T_Copula_Sine",2000,-2,"0.25(log(n))^2",0.1
215,1000,5,"T_Copula_Sine",2000,-2,"0.25(log(n))^2",0.63
216,1000,5,"T_Copula_Sine",2000,-2,"0.25(log(n))^2",0.24
217,1000,5,"T_Copula_Sine",2000,-2,"0.25(log(n))^2",0.4
218,1000,5,"T_Copula_Sine",2000,-2,"0.25(log(n))^2",0.06
219,1000,5,"T_Copula_Sine",2000,-2,"0.25(log(n))^2",0.68
220,1000,5,"T_Copula_Sine",2000,-2,"0.25(log(n))^2",0.19
221,1000,5,"T_Copula_Sine",2000,-2,"0.25(log(n))^2",0.78
222,1000,5,"T_Copula_Sine",2000,-2,"0.25(log(n))^2",0.8
223,1000,5,"T_Copula_Sine",2000,-2,"0.25(log(n))^2",0.03
224,1000,5,"T_Copula_Sine",2000,-2,"0.25(log(n))^2",0.32
225,1000,5,"T_Copula_Sine",2000,-2,"0.25(log(n))^2",0.19
226,1000,5,"T_Copula_Sine",2000,-2,"0.25(log(n))^2",0.19
227,1000,5,"T_Copula_Sine",2000,-2,"0.25(log(n))^2",0.25
228,1000,5,"T_Copula_Sine",2000,-2,"0.25(log(n))^2",0.34
229,1000,5,"T_Copula_Sine",2000,-2,"0.25(log(n))^2",0.49
230,1000,5,"T_Copula_Sine",2000,-2,"0.25(log(n))^2",0.36
231,1000,5,"T_Copula_Sine",2000,-2,"0.25(log(n))^2",0.78
232,1000,5,"T_Copula_Sine",2000,-2,"0.25(log(n))^2",0.01
233,1000,5,"T_Copula_Sine",2000,-2,"0.25(log(n))^2",0.14
234,1000,5,"T_Copula_Sine",2000,-2,"0.25(log(n))^2",0.72
235,1000,5,"T_Copula_Sine",2000,-2,"0.25(log(n))^2",0.35
236,1000,5,"T_Copula_Sine",2000,-2,"0.25(log(n))^2",0.11
237,1000,5,"T_Copula_Sine",2000,-2,"0.25(log(n))^2",0.32
238,1000,5,"T_Copula_Sine",2000,-2,"0.25(log(n))^2",0.09
239,1000,5,"T_Copula_Sine",2000,-2,"0.25(log(n))^2",0.12
240,1000,5,"T_Copula_Sine",2000,-2,"0.25(log(n))^2",0.24
241,1000,5,"T_Copula_Sine",2000,-2,"0.25(log(n))^2",0.17
242,1000,5,"T_Copula_Sine",2000,-2,"0.25(log(n))^2",0.25
243,1000,5,"T_Copula_Sine",2000,-2,"0.25(log(n))^2",0.36
244,1000,5,"T_Copula_Sine",2000,-2,"0.25(log(n))^2",0.02
245,1000,5,"T_Copula_Sine",2000,-2,"0.25(log(n))^2",0.14
246,1000,5,"T_Copula_Sine",2000,-2,"0.25(log(n))^2",0.73
247,1000,5,"T_Copula_Sine",2000,-2,"0.25(log(n))^2",0.25
248,1000,5,"T_Copula_Sine",2000,-2,"0.25(log(n))^2",0.81
249,1000,5,"T_Copula_Sine",2000,-2,"0.25(log(n))^2",0.09
250,1000,5,"T_Copula_Sine",2000,-2,"0.25(log(n))^2",0.38
251,1000,5,"T_Copula_Sine",2000,-2,"0.25(log(n))^2",0.88
252,1000,5,"T_Copula_Sine",2000,-2,"0.25(log(n))^2",0.1
253,1000,5,"T_Copula_Sine",2000,-2,"0.25(log(n))^2",0.89
254,1000,5,"T_Copula_Sine",2000,-2,"0.25(log(n))^2",0.15
255,1000,5,"T_Copula_Sine",2000,-2,"0.25(log(n))^2",0.15
256,1000,5,"T_Copula_Sine",2000,-2,"0.25(log(n))^2",0.17
257,1000,5,"T_Copula_Sine",2000,-2,"0.25(log(n))^2",0.2
258,1000,5,"T_Copula_Sine",2000,-2,"0.25(log(n))^2",0.46
259,1000,5,"T_Copula_Sine",2000,-2,"0.25(log(n))^2",0.62
260,1000,5,"T_Copula_Sine",2000,-2,"0.25(log(n))^2",0.43
261,1000,5,"T_Copula_Sine",2000,-2,"0.25(log(n))^2",0.74
262,1000,5,"T_Copula_Sine",2000,-2,"0.25(log(n))^2",0.56
263,1000,5,"T_Copula_Sine",2000,-2,"0.25(log(n))^2",0.14
264,1000,5,"T_Copula_Sine",2000,-2,"0.25(log(n))^2",0.18
265,1000,5,"T_Copula_Sine",2000,-2,"0.25(log(n))^2",0.35
266,1000,5,"T_Copula_Sine",2000,-2,"0.25(log(n))^2",0.09
267,1000,5,"T_Copula_Sine",2000,-2,"0.25(log(n))^2",0.3
268,1000,5,"T_Copula_Sine",2000,-2,"0.25(log(n))^2",0.33
269,1000,5,"T_Copula_Sine",2000,-2,"0.25(log(n))^2",0.58
270,1000,5,"T_Copula_Sine",2000,-2,"0.25(log(n))^2",0.01
271,1000,5,"T_Copula_Sine",2000,-2,"0.25(log(n))^2",0.85
272,1000,5,"T_Copula_Sine",2000,-2,"0.25(log(n))^2",0.37
273,1000,5,"T_Copula_Sine",2000,-2,"0.25(log(n))^2",0.94
274,1000,5,"T_Copula_Sine",2000,-2,"0.25(log(n))^2",0.21
275,1000,5,"T_Copula_Sine",2000,-2,"0.25(log(n))^2",0.07
276,1000,5,"T_Copula_Sine",2000,-2,"0.25(log(n))^2",0.22
277,1000,5,"T_Copula_Sine",2000,-2,"0.25(log(n))^2",0.21
278,1000,5,"T_Copula_Sine",2000,-2,"0.25(log(n))^2",0.68
279,1000,5,"T_Copula_Sine",2000,-2,"0.25(log(n))^2",0.2
280,1000,5,"T_Copula_Sine",2000,-2,"0.25(log(n))^2",0.07
281,1000,5,"T_Copula_Sine",2000,-2,"0.25(log(n))^2",0.07
282,1000,5,"T_Copula_Sine",2000,-2,"0.25(log(n))^2",0.07
283,1000,5,"T_Copula_Sine",2000,-2,"0.25(log(n))^2",0.21
284,1000,5,"T_Copula_Sine",2000,-2,"0.25(log(n))^2",0.74
285,1000,5,"T_Copula_Sine",2000,-2,"0.25(log(n))^2",0.17
286,1000,5,"T_Copula_Sine",2000,-2,"0.25(log(n))^2",0.22
287,1000,5,"T_Copula_Sine",2000,-2,"0.25(log(n))^2",0.2
288,1000,5,"T_Copula_Sine",2000,-2,"0.25(log(n))^2",0.15
289,1000,5,"T_Copula_Sine",2000,-2,"0.25(log(n))^2",0.28
290,1000,5,"T_Copula_Sine",2000,-2,"0.25(log(n))^2",0.02
291,1000,5,"T_Copula_Sine",2000,-2,"0.25(log(n))^2",0.18
292,1000,5,"T_Copula_Sine",2000,-2,"0.25(log(n))^2",0.71
293,1000,5,"T_Copula_Sine",2000,-2,"0.25(log(n))^2",0.2
294,1000,5,"T_Copula_Sine",2000,-2,"0.25(log(n))^2",0.07
295,1000,5,"T_Copula_Sine",2000,-2,"0.25(log(n))^2",0.07
296,1000,5,"T_Copula_Sine",2000,-2,"0.25(log(n))^2",0.05
297,1000,5,"T_Copula_Sine",2000,-2,"0.25(log(n))^2",0.32
298,1000,5,"T_Copula_Sine",2000,-2,"0.25(log(n))^2",0.68
299,1000,5,"T_Copula_Sine",2000,-2,"0.25(log(n))^2",0.01
300,1000,5,"T_Copula_Sine",2000,-2,"0.25(log(n))^2",0.07
301,1000,5,"T_Copula_Sine",2000,-2,"0.25(log(n))^2",0.21
302,1000,5,"T_Copula_Sine",2000,-2,"0.25(log(n))^2",0.41
303,1000,5,"T_Copula_Sine",2000,-2,"0.25(log(n))^2",0.47
304,1000,5,"T_Copula_Sine",2000,-2,"0.25(log(n))^2",0.15
305,1000,5,"T_Copula_Sine",2000,-2,"0.25(log(n))^2",0.23
306,1000,5,"T_Copula_Sine",2000,-2,"0.25(log(n))^2",0.67
307,1000,5,"T_Copula_Sine",2000,-2,"0.25(log(n))^2",0.05
308,1000,5,"T_Copula_Sine",2000,-2,"0.25(log(n))^2",0.13
309,1000,5,"T_Copula_Sine",2000,-2,"0.25(log(n))^2",0.02
310,1000,5,"T_Copula_Sine",2000,-2,"0.25(log(n))^2",0.57
311,1000,5,"T_Copula_Sine",2000,-2,"0.25(log(n))^2",0.9
312,1000,5,"T_Copula_Sine",2000,-2,"0.25(log(n))^2",0.16
313,1000,5,"T_Copula_Sine",2000,-2,"0.25(log(n))^2",0.11
314,1000,5,"T_Copula_Sine",2000,-2,"0.25(log(n))^2",0.35
315,1000,5,"T_Copula_Sine",2000,-2,"0.25(log(n))^2",0.56
316,1000,5,"T_Copula_Sine",2000,-2,"0.25(log(n))^2",0
317,1000,5,"T_Copula_Sine",2000,-2,"0.25(log(n))^2",0.55
318,1000,5,"T_Copula_Sine",2000,-2,"0.25(log(n))^2",0.21
319,1000,5,"T_Copula_Sine",2000,-2,"0.25(log(n))^2",0.68
320,1000,5,"T_Copula_Sine",2000,-2,"0.25(log(n))^2",0.53
321,1000,5,"T_Copula_Sine",2000,-2,"0.25(log(n))^2",0.71
322,1000,5,"T_Copula_Sine",2000,-2,"0.25(log(n))^2",0.25
323,1000,5,"T_Copula_Sine",2000,-2,"0.25(log(n))^2",0.06
324,1000,5,"T_Copula_Sine",2000,-2,"0.25(log(n))^2",0.07
325,1000,5,"T_Copula_Sine",2000,-2,"0.25(log(n))^2",0.82
326,1000,5,"T_Copula_Sine",2000,-2,"0.25(log(n))^2",0.23
327,1000,5,"T_Copula_Sine",2000,-2,"0.25(log(n))^2",0.05
328,1000,5,"T_Copula_Sine",2000,-2,"0.25(log(n))^2",0.17
329,1000,5,"T_Copula_Sine",2000,-2,"0.25(log(n))^2",0.39
330,1000,5,"T_Copula_Sine",2000,-2,"0.25(log(n))^2",0.68
331,1000,5,"T_Copula_Sine",2000,-2,"0.25(log(n))^2",0.99
332,1000,5,"T_Copula_Sine",2000,-2,"0.25(log(n))^2",0.49
333,1000,5,"T_Copula_Sine",2000,-2,"0.25(log(n))^2",0.81
334,1000,5,"T_Copula_Sine",2000,-2,"0.25(log(n))^2",0.29
335,1000,5,"T_Copula_Sine",2000,-2,"0.25(log(n))^2",0.13
336,1000,5,"T_Copula_Sine",2000,-2,"0.25(log(n))^2",0.69
337,1000,5,"T_Copula_Sine",2000,-2,"0.25(log(n))^2",0.25
338,1000,5,"T_Copula_Sine",2000,-2,"0.25(log(n))^2",0.17
339,1000,5,"T_Copula_Sine",2000,-2,"0.25(log(n))^2",0.33
340,1000,5,"T_Copula_Sine",2000,-2,"0.25(log(n))^2",0.14
341,1000,5,"T_Copula_Sine",2000,-2,"0.25(log(n))^2",0.23
342,1000,5,"T_Copula_Sine",2000,-2,"0.25(log(n))^2",0.05
343,1000,5,"T_Copula_Sine",2000,-2,"0.25(log(n))^2",0.02
344,1000,5,"T_Copula_Sine",2000,-2,"0.25(log(n))^2",0.37
345,1000,5,"T_Copula_Sine",2000,-2,"0.25(log(n))^2",0.49
346,1000,5,"T_Copula_Sine",2000,-2,"0.25(log(n))^2",0.42
347,1000,5,"T_Copula_Sine",2000,-2,"0.25(log(n))^2",0.24
348,1000,5,"T_Copula_Sine",2000,-2,"0.25(log(n))^2",0.33
349,1000,5,"T_Copula_Sine",2000,-2,"0.25(log(n))^2",0.18
350,1000,5,"T_Copula_Sine",2000,-2,"0.25(log(n))^2",0.6
351,1000,5,"T_Copula_Sine",2000,-2,"0.25(log(n))^2",0.16
352,1000,5,"T_Copula_Sine",2000,-2,"0.25(log(n))^2",0.28
353,1000,5,"T_Copula_Sine",2000,-2,"0.25(log(n))^2",0.64
354,1000,5,"T_Copula_Sine",2000,-2,"0.25(log(n))^2",0.04
355,1000,5,"T_Copula_Sine",2000,-2,"0.25(log(n))^2",0.55
356,1000,5,"T_Copula_Sine",2000,-2,"0.25(log(n))^2",0.13
357,1000,5,"T_Copula_Sine",2000,-2,"0.25(log(n))^2",0.06
358,1000,5,"T_Copula_Sine",2000,-2,"0.25(log(n))^2",0.13
359,1000,5,"T_Copula_Sine",2000,-2,"0.25(log(n))^2",0.12
360,1000,5,"T_Copula_Sine",2000,-2,"0.25(log(n))^2",0.69
361,1000,5,"T_Copula_Sine",2000,-2,"0.25(log(n))^2",0.25
362,1000,5,"T_Copula_Sine",2000,-2,"0.25(log(n))^2",0.7
363,1000,5,"T_Copula_Sine",2000,-2,"0.25(log(n))^2",0.09
364,1000,5,"T_Copula_Sine",2000,-2,"0.25(log(n))^2",0.13
365,1000,5,"T_Copula_Sine",2000,-2,"0.25(log(n))^2",0.55
366,1000,5,"T_Copula_Sine",2000,-2,"0.25(log(n))^2",0.41
367,1000,5,"T_Copula_Sine",2000,-2,"0.25(log(n))^2",0.58
368,1000,5,"T_Copula_Sine",2000,-2,"0.25(log(n))^2",0.3
369,1000,5,"T_Copula_Sine",2000,-2,"0.25(log(n))^2",0.15
370,1000,5,"T_Copula_Sine",2000,-2,"0.25(log(n))^2",0.52
371,1000,5,"T_Copula_Sine",2000,-2,"0.25(log(n))^2",0.01
372,1000,5,"T_Copula_Sine",2000,-2,"0.25(log(n))^2",0.14
373,1000,5,"T_Copula_Sine",2000,-2,"0.25(log(n))^2",0.11
374,1000,5,"T_Copula_Sine",2000,-2,"0.25(log(n))^2",0.65
375,1000,5,"T_Copula_Sine",2000,-2,"0.25(log(n))^2",0.9
376,1000,5,"T_Copula_Sine",2000,-2,"0.25(log(n))^2",0.23
377,1000,5,"T_Copula_Sine",2000,-2,"0.25(log(n))^2",0.7
378,1000,5,"T_Copula_Sine",2000,-2,"0.25(log(n))^2",0.01
379,1000,5,"T_Copula_Sine",2000,-2,"0.25(log(n))^2",0.65
380,1000,5,"T_Copula_Sine",2000,-2,"0.25(log(n))^2",0.47
381,1000,5,"T_Copula_Sine",2000,-2,"0.25(log(n))^2",0.01
382,1000,5,"T_Copula_Sine",2000,-2,"0.25(log(n))^2",0
383,1000,5,"T_Copula_Sine",2000,-2,"0.25(log(n))^2",0.37
384,1000,5,"T_Copula_Sine",2000,-2,"0.25(log(n))^2",0.48
385,1000,5,"T_Copula_Sine",2000,-2,"0.25(log(n))^2",0.47
386,1000,5,"T_Copula_Sine",2000,-2,"0.25(log(n))^2",0.36
387,1000,5,"T_Copula_Sine",2000,-2,"0.25(log(n))^2",0.59
388,1000,5,"T_Copula_Sine",2000,-2,"0.25(log(n))^2",0.47
389,1000,5,"T_Copula_Sine",2000,-2,"0.25(log(n))^2",0.17
390,1000,5,"T_Copula_Sine",2000,-2,"0.25(log(n))^2",0.35
391,1000,5,"T_Copula_Sine",2000,-2,"0.25(log(n))^2",0.08
392,1000,5,"T_Copula_Sine",2000,-2,"0.25(log(n))^2",0.08
393,1000,5,"T_Copula_Sine",2000,-2,"0.25(log(n))^2",0.34
394,1000,5,"T_Copula_Sine",2000,-2,"0.25(log(n))^2",0.43
395,1000,5,"T_Copula_Sine",2000,-2,"0.25(log(n))^2",0.34
396,1000,5,"T_Copula_Sine",2000,-2,"0.25(log(n))^2",0.3
397,1000,5,"T_Copula_Sine",2000,-2,"0.25(log(n))^2",0.64
398,1000,5,"T_Copula_Sine",2000,-2,"0.25(log(n))^2",0.23
399,1000,5,"T_Copula_Sine",2000,-2,"0.25(log(n))^2",0.55
400,1000,5,"T_Copula_Sine",2000,-2,"0.25(log(n))^2",0.83
401,1000,5,"T_Copula_Sine",2000,-2,"0.25(log(n))^2",0.44
402,1000,5,"T_Copula_Sine",2000,-2,"0.25(log(n))^2",0.1
403,1000,5,"T_Copula_Sine",2000,-2,"0.25(log(n))^2",0.52
404,1000,5,"T_Copula_Sine",2000,-2,"0.25(log(n))^2",0.02
405,1000,5,"T_Copula_Sine",2000,-2,"0.25(log(n))^2",0.93
406,1000,5,"T_Copula_Sine",2000,-2,"0.25(log(n))^2",0.94
407,1000,5,"T_Copula_Sine",2000,-2,"0.25(log(n))^2",0.05
408,1000,5,"T_Copula_Sine",2000,-2,"0.25(log(n))^2",0.74
409,1000,5,"T_Copula_Sine",2000,-2,"0.25(log(n))^2",0.53
410,1000,5,"T_Copula_Sine",2000,-2,"0.25(log(n))^2",0.33
411,1000,5,"T_Copula_Sine",2000,-2,"0.25(log(n))^2",0.96
412,1000,5,"T_Copula_Sine",2000,-2,"0.25(log(n))^2",0.65
413,1000,5,"T_Copula_Sine",2000,-2,"0.25(log(n))^2",0.17
414,1000,5,"T_Copula_Sine",2000,-2,"0.25(log(n))^2",0.34
415,1000,5,"T_Copula_Sine",2000,-2,"0.25(log(n))^2",0.15
416,1000,5,"T_Copula_Sine",2000,-2,"0.25(log(n))^2",0.69
417,1000,5,"T_Copula_Sine",2000,-2,"0.25(log(n))^2",0.8
418,1000,5,"T_Copula_Sine",2000,-2,"0.25(log(n))^2",0.04
419,1000,5,"T_Copula_Sine",2000,-2,"0.25(log(n))^2",0.45
420,1000,5,"T_Copula_Sine",2000,-2,"0.25(log(n))^2",0.3
421,1000,5,"T_Copula_Sine",2000,-2,"0.25(log(n))^2",0.47
422,1000,5,"T_Copula_Sine",2000,-2,"0.25(log(n))^2",0.51
423,1000,5,"T_Copula_Sine",2000,-2,"0.25(log(n))^2",0.3
424,1000,5,"T_Copula_Sine",2000,-2,"0.25(log(n))^2",0.16
425,1000,5,"T_Copula_Sine",2000,-2,"0.25(log(n))^2",0.01
426,1000,5,"T_Copula_Sine",2000,-2,"0.25(log(n))^2",0.17
427,1000,5,"T_Copula_Sine",2000,-2,"0.25(log(n))^2",0.46
428,1000,5,"T_Copula_Sine",2000,-2,"0.25(log(n))^2",0.21
429,1000,5,"T_Copula_Sine",2000,-2,"0.25(log(n))^2",0.03
430,1000,5,"T_Copula_Sine",2000,-2,"0.25(log(n))^2",0.06
431,1000,5,"T_Copula_Sine",2000,-2,"0.25(log(n))^2",0.06
432,1000,5,"T_Copula_Sine",2000,-2,"0.25(log(n))^2",0.59
433,1000,5,"T_Copula_Sine",2000,-2,"0.25(log(n))^2",0.36
434,1000,5,"T_Copula_Sine",2000,-2,"0.25(log(n))^2",0.08
435,1000,5,"T_Copula_Sine",2000,-2,"0.25(log(n))^2",0.43
436,1000,5,"T_Copula_Sine",2000,-2,"0.25(log(n))^2",0.16
437,1000,5,"T_Copula_Sine",2000,-2,"0.25(log(n))^2",0.17
438,1000,5,"T_Copula_Sine",2000,-2,"0.25(log(n))^2",0.33
439,1000,5,"T_Copula_Sine",2000,-2,"0.25(log(n))^2",0.1
440,1000,5,"T_Copula_Sine",2000,-2,"0.25(log(n))^2",0.9
441,1000,5,"T_Copula_Sine",2000,-2,"0.25(log(n))^2",0.48
442,1000,5,"T_Copula_Sine",2000,-2,"0.25(log(n))^2",0.72
443,1000,5,"T_Copula_Sine",2000,-2,"0.25(log(n))^2",0.47
444,1000,5,"T_Copula_Sine",2000,-2,"0.25(log(n))^2",0.07
445,1000,5,"T_Copula_Sine",2000,-2,"0.25(log(n))^2",0.39
446,1000,5,"T_Copula_Sine",2000,-2,"0.25(log(n))^2",0.24
447,1000,5,"T_Copula_Sine",2000,-2,"0.25(log(n))^2",0.79
448,1000,5,"T_Copula_Sine",2000,-2,"0.25(log(n))^2",0.19
449,1000,5,"T_Copula_Sine",2000,-2,"0.25(log(n))^2",0.08
450,1000,5,"T_Copula_Sine",2000,-2,"0.25(log(n))^2",0.41
451,1000,5,"T_Copula_Sine",2000,-2,"0.25(log(n))^2",0.29
452,1000,5,"T_Copula_Sine",2000,-2,"0.25(log(n))^2",0.2
453,1000,5,"T_Copula_Sine",2000,-2,"0.25(log(n))^2",0.08
454,1000,5,"T_Copula_Sine",2000,-2,"0.25(log(n))^2",0.56
455,1000,5,"T_Copula_Sine",2000,-2,"0.25(log(n))^2",0.43
456,1000,5,"T_Copula_Sine",2000,-2,"0.25(log(n))^2",0.18
457,1000,5,"T_Copula_Sine",2000,-2,"0.25(log(n))^2",0.58
458,1000,5,"T_Copula_Sine",2000,-2,"0.25(log(n))^2",0.15
459,1000,5,"T_Copula_Sine",2000,-2,"0.25(log(n))^2",0.05
460,1000,5,"T_Copula_Sine",2000,-2,"0.25(log(n))^2",0.21
461,1000,5,"T_Copula_Sine",2000,-2,"0.25(log(n))^2",0.43
462,1000,5,"T_Copula_Sine",2000,-2,"0.25(log(n))^2",0.85
463,1000,5,"T_Copula_Sine",2000,-2,"0.25(log(n))^2",0.6
464,1000,5,"T_Copula_Sine",2000,-2,"0.25(log(n))^2",0.43
465,1000,5,"T_Copula_Sine",2000,-2,"0.25(log(n))^2",0.09
466,1000,5,"T_Copula_Sine",2000,-2,"0.25(log(n))^2",0.32
467,1000,5,"T_Copula_Sine",2000,-2,"0.25(log(n))^2",0.88
468,1000,5,"T_Copula_Sine",2000,-2,"0.25(log(n))^2",0.64
469,1000,5,"T_Copula_Sine",2000,-2,"0.25(log(n))^2",0.81
470,1000,5,"T_Copula_Sine",2000,-2,"0.25(log(n))^2",0.09
471,1000,5,"T_Copula_Sine",2000,-2,"0.25(log(n))^2",0.01
472,1000,5,"T_Copula_Sine",2000,-2,"0.25(log(n))^2",0.34
473,1000,5,"T_Copula_Sine",2000,-2,"0.25(log(n))^2",0.75
474,1000,5,"T_Copula_Sine",2000,-2,"0.25(log(n))^2",0.19
475,1000,5,"T_Copula_Sine",2000,-2,"0.25(log(n))^2",0.54
476,1000,5,"T_Copula_Sine",2000,-2,"0.25(log(n))^2",0.07
477,1000,5,"T_Copula_Sine",2000,-2,"0.25(log(n))^2",0.18
478,1000,5,"T_Copula_Sine",2000,-2,"0.25(log(n))^2",0.17
479,1000,5,"T_Copula_Sine",2000,-2,"0.25(log(n))^2",0.62
480,1000,5,"T_Copula_Sine",2000,-2,"0.25(log(n))^2",0.42
481,1000,5,"T_Copula_Sine",2000,-2,"0.25(log(n))^2",0.3
482,1000,5,"T_Copula_Sine",2000,-2,"0.25(log(n))^2",0.29
483,1000,5,"T_Copula_Sine",2000,-2,"0.25(log(n))^2",0.61
484,1000,5,"T_Copula_Sine",2000,-2,"0.25(log(n))^2",0.01
485,1000,5,"T_Copula_Sine",2000,-2,"0.25(log(n))^2",0.08
486,1000,5,"T_Copula_Sine",2000,-2,"0.25(log(n))^2",0.14
487,1000,5,"T_Copula_Sine",2000,-2,"0.25(log(n))^2",0.3
488,1000,5,"T_Copula_Sine",2000,-2,"0.25(log(n))^2",0.44
489,1000,5,"T_Copula_Sine",2000,-2,"0.25(log(n))^2",0.03
490,1000,5,"T_Copula_Sine",2000,-2,"0.25(log(n))^2",0.12
491,1000,5,"T_Copula_Sine",2000,-2,"0.25(log(n))^2",0.59
492,1000,5,"T_Copula_Sine",2000,-2,"0.25(log(n))^2",0.72
493,1000,5,"T_Copula_Sine",2000,-2,"0.25(log(n))^2",0.06
494,1000,5,"T_Copula_Sine",2000,-2,"0.25(log(n))^2",0.32
495,1000,5,"T_Copula_Sine",2000,-2,"0.25(log(n))^2",0.29
496,1000,5,"T_Copula_Sine",2000,-2,"0.25(log(n))^2",0.08
497,1000,5,"T_Copula_Sine",2000,-2,"0.25(log(n))^2",0.82
498,1000,5,"T_Copula_Sine",2000,-2,"0.25(log(n))^2",0.37
499,1000,5,"T_Copula_Sine",2000,-2,"0.25(log(n))^2",0.34
500,1000,5,"T_Copula_Sine",2000,-2,"0.25(log(n))^2",0.08
501,1000,5,"T_Copula_Sine",2000,-2,"0.25(log(n))^2",0.34
502,1000,5,"T_Copula_Sine",2000,-2,"0.25(log(n))^2",0.31
503,1000,5,"T_Copula_Sine",2000,-2,"0.25(log(n))^2",0.15
504,1000,5,"T_Copula_Sine",2000,-2,"0.25(log(n))^2",0.36
505,1000,5,"T_Copula_Sine",2000,-2,"0.25(log(n))^2",0.84
506,1000,5,"T_Copula_Sine",2000,-2,"0.25(log(n))^2",0.03
507,1000,5,"T_Copula_Sine",2000,-2,"0.25(log(n))^2",0.32
508,1000,5,"T_Copula_Sine",2000,-2,"0.25(log(n))^2",0.02
509,1000,5,"T_Copula_Sine",2000,-2,"0.25(log(n))^2",0.79
510,1000,5,"T_Copula_Sine",2000,-2,"0.25(log(n))^2",0
511,1000,5,"T_Copula_Sine",2000,-2,"0.25(log(n))^2",0.28
512,1000,5,"T_Copula_Sine",2000,-2,"0.25(log(n))^2",0.42
513,1000,5,"T_Copula_Sine",2000,-2,"0.25(log(n))^2",0.46
514,1000,5,"T_Copula_Sine",2000,-2,"0.25(log(n))^2",0.36
515,1000,5,"T_Copula_Sine",2000,-2,"0.25(log(n))^2",0.07
516,1000,5,"T_Copula_Sine",2000,-2,"0.25(log(n))^2",0.28
517,1000,5,"T_Copula_Sine",2000,-2,"0.25(log(n))^2",0.89
518,1000,5,"T_Copula_Sine",2000,-2,"0.25(log(n))^2",0.24
519,1000,5,"T_Copula_Sine",2000,-2,"0.25(log(n))^2",0.34
520,1000,5,"T_Copula_Sine",2000,-2,"0.25(log(n))^2",0.39
521,1000,5,"T_Copula_Sine",2000,-2,"0.25(log(n))^2",0.28
522,1000,5,"T_Copula_Sine",2000,-2,"0.25(log(n))^2",0.39
523,1000,5,"T_Copula_Sine",2000,-2,"0.25(log(n))^2",0.66
524,1000,5,"T_Copula_Sine",2000,-2,"0.25(log(n))^2",0.37
525,1000,5,"T_Copula_Sine",2000,-2,"0.25(log(n))^2",0.59
526,1000,5,"T_Copula_Sine",2000,-2,"0.25(log(n))^2",0.14
527,1000,5,"T_Copula_Sine",2000,-2,"0.25(log(n))^2",0.05
528,1000,5,"T_Copula_Sine",2000,-2,"0.25(log(n))^2",0.31
529,1000,5,"T_Copula_Sine",2000,-2,"0.25(log(n))^2",0.19
530,1000,5,"T_Copula_Sine",2000,-2,"0.25(log(n))^2",0.42
531,1000,5,"T_Copula_Sine",2000,-2,"0.25(log(n))^2",0.14
532,1000,5,"T_Copula_Sine",2000,-2,"0.25(log(n))^2",0.62
533,1000,5,"T_Copula_Sine",2000,-2,"0.25(log(n))^2",0.31
534,1000,5,"T_Copula_Sine",2000,-2,"0.25(log(n))^2",0.26
535,1000,5,"T_Copula_Sine",2000,-2,"0.25(log(n))^2",0.37
536,1000,5,"T_Copula_Sine",2000,-2,"0.25(log(n))^2",0.38
537,1000,5,"T_Copula_Sine",2000,-2,"0.25(log(n))^2",0.19
538,1000,5,"T_Copula_Sine",2000,-2,"0.25(log(n))^2",0.49
539,1000,5,"T_Copula_Sine",2000,-2,"0.25(log(n))^2",0.32
540,1000,5,"T_Copula_Sine",2000,-2,"0.25(log(n))^2",0.16
541,1000,5,"T_Copula_Sine",2000,-2,"0.25(log(n))^2",0.79
542,1000,5,"T_Copula_Sine",2000,-2,"0.25(log(n))^2",0.24
543,1000,5,"T_Copula_Sine",2000,-2,"0.25(log(n))^2",0.5
544,1000,5,"T_Copula_Sine",2000,-2,"0.25(log(n))^2",0.22
545,1000,5,"T_Copula_Sine",2000,-2,"0.25(log(n))^2",0.06
546,1000,5,"T_Copula_Sine",2000,-2,"0.25(log(n))^2",0.37
547,1000,5,"T_Copula_Sine",2000,-2,"0.25(log(n))^2",0.43
548,1000,5,"T_Copula_Sine",2000,-2,"0.25(log(n))^2",0.47
549,1000,5,"T_Copula_Sine",2000,-2,"0.25(log(n))^2",0.45
550,1000,5,"T_Copula_Sine",2000,-2,"0.25(log(n))^2",0.58
551,1000,5,"T_Copula_Sine",2000,-2,"0.25(log(n))^2",0.45
552,1000,5,"T_Copula_Sine",2000,-2,"0.25(log(n))^2",0.1
553,1000,5,"T_Copula_Sine",2000,-2,"0.25(log(n))^2",0.8
554,1000,5,"T_Copula_Sine",2000,-2,"0.25(log(n))^2",0.11
555,1000,5,"T_Copula_Sine",2000,-2,"0.25(log(n))^2",0.4
556,1000,5,"T_Copula_Sine",2000,-2,"0.25(log(n))^2",0.06
557,1000,5,"T_Copula_Sine",2000,-2,"0.25(log(n))^2",0.05
558,1000,5,"T_Copula_Sine",2000,-2,"0.25(log(n))^2",0.1
559,1000,5,"T_Copula_Sine",2000,-2,"0.25(log(n))^2",0.37
560,1000,5,"T_Copula_Sine",2000,-2,"0.25(log(n))^2",0.04
561,1000,5,"T_Copula_Sine",2000,-2,"0.25(log(n))^2",0.29
562,1000,5,"T_Copula_Sine",2000,-2,"0.25(log(n))^2",0.4
563,1000,5,"T_Copula_Sine",2000,-2,"0.25(log(n))^2",0.04
564,1000,5,"T_Copula_Sine",2000,-2,"0.25(log(n))^2",0.18
565,1000,5,"T_Copula_Sine",2000,-2,"0.25(log(n))^2",0.27
566,1000,5,"T_Copula_Sine",2000,-2,"0.25(log(n))^2",0.5
567,1000,5,"T_Copula_Sine",2000,-2,"0.25(log(n))^2",0.55
568,1000,5,"T_Copula_Sine",2000,-2,"0.25(log(n))^2",0.23
569,1000,5,"T_Copula_Sine",2000,-2,"0.25(log(n))^2",0.29
570,1000,5,"T_Copula_Sine",2000,-2,"0.25(log(n))^2",0.35
571,1000,5,"T_Copula_Sine",2000,-2,"0.25(log(n))^2",0.4
572,1000,5,"T_Copula_Sine",2000,-2,"0.25(log(n))^2",0.19
573,1000,5,"T_Copula_Sine",2000,-2,"0.25(log(n))^2",0.11
574,1000,5,"T_Copula_Sine",2000,-2,"0.25(log(n))^2",0.58
575,1000,5,"T_Copula_Sine",2000,-2,"0.25(log(n))^2",0.05
576,1000,5,"T_Copula_Sine",2000,-2,"0.25(log(n))^2",0.64
577,1000,5,"T_Copula_Sine",2000,-2,"0.25(log(n))^2",0.59
578,1000,5,"T_Copula_Sine",2000,-2,"0.25(log(n))^2",0.09
579,1000,5,"T_Copula_Sine",2000,-2,"0.25(log(n))^2",0.06
580,1000,5,"T_Copula_Sine",2000,-2,"0.25(log(n))^2",0.24
581,1000,5,"T_Copula_Sine",2000,-2,"0.25(log(n))^2",0.48
582,1000,5,"T_Copula_Sine",2000,-2,"0.25(log(n))^2",0.36
583,1000,5,"T_Copula_Sine",2000,-2,"0.25(log(n))^2",0.29
584,1000,5,"T_Copula_Sine",2000,-2,"0.25(log(n))^2",0.63
585,1000,5,"T_Copula_Sine",2000,-2,"0.25(log(n))^2",0.22
586,1000,5,"T_Copula_Sine",2000,-2,"0.25(log(n))^2",0.03
587,1000,5,"T_Copula_Sine",2000,-2,"0.25(log(n))^2",0.19
588,1000,5,"T_Copula_Sine",2000,-2,"0.25(log(n))^2",0.2
589,1000,5,"T_Copula_Sine",2000,-2,"0.25(log(n))^2",0.46
590,1000,5,"T_Copula_Sine",2000,-2,"0.25(log(n))^2",0.73
591,1000,5,"T_Copula_Sine",2000,-2,"0.25(log(n))^2",0.87
592,1000,5,"T_Copula_Sine",2000,-2,"0.25(log(n))^2",0.13
593,1000,5,"T_Copula_Sine",2000,-2,"0.25(log(n))^2",0.58
594,1000,5,"T_Copula_Sine",2000,-2,"0.25(log(n))^2",0.4
595,1000,5,"T_Copula_Sine",2000,-2,"0.25(log(n))^2",0.03
596,1000,5,"T_Copula_Sine",2000,-2,"0.25(log(n))^2",0.68
597,1000,5,"T_Copula_Sine",2000,-2,"0.25(log(n))^2",0.05
598,1000,5,"T_Copula_Sine",2000,-2,"0.25(log(n))^2",0.42
599,1000,5,"T_Copula_Sine",2000,-2,"0.25(log(n))^2",0.07
600,1000,5,"T_Copula_Sine",2000,-2,"0.25(log(n))^2",0.1
601,1000,5,"T_Copula_Sine",2000,-2,"0.25(log(n))^2",0.49
602,1000,5,"T_Copula_Sine",2000,-2,"0.25(log(n))^2",0.57
603,1000,5,"T_Copula_Sine",2000,-2,"0.25(log(n))^2",0.25
604,1000,5,"T_Copula_Sine",2000,-2,"0.25(log(n))^2",0.15
605,1000,5,"T_Copula_Sine",2000,-2,"0.25(log(n))^2",0.31
606,1000,5,"T_Copula_Sine",2000,-2,"0.25(log(n))^2",0.81
607,1000,5,"T_Copula_Sine",2000,-2,"0.25(log(n))^2",0.11
608,1000,5,"T_Copula_Sine",2000,-2,"0.25(log(n))^2",0.1
609,1000,5,"T_Copula_Sine",2000,-2,"0.25(log(n))^2",0.31
610,1000,5,"T_Copula_Sine",2000,-2,"0.25(log(n))^2",0.15
611,1000,5,"T_Copula_Sine",2000,-2,"0.25(log(n))^2",0.41
612,1000,5,"T_Copula_Sine",2000,-2,"0.25(log(n))^2",0
613,1000,5,"T_Copula_Sine",2000,-2,"0.25(log(n))^2",0.26
614,1000,5,"T_Copula_Sine",2000,-2,"0.25(log(n))^2",0.47
615,1000,5,"T_Copula_Sine",2000,-2,"0.25(log(n))^2",0.02
616,1000,5,"T_Copula_Sine",2000,-2,"0.25(log(n))^2",0.85
617,1000,5,"T_Copula_Sine",2000,-2,"0.25(log(n))^2",0.28
618,1000,5,"T_Copula_Sine",2000,-2,"0.25(log(n))^2",0.3
619,1000,5,"T_Copula_Sine",2000,-2,"0.25(log(n))^2",0.19
620,1000,5,"T_Copula_Sine",2000,-2,"0.25(log(n))^2",0.23
621,1000,5,"T_Copula_Sine",2000,-2,"0.25(log(n))^2",0.25
622,1000,5,"T_Copula_Sine",2000,-2,"0.25(log(n))^2",0.26
623,1000,5,"T_Copula_Sine",2000,-2,"0.25(log(n))^2",0.14
624,1000,5,"T_Copula_Sine",2000,-2,"0.25(log(n))^2",0.05
625,1000,5,"T_Copula_Sine",2000,-2,"0.25(log(n))^2",0.51
626,1000,5,"T_Copula_Sine",2000,-2,"0.25(log(n))^2",0.05
627,1000,5,"T_Copula_Sine",2000,-2,"0.25(log(n))^2",0.82
628,1000,5,"T_Copula_Sine",2000,-2,"0.25(log(n))^2",0.44
629,1000,5,"T_Copula_Sine",2000,-2,"0.25(log(n))^2",0.75
630,1000,5,"T_Copula_Sine",2000,-2,"0.25(log(n))^2",0.18
631,1000,5,"T_Copula_Sine",2000,-2,"0.25(log(n))^2",0.06
632,1000,5,"T_Copula_Sine",2000,-2,"0.25(log(n))^2",0
633,1000,5,"T_Copula_Sine",2000,-2,"0.25(log(n))^2",0.23
634,1000,5,"T_Copula_Sine",2000,-2,"0.25(log(n))^2",0.17
635,1000,5,"T_Copula_Sine",2000,-2,"0.25(log(n))^2",0.45
636,1000,5,"T_Copula_Sine",2000,-2,"0.25(log(n))^2",0.79
637,1000,5,"T_Copula_Sine",2000,-2,"0.25(log(n))^2",0.02
638,1000,5,"T_Copula_Sine",2000,-2,"0.25(log(n))^2",0.25
639,1000,5,"T_Copula_Sine",2000,-2,"0.25(log(n))^2",0.98
640,1000,5,"T_Copula_Sine",2000,-2,"0.25(log(n))^2",0.92
641,1000,5,"T_Copula_Sine",2000,-2,"0.25(log(n))^2",0.35
642,1000,5,"T_Copula_Sine",2000,-2,"0.25(log(n))^2",0.14
643,1000,5,"T_Copula_Sine",2000,-2,"0.25(log(n))^2",0.62
644,1000,5,"T_Copula_Sine",2000,-2,"0.25(log(n))^2",0.86
645,1000,5,"T_Copula_Sine",2000,-2,"0.25(log(n))^2",0.18
646,1000,5,"T_Copula_Sine",2000,-2,"0.25(log(n))^2",0.06
647,1000,5,"T_Copula_Sine",2000,-2,"0.25(log(n))^2",0.96
648,1000,5,"T_Copula_Sine",2000,-2,"0.25(log(n))^2",0.32
649,1000,5,"T_Copula_Sine",2000,-2,"0.25(log(n))^2",0.34
650,1000,5,"T_Copula_Sine",2000,-2,"0.25(log(n))^2",0.16
651,1000,5,"T_Copula_Sine",2000,-2,"0.25(log(n))^2",0.38
652,1000,5,"T_Copula_Sine",2000,-2,"0.25(log(n))^2",0.11
653,1000,5,"T_Copula_Sine",2000,-2,"0.25(log(n))^2",0.47
654,1000,5,"T_Copula_Sine",2000,-2,"0.25(log(n))^2",0.28
655,1000,5,"T_Copula_Sine",2000,-2,"0.25(log(n))^2",0.03
656,1000,5,"T_Copula_Sine",2000,-2,"0.25(log(n))^2",0.06
657,1000,5,"T_Copula_Sine",2000,-2,"0.25(log(n))^2",0.23
658,1000,5,"T_Copula_Sine",2000,-2,"0.25(log(n))^2",0.34
659,1000,5,"T_Copula_Sine",2000,-2,"0.25(log(n))^2",0.09
660,1000,5,"T_Copula_Sine",2000,-2,"0.25(log(n))^2",0.2
661,1000,5,"T_Copula_Sine",2000,-2,"0.25(log(n))^2",0.3
662,1000,5,"T_Copula_Sine",2000,-2,"0.25(log(n))^2",0.14
663,1000,5,"T_Copula_Sine",2000,-2,"0.25(log(n))^2",0.21
664,1000,5,"T_Copula_Sine",2000,-2,"0.25(log(n))^2",0.39
665,1000,5,"T_Copula_Sine",2000,-2,"0.25(log(n))^2",0.03
666,1000,5,"T_Copula_Sine",2000,-2,"0.25(log(n))^2",0.57
667,1000,5,"T_Copula_Sine",2000,-2,"0.25(log(n))^2",0.87
668,1000,5,"T_Copula_Sine",2000,-2,"0.25(log(n))^2",0.06
669,1000,5,"T_Copula_Sine",2000,-2,"0.25(log(n))^2",0.7
670,1000,5,"T_Copula_Sine",2000,-2,"0.25(log(n))^2",0.07
671,1000,5,"T_Copula_Sine",2000,-2,"0.25(log(n))^2",0.4
672,1000,5,"T_Copula_Sine",2000,-2,"0.25(log(n))^2",0.83
673,1000,5,"T_Copula_Sine",2000,-2,"0.25(log(n))^2",0.23
674,1000,5,"T_Copula_Sine",2000,-2,"0.25(log(n))^2",0.07
675,1000,5,"T_Copula_Sine",2000,-2,"0.25(log(n))^2",0.02
676,1000,5,"T_Copula_Sine",2000,-2,"0.25(log(n))^2",0.43
677,1000,5,"T_Copula_Sine",2000,-2,"0.25(log(n))^2",0
678,1000,5,"T_Copula_Sine",2000,-2,"0.25(log(n))^2",0.29
679,1000,5,"T_Copula_Sine",2000,-2,"0.25(log(n))^2",0.08
680,1000,5,"T_Copula_Sine",2000,-2,"0.25(log(n))^2",0.45
681,1000,5,"T_Copula_Sine",2000,-2,"0.25(log(n))^2",0.29
682,1000,5,"T_Copula_Sine",2000,-2,"0.25(log(n))^2",0.05
683,1000,5,"T_Copula_Sine",2000,-2,"0.25(log(n))^2",0.16
684,1000,5,"T_Copula_Sine",2000,-2,"0.25(log(n))^2",0.42
685,1000,5,"T_Copula_Sine",2000,-2,"0.25(log(n))^2",0.14
686,1000,5,"T_Copula_Sine",2000,-2,"0.25(log(n))^2",0.11
687,1000,5,"T_Copula_Sine",2000,-2,"0.25(log(n))^2",0.15
688,1000,5,"T_Copula_Sine",2000,-2,"0.25(log(n))^2",0.12
689,1000,5,"T_Copula_Sine",2000,-2,"0.25(log(n))^2",0.11
690,1000,5,"T_Copula_Sine",2000,-2,"0.25(log(n))^2",0.74
691,1000,5,"T_Copula_Sine",2000,-2,"0.25(log(n))^2",0
692,1000,5,"T_Copula_Sine",2000,-2,"0.25(log(n))^2",0.39
693,1000,5,"T_Copula_Sine",2000,-2,"0.25(log(n))^2",0.29
694,1000,5,"T_Copula_Sine",2000,-2,"0.25(log(n))^2",0.71
695,1000,5,"T_Copula_Sine",2000,-2,"0.25(log(n))^2",0.02
696,1000,5,"T_Copula_Sine",2000,-2,"0.25(log(n))^2",0.27
697,1000,5,"T_Copula_Sine",2000,-2,"0.25(log(n))^2",0.41
698,1000,5,"T_Copula_Sine",2000,-2,"0.25(log(n))^2",0.21
699,1000,5,"T_Copula_Sine",2000,-2,"0.25(log(n))^2",0.14
700,1000,5,"T_Copula_Sine",2000,-2,"0.25(log(n))^2",0.43
701,1000,5,"T_Copula_Sine",2000,-2,"0.25(log(n))^2",0.2
702,1000,5,"T_Copula_Sine",2000,-2,"0.25(log(n))^2",0.19
703,1000,5,"T_Copula_Sine",2000,-2,"0.25(log(n))^2",0.36
704,1000,5,"T_Copula_Sine",2000,-2,"0.25(log(n))^2",0.62
705,1000,5,"T_Copula_Sine",2000,-2,"0.25(log(n))^2",0.11
706,1000,5,"T_Copula_Sine",2000,-2,"0.25(log(n))^2",0.08
707,1000,5,"T_Copula_Sine",2000,-2,"0.25(log(n))^2",0.05
708,1000,5,"T_Copula_Sine",2000,-2,"0.25(log(n))^2",0
709,1000,5,"T_Copula_Sine",2000,-2,"0.25(log(n))^2",0.5
710,1000,5,"T_Copula_Sine",2000,-2,"0.25(log(n))^2",0.61
711,1000,5,"T_Copula_Sine",2000,-2,"0.25(log(n))^2",0.09
712,1000,5,"T_Copula_Sine",2000,-2,"0.25(log(n))^2",0.06
713,1000,5,"T_Copula_Sine",2000,-2,"0.25(log(n))^2",0.09
714,1000,5,"T_Copula_Sine",2000,-2,"0.25(log(n))^2",0.29
715,1000,5,"T_Copula_Sine",2000,-2,"0.25(log(n))^2",0.1
716,1000,5,"T_Copula_Sine",2000,-2,"0.25(log(n))^2",0.46
717,1000,5,"T_Copula_Sine",2000,-2,"0.25(log(n))^2",0.02
718,1000,5,"T_Copula_Sine",2000,-2,"0.25(log(n))^2",0.26
719,1000,5,"T_Copula_Sine",2000,-2,"0.25(log(n))^2",0.46
720,1000,5,"T_Copula_Sine",2000,-2,"0.25(log(n))^2",0.15
721,1000,5,"T_Copula_Sine",2000,-2,"0.25(log(n))^2",0.17
722,1000,5,"T_Copula_Sine",2000,-2,"0.25(log(n))^2",0.32
723,1000,5,"T_Copula_Sine",2000,-2,"0.25(log(n))^2",0.4
724,1000,5,"T_Copula_Sine",2000,-2,"0.25(log(n))^2",0.06
725,1000,5,"T_Copula_Sine",2000,-2,"0.25(log(n))^2",0.05
726,1000,5,"T_Copula_Sine",2000,-2,"0.25(log(n))^2",0.56
727,1000,5,"T_Copula_Sine",2000,-2,"0.25(log(n))^2",0.08
728,1000,5,"T_Copula_Sine",2000,-2,"0.25(log(n))^2",0.1
729,1000,5,"T_Copula_Sine",2000,-2,"0.25(log(n))^2",0.02
730,1000,5,"T_Copula_Sine",2000,-2,"0.25(log(n))^2",0.25
731,1000,5,"T_Copula_Sine",2000,-2,"0.25(log(n))^2",0.05
732,1000,5,"T_Copula_Sine",2000,-2,"0.25(log(n))^2",0.31
733,1000,5,"T_Copula_Sine",2000,-2,"0.25(log(n))^2",0.14
734,1000,5,"T_Copula_Sine",2000,-2,"0.25(log(n))^2",0.46
735,1000,5,"T_Copula_Sine",2000,-2,"0.25(log(n))^2",0.01
736,1000,5,"T_Copula_Sine",2000,-2,"0.25(log(n))^2",0.13
737,1000,5,"T_Copula_Sine",2000,-2,"0.25(log(n))^2",0.05
738,1000,5,"T_Copula_Sine",2000,-2,"0.25(log(n))^2",0.02
739,1000,5,"T_Copula_Sine",2000,-2,"0.25(log(n))^2",0.94
740,1000,5,"T_Copula_Sine",2000,-2,"0.25(log(n))^2",0.4
741,1000,5,"T_Copula_Sine",2000,-2,"0.25(log(n))^2",0.15
742,1000,5,"T_Copula_Sine",2000,-2,"0.25(log(n))^2",0.26
743,1000,5,"T_Copula_Sine",2000,-2,"0.25(log(n))^2",0.34
744,1000,5,"T_Copula_Sine",2000,-2,"0.25(log(n))^2",0.38
745,1000,5,"T_Copula_Sine",2000,-2,"0.25(log(n))^2",0.27
746,1000,5,"T_Copula_Sine",2000,-2,"0.25(log(n))^2",0.33
747,1000,5,"T_Copula_Sine",2000,-2,"0.25(log(n))^2",0.14
748,1000,5,"T_Copula_Sine",2000,-2,"0.25(log(n))^2",0.45
749,1000,5,"T_Copula_Sine",2000,-2,"0.25(log(n))^2",0.07
750,1000,5,"T_Copula_Sine",2000,-2,"0.25(log(n))^2",0.29
751,1000,5,"T_Copula_Sine",2000,-2,"0.25(log(n))^2",0.76
752,1000,5,"T_Copula_Sine",2000,-2,"0.25(log(n))^2",0.1
753,1000,5,"T_Copula_Sine",2000,-2,"0.25(log(n))^2",0.19
754,1000,5,"T_Copula_Sine",2000,-2,"0.25(log(n))^2",0.04
755,1000,5,"T_Copula_Sine",2000,-2,"0.25(log(n))^2",0.11
756,1000,5,"T_Copula_Sine",2000,-2,"0.25(log(n))^2",0.11
757,1000,5,"T_Copula_Sine",2000,-2,"0.25(log(n))^2",0.57
758,1000,5,"T_Copula_Sine",2000,-2,"0.25(log(n))^2",0.81
759,1000,5,"T_Copula_Sine",2000,-2,"0.25(log(n))^2",0.33
760,1000,5,"T_Copula_Sine",2000,-2,"0.25(log(n))^2",0.49
761,1000,5,"T_Copula_Sine",2000,-2,"0.25(log(n))^2",0.23
762,1000,5,"T_Copula_Sine",2000,-2,"0.25(log(n))^2",0.02
763,1000,5,"T_Copula_Sine",2000,-2,"0.25(log(n))^2",0.11
764,1000,5,"T_Copula_Sine",2000,-2,"0.25(log(n))^2",0.2
765,1000,5,"T_Copula_Sine",2000,-2,"0.25(log(n))^2",0.49
766,1000,5,"T_Copula_Sine",2000,-2,"0.25(log(n))^2",0.55
767,1000,5,"T_Copula_Sine",2000,-2,"0.25(log(n))^2",0.08
768,1000,5,"T_Copula_Sine",2000,-2,"0.25(log(n))^2",0.19
769,1000,5,"T_Copula_Sine",2000,-2,"0.25(log(n))^2",0.58
770,1000,5,"T_Copula_Sine",2000,-2,"0.25(log(n))^2",0.27
771,1000,5,"T_Copula_Sine",2000,-2,"0.25(log(n))^2",0.16
772,1000,5,"T_Copula_Sine",2000,-2,"0.25(log(n))^2",0.02
773,1000,5,"T_Copula_Sine",2000,-2,"0.25(log(n))^2",0.88
774,1000,5,"T_Copula_Sine",2000,-2,"0.25(log(n))^2",0.21
775,1000,5,"T_Copula_Sine",2000,-2,"0.25(log(n))^2",0.74
776,1000,5,"T_Copula_Sine",2000,-2,"0.25(log(n))^2",0.32
777,1000,5,"T_Copula_Sine",2000,-2,"0.25(log(n))^2",0.06
778,1000,5,"T_Copula_Sine",2000,-2,"0.25(log(n))^2",0.05
779,1000,5,"T_Copula_Sine",2000,-2,"0.25(log(n))^2",0.05
780,1000,5,"T_Copula_Sine",2000,-2,"0.25(log(n))^2",0.05
781,1000,5,"T_Copula_Sine",2000,-2,"0.25(log(n))^2",0.03
782,1000,5,"T_Copula_Sine",2000,-2,"0.25(log(n))^2",0.08
783,1000,5,"T_Copula_Sine",2000,-2,"0.25(log(n))^2",0.17
784,1000,5,"T_Copula_Sine",2000,-2,"0.25(log(n))^2",0.18
785,1000,5,"T_Copula_Sine",2000,-2,"0.25(log(n))^2",0.29
786,1000,5,"T_Copula_Sine",2000,-2,"0.25(log(n))^2",0.03
787,1000,5,"T_Copula_Sine",2000,-2,"0.25(log(n))^2",0.06
788,1000,5,"T_Copula_Sine",2000,-2,"0.25(log(n))^2",0.03
789,1000,5,"T_Copula_Sine",2000,-2,"0.25(log(n))^2",0.05
790,1000,5,"T_Copula_Sine",2000,-2,"0.25(log(n))^2",0.15
791,1000,5,"T_Copula_Sine",2000,-2,"0.25(log(n))^2",0.34
792,1000,5,"T_Copula_Sine",2000,-2,"0.25(log(n))^2",0.14
793,1000,5,"T_Copula_Sine",2000,-2,"0.25(log(n))^2",0.12
794,1000,5,"T_Copula_Sine",2000,-2,"0.25(log(n))^2",0.08
795,1000,5,"T_Copula_Sine",2000,-2,"0.25(log(n))^2",0.21
796,1000,5,"T_Copula_Sine",2000,-2,"0.25(log(n))^2",0.36
797,1000,5,"T_Copula_Sine",2000,-2,"0.25(log(n))^2",0.04
798,1000,5,"T_Copula_Sine",2000,-2,"0.25(log(n))^2",0.01
799,1000,5,"T_Copula_Sine",2000,-2,"0.25(log(n))^2",0.03
800,1000,5,"T_Copula_Sine",2000,-2,"0.25(log(n))^2",0.14
801,1000,5,"T_Copula_Sine",2000,-2,"0.25(log(n))^2",0.2
802,1000,5,"T_Copula_Sine",2000,-2,"0.25(log(n))^2",0.07
803,1000,5,"T_Copula_Sine",2000,-2,"0.25(log(n))^2",0.13
804,1000,5,"T_Copula_Sine",2000,-2,"0.25(log(n))^2",0.09
805,1000,5,"T_Copula_Sine",2000,-2,"0.25(log(n))^2",0.54
806,1000,5,"T_Copula_Sine",2000,-2,"0.25(log(n))^2",0.33
807,1000,5,"T_Copula_Sine",2000,-2,"0.25(log(n))^2",0.67
808,1000,5,"T_Copula_Sine",2000,-2,"0.25(log(n))^2",0.56
809,1000,5,"T_Copula_Sine",2000,-2,"0.25(log(n))^2",0.25
810,1000,5,"T_Copula_Sine",2000,-2,"0.25(log(n))^2",0.42
811,1000,5,"T_Copula_Sine",2000,-2,"0.25(log(n))^2",0.47
812,1000,5,"T_Copula_Sine",2000,-2,"0.25(log(n))^2",0.06
813,1000,5,"T_Copula_Sine",2000,-2,"0.25(log(n))^2",0.15
814,1000,5,"T_Copula_Sine",2000,-2,"0.25(log(n))^2",0.49
815,1000,5,"T_Copula_Sine",2000,-2,"0.25(log(n))^2",0.42
816,1000,5,"T_Copula_Sine",2000,-2,"0.25(log(n))^2",0.07
817,1000,5,"T_Copula_Sine",2000,-2,"0.25(log(n))^2",0.47
818,1000,5,"T_Copula_Sine",2000,-2,"0.25(log(n))^2",0.15
819,1000,5,"T_Copula_Sine",2000,-2,"0.25(log(n))^2",0.48
820,1000,5,"T_Copula_Sine",2000,-2,"0.25(log(n))^2",0.46
821,1000,5,"T_Copula_Sine",2000,-2,"0.25(log(n))^2",0.2
822,1000,5,"T_Copula_Sine",2000,-2,"0.25(log(n))^2",0.4
823,1000,5,"T_Copula_Sine",2000,-2,"0.25(log(n))^2",0.08
824,1000,5,"T_Copula_Sine",2000,-2,"0.25(log(n))^2",0.27
825,1000,5,"T_Copula_Sine",2000,-2,"0.25(log(n))^2",0.04
826,1000,5,"T_Copula_Sine",2000,-2,"0.25(log(n))^2",0.54
827,1000,5,"T_Copula_Sine",2000,-2,"0.25(log(n))^2",0.12
828,1000,5,"T_Copula_Sine",2000,-2,"0.25(log(n))^2",0.63
829,1000,5,"T_Copula_Sine",2000,-2,"0.25(log(n))^2",0.31
830,1000,5,"T_Copula_Sine",2000,-2,"0.25(log(n))^2",0.18
831,1000,5,"T_Copula_Sine",2000,-2,"0.25(log(n))^2",0.24
832,1000,5,"T_Copula_Sine",2000,-2,"0.25(log(n))^2",0.09
833,1000,5,"T_Copula_Sine",2000,-2,"0.25(log(n))^2",0.75
834,1000,5,"T_Copula_Sine",2000,-2,"0.25(log(n))^2",0.23
835,1000,5,"T_Copula_Sine",2000,-2,"0.25(log(n))^2",0.62
836,1000,5,"T_Copula_Sine",2000,-2,"0.25(log(n))^2",0.28
837,1000,5,"T_Copula_Sine",2000,-2,"0.25(log(n))^2",0
838,1000,5,"T_Copula_Sine",2000,-2,"0.25(log(n))^2",0.09
839,1000,5,"T_Copula_Sine",2000,-2,"0.25(log(n))^2",0.41
840,1000,5,"T_Copula_Sine",2000,-2,"0.25(log(n))^2",0.45
841,1000,5,"T_Copula_Sine",2000,-2,"0.25(log(n))^2",0.36
842,1000,5,"T_Copula_Sine",2000,-2,"0.25(log(n))^2",0.34
843,1000,5,"T_Copula_Sine",2000,-2,"0.25(log(n))^2",0.22
844,1000,5,"T_Copula_Sine",2000,-2,"0.25(log(n))^2",0.53
845,1000,5,"T_Copula_Sine",2000,-2,"0.25(log(n))^2",0.06
846,1000,5,"T_Copula_Sine",2000,-2,"0.25(log(n))^2",0.65
847,1000,5,"T_Copula_Sine",2000,-2,"0.25(log(n))^2",0.14
848,1000,5,"T_Copula_Sine",2000,-2,"0.25(log(n))^2",0.48
849,1000,5,"T_Copula_Sine",2000,-2,"0.25(log(n))^2",0.34
850,1000,5,"T_Copula_Sine",2000,-2,"0.25(log(n))^2",0.73
851,1000,5,"T_Copula_Sine",2000,-2,"0.25(log(n))^2",0.17
852,1000,5,"T_Copula_Sine",2000,-2,"0.25(log(n))^2",0.06
853,1000,5,"T_Copula_Sine",2000,-2,"0.25(log(n))^2",0.49
854,1000,5,"T_Copula_Sine",2000,-2,"0.25(log(n))^2",0.72
855,1000,5,"T_Copula_Sine",2000,-2,"0.25(log(n))^2",0.07
856,1000,5,"T_Copula_Sine",2000,-2,"0.25(log(n))^2",0.06
857,1000,5,"T_Copula_Sine",2000,-2,"0.25(log(n))^2",0.32
858,1000,5,"T_Copula_Sine",2000,-2,"0.25(log(n))^2",0.7
859,1000,5,"T_Copula_Sine",2000,-2,"0.25(log(n))^2",0.38
860,1000,5,"T_Copula_Sine",2000,-2,"0.25(log(n))^2",0.62
861,1000,5,"T_Copula_Sine",2000,-2,"0.25(log(n))^2",0.45
862,1000,5,"T_Copula_Sine",2000,-2,"0.25(log(n))^2",0.1
863,1000,5,"T_Copula_Sine",2000,-2,"0.25(log(n))^2",0.3
864,1000,5,"T_Copula_Sine",2000,-2,"0.25(log(n))^2",0.11
865,1000,5,"T_Copula_Sine",2000,-2,"0.25(log(n))^2",0.29
866,1000,5,"T_Copula_Sine",2000,-2,"0.25(log(n))^2",0.08
867,1000,5,"T_Copula_Sine",2000,-2,"0.25(log(n))^2",0.25
868,1000,5,"T_Copula_Sine",2000,-2,"0.25(log(n))^2",0.08
869,1000,5,"T_Copula_Sine",2000,-2,"0.25(log(n))^2",0.27
870,1000,5,"T_Copula_Sine",2000,-2,"0.25(log(n))^2",0.16
871,1000,5,"T_Copula_Sine",2000,-2,"0.25(log(n))^2",0.11
872,1000,5,"T_Copula_Sine",2000,-2,"0.25(log(n))^2",0.34
873,1000,5,"T_Copula_Sine",2000,-2,"0.25(log(n))^2",0.95
874,1000,5,"T_Copula_Sine",2000,-2,"0.25(log(n))^2",0.45
875,1000,5,"T_Copula_Sine",2000,-2,"0.25(log(n))^2",0.95
876,1000,5,"T_Copula_Sine",2000,-2,"0.25(log(n))^2",0.44
877,1000,5,"T_Copula_Sine",2000,-2,"0.25(log(n))^2",0.05
878,1000,5,"T_Copula_Sine",2000,-2,"0.25(log(n))^2",0.19
879,1000,5,"T_Copula_Sine",2000,-2,"0.25(log(n))^2",0.25
880,1000,5,"T_Copula_Sine",2000,-2,"0.25(log(n))^2",0.24
881,1000,5,"T_Copula_Sine",2000,-2,"0.25(log(n))^2",0.18
882,1000,5,"T_Copula_Sine",2000,-2,"0.25(log(n))^2",0.6
883,1000,5,"T_Copula_Sine",2000,-2,"0.25(log(n))^2",0.05
884,1000,5,"T_Copula_Sine",2000,-2,"0.25(log(n))^2",0.47
885,1000,5,"T_Copula_Sine",2000,-2,"0.25(log(n))^2",0.06
886,1000,5,"T_Copula_Sine",2000,-2,"0.25(log(n))^2",0.56
887,1000,5,"T_Copula_Sine",2000,-2,"0.25(log(n))^2",0.5
888,1000,5,"T_Copula_Sine",2000,-2,"0.25(log(n))^2",0.02
889,1000,5,"T_Copula_Sine",2000,-2,"0.25(log(n))^2",0.89
890,1000,5,"T_Copula_Sine",2000,-2,"0.25(log(n))^2",0.43
891,1000,5,"T_Copula_Sine",2000,-2,"0.25(log(n))^2",0.76
892,1000,5,"T_Copula_Sine",2000,-2,"0.25(log(n))^2",0.59
893,1000,5,"T_Copula_Sine",2000,-2,"0.25(log(n))^2",0.08
894,1000,5,"T_Copula_Sine",2000,-2,"0.25(log(n))^2",0.38
895,1000,5,"T_Copula_Sine",2000,-2,"0.25(log(n))^2",0.13
896,1000,5,"T_Copula_Sine",2000,-2,"0.25(log(n))^2",0.63
897,1000,5,"T_Copula_Sine",2000,-2,"0.25(log(n))^2",0.94
898,1000,5,"T_Copula_Sine",2000,-2,"0.25(log(n))^2",0.74
899,1000,5,"T_Copula_Sine",2000,-2,"0.25(log(n))^2",0.27
900,1000,5,"T_Copula_Sine",2000,-2,"0.25(log(n))^2",0.12
901,1000,5,"T_Copula_Sine",2000,-2,"0.25(log(n))^2",0.08
902,1000,5,"T_Copula_Sine",2000,-2,"0.25(log(n))^2",0
903,1000,5,"T_Copula_Sine",2000,-2,"0.25(log(n))^2",0.89
904,1000,5,"T_Copula_Sine",2000,-2,"0.25(log(n))^2",0.14
905,1000,5,"T_Copula_Sine",2000,-2,"0.25(log(n))^2",0.14
906,1000,5,"T_Copula_Sine",2000,-2,"0.25(log(n))^2",0.78
907,1000,5,"T_Copula_Sine",2000,-2,"0.25(log(n))^2",0.57
908,1000,5,"T_Copula_Sine",2000,-2,"0.25(log(n))^2",0.22
909,1000,5,"T_Copula_Sine",2000,-2,"0.25(log(n))^2",0.16
910,1000,5,"T_Copula_Sine",2000,-2,"0.25(log(n))^2",0.09
911,1000,5,"T_Copula_Sine",2000,-2,"0.25(log(n))^2",0.03
912,1000,5,"T_Copula_Sine",2000,-2,"0.25(log(n))^2",0.34
913,1000,5,"T_Copula_Sine",2000,-2,"0.25(log(n))^2",0.78
914,1000,5,"T_Copula_Sine",2000,-2,"0.25(log(n))^2",0.17
915,1000,5,"T_Copula_Sine",2000,-2,"0.25(log(n))^2",0.04
916,1000,5,"T_Copula_Sine",2000,-2,"0.25(log(n))^2",0.78
917,1000,5,"T_Copula_Sine",2000,-2,"0.25(log(n))^2",0.42
918,1000,5,"T_Copula_Sine",2000,-2,"0.25(log(n))^2",0.71
919,1000,5,"T_Copula_Sine",2000,-2,"0.25(log(n))^2",0.16
920,1000,5,"T_Copula_Sine",2000,-2,"0.25(log(n))^2",0.14
921,1000,5,"T_Copula_Sine",2000,-2,"0.25(log(n))^2",0.77
922,1000,5,"T_Copula_Sine",2000,-2,"0.25(log(n))^2",0.6
923,1000,5,"T_Copula_Sine",2000,-2,"0.25(log(n))^2",0.05
924,1000,5,"T_Copula_Sine",2000,-2,"0.25(log(n))^2",0.35
925,1000,5,"T_Copula_Sine",2000,-2,"0.25(log(n))^2",0.17
926,1000,5,"T_Copula_Sine",2000,-2,"0.25(log(n))^2",0.33
927,1000,5,"T_Copula_Sine",2000,-2,"0.25(log(n))^2",0.38
928,1000,5,"T_Copula_Sine",2000,-2,"0.25(log(n))^2",0.17
929,1000,5,"T_Copula_Sine",2000,-2,"0.25(log(n))^2",0.3
930,1000,5,"T_Copula_Sine",2000,-2,"0.25(log(n))^2",0.33
931,1000,5,"T_Copula_Sine",2000,-2,"0.25(log(n))^2",0.04
932,1000,5,"T_Copula_Sine",2000,-2,"0.25(log(n))^2",0.7
933,1000,5,"T_Copula_Sine",2000,-2,"0.25(log(n))^2",0.05
934,1000,5,"T_Copula_Sine",2000,-2,"0.25(log(n))^2",0.32
935,1000,5,"T_Copula_Sine",2000,-2,"0.25(log(n))^2",0.54
936,1000,5,"T_Copula_Sine",2000,-2,"0.25(log(n))^2",0.41
937,1000,5,"T_Copula_Sine",2000,-2,"0.25(log(n))^2",0.33
938,1000,5,"T_Copula_Sine",2000,-2,"0.25(log(n))^2",0.83
939,1000,5,"T_Copula_Sine",2000,-2,"0.25(log(n))^2",0.78
940,1000,5,"T_Copula_Sine",2000,-2,"0.25(log(n))^2",0.7
941,1000,5,"T_Copula_Sine",2000,-2,"0.25(log(n))^2",0.72
942,1000,5,"T_Copula_Sine",2000,-2,"0.25(log(n))^2",0.07
943,1000,5,"T_Copula_Sine",2000,-2,"0.25(log(n))^2",0.28
944,1000,5,"T_Copula_Sine",2000,-2,"0.25(log(n))^2",0.65
945,1000,5,"T_Copula_Sine",2000,-2,"0.25(log(n))^2",0.73
946,1000,5,"T_Copula_Sine",2000,-2,"0.25(log(n))^2",0.73
947,1000,5,"T_Copula_Sine",2000,-2,"0.25(log(n))^2",0.17
948,1000,5,"T_Copula_Sine",2000,-2,"0.25(log(n))^2",0.29
949,1000,5,"T_Copula_Sine",2000,-2,"0.25(log(n))^2",0.14
950,1000,5,"T_Copula_Sine",2000,-2,"0.25(log(n))^2",0.23
951,1000,5,"T_Copula_Sine",2000,-2,"0.25(log(n))^2",0.26
952,1000,5,"T_Copula_Sine",2000,-2,"0.25(log(n))^2",0.55
953,1000,5,"T_Copula_Sine",2000,-2,"0.25(log(n))^2",0.2
954,1000,5,"T_Copula_Sine",2000,-2,"0.25(log(n))^2",0.22
955,1000,5,"T_Copula_Sine",2000,-2,"0.25(log(n))^2",0
956,1000,5,"T_Copula_Sine",2000,-2,"0.25(log(n))^2",0.13
957,1000,5,"T_Copula_Sine",2000,-2,"0.25(log(n))^2",0.19
958,1000,5,"T_Copula_Sine",2000,-2,"0.25(log(n))^2",0.02
959,1000,5,"T_Copula_Sine",2000,-2,"0.25(log(n))^2",0.21
960,1000,5,"T_Copula_Sine",2000,-2,"0.25(log(n))^2",0.36
961,1000,5,"T_Copula_Sine",2000,-2,"0.25(log(n))^2",0.72
962,1000,5,"T_Copula_Sine",2000,-2,"0.25(log(n))^2",0.16
963,1000,5,"T_Copula_Sine",2000,-2,"0.25(log(n))^2",0.79
964,1000,5,"T_Copula_Sine",2000,-2,"0.25(log(n))^2",0.82
965,1000,5,"T_Copula_Sine",2000,-2,"0.25(log(n))^2",0.13
966,1000,5,"T_Copula_Sine",2000,-2,"0.25(log(n))^2",0.35
967,1000,5,"T_Copula_Sine",2000,-2,"0.25(log(n))^2",0.35
968,1000,5,"T_Copula_Sine",2000,-2,"0.25(log(n))^2",0.27
969,1000,5,"T_Copula_Sine",2000,-2,"0.25(log(n))^2",0.54
970,1000,5,"T_Copula_Sine",2000,-2,"0.25(log(n))^2",0.37
971,1000,5,"T_Copula_Sine",2000,-2,"0.25(log(n))^2",0.02
972,1000,5,"T_Copula_Sine",2000,-2,"0.25(log(n))^2",0.14
973,1000,5,"T_Copula_Sine",2000,-2,"0.25(log(n))^2",0.08
974,1000,5,"T_Copula_Sine",2000,-2,"0.25(log(n))^2",0.22
975,1000,5,"T_Copula_Sine",2000,-2,"0.25(log(n))^2",0.23
976,1000,5,"T_Copula_Sine",2000,-2,"0.25(log(n))^2",0.31
977,1000,5,"T_Copula_Sine",2000,-2,"0.25(log(n))^2",0.18
978,1000,5,"T_Copula_Sine",2000,-2,"0.25(log(n))^2",0.11
979,1000,5,"T_Copula_Sine",2000,-2,"0.25(log(n))^2",0.41
980,1000,5,"T_Copula_Sine",2000,-2,"0.25(log(n))^2",0.6
981,1000,5,"T_Copula_Sine",2000,-2,"0.25(log(n))^2",0.4
982,1000,5,"T_Copula_Sine",2000,-2,"0.25(log(n))^2",0.77
983,1000,5,"T_Copula_Sine",2000,-2,"0.25(log(n))^2",0.48
984,1000,5,"T_Copula_Sine",2000,-2,"0.25(log(n))^2",0.19
985,1000,5,"T_Copula_Sine",2000,-2,"0.25(log(n))^2",0.72
986,1000,5,"T_Copula_Sine",2000,-2,"0.25(log(n))^2",0.01
987,1000,5,"T_Copula_Sine",2000,-2,"0.25(log(n))^2",0.43
988,1000,5,"T_Copula_Sine",2000,-2,"0.25(log(n))^2",0.04
989,1000,5,"T_Copula_Sine",2000,-2,"0.25(log(n))^2",0.83
990,1000,5,"T_Copula_Sine",2000,-2,"0.25(log(n))^2",0.15
991,1000,5,"T_Copula_Sine",2000,-2,"0.25(log(n))^2",0.63
992,1000,5,"T_Copula_Sine",2000,-2,"0.25(log(n))^2",0.4
993,1000,5,"T_Copula_Sine",2000,-2,"0.25(log(n))^2",0.91
994,1000,5,"T_Copula_Sine",2000,-2,"0.25(log(n))^2",0.19
995,1000,5,"T_Copula_Sine",2000,-2,"0.25(log(n))^2",0.48
996,1000,5,"T_Copula_Sine",2000,-2,"0.25(log(n))^2",0.01
997,1000,5,"T_Copula_Sine",2000,-2,"0.25(log(n))^2",0.71
998,1000,5,"T_Copula_Sine",2000,-2,"0.25(log(n))^2",0.17
999,1000,5,"T_Copula_Sine",2000,-2,"0.25(log(n))^2",0.45
1000,1000,5,"T_Copula_Sine",2000,-2,"0.25(log(n))^2",0.44
1,1000,5,"T_Copula_Sine",2000,-2,"0.1(log(n))^2",0.27
2,1000,5,"T_Copula_Sine",2000,-2,"0.1(log(n))^2",0.41
3,1000,5,"T_Copula_Sine",2000,-2,"0.1(log(n))^2",0.35
4,1000,5,"T_Copula_Sine",2000,-2,"0.1(log(n))^2",0.94
5,1000,5,"T_Copula_Sine",2000,-2,"0.1(log(n))^2",0.17
6,1000,5,"T_Copula_Sine",2000,-2,"0.1(log(n))^2",0.07
7,1000,5,"T_Copula_Sine",2000,-2,"0.1(log(n))^2",0.07
8,1000,5,"T_Copula_Sine",2000,-2,"0.1(log(n))^2",0.12
9,1000,5,"T_Copula_Sine",2000,-2,"0.1(log(n))^2",0.15
10,1000,5,"T_Copula_Sine",2000,-2,"0.1(log(n))^2",0.39
11,1000,5,"T_Copula_Sine",2000,-2,"0.1(log(n))^2",0.16
12,1000,5,"T_Copula_Sine",2000,-2,"0.1(log(n))^2",0.48
13,1000,5,"T_Copula_Sine",2000,-2,"0.1(log(n))^2",0.26
14,1000,5,"T_Copula_Sine",2000,-2,"0.1(log(n))^2",0.08
15,1000,5,"T_Copula_Sine",2000,-2,"0.1(log(n))^2",0.15
16,1000,5,"T_Copula_Sine",2000,-2,"0.1(log(n))^2",0.09
17,1000,5,"T_Copula_Sine",2000,-2,"0.1(log(n))^2",0.09
18,1000,5,"T_Copula_Sine",2000,-2,"0.1(log(n))^2",0.26
19,1000,5,"T_Copula_Sine",2000,-2,"0.1(log(n))^2",0.15
20,1000,5,"T_Copula_Sine",2000,-2,"0.1(log(n))^2",0.01
21,1000,5,"T_Copula_Sine",2000,-2,"0.1(log(n))^2",0.39
22,1000,5,"T_Copula_Sine",2000,-2,"0.1(log(n))^2",0.65
23,1000,5,"T_Copula_Sine",2000,-2,"0.1(log(n))^2",0.08
24,1000,5,"T_Copula_Sine",2000,-2,"0.1(log(n))^2",0.17
25,1000,5,"T_Copula_Sine",2000,-2,"0.1(log(n))^2",0.11
26,1000,5,"T_Copula_Sine",2000,-2,"0.1(log(n))^2",0.26
27,1000,5,"T_Copula_Sine",2000,-2,"0.1(log(n))^2",0.15
28,1000,5,"T_Copula_Sine",2000,-2,"0.1(log(n))^2",0.36
29,1000,5,"T_Copula_Sine",2000,-2,"0.1(log(n))^2",0.08
30,1000,5,"T_Copula_Sine",2000,-2,"0.1(log(n))^2",0.13
31,1000,5,"T_Copula_Sine",2000,-2,"0.1(log(n))^2",0.77
32,1000,5,"T_Copula_Sine",2000,-2,"0.1(log(n))^2",0.02
33,1000,5,"T_Copula_Sine",2000,-2,"0.1(log(n))^2",0.04
34,1000,5,"T_Copula_Sine",2000,-2,"0.1(log(n))^2",0.09
35,1000,5,"T_Copula_Sine",2000,-2,"0.1(log(n))^2",0.17
36,1000,5,"T_Copula_Sine",2000,-2,"0.1(log(n))^2",0.09
37,1000,5,"T_Copula_Sine",2000,-2,"0.1(log(n))^2",0.36
38,1000,5,"T_Copula_Sine",2000,-2,"0.1(log(n))^2",0.5
39,1000,5,"T_Copula_Sine",2000,-2,"0.1(log(n))^2",0.46
40,1000,5,"T_Copula_Sine",2000,-2,"0.1(log(n))^2",0.28
41,1000,5,"T_Copula_Sine",2000,-2,"0.1(log(n))^2",0.01
42,1000,5,"T_Copula_Sine",2000,-2,"0.1(log(n))^2",0.22
43,1000,5,"T_Copula_Sine",2000,-2,"0.1(log(n))^2",0.12
44,1000,5,"T_Copula_Sine",2000,-2,"0.1(log(n))^2",0.1
45,1000,5,"T_Copula_Sine",2000,-2,"0.1(log(n))^2",0.05
46,1000,5,"T_Copula_Sine",2000,-2,"0.1(log(n))^2",0.57
47,1000,5,"T_Copula_Sine",2000,-2,"0.1(log(n))^2",0.75
48,1000,5,"T_Copula_Sine",2000,-2,"0.1(log(n))^2",0.67
49,1000,5,"T_Copula_Sine",2000,-2,"0.1(log(n))^2",0.51
50,1000,5,"T_Copula_Sine",2000,-2,"0.1(log(n))^2",0.07
51,1000,5,"T_Copula_Sine",2000,-2,"0.1(log(n))^2",0.82
52,1000,5,"T_Copula_Sine",2000,-2,"0.1(log(n))^2",0.33
53,1000,5,"T_Copula_Sine",2000,-2,"0.1(log(n))^2",0.13
54,1000,5,"T_Copula_Sine",2000,-2,"0.1(log(n))^2",0.06
55,1000,5,"T_Copula_Sine",2000,-2,"0.1(log(n))^2",0.16
56,1000,5,"T_Copula_Sine",2000,-2,"0.1(log(n))^2",0.3
57,1000,5,"T_Copula_Sine",2000,-2,"0.1(log(n))^2",0.38
58,1000,5,"T_Copula_Sine",2000,-2,"0.1(log(n))^2",0.36
59,1000,5,"T_Copula_Sine",2000,-2,"0.1(log(n))^2",0.66
60,1000,5,"T_Copula_Sine",2000,-2,"0.1(log(n))^2",0.68
61,1000,5,"T_Copula_Sine",2000,-2,"0.1(log(n))^2",0.13
62,1000,5,"T_Copula_Sine",2000,-2,"0.1(log(n))^2",0.24
63,1000,5,"T_Copula_Sine",2000,-2,"0.1(log(n))^2",0.05
64,1000,5,"T_Copula_Sine",2000,-2,"0.1(log(n))^2",0
65,1000,5,"T_Copula_Sine",2000,-2,"0.1(log(n))^2",0.06
66,1000,5,"T_Copula_Sine",2000,-2,"0.1(log(n))^2",0.38
67,1000,5,"T_Copula_Sine",2000,-2,"0.1(log(n))^2",0.62
68,1000,5,"T_Copula_Sine",2000,-2,"0.1(log(n))^2",0.06
69,1000,5,"T_Copula_Sine",2000,-2,"0.1(log(n))^2",0.53
70,1000,5,"T_Copula_Sine",2000,-2,"0.1(log(n))^2",0.7
71,1000,5,"T_Copula_Sine",2000,-2,"0.1(log(n))^2",0.25
72,1000,5,"T_Copula_Sine",2000,-2,"0.1(log(n))^2",0.05
73,1000,5,"T_Copula_Sine",2000,-2,"0.1(log(n))^2",0.3
74,1000,5,"T_Copula_Sine",2000,-2,"0.1(log(n))^2",0.37
75,1000,5,"T_Copula_Sine",2000,-2,"0.1(log(n))^2",0.12
76,1000,5,"T_Copula_Sine",2000,-2,"0.1(log(n))^2",0.57
77,1000,5,"T_Copula_Sine",2000,-2,"0.1(log(n))^2",0.9
78,1000,5,"T_Copula_Sine",2000,-2,"0.1(log(n))^2",0.05
79,1000,5,"T_Copula_Sine",2000,-2,"0.1(log(n))^2",0.13
80,1000,5,"T_Copula_Sine",2000,-2,"0.1(log(n))^2",0.15
81,1000,5,"T_Copula_Sine",2000,-2,"0.1(log(n))^2",0.18
82,1000,5,"T_Copula_Sine",2000,-2,"0.1(log(n))^2",0.1
83,1000,5,"T_Copula_Sine",2000,-2,"0.1(log(n))^2",0.53
84,1000,5,"T_Copula_Sine",2000,-2,"0.1(log(n))^2",0.18
85,1000,5,"T_Copula_Sine",2000,-2,"0.1(log(n))^2",0.11
86,1000,5,"T_Copula_Sine",2000,-2,"0.1(log(n))^2",0.37
87,1000,5,"T_Copula_Sine",2000,-2,"0.1(log(n))^2",0.02
88,1000,5,"T_Copula_Sine",2000,-2,"0.1(log(n))^2",0.23
89,1000,5,"T_Copula_Sine",2000,-2,"0.1(log(n))^2",0.7
90,1000,5,"T_Copula_Sine",2000,-2,"0.1(log(n))^2",0.18
91,1000,5,"T_Copula_Sine",2000,-2,"0.1(log(n))^2",0.34
92,1000,5,"T_Copula_Sine",2000,-2,"0.1(log(n))^2",0.78
93,1000,5,"T_Copula_Sine",2000,-2,"0.1(log(n))^2",0.02
94,1000,5,"T_Copula_Sine",2000,-2,"0.1(log(n))^2",0.04
95,1000,5,"T_Copula_Sine",2000,-2,"0.1(log(n))^2",0.08
96,1000,5,"T_Copula_Sine",2000,-2,"0.1(log(n))^2",0.23
97,1000,5,"T_Copula_Sine",2000,-2,"0.1(log(n))^2",0.04
98,1000,5,"T_Copula_Sine",2000,-2,"0.1(log(n))^2",0.01
99,1000,5,"T_Copula_Sine",2000,-2,"0.1(log(n))^2",0.15
100,1000,5,"T_Copula_Sine",2000,-2,"0.1(log(n))^2",0.74
101,1000,5,"T_Copula_Sine",2000,-2,"0.1(log(n))^2",0.17
102,1000,5,"T_Copula_Sine",2000,-2,"0.1(log(n))^2",0.54
103,1000,5,"T_Copula_Sine",2000,-2,"0.1(log(n))^2",0.75
104,1000,5,"T_Copula_Sine",2000,-2,"0.1(log(n))^2",0.03
105,1000,5,"T_Copula_Sine",2000,-2,"0.1(log(n))^2",0.55
106,1000,5,"T_Copula_Sine",2000,-2,"0.1(log(n))^2",0
107,1000,5,"T_Copula_Sine",2000,-2,"0.1(log(n))^2",0.02
108,1000,5,"T_Copula_Sine",2000,-2,"0.1(log(n))^2",0.31
109,1000,5,"T_Copula_Sine",2000,-2,"0.1(log(n))^2",0.03
110,1000,5,"T_Copula_Sine",2000,-2,"0.1(log(n))^2",0.05
111,1000,5,"T_Copula_Sine",2000,-2,"0.1(log(n))^2",0.05
112,1000,5,"T_Copula_Sine",2000,-2,"0.1(log(n))^2",0.06
113,1000,5,"T_Copula_Sine",2000,-2,"0.1(log(n))^2",0.03
114,1000,5,"T_Copula_Sine",2000,-2,"0.1(log(n))^2",0.25
115,1000,5,"T_Copula_Sine",2000,-2,"0.1(log(n))^2",0.08
116,1000,5,"T_Copula_Sine",2000,-2,"0.1(log(n))^2",0.6
117,1000,5,"T_Copula_Sine",2000,-2,"0.1(log(n))^2",0.32
118,1000,5,"T_Copula_Sine",2000,-2,"0.1(log(n))^2",0.23
119,1000,5,"T_Copula_Sine",2000,-2,"0.1(log(n))^2",0.38
120,1000,5,"T_Copula_Sine",2000,-2,"0.1(log(n))^2",0.18
121,1000,5,"T_Copula_Sine",2000,-2,"0.1(log(n))^2",0.15
122,1000,5,"T_Copula_Sine",2000,-2,"0.1(log(n))^2",0.07
123,1000,5,"T_Copula_Sine",2000,-2,"0.1(log(n))^2",0.44
124,1000,5,"T_Copula_Sine",2000,-2,"0.1(log(n))^2",0.01
125,1000,5,"T_Copula_Sine",2000,-2,"0.1(log(n))^2",0.09
126,1000,5,"T_Copula_Sine",2000,-2,"0.1(log(n))^2",0.1
127,1000,5,"T_Copula_Sine",2000,-2,"0.1(log(n))^2",0.03
128,1000,5,"T_Copula_Sine",2000,-2,"0.1(log(n))^2",0.2
129,1000,5,"T_Copula_Sine",2000,-2,"0.1(log(n))^2",0.04
130,1000,5,"T_Copula_Sine",2000,-2,"0.1(log(n))^2",0.32
131,1000,5,"T_Copula_Sine",2000,-2,"0.1(log(n))^2",0.15
132,1000,5,"T_Copula_Sine",2000,-2,"0.1(log(n))^2",0.69
133,1000,5,"T_Copula_Sine",2000,-2,"0.1(log(n))^2",0.02
134,1000,5,"T_Copula_Sine",2000,-2,"0.1(log(n))^2",0.56
135,1000,5,"T_Copula_Sine",2000,-2,"0.1(log(n))^2",0.5
136,1000,5,"T_Copula_Sine",2000,-2,"0.1(log(n))^2",0.16
137,1000,5,"T_Copula_Sine",2000,-2,"0.1(log(n))^2",0.75
138,1000,5,"T_Copula_Sine",2000,-2,"0.1(log(n))^2",0.24
139,1000,5,"T_Copula_Sine",2000,-2,"0.1(log(n))^2",0
140,1000,5,"T_Copula_Sine",2000,-2,"0.1(log(n))^2",0.23
141,1000,5,"T_Copula_Sine",2000,-2,"0.1(log(n))^2",0.24
142,1000,5,"T_Copula_Sine",2000,-2,"0.1(log(n))^2",0.04
143,1000,5,"T_Copula_Sine",2000,-2,"0.1(log(n))^2",0.1
144,1000,5,"T_Copula_Sine",2000,-2,"0.1(log(n))^2",0.04
145,1000,5,"T_Copula_Sine",2000,-2,"0.1(log(n))^2",0.15
146,1000,5,"T_Copula_Sine",2000,-2,"0.1(log(n))^2",0.1
147,1000,5,"T_Copula_Sine",2000,-2,"0.1(log(n))^2",0.23
148,1000,5,"T_Copula_Sine",2000,-2,"0.1(log(n))^2",0.02
149,1000,5,"T_Copula_Sine",2000,-2,"0.1(log(n))^2",0.18
150,1000,5,"T_Copula_Sine",2000,-2,"0.1(log(n))^2",0
151,1000,5,"T_Copula_Sine",2000,-2,"0.1(log(n))^2",0.42
152,1000,5,"T_Copula_Sine",2000,-2,"0.1(log(n))^2",0.42
153,1000,5,"T_Copula_Sine",2000,-2,"0.1(log(n))^2",0.42
154,1000,5,"T_Copula_Sine",2000,-2,"0.1(log(n))^2",0.2
155,1000,5,"T_Copula_Sine",2000,-2,"0.1(log(n))^2",0.4
156,1000,5,"T_Copula_Sine",2000,-2,"0.1(log(n))^2",0.33
157,1000,5,"T_Copula_Sine",2000,-2,"0.1(log(n))^2",0.15
158,1000,5,"T_Copula_Sine",2000,-2,"0.1(log(n))^2",0.18
159,1000,5,"T_Copula_Sine",2000,-2,"0.1(log(n))^2",0.25
160,1000,5,"T_Copula_Sine",2000,-2,"0.1(log(n))^2",0.04
161,1000,5,"T_Copula_Sine",2000,-2,"0.1(log(n))^2",0.08
162,1000,5,"T_Copula_Sine",2000,-2,"0.1(log(n))^2",0.6
163,1000,5,"T_Copula_Sine",2000,-2,"0.1(log(n))^2",0
164,1000,5,"T_Copula_Sine",2000,-2,"0.1(log(n))^2",0.14
165,1000,5,"T_Copula_Sine",2000,-2,"0.1(log(n))^2",0.31
166,1000,5,"T_Copula_Sine",2000,-2,"0.1(log(n))^2",0.17
167,1000,5,"T_Copula_Sine",2000,-2,"0.1(log(n))^2",0.81
168,1000,5,"T_Copula_Sine",2000,-2,"0.1(log(n))^2",0.05
169,1000,5,"T_Copula_Sine",2000,-2,"0.1(log(n))^2",0.16
170,1000,5,"T_Copula_Sine",2000,-2,"0.1(log(n))^2",0.37
171,1000,5,"T_Copula_Sine",2000,-2,"0.1(log(n))^2",0.74
172,1000,5,"T_Copula_Sine",2000,-2,"0.1(log(n))^2",0.52
173,1000,5,"T_Copula_Sine",2000,-2,"0.1(log(n))^2",0.41
174,1000,5,"T_Copula_Sine",2000,-2,"0.1(log(n))^2",0.31
175,1000,5,"T_Copula_Sine",2000,-2,"0.1(log(n))^2",0.28
176,1000,5,"T_Copula_Sine",2000,-2,"0.1(log(n))^2",0.34
177,1000,5,"T_Copula_Sine",2000,-2,"0.1(log(n))^2",0.24
178,1000,5,"T_Copula_Sine",2000,-2,"0.1(log(n))^2",0.05
179,1000,5,"T_Copula_Sine",2000,-2,"0.1(log(n))^2",0.2
180,1000,5,"T_Copula_Sine",2000,-2,"0.1(log(n))^2",0.15
181,1000,5,"T_Copula_Sine",2000,-2,"0.1(log(n))^2",0.04
182,1000,5,"T_Copula_Sine",2000,-2,"0.1(log(n))^2",0.65
183,1000,5,"T_Copula_Sine",2000,-2,"0.1(log(n))^2",0.19
184,1000,5,"T_Copula_Sine",2000,-2,"0.1(log(n))^2",0.93
185,1000,5,"T_Copula_Sine",2000,-2,"0.1(log(n))^2",0.41
186,1000,5,"T_Copula_Sine",2000,-2,"0.1(log(n))^2",0.11
187,1000,5,"T_Copula_Sine",2000,-2,"0.1(log(n))^2",0.61
188,1000,5,"T_Copula_Sine",2000,-2,"0.1(log(n))^2",0.32
189,1000,5,"T_Copula_Sine",2000,-2,"0.1(log(n))^2",0.74
190,1000,5,"T_Copula_Sine",2000,-2,"0.1(log(n))^2",0.03
191,1000,5,"T_Copula_Sine",2000,-2,"0.1(log(n))^2",0.13
192,1000,5,"T_Copula_Sine",2000,-2,"0.1(log(n))^2",0.21
193,1000,5,"T_Copula_Sine",2000,-2,"0.1(log(n))^2",0.64
194,1000,5,"T_Copula_Sine",2000,-2,"0.1(log(n))^2",0.03
195,1000,5,"T_Copula_Sine",2000,-2,"0.1(log(n))^2",0.28
196,1000,5,"T_Copula_Sine",2000,-2,"0.1(log(n))^2",0.39
197,1000,5,"T_Copula_Sine",2000,-2,"0.1(log(n))^2",0.57
198,1000,5,"T_Copula_Sine",2000,-2,"0.1(log(n))^2",0.26
199,1000,5,"T_Copula_Sine",2000,-2,"0.1(log(n))^2",0.13
200,1000,5,"T_Copula_Sine",2000,-2,"0.1(log(n))^2",0.29
201,1000,5,"T_Copula_Sine",2000,-2,"0.1(log(n))^2",0.01
202,1000,5,"T_Copula_Sine",2000,-2,"0.1(log(n))^2",0.16
203,1000,5,"T_Copula_Sine",2000,-2,"0.1(log(n))^2",0.41
204,1000,5,"T_Copula_Sine",2000,-2,"0.1(log(n))^2",0.68
205,1000,5,"T_Copula_Sine",2000,-2,"0.1(log(n))^2",0.62
206,1000,5,"T_Copula_Sine",2000,-2,"0.1(log(n))^2",0.3
207,1000,5,"T_Copula_Sine",2000,-2,"0.1(log(n))^2",0.2
208,1000,5,"T_Copula_Sine",2000,-2,"0.1(log(n))^2",0.06
209,1000,5,"T_Copula_Sine",2000,-2,"0.1(log(n))^2",0.12
210,1000,5,"T_Copula_Sine",2000,-2,"0.1(log(n))^2",0.36
211,1000,5,"T_Copula_Sine",2000,-2,"0.1(log(n))^2",0.21
212,1000,5,"T_Copula_Sine",2000,-2,"0.1(log(n))^2",0.13
213,1000,5,"T_Copula_Sine",2000,-2,"0.1(log(n))^2",0.08
214,1000,5,"T_Copula_Sine",2000,-2,"0.1(log(n))^2",0.4
215,1000,5,"T_Copula_Sine",2000,-2,"0.1(log(n))^2",0.02
216,1000,5,"T_Copula_Sine",2000,-2,"0.1(log(n))^2",0.24
217,1000,5,"T_Copula_Sine",2000,-2,"0.1(log(n))^2",0.17
218,1000,5,"T_Copula_Sine",2000,-2,"0.1(log(n))^2",0.51
219,1000,5,"T_Copula_Sine",2000,-2,"0.1(log(n))^2",0.42
220,1000,5,"T_Copula_Sine",2000,-2,"0.1(log(n))^2",0.04
221,1000,5,"T_Copula_Sine",2000,-2,"0.1(log(n))^2",0.08
222,1000,5,"T_Copula_Sine",2000,-2,"0.1(log(n))^2",0.51
223,1000,5,"T_Copula_Sine",2000,-2,"0.1(log(n))^2",0.06
224,1000,5,"T_Copula_Sine",2000,-2,"0.1(log(n))^2",0.53
225,1000,5,"T_Copula_Sine",2000,-2,"0.1(log(n))^2",0.58
226,1000,5,"T_Copula_Sine",2000,-2,"0.1(log(n))^2",0.01
227,1000,5,"T_Copula_Sine",2000,-2,"0.1(log(n))^2",0.24
228,1000,5,"T_Copula_Sine",2000,-2,"0.1(log(n))^2",0.22
229,1000,5,"T_Copula_Sine",2000,-2,"0.1(log(n))^2",0.18
230,1000,5,"T_Copula_Sine",2000,-2,"0.1(log(n))^2",0
231,1000,5,"T_Copula_Sine",2000,-2,"0.1(log(n))^2",0.5
232,1000,5,"T_Copula_Sine",2000,-2,"0.1(log(n))^2",0.39
233,1000,5,"T_Copula_Sine",2000,-2,"0.1(log(n))^2",0.82
234,1000,5,"T_Copula_Sine",2000,-2,"0.1(log(n))^2",0.33
235,1000,5,"T_Copula_Sine",2000,-2,"0.1(log(n))^2",0.64
236,1000,5,"T_Copula_Sine",2000,-2,"0.1(log(n))^2",0.57
237,1000,5,"T_Copula_Sine",2000,-2,"0.1(log(n))^2",0.99
238,1000,5,"T_Copula_Sine",2000,-2,"0.1(log(n))^2",0.02
239,1000,5,"T_Copula_Sine",2000,-2,"0.1(log(n))^2",0.62
240,1000,5,"T_Copula_Sine",2000,-2,"0.1(log(n))^2",0.25
241,1000,5,"T_Copula_Sine",2000,-2,"0.1(log(n))^2",0.15
242,1000,5,"T_Copula_Sine",2000,-2,"0.1(log(n))^2",0.2
243,1000,5,"T_Copula_Sine",2000,-2,"0.1(log(n))^2",0.27
244,1000,5,"T_Copula_Sine",2000,-2,"0.1(log(n))^2",0.1
245,1000,5,"T_Copula_Sine",2000,-2,"0.1(log(n))^2",0.08
246,1000,5,"T_Copula_Sine",2000,-2,"0.1(log(n))^2",0.3
247,1000,5,"T_Copula_Sine",2000,-2,"0.1(log(n))^2",0.33
248,1000,5,"T_Copula_Sine",2000,-2,"0.1(log(n))^2",0.11
249,1000,5,"T_Copula_Sine",2000,-2,"0.1(log(n))^2",0.55
250,1000,5,"T_Copula_Sine",2000,-2,"0.1(log(n))^2",0.61
251,1000,5,"T_Copula_Sine",2000,-2,"0.1(log(n))^2",0.08
252,1000,5,"T_Copula_Sine",2000,-2,"0.1(log(n))^2",0.25
253,1000,5,"T_Copula_Sine",2000,-2,"0.1(log(n))^2",0.57
254,1000,5,"T_Copula_Sine",2000,-2,"0.1(log(n))^2",0.25
255,1000,5,"T_Copula_Sine",2000,-2,"0.1(log(n))^2",0.05
256,1000,5,"T_Copula_Sine",2000,-2,"0.1(log(n))^2",0.21
257,1000,5,"T_Copula_Sine",2000,-2,"0.1(log(n))^2",0.17
258,1000,5,"T_Copula_Sine",2000,-2,"0.1(log(n))^2",0.12
259,1000,5,"T_Copula_Sine",2000,-2,"0.1(log(n))^2",0.46
260,1000,5,"T_Copula_Sine",2000,-2,"0.1(log(n))^2",0.41
261,1000,5,"T_Copula_Sine",2000,-2,"0.1(log(n))^2",0.18
262,1000,5,"T_Copula_Sine",2000,-2,"0.1(log(n))^2",0.21
263,1000,5,"T_Copula_Sine",2000,-2,"0.1(log(n))^2",0.26
264,1000,5,"T_Copula_Sine",2000,-2,"0.1(log(n))^2",0.16
265,1000,5,"T_Copula_Sine",2000,-2,"0.1(log(n))^2",0.38
266,1000,5,"T_Copula_Sine",2000,-2,"0.1(log(n))^2",0.23
267,1000,5,"T_Copula_Sine",2000,-2,"0.1(log(n))^2",0.01
268,1000,5,"T_Copula_Sine",2000,-2,"0.1(log(n))^2",0.1
269,1000,5,"T_Copula_Sine",2000,-2,"0.1(log(n))^2",0.21
270,1000,5,"T_Copula_Sine",2000,-2,"0.1(log(n))^2",0.71
271,1000,5,"T_Copula_Sine",2000,-2,"0.1(log(n))^2",0.28
272,1000,5,"T_Copula_Sine",2000,-2,"0.1(log(n))^2",0.28
273,1000,5,"T_Copula_Sine",2000,-2,"0.1(log(n))^2",0.28
274,1000,5,"T_Copula_Sine",2000,-2,"0.1(log(n))^2",0.07
275,1000,5,"T_Copula_Sine",2000,-2,"0.1(log(n))^2",0.55
276,1000,5,"T_Copula_Sine",2000,-2,"0.1(log(n))^2",0.07
277,1000,5,"T_Copula_Sine",2000,-2,"0.1(log(n))^2",0.03
278,1000,5,"T_Copula_Sine",2000,-2,"0.1(log(n))^2",0.12
279,1000,5,"T_Copula_Sine",2000,-2,"0.1(log(n))^2",0.51
280,1000,5,"T_Copula_Sine",2000,-2,"0.1(log(n))^2",0.08
281,1000,5,"T_Copula_Sine",2000,-2,"0.1(log(n))^2",0.67
282,1000,5,"T_Copula_Sine",2000,-2,"0.1(log(n))^2",0.4
283,1000,5,"T_Copula_Sine",2000,-2,"0.1(log(n))^2",0.02
284,1000,5,"T_Copula_Sine",2000,-2,"0.1(log(n))^2",0.79
285,1000,5,"T_Copula_Sine",2000,-2,"0.1(log(n))^2",0.25
286,1000,5,"T_Copula_Sine",2000,-2,"0.1(log(n))^2",0.06
287,1000,5,"T_Copula_Sine",2000,-2,"0.1(log(n))^2",0.14
288,1000,5,"T_Copula_Sine",2000,-2,"0.1(log(n))^2",0.39
289,1000,5,"T_Copula_Sine",2000,-2,"0.1(log(n))^2",0.1
290,1000,5,"T_Copula_Sine",2000,-2,"0.1(log(n))^2",0.9
291,1000,5,"T_Copula_Sine",2000,-2,"0.1(log(n))^2",0.16
292,1000,5,"T_Copula_Sine",2000,-2,"0.1(log(n))^2",0.47
293,1000,5,"T_Copula_Sine",2000,-2,"0.1(log(n))^2",0.69
294,1000,5,"T_Copula_Sine",2000,-2,"0.1(log(n))^2",0.17
295,1000,5,"T_Copula_Sine",2000,-2,"0.1(log(n))^2",0.21
296,1000,5,"T_Copula_Sine",2000,-2,"0.1(log(n))^2",0
297,1000,5,"T_Copula_Sine",2000,-2,"0.1(log(n))^2",0.08
298,1000,5,"T_Copula_Sine",2000,-2,"0.1(log(n))^2",0
299,1000,5,"T_Copula_Sine",2000,-2,"0.1(log(n))^2",0.32
300,1000,5,"T_Copula_Sine",2000,-2,"0.1(log(n))^2",0.73
301,1000,5,"T_Copula_Sine",2000,-2,"0.1(log(n))^2",0.36
302,1000,5,"T_Copula_Sine",2000,-2,"0.1(log(n))^2",0.2
303,1000,5,"T_Copula_Sine",2000,-2,"0.1(log(n))^2",0.07
304,1000,5,"T_Copula_Sine",2000,-2,"0.1(log(n))^2",0.15
305,1000,5,"T_Copula_Sine",2000,-2,"0.1(log(n))^2",0.51
306,1000,5,"T_Copula_Sine",2000,-2,"0.1(log(n))^2",0.3
307,1000,5,"T_Copula_Sine",2000,-2,"0.1(log(n))^2",0.96
308,1000,5,"T_Copula_Sine",2000,-2,"0.1(log(n))^2",0.16
309,1000,5,"T_Copula_Sine",2000,-2,"0.1(log(n))^2",0.02
310,1000,5,"T_Copula_Sine",2000,-2,"0.1(log(n))^2",0.07
311,1000,5,"T_Copula_Sine",2000,-2,"0.1(log(n))^2",0.01
312,1000,5,"T_Copula_Sine",2000,-2,"0.1(log(n))^2",0.42
313,1000,5,"T_Copula_Sine",2000,-2,"0.1(log(n))^2",0.03
314,1000,5,"T_Copula_Sine",2000,-2,"0.1(log(n))^2",0.3
315,1000,5,"T_Copula_Sine",2000,-2,"0.1(log(n))^2",0.2
316,1000,5,"T_Copula_Sine",2000,-2,"0.1(log(n))^2",0.06
317,1000,5,"T_Copula_Sine",2000,-2,"0.1(log(n))^2",0.01
318,1000,5,"T_Copula_Sine",2000,-2,"0.1(log(n))^2",0.16
319,1000,5,"T_Copula_Sine",2000,-2,"0.1(log(n))^2",0.3
320,1000,5,"T_Copula_Sine",2000,-2,"0.1(log(n))^2",0.18
321,1000,5,"T_Copula_Sine",2000,-2,"0.1(log(n))^2",0.47
322,1000,5,"T_Copula_Sine",2000,-2,"0.1(log(n))^2",0.24
323,1000,5,"T_Copula_Sine",2000,-2,"0.1(log(n))^2",0.28
324,1000,5,"T_Copula_Sine",2000,-2,"0.1(log(n))^2",0.01
325,1000,5,"T_Copula_Sine",2000,-2,"0.1(log(n))^2",0
326,1000,5,"T_Copula_Sine",2000,-2,"0.1(log(n))^2",0
327,1000,5,"T_Copula_Sine",2000,-2,"0.1(log(n))^2",0.2
328,1000,5,"T_Copula_Sine",2000,-2,"0.1(log(n))^2",0.1
329,1000,5,"T_Copula_Sine",2000,-2,"0.1(log(n))^2",0.08
330,1000,5,"T_Copula_Sine",2000,-2,"0.1(log(n))^2",0.32
331,1000,5,"T_Copula_Sine",2000,-2,"0.1(log(n))^2",0.13
332,1000,5,"T_Copula_Sine",2000,-2,"0.1(log(n))^2",0.05
333,1000,5,"T_Copula_Sine",2000,-2,"0.1(log(n))^2",0.38
334,1000,5,"T_Copula_Sine",2000,-2,"0.1(log(n))^2",0.11
335,1000,5,"T_Copula_Sine",2000,-2,"0.1(log(n))^2",0.03
336,1000,5,"T_Copula_Sine",2000,-2,"0.1(log(n))^2",0.04
337,1000,5,"T_Copula_Sine",2000,-2,"0.1(log(n))^2",0.3
338,1000,5,"T_Copula_Sine",2000,-2,"0.1(log(n))^2",0.22
339,1000,5,"T_Copula_Sine",2000,-2,"0.1(log(n))^2",0.29
340,1000,5,"T_Copula_Sine",2000,-2,"0.1(log(n))^2",0.51
341,1000,5,"T_Copula_Sine",2000,-2,"0.1(log(n))^2",0.58
342,1000,5,"T_Copula_Sine",2000,-2,"0.1(log(n))^2",0.09
343,1000,5,"T_Copula_Sine",2000,-2,"0.1(log(n))^2",0.14
344,1000,5,"T_Copula_Sine",2000,-2,"0.1(log(n))^2",0.17
345,1000,5,"T_Copula_Sine",2000,-2,"0.1(log(n))^2",0.46
346,1000,5,"T_Copula_Sine",2000,-2,"0.1(log(n))^2",0.23
347,1000,5,"T_Copula_Sine",2000,-2,"0.1(log(n))^2",0.05
348,1000,5,"T_Copula_Sine",2000,-2,"0.1(log(n))^2",0.06
349,1000,5,"T_Copula_Sine",2000,-2,"0.1(log(n))^2",0.22
350,1000,5,"T_Copula_Sine",2000,-2,"0.1(log(n))^2",0.04
351,1000,5,"T_Copula_Sine",2000,-2,"0.1(log(n))^2",0.02
352,1000,5,"T_Copula_Sine",2000,-2,"0.1(log(n))^2",0.73
353,1000,5,"T_Copula_Sine",2000,-2,"0.1(log(n))^2",0.5
354,1000,5,"T_Copula_Sine",2000,-2,"0.1(log(n))^2",0.68
355,1000,5,"T_Copula_Sine",2000,-2,"0.1(log(n))^2",0.13
356,1000,5,"T_Copula_Sine",2000,-2,"0.1(log(n))^2",0.28
357,1000,5,"T_Copula_Sine",2000,-2,"0.1(log(n))^2",0.25
358,1000,5,"T_Copula_Sine",2000,-2,"0.1(log(n))^2",0.08
359,1000,5,"T_Copula_Sine",2000,-2,"0.1(log(n))^2",0.3
360,1000,5,"T_Copula_Sine",2000,-2,"0.1(log(n))^2",0.12
361,1000,5,"T_Copula_Sine",2000,-2,"0.1(log(n))^2",0.05
362,1000,5,"T_Copula_Sine",2000,-2,"0.1(log(n))^2",0
363,1000,5,"T_Copula_Sine",2000,-2,"0.1(log(n))^2",0.14
364,1000,5,"T_Copula_Sine",2000,-2,"0.1(log(n))^2",0.04
365,1000,5,"T_Copula_Sine",2000,-2,"0.1(log(n))^2",0.32
366,1000,5,"T_Copula_Sine",2000,-2,"0.1(log(n))^2",0.05
367,1000,5,"T_Copula_Sine",2000,-2,"0.1(log(n))^2",0.08
368,1000,5,"T_Copula_Sine",2000,-2,"0.1(log(n))^2",0.09
369,1000,5,"T_Copula_Sine",2000,-2,"0.1(log(n))^2",0.2
370,1000,5,"T_Copula_Sine",2000,-2,"0.1(log(n))^2",0.26
371,1000,5,"T_Copula_Sine",2000,-2,"0.1(log(n))^2",0.13
372,1000,5,"T_Copula_Sine",2000,-2,"0.1(log(n))^2",0.5
373,1000,5,"T_Copula_Sine",2000,-2,"0.1(log(n))^2",0.6
374,1000,5,"T_Copula_Sine",2000,-2,"0.1(log(n))^2",0.29
375,1000,5,"T_Copula_Sine",2000,-2,"0.1(log(n))^2",0.43
376,1000,5,"T_Copula_Sine",2000,-2,"0.1(log(n))^2",0.14
377,1000,5,"T_Copula_Sine",2000,-2,"0.1(log(n))^2",0.41
378,1000,5,"T_Copula_Sine",2000,-2,"0.1(log(n))^2",0.37
379,1000,5,"T_Copula_Sine",2000,-2,"0.1(log(n))^2",0.03
380,1000,5,"T_Copula_Sine",2000,-2,"0.1(log(n))^2",0.33
381,1000,5,"T_Copula_Sine",2000,-2,"0.1(log(n))^2",0
382,1000,5,"T_Copula_Sine",2000,-2,"0.1(log(n))^2",0
383,1000,5,"T_Copula_Sine",2000,-2,"0.1(log(n))^2",0.07
384,1000,5,"T_Copula_Sine",2000,-2,"0.1(log(n))^2",0
385,1000,5,"T_Copula_Sine",2000,-2,"0.1(log(n))^2",0.27
386,1000,5,"T_Copula_Sine",2000,-2,"0.1(log(n))^2",0.3
387,1000,5,"T_Copula_Sine",2000,-2,"0.1(log(n))^2",0.56
388,1000,5,"T_Copula_Sine",2000,-2,"0.1(log(n))^2",0.07
389,1000,5,"T_Copula_Sine",2000,-2,"0.1(log(n))^2",0.53
390,1000,5,"T_Copula_Sine",2000,-2,"0.1(log(n))^2",0.18
391,1000,5,"T_Copula_Sine",2000,-2,"0.1(log(n))^2",0.18
392,1000,5,"T_Copula_Sine",2000,-2,"0.1(log(n))^2",0.7
393,1000,5,"T_Copula_Sine",2000,-2,"0.1(log(n))^2",0.24
394,1000,5,"T_Copula_Sine",2000,-2,"0.1(log(n))^2",0.05
395,1000,5,"T_Copula_Sine",2000,-2,"0.1(log(n))^2",0.24
396,1000,5,"T_Copula_Sine",2000,-2,"0.1(log(n))^2",0.31
397,1000,5,"T_Copula_Sine",2000,-2,"0.1(log(n))^2",0.44
398,1000,5,"T_Copula_Sine",2000,-2,"0.1(log(n))^2",0.13
399,1000,5,"T_Copula_Sine",2000,-2,"0.1(log(n))^2",1
400,1000,5,"T_Copula_Sine",2000,-2,"0.1(log(n))^2",0.1
401,1000,5,"T_Copula_Sine",2000,-2,"0.1(log(n))^2",0.18
402,1000,5,"T_Copula_Sine",2000,-2,"0.1(log(n))^2",0.54
403,1000,5,"T_Copula_Sine",2000,-2,"0.1(log(n))^2",0.52
404,1000,5,"T_Copula_Sine",2000,-2,"0.1(log(n))^2",0.61
405,1000,5,"T_Copula_Sine",2000,-2,"0.1(log(n))^2",0.52
406,1000,5,"T_Copula_Sine",2000,-2,"0.1(log(n))^2",0.28
407,1000,5,"T_Copula_Sine",2000,-2,"0.1(log(n))^2",0.75
408,1000,5,"T_Copula_Sine",2000,-2,"0.1(log(n))^2",0.12
409,1000,5,"T_Copula_Sine",2000,-2,"0.1(log(n))^2",0.06
410,1000,5,"T_Copula_Sine",2000,-2,"0.1(log(n))^2",0.84
411,1000,5,"T_Copula_Sine",2000,-2,"0.1(log(n))^2",0.26
412,1000,5,"T_Copula_Sine",2000,-2,"0.1(log(n))^2",0.1
413,1000,5,"T_Copula_Sine",2000,-2,"0.1(log(n))^2",0.17
414,1000,5,"T_Copula_Sine",2000,-2,"0.1(log(n))^2",0.17
415,1000,5,"T_Copula_Sine",2000,-2,"0.1(log(n))^2",0.42
416,1000,5,"T_Copula_Sine",2000,-2,"0.1(log(n))^2",0.17
417,1000,5,"T_Copula_Sine",2000,-2,"0.1(log(n))^2",0.94
418,1000,5,"T_Copula_Sine",2000,-2,"0.1(log(n))^2",0.25
419,1000,5,"T_Copula_Sine",2000,-2,"0.1(log(n))^2",0.5
420,1000,5,"T_Copula_Sine",2000,-2,"0.1(log(n))^2",0.12
421,1000,5,"T_Copula_Sine",2000,-2,"0.1(log(n))^2",0.07
422,1000,5,"T_Copula_Sine",2000,-2,"0.1(log(n))^2",0.03
423,1000,5,"T_Copula_Sine",2000,-2,"0.1(log(n))^2",0.38
424,1000,5,"T_Copula_Sine",2000,-2,"0.1(log(n))^2",0.8
425,1000,5,"T_Copula_Sine",2000,-2,"0.1(log(n))^2",0.15
426,1000,5,"T_Copula_Sine",2000,-2,"0.1(log(n))^2",0.01
427,1000,5,"T_Copula_Sine",2000,-2,"0.1(log(n))^2",0.13
428,1000,5,"T_Copula_Sine",2000,-2,"0.1(log(n))^2",0.16
429,1000,5,"T_Copula_Sine",2000,-2,"0.1(log(n))^2",0.41
430,1000,5,"T_Copula_Sine",2000,-2,"0.1(log(n))^2",0
431,1000,5,"T_Copula_Sine",2000,-2,"0.1(log(n))^2",0.33
432,1000,5,"T_Copula_Sine",2000,-2,"0.1(log(n))^2",0.36
433,1000,5,"T_Copula_Sine",2000,-2,"0.1(log(n))^2",0.17
434,1000,5,"T_Copula_Sine",2000,-2,"0.1(log(n))^2",0.29
435,1000,5,"T_Copula_Sine",2000,-2,"0.1(log(n))^2",0.26
436,1000,5,"T_Copula_Sine",2000,-2,"0.1(log(n))^2",0.62
437,1000,5,"T_Copula_Sine",2000,-2,"0.1(log(n))^2",0
438,1000,5,"T_Copula_Sine",2000,-2,"0.1(log(n))^2",0.23
439,1000,5,"T_Copula_Sine",2000,-2,"0.1(log(n))^2",0.06
440,1000,5,"T_Copula_Sine",2000,-2,"0.1(log(n))^2",0.22
441,1000,5,"T_Copula_Sine",2000,-2,"0.1(log(n))^2",0.11
442,1000,5,"T_Copula_Sine",2000,-2,"0.1(log(n))^2",0.67
443,1000,5,"T_Copula_Sine",2000,-2,"0.1(log(n))^2",0.16
444,1000,5,"T_Copula_Sine",2000,-2,"0.1(log(n))^2",0.31
445,1000,5,"T_Copula_Sine",2000,-2,"0.1(log(n))^2",0.2
446,1000,5,"T_Copula_Sine",2000,-2,"0.1(log(n))^2",0.14
447,1000,5,"T_Copula_Sine",2000,-2,"0.1(log(n))^2",0.76
448,1000,5,"T_Copula_Sine",2000,-2,"0.1(log(n))^2",0.55
449,1000,5,"T_Copula_Sine",2000,-2,"0.1(log(n))^2",0.08
450,1000,5,"T_Copula_Sine",2000,-2,"0.1(log(n))^2",0.05
451,1000,5,"T_Copula_Sine",2000,-2,"0.1(log(n))^2",0.11
452,1000,5,"T_Copula_Sine",2000,-2,"0.1(log(n))^2",0.31
453,1000,5,"T_Copula_Sine",2000,-2,"0.1(log(n))^2",0.18
454,1000,5,"T_Copula_Sine",2000,-2,"0.1(log(n))^2",0.46
455,1000,5,"T_Copula_Sine",2000,-2,"0.1(log(n))^2",0.62
456,1000,5,"T_Copula_Sine",2000,-2,"0.1(log(n))^2",0.05
457,1000,5,"T_Copula_Sine",2000,-2,"0.1(log(n))^2",0.1
458,1000,5,"T_Copula_Sine",2000,-2,"0.1(log(n))^2",0.08
459,1000,5,"T_Copula_Sine",2000,-2,"0.1(log(n))^2",0.49
460,1000,5,"T_Copula_Sine",2000,-2,"0.1(log(n))^2",0.13
461,1000,5,"T_Copula_Sine",2000,-2,"0.1(log(n))^2",0.04
462,1000,5,"T_Copula_Sine",2000,-2,"0.1(log(n))^2",0.56
463,1000,5,"T_Copula_Sine",2000,-2,"0.1(log(n))^2",0.41
464,1000,5,"T_Copula_Sine",2000,-2,"0.1(log(n))^2",0.42
465,1000,5,"T_Copula_Sine",2000,-2,"0.1(log(n))^2",0.64
466,1000,5,"T_Copula_Sine",2000,-2,"0.1(log(n))^2",0.64
467,1000,5,"T_Copula_Sine",2000,-2,"0.1(log(n))^2",0.77
468,1000,5,"T_Copula_Sine",2000,-2,"0.1(log(n))^2",0.1
469,1000,5,"T_Copula_Sine",2000,-2,"0.1(log(n))^2",0.32
470,1000,5,"T_Copula_Sine",2000,-2,"0.1(log(n))^2",0.59
471,1000,5,"T_Copula_Sine",2000,-2,"0.1(log(n))^2",0.06
472,1000,5,"T_Copula_Sine",2000,-2,"0.1(log(n))^2",0.41
473,1000,5,"T_Copula_Sine",2000,-2,"0.1(log(n))^2",0.45
474,1000,5,"T_Copula_Sine",2000,-2,"0.1(log(n))^2",0.19
475,1000,5,"T_Copula_Sine",2000,-2,"0.1(log(n))^2",0.07
476,1000,5,"T_Copula_Sine",2000,-2,"0.1(log(n))^2",0.23
477,1000,5,"T_Copula_Sine",2000,-2,"0.1(log(n))^2",0.51
478,1000,5,"T_Copula_Sine",2000,-2,"0.1(log(n))^2",0.61
479,1000,5,"T_Copula_Sine",2000,-2,"0.1(log(n))^2",0.49
480,1000,5,"T_Copula_Sine",2000,-2,"0.1(log(n))^2",0.07
481,1000,5,"T_Copula_Sine",2000,-2,"0.1(log(n))^2",0.04
482,1000,5,"T_Copula_Sine",2000,-2,"0.1(log(n))^2",0.12
483,1000,5,"T_Copula_Sine",2000,-2,"0.1(log(n))^2",0.22
484,1000,5,"T_Copula_Sine",2000,-2,"0.1(log(n))^2",0.1
485,1000,5,"T_Copula_Sine",2000,-2,"0.1(log(n))^2",0.02
486,1000,5,"T_Copula_Sine",2000,-2,"0.1(log(n))^2",0.46
487,1000,5,"T_Copula_Sine",2000,-2,"0.1(log(n))^2",0.18
488,1000,5,"T_Copula_Sine",2000,-2,"0.1(log(n))^2",0.2
489,1000,5,"T_Copula_Sine",2000,-2,"0.1(log(n))^2",0
490,1000,5,"T_Copula_Sine",2000,-2,"0.1(log(n))^2",0.01
491,1000,5,"T_Copula_Sine",2000,-2,"0.1(log(n))^2",0.1
492,1000,5,"T_Copula_Sine",2000,-2,"0.1(log(n))^2",0.58
493,1000,5,"T_Copula_Sine",2000,-2,"0.1(log(n))^2",0.19
494,1000,5,"T_Copula_Sine",2000,-2,"0.1(log(n))^2",0.09
495,1000,5,"T_Copula_Sine",2000,-2,"0.1(log(n))^2",0.21
496,1000,5,"T_Copula_Sine",2000,-2,"0.1(log(n))^2",0.59
497,1000,5,"T_Copula_Sine",2000,-2,"0.1(log(n))^2",0.18
498,1000,5,"T_Copula_Sine",2000,-2,"0.1(log(n))^2",0.04
499,1000,5,"T_Copula_Sine",2000,-2,"0.1(log(n))^2",0.07
500,1000,5,"T_Copula_Sine",2000,-2,"0.1(log(n))^2",0
501,1000,5,"T_Copula_Sine",2000,-2,"0.1(log(n))^2",0.6
502,1000,5,"T_Copula_Sine",2000,-2,"0.1(log(n))^2",0.09
503,1000,5,"T_Copula_Sine",2000,-2,"0.1(log(n))^2",0.38
504,1000,5,"T_Copula_Sine",2000,-2,"0.1(log(n))^2",0.43
505,1000,5,"T_Copula_Sine",2000,-2,"0.1(log(n))^2",0.13
506,1000,5,"T_Copula_Sine",2000,-2,"0.1(log(n))^2",0.25
507,1000,5,"T_Copula_Sine",2000,-2,"0.1(log(n))^2",0.22
508,1000,5,"T_Copula_Sine",2000,-2,"0.1(log(n))^2",0.42
509,1000,5,"T_Copula_Sine",2000,-2,"0.1(log(n))^2",0.49
510,1000,5,"T_Copula_Sine",2000,-2,"0.1(log(n))^2",0.38
511,1000,5,"T_Copula_Sine",2000,-2,"0.1(log(n))^2",0.4
512,1000,5,"T_Copula_Sine",2000,-2,"0.1(log(n))^2",0.14
513,1000,5,"T_Copula_Sine",2000,-2,"0.1(log(n))^2",0.17
514,1000,5,"T_Copula_Sine",2000,-2,"0.1(log(n))^2",0.01
515,1000,5,"T_Copula_Sine",2000,-2,"0.1(log(n))^2",0.16
516,1000,5,"T_Copula_Sine",2000,-2,"0.1(log(n))^2",0.05
517,1000,5,"T_Copula_Sine",2000,-2,"0.1(log(n))^2",0
518,1000,5,"T_Copula_Sine",2000,-2,"0.1(log(n))^2",0.09
519,1000,5,"T_Copula_Sine",2000,-2,"0.1(log(n))^2",0.03
520,1000,5,"T_Copula_Sine",2000,-2,"0.1(log(n))^2",0.03
521,1000,5,"T_Copula_Sine",2000,-2,"0.1(log(n))^2",0.39
522,1000,5,"T_Copula_Sine",2000,-2,"0.1(log(n))^2",0.28
523,1000,5,"T_Copula_Sine",2000,-2,"0.1(log(n))^2",0.18
524,1000,5,"T_Copula_Sine",2000,-2,"0.1(log(n))^2",0.52
525,1000,5,"T_Copula_Sine",2000,-2,"0.1(log(n))^2",0
526,1000,5,"T_Copula_Sine",2000,-2,"0.1(log(n))^2",0.07
527,1000,5,"T_Copula_Sine",2000,-2,"0.1(log(n))^2",0.28
528,1000,5,"T_Copula_Sine",2000,-2,"0.1(log(n))^2",0.06
529,1000,5,"T_Copula_Sine",2000,-2,"0.1(log(n))^2",0.22
530,1000,5,"T_Copula_Sine",2000,-2,"0.1(log(n))^2",0.14
531,1000,5,"T_Copula_Sine",2000,-2,"0.1(log(n))^2",0.06
532,1000,5,"T_Copula_Sine",2000,-2,"0.1(log(n))^2",0.38
533,1000,5,"T_Copula_Sine",2000,-2,"0.1(log(n))^2",0.42
534,1000,5,"T_Copula_Sine",2000,-2,"0.1(log(n))^2",0.56
535,1000,5,"T_Copula_Sine",2000,-2,"0.1(log(n))^2",0.3
536,1000,5,"T_Copula_Sine",2000,-2,"0.1(log(n))^2",0.09
537,1000,5,"T_Copula_Sine",2000,-2,"0.1(log(n))^2",0.12
538,1000,5,"T_Copula_Sine",2000,-2,"0.1(log(n))^2",0.02
539,1000,5,"T_Copula_Sine",2000,-2,"0.1(log(n))^2",0.11
540,1000,5,"T_Copula_Sine",2000,-2,"0.1(log(n))^2",0.09
541,1000,5,"T_Copula_Sine",2000,-2,"0.1(log(n))^2",0.27
542,1000,5,"T_Copula_Sine",2000,-2,"0.1(log(n))^2",0.03
543,1000,5,"T_Copula_Sine",2000,-2,"0.1(log(n))^2",0.11
544,1000,5,"T_Copula_Sine",2000,-2,"0.1(log(n))^2",0.17
545,1000,5,"T_Copula_Sine",2000,-2,"0.1(log(n))^2",0.24
546,1000,5,"T_Copula_Sine",2000,-2,"0.1(log(n))^2",0.62
547,1000,5,"T_Copula_Sine",2000,-2,"0.1(log(n))^2",0.55
548,1000,5,"T_Copula_Sine",2000,-2,"0.1(log(n))^2",0.52
549,1000,5,"T_Copula_Sine",2000,-2,"0.1(log(n))^2",0.11
550,1000,5,"T_Copula_Sine",2000,-2,"0.1(log(n))^2",0.01
551,1000,5,"T_Copula_Sine",2000,-2,"0.1(log(n))^2",0.38
552,1000,5,"T_Copula_Sine",2000,-2,"0.1(log(n))^2",0.31
553,1000,5,"T_Copula_Sine",2000,-2,"0.1(log(n))^2",0.09
554,1000,5,"T_Copula_Sine",2000,-2,"0.1(log(n))^2",0.11
555,1000,5,"T_Copula_Sine",2000,-2,"0.1(log(n))^2",0.1
556,1000,5,"T_Copula_Sine",2000,-2,"0.1(log(n))^2",0.62
557,1000,5,"T_Copula_Sine",2000,-2,"0.1(log(n))^2",0.41
558,1000,5,"T_Copula_Sine",2000,-2,"0.1(log(n))^2",0.13
559,1000,5,"T_Copula_Sine",2000,-2,"0.1(log(n))^2",0.05
560,1000,5,"T_Copula_Sine",2000,-2,"0.1(log(n))^2",0.25
561,1000,5,"T_Copula_Sine",2000,-2,"0.1(log(n))^2",0.4
562,1000,5,"T_Copula_Sine",2000,-2,"0.1(log(n))^2",0.04
563,1000,5,"T_Copula_Sine",2000,-2,"0.1(log(n))^2",0.04
564,1000,5,"T_Copula_Sine",2000,-2,"0.1(log(n))^2",0.23
565,1000,5,"T_Copula_Sine",2000,-2,"0.1(log(n))^2",0.22
566,1000,5,"T_Copula_Sine",2000,-2,"0.1(log(n))^2",0.31
567,1000,5,"T_Copula_Sine",2000,-2,"0.1(log(n))^2",0.2
568,1000,5,"T_Copula_Sine",2000,-2,"0.1(log(n))^2",0.23
569,1000,5,"T_Copula_Sine",2000,-2,"0.1(log(n))^2",0.08
570,1000,5,"T_Copula_Sine",2000,-2,"0.1(log(n))^2",0.01
571,1000,5,"T_Copula_Sine",2000,-2,"0.1(log(n))^2",0.3
572,1000,5,"T_Copula_Sine",2000,-2,"0.1(log(n))^2",0.57
573,1000,5,"T_Copula_Sine",2000,-2,"0.1(log(n))^2",0.42
574,1000,5,"T_Copula_Sine",2000,-2,"0.1(log(n))^2",0.42
575,1000,5,"T_Copula_Sine",2000,-2,"0.1(log(n))^2",0.09
576,1000,5,"T_Copula_Sine",2000,-2,"0.1(log(n))^2",0.23
577,1000,5,"T_Copula_Sine",2000,-2,"0.1(log(n))^2",0.12
578,1000,5,"T_Copula_Sine",2000,-2,"0.1(log(n))^2",0
579,1000,5,"T_Copula_Sine",2000,-2,"0.1(log(n))^2",0.33
580,1000,5,"T_Copula_Sine",2000,-2,"0.1(log(n))^2",0.21
581,1000,5,"T_Copula_Sine",2000,-2,"0.1(log(n))^2",0.06
582,1000,5,"T_Copula_Sine",2000,-2,"0.1(log(n))^2",0.38
583,1000,5,"T_Copula_Sine",2000,-2,"0.1(log(n))^2",0.31
584,1000,5,"T_Copula_Sine",2000,-2,"0.1(log(n))^2",0.03
585,1000,5,"T_Copula_Sine",2000,-2,"0.1(log(n))^2",0.79
586,1000,5,"T_Copula_Sine",2000,-2,"0.1(log(n))^2",0.45
587,1000,5,"T_Copula_Sine",2000,-2,"0.1(log(n))^2",0.18
588,1000,5,"T_Copula_Sine",2000,-2,"0.1(log(n))^2",0.19
589,1000,5,"T_Copula_Sine",2000,-2,"0.1(log(n))^2",0.2
590,1000,5,"T_Copula_Sine",2000,-2,"0.1(log(n))^2",0.56
591,1000,5,"T_Copula_Sine",2000,-2,"0.1(log(n))^2",0.27
592,1000,5,"T_Copula_Sine",2000,-2,"0.1(log(n))^2",0.21
593,1000,5,"T_Copula_Sine",2000,-2,"0.1(log(n))^2",0.32
594,1000,5,"T_Copula_Sine",2000,-2,"0.1(log(n))^2",0.55
595,1000,5,"T_Copula_Sine",2000,-2,"0.1(log(n))^2",0.11
596,1000,5,"T_Copula_Sine",2000,-2,"0.1(log(n))^2",0.15
597,1000,5,"T_Copula_Sine",2000,-2,"0.1(log(n))^2",0.01
598,1000,5,"T_Copula_Sine",2000,-2,"0.1(log(n))^2",0
599,1000,5,"T_Copula_Sine",2000,-2,"0.1(log(n))^2",0.74
600,1000,5,"T_Copula_Sine",2000,-2,"0.1(log(n))^2",0.21
601,1000,5,"T_Copula_Sine",2000,-2,"0.1(log(n))^2",0.17
602,1000,5,"T_Copula_Sine",2000,-2,"0.1(log(n))^2",0.18
603,1000,5,"T_Copula_Sine",2000,-2,"0.1(log(n))^2",0.46
604,1000,5,"T_Copula_Sine",2000,-2,"0.1(log(n))^2",0.08
605,1000,5,"T_Copula_Sine",2000,-2,"0.1(log(n))^2",0.03
606,1000,5,"T_Copula_Sine",2000,-2,"0.1(log(n))^2",0.23
607,1000,5,"T_Copula_Sine",2000,-2,"0.1(log(n))^2",0.21
608,1000,5,"T_Copula_Sine",2000,-2,"0.1(log(n))^2",0.26
609,1000,5,"T_Copula_Sine",2000,-2,"0.1(log(n))^2",0.07
610,1000,5,"T_Copula_Sine",2000,-2,"0.1(log(n))^2",0.01
611,1000,5,"T_Copula_Sine",2000,-2,"0.1(log(n))^2",0.21
612,1000,5,"T_Copula_Sine",2000,-2,"0.1(log(n))^2",0.08
613,1000,5,"T_Copula_Sine",2000,-2,"0.1(log(n))^2",0.71
614,1000,5,"T_Copula_Sine",2000,-2,"0.1(log(n))^2",0.53
615,1000,5,"T_Copula_Sine",2000,-2,"0.1(log(n))^2",0.25
616,1000,5,"T_Copula_Sine",2000,-2,"0.1(log(n))^2",0.4
617,1000,5,"T_Copula_Sine",2000,-2,"0.1(log(n))^2",0.12
618,1000,5,"T_Copula_Sine",2000,-2,"0.1(log(n))^2",0.28
619,1000,5,"T_Copula_Sine",2000,-2,"0.1(log(n))^2",0.08
620,1000,5,"T_Copula_Sine",2000,-2,"0.1(log(n))^2",0.24
621,1000,5,"T_Copula_Sine",2000,-2,"0.1(log(n))^2",0.23
622,1000,5,"T_Copula_Sine",2000,-2,"0.1(log(n))^2",0.02
623,1000,5,"T_Copula_Sine",2000,-2,"0.1(log(n))^2",0.09
624,1000,5,"T_Copula_Sine",2000,-2,"0.1(log(n))^2",0.01
625,1000,5,"T_Copula_Sine",2000,-2,"0.1(log(n))^2",0.04
626,1000,5,"T_Copula_Sine",2000,-2,"0.1(log(n))^2",0.01
627,1000,5,"T_Copula_Sine",2000,-2,"0.1(log(n))^2",0.23
628,1000,5,"T_Copula_Sine",2000,-2,"0.1(log(n))^2",0.05
629,1000,5,"T_Copula_Sine",2000,-2,"0.1(log(n))^2",0.12
630,1000,5,"T_Copula_Sine",2000,-2,"0.1(log(n))^2",0.17
631,1000,5,"T_Copula_Sine",2000,-2,"0.1(log(n))^2",0.01
632,1000,5,"T_Copula_Sine",2000,-2,"0.1(log(n))^2",0.13
633,1000,5,"T_Copula_Sine",2000,-2,"0.1(log(n))^2",0.28
634,1000,5,"T_Copula_Sine",2000,-2,"0.1(log(n))^2",0.31
635,1000,5,"T_Copula_Sine",2000,-2,"0.1(log(n))^2",0.01
636,1000,5,"T_Copula_Sine",2000,-2,"0.1(log(n))^2",0.6
637,1000,5,"T_Copula_Sine",2000,-2,"0.1(log(n))^2",0.02
638,1000,5,"T_Copula_Sine",2000,-2,"0.1(log(n))^2",0.5
639,1000,5,"T_Copula_Sine",2000,-2,"0.1(log(n))^2",0.31
640,1000,5,"T_Copula_Sine",2000,-2,"0.1(log(n))^2",0.18
641,1000,5,"T_Copula_Sine",2000,-2,"0.1(log(n))^2",0.03
642,1000,5,"T_Copula_Sine",2000,-2,"0.1(log(n))^2",0.13
643,1000,5,"T_Copula_Sine",2000,-2,"0.1(log(n))^2",0.5
644,1000,5,"T_Copula_Sine",2000,-2,"0.1(log(n))^2",0.72
645,1000,5,"T_Copula_Sine",2000,-2,"0.1(log(n))^2",0.12
646,1000,5,"T_Copula_Sine",2000,-2,"0.1(log(n))^2",0.14
647,1000,5,"T_Copula_Sine",2000,-2,"0.1(log(n))^2",0.1
648,1000,5,"T_Copula_Sine",2000,-2,"0.1(log(n))^2",0.44
649,1000,5,"T_Copula_Sine",2000,-2,"0.1(log(n))^2",0.72
650,1000,5,"T_Copula_Sine",2000,-2,"0.1(log(n))^2",0.01
651,1000,5,"T_Copula_Sine",2000,-2,"0.1(log(n))^2",0.46
652,1000,5,"T_Copula_Sine",2000,-2,"0.1(log(n))^2",0.06
653,1000,5,"T_Copula_Sine",2000,-2,"0.1(log(n))^2",0.17
654,1000,5,"T_Copula_Sine",2000,-2,"0.1(log(n))^2",0.06
655,1000,5,"T_Copula_Sine",2000,-2,"0.1(log(n))^2",0.27
656,1000,5,"T_Copula_Sine",2000,-2,"0.1(log(n))^2",0.34
657,1000,5,"T_Copula_Sine",2000,-2,"0.1(log(n))^2",0.55
658,1000,5,"T_Copula_Sine",2000,-2,"0.1(log(n))^2",0.24
659,1000,5,"T_Copula_Sine",2000,-2,"0.1(log(n))^2",0.09
660,1000,5,"T_Copula_Sine",2000,-2,"0.1(log(n))^2",0.14
661,1000,5,"T_Copula_Sine",2000,-2,"0.1(log(n))^2",0.75
662,1000,5,"T_Copula_Sine",2000,-2,"0.1(log(n))^2",0.77
663,1000,5,"T_Copula_Sine",2000,-2,"0.1(log(n))^2",0.05
664,1000,5,"T_Copula_Sine",2000,-2,"0.1(log(n))^2",0
665,1000,5,"T_Copula_Sine",2000,-2,"0.1(log(n))^2",0.38
666,1000,5,"T_Copula_Sine",2000,-2,"0.1(log(n))^2",0.27
667,1000,5,"T_Copula_Sine",2000,-2,"0.1(log(n))^2",0.52
668,1000,5,"T_Copula_Sine",2000,-2,"0.1(log(n))^2",0.47
669,1000,5,"T_Copula_Sine",2000,-2,"0.1(log(n))^2",0.47
670,1000,5,"T_Copula_Sine",2000,-2,"0.1(log(n))^2",0.07
671,1000,5,"T_Copula_Sine",2000,-2,"0.1(log(n))^2",0.11
672,1000,5,"T_Copula_Sine",2000,-2,"0.1(log(n))^2",0.2
673,1000,5,"T_Copula_Sine",2000,-2,"0.1(log(n))^2",0.42
674,1000,5,"T_Copula_Sine",2000,-2,"0.1(log(n))^2",0.79
675,1000,5,"T_Copula_Sine",2000,-2,"0.1(log(n))^2",0.08
676,1000,5,"T_Copula_Sine",2000,-2,"0.1(log(n))^2",0.59
677,1000,5,"T_Copula_Sine",2000,-2,"0.1(log(n))^2",0.85
678,1000,5,"T_Copula_Sine",2000,-2,"0.1(log(n))^2",0.32
679,1000,5,"T_Copula_Sine",2000,-2,"0.1(log(n))^2",0.39
680,1000,5,"T_Copula_Sine",2000,-2,"0.1(log(n))^2",0.45
681,1000,5,"T_Copula_Sine",2000,-2,"0.1(log(n))^2",0
682,1000,5,"T_Copula_Sine",2000,-2,"0.1(log(n))^2",0.14
683,1000,5,"T_Copula_Sine",2000,-2,"0.1(log(n))^2",0.01
684,1000,5,"T_Copula_Sine",2000,-2,"0.1(log(n))^2",0.37
685,1000,5,"T_Copula_Sine",2000,-2,"0.1(log(n))^2",0.14
686,1000,5,"T_Copula_Sine",2000,-2,"0.1(log(n))^2",0.14
687,1000,5,"T_Copula_Sine",2000,-2,"0.1(log(n))^2",0.19
688,1000,5,"T_Copula_Sine",2000,-2,"0.1(log(n))^2",0.38
689,1000,5,"T_Copula_Sine",2000,-2,"0.1(log(n))^2",0.28
690,1000,5,"T_Copula_Sine",2000,-2,"0.1(log(n))^2",0.09
691,1000,5,"T_Copula_Sine",2000,-2,"0.1(log(n))^2",0.27
692,1000,5,"T_Copula_Sine",2000,-2,"0.1(log(n))^2",0.16
693,1000,5,"T_Copula_Sine",2000,-2,"0.1(log(n))^2",0.01
694,1000,5,"T_Copula_Sine",2000,-2,"0.1(log(n))^2",0.01
695,1000,5,"T_Copula_Sine",2000,-2,"0.1(log(n))^2",0.28
696,1000,5,"T_Copula_Sine",2000,-2,"0.1(log(n))^2",0.17
697,1000,5,"T_Copula_Sine",2000,-2,"0.1(log(n))^2",0.07
698,1000,5,"T_Copula_Sine",2000,-2,"0.1(log(n))^2",0.24
699,1000,5,"T_Copula_Sine",2000,-2,"0.1(log(n))^2",0.07
700,1000,5,"T_Copula_Sine",2000,-2,"0.1(log(n))^2",0.19
701,1000,5,"T_Copula_Sine",2000,-2,"0.1(log(n))^2",0.29
702,1000,5,"T_Copula_Sine",2000,-2,"0.1(log(n))^2",0.41
703,1000,5,"T_Copula_Sine",2000,-2,"0.1(log(n))^2",0.17
704,1000,5,"T_Copula_Sine",2000,-2,"0.1(log(n))^2",0.03
705,1000,5,"T_Copula_Sine",2000,-2,"0.1(log(n))^2",0.2
706,1000,5,"T_Copula_Sine",2000,-2,"0.1(log(n))^2",0.19
707,1000,5,"T_Copula_Sine",2000,-2,"0.1(log(n))^2",0.03
708,1000,5,"T_Copula_Sine",2000,-2,"0.1(log(n))^2",0.82
709,1000,5,"T_Copula_Sine",2000,-2,"0.1(log(n))^2",0.26
710,1000,5,"T_Copula_Sine",2000,-2,"0.1(log(n))^2",0.01
711,1000,5,"T_Copula_Sine",2000,-2,"0.1(log(n))^2",0.74
712,1000,5,"T_Copula_Sine",2000,-2,"0.1(log(n))^2",0.8
713,1000,5,"T_Copula_Sine",2000,-2,"0.1(log(n))^2",0.29
714,1000,5,"T_Copula_Sine",2000,-2,"0.1(log(n))^2",0.05
715,1000,5,"T_Copula_Sine",2000,-2,"0.1(log(n))^2",0.01
716,1000,5,"T_Copula_Sine",2000,-2,"0.1(log(n))^2",0.04
717,1000,5,"T_Copula_Sine",2000,-2,"0.1(log(n))^2",0.8
718,1000,5,"T_Copula_Sine",2000,-2,"0.1(log(n))^2",0.13
719,1000,5,"T_Copula_Sine",2000,-2,"0.1(log(n))^2",0.49
720,1000,5,"T_Copula_Sine",2000,-2,"0.1(log(n))^2",0.06
721,1000,5,"T_Copula_Sine",2000,-2,"0.1(log(n))^2",0.96
722,1000,5,"T_Copula_Sine",2000,-2,"0.1(log(n))^2",0
723,1000,5,"T_Copula_Sine",2000,-2,"0.1(log(n))^2",0.41
724,1000,5,"T_Copula_Sine",2000,-2,"0.1(log(n))^2",0.14
725,1000,5,"T_Copula_Sine",2000,-2,"0.1(log(n))^2",0.21
726,1000,5,"T_Copula_Sine",2000,-2,"0.1(log(n))^2",0.28
727,1000,5,"T_Copula_Sine",2000,-2,"0.1(log(n))^2",0.14
728,1000,5,"T_Copula_Sine",2000,-2,"0.1(log(n))^2",0.16
729,1000,5,"T_Copula_Sine",2000,-2,"0.1(log(n))^2",0.65
730,1000,5,"T_Copula_Sine",2000,-2,"0.1(log(n))^2",0.06
731,1000,5,"T_Copula_Sine",2000,-2,"0.1(log(n))^2",0.26
732,1000,5,"T_Copula_Sine",2000,-2,"0.1(log(n))^2",0.41
733,1000,5,"T_Copula_Sine",2000,-2,"0.1(log(n))^2",0.49
734,1000,5,"T_Copula_Sine",2000,-2,"0.1(log(n))^2",0.44
735,1000,5,"T_Copula_Sine",2000,-2,"0.1(log(n))^2",0.2
736,1000,5,"T_Copula_Sine",2000,-2,"0.1(log(n))^2",0.05
737,1000,5,"T_Copula_Sine",2000,-2,"0.1(log(n))^2",0.21
738,1000,5,"T_Copula_Sine",2000,-2,"0.1(log(n))^2",0.33
739,1000,5,"T_Copula_Sine",2000,-2,"0.1(log(n))^2",0.71
740,1000,5,"T_Copula_Sine",2000,-2,"0.1(log(n))^2",0.21
741,1000,5,"T_Copula_Sine",2000,-2,"0.1(log(n))^2",0.28
742,1000,5,"T_Copula_Sine",2000,-2,"0.1(log(n))^2",0.42
743,1000,5,"T_Copula_Sine",2000,-2,"0.1(log(n))^2",0.34
744,1000,5,"T_Copula_Sine",2000,-2,"0.1(log(n))^2",0.08
745,1000,5,"T_Copula_Sine",2000,-2,"0.1(log(n))^2",0.05
746,1000,5,"T_Copula_Sine",2000,-2,"0.1(log(n))^2",0.25
747,1000,5,"T_Copula_Sine",2000,-2,"0.1(log(n))^2",0.58
748,1000,5,"T_Copula_Sine",2000,-2,"0.1(log(n))^2",0.03
749,1000,5,"T_Copula_Sine",2000,-2,"0.1(log(n))^2",0.02
750,1000,5,"T_Copula_Sine",2000,-2,"0.1(log(n))^2",0.42
751,1000,5,"T_Copula_Sine",2000,-2,"0.1(log(n))^2",0.03
752,1000,5,"T_Copula_Sine",2000,-2,"0.1(log(n))^2",0.39
753,1000,5,"T_Copula_Sine",2000,-2,"0.1(log(n))^2",0.08
754,1000,5,"T_Copula_Sine",2000,-2,"0.1(log(n))^2",0.13
755,1000,5,"T_Copula_Sine",2000,-2,"0.1(log(n))^2",0.63
756,1000,5,"T_Copula_Sine",2000,-2,"0.1(log(n))^2",0.63
757,1000,5,"T_Copula_Sine",2000,-2,"0.1(log(n))^2",0.08
758,1000,5,"T_Copula_Sine",2000,-2,"0.1(log(n))^2",0.16
759,1000,5,"T_Copula_Sine",2000,-2,"0.1(log(n))^2",0.13
760,1000,5,"T_Copula_Sine",2000,-2,"0.1(log(n))^2",0.58
761,1000,5,"T_Copula_Sine",2000,-2,"0.1(log(n))^2",0.14
762,1000,5,"T_Copula_Sine",2000,-2,"0.1(log(n))^2",0.02
763,1000,5,"T_Copula_Sine",2000,-2,"0.1(log(n))^2",0.11
764,1000,5,"T_Copula_Sine",2000,-2,"0.1(log(n))^2",0.07
765,1000,5,"T_Copula_Sine",2000,-2,"0.1(log(n))^2",0.44
766,1000,5,"T_Copula_Sine",2000,-2,"0.1(log(n))^2",0.36
767,1000,5,"T_Copula_Sine",2000,-2,"0.1(log(n))^2",0.16
768,1000,5,"T_Copula_Sine",2000,-2,"0.1(log(n))^2",0.04
769,1000,5,"T_Copula_Sine",2000,-2,"0.1(log(n))^2",0.79
770,1000,5,"T_Copula_Sine",2000,-2,"0.1(log(n))^2",0.11
771,1000,5,"T_Copula_Sine",2000,-2,"0.1(log(n))^2",0.29
772,1000,5,"T_Copula_Sine",2000,-2,"0.1(log(n))^2",0.44
773,1000,5,"T_Copula_Sine",2000,-2,"0.1(log(n))^2",0.02
774,1000,5,"T_Copula_Sine",2000,-2,"0.1(log(n))^2",0.03
775,1000,5,"T_Copula_Sine",2000,-2,"0.1(log(n))^2",0.65
776,1000,5,"T_Copula_Sine",2000,-2,"0.1(log(n))^2",0
777,1000,5,"T_Copula_Sine",2000,-2,"0.1(log(n))^2",0.1
778,1000,5,"T_Copula_Sine",2000,-2,"0.1(log(n))^2",0.41
779,1000,5,"T_Copula_Sine",2000,-2,"0.1(log(n))^2",0.17
780,1000,5,"T_Copula_Sine",2000,-2,"0.1(log(n))^2",0.46
781,1000,5,"T_Copula_Sine",2000,-2,"0.1(log(n))^2",0.64
782,1000,5,"T_Copula_Sine",2000,-2,"0.1(log(n))^2",0.82
783,1000,5,"T_Copula_Sine",2000,-2,"0.1(log(n))^2",0.05
784,1000,5,"T_Copula_Sine",2000,-2,"0.1(log(n))^2",0.17
785,1000,5,"T_Copula_Sine",2000,-2,"0.1(log(n))^2",0.56
786,1000,5,"T_Copula_Sine",2000,-2,"0.1(log(n))^2",0.27
787,1000,5,"T_Copula_Sine",2000,-2,"0.1(log(n))^2",0
788,1000,5,"T_Copula_Sine",2000,-2,"0.1(log(n))^2",0.11
789,1000,5,"T_Copula_Sine",2000,-2,"0.1(log(n))^2",0.21
790,1000,5,"T_Copula_Sine",2000,-2,"0.1(log(n))^2",0.07
791,1000,5,"T_Copula_Sine",2000,-2,"0.1(log(n))^2",0.14
792,1000,5,"T_Copula_Sine",2000,-2,"0.1(log(n))^2",0.2
793,1000,5,"T_Copula_Sine",2000,-2,"0.1(log(n))^2",0.81
794,1000,5,"T_Copula_Sine",2000,-2,"0.1(log(n))^2",0.04
795,1000,5,"T_Copula_Sine",2000,-2,"0.1(log(n))^2",0.01
796,1000,5,"T_Copula_Sine",2000,-2,"0.1(log(n))^2",0.01
797,1000,5,"T_Copula_Sine",2000,-2,"0.1(log(n))^2",0.02
798,1000,5,"T_Copula_Sine",2000,-2,"0.1(log(n))^2",0.11
799,1000,5,"T_Copula_Sine",2000,-2,"0.1(log(n))^2",0
800,1000,5,"T_Copula_Sine",2000,-2,"0.1(log(n))^2",0.21
801,1000,5,"T_Copula_Sine",2000,-2,"0.1(log(n))^2",0.13
802,1000,5,"T_Copula_Sine",2000,-2,"0.1(log(n))^2",0.68
803,1000,5,"T_Copula_Sine",2000,-2,"0.1(log(n))^2",0.43
804,1000,5,"T_Copula_Sine",2000,-2,"0.1(log(n))^2",0.33
805,1000,5,"T_Copula_Sine",2000,-2,"0.1(log(n))^2",0.81
806,1000,5,"T_Copula_Sine",2000,-2,"0.1(log(n))^2",0.68
807,1000,5,"T_Copula_Sine",2000,-2,"0.1(log(n))^2",0.3
808,1000,5,"T_Copula_Sine",2000,-2,"0.1(log(n))^2",0.29
809,1000,5,"T_Copula_Sine",2000,-2,"0.1(log(n))^2",0.45
810,1000,5,"T_Copula_Sine",2000,-2,"0.1(log(n))^2",0.42
811,1000,5,"T_Copula_Sine",2000,-2,"0.1(log(n))^2",0.65
812,1000,5,"T_Copula_Sine",2000,-2,"0.1(log(n))^2",0.25
813,1000,5,"T_Copula_Sine",2000,-2,"0.1(log(n))^2",0.47
814,1000,5,"T_Copula_Sine",2000,-2,"0.1(log(n))^2",0.02
815,1000,5,"T_Copula_Sine",2000,-2,"0.1(log(n))^2",0.36
816,1000,5,"T_Copula_Sine",2000,-2,"0.1(log(n))^2",0.09
817,1000,5,"T_Copula_Sine",2000,-2,"0.1(log(n))^2",0.19
818,1000,5,"T_Copula_Sine",2000,-2,"0.1(log(n))^2",0.11
819,1000,5,"T_Copula_Sine",2000,-2,"0.1(log(n))^2",0.36
820,1000,5,"T_Copula_Sine",2000,-2,"0.1(log(n))^2",0.04
821,1000,5,"T_Copula_Sine",2000,-2,"0.1(log(n))^2",0.56
822,1000,5,"T_Copula_Sine",2000,-2,"0.1(log(n))^2",0.46
823,1000,5,"T_Copula_Sine",2000,-2,"0.1(log(n))^2",0.84
824,1000,5,"T_Copula_Sine",2000,-2,"0.1(log(n))^2",0.59
825,1000,5,"T_Copula_Sine",2000,-2,"0.1(log(n))^2",0.33
826,1000,5,"T_Copula_Sine",2000,-2,"0.1(log(n))^2",0.25
827,1000,5,"T_Copula_Sine",2000,-2,"0.1(log(n))^2",0.01
828,1000,5,"T_Copula_Sine",2000,-2,"0.1(log(n))^2",0.57
829,1000,5,"T_Copula_Sine",2000,-2,"0.1(log(n))^2",0.42
830,1000,5,"T_Copula_Sine",2000,-2,"0.1(log(n))^2",0.79
831,1000,5,"T_Copula_Sine",2000,-2,"0.1(log(n))^2",0.47
832,1000,5,"T_Copula_Sine",2000,-2,"0.1(log(n))^2",0.1
833,1000,5,"T_Copula_Sine",2000,-2,"0.1(log(n))^2",0.07
834,1000,5,"T_Copula_Sine",2000,-2,"0.1(log(n))^2",0.19
835,1000,5,"T_Copula_Sine",2000,-2,"0.1(log(n))^2",0.11
836,1000,5,"T_Copula_Sine",2000,-2,"0.1(log(n))^2",0.4
837,1000,5,"T_Copula_Sine",2000,-2,"0.1(log(n))^2",0.27
838,1000,5,"T_Copula_Sine",2000,-2,"0.1(log(n))^2",0.07
839,1000,5,"T_Copula_Sine",2000,-2,"0.1(log(n))^2",0.1
840,1000,5,"T_Copula_Sine",2000,-2,"0.1(log(n))^2",0.74
841,1000,5,"T_Copula_Sine",2000,-2,"0.1(log(n))^2",0.29
842,1000,5,"T_Copula_Sine",2000,-2,"0.1(log(n))^2",0.38
843,1000,5,"T_Copula_Sine",2000,-2,"0.1(log(n))^2",0
844,1000,5,"T_Copula_Sine",2000,-2,"0.1(log(n))^2",0.13
845,1000,5,"T_Copula_Sine",2000,-2,"0.1(log(n))^2",0.35
846,1000,5,"T_Copula_Sine",2000,-2,"0.1(log(n))^2",0.02
847,1000,5,"T_Copula_Sine",2000,-2,"0.1(log(n))^2",0.02
848,1000,5,"T_Copula_Sine",2000,-2,"0.1(log(n))^2",0.67
849,1000,5,"T_Copula_Sine",2000,-2,"0.1(log(n))^2",0.16
850,1000,5,"T_Copula_Sine",2000,-2,"0.1(log(n))^2",0.23
851,1000,5,"T_Copula_Sine",2000,-2,"0.1(log(n))^2",0.12
852,1000,5,"T_Copula_Sine",2000,-2,"0.1(log(n))^2",0.21
853,1000,5,"T_Copula_Sine",2000,-2,"0.1(log(n))^2",0.39
854,1000,5,"T_Copula_Sine",2000,-2,"0.1(log(n))^2",0.89
855,1000,5,"T_Copula_Sine",2000,-2,"0.1(log(n))^2",0.37
856,1000,5,"T_Copula_Sine",2000,-2,"0.1(log(n))^2",0.05
857,1000,5,"T_Copula_Sine",2000,-2,"0.1(log(n))^2",0.21
858,1000,5,"T_Copula_Sine",2000,-2,"0.1(log(n))^2",0.52
859,1000,5,"T_Copula_Sine",2000,-2,"0.1(log(n))^2",0.56
860,1000,5,"T_Copula_Sine",2000,-2,"0.1(log(n))^2",0.32
861,1000,5,"T_Copula_Sine",2000,-2,"0.1(log(n))^2",0.51
862,1000,5,"T_Copula_Sine",2000,-2,"0.1(log(n))^2",0.26
863,1000,5,"T_Copula_Sine",2000,-2,"0.1(log(n))^2",0.84
864,1000,5,"T_Copula_Sine",2000,-2,"0.1(log(n))^2",0.42
865,1000,5,"T_Copula_Sine",2000,-2,"0.1(log(n))^2",0.34
866,1000,5,"T_Copula_Sine",2000,-2,"0.1(log(n))^2",0.02
867,1000,5,"T_Copula_Sine",2000,-2,"0.1(log(n))^2",0.15
868,1000,5,"T_Copula_Sine",2000,-2,"0.1(log(n))^2",0.35
869,1000,5,"T_Copula_Sine",2000,-2,"0.1(log(n))^2",0.22
870,1000,5,"T_Copula_Sine",2000,-2,"0.1(log(n))^2",0.15
871,1000,5,"T_Copula_Sine",2000,-2,"0.1(log(n))^2",0.12
872,1000,5,"T_Copula_Sine",2000,-2,"0.1(log(n))^2",0.05
873,1000,5,"T_Copula_Sine",2000,-2,"0.1(log(n))^2",0.36
874,1000,5,"T_Copula_Sine",2000,-2,"0.1(log(n))^2",0.22
875,1000,5,"T_Copula_Sine",2000,-2,"0.1(log(n))^2",0.03
876,1000,5,"T_Copula_Sine",2000,-2,"0.1(log(n))^2",0.03
877,1000,5,"T_Copula_Sine",2000,-2,"0.1(log(n))^2",0.05
878,1000,5,"T_Copula_Sine",2000,-2,"0.1(log(n))^2",0.29
879,1000,5,"T_Copula_Sine",2000,-2,"0.1(log(n))^2",0.05
880,1000,5,"T_Copula_Sine",2000,-2,"0.1(log(n))^2",0.52
881,1000,5,"T_Copula_Sine",2000,-2,"0.1(log(n))^2",0.03
882,1000,5,"T_Copula_Sine",2000,-2,"0.1(log(n))^2",0.24
883,1000,5,"T_Copula_Sine",2000,-2,"0.1(log(n))^2",0.44
884,1000,5,"T_Copula_Sine",2000,-2,"0.1(log(n))^2",0
885,1000,5,"T_Copula_Sine",2000,-2,"0.1(log(n))^2",0.09
886,1000,5,"T_Copula_Sine",2000,-2,"0.1(log(n))^2",0.36
887,1000,5,"T_Copula_Sine",2000,-2,"0.1(log(n))^2",0.01
888,1000,5,"T_Copula_Sine",2000,-2,"0.1(log(n))^2",0.07
889,1000,5,"T_Copula_Sine",2000,-2,"0.1(log(n))^2",0.02
890,1000,5,"T_Copula_Sine",2000,-2,"0.1(log(n))^2",0.74
891,1000,5,"T_Copula_Sine",2000,-2,"0.1(log(n))^2",0.07
892,1000,5,"T_Copula_Sine",2000,-2,"0.1(log(n))^2",0.11
893,1000,5,"T_Copula_Sine",2000,-2,"0.1(log(n))^2",0.26
894,1000,5,"T_Copula_Sine",2000,-2,"0.1(log(n))^2",0
895,1000,5,"T_Copula_Sine",2000,-2,"0.1(log(n))^2",0.19
896,1000,5,"T_Copula_Sine",2000,-2,"0.1(log(n))^2",0.48
897,1000,5,"T_Copula_Sine",2000,-2,"0.1(log(n))^2",0.05
898,1000,5,"T_Copula_Sine",2000,-2,"0.1(log(n))^2",0.25
899,1000,5,"T_Copula_Sine",2000,-2,"0.1(log(n))^2",0
900,1000,5,"T_Copula_Sine",2000,-2,"0.1(log(n))^2",0.08
901,1000,5,"T_Copula_Sine",2000,-2,"0.1(log(n))^2",0.11
902,1000,5,"T_Copula_Sine",2000,-2,"0.1(log(n))^2",0
903,1000,5,"T_Copula_Sine",2000,-2,"0.1(log(n))^2",0.57
904,1000,5,"T_Copula_Sine",2000,-2,"0.1(log(n))^2",0.64
905,1000,5,"T_Copula_Sine",2000,-2,"0.1(log(n))^2",0.54
906,1000,5,"T_Copula_Sine",2000,-2,"0.1(log(n))^2",0.09
907,1000,5,"T_Copula_Sine",2000,-2,"0.1(log(n))^2",0.45
908,1000,5,"T_Copula_Sine",2000,-2,"0.1(log(n))^2",0.12
909,1000,5,"T_Copula_Sine",2000,-2,"0.1(log(n))^2",0.31
910,1000,5,"T_Copula_Sine",2000,-2,"0.1(log(n))^2",0.13
911,1000,5,"T_Copula_Sine",2000,-2,"0.1(log(n))^2",0.66
912,1000,5,"T_Copula_Sine",2000,-2,"0.1(log(n))^2",0.62
913,1000,5,"T_Copula_Sine",2000,-2,"0.1(log(n))^2",0.22
914,1000,5,"T_Copula_Sine",2000,-2,"0.1(log(n))^2",0.05
915,1000,5,"T_Copula_Sine",2000,-2,"0.1(log(n))^2",0.06
916,1000,5,"T_Copula_Sine",2000,-2,"0.1(log(n))^2",0.06
917,1000,5,"T_Copula_Sine",2000,-2,"0.1(log(n))^2",0.46
918,1000,5,"T_Copula_Sine",2000,-2,"0.1(log(n))^2",0
919,1000,5,"T_Copula_Sine",2000,-2,"0.1(log(n))^2",0.12
920,1000,5,"T_Copula_Sine",2000,-2,"0.1(log(n))^2",0.47
921,1000,5,"T_Copula_Sine",2000,-2,"0.1(log(n))^2",0.46
922,1000,5,"T_Copula_Sine",2000,-2,"0.1(log(n))^2",0.88
923,1000,5,"T_Copula_Sine",2000,-2,"0.1(log(n))^2",0.24
924,1000,5,"T_Copula_Sine",2000,-2,"0.1(log(n))^2",0.02
925,1000,5,"T_Copula_Sine",2000,-2,"0.1(log(n))^2",0.24
926,1000,5,"T_Copula_Sine",2000,-2,"0.1(log(n))^2",0.04
927,1000,5,"T_Copula_Sine",2000,-2,"0.1(log(n))^2",0.29
928,1000,5,"T_Copula_Sine",2000,-2,"0.1(log(n))^2",0.03
929,1000,5,"T_Copula_Sine",2000,-2,"0.1(log(n))^2",0.47
930,1000,5,"T_Copula_Sine",2000,-2,"0.1(log(n))^2",0.01
931,1000,5,"T_Copula_Sine",2000,-2,"0.1(log(n))^2",0.24
932,1000,5,"T_Copula_Sine",2000,-2,"0.1(log(n))^2",0.3
933,1000,5,"T_Copula_Sine",2000,-2,"0.1(log(n))^2",0.1
934,1000,5,"T_Copula_Sine",2000,-2,"0.1(log(n))^2",0.03
935,1000,5,"T_Copula_Sine",2000,-2,"0.1(log(n))^2",0.08
936,1000,5,"T_Copula_Sine",2000,-2,"0.1(log(n))^2",0.21
937,1000,5,"T_Copula_Sine",2000,-2,"0.1(log(n))^2",0.43
938,1000,5,"T_Copula_Sine",2000,-2,"0.1(log(n))^2",0.62
939,1000,5,"T_Copula_Sine",2000,-2,"0.1(log(n))^2",0.33
940,1000,5,"T_Copula_Sine",2000,-2,"0.1(log(n))^2",0.44
941,1000,5,"T_Copula_Sine",2000,-2,"0.1(log(n))^2",0.14
942,1000,5,"T_Copula_Sine",2000,-2,"0.1(log(n))^2",0.41
943,1000,5,"T_Copula_Sine",2000,-2,"0.1(log(n))^2",0.05
944,1000,5,"T_Copula_Sine",2000,-2,"0.1(log(n))^2",0.44
945,1000,5,"T_Copula_Sine",2000,-2,"0.1(log(n))^2",0.48
946,1000,5,"T_Copula_Sine",2000,-2,"0.1(log(n))^2",0.93
947,1000,5,"T_Copula_Sine",2000,-2,"0.1(log(n))^2",0.13
948,1000,5,"T_Copula_Sine",2000,-2,"0.1(log(n))^2",0.84
949,1000,5,"T_Copula_Sine",2000,-2,"0.1(log(n))^2",0.15
950,1000,5,"T_Copula_Sine",2000,-2,"0.1(log(n))^2",0.15
951,1000,5,"T_Copula_Sine",2000,-2,"0.1(log(n))^2",0.02
952,1000,5,"T_Copula_Sine",2000,-2,"0.1(log(n))^2",0.88
953,1000,5,"T_Copula_Sine",2000,-2,"0.1(log(n))^2",0.15
954,1000,5,"T_Copula_Sine",2000,-2,"0.1(log(n))^2",0.26
955,1000,5,"T_Copula_Sine",2000,-2,"0.1(log(n))^2",0.33
956,1000,5,"T_Copula_Sine",2000,-2,"0.1(log(n))^2",0.43
957,1000,5,"T_Copula_Sine",2000,-2,"0.1(log(n))^2",0.22
958,1000,5,"T_Copula_Sine",2000,-2,"0.1(log(n))^2",0
959,1000,5,"T_Copula_Sine",2000,-2,"0.1(log(n))^2",0.06
960,1000,5,"T_Copula_Sine",2000,-2,"0.1(log(n))^2",0.09
961,1000,5,"T_Copula_Sine",2000,-2,"0.1(log(n))^2",0.3
962,1000,5,"T_Copula_Sine",2000,-2,"0.1(log(n))^2",0.11
963,1000,5,"T_Copula_Sine",2000,-2,"0.1(log(n))^2",0.53
964,1000,5,"T_Copula_Sine",2000,-2,"0.1(log(n))^2",0.07
965,1000,5,"T_Copula_Sine",2000,-2,"0.1(log(n))^2",0
966,1000,5,"T_Copula_Sine",2000,-2,"0.1(log(n))^2",0.22
967,1000,5,"T_Copula_Sine",2000,-2,"0.1(log(n))^2",0.18
968,1000,5,"T_Copula_Sine",2000,-2,"0.1(log(n))^2",0.56
969,1000,5,"T_Copula_Sine",2000,-2,"0.1(log(n))^2",0.28
970,1000,5,"T_Copula_Sine",2000,-2,"0.1(log(n))^2",0.3
971,1000,5,"T_Copula_Sine",2000,-2,"0.1(log(n))^2",0.63
972,1000,5,"T_Copula_Sine",2000,-2,"0.1(log(n))^2",0.16
973,1000,5,"T_Copula_Sine",2000,-2,"0.1(log(n))^2",0.12
974,1000,5,"T_Copula_Sine",2000,-2,"0.1(log(n))^2",0.24
975,1000,5,"T_Copula_Sine",2000,-2,"0.1(log(n))^2",0.04
976,1000,5,"T_Copula_Sine",2000,-2,"0.1(log(n))^2",0.21
977,1000,5,"T_Copula_Sine",2000,-2,"0.1(log(n))^2",0.05
978,1000,5,"T_Copula_Sine",2000,-2,"0.1(log(n))^2",0.17
979,1000,5,"T_Copula_Sine",2000,-2,"0.1(log(n))^2",0.06
980,1000,5,"T_Copula_Sine",2000,-2,"0.1(log(n))^2",0
981,1000,5,"T_Copula_Sine",2000,-2,"0.1(log(n))^2",0.25
982,1000,5,"T_Copula_Sine",2000,-2,"0.1(log(n))^2",0.07
983,1000,5,"T_Copula_Sine",2000,-2,"0.1(log(n))^2",0.09
984,1000,5,"T_Copula_Sine",2000,-2,"0.1(log(n))^2",0.21
985,1000,5,"T_Copula_Sine",2000,-2,"0.1(log(n))^2",0.15
986,1000,5,"T_Copula_Sine",2000,-2,"0.1(log(n))^2",0.09
987,1000,5,"T_Copula_Sine",2000,-2,"0.1(log(n))^2",0.04
988,1000,5,"T_Copula_Sine",2000,-2,"0.1(log(n))^2",0.7
989,1000,5,"T_Copula_Sine",2000,-2,"0.1(log(n))^2",0.94
990,1000,5,"T_Copula_Sine",2000,-2,"0.1(log(n))^2",0.04
991,1000,5,"T_Copula_Sine",2000,-2,"0.1(log(n))^2",0.02
992,1000,5,"T_Copula_Sine",2000,-2,"0.1(log(n))^2",0.61
993,1000,5,"T_Copula_Sine",2000,-2,"0.1(log(n))^2",0
994,1000,5,"T_Copula_Sine",2000,-2,"0.1(log(n))^2",0.27
995,1000,5,"T_Copula_Sine",2000,-2,"0.1(log(n))^2",0.55
996,1000,5,"T_Copula_Sine",2000,-2,"0.1(log(n))^2",0.11
997,1000,5,"T_Copula_Sine",2000,-2,"0.1(log(n))^2",0
998,1000,5,"T_Copula_Sine",2000,-2,"0.1(log(n))^2",0.54
999,1000,5,"T_Copula_Sine",2000,-2,"0.1(log(n))^2",0.08
1000,1000,5,"T_Copula_Sine",2000,-2,"0.1(log(n))^2",0.27
