"iteration","level","d","dgp_name","n_values","tau","L_n_type","stat"
1,1000,5,"T_Copula",2000,-1.5,"1(log(n))^2",0.31
2,1000,5,"T_Copula",2000,-1.5,"1(log(n))^2",0.01
3,1000,5,"T_Copula",2000,-1.5,"1(log(n))^2",0.98
4,1000,5,"T_Copula",2000,-1.5,"1(log(n))^2",0.18
5,1000,5,"T_Copula",2000,-1.5,"1(log(n))^2",0.68
6,1000,5,"T_Copula",2000,-1.5,"1(log(n))^2",0.95
7,1000,5,"T_Copula",2000,-1.5,"1(log(n))^2",0.3
8,1000,5,"T_Copula",2000,-1.5,"1(log(n))^2",0.62
9,1000,5,"T_Copula",2000,-1.5,"1(log(n))^2",0.92
10,1000,5,"T_Copula",2000,-1.5,"1(log(n))^2",0.25
11,1000,5,"T_Copula",2000,-1.5,"1(log(n))^2",0.88
12,1000,5,"T_Copula",2000,-1.5,"1(log(n))^2",0.88
13,1000,5,"T_Copula",2000,-1.5,"1(log(n))^2",0.94
14,1000,5,"T_Copula",2000,-1.5,"1(log(n))^2",0.13
15,1000,5,"T_Copula",2000,-1.5,"1(log(n))^2",1
16,1000,5,"T_Copula",2000,-1.5,"1(log(n))^2",0.72
17,1000,5,"T_Copula",2000,-1.5,"1(log(n))^2",0.46
18,1000,5,"T_Copula",2000,-1.5,"1(log(n))^2",0.88
19,1000,5,"T_Copula",2000,-1.5,"1(log(n))^2",0.43
20,1000,5,"T_Copula",2000,-1.5,"1(log(n))^2",0.95
21,1000,5,"T_Copula",2000,-1.5,"1(log(n))^2",0.97
22,1000,5,"T_Copula",2000,-1.5,"1(log(n))^2",0.68
23,1000,5,"T_Copula",2000,-1.5,"1(log(n))^2",0.72
24,1000,5,"T_Copula",2000,-1.5,"1(log(n))^2",0.12
25,1000,5,"T_Copula",2000,-1.5,"1(log(n))^2",0.9
26,1000,5,"T_Copula",2000,-1.5,"1(log(n))^2",0.47
27,1000,5,"T_Copula",2000,-1.5,"1(log(n))^2",0.87
28,1000,5,"T_Copula",2000,-1.5,"1(log(n))^2",0.48
29,1000,5,"T_Copula",2000,-1.5,"1(log(n))^2",0.92
30,1000,5,"T_Copula",2000,-1.5,"1(log(n))^2",0.59
31,1000,5,"T_Copula",2000,-1.5,"1(log(n))^2",0.71
32,1000,5,"T_Copula",2000,-1.5,"1(log(n))^2",0.32
33,1000,5,"T_Copula",2000,-1.5,"1(log(n))^2",0.98
34,1000,5,"T_Copula",2000,-1.5,"1(log(n))^2",0.65
35,1000,5,"T_Copula",2000,-1.5,"1(log(n))^2",0.64
36,1000,5,"T_Copula",2000,-1.5,"1(log(n))^2",0.9
37,1000,5,"T_Copula",2000,-1.5,"1(log(n))^2",0.99
38,1000,5,"T_Copula",2000,-1.5,"1(log(n))^2",1
39,1000,5,"T_Copula",2000,-1.5,"1(log(n))^2",0.84
40,1000,5,"T_Copula",2000,-1.5,"1(log(n))^2",0.54
41,1000,5,"T_Copula",2000,-1.5,"1(log(n))^2",0.87
42,1000,5,"T_Copula",2000,-1.5,"1(log(n))^2",0.85
43,1000,5,"T_Copula",2000,-1.5,"1(log(n))^2",0.3
44,1000,5,"T_Copula",2000,-1.5,"1(log(n))^2",0.56
45,1000,5,"T_Copula",2000,-1.5,"1(log(n))^2",0.55
46,1000,5,"T_Copula",2000,-1.5,"1(log(n))^2",0.46
47,1000,5,"T_Copula",2000,-1.5,"1(log(n))^2",0.29
48,1000,5,"T_Copula",2000,-1.5,"1(log(n))^2",0.56
49,1000,5,"T_Copula",2000,-1.5,"1(log(n))^2",0.34
50,1000,5,"T_Copula",2000,-1.5,"1(log(n))^2",0.09
51,1000,5,"T_Copula",2000,-1.5,"1(log(n))^2",0.21
52,1000,5,"T_Copula",2000,-1.5,"1(log(n))^2",0.78
53,1000,5,"T_Copula",2000,-1.5,"1(log(n))^2",0.58
54,1000,5,"T_Copula",2000,-1.5,"1(log(n))^2",0.71
55,1000,5,"T_Copula",2000,-1.5,"1(log(n))^2",0.14
56,1000,5,"T_Copula",2000,-1.5,"1(log(n))^2",0.71
57,1000,5,"T_Copula",2000,-1.5,"1(log(n))^2",0.85
58,1000,5,"T_Copula",2000,-1.5,"1(log(n))^2",0.63
59,1000,5,"T_Copula",2000,-1.5,"1(log(n))^2",1
60,1000,5,"T_Copula",2000,-1.5,"1(log(n))^2",0.61
61,1000,5,"T_Copula",2000,-1.5,"1(log(n))^2",0.87
62,1000,5,"T_Copula",2000,-1.5,"1(log(n))^2",0.67
63,1000,5,"T_Copula",2000,-1.5,"1(log(n))^2",0.45
64,1000,5,"T_Copula",2000,-1.5,"1(log(n))^2",0.85
65,1000,5,"T_Copula",2000,-1.5,"1(log(n))^2",0.74
66,1000,5,"T_Copula",2000,-1.5,"1(log(n))^2",0.75
67,1000,5,"T_Copula",2000,-1.5,"1(log(n))^2",1
68,1000,5,"T_Copula",2000,-1.5,"1(log(n))^2",0.96
69,1000,5,"T_Copula",2000,-1.5,"1(log(n))^2",0.68
70,1000,5,"T_Copula",2000,-1.5,"1(log(n))^2",0.66
71,1000,5,"T_Copula",2000,-1.5,"1(log(n))^2",0.93
72,1000,5,"T_Copula",2000,-1.5,"1(log(n))^2",0.22
73,1000,5,"T_Copula",2000,-1.5,"1(log(n))^2",0.89
74,1000,5,"T_Copula",2000,-1.5,"1(log(n))^2",0.78
75,1000,5,"T_Copula",2000,-1.5,"1(log(n))^2",0.65
76,1000,5,"T_Copula",2000,-1.5,"1(log(n))^2",0.11
77,1000,5,"T_Copula",2000,-1.5,"1(log(n))^2",0.92
78,1000,5,"T_Copula",2000,-1.5,"1(log(n))^2",0.83
79,1000,5,"T_Copula",2000,-1.5,"1(log(n))^2",0.48
80,1000,5,"T_Copula",2000,-1.5,"1(log(n))^2",0.54
81,1000,5,"T_Copula",2000,-1.5,"1(log(n))^2",1
82,1000,5,"T_Copula",2000,-1.5,"1(log(n))^2",0.52
83,1000,5,"T_Copula",2000,-1.5,"1(log(n))^2",0.5
84,1000,5,"T_Copula",2000,-1.5,"1(log(n))^2",0.57
85,1000,5,"T_Copula",2000,-1.5,"1(log(n))^2",0.2
86,1000,5,"T_Copula",2000,-1.5,"1(log(n))^2",0.61
87,1000,5,"T_Copula",2000,-1.5,"1(log(n))^2",1
88,1000,5,"T_Copula",2000,-1.5,"1(log(n))^2",0.28
89,1000,5,"T_Copula",2000,-1.5,"1(log(n))^2",0.92
90,1000,5,"T_Copula",2000,-1.5,"1(log(n))^2",0.42
91,1000,5,"T_Copula",2000,-1.5,"1(log(n))^2",0.98
92,1000,5,"T_Copula",2000,-1.5,"1(log(n))^2",0.68
93,1000,5,"T_Copula",2000,-1.5,"1(log(n))^2",0.35
94,1000,5,"T_Copula",2000,-1.5,"1(log(n))^2",0.94
95,1000,5,"T_Copula",2000,-1.5,"1(log(n))^2",1
96,1000,5,"T_Copula",2000,-1.5,"1(log(n))^2",0.73
97,1000,5,"T_Copula",2000,-1.5,"1(log(n))^2",0.98
98,1000,5,"T_Copula",2000,-1.5,"1(log(n))^2",0.25
99,1000,5,"T_Copula",2000,-1.5,"1(log(n))^2",0.48
100,1000,5,"T_Copula",2000,-1.5,"1(log(n))^2",0.96
101,1000,5,"T_Copula",2000,-1.5,"1(log(n))^2",0.89
102,1000,5,"T_Copula",2000,-1.5,"1(log(n))^2",0.05
103,1000,5,"T_Copula",2000,-1.5,"1(log(n))^2",0.98
104,1000,5,"T_Copula",2000,-1.5,"1(log(n))^2",0.81
105,1000,5,"T_Copula",2000,-1.5,"1(log(n))^2",0.98
106,1000,5,"T_Copula",2000,-1.5,"1(log(n))^2",0.92
107,1000,5,"T_Copula",2000,-1.5,"1(log(n))^2",0.36
108,1000,5,"T_Copula",2000,-1.5,"1(log(n))^2",1
109,1000,5,"T_Copula",2000,-1.5,"1(log(n))^2",0.32
110,1000,5,"T_Copula",2000,-1.5,"1(log(n))^2",0.7
111,1000,5,"T_Copula",2000,-1.5,"1(log(n))^2",0.58
112,1000,5,"T_Copula",2000,-1.5,"1(log(n))^2",0.88
113,1000,5,"T_Copula",2000,-1.5,"1(log(n))^2",0.52
114,1000,5,"T_Copula",2000,-1.5,"1(log(n))^2",0.06
115,1000,5,"T_Copula",2000,-1.5,"1(log(n))^2",0.48
116,1000,5,"T_Copula",2000,-1.5,"1(log(n))^2",0.81
117,1000,5,"T_Copula",2000,-1.5,"1(log(n))^2",0.56
118,1000,5,"T_Copula",2000,-1.5,"1(log(n))^2",0.92
119,1000,5,"T_Copula",2000,-1.5,"1(log(n))^2",0.33
120,1000,5,"T_Copula",2000,-1.5,"1(log(n))^2",0.7
121,1000,5,"T_Copula",2000,-1.5,"1(log(n))^2",0.93
122,1000,5,"T_Copula",2000,-1.5,"1(log(n))^2",0.75
123,1000,5,"T_Copula",2000,-1.5,"1(log(n))^2",0.99
124,1000,5,"T_Copula",2000,-1.5,"1(log(n))^2",0.98
125,1000,5,"T_Copula",2000,-1.5,"1(log(n))^2",0.87
126,1000,5,"T_Copula",2000,-1.5,"1(log(n))^2",0
127,1000,5,"T_Copula",2000,-1.5,"1(log(n))^2",0.63
128,1000,5,"T_Copula",2000,-1.5,"1(log(n))^2",0.45
129,1000,5,"T_Copula",2000,-1.5,"1(log(n))^2",0.57
130,1000,5,"T_Copula",2000,-1.5,"1(log(n))^2",0.99
131,1000,5,"T_Copula",2000,-1.5,"1(log(n))^2",0.71
132,1000,5,"T_Copula",2000,-1.5,"1(log(n))^2",0.9
133,1000,5,"T_Copula",2000,-1.5,"1(log(n))^2",0.82
134,1000,5,"T_Copula",2000,-1.5,"1(log(n))^2",0.34
135,1000,5,"T_Copula",2000,-1.5,"1(log(n))^2",0.33
136,1000,5,"T_Copula",2000,-1.5,"1(log(n))^2",0.7
137,1000,5,"T_Copula",2000,-1.5,"1(log(n))^2",0.9
138,1000,5,"T_Copula",2000,-1.5,"1(log(n))^2",0.45
139,1000,5,"T_Copula",2000,-1.5,"1(log(n))^2",0.7
140,1000,5,"T_Copula",2000,-1.5,"1(log(n))^2",0.08
141,1000,5,"T_Copula",2000,-1.5,"1(log(n))^2",0.39
142,1000,5,"T_Copula",2000,-1.5,"1(log(n))^2",0.93
143,1000,5,"T_Copula",2000,-1.5,"1(log(n))^2",0.65
144,1000,5,"T_Copula",2000,-1.5,"1(log(n))^2",0.38
145,1000,5,"T_Copula",2000,-1.5,"1(log(n))^2",0.69
146,1000,5,"T_Copula",2000,-1.5,"1(log(n))^2",0.81
147,1000,5,"T_Copula",2000,-1.5,"1(log(n))^2",0.68
148,1000,5,"T_Copula",2000,-1.5,"1(log(n))^2",0.85
149,1000,5,"T_Copula",2000,-1.5,"1(log(n))^2",0.61
150,1000,5,"T_Copula",2000,-1.5,"1(log(n))^2",0.86
151,1000,5,"T_Copula",2000,-1.5,"1(log(n))^2",0.9
152,1000,5,"T_Copula",2000,-1.5,"1(log(n))^2",0.76
153,1000,5,"T_Copula",2000,-1.5,"1(log(n))^2",0.06
154,1000,5,"T_Copula",2000,-1.5,"1(log(n))^2",0.55
155,1000,5,"T_Copula",2000,-1.5,"1(log(n))^2",0.54
156,1000,5,"T_Copula",2000,-1.5,"1(log(n))^2",0.29
157,1000,5,"T_Copula",2000,-1.5,"1(log(n))^2",0.66
158,1000,5,"T_Copula",2000,-1.5,"1(log(n))^2",0.01
159,1000,5,"T_Copula",2000,-1.5,"1(log(n))^2",0.55
160,1000,5,"T_Copula",2000,-1.5,"1(log(n))^2",0.27
161,1000,5,"T_Copula",2000,-1.5,"1(log(n))^2",0.96
162,1000,5,"T_Copula",2000,-1.5,"1(log(n))^2",0.75
163,1000,5,"T_Copula",2000,-1.5,"1(log(n))^2",0.88
164,1000,5,"T_Copula",2000,-1.5,"1(log(n))^2",0.63
165,1000,5,"T_Copula",2000,-1.5,"1(log(n))^2",0.25
166,1000,5,"T_Copula",2000,-1.5,"1(log(n))^2",0.77
167,1000,5,"T_Copula",2000,-1.5,"1(log(n))^2",0.71
168,1000,5,"T_Copula",2000,-1.5,"1(log(n))^2",0.81
169,1000,5,"T_Copula",2000,-1.5,"1(log(n))^2",0.55
170,1000,5,"T_Copula",2000,-1.5,"1(log(n))^2",0.62
171,1000,5,"T_Copula",2000,-1.5,"1(log(n))^2",0.86
172,1000,5,"T_Copula",2000,-1.5,"1(log(n))^2",0.14
173,1000,5,"T_Copula",2000,-1.5,"1(log(n))^2",1
174,1000,5,"T_Copula",2000,-1.5,"1(log(n))^2",0.4
175,1000,5,"T_Copula",2000,-1.5,"1(log(n))^2",0.96
176,1000,5,"T_Copula",2000,-1.5,"1(log(n))^2",0.93
177,1000,5,"T_Copula",2000,-1.5,"1(log(n))^2",0.37
178,1000,5,"T_Copula",2000,-1.5,"1(log(n))^2",0.82
179,1000,5,"T_Copula",2000,-1.5,"1(log(n))^2",0.24
180,1000,5,"T_Copula",2000,-1.5,"1(log(n))^2",0.64
181,1000,5,"T_Copula",2000,-1.5,"1(log(n))^2",0.61
182,1000,5,"T_Copula",2000,-1.5,"1(log(n))^2",0.76
183,1000,5,"T_Copula",2000,-1.5,"1(log(n))^2",0.56
184,1000,5,"T_Copula",2000,-1.5,"1(log(n))^2",0.98
185,1000,5,"T_Copula",2000,-1.5,"1(log(n))^2",0.9
186,1000,5,"T_Copula",2000,-1.5,"1(log(n))^2",0.98
187,1000,5,"T_Copula",2000,-1.5,"1(log(n))^2",0.09
188,1000,5,"T_Copula",2000,-1.5,"1(log(n))^2",0.78
189,1000,5,"T_Copula",2000,-1.5,"1(log(n))^2",0.81
190,1000,5,"T_Copula",2000,-1.5,"1(log(n))^2",0.69
191,1000,5,"T_Copula",2000,-1.5,"1(log(n))^2",0.6
192,1000,5,"T_Copula",2000,-1.5,"1(log(n))^2",0.78
193,1000,5,"T_Copula",2000,-1.5,"1(log(n))^2",0.9
194,1000,5,"T_Copula",2000,-1.5,"1(log(n))^2",0.52
195,1000,5,"T_Copula",2000,-1.5,"1(log(n))^2",0.98
196,1000,5,"T_Copula",2000,-1.5,"1(log(n))^2",0.24
197,1000,5,"T_Copula",2000,-1.5,"1(log(n))^2",0.76
198,1000,5,"T_Copula",2000,-1.5,"1(log(n))^2",0.96
199,1000,5,"T_Copula",2000,-1.5,"1(log(n))^2",0.66
200,1000,5,"T_Copula",2000,-1.5,"1(log(n))^2",0.3
201,1000,5,"T_Copula",2000,-1.5,"1(log(n))^2",0.61
202,1000,5,"T_Copula",2000,-1.5,"1(log(n))^2",0
203,1000,5,"T_Copula",2000,-1.5,"1(log(n))^2",0.02
204,1000,5,"T_Copula",2000,-1.5,"1(log(n))^2",0.25
205,1000,5,"T_Copula",2000,-1.5,"1(log(n))^2",0.75
206,1000,5,"T_Copula",2000,-1.5,"1(log(n))^2",0.18
207,1000,5,"T_Copula",2000,-1.5,"1(log(n))^2",0.36
208,1000,5,"T_Copula",2000,-1.5,"1(log(n))^2",0.53
209,1000,5,"T_Copula",2000,-1.5,"1(log(n))^2",0.35
210,1000,5,"T_Copula",2000,-1.5,"1(log(n))^2",0.78
211,1000,5,"T_Copula",2000,-1.5,"1(log(n))^2",1
212,1000,5,"T_Copula",2000,-1.5,"1(log(n))^2",0.14
213,1000,5,"T_Copula",2000,-1.5,"1(log(n))^2",0.29
214,1000,5,"T_Copula",2000,-1.5,"1(log(n))^2",0.83
215,1000,5,"T_Copula",2000,-1.5,"1(log(n))^2",0.62
216,1000,5,"T_Copula",2000,-1.5,"1(log(n))^2",0.53
217,1000,5,"T_Copula",2000,-1.5,"1(log(n))^2",0.66
218,1000,5,"T_Copula",2000,-1.5,"1(log(n))^2",0.6
219,1000,5,"T_Copula",2000,-1.5,"1(log(n))^2",0.53
220,1000,5,"T_Copula",2000,-1.5,"1(log(n))^2",0.37
221,1000,5,"T_Copula",2000,-1.5,"1(log(n))^2",0.81
222,1000,5,"T_Copula",2000,-1.5,"1(log(n))^2",0.59
223,1000,5,"T_Copula",2000,-1.5,"1(log(n))^2",0.9
224,1000,5,"T_Copula",2000,-1.5,"1(log(n))^2",0.48
225,1000,5,"T_Copula",2000,-1.5,"1(log(n))^2",0.31
226,1000,5,"T_Copula",2000,-1.5,"1(log(n))^2",0.69
227,1000,5,"T_Copula",2000,-1.5,"1(log(n))^2",0.03
228,1000,5,"T_Copula",2000,-1.5,"1(log(n))^2",0.42
229,1000,5,"T_Copula",2000,-1.5,"1(log(n))^2",0.2
230,1000,5,"T_Copula",2000,-1.5,"1(log(n))^2",0.26
231,1000,5,"T_Copula",2000,-1.5,"1(log(n))^2",0.95
232,1000,5,"T_Copula",2000,-1.5,"1(log(n))^2",0.89
233,1000,5,"T_Copula",2000,-1.5,"1(log(n))^2",0.08
234,1000,5,"T_Copula",2000,-1.5,"1(log(n))^2",0.23
235,1000,5,"T_Copula",2000,-1.5,"1(log(n))^2",0.51
236,1000,5,"T_Copula",2000,-1.5,"1(log(n))^2",0.73
237,1000,5,"T_Copula",2000,-1.5,"1(log(n))^2",0.63
238,1000,5,"T_Copula",2000,-1.5,"1(log(n))^2",0.07
239,1000,5,"T_Copula",2000,-1.5,"1(log(n))^2",0.56
240,1000,5,"T_Copula",2000,-1.5,"1(log(n))^2",0.97
241,1000,5,"T_Copula",2000,-1.5,"1(log(n))^2",0.66
242,1000,5,"T_Copula",2000,-1.5,"1(log(n))^2",0.89
243,1000,5,"T_Copula",2000,-1.5,"1(log(n))^2",0.69
244,1000,5,"T_Copula",2000,-1.5,"1(log(n))^2",0.36
245,1000,5,"T_Copula",2000,-1.5,"1(log(n))^2",0.4
246,1000,5,"T_Copula",2000,-1.5,"1(log(n))^2",0.91
247,1000,5,"T_Copula",2000,-1.5,"1(log(n))^2",0.57
248,1000,5,"T_Copula",2000,-1.5,"1(log(n))^2",0.88
249,1000,5,"T_Copula",2000,-1.5,"1(log(n))^2",0.42
250,1000,5,"T_Copula",2000,-1.5,"1(log(n))^2",0.8
251,1000,5,"T_Copula",2000,-1.5,"1(log(n))^2",0.9
252,1000,5,"T_Copula",2000,-1.5,"1(log(n))^2",0.33
253,1000,5,"T_Copula",2000,-1.5,"1(log(n))^2",0.85
254,1000,5,"T_Copula",2000,-1.5,"1(log(n))^2",0.36
255,1000,5,"T_Copula",2000,-1.5,"1(log(n))^2",0.94
256,1000,5,"T_Copula",2000,-1.5,"1(log(n))^2",0.81
257,1000,5,"T_Copula",2000,-1.5,"1(log(n))^2",0.77
258,1000,5,"T_Copula",2000,-1.5,"1(log(n))^2",0.8
259,1000,5,"T_Copula",2000,-1.5,"1(log(n))^2",0.51
260,1000,5,"T_Copula",2000,-1.5,"1(log(n))^2",0.03
261,1000,5,"T_Copula",2000,-1.5,"1(log(n))^2",0.96
262,1000,5,"T_Copula",2000,-1.5,"1(log(n))^2",0.44
263,1000,5,"T_Copula",2000,-1.5,"1(log(n))^2",0.14
264,1000,5,"T_Copula",2000,-1.5,"1(log(n))^2",0.69
265,1000,5,"T_Copula",2000,-1.5,"1(log(n))^2",0.27
266,1000,5,"T_Copula",2000,-1.5,"1(log(n))^2",0.76
267,1000,5,"T_Copula",2000,-1.5,"1(log(n))^2",0.41
268,1000,5,"T_Copula",2000,-1.5,"1(log(n))^2",0.44
269,1000,5,"T_Copula",2000,-1.5,"1(log(n))^2",0.24
270,1000,5,"T_Copula",2000,-1.5,"1(log(n))^2",0.87
271,1000,5,"T_Copula",2000,-1.5,"1(log(n))^2",0.27
272,1000,5,"T_Copula",2000,-1.5,"1(log(n))^2",0.74
273,1000,5,"T_Copula",2000,-1.5,"1(log(n))^2",0.66
274,1000,5,"T_Copula",2000,-1.5,"1(log(n))^2",0.25
275,1000,5,"T_Copula",2000,-1.5,"1(log(n))^2",0.67
276,1000,5,"T_Copula",2000,-1.5,"1(log(n))^2",0.58
277,1000,5,"T_Copula",2000,-1.5,"1(log(n))^2",0.5
278,1000,5,"T_Copula",2000,-1.5,"1(log(n))^2",0.58
279,1000,5,"T_Copula",2000,-1.5,"1(log(n))^2",0.87
280,1000,5,"T_Copula",2000,-1.5,"1(log(n))^2",0.85
281,1000,5,"T_Copula",2000,-1.5,"1(log(n))^2",0.99
282,1000,5,"T_Copula",2000,-1.5,"1(log(n))^2",0.8
283,1000,5,"T_Copula",2000,-1.5,"1(log(n))^2",0.73
284,1000,5,"T_Copula",2000,-1.5,"1(log(n))^2",0.33
285,1000,5,"T_Copula",2000,-1.5,"1(log(n))^2",0.93
286,1000,5,"T_Copula",2000,-1.5,"1(log(n))^2",0.25
287,1000,5,"T_Copula",2000,-1.5,"1(log(n))^2",0.72
288,1000,5,"T_Copula",2000,-1.5,"1(log(n))^2",0.72
289,1000,5,"T_Copula",2000,-1.5,"1(log(n))^2",0.71
290,1000,5,"T_Copula",2000,-1.5,"1(log(n))^2",0.09
291,1000,5,"T_Copula",2000,-1.5,"1(log(n))^2",0.95
292,1000,5,"T_Copula",2000,-1.5,"1(log(n))^2",0.93
293,1000,5,"T_Copula",2000,-1.5,"1(log(n))^2",0.82
294,1000,5,"T_Copula",2000,-1.5,"1(log(n))^2",0.8
295,1000,5,"T_Copula",2000,-1.5,"1(log(n))^2",0.19
296,1000,5,"T_Copula",2000,-1.5,"1(log(n))^2",0.85
297,1000,5,"T_Copula",2000,-1.5,"1(log(n))^2",0.84
298,1000,5,"T_Copula",2000,-1.5,"1(log(n))^2",0.53
299,1000,5,"T_Copula",2000,-1.5,"1(log(n))^2",0.55
300,1000,5,"T_Copula",2000,-1.5,"1(log(n))^2",0.7
301,1000,5,"T_Copula",2000,-1.5,"1(log(n))^2",1
302,1000,5,"T_Copula",2000,-1.5,"1(log(n))^2",0.21
303,1000,5,"T_Copula",2000,-1.5,"1(log(n))^2",0.75
304,1000,5,"T_Copula",2000,-1.5,"1(log(n))^2",0.56
305,1000,5,"T_Copula",2000,-1.5,"1(log(n))^2",0.9
306,1000,5,"T_Copula",2000,-1.5,"1(log(n))^2",0.66
307,1000,5,"T_Copula",2000,-1.5,"1(log(n))^2",0.88
308,1000,5,"T_Copula",2000,-1.5,"1(log(n))^2",0.74
309,1000,5,"T_Copula",2000,-1.5,"1(log(n))^2",0.76
310,1000,5,"T_Copula",2000,-1.5,"1(log(n))^2",0.35
311,1000,5,"T_Copula",2000,-1.5,"1(log(n))^2",0.91
312,1000,5,"T_Copula",2000,-1.5,"1(log(n))^2",0.26
313,1000,5,"T_Copula",2000,-1.5,"1(log(n))^2",0.87
314,1000,5,"T_Copula",2000,-1.5,"1(log(n))^2",0.38
315,1000,5,"T_Copula",2000,-1.5,"1(log(n))^2",0.64
316,1000,5,"T_Copula",2000,-1.5,"1(log(n))^2",0.92
317,1000,5,"T_Copula",2000,-1.5,"1(log(n))^2",0.68
318,1000,5,"T_Copula",2000,-1.5,"1(log(n))^2",0.82
319,1000,5,"T_Copula",2000,-1.5,"1(log(n))^2",0.27
320,1000,5,"T_Copula",2000,-1.5,"1(log(n))^2",1
321,1000,5,"T_Copula",2000,-1.5,"1(log(n))^2",0.86
322,1000,5,"T_Copula",2000,-1.5,"1(log(n))^2",0.26
323,1000,5,"T_Copula",2000,-1.5,"1(log(n))^2",0.98
324,1000,5,"T_Copula",2000,-1.5,"1(log(n))^2",0.11
325,1000,5,"T_Copula",2000,-1.5,"1(log(n))^2",0.24
326,1000,5,"T_Copula",2000,-1.5,"1(log(n))^2",0.28
327,1000,5,"T_Copula",2000,-1.5,"1(log(n))^2",0.95
328,1000,5,"T_Copula",2000,-1.5,"1(log(n))^2",0.84
329,1000,5,"T_Copula",2000,-1.5,"1(log(n))^2",0.78
330,1000,5,"T_Copula",2000,-1.5,"1(log(n))^2",0.96
331,1000,5,"T_Copula",2000,-1.5,"1(log(n))^2",0.55
332,1000,5,"T_Copula",2000,-1.5,"1(log(n))^2",0.79
333,1000,5,"T_Copula",2000,-1.5,"1(log(n))^2",0.75
334,1000,5,"T_Copula",2000,-1.5,"1(log(n))^2",0.93
335,1000,5,"T_Copula",2000,-1.5,"1(log(n))^2",0.92
336,1000,5,"T_Copula",2000,-1.5,"1(log(n))^2",0.97
337,1000,5,"T_Copula",2000,-1.5,"1(log(n))^2",0.62
338,1000,5,"T_Copula",2000,-1.5,"1(log(n))^2",0.37
339,1000,5,"T_Copula",2000,-1.5,"1(log(n))^2",0.32
340,1000,5,"T_Copula",2000,-1.5,"1(log(n))^2",1
341,1000,5,"T_Copula",2000,-1.5,"1(log(n))^2",0.67
342,1000,5,"T_Copula",2000,-1.5,"1(log(n))^2",0.77
343,1000,5,"T_Copula",2000,-1.5,"1(log(n))^2",0.86
344,1000,5,"T_Copula",2000,-1.5,"1(log(n))^2",0.64
345,1000,5,"T_Copula",2000,-1.5,"1(log(n))^2",0.68
346,1000,5,"T_Copula",2000,-1.5,"1(log(n))^2",0.72
347,1000,5,"T_Copula",2000,-1.5,"1(log(n))^2",0.63
348,1000,5,"T_Copula",2000,-1.5,"1(log(n))^2",0.6
349,1000,5,"T_Copula",2000,-1.5,"1(log(n))^2",0.52
350,1000,5,"T_Copula",2000,-1.5,"1(log(n))^2",0.42
351,1000,5,"T_Copula",2000,-1.5,"1(log(n))^2",0.52
352,1000,5,"T_Copula",2000,-1.5,"1(log(n))^2",0.62
353,1000,5,"T_Copula",2000,-1.5,"1(log(n))^2",0.85
354,1000,5,"T_Copula",2000,-1.5,"1(log(n))^2",0.95
355,1000,5,"T_Copula",2000,-1.5,"1(log(n))^2",0.61
356,1000,5,"T_Copula",2000,-1.5,"1(log(n))^2",0.98
357,1000,5,"T_Copula",2000,-1.5,"1(log(n))^2",0.01
358,1000,5,"T_Copula",2000,-1.5,"1(log(n))^2",0.96
359,1000,5,"T_Copula",2000,-1.5,"1(log(n))^2",0.94
360,1000,5,"T_Copula",2000,-1.5,"1(log(n))^2",0.82
361,1000,5,"T_Copula",2000,-1.5,"1(log(n))^2",0.88
362,1000,5,"T_Copula",2000,-1.5,"1(log(n))^2",0.76
363,1000,5,"T_Copula",2000,-1.5,"1(log(n))^2",1
364,1000,5,"T_Copula",2000,-1.5,"1(log(n))^2",0.04
365,1000,5,"T_Copula",2000,-1.5,"1(log(n))^2",1
366,1000,5,"T_Copula",2000,-1.5,"1(log(n))^2",0.8
367,1000,5,"T_Copula",2000,-1.5,"1(log(n))^2",0.93
368,1000,5,"T_Copula",2000,-1.5,"1(log(n))^2",0.7
369,1000,5,"T_Copula",2000,-1.5,"1(log(n))^2",0.95
370,1000,5,"T_Copula",2000,-1.5,"1(log(n))^2",0.62
371,1000,5,"T_Copula",2000,-1.5,"1(log(n))^2",0.93
372,1000,5,"T_Copula",2000,-1.5,"1(log(n))^2",0.88
373,1000,5,"T_Copula",2000,-1.5,"1(log(n))^2",0.77
374,1000,5,"T_Copula",2000,-1.5,"1(log(n))^2",0.38
375,1000,5,"T_Copula",2000,-1.5,"1(log(n))^2",0.87
376,1000,5,"T_Copula",2000,-1.5,"1(log(n))^2",0.38
377,1000,5,"T_Copula",2000,-1.5,"1(log(n))^2",0.95
378,1000,5,"T_Copula",2000,-1.5,"1(log(n))^2",0.01
379,1000,5,"T_Copula",2000,-1.5,"1(log(n))^2",0.78
380,1000,5,"T_Copula",2000,-1.5,"1(log(n))^2",0.53
381,1000,5,"T_Copula",2000,-1.5,"1(log(n))^2",0.75
382,1000,5,"T_Copula",2000,-1.5,"1(log(n))^2",0.01
383,1000,5,"T_Copula",2000,-1.5,"1(log(n))^2",0.25
384,1000,5,"T_Copula",2000,-1.5,"1(log(n))^2",0.83
385,1000,5,"T_Copula",2000,-1.5,"1(log(n))^2",0.09
386,1000,5,"T_Copula",2000,-1.5,"1(log(n))^2",0.27
387,1000,5,"T_Copula",2000,-1.5,"1(log(n))^2",0.24
388,1000,5,"T_Copula",2000,-1.5,"1(log(n))^2",0.16
389,1000,5,"T_Copula",2000,-1.5,"1(log(n))^2",0.05
390,1000,5,"T_Copula",2000,-1.5,"1(log(n))^2",0.42
391,1000,5,"T_Copula",2000,-1.5,"1(log(n))^2",0.98
392,1000,5,"T_Copula",2000,-1.5,"1(log(n))^2",0.42
393,1000,5,"T_Copula",2000,-1.5,"1(log(n))^2",0.6
394,1000,5,"T_Copula",2000,-1.5,"1(log(n))^2",0.4
395,1000,5,"T_Copula",2000,-1.5,"1(log(n))^2",0.71
396,1000,5,"T_Copula",2000,-1.5,"1(log(n))^2",0.19
397,1000,5,"T_Copula",2000,-1.5,"1(log(n))^2",0.39
398,1000,5,"T_Copula",2000,-1.5,"1(log(n))^2",0.99
399,1000,5,"T_Copula",2000,-1.5,"1(log(n))^2",0.86
400,1000,5,"T_Copula",2000,-1.5,"1(log(n))^2",0.27
401,1000,5,"T_Copula",2000,-1.5,"1(log(n))^2",0.89
402,1000,5,"T_Copula",2000,-1.5,"1(log(n))^2",0.99
403,1000,5,"T_Copula",2000,-1.5,"1(log(n))^2",0.14
404,1000,5,"T_Copula",2000,-1.5,"1(log(n))^2",0.9
405,1000,5,"T_Copula",2000,-1.5,"1(log(n))^2",0.64
406,1000,5,"T_Copula",2000,-1.5,"1(log(n))^2",0.56
407,1000,5,"T_Copula",2000,-1.5,"1(log(n))^2",0.99
408,1000,5,"T_Copula",2000,-1.5,"1(log(n))^2",1
409,1000,5,"T_Copula",2000,-1.5,"1(log(n))^2",0.46
410,1000,5,"T_Copula",2000,-1.5,"1(log(n))^2",0.08
411,1000,5,"T_Copula",2000,-1.5,"1(log(n))^2",0.99
412,1000,5,"T_Copula",2000,-1.5,"1(log(n))^2",0.75
413,1000,5,"T_Copula",2000,-1.5,"1(log(n))^2",0.13
414,1000,5,"T_Copula",2000,-1.5,"1(log(n))^2",0.95
415,1000,5,"T_Copula",2000,-1.5,"1(log(n))^2",0.64
416,1000,5,"T_Copula",2000,-1.5,"1(log(n))^2",0.25
417,1000,5,"T_Copula",2000,-1.5,"1(log(n))^2",0.77
418,1000,5,"T_Copula",2000,-1.5,"1(log(n))^2",0.36
419,1000,5,"T_Copula",2000,-1.5,"1(log(n))^2",0.01
420,1000,5,"T_Copula",2000,-1.5,"1(log(n))^2",0.24
421,1000,5,"T_Copula",2000,-1.5,"1(log(n))^2",0.86
422,1000,5,"T_Copula",2000,-1.5,"1(log(n))^2",0.61
423,1000,5,"T_Copula",2000,-1.5,"1(log(n))^2",0.78
424,1000,5,"T_Copula",2000,-1.5,"1(log(n))^2",0.41
425,1000,5,"T_Copula",2000,-1.5,"1(log(n))^2",0.19
426,1000,5,"T_Copula",2000,-1.5,"1(log(n))^2",0.89
427,1000,5,"T_Copula",2000,-1.5,"1(log(n))^2",0.18
428,1000,5,"T_Copula",2000,-1.5,"1(log(n))^2",0.08
429,1000,5,"T_Copula",2000,-1.5,"1(log(n))^2",0.32
430,1000,5,"T_Copula",2000,-1.5,"1(log(n))^2",0.31
431,1000,5,"T_Copula",2000,-1.5,"1(log(n))^2",0.07
432,1000,5,"T_Copula",2000,-1.5,"1(log(n))^2",0.6
433,1000,5,"T_Copula",2000,-1.5,"1(log(n))^2",0.33
434,1000,5,"T_Copula",2000,-1.5,"1(log(n))^2",0.82
435,1000,5,"T_Copula",2000,-1.5,"1(log(n))^2",0.16
436,1000,5,"T_Copula",2000,-1.5,"1(log(n))^2",0.77
437,1000,5,"T_Copula",2000,-1.5,"1(log(n))^2",0.92
438,1000,5,"T_Copula",2000,-1.5,"1(log(n))^2",0.86
439,1000,5,"T_Copula",2000,-1.5,"1(log(n))^2",0.77
440,1000,5,"T_Copula",2000,-1.5,"1(log(n))^2",0.87
441,1000,5,"T_Copula",2000,-1.5,"1(log(n))^2",0.57
442,1000,5,"T_Copula",2000,-1.5,"1(log(n))^2",0.96
443,1000,5,"T_Copula",2000,-1.5,"1(log(n))^2",0.97
444,1000,5,"T_Copula",2000,-1.5,"1(log(n))^2",0.69
445,1000,5,"T_Copula",2000,-1.5,"1(log(n))^2",0.93
446,1000,5,"T_Copula",2000,-1.5,"1(log(n))^2",0.41
447,1000,5,"T_Copula",2000,-1.5,"1(log(n))^2",0.94
448,1000,5,"T_Copula",2000,-1.5,"1(log(n))^2",0.77
449,1000,5,"T_Copula",2000,-1.5,"1(log(n))^2",0.21
450,1000,5,"T_Copula",2000,-1.5,"1(log(n))^2",0.96
451,1000,5,"T_Copula",2000,-1.5,"1(log(n))^2",0.57
452,1000,5,"T_Copula",2000,-1.5,"1(log(n))^2",0.44
453,1000,5,"T_Copula",2000,-1.5,"1(log(n))^2",0.32
454,1000,5,"T_Copula",2000,-1.5,"1(log(n))^2",0.35
455,1000,5,"T_Copula",2000,-1.5,"1(log(n))^2",1
456,1000,5,"T_Copula",2000,-1.5,"1(log(n))^2",0.32
457,1000,5,"T_Copula",2000,-1.5,"1(log(n))^2",0.94
458,1000,5,"T_Copula",2000,-1.5,"1(log(n))^2",0.42
459,1000,5,"T_Copula",2000,-1.5,"1(log(n))^2",0.28
460,1000,5,"T_Copula",2000,-1.5,"1(log(n))^2",0.52
461,1000,5,"T_Copula",2000,-1.5,"1(log(n))^2",0.98
462,1000,5,"T_Copula",2000,-1.5,"1(log(n))^2",0.91
463,1000,5,"T_Copula",2000,-1.5,"1(log(n))^2",0.68
464,1000,5,"T_Copula",2000,-1.5,"1(log(n))^2",0.65
465,1000,5,"T_Copula",2000,-1.5,"1(log(n))^2",0.66
466,1000,5,"T_Copula",2000,-1.5,"1(log(n))^2",0.35
467,1000,5,"T_Copula",2000,-1.5,"1(log(n))^2",0.19
468,1000,5,"T_Copula",2000,-1.5,"1(log(n))^2",0.72
469,1000,5,"T_Copula",2000,-1.5,"1(log(n))^2",0.98
470,1000,5,"T_Copula",2000,-1.5,"1(log(n))^2",0.11
471,1000,5,"T_Copula",2000,-1.5,"1(log(n))^2",0.79
472,1000,5,"T_Copula",2000,-1.5,"1(log(n))^2",0.63
473,1000,5,"T_Copula",2000,-1.5,"1(log(n))^2",1
474,1000,5,"T_Copula",2000,-1.5,"1(log(n))^2",0.91
475,1000,5,"T_Copula",2000,-1.5,"1(log(n))^2",0.56
476,1000,5,"T_Copula",2000,-1.5,"1(log(n))^2",0.94
477,1000,5,"T_Copula",2000,-1.5,"1(log(n))^2",0.37
478,1000,5,"T_Copula",2000,-1.5,"1(log(n))^2",0.63
479,1000,5,"T_Copula",2000,-1.5,"1(log(n))^2",0.93
480,1000,5,"T_Copula",2000,-1.5,"1(log(n))^2",0.97
481,1000,5,"T_Copula",2000,-1.5,"1(log(n))^2",0.17
482,1000,5,"T_Copula",2000,-1.5,"1(log(n))^2",0.14
483,1000,5,"T_Copula",2000,-1.5,"1(log(n))^2",0.48
484,1000,5,"T_Copula",2000,-1.5,"1(log(n))^2",0.38
485,1000,5,"T_Copula",2000,-1.5,"1(log(n))^2",0.52
486,1000,5,"T_Copula",2000,-1.5,"1(log(n))^2",0.69
487,1000,5,"T_Copula",2000,-1.5,"1(log(n))^2",0.37
488,1000,5,"T_Copula",2000,-1.5,"1(log(n))^2",0.93
489,1000,5,"T_Copula",2000,-1.5,"1(log(n))^2",0.45
490,1000,5,"T_Copula",2000,-1.5,"1(log(n))^2",1
491,1000,5,"T_Copula",2000,-1.5,"1(log(n))^2",1
492,1000,5,"T_Copula",2000,-1.5,"1(log(n))^2",0.98
493,1000,5,"T_Copula",2000,-1.5,"1(log(n))^2",0.83
494,1000,5,"T_Copula",2000,-1.5,"1(log(n))^2",0.64
495,1000,5,"T_Copula",2000,-1.5,"1(log(n))^2",0.69
496,1000,5,"T_Copula",2000,-1.5,"1(log(n))^2",0.47
497,1000,5,"T_Copula",2000,-1.5,"1(log(n))^2",0.27
498,1000,5,"T_Copula",2000,-1.5,"1(log(n))^2",0.85
499,1000,5,"T_Copula",2000,-1.5,"1(log(n))^2",0.85
500,1000,5,"T_Copula",2000,-1.5,"1(log(n))^2",0.37
501,1000,5,"T_Copula",2000,-1.5,"1(log(n))^2",1
502,1000,5,"T_Copula",2000,-1.5,"1(log(n))^2",0.39
503,1000,5,"T_Copula",2000,-1.5,"1(log(n))^2",0.75
504,1000,5,"T_Copula",2000,-1.5,"1(log(n))^2",0.54
505,1000,5,"T_Copula",2000,-1.5,"1(log(n))^2",0.98
506,1000,5,"T_Copula",2000,-1.5,"1(log(n))^2",0.94
507,1000,5,"T_Copula",2000,-1.5,"1(log(n))^2",0.13
508,1000,5,"T_Copula",2000,-1.5,"1(log(n))^2",0.93
509,1000,5,"T_Copula",2000,-1.5,"1(log(n))^2",0.43
510,1000,5,"T_Copula",2000,-1.5,"1(log(n))^2",0.92
511,1000,5,"T_Copula",2000,-1.5,"1(log(n))^2",0.78
512,1000,5,"T_Copula",2000,-1.5,"1(log(n))^2",0.26
513,1000,5,"T_Copula",2000,-1.5,"1(log(n))^2",0.1
514,1000,5,"T_Copula",2000,-1.5,"1(log(n))^2",0.93
515,1000,5,"T_Copula",2000,-1.5,"1(log(n))^2",0.69
516,1000,5,"T_Copula",2000,-1.5,"1(log(n))^2",0.99
517,1000,5,"T_Copula",2000,-1.5,"1(log(n))^2",0.98
518,1000,5,"T_Copula",2000,-1.5,"1(log(n))^2",0.97
519,1000,5,"T_Copula",2000,-1.5,"1(log(n))^2",0.95
520,1000,5,"T_Copula",2000,-1.5,"1(log(n))^2",0.91
521,1000,5,"T_Copula",2000,-1.5,"1(log(n))^2",0.61
522,1000,5,"T_Copula",2000,-1.5,"1(log(n))^2",0.88
523,1000,5,"T_Copula",2000,-1.5,"1(log(n))^2",0.39
524,1000,5,"T_Copula",2000,-1.5,"1(log(n))^2",0.04
525,1000,5,"T_Copula",2000,-1.5,"1(log(n))^2",0.49
526,1000,5,"T_Copula",2000,-1.5,"1(log(n))^2",0.98
527,1000,5,"T_Copula",2000,-1.5,"1(log(n))^2",0.71
528,1000,5,"T_Copula",2000,-1.5,"1(log(n))^2",0.78
529,1000,5,"T_Copula",2000,-1.5,"1(log(n))^2",0.86
530,1000,5,"T_Copula",2000,-1.5,"1(log(n))^2",0.13
531,1000,5,"T_Copula",2000,-1.5,"1(log(n))^2",1
532,1000,5,"T_Copula",2000,-1.5,"1(log(n))^2",0.43
533,1000,5,"T_Copula",2000,-1.5,"1(log(n))^2",0.35
534,1000,5,"T_Copula",2000,-1.5,"1(log(n))^2",0.1
535,1000,5,"T_Copula",2000,-1.5,"1(log(n))^2",0.6
536,1000,5,"T_Copula",2000,-1.5,"1(log(n))^2",0.99
537,1000,5,"T_Copula",2000,-1.5,"1(log(n))^2",0.99
538,1000,5,"T_Copula",2000,-1.5,"1(log(n))^2",0.53
539,1000,5,"T_Copula",2000,-1.5,"1(log(n))^2",0.41
540,1000,5,"T_Copula",2000,-1.5,"1(log(n))^2",0.99
541,1000,5,"T_Copula",2000,-1.5,"1(log(n))^2",0.32
542,1000,5,"T_Copula",2000,-1.5,"1(log(n))^2",0.88
543,1000,5,"T_Copula",2000,-1.5,"1(log(n))^2",0.77
544,1000,5,"T_Copula",2000,-1.5,"1(log(n))^2",0.64
545,1000,5,"T_Copula",2000,-1.5,"1(log(n))^2",0.38
546,1000,5,"T_Copula",2000,-1.5,"1(log(n))^2",0.45
547,1000,5,"T_Copula",2000,-1.5,"1(log(n))^2",0.12
548,1000,5,"T_Copula",2000,-1.5,"1(log(n))^2",0.32
549,1000,5,"T_Copula",2000,-1.5,"1(log(n))^2",0.89
550,1000,5,"T_Copula",2000,-1.5,"1(log(n))^2",0.03
551,1000,5,"T_Copula",2000,-1.5,"1(log(n))^2",0.99
552,1000,5,"T_Copula",2000,-1.5,"1(log(n))^2",0.21
553,1000,5,"T_Copula",2000,-1.5,"1(log(n))^2",0.71
554,1000,5,"T_Copula",2000,-1.5,"1(log(n))^2",0.99
555,1000,5,"T_Copula",2000,-1.5,"1(log(n))^2",1
556,1000,5,"T_Copula",2000,-1.5,"1(log(n))^2",0.58
557,1000,5,"T_Copula",2000,-1.5,"1(log(n))^2",0.85
558,1000,5,"T_Copula",2000,-1.5,"1(log(n))^2",0.07
559,1000,5,"T_Copula",2000,-1.5,"1(log(n))^2",0.51
560,1000,5,"T_Copula",2000,-1.5,"1(log(n))^2",0.34
561,1000,5,"T_Copula",2000,-1.5,"1(log(n))^2",0.83
562,1000,5,"T_Copula",2000,-1.5,"1(log(n))^2",0.74
563,1000,5,"T_Copula",2000,-1.5,"1(log(n))^2",0.82
564,1000,5,"T_Copula",2000,-1.5,"1(log(n))^2",0.84
565,1000,5,"T_Copula",2000,-1.5,"1(log(n))^2",0.47
566,1000,5,"T_Copula",2000,-1.5,"1(log(n))^2",0.97
567,1000,5,"T_Copula",2000,-1.5,"1(log(n))^2",0.79
568,1000,5,"T_Copula",2000,-1.5,"1(log(n))^2",0.03
569,1000,5,"T_Copula",2000,-1.5,"1(log(n))^2",0.31
570,1000,5,"T_Copula",2000,-1.5,"1(log(n))^2",0.67
571,1000,5,"T_Copula",2000,-1.5,"1(log(n))^2",0.73
572,1000,5,"T_Copula",2000,-1.5,"1(log(n))^2",0.98
573,1000,5,"T_Copula",2000,-1.5,"1(log(n))^2",0.4
574,1000,5,"T_Copula",2000,-1.5,"1(log(n))^2",0.32
575,1000,5,"T_Copula",2000,-1.5,"1(log(n))^2",0.57
576,1000,5,"T_Copula",2000,-1.5,"1(log(n))^2",0.77
577,1000,5,"T_Copula",2000,-1.5,"1(log(n))^2",0.77
578,1000,5,"T_Copula",2000,-1.5,"1(log(n))^2",1
579,1000,5,"T_Copula",2000,-1.5,"1(log(n))^2",0.75
580,1000,5,"T_Copula",2000,-1.5,"1(log(n))^2",0.67
581,1000,5,"T_Copula",2000,-1.5,"1(log(n))^2",0.56
582,1000,5,"T_Copula",2000,-1.5,"1(log(n))^2",0.6
583,1000,5,"T_Copula",2000,-1.5,"1(log(n))^2",0.21
584,1000,5,"T_Copula",2000,-1.5,"1(log(n))^2",1
585,1000,5,"T_Copula",2000,-1.5,"1(log(n))^2",0.77
586,1000,5,"T_Copula",2000,-1.5,"1(log(n))^2",0.94
587,1000,5,"T_Copula",2000,-1.5,"1(log(n))^2",0.54
588,1000,5,"T_Copula",2000,-1.5,"1(log(n))^2",0.67
589,1000,5,"T_Copula",2000,-1.5,"1(log(n))^2",0.81
590,1000,5,"T_Copula",2000,-1.5,"1(log(n))^2",0.02
591,1000,5,"T_Copula",2000,-1.5,"1(log(n))^2",0.86
592,1000,5,"T_Copula",2000,-1.5,"1(log(n))^2",0.41
593,1000,5,"T_Copula",2000,-1.5,"1(log(n))^2",0.55
594,1000,5,"T_Copula",2000,-1.5,"1(log(n))^2",0.4
595,1000,5,"T_Copula",2000,-1.5,"1(log(n))^2",1
596,1000,5,"T_Copula",2000,-1.5,"1(log(n))^2",0.73
597,1000,5,"T_Copula",2000,-1.5,"1(log(n))^2",1
598,1000,5,"T_Copula",2000,-1.5,"1(log(n))^2",0.71
599,1000,5,"T_Copula",2000,-1.5,"1(log(n))^2",0.68
600,1000,5,"T_Copula",2000,-1.5,"1(log(n))^2",0.96
601,1000,5,"T_Copula",2000,-1.5,"1(log(n))^2",0.08
602,1000,5,"T_Copula",2000,-1.5,"1(log(n))^2",0.22
603,1000,5,"T_Copula",2000,-1.5,"1(log(n))^2",0.62
604,1000,5,"T_Copula",2000,-1.5,"1(log(n))^2",0.32
605,1000,5,"T_Copula",2000,-1.5,"1(log(n))^2",0.55
606,1000,5,"T_Copula",2000,-1.5,"1(log(n))^2",0.15
607,1000,5,"T_Copula",2000,-1.5,"1(log(n))^2",0.3
608,1000,5,"T_Copula",2000,-1.5,"1(log(n))^2",0.99
609,1000,5,"T_Copula",2000,-1.5,"1(log(n))^2",0.56
610,1000,5,"T_Copula",2000,-1.5,"1(log(n))^2",0.3
611,1000,5,"T_Copula",2000,-1.5,"1(log(n))^2",0.24
612,1000,5,"T_Copula",2000,-1.5,"1(log(n))^2",0.76
613,1000,5,"T_Copula",2000,-1.5,"1(log(n))^2",0.9
614,1000,5,"T_Copula",2000,-1.5,"1(log(n))^2",0.52
615,1000,5,"T_Copula",2000,-1.5,"1(log(n))^2",0.69
616,1000,5,"T_Copula",2000,-1.5,"1(log(n))^2",0.08
617,1000,5,"T_Copula",2000,-1.5,"1(log(n))^2",0.89
618,1000,5,"T_Copula",2000,-1.5,"1(log(n))^2",0.84
619,1000,5,"T_Copula",2000,-1.5,"1(log(n))^2",0.93
620,1000,5,"T_Copula",2000,-1.5,"1(log(n))^2",0.3
621,1000,5,"T_Copula",2000,-1.5,"1(log(n))^2",0.93
622,1000,5,"T_Copula",2000,-1.5,"1(log(n))^2",0.84
623,1000,5,"T_Copula",2000,-1.5,"1(log(n))^2",0.42
624,1000,5,"T_Copula",2000,-1.5,"1(log(n))^2",0.29
625,1000,5,"T_Copula",2000,-1.5,"1(log(n))^2",0.93
626,1000,5,"T_Copula",2000,-1.5,"1(log(n))^2",0.06
627,1000,5,"T_Copula",2000,-1.5,"1(log(n))^2",0.39
628,1000,5,"T_Copula",2000,-1.5,"1(log(n))^2",0.69
629,1000,5,"T_Copula",2000,-1.5,"1(log(n))^2",0.32
630,1000,5,"T_Copula",2000,-1.5,"1(log(n))^2",0.6
631,1000,5,"T_Copula",2000,-1.5,"1(log(n))^2",0.94
632,1000,5,"T_Copula",2000,-1.5,"1(log(n))^2",0.16
633,1000,5,"T_Copula",2000,-1.5,"1(log(n))^2",0.83
634,1000,5,"T_Copula",2000,-1.5,"1(log(n))^2",0.97
635,1000,5,"T_Copula",2000,-1.5,"1(log(n))^2",0.24
636,1000,5,"T_Copula",2000,-1.5,"1(log(n))^2",0.97
637,1000,5,"T_Copula",2000,-1.5,"1(log(n))^2",0.13
638,1000,5,"T_Copula",2000,-1.5,"1(log(n))^2",0.93
639,1000,5,"T_Copula",2000,-1.5,"1(log(n))^2",0.18
640,1000,5,"T_Copula",2000,-1.5,"1(log(n))^2",0.4
641,1000,5,"T_Copula",2000,-1.5,"1(log(n))^2",0.7
642,1000,5,"T_Copula",2000,-1.5,"1(log(n))^2",0.86
643,1000,5,"T_Copula",2000,-1.5,"1(log(n))^2",0.05
644,1000,5,"T_Copula",2000,-1.5,"1(log(n))^2",0.71
645,1000,5,"T_Copula",2000,-1.5,"1(log(n))^2",0.33
646,1000,5,"T_Copula",2000,-1.5,"1(log(n))^2",0.42
647,1000,5,"T_Copula",2000,-1.5,"1(log(n))^2",0.9
648,1000,5,"T_Copula",2000,-1.5,"1(log(n))^2",1
649,1000,5,"T_Copula",2000,-1.5,"1(log(n))^2",0.63
650,1000,5,"T_Copula",2000,-1.5,"1(log(n))^2",0.85
651,1000,5,"T_Copula",2000,-1.5,"1(log(n))^2",1
652,1000,5,"T_Copula",2000,-1.5,"1(log(n))^2",0.4
653,1000,5,"T_Copula",2000,-1.5,"1(log(n))^2",0.57
654,1000,5,"T_Copula",2000,-1.5,"1(log(n))^2",0.23
655,1000,5,"T_Copula",2000,-1.5,"1(log(n))^2",0.71
656,1000,5,"T_Copula",2000,-1.5,"1(log(n))^2",0.95
657,1000,5,"T_Copula",2000,-1.5,"1(log(n))^2",0.37
658,1000,5,"T_Copula",2000,-1.5,"1(log(n))^2",0.6
659,1000,5,"T_Copula",2000,-1.5,"1(log(n))^2",0.11
660,1000,5,"T_Copula",2000,-1.5,"1(log(n))^2",0.84
661,1000,5,"T_Copula",2000,-1.5,"1(log(n))^2",0.81
662,1000,5,"T_Copula",2000,-1.5,"1(log(n))^2",0.97
663,1000,5,"T_Copula",2000,-1.5,"1(log(n))^2",0.7
664,1000,5,"T_Copula",2000,-1.5,"1(log(n))^2",0.9
665,1000,5,"T_Copula",2000,-1.5,"1(log(n))^2",0.47
666,1000,5,"T_Copula",2000,-1.5,"1(log(n))^2",1
667,1000,5,"T_Copula",2000,-1.5,"1(log(n))^2",0.95
668,1000,5,"T_Copula",2000,-1.5,"1(log(n))^2",0.49
669,1000,5,"T_Copula",2000,-1.5,"1(log(n))^2",0.48
670,1000,5,"T_Copula",2000,-1.5,"1(log(n))^2",0.41
671,1000,5,"T_Copula",2000,-1.5,"1(log(n))^2",0.77
672,1000,5,"T_Copula",2000,-1.5,"1(log(n))^2",1
673,1000,5,"T_Copula",2000,-1.5,"1(log(n))^2",0.98
674,1000,5,"T_Copula",2000,-1.5,"1(log(n))^2",0.3
675,1000,5,"T_Copula",2000,-1.5,"1(log(n))^2",0.07
676,1000,5,"T_Copula",2000,-1.5,"1(log(n))^2",1
677,1000,5,"T_Copula",2000,-1.5,"1(log(n))^2",1
678,1000,5,"T_Copula",2000,-1.5,"1(log(n))^2",0.08
679,1000,5,"T_Copula",2000,-1.5,"1(log(n))^2",0.47
680,1000,5,"T_Copula",2000,-1.5,"1(log(n))^2",0.86
681,1000,5,"T_Copula",2000,-1.5,"1(log(n))^2",0.98
682,1000,5,"T_Copula",2000,-1.5,"1(log(n))^2",0.56
683,1000,5,"T_Copula",2000,-1.5,"1(log(n))^2",0.23
684,1000,5,"T_Copula",2000,-1.5,"1(log(n))^2",0.77
685,1000,5,"T_Copula",2000,-1.5,"1(log(n))^2",0.22
686,1000,5,"T_Copula",2000,-1.5,"1(log(n))^2",0.38
687,1000,5,"T_Copula",2000,-1.5,"1(log(n))^2",0.18
688,1000,5,"T_Copula",2000,-1.5,"1(log(n))^2",0.63
689,1000,5,"T_Copula",2000,-1.5,"1(log(n))^2",0.66
690,1000,5,"T_Copula",2000,-1.5,"1(log(n))^2",0.7
691,1000,5,"T_Copula",2000,-1.5,"1(log(n))^2",0.98
692,1000,5,"T_Copula",2000,-1.5,"1(log(n))^2",0.42
693,1000,5,"T_Copula",2000,-1.5,"1(log(n))^2",0.91
694,1000,5,"T_Copula",2000,-1.5,"1(log(n))^2",0.62
695,1000,5,"T_Copula",2000,-1.5,"1(log(n))^2",0.15
696,1000,5,"T_Copula",2000,-1.5,"1(log(n))^2",0.62
697,1000,5,"T_Copula",2000,-1.5,"1(log(n))^2",0.23
698,1000,5,"T_Copula",2000,-1.5,"1(log(n))^2",0.99
699,1000,5,"T_Copula",2000,-1.5,"1(log(n))^2",0.4
700,1000,5,"T_Copula",2000,-1.5,"1(log(n))^2",0.47
701,1000,5,"T_Copula",2000,-1.5,"1(log(n))^2",1
702,1000,5,"T_Copula",2000,-1.5,"1(log(n))^2",0.95
703,1000,5,"T_Copula",2000,-1.5,"1(log(n))^2",0.83
704,1000,5,"T_Copula",2000,-1.5,"1(log(n))^2",0.72
705,1000,5,"T_Copula",2000,-1.5,"1(log(n))^2",0.62
706,1000,5,"T_Copula",2000,-1.5,"1(log(n))^2",0.99
707,1000,5,"T_Copula",2000,-1.5,"1(log(n))^2",0.92
708,1000,5,"T_Copula",2000,-1.5,"1(log(n))^2",0.12
709,1000,5,"T_Copula",2000,-1.5,"1(log(n))^2",0.66
710,1000,5,"T_Copula",2000,-1.5,"1(log(n))^2",0.81
711,1000,5,"T_Copula",2000,-1.5,"1(log(n))^2",0.5
712,1000,5,"T_Copula",2000,-1.5,"1(log(n))^2",0.56
713,1000,5,"T_Copula",2000,-1.5,"1(log(n))^2",0.32
714,1000,5,"T_Copula",2000,-1.5,"1(log(n))^2",0.93
715,1000,5,"T_Copula",2000,-1.5,"1(log(n))^2",0.52
716,1000,5,"T_Copula",2000,-1.5,"1(log(n))^2",0.4
717,1000,5,"T_Copula",2000,-1.5,"1(log(n))^2",0.53
718,1000,5,"T_Copula",2000,-1.5,"1(log(n))^2",0.12
719,1000,5,"T_Copula",2000,-1.5,"1(log(n))^2",0.74
720,1000,5,"T_Copula",2000,-1.5,"1(log(n))^2",0.03
721,1000,5,"T_Copula",2000,-1.5,"1(log(n))^2",0.13
722,1000,5,"T_Copula",2000,-1.5,"1(log(n))^2",0.73
723,1000,5,"T_Copula",2000,-1.5,"1(log(n))^2",0.86
724,1000,5,"T_Copula",2000,-1.5,"1(log(n))^2",0.46
725,1000,5,"T_Copula",2000,-1.5,"1(log(n))^2",0.62
726,1000,5,"T_Copula",2000,-1.5,"1(log(n))^2",0.48
727,1000,5,"T_Copula",2000,-1.5,"1(log(n))^2",0.01
728,1000,5,"T_Copula",2000,-1.5,"1(log(n))^2",0.73
729,1000,5,"T_Copula",2000,-1.5,"1(log(n))^2",0.93
730,1000,5,"T_Copula",2000,-1.5,"1(log(n))^2",0.91
731,1000,5,"T_Copula",2000,-1.5,"1(log(n))^2",0.42
732,1000,5,"T_Copula",2000,-1.5,"1(log(n))^2",0.03
733,1000,5,"T_Copula",2000,-1.5,"1(log(n))^2",0.59
734,1000,5,"T_Copula",2000,-1.5,"1(log(n))^2",0.42
735,1000,5,"T_Copula",2000,-1.5,"1(log(n))^2",1
736,1000,5,"T_Copula",2000,-1.5,"1(log(n))^2",0.53
737,1000,5,"T_Copula",2000,-1.5,"1(log(n))^2",0.84
738,1000,5,"T_Copula",2000,-1.5,"1(log(n))^2",0.49
739,1000,5,"T_Copula",2000,-1.5,"1(log(n))^2",0.67
740,1000,5,"T_Copula",2000,-1.5,"1(log(n))^2",0.5
741,1000,5,"T_Copula",2000,-1.5,"1(log(n))^2",0.19
742,1000,5,"T_Copula",2000,-1.5,"1(log(n))^2",0.74
743,1000,5,"T_Copula",2000,-1.5,"1(log(n))^2",0.57
744,1000,5,"T_Copula",2000,-1.5,"1(log(n))^2",0.81
745,1000,5,"T_Copula",2000,-1.5,"1(log(n))^2",0.46
746,1000,5,"T_Copula",2000,-1.5,"1(log(n))^2",0.65
747,1000,5,"T_Copula",2000,-1.5,"1(log(n))^2",0.54
748,1000,5,"T_Copula",2000,-1.5,"1(log(n))^2",0.64
749,1000,5,"T_Copula",2000,-1.5,"1(log(n))^2",0.62
750,1000,5,"T_Copula",2000,-1.5,"1(log(n))^2",1
751,1000,5,"T_Copula",2000,-1.5,"1(log(n))^2",0.89
752,1000,5,"T_Copula",2000,-1.5,"1(log(n))^2",0.34
753,1000,5,"T_Copula",2000,-1.5,"1(log(n))^2",0.92
754,1000,5,"T_Copula",2000,-1.5,"1(log(n))^2",0.1
755,1000,5,"T_Copula",2000,-1.5,"1(log(n))^2",0.9
756,1000,5,"T_Copula",2000,-1.5,"1(log(n))^2",0.24
757,1000,5,"T_Copula",2000,-1.5,"1(log(n))^2",0.88
758,1000,5,"T_Copula",2000,-1.5,"1(log(n))^2",1
759,1000,5,"T_Copula",2000,-1.5,"1(log(n))^2",0.36
760,1000,5,"T_Copula",2000,-1.5,"1(log(n))^2",0.93
761,1000,5,"T_Copula",2000,-1.5,"1(log(n))^2",0.69
762,1000,5,"T_Copula",2000,-1.5,"1(log(n))^2",0.96
763,1000,5,"T_Copula",2000,-1.5,"1(log(n))^2",0.15
764,1000,5,"T_Copula",2000,-1.5,"1(log(n))^2",0.95
765,1000,5,"T_Copula",2000,-1.5,"1(log(n))^2",0.68
766,1000,5,"T_Copula",2000,-1.5,"1(log(n))^2",0.92
767,1000,5,"T_Copula",2000,-1.5,"1(log(n))^2",0.82
768,1000,5,"T_Copula",2000,-1.5,"1(log(n))^2",0.86
769,1000,5,"T_Copula",2000,-1.5,"1(log(n))^2",1
770,1000,5,"T_Copula",2000,-1.5,"1(log(n))^2",0.18
771,1000,5,"T_Copula",2000,-1.5,"1(log(n))^2",0.98
772,1000,5,"T_Copula",2000,-1.5,"1(log(n))^2",0.94
773,1000,5,"T_Copula",2000,-1.5,"1(log(n))^2",0.85
774,1000,5,"T_Copula",2000,-1.5,"1(log(n))^2",0.98
775,1000,5,"T_Copula",2000,-1.5,"1(log(n))^2",0.17
776,1000,5,"T_Copula",2000,-1.5,"1(log(n))^2",0.73
777,1000,5,"T_Copula",2000,-1.5,"1(log(n))^2",0.4
778,1000,5,"T_Copula",2000,-1.5,"1(log(n))^2",0.39
779,1000,5,"T_Copula",2000,-1.5,"1(log(n))^2",0.92
780,1000,5,"T_Copula",2000,-1.5,"1(log(n))^2",0.38
781,1000,5,"T_Copula",2000,-1.5,"1(log(n))^2",0.94
782,1000,5,"T_Copula",2000,-1.5,"1(log(n))^2",0.73
783,1000,5,"T_Copula",2000,-1.5,"1(log(n))^2",0.19
784,1000,5,"T_Copula",2000,-1.5,"1(log(n))^2",0.93
785,1000,5,"T_Copula",2000,-1.5,"1(log(n))^2",0.46
786,1000,5,"T_Copula",2000,-1.5,"1(log(n))^2",0.5
787,1000,5,"T_Copula",2000,-1.5,"1(log(n))^2",0.63
788,1000,5,"T_Copula",2000,-1.5,"1(log(n))^2",0.85
789,1000,5,"T_Copula",2000,-1.5,"1(log(n))^2",0.27
790,1000,5,"T_Copula",2000,-1.5,"1(log(n))^2",0.74
791,1000,5,"T_Copula",2000,-1.5,"1(log(n))^2",0.22
792,1000,5,"T_Copula",2000,-1.5,"1(log(n))^2",0.41
793,1000,5,"T_Copula",2000,-1.5,"1(log(n))^2",0.3
794,1000,5,"T_Copula",2000,-1.5,"1(log(n))^2",0.65
795,1000,5,"T_Copula",2000,-1.5,"1(log(n))^2",0.54
796,1000,5,"T_Copula",2000,-1.5,"1(log(n))^2",0.8
797,1000,5,"T_Copula",2000,-1.5,"1(log(n))^2",0.16
798,1000,5,"T_Copula",2000,-1.5,"1(log(n))^2",0.42
799,1000,5,"T_Copula",2000,-1.5,"1(log(n))^2",0.36
800,1000,5,"T_Copula",2000,-1.5,"1(log(n))^2",0.92
801,1000,5,"T_Copula",2000,-1.5,"1(log(n))^2",0.61
802,1000,5,"T_Copula",2000,-1.5,"1(log(n))^2",0.71
803,1000,5,"T_Copula",2000,-1.5,"1(log(n))^2",0.11
804,1000,5,"T_Copula",2000,-1.5,"1(log(n))^2",0.56
805,1000,5,"T_Copula",2000,-1.5,"1(log(n))^2",0.73
806,1000,5,"T_Copula",2000,-1.5,"1(log(n))^2",0.96
807,1000,5,"T_Copula",2000,-1.5,"1(log(n))^2",0.31
808,1000,5,"T_Copula",2000,-1.5,"1(log(n))^2",0.08
809,1000,5,"T_Copula",2000,-1.5,"1(log(n))^2",0.28
810,1000,5,"T_Copula",2000,-1.5,"1(log(n))^2",0.44
811,1000,5,"T_Copula",2000,-1.5,"1(log(n))^2",0.55
812,1000,5,"T_Copula",2000,-1.5,"1(log(n))^2",0.92
813,1000,5,"T_Copula",2000,-1.5,"1(log(n))^2",0.47
814,1000,5,"T_Copula",2000,-1.5,"1(log(n))^2",0.03
815,1000,5,"T_Copula",2000,-1.5,"1(log(n))^2",0.97
816,1000,5,"T_Copula",2000,-1.5,"1(log(n))^2",0.64
817,1000,5,"T_Copula",2000,-1.5,"1(log(n))^2",0
818,1000,5,"T_Copula",2000,-1.5,"1(log(n))^2",0.25
819,1000,5,"T_Copula",2000,-1.5,"1(log(n))^2",0.9
820,1000,5,"T_Copula",2000,-1.5,"1(log(n))^2",0.98
821,1000,5,"T_Copula",2000,-1.5,"1(log(n))^2",0.69
822,1000,5,"T_Copula",2000,-1.5,"1(log(n))^2",0.6
823,1000,5,"T_Copula",2000,-1.5,"1(log(n))^2",0.4
824,1000,5,"T_Copula",2000,-1.5,"1(log(n))^2",0
825,1000,5,"T_Copula",2000,-1.5,"1(log(n))^2",0.15
826,1000,5,"T_Copula",2000,-1.5,"1(log(n))^2",0.45
827,1000,5,"T_Copula",2000,-1.5,"1(log(n))^2",0.11
828,1000,5,"T_Copula",2000,-1.5,"1(log(n))^2",0.85
829,1000,5,"T_Copula",2000,-1.5,"1(log(n))^2",0.73
830,1000,5,"T_Copula",2000,-1.5,"1(log(n))^2",0.36
831,1000,5,"T_Copula",2000,-1.5,"1(log(n))^2",0.32
832,1000,5,"T_Copula",2000,-1.5,"1(log(n))^2",0.72
833,1000,5,"T_Copula",2000,-1.5,"1(log(n))^2",0.34
834,1000,5,"T_Copula",2000,-1.5,"1(log(n))^2",0.67
835,1000,5,"T_Copula",2000,-1.5,"1(log(n))^2",0.36
836,1000,5,"T_Copula",2000,-1.5,"1(log(n))^2",0.97
837,1000,5,"T_Copula",2000,-1.5,"1(log(n))^2",0.2
838,1000,5,"T_Copula",2000,-1.5,"1(log(n))^2",0.15
839,1000,5,"T_Copula",2000,-1.5,"1(log(n))^2",0.98
840,1000,5,"T_Copula",2000,-1.5,"1(log(n))^2",0.17
841,1000,5,"T_Copula",2000,-1.5,"1(log(n))^2",0.72
842,1000,5,"T_Copula",2000,-1.5,"1(log(n))^2",0.23
843,1000,5,"T_Copula",2000,-1.5,"1(log(n))^2",0.39
844,1000,5,"T_Copula",2000,-1.5,"1(log(n))^2",0.32
845,1000,5,"T_Copula",2000,-1.5,"1(log(n))^2",0.31
846,1000,5,"T_Copula",2000,-1.5,"1(log(n))^2",0.79
847,1000,5,"T_Copula",2000,-1.5,"1(log(n))^2",0.92
848,1000,5,"T_Copula",2000,-1.5,"1(log(n))^2",0.71
849,1000,5,"T_Copula",2000,-1.5,"1(log(n))^2",0.24
850,1000,5,"T_Copula",2000,-1.5,"1(log(n))^2",0.5
851,1000,5,"T_Copula",2000,-1.5,"1(log(n))^2",0.99
852,1000,5,"T_Copula",2000,-1.5,"1(log(n))^2",0.5
853,1000,5,"T_Copula",2000,-1.5,"1(log(n))^2",0.89
854,1000,5,"T_Copula",2000,-1.5,"1(log(n))^2",0.61
855,1000,5,"T_Copula",2000,-1.5,"1(log(n))^2",0.9
856,1000,5,"T_Copula",2000,-1.5,"1(log(n))^2",0.11
857,1000,5,"T_Copula",2000,-1.5,"1(log(n))^2",0.92
858,1000,5,"T_Copula",2000,-1.5,"1(log(n))^2",0.63
859,1000,5,"T_Copula",2000,-1.5,"1(log(n))^2",0.68
860,1000,5,"T_Copula",2000,-1.5,"1(log(n))^2",0.47
861,1000,5,"T_Copula",2000,-1.5,"1(log(n))^2",0.9
862,1000,5,"T_Copula",2000,-1.5,"1(log(n))^2",1
863,1000,5,"T_Copula",2000,-1.5,"1(log(n))^2",0.88
864,1000,5,"T_Copula",2000,-1.5,"1(log(n))^2",0.59
865,1000,5,"T_Copula",2000,-1.5,"1(log(n))^2",0.94
866,1000,5,"T_Copula",2000,-1.5,"1(log(n))^2",0.92
867,1000,5,"T_Copula",2000,-1.5,"1(log(n))^2",0.98
868,1000,5,"T_Copula",2000,-1.5,"1(log(n))^2",0.37
869,1000,5,"T_Copula",2000,-1.5,"1(log(n))^2",0.41
870,1000,5,"T_Copula",2000,-1.5,"1(log(n))^2",0.75
871,1000,5,"T_Copula",2000,-1.5,"1(log(n))^2",0.93
872,1000,5,"T_Copula",2000,-1.5,"1(log(n))^2",0.66
873,1000,5,"T_Copula",2000,-1.5,"1(log(n))^2",0.35
874,1000,5,"T_Copula",2000,-1.5,"1(log(n))^2",0.3
875,1000,5,"T_Copula",2000,-1.5,"1(log(n))^2",0.81
876,1000,5,"T_Copula",2000,-1.5,"1(log(n))^2",0.24
877,1000,5,"T_Copula",2000,-1.5,"1(log(n))^2",0.55
878,1000,5,"T_Copula",2000,-1.5,"1(log(n))^2",0.82
879,1000,5,"T_Copula",2000,-1.5,"1(log(n))^2",0.55
880,1000,5,"T_Copula",2000,-1.5,"1(log(n))^2",0.29
881,1000,5,"T_Copula",2000,-1.5,"1(log(n))^2",0.93
882,1000,5,"T_Copula",2000,-1.5,"1(log(n))^2",0.31
883,1000,5,"T_Copula",2000,-1.5,"1(log(n))^2",0.69
884,1000,5,"T_Copula",2000,-1.5,"1(log(n))^2",0.79
885,1000,5,"T_Copula",2000,-1.5,"1(log(n))^2",0.8
886,1000,5,"T_Copula",2000,-1.5,"1(log(n))^2",0.83
887,1000,5,"T_Copula",2000,-1.5,"1(log(n))^2",0.45
888,1000,5,"T_Copula",2000,-1.5,"1(log(n))^2",0.31
889,1000,5,"T_Copula",2000,-1.5,"1(log(n))^2",0.07
890,1000,5,"T_Copula",2000,-1.5,"1(log(n))^2",0.17
891,1000,5,"T_Copula",2000,-1.5,"1(log(n))^2",0.85
892,1000,5,"T_Copula",2000,-1.5,"1(log(n))^2",0.24
893,1000,5,"T_Copula",2000,-1.5,"1(log(n))^2",0.48
894,1000,5,"T_Copula",2000,-1.5,"1(log(n))^2",0.91
895,1000,5,"T_Copula",2000,-1.5,"1(log(n))^2",0.08
896,1000,5,"T_Copula",2000,-1.5,"1(log(n))^2",0.81
897,1000,5,"T_Copula",2000,-1.5,"1(log(n))^2",0.82
898,1000,5,"T_Copula",2000,-1.5,"1(log(n))^2",0.85
899,1000,5,"T_Copula",2000,-1.5,"1(log(n))^2",0.89
900,1000,5,"T_Copula",2000,-1.5,"1(log(n))^2",0.54
901,1000,5,"T_Copula",2000,-1.5,"1(log(n))^2",0.85
902,1000,5,"T_Copula",2000,-1.5,"1(log(n))^2",0.63
903,1000,5,"T_Copula",2000,-1.5,"1(log(n))^2",0.83
904,1000,5,"T_Copula",2000,-1.5,"1(log(n))^2",0.58
905,1000,5,"T_Copula",2000,-1.5,"1(log(n))^2",0.4
906,1000,5,"T_Copula",2000,-1.5,"1(log(n))^2",0.97
907,1000,5,"T_Copula",2000,-1.5,"1(log(n))^2",0.48
908,1000,5,"T_Copula",2000,-1.5,"1(log(n))^2",0.15
909,1000,5,"T_Copula",2000,-1.5,"1(log(n))^2",1
910,1000,5,"T_Copula",2000,-1.5,"1(log(n))^2",0.27
911,1000,5,"T_Copula",2000,-1.5,"1(log(n))^2",0.98
912,1000,5,"T_Copula",2000,-1.5,"1(log(n))^2",0.88
913,1000,5,"T_Copula",2000,-1.5,"1(log(n))^2",0.98
914,1000,5,"T_Copula",2000,-1.5,"1(log(n))^2",0.23
915,1000,5,"T_Copula",2000,-1.5,"1(log(n))^2",0.09
916,1000,5,"T_Copula",2000,-1.5,"1(log(n))^2",0.99
917,1000,5,"T_Copula",2000,-1.5,"1(log(n))^2",1
918,1000,5,"T_Copula",2000,-1.5,"1(log(n))^2",0.71
919,1000,5,"T_Copula",2000,-1.5,"1(log(n))^2",0.07
920,1000,5,"T_Copula",2000,-1.5,"1(log(n))^2",0.71
921,1000,5,"T_Copula",2000,-1.5,"1(log(n))^2",0.29
922,1000,5,"T_Copula",2000,-1.5,"1(log(n))^2",1
923,1000,5,"T_Copula",2000,-1.5,"1(log(n))^2",0.79
924,1000,5,"T_Copula",2000,-1.5,"1(log(n))^2",0.01
925,1000,5,"T_Copula",2000,-1.5,"1(log(n))^2",0.23
926,1000,5,"T_Copula",2000,-1.5,"1(log(n))^2",0.76
927,1000,5,"T_Copula",2000,-1.5,"1(log(n))^2",0.81
928,1000,5,"T_Copula",2000,-1.5,"1(log(n))^2",0.84
929,1000,5,"T_Copula",2000,-1.5,"1(log(n))^2",0.25
930,1000,5,"T_Copula",2000,-1.5,"1(log(n))^2",0.25
931,1000,5,"T_Copula",2000,-1.5,"1(log(n))^2",0.49
932,1000,5,"T_Copula",2000,-1.5,"1(log(n))^2",0.66
933,1000,5,"T_Copula",2000,-1.5,"1(log(n))^2",0.98
934,1000,5,"T_Copula",2000,-1.5,"1(log(n))^2",0.75
935,1000,5,"T_Copula",2000,-1.5,"1(log(n))^2",1
936,1000,5,"T_Copula",2000,-1.5,"1(log(n))^2",0.96
937,1000,5,"T_Copula",2000,-1.5,"1(log(n))^2",0.53
938,1000,5,"T_Copula",2000,-1.5,"1(log(n))^2",0.81
939,1000,5,"T_Copula",2000,-1.5,"1(log(n))^2",0.6
940,1000,5,"T_Copula",2000,-1.5,"1(log(n))^2",0.95
941,1000,5,"T_Copula",2000,-1.5,"1(log(n))^2",0.84
942,1000,5,"T_Copula",2000,-1.5,"1(log(n))^2",0.78
943,1000,5,"T_Copula",2000,-1.5,"1(log(n))^2",0.86
944,1000,5,"T_Copula",2000,-1.5,"1(log(n))^2",0.74
945,1000,5,"T_Copula",2000,-1.5,"1(log(n))^2",0.79
946,1000,5,"T_Copula",2000,-1.5,"1(log(n))^2",1
947,1000,5,"T_Copula",2000,-1.5,"1(log(n))^2",0.19
948,1000,5,"T_Copula",2000,-1.5,"1(log(n))^2",0.27
949,1000,5,"T_Copula",2000,-1.5,"1(log(n))^2",0.33
950,1000,5,"T_Copula",2000,-1.5,"1(log(n))^2",0.28
951,1000,5,"T_Copula",2000,-1.5,"1(log(n))^2",0.19
952,1000,5,"T_Copula",2000,-1.5,"1(log(n))^2",0.6
953,1000,5,"T_Copula",2000,-1.5,"1(log(n))^2",0.55
954,1000,5,"T_Copula",2000,-1.5,"1(log(n))^2",0.18
955,1000,5,"T_Copula",2000,-1.5,"1(log(n))^2",0.25
956,1000,5,"T_Copula",2000,-1.5,"1(log(n))^2",0.71
957,1000,5,"T_Copula",2000,-1.5,"1(log(n))^2",0.93
958,1000,5,"T_Copula",2000,-1.5,"1(log(n))^2",0.36
959,1000,5,"T_Copula",2000,-1.5,"1(log(n))^2",0.5
960,1000,5,"T_Copula",2000,-1.5,"1(log(n))^2",0.78
961,1000,5,"T_Copula",2000,-1.5,"1(log(n))^2",0.63
962,1000,5,"T_Copula",2000,-1.5,"1(log(n))^2",1
963,1000,5,"T_Copula",2000,-1.5,"1(log(n))^2",0.42
964,1000,5,"T_Copula",2000,-1.5,"1(log(n))^2",0.43
965,1000,5,"T_Copula",2000,-1.5,"1(log(n))^2",0.86
966,1000,5,"T_Copula",2000,-1.5,"1(log(n))^2",0.74
967,1000,5,"T_Copula",2000,-1.5,"1(log(n))^2",0.71
968,1000,5,"T_Copula",2000,-1.5,"1(log(n))^2",0.88
969,1000,5,"T_Copula",2000,-1.5,"1(log(n))^2",0.54
970,1000,5,"T_Copula",2000,-1.5,"1(log(n))^2",0.65
971,1000,5,"T_Copula",2000,-1.5,"1(log(n))^2",0.37
972,1000,5,"T_Copula",2000,-1.5,"1(log(n))^2",0.04
973,1000,5,"T_Copula",2000,-1.5,"1(log(n))^2",0.47
974,1000,5,"T_Copula",2000,-1.5,"1(log(n))^2",0.1
975,1000,5,"T_Copula",2000,-1.5,"1(log(n))^2",0.76
976,1000,5,"T_Copula",2000,-1.5,"1(log(n))^2",0.8
977,1000,5,"T_Copula",2000,-1.5,"1(log(n))^2",0.98
978,1000,5,"T_Copula",2000,-1.5,"1(log(n))^2",0.62
979,1000,5,"T_Copula",2000,-1.5,"1(log(n))^2",0.91
980,1000,5,"T_Copula",2000,-1.5,"1(log(n))^2",0.3
981,1000,5,"T_Copula",2000,-1.5,"1(log(n))^2",0.96
982,1000,5,"T_Copula",2000,-1.5,"1(log(n))^2",0.48
983,1000,5,"T_Copula",2000,-1.5,"1(log(n))^2",0.24
984,1000,5,"T_Copula",2000,-1.5,"1(log(n))^2",0.96
985,1000,5,"T_Copula",2000,-1.5,"1(log(n))^2",0.17
986,1000,5,"T_Copula",2000,-1.5,"1(log(n))^2",0.07
987,1000,5,"T_Copula",2000,-1.5,"1(log(n))^2",0.26
988,1000,5,"T_Copula",2000,-1.5,"1(log(n))^2",0.99
989,1000,5,"T_Copula",2000,-1.5,"1(log(n))^2",0.95
990,1000,5,"T_Copula",2000,-1.5,"1(log(n))^2",0.79
991,1000,5,"T_Copula",2000,-1.5,"1(log(n))^2",1
992,1000,5,"T_Copula",2000,-1.5,"1(log(n))^2",0.65
993,1000,5,"T_Copula",2000,-1.5,"1(log(n))^2",0.61
994,1000,5,"T_Copula",2000,-1.5,"1(log(n))^2",0.88
995,1000,5,"T_Copula",2000,-1.5,"1(log(n))^2",0.76
996,1000,5,"T_Copula",2000,-1.5,"1(log(n))^2",0.32
997,1000,5,"T_Copula",2000,-1.5,"1(log(n))^2",0.68
998,1000,5,"T_Copula",2000,-1.5,"1(log(n))^2",0.91
999,1000,5,"T_Copula",2000,-1.5,"1(log(n))^2",0.55
1000,1000,5,"T_Copula",2000,-1.5,"1(log(n))^2",0.38
1,1000,5,"T_Copula",2000,-1.5,"0.75(log(n))^2",0.91
2,1000,5,"T_Copula",2000,-1.5,"0.75(log(n))^2",0.99
3,1000,5,"T_Copula",2000,-1.5,"0.75(log(n))^2",0.94
4,1000,5,"T_Copula",2000,-1.5,"0.75(log(n))^2",0.95
5,1000,5,"T_Copula",2000,-1.5,"0.75(log(n))^2",0.87
6,1000,5,"T_Copula",2000,-1.5,"0.75(log(n))^2",0.58
7,1000,5,"T_Copula",2000,-1.5,"0.75(log(n))^2",0.94
8,1000,5,"T_Copula",2000,-1.5,"0.75(log(n))^2",0.21
9,1000,5,"T_Copula",2000,-1.5,"0.75(log(n))^2",0.81
10,1000,5,"T_Copula",2000,-1.5,"0.75(log(n))^2",0.11
11,1000,5,"T_Copula",2000,-1.5,"0.75(log(n))^2",0.25
12,1000,5,"T_Copula",2000,-1.5,"0.75(log(n))^2",0.88
13,1000,5,"T_Copula",2000,-1.5,"0.75(log(n))^2",0.88
14,1000,5,"T_Copula",2000,-1.5,"0.75(log(n))^2",0.52
15,1000,5,"T_Copula",2000,-1.5,"0.75(log(n))^2",0.88
16,1000,5,"T_Copula",2000,-1.5,"0.75(log(n))^2",0.69
17,1000,5,"T_Copula",2000,-1.5,"0.75(log(n))^2",0.55
18,1000,5,"T_Copula",2000,-1.5,"0.75(log(n))^2",0.22
19,1000,5,"T_Copula",2000,-1.5,"0.75(log(n))^2",0.62
20,1000,5,"T_Copula",2000,-1.5,"0.75(log(n))^2",0.94
21,1000,5,"T_Copula",2000,-1.5,"0.75(log(n))^2",0.92
22,1000,5,"T_Copula",2000,-1.5,"0.75(log(n))^2",1
23,1000,5,"T_Copula",2000,-1.5,"0.75(log(n))^2",0.12
24,1000,5,"T_Copula",2000,-1.5,"0.75(log(n))^2",0
25,1000,5,"T_Copula",2000,-1.5,"0.75(log(n))^2",0.62
26,1000,5,"T_Copula",2000,-1.5,"0.75(log(n))^2",0.87
27,1000,5,"T_Copula",2000,-1.5,"0.75(log(n))^2",0.36
28,1000,5,"T_Copula",2000,-1.5,"0.75(log(n))^2",0.85
29,1000,5,"T_Copula",2000,-1.5,"0.75(log(n))^2",0.31
30,1000,5,"T_Copula",2000,-1.5,"0.75(log(n))^2",0.74
31,1000,5,"T_Copula",2000,-1.5,"0.75(log(n))^2",0.52
32,1000,5,"T_Copula",2000,-1.5,"0.75(log(n))^2",0.07
33,1000,5,"T_Copula",2000,-1.5,"0.75(log(n))^2",0.63
34,1000,5,"T_Copula",2000,-1.5,"0.75(log(n))^2",0.23
35,1000,5,"T_Copula",2000,-1.5,"0.75(log(n))^2",0.81
36,1000,5,"T_Copula",2000,-1.5,"0.75(log(n))^2",0.09
37,1000,5,"T_Copula",2000,-1.5,"0.75(log(n))^2",0.11
38,1000,5,"T_Copula",2000,-1.5,"0.75(log(n))^2",0.28
39,1000,5,"T_Copula",2000,-1.5,"0.75(log(n))^2",0.48
40,1000,5,"T_Copula",2000,-1.5,"0.75(log(n))^2",0.83
41,1000,5,"T_Copula",2000,-1.5,"0.75(log(n))^2",0.5
42,1000,5,"T_Copula",2000,-1.5,"0.75(log(n))^2",0.74
43,1000,5,"T_Copula",2000,-1.5,"0.75(log(n))^2",0.99
44,1000,5,"T_Copula",2000,-1.5,"0.75(log(n))^2",0.19
45,1000,5,"T_Copula",2000,-1.5,"0.75(log(n))^2",0.95
46,1000,5,"T_Copula",2000,-1.5,"0.75(log(n))^2",0.97
47,1000,5,"T_Copula",2000,-1.5,"0.75(log(n))^2",0.8
48,1000,5,"T_Copula",2000,-1.5,"0.75(log(n))^2",0.1
49,1000,5,"T_Copula",2000,-1.5,"0.75(log(n))^2",0.18
50,1000,5,"T_Copula",2000,-1.5,"0.75(log(n))^2",0.62
51,1000,5,"T_Copula",2000,-1.5,"0.75(log(n))^2",0.91
52,1000,5,"T_Copula",2000,-1.5,"0.75(log(n))^2",0.26
53,1000,5,"T_Copula",2000,-1.5,"0.75(log(n))^2",0.23
54,1000,5,"T_Copula",2000,-1.5,"0.75(log(n))^2",0.67
55,1000,5,"T_Copula",2000,-1.5,"0.75(log(n))^2",0.82
56,1000,5,"T_Copula",2000,-1.5,"0.75(log(n))^2",0.17
57,1000,5,"T_Copula",2000,-1.5,"0.75(log(n))^2",0.71
58,1000,5,"T_Copula",2000,-1.5,"0.75(log(n))^2",0.09
59,1000,5,"T_Copula",2000,-1.5,"0.75(log(n))^2",0.29
60,1000,5,"T_Copula",2000,-1.5,"0.75(log(n))^2",0.29
61,1000,5,"T_Copula",2000,-1.5,"0.75(log(n))^2",0.17
62,1000,5,"T_Copula",2000,-1.5,"0.75(log(n))^2",0.84
63,1000,5,"T_Copula",2000,-1.5,"0.75(log(n))^2",0.85
64,1000,5,"T_Copula",2000,-1.5,"0.75(log(n))^2",0.89
65,1000,5,"T_Copula",2000,-1.5,"0.75(log(n))^2",0.03
66,1000,5,"T_Copula",2000,-1.5,"0.75(log(n))^2",1
67,1000,5,"T_Copula",2000,-1.5,"0.75(log(n))^2",0.42
68,1000,5,"T_Copula",2000,-1.5,"0.75(log(n))^2",0.75
69,1000,5,"T_Copula",2000,-1.5,"0.75(log(n))^2",0.13
70,1000,5,"T_Copula",2000,-1.5,"0.75(log(n))^2",0.72
71,1000,5,"T_Copula",2000,-1.5,"0.75(log(n))^2",0.14
72,1000,5,"T_Copula",2000,-1.5,"0.75(log(n))^2",0.43
73,1000,5,"T_Copula",2000,-1.5,"0.75(log(n))^2",0.13
74,1000,5,"T_Copula",2000,-1.5,"0.75(log(n))^2",0.43
75,1000,5,"T_Copula",2000,-1.5,"0.75(log(n))^2",1
76,1000,5,"T_Copula",2000,-1.5,"0.75(log(n))^2",0.88
77,1000,5,"T_Copula",2000,-1.5,"0.75(log(n))^2",0.89
78,1000,5,"T_Copula",2000,-1.5,"0.75(log(n))^2",0.91
79,1000,5,"T_Copula",2000,-1.5,"0.75(log(n))^2",0.33
80,1000,5,"T_Copula",2000,-1.5,"0.75(log(n))^2",0.58
81,1000,5,"T_Copula",2000,-1.5,"0.75(log(n))^2",0.22
82,1000,5,"T_Copula",2000,-1.5,"0.75(log(n))^2",0.59
83,1000,5,"T_Copula",2000,-1.5,"0.75(log(n))^2",0.2
84,1000,5,"T_Copula",2000,-1.5,"0.75(log(n))^2",0.84
85,1000,5,"T_Copula",2000,-1.5,"0.75(log(n))^2",0.98
86,1000,5,"T_Copula",2000,-1.5,"0.75(log(n))^2",0.51
87,1000,5,"T_Copula",2000,-1.5,"0.75(log(n))^2",0.77
88,1000,5,"T_Copula",2000,-1.5,"0.75(log(n))^2",0.84
89,1000,5,"T_Copula",2000,-1.5,"0.75(log(n))^2",0.99
90,1000,5,"T_Copula",2000,-1.5,"0.75(log(n))^2",0.08
91,1000,5,"T_Copula",2000,-1.5,"0.75(log(n))^2",0.06
92,1000,5,"T_Copula",2000,-1.5,"0.75(log(n))^2",0.96
93,1000,5,"T_Copula",2000,-1.5,"0.75(log(n))^2",0.64
94,1000,5,"T_Copula",2000,-1.5,"0.75(log(n))^2",1
95,1000,5,"T_Copula",2000,-1.5,"0.75(log(n))^2",0.95
96,1000,5,"T_Copula",2000,-1.5,"0.75(log(n))^2",0.43
97,1000,5,"T_Copula",2000,-1.5,"0.75(log(n))^2",1
98,1000,5,"T_Copula",2000,-1.5,"0.75(log(n))^2",0.32
99,1000,5,"T_Copula",2000,-1.5,"0.75(log(n))^2",0.03
100,1000,5,"T_Copula",2000,-1.5,"0.75(log(n))^2",0.44
101,1000,5,"T_Copula",2000,-1.5,"0.75(log(n))^2",0.67
102,1000,5,"T_Copula",2000,-1.5,"0.75(log(n))^2",0.96
103,1000,5,"T_Copula",2000,-1.5,"0.75(log(n))^2",0.33
104,1000,5,"T_Copula",2000,-1.5,"0.75(log(n))^2",0.53
105,1000,5,"T_Copula",2000,-1.5,"0.75(log(n))^2",0.73
106,1000,5,"T_Copula",2000,-1.5,"0.75(log(n))^2",0.1
107,1000,5,"T_Copula",2000,-1.5,"0.75(log(n))^2",0.89
108,1000,5,"T_Copula",2000,-1.5,"0.75(log(n))^2",0.78
109,1000,5,"T_Copula",2000,-1.5,"0.75(log(n))^2",0.97
110,1000,5,"T_Copula",2000,-1.5,"0.75(log(n))^2",0.2
111,1000,5,"T_Copula",2000,-1.5,"0.75(log(n))^2",0.89
112,1000,5,"T_Copula",2000,-1.5,"0.75(log(n))^2",0.98
113,1000,5,"T_Copula",2000,-1.5,"0.75(log(n))^2",0.31
114,1000,5,"T_Copula",2000,-1.5,"0.75(log(n))^2",1
115,1000,5,"T_Copula",2000,-1.5,"0.75(log(n))^2",0.43
116,1000,5,"T_Copula",2000,-1.5,"0.75(log(n))^2",0.27
117,1000,5,"T_Copula",2000,-1.5,"0.75(log(n))^2",0.85
118,1000,5,"T_Copula",2000,-1.5,"0.75(log(n))^2",0.91
119,1000,5,"T_Copula",2000,-1.5,"0.75(log(n))^2",0.87
120,1000,5,"T_Copula",2000,-1.5,"0.75(log(n))^2",0.02
121,1000,5,"T_Copula",2000,-1.5,"0.75(log(n))^2",0.22
122,1000,5,"T_Copula",2000,-1.5,"0.75(log(n))^2",1
123,1000,5,"T_Copula",2000,-1.5,"0.75(log(n))^2",0.16
124,1000,5,"T_Copula",2000,-1.5,"0.75(log(n))^2",0.1
125,1000,5,"T_Copula",2000,-1.5,"0.75(log(n))^2",0.48
126,1000,5,"T_Copula",2000,-1.5,"0.75(log(n))^2",0.78
127,1000,5,"T_Copula",2000,-1.5,"0.75(log(n))^2",0.18
128,1000,5,"T_Copula",2000,-1.5,"0.75(log(n))^2",0.34
129,1000,5,"T_Copula",2000,-1.5,"0.75(log(n))^2",0.84
130,1000,5,"T_Copula",2000,-1.5,"0.75(log(n))^2",0.13
131,1000,5,"T_Copula",2000,-1.5,"0.75(log(n))^2",0.95
132,1000,5,"T_Copula",2000,-1.5,"0.75(log(n))^2",0.44
133,1000,5,"T_Copula",2000,-1.5,"0.75(log(n))^2",1
134,1000,5,"T_Copula",2000,-1.5,"0.75(log(n))^2",1
135,1000,5,"T_Copula",2000,-1.5,"0.75(log(n))^2",0.79
136,1000,5,"T_Copula",2000,-1.5,"0.75(log(n))^2",0.82
137,1000,5,"T_Copula",2000,-1.5,"0.75(log(n))^2",0.9
138,1000,5,"T_Copula",2000,-1.5,"0.75(log(n))^2",0.43
139,1000,5,"T_Copula",2000,-1.5,"0.75(log(n))^2",0.94
140,1000,5,"T_Copula",2000,-1.5,"0.75(log(n))^2",0.99
141,1000,5,"T_Copula",2000,-1.5,"0.75(log(n))^2",0.33
142,1000,5,"T_Copula",2000,-1.5,"0.75(log(n))^2",0.2
143,1000,5,"T_Copula",2000,-1.5,"0.75(log(n))^2",0.97
144,1000,5,"T_Copula",2000,-1.5,"0.75(log(n))^2",0.51
145,1000,5,"T_Copula",2000,-1.5,"0.75(log(n))^2",0.17
146,1000,5,"T_Copula",2000,-1.5,"0.75(log(n))^2",0.47
147,1000,5,"T_Copula",2000,-1.5,"0.75(log(n))^2",0.56
148,1000,5,"T_Copula",2000,-1.5,"0.75(log(n))^2",0.82
149,1000,5,"T_Copula",2000,-1.5,"0.75(log(n))^2",0.5
150,1000,5,"T_Copula",2000,-1.5,"0.75(log(n))^2",0.26
151,1000,5,"T_Copula",2000,-1.5,"0.75(log(n))^2",0.37
152,1000,5,"T_Copula",2000,-1.5,"0.75(log(n))^2",0.41
153,1000,5,"T_Copula",2000,-1.5,"0.75(log(n))^2",0.05
154,1000,5,"T_Copula",2000,-1.5,"0.75(log(n))^2",0.33
155,1000,5,"T_Copula",2000,-1.5,"0.75(log(n))^2",0.58
156,1000,5,"T_Copula",2000,-1.5,"0.75(log(n))^2",0.19
157,1000,5,"T_Copula",2000,-1.5,"0.75(log(n))^2",0.65
158,1000,5,"T_Copula",2000,-1.5,"0.75(log(n))^2",0.67
159,1000,5,"T_Copula",2000,-1.5,"0.75(log(n))^2",0.63
160,1000,5,"T_Copula",2000,-1.5,"0.75(log(n))^2",0.77
161,1000,5,"T_Copula",2000,-1.5,"0.75(log(n))^2",0.26
162,1000,5,"T_Copula",2000,-1.5,"0.75(log(n))^2",0.9
163,1000,5,"T_Copula",2000,-1.5,"0.75(log(n))^2",0.46
164,1000,5,"T_Copula",2000,-1.5,"0.75(log(n))^2",0.99
165,1000,5,"T_Copula",2000,-1.5,"0.75(log(n))^2",0.78
166,1000,5,"T_Copula",2000,-1.5,"0.75(log(n))^2",0.45
167,1000,5,"T_Copula",2000,-1.5,"0.75(log(n))^2",0.9
168,1000,5,"T_Copula",2000,-1.5,"0.75(log(n))^2",0.98
169,1000,5,"T_Copula",2000,-1.5,"0.75(log(n))^2",0.22
170,1000,5,"T_Copula",2000,-1.5,"0.75(log(n))^2",0.48
171,1000,5,"T_Copula",2000,-1.5,"0.75(log(n))^2",0.26
172,1000,5,"T_Copula",2000,-1.5,"0.75(log(n))^2",0.66
173,1000,5,"T_Copula",2000,-1.5,"0.75(log(n))^2",0.99
174,1000,5,"T_Copula",2000,-1.5,"0.75(log(n))^2",0.23
175,1000,5,"T_Copula",2000,-1.5,"0.75(log(n))^2",0.9
176,1000,5,"T_Copula",2000,-1.5,"0.75(log(n))^2",0.41
177,1000,5,"T_Copula",2000,-1.5,"0.75(log(n))^2",0.28
178,1000,5,"T_Copula",2000,-1.5,"0.75(log(n))^2",0.07
179,1000,5,"T_Copula",2000,-1.5,"0.75(log(n))^2",0.88
180,1000,5,"T_Copula",2000,-1.5,"0.75(log(n))^2",0.91
181,1000,5,"T_Copula",2000,-1.5,"0.75(log(n))^2",0.06
182,1000,5,"T_Copula",2000,-1.5,"0.75(log(n))^2",0.98
183,1000,5,"T_Copula",2000,-1.5,"0.75(log(n))^2",0.56
184,1000,5,"T_Copula",2000,-1.5,"0.75(log(n))^2",0.74
185,1000,5,"T_Copula",2000,-1.5,"0.75(log(n))^2",0.63
186,1000,5,"T_Copula",2000,-1.5,"0.75(log(n))^2",0.3
187,1000,5,"T_Copula",2000,-1.5,"0.75(log(n))^2",0.92
188,1000,5,"T_Copula",2000,-1.5,"0.75(log(n))^2",1
189,1000,5,"T_Copula",2000,-1.5,"0.75(log(n))^2",0.13
190,1000,5,"T_Copula",2000,-1.5,"0.75(log(n))^2",0.87
191,1000,5,"T_Copula",2000,-1.5,"0.75(log(n))^2",1
192,1000,5,"T_Copula",2000,-1.5,"0.75(log(n))^2",0.76
193,1000,5,"T_Copula",2000,-1.5,"0.75(log(n))^2",0.5
194,1000,5,"T_Copula",2000,-1.5,"0.75(log(n))^2",0.42
195,1000,5,"T_Copula",2000,-1.5,"0.75(log(n))^2",0.08
196,1000,5,"T_Copula",2000,-1.5,"0.75(log(n))^2",0.88
197,1000,5,"T_Copula",2000,-1.5,"0.75(log(n))^2",0.47
198,1000,5,"T_Copula",2000,-1.5,"0.75(log(n))^2",0.55
199,1000,5,"T_Copula",2000,-1.5,"0.75(log(n))^2",1
200,1000,5,"T_Copula",2000,-1.5,"0.75(log(n))^2",0.35
201,1000,5,"T_Copula",2000,-1.5,"0.75(log(n))^2",0.89
202,1000,5,"T_Copula",2000,-1.5,"0.75(log(n))^2",0.15
203,1000,5,"T_Copula",2000,-1.5,"0.75(log(n))^2",0.86
204,1000,5,"T_Copula",2000,-1.5,"0.75(log(n))^2",0.8
205,1000,5,"T_Copula",2000,-1.5,"0.75(log(n))^2",0.49
206,1000,5,"T_Copula",2000,-1.5,"0.75(log(n))^2",0.42
207,1000,5,"T_Copula",2000,-1.5,"0.75(log(n))^2",0.4
208,1000,5,"T_Copula",2000,-1.5,"0.75(log(n))^2",0.03
209,1000,5,"T_Copula",2000,-1.5,"0.75(log(n))^2",0.37
210,1000,5,"T_Copula",2000,-1.5,"0.75(log(n))^2",0.14
211,1000,5,"T_Copula",2000,-1.5,"0.75(log(n))^2",0.9
212,1000,5,"T_Copula",2000,-1.5,"0.75(log(n))^2",0.39
213,1000,5,"T_Copula",2000,-1.5,"0.75(log(n))^2",0.67
214,1000,5,"T_Copula",2000,-1.5,"0.75(log(n))^2",0.44
215,1000,5,"T_Copula",2000,-1.5,"0.75(log(n))^2",0.9
216,1000,5,"T_Copula",2000,-1.5,"0.75(log(n))^2",0.78
217,1000,5,"T_Copula",2000,-1.5,"0.75(log(n))^2",0.7
218,1000,5,"T_Copula",2000,-1.5,"0.75(log(n))^2",0.73
219,1000,5,"T_Copula",2000,-1.5,"0.75(log(n))^2",0.17
220,1000,5,"T_Copula",2000,-1.5,"0.75(log(n))^2",0.22
221,1000,5,"T_Copula",2000,-1.5,"0.75(log(n))^2",0.77
222,1000,5,"T_Copula",2000,-1.5,"0.75(log(n))^2",0.37
223,1000,5,"T_Copula",2000,-1.5,"0.75(log(n))^2",0.1
224,1000,5,"T_Copula",2000,-1.5,"0.75(log(n))^2",0.77
225,1000,5,"T_Copula",2000,-1.5,"0.75(log(n))^2",0.74
226,1000,5,"T_Copula",2000,-1.5,"0.75(log(n))^2",0.39
227,1000,5,"T_Copula",2000,-1.5,"0.75(log(n))^2",0.95
228,1000,5,"T_Copula",2000,-1.5,"0.75(log(n))^2",0.36
229,1000,5,"T_Copula",2000,-1.5,"0.75(log(n))^2",0.61
230,1000,5,"T_Copula",2000,-1.5,"0.75(log(n))^2",0.35
231,1000,5,"T_Copula",2000,-1.5,"0.75(log(n))^2",0.86
232,1000,5,"T_Copula",2000,-1.5,"0.75(log(n))^2",0.98
233,1000,5,"T_Copula",2000,-1.5,"0.75(log(n))^2",0.66
234,1000,5,"T_Copula",2000,-1.5,"0.75(log(n))^2",0.27
235,1000,5,"T_Copula",2000,-1.5,"0.75(log(n))^2",0.38
236,1000,5,"T_Copula",2000,-1.5,"0.75(log(n))^2",1
237,1000,5,"T_Copula",2000,-1.5,"0.75(log(n))^2",0.19
238,1000,5,"T_Copula",2000,-1.5,"0.75(log(n))^2",0.06
239,1000,5,"T_Copula",2000,-1.5,"0.75(log(n))^2",0.63
240,1000,5,"T_Copula",2000,-1.5,"0.75(log(n))^2",0.92
241,1000,5,"T_Copula",2000,-1.5,"0.75(log(n))^2",0
242,1000,5,"T_Copula",2000,-1.5,"0.75(log(n))^2",0.64
243,1000,5,"T_Copula",2000,-1.5,"0.75(log(n))^2",0.06
244,1000,5,"T_Copula",2000,-1.5,"0.75(log(n))^2",0.98
245,1000,5,"T_Copula",2000,-1.5,"0.75(log(n))^2",0.9
246,1000,5,"T_Copula",2000,-1.5,"0.75(log(n))^2",0
247,1000,5,"T_Copula",2000,-1.5,"0.75(log(n))^2",0.71
248,1000,5,"T_Copula",2000,-1.5,"0.75(log(n))^2",0.12
249,1000,5,"T_Copula",2000,-1.5,"0.75(log(n))^2",0.98
250,1000,5,"T_Copula",2000,-1.5,"0.75(log(n))^2",0.42
251,1000,5,"T_Copula",2000,-1.5,"0.75(log(n))^2",0.61
252,1000,5,"T_Copula",2000,-1.5,"0.75(log(n))^2",0.37
253,1000,5,"T_Copula",2000,-1.5,"0.75(log(n))^2",0.37
254,1000,5,"T_Copula",2000,-1.5,"0.75(log(n))^2",0.86
255,1000,5,"T_Copula",2000,-1.5,"0.75(log(n))^2",0.39
256,1000,5,"T_Copula",2000,-1.5,"0.75(log(n))^2",0.8
257,1000,5,"T_Copula",2000,-1.5,"0.75(log(n))^2",0.84
258,1000,5,"T_Copula",2000,-1.5,"0.75(log(n))^2",0.79
259,1000,5,"T_Copula",2000,-1.5,"0.75(log(n))^2",0.17
260,1000,5,"T_Copula",2000,-1.5,"0.75(log(n))^2",0.56
261,1000,5,"T_Copula",2000,-1.5,"0.75(log(n))^2",0.94
262,1000,5,"T_Copula",2000,-1.5,"0.75(log(n))^2",0.99
263,1000,5,"T_Copula",2000,-1.5,"0.75(log(n))^2",0.42
264,1000,5,"T_Copula",2000,-1.5,"0.75(log(n))^2",0.27
265,1000,5,"T_Copula",2000,-1.5,"0.75(log(n))^2",0.47
266,1000,5,"T_Copula",2000,-1.5,"0.75(log(n))^2",0.94
267,1000,5,"T_Copula",2000,-1.5,"0.75(log(n))^2",0.73
268,1000,5,"T_Copula",2000,-1.5,"0.75(log(n))^2",0.39
269,1000,5,"T_Copula",2000,-1.5,"0.75(log(n))^2",0.96
270,1000,5,"T_Copula",2000,-1.5,"0.75(log(n))^2",0.87
271,1000,5,"T_Copula",2000,-1.5,"0.75(log(n))^2",0.31
272,1000,5,"T_Copula",2000,-1.5,"0.75(log(n))^2",0.25
273,1000,5,"T_Copula",2000,-1.5,"0.75(log(n))^2",0.99
274,1000,5,"T_Copula",2000,-1.5,"0.75(log(n))^2",0.12
275,1000,5,"T_Copula",2000,-1.5,"0.75(log(n))^2",0.23
276,1000,5,"T_Copula",2000,-1.5,"0.75(log(n))^2",0.02
277,1000,5,"T_Copula",2000,-1.5,"0.75(log(n))^2",1
278,1000,5,"T_Copula",2000,-1.5,"0.75(log(n))^2",0.89
279,1000,5,"T_Copula",2000,-1.5,"0.75(log(n))^2",0.71
280,1000,5,"T_Copula",2000,-1.5,"0.75(log(n))^2",0.79
281,1000,5,"T_Copula",2000,-1.5,"0.75(log(n))^2",0.16
282,1000,5,"T_Copula",2000,-1.5,"0.75(log(n))^2",0.64
283,1000,5,"T_Copula",2000,-1.5,"0.75(log(n))^2",0.78
284,1000,5,"T_Copula",2000,-1.5,"0.75(log(n))^2",0.25
285,1000,5,"T_Copula",2000,-1.5,"0.75(log(n))^2",0.35
286,1000,5,"T_Copula",2000,-1.5,"0.75(log(n))^2",0.56
287,1000,5,"T_Copula",2000,-1.5,"0.75(log(n))^2",0.31
288,1000,5,"T_Copula",2000,-1.5,"0.75(log(n))^2",0.31
289,1000,5,"T_Copula",2000,-1.5,"0.75(log(n))^2",0.74
290,1000,5,"T_Copula",2000,-1.5,"0.75(log(n))^2",0.35
291,1000,5,"T_Copula",2000,-1.5,"0.75(log(n))^2",0.19
292,1000,5,"T_Copula",2000,-1.5,"0.75(log(n))^2",0.96
293,1000,5,"T_Copula",2000,-1.5,"0.75(log(n))^2",0.47
294,1000,5,"T_Copula",2000,-1.5,"0.75(log(n))^2",0.28
295,1000,5,"T_Copula",2000,-1.5,"0.75(log(n))^2",0.02
296,1000,5,"T_Copula",2000,-1.5,"0.75(log(n))^2",0.93
297,1000,5,"T_Copula",2000,-1.5,"0.75(log(n))^2",0.19
298,1000,5,"T_Copula",2000,-1.5,"0.75(log(n))^2",0.99
299,1000,5,"T_Copula",2000,-1.5,"0.75(log(n))^2",0.86
300,1000,5,"T_Copula",2000,-1.5,"0.75(log(n))^2",0.71
301,1000,5,"T_Copula",2000,-1.5,"0.75(log(n))^2",0.3
302,1000,5,"T_Copula",2000,-1.5,"0.75(log(n))^2",0.91
303,1000,5,"T_Copula",2000,-1.5,"0.75(log(n))^2",0.28
304,1000,5,"T_Copula",2000,-1.5,"0.75(log(n))^2",0.02
305,1000,5,"T_Copula",2000,-1.5,"0.75(log(n))^2",0.55
306,1000,5,"T_Copula",2000,-1.5,"0.75(log(n))^2",0.87
307,1000,5,"T_Copula",2000,-1.5,"0.75(log(n))^2",0.72
308,1000,5,"T_Copula",2000,-1.5,"0.75(log(n))^2",0.21
309,1000,5,"T_Copula",2000,-1.5,"0.75(log(n))^2",0.53
310,1000,5,"T_Copula",2000,-1.5,"0.75(log(n))^2",0.99
311,1000,5,"T_Copula",2000,-1.5,"0.75(log(n))^2",0.18
312,1000,5,"T_Copula",2000,-1.5,"0.75(log(n))^2",1
313,1000,5,"T_Copula",2000,-1.5,"0.75(log(n))^2",0.1
314,1000,5,"T_Copula",2000,-1.5,"0.75(log(n))^2",1
315,1000,5,"T_Copula",2000,-1.5,"0.75(log(n))^2",0.24
316,1000,5,"T_Copula",2000,-1.5,"0.75(log(n))^2",0.98
317,1000,5,"T_Copula",2000,-1.5,"0.75(log(n))^2",0.97
318,1000,5,"T_Copula",2000,-1.5,"0.75(log(n))^2",0.64
319,1000,5,"T_Copula",2000,-1.5,"0.75(log(n))^2",0.82
320,1000,5,"T_Copula",2000,-1.5,"0.75(log(n))^2",0.48
321,1000,5,"T_Copula",2000,-1.5,"0.75(log(n))^2",0.63
322,1000,5,"T_Copula",2000,-1.5,"0.75(log(n))^2",0.76
323,1000,5,"T_Copula",2000,-1.5,"0.75(log(n))^2",0.41
324,1000,5,"T_Copula",2000,-1.5,"0.75(log(n))^2",0.64
325,1000,5,"T_Copula",2000,-1.5,"0.75(log(n))^2",0.5
326,1000,5,"T_Copula",2000,-1.5,"0.75(log(n))^2",0.27
327,1000,5,"T_Copula",2000,-1.5,"0.75(log(n))^2",0.01
328,1000,5,"T_Copula",2000,-1.5,"0.75(log(n))^2",0.27
329,1000,5,"T_Copula",2000,-1.5,"0.75(log(n))^2",0.53
330,1000,5,"T_Copula",2000,-1.5,"0.75(log(n))^2",0.6
331,1000,5,"T_Copula",2000,-1.5,"0.75(log(n))^2",1
332,1000,5,"T_Copula",2000,-1.5,"0.75(log(n))^2",1
333,1000,5,"T_Copula",2000,-1.5,"0.75(log(n))^2",0.32
334,1000,5,"T_Copula",2000,-1.5,"0.75(log(n))^2",0.87
335,1000,5,"T_Copula",2000,-1.5,"0.75(log(n))^2",0.87
336,1000,5,"T_Copula",2000,-1.5,"0.75(log(n))^2",0.42
337,1000,5,"T_Copula",2000,-1.5,"0.75(log(n))^2",0.19
338,1000,5,"T_Copula",2000,-1.5,"0.75(log(n))^2",0.54
339,1000,5,"T_Copula",2000,-1.5,"0.75(log(n))^2",0.86
340,1000,5,"T_Copula",2000,-1.5,"0.75(log(n))^2",0.62
341,1000,5,"T_Copula",2000,-1.5,"0.75(log(n))^2",0.81
342,1000,5,"T_Copula",2000,-1.5,"0.75(log(n))^2",0.75
343,1000,5,"T_Copula",2000,-1.5,"0.75(log(n))^2",0.54
344,1000,5,"T_Copula",2000,-1.5,"0.75(log(n))^2",0.44
345,1000,5,"T_Copula",2000,-1.5,"0.75(log(n))^2",0.49
346,1000,5,"T_Copula",2000,-1.5,"0.75(log(n))^2",0.87
347,1000,5,"T_Copula",2000,-1.5,"0.75(log(n))^2",0.23
348,1000,5,"T_Copula",2000,-1.5,"0.75(log(n))^2",0
349,1000,5,"T_Copula",2000,-1.5,"0.75(log(n))^2",0.74
350,1000,5,"T_Copula",2000,-1.5,"0.75(log(n))^2",0.22
351,1000,5,"T_Copula",2000,-1.5,"0.75(log(n))^2",0.83
352,1000,5,"T_Copula",2000,-1.5,"0.75(log(n))^2",0.81
353,1000,5,"T_Copula",2000,-1.5,"0.75(log(n))^2",0.59
354,1000,5,"T_Copula",2000,-1.5,"0.75(log(n))^2",0.99
355,1000,5,"T_Copula",2000,-1.5,"0.75(log(n))^2",0.93
356,1000,5,"T_Copula",2000,-1.5,"0.75(log(n))^2",0.7
357,1000,5,"T_Copula",2000,-1.5,"0.75(log(n))^2",0.88
358,1000,5,"T_Copula",2000,-1.5,"0.75(log(n))^2",0.66
359,1000,5,"T_Copula",2000,-1.5,"0.75(log(n))^2",0.09
360,1000,5,"T_Copula",2000,-1.5,"0.75(log(n))^2",0.97
361,1000,5,"T_Copula",2000,-1.5,"0.75(log(n))^2",0.57
362,1000,5,"T_Copula",2000,-1.5,"0.75(log(n))^2",0.98
363,1000,5,"T_Copula",2000,-1.5,"0.75(log(n))^2",0.87
364,1000,5,"T_Copula",2000,-1.5,"0.75(log(n))^2",0.71
365,1000,5,"T_Copula",2000,-1.5,"0.75(log(n))^2",0.19
366,1000,5,"T_Copula",2000,-1.5,"0.75(log(n))^2",0.63
367,1000,5,"T_Copula",2000,-1.5,"0.75(log(n))^2",0.16
368,1000,5,"T_Copula",2000,-1.5,"0.75(log(n))^2",0.76
369,1000,5,"T_Copula",2000,-1.5,"0.75(log(n))^2",0.26
370,1000,5,"T_Copula",2000,-1.5,"0.75(log(n))^2",0.01
371,1000,5,"T_Copula",2000,-1.5,"0.75(log(n))^2",0.68
372,1000,5,"T_Copula",2000,-1.5,"0.75(log(n))^2",0.71
373,1000,5,"T_Copula",2000,-1.5,"0.75(log(n))^2",0.18
374,1000,5,"T_Copula",2000,-1.5,"0.75(log(n))^2",0.24
375,1000,5,"T_Copula",2000,-1.5,"0.75(log(n))^2",1
376,1000,5,"T_Copula",2000,-1.5,"0.75(log(n))^2",0.01
377,1000,5,"T_Copula",2000,-1.5,"0.75(log(n))^2",0.58
378,1000,5,"T_Copula",2000,-1.5,"0.75(log(n))^2",0.91
379,1000,5,"T_Copula",2000,-1.5,"0.75(log(n))^2",0.63
380,1000,5,"T_Copula",2000,-1.5,"0.75(log(n))^2",0.24
381,1000,5,"T_Copula",2000,-1.5,"0.75(log(n))^2",0.73
382,1000,5,"T_Copula",2000,-1.5,"0.75(log(n))^2",0.36
383,1000,5,"T_Copula",2000,-1.5,"0.75(log(n))^2",0.84
384,1000,5,"T_Copula",2000,-1.5,"0.75(log(n))^2",0.25
385,1000,5,"T_Copula",2000,-1.5,"0.75(log(n))^2",0.45
386,1000,5,"T_Copula",2000,-1.5,"0.75(log(n))^2",0.7
387,1000,5,"T_Copula",2000,-1.5,"0.75(log(n))^2",0.5
388,1000,5,"T_Copula",2000,-1.5,"0.75(log(n))^2",0.76
389,1000,5,"T_Copula",2000,-1.5,"0.75(log(n))^2",0.32
390,1000,5,"T_Copula",2000,-1.5,"0.75(log(n))^2",0.84
391,1000,5,"T_Copula",2000,-1.5,"0.75(log(n))^2",0.35
392,1000,5,"T_Copula",2000,-1.5,"0.75(log(n))^2",0.75
393,1000,5,"T_Copula",2000,-1.5,"0.75(log(n))^2",0.4
394,1000,5,"T_Copula",2000,-1.5,"0.75(log(n))^2",0.95
395,1000,5,"T_Copula",2000,-1.5,"0.75(log(n))^2",0.77
396,1000,5,"T_Copula",2000,-1.5,"0.75(log(n))^2",0.39
397,1000,5,"T_Copula",2000,-1.5,"0.75(log(n))^2",0.88
398,1000,5,"T_Copula",2000,-1.5,"0.75(log(n))^2",0.63
399,1000,5,"T_Copula",2000,-1.5,"0.75(log(n))^2",0.78
400,1000,5,"T_Copula",2000,-1.5,"0.75(log(n))^2",0.44
401,1000,5,"T_Copula",2000,-1.5,"0.75(log(n))^2",0.72
402,1000,5,"T_Copula",2000,-1.5,"0.75(log(n))^2",0.73
403,1000,5,"T_Copula",2000,-1.5,"0.75(log(n))^2",0.85
404,1000,5,"T_Copula",2000,-1.5,"0.75(log(n))^2",0.12
405,1000,5,"T_Copula",2000,-1.5,"0.75(log(n))^2",0.57
406,1000,5,"T_Copula",2000,-1.5,"0.75(log(n))^2",0.93
407,1000,5,"T_Copula",2000,-1.5,"0.75(log(n))^2",0.29
408,1000,5,"T_Copula",2000,-1.5,"0.75(log(n))^2",0.94
409,1000,5,"T_Copula",2000,-1.5,"0.75(log(n))^2",0.93
410,1000,5,"T_Copula",2000,-1.5,"0.75(log(n))^2",0.97
411,1000,5,"T_Copula",2000,-1.5,"0.75(log(n))^2",0.71
412,1000,5,"T_Copula",2000,-1.5,"0.75(log(n))^2",0.37
413,1000,5,"T_Copula",2000,-1.5,"0.75(log(n))^2",0.76
414,1000,5,"T_Copula",2000,-1.5,"0.75(log(n))^2",0.34
415,1000,5,"T_Copula",2000,-1.5,"0.75(log(n))^2",0.44
416,1000,5,"T_Copula",2000,-1.5,"0.75(log(n))^2",0.49
417,1000,5,"T_Copula",2000,-1.5,"0.75(log(n))^2",0.66
418,1000,5,"T_Copula",2000,-1.5,"0.75(log(n))^2",0.76
419,1000,5,"T_Copula",2000,-1.5,"0.75(log(n))^2",0.54
420,1000,5,"T_Copula",2000,-1.5,"0.75(log(n))^2",0.79
421,1000,5,"T_Copula",2000,-1.5,"0.75(log(n))^2",0.31
422,1000,5,"T_Copula",2000,-1.5,"0.75(log(n))^2",0.51
423,1000,5,"T_Copula",2000,-1.5,"0.75(log(n))^2",0.91
424,1000,5,"T_Copula",2000,-1.5,"0.75(log(n))^2",0.29
425,1000,5,"T_Copula",2000,-1.5,"0.75(log(n))^2",0.83
426,1000,5,"T_Copula",2000,-1.5,"0.75(log(n))^2",0.65
427,1000,5,"T_Copula",2000,-1.5,"0.75(log(n))^2",0.27
428,1000,5,"T_Copula",2000,-1.5,"0.75(log(n))^2",0.83
429,1000,5,"T_Copula",2000,-1.5,"0.75(log(n))^2",0.96
430,1000,5,"T_Copula",2000,-1.5,"0.75(log(n))^2",0.78
431,1000,5,"T_Copula",2000,-1.5,"0.75(log(n))^2",0.86
432,1000,5,"T_Copula",2000,-1.5,"0.75(log(n))^2",0.47
433,1000,5,"T_Copula",2000,-1.5,"0.75(log(n))^2",0.74
434,1000,5,"T_Copula",2000,-1.5,"0.75(log(n))^2",0.85
435,1000,5,"T_Copula",2000,-1.5,"0.75(log(n))^2",0.98
436,1000,5,"T_Copula",2000,-1.5,"0.75(log(n))^2",1
437,1000,5,"T_Copula",2000,-1.5,"0.75(log(n))^2",0.74
438,1000,5,"T_Copula",2000,-1.5,"0.75(log(n))^2",0.54
439,1000,5,"T_Copula",2000,-1.5,"0.75(log(n))^2",0.25
440,1000,5,"T_Copula",2000,-1.5,"0.75(log(n))^2",0.2
441,1000,5,"T_Copula",2000,-1.5,"0.75(log(n))^2",0.66
442,1000,5,"T_Copula",2000,-1.5,"0.75(log(n))^2",0.01
443,1000,5,"T_Copula",2000,-1.5,"0.75(log(n))^2",0.85
444,1000,5,"T_Copula",2000,-1.5,"0.75(log(n))^2",0.12
445,1000,5,"T_Copula",2000,-1.5,"0.75(log(n))^2",0.19
446,1000,5,"T_Copula",2000,-1.5,"0.75(log(n))^2",0.6
447,1000,5,"T_Copula",2000,-1.5,"0.75(log(n))^2",0.47
448,1000,5,"T_Copula",2000,-1.5,"0.75(log(n))^2",0.69
449,1000,5,"T_Copula",2000,-1.5,"0.75(log(n))^2",0.98
450,1000,5,"T_Copula",2000,-1.5,"0.75(log(n))^2",0.78
451,1000,5,"T_Copula",2000,-1.5,"0.75(log(n))^2",0.71
452,1000,5,"T_Copula",2000,-1.5,"0.75(log(n))^2",0.09
453,1000,5,"T_Copula",2000,-1.5,"0.75(log(n))^2",0.79
454,1000,5,"T_Copula",2000,-1.5,"0.75(log(n))^2",0.06
455,1000,5,"T_Copula",2000,-1.5,"0.75(log(n))^2",0.2
456,1000,5,"T_Copula",2000,-1.5,"0.75(log(n))^2",0.21
457,1000,5,"T_Copula",2000,-1.5,"0.75(log(n))^2",0.96
458,1000,5,"T_Copula",2000,-1.5,"0.75(log(n))^2",0.46
459,1000,5,"T_Copula",2000,-1.5,"0.75(log(n))^2",0.51
460,1000,5,"T_Copula",2000,-1.5,"0.75(log(n))^2",0.57
461,1000,5,"T_Copula",2000,-1.5,"0.75(log(n))^2",0.07
462,1000,5,"T_Copula",2000,-1.5,"0.75(log(n))^2",0.56
463,1000,5,"T_Copula",2000,-1.5,"0.75(log(n))^2",0.72
464,1000,5,"T_Copula",2000,-1.5,"0.75(log(n))^2",0.15
465,1000,5,"T_Copula",2000,-1.5,"0.75(log(n))^2",0.5
466,1000,5,"T_Copula",2000,-1.5,"0.75(log(n))^2",0.47
467,1000,5,"T_Copula",2000,-1.5,"0.75(log(n))^2",0.45
468,1000,5,"T_Copula",2000,-1.5,"0.75(log(n))^2",0.04
469,1000,5,"T_Copula",2000,-1.5,"0.75(log(n))^2",0.57
470,1000,5,"T_Copula",2000,-1.5,"0.75(log(n))^2",0.57
471,1000,5,"T_Copula",2000,-1.5,"0.75(log(n))^2",0.32
472,1000,5,"T_Copula",2000,-1.5,"0.75(log(n))^2",0.89
473,1000,5,"T_Copula",2000,-1.5,"0.75(log(n))^2",0.88
474,1000,5,"T_Copula",2000,-1.5,"0.75(log(n))^2",0.96
475,1000,5,"T_Copula",2000,-1.5,"0.75(log(n))^2",0.15
476,1000,5,"T_Copula",2000,-1.5,"0.75(log(n))^2",0.34
477,1000,5,"T_Copula",2000,-1.5,"0.75(log(n))^2",0.94
478,1000,5,"T_Copula",2000,-1.5,"0.75(log(n))^2",0.45
479,1000,5,"T_Copula",2000,-1.5,"0.75(log(n))^2",0.58
480,1000,5,"T_Copula",2000,-1.5,"0.75(log(n))^2",0.82
481,1000,5,"T_Copula",2000,-1.5,"0.75(log(n))^2",0.32
482,1000,5,"T_Copula",2000,-1.5,"0.75(log(n))^2",0.15
483,1000,5,"T_Copula",2000,-1.5,"0.75(log(n))^2",0.37
484,1000,5,"T_Copula",2000,-1.5,"0.75(log(n))^2",0.87
485,1000,5,"T_Copula",2000,-1.5,"0.75(log(n))^2",0.59
486,1000,5,"T_Copula",2000,-1.5,"0.75(log(n))^2",0.55
487,1000,5,"T_Copula",2000,-1.5,"0.75(log(n))^2",0.49
488,1000,5,"T_Copula",2000,-1.5,"0.75(log(n))^2",0.69
489,1000,5,"T_Copula",2000,-1.5,"0.75(log(n))^2",0.93
490,1000,5,"T_Copula",2000,-1.5,"0.75(log(n))^2",0.86
491,1000,5,"T_Copula",2000,-1.5,"0.75(log(n))^2",0.7
492,1000,5,"T_Copula",2000,-1.5,"0.75(log(n))^2",0.72
493,1000,5,"T_Copula",2000,-1.5,"0.75(log(n))^2",0.79
494,1000,5,"T_Copula",2000,-1.5,"0.75(log(n))^2",0.02
495,1000,5,"T_Copula",2000,-1.5,"0.75(log(n))^2",0.38
496,1000,5,"T_Copula",2000,-1.5,"0.75(log(n))^2",0.98
497,1000,5,"T_Copula",2000,-1.5,"0.75(log(n))^2",0.68
498,1000,5,"T_Copula",2000,-1.5,"0.75(log(n))^2",0.58
499,1000,5,"T_Copula",2000,-1.5,"0.75(log(n))^2",0.22
500,1000,5,"T_Copula",2000,-1.5,"0.75(log(n))^2",0.52
501,1000,5,"T_Copula",2000,-1.5,"0.75(log(n))^2",0.33
502,1000,5,"T_Copula",2000,-1.5,"0.75(log(n))^2",0.9
503,1000,5,"T_Copula",2000,-1.5,"0.75(log(n))^2",0.18
504,1000,5,"T_Copula",2000,-1.5,"0.75(log(n))^2",0.5
505,1000,5,"T_Copula",2000,-1.5,"0.75(log(n))^2",0.37
506,1000,5,"T_Copula",2000,-1.5,"0.75(log(n))^2",0.83
507,1000,5,"T_Copula",2000,-1.5,"0.75(log(n))^2",0.78
508,1000,5,"T_Copula",2000,-1.5,"0.75(log(n))^2",0.06
509,1000,5,"T_Copula",2000,-1.5,"0.75(log(n))^2",0.05
510,1000,5,"T_Copula",2000,-1.5,"0.75(log(n))^2",0.7
511,1000,5,"T_Copula",2000,-1.5,"0.75(log(n))^2",0.75
512,1000,5,"T_Copula",2000,-1.5,"0.75(log(n))^2",0.47
513,1000,5,"T_Copula",2000,-1.5,"0.75(log(n))^2",0.53
514,1000,5,"T_Copula",2000,-1.5,"0.75(log(n))^2",0.09
515,1000,5,"T_Copula",2000,-1.5,"0.75(log(n))^2",0.93
516,1000,5,"T_Copula",2000,-1.5,"0.75(log(n))^2",0.37
517,1000,5,"T_Copula",2000,-1.5,"0.75(log(n))^2",0.51
518,1000,5,"T_Copula",2000,-1.5,"0.75(log(n))^2",0.43
519,1000,5,"T_Copula",2000,-1.5,"0.75(log(n))^2",0.18
520,1000,5,"T_Copula",2000,-1.5,"0.75(log(n))^2",0.57
521,1000,5,"T_Copula",2000,-1.5,"0.75(log(n))^2",0.58
522,1000,5,"T_Copula",2000,-1.5,"0.75(log(n))^2",0.77
523,1000,5,"T_Copula",2000,-1.5,"0.75(log(n))^2",0.86
524,1000,5,"T_Copula",2000,-1.5,"0.75(log(n))^2",0.87
525,1000,5,"T_Copula",2000,-1.5,"0.75(log(n))^2",0.75
526,1000,5,"T_Copula",2000,-1.5,"0.75(log(n))^2",0.25
527,1000,5,"T_Copula",2000,-1.5,"0.75(log(n))^2",0.4
528,1000,5,"T_Copula",2000,-1.5,"0.75(log(n))^2",0.38
529,1000,5,"T_Copula",2000,-1.5,"0.75(log(n))^2",0.33
530,1000,5,"T_Copula",2000,-1.5,"0.75(log(n))^2",0.5
531,1000,5,"T_Copula",2000,-1.5,"0.75(log(n))^2",0.12
532,1000,5,"T_Copula",2000,-1.5,"0.75(log(n))^2",0.86
533,1000,5,"T_Copula",2000,-1.5,"0.75(log(n))^2",0.24
534,1000,5,"T_Copula",2000,-1.5,"0.75(log(n))^2",0.66
535,1000,5,"T_Copula",2000,-1.5,"0.75(log(n))^2",0.36
536,1000,5,"T_Copula",2000,-1.5,"0.75(log(n))^2",1
537,1000,5,"T_Copula",2000,-1.5,"0.75(log(n))^2",0.12
538,1000,5,"T_Copula",2000,-1.5,"0.75(log(n))^2",0.41
539,1000,5,"T_Copula",2000,-1.5,"0.75(log(n))^2",0.18
540,1000,5,"T_Copula",2000,-1.5,"0.75(log(n))^2",0.91
541,1000,5,"T_Copula",2000,-1.5,"0.75(log(n))^2",0
542,1000,5,"T_Copula",2000,-1.5,"0.75(log(n))^2",0.53
543,1000,5,"T_Copula",2000,-1.5,"0.75(log(n))^2",0.18
544,1000,5,"T_Copula",2000,-1.5,"0.75(log(n))^2",0.69
545,1000,5,"T_Copula",2000,-1.5,"0.75(log(n))^2",0.52
546,1000,5,"T_Copula",2000,-1.5,"0.75(log(n))^2",0.43
547,1000,5,"T_Copula",2000,-1.5,"0.75(log(n))^2",0.02
548,1000,5,"T_Copula",2000,-1.5,"0.75(log(n))^2",0.72
549,1000,5,"T_Copula",2000,-1.5,"0.75(log(n))^2",0
550,1000,5,"T_Copula",2000,-1.5,"0.75(log(n))^2",0.78
551,1000,5,"T_Copula",2000,-1.5,"0.75(log(n))^2",0.69
552,1000,5,"T_Copula",2000,-1.5,"0.75(log(n))^2",0.53
553,1000,5,"T_Copula",2000,-1.5,"0.75(log(n))^2",0.71
554,1000,5,"T_Copula",2000,-1.5,"0.75(log(n))^2",0.73
555,1000,5,"T_Copula",2000,-1.5,"0.75(log(n))^2",0.51
556,1000,5,"T_Copula",2000,-1.5,"0.75(log(n))^2",0.74
557,1000,5,"T_Copula",2000,-1.5,"0.75(log(n))^2",0.63
558,1000,5,"T_Copula",2000,-1.5,"0.75(log(n))^2",0.93
559,1000,5,"T_Copula",2000,-1.5,"0.75(log(n))^2",0.9
560,1000,5,"T_Copula",2000,-1.5,"0.75(log(n))^2",0.81
561,1000,5,"T_Copula",2000,-1.5,"0.75(log(n))^2",0.33
562,1000,5,"T_Copula",2000,-1.5,"0.75(log(n))^2",0.01
563,1000,5,"T_Copula",2000,-1.5,"0.75(log(n))^2",0.51
564,1000,5,"T_Copula",2000,-1.5,"0.75(log(n))^2",0.96
565,1000,5,"T_Copula",2000,-1.5,"0.75(log(n))^2",0.06
566,1000,5,"T_Copula",2000,-1.5,"0.75(log(n))^2",0.34
567,1000,5,"T_Copula",2000,-1.5,"0.75(log(n))^2",0.99
568,1000,5,"T_Copula",2000,-1.5,"0.75(log(n))^2",0.05
569,1000,5,"T_Copula",2000,-1.5,"0.75(log(n))^2",0.17
570,1000,5,"T_Copula",2000,-1.5,"0.75(log(n))^2",0.22
571,1000,5,"T_Copula",2000,-1.5,"0.75(log(n))^2",0.57
572,1000,5,"T_Copula",2000,-1.5,"0.75(log(n))^2",0.28
573,1000,5,"T_Copula",2000,-1.5,"0.75(log(n))^2",0.28
574,1000,5,"T_Copula",2000,-1.5,"0.75(log(n))^2",0.15
575,1000,5,"T_Copula",2000,-1.5,"0.75(log(n))^2",0.66
576,1000,5,"T_Copula",2000,-1.5,"0.75(log(n))^2",0.1
577,1000,5,"T_Copula",2000,-1.5,"0.75(log(n))^2",0.86
578,1000,5,"T_Copula",2000,-1.5,"0.75(log(n))^2",0.64
579,1000,5,"T_Copula",2000,-1.5,"0.75(log(n))^2",0.15
580,1000,5,"T_Copula",2000,-1.5,"0.75(log(n))^2",0.69
581,1000,5,"T_Copula",2000,-1.5,"0.75(log(n))^2",0.48
582,1000,5,"T_Copula",2000,-1.5,"0.75(log(n))^2",0.92
583,1000,5,"T_Copula",2000,-1.5,"0.75(log(n))^2",0.07
584,1000,5,"T_Copula",2000,-1.5,"0.75(log(n))^2",0.06
585,1000,5,"T_Copula",2000,-1.5,"0.75(log(n))^2",0.52
586,1000,5,"T_Copula",2000,-1.5,"0.75(log(n))^2",0.54
587,1000,5,"T_Copula",2000,-1.5,"0.75(log(n))^2",0.39
588,1000,5,"T_Copula",2000,-1.5,"0.75(log(n))^2",0.62
589,1000,5,"T_Copula",2000,-1.5,"0.75(log(n))^2",0.64
590,1000,5,"T_Copula",2000,-1.5,"0.75(log(n))^2",0.97
591,1000,5,"T_Copula",2000,-1.5,"0.75(log(n))^2",0.76
592,1000,5,"T_Copula",2000,-1.5,"0.75(log(n))^2",0.82
593,1000,5,"T_Copula",2000,-1.5,"0.75(log(n))^2",0.7
594,1000,5,"T_Copula",2000,-1.5,"0.75(log(n))^2",0.26
595,1000,5,"T_Copula",2000,-1.5,"0.75(log(n))^2",0.86
596,1000,5,"T_Copula",2000,-1.5,"0.75(log(n))^2",0.1
597,1000,5,"T_Copula",2000,-1.5,"0.75(log(n))^2",0.6
598,1000,5,"T_Copula",2000,-1.5,"0.75(log(n))^2",0.35
599,1000,5,"T_Copula",2000,-1.5,"0.75(log(n))^2",0.99
600,1000,5,"T_Copula",2000,-1.5,"0.75(log(n))^2",0.54
601,1000,5,"T_Copula",2000,-1.5,"0.75(log(n))^2",0.98
602,1000,5,"T_Copula",2000,-1.5,"0.75(log(n))^2",0.83
603,1000,5,"T_Copula",2000,-1.5,"0.75(log(n))^2",0.81
604,1000,5,"T_Copula",2000,-1.5,"0.75(log(n))^2",0.11
605,1000,5,"T_Copula",2000,-1.5,"0.75(log(n))^2",0.78
606,1000,5,"T_Copula",2000,-1.5,"0.75(log(n))^2",0.89
607,1000,5,"T_Copula",2000,-1.5,"0.75(log(n))^2",0.18
608,1000,5,"T_Copula",2000,-1.5,"0.75(log(n))^2",0.48
609,1000,5,"T_Copula",2000,-1.5,"0.75(log(n))^2",0.13
610,1000,5,"T_Copula",2000,-1.5,"0.75(log(n))^2",0.01
611,1000,5,"T_Copula",2000,-1.5,"0.75(log(n))^2",0.5
612,1000,5,"T_Copula",2000,-1.5,"0.75(log(n))^2",0.83
613,1000,5,"T_Copula",2000,-1.5,"0.75(log(n))^2",0.67
614,1000,5,"T_Copula",2000,-1.5,"0.75(log(n))^2",0.35
615,1000,5,"T_Copula",2000,-1.5,"0.75(log(n))^2",0.46
616,1000,5,"T_Copula",2000,-1.5,"0.75(log(n))^2",0.98
617,1000,5,"T_Copula",2000,-1.5,"0.75(log(n))^2",0.42
618,1000,5,"T_Copula",2000,-1.5,"0.75(log(n))^2",0.55
619,1000,5,"T_Copula",2000,-1.5,"0.75(log(n))^2",0.63
620,1000,5,"T_Copula",2000,-1.5,"0.75(log(n))^2",0.78
621,1000,5,"T_Copula",2000,-1.5,"0.75(log(n))^2",0.59
622,1000,5,"T_Copula",2000,-1.5,"0.75(log(n))^2",0.26
623,1000,5,"T_Copula",2000,-1.5,"0.75(log(n))^2",0.6
624,1000,5,"T_Copula",2000,-1.5,"0.75(log(n))^2",0.4
625,1000,5,"T_Copula",2000,-1.5,"0.75(log(n))^2",0.34
626,1000,5,"T_Copula",2000,-1.5,"0.75(log(n))^2",0.63
627,1000,5,"T_Copula",2000,-1.5,"0.75(log(n))^2",0.78
628,1000,5,"T_Copula",2000,-1.5,"0.75(log(n))^2",0.35
629,1000,5,"T_Copula",2000,-1.5,"0.75(log(n))^2",1
630,1000,5,"T_Copula",2000,-1.5,"0.75(log(n))^2",0.22
631,1000,5,"T_Copula",2000,-1.5,"0.75(log(n))^2",0.46
632,1000,5,"T_Copula",2000,-1.5,"0.75(log(n))^2",0.98
633,1000,5,"T_Copula",2000,-1.5,"0.75(log(n))^2",0.96
634,1000,5,"T_Copula",2000,-1.5,"0.75(log(n))^2",0.06
635,1000,5,"T_Copula",2000,-1.5,"0.75(log(n))^2",0.19
636,1000,5,"T_Copula",2000,-1.5,"0.75(log(n))^2",1
637,1000,5,"T_Copula",2000,-1.5,"0.75(log(n))^2",0.68
638,1000,5,"T_Copula",2000,-1.5,"0.75(log(n))^2",1
639,1000,5,"T_Copula",2000,-1.5,"0.75(log(n))^2",0.35
640,1000,5,"T_Copula",2000,-1.5,"0.75(log(n))^2",0.95
641,1000,5,"T_Copula",2000,-1.5,"0.75(log(n))^2",0.85
642,1000,5,"T_Copula",2000,-1.5,"0.75(log(n))^2",0.67
643,1000,5,"T_Copula",2000,-1.5,"0.75(log(n))^2",0.92
644,1000,5,"T_Copula",2000,-1.5,"0.75(log(n))^2",0.56
645,1000,5,"T_Copula",2000,-1.5,"0.75(log(n))^2",0.99
646,1000,5,"T_Copula",2000,-1.5,"0.75(log(n))^2",0.71
647,1000,5,"T_Copula",2000,-1.5,"0.75(log(n))^2",0.98
648,1000,5,"T_Copula",2000,-1.5,"0.75(log(n))^2",0.99
649,1000,5,"T_Copula",2000,-1.5,"0.75(log(n))^2",0.73
650,1000,5,"T_Copula",2000,-1.5,"0.75(log(n))^2",0.58
651,1000,5,"T_Copula",2000,-1.5,"0.75(log(n))^2",0.33
652,1000,5,"T_Copula",2000,-1.5,"0.75(log(n))^2",0.91
653,1000,5,"T_Copula",2000,-1.5,"0.75(log(n))^2",0.41
654,1000,5,"T_Copula",2000,-1.5,"0.75(log(n))^2",0.26
655,1000,5,"T_Copula",2000,-1.5,"0.75(log(n))^2",0.89
656,1000,5,"T_Copula",2000,-1.5,"0.75(log(n))^2",0.92
657,1000,5,"T_Copula",2000,-1.5,"0.75(log(n))^2",0.45
658,1000,5,"T_Copula",2000,-1.5,"0.75(log(n))^2",0.46
659,1000,5,"T_Copula",2000,-1.5,"0.75(log(n))^2",0.57
660,1000,5,"T_Copula",2000,-1.5,"0.75(log(n))^2",0.58
661,1000,5,"T_Copula",2000,-1.5,"0.75(log(n))^2",1
662,1000,5,"T_Copula",2000,-1.5,"0.75(log(n))^2",0.77
663,1000,5,"T_Copula",2000,-1.5,"0.75(log(n))^2",0.21
664,1000,5,"T_Copula",2000,-1.5,"0.75(log(n))^2",0.19
665,1000,5,"T_Copula",2000,-1.5,"0.75(log(n))^2",0.32
666,1000,5,"T_Copula",2000,-1.5,"0.75(log(n))^2",0.55
667,1000,5,"T_Copula",2000,-1.5,"0.75(log(n))^2",0.93
668,1000,5,"T_Copula",2000,-1.5,"0.75(log(n))^2",0.52
669,1000,5,"T_Copula",2000,-1.5,"0.75(log(n))^2",0.91
670,1000,5,"T_Copula",2000,-1.5,"0.75(log(n))^2",0.77
671,1000,5,"T_Copula",2000,-1.5,"0.75(log(n))^2",0.35
672,1000,5,"T_Copula",2000,-1.5,"0.75(log(n))^2",0.58
673,1000,5,"T_Copula",2000,-1.5,"0.75(log(n))^2",0.49
674,1000,5,"T_Copula",2000,-1.5,"0.75(log(n))^2",0.47
675,1000,5,"T_Copula",2000,-1.5,"0.75(log(n))^2",0.68
676,1000,5,"T_Copula",2000,-1.5,"0.75(log(n))^2",0.98
677,1000,5,"T_Copula",2000,-1.5,"0.75(log(n))^2",0.34
678,1000,5,"T_Copula",2000,-1.5,"0.75(log(n))^2",0.49
679,1000,5,"T_Copula",2000,-1.5,"0.75(log(n))^2",0.06
680,1000,5,"T_Copula",2000,-1.5,"0.75(log(n))^2",0.56
681,1000,5,"T_Copula",2000,-1.5,"0.75(log(n))^2",0.09
682,1000,5,"T_Copula",2000,-1.5,"0.75(log(n))^2",0.16
683,1000,5,"T_Copula",2000,-1.5,"0.75(log(n))^2",0.24
684,1000,5,"T_Copula",2000,-1.5,"0.75(log(n))^2",0.75
685,1000,5,"T_Copula",2000,-1.5,"0.75(log(n))^2",0.61
686,1000,5,"T_Copula",2000,-1.5,"0.75(log(n))^2",0.78
687,1000,5,"T_Copula",2000,-1.5,"0.75(log(n))^2",0.64
688,1000,5,"T_Copula",2000,-1.5,"0.75(log(n))^2",0.86
689,1000,5,"T_Copula",2000,-1.5,"0.75(log(n))^2",0.41
690,1000,5,"T_Copula",2000,-1.5,"0.75(log(n))^2",0.99
691,1000,5,"T_Copula",2000,-1.5,"0.75(log(n))^2",0.59
692,1000,5,"T_Copula",2000,-1.5,"0.75(log(n))^2",0.5
693,1000,5,"T_Copula",2000,-1.5,"0.75(log(n))^2",0.37
694,1000,5,"T_Copula",2000,-1.5,"0.75(log(n))^2",0.85
695,1000,5,"T_Copula",2000,-1.5,"0.75(log(n))^2",0.97
696,1000,5,"T_Copula",2000,-1.5,"0.75(log(n))^2",0.17
697,1000,5,"T_Copula",2000,-1.5,"0.75(log(n))^2",0.82
698,1000,5,"T_Copula",2000,-1.5,"0.75(log(n))^2",0.94
699,1000,5,"T_Copula",2000,-1.5,"0.75(log(n))^2",0.99
700,1000,5,"T_Copula",2000,-1.5,"0.75(log(n))^2",0.7
701,1000,5,"T_Copula",2000,-1.5,"0.75(log(n))^2",0.7
702,1000,5,"T_Copula",2000,-1.5,"0.75(log(n))^2",0.72
703,1000,5,"T_Copula",2000,-1.5,"0.75(log(n))^2",0.77
704,1000,5,"T_Copula",2000,-1.5,"0.75(log(n))^2",0.05
705,1000,5,"T_Copula",2000,-1.5,"0.75(log(n))^2",0.75
706,1000,5,"T_Copula",2000,-1.5,"0.75(log(n))^2",0.88
707,1000,5,"T_Copula",2000,-1.5,"0.75(log(n))^2",0.86
708,1000,5,"T_Copula",2000,-1.5,"0.75(log(n))^2",0.75
709,1000,5,"T_Copula",2000,-1.5,"0.75(log(n))^2",0.97
710,1000,5,"T_Copula",2000,-1.5,"0.75(log(n))^2",0.72
711,1000,5,"T_Copula",2000,-1.5,"0.75(log(n))^2",1
712,1000,5,"T_Copula",2000,-1.5,"0.75(log(n))^2",0.99
713,1000,5,"T_Copula",2000,-1.5,"0.75(log(n))^2",0.93
714,1000,5,"T_Copula",2000,-1.5,"0.75(log(n))^2",0.11
715,1000,5,"T_Copula",2000,-1.5,"0.75(log(n))^2",0.86
716,1000,5,"T_Copula",2000,-1.5,"0.75(log(n))^2",0.48
717,1000,5,"T_Copula",2000,-1.5,"0.75(log(n))^2",0.58
718,1000,5,"T_Copula",2000,-1.5,"0.75(log(n))^2",0.23
719,1000,5,"T_Copula",2000,-1.5,"0.75(log(n))^2",0.06
720,1000,5,"T_Copula",2000,-1.5,"0.75(log(n))^2",0.84
721,1000,5,"T_Copula",2000,-1.5,"0.75(log(n))^2",0.2
722,1000,5,"T_Copula",2000,-1.5,"0.75(log(n))^2",0.75
723,1000,5,"T_Copula",2000,-1.5,"0.75(log(n))^2",0.73
724,1000,5,"T_Copula",2000,-1.5,"0.75(log(n))^2",0.84
725,1000,5,"T_Copula",2000,-1.5,"0.75(log(n))^2",0.67
726,1000,5,"T_Copula",2000,-1.5,"0.75(log(n))^2",0.22
727,1000,5,"T_Copula",2000,-1.5,"0.75(log(n))^2",0.45
728,1000,5,"T_Copula",2000,-1.5,"0.75(log(n))^2",0.03
729,1000,5,"T_Copula",2000,-1.5,"0.75(log(n))^2",0.98
730,1000,5,"T_Copula",2000,-1.5,"0.75(log(n))^2",0.46
731,1000,5,"T_Copula",2000,-1.5,"0.75(log(n))^2",0.25
732,1000,5,"T_Copula",2000,-1.5,"0.75(log(n))^2",0.3
733,1000,5,"T_Copula",2000,-1.5,"0.75(log(n))^2",0.3
734,1000,5,"T_Copula",2000,-1.5,"0.75(log(n))^2",0.81
735,1000,5,"T_Copula",2000,-1.5,"0.75(log(n))^2",0.29
736,1000,5,"T_Copula",2000,-1.5,"0.75(log(n))^2",0.91
737,1000,5,"T_Copula",2000,-1.5,"0.75(log(n))^2",0.8
738,1000,5,"T_Copula",2000,-1.5,"0.75(log(n))^2",0.5
739,1000,5,"T_Copula",2000,-1.5,"0.75(log(n))^2",0.42
740,1000,5,"T_Copula",2000,-1.5,"0.75(log(n))^2",0.05
741,1000,5,"T_Copula",2000,-1.5,"0.75(log(n))^2",0.25
742,1000,5,"T_Copula",2000,-1.5,"0.75(log(n))^2",0.86
743,1000,5,"T_Copula",2000,-1.5,"0.75(log(n))^2",0.93
744,1000,5,"T_Copula",2000,-1.5,"0.75(log(n))^2",0.34
745,1000,5,"T_Copula",2000,-1.5,"0.75(log(n))^2",0.55
746,1000,5,"T_Copula",2000,-1.5,"0.75(log(n))^2",0.66
747,1000,5,"T_Copula",2000,-1.5,"0.75(log(n))^2",0.71
748,1000,5,"T_Copula",2000,-1.5,"0.75(log(n))^2",0.69
749,1000,5,"T_Copula",2000,-1.5,"0.75(log(n))^2",0.59
750,1000,5,"T_Copula",2000,-1.5,"0.75(log(n))^2",0.99
751,1000,5,"T_Copula",2000,-1.5,"0.75(log(n))^2",0.97
752,1000,5,"T_Copula",2000,-1.5,"0.75(log(n))^2",0.09
753,1000,5,"T_Copula",2000,-1.5,"0.75(log(n))^2",0.99
754,1000,5,"T_Copula",2000,-1.5,"0.75(log(n))^2",0.45
755,1000,5,"T_Copula",2000,-1.5,"0.75(log(n))^2",0.13
756,1000,5,"T_Copula",2000,-1.5,"0.75(log(n))^2",1
757,1000,5,"T_Copula",2000,-1.5,"0.75(log(n))^2",0.16
758,1000,5,"T_Copula",2000,-1.5,"0.75(log(n))^2",0.13
759,1000,5,"T_Copula",2000,-1.5,"0.75(log(n))^2",0.91
760,1000,5,"T_Copula",2000,-1.5,"0.75(log(n))^2",1
761,1000,5,"T_Copula",2000,-1.5,"0.75(log(n))^2",0.86
762,1000,5,"T_Copula",2000,-1.5,"0.75(log(n))^2",0.99
763,1000,5,"T_Copula",2000,-1.5,"0.75(log(n))^2",0.69
764,1000,5,"T_Copula",2000,-1.5,"0.75(log(n))^2",0.13
765,1000,5,"T_Copula",2000,-1.5,"0.75(log(n))^2",0.72
766,1000,5,"T_Copula",2000,-1.5,"0.75(log(n))^2",0.14
767,1000,5,"T_Copula",2000,-1.5,"0.75(log(n))^2",0.23
768,1000,5,"T_Copula",2000,-1.5,"0.75(log(n))^2",0.82
769,1000,5,"T_Copula",2000,-1.5,"0.75(log(n))^2",0.51
770,1000,5,"T_Copula",2000,-1.5,"0.75(log(n))^2",0.46
771,1000,5,"T_Copula",2000,-1.5,"0.75(log(n))^2",0.41
772,1000,5,"T_Copula",2000,-1.5,"0.75(log(n))^2",1
773,1000,5,"T_Copula",2000,-1.5,"0.75(log(n))^2",0.29
774,1000,5,"T_Copula",2000,-1.5,"0.75(log(n))^2",0.12
775,1000,5,"T_Copula",2000,-1.5,"0.75(log(n))^2",0.82
776,1000,5,"T_Copula",2000,-1.5,"0.75(log(n))^2",0.23
777,1000,5,"T_Copula",2000,-1.5,"0.75(log(n))^2",0.8
778,1000,5,"T_Copula",2000,-1.5,"0.75(log(n))^2",0.84
779,1000,5,"T_Copula",2000,-1.5,"0.75(log(n))^2",0.96
780,1000,5,"T_Copula",2000,-1.5,"0.75(log(n))^2",0.56
781,1000,5,"T_Copula",2000,-1.5,"0.75(log(n))^2",0.71
782,1000,5,"T_Copula",2000,-1.5,"0.75(log(n))^2",0.04
783,1000,5,"T_Copula",2000,-1.5,"0.75(log(n))^2",0.46
784,1000,5,"T_Copula",2000,-1.5,"0.75(log(n))^2",1
785,1000,5,"T_Copula",2000,-1.5,"0.75(log(n))^2",0.19
786,1000,5,"T_Copula",2000,-1.5,"0.75(log(n))^2",0.38
787,1000,5,"T_Copula",2000,-1.5,"0.75(log(n))^2",0.88
788,1000,5,"T_Copula",2000,-1.5,"0.75(log(n))^2",1
789,1000,5,"T_Copula",2000,-1.5,"0.75(log(n))^2",0.61
790,1000,5,"T_Copula",2000,-1.5,"0.75(log(n))^2",0.59
791,1000,5,"T_Copula",2000,-1.5,"0.75(log(n))^2",0.16
792,1000,5,"T_Copula",2000,-1.5,"0.75(log(n))^2",0.79
793,1000,5,"T_Copula",2000,-1.5,"0.75(log(n))^2",0.51
794,1000,5,"T_Copula",2000,-1.5,"0.75(log(n))^2",0.85
795,1000,5,"T_Copula",2000,-1.5,"0.75(log(n))^2",0.86
796,1000,5,"T_Copula",2000,-1.5,"0.75(log(n))^2",0.22
797,1000,5,"T_Copula",2000,-1.5,"0.75(log(n))^2",0.67
798,1000,5,"T_Copula",2000,-1.5,"0.75(log(n))^2",0.2
799,1000,5,"T_Copula",2000,-1.5,"0.75(log(n))^2",0.71
800,1000,5,"T_Copula",2000,-1.5,"0.75(log(n))^2",0.64
801,1000,5,"T_Copula",2000,-1.5,"0.75(log(n))^2",0.97
802,1000,5,"T_Copula",2000,-1.5,"0.75(log(n))^2",0.17
803,1000,5,"T_Copula",2000,-1.5,"0.75(log(n))^2",0.23
804,1000,5,"T_Copula",2000,-1.5,"0.75(log(n))^2",0.86
805,1000,5,"T_Copula",2000,-1.5,"0.75(log(n))^2",0.96
806,1000,5,"T_Copula",2000,-1.5,"0.75(log(n))^2",0.53
807,1000,5,"T_Copula",2000,-1.5,"0.75(log(n))^2",0.37
808,1000,5,"T_Copula",2000,-1.5,"0.75(log(n))^2",0.88
809,1000,5,"T_Copula",2000,-1.5,"0.75(log(n))^2",0.1
810,1000,5,"T_Copula",2000,-1.5,"0.75(log(n))^2",0.45
811,1000,5,"T_Copula",2000,-1.5,"0.75(log(n))^2",0.03
812,1000,5,"T_Copula",2000,-1.5,"0.75(log(n))^2",0.97
813,1000,5,"T_Copula",2000,-1.5,"0.75(log(n))^2",0.4
814,1000,5,"T_Copula",2000,-1.5,"0.75(log(n))^2",0.22
815,1000,5,"T_Copula",2000,-1.5,"0.75(log(n))^2",0.58
816,1000,5,"T_Copula",2000,-1.5,"0.75(log(n))^2",1
817,1000,5,"T_Copula",2000,-1.5,"0.75(log(n))^2",0.99
818,1000,5,"T_Copula",2000,-1.5,"0.75(log(n))^2",0.59
819,1000,5,"T_Copula",2000,-1.5,"0.75(log(n))^2",0.59
820,1000,5,"T_Copula",2000,-1.5,"0.75(log(n))^2",0.49
821,1000,5,"T_Copula",2000,-1.5,"0.75(log(n))^2",0
822,1000,5,"T_Copula",2000,-1.5,"0.75(log(n))^2",0.83
823,1000,5,"T_Copula",2000,-1.5,"0.75(log(n))^2",0.16
824,1000,5,"T_Copula",2000,-1.5,"0.75(log(n))^2",0.35
825,1000,5,"T_Copula",2000,-1.5,"0.75(log(n))^2",0.55
826,1000,5,"T_Copula",2000,-1.5,"0.75(log(n))^2",0.76
827,1000,5,"T_Copula",2000,-1.5,"0.75(log(n))^2",0.38
828,1000,5,"T_Copula",2000,-1.5,"0.75(log(n))^2",0.77
829,1000,5,"T_Copula",2000,-1.5,"0.75(log(n))^2",0.65
830,1000,5,"T_Copula",2000,-1.5,"0.75(log(n))^2",0.4
831,1000,5,"T_Copula",2000,-1.5,"0.75(log(n))^2",0.43
832,1000,5,"T_Copula",2000,-1.5,"0.75(log(n))^2",0.43
833,1000,5,"T_Copula",2000,-1.5,"0.75(log(n))^2",0.27
834,1000,5,"T_Copula",2000,-1.5,"0.75(log(n))^2",0.8
835,1000,5,"T_Copula",2000,-1.5,"0.75(log(n))^2",0.54
836,1000,5,"T_Copula",2000,-1.5,"0.75(log(n))^2",0.21
837,1000,5,"T_Copula",2000,-1.5,"0.75(log(n))^2",0.75
838,1000,5,"T_Copula",2000,-1.5,"0.75(log(n))^2",0.59
839,1000,5,"T_Copula",2000,-1.5,"0.75(log(n))^2",1
840,1000,5,"T_Copula",2000,-1.5,"0.75(log(n))^2",0.8
841,1000,5,"T_Copula",2000,-1.5,"0.75(log(n))^2",0.94
842,1000,5,"T_Copula",2000,-1.5,"0.75(log(n))^2",0.15
843,1000,5,"T_Copula",2000,-1.5,"0.75(log(n))^2",0.04
844,1000,5,"T_Copula",2000,-1.5,"0.75(log(n))^2",0.71
845,1000,5,"T_Copula",2000,-1.5,"0.75(log(n))^2",0.67
846,1000,5,"T_Copula",2000,-1.5,"0.75(log(n))^2",0.73
847,1000,5,"T_Copula",2000,-1.5,"0.75(log(n))^2",0.38
848,1000,5,"T_Copula",2000,-1.5,"0.75(log(n))^2",1
849,1000,5,"T_Copula",2000,-1.5,"0.75(log(n))^2",0.79
850,1000,5,"T_Copula",2000,-1.5,"0.75(log(n))^2",0.58
851,1000,5,"T_Copula",2000,-1.5,"0.75(log(n))^2",0.25
852,1000,5,"T_Copula",2000,-1.5,"0.75(log(n))^2",0.95
853,1000,5,"T_Copula",2000,-1.5,"0.75(log(n))^2",0.46
854,1000,5,"T_Copula",2000,-1.5,"0.75(log(n))^2",0.65
855,1000,5,"T_Copula",2000,-1.5,"0.75(log(n))^2",0.85
856,1000,5,"T_Copula",2000,-1.5,"0.75(log(n))^2",0.14
857,1000,5,"T_Copula",2000,-1.5,"0.75(log(n))^2",0.19
858,1000,5,"T_Copula",2000,-1.5,"0.75(log(n))^2",0.72
859,1000,5,"T_Copula",2000,-1.5,"0.75(log(n))^2",0.33
860,1000,5,"T_Copula",2000,-1.5,"0.75(log(n))^2",0.3
861,1000,5,"T_Copula",2000,-1.5,"0.75(log(n))^2",0.63
862,1000,5,"T_Copula",2000,-1.5,"0.75(log(n))^2",0.93
863,1000,5,"T_Copula",2000,-1.5,"0.75(log(n))^2",0.85
864,1000,5,"T_Copula",2000,-1.5,"0.75(log(n))^2",0.65
865,1000,5,"T_Copula",2000,-1.5,"0.75(log(n))^2",0.33
866,1000,5,"T_Copula",2000,-1.5,"0.75(log(n))^2",0.4
867,1000,5,"T_Copula",2000,-1.5,"0.75(log(n))^2",0.58
868,1000,5,"T_Copula",2000,-1.5,"0.75(log(n))^2",0.26
869,1000,5,"T_Copula",2000,-1.5,"0.75(log(n))^2",0.17
870,1000,5,"T_Copula",2000,-1.5,"0.75(log(n))^2",0.58
871,1000,5,"T_Copula",2000,-1.5,"0.75(log(n))^2",0.46
872,1000,5,"T_Copula",2000,-1.5,"0.75(log(n))^2",0.84
873,1000,5,"T_Copula",2000,-1.5,"0.75(log(n))^2",0.11
874,1000,5,"T_Copula",2000,-1.5,"0.75(log(n))^2",0.18
875,1000,5,"T_Copula",2000,-1.5,"0.75(log(n))^2",0.07
876,1000,5,"T_Copula",2000,-1.5,"0.75(log(n))^2",0.88
877,1000,5,"T_Copula",2000,-1.5,"0.75(log(n))^2",0.35
878,1000,5,"T_Copula",2000,-1.5,"0.75(log(n))^2",0.94
879,1000,5,"T_Copula",2000,-1.5,"0.75(log(n))^2",0.86
880,1000,5,"T_Copula",2000,-1.5,"0.75(log(n))^2",0.84
881,1000,5,"T_Copula",2000,-1.5,"0.75(log(n))^2",0.28
882,1000,5,"T_Copula",2000,-1.5,"0.75(log(n))^2",0.8
883,1000,5,"T_Copula",2000,-1.5,"0.75(log(n))^2",0.52
884,1000,5,"T_Copula",2000,-1.5,"0.75(log(n))^2",0.69
885,1000,5,"T_Copula",2000,-1.5,"0.75(log(n))^2",0.98
886,1000,5,"T_Copula",2000,-1.5,"0.75(log(n))^2",0.89
887,1000,5,"T_Copula",2000,-1.5,"0.75(log(n))^2",0
888,1000,5,"T_Copula",2000,-1.5,"0.75(log(n))^2",0.92
889,1000,5,"T_Copula",2000,-1.5,"0.75(log(n))^2",0.54
890,1000,5,"T_Copula",2000,-1.5,"0.75(log(n))^2",0.01
891,1000,5,"T_Copula",2000,-1.5,"0.75(log(n))^2",0.06
892,1000,5,"T_Copula",2000,-1.5,"0.75(log(n))^2",0.73
893,1000,5,"T_Copula",2000,-1.5,"0.75(log(n))^2",0.18
894,1000,5,"T_Copula",2000,-1.5,"0.75(log(n))^2",0.59
895,1000,5,"T_Copula",2000,-1.5,"0.75(log(n))^2",0.72
896,1000,5,"T_Copula",2000,-1.5,"0.75(log(n))^2",0.4
897,1000,5,"T_Copula",2000,-1.5,"0.75(log(n))^2",0.92
898,1000,5,"T_Copula",2000,-1.5,"0.75(log(n))^2",0.16
899,1000,5,"T_Copula",2000,-1.5,"0.75(log(n))^2",0.6
900,1000,5,"T_Copula",2000,-1.5,"0.75(log(n))^2",0.38
901,1000,5,"T_Copula",2000,-1.5,"0.75(log(n))^2",0.49
902,1000,5,"T_Copula",2000,-1.5,"0.75(log(n))^2",0.84
903,1000,5,"T_Copula",2000,-1.5,"0.75(log(n))^2",0.6
904,1000,5,"T_Copula",2000,-1.5,"0.75(log(n))^2",0.55
905,1000,5,"T_Copula",2000,-1.5,"0.75(log(n))^2",0.9
906,1000,5,"T_Copula",2000,-1.5,"0.75(log(n))^2",0.35
907,1000,5,"T_Copula",2000,-1.5,"0.75(log(n))^2",0.19
908,1000,5,"T_Copula",2000,-1.5,"0.75(log(n))^2",0.11
909,1000,5,"T_Copula",2000,-1.5,"0.75(log(n))^2",0.93
910,1000,5,"T_Copula",2000,-1.5,"0.75(log(n))^2",0.5
911,1000,5,"T_Copula",2000,-1.5,"0.75(log(n))^2",1
912,1000,5,"T_Copula",2000,-1.5,"0.75(log(n))^2",0.99
913,1000,5,"T_Copula",2000,-1.5,"0.75(log(n))^2",0.19
914,1000,5,"T_Copula",2000,-1.5,"0.75(log(n))^2",0.61
915,1000,5,"T_Copula",2000,-1.5,"0.75(log(n))^2",0.69
916,1000,5,"T_Copula",2000,-1.5,"0.75(log(n))^2",0.23
917,1000,5,"T_Copula",2000,-1.5,"0.75(log(n))^2",0.65
918,1000,5,"T_Copula",2000,-1.5,"0.75(log(n))^2",0.93
919,1000,5,"T_Copula",2000,-1.5,"0.75(log(n))^2",0.49
920,1000,5,"T_Copula",2000,-1.5,"0.75(log(n))^2",0.99
921,1000,5,"T_Copula",2000,-1.5,"0.75(log(n))^2",0.08
922,1000,5,"T_Copula",2000,-1.5,"0.75(log(n))^2",0.43
923,1000,5,"T_Copula",2000,-1.5,"0.75(log(n))^2",0.38
924,1000,5,"T_Copula",2000,-1.5,"0.75(log(n))^2",0.8
925,1000,5,"T_Copula",2000,-1.5,"0.75(log(n))^2",1
926,1000,5,"T_Copula",2000,-1.5,"0.75(log(n))^2",0.85
927,1000,5,"T_Copula",2000,-1.5,"0.75(log(n))^2",0.88
928,1000,5,"T_Copula",2000,-1.5,"0.75(log(n))^2",0.27
929,1000,5,"T_Copula",2000,-1.5,"0.75(log(n))^2",0.74
930,1000,5,"T_Copula",2000,-1.5,"0.75(log(n))^2",0.81
931,1000,5,"T_Copula",2000,-1.5,"0.75(log(n))^2",0.87
932,1000,5,"T_Copula",2000,-1.5,"0.75(log(n))^2",0.64
933,1000,5,"T_Copula",2000,-1.5,"0.75(log(n))^2",0.49
934,1000,5,"T_Copula",2000,-1.5,"0.75(log(n))^2",0.99
935,1000,5,"T_Copula",2000,-1.5,"0.75(log(n))^2",0.09
936,1000,5,"T_Copula",2000,-1.5,"0.75(log(n))^2",0.73
937,1000,5,"T_Copula",2000,-1.5,"0.75(log(n))^2",0.46
938,1000,5,"T_Copula",2000,-1.5,"0.75(log(n))^2",0.25
939,1000,5,"T_Copula",2000,-1.5,"0.75(log(n))^2",0.42
940,1000,5,"T_Copula",2000,-1.5,"0.75(log(n))^2",0.73
941,1000,5,"T_Copula",2000,-1.5,"0.75(log(n))^2",0.82
942,1000,5,"T_Copula",2000,-1.5,"0.75(log(n))^2",0.44
943,1000,5,"T_Copula",2000,-1.5,"0.75(log(n))^2",0.18
944,1000,5,"T_Copula",2000,-1.5,"0.75(log(n))^2",0.83
945,1000,5,"T_Copula",2000,-1.5,"0.75(log(n))^2",0.8
946,1000,5,"T_Copula",2000,-1.5,"0.75(log(n))^2",1
947,1000,5,"T_Copula",2000,-1.5,"0.75(log(n))^2",0.61
948,1000,5,"T_Copula",2000,-1.5,"0.75(log(n))^2",0.96
949,1000,5,"T_Copula",2000,-1.5,"0.75(log(n))^2",0.85
950,1000,5,"T_Copula",2000,-1.5,"0.75(log(n))^2",0.29
951,1000,5,"T_Copula",2000,-1.5,"0.75(log(n))^2",0.62
952,1000,5,"T_Copula",2000,-1.5,"0.75(log(n))^2",0.55
953,1000,5,"T_Copula",2000,-1.5,"0.75(log(n))^2",0.08
954,1000,5,"T_Copula",2000,-1.5,"0.75(log(n))^2",0.21
955,1000,5,"T_Copula",2000,-1.5,"0.75(log(n))^2",0.93
956,1000,5,"T_Copula",2000,-1.5,"0.75(log(n))^2",0.74
957,1000,5,"T_Copula",2000,-1.5,"0.75(log(n))^2",0.91
958,1000,5,"T_Copula",2000,-1.5,"0.75(log(n))^2",0.35
959,1000,5,"T_Copula",2000,-1.5,"0.75(log(n))^2",0.53
960,1000,5,"T_Copula",2000,-1.5,"0.75(log(n))^2",0.83
961,1000,5,"T_Copula",2000,-1.5,"0.75(log(n))^2",0.22
962,1000,5,"T_Copula",2000,-1.5,"0.75(log(n))^2",0.98
963,1000,5,"T_Copula",2000,-1.5,"0.75(log(n))^2",0.66
964,1000,5,"T_Copula",2000,-1.5,"0.75(log(n))^2",0.68
965,1000,5,"T_Copula",2000,-1.5,"0.75(log(n))^2",0.25
966,1000,5,"T_Copula",2000,-1.5,"0.75(log(n))^2",0.57
967,1000,5,"T_Copula",2000,-1.5,"0.75(log(n))^2",0.69
968,1000,5,"T_Copula",2000,-1.5,"0.75(log(n))^2",0.25
969,1000,5,"T_Copula",2000,-1.5,"0.75(log(n))^2",0.91
970,1000,5,"T_Copula",2000,-1.5,"0.75(log(n))^2",0.07
971,1000,5,"T_Copula",2000,-1.5,"0.75(log(n))^2",0.61
972,1000,5,"T_Copula",2000,-1.5,"0.75(log(n))^2",0.86
973,1000,5,"T_Copula",2000,-1.5,"0.75(log(n))^2",0.49
974,1000,5,"T_Copula",2000,-1.5,"0.75(log(n))^2",0.69
975,1000,5,"T_Copula",2000,-1.5,"0.75(log(n))^2",0.19
976,1000,5,"T_Copula",2000,-1.5,"0.75(log(n))^2",0.38
977,1000,5,"T_Copula",2000,-1.5,"0.75(log(n))^2",0.09
978,1000,5,"T_Copula",2000,-1.5,"0.75(log(n))^2",0.86
979,1000,5,"T_Copula",2000,-1.5,"0.75(log(n))^2",0.94
980,1000,5,"T_Copula",2000,-1.5,"0.75(log(n))^2",0.68
981,1000,5,"T_Copula",2000,-1.5,"0.75(log(n))^2",0.37
982,1000,5,"T_Copula",2000,-1.5,"0.75(log(n))^2",0.18
983,1000,5,"T_Copula",2000,-1.5,"0.75(log(n))^2",0.45
984,1000,5,"T_Copula",2000,-1.5,"0.75(log(n))^2",0.74
985,1000,5,"T_Copula",2000,-1.5,"0.75(log(n))^2",0.67
986,1000,5,"T_Copula",2000,-1.5,"0.75(log(n))^2",0.58
987,1000,5,"T_Copula",2000,-1.5,"0.75(log(n))^2",0.46
988,1000,5,"T_Copula",2000,-1.5,"0.75(log(n))^2",0.78
989,1000,5,"T_Copula",2000,-1.5,"0.75(log(n))^2",0.1
990,1000,5,"T_Copula",2000,-1.5,"0.75(log(n))^2",0.6
991,1000,5,"T_Copula",2000,-1.5,"0.75(log(n))^2",0.36
992,1000,5,"T_Copula",2000,-1.5,"0.75(log(n))^2",0.51
993,1000,5,"T_Copula",2000,-1.5,"0.75(log(n))^2",0.2
994,1000,5,"T_Copula",2000,-1.5,"0.75(log(n))^2",0.88
995,1000,5,"T_Copula",2000,-1.5,"0.75(log(n))^2",0.62
996,1000,5,"T_Copula",2000,-1.5,"0.75(log(n))^2",0.04
997,1000,5,"T_Copula",2000,-1.5,"0.75(log(n))^2",0.42
998,1000,5,"T_Copula",2000,-1.5,"0.75(log(n))^2",0.01
999,1000,5,"T_Copula",2000,-1.5,"0.75(log(n))^2",0.44
1000,1000,5,"T_Copula",2000,-1.5,"0.75(log(n))^2",0.84
1,1000,5,"T_Copula",2000,-1.5,"0.5(log(n))^2",0.01
2,1000,5,"T_Copula",2000,-1.5,"0.5(log(n))^2",0.8
3,1000,5,"T_Copula",2000,-1.5,"0.5(log(n))^2",0.69
4,1000,5,"T_Copula",2000,-1.5,"0.5(log(n))^2",0.59
5,1000,5,"T_Copula",2000,-1.5,"0.5(log(n))^2",0.93
6,1000,5,"T_Copula",2000,-1.5,"0.5(log(n))^2",0.49
7,1000,5,"T_Copula",2000,-1.5,"0.5(log(n))^2",0.51
8,1000,5,"T_Copula",2000,-1.5,"0.5(log(n))^2",0.57
9,1000,5,"T_Copula",2000,-1.5,"0.5(log(n))^2",0.6
10,1000,5,"T_Copula",2000,-1.5,"0.5(log(n))^2",0.58
11,1000,5,"T_Copula",2000,-1.5,"0.5(log(n))^2",0.26
12,1000,5,"T_Copula",2000,-1.5,"0.5(log(n))^2",0.94
13,1000,5,"T_Copula",2000,-1.5,"0.5(log(n))^2",0.82
14,1000,5,"T_Copula",2000,-1.5,"0.5(log(n))^2",0.81
15,1000,5,"T_Copula",2000,-1.5,"0.5(log(n))^2",0.22
16,1000,5,"T_Copula",2000,-1.5,"0.5(log(n))^2",0.99
17,1000,5,"T_Copula",2000,-1.5,"0.5(log(n))^2",0.84
18,1000,5,"T_Copula",2000,-1.5,"0.5(log(n))^2",0.1
19,1000,5,"T_Copula",2000,-1.5,"0.5(log(n))^2",0.32
20,1000,5,"T_Copula",2000,-1.5,"0.5(log(n))^2",0.05
21,1000,5,"T_Copula",2000,-1.5,"0.5(log(n))^2",0.79
22,1000,5,"T_Copula",2000,-1.5,"0.5(log(n))^2",0.88
23,1000,5,"T_Copula",2000,-1.5,"0.5(log(n))^2",0.82
24,1000,5,"T_Copula",2000,-1.5,"0.5(log(n))^2",0.54
25,1000,5,"T_Copula",2000,-1.5,"0.5(log(n))^2",0.83
26,1000,5,"T_Copula",2000,-1.5,"0.5(log(n))^2",0.39
27,1000,5,"T_Copula",2000,-1.5,"0.5(log(n))^2",0.27
28,1000,5,"T_Copula",2000,-1.5,"0.5(log(n))^2",0.51
29,1000,5,"T_Copula",2000,-1.5,"0.5(log(n))^2",0.14
30,1000,5,"T_Copula",2000,-1.5,"0.5(log(n))^2",0.82
31,1000,5,"T_Copula",2000,-1.5,"0.5(log(n))^2",0.75
32,1000,5,"T_Copula",2000,-1.5,"0.5(log(n))^2",0.74
33,1000,5,"T_Copula",2000,-1.5,"0.5(log(n))^2",0.61
34,1000,5,"T_Copula",2000,-1.5,"0.5(log(n))^2",0.32
35,1000,5,"T_Copula",2000,-1.5,"0.5(log(n))^2",0.58
36,1000,5,"T_Copula",2000,-1.5,"0.5(log(n))^2",0.36
37,1000,5,"T_Copula",2000,-1.5,"0.5(log(n))^2",0.08
38,1000,5,"T_Copula",2000,-1.5,"0.5(log(n))^2",0.21
39,1000,5,"T_Copula",2000,-1.5,"0.5(log(n))^2",0.38
40,1000,5,"T_Copula",2000,-1.5,"0.5(log(n))^2",0.8
41,1000,5,"T_Copula",2000,-1.5,"0.5(log(n))^2",0.82
42,1000,5,"T_Copula",2000,-1.5,"0.5(log(n))^2",0.82
43,1000,5,"T_Copula",2000,-1.5,"0.5(log(n))^2",0.49
44,1000,5,"T_Copula",2000,-1.5,"0.5(log(n))^2",0.91
45,1000,5,"T_Copula",2000,-1.5,"0.5(log(n))^2",0.87
46,1000,5,"T_Copula",2000,-1.5,"0.5(log(n))^2",0.95
47,1000,5,"T_Copula",2000,-1.5,"0.5(log(n))^2",0.05
48,1000,5,"T_Copula",2000,-1.5,"0.5(log(n))^2",0.66
49,1000,5,"T_Copula",2000,-1.5,"0.5(log(n))^2",0.32
50,1000,5,"T_Copula",2000,-1.5,"0.5(log(n))^2",0.83
51,1000,5,"T_Copula",2000,-1.5,"0.5(log(n))^2",0.52
52,1000,5,"T_Copula",2000,-1.5,"0.5(log(n))^2",0.62
53,1000,5,"T_Copula",2000,-1.5,"0.5(log(n))^2",0.73
54,1000,5,"T_Copula",2000,-1.5,"0.5(log(n))^2",0.42
55,1000,5,"T_Copula",2000,-1.5,"0.5(log(n))^2",0.61
56,1000,5,"T_Copula",2000,-1.5,"0.5(log(n))^2",1
57,1000,5,"T_Copula",2000,-1.5,"0.5(log(n))^2",0.28
58,1000,5,"T_Copula",2000,-1.5,"0.5(log(n))^2",0.94
59,1000,5,"T_Copula",2000,-1.5,"0.5(log(n))^2",0.49
60,1000,5,"T_Copula",2000,-1.5,"0.5(log(n))^2",0.85
61,1000,5,"T_Copula",2000,-1.5,"0.5(log(n))^2",0.41
62,1000,5,"T_Copula",2000,-1.5,"0.5(log(n))^2",0.59
63,1000,5,"T_Copula",2000,-1.5,"0.5(log(n))^2",0.68
64,1000,5,"T_Copula",2000,-1.5,"0.5(log(n))^2",0.06
65,1000,5,"T_Copula",2000,-1.5,"0.5(log(n))^2",0.65
66,1000,5,"T_Copula",2000,-1.5,"0.5(log(n))^2",0.07
67,1000,5,"T_Copula",2000,-1.5,"0.5(log(n))^2",0.49
68,1000,5,"T_Copula",2000,-1.5,"0.5(log(n))^2",0.18
69,1000,5,"T_Copula",2000,-1.5,"0.5(log(n))^2",0.3
70,1000,5,"T_Copula",2000,-1.5,"0.5(log(n))^2",0.36
71,1000,5,"T_Copula",2000,-1.5,"0.5(log(n))^2",0.8
72,1000,5,"T_Copula",2000,-1.5,"0.5(log(n))^2",0.6
73,1000,5,"T_Copula",2000,-1.5,"0.5(log(n))^2",0.79
74,1000,5,"T_Copula",2000,-1.5,"0.5(log(n))^2",0.89
75,1000,5,"T_Copula",2000,-1.5,"0.5(log(n))^2",0.47
76,1000,5,"T_Copula",2000,-1.5,"0.5(log(n))^2",0.56
77,1000,5,"T_Copula",2000,-1.5,"0.5(log(n))^2",0.3
78,1000,5,"T_Copula",2000,-1.5,"0.5(log(n))^2",0.99
79,1000,5,"T_Copula",2000,-1.5,"0.5(log(n))^2",0.68
80,1000,5,"T_Copula",2000,-1.5,"0.5(log(n))^2",0.46
81,1000,5,"T_Copula",2000,-1.5,"0.5(log(n))^2",0.03
82,1000,5,"T_Copula",2000,-1.5,"0.5(log(n))^2",0.17
83,1000,5,"T_Copula",2000,-1.5,"0.5(log(n))^2",0.59
84,1000,5,"T_Copula",2000,-1.5,"0.5(log(n))^2",0.91
85,1000,5,"T_Copula",2000,-1.5,"0.5(log(n))^2",0.99
86,1000,5,"T_Copula",2000,-1.5,"0.5(log(n))^2",0.33
87,1000,5,"T_Copula",2000,-1.5,"0.5(log(n))^2",0.62
88,1000,5,"T_Copula",2000,-1.5,"0.5(log(n))^2",0.75
89,1000,5,"T_Copula",2000,-1.5,"0.5(log(n))^2",0.22
90,1000,5,"T_Copula",2000,-1.5,"0.5(log(n))^2",0.43
91,1000,5,"T_Copula",2000,-1.5,"0.5(log(n))^2",0.55
92,1000,5,"T_Copula",2000,-1.5,"0.5(log(n))^2",0.96
93,1000,5,"T_Copula",2000,-1.5,"0.5(log(n))^2",0.95
94,1000,5,"T_Copula",2000,-1.5,"0.5(log(n))^2",0.15
95,1000,5,"T_Copula",2000,-1.5,"0.5(log(n))^2",0.5
96,1000,5,"T_Copula",2000,-1.5,"0.5(log(n))^2",0.18
97,1000,5,"T_Copula",2000,-1.5,"0.5(log(n))^2",0.48
98,1000,5,"T_Copula",2000,-1.5,"0.5(log(n))^2",0.52
99,1000,5,"T_Copula",2000,-1.5,"0.5(log(n))^2",0.57
100,1000,5,"T_Copula",2000,-1.5,"0.5(log(n))^2",0.23
101,1000,5,"T_Copula",2000,-1.5,"0.5(log(n))^2",0.86
102,1000,5,"T_Copula",2000,-1.5,"0.5(log(n))^2",0.85
103,1000,5,"T_Copula",2000,-1.5,"0.5(log(n))^2",0.51
104,1000,5,"T_Copula",2000,-1.5,"0.5(log(n))^2",0.39
105,1000,5,"T_Copula",2000,-1.5,"0.5(log(n))^2",0.75
106,1000,5,"T_Copula",2000,-1.5,"0.5(log(n))^2",0.8
107,1000,5,"T_Copula",2000,-1.5,"0.5(log(n))^2",0.53
108,1000,5,"T_Copula",2000,-1.5,"0.5(log(n))^2",0.95
109,1000,5,"T_Copula",2000,-1.5,"0.5(log(n))^2",0.37
110,1000,5,"T_Copula",2000,-1.5,"0.5(log(n))^2",0.6
111,1000,5,"T_Copula",2000,-1.5,"0.5(log(n))^2",0.38
112,1000,5,"T_Copula",2000,-1.5,"0.5(log(n))^2",0.78
113,1000,5,"T_Copula",2000,-1.5,"0.5(log(n))^2",0.6
114,1000,5,"T_Copula",2000,-1.5,"0.5(log(n))^2",0.21
115,1000,5,"T_Copula",2000,-1.5,"0.5(log(n))^2",0.45
116,1000,5,"T_Copula",2000,-1.5,"0.5(log(n))^2",0.32
117,1000,5,"T_Copula",2000,-1.5,"0.5(log(n))^2",0.38
118,1000,5,"T_Copula",2000,-1.5,"0.5(log(n))^2",0.28
119,1000,5,"T_Copula",2000,-1.5,"0.5(log(n))^2",0.75
120,1000,5,"T_Copula",2000,-1.5,"0.5(log(n))^2",0.11
121,1000,5,"T_Copula",2000,-1.5,"0.5(log(n))^2",0.8
122,1000,5,"T_Copula",2000,-1.5,"0.5(log(n))^2",0.64
123,1000,5,"T_Copula",2000,-1.5,"0.5(log(n))^2",0.48
124,1000,5,"T_Copula",2000,-1.5,"0.5(log(n))^2",0.32
125,1000,5,"T_Copula",2000,-1.5,"0.5(log(n))^2",0.45
126,1000,5,"T_Copula",2000,-1.5,"0.5(log(n))^2",0.32
127,1000,5,"T_Copula",2000,-1.5,"0.5(log(n))^2",0.27
128,1000,5,"T_Copula",2000,-1.5,"0.5(log(n))^2",0.85
129,1000,5,"T_Copula",2000,-1.5,"0.5(log(n))^2",0.51
130,1000,5,"T_Copula",2000,-1.5,"0.5(log(n))^2",0.57
131,1000,5,"T_Copula",2000,-1.5,"0.5(log(n))^2",0.22
132,1000,5,"T_Copula",2000,-1.5,"0.5(log(n))^2",0.67
133,1000,5,"T_Copula",2000,-1.5,"0.5(log(n))^2",0.1
134,1000,5,"T_Copula",2000,-1.5,"0.5(log(n))^2",0.66
135,1000,5,"T_Copula",2000,-1.5,"0.5(log(n))^2",0.52
136,1000,5,"T_Copula",2000,-1.5,"0.5(log(n))^2",0.23
137,1000,5,"T_Copula",2000,-1.5,"0.5(log(n))^2",0.12
138,1000,5,"T_Copula",2000,-1.5,"0.5(log(n))^2",0.17
139,1000,5,"T_Copula",2000,-1.5,"0.5(log(n))^2",0.63
140,1000,5,"T_Copula",2000,-1.5,"0.5(log(n))^2",0.3
141,1000,5,"T_Copula",2000,-1.5,"0.5(log(n))^2",0.49
142,1000,5,"T_Copula",2000,-1.5,"0.5(log(n))^2",0.07
143,1000,5,"T_Copula",2000,-1.5,"0.5(log(n))^2",0.05
144,1000,5,"T_Copula",2000,-1.5,"0.5(log(n))^2",0.36
145,1000,5,"T_Copula",2000,-1.5,"0.5(log(n))^2",0.73
146,1000,5,"T_Copula",2000,-1.5,"0.5(log(n))^2",0.17
147,1000,5,"T_Copula",2000,-1.5,"0.5(log(n))^2",0.45
148,1000,5,"T_Copula",2000,-1.5,"0.5(log(n))^2",0.64
149,1000,5,"T_Copula",2000,-1.5,"0.5(log(n))^2",0.54
150,1000,5,"T_Copula",2000,-1.5,"0.5(log(n))^2",0.87
151,1000,5,"T_Copula",2000,-1.5,"0.5(log(n))^2",0.12
152,1000,5,"T_Copula",2000,-1.5,"0.5(log(n))^2",0.67
153,1000,5,"T_Copula",2000,-1.5,"0.5(log(n))^2",0.04
154,1000,5,"T_Copula",2000,-1.5,"0.5(log(n))^2",0.75
155,1000,5,"T_Copula",2000,-1.5,"0.5(log(n))^2",0.19
156,1000,5,"T_Copula",2000,-1.5,"0.5(log(n))^2",0.8
157,1000,5,"T_Copula",2000,-1.5,"0.5(log(n))^2",0.07
158,1000,5,"T_Copula",2000,-1.5,"0.5(log(n))^2",0.48
159,1000,5,"T_Copula",2000,-1.5,"0.5(log(n))^2",0.84
160,1000,5,"T_Copula",2000,-1.5,"0.5(log(n))^2",0.11
161,1000,5,"T_Copula",2000,-1.5,"0.5(log(n))^2",1
162,1000,5,"T_Copula",2000,-1.5,"0.5(log(n))^2",0.72
163,1000,5,"T_Copula",2000,-1.5,"0.5(log(n))^2",0.56
164,1000,5,"T_Copula",2000,-1.5,"0.5(log(n))^2",0.98
165,1000,5,"T_Copula",2000,-1.5,"0.5(log(n))^2",0.59
166,1000,5,"T_Copula",2000,-1.5,"0.5(log(n))^2",0.14
167,1000,5,"T_Copula",2000,-1.5,"0.5(log(n))^2",0.36
168,1000,5,"T_Copula",2000,-1.5,"0.5(log(n))^2",0.72
169,1000,5,"T_Copula",2000,-1.5,"0.5(log(n))^2",0.78
170,1000,5,"T_Copula",2000,-1.5,"0.5(log(n))^2",0.89
171,1000,5,"T_Copula",2000,-1.5,"0.5(log(n))^2",0.73
172,1000,5,"T_Copula",2000,-1.5,"0.5(log(n))^2",0.6
173,1000,5,"T_Copula",2000,-1.5,"0.5(log(n))^2",0.31
174,1000,5,"T_Copula",2000,-1.5,"0.5(log(n))^2",0.77
175,1000,5,"T_Copula",2000,-1.5,"0.5(log(n))^2",0.71
176,1000,5,"T_Copula",2000,-1.5,"0.5(log(n))^2",0.49
177,1000,5,"T_Copula",2000,-1.5,"0.5(log(n))^2",0.47
178,1000,5,"T_Copula",2000,-1.5,"0.5(log(n))^2",0.95
179,1000,5,"T_Copula",2000,-1.5,"0.5(log(n))^2",0.4
180,1000,5,"T_Copula",2000,-1.5,"0.5(log(n))^2",0.88
181,1000,5,"T_Copula",2000,-1.5,"0.5(log(n))^2",0.78
182,1000,5,"T_Copula",2000,-1.5,"0.5(log(n))^2",0.72
183,1000,5,"T_Copula",2000,-1.5,"0.5(log(n))^2",0.9
184,1000,5,"T_Copula",2000,-1.5,"0.5(log(n))^2",0.19
185,1000,5,"T_Copula",2000,-1.5,"0.5(log(n))^2",0.19
186,1000,5,"T_Copula",2000,-1.5,"0.5(log(n))^2",0.13
187,1000,5,"T_Copula",2000,-1.5,"0.5(log(n))^2",0.87
188,1000,5,"T_Copula",2000,-1.5,"0.5(log(n))^2",0.85
189,1000,5,"T_Copula",2000,-1.5,"0.5(log(n))^2",0.9
190,1000,5,"T_Copula",2000,-1.5,"0.5(log(n))^2",0.17
191,1000,5,"T_Copula",2000,-1.5,"0.5(log(n))^2",0.74
192,1000,5,"T_Copula",2000,-1.5,"0.5(log(n))^2",0.2
193,1000,5,"T_Copula",2000,-1.5,"0.5(log(n))^2",0.15
194,1000,5,"T_Copula",2000,-1.5,"0.5(log(n))^2",0.93
195,1000,5,"T_Copula",2000,-1.5,"0.5(log(n))^2",0.9
196,1000,5,"T_Copula",2000,-1.5,"0.5(log(n))^2",0.25
197,1000,5,"T_Copula",2000,-1.5,"0.5(log(n))^2",0.43
198,1000,5,"T_Copula",2000,-1.5,"0.5(log(n))^2",0.86
199,1000,5,"T_Copula",2000,-1.5,"0.5(log(n))^2",0.7
200,1000,5,"T_Copula",2000,-1.5,"0.5(log(n))^2",0.1
201,1000,5,"T_Copula",2000,-1.5,"0.5(log(n))^2",0.81
202,1000,5,"T_Copula",2000,-1.5,"0.5(log(n))^2",0.47
203,1000,5,"T_Copula",2000,-1.5,"0.5(log(n))^2",0.85
204,1000,5,"T_Copula",2000,-1.5,"0.5(log(n))^2",0.27
205,1000,5,"T_Copula",2000,-1.5,"0.5(log(n))^2",0.43
206,1000,5,"T_Copula",2000,-1.5,"0.5(log(n))^2",0.18
207,1000,5,"T_Copula",2000,-1.5,"0.5(log(n))^2",0.81
208,1000,5,"T_Copula",2000,-1.5,"0.5(log(n))^2",0.91
209,1000,5,"T_Copula",2000,-1.5,"0.5(log(n))^2",0.06
210,1000,5,"T_Copula",2000,-1.5,"0.5(log(n))^2",0.66
211,1000,5,"T_Copula",2000,-1.5,"0.5(log(n))^2",0.41
212,1000,5,"T_Copula",2000,-1.5,"0.5(log(n))^2",0.24
213,1000,5,"T_Copula",2000,-1.5,"0.5(log(n))^2",1
214,1000,5,"T_Copula",2000,-1.5,"0.5(log(n))^2",0.94
215,1000,5,"T_Copula",2000,-1.5,"0.5(log(n))^2",0.66
216,1000,5,"T_Copula",2000,-1.5,"0.5(log(n))^2",0.27
217,1000,5,"T_Copula",2000,-1.5,"0.5(log(n))^2",0.9
218,1000,5,"T_Copula",2000,-1.5,"0.5(log(n))^2",0.84
219,1000,5,"T_Copula",2000,-1.5,"0.5(log(n))^2",1
220,1000,5,"T_Copula",2000,-1.5,"0.5(log(n))^2",0.79
221,1000,5,"T_Copula",2000,-1.5,"0.5(log(n))^2",0.51
222,1000,5,"T_Copula",2000,-1.5,"0.5(log(n))^2",0.48
223,1000,5,"T_Copula",2000,-1.5,"0.5(log(n))^2",0.34
224,1000,5,"T_Copula",2000,-1.5,"0.5(log(n))^2",0.3
225,1000,5,"T_Copula",2000,-1.5,"0.5(log(n))^2",0.13
226,1000,5,"T_Copula",2000,-1.5,"0.5(log(n))^2",0.11
227,1000,5,"T_Copula",2000,-1.5,"0.5(log(n))^2",0.64
228,1000,5,"T_Copula",2000,-1.5,"0.5(log(n))^2",0.91
229,1000,5,"T_Copula",2000,-1.5,"0.5(log(n))^2",0.33
230,1000,5,"T_Copula",2000,-1.5,"0.5(log(n))^2",0.65
231,1000,5,"T_Copula",2000,-1.5,"0.5(log(n))^2",0.36
232,1000,5,"T_Copula",2000,-1.5,"0.5(log(n))^2",0.68
233,1000,5,"T_Copula",2000,-1.5,"0.5(log(n))^2",0.19
234,1000,5,"T_Copula",2000,-1.5,"0.5(log(n))^2",0.77
235,1000,5,"T_Copula",2000,-1.5,"0.5(log(n))^2",0.94
236,1000,5,"T_Copula",2000,-1.5,"0.5(log(n))^2",0.64
237,1000,5,"T_Copula",2000,-1.5,"0.5(log(n))^2",0.21
238,1000,5,"T_Copula",2000,-1.5,"0.5(log(n))^2",0.25
239,1000,5,"T_Copula",2000,-1.5,"0.5(log(n))^2",0.07
240,1000,5,"T_Copula",2000,-1.5,"0.5(log(n))^2",0.43
241,1000,5,"T_Copula",2000,-1.5,"0.5(log(n))^2",0.31
242,1000,5,"T_Copula",2000,-1.5,"0.5(log(n))^2",0.66
243,1000,5,"T_Copula",2000,-1.5,"0.5(log(n))^2",0.95
244,1000,5,"T_Copula",2000,-1.5,"0.5(log(n))^2",0.79
245,1000,5,"T_Copula",2000,-1.5,"0.5(log(n))^2",0.52
246,1000,5,"T_Copula",2000,-1.5,"0.5(log(n))^2",0.86
247,1000,5,"T_Copula",2000,-1.5,"0.5(log(n))^2",0.78
248,1000,5,"T_Copula",2000,-1.5,"0.5(log(n))^2",0.78
249,1000,5,"T_Copula",2000,-1.5,"0.5(log(n))^2",0.21
250,1000,5,"T_Copula",2000,-1.5,"0.5(log(n))^2",0.37
251,1000,5,"T_Copula",2000,-1.5,"0.5(log(n))^2",0.57
252,1000,5,"T_Copula",2000,-1.5,"0.5(log(n))^2",0.81
253,1000,5,"T_Copula",2000,-1.5,"0.5(log(n))^2",0.97
254,1000,5,"T_Copula",2000,-1.5,"0.5(log(n))^2",0.02
255,1000,5,"T_Copula",2000,-1.5,"0.5(log(n))^2",0.69
256,1000,5,"T_Copula",2000,-1.5,"0.5(log(n))^2",0.58
257,1000,5,"T_Copula",2000,-1.5,"0.5(log(n))^2",0.5
258,1000,5,"T_Copula",2000,-1.5,"0.5(log(n))^2",0.58
259,1000,5,"T_Copula",2000,-1.5,"0.5(log(n))^2",0.86
260,1000,5,"T_Copula",2000,-1.5,"0.5(log(n))^2",0.76
261,1000,5,"T_Copula",2000,-1.5,"0.5(log(n))^2",0.66
262,1000,5,"T_Copula",2000,-1.5,"0.5(log(n))^2",0.72
263,1000,5,"T_Copula",2000,-1.5,"0.5(log(n))^2",0.17
264,1000,5,"T_Copula",2000,-1.5,"0.5(log(n))^2",0.48
265,1000,5,"T_Copula",2000,-1.5,"0.5(log(n))^2",0.26
266,1000,5,"T_Copula",2000,-1.5,"0.5(log(n))^2",0.64
267,1000,5,"T_Copula",2000,-1.5,"0.5(log(n))^2",0.97
268,1000,5,"T_Copula",2000,-1.5,"0.5(log(n))^2",0.56
269,1000,5,"T_Copula",2000,-1.5,"0.5(log(n))^2",0.18
270,1000,5,"T_Copula",2000,-1.5,"0.5(log(n))^2",0.31
271,1000,5,"T_Copula",2000,-1.5,"0.5(log(n))^2",0.89
272,1000,5,"T_Copula",2000,-1.5,"0.5(log(n))^2",0.4
273,1000,5,"T_Copula",2000,-1.5,"0.5(log(n))^2",0.13
274,1000,5,"T_Copula",2000,-1.5,"0.5(log(n))^2",0.26
275,1000,5,"T_Copula",2000,-1.5,"0.5(log(n))^2",0.03
276,1000,5,"T_Copula",2000,-1.5,"0.5(log(n))^2",0.31
277,1000,5,"T_Copula",2000,-1.5,"0.5(log(n))^2",0.63
278,1000,5,"T_Copula",2000,-1.5,"0.5(log(n))^2",0.05
279,1000,5,"T_Copula",2000,-1.5,"0.5(log(n))^2",0.88
280,1000,5,"T_Copula",2000,-1.5,"0.5(log(n))^2",0.55
281,1000,5,"T_Copula",2000,-1.5,"0.5(log(n))^2",0.08
282,1000,5,"T_Copula",2000,-1.5,"0.5(log(n))^2",0.21
283,1000,5,"T_Copula",2000,-1.5,"0.5(log(n))^2",0.49
284,1000,5,"T_Copula",2000,-1.5,"0.5(log(n))^2",0.59
285,1000,5,"T_Copula",2000,-1.5,"0.5(log(n))^2",0.87
286,1000,5,"T_Copula",2000,-1.5,"0.5(log(n))^2",0.86
287,1000,5,"T_Copula",2000,-1.5,"0.5(log(n))^2",0.01
288,1000,5,"T_Copula",2000,-1.5,"0.5(log(n))^2",0.22
289,1000,5,"T_Copula",2000,-1.5,"0.5(log(n))^2",0.32
290,1000,5,"T_Copula",2000,-1.5,"0.5(log(n))^2",0.01
291,1000,5,"T_Copula",2000,-1.5,"0.5(log(n))^2",0.12
292,1000,5,"T_Copula",2000,-1.5,"0.5(log(n))^2",0.16
293,1000,5,"T_Copula",2000,-1.5,"0.5(log(n))^2",0.36
294,1000,5,"T_Copula",2000,-1.5,"0.5(log(n))^2",0.95
295,1000,5,"T_Copula",2000,-1.5,"0.5(log(n))^2",0.95
296,1000,5,"T_Copula",2000,-1.5,"0.5(log(n))^2",0.71
297,1000,5,"T_Copula",2000,-1.5,"0.5(log(n))^2",0
298,1000,5,"T_Copula",2000,-1.5,"0.5(log(n))^2",0.66
299,1000,5,"T_Copula",2000,-1.5,"0.5(log(n))^2",0.52
300,1000,5,"T_Copula",2000,-1.5,"0.5(log(n))^2",0.01
301,1000,5,"T_Copula",2000,-1.5,"0.5(log(n))^2",0.82
302,1000,5,"T_Copula",2000,-1.5,"0.5(log(n))^2",0.06
303,1000,5,"T_Copula",2000,-1.5,"0.5(log(n))^2",0.92
304,1000,5,"T_Copula",2000,-1.5,"0.5(log(n))^2",0.28
305,1000,5,"T_Copula",2000,-1.5,"0.5(log(n))^2",0.74
306,1000,5,"T_Copula",2000,-1.5,"0.5(log(n))^2",0.3
307,1000,5,"T_Copula",2000,-1.5,"0.5(log(n))^2",0.02
308,1000,5,"T_Copula",2000,-1.5,"0.5(log(n))^2",0.13
309,1000,5,"T_Copula",2000,-1.5,"0.5(log(n))^2",0.15
310,1000,5,"T_Copula",2000,-1.5,"0.5(log(n))^2",0.24
311,1000,5,"T_Copula",2000,-1.5,"0.5(log(n))^2",0.54
312,1000,5,"T_Copula",2000,-1.5,"0.5(log(n))^2",0.44
313,1000,5,"T_Copula",2000,-1.5,"0.5(log(n))^2",0.89
314,1000,5,"T_Copula",2000,-1.5,"0.5(log(n))^2",0.98
315,1000,5,"T_Copula",2000,-1.5,"0.5(log(n))^2",0.78
316,1000,5,"T_Copula",2000,-1.5,"0.5(log(n))^2",0.65
317,1000,5,"T_Copula",2000,-1.5,"0.5(log(n))^2",0.53
318,1000,5,"T_Copula",2000,-1.5,"0.5(log(n))^2",0.38
319,1000,5,"T_Copula",2000,-1.5,"0.5(log(n))^2",0.77
320,1000,5,"T_Copula",2000,-1.5,"0.5(log(n))^2",0.66
321,1000,5,"T_Copula",2000,-1.5,"0.5(log(n))^2",0.82
322,1000,5,"T_Copula",2000,-1.5,"0.5(log(n))^2",0.37
323,1000,5,"T_Copula",2000,-1.5,"0.5(log(n))^2",0.25
324,1000,5,"T_Copula",2000,-1.5,"0.5(log(n))^2",0.64
325,1000,5,"T_Copula",2000,-1.5,"0.5(log(n))^2",0.3
326,1000,5,"T_Copula",2000,-1.5,"0.5(log(n))^2",0.97
327,1000,5,"T_Copula",2000,-1.5,"0.5(log(n))^2",0.2
328,1000,5,"T_Copula",2000,-1.5,"0.5(log(n))^2",0.43
329,1000,5,"T_Copula",2000,-1.5,"0.5(log(n))^2",0.1
330,1000,5,"T_Copula",2000,-1.5,"0.5(log(n))^2",0.98
331,1000,5,"T_Copula",2000,-1.5,"0.5(log(n))^2",0.91
332,1000,5,"T_Copula",2000,-1.5,"0.5(log(n))^2",0.92
333,1000,5,"T_Copula",2000,-1.5,"0.5(log(n))^2",0.94
334,1000,5,"T_Copula",2000,-1.5,"0.5(log(n))^2",0.67
335,1000,5,"T_Copula",2000,-1.5,"0.5(log(n))^2",0.93
336,1000,5,"T_Copula",2000,-1.5,"0.5(log(n))^2",0.29
337,1000,5,"T_Copula",2000,-1.5,"0.5(log(n))^2",0.99
338,1000,5,"T_Copula",2000,-1.5,"0.5(log(n))^2",0.43
339,1000,5,"T_Copula",2000,-1.5,"0.5(log(n))^2",0.67
340,1000,5,"T_Copula",2000,-1.5,"0.5(log(n))^2",0.38
341,1000,5,"T_Copula",2000,-1.5,"0.5(log(n))^2",0.2
342,1000,5,"T_Copula",2000,-1.5,"0.5(log(n))^2",0.81
343,1000,5,"T_Copula",2000,-1.5,"0.5(log(n))^2",0.6
344,1000,5,"T_Copula",2000,-1.5,"0.5(log(n))^2",1
345,1000,5,"T_Copula",2000,-1.5,"0.5(log(n))^2",0.38
346,1000,5,"T_Copula",2000,-1.5,"0.5(log(n))^2",0.83
347,1000,5,"T_Copula",2000,-1.5,"0.5(log(n))^2",0.87
348,1000,5,"T_Copula",2000,-1.5,"0.5(log(n))^2",0.71
349,1000,5,"T_Copula",2000,-1.5,"0.5(log(n))^2",0.55
350,1000,5,"T_Copula",2000,-1.5,"0.5(log(n))^2",0.15
351,1000,5,"T_Copula",2000,-1.5,"0.5(log(n))^2",0.64
352,1000,5,"T_Copula",2000,-1.5,"0.5(log(n))^2",0.47
353,1000,5,"T_Copula",2000,-1.5,"0.5(log(n))^2",0.63
354,1000,5,"T_Copula",2000,-1.5,"0.5(log(n))^2",0.82
355,1000,5,"T_Copula",2000,-1.5,"0.5(log(n))^2",1
356,1000,5,"T_Copula",2000,-1.5,"0.5(log(n))^2",0.73
357,1000,5,"T_Copula",2000,-1.5,"0.5(log(n))^2",0.81
358,1000,5,"T_Copula",2000,-1.5,"0.5(log(n))^2",0.54
359,1000,5,"T_Copula",2000,-1.5,"0.5(log(n))^2",0.4
360,1000,5,"T_Copula",2000,-1.5,"0.5(log(n))^2",0.34
361,1000,5,"T_Copula",2000,-1.5,"0.5(log(n))^2",0.96
362,1000,5,"T_Copula",2000,-1.5,"0.5(log(n))^2",0.9
363,1000,5,"T_Copula",2000,-1.5,"0.5(log(n))^2",0.22
364,1000,5,"T_Copula",2000,-1.5,"0.5(log(n))^2",0.83
365,1000,5,"T_Copula",2000,-1.5,"0.5(log(n))^2",0.95
366,1000,5,"T_Copula",2000,-1.5,"0.5(log(n))^2",0.38
367,1000,5,"T_Copula",2000,-1.5,"0.5(log(n))^2",0.75
368,1000,5,"T_Copula",2000,-1.5,"0.5(log(n))^2",0.13
369,1000,5,"T_Copula",2000,-1.5,"0.5(log(n))^2",0.7
370,1000,5,"T_Copula",2000,-1.5,"0.5(log(n))^2",0.67
371,1000,5,"T_Copula",2000,-1.5,"0.5(log(n))^2",0.24
372,1000,5,"T_Copula",2000,-1.5,"0.5(log(n))^2",0.74
373,1000,5,"T_Copula",2000,-1.5,"0.5(log(n))^2",0.28
374,1000,5,"T_Copula",2000,-1.5,"0.5(log(n))^2",0.64
375,1000,5,"T_Copula",2000,-1.5,"0.5(log(n))^2",0.68
376,1000,5,"T_Copula",2000,-1.5,"0.5(log(n))^2",0.72
377,1000,5,"T_Copula",2000,-1.5,"0.5(log(n))^2",0.1
378,1000,5,"T_Copula",2000,-1.5,"0.5(log(n))^2",0.9
379,1000,5,"T_Copula",2000,-1.5,"0.5(log(n))^2",0.93
380,1000,5,"T_Copula",2000,-1.5,"0.5(log(n))^2",0.68
381,1000,5,"T_Copula",2000,-1.5,"0.5(log(n))^2",0.07
382,1000,5,"T_Copula",2000,-1.5,"0.5(log(n))^2",0.41
383,1000,5,"T_Copula",2000,-1.5,"0.5(log(n))^2",0.79
384,1000,5,"T_Copula",2000,-1.5,"0.5(log(n))^2",0.85
385,1000,5,"T_Copula",2000,-1.5,"0.5(log(n))^2",0.64
386,1000,5,"T_Copula",2000,-1.5,"0.5(log(n))^2",0.9
387,1000,5,"T_Copula",2000,-1.5,"0.5(log(n))^2",0.67
388,1000,5,"T_Copula",2000,-1.5,"0.5(log(n))^2",0.38
389,1000,5,"T_Copula",2000,-1.5,"0.5(log(n))^2",0.65
390,1000,5,"T_Copula",2000,-1.5,"0.5(log(n))^2",0.84
391,1000,5,"T_Copula",2000,-1.5,"0.5(log(n))^2",0.05
392,1000,5,"T_Copula",2000,-1.5,"0.5(log(n))^2",0.68
393,1000,5,"T_Copula",2000,-1.5,"0.5(log(n))^2",0.05
394,1000,5,"T_Copula",2000,-1.5,"0.5(log(n))^2",0.58
395,1000,5,"T_Copula",2000,-1.5,"0.5(log(n))^2",0.95
396,1000,5,"T_Copula",2000,-1.5,"0.5(log(n))^2",0.4
397,1000,5,"T_Copula",2000,-1.5,"0.5(log(n))^2",0.9
398,1000,5,"T_Copula",2000,-1.5,"0.5(log(n))^2",0.44
399,1000,5,"T_Copula",2000,-1.5,"0.5(log(n))^2",0.92
400,1000,5,"T_Copula",2000,-1.5,"0.5(log(n))^2",0.79
401,1000,5,"T_Copula",2000,-1.5,"0.5(log(n))^2",0.03
402,1000,5,"T_Copula",2000,-1.5,"0.5(log(n))^2",0.78
403,1000,5,"T_Copula",2000,-1.5,"0.5(log(n))^2",0.26
404,1000,5,"T_Copula",2000,-1.5,"0.5(log(n))^2",0.88
405,1000,5,"T_Copula",2000,-1.5,"0.5(log(n))^2",0.56
406,1000,5,"T_Copula",2000,-1.5,"0.5(log(n))^2",0.34
407,1000,5,"T_Copula",2000,-1.5,"0.5(log(n))^2",0.3
408,1000,5,"T_Copula",2000,-1.5,"0.5(log(n))^2",0.79
409,1000,5,"T_Copula",2000,-1.5,"0.5(log(n))^2",0.92
410,1000,5,"T_Copula",2000,-1.5,"0.5(log(n))^2",0.69
411,1000,5,"T_Copula",2000,-1.5,"0.5(log(n))^2",0.42
412,1000,5,"T_Copula",2000,-1.5,"0.5(log(n))^2",0.74
413,1000,5,"T_Copula",2000,-1.5,"0.5(log(n))^2",0.44
414,1000,5,"T_Copula",2000,-1.5,"0.5(log(n))^2",0.72
415,1000,5,"T_Copula",2000,-1.5,"0.5(log(n))^2",0.15
416,1000,5,"T_Copula",2000,-1.5,"0.5(log(n))^2",0.77
417,1000,5,"T_Copula",2000,-1.5,"0.5(log(n))^2",0.93
418,1000,5,"T_Copula",2000,-1.5,"0.5(log(n))^2",0.06
419,1000,5,"T_Copula",2000,-1.5,"0.5(log(n))^2",0.12
420,1000,5,"T_Copula",2000,-1.5,"0.5(log(n))^2",0.42
421,1000,5,"T_Copula",2000,-1.5,"0.5(log(n))^2",0.57
422,1000,5,"T_Copula",2000,-1.5,"0.5(log(n))^2",0.04
423,1000,5,"T_Copula",2000,-1.5,"0.5(log(n))^2",0.51
424,1000,5,"T_Copula",2000,-1.5,"0.5(log(n))^2",0.84
425,1000,5,"T_Copula",2000,-1.5,"0.5(log(n))^2",0.46
426,1000,5,"T_Copula",2000,-1.5,"0.5(log(n))^2",0.45
427,1000,5,"T_Copula",2000,-1.5,"0.5(log(n))^2",0.2
428,1000,5,"T_Copula",2000,-1.5,"0.5(log(n))^2",0.58
429,1000,5,"T_Copula",2000,-1.5,"0.5(log(n))^2",0.95
430,1000,5,"T_Copula",2000,-1.5,"0.5(log(n))^2",0.33
431,1000,5,"T_Copula",2000,-1.5,"0.5(log(n))^2",0.76
432,1000,5,"T_Copula",2000,-1.5,"0.5(log(n))^2",0.39
433,1000,5,"T_Copula",2000,-1.5,"0.5(log(n))^2",0.71
434,1000,5,"T_Copula",2000,-1.5,"0.5(log(n))^2",0.06
435,1000,5,"T_Copula",2000,-1.5,"0.5(log(n))^2",0.26
436,1000,5,"T_Copula",2000,-1.5,"0.5(log(n))^2",0.97
437,1000,5,"T_Copula",2000,-1.5,"0.5(log(n))^2",0.34
438,1000,5,"T_Copula",2000,-1.5,"0.5(log(n))^2",0.86
439,1000,5,"T_Copula",2000,-1.5,"0.5(log(n))^2",0.86
440,1000,5,"T_Copula",2000,-1.5,"0.5(log(n))^2",0.72
441,1000,5,"T_Copula",2000,-1.5,"0.5(log(n))^2",0.44
442,1000,5,"T_Copula",2000,-1.5,"0.5(log(n))^2",0.99
443,1000,5,"T_Copula",2000,-1.5,"0.5(log(n))^2",0.77
444,1000,5,"T_Copula",2000,-1.5,"0.5(log(n))^2",0.56
445,1000,5,"T_Copula",2000,-1.5,"0.5(log(n))^2",0.66
446,1000,5,"T_Copula",2000,-1.5,"0.5(log(n))^2",0.1
447,1000,5,"T_Copula",2000,-1.5,"0.5(log(n))^2",0.13
448,1000,5,"T_Copula",2000,-1.5,"0.5(log(n))^2",0.77
449,1000,5,"T_Copula",2000,-1.5,"0.5(log(n))^2",0.48
450,1000,5,"T_Copula",2000,-1.5,"0.5(log(n))^2",0.52
451,1000,5,"T_Copula",2000,-1.5,"0.5(log(n))^2",0.11
452,1000,5,"T_Copula",2000,-1.5,"0.5(log(n))^2",0.18
453,1000,5,"T_Copula",2000,-1.5,"0.5(log(n))^2",0.58
454,1000,5,"T_Copula",2000,-1.5,"0.5(log(n))^2",0.34
455,1000,5,"T_Copula",2000,-1.5,"0.5(log(n))^2",0.41
456,1000,5,"T_Copula",2000,-1.5,"0.5(log(n))^2",0.6
457,1000,5,"T_Copula",2000,-1.5,"0.5(log(n))^2",0.4
458,1000,5,"T_Copula",2000,-1.5,"0.5(log(n))^2",0.98
459,1000,5,"T_Copula",2000,-1.5,"0.5(log(n))^2",0.57
460,1000,5,"T_Copula",2000,-1.5,"0.5(log(n))^2",0.2
461,1000,5,"T_Copula",2000,-1.5,"0.5(log(n))^2",0.34
462,1000,5,"T_Copula",2000,-1.5,"0.5(log(n))^2",0.46
463,1000,5,"T_Copula",2000,-1.5,"0.5(log(n))^2",0.49
464,1000,5,"T_Copula",2000,-1.5,"0.5(log(n))^2",0.88
465,1000,5,"T_Copula",2000,-1.5,"0.5(log(n))^2",0.26
466,1000,5,"T_Copula",2000,-1.5,"0.5(log(n))^2",0.9
467,1000,5,"T_Copula",2000,-1.5,"0.5(log(n))^2",0.52
468,1000,5,"T_Copula",2000,-1.5,"0.5(log(n))^2",0.95
469,1000,5,"T_Copula",2000,-1.5,"0.5(log(n))^2",0.47
470,1000,5,"T_Copula",2000,-1.5,"0.5(log(n))^2",0.26
471,1000,5,"T_Copula",2000,-1.5,"0.5(log(n))^2",0.29
472,1000,5,"T_Copula",2000,-1.5,"0.5(log(n))^2",0.5
473,1000,5,"T_Copula",2000,-1.5,"0.5(log(n))^2",0.17
474,1000,5,"T_Copula",2000,-1.5,"0.5(log(n))^2",0.87
475,1000,5,"T_Copula",2000,-1.5,"0.5(log(n))^2",0.5
476,1000,5,"T_Copula",2000,-1.5,"0.5(log(n))^2",0.68
477,1000,5,"T_Copula",2000,-1.5,"0.5(log(n))^2",0.82
478,1000,5,"T_Copula",2000,-1.5,"0.5(log(n))^2",0.92
479,1000,5,"T_Copula",2000,-1.5,"0.5(log(n))^2",0.58
480,1000,5,"T_Copula",2000,-1.5,"0.5(log(n))^2",0.36
481,1000,5,"T_Copula",2000,-1.5,"0.5(log(n))^2",0.09
482,1000,5,"T_Copula",2000,-1.5,"0.5(log(n))^2",0.97
483,1000,5,"T_Copula",2000,-1.5,"0.5(log(n))^2",0.85
484,1000,5,"T_Copula",2000,-1.5,"0.5(log(n))^2",0.06
485,1000,5,"T_Copula",2000,-1.5,"0.5(log(n))^2",0.17
486,1000,5,"T_Copula",2000,-1.5,"0.5(log(n))^2",0.83
487,1000,5,"T_Copula",2000,-1.5,"0.5(log(n))^2",0.8
488,1000,5,"T_Copula",2000,-1.5,"0.5(log(n))^2",0.63
489,1000,5,"T_Copula",2000,-1.5,"0.5(log(n))^2",0.6
490,1000,5,"T_Copula",2000,-1.5,"0.5(log(n))^2",0.96
491,1000,5,"T_Copula",2000,-1.5,"0.5(log(n))^2",0.05
492,1000,5,"T_Copula",2000,-1.5,"0.5(log(n))^2",0.85
493,1000,5,"T_Copula",2000,-1.5,"0.5(log(n))^2",0.89
494,1000,5,"T_Copula",2000,-1.5,"0.5(log(n))^2",0.47
495,1000,5,"T_Copula",2000,-1.5,"0.5(log(n))^2",0.82
496,1000,5,"T_Copula",2000,-1.5,"0.5(log(n))^2",0.92
497,1000,5,"T_Copula",2000,-1.5,"0.5(log(n))^2",0.65
498,1000,5,"T_Copula",2000,-1.5,"0.5(log(n))^2",0.97
499,1000,5,"T_Copula",2000,-1.5,"0.5(log(n))^2",0.44
500,1000,5,"T_Copula",2000,-1.5,"0.5(log(n))^2",0.68
501,1000,5,"T_Copula",2000,-1.5,"0.5(log(n))^2",0.04
502,1000,5,"T_Copula",2000,-1.5,"0.5(log(n))^2",0.37
503,1000,5,"T_Copula",2000,-1.5,"0.5(log(n))^2",0.19
504,1000,5,"T_Copula",2000,-1.5,"0.5(log(n))^2",0.64
505,1000,5,"T_Copula",2000,-1.5,"0.5(log(n))^2",0.62
506,1000,5,"T_Copula",2000,-1.5,"0.5(log(n))^2",0.82
507,1000,5,"T_Copula",2000,-1.5,"0.5(log(n))^2",0.64
508,1000,5,"T_Copula",2000,-1.5,"0.5(log(n))^2",0.26
509,1000,5,"T_Copula",2000,-1.5,"0.5(log(n))^2",0.92
510,1000,5,"T_Copula",2000,-1.5,"0.5(log(n))^2",0.55
511,1000,5,"T_Copula",2000,-1.5,"0.5(log(n))^2",0.63
512,1000,5,"T_Copula",2000,-1.5,"0.5(log(n))^2",0.04
513,1000,5,"T_Copula",2000,-1.5,"0.5(log(n))^2",0.17
514,1000,5,"T_Copula",2000,-1.5,"0.5(log(n))^2",0.19
515,1000,5,"T_Copula",2000,-1.5,"0.5(log(n))^2",0.72
516,1000,5,"T_Copula",2000,-1.5,"0.5(log(n))^2",0.12
517,1000,5,"T_Copula",2000,-1.5,"0.5(log(n))^2",0.7
518,1000,5,"T_Copula",2000,-1.5,"0.5(log(n))^2",0.43
519,1000,5,"T_Copula",2000,-1.5,"0.5(log(n))^2",0.4
520,1000,5,"T_Copula",2000,-1.5,"0.5(log(n))^2",0.89
521,1000,5,"T_Copula",2000,-1.5,"0.5(log(n))^2",0.42
522,1000,5,"T_Copula",2000,-1.5,"0.5(log(n))^2",0.96
523,1000,5,"T_Copula",2000,-1.5,"0.5(log(n))^2",0.3
524,1000,5,"T_Copula",2000,-1.5,"0.5(log(n))^2",0.06
525,1000,5,"T_Copula",2000,-1.5,"0.5(log(n))^2",0.96
526,1000,5,"T_Copula",2000,-1.5,"0.5(log(n))^2",0.61
527,1000,5,"T_Copula",2000,-1.5,"0.5(log(n))^2",0.75
528,1000,5,"T_Copula",2000,-1.5,"0.5(log(n))^2",0.4
529,1000,5,"T_Copula",2000,-1.5,"0.5(log(n))^2",0.16
530,1000,5,"T_Copula",2000,-1.5,"0.5(log(n))^2",0.87
531,1000,5,"T_Copula",2000,-1.5,"0.5(log(n))^2",0.99
532,1000,5,"T_Copula",2000,-1.5,"0.5(log(n))^2",0.34
533,1000,5,"T_Copula",2000,-1.5,"0.5(log(n))^2",0.6
534,1000,5,"T_Copula",2000,-1.5,"0.5(log(n))^2",0.18
535,1000,5,"T_Copula",2000,-1.5,"0.5(log(n))^2",0.19
536,1000,5,"T_Copula",2000,-1.5,"0.5(log(n))^2",0.04
537,1000,5,"T_Copula",2000,-1.5,"0.5(log(n))^2",0.26
538,1000,5,"T_Copula",2000,-1.5,"0.5(log(n))^2",0.01
539,1000,5,"T_Copula",2000,-1.5,"0.5(log(n))^2",0.32
540,1000,5,"T_Copula",2000,-1.5,"0.5(log(n))^2",0.97
541,1000,5,"T_Copula",2000,-1.5,"0.5(log(n))^2",0.22
542,1000,5,"T_Copula",2000,-1.5,"0.5(log(n))^2",0.96
543,1000,5,"T_Copula",2000,-1.5,"0.5(log(n))^2",0.59
544,1000,5,"T_Copula",2000,-1.5,"0.5(log(n))^2",0.04
545,1000,5,"T_Copula",2000,-1.5,"0.5(log(n))^2",0.78
546,1000,5,"T_Copula",2000,-1.5,"0.5(log(n))^2",0.58
547,1000,5,"T_Copula",2000,-1.5,"0.5(log(n))^2",0.08
548,1000,5,"T_Copula",2000,-1.5,"0.5(log(n))^2",0.36
549,1000,5,"T_Copula",2000,-1.5,"0.5(log(n))^2",0.39
550,1000,5,"T_Copula",2000,-1.5,"0.5(log(n))^2",0.72
551,1000,5,"T_Copula",2000,-1.5,"0.5(log(n))^2",0.91
552,1000,5,"T_Copula",2000,-1.5,"0.5(log(n))^2",0.08
553,1000,5,"T_Copula",2000,-1.5,"0.5(log(n))^2",0.11
554,1000,5,"T_Copula",2000,-1.5,"0.5(log(n))^2",1
555,1000,5,"T_Copula",2000,-1.5,"0.5(log(n))^2",0.5
556,1000,5,"T_Copula",2000,-1.5,"0.5(log(n))^2",0.02
557,1000,5,"T_Copula",2000,-1.5,"0.5(log(n))^2",0.33
558,1000,5,"T_Copula",2000,-1.5,"0.5(log(n))^2",0.38
559,1000,5,"T_Copula",2000,-1.5,"0.5(log(n))^2",0.82
560,1000,5,"T_Copula",2000,-1.5,"0.5(log(n))^2",0.61
561,1000,5,"T_Copula",2000,-1.5,"0.5(log(n))^2",0.76
562,1000,5,"T_Copula",2000,-1.5,"0.5(log(n))^2",0.11
563,1000,5,"T_Copula",2000,-1.5,"0.5(log(n))^2",0.24
564,1000,5,"T_Copula",2000,-1.5,"0.5(log(n))^2",0.38
565,1000,5,"T_Copula",2000,-1.5,"0.5(log(n))^2",0.16
566,1000,5,"T_Copula",2000,-1.5,"0.5(log(n))^2",0.46
567,1000,5,"T_Copula",2000,-1.5,"0.5(log(n))^2",0.55
568,1000,5,"T_Copula",2000,-1.5,"0.5(log(n))^2",0.53
569,1000,5,"T_Copula",2000,-1.5,"0.5(log(n))^2",0.4
570,1000,5,"T_Copula",2000,-1.5,"0.5(log(n))^2",0.67
571,1000,5,"T_Copula",2000,-1.5,"0.5(log(n))^2",0.89
572,1000,5,"T_Copula",2000,-1.5,"0.5(log(n))^2",0.94
573,1000,5,"T_Copula",2000,-1.5,"0.5(log(n))^2",0.93
574,1000,5,"T_Copula",2000,-1.5,"0.5(log(n))^2",0.32
575,1000,5,"T_Copula",2000,-1.5,"0.5(log(n))^2",0.94
576,1000,5,"T_Copula",2000,-1.5,"0.5(log(n))^2",0.67
577,1000,5,"T_Copula",2000,-1.5,"0.5(log(n))^2",0.73
578,1000,5,"T_Copula",2000,-1.5,"0.5(log(n))^2",0.59
579,1000,5,"T_Copula",2000,-1.5,"0.5(log(n))^2",0.02
580,1000,5,"T_Copula",2000,-1.5,"0.5(log(n))^2",0.96
581,1000,5,"T_Copula",2000,-1.5,"0.5(log(n))^2",0.92
582,1000,5,"T_Copula",2000,-1.5,"0.5(log(n))^2",0.49
583,1000,5,"T_Copula",2000,-1.5,"0.5(log(n))^2",0.46
584,1000,5,"T_Copula",2000,-1.5,"0.5(log(n))^2",0.03
585,1000,5,"T_Copula",2000,-1.5,"0.5(log(n))^2",0.27
586,1000,5,"T_Copula",2000,-1.5,"0.5(log(n))^2",0.4
587,1000,5,"T_Copula",2000,-1.5,"0.5(log(n))^2",0.57
588,1000,5,"T_Copula",2000,-1.5,"0.5(log(n))^2",0.25
589,1000,5,"T_Copula",2000,-1.5,"0.5(log(n))^2",0
590,1000,5,"T_Copula",2000,-1.5,"0.5(log(n))^2",0.71
591,1000,5,"T_Copula",2000,-1.5,"0.5(log(n))^2",0.9
592,1000,5,"T_Copula",2000,-1.5,"0.5(log(n))^2",0.78
593,1000,5,"T_Copula",2000,-1.5,"0.5(log(n))^2",0.33
594,1000,5,"T_Copula",2000,-1.5,"0.5(log(n))^2",0.34
595,1000,5,"T_Copula",2000,-1.5,"0.5(log(n))^2",0.06
596,1000,5,"T_Copula",2000,-1.5,"0.5(log(n))^2",0.49
597,1000,5,"T_Copula",2000,-1.5,"0.5(log(n))^2",0.21
598,1000,5,"T_Copula",2000,-1.5,"0.5(log(n))^2",0.94
599,1000,5,"T_Copula",2000,-1.5,"0.5(log(n))^2",0.21
600,1000,5,"T_Copula",2000,-1.5,"0.5(log(n))^2",0.28
601,1000,5,"T_Copula",2000,-1.5,"0.5(log(n))^2",0.46
602,1000,5,"T_Copula",2000,-1.5,"0.5(log(n))^2",0.61
603,1000,5,"T_Copula",2000,-1.5,"0.5(log(n))^2",0.12
604,1000,5,"T_Copula",2000,-1.5,"0.5(log(n))^2",0.85
605,1000,5,"T_Copula",2000,-1.5,"0.5(log(n))^2",0.97
606,1000,5,"T_Copula",2000,-1.5,"0.5(log(n))^2",0.15
607,1000,5,"T_Copula",2000,-1.5,"0.5(log(n))^2",0.5
608,1000,5,"T_Copula",2000,-1.5,"0.5(log(n))^2",0.74
609,1000,5,"T_Copula",2000,-1.5,"0.5(log(n))^2",0.85
610,1000,5,"T_Copula",2000,-1.5,"0.5(log(n))^2",0.71
611,1000,5,"T_Copula",2000,-1.5,"0.5(log(n))^2",0.77
612,1000,5,"T_Copula",2000,-1.5,"0.5(log(n))^2",0.12
613,1000,5,"T_Copula",2000,-1.5,"0.5(log(n))^2",0.53
614,1000,5,"T_Copula",2000,-1.5,"0.5(log(n))^2",0.92
615,1000,5,"T_Copula",2000,-1.5,"0.5(log(n))^2",0.8
616,1000,5,"T_Copula",2000,-1.5,"0.5(log(n))^2",0.98
617,1000,5,"T_Copula",2000,-1.5,"0.5(log(n))^2",0.42
618,1000,5,"T_Copula",2000,-1.5,"0.5(log(n))^2",0.61
619,1000,5,"T_Copula",2000,-1.5,"0.5(log(n))^2",0.3
620,1000,5,"T_Copula",2000,-1.5,"0.5(log(n))^2",0.68
621,1000,5,"T_Copula",2000,-1.5,"0.5(log(n))^2",0.11
622,1000,5,"T_Copula",2000,-1.5,"0.5(log(n))^2",0.34
623,1000,5,"T_Copula",2000,-1.5,"0.5(log(n))^2",0.65
624,1000,5,"T_Copula",2000,-1.5,"0.5(log(n))^2",0.34
625,1000,5,"T_Copula",2000,-1.5,"0.5(log(n))^2",0.07
626,1000,5,"T_Copula",2000,-1.5,"0.5(log(n))^2",0.63
627,1000,5,"T_Copula",2000,-1.5,"0.5(log(n))^2",0.46
628,1000,5,"T_Copula",2000,-1.5,"0.5(log(n))^2",0.55
629,1000,5,"T_Copula",2000,-1.5,"0.5(log(n))^2",0.32
630,1000,5,"T_Copula",2000,-1.5,"0.5(log(n))^2",0.56
631,1000,5,"T_Copula",2000,-1.5,"0.5(log(n))^2",0.17
632,1000,5,"T_Copula",2000,-1.5,"0.5(log(n))^2",0.51
633,1000,5,"T_Copula",2000,-1.5,"0.5(log(n))^2",0.53
634,1000,5,"T_Copula",2000,-1.5,"0.5(log(n))^2",0.91
635,1000,5,"T_Copula",2000,-1.5,"0.5(log(n))^2",0.58
636,1000,5,"T_Copula",2000,-1.5,"0.5(log(n))^2",0.6
637,1000,5,"T_Copula",2000,-1.5,"0.5(log(n))^2",0.78
638,1000,5,"T_Copula",2000,-1.5,"0.5(log(n))^2",0.44
639,1000,5,"T_Copula",2000,-1.5,"0.5(log(n))^2",0.53
640,1000,5,"T_Copula",2000,-1.5,"0.5(log(n))^2",0.15
641,1000,5,"T_Copula",2000,-1.5,"0.5(log(n))^2",0.04
642,1000,5,"T_Copula",2000,-1.5,"0.5(log(n))^2",0.93
643,1000,5,"T_Copula",2000,-1.5,"0.5(log(n))^2",0.39
644,1000,5,"T_Copula",2000,-1.5,"0.5(log(n))^2",0.87
645,1000,5,"T_Copula",2000,-1.5,"0.5(log(n))^2",0.49
646,1000,5,"T_Copula",2000,-1.5,"0.5(log(n))^2",0.69
647,1000,5,"T_Copula",2000,-1.5,"0.5(log(n))^2",0.39
648,1000,5,"T_Copula",2000,-1.5,"0.5(log(n))^2",0
649,1000,5,"T_Copula",2000,-1.5,"0.5(log(n))^2",0.11
650,1000,5,"T_Copula",2000,-1.5,"0.5(log(n))^2",0.87
651,1000,5,"T_Copula",2000,-1.5,"0.5(log(n))^2",0.78
652,1000,5,"T_Copula",2000,-1.5,"0.5(log(n))^2",0.76
653,1000,5,"T_Copula",2000,-1.5,"0.5(log(n))^2",0.32
654,1000,5,"T_Copula",2000,-1.5,"0.5(log(n))^2",0.1
655,1000,5,"T_Copula",2000,-1.5,"0.5(log(n))^2",0.72
656,1000,5,"T_Copula",2000,-1.5,"0.5(log(n))^2",0.17
657,1000,5,"T_Copula",2000,-1.5,"0.5(log(n))^2",0.05
658,1000,5,"T_Copula",2000,-1.5,"0.5(log(n))^2",0.13
659,1000,5,"T_Copula",2000,-1.5,"0.5(log(n))^2",1
660,1000,5,"T_Copula",2000,-1.5,"0.5(log(n))^2",0.43
661,1000,5,"T_Copula",2000,-1.5,"0.5(log(n))^2",0.29
662,1000,5,"T_Copula",2000,-1.5,"0.5(log(n))^2",0.8
663,1000,5,"T_Copula",2000,-1.5,"0.5(log(n))^2",0.66
664,1000,5,"T_Copula",2000,-1.5,"0.5(log(n))^2",0.06
665,1000,5,"T_Copula",2000,-1.5,"0.5(log(n))^2",0.39
666,1000,5,"T_Copula",2000,-1.5,"0.5(log(n))^2",0.86
667,1000,5,"T_Copula",2000,-1.5,"0.5(log(n))^2",0.57
668,1000,5,"T_Copula",2000,-1.5,"0.5(log(n))^2",0.95
669,1000,5,"T_Copula",2000,-1.5,"0.5(log(n))^2",0.18
670,1000,5,"T_Copula",2000,-1.5,"0.5(log(n))^2",0.8
671,1000,5,"T_Copula",2000,-1.5,"0.5(log(n))^2",0.48
672,1000,5,"T_Copula",2000,-1.5,"0.5(log(n))^2",0.64
673,1000,5,"T_Copula",2000,-1.5,"0.5(log(n))^2",0.97
674,1000,5,"T_Copula",2000,-1.5,"0.5(log(n))^2",0.46
675,1000,5,"T_Copula",2000,-1.5,"0.5(log(n))^2",0.76
676,1000,5,"T_Copula",2000,-1.5,"0.5(log(n))^2",0.36
677,1000,5,"T_Copula",2000,-1.5,"0.5(log(n))^2",0.48
678,1000,5,"T_Copula",2000,-1.5,"0.5(log(n))^2",0.47
679,1000,5,"T_Copula",2000,-1.5,"0.5(log(n))^2",0.94
680,1000,5,"T_Copula",2000,-1.5,"0.5(log(n))^2",0.45
681,1000,5,"T_Copula",2000,-1.5,"0.5(log(n))^2",0.94
682,1000,5,"T_Copula",2000,-1.5,"0.5(log(n))^2",0.64
683,1000,5,"T_Copula",2000,-1.5,"0.5(log(n))^2",0.25
684,1000,5,"T_Copula",2000,-1.5,"0.5(log(n))^2",0.4
685,1000,5,"T_Copula",2000,-1.5,"0.5(log(n))^2",0.7
686,1000,5,"T_Copula",2000,-1.5,"0.5(log(n))^2",0.04
687,1000,5,"T_Copula",2000,-1.5,"0.5(log(n))^2",0.47
688,1000,5,"T_Copula",2000,-1.5,"0.5(log(n))^2",0.47
689,1000,5,"T_Copula",2000,-1.5,"0.5(log(n))^2",0.57
690,1000,5,"T_Copula",2000,-1.5,"0.5(log(n))^2",1
691,1000,5,"T_Copula",2000,-1.5,"0.5(log(n))^2",0.91
692,1000,5,"T_Copula",2000,-1.5,"0.5(log(n))^2",0.69
693,1000,5,"T_Copula",2000,-1.5,"0.5(log(n))^2",0.8
694,1000,5,"T_Copula",2000,-1.5,"0.5(log(n))^2",0.37
695,1000,5,"T_Copula",2000,-1.5,"0.5(log(n))^2",0.77
696,1000,5,"T_Copula",2000,-1.5,"0.5(log(n))^2",0.18
697,1000,5,"T_Copula",2000,-1.5,"0.5(log(n))^2",0.86
698,1000,5,"T_Copula",2000,-1.5,"0.5(log(n))^2",0.48
699,1000,5,"T_Copula",2000,-1.5,"0.5(log(n))^2",0.56
700,1000,5,"T_Copula",2000,-1.5,"0.5(log(n))^2",0.33
701,1000,5,"T_Copula",2000,-1.5,"0.5(log(n))^2",0.11
702,1000,5,"T_Copula",2000,-1.5,"0.5(log(n))^2",0.21
703,1000,5,"T_Copula",2000,-1.5,"0.5(log(n))^2",0.52
704,1000,5,"T_Copula",2000,-1.5,"0.5(log(n))^2",0.22
705,1000,5,"T_Copula",2000,-1.5,"0.5(log(n))^2",0.23
706,1000,5,"T_Copula",2000,-1.5,"0.5(log(n))^2",0.06
707,1000,5,"T_Copula",2000,-1.5,"0.5(log(n))^2",0.41
708,1000,5,"T_Copula",2000,-1.5,"0.5(log(n))^2",0.8
709,1000,5,"T_Copula",2000,-1.5,"0.5(log(n))^2",0.58
710,1000,5,"T_Copula",2000,-1.5,"0.5(log(n))^2",0.85
711,1000,5,"T_Copula",2000,-1.5,"0.5(log(n))^2",0.22
712,1000,5,"T_Copula",2000,-1.5,"0.5(log(n))^2",0.67
713,1000,5,"T_Copula",2000,-1.5,"0.5(log(n))^2",0.79
714,1000,5,"T_Copula",2000,-1.5,"0.5(log(n))^2",0.31
715,1000,5,"T_Copula",2000,-1.5,"0.5(log(n))^2",0.56
716,1000,5,"T_Copula",2000,-1.5,"0.5(log(n))^2",0.47
717,1000,5,"T_Copula",2000,-1.5,"0.5(log(n))^2",0.23
718,1000,5,"T_Copula",2000,-1.5,"0.5(log(n))^2",0.9
719,1000,5,"T_Copula",2000,-1.5,"0.5(log(n))^2",0.18
720,1000,5,"T_Copula",2000,-1.5,"0.5(log(n))^2",0.4
721,1000,5,"T_Copula",2000,-1.5,"0.5(log(n))^2",0.79
722,1000,5,"T_Copula",2000,-1.5,"0.5(log(n))^2",0.8
723,1000,5,"T_Copula",2000,-1.5,"0.5(log(n))^2",0.59
724,1000,5,"T_Copula",2000,-1.5,"0.5(log(n))^2",0.35
725,1000,5,"T_Copula",2000,-1.5,"0.5(log(n))^2",0.93
726,1000,5,"T_Copula",2000,-1.5,"0.5(log(n))^2",0.89
727,1000,5,"T_Copula",2000,-1.5,"0.5(log(n))^2",0.99
728,1000,5,"T_Copula",2000,-1.5,"0.5(log(n))^2",0.88
729,1000,5,"T_Copula",2000,-1.5,"0.5(log(n))^2",0.84
730,1000,5,"T_Copula",2000,-1.5,"0.5(log(n))^2",0.13
731,1000,5,"T_Copula",2000,-1.5,"0.5(log(n))^2",0.42
732,1000,5,"T_Copula",2000,-1.5,"0.5(log(n))^2",0.27
733,1000,5,"T_Copula",2000,-1.5,"0.5(log(n))^2",0.25
734,1000,5,"T_Copula",2000,-1.5,"0.5(log(n))^2",0.31
735,1000,5,"T_Copula",2000,-1.5,"0.5(log(n))^2",0.31
736,1000,5,"T_Copula",2000,-1.5,"0.5(log(n))^2",0.21
737,1000,5,"T_Copula",2000,-1.5,"0.5(log(n))^2",0.25
738,1000,5,"T_Copula",2000,-1.5,"0.5(log(n))^2",0.66
739,1000,5,"T_Copula",2000,-1.5,"0.5(log(n))^2",0.65
740,1000,5,"T_Copula",2000,-1.5,"0.5(log(n))^2",0.98
741,1000,5,"T_Copula",2000,-1.5,"0.5(log(n))^2",0.7
742,1000,5,"T_Copula",2000,-1.5,"0.5(log(n))^2",0.51
743,1000,5,"T_Copula",2000,-1.5,"0.5(log(n))^2",0.31
744,1000,5,"T_Copula",2000,-1.5,"0.5(log(n))^2",0.08
745,1000,5,"T_Copula",2000,-1.5,"0.5(log(n))^2",0.32
746,1000,5,"T_Copula",2000,-1.5,"0.5(log(n))^2",0.63
747,1000,5,"T_Copula",2000,-1.5,"0.5(log(n))^2",0.77
748,1000,5,"T_Copula",2000,-1.5,"0.5(log(n))^2",0.7
749,1000,5,"T_Copula",2000,-1.5,"0.5(log(n))^2",0.94
750,1000,5,"T_Copula",2000,-1.5,"0.5(log(n))^2",0.61
751,1000,5,"T_Copula",2000,-1.5,"0.5(log(n))^2",0.91
752,1000,5,"T_Copula",2000,-1.5,"0.5(log(n))^2",0.47
753,1000,5,"T_Copula",2000,-1.5,"0.5(log(n))^2",1
754,1000,5,"T_Copula",2000,-1.5,"0.5(log(n))^2",0.98
755,1000,5,"T_Copula",2000,-1.5,"0.5(log(n))^2",0.48
756,1000,5,"T_Copula",2000,-1.5,"0.5(log(n))^2",0.7
757,1000,5,"T_Copula",2000,-1.5,"0.5(log(n))^2",0.11
758,1000,5,"T_Copula",2000,-1.5,"0.5(log(n))^2",0.95
759,1000,5,"T_Copula",2000,-1.5,"0.5(log(n))^2",1
760,1000,5,"T_Copula",2000,-1.5,"0.5(log(n))^2",0.73
761,1000,5,"T_Copula",2000,-1.5,"0.5(log(n))^2",0.98
762,1000,5,"T_Copula",2000,-1.5,"0.5(log(n))^2",0.24
763,1000,5,"T_Copula",2000,-1.5,"0.5(log(n))^2",0.73
764,1000,5,"T_Copula",2000,-1.5,"0.5(log(n))^2",0.15
765,1000,5,"T_Copula",2000,-1.5,"0.5(log(n))^2",0.77
766,1000,5,"T_Copula",2000,-1.5,"0.5(log(n))^2",0.63
767,1000,5,"T_Copula",2000,-1.5,"0.5(log(n))^2",0.73
768,1000,5,"T_Copula",2000,-1.5,"0.5(log(n))^2",0.37
769,1000,5,"T_Copula",2000,-1.5,"0.5(log(n))^2",0.24
770,1000,5,"T_Copula",2000,-1.5,"0.5(log(n))^2",0.48
771,1000,5,"T_Copula",2000,-1.5,"0.5(log(n))^2",0.07
772,1000,5,"T_Copula",2000,-1.5,"0.5(log(n))^2",0.35
773,1000,5,"T_Copula",2000,-1.5,"0.5(log(n))^2",0.93
774,1000,5,"T_Copula",2000,-1.5,"0.5(log(n))^2",0.68
775,1000,5,"T_Copula",2000,-1.5,"0.5(log(n))^2",0.04
776,1000,5,"T_Copula",2000,-1.5,"0.5(log(n))^2",0.61
777,1000,5,"T_Copula",2000,-1.5,"0.5(log(n))^2",0.27
778,1000,5,"T_Copula",2000,-1.5,"0.5(log(n))^2",0.45
779,1000,5,"T_Copula",2000,-1.5,"0.5(log(n))^2",1
780,1000,5,"T_Copula",2000,-1.5,"0.5(log(n))^2",0.12
781,1000,5,"T_Copula",2000,-1.5,"0.5(log(n))^2",0.41
782,1000,5,"T_Copula",2000,-1.5,"0.5(log(n))^2",0.45
783,1000,5,"T_Copula",2000,-1.5,"0.5(log(n))^2",0.9
784,1000,5,"T_Copula",2000,-1.5,"0.5(log(n))^2",0.96
785,1000,5,"T_Copula",2000,-1.5,"0.5(log(n))^2",0.64
786,1000,5,"T_Copula",2000,-1.5,"0.5(log(n))^2",0.63
787,1000,5,"T_Copula",2000,-1.5,"0.5(log(n))^2",0.07
788,1000,5,"T_Copula",2000,-1.5,"0.5(log(n))^2",0.53
789,1000,5,"T_Copula",2000,-1.5,"0.5(log(n))^2",0.67
790,1000,5,"T_Copula",2000,-1.5,"0.5(log(n))^2",0.32
791,1000,5,"T_Copula",2000,-1.5,"0.5(log(n))^2",0.66
792,1000,5,"T_Copula",2000,-1.5,"0.5(log(n))^2",0.73
793,1000,5,"T_Copula",2000,-1.5,"0.5(log(n))^2",0.22
794,1000,5,"T_Copula",2000,-1.5,"0.5(log(n))^2",0.76
795,1000,5,"T_Copula",2000,-1.5,"0.5(log(n))^2",0.27
796,1000,5,"T_Copula",2000,-1.5,"0.5(log(n))^2",0.74
797,1000,5,"T_Copula",2000,-1.5,"0.5(log(n))^2",0.15
798,1000,5,"T_Copula",2000,-1.5,"0.5(log(n))^2",0.61
799,1000,5,"T_Copula",2000,-1.5,"0.5(log(n))^2",0.12
800,1000,5,"T_Copula",2000,-1.5,"0.5(log(n))^2",0.27
801,1000,5,"T_Copula",2000,-1.5,"0.5(log(n))^2",0.71
802,1000,5,"T_Copula",2000,-1.5,"0.5(log(n))^2",0.14
803,1000,5,"T_Copula",2000,-1.5,"0.5(log(n))^2",0.69
804,1000,5,"T_Copula",2000,-1.5,"0.5(log(n))^2",0.62
805,1000,5,"T_Copula",2000,-1.5,"0.5(log(n))^2",0.95
806,1000,5,"T_Copula",2000,-1.5,"0.5(log(n))^2",0.42
807,1000,5,"T_Copula",2000,-1.5,"0.5(log(n))^2",0.45
808,1000,5,"T_Copula",2000,-1.5,"0.5(log(n))^2",0.52
809,1000,5,"T_Copula",2000,-1.5,"0.5(log(n))^2",0.85
810,1000,5,"T_Copula",2000,-1.5,"0.5(log(n))^2",1
811,1000,5,"T_Copula",2000,-1.5,"0.5(log(n))^2",0.04
812,1000,5,"T_Copula",2000,-1.5,"0.5(log(n))^2",0.86
813,1000,5,"T_Copula",2000,-1.5,"0.5(log(n))^2",0.73
814,1000,5,"T_Copula",2000,-1.5,"0.5(log(n))^2",0.9
815,1000,5,"T_Copula",2000,-1.5,"0.5(log(n))^2",0.99
816,1000,5,"T_Copula",2000,-1.5,"0.5(log(n))^2",0.28
817,1000,5,"T_Copula",2000,-1.5,"0.5(log(n))^2",0.07
818,1000,5,"T_Copula",2000,-1.5,"0.5(log(n))^2",0.95
819,1000,5,"T_Copula",2000,-1.5,"0.5(log(n))^2",0.15
820,1000,5,"T_Copula",2000,-1.5,"0.5(log(n))^2",0.26
821,1000,5,"T_Copula",2000,-1.5,"0.5(log(n))^2",0.9
822,1000,5,"T_Copula",2000,-1.5,"0.5(log(n))^2",0.52
823,1000,5,"T_Copula",2000,-1.5,"0.5(log(n))^2",0.31
824,1000,5,"T_Copula",2000,-1.5,"0.5(log(n))^2",0.08
825,1000,5,"T_Copula",2000,-1.5,"0.5(log(n))^2",0.79
826,1000,5,"T_Copula",2000,-1.5,"0.5(log(n))^2",0.53
827,1000,5,"T_Copula",2000,-1.5,"0.5(log(n))^2",0.15
828,1000,5,"T_Copula",2000,-1.5,"0.5(log(n))^2",0.08
829,1000,5,"T_Copula",2000,-1.5,"0.5(log(n))^2",0.99
830,1000,5,"T_Copula",2000,-1.5,"0.5(log(n))^2",0.9
831,1000,5,"T_Copula",2000,-1.5,"0.5(log(n))^2",0.93
832,1000,5,"T_Copula",2000,-1.5,"0.5(log(n))^2",0.95
833,1000,5,"T_Copula",2000,-1.5,"0.5(log(n))^2",0.34
834,1000,5,"T_Copula",2000,-1.5,"0.5(log(n))^2",0.68
835,1000,5,"T_Copula",2000,-1.5,"0.5(log(n))^2",0.76
836,1000,5,"T_Copula",2000,-1.5,"0.5(log(n))^2",0.6
837,1000,5,"T_Copula",2000,-1.5,"0.5(log(n))^2",0.98
838,1000,5,"T_Copula",2000,-1.5,"0.5(log(n))^2",0.31
839,1000,5,"T_Copula",2000,-1.5,"0.5(log(n))^2",0.13
840,1000,5,"T_Copula",2000,-1.5,"0.5(log(n))^2",0.55
841,1000,5,"T_Copula",2000,-1.5,"0.5(log(n))^2",0.73
842,1000,5,"T_Copula",2000,-1.5,"0.5(log(n))^2",0.71
843,1000,5,"T_Copula",2000,-1.5,"0.5(log(n))^2",0.96
844,1000,5,"T_Copula",2000,-1.5,"0.5(log(n))^2",0.24
845,1000,5,"T_Copula",2000,-1.5,"0.5(log(n))^2",0.46
846,1000,5,"T_Copula",2000,-1.5,"0.5(log(n))^2",0.51
847,1000,5,"T_Copula",2000,-1.5,"0.5(log(n))^2",0.74
848,1000,5,"T_Copula",2000,-1.5,"0.5(log(n))^2",0.47
849,1000,5,"T_Copula",2000,-1.5,"0.5(log(n))^2",0.77
850,1000,5,"T_Copula",2000,-1.5,"0.5(log(n))^2",0.6
851,1000,5,"T_Copula",2000,-1.5,"0.5(log(n))^2",0.23
852,1000,5,"T_Copula",2000,-1.5,"0.5(log(n))^2",0.83
853,1000,5,"T_Copula",2000,-1.5,"0.5(log(n))^2",0.6
854,1000,5,"T_Copula",2000,-1.5,"0.5(log(n))^2",0.35
855,1000,5,"T_Copula",2000,-1.5,"0.5(log(n))^2",0.86
856,1000,5,"T_Copula",2000,-1.5,"0.5(log(n))^2",0.68
857,1000,5,"T_Copula",2000,-1.5,"0.5(log(n))^2",0.85
858,1000,5,"T_Copula",2000,-1.5,"0.5(log(n))^2",0.63
859,1000,5,"T_Copula",2000,-1.5,"0.5(log(n))^2",1
860,1000,5,"T_Copula",2000,-1.5,"0.5(log(n))^2",0.34
861,1000,5,"T_Copula",2000,-1.5,"0.5(log(n))^2",0
862,1000,5,"T_Copula",2000,-1.5,"0.5(log(n))^2",0.95
863,1000,5,"T_Copula",2000,-1.5,"0.5(log(n))^2",0.99
864,1000,5,"T_Copula",2000,-1.5,"0.5(log(n))^2",0.82
865,1000,5,"T_Copula",2000,-1.5,"0.5(log(n))^2",0.51
866,1000,5,"T_Copula",2000,-1.5,"0.5(log(n))^2",0.46
867,1000,5,"T_Copula",2000,-1.5,"0.5(log(n))^2",0.04
868,1000,5,"T_Copula",2000,-1.5,"0.5(log(n))^2",0.19
869,1000,5,"T_Copula",2000,-1.5,"0.5(log(n))^2",0.08
870,1000,5,"T_Copula",2000,-1.5,"0.5(log(n))^2",0.56
871,1000,5,"T_Copula",2000,-1.5,"0.5(log(n))^2",0.96
872,1000,5,"T_Copula",2000,-1.5,"0.5(log(n))^2",0.43
873,1000,5,"T_Copula",2000,-1.5,"0.5(log(n))^2",0.05
874,1000,5,"T_Copula",2000,-1.5,"0.5(log(n))^2",0.36
875,1000,5,"T_Copula",2000,-1.5,"0.5(log(n))^2",0.43
876,1000,5,"T_Copula",2000,-1.5,"0.5(log(n))^2",0.29
877,1000,5,"T_Copula",2000,-1.5,"0.5(log(n))^2",0.24
878,1000,5,"T_Copula",2000,-1.5,"0.5(log(n))^2",0.41
879,1000,5,"T_Copula",2000,-1.5,"0.5(log(n))^2",0.52
880,1000,5,"T_Copula",2000,-1.5,"0.5(log(n))^2",0.86
881,1000,5,"T_Copula",2000,-1.5,"0.5(log(n))^2",0.82
882,1000,5,"T_Copula",2000,-1.5,"0.5(log(n))^2",0.17
883,1000,5,"T_Copula",2000,-1.5,"0.5(log(n))^2",0.84
884,1000,5,"T_Copula",2000,-1.5,"0.5(log(n))^2",0.85
885,1000,5,"T_Copula",2000,-1.5,"0.5(log(n))^2",0.68
886,1000,5,"T_Copula",2000,-1.5,"0.5(log(n))^2",0.52
887,1000,5,"T_Copula",2000,-1.5,"0.5(log(n))^2",0.03
888,1000,5,"T_Copula",2000,-1.5,"0.5(log(n))^2",0.22
889,1000,5,"T_Copula",2000,-1.5,"0.5(log(n))^2",0.89
890,1000,5,"T_Copula",2000,-1.5,"0.5(log(n))^2",0.92
891,1000,5,"T_Copula",2000,-1.5,"0.5(log(n))^2",0.33
892,1000,5,"T_Copula",2000,-1.5,"0.5(log(n))^2",0.72
893,1000,5,"T_Copula",2000,-1.5,"0.5(log(n))^2",0.51
894,1000,5,"T_Copula",2000,-1.5,"0.5(log(n))^2",0.18
895,1000,5,"T_Copula",2000,-1.5,"0.5(log(n))^2",0.2
896,1000,5,"T_Copula",2000,-1.5,"0.5(log(n))^2",0.02
897,1000,5,"T_Copula",2000,-1.5,"0.5(log(n))^2",0.98
898,1000,5,"T_Copula",2000,-1.5,"0.5(log(n))^2",0.91
899,1000,5,"T_Copula",2000,-1.5,"0.5(log(n))^2",0.56
900,1000,5,"T_Copula",2000,-1.5,"0.5(log(n))^2",0.07
901,1000,5,"T_Copula",2000,-1.5,"0.5(log(n))^2",0.97
902,1000,5,"T_Copula",2000,-1.5,"0.5(log(n))^2",0.68
903,1000,5,"T_Copula",2000,-1.5,"0.5(log(n))^2",0.93
904,1000,5,"T_Copula",2000,-1.5,"0.5(log(n))^2",0.17
905,1000,5,"T_Copula",2000,-1.5,"0.5(log(n))^2",0.16
906,1000,5,"T_Copula",2000,-1.5,"0.5(log(n))^2",0.14
907,1000,5,"T_Copula",2000,-1.5,"0.5(log(n))^2",0.98
908,1000,5,"T_Copula",2000,-1.5,"0.5(log(n))^2",0.14
909,1000,5,"T_Copula",2000,-1.5,"0.5(log(n))^2",0.57
910,1000,5,"T_Copula",2000,-1.5,"0.5(log(n))^2",0.09
911,1000,5,"T_Copula",2000,-1.5,"0.5(log(n))^2",0.21
912,1000,5,"T_Copula",2000,-1.5,"0.5(log(n))^2",0.52
913,1000,5,"T_Copula",2000,-1.5,"0.5(log(n))^2",0.1
914,1000,5,"T_Copula",2000,-1.5,"0.5(log(n))^2",0.77
915,1000,5,"T_Copula",2000,-1.5,"0.5(log(n))^2",0.45
916,1000,5,"T_Copula",2000,-1.5,"0.5(log(n))^2",0.82
917,1000,5,"T_Copula",2000,-1.5,"0.5(log(n))^2",0.7
918,1000,5,"T_Copula",2000,-1.5,"0.5(log(n))^2",0.8
919,1000,5,"T_Copula",2000,-1.5,"0.5(log(n))^2",0.67
920,1000,5,"T_Copula",2000,-1.5,"0.5(log(n))^2",1
921,1000,5,"T_Copula",2000,-1.5,"0.5(log(n))^2",0.16
922,1000,5,"T_Copula",2000,-1.5,"0.5(log(n))^2",0.87
923,1000,5,"T_Copula",2000,-1.5,"0.5(log(n))^2",0.26
924,1000,5,"T_Copula",2000,-1.5,"0.5(log(n))^2",0.52
925,1000,5,"T_Copula",2000,-1.5,"0.5(log(n))^2",0.66
926,1000,5,"T_Copula",2000,-1.5,"0.5(log(n))^2",0.22
927,1000,5,"T_Copula",2000,-1.5,"0.5(log(n))^2",0.17
928,1000,5,"T_Copula",2000,-1.5,"0.5(log(n))^2",0.94
929,1000,5,"T_Copula",2000,-1.5,"0.5(log(n))^2",0.63
930,1000,5,"T_Copula",2000,-1.5,"0.5(log(n))^2",0.37
931,1000,5,"T_Copula",2000,-1.5,"0.5(log(n))^2",0.78
932,1000,5,"T_Copula",2000,-1.5,"0.5(log(n))^2",0.25
933,1000,5,"T_Copula",2000,-1.5,"0.5(log(n))^2",0.26
934,1000,5,"T_Copula",2000,-1.5,"0.5(log(n))^2",0.36
935,1000,5,"T_Copula",2000,-1.5,"0.5(log(n))^2",0.25
936,1000,5,"T_Copula",2000,-1.5,"0.5(log(n))^2",0.6
937,1000,5,"T_Copula",2000,-1.5,"0.5(log(n))^2",0.78
938,1000,5,"T_Copula",2000,-1.5,"0.5(log(n))^2",0.75
939,1000,5,"T_Copula",2000,-1.5,"0.5(log(n))^2",0.93
940,1000,5,"T_Copula",2000,-1.5,"0.5(log(n))^2",0.4
941,1000,5,"T_Copula",2000,-1.5,"0.5(log(n))^2",0.63
942,1000,5,"T_Copula",2000,-1.5,"0.5(log(n))^2",0.49
943,1000,5,"T_Copula",2000,-1.5,"0.5(log(n))^2",0.53
944,1000,5,"T_Copula",2000,-1.5,"0.5(log(n))^2",0.4
945,1000,5,"T_Copula",2000,-1.5,"0.5(log(n))^2",0.83
946,1000,5,"T_Copula",2000,-1.5,"0.5(log(n))^2",0.88
947,1000,5,"T_Copula",2000,-1.5,"0.5(log(n))^2",0.42
948,1000,5,"T_Copula",2000,-1.5,"0.5(log(n))^2",0.8
949,1000,5,"T_Copula",2000,-1.5,"0.5(log(n))^2",0.61
950,1000,5,"T_Copula",2000,-1.5,"0.5(log(n))^2",0.69
951,1000,5,"T_Copula",2000,-1.5,"0.5(log(n))^2",0.41
952,1000,5,"T_Copula",2000,-1.5,"0.5(log(n))^2",0.11
953,1000,5,"T_Copula",2000,-1.5,"0.5(log(n))^2",0.23
954,1000,5,"T_Copula",2000,-1.5,"0.5(log(n))^2",0.12
955,1000,5,"T_Copula",2000,-1.5,"0.5(log(n))^2",0.03
956,1000,5,"T_Copula",2000,-1.5,"0.5(log(n))^2",0.01
957,1000,5,"T_Copula",2000,-1.5,"0.5(log(n))^2",0.1
958,1000,5,"T_Copula",2000,-1.5,"0.5(log(n))^2",0.01
959,1000,5,"T_Copula",2000,-1.5,"0.5(log(n))^2",0.2
960,1000,5,"T_Copula",2000,-1.5,"0.5(log(n))^2",0.28
961,1000,5,"T_Copula",2000,-1.5,"0.5(log(n))^2",0.19
962,1000,5,"T_Copula",2000,-1.5,"0.5(log(n))^2",0.7
963,1000,5,"T_Copula",2000,-1.5,"0.5(log(n))^2",0.18
964,1000,5,"T_Copula",2000,-1.5,"0.5(log(n))^2",0.63
965,1000,5,"T_Copula",2000,-1.5,"0.5(log(n))^2",0.59
966,1000,5,"T_Copula",2000,-1.5,"0.5(log(n))^2",0.82
967,1000,5,"T_Copula",2000,-1.5,"0.5(log(n))^2",0.39
968,1000,5,"T_Copula",2000,-1.5,"0.5(log(n))^2",0.07
969,1000,5,"T_Copula",2000,-1.5,"0.5(log(n))^2",0.35
970,1000,5,"T_Copula",2000,-1.5,"0.5(log(n))^2",0.85
971,1000,5,"T_Copula",2000,-1.5,"0.5(log(n))^2",0.1
972,1000,5,"T_Copula",2000,-1.5,"0.5(log(n))^2",0.68
973,1000,5,"T_Copula",2000,-1.5,"0.5(log(n))^2",0.37
974,1000,5,"T_Copula",2000,-1.5,"0.5(log(n))^2",1
975,1000,5,"T_Copula",2000,-1.5,"0.5(log(n))^2",0.14
976,1000,5,"T_Copula",2000,-1.5,"0.5(log(n))^2",0.32
977,1000,5,"T_Copula",2000,-1.5,"0.5(log(n))^2",0.83
978,1000,5,"T_Copula",2000,-1.5,"0.5(log(n))^2",0.58
979,1000,5,"T_Copula",2000,-1.5,"0.5(log(n))^2",0.47
980,1000,5,"T_Copula",2000,-1.5,"0.5(log(n))^2",0.59
981,1000,5,"T_Copula",2000,-1.5,"0.5(log(n))^2",0.78
982,1000,5,"T_Copula",2000,-1.5,"0.5(log(n))^2",0.4
983,1000,5,"T_Copula",2000,-1.5,"0.5(log(n))^2",0.99
984,1000,5,"T_Copula",2000,-1.5,"0.5(log(n))^2",0.65
985,1000,5,"T_Copula",2000,-1.5,"0.5(log(n))^2",0.43
986,1000,5,"T_Copula",2000,-1.5,"0.5(log(n))^2",0.69
987,1000,5,"T_Copula",2000,-1.5,"0.5(log(n))^2",0.98
988,1000,5,"T_Copula",2000,-1.5,"0.5(log(n))^2",0.64
989,1000,5,"T_Copula",2000,-1.5,"0.5(log(n))^2",0.27
990,1000,5,"T_Copula",2000,-1.5,"0.5(log(n))^2",0.4
991,1000,5,"T_Copula",2000,-1.5,"0.5(log(n))^2",0.8
992,1000,5,"T_Copula",2000,-1.5,"0.5(log(n))^2",0.99
993,1000,5,"T_Copula",2000,-1.5,"0.5(log(n))^2",0.12
994,1000,5,"T_Copula",2000,-1.5,"0.5(log(n))^2",0.95
995,1000,5,"T_Copula",2000,-1.5,"0.5(log(n))^2",0.07
996,1000,5,"T_Copula",2000,-1.5,"0.5(log(n))^2",0.31
997,1000,5,"T_Copula",2000,-1.5,"0.5(log(n))^2",0.75
998,1000,5,"T_Copula",2000,-1.5,"0.5(log(n))^2",0.74
999,1000,5,"T_Copula",2000,-1.5,"0.5(log(n))^2",0.6
1000,1000,5,"T_Copula",2000,-1.5,"0.5(log(n))^2",0.25
1,1000,5,"T_Copula",2000,-1.5,"0.25(log(n))^2",0.08
2,1000,5,"T_Copula",2000,-1.5,"0.25(log(n))^2",0.41
3,1000,5,"T_Copula",2000,-1.5,"0.25(log(n))^2",0.3
4,1000,5,"T_Copula",2000,-1.5,"0.25(log(n))^2",0.14
5,1000,5,"T_Copula",2000,-1.5,"0.25(log(n))^2",0.85
6,1000,5,"T_Copula",2000,-1.5,"0.25(log(n))^2",1
7,1000,5,"T_Copula",2000,-1.5,"0.25(log(n))^2",0.24
8,1000,5,"T_Copula",2000,-1.5,"0.25(log(n))^2",0.02
9,1000,5,"T_Copula",2000,-1.5,"0.25(log(n))^2",0.79
10,1000,5,"T_Copula",2000,-1.5,"0.25(log(n))^2",0.9
11,1000,5,"T_Copula",2000,-1.5,"0.25(log(n))^2",0.1
12,1000,5,"T_Copula",2000,-1.5,"0.25(log(n))^2",0.1
13,1000,5,"T_Copula",2000,-1.5,"0.25(log(n))^2",0.71
14,1000,5,"T_Copula",2000,-1.5,"0.25(log(n))^2",0.77
15,1000,5,"T_Copula",2000,-1.5,"0.25(log(n))^2",0
16,1000,5,"T_Copula",2000,-1.5,"0.25(log(n))^2",0.07
17,1000,5,"T_Copula",2000,-1.5,"0.25(log(n))^2",0.44
18,1000,5,"T_Copula",2000,-1.5,"0.25(log(n))^2",0.87
19,1000,5,"T_Copula",2000,-1.5,"0.25(log(n))^2",0.63
20,1000,5,"T_Copula",2000,-1.5,"0.25(log(n))^2",0.61
21,1000,5,"T_Copula",2000,-1.5,"0.25(log(n))^2",0.49
22,1000,5,"T_Copula",2000,-1.5,"0.25(log(n))^2",0.86
23,1000,5,"T_Copula",2000,-1.5,"0.25(log(n))^2",0
24,1000,5,"T_Copula",2000,-1.5,"0.25(log(n))^2",0.58
25,1000,5,"T_Copula",2000,-1.5,"0.25(log(n))^2",0.74
26,1000,5,"T_Copula",2000,-1.5,"0.25(log(n))^2",0.7
27,1000,5,"T_Copula",2000,-1.5,"0.25(log(n))^2",0.47
28,1000,5,"T_Copula",2000,-1.5,"0.25(log(n))^2",0.36
29,1000,5,"T_Copula",2000,-1.5,"0.25(log(n))^2",0.04
30,1000,5,"T_Copula",2000,-1.5,"0.25(log(n))^2",0.82
31,1000,5,"T_Copula",2000,-1.5,"0.25(log(n))^2",0.33
32,1000,5,"T_Copula",2000,-1.5,"0.25(log(n))^2",0.61
33,1000,5,"T_Copula",2000,-1.5,"0.25(log(n))^2",0.38
34,1000,5,"T_Copula",2000,-1.5,"0.25(log(n))^2",0.86
35,1000,5,"T_Copula",2000,-1.5,"0.25(log(n))^2",0.05
36,1000,5,"T_Copula",2000,-1.5,"0.25(log(n))^2",0.29
37,1000,5,"T_Copula",2000,-1.5,"0.25(log(n))^2",0.54
38,1000,5,"T_Copula",2000,-1.5,"0.25(log(n))^2",0.15
39,1000,5,"T_Copula",2000,-1.5,"0.25(log(n))^2",0.66
40,1000,5,"T_Copula",2000,-1.5,"0.25(log(n))^2",0.65
41,1000,5,"T_Copula",2000,-1.5,"0.25(log(n))^2",0.86
42,1000,5,"T_Copula",2000,-1.5,"0.25(log(n))^2",0.18
43,1000,5,"T_Copula",2000,-1.5,"0.25(log(n))^2",0.15
44,1000,5,"T_Copula",2000,-1.5,"0.25(log(n))^2",0.19
45,1000,5,"T_Copula",2000,-1.5,"0.25(log(n))^2",0.56
46,1000,5,"T_Copula",2000,-1.5,"0.25(log(n))^2",0.84
47,1000,5,"T_Copula",2000,-1.5,"0.25(log(n))^2",0.45
48,1000,5,"T_Copula",2000,-1.5,"0.25(log(n))^2",0.52
49,1000,5,"T_Copula",2000,-1.5,"0.25(log(n))^2",0.5
50,1000,5,"T_Copula",2000,-1.5,"0.25(log(n))^2",0.56
51,1000,5,"T_Copula",2000,-1.5,"0.25(log(n))^2",0.4
52,1000,5,"T_Copula",2000,-1.5,"0.25(log(n))^2",0.72
53,1000,5,"T_Copula",2000,-1.5,"0.25(log(n))^2",0.18
54,1000,5,"T_Copula",2000,-1.5,"0.25(log(n))^2",0.75
55,1000,5,"T_Copula",2000,-1.5,"0.25(log(n))^2",0.52
56,1000,5,"T_Copula",2000,-1.5,"0.25(log(n))^2",0.73
57,1000,5,"T_Copula",2000,-1.5,"0.25(log(n))^2",0.68
58,1000,5,"T_Copula",2000,-1.5,"0.25(log(n))^2",0.89
59,1000,5,"T_Copula",2000,-1.5,"0.25(log(n))^2",0.7
60,1000,5,"T_Copula",2000,-1.5,"0.25(log(n))^2",0.11
61,1000,5,"T_Copula",2000,-1.5,"0.25(log(n))^2",0.9
62,1000,5,"T_Copula",2000,-1.5,"0.25(log(n))^2",0.79
63,1000,5,"T_Copula",2000,-1.5,"0.25(log(n))^2",0.69
64,1000,5,"T_Copula",2000,-1.5,"0.25(log(n))^2",0.24
65,1000,5,"T_Copula",2000,-1.5,"0.25(log(n))^2",0.38
66,1000,5,"T_Copula",2000,-1.5,"0.25(log(n))^2",0.71
67,1000,5,"T_Copula",2000,-1.5,"0.25(log(n))^2",0.72
68,1000,5,"T_Copula",2000,-1.5,"0.25(log(n))^2",0.86
69,1000,5,"T_Copula",2000,-1.5,"0.25(log(n))^2",0.76
70,1000,5,"T_Copula",2000,-1.5,"0.25(log(n))^2",0.01
71,1000,5,"T_Copula",2000,-1.5,"0.25(log(n))^2",0.5
72,1000,5,"T_Copula",2000,-1.5,"0.25(log(n))^2",0.03
73,1000,5,"T_Copula",2000,-1.5,"0.25(log(n))^2",0.61
74,1000,5,"T_Copula",2000,-1.5,"0.25(log(n))^2",0.1
75,1000,5,"T_Copula",2000,-1.5,"0.25(log(n))^2",0.38
76,1000,5,"T_Copula",2000,-1.5,"0.25(log(n))^2",0.18
77,1000,5,"T_Copula",2000,-1.5,"0.25(log(n))^2",0.14
78,1000,5,"T_Copula",2000,-1.5,"0.25(log(n))^2",0.48
79,1000,5,"T_Copula",2000,-1.5,"0.25(log(n))^2",0.62
80,1000,5,"T_Copula",2000,-1.5,"0.25(log(n))^2",0.44
81,1000,5,"T_Copula",2000,-1.5,"0.25(log(n))^2",0.82
82,1000,5,"T_Copula",2000,-1.5,"0.25(log(n))^2",0.27
83,1000,5,"T_Copula",2000,-1.5,"0.25(log(n))^2",0.25
84,1000,5,"T_Copula",2000,-1.5,"0.25(log(n))^2",0.07
85,1000,5,"T_Copula",2000,-1.5,"0.25(log(n))^2",0.22
86,1000,5,"T_Copula",2000,-1.5,"0.25(log(n))^2",0.21
87,1000,5,"T_Copula",2000,-1.5,"0.25(log(n))^2",0.44
88,1000,5,"T_Copula",2000,-1.5,"0.25(log(n))^2",0.01
89,1000,5,"T_Copula",2000,-1.5,"0.25(log(n))^2",0.78
90,1000,5,"T_Copula",2000,-1.5,"0.25(log(n))^2",0.01
91,1000,5,"T_Copula",2000,-1.5,"0.25(log(n))^2",0.9
92,1000,5,"T_Copula",2000,-1.5,"0.25(log(n))^2",0.38
93,1000,5,"T_Copula",2000,-1.5,"0.25(log(n))^2",0.3
94,1000,5,"T_Copula",2000,-1.5,"0.25(log(n))^2",0.06
95,1000,5,"T_Copula",2000,-1.5,"0.25(log(n))^2",0.51
96,1000,5,"T_Copula",2000,-1.5,"0.25(log(n))^2",0.5
97,1000,5,"T_Copula",2000,-1.5,"0.25(log(n))^2",0.54
98,1000,5,"T_Copula",2000,-1.5,"0.25(log(n))^2",0.5
99,1000,5,"T_Copula",2000,-1.5,"0.25(log(n))^2",0.9
100,1000,5,"T_Copula",2000,-1.5,"0.25(log(n))^2",0.68
101,1000,5,"T_Copula",2000,-1.5,"0.25(log(n))^2",0.52
102,1000,5,"T_Copula",2000,-1.5,"0.25(log(n))^2",0.75
103,1000,5,"T_Copula",2000,-1.5,"0.25(log(n))^2",0.07
104,1000,5,"T_Copula",2000,-1.5,"0.25(log(n))^2",0.53
105,1000,5,"T_Copula",2000,-1.5,"0.25(log(n))^2",0.61
106,1000,5,"T_Copula",2000,-1.5,"0.25(log(n))^2",0.47
107,1000,5,"T_Copula",2000,-1.5,"0.25(log(n))^2",0.25
108,1000,5,"T_Copula",2000,-1.5,"0.25(log(n))^2",0.55
109,1000,5,"T_Copula",2000,-1.5,"0.25(log(n))^2",0.48
110,1000,5,"T_Copula",2000,-1.5,"0.25(log(n))^2",0.9
111,1000,5,"T_Copula",2000,-1.5,"0.25(log(n))^2",0.94
112,1000,5,"T_Copula",2000,-1.5,"0.25(log(n))^2",0.99
113,1000,5,"T_Copula",2000,-1.5,"0.25(log(n))^2",0.03
114,1000,5,"T_Copula",2000,-1.5,"0.25(log(n))^2",0.3
115,1000,5,"T_Copula",2000,-1.5,"0.25(log(n))^2",0.43
116,1000,5,"T_Copula",2000,-1.5,"0.25(log(n))^2",0.77
117,1000,5,"T_Copula",2000,-1.5,"0.25(log(n))^2",0.06
118,1000,5,"T_Copula",2000,-1.5,"0.25(log(n))^2",0.53
119,1000,5,"T_Copula",2000,-1.5,"0.25(log(n))^2",0.49
120,1000,5,"T_Copula",2000,-1.5,"0.25(log(n))^2",0.99
121,1000,5,"T_Copula",2000,-1.5,"0.25(log(n))^2",0.14
122,1000,5,"T_Copula",2000,-1.5,"0.25(log(n))^2",0.43
123,1000,5,"T_Copula",2000,-1.5,"0.25(log(n))^2",0.27
124,1000,5,"T_Copula",2000,-1.5,"0.25(log(n))^2",0.98
125,1000,5,"T_Copula",2000,-1.5,"0.25(log(n))^2",0.98
126,1000,5,"T_Copula",2000,-1.5,"0.25(log(n))^2",0.95
127,1000,5,"T_Copula",2000,-1.5,"0.25(log(n))^2",0.46
128,1000,5,"T_Copula",2000,-1.5,"0.25(log(n))^2",0.71
129,1000,5,"T_Copula",2000,-1.5,"0.25(log(n))^2",0.46
130,1000,5,"T_Copula",2000,-1.5,"0.25(log(n))^2",0.25
131,1000,5,"T_Copula",2000,-1.5,"0.25(log(n))^2",0.71
132,1000,5,"T_Copula",2000,-1.5,"0.25(log(n))^2",0.43
133,1000,5,"T_Copula",2000,-1.5,"0.25(log(n))^2",0.21
134,1000,5,"T_Copula",2000,-1.5,"0.25(log(n))^2",0.28
135,1000,5,"T_Copula",2000,-1.5,"0.25(log(n))^2",0.61
136,1000,5,"T_Copula",2000,-1.5,"0.25(log(n))^2",0.32
137,1000,5,"T_Copula",2000,-1.5,"0.25(log(n))^2",0.46
138,1000,5,"T_Copula",2000,-1.5,"0.25(log(n))^2",0.28
139,1000,5,"T_Copula",2000,-1.5,"0.25(log(n))^2",0.25
140,1000,5,"T_Copula",2000,-1.5,"0.25(log(n))^2",0.85
141,1000,5,"T_Copula",2000,-1.5,"0.25(log(n))^2",0.04
142,1000,5,"T_Copula",2000,-1.5,"0.25(log(n))^2",0.27
143,1000,5,"T_Copula",2000,-1.5,"0.25(log(n))^2",0.17
144,1000,5,"T_Copula",2000,-1.5,"0.25(log(n))^2",0.08
145,1000,5,"T_Copula",2000,-1.5,"0.25(log(n))^2",0.76
146,1000,5,"T_Copula",2000,-1.5,"0.25(log(n))^2",0.92
147,1000,5,"T_Copula",2000,-1.5,"0.25(log(n))^2",0.97
148,1000,5,"T_Copula",2000,-1.5,"0.25(log(n))^2",0.4
149,1000,5,"T_Copula",2000,-1.5,"0.25(log(n))^2",0.35
150,1000,5,"T_Copula",2000,-1.5,"0.25(log(n))^2",0.76
151,1000,5,"T_Copula",2000,-1.5,"0.25(log(n))^2",0.72
152,1000,5,"T_Copula",2000,-1.5,"0.25(log(n))^2",0.84
153,1000,5,"T_Copula",2000,-1.5,"0.25(log(n))^2",0.52
154,1000,5,"T_Copula",2000,-1.5,"0.25(log(n))^2",0.06
155,1000,5,"T_Copula",2000,-1.5,"0.25(log(n))^2",0.71
156,1000,5,"T_Copula",2000,-1.5,"0.25(log(n))^2",0.39
157,1000,5,"T_Copula",2000,-1.5,"0.25(log(n))^2",0.84
158,1000,5,"T_Copula",2000,-1.5,"0.25(log(n))^2",0.32
159,1000,5,"T_Copula",2000,-1.5,"0.25(log(n))^2",0.12
160,1000,5,"T_Copula",2000,-1.5,"0.25(log(n))^2",0.75
161,1000,5,"T_Copula",2000,-1.5,"0.25(log(n))^2",0.87
162,1000,5,"T_Copula",2000,-1.5,"0.25(log(n))^2",0.06
163,1000,5,"T_Copula",2000,-1.5,"0.25(log(n))^2",0.79
164,1000,5,"T_Copula",2000,-1.5,"0.25(log(n))^2",0.55
165,1000,5,"T_Copula",2000,-1.5,"0.25(log(n))^2",0.25
166,1000,5,"T_Copula",2000,-1.5,"0.25(log(n))^2",0.19
167,1000,5,"T_Copula",2000,-1.5,"0.25(log(n))^2",0.8
168,1000,5,"T_Copula",2000,-1.5,"0.25(log(n))^2",0.95
169,1000,5,"T_Copula",2000,-1.5,"0.25(log(n))^2",0.47
170,1000,5,"T_Copula",2000,-1.5,"0.25(log(n))^2",0.38
171,1000,5,"T_Copula",2000,-1.5,"0.25(log(n))^2",0.53
172,1000,5,"T_Copula",2000,-1.5,"0.25(log(n))^2",0.19
173,1000,5,"T_Copula",2000,-1.5,"0.25(log(n))^2",0.55
174,1000,5,"T_Copula",2000,-1.5,"0.25(log(n))^2",0.28
175,1000,5,"T_Copula",2000,-1.5,"0.25(log(n))^2",0.18
176,1000,5,"T_Copula",2000,-1.5,"0.25(log(n))^2",0.24
177,1000,5,"T_Copula",2000,-1.5,"0.25(log(n))^2",0
178,1000,5,"T_Copula",2000,-1.5,"0.25(log(n))^2",0.56
179,1000,5,"T_Copula",2000,-1.5,"0.25(log(n))^2",0.78
180,1000,5,"T_Copula",2000,-1.5,"0.25(log(n))^2",0.08
181,1000,5,"T_Copula",2000,-1.5,"0.25(log(n))^2",0.88
182,1000,5,"T_Copula",2000,-1.5,"0.25(log(n))^2",0.78
183,1000,5,"T_Copula",2000,-1.5,"0.25(log(n))^2",0.38
184,1000,5,"T_Copula",2000,-1.5,"0.25(log(n))^2",0.08
185,1000,5,"T_Copula",2000,-1.5,"0.25(log(n))^2",1
186,1000,5,"T_Copula",2000,-1.5,"0.25(log(n))^2",0.33
187,1000,5,"T_Copula",2000,-1.5,"0.25(log(n))^2",0.72
188,1000,5,"T_Copula",2000,-1.5,"0.25(log(n))^2",0.13
189,1000,5,"T_Copula",2000,-1.5,"0.25(log(n))^2",0.93
190,1000,5,"T_Copula",2000,-1.5,"0.25(log(n))^2",0.6
191,1000,5,"T_Copula",2000,-1.5,"0.25(log(n))^2",0.25
192,1000,5,"T_Copula",2000,-1.5,"0.25(log(n))^2",0.9
193,1000,5,"T_Copula",2000,-1.5,"0.25(log(n))^2",0.07
194,1000,5,"T_Copula",2000,-1.5,"0.25(log(n))^2",0.64
195,1000,5,"T_Copula",2000,-1.5,"0.25(log(n))^2",0.5
196,1000,5,"T_Copula",2000,-1.5,"0.25(log(n))^2",0.73
197,1000,5,"T_Copula",2000,-1.5,"0.25(log(n))^2",0.31
198,1000,5,"T_Copula",2000,-1.5,"0.25(log(n))^2",0.83
199,1000,5,"T_Copula",2000,-1.5,"0.25(log(n))^2",0.94
200,1000,5,"T_Copula",2000,-1.5,"0.25(log(n))^2",0.47
201,1000,5,"T_Copula",2000,-1.5,"0.25(log(n))^2",0.91
202,1000,5,"T_Copula",2000,-1.5,"0.25(log(n))^2",0.87
203,1000,5,"T_Copula",2000,-1.5,"0.25(log(n))^2",0.86
204,1000,5,"T_Copula",2000,-1.5,"0.25(log(n))^2",0.31
205,1000,5,"T_Copula",2000,-1.5,"0.25(log(n))^2",0.5
206,1000,5,"T_Copula",2000,-1.5,"0.25(log(n))^2",0.82
207,1000,5,"T_Copula",2000,-1.5,"0.25(log(n))^2",0.86
208,1000,5,"T_Copula",2000,-1.5,"0.25(log(n))^2",0.31
209,1000,5,"T_Copula",2000,-1.5,"0.25(log(n))^2",0.25
210,1000,5,"T_Copula",2000,-1.5,"0.25(log(n))^2",0
211,1000,5,"T_Copula",2000,-1.5,"0.25(log(n))^2",0.75
212,1000,5,"T_Copula",2000,-1.5,"0.25(log(n))^2",0.11
213,1000,5,"T_Copula",2000,-1.5,"0.25(log(n))^2",0.87
214,1000,5,"T_Copula",2000,-1.5,"0.25(log(n))^2",0.27
215,1000,5,"T_Copula",2000,-1.5,"0.25(log(n))^2",0.51
216,1000,5,"T_Copula",2000,-1.5,"0.25(log(n))^2",0.3
217,1000,5,"T_Copula",2000,-1.5,"0.25(log(n))^2",0.92
218,1000,5,"T_Copula",2000,-1.5,"0.25(log(n))^2",0.22
219,1000,5,"T_Copula",2000,-1.5,"0.25(log(n))^2",0.46
220,1000,5,"T_Copula",2000,-1.5,"0.25(log(n))^2",0.27
221,1000,5,"T_Copula",2000,-1.5,"0.25(log(n))^2",0.46
222,1000,5,"T_Copula",2000,-1.5,"0.25(log(n))^2",0.65
223,1000,5,"T_Copula",2000,-1.5,"0.25(log(n))^2",0.25
224,1000,5,"T_Copula",2000,-1.5,"0.25(log(n))^2",0.12
225,1000,5,"T_Copula",2000,-1.5,"0.25(log(n))^2",0.01
226,1000,5,"T_Copula",2000,-1.5,"0.25(log(n))^2",0.06
227,1000,5,"T_Copula",2000,-1.5,"0.25(log(n))^2",0.51
228,1000,5,"T_Copula",2000,-1.5,"0.25(log(n))^2",0.35
229,1000,5,"T_Copula",2000,-1.5,"0.25(log(n))^2",1
230,1000,5,"T_Copula",2000,-1.5,"0.25(log(n))^2",0.72
231,1000,5,"T_Copula",2000,-1.5,"0.25(log(n))^2",0.03
232,1000,5,"T_Copula",2000,-1.5,"0.25(log(n))^2",0.55
233,1000,5,"T_Copula",2000,-1.5,"0.25(log(n))^2",0.12
234,1000,5,"T_Copula",2000,-1.5,"0.25(log(n))^2",0.24
235,1000,5,"T_Copula",2000,-1.5,"0.25(log(n))^2",0.76
236,1000,5,"T_Copula",2000,-1.5,"0.25(log(n))^2",0.28
237,1000,5,"T_Copula",2000,-1.5,"0.25(log(n))^2",0.58
238,1000,5,"T_Copula",2000,-1.5,"0.25(log(n))^2",0.64
239,1000,5,"T_Copula",2000,-1.5,"0.25(log(n))^2",0.1
240,1000,5,"T_Copula",2000,-1.5,"0.25(log(n))^2",0.66
241,1000,5,"T_Copula",2000,-1.5,"0.25(log(n))^2",0.7
242,1000,5,"T_Copula",2000,-1.5,"0.25(log(n))^2",0.87
243,1000,5,"T_Copula",2000,-1.5,"0.25(log(n))^2",0.75
244,1000,5,"T_Copula",2000,-1.5,"0.25(log(n))^2",0.51
245,1000,5,"T_Copula",2000,-1.5,"0.25(log(n))^2",0.38
246,1000,5,"T_Copula",2000,-1.5,"0.25(log(n))^2",0.51
247,1000,5,"T_Copula",2000,-1.5,"0.25(log(n))^2",0.79
248,1000,5,"T_Copula",2000,-1.5,"0.25(log(n))^2",0.6
249,1000,5,"T_Copula",2000,-1.5,"0.25(log(n))^2",0.87
250,1000,5,"T_Copula",2000,-1.5,"0.25(log(n))^2",0.05
251,1000,5,"T_Copula",2000,-1.5,"0.25(log(n))^2",0.12
252,1000,5,"T_Copula",2000,-1.5,"0.25(log(n))^2",0.97
253,1000,5,"T_Copula",2000,-1.5,"0.25(log(n))^2",0.03
254,1000,5,"T_Copula",2000,-1.5,"0.25(log(n))^2",0.15
255,1000,5,"T_Copula",2000,-1.5,"0.25(log(n))^2",0.23
256,1000,5,"T_Copula",2000,-1.5,"0.25(log(n))^2",0.41
257,1000,5,"T_Copula",2000,-1.5,"0.25(log(n))^2",0.95
258,1000,5,"T_Copula",2000,-1.5,"0.25(log(n))^2",0.3
259,1000,5,"T_Copula",2000,-1.5,"0.25(log(n))^2",0.24
260,1000,5,"T_Copula",2000,-1.5,"0.25(log(n))^2",0.2
261,1000,5,"T_Copula",2000,-1.5,"0.25(log(n))^2",0.79
262,1000,5,"T_Copula",2000,-1.5,"0.25(log(n))^2",0.89
263,1000,5,"T_Copula",2000,-1.5,"0.25(log(n))^2",0.3
264,1000,5,"T_Copula",2000,-1.5,"0.25(log(n))^2",0.77
265,1000,5,"T_Copula",2000,-1.5,"0.25(log(n))^2",0.88
266,1000,5,"T_Copula",2000,-1.5,"0.25(log(n))^2",0.35
267,1000,5,"T_Copula",2000,-1.5,"0.25(log(n))^2",0.45
268,1000,5,"T_Copula",2000,-1.5,"0.25(log(n))^2",0.18
269,1000,5,"T_Copula",2000,-1.5,"0.25(log(n))^2",0.22
270,1000,5,"T_Copula",2000,-1.5,"0.25(log(n))^2",0.92
271,1000,5,"T_Copula",2000,-1.5,"0.25(log(n))^2",0.26
272,1000,5,"T_Copula",2000,-1.5,"0.25(log(n))^2",0.81
273,1000,5,"T_Copula",2000,-1.5,"0.25(log(n))^2",0.52
274,1000,5,"T_Copula",2000,-1.5,"0.25(log(n))^2",0.1
275,1000,5,"T_Copula",2000,-1.5,"0.25(log(n))^2",0.13
276,1000,5,"T_Copula",2000,-1.5,"0.25(log(n))^2",0.07
277,1000,5,"T_Copula",2000,-1.5,"0.25(log(n))^2",0.14
278,1000,5,"T_Copula",2000,-1.5,"0.25(log(n))^2",0.84
279,1000,5,"T_Copula",2000,-1.5,"0.25(log(n))^2",0.42
280,1000,5,"T_Copula",2000,-1.5,"0.25(log(n))^2",0.98
281,1000,5,"T_Copula",2000,-1.5,"0.25(log(n))^2",0.97
282,1000,5,"T_Copula",2000,-1.5,"0.25(log(n))^2",0.06
283,1000,5,"T_Copula",2000,-1.5,"0.25(log(n))^2",0.49
284,1000,5,"T_Copula",2000,-1.5,"0.25(log(n))^2",0.01
285,1000,5,"T_Copula",2000,-1.5,"0.25(log(n))^2",0.45
286,1000,5,"T_Copula",2000,-1.5,"0.25(log(n))^2",0.48
287,1000,5,"T_Copula",2000,-1.5,"0.25(log(n))^2",0.07
288,1000,5,"T_Copula",2000,-1.5,"0.25(log(n))^2",0.16
289,1000,5,"T_Copula",2000,-1.5,"0.25(log(n))^2",0.27
290,1000,5,"T_Copula",2000,-1.5,"0.25(log(n))^2",0.24
291,1000,5,"T_Copula",2000,-1.5,"0.25(log(n))^2",0.24
292,1000,5,"T_Copula",2000,-1.5,"0.25(log(n))^2",0.12
293,1000,5,"T_Copula",2000,-1.5,"0.25(log(n))^2",0.6
294,1000,5,"T_Copula",2000,-1.5,"0.25(log(n))^2",0.91
295,1000,5,"T_Copula",2000,-1.5,"0.25(log(n))^2",0.53
296,1000,5,"T_Copula",2000,-1.5,"0.25(log(n))^2",0.82
297,1000,5,"T_Copula",2000,-1.5,"0.25(log(n))^2",0.75
298,1000,5,"T_Copula",2000,-1.5,"0.25(log(n))^2",0.04
299,1000,5,"T_Copula",2000,-1.5,"0.25(log(n))^2",0.06
300,1000,5,"T_Copula",2000,-1.5,"0.25(log(n))^2",0.58
301,1000,5,"T_Copula",2000,-1.5,"0.25(log(n))^2",0.83
302,1000,5,"T_Copula",2000,-1.5,"0.25(log(n))^2",0.2
303,1000,5,"T_Copula",2000,-1.5,"0.25(log(n))^2",0.9
304,1000,5,"T_Copula",2000,-1.5,"0.25(log(n))^2",0.01
305,1000,5,"T_Copula",2000,-1.5,"0.25(log(n))^2",0.68
306,1000,5,"T_Copula",2000,-1.5,"0.25(log(n))^2",0.6
307,1000,5,"T_Copula",2000,-1.5,"0.25(log(n))^2",0.99
308,1000,5,"T_Copula",2000,-1.5,"0.25(log(n))^2",0.59
309,1000,5,"T_Copula",2000,-1.5,"0.25(log(n))^2",0.49
310,1000,5,"T_Copula",2000,-1.5,"0.25(log(n))^2",0
311,1000,5,"T_Copula",2000,-1.5,"0.25(log(n))^2",0.51
312,1000,5,"T_Copula",2000,-1.5,"0.25(log(n))^2",0.25
313,1000,5,"T_Copula",2000,-1.5,"0.25(log(n))^2",0.22
314,1000,5,"T_Copula",2000,-1.5,"0.25(log(n))^2",0.72
315,1000,5,"T_Copula",2000,-1.5,"0.25(log(n))^2",0.71
316,1000,5,"T_Copula",2000,-1.5,"0.25(log(n))^2",0.19
317,1000,5,"T_Copula",2000,-1.5,"0.25(log(n))^2",0.76
318,1000,5,"T_Copula",2000,-1.5,"0.25(log(n))^2",0.11
319,1000,5,"T_Copula",2000,-1.5,"0.25(log(n))^2",0.15
320,1000,5,"T_Copula",2000,-1.5,"0.25(log(n))^2",0.24
321,1000,5,"T_Copula",2000,-1.5,"0.25(log(n))^2",0.84
322,1000,5,"T_Copula",2000,-1.5,"0.25(log(n))^2",0.42
323,1000,5,"T_Copula",2000,-1.5,"0.25(log(n))^2",0.85
324,1000,5,"T_Copula",2000,-1.5,"0.25(log(n))^2",0.81
325,1000,5,"T_Copula",2000,-1.5,"0.25(log(n))^2",0.03
326,1000,5,"T_Copula",2000,-1.5,"0.25(log(n))^2",0.06
327,1000,5,"T_Copula",2000,-1.5,"0.25(log(n))^2",0.49
328,1000,5,"T_Copula",2000,-1.5,"0.25(log(n))^2",0.51
329,1000,5,"T_Copula",2000,-1.5,"0.25(log(n))^2",0.63
330,1000,5,"T_Copula",2000,-1.5,"0.25(log(n))^2",0.36
331,1000,5,"T_Copula",2000,-1.5,"0.25(log(n))^2",0.06
332,1000,5,"T_Copula",2000,-1.5,"0.25(log(n))^2",0.11
333,1000,5,"T_Copula",2000,-1.5,"0.25(log(n))^2",0.52
334,1000,5,"T_Copula",2000,-1.5,"0.25(log(n))^2",0.61
335,1000,5,"T_Copula",2000,-1.5,"0.25(log(n))^2",0.65
336,1000,5,"T_Copula",2000,-1.5,"0.25(log(n))^2",0.43
337,1000,5,"T_Copula",2000,-1.5,"0.25(log(n))^2",0.32
338,1000,5,"T_Copula",2000,-1.5,"0.25(log(n))^2",0.08
339,1000,5,"T_Copula",2000,-1.5,"0.25(log(n))^2",0.75
340,1000,5,"T_Copula",2000,-1.5,"0.25(log(n))^2",0.79
341,1000,5,"T_Copula",2000,-1.5,"0.25(log(n))^2",0.76
342,1000,5,"T_Copula",2000,-1.5,"0.25(log(n))^2",0.1
343,1000,5,"T_Copula",2000,-1.5,"0.25(log(n))^2",0.94
344,1000,5,"T_Copula",2000,-1.5,"0.25(log(n))^2",0.6
345,1000,5,"T_Copula",2000,-1.5,"0.25(log(n))^2",0.4
346,1000,5,"T_Copula",2000,-1.5,"0.25(log(n))^2",0.72
347,1000,5,"T_Copula",2000,-1.5,"0.25(log(n))^2",0.19
348,1000,5,"T_Copula",2000,-1.5,"0.25(log(n))^2",0.16
349,1000,5,"T_Copula",2000,-1.5,"0.25(log(n))^2",0.64
350,1000,5,"T_Copula",2000,-1.5,"0.25(log(n))^2",0.07
351,1000,5,"T_Copula",2000,-1.5,"0.25(log(n))^2",0.75
352,1000,5,"T_Copula",2000,-1.5,"0.25(log(n))^2",0.13
353,1000,5,"T_Copula",2000,-1.5,"0.25(log(n))^2",0.32
354,1000,5,"T_Copula",2000,-1.5,"0.25(log(n))^2",0.86
355,1000,5,"T_Copula",2000,-1.5,"0.25(log(n))^2",0.8
356,1000,5,"T_Copula",2000,-1.5,"0.25(log(n))^2",0.77
357,1000,5,"T_Copula",2000,-1.5,"0.25(log(n))^2",0.13
358,1000,5,"T_Copula",2000,-1.5,"0.25(log(n))^2",0.78
359,1000,5,"T_Copula",2000,-1.5,"0.25(log(n))^2",0.79
360,1000,5,"T_Copula",2000,-1.5,"0.25(log(n))^2",0.08
361,1000,5,"T_Copula",2000,-1.5,"0.25(log(n))^2",0.61
362,1000,5,"T_Copula",2000,-1.5,"0.25(log(n))^2",0.78
363,1000,5,"T_Copula",2000,-1.5,"0.25(log(n))^2",0.86
364,1000,5,"T_Copula",2000,-1.5,"0.25(log(n))^2",0.17
365,1000,5,"T_Copula",2000,-1.5,"0.25(log(n))^2",0.1
366,1000,5,"T_Copula",2000,-1.5,"0.25(log(n))^2",0.17
367,1000,5,"T_Copula",2000,-1.5,"0.25(log(n))^2",0.97
368,1000,5,"T_Copula",2000,-1.5,"0.25(log(n))^2",0.17
369,1000,5,"T_Copula",2000,-1.5,"0.25(log(n))^2",0.67
370,1000,5,"T_Copula",2000,-1.5,"0.25(log(n))^2",0.61
371,1000,5,"T_Copula",2000,-1.5,"0.25(log(n))^2",0.52
372,1000,5,"T_Copula",2000,-1.5,"0.25(log(n))^2",0.09
373,1000,5,"T_Copula",2000,-1.5,"0.25(log(n))^2",0.4
374,1000,5,"T_Copula",2000,-1.5,"0.25(log(n))^2",0.1
375,1000,5,"T_Copula",2000,-1.5,"0.25(log(n))^2",0.93
376,1000,5,"T_Copula",2000,-1.5,"0.25(log(n))^2",0.52
377,1000,5,"T_Copula",2000,-1.5,"0.25(log(n))^2",0.32
378,1000,5,"T_Copula",2000,-1.5,"0.25(log(n))^2",0.94
379,1000,5,"T_Copula",2000,-1.5,"0.25(log(n))^2",0.49
380,1000,5,"T_Copula",2000,-1.5,"0.25(log(n))^2",0.07
381,1000,5,"T_Copula",2000,-1.5,"0.25(log(n))^2",0.73
382,1000,5,"T_Copula",2000,-1.5,"0.25(log(n))^2",0.95
383,1000,5,"T_Copula",2000,-1.5,"0.25(log(n))^2",0.6
384,1000,5,"T_Copula",2000,-1.5,"0.25(log(n))^2",0.06
385,1000,5,"T_Copula",2000,-1.5,"0.25(log(n))^2",0.19
386,1000,5,"T_Copula",2000,-1.5,"0.25(log(n))^2",0.7
387,1000,5,"T_Copula",2000,-1.5,"0.25(log(n))^2",0.37
388,1000,5,"T_Copula",2000,-1.5,"0.25(log(n))^2",0.04
389,1000,5,"T_Copula",2000,-1.5,"0.25(log(n))^2",0.31
390,1000,5,"T_Copula",2000,-1.5,"0.25(log(n))^2",0.93
391,1000,5,"T_Copula",2000,-1.5,"0.25(log(n))^2",0.13
392,1000,5,"T_Copula",2000,-1.5,"0.25(log(n))^2",0.64
393,1000,5,"T_Copula",2000,-1.5,"0.25(log(n))^2",0.33
394,1000,5,"T_Copula",2000,-1.5,"0.25(log(n))^2",0.78
395,1000,5,"T_Copula",2000,-1.5,"0.25(log(n))^2",0.47
396,1000,5,"T_Copula",2000,-1.5,"0.25(log(n))^2",0.37
397,1000,5,"T_Copula",2000,-1.5,"0.25(log(n))^2",0.53
398,1000,5,"T_Copula",2000,-1.5,"0.25(log(n))^2",0.33
399,1000,5,"T_Copula",2000,-1.5,"0.25(log(n))^2",0.34
400,1000,5,"T_Copula",2000,-1.5,"0.25(log(n))^2",0.57
401,1000,5,"T_Copula",2000,-1.5,"0.25(log(n))^2",0.03
402,1000,5,"T_Copula",2000,-1.5,"0.25(log(n))^2",0.96
403,1000,5,"T_Copula",2000,-1.5,"0.25(log(n))^2",0.87
404,1000,5,"T_Copula",2000,-1.5,"0.25(log(n))^2",0.96
405,1000,5,"T_Copula",2000,-1.5,"0.25(log(n))^2",0.22
406,1000,5,"T_Copula",2000,-1.5,"0.25(log(n))^2",0.32
407,1000,5,"T_Copula",2000,-1.5,"0.25(log(n))^2",0.91
408,1000,5,"T_Copula",2000,-1.5,"0.25(log(n))^2",0.01
409,1000,5,"T_Copula",2000,-1.5,"0.25(log(n))^2",0.42
410,1000,5,"T_Copula",2000,-1.5,"0.25(log(n))^2",0.91
411,1000,5,"T_Copula",2000,-1.5,"0.25(log(n))^2",0.36
412,1000,5,"T_Copula",2000,-1.5,"0.25(log(n))^2",0.57
413,1000,5,"T_Copula",2000,-1.5,"0.25(log(n))^2",0.45
414,1000,5,"T_Copula",2000,-1.5,"0.25(log(n))^2",0.27
415,1000,5,"T_Copula",2000,-1.5,"0.25(log(n))^2",0.09
416,1000,5,"T_Copula",2000,-1.5,"0.25(log(n))^2",0.56
417,1000,5,"T_Copula",2000,-1.5,"0.25(log(n))^2",0.07
418,1000,5,"T_Copula",2000,-1.5,"0.25(log(n))^2",0.23
419,1000,5,"T_Copula",2000,-1.5,"0.25(log(n))^2",0.18
420,1000,5,"T_Copula",2000,-1.5,"0.25(log(n))^2",0.91
421,1000,5,"T_Copula",2000,-1.5,"0.25(log(n))^2",0.26
422,1000,5,"T_Copula",2000,-1.5,"0.25(log(n))^2",0.5
423,1000,5,"T_Copula",2000,-1.5,"0.25(log(n))^2",0.4
424,1000,5,"T_Copula",2000,-1.5,"0.25(log(n))^2",0.73
425,1000,5,"T_Copula",2000,-1.5,"0.25(log(n))^2",0.65
426,1000,5,"T_Copula",2000,-1.5,"0.25(log(n))^2",0.27
427,1000,5,"T_Copula",2000,-1.5,"0.25(log(n))^2",0.62
428,1000,5,"T_Copula",2000,-1.5,"0.25(log(n))^2",0.22
429,1000,5,"T_Copula",2000,-1.5,"0.25(log(n))^2",0.12
430,1000,5,"T_Copula",2000,-1.5,"0.25(log(n))^2",0.22
431,1000,5,"T_Copula",2000,-1.5,"0.25(log(n))^2",0.07
432,1000,5,"T_Copula",2000,-1.5,"0.25(log(n))^2",0.08
433,1000,5,"T_Copula",2000,-1.5,"0.25(log(n))^2",0.32
434,1000,5,"T_Copula",2000,-1.5,"0.25(log(n))^2",0.17
435,1000,5,"T_Copula",2000,-1.5,"0.25(log(n))^2",0.25
436,1000,5,"T_Copula",2000,-1.5,"0.25(log(n))^2",0.92
437,1000,5,"T_Copula",2000,-1.5,"0.25(log(n))^2",0.46
438,1000,5,"T_Copula",2000,-1.5,"0.25(log(n))^2",0.83
439,1000,5,"T_Copula",2000,-1.5,"0.25(log(n))^2",0.97
440,1000,5,"T_Copula",2000,-1.5,"0.25(log(n))^2",0.94
441,1000,5,"T_Copula",2000,-1.5,"0.25(log(n))^2",0.23
442,1000,5,"T_Copula",2000,-1.5,"0.25(log(n))^2",0.74
443,1000,5,"T_Copula",2000,-1.5,"0.25(log(n))^2",0.99
444,1000,5,"T_Copula",2000,-1.5,"0.25(log(n))^2",0.64
445,1000,5,"T_Copula",2000,-1.5,"0.25(log(n))^2",0.27
446,1000,5,"T_Copula",2000,-1.5,"0.25(log(n))^2",0.69
447,1000,5,"T_Copula",2000,-1.5,"0.25(log(n))^2",0.79
448,1000,5,"T_Copula",2000,-1.5,"0.25(log(n))^2",0.28
449,1000,5,"T_Copula",2000,-1.5,"0.25(log(n))^2",0.09
450,1000,5,"T_Copula",2000,-1.5,"0.25(log(n))^2",0.76
451,1000,5,"T_Copula",2000,-1.5,"0.25(log(n))^2",0.59
452,1000,5,"T_Copula",2000,-1.5,"0.25(log(n))^2",0.46
453,1000,5,"T_Copula",2000,-1.5,"0.25(log(n))^2",0.61
454,1000,5,"T_Copula",2000,-1.5,"0.25(log(n))^2",0.75
455,1000,5,"T_Copula",2000,-1.5,"0.25(log(n))^2",0.8
456,1000,5,"T_Copula",2000,-1.5,"0.25(log(n))^2",0.84
457,1000,5,"T_Copula",2000,-1.5,"0.25(log(n))^2",0.4
458,1000,5,"T_Copula",2000,-1.5,"0.25(log(n))^2",0.16
459,1000,5,"T_Copula",2000,-1.5,"0.25(log(n))^2",0.9
460,1000,5,"T_Copula",2000,-1.5,"0.25(log(n))^2",0.22
461,1000,5,"T_Copula",2000,-1.5,"0.25(log(n))^2",0.65
462,1000,5,"T_Copula",2000,-1.5,"0.25(log(n))^2",0.09
463,1000,5,"T_Copula",2000,-1.5,"0.25(log(n))^2",0.41
464,1000,5,"T_Copula",2000,-1.5,"0.25(log(n))^2",0.34
465,1000,5,"T_Copula",2000,-1.5,"0.25(log(n))^2",0.61
466,1000,5,"T_Copula",2000,-1.5,"0.25(log(n))^2",0.85
467,1000,5,"T_Copula",2000,-1.5,"0.25(log(n))^2",0.61
468,1000,5,"T_Copula",2000,-1.5,"0.25(log(n))^2",0.69
469,1000,5,"T_Copula",2000,-1.5,"0.25(log(n))^2",0.51
470,1000,5,"T_Copula",2000,-1.5,"0.25(log(n))^2",0.95
471,1000,5,"T_Copula",2000,-1.5,"0.25(log(n))^2",0.24
472,1000,5,"T_Copula",2000,-1.5,"0.25(log(n))^2",0.57
473,1000,5,"T_Copula",2000,-1.5,"0.25(log(n))^2",0.77
474,1000,5,"T_Copula",2000,-1.5,"0.25(log(n))^2",0
475,1000,5,"T_Copula",2000,-1.5,"0.25(log(n))^2",0.44
476,1000,5,"T_Copula",2000,-1.5,"0.25(log(n))^2",0.8
477,1000,5,"T_Copula",2000,-1.5,"0.25(log(n))^2",0.25
478,1000,5,"T_Copula",2000,-1.5,"0.25(log(n))^2",0.55
479,1000,5,"T_Copula",2000,-1.5,"0.25(log(n))^2",0.82
480,1000,5,"T_Copula",2000,-1.5,"0.25(log(n))^2",0.57
481,1000,5,"T_Copula",2000,-1.5,"0.25(log(n))^2",0.24
482,1000,5,"T_Copula",2000,-1.5,"0.25(log(n))^2",0.2
483,1000,5,"T_Copula",2000,-1.5,"0.25(log(n))^2",0.88
484,1000,5,"T_Copula",2000,-1.5,"0.25(log(n))^2",0.59
485,1000,5,"T_Copula",2000,-1.5,"0.25(log(n))^2",0.12
486,1000,5,"T_Copula",2000,-1.5,"0.25(log(n))^2",0.23
487,1000,5,"T_Copula",2000,-1.5,"0.25(log(n))^2",0.72
488,1000,5,"T_Copula",2000,-1.5,"0.25(log(n))^2",0.65
489,1000,5,"T_Copula",2000,-1.5,"0.25(log(n))^2",0.12
490,1000,5,"T_Copula",2000,-1.5,"0.25(log(n))^2",0.96
491,1000,5,"T_Copula",2000,-1.5,"0.25(log(n))^2",0.16
492,1000,5,"T_Copula",2000,-1.5,"0.25(log(n))^2",0.21
493,1000,5,"T_Copula",2000,-1.5,"0.25(log(n))^2",0.22
494,1000,5,"T_Copula",2000,-1.5,"0.25(log(n))^2",0.82
495,1000,5,"T_Copula",2000,-1.5,"0.25(log(n))^2",0.95
496,1000,5,"T_Copula",2000,-1.5,"0.25(log(n))^2",0.01
497,1000,5,"T_Copula",2000,-1.5,"0.25(log(n))^2",0.45
498,1000,5,"T_Copula",2000,-1.5,"0.25(log(n))^2",0.44
499,1000,5,"T_Copula",2000,-1.5,"0.25(log(n))^2",0.13
500,1000,5,"T_Copula",2000,-1.5,"0.25(log(n))^2",0.24
501,1000,5,"T_Copula",2000,-1.5,"0.25(log(n))^2",0.66
502,1000,5,"T_Copula",2000,-1.5,"0.25(log(n))^2",0.65
503,1000,5,"T_Copula",2000,-1.5,"0.25(log(n))^2",0.52
504,1000,5,"T_Copula",2000,-1.5,"0.25(log(n))^2",0.02
505,1000,5,"T_Copula",2000,-1.5,"0.25(log(n))^2",0.31
506,1000,5,"T_Copula",2000,-1.5,"0.25(log(n))^2",0.62
507,1000,5,"T_Copula",2000,-1.5,"0.25(log(n))^2",0.51
508,1000,5,"T_Copula",2000,-1.5,"0.25(log(n))^2",0.47
509,1000,5,"T_Copula",2000,-1.5,"0.25(log(n))^2",0.58
510,1000,5,"T_Copula",2000,-1.5,"0.25(log(n))^2",0.86
511,1000,5,"T_Copula",2000,-1.5,"0.25(log(n))^2",0.91
512,1000,5,"T_Copula",2000,-1.5,"0.25(log(n))^2",0.61
513,1000,5,"T_Copula",2000,-1.5,"0.25(log(n))^2",0.27
514,1000,5,"T_Copula",2000,-1.5,"0.25(log(n))^2",0.11
515,1000,5,"T_Copula",2000,-1.5,"0.25(log(n))^2",0.54
516,1000,5,"T_Copula",2000,-1.5,"0.25(log(n))^2",0.27
517,1000,5,"T_Copula",2000,-1.5,"0.25(log(n))^2",0.13
518,1000,5,"T_Copula",2000,-1.5,"0.25(log(n))^2",0.8
519,1000,5,"T_Copula",2000,-1.5,"0.25(log(n))^2",0.84
520,1000,5,"T_Copula",2000,-1.5,"0.25(log(n))^2",0.09
521,1000,5,"T_Copula",2000,-1.5,"0.25(log(n))^2",0.98
522,1000,5,"T_Copula",2000,-1.5,"0.25(log(n))^2",0.55
523,1000,5,"T_Copula",2000,-1.5,"0.25(log(n))^2",0.23
524,1000,5,"T_Copula",2000,-1.5,"0.25(log(n))^2",0.74
525,1000,5,"T_Copula",2000,-1.5,"0.25(log(n))^2",0.94
526,1000,5,"T_Copula",2000,-1.5,"0.25(log(n))^2",0.7
527,1000,5,"T_Copula",2000,-1.5,"0.25(log(n))^2",0.7
528,1000,5,"T_Copula",2000,-1.5,"0.25(log(n))^2",0.35
529,1000,5,"T_Copula",2000,-1.5,"0.25(log(n))^2",0.35
530,1000,5,"T_Copula",2000,-1.5,"0.25(log(n))^2",1
531,1000,5,"T_Copula",2000,-1.5,"0.25(log(n))^2",0.94
532,1000,5,"T_Copula",2000,-1.5,"0.25(log(n))^2",0.12
533,1000,5,"T_Copula",2000,-1.5,"0.25(log(n))^2",0.4
534,1000,5,"T_Copula",2000,-1.5,"0.25(log(n))^2",0.78
535,1000,5,"T_Copula",2000,-1.5,"0.25(log(n))^2",0.06
536,1000,5,"T_Copula",2000,-1.5,"0.25(log(n))^2",0.6
537,1000,5,"T_Copula",2000,-1.5,"0.25(log(n))^2",0.03
538,1000,5,"T_Copula",2000,-1.5,"0.25(log(n))^2",0.7
539,1000,5,"T_Copula",2000,-1.5,"0.25(log(n))^2",0
540,1000,5,"T_Copula",2000,-1.5,"0.25(log(n))^2",0.73
541,1000,5,"T_Copula",2000,-1.5,"0.25(log(n))^2",0.65
542,1000,5,"T_Copula",2000,-1.5,"0.25(log(n))^2",0.38
543,1000,5,"T_Copula",2000,-1.5,"0.25(log(n))^2",0.27
544,1000,5,"T_Copula",2000,-1.5,"0.25(log(n))^2",0.35
545,1000,5,"T_Copula",2000,-1.5,"0.25(log(n))^2",0.36
546,1000,5,"T_Copula",2000,-1.5,"0.25(log(n))^2",0.25
547,1000,5,"T_Copula",2000,-1.5,"0.25(log(n))^2",0.28
548,1000,5,"T_Copula",2000,-1.5,"0.25(log(n))^2",0.6
549,1000,5,"T_Copula",2000,-1.5,"0.25(log(n))^2",0.33
550,1000,5,"T_Copula",2000,-1.5,"0.25(log(n))^2",0.42
551,1000,5,"T_Copula",2000,-1.5,"0.25(log(n))^2",0
552,1000,5,"T_Copula",2000,-1.5,"0.25(log(n))^2",0.93
553,1000,5,"T_Copula",2000,-1.5,"0.25(log(n))^2",0.42
554,1000,5,"T_Copula",2000,-1.5,"0.25(log(n))^2",0.94
555,1000,5,"T_Copula",2000,-1.5,"0.25(log(n))^2",0.29
556,1000,5,"T_Copula",2000,-1.5,"0.25(log(n))^2",0.14
557,1000,5,"T_Copula",2000,-1.5,"0.25(log(n))^2",0.78
558,1000,5,"T_Copula",2000,-1.5,"0.25(log(n))^2",0.16
559,1000,5,"T_Copula",2000,-1.5,"0.25(log(n))^2",0.65
560,1000,5,"T_Copula",2000,-1.5,"0.25(log(n))^2",0.26
561,1000,5,"T_Copula",2000,-1.5,"0.25(log(n))^2",0
562,1000,5,"T_Copula",2000,-1.5,"0.25(log(n))^2",0.6
563,1000,5,"T_Copula",2000,-1.5,"0.25(log(n))^2",0.14
564,1000,5,"T_Copula",2000,-1.5,"0.25(log(n))^2",0.8
565,1000,5,"T_Copula",2000,-1.5,"0.25(log(n))^2",0.44
566,1000,5,"T_Copula",2000,-1.5,"0.25(log(n))^2",0.67
567,1000,5,"T_Copula",2000,-1.5,"0.25(log(n))^2",0.03
568,1000,5,"T_Copula",2000,-1.5,"0.25(log(n))^2",0.85
569,1000,5,"T_Copula",2000,-1.5,"0.25(log(n))^2",1
570,1000,5,"T_Copula",2000,-1.5,"0.25(log(n))^2",0.46
571,1000,5,"T_Copula",2000,-1.5,"0.25(log(n))^2",0.14
572,1000,5,"T_Copula",2000,-1.5,"0.25(log(n))^2",0.21
573,1000,5,"T_Copula",2000,-1.5,"0.25(log(n))^2",0.5
574,1000,5,"T_Copula",2000,-1.5,"0.25(log(n))^2",0.71
575,1000,5,"T_Copula",2000,-1.5,"0.25(log(n))^2",0.05
576,1000,5,"T_Copula",2000,-1.5,"0.25(log(n))^2",0.17
577,1000,5,"T_Copula",2000,-1.5,"0.25(log(n))^2",0.89
578,1000,5,"T_Copula",2000,-1.5,"0.25(log(n))^2",0.35
579,1000,5,"T_Copula",2000,-1.5,"0.25(log(n))^2",0.26
580,1000,5,"T_Copula",2000,-1.5,"0.25(log(n))^2",0.38
581,1000,5,"T_Copula",2000,-1.5,"0.25(log(n))^2",0.01
582,1000,5,"T_Copula",2000,-1.5,"0.25(log(n))^2",0.87
583,1000,5,"T_Copula",2000,-1.5,"0.25(log(n))^2",0.32
584,1000,5,"T_Copula",2000,-1.5,"0.25(log(n))^2",0
585,1000,5,"T_Copula",2000,-1.5,"0.25(log(n))^2",0.85
586,1000,5,"T_Copula",2000,-1.5,"0.25(log(n))^2",0.98
587,1000,5,"T_Copula",2000,-1.5,"0.25(log(n))^2",0.41
588,1000,5,"T_Copula",2000,-1.5,"0.25(log(n))^2",0.04
589,1000,5,"T_Copula",2000,-1.5,"0.25(log(n))^2",0.33
590,1000,5,"T_Copula",2000,-1.5,"0.25(log(n))^2",0.73
591,1000,5,"T_Copula",2000,-1.5,"0.25(log(n))^2",0.61
592,1000,5,"T_Copula",2000,-1.5,"0.25(log(n))^2",0.15
593,1000,5,"T_Copula",2000,-1.5,"0.25(log(n))^2",0.13
594,1000,5,"T_Copula",2000,-1.5,"0.25(log(n))^2",0.66
595,1000,5,"T_Copula",2000,-1.5,"0.25(log(n))^2",0.15
596,1000,5,"T_Copula",2000,-1.5,"0.25(log(n))^2",0.94
597,1000,5,"T_Copula",2000,-1.5,"0.25(log(n))^2",0.87
598,1000,5,"T_Copula",2000,-1.5,"0.25(log(n))^2",0.88
599,1000,5,"T_Copula",2000,-1.5,"0.25(log(n))^2",0.82
600,1000,5,"T_Copula",2000,-1.5,"0.25(log(n))^2",0.8
601,1000,5,"T_Copula",2000,-1.5,"0.25(log(n))^2",0.37
602,1000,5,"T_Copula",2000,-1.5,"0.25(log(n))^2",0.95
603,1000,5,"T_Copula",2000,-1.5,"0.25(log(n))^2",0.98
604,1000,5,"T_Copula",2000,-1.5,"0.25(log(n))^2",0.91
605,1000,5,"T_Copula",2000,-1.5,"0.25(log(n))^2",0.28
606,1000,5,"T_Copula",2000,-1.5,"0.25(log(n))^2",0.05
607,1000,5,"T_Copula",2000,-1.5,"0.25(log(n))^2",0.2
608,1000,5,"T_Copula",2000,-1.5,"0.25(log(n))^2",0.36
609,1000,5,"T_Copula",2000,-1.5,"0.25(log(n))^2",0.36
610,1000,5,"T_Copula",2000,-1.5,"0.25(log(n))^2",0.44
611,1000,5,"T_Copula",2000,-1.5,"0.25(log(n))^2",0.16
612,1000,5,"T_Copula",2000,-1.5,"0.25(log(n))^2",0.41
613,1000,5,"T_Copula",2000,-1.5,"0.25(log(n))^2",0.03
614,1000,5,"T_Copula",2000,-1.5,"0.25(log(n))^2",0.65
615,1000,5,"T_Copula",2000,-1.5,"0.25(log(n))^2",0.17
616,1000,5,"T_Copula",2000,-1.5,"0.25(log(n))^2",0.45
617,1000,5,"T_Copula",2000,-1.5,"0.25(log(n))^2",0.48
618,1000,5,"T_Copula",2000,-1.5,"0.25(log(n))^2",0.88
619,1000,5,"T_Copula",2000,-1.5,"0.25(log(n))^2",0
620,1000,5,"T_Copula",2000,-1.5,"0.25(log(n))^2",0.9
621,1000,5,"T_Copula",2000,-1.5,"0.25(log(n))^2",0.7
622,1000,5,"T_Copula",2000,-1.5,"0.25(log(n))^2",0.93
623,1000,5,"T_Copula",2000,-1.5,"0.25(log(n))^2",0.73
624,1000,5,"T_Copula",2000,-1.5,"0.25(log(n))^2",0.5
625,1000,5,"T_Copula",2000,-1.5,"0.25(log(n))^2",0.47
626,1000,5,"T_Copula",2000,-1.5,"0.25(log(n))^2",0.22
627,1000,5,"T_Copula",2000,-1.5,"0.25(log(n))^2",0.18
628,1000,5,"T_Copula",2000,-1.5,"0.25(log(n))^2",0.52
629,1000,5,"T_Copula",2000,-1.5,"0.25(log(n))^2",0.78
630,1000,5,"T_Copula",2000,-1.5,"0.25(log(n))^2",0.15
631,1000,5,"T_Copula",2000,-1.5,"0.25(log(n))^2",0.32
632,1000,5,"T_Copula",2000,-1.5,"0.25(log(n))^2",0.92
633,1000,5,"T_Copula",2000,-1.5,"0.25(log(n))^2",0.54
634,1000,5,"T_Copula",2000,-1.5,"0.25(log(n))^2",0.65
635,1000,5,"T_Copula",2000,-1.5,"0.25(log(n))^2",0.32
636,1000,5,"T_Copula",2000,-1.5,"0.25(log(n))^2",0.05
637,1000,5,"T_Copula",2000,-1.5,"0.25(log(n))^2",0.45
638,1000,5,"T_Copula",2000,-1.5,"0.25(log(n))^2",0.43
639,1000,5,"T_Copula",2000,-1.5,"0.25(log(n))^2",0.76
640,1000,5,"T_Copula",2000,-1.5,"0.25(log(n))^2",0.32
641,1000,5,"T_Copula",2000,-1.5,"0.25(log(n))^2",0.09
642,1000,5,"T_Copula",2000,-1.5,"0.25(log(n))^2",0.75
643,1000,5,"T_Copula",2000,-1.5,"0.25(log(n))^2",0.04
644,1000,5,"T_Copula",2000,-1.5,"0.25(log(n))^2",0.87
645,1000,5,"T_Copula",2000,-1.5,"0.25(log(n))^2",0.28
646,1000,5,"T_Copula",2000,-1.5,"0.25(log(n))^2",0.38
647,1000,5,"T_Copula",2000,-1.5,"0.25(log(n))^2",0.29
648,1000,5,"T_Copula",2000,-1.5,"0.25(log(n))^2",0.99
649,1000,5,"T_Copula",2000,-1.5,"0.25(log(n))^2",0.96
650,1000,5,"T_Copula",2000,-1.5,"0.25(log(n))^2",0.6
651,1000,5,"T_Copula",2000,-1.5,"0.25(log(n))^2",0.63
652,1000,5,"T_Copula",2000,-1.5,"0.25(log(n))^2",0.56
653,1000,5,"T_Copula",2000,-1.5,"0.25(log(n))^2",0.27
654,1000,5,"T_Copula",2000,-1.5,"0.25(log(n))^2",0.95
655,1000,5,"T_Copula",2000,-1.5,"0.25(log(n))^2",0.35
656,1000,5,"T_Copula",2000,-1.5,"0.25(log(n))^2",0
657,1000,5,"T_Copula",2000,-1.5,"0.25(log(n))^2",0.08
658,1000,5,"T_Copula",2000,-1.5,"0.25(log(n))^2",0.15
659,1000,5,"T_Copula",2000,-1.5,"0.25(log(n))^2",0.82
660,1000,5,"T_Copula",2000,-1.5,"0.25(log(n))^2",1
661,1000,5,"T_Copula",2000,-1.5,"0.25(log(n))^2",0.93
662,1000,5,"T_Copula",2000,-1.5,"0.25(log(n))^2",0.96
663,1000,5,"T_Copula",2000,-1.5,"0.25(log(n))^2",0.04
664,1000,5,"T_Copula",2000,-1.5,"0.25(log(n))^2",0.02
665,1000,5,"T_Copula",2000,-1.5,"0.25(log(n))^2",0.74
666,1000,5,"T_Copula",2000,-1.5,"0.25(log(n))^2",0.35
667,1000,5,"T_Copula",2000,-1.5,"0.25(log(n))^2",0.41
668,1000,5,"T_Copula",2000,-1.5,"0.25(log(n))^2",0.62
669,1000,5,"T_Copula",2000,-1.5,"0.25(log(n))^2",0.76
670,1000,5,"T_Copula",2000,-1.5,"0.25(log(n))^2",0.43
671,1000,5,"T_Copula",2000,-1.5,"0.25(log(n))^2",0.5
672,1000,5,"T_Copula",2000,-1.5,"0.25(log(n))^2",0.9
673,1000,5,"T_Copula",2000,-1.5,"0.25(log(n))^2",0.51
674,1000,5,"T_Copula",2000,-1.5,"0.25(log(n))^2",0.98
675,1000,5,"T_Copula",2000,-1.5,"0.25(log(n))^2",0.01
676,1000,5,"T_Copula",2000,-1.5,"0.25(log(n))^2",0.16
677,1000,5,"T_Copula",2000,-1.5,"0.25(log(n))^2",0.53
678,1000,5,"T_Copula",2000,-1.5,"0.25(log(n))^2",0.17
679,1000,5,"T_Copula",2000,-1.5,"0.25(log(n))^2",0.06
680,1000,5,"T_Copula",2000,-1.5,"0.25(log(n))^2",0.33
681,1000,5,"T_Copula",2000,-1.5,"0.25(log(n))^2",0.93
682,1000,5,"T_Copula",2000,-1.5,"0.25(log(n))^2",0.69
683,1000,5,"T_Copula",2000,-1.5,"0.25(log(n))^2",0.85
684,1000,5,"T_Copula",2000,-1.5,"0.25(log(n))^2",0.23
685,1000,5,"T_Copula",2000,-1.5,"0.25(log(n))^2",0.99
686,1000,5,"T_Copula",2000,-1.5,"0.25(log(n))^2",0.45
687,1000,5,"T_Copula",2000,-1.5,"0.25(log(n))^2",0.55
688,1000,5,"T_Copula",2000,-1.5,"0.25(log(n))^2",0.22
689,1000,5,"T_Copula",2000,-1.5,"0.25(log(n))^2",0.9
690,1000,5,"T_Copula",2000,-1.5,"0.25(log(n))^2",0.17
691,1000,5,"T_Copula",2000,-1.5,"0.25(log(n))^2",0.28
692,1000,5,"T_Copula",2000,-1.5,"0.25(log(n))^2",0.18
693,1000,5,"T_Copula",2000,-1.5,"0.25(log(n))^2",0.99
694,1000,5,"T_Copula",2000,-1.5,"0.25(log(n))^2",0.06
695,1000,5,"T_Copula",2000,-1.5,"0.25(log(n))^2",0.16
696,1000,5,"T_Copula",2000,-1.5,"0.25(log(n))^2",0.77
697,1000,5,"T_Copula",2000,-1.5,"0.25(log(n))^2",0.27
698,1000,5,"T_Copula",2000,-1.5,"0.25(log(n))^2",0.47
699,1000,5,"T_Copula",2000,-1.5,"0.25(log(n))^2",0.56
700,1000,5,"T_Copula",2000,-1.5,"0.25(log(n))^2",0.14
701,1000,5,"T_Copula",2000,-1.5,"0.25(log(n))^2",0.28
702,1000,5,"T_Copula",2000,-1.5,"0.25(log(n))^2",0.69
703,1000,5,"T_Copula",2000,-1.5,"0.25(log(n))^2",0.48
704,1000,5,"T_Copula",2000,-1.5,"0.25(log(n))^2",0.49
705,1000,5,"T_Copula",2000,-1.5,"0.25(log(n))^2",0.16
706,1000,5,"T_Copula",2000,-1.5,"0.25(log(n))^2",0.67
707,1000,5,"T_Copula",2000,-1.5,"0.25(log(n))^2",0.27
708,1000,5,"T_Copula",2000,-1.5,"0.25(log(n))^2",0.54
709,1000,5,"T_Copula",2000,-1.5,"0.25(log(n))^2",0.64
710,1000,5,"T_Copula",2000,-1.5,"0.25(log(n))^2",0.01
711,1000,5,"T_Copula",2000,-1.5,"0.25(log(n))^2",0.28
712,1000,5,"T_Copula",2000,-1.5,"0.25(log(n))^2",0.99
713,1000,5,"T_Copula",2000,-1.5,"0.25(log(n))^2",0.71
714,1000,5,"T_Copula",2000,-1.5,"0.25(log(n))^2",0.68
715,1000,5,"T_Copula",2000,-1.5,"0.25(log(n))^2",0.12
716,1000,5,"T_Copula",2000,-1.5,"0.25(log(n))^2",0.56
717,1000,5,"T_Copula",2000,-1.5,"0.25(log(n))^2",0.64
718,1000,5,"T_Copula",2000,-1.5,"0.25(log(n))^2",0.9
719,1000,5,"T_Copula",2000,-1.5,"0.25(log(n))^2",0.15
720,1000,5,"T_Copula",2000,-1.5,"0.25(log(n))^2",0.64
721,1000,5,"T_Copula",2000,-1.5,"0.25(log(n))^2",0.64
722,1000,5,"T_Copula",2000,-1.5,"0.25(log(n))^2",0.61
723,1000,5,"T_Copula",2000,-1.5,"0.25(log(n))^2",0.93
724,1000,5,"T_Copula",2000,-1.5,"0.25(log(n))^2",0.39
725,1000,5,"T_Copula",2000,-1.5,"0.25(log(n))^2",0.11
726,1000,5,"T_Copula",2000,-1.5,"0.25(log(n))^2",0.35
727,1000,5,"T_Copula",2000,-1.5,"0.25(log(n))^2",0.12
728,1000,5,"T_Copula",2000,-1.5,"0.25(log(n))^2",0.04
729,1000,5,"T_Copula",2000,-1.5,"0.25(log(n))^2",0.72
730,1000,5,"T_Copula",2000,-1.5,"0.25(log(n))^2",0.64
731,1000,5,"T_Copula",2000,-1.5,"0.25(log(n))^2",0.87
732,1000,5,"T_Copula",2000,-1.5,"0.25(log(n))^2",0.72
733,1000,5,"T_Copula",2000,-1.5,"0.25(log(n))^2",0.06
734,1000,5,"T_Copula",2000,-1.5,"0.25(log(n))^2",0.37
735,1000,5,"T_Copula",2000,-1.5,"0.25(log(n))^2",0.77
736,1000,5,"T_Copula",2000,-1.5,"0.25(log(n))^2",0.5
737,1000,5,"T_Copula",2000,-1.5,"0.25(log(n))^2",0.01
738,1000,5,"T_Copula",2000,-1.5,"0.25(log(n))^2",0.38
739,1000,5,"T_Copula",2000,-1.5,"0.25(log(n))^2",0.65
740,1000,5,"T_Copula",2000,-1.5,"0.25(log(n))^2",0.68
741,1000,5,"T_Copula",2000,-1.5,"0.25(log(n))^2",0.11
742,1000,5,"T_Copula",2000,-1.5,"0.25(log(n))^2",0.02
743,1000,5,"T_Copula",2000,-1.5,"0.25(log(n))^2",0.46
744,1000,5,"T_Copula",2000,-1.5,"0.25(log(n))^2",0.57
745,1000,5,"T_Copula",2000,-1.5,"0.25(log(n))^2",0.76
746,1000,5,"T_Copula",2000,-1.5,"0.25(log(n))^2",0.66
747,1000,5,"T_Copula",2000,-1.5,"0.25(log(n))^2",0.32
748,1000,5,"T_Copula",2000,-1.5,"0.25(log(n))^2",0.76
749,1000,5,"T_Copula",2000,-1.5,"0.25(log(n))^2",0.06
750,1000,5,"T_Copula",2000,-1.5,"0.25(log(n))^2",0.79
751,1000,5,"T_Copula",2000,-1.5,"0.25(log(n))^2",0.4
752,1000,5,"T_Copula",2000,-1.5,"0.25(log(n))^2",0.28
753,1000,5,"T_Copula",2000,-1.5,"0.25(log(n))^2",0.81
754,1000,5,"T_Copula",2000,-1.5,"0.25(log(n))^2",0.31
755,1000,5,"T_Copula",2000,-1.5,"0.25(log(n))^2",0.84
756,1000,5,"T_Copula",2000,-1.5,"0.25(log(n))^2",0.02
757,1000,5,"T_Copula",2000,-1.5,"0.25(log(n))^2",0.41
758,1000,5,"T_Copula",2000,-1.5,"0.25(log(n))^2",1
759,1000,5,"T_Copula",2000,-1.5,"0.25(log(n))^2",0.97
760,1000,5,"T_Copula",2000,-1.5,"0.25(log(n))^2",0.6
761,1000,5,"T_Copula",2000,-1.5,"0.25(log(n))^2",0.63
762,1000,5,"T_Copula",2000,-1.5,"0.25(log(n))^2",0.94
763,1000,5,"T_Copula",2000,-1.5,"0.25(log(n))^2",0.44
764,1000,5,"T_Copula",2000,-1.5,"0.25(log(n))^2",0.73
765,1000,5,"T_Copula",2000,-1.5,"0.25(log(n))^2",0.14
766,1000,5,"T_Copula",2000,-1.5,"0.25(log(n))^2",0.28
767,1000,5,"T_Copula",2000,-1.5,"0.25(log(n))^2",0.46
768,1000,5,"T_Copula",2000,-1.5,"0.25(log(n))^2",0.12
769,1000,5,"T_Copula",2000,-1.5,"0.25(log(n))^2",0.66
770,1000,5,"T_Copula",2000,-1.5,"0.25(log(n))^2",0.56
771,1000,5,"T_Copula",2000,-1.5,"0.25(log(n))^2",0.15
772,1000,5,"T_Copula",2000,-1.5,"0.25(log(n))^2",0.3
773,1000,5,"T_Copula",2000,-1.5,"0.25(log(n))^2",0.5
774,1000,5,"T_Copula",2000,-1.5,"0.25(log(n))^2",0.07
775,1000,5,"T_Copula",2000,-1.5,"0.25(log(n))^2",0.32
776,1000,5,"T_Copula",2000,-1.5,"0.25(log(n))^2",0.66
777,1000,5,"T_Copula",2000,-1.5,"0.25(log(n))^2",0.81
778,1000,5,"T_Copula",2000,-1.5,"0.25(log(n))^2",0.8
779,1000,5,"T_Copula",2000,-1.5,"0.25(log(n))^2",0
780,1000,5,"T_Copula",2000,-1.5,"0.25(log(n))^2",0.92
781,1000,5,"T_Copula",2000,-1.5,"0.25(log(n))^2",0.06
782,1000,5,"T_Copula",2000,-1.5,"0.25(log(n))^2",0.3
783,1000,5,"T_Copula",2000,-1.5,"0.25(log(n))^2",0.15
784,1000,5,"T_Copula",2000,-1.5,"0.25(log(n))^2",0.24
785,1000,5,"T_Copula",2000,-1.5,"0.25(log(n))^2",0.63
786,1000,5,"T_Copula",2000,-1.5,"0.25(log(n))^2",0.97
787,1000,5,"T_Copula",2000,-1.5,"0.25(log(n))^2",0
788,1000,5,"T_Copula",2000,-1.5,"0.25(log(n))^2",0.46
789,1000,5,"T_Copula",2000,-1.5,"0.25(log(n))^2",0.49
790,1000,5,"T_Copula",2000,-1.5,"0.25(log(n))^2",0.82
791,1000,5,"T_Copula",2000,-1.5,"0.25(log(n))^2",0.25
792,1000,5,"T_Copula",2000,-1.5,"0.25(log(n))^2",0.92
793,1000,5,"T_Copula",2000,-1.5,"0.25(log(n))^2",0.01
794,1000,5,"T_Copula",2000,-1.5,"0.25(log(n))^2",0.72
795,1000,5,"T_Copula",2000,-1.5,"0.25(log(n))^2",0.04
796,1000,5,"T_Copula",2000,-1.5,"0.25(log(n))^2",0.1
797,1000,5,"T_Copula",2000,-1.5,"0.25(log(n))^2",0.57
798,1000,5,"T_Copula",2000,-1.5,"0.25(log(n))^2",0.06
799,1000,5,"T_Copula",2000,-1.5,"0.25(log(n))^2",0
800,1000,5,"T_Copula",2000,-1.5,"0.25(log(n))^2",0.99
801,1000,5,"T_Copula",2000,-1.5,"0.25(log(n))^2",0.14
802,1000,5,"T_Copula",2000,-1.5,"0.25(log(n))^2",0.97
803,1000,5,"T_Copula",2000,-1.5,"0.25(log(n))^2",0.68
804,1000,5,"T_Copula",2000,-1.5,"0.25(log(n))^2",0.22
805,1000,5,"T_Copula",2000,-1.5,"0.25(log(n))^2",0.36
806,1000,5,"T_Copula",2000,-1.5,"0.25(log(n))^2",0.6
807,1000,5,"T_Copula",2000,-1.5,"0.25(log(n))^2",0.71
808,1000,5,"T_Copula",2000,-1.5,"0.25(log(n))^2",0.02
809,1000,5,"T_Copula",2000,-1.5,"0.25(log(n))^2",0.13
810,1000,5,"T_Copula",2000,-1.5,"0.25(log(n))^2",0.06
811,1000,5,"T_Copula",2000,-1.5,"0.25(log(n))^2",0.3
812,1000,5,"T_Copula",2000,-1.5,"0.25(log(n))^2",0.33
813,1000,5,"T_Copula",2000,-1.5,"0.25(log(n))^2",0.57
814,1000,5,"T_Copula",2000,-1.5,"0.25(log(n))^2",0.94
815,1000,5,"T_Copula",2000,-1.5,"0.25(log(n))^2",0.32
816,1000,5,"T_Copula",2000,-1.5,"0.25(log(n))^2",0.49
817,1000,5,"T_Copula",2000,-1.5,"0.25(log(n))^2",0.68
818,1000,5,"T_Copula",2000,-1.5,"0.25(log(n))^2",0.09
819,1000,5,"T_Copula",2000,-1.5,"0.25(log(n))^2",0.39
820,1000,5,"T_Copula",2000,-1.5,"0.25(log(n))^2",0.31
821,1000,5,"T_Copula",2000,-1.5,"0.25(log(n))^2",1
822,1000,5,"T_Copula",2000,-1.5,"0.25(log(n))^2",0
823,1000,5,"T_Copula",2000,-1.5,"0.25(log(n))^2",0.02
824,1000,5,"T_Copula",2000,-1.5,"0.25(log(n))^2",0.39
825,1000,5,"T_Copula",2000,-1.5,"0.25(log(n))^2",0.02
826,1000,5,"T_Copula",2000,-1.5,"0.25(log(n))^2",0.07
827,1000,5,"T_Copula",2000,-1.5,"0.25(log(n))^2",0.55
828,1000,5,"T_Copula",2000,-1.5,"0.25(log(n))^2",0.47
829,1000,5,"T_Copula",2000,-1.5,"0.25(log(n))^2",0.83
830,1000,5,"T_Copula",2000,-1.5,"0.25(log(n))^2",0.37
831,1000,5,"T_Copula",2000,-1.5,"0.25(log(n))^2",0.18
832,1000,5,"T_Copula",2000,-1.5,"0.25(log(n))^2",0.32
833,1000,5,"T_Copula",2000,-1.5,"0.25(log(n))^2",0.38
834,1000,5,"T_Copula",2000,-1.5,"0.25(log(n))^2",0.04
835,1000,5,"T_Copula",2000,-1.5,"0.25(log(n))^2",0.44
836,1000,5,"T_Copula",2000,-1.5,"0.25(log(n))^2",0.74
837,1000,5,"T_Copula",2000,-1.5,"0.25(log(n))^2",0.96
838,1000,5,"T_Copula",2000,-1.5,"0.25(log(n))^2",0.39
839,1000,5,"T_Copula",2000,-1.5,"0.25(log(n))^2",0.33
840,1000,5,"T_Copula",2000,-1.5,"0.25(log(n))^2",1
841,1000,5,"T_Copula",2000,-1.5,"0.25(log(n))^2",0.25
842,1000,5,"T_Copula",2000,-1.5,"0.25(log(n))^2",0.71
843,1000,5,"T_Copula",2000,-1.5,"0.25(log(n))^2",0.16
844,1000,5,"T_Copula",2000,-1.5,"0.25(log(n))^2",0.92
845,1000,5,"T_Copula",2000,-1.5,"0.25(log(n))^2",0.18
846,1000,5,"T_Copula",2000,-1.5,"0.25(log(n))^2",0.04
847,1000,5,"T_Copula",2000,-1.5,"0.25(log(n))^2",0.78
848,1000,5,"T_Copula",2000,-1.5,"0.25(log(n))^2",0.25
849,1000,5,"T_Copula",2000,-1.5,"0.25(log(n))^2",0.47
850,1000,5,"T_Copula",2000,-1.5,"0.25(log(n))^2",0.82
851,1000,5,"T_Copula",2000,-1.5,"0.25(log(n))^2",0.87
852,1000,5,"T_Copula",2000,-1.5,"0.25(log(n))^2",0.08
853,1000,5,"T_Copula",2000,-1.5,"0.25(log(n))^2",0.07
854,1000,5,"T_Copula",2000,-1.5,"0.25(log(n))^2",0.68
855,1000,5,"T_Copula",2000,-1.5,"0.25(log(n))^2",0.45
856,1000,5,"T_Copula",2000,-1.5,"0.25(log(n))^2",0.76
857,1000,5,"T_Copula",2000,-1.5,"0.25(log(n))^2",0
858,1000,5,"T_Copula",2000,-1.5,"0.25(log(n))^2",0.47
859,1000,5,"T_Copula",2000,-1.5,"0.25(log(n))^2",0.11
860,1000,5,"T_Copula",2000,-1.5,"0.25(log(n))^2",0.02
861,1000,5,"T_Copula",2000,-1.5,"0.25(log(n))^2",0.74
862,1000,5,"T_Copula",2000,-1.5,"0.25(log(n))^2",0.53
863,1000,5,"T_Copula",2000,-1.5,"0.25(log(n))^2",0.86
864,1000,5,"T_Copula",2000,-1.5,"0.25(log(n))^2",0.66
865,1000,5,"T_Copula",2000,-1.5,"0.25(log(n))^2",0.02
866,1000,5,"T_Copula",2000,-1.5,"0.25(log(n))^2",0.58
867,1000,5,"T_Copula",2000,-1.5,"0.25(log(n))^2",0.73
868,1000,5,"T_Copula",2000,-1.5,"0.25(log(n))^2",0.91
869,1000,5,"T_Copula",2000,-1.5,"0.25(log(n))^2",0.85
870,1000,5,"T_Copula",2000,-1.5,"0.25(log(n))^2",0.9
871,1000,5,"T_Copula",2000,-1.5,"0.25(log(n))^2",0.24
872,1000,5,"T_Copula",2000,-1.5,"0.25(log(n))^2",0.64
873,1000,5,"T_Copula",2000,-1.5,"0.25(log(n))^2",0.98
874,1000,5,"T_Copula",2000,-1.5,"0.25(log(n))^2",0.48
875,1000,5,"T_Copula",2000,-1.5,"0.25(log(n))^2",0.47
876,1000,5,"T_Copula",2000,-1.5,"0.25(log(n))^2",0.42
877,1000,5,"T_Copula",2000,-1.5,"0.25(log(n))^2",0.5
878,1000,5,"T_Copula",2000,-1.5,"0.25(log(n))^2",0.28
879,1000,5,"T_Copula",2000,-1.5,"0.25(log(n))^2",0.81
880,1000,5,"T_Copula",2000,-1.5,"0.25(log(n))^2",0.38
881,1000,5,"T_Copula",2000,-1.5,"0.25(log(n))^2",0.33
882,1000,5,"T_Copula",2000,-1.5,"0.25(log(n))^2",0.16
883,1000,5,"T_Copula",2000,-1.5,"0.25(log(n))^2",0.02
884,1000,5,"T_Copula",2000,-1.5,"0.25(log(n))^2",0.19
885,1000,5,"T_Copula",2000,-1.5,"0.25(log(n))^2",0.18
886,1000,5,"T_Copula",2000,-1.5,"0.25(log(n))^2",0.72
887,1000,5,"T_Copula",2000,-1.5,"0.25(log(n))^2",0.62
888,1000,5,"T_Copula",2000,-1.5,"0.25(log(n))^2",0.57
889,1000,5,"T_Copula",2000,-1.5,"0.25(log(n))^2",0.53
890,1000,5,"T_Copula",2000,-1.5,"0.25(log(n))^2",0.01
891,1000,5,"T_Copula",2000,-1.5,"0.25(log(n))^2",0.48
892,1000,5,"T_Copula",2000,-1.5,"0.25(log(n))^2",0.19
893,1000,5,"T_Copula",2000,-1.5,"0.25(log(n))^2",0.69
894,1000,5,"T_Copula",2000,-1.5,"0.25(log(n))^2",0.73
895,1000,5,"T_Copula",2000,-1.5,"0.25(log(n))^2",0.54
896,1000,5,"T_Copula",2000,-1.5,"0.25(log(n))^2",0.39
897,1000,5,"T_Copula",2000,-1.5,"0.25(log(n))^2",0.16
898,1000,5,"T_Copula",2000,-1.5,"0.25(log(n))^2",0.14
899,1000,5,"T_Copula",2000,-1.5,"0.25(log(n))^2",0.22
900,1000,5,"T_Copula",2000,-1.5,"0.25(log(n))^2",0.15
901,1000,5,"T_Copula",2000,-1.5,"0.25(log(n))^2",0.44
902,1000,5,"T_Copula",2000,-1.5,"0.25(log(n))^2",0.72
903,1000,5,"T_Copula",2000,-1.5,"0.25(log(n))^2",0.49
904,1000,5,"T_Copula",2000,-1.5,"0.25(log(n))^2",0.07
905,1000,5,"T_Copula",2000,-1.5,"0.25(log(n))^2",0.7
906,1000,5,"T_Copula",2000,-1.5,"0.25(log(n))^2",0.26
907,1000,5,"T_Copula",2000,-1.5,"0.25(log(n))^2",0.89
908,1000,5,"T_Copula",2000,-1.5,"0.25(log(n))^2",0.15
909,1000,5,"T_Copula",2000,-1.5,"0.25(log(n))^2",0.21
910,1000,5,"T_Copula",2000,-1.5,"0.25(log(n))^2",0.25
911,1000,5,"T_Copula",2000,-1.5,"0.25(log(n))^2",0.68
912,1000,5,"T_Copula",2000,-1.5,"0.25(log(n))^2",0.08
913,1000,5,"T_Copula",2000,-1.5,"0.25(log(n))^2",0.44
914,1000,5,"T_Copula",2000,-1.5,"0.25(log(n))^2",0.35
915,1000,5,"T_Copula",2000,-1.5,"0.25(log(n))^2",0.11
916,1000,5,"T_Copula",2000,-1.5,"0.25(log(n))^2",0.47
917,1000,5,"T_Copula",2000,-1.5,"0.25(log(n))^2",0.07
918,1000,5,"T_Copula",2000,-1.5,"0.25(log(n))^2",0.49
919,1000,5,"T_Copula",2000,-1.5,"0.25(log(n))^2",0.52
920,1000,5,"T_Copula",2000,-1.5,"0.25(log(n))^2",0.12
921,1000,5,"T_Copula",2000,-1.5,"0.25(log(n))^2",0.8
922,1000,5,"T_Copula",2000,-1.5,"0.25(log(n))^2",0.4
923,1000,5,"T_Copula",2000,-1.5,"0.25(log(n))^2",0.62
924,1000,5,"T_Copula",2000,-1.5,"0.25(log(n))^2",0.65
925,1000,5,"T_Copula",2000,-1.5,"0.25(log(n))^2",0.48
926,1000,5,"T_Copula",2000,-1.5,"0.25(log(n))^2",0.47
927,1000,5,"T_Copula",2000,-1.5,"0.25(log(n))^2",0.98
928,1000,5,"T_Copula",2000,-1.5,"0.25(log(n))^2",0.83
929,1000,5,"T_Copula",2000,-1.5,"0.25(log(n))^2",0.3
930,1000,5,"T_Copula",2000,-1.5,"0.25(log(n))^2",0.01
931,1000,5,"T_Copula",2000,-1.5,"0.25(log(n))^2",0.01
932,1000,5,"T_Copula",2000,-1.5,"0.25(log(n))^2",0.31
933,1000,5,"T_Copula",2000,-1.5,"0.25(log(n))^2",0.77
934,1000,5,"T_Copula",2000,-1.5,"0.25(log(n))^2",0.03
935,1000,5,"T_Copula",2000,-1.5,"0.25(log(n))^2",0.18
936,1000,5,"T_Copula",2000,-1.5,"0.25(log(n))^2",0.96
937,1000,5,"T_Copula",2000,-1.5,"0.25(log(n))^2",0.34
938,1000,5,"T_Copula",2000,-1.5,"0.25(log(n))^2",0.19
939,1000,5,"T_Copula",2000,-1.5,"0.25(log(n))^2",0.54
940,1000,5,"T_Copula",2000,-1.5,"0.25(log(n))^2",0.56
941,1000,5,"T_Copula",2000,-1.5,"0.25(log(n))^2",0.65
942,1000,5,"T_Copula",2000,-1.5,"0.25(log(n))^2",0.33
943,1000,5,"T_Copula",2000,-1.5,"0.25(log(n))^2",0.03
944,1000,5,"T_Copula",2000,-1.5,"0.25(log(n))^2",0.87
945,1000,5,"T_Copula",2000,-1.5,"0.25(log(n))^2",0.82
946,1000,5,"T_Copula",2000,-1.5,"0.25(log(n))^2",0.93
947,1000,5,"T_Copula",2000,-1.5,"0.25(log(n))^2",0.77
948,1000,5,"T_Copula",2000,-1.5,"0.25(log(n))^2",0.15
949,1000,5,"T_Copula",2000,-1.5,"0.25(log(n))^2",0.95
950,1000,5,"T_Copula",2000,-1.5,"0.25(log(n))^2",0.27
951,1000,5,"T_Copula",2000,-1.5,"0.25(log(n))^2",0.67
952,1000,5,"T_Copula",2000,-1.5,"0.25(log(n))^2",0.72
953,1000,5,"T_Copula",2000,-1.5,"0.25(log(n))^2",0.96
954,1000,5,"T_Copula",2000,-1.5,"0.25(log(n))^2",0.41
955,1000,5,"T_Copula",2000,-1.5,"0.25(log(n))^2",0.39
956,1000,5,"T_Copula",2000,-1.5,"0.25(log(n))^2",0.41
957,1000,5,"T_Copula",2000,-1.5,"0.25(log(n))^2",0.7
958,1000,5,"T_Copula",2000,-1.5,"0.25(log(n))^2",0.91
959,1000,5,"T_Copula",2000,-1.5,"0.25(log(n))^2",0.46
960,1000,5,"T_Copula",2000,-1.5,"0.25(log(n))^2",0.79
961,1000,5,"T_Copula",2000,-1.5,"0.25(log(n))^2",1
962,1000,5,"T_Copula",2000,-1.5,"0.25(log(n))^2",0.45
963,1000,5,"T_Copula",2000,-1.5,"0.25(log(n))^2",0.99
964,1000,5,"T_Copula",2000,-1.5,"0.25(log(n))^2",0.27
965,1000,5,"T_Copula",2000,-1.5,"0.25(log(n))^2",0.74
966,1000,5,"T_Copula",2000,-1.5,"0.25(log(n))^2",0.5
967,1000,5,"T_Copula",2000,-1.5,"0.25(log(n))^2",0.29
968,1000,5,"T_Copula",2000,-1.5,"0.25(log(n))^2",0.27
969,1000,5,"T_Copula",2000,-1.5,"0.25(log(n))^2",0.37
970,1000,5,"T_Copula",2000,-1.5,"0.25(log(n))^2",0.85
971,1000,5,"T_Copula",2000,-1.5,"0.25(log(n))^2",0.04
972,1000,5,"T_Copula",2000,-1.5,"0.25(log(n))^2",0.41
973,1000,5,"T_Copula",2000,-1.5,"0.25(log(n))^2",0.08
974,1000,5,"T_Copula",2000,-1.5,"0.25(log(n))^2",0.85
975,1000,5,"T_Copula",2000,-1.5,"0.25(log(n))^2",0.04
976,1000,5,"T_Copula",2000,-1.5,"0.25(log(n))^2",0.61
977,1000,5,"T_Copula",2000,-1.5,"0.25(log(n))^2",0.39
978,1000,5,"T_Copula",2000,-1.5,"0.25(log(n))^2",0.06
979,1000,5,"T_Copula",2000,-1.5,"0.25(log(n))^2",0.31
980,1000,5,"T_Copula",2000,-1.5,"0.25(log(n))^2",0.06
981,1000,5,"T_Copula",2000,-1.5,"0.25(log(n))^2",0.68
982,1000,5,"T_Copula",2000,-1.5,"0.25(log(n))^2",0.01
983,1000,5,"T_Copula",2000,-1.5,"0.25(log(n))^2",0.42
984,1000,5,"T_Copula",2000,-1.5,"0.25(log(n))^2",0.18
985,1000,5,"T_Copula",2000,-1.5,"0.25(log(n))^2",0.14
986,1000,5,"T_Copula",2000,-1.5,"0.25(log(n))^2",0.67
987,1000,5,"T_Copula",2000,-1.5,"0.25(log(n))^2",0.08
988,1000,5,"T_Copula",2000,-1.5,"0.25(log(n))^2",0.06
989,1000,5,"T_Copula",2000,-1.5,"0.25(log(n))^2",0.59
990,1000,5,"T_Copula",2000,-1.5,"0.25(log(n))^2",0.64
991,1000,5,"T_Copula",2000,-1.5,"0.25(log(n))^2",0.19
992,1000,5,"T_Copula",2000,-1.5,"0.25(log(n))^2",0.91
993,1000,5,"T_Copula",2000,-1.5,"0.25(log(n))^2",0.87
994,1000,5,"T_Copula",2000,-1.5,"0.25(log(n))^2",0.2
995,1000,5,"T_Copula",2000,-1.5,"0.25(log(n))^2",0.12
996,1000,5,"T_Copula",2000,-1.5,"0.25(log(n))^2",1
997,1000,5,"T_Copula",2000,-1.5,"0.25(log(n))^2",0.71
998,1000,5,"T_Copula",2000,-1.5,"0.25(log(n))^2",0.93
999,1000,5,"T_Copula",2000,-1.5,"0.25(log(n))^2",0.37
1000,1000,5,"T_Copula",2000,-1.5,"0.25(log(n))^2",1
1,1000,5,"T_Copula",2000,-1.5,"0.1(log(n))^2",0.81
2,1000,5,"T_Copula",2000,-1.5,"0.1(log(n))^2",0.53
3,1000,5,"T_Copula",2000,-1.5,"0.1(log(n))^2",0.08
4,1000,5,"T_Copula",2000,-1.5,"0.1(log(n))^2",0
5,1000,5,"T_Copula",2000,-1.5,"0.1(log(n))^2",0.01
6,1000,5,"T_Copula",2000,-1.5,"0.1(log(n))^2",0.34
7,1000,5,"T_Copula",2000,-1.5,"0.1(log(n))^2",0.29
8,1000,5,"T_Copula",2000,-1.5,"0.1(log(n))^2",0.09
9,1000,5,"T_Copula",2000,-1.5,"0.1(log(n))^2",0.43
10,1000,5,"T_Copula",2000,-1.5,"0.1(log(n))^2",0.44
11,1000,5,"T_Copula",2000,-1.5,"0.1(log(n))^2",0.48
12,1000,5,"T_Copula",2000,-1.5,"0.1(log(n))^2",0.22
13,1000,5,"T_Copula",2000,-1.5,"0.1(log(n))^2",0.41
14,1000,5,"T_Copula",2000,-1.5,"0.1(log(n))^2",0
15,1000,5,"T_Copula",2000,-1.5,"0.1(log(n))^2",0.46
16,1000,5,"T_Copula",2000,-1.5,"0.1(log(n))^2",0.44
17,1000,5,"T_Copula",2000,-1.5,"0.1(log(n))^2",0.44
18,1000,5,"T_Copula",2000,-1.5,"0.1(log(n))^2",0.13
19,1000,5,"T_Copula",2000,-1.5,"0.1(log(n))^2",0.2
20,1000,5,"T_Copula",2000,-1.5,"0.1(log(n))^2",0.34
21,1000,5,"T_Copula",2000,-1.5,"0.1(log(n))^2",0.09
22,1000,5,"T_Copula",2000,-1.5,"0.1(log(n))^2",0.32
23,1000,5,"T_Copula",2000,-1.5,"0.1(log(n))^2",0.19
24,1000,5,"T_Copula",2000,-1.5,"0.1(log(n))^2",0.09
25,1000,5,"T_Copula",2000,-1.5,"0.1(log(n))^2",0.13
26,1000,5,"T_Copula",2000,-1.5,"0.1(log(n))^2",0.34
27,1000,5,"T_Copula",2000,-1.5,"0.1(log(n))^2",0.64
28,1000,5,"T_Copula",2000,-1.5,"0.1(log(n))^2",0.84
29,1000,5,"T_Copula",2000,-1.5,"0.1(log(n))^2",0.08
30,1000,5,"T_Copula",2000,-1.5,"0.1(log(n))^2",0.32
31,1000,5,"T_Copula",2000,-1.5,"0.1(log(n))^2",0.48
32,1000,5,"T_Copula",2000,-1.5,"0.1(log(n))^2",0.6
33,1000,5,"T_Copula",2000,-1.5,"0.1(log(n))^2",0.01
34,1000,5,"T_Copula",2000,-1.5,"0.1(log(n))^2",0.99
35,1000,5,"T_Copula",2000,-1.5,"0.1(log(n))^2",0.77
36,1000,5,"T_Copula",2000,-1.5,"0.1(log(n))^2",0.92
37,1000,5,"T_Copula",2000,-1.5,"0.1(log(n))^2",0.05
38,1000,5,"T_Copula",2000,-1.5,"0.1(log(n))^2",0.69
39,1000,5,"T_Copula",2000,-1.5,"0.1(log(n))^2",0.13
40,1000,5,"T_Copula",2000,-1.5,"0.1(log(n))^2",0.73
41,1000,5,"T_Copula",2000,-1.5,"0.1(log(n))^2",0.59
42,1000,5,"T_Copula",2000,-1.5,"0.1(log(n))^2",0
43,1000,5,"T_Copula",2000,-1.5,"0.1(log(n))^2",0.54
44,1000,5,"T_Copula",2000,-1.5,"0.1(log(n))^2",0.23
45,1000,5,"T_Copula",2000,-1.5,"0.1(log(n))^2",0.15
46,1000,5,"T_Copula",2000,-1.5,"0.1(log(n))^2",0.11
47,1000,5,"T_Copula",2000,-1.5,"0.1(log(n))^2",0.3
48,1000,5,"T_Copula",2000,-1.5,"0.1(log(n))^2",0.08
49,1000,5,"T_Copula",2000,-1.5,"0.1(log(n))^2",0.37
50,1000,5,"T_Copula",2000,-1.5,"0.1(log(n))^2",0.39
51,1000,5,"T_Copula",2000,-1.5,"0.1(log(n))^2",0.75
52,1000,5,"T_Copula",2000,-1.5,"0.1(log(n))^2",0.76
53,1000,5,"T_Copula",2000,-1.5,"0.1(log(n))^2",0.65
54,1000,5,"T_Copula",2000,-1.5,"0.1(log(n))^2",0.84
55,1000,5,"T_Copula",2000,-1.5,"0.1(log(n))^2",0.8
56,1000,5,"T_Copula",2000,-1.5,"0.1(log(n))^2",0.15
57,1000,5,"T_Copula",2000,-1.5,"0.1(log(n))^2",0.34
58,1000,5,"T_Copula",2000,-1.5,"0.1(log(n))^2",0.79
59,1000,5,"T_Copula",2000,-1.5,"0.1(log(n))^2",0.67
60,1000,5,"T_Copula",2000,-1.5,"0.1(log(n))^2",0.16
61,1000,5,"T_Copula",2000,-1.5,"0.1(log(n))^2",0.04
62,1000,5,"T_Copula",2000,-1.5,"0.1(log(n))^2",0.49
63,1000,5,"T_Copula",2000,-1.5,"0.1(log(n))^2",0.62
64,1000,5,"T_Copula",2000,-1.5,"0.1(log(n))^2",0.37
65,1000,5,"T_Copula",2000,-1.5,"0.1(log(n))^2",0.21
66,1000,5,"T_Copula",2000,-1.5,"0.1(log(n))^2",0.69
67,1000,5,"T_Copula",2000,-1.5,"0.1(log(n))^2",0.01
68,1000,5,"T_Copula",2000,-1.5,"0.1(log(n))^2",0.4
69,1000,5,"T_Copula",2000,-1.5,"0.1(log(n))^2",0.55
70,1000,5,"T_Copula",2000,-1.5,"0.1(log(n))^2",0.97
71,1000,5,"T_Copula",2000,-1.5,"0.1(log(n))^2",0.42
72,1000,5,"T_Copula",2000,-1.5,"0.1(log(n))^2",0.07
73,1000,5,"T_Copula",2000,-1.5,"0.1(log(n))^2",0.47
74,1000,5,"T_Copula",2000,-1.5,"0.1(log(n))^2",0.57
75,1000,5,"T_Copula",2000,-1.5,"0.1(log(n))^2",0.57
76,1000,5,"T_Copula",2000,-1.5,"0.1(log(n))^2",0.66
77,1000,5,"T_Copula",2000,-1.5,"0.1(log(n))^2",0.03
78,1000,5,"T_Copula",2000,-1.5,"0.1(log(n))^2",0.33
79,1000,5,"T_Copula",2000,-1.5,"0.1(log(n))^2",0.08
80,1000,5,"T_Copula",2000,-1.5,"0.1(log(n))^2",0.63
81,1000,5,"T_Copula",2000,-1.5,"0.1(log(n))^2",0.57
82,1000,5,"T_Copula",2000,-1.5,"0.1(log(n))^2",0.41
83,1000,5,"T_Copula",2000,-1.5,"0.1(log(n))^2",0.32
84,1000,5,"T_Copula",2000,-1.5,"0.1(log(n))^2",0.33
85,1000,5,"T_Copula",2000,-1.5,"0.1(log(n))^2",0.68
86,1000,5,"T_Copula",2000,-1.5,"0.1(log(n))^2",0.72
87,1000,5,"T_Copula",2000,-1.5,"0.1(log(n))^2",0.31
88,1000,5,"T_Copula",2000,-1.5,"0.1(log(n))^2",0.23
89,1000,5,"T_Copula",2000,-1.5,"0.1(log(n))^2",0.07
90,1000,5,"T_Copula",2000,-1.5,"0.1(log(n))^2",0.76
91,1000,5,"T_Copula",2000,-1.5,"0.1(log(n))^2",0.57
92,1000,5,"T_Copula",2000,-1.5,"0.1(log(n))^2",0.05
93,1000,5,"T_Copula",2000,-1.5,"0.1(log(n))^2",0.38
94,1000,5,"T_Copula",2000,-1.5,"0.1(log(n))^2",0
95,1000,5,"T_Copula",2000,-1.5,"0.1(log(n))^2",0.62
96,1000,5,"T_Copula",2000,-1.5,"0.1(log(n))^2",0.9
97,1000,5,"T_Copula",2000,-1.5,"0.1(log(n))^2",0.25
98,1000,5,"T_Copula",2000,-1.5,"0.1(log(n))^2",0.39
99,1000,5,"T_Copula",2000,-1.5,"0.1(log(n))^2",0.3
100,1000,5,"T_Copula",2000,-1.5,"0.1(log(n))^2",0.08
101,1000,5,"T_Copula",2000,-1.5,"0.1(log(n))^2",0.66
102,1000,5,"T_Copula",2000,-1.5,"0.1(log(n))^2",0
103,1000,5,"T_Copula",2000,-1.5,"0.1(log(n))^2",0.61
104,1000,5,"T_Copula",2000,-1.5,"0.1(log(n))^2",0.15
105,1000,5,"T_Copula",2000,-1.5,"0.1(log(n))^2",0.11
106,1000,5,"T_Copula",2000,-1.5,"0.1(log(n))^2",0.38
107,1000,5,"T_Copula",2000,-1.5,"0.1(log(n))^2",0.56
108,1000,5,"T_Copula",2000,-1.5,"0.1(log(n))^2",0.31
109,1000,5,"T_Copula",2000,-1.5,"0.1(log(n))^2",0.33
110,1000,5,"T_Copula",2000,-1.5,"0.1(log(n))^2",0.09
111,1000,5,"T_Copula",2000,-1.5,"0.1(log(n))^2",0.63
112,1000,5,"T_Copula",2000,-1.5,"0.1(log(n))^2",0.9
113,1000,5,"T_Copula",2000,-1.5,"0.1(log(n))^2",0.26
114,1000,5,"T_Copula",2000,-1.5,"0.1(log(n))^2",0.17
115,1000,5,"T_Copula",2000,-1.5,"0.1(log(n))^2",0.01
116,1000,5,"T_Copula",2000,-1.5,"0.1(log(n))^2",0.14
117,1000,5,"T_Copula",2000,-1.5,"0.1(log(n))^2",0.26
118,1000,5,"T_Copula",2000,-1.5,"0.1(log(n))^2",0.32
119,1000,5,"T_Copula",2000,-1.5,"0.1(log(n))^2",0.12
120,1000,5,"T_Copula",2000,-1.5,"0.1(log(n))^2",0.16
121,1000,5,"T_Copula",2000,-1.5,"0.1(log(n))^2",0.82
122,1000,5,"T_Copula",2000,-1.5,"0.1(log(n))^2",0.22
123,1000,5,"T_Copula",2000,-1.5,"0.1(log(n))^2",0.51
124,1000,5,"T_Copula",2000,-1.5,"0.1(log(n))^2",0.82
125,1000,5,"T_Copula",2000,-1.5,"0.1(log(n))^2",0.85
126,1000,5,"T_Copula",2000,-1.5,"0.1(log(n))^2",0.04
127,1000,5,"T_Copula",2000,-1.5,"0.1(log(n))^2",0.24
128,1000,5,"T_Copula",2000,-1.5,"0.1(log(n))^2",0.23
129,1000,5,"T_Copula",2000,-1.5,"0.1(log(n))^2",0.91
130,1000,5,"T_Copula",2000,-1.5,"0.1(log(n))^2",0.34
131,1000,5,"T_Copula",2000,-1.5,"0.1(log(n))^2",0.03
132,1000,5,"T_Copula",2000,-1.5,"0.1(log(n))^2",0.77
133,1000,5,"T_Copula",2000,-1.5,"0.1(log(n))^2",0.28
134,1000,5,"T_Copula",2000,-1.5,"0.1(log(n))^2",0.44
135,1000,5,"T_Copula",2000,-1.5,"0.1(log(n))^2",0.36
136,1000,5,"T_Copula",2000,-1.5,"0.1(log(n))^2",0.03
137,1000,5,"T_Copula",2000,-1.5,"0.1(log(n))^2",0.07
138,1000,5,"T_Copula",2000,-1.5,"0.1(log(n))^2",0.7
139,1000,5,"T_Copula",2000,-1.5,"0.1(log(n))^2",1
140,1000,5,"T_Copula",2000,-1.5,"0.1(log(n))^2",0.67
141,1000,5,"T_Copula",2000,-1.5,"0.1(log(n))^2",0.75
142,1000,5,"T_Copula",2000,-1.5,"0.1(log(n))^2",0.14
143,1000,5,"T_Copula",2000,-1.5,"0.1(log(n))^2",0.16
144,1000,5,"T_Copula",2000,-1.5,"0.1(log(n))^2",0.48
145,1000,5,"T_Copula",2000,-1.5,"0.1(log(n))^2",0.25
146,1000,5,"T_Copula",2000,-1.5,"0.1(log(n))^2",0.99
147,1000,5,"T_Copula",2000,-1.5,"0.1(log(n))^2",0.01
148,1000,5,"T_Copula",2000,-1.5,"0.1(log(n))^2",0.53
149,1000,5,"T_Copula",2000,-1.5,"0.1(log(n))^2",0.65
150,1000,5,"T_Copula",2000,-1.5,"0.1(log(n))^2",0.14
151,1000,5,"T_Copula",2000,-1.5,"0.1(log(n))^2",0.16
152,1000,5,"T_Copula",2000,-1.5,"0.1(log(n))^2",0.45
153,1000,5,"T_Copula",2000,-1.5,"0.1(log(n))^2",0.34
154,1000,5,"T_Copula",2000,-1.5,"0.1(log(n))^2",0.04
155,1000,5,"T_Copula",2000,-1.5,"0.1(log(n))^2",0.02
156,1000,5,"T_Copula",2000,-1.5,"0.1(log(n))^2",0.31
157,1000,5,"T_Copula",2000,-1.5,"0.1(log(n))^2",0.41
158,1000,5,"T_Copula",2000,-1.5,"0.1(log(n))^2",0.76
159,1000,5,"T_Copula",2000,-1.5,"0.1(log(n))^2",0.22
160,1000,5,"T_Copula",2000,-1.5,"0.1(log(n))^2",0.02
161,1000,5,"T_Copula",2000,-1.5,"0.1(log(n))^2",0.93
162,1000,5,"T_Copula",2000,-1.5,"0.1(log(n))^2",0.85
163,1000,5,"T_Copula",2000,-1.5,"0.1(log(n))^2",0.13
164,1000,5,"T_Copula",2000,-1.5,"0.1(log(n))^2",0.32
165,1000,5,"T_Copula",2000,-1.5,"0.1(log(n))^2",0.26
166,1000,5,"T_Copula",2000,-1.5,"0.1(log(n))^2",0.12
167,1000,5,"T_Copula",2000,-1.5,"0.1(log(n))^2",0.13
168,1000,5,"T_Copula",2000,-1.5,"0.1(log(n))^2",0.35
169,1000,5,"T_Copula",2000,-1.5,"0.1(log(n))^2",0.21
170,1000,5,"T_Copula",2000,-1.5,"0.1(log(n))^2",0.8
171,1000,5,"T_Copula",2000,-1.5,"0.1(log(n))^2",0.49
172,1000,5,"T_Copula",2000,-1.5,"0.1(log(n))^2",0.25
173,1000,5,"T_Copula",2000,-1.5,"0.1(log(n))^2",0.24
174,1000,5,"T_Copula",2000,-1.5,"0.1(log(n))^2",0.96
175,1000,5,"T_Copula",2000,-1.5,"0.1(log(n))^2",0.17
176,1000,5,"T_Copula",2000,-1.5,"0.1(log(n))^2",0.54
177,1000,5,"T_Copula",2000,-1.5,"0.1(log(n))^2",0.04
178,1000,5,"T_Copula",2000,-1.5,"0.1(log(n))^2",0.77
179,1000,5,"T_Copula",2000,-1.5,"0.1(log(n))^2",0.74
180,1000,5,"T_Copula",2000,-1.5,"0.1(log(n))^2",0.66
181,1000,5,"T_Copula",2000,-1.5,"0.1(log(n))^2",0.6
182,1000,5,"T_Copula",2000,-1.5,"0.1(log(n))^2",0.92
183,1000,5,"T_Copula",2000,-1.5,"0.1(log(n))^2",0.54
184,1000,5,"T_Copula",2000,-1.5,"0.1(log(n))^2",0.25
185,1000,5,"T_Copula",2000,-1.5,"0.1(log(n))^2",0.14
186,1000,5,"T_Copula",2000,-1.5,"0.1(log(n))^2",0.24
187,1000,5,"T_Copula",2000,-1.5,"0.1(log(n))^2",0
188,1000,5,"T_Copula",2000,-1.5,"0.1(log(n))^2",0.53
189,1000,5,"T_Copula",2000,-1.5,"0.1(log(n))^2",0.58
190,1000,5,"T_Copula",2000,-1.5,"0.1(log(n))^2",0.25
191,1000,5,"T_Copula",2000,-1.5,"0.1(log(n))^2",0.31
192,1000,5,"T_Copula",2000,-1.5,"0.1(log(n))^2",0.07
193,1000,5,"T_Copula",2000,-1.5,"0.1(log(n))^2",0.21
194,1000,5,"T_Copula",2000,-1.5,"0.1(log(n))^2",0.37
195,1000,5,"T_Copula",2000,-1.5,"0.1(log(n))^2",0.61
196,1000,5,"T_Copula",2000,-1.5,"0.1(log(n))^2",0.34
197,1000,5,"T_Copula",2000,-1.5,"0.1(log(n))^2",0.06
198,1000,5,"T_Copula",2000,-1.5,"0.1(log(n))^2",0.19
199,1000,5,"T_Copula",2000,-1.5,"0.1(log(n))^2",0.1
200,1000,5,"T_Copula",2000,-1.5,"0.1(log(n))^2",0.42
201,1000,5,"T_Copula",2000,-1.5,"0.1(log(n))^2",0.23
202,1000,5,"T_Copula",2000,-1.5,"0.1(log(n))^2",0.36
203,1000,5,"T_Copula",2000,-1.5,"0.1(log(n))^2",0.44
204,1000,5,"T_Copula",2000,-1.5,"0.1(log(n))^2",0.27
205,1000,5,"T_Copula",2000,-1.5,"0.1(log(n))^2",0.6
206,1000,5,"T_Copula",2000,-1.5,"0.1(log(n))^2",0.29
207,1000,5,"T_Copula",2000,-1.5,"0.1(log(n))^2",0.78
208,1000,5,"T_Copula",2000,-1.5,"0.1(log(n))^2",0.9
209,1000,5,"T_Copula",2000,-1.5,"0.1(log(n))^2",0.04
210,1000,5,"T_Copula",2000,-1.5,"0.1(log(n))^2",0.26
211,1000,5,"T_Copula",2000,-1.5,"0.1(log(n))^2",0.89
212,1000,5,"T_Copula",2000,-1.5,"0.1(log(n))^2",0.5
213,1000,5,"T_Copula",2000,-1.5,"0.1(log(n))^2",0.58
214,1000,5,"T_Copula",2000,-1.5,"0.1(log(n))^2",0.15
215,1000,5,"T_Copula",2000,-1.5,"0.1(log(n))^2",0.72
216,1000,5,"T_Copula",2000,-1.5,"0.1(log(n))^2",0.45
217,1000,5,"T_Copula",2000,-1.5,"0.1(log(n))^2",0.66
218,1000,5,"T_Copula",2000,-1.5,"0.1(log(n))^2",0.9
219,1000,5,"T_Copula",2000,-1.5,"0.1(log(n))^2",0.34
220,1000,5,"T_Copula",2000,-1.5,"0.1(log(n))^2",0.39
221,1000,5,"T_Copula",2000,-1.5,"0.1(log(n))^2",0.92
222,1000,5,"T_Copula",2000,-1.5,"0.1(log(n))^2",0.13
223,1000,5,"T_Copula",2000,-1.5,"0.1(log(n))^2",0.19
224,1000,5,"T_Copula",2000,-1.5,"0.1(log(n))^2",0.18
225,1000,5,"T_Copula",2000,-1.5,"0.1(log(n))^2",0.88
226,1000,5,"T_Copula",2000,-1.5,"0.1(log(n))^2",0.01
227,1000,5,"T_Copula",2000,-1.5,"0.1(log(n))^2",0.53
228,1000,5,"T_Copula",2000,-1.5,"0.1(log(n))^2",0.36
229,1000,5,"T_Copula",2000,-1.5,"0.1(log(n))^2",0.24
230,1000,5,"T_Copula",2000,-1.5,"0.1(log(n))^2",0.18
231,1000,5,"T_Copula",2000,-1.5,"0.1(log(n))^2",0.02
232,1000,5,"T_Copula",2000,-1.5,"0.1(log(n))^2",0.58
233,1000,5,"T_Copula",2000,-1.5,"0.1(log(n))^2",0.18
234,1000,5,"T_Copula",2000,-1.5,"0.1(log(n))^2",0.55
235,1000,5,"T_Copula",2000,-1.5,"0.1(log(n))^2",0.3
236,1000,5,"T_Copula",2000,-1.5,"0.1(log(n))^2",0.08
237,1000,5,"T_Copula",2000,-1.5,"0.1(log(n))^2",0.34
238,1000,5,"T_Copula",2000,-1.5,"0.1(log(n))^2",0.26
239,1000,5,"T_Copula",2000,-1.5,"0.1(log(n))^2",0.67
240,1000,5,"T_Copula",2000,-1.5,"0.1(log(n))^2",0.59
241,1000,5,"T_Copula",2000,-1.5,"0.1(log(n))^2",0.08
242,1000,5,"T_Copula",2000,-1.5,"0.1(log(n))^2",0.51
243,1000,5,"T_Copula",2000,-1.5,"0.1(log(n))^2",0.4
244,1000,5,"T_Copula",2000,-1.5,"0.1(log(n))^2",0.08
245,1000,5,"T_Copula",2000,-1.5,"0.1(log(n))^2",0.26
246,1000,5,"T_Copula",2000,-1.5,"0.1(log(n))^2",0.5
247,1000,5,"T_Copula",2000,-1.5,"0.1(log(n))^2",0.16
248,1000,5,"T_Copula",2000,-1.5,"0.1(log(n))^2",0.39
249,1000,5,"T_Copula",2000,-1.5,"0.1(log(n))^2",0.01
250,1000,5,"T_Copula",2000,-1.5,"0.1(log(n))^2",0.47
251,1000,5,"T_Copula",2000,-1.5,"0.1(log(n))^2",0.57
252,1000,5,"T_Copula",2000,-1.5,"0.1(log(n))^2",0.42
253,1000,5,"T_Copula",2000,-1.5,"0.1(log(n))^2",0.88
254,1000,5,"T_Copula",2000,-1.5,"0.1(log(n))^2",0.77
255,1000,5,"T_Copula",2000,-1.5,"0.1(log(n))^2",0.32
256,1000,5,"T_Copula",2000,-1.5,"0.1(log(n))^2",0.85
257,1000,5,"T_Copula",2000,-1.5,"0.1(log(n))^2",0.65
258,1000,5,"T_Copula",2000,-1.5,"0.1(log(n))^2",0.35
259,1000,5,"T_Copula",2000,-1.5,"0.1(log(n))^2",0.03
260,1000,5,"T_Copula",2000,-1.5,"0.1(log(n))^2",0.07
261,1000,5,"T_Copula",2000,-1.5,"0.1(log(n))^2",0.34
262,1000,5,"T_Copula",2000,-1.5,"0.1(log(n))^2",0.42
263,1000,5,"T_Copula",2000,-1.5,"0.1(log(n))^2",0.44
264,1000,5,"T_Copula",2000,-1.5,"0.1(log(n))^2",0.99
265,1000,5,"T_Copula",2000,-1.5,"0.1(log(n))^2",0.87
266,1000,5,"T_Copula",2000,-1.5,"0.1(log(n))^2",0.29
267,1000,5,"T_Copula",2000,-1.5,"0.1(log(n))^2",0.14
268,1000,5,"T_Copula",2000,-1.5,"0.1(log(n))^2",0
269,1000,5,"T_Copula",2000,-1.5,"0.1(log(n))^2",0.24
270,1000,5,"T_Copula",2000,-1.5,"0.1(log(n))^2",0.18
271,1000,5,"T_Copula",2000,-1.5,"0.1(log(n))^2",0.71
272,1000,5,"T_Copula",2000,-1.5,"0.1(log(n))^2",0.11
273,1000,5,"T_Copula",2000,-1.5,"0.1(log(n))^2",0.14
274,1000,5,"T_Copula",2000,-1.5,"0.1(log(n))^2",0.77
275,1000,5,"T_Copula",2000,-1.5,"0.1(log(n))^2",0.97
276,1000,5,"T_Copula",2000,-1.5,"0.1(log(n))^2",0.27
277,1000,5,"T_Copula",2000,-1.5,"0.1(log(n))^2",0.87
278,1000,5,"T_Copula",2000,-1.5,"0.1(log(n))^2",0.08
279,1000,5,"T_Copula",2000,-1.5,"0.1(log(n))^2",0.77
280,1000,5,"T_Copula",2000,-1.5,"0.1(log(n))^2",0.13
281,1000,5,"T_Copula",2000,-1.5,"0.1(log(n))^2",0.63
282,1000,5,"T_Copula",2000,-1.5,"0.1(log(n))^2",0.54
283,1000,5,"T_Copula",2000,-1.5,"0.1(log(n))^2",0.25
284,1000,5,"T_Copula",2000,-1.5,"0.1(log(n))^2",0.16
285,1000,5,"T_Copula",2000,-1.5,"0.1(log(n))^2",0.95
286,1000,5,"T_Copula",2000,-1.5,"0.1(log(n))^2",0.76
287,1000,5,"T_Copula",2000,-1.5,"0.1(log(n))^2",0.83
288,1000,5,"T_Copula",2000,-1.5,"0.1(log(n))^2",0.4
289,1000,5,"T_Copula",2000,-1.5,"0.1(log(n))^2",0.3
290,1000,5,"T_Copula",2000,-1.5,"0.1(log(n))^2",0.09
291,1000,5,"T_Copula",2000,-1.5,"0.1(log(n))^2",0.68
292,1000,5,"T_Copula",2000,-1.5,"0.1(log(n))^2",0.45
293,1000,5,"T_Copula",2000,-1.5,"0.1(log(n))^2",0.01
294,1000,5,"T_Copula",2000,-1.5,"0.1(log(n))^2",0.42
295,1000,5,"T_Copula",2000,-1.5,"0.1(log(n))^2",0.24
296,1000,5,"T_Copula",2000,-1.5,"0.1(log(n))^2",0.01
297,1000,5,"T_Copula",2000,-1.5,"0.1(log(n))^2",0.11
298,1000,5,"T_Copula",2000,-1.5,"0.1(log(n))^2",0.58
299,1000,5,"T_Copula",2000,-1.5,"0.1(log(n))^2",0.1
300,1000,5,"T_Copula",2000,-1.5,"0.1(log(n))^2",0.38
301,1000,5,"T_Copula",2000,-1.5,"0.1(log(n))^2",0.53
302,1000,5,"T_Copula",2000,-1.5,"0.1(log(n))^2",0.24
303,1000,5,"T_Copula",2000,-1.5,"0.1(log(n))^2",0.36
304,1000,5,"T_Copula",2000,-1.5,"0.1(log(n))^2",0.29
305,1000,5,"T_Copula",2000,-1.5,"0.1(log(n))^2",0.2
306,1000,5,"T_Copula",2000,-1.5,"0.1(log(n))^2",0.9
307,1000,5,"T_Copula",2000,-1.5,"0.1(log(n))^2",0.39
308,1000,5,"T_Copula",2000,-1.5,"0.1(log(n))^2",0.45
309,1000,5,"T_Copula",2000,-1.5,"0.1(log(n))^2",0.53
310,1000,5,"T_Copula",2000,-1.5,"0.1(log(n))^2",0.82
311,1000,5,"T_Copula",2000,-1.5,"0.1(log(n))^2",0.26
312,1000,5,"T_Copula",2000,-1.5,"0.1(log(n))^2",0.37
313,1000,5,"T_Copula",2000,-1.5,"0.1(log(n))^2",0.15
314,1000,5,"T_Copula",2000,-1.5,"0.1(log(n))^2",0.57
315,1000,5,"T_Copula",2000,-1.5,"0.1(log(n))^2",0
316,1000,5,"T_Copula",2000,-1.5,"0.1(log(n))^2",0.5
317,1000,5,"T_Copula",2000,-1.5,"0.1(log(n))^2",0.88
318,1000,5,"T_Copula",2000,-1.5,"0.1(log(n))^2",0.09
319,1000,5,"T_Copula",2000,-1.5,"0.1(log(n))^2",0.16
320,1000,5,"T_Copula",2000,-1.5,"0.1(log(n))^2",0.44
321,1000,5,"T_Copula",2000,-1.5,"0.1(log(n))^2",0.52
322,1000,5,"T_Copula",2000,-1.5,"0.1(log(n))^2",0.26
323,1000,5,"T_Copula",2000,-1.5,"0.1(log(n))^2",0.37
324,1000,5,"T_Copula",2000,-1.5,"0.1(log(n))^2",0.44
325,1000,5,"T_Copula",2000,-1.5,"0.1(log(n))^2",0.51
326,1000,5,"T_Copula",2000,-1.5,"0.1(log(n))^2",0.71
327,1000,5,"T_Copula",2000,-1.5,"0.1(log(n))^2",0.63
328,1000,5,"T_Copula",2000,-1.5,"0.1(log(n))^2",0.73
329,1000,5,"T_Copula",2000,-1.5,"0.1(log(n))^2",0.41
330,1000,5,"T_Copula",2000,-1.5,"0.1(log(n))^2",0.03
331,1000,5,"T_Copula",2000,-1.5,"0.1(log(n))^2",0.67
332,1000,5,"T_Copula",2000,-1.5,"0.1(log(n))^2",0.39
333,1000,5,"T_Copula",2000,-1.5,"0.1(log(n))^2",0.13
334,1000,5,"T_Copula",2000,-1.5,"0.1(log(n))^2",0.49
335,1000,5,"T_Copula",2000,-1.5,"0.1(log(n))^2",0.2
336,1000,5,"T_Copula",2000,-1.5,"0.1(log(n))^2",0.46
337,1000,5,"T_Copula",2000,-1.5,"0.1(log(n))^2",0.12
338,1000,5,"T_Copula",2000,-1.5,"0.1(log(n))^2",0.88
339,1000,5,"T_Copula",2000,-1.5,"0.1(log(n))^2",0.32
340,1000,5,"T_Copula",2000,-1.5,"0.1(log(n))^2",0.26
341,1000,5,"T_Copula",2000,-1.5,"0.1(log(n))^2",0.32
342,1000,5,"T_Copula",2000,-1.5,"0.1(log(n))^2",0.33
343,1000,5,"T_Copula",2000,-1.5,"0.1(log(n))^2",0.83
344,1000,5,"T_Copula",2000,-1.5,"0.1(log(n))^2",0.67
345,1000,5,"T_Copula",2000,-1.5,"0.1(log(n))^2",0.4
346,1000,5,"T_Copula",2000,-1.5,"0.1(log(n))^2",0.08
347,1000,5,"T_Copula",2000,-1.5,"0.1(log(n))^2",0.12
348,1000,5,"T_Copula",2000,-1.5,"0.1(log(n))^2",0.16
349,1000,5,"T_Copula",2000,-1.5,"0.1(log(n))^2",0.34
350,1000,5,"T_Copula",2000,-1.5,"0.1(log(n))^2",0
351,1000,5,"T_Copula",2000,-1.5,"0.1(log(n))^2",0.22
352,1000,5,"T_Copula",2000,-1.5,"0.1(log(n))^2",0.44
353,1000,5,"T_Copula",2000,-1.5,"0.1(log(n))^2",0.04
354,1000,5,"T_Copula",2000,-1.5,"0.1(log(n))^2",0.35
355,1000,5,"T_Copula",2000,-1.5,"0.1(log(n))^2",0.63
356,1000,5,"T_Copula",2000,-1.5,"0.1(log(n))^2",0.19
357,1000,5,"T_Copula",2000,-1.5,"0.1(log(n))^2",0.67
358,1000,5,"T_Copula",2000,-1.5,"0.1(log(n))^2",0.21
359,1000,5,"T_Copula",2000,-1.5,"0.1(log(n))^2",0.15
360,1000,5,"T_Copula",2000,-1.5,"0.1(log(n))^2",0.87
361,1000,5,"T_Copula",2000,-1.5,"0.1(log(n))^2",0.39
362,1000,5,"T_Copula",2000,-1.5,"0.1(log(n))^2",0.57
363,1000,5,"T_Copula",2000,-1.5,"0.1(log(n))^2",0.26
364,1000,5,"T_Copula",2000,-1.5,"0.1(log(n))^2",0.94
365,1000,5,"T_Copula",2000,-1.5,"0.1(log(n))^2",0.46
366,1000,5,"T_Copula",2000,-1.5,"0.1(log(n))^2",0.5
367,1000,5,"T_Copula",2000,-1.5,"0.1(log(n))^2",0.35
368,1000,5,"T_Copula",2000,-1.5,"0.1(log(n))^2",0.82
369,1000,5,"T_Copula",2000,-1.5,"0.1(log(n))^2",0.13
370,1000,5,"T_Copula",2000,-1.5,"0.1(log(n))^2",0.71
371,1000,5,"T_Copula",2000,-1.5,"0.1(log(n))^2",0.59
372,1000,5,"T_Copula",2000,-1.5,"0.1(log(n))^2",0.36
373,1000,5,"T_Copula",2000,-1.5,"0.1(log(n))^2",0.3
374,1000,5,"T_Copula",2000,-1.5,"0.1(log(n))^2",0.03
375,1000,5,"T_Copula",2000,-1.5,"0.1(log(n))^2",0.42
376,1000,5,"T_Copula",2000,-1.5,"0.1(log(n))^2",0.54
377,1000,5,"T_Copula",2000,-1.5,"0.1(log(n))^2",0.45
378,1000,5,"T_Copula",2000,-1.5,"0.1(log(n))^2",0.64
379,1000,5,"T_Copula",2000,-1.5,"0.1(log(n))^2",0.54
380,1000,5,"T_Copula",2000,-1.5,"0.1(log(n))^2",0.18
381,1000,5,"T_Copula",2000,-1.5,"0.1(log(n))^2",0.6
382,1000,5,"T_Copula",2000,-1.5,"0.1(log(n))^2",0.79
383,1000,5,"T_Copula",2000,-1.5,"0.1(log(n))^2",0.45
384,1000,5,"T_Copula",2000,-1.5,"0.1(log(n))^2",0.19
385,1000,5,"T_Copula",2000,-1.5,"0.1(log(n))^2",0.06
386,1000,5,"T_Copula",2000,-1.5,"0.1(log(n))^2",0.39
387,1000,5,"T_Copula",2000,-1.5,"0.1(log(n))^2",0
388,1000,5,"T_Copula",2000,-1.5,"0.1(log(n))^2",0.41
389,1000,5,"T_Copula",2000,-1.5,"0.1(log(n))^2",0.57
390,1000,5,"T_Copula",2000,-1.5,"0.1(log(n))^2",0.51
391,1000,5,"T_Copula",2000,-1.5,"0.1(log(n))^2",0.14
392,1000,5,"T_Copula",2000,-1.5,"0.1(log(n))^2",0.89
393,1000,5,"T_Copula",2000,-1.5,"0.1(log(n))^2",0.21
394,1000,5,"T_Copula",2000,-1.5,"0.1(log(n))^2",0.83
395,1000,5,"T_Copula",2000,-1.5,"0.1(log(n))^2",0.06
396,1000,5,"T_Copula",2000,-1.5,"0.1(log(n))^2",0.2
397,1000,5,"T_Copula",2000,-1.5,"0.1(log(n))^2",0.28
398,1000,5,"T_Copula",2000,-1.5,"0.1(log(n))^2",0.2
399,1000,5,"T_Copula",2000,-1.5,"0.1(log(n))^2",0.04
400,1000,5,"T_Copula",2000,-1.5,"0.1(log(n))^2",0.18
401,1000,5,"T_Copula",2000,-1.5,"0.1(log(n))^2",0.54
402,1000,5,"T_Copula",2000,-1.5,"0.1(log(n))^2",0.55
403,1000,5,"T_Copula",2000,-1.5,"0.1(log(n))^2",0.52
404,1000,5,"T_Copula",2000,-1.5,"0.1(log(n))^2",0.68
405,1000,5,"T_Copula",2000,-1.5,"0.1(log(n))^2",0.2
406,1000,5,"T_Copula",2000,-1.5,"0.1(log(n))^2",0.55
407,1000,5,"T_Copula",2000,-1.5,"0.1(log(n))^2",0.11
408,1000,5,"T_Copula",2000,-1.5,"0.1(log(n))^2",0.54
409,1000,5,"T_Copula",2000,-1.5,"0.1(log(n))^2",0.58
410,1000,5,"T_Copula",2000,-1.5,"0.1(log(n))^2",0.05
411,1000,5,"T_Copula",2000,-1.5,"0.1(log(n))^2",0.15
412,1000,5,"T_Copula",2000,-1.5,"0.1(log(n))^2",0.11
413,1000,5,"T_Copula",2000,-1.5,"0.1(log(n))^2",0.69
414,1000,5,"T_Copula",2000,-1.5,"0.1(log(n))^2",0.14
415,1000,5,"T_Copula",2000,-1.5,"0.1(log(n))^2",0.97
416,1000,5,"T_Copula",2000,-1.5,"0.1(log(n))^2",0.5
417,1000,5,"T_Copula",2000,-1.5,"0.1(log(n))^2",0.59
418,1000,5,"T_Copula",2000,-1.5,"0.1(log(n))^2",0.52
419,1000,5,"T_Copula",2000,-1.5,"0.1(log(n))^2",0.6
420,1000,5,"T_Copula",2000,-1.5,"0.1(log(n))^2",0.75
421,1000,5,"T_Copula",2000,-1.5,"0.1(log(n))^2",0.82
422,1000,5,"T_Copula",2000,-1.5,"0.1(log(n))^2",0.37
423,1000,5,"T_Copula",2000,-1.5,"0.1(log(n))^2",0.48
424,1000,5,"T_Copula",2000,-1.5,"0.1(log(n))^2",0.1
425,1000,5,"T_Copula",2000,-1.5,"0.1(log(n))^2",0.51
426,1000,5,"T_Copula",2000,-1.5,"0.1(log(n))^2",0.09
427,1000,5,"T_Copula",2000,-1.5,"0.1(log(n))^2",0.79
428,1000,5,"T_Copula",2000,-1.5,"0.1(log(n))^2",0.41
429,1000,5,"T_Copula",2000,-1.5,"0.1(log(n))^2",0.29
430,1000,5,"T_Copula",2000,-1.5,"0.1(log(n))^2",0.43
431,1000,5,"T_Copula",2000,-1.5,"0.1(log(n))^2",0.52
432,1000,5,"T_Copula",2000,-1.5,"0.1(log(n))^2",0.54
433,1000,5,"T_Copula",2000,-1.5,"0.1(log(n))^2",0.34
434,1000,5,"T_Copula",2000,-1.5,"0.1(log(n))^2",0.5
435,1000,5,"T_Copula",2000,-1.5,"0.1(log(n))^2",0.74
436,1000,5,"T_Copula",2000,-1.5,"0.1(log(n))^2",0.2
437,1000,5,"T_Copula",2000,-1.5,"0.1(log(n))^2",0.41
438,1000,5,"T_Copula",2000,-1.5,"0.1(log(n))^2",0.36
439,1000,5,"T_Copula",2000,-1.5,"0.1(log(n))^2",0.16
440,1000,5,"T_Copula",2000,-1.5,"0.1(log(n))^2",0.01
441,1000,5,"T_Copula",2000,-1.5,"0.1(log(n))^2",0.49
442,1000,5,"T_Copula",2000,-1.5,"0.1(log(n))^2",0.08
443,1000,5,"T_Copula",2000,-1.5,"0.1(log(n))^2",0.37
444,1000,5,"T_Copula",2000,-1.5,"0.1(log(n))^2",0.02
445,1000,5,"T_Copula",2000,-1.5,"0.1(log(n))^2",0.43
446,1000,5,"T_Copula",2000,-1.5,"0.1(log(n))^2",0.02
447,1000,5,"T_Copula",2000,-1.5,"0.1(log(n))^2",0.71
448,1000,5,"T_Copula",2000,-1.5,"0.1(log(n))^2",0.12
449,1000,5,"T_Copula",2000,-1.5,"0.1(log(n))^2",0.99
450,1000,5,"T_Copula",2000,-1.5,"0.1(log(n))^2",0.48
451,1000,5,"T_Copula",2000,-1.5,"0.1(log(n))^2",0.41
452,1000,5,"T_Copula",2000,-1.5,"0.1(log(n))^2",0.13
453,1000,5,"T_Copula",2000,-1.5,"0.1(log(n))^2",0.86
454,1000,5,"T_Copula",2000,-1.5,"0.1(log(n))^2",0.52
455,1000,5,"T_Copula",2000,-1.5,"0.1(log(n))^2",0.16
456,1000,5,"T_Copula",2000,-1.5,"0.1(log(n))^2",0.81
457,1000,5,"T_Copula",2000,-1.5,"0.1(log(n))^2",0.51
458,1000,5,"T_Copula",2000,-1.5,"0.1(log(n))^2",0.27
459,1000,5,"T_Copula",2000,-1.5,"0.1(log(n))^2",0.66
460,1000,5,"T_Copula",2000,-1.5,"0.1(log(n))^2",0.54
461,1000,5,"T_Copula",2000,-1.5,"0.1(log(n))^2",0.76
462,1000,5,"T_Copula",2000,-1.5,"0.1(log(n))^2",0.06
463,1000,5,"T_Copula",2000,-1.5,"0.1(log(n))^2",0.98
464,1000,5,"T_Copula",2000,-1.5,"0.1(log(n))^2",0.27
465,1000,5,"T_Copula",2000,-1.5,"0.1(log(n))^2",0.86
466,1000,5,"T_Copula",2000,-1.5,"0.1(log(n))^2",0.24
467,1000,5,"T_Copula",2000,-1.5,"0.1(log(n))^2",0.74
468,1000,5,"T_Copula",2000,-1.5,"0.1(log(n))^2",0.76
469,1000,5,"T_Copula",2000,-1.5,"0.1(log(n))^2",0.02
470,1000,5,"T_Copula",2000,-1.5,"0.1(log(n))^2",0.63
471,1000,5,"T_Copula",2000,-1.5,"0.1(log(n))^2",0.04
472,1000,5,"T_Copula",2000,-1.5,"0.1(log(n))^2",0.5
473,1000,5,"T_Copula",2000,-1.5,"0.1(log(n))^2",0.44
474,1000,5,"T_Copula",2000,-1.5,"0.1(log(n))^2",0.02
475,1000,5,"T_Copula",2000,-1.5,"0.1(log(n))^2",0.53
476,1000,5,"T_Copula",2000,-1.5,"0.1(log(n))^2",0.97
477,1000,5,"T_Copula",2000,-1.5,"0.1(log(n))^2",0.8
478,1000,5,"T_Copula",2000,-1.5,"0.1(log(n))^2",0.64
479,1000,5,"T_Copula",2000,-1.5,"0.1(log(n))^2",0.87
480,1000,5,"T_Copula",2000,-1.5,"0.1(log(n))^2",0.42
481,1000,5,"T_Copula",2000,-1.5,"0.1(log(n))^2",0.32
482,1000,5,"T_Copula",2000,-1.5,"0.1(log(n))^2",0.25
483,1000,5,"T_Copula",2000,-1.5,"0.1(log(n))^2",0.16
484,1000,5,"T_Copula",2000,-1.5,"0.1(log(n))^2",0.41
485,1000,5,"T_Copula",2000,-1.5,"0.1(log(n))^2",0.87
486,1000,5,"T_Copula",2000,-1.5,"0.1(log(n))^2",0
487,1000,5,"T_Copula",2000,-1.5,"0.1(log(n))^2",0.42
488,1000,5,"T_Copula",2000,-1.5,"0.1(log(n))^2",0.31
489,1000,5,"T_Copula",2000,-1.5,"0.1(log(n))^2",0.95
490,1000,5,"T_Copula",2000,-1.5,"0.1(log(n))^2",0.36
491,1000,5,"T_Copula",2000,-1.5,"0.1(log(n))^2",0.07
492,1000,5,"T_Copula",2000,-1.5,"0.1(log(n))^2",0.72
493,1000,5,"T_Copula",2000,-1.5,"0.1(log(n))^2",0.07
494,1000,5,"T_Copula",2000,-1.5,"0.1(log(n))^2",0.2
495,1000,5,"T_Copula",2000,-1.5,"0.1(log(n))^2",0.45
496,1000,5,"T_Copula",2000,-1.5,"0.1(log(n))^2",0.27
497,1000,5,"T_Copula",2000,-1.5,"0.1(log(n))^2",0.09
498,1000,5,"T_Copula",2000,-1.5,"0.1(log(n))^2",0.96
499,1000,5,"T_Copula",2000,-1.5,"0.1(log(n))^2",0.2
500,1000,5,"T_Copula",2000,-1.5,"0.1(log(n))^2",0.23
501,1000,5,"T_Copula",2000,-1.5,"0.1(log(n))^2",0.03
502,1000,5,"T_Copula",2000,-1.5,"0.1(log(n))^2",0.64
503,1000,5,"T_Copula",2000,-1.5,"0.1(log(n))^2",0.84
504,1000,5,"T_Copula",2000,-1.5,"0.1(log(n))^2",0
505,1000,5,"T_Copula",2000,-1.5,"0.1(log(n))^2",0.25
506,1000,5,"T_Copula",2000,-1.5,"0.1(log(n))^2",0.69
507,1000,5,"T_Copula",2000,-1.5,"0.1(log(n))^2",0.2
508,1000,5,"T_Copula",2000,-1.5,"0.1(log(n))^2",0.32
509,1000,5,"T_Copula",2000,-1.5,"0.1(log(n))^2",0.06
510,1000,5,"T_Copula",2000,-1.5,"0.1(log(n))^2",0.78
511,1000,5,"T_Copula",2000,-1.5,"0.1(log(n))^2",0.7
512,1000,5,"T_Copula",2000,-1.5,"0.1(log(n))^2",0.97
513,1000,5,"T_Copula",2000,-1.5,"0.1(log(n))^2",0.67
514,1000,5,"T_Copula",2000,-1.5,"0.1(log(n))^2",0.5
515,1000,5,"T_Copula",2000,-1.5,"0.1(log(n))^2",0.98
516,1000,5,"T_Copula",2000,-1.5,"0.1(log(n))^2",0.06
517,1000,5,"T_Copula",2000,-1.5,"0.1(log(n))^2",0
518,1000,5,"T_Copula",2000,-1.5,"0.1(log(n))^2",0.04
519,1000,5,"T_Copula",2000,-1.5,"0.1(log(n))^2",0.69
520,1000,5,"T_Copula",2000,-1.5,"0.1(log(n))^2",0.56
521,1000,5,"T_Copula",2000,-1.5,"0.1(log(n))^2",0.34
522,1000,5,"T_Copula",2000,-1.5,"0.1(log(n))^2",0.67
523,1000,5,"T_Copula",2000,-1.5,"0.1(log(n))^2",0.39
524,1000,5,"T_Copula",2000,-1.5,"0.1(log(n))^2",0.54
525,1000,5,"T_Copula",2000,-1.5,"0.1(log(n))^2",0.65
526,1000,5,"T_Copula",2000,-1.5,"0.1(log(n))^2",0.71
527,1000,5,"T_Copula",2000,-1.5,"0.1(log(n))^2",0.42
528,1000,5,"T_Copula",2000,-1.5,"0.1(log(n))^2",0.43
529,1000,5,"T_Copula",2000,-1.5,"0.1(log(n))^2",0.49
530,1000,5,"T_Copula",2000,-1.5,"0.1(log(n))^2",0.01
531,1000,5,"T_Copula",2000,-1.5,"0.1(log(n))^2",0.4
532,1000,5,"T_Copula",2000,-1.5,"0.1(log(n))^2",0.08
533,1000,5,"T_Copula",2000,-1.5,"0.1(log(n))^2",0.07
534,1000,5,"T_Copula",2000,-1.5,"0.1(log(n))^2",0.04
535,1000,5,"T_Copula",2000,-1.5,"0.1(log(n))^2",0.52
536,1000,5,"T_Copula",2000,-1.5,"0.1(log(n))^2",0.35
537,1000,5,"T_Copula",2000,-1.5,"0.1(log(n))^2",0.93
538,1000,5,"T_Copula",2000,-1.5,"0.1(log(n))^2",0.56
539,1000,5,"T_Copula",2000,-1.5,"0.1(log(n))^2",0.37
540,1000,5,"T_Copula",2000,-1.5,"0.1(log(n))^2",0
541,1000,5,"T_Copula",2000,-1.5,"0.1(log(n))^2",0.38
542,1000,5,"T_Copula",2000,-1.5,"0.1(log(n))^2",0.53
543,1000,5,"T_Copula",2000,-1.5,"0.1(log(n))^2",0.72
544,1000,5,"T_Copula",2000,-1.5,"0.1(log(n))^2",0.12
545,1000,5,"T_Copula",2000,-1.5,"0.1(log(n))^2",0.63
546,1000,5,"T_Copula",2000,-1.5,"0.1(log(n))^2",0.6
547,1000,5,"T_Copula",2000,-1.5,"0.1(log(n))^2",0.76
548,1000,5,"T_Copula",2000,-1.5,"0.1(log(n))^2",0.49
549,1000,5,"T_Copula",2000,-1.5,"0.1(log(n))^2",0.19
550,1000,5,"T_Copula",2000,-1.5,"0.1(log(n))^2",0.8
551,1000,5,"T_Copula",2000,-1.5,"0.1(log(n))^2",0.45
552,1000,5,"T_Copula",2000,-1.5,"0.1(log(n))^2",0.61
553,1000,5,"T_Copula",2000,-1.5,"0.1(log(n))^2",0.71
554,1000,5,"T_Copula",2000,-1.5,"0.1(log(n))^2",0.64
555,1000,5,"T_Copula",2000,-1.5,"0.1(log(n))^2",0.13
556,1000,5,"T_Copula",2000,-1.5,"0.1(log(n))^2",0.82
557,1000,5,"T_Copula",2000,-1.5,"0.1(log(n))^2",1
558,1000,5,"T_Copula",2000,-1.5,"0.1(log(n))^2",0.68
559,1000,5,"T_Copula",2000,-1.5,"0.1(log(n))^2",0.17
560,1000,5,"T_Copula",2000,-1.5,"0.1(log(n))^2",0.48
561,1000,5,"T_Copula",2000,-1.5,"0.1(log(n))^2",0.17
562,1000,5,"T_Copula",2000,-1.5,"0.1(log(n))^2",0.59
563,1000,5,"T_Copula",2000,-1.5,"0.1(log(n))^2",0.08
564,1000,5,"T_Copula",2000,-1.5,"0.1(log(n))^2",0.14
565,1000,5,"T_Copula",2000,-1.5,"0.1(log(n))^2",0.55
566,1000,5,"T_Copula",2000,-1.5,"0.1(log(n))^2",0.36
567,1000,5,"T_Copula",2000,-1.5,"0.1(log(n))^2",0.9
568,1000,5,"T_Copula",2000,-1.5,"0.1(log(n))^2",0.44
569,1000,5,"T_Copula",2000,-1.5,"0.1(log(n))^2",0.01
570,1000,5,"T_Copula",2000,-1.5,"0.1(log(n))^2",0.94
571,1000,5,"T_Copula",2000,-1.5,"0.1(log(n))^2",0.14
572,1000,5,"T_Copula",2000,-1.5,"0.1(log(n))^2",0.54
573,1000,5,"T_Copula",2000,-1.5,"0.1(log(n))^2",0.01
574,1000,5,"T_Copula",2000,-1.5,"0.1(log(n))^2",0.27
575,1000,5,"T_Copula",2000,-1.5,"0.1(log(n))^2",0.11
576,1000,5,"T_Copula",2000,-1.5,"0.1(log(n))^2",0.25
577,1000,5,"T_Copula",2000,-1.5,"0.1(log(n))^2",0.27
578,1000,5,"T_Copula",2000,-1.5,"0.1(log(n))^2",0.24
579,1000,5,"T_Copula",2000,-1.5,"0.1(log(n))^2",0.07
580,1000,5,"T_Copula",2000,-1.5,"0.1(log(n))^2",0.03
581,1000,5,"T_Copula",2000,-1.5,"0.1(log(n))^2",0.77
582,1000,5,"T_Copula",2000,-1.5,"0.1(log(n))^2",0.68
583,1000,5,"T_Copula",2000,-1.5,"0.1(log(n))^2",0.78
584,1000,5,"T_Copula",2000,-1.5,"0.1(log(n))^2",0
585,1000,5,"T_Copula",2000,-1.5,"0.1(log(n))^2",0.13
586,1000,5,"T_Copula",2000,-1.5,"0.1(log(n))^2",0.94
587,1000,5,"T_Copula",2000,-1.5,"0.1(log(n))^2",0.45
588,1000,5,"T_Copula",2000,-1.5,"0.1(log(n))^2",0.24
589,1000,5,"T_Copula",2000,-1.5,"0.1(log(n))^2",0.64
590,1000,5,"T_Copula",2000,-1.5,"0.1(log(n))^2",0.53
591,1000,5,"T_Copula",2000,-1.5,"0.1(log(n))^2",0.87
592,1000,5,"T_Copula",2000,-1.5,"0.1(log(n))^2",0.35
593,1000,5,"T_Copula",2000,-1.5,"0.1(log(n))^2",0.21
594,1000,5,"T_Copula",2000,-1.5,"0.1(log(n))^2",0.62
595,1000,5,"T_Copula",2000,-1.5,"0.1(log(n))^2",0.1
596,1000,5,"T_Copula",2000,-1.5,"0.1(log(n))^2",0.68
597,1000,5,"T_Copula",2000,-1.5,"0.1(log(n))^2",0.07
598,1000,5,"T_Copula",2000,-1.5,"0.1(log(n))^2",0.21
599,1000,5,"T_Copula",2000,-1.5,"0.1(log(n))^2",0.74
600,1000,5,"T_Copula",2000,-1.5,"0.1(log(n))^2",0.11
601,1000,5,"T_Copula",2000,-1.5,"0.1(log(n))^2",0.89
602,1000,5,"T_Copula",2000,-1.5,"0.1(log(n))^2",0.11
603,1000,5,"T_Copula",2000,-1.5,"0.1(log(n))^2",0.08
604,1000,5,"T_Copula",2000,-1.5,"0.1(log(n))^2",0.64
605,1000,5,"T_Copula",2000,-1.5,"0.1(log(n))^2",0.51
606,1000,5,"T_Copula",2000,-1.5,"0.1(log(n))^2",0.38
607,1000,5,"T_Copula",2000,-1.5,"0.1(log(n))^2",0.86
608,1000,5,"T_Copula",2000,-1.5,"0.1(log(n))^2",0.14
609,1000,5,"T_Copula",2000,-1.5,"0.1(log(n))^2",0.14
610,1000,5,"T_Copula",2000,-1.5,"0.1(log(n))^2",0.67
611,1000,5,"T_Copula",2000,-1.5,"0.1(log(n))^2",0.3
612,1000,5,"T_Copula",2000,-1.5,"0.1(log(n))^2",0.45
613,1000,5,"T_Copula",2000,-1.5,"0.1(log(n))^2",0.82
614,1000,5,"T_Copula",2000,-1.5,"0.1(log(n))^2",0.21
615,1000,5,"T_Copula",2000,-1.5,"0.1(log(n))^2",0.66
616,1000,5,"T_Copula",2000,-1.5,"0.1(log(n))^2",0.08
617,1000,5,"T_Copula",2000,-1.5,"0.1(log(n))^2",0.41
618,1000,5,"T_Copula",2000,-1.5,"0.1(log(n))^2",0.4
619,1000,5,"T_Copula",2000,-1.5,"0.1(log(n))^2",0.03
620,1000,5,"T_Copula",2000,-1.5,"0.1(log(n))^2",0.13
621,1000,5,"T_Copula",2000,-1.5,"0.1(log(n))^2",0.44
622,1000,5,"T_Copula",2000,-1.5,"0.1(log(n))^2",0.64
623,1000,5,"T_Copula",2000,-1.5,"0.1(log(n))^2",0.11
624,1000,5,"T_Copula",2000,-1.5,"0.1(log(n))^2",0.01
625,1000,5,"T_Copula",2000,-1.5,"0.1(log(n))^2",0.06
626,1000,5,"T_Copula",2000,-1.5,"0.1(log(n))^2",0.33
627,1000,5,"T_Copula",2000,-1.5,"0.1(log(n))^2",0.63
628,1000,5,"T_Copula",2000,-1.5,"0.1(log(n))^2",0.98
629,1000,5,"T_Copula",2000,-1.5,"0.1(log(n))^2",0.95
630,1000,5,"T_Copula",2000,-1.5,"0.1(log(n))^2",0.27
631,1000,5,"T_Copula",2000,-1.5,"0.1(log(n))^2",0.03
632,1000,5,"T_Copula",2000,-1.5,"0.1(log(n))^2",0.01
633,1000,5,"T_Copula",2000,-1.5,"0.1(log(n))^2",0.52
634,1000,5,"T_Copula",2000,-1.5,"0.1(log(n))^2",0.42
635,1000,5,"T_Copula",2000,-1.5,"0.1(log(n))^2",0.42
636,1000,5,"T_Copula",2000,-1.5,"0.1(log(n))^2",0.72
637,1000,5,"T_Copula",2000,-1.5,"0.1(log(n))^2",0.19
638,1000,5,"T_Copula",2000,-1.5,"0.1(log(n))^2",0.82
639,1000,5,"T_Copula",2000,-1.5,"0.1(log(n))^2",0.12
640,1000,5,"T_Copula",2000,-1.5,"0.1(log(n))^2",0.41
641,1000,5,"T_Copula",2000,-1.5,"0.1(log(n))^2",0.48
642,1000,5,"T_Copula",2000,-1.5,"0.1(log(n))^2",0.74
643,1000,5,"T_Copula",2000,-1.5,"0.1(log(n))^2",0.7
644,1000,5,"T_Copula",2000,-1.5,"0.1(log(n))^2",0.17
645,1000,5,"T_Copula",2000,-1.5,"0.1(log(n))^2",0.84
646,1000,5,"T_Copula",2000,-1.5,"0.1(log(n))^2",0.32
647,1000,5,"T_Copula",2000,-1.5,"0.1(log(n))^2",0.72
648,1000,5,"T_Copula",2000,-1.5,"0.1(log(n))^2",0.14
649,1000,5,"T_Copula",2000,-1.5,"0.1(log(n))^2",0.11
650,1000,5,"T_Copula",2000,-1.5,"0.1(log(n))^2",0.74
651,1000,5,"T_Copula",2000,-1.5,"0.1(log(n))^2",0.64
652,1000,5,"T_Copula",2000,-1.5,"0.1(log(n))^2",0.33
653,1000,5,"T_Copula",2000,-1.5,"0.1(log(n))^2",0.6
654,1000,5,"T_Copula",2000,-1.5,"0.1(log(n))^2",0.14
655,1000,5,"T_Copula",2000,-1.5,"0.1(log(n))^2",0.77
656,1000,5,"T_Copula",2000,-1.5,"0.1(log(n))^2",0.62
657,1000,5,"T_Copula",2000,-1.5,"0.1(log(n))^2",0.31
658,1000,5,"T_Copula",2000,-1.5,"0.1(log(n))^2",0.47
659,1000,5,"T_Copula",2000,-1.5,"0.1(log(n))^2",0.96
660,1000,5,"T_Copula",2000,-1.5,"0.1(log(n))^2",0.36
661,1000,5,"T_Copula",2000,-1.5,"0.1(log(n))^2",0.07
662,1000,5,"T_Copula",2000,-1.5,"0.1(log(n))^2",0.24
663,1000,5,"T_Copula",2000,-1.5,"0.1(log(n))^2",0.41
664,1000,5,"T_Copula",2000,-1.5,"0.1(log(n))^2",0.57
665,1000,5,"T_Copula",2000,-1.5,"0.1(log(n))^2",0.46
666,1000,5,"T_Copula",2000,-1.5,"0.1(log(n))^2",0.24
667,1000,5,"T_Copula",2000,-1.5,"0.1(log(n))^2",0.69
668,1000,5,"T_Copula",2000,-1.5,"0.1(log(n))^2",0.21
669,1000,5,"T_Copula",2000,-1.5,"0.1(log(n))^2",0.1
670,1000,5,"T_Copula",2000,-1.5,"0.1(log(n))^2",0.03
671,1000,5,"T_Copula",2000,-1.5,"0.1(log(n))^2",0.13
672,1000,5,"T_Copula",2000,-1.5,"0.1(log(n))^2",0.57
673,1000,5,"T_Copula",2000,-1.5,"0.1(log(n))^2",0.75
674,1000,5,"T_Copula",2000,-1.5,"0.1(log(n))^2",0.48
675,1000,5,"T_Copula",2000,-1.5,"0.1(log(n))^2",0.57
676,1000,5,"T_Copula",2000,-1.5,"0.1(log(n))^2",0.13
677,1000,5,"T_Copula",2000,-1.5,"0.1(log(n))^2",0.01
678,1000,5,"T_Copula",2000,-1.5,"0.1(log(n))^2",0.38
679,1000,5,"T_Copula",2000,-1.5,"0.1(log(n))^2",0.84
680,1000,5,"T_Copula",2000,-1.5,"0.1(log(n))^2",0.36
681,1000,5,"T_Copula",2000,-1.5,"0.1(log(n))^2",0.44
682,1000,5,"T_Copula",2000,-1.5,"0.1(log(n))^2",0.89
683,1000,5,"T_Copula",2000,-1.5,"0.1(log(n))^2",0.37
684,1000,5,"T_Copula",2000,-1.5,"0.1(log(n))^2",0.58
685,1000,5,"T_Copula",2000,-1.5,"0.1(log(n))^2",0.22
686,1000,5,"T_Copula",2000,-1.5,"0.1(log(n))^2",0.35
687,1000,5,"T_Copula",2000,-1.5,"0.1(log(n))^2",0.32
688,1000,5,"T_Copula",2000,-1.5,"0.1(log(n))^2",0.78
689,1000,5,"T_Copula",2000,-1.5,"0.1(log(n))^2",0.79
690,1000,5,"T_Copula",2000,-1.5,"0.1(log(n))^2",0.34
691,1000,5,"T_Copula",2000,-1.5,"0.1(log(n))^2",0.77
692,1000,5,"T_Copula",2000,-1.5,"0.1(log(n))^2",0.32
693,1000,5,"T_Copula",2000,-1.5,"0.1(log(n))^2",0.79
694,1000,5,"T_Copula",2000,-1.5,"0.1(log(n))^2",0.67
695,1000,5,"T_Copula",2000,-1.5,"0.1(log(n))^2",0.49
696,1000,5,"T_Copula",2000,-1.5,"0.1(log(n))^2",0.33
697,1000,5,"T_Copula",2000,-1.5,"0.1(log(n))^2",0.45
698,1000,5,"T_Copula",2000,-1.5,"0.1(log(n))^2",0.77
699,1000,5,"T_Copula",2000,-1.5,"0.1(log(n))^2",0.21
700,1000,5,"T_Copula",2000,-1.5,"0.1(log(n))^2",0.21
701,1000,5,"T_Copula",2000,-1.5,"0.1(log(n))^2",0.09
702,1000,5,"T_Copula",2000,-1.5,"0.1(log(n))^2",0.25
703,1000,5,"T_Copula",2000,-1.5,"0.1(log(n))^2",0.79
704,1000,5,"T_Copula",2000,-1.5,"0.1(log(n))^2",0.11
705,1000,5,"T_Copula",2000,-1.5,"0.1(log(n))^2",0.75
706,1000,5,"T_Copula",2000,-1.5,"0.1(log(n))^2",0.87
707,1000,5,"T_Copula",2000,-1.5,"0.1(log(n))^2",0.16
708,1000,5,"T_Copula",2000,-1.5,"0.1(log(n))^2",0.74
709,1000,5,"T_Copula",2000,-1.5,"0.1(log(n))^2",0.57
710,1000,5,"T_Copula",2000,-1.5,"0.1(log(n))^2",0
711,1000,5,"T_Copula",2000,-1.5,"0.1(log(n))^2",0.14
712,1000,5,"T_Copula",2000,-1.5,"0.1(log(n))^2",0.24
713,1000,5,"T_Copula",2000,-1.5,"0.1(log(n))^2",0.21
714,1000,5,"T_Copula",2000,-1.5,"0.1(log(n))^2",0.75
715,1000,5,"T_Copula",2000,-1.5,"0.1(log(n))^2",0.39
716,1000,5,"T_Copula",2000,-1.5,"0.1(log(n))^2",0.11
717,1000,5,"T_Copula",2000,-1.5,"0.1(log(n))^2",0.48
718,1000,5,"T_Copula",2000,-1.5,"0.1(log(n))^2",0.47
719,1000,5,"T_Copula",2000,-1.5,"0.1(log(n))^2",0.05
720,1000,5,"T_Copula",2000,-1.5,"0.1(log(n))^2",0.05
721,1000,5,"T_Copula",2000,-1.5,"0.1(log(n))^2",0.85
722,1000,5,"T_Copula",2000,-1.5,"0.1(log(n))^2",0.29
723,1000,5,"T_Copula",2000,-1.5,"0.1(log(n))^2",0.2
724,1000,5,"T_Copula",2000,-1.5,"0.1(log(n))^2",0.35
725,1000,5,"T_Copula",2000,-1.5,"0.1(log(n))^2",0.66
726,1000,5,"T_Copula",2000,-1.5,"0.1(log(n))^2",0.81
727,1000,5,"T_Copula",2000,-1.5,"0.1(log(n))^2",0.63
728,1000,5,"T_Copula",2000,-1.5,"0.1(log(n))^2",0.18
729,1000,5,"T_Copula",2000,-1.5,"0.1(log(n))^2",0.71
730,1000,5,"T_Copula",2000,-1.5,"0.1(log(n))^2",0.84
731,1000,5,"T_Copula",2000,-1.5,"0.1(log(n))^2",0.5
732,1000,5,"T_Copula",2000,-1.5,"0.1(log(n))^2",0.41
733,1000,5,"T_Copula",2000,-1.5,"0.1(log(n))^2",0.65
734,1000,5,"T_Copula",2000,-1.5,"0.1(log(n))^2",0.37
735,1000,5,"T_Copula",2000,-1.5,"0.1(log(n))^2",0.13
736,1000,5,"T_Copula",2000,-1.5,"0.1(log(n))^2",0.21
737,1000,5,"T_Copula",2000,-1.5,"0.1(log(n))^2",0.59
738,1000,5,"T_Copula",2000,-1.5,"0.1(log(n))^2",0.31
739,1000,5,"T_Copula",2000,-1.5,"0.1(log(n))^2",0.12
740,1000,5,"T_Copula",2000,-1.5,"0.1(log(n))^2",0.09
741,1000,5,"T_Copula",2000,-1.5,"0.1(log(n))^2",0.7
742,1000,5,"T_Copula",2000,-1.5,"0.1(log(n))^2",0.2
743,1000,5,"T_Copula",2000,-1.5,"0.1(log(n))^2",0.27
744,1000,5,"T_Copula",2000,-1.5,"0.1(log(n))^2",0.02
745,1000,5,"T_Copula",2000,-1.5,"0.1(log(n))^2",0.32
746,1000,5,"T_Copula",2000,-1.5,"0.1(log(n))^2",0.58
747,1000,5,"T_Copula",2000,-1.5,"0.1(log(n))^2",0.42
748,1000,5,"T_Copula",2000,-1.5,"0.1(log(n))^2",0.18
749,1000,5,"T_Copula",2000,-1.5,"0.1(log(n))^2",0.64
750,1000,5,"T_Copula",2000,-1.5,"0.1(log(n))^2",0.75
751,1000,5,"T_Copula",2000,-1.5,"0.1(log(n))^2",0.11
752,1000,5,"T_Copula",2000,-1.5,"0.1(log(n))^2",0.49
753,1000,5,"T_Copula",2000,-1.5,"0.1(log(n))^2",0.35
754,1000,5,"T_Copula",2000,-1.5,"0.1(log(n))^2",0.19
755,1000,5,"T_Copula",2000,-1.5,"0.1(log(n))^2",0.22
756,1000,5,"T_Copula",2000,-1.5,"0.1(log(n))^2",0.37
757,1000,5,"T_Copula",2000,-1.5,"0.1(log(n))^2",0.8
758,1000,5,"T_Copula",2000,-1.5,"0.1(log(n))^2",0.16
759,1000,5,"T_Copula",2000,-1.5,"0.1(log(n))^2",0.07
760,1000,5,"T_Copula",2000,-1.5,"0.1(log(n))^2",0.23
761,1000,5,"T_Copula",2000,-1.5,"0.1(log(n))^2",0.16
762,1000,5,"T_Copula",2000,-1.5,"0.1(log(n))^2",0.41
763,1000,5,"T_Copula",2000,-1.5,"0.1(log(n))^2",0.28
764,1000,5,"T_Copula",2000,-1.5,"0.1(log(n))^2",0.54
765,1000,5,"T_Copula",2000,-1.5,"0.1(log(n))^2",0.59
766,1000,5,"T_Copula",2000,-1.5,"0.1(log(n))^2",0.18
767,1000,5,"T_Copula",2000,-1.5,"0.1(log(n))^2",0.33
768,1000,5,"T_Copula",2000,-1.5,"0.1(log(n))^2",0.24
769,1000,5,"T_Copula",2000,-1.5,"0.1(log(n))^2",0.99
770,1000,5,"T_Copula",2000,-1.5,"0.1(log(n))^2",0.04
771,1000,5,"T_Copula",2000,-1.5,"0.1(log(n))^2",0.29
772,1000,5,"T_Copula",2000,-1.5,"0.1(log(n))^2",0.15
773,1000,5,"T_Copula",2000,-1.5,"0.1(log(n))^2",0.36
774,1000,5,"T_Copula",2000,-1.5,"0.1(log(n))^2",0.46
775,1000,5,"T_Copula",2000,-1.5,"0.1(log(n))^2",0.3
776,1000,5,"T_Copula",2000,-1.5,"0.1(log(n))^2",0.31
777,1000,5,"T_Copula",2000,-1.5,"0.1(log(n))^2",0.16
778,1000,5,"T_Copula",2000,-1.5,"0.1(log(n))^2",0.55
779,1000,5,"T_Copula",2000,-1.5,"0.1(log(n))^2",0.55
780,1000,5,"T_Copula",2000,-1.5,"0.1(log(n))^2",0.58
781,1000,5,"T_Copula",2000,-1.5,"0.1(log(n))^2",0.92
782,1000,5,"T_Copula",2000,-1.5,"0.1(log(n))^2",0.78
783,1000,5,"T_Copula",2000,-1.5,"0.1(log(n))^2",0.27
784,1000,5,"T_Copula",2000,-1.5,"0.1(log(n))^2",0.68
785,1000,5,"T_Copula",2000,-1.5,"0.1(log(n))^2",0.82
786,1000,5,"T_Copula",2000,-1.5,"0.1(log(n))^2",0.13
787,1000,5,"T_Copula",2000,-1.5,"0.1(log(n))^2",0.81
788,1000,5,"T_Copula",2000,-1.5,"0.1(log(n))^2",0.82
789,1000,5,"T_Copula",2000,-1.5,"0.1(log(n))^2",0.63
790,1000,5,"T_Copula",2000,-1.5,"0.1(log(n))^2",0.29
791,1000,5,"T_Copula",2000,-1.5,"0.1(log(n))^2",0.63
792,1000,5,"T_Copula",2000,-1.5,"0.1(log(n))^2",0.13
793,1000,5,"T_Copula",2000,-1.5,"0.1(log(n))^2",0.31
794,1000,5,"T_Copula",2000,-1.5,"0.1(log(n))^2",0.7
795,1000,5,"T_Copula",2000,-1.5,"0.1(log(n))^2",0.46
796,1000,5,"T_Copula",2000,-1.5,"0.1(log(n))^2",0.8
797,1000,5,"T_Copula",2000,-1.5,"0.1(log(n))^2",0.14
798,1000,5,"T_Copula",2000,-1.5,"0.1(log(n))^2",0.24
799,1000,5,"T_Copula",2000,-1.5,"0.1(log(n))^2",0.8
800,1000,5,"T_Copula",2000,-1.5,"0.1(log(n))^2",0.09
801,1000,5,"T_Copula",2000,-1.5,"0.1(log(n))^2",0.46
802,1000,5,"T_Copula",2000,-1.5,"0.1(log(n))^2",0.2
803,1000,5,"T_Copula",2000,-1.5,"0.1(log(n))^2",0.83
804,1000,5,"T_Copula",2000,-1.5,"0.1(log(n))^2",0.04
805,1000,5,"T_Copula",2000,-1.5,"0.1(log(n))^2",0.56
806,1000,5,"T_Copula",2000,-1.5,"0.1(log(n))^2",0.85
807,1000,5,"T_Copula",2000,-1.5,"0.1(log(n))^2",0.7
808,1000,5,"T_Copula",2000,-1.5,"0.1(log(n))^2",0.32
809,1000,5,"T_Copula",2000,-1.5,"0.1(log(n))^2",0.02
810,1000,5,"T_Copula",2000,-1.5,"0.1(log(n))^2",0.37
811,1000,5,"T_Copula",2000,-1.5,"0.1(log(n))^2",0.37
812,1000,5,"T_Copula",2000,-1.5,"0.1(log(n))^2",0.17
813,1000,5,"T_Copula",2000,-1.5,"0.1(log(n))^2",0.82
814,1000,5,"T_Copula",2000,-1.5,"0.1(log(n))^2",0.47
815,1000,5,"T_Copula",2000,-1.5,"0.1(log(n))^2",0.6
816,1000,5,"T_Copula",2000,-1.5,"0.1(log(n))^2",0.1
817,1000,5,"T_Copula",2000,-1.5,"0.1(log(n))^2",0.29
818,1000,5,"T_Copula",2000,-1.5,"0.1(log(n))^2",0.43
819,1000,5,"T_Copula",2000,-1.5,"0.1(log(n))^2",0.49
820,1000,5,"T_Copula",2000,-1.5,"0.1(log(n))^2",0.29
821,1000,5,"T_Copula",2000,-1.5,"0.1(log(n))^2",0.67
822,1000,5,"T_Copula",2000,-1.5,"0.1(log(n))^2",0.55
823,1000,5,"T_Copula",2000,-1.5,"0.1(log(n))^2",0.41
824,1000,5,"T_Copula",2000,-1.5,"0.1(log(n))^2",0.74
825,1000,5,"T_Copula",2000,-1.5,"0.1(log(n))^2",0
826,1000,5,"T_Copula",2000,-1.5,"0.1(log(n))^2",0.34
827,1000,5,"T_Copula",2000,-1.5,"0.1(log(n))^2",0.62
828,1000,5,"T_Copula",2000,-1.5,"0.1(log(n))^2",0.2
829,1000,5,"T_Copula",2000,-1.5,"0.1(log(n))^2",0.69
830,1000,5,"T_Copula",2000,-1.5,"0.1(log(n))^2",0.06
831,1000,5,"T_Copula",2000,-1.5,"0.1(log(n))^2",0.15
832,1000,5,"T_Copula",2000,-1.5,"0.1(log(n))^2",0.05
833,1000,5,"T_Copula",2000,-1.5,"0.1(log(n))^2",0.78
834,1000,5,"T_Copula",2000,-1.5,"0.1(log(n))^2",0.16
835,1000,5,"T_Copula",2000,-1.5,"0.1(log(n))^2",0.31
836,1000,5,"T_Copula",2000,-1.5,"0.1(log(n))^2",0.17
837,1000,5,"T_Copula",2000,-1.5,"0.1(log(n))^2",0.34
838,1000,5,"T_Copula",2000,-1.5,"0.1(log(n))^2",0.88
839,1000,5,"T_Copula",2000,-1.5,"0.1(log(n))^2",0.09
840,1000,5,"T_Copula",2000,-1.5,"0.1(log(n))^2",0.78
841,1000,5,"T_Copula",2000,-1.5,"0.1(log(n))^2",0.67
842,1000,5,"T_Copula",2000,-1.5,"0.1(log(n))^2",0.71
843,1000,5,"T_Copula",2000,-1.5,"0.1(log(n))^2",0.93
844,1000,5,"T_Copula",2000,-1.5,"0.1(log(n))^2",0.41
845,1000,5,"T_Copula",2000,-1.5,"0.1(log(n))^2",0.56
846,1000,5,"T_Copula",2000,-1.5,"0.1(log(n))^2",0.18
847,1000,5,"T_Copula",2000,-1.5,"0.1(log(n))^2",0.69
848,1000,5,"T_Copula",2000,-1.5,"0.1(log(n))^2",0.33
849,1000,5,"T_Copula",2000,-1.5,"0.1(log(n))^2",0.89
850,1000,5,"T_Copula",2000,-1.5,"0.1(log(n))^2",0.04
851,1000,5,"T_Copula",2000,-1.5,"0.1(log(n))^2",0.41
852,1000,5,"T_Copula",2000,-1.5,"0.1(log(n))^2",0.79
853,1000,5,"T_Copula",2000,-1.5,"0.1(log(n))^2",0.08
854,1000,5,"T_Copula",2000,-1.5,"0.1(log(n))^2",0.9
855,1000,5,"T_Copula",2000,-1.5,"0.1(log(n))^2",0.1
856,1000,5,"T_Copula",2000,-1.5,"0.1(log(n))^2",0.06
857,1000,5,"T_Copula",2000,-1.5,"0.1(log(n))^2",0.34
858,1000,5,"T_Copula",2000,-1.5,"0.1(log(n))^2",0.26
859,1000,5,"T_Copula",2000,-1.5,"0.1(log(n))^2",0.62
860,1000,5,"T_Copula",2000,-1.5,"0.1(log(n))^2",0.21
861,1000,5,"T_Copula",2000,-1.5,"0.1(log(n))^2",0.93
862,1000,5,"T_Copula",2000,-1.5,"0.1(log(n))^2",0
863,1000,5,"T_Copula",2000,-1.5,"0.1(log(n))^2",0.01
864,1000,5,"T_Copula",2000,-1.5,"0.1(log(n))^2",0.2
865,1000,5,"T_Copula",2000,-1.5,"0.1(log(n))^2",0.57
866,1000,5,"T_Copula",2000,-1.5,"0.1(log(n))^2",0.95
867,1000,5,"T_Copula",2000,-1.5,"0.1(log(n))^2",0.52
868,1000,5,"T_Copula",2000,-1.5,"0.1(log(n))^2",0.08
869,1000,5,"T_Copula",2000,-1.5,"0.1(log(n))^2",0.3
870,1000,5,"T_Copula",2000,-1.5,"0.1(log(n))^2",0.09
871,1000,5,"T_Copula",2000,-1.5,"0.1(log(n))^2",0.69
872,1000,5,"T_Copula",2000,-1.5,"0.1(log(n))^2",0.88
873,1000,5,"T_Copula",2000,-1.5,"0.1(log(n))^2",0.58
874,1000,5,"T_Copula",2000,-1.5,"0.1(log(n))^2",0.77
875,1000,5,"T_Copula",2000,-1.5,"0.1(log(n))^2",0.53
876,1000,5,"T_Copula",2000,-1.5,"0.1(log(n))^2",0.76
877,1000,5,"T_Copula",2000,-1.5,"0.1(log(n))^2",0.74
878,1000,5,"T_Copula",2000,-1.5,"0.1(log(n))^2",0.75
879,1000,5,"T_Copula",2000,-1.5,"0.1(log(n))^2",0.33
880,1000,5,"T_Copula",2000,-1.5,"0.1(log(n))^2",0.8
881,1000,5,"T_Copula",2000,-1.5,"0.1(log(n))^2",0.37
882,1000,5,"T_Copula",2000,-1.5,"0.1(log(n))^2",0.11
883,1000,5,"T_Copula",2000,-1.5,"0.1(log(n))^2",0.01
884,1000,5,"T_Copula",2000,-1.5,"0.1(log(n))^2",0.34
885,1000,5,"T_Copula",2000,-1.5,"0.1(log(n))^2",0.51
886,1000,5,"T_Copula",2000,-1.5,"0.1(log(n))^2",0.59
887,1000,5,"T_Copula",2000,-1.5,"0.1(log(n))^2",0.42
888,1000,5,"T_Copula",2000,-1.5,"0.1(log(n))^2",0.42
889,1000,5,"T_Copula",2000,-1.5,"0.1(log(n))^2",0.87
890,1000,5,"T_Copula",2000,-1.5,"0.1(log(n))^2",0.05
891,1000,5,"T_Copula",2000,-1.5,"0.1(log(n))^2",0.08
892,1000,5,"T_Copula",2000,-1.5,"0.1(log(n))^2",0.21
893,1000,5,"T_Copula",2000,-1.5,"0.1(log(n))^2",0.25
894,1000,5,"T_Copula",2000,-1.5,"0.1(log(n))^2",0.14
895,1000,5,"T_Copula",2000,-1.5,"0.1(log(n))^2",0.82
896,1000,5,"T_Copula",2000,-1.5,"0.1(log(n))^2",0.16
897,1000,5,"T_Copula",2000,-1.5,"0.1(log(n))^2",0.12
898,1000,5,"T_Copula",2000,-1.5,"0.1(log(n))^2",0.1
899,1000,5,"T_Copula",2000,-1.5,"0.1(log(n))^2",0.7
900,1000,5,"T_Copula",2000,-1.5,"0.1(log(n))^2",0.51
901,1000,5,"T_Copula",2000,-1.5,"0.1(log(n))^2",0.25
902,1000,5,"T_Copula",2000,-1.5,"0.1(log(n))^2",0.86
903,1000,5,"T_Copula",2000,-1.5,"0.1(log(n))^2",0.06
904,1000,5,"T_Copula",2000,-1.5,"0.1(log(n))^2",0.34
905,1000,5,"T_Copula",2000,-1.5,"0.1(log(n))^2",0.51
906,1000,5,"T_Copula",2000,-1.5,"0.1(log(n))^2",0.93
907,1000,5,"T_Copula",2000,-1.5,"0.1(log(n))^2",0.82
908,1000,5,"T_Copula",2000,-1.5,"0.1(log(n))^2",0.8
909,1000,5,"T_Copula",2000,-1.5,"0.1(log(n))^2",0.62
910,1000,5,"T_Copula",2000,-1.5,"0.1(log(n))^2",0.02
911,1000,5,"T_Copula",2000,-1.5,"0.1(log(n))^2",0.08
912,1000,5,"T_Copula",2000,-1.5,"0.1(log(n))^2",0.74
913,1000,5,"T_Copula",2000,-1.5,"0.1(log(n))^2",0.33
914,1000,5,"T_Copula",2000,-1.5,"0.1(log(n))^2",0.85
915,1000,5,"T_Copula",2000,-1.5,"0.1(log(n))^2",0.53
916,1000,5,"T_Copula",2000,-1.5,"0.1(log(n))^2",0.25
917,1000,5,"T_Copula",2000,-1.5,"0.1(log(n))^2",0.73
918,1000,5,"T_Copula",2000,-1.5,"0.1(log(n))^2",0.82
919,1000,5,"T_Copula",2000,-1.5,"0.1(log(n))^2",0.16
920,1000,5,"T_Copula",2000,-1.5,"0.1(log(n))^2",0.75
921,1000,5,"T_Copula",2000,-1.5,"0.1(log(n))^2",0.47
922,1000,5,"T_Copula",2000,-1.5,"0.1(log(n))^2",0.19
923,1000,5,"T_Copula",2000,-1.5,"0.1(log(n))^2",0.41
924,1000,5,"T_Copula",2000,-1.5,"0.1(log(n))^2",0.3
925,1000,5,"T_Copula",2000,-1.5,"0.1(log(n))^2",0.88
926,1000,5,"T_Copula",2000,-1.5,"0.1(log(n))^2",0.69
927,1000,5,"T_Copula",2000,-1.5,"0.1(log(n))^2",0.83
928,1000,5,"T_Copula",2000,-1.5,"0.1(log(n))^2",0.07
929,1000,5,"T_Copula",2000,-1.5,"0.1(log(n))^2",0.68
930,1000,5,"T_Copula",2000,-1.5,"0.1(log(n))^2",0.78
931,1000,5,"T_Copula",2000,-1.5,"0.1(log(n))^2",0.15
932,1000,5,"T_Copula",2000,-1.5,"0.1(log(n))^2",0.1
933,1000,5,"T_Copula",2000,-1.5,"0.1(log(n))^2",0.18
934,1000,5,"T_Copula",2000,-1.5,"0.1(log(n))^2",0.78
935,1000,5,"T_Copula",2000,-1.5,"0.1(log(n))^2",0.1
936,1000,5,"T_Copula",2000,-1.5,"0.1(log(n))^2",0.15
937,1000,5,"T_Copula",2000,-1.5,"0.1(log(n))^2",0.73
938,1000,5,"T_Copula",2000,-1.5,"0.1(log(n))^2",0.21
939,1000,5,"T_Copula",2000,-1.5,"0.1(log(n))^2",0.48
940,1000,5,"T_Copula",2000,-1.5,"0.1(log(n))^2",0.21
941,1000,5,"T_Copula",2000,-1.5,"0.1(log(n))^2",0.78
942,1000,5,"T_Copula",2000,-1.5,"0.1(log(n))^2",0
943,1000,5,"T_Copula",2000,-1.5,"0.1(log(n))^2",0.36
944,1000,5,"T_Copula",2000,-1.5,"0.1(log(n))^2",0.04
945,1000,5,"T_Copula",2000,-1.5,"0.1(log(n))^2",0.02
946,1000,5,"T_Copula",2000,-1.5,"0.1(log(n))^2",0.29
947,1000,5,"T_Copula",2000,-1.5,"0.1(log(n))^2",0.08
948,1000,5,"T_Copula",2000,-1.5,"0.1(log(n))^2",0.09
949,1000,5,"T_Copula",2000,-1.5,"0.1(log(n))^2",0.66
950,1000,5,"T_Copula",2000,-1.5,"0.1(log(n))^2",0.62
951,1000,5,"T_Copula",2000,-1.5,"0.1(log(n))^2",0.59
952,1000,5,"T_Copula",2000,-1.5,"0.1(log(n))^2",0.53
953,1000,5,"T_Copula",2000,-1.5,"0.1(log(n))^2",0.11
954,1000,5,"T_Copula",2000,-1.5,"0.1(log(n))^2",0.38
955,1000,5,"T_Copula",2000,-1.5,"0.1(log(n))^2",0.01
956,1000,5,"T_Copula",2000,-1.5,"0.1(log(n))^2",0.9
957,1000,5,"T_Copula",2000,-1.5,"0.1(log(n))^2",0.43
958,1000,5,"T_Copula",2000,-1.5,"0.1(log(n))^2",0
959,1000,5,"T_Copula",2000,-1.5,"0.1(log(n))^2",0.21
960,1000,5,"T_Copula",2000,-1.5,"0.1(log(n))^2",1
961,1000,5,"T_Copula",2000,-1.5,"0.1(log(n))^2",0.07
962,1000,5,"T_Copula",2000,-1.5,"0.1(log(n))^2",0.03
963,1000,5,"T_Copula",2000,-1.5,"0.1(log(n))^2",0.05
964,1000,5,"T_Copula",2000,-1.5,"0.1(log(n))^2",0.61
965,1000,5,"T_Copula",2000,-1.5,"0.1(log(n))^2",0.51
966,1000,5,"T_Copula",2000,-1.5,"0.1(log(n))^2",0.89
967,1000,5,"T_Copula",2000,-1.5,"0.1(log(n))^2",0.2
968,1000,5,"T_Copula",2000,-1.5,"0.1(log(n))^2",0.9
969,1000,5,"T_Copula",2000,-1.5,"0.1(log(n))^2",0.57
970,1000,5,"T_Copula",2000,-1.5,"0.1(log(n))^2",0.68
971,1000,5,"T_Copula",2000,-1.5,"0.1(log(n))^2",0.77
972,1000,5,"T_Copula",2000,-1.5,"0.1(log(n))^2",0.77
973,1000,5,"T_Copula",2000,-1.5,"0.1(log(n))^2",0.01
974,1000,5,"T_Copula",2000,-1.5,"0.1(log(n))^2",0.59
975,1000,5,"T_Copula",2000,-1.5,"0.1(log(n))^2",0.75
976,1000,5,"T_Copula",2000,-1.5,"0.1(log(n))^2",0.66
977,1000,5,"T_Copula",2000,-1.5,"0.1(log(n))^2",0.2
978,1000,5,"T_Copula",2000,-1.5,"0.1(log(n))^2",0.14
979,1000,5,"T_Copula",2000,-1.5,"0.1(log(n))^2",0.01
980,1000,5,"T_Copula",2000,-1.5,"0.1(log(n))^2",0.29
981,1000,5,"T_Copula",2000,-1.5,"0.1(log(n))^2",0.7
982,1000,5,"T_Copula",2000,-1.5,"0.1(log(n))^2",0.37
983,1000,5,"T_Copula",2000,-1.5,"0.1(log(n))^2",0.64
984,1000,5,"T_Copula",2000,-1.5,"0.1(log(n))^2",0.29
985,1000,5,"T_Copula",2000,-1.5,"0.1(log(n))^2",0.46
986,1000,5,"T_Copula",2000,-1.5,"0.1(log(n))^2",0.31
987,1000,5,"T_Copula",2000,-1.5,"0.1(log(n))^2",0.18
988,1000,5,"T_Copula",2000,-1.5,"0.1(log(n))^2",0
989,1000,5,"T_Copula",2000,-1.5,"0.1(log(n))^2",0.62
990,1000,5,"T_Copula",2000,-1.5,"0.1(log(n))^2",0.15
991,1000,5,"T_Copula",2000,-1.5,"0.1(log(n))^2",0.45
992,1000,5,"T_Copula",2000,-1.5,"0.1(log(n))^2",0.48
993,1000,5,"T_Copula",2000,-1.5,"0.1(log(n))^2",0.2
994,1000,5,"T_Copula",2000,-1.5,"0.1(log(n))^2",0.93
995,1000,5,"T_Copula",2000,-1.5,"0.1(log(n))^2",0.13
996,1000,5,"T_Copula",2000,-1.5,"0.1(log(n))^2",0.06
997,1000,5,"T_Copula",2000,-1.5,"0.1(log(n))^2",0.87
998,1000,5,"T_Copula",2000,-1.5,"0.1(log(n))^2",0.19
999,1000,5,"T_Copula",2000,-1.5,"0.1(log(n))^2",0.43
1000,1000,5,"T_Copula",2000,-1.5,"0.1(log(n))^2",0.84
