"iteration","level","d","dgp_name","n_values","tau","L_n_type","stat"
1,1000,2,"T_Copula",2000,-1.5,"1(log(n))^2",0.92
2,1000,2,"T_Copula",2000,-1.5,"1(log(n))^2",0.67
3,1000,2,"T_Copula",2000,-1.5,"1(log(n))^2",0.78
4,1000,2,"T_Copula",2000,-1.5,"1(log(n))^2",0.42
5,1000,2,"T_Copula",2000,-1.5,"1(log(n))^2",0.58
6,1000,2,"T_Copula",2000,-1.5,"1(log(n))^2",0.97
7,1000,2,"T_Copula",2000,-1.5,"1(log(n))^2",0.72
8,1000,2,"T_Copula",2000,-1.5,"1(log(n))^2",0.22
9,1000,2,"T_Copula",2000,-1.5,"1(log(n))^2",0.33
10,1000,2,"T_Copula",2000,-1.5,"1(log(n))^2",0.37
11,1000,2,"T_Copula",2000,-1.5,"1(log(n))^2",0.91
12,1000,2,"T_Copula",2000,-1.5,"1(log(n))^2",0.35
13,1000,2,"T_Copula",2000,-1.5,"1(log(n))^2",0.29
14,1000,2,"T_Copula",2000,-1.5,"1(log(n))^2",0.72
15,1000,2,"T_Copula",2000,-1.5,"1(log(n))^2",0.49
16,1000,2,"T_Copula",2000,-1.5,"1(log(n))^2",0.74
17,1000,2,"T_Copula",2000,-1.5,"1(log(n))^2",0.81
18,1000,2,"T_Copula",2000,-1.5,"1(log(n))^2",0.77
19,1000,2,"T_Copula",2000,-1.5,"1(log(n))^2",0.27
20,1000,2,"T_Copula",2000,-1.5,"1(log(n))^2",0.88
21,1000,2,"T_Copula",2000,-1.5,"1(log(n))^2",0.91
22,1000,2,"T_Copula",2000,-1.5,"1(log(n))^2",0.35
23,1000,2,"T_Copula",2000,-1.5,"1(log(n))^2",0.26
24,1000,2,"T_Copula",2000,-1.5,"1(log(n))^2",0.46
25,1000,2,"T_Copula",2000,-1.5,"1(log(n))^2",0.89
26,1000,2,"T_Copula",2000,-1.5,"1(log(n))^2",0.4
27,1000,2,"T_Copula",2000,-1.5,"1(log(n))^2",0.09
28,1000,2,"T_Copula",2000,-1.5,"1(log(n))^2",0.97
29,1000,2,"T_Copula",2000,-1.5,"1(log(n))^2",0.7
30,1000,2,"T_Copula",2000,-1.5,"1(log(n))^2",0.48
31,1000,2,"T_Copula",2000,-1.5,"1(log(n))^2",0.34
32,1000,2,"T_Copula",2000,-1.5,"1(log(n))^2",0.42
33,1000,2,"T_Copula",2000,-1.5,"1(log(n))^2",0.58
34,1000,2,"T_Copula",2000,-1.5,"1(log(n))^2",0.64
35,1000,2,"T_Copula",2000,-1.5,"1(log(n))^2",0.59
36,1000,2,"T_Copula",2000,-1.5,"1(log(n))^2",0.78
37,1000,2,"T_Copula",2000,-1.5,"1(log(n))^2",0.56
38,1000,2,"T_Copula",2000,-1.5,"1(log(n))^2",0.4
39,1000,2,"T_Copula",2000,-1.5,"1(log(n))^2",0.68
40,1000,2,"T_Copula",2000,-1.5,"1(log(n))^2",0.58
41,1000,2,"T_Copula",2000,-1.5,"1(log(n))^2",0.74
42,1000,2,"T_Copula",2000,-1.5,"1(log(n))^2",0.78
43,1000,2,"T_Copula",2000,-1.5,"1(log(n))^2",0.45
44,1000,2,"T_Copula",2000,-1.5,"1(log(n))^2",0.49
45,1000,2,"T_Copula",2000,-1.5,"1(log(n))^2",0.7
46,1000,2,"T_Copula",2000,-1.5,"1(log(n))^2",0.51
47,1000,2,"T_Copula",2000,-1.5,"1(log(n))^2",0.86
48,1000,2,"T_Copula",2000,-1.5,"1(log(n))^2",0.09
49,1000,2,"T_Copula",2000,-1.5,"1(log(n))^2",0.33
50,1000,2,"T_Copula",2000,-1.5,"1(log(n))^2",0.32
51,1000,2,"T_Copula",2000,-1.5,"1(log(n))^2",0.94
52,1000,2,"T_Copula",2000,-1.5,"1(log(n))^2",0.3
53,1000,2,"T_Copula",2000,-1.5,"1(log(n))^2",0.49
54,1000,2,"T_Copula",2000,-1.5,"1(log(n))^2",0.86
55,1000,2,"T_Copula",2000,-1.5,"1(log(n))^2",0.85
56,1000,2,"T_Copula",2000,-1.5,"1(log(n))^2",0.89
57,1000,2,"T_Copula",2000,-1.5,"1(log(n))^2",0.37
58,1000,2,"T_Copula",2000,-1.5,"1(log(n))^2",0.39
59,1000,2,"T_Copula",2000,-1.5,"1(log(n))^2",0.17
60,1000,2,"T_Copula",2000,-1.5,"1(log(n))^2",0.38
61,1000,2,"T_Copula",2000,-1.5,"1(log(n))^2",0.8
62,1000,2,"T_Copula",2000,-1.5,"1(log(n))^2",0.59
63,1000,2,"T_Copula",2000,-1.5,"1(log(n))^2",0.47
64,1000,2,"T_Copula",2000,-1.5,"1(log(n))^2",0.17
65,1000,2,"T_Copula",2000,-1.5,"1(log(n))^2",0.76
66,1000,2,"T_Copula",2000,-1.5,"1(log(n))^2",0.25
67,1000,2,"T_Copula",2000,-1.5,"1(log(n))^2",0.55
68,1000,2,"T_Copula",2000,-1.5,"1(log(n))^2",0.14
69,1000,2,"T_Copula",2000,-1.5,"1(log(n))^2",1
70,1000,2,"T_Copula",2000,-1.5,"1(log(n))^2",0.31
71,1000,2,"T_Copula",2000,-1.5,"1(log(n))^2",0.42
72,1000,2,"T_Copula",2000,-1.5,"1(log(n))^2",0.17
73,1000,2,"T_Copula",2000,-1.5,"1(log(n))^2",0.85
74,1000,2,"T_Copula",2000,-1.5,"1(log(n))^2",0.32
75,1000,2,"T_Copula",2000,-1.5,"1(log(n))^2",0.01
76,1000,2,"T_Copula",2000,-1.5,"1(log(n))^2",0.88
77,1000,2,"T_Copula",2000,-1.5,"1(log(n))^2",0.18
78,1000,2,"T_Copula",2000,-1.5,"1(log(n))^2",0.19
79,1000,2,"T_Copula",2000,-1.5,"1(log(n))^2",0.9
80,1000,2,"T_Copula",2000,-1.5,"1(log(n))^2",0.98
81,1000,2,"T_Copula",2000,-1.5,"1(log(n))^2",0.58
82,1000,2,"T_Copula",2000,-1.5,"1(log(n))^2",0.29
83,1000,2,"T_Copula",2000,-1.5,"1(log(n))^2",0.86
84,1000,2,"T_Copula",2000,-1.5,"1(log(n))^2",0.98
85,1000,2,"T_Copula",2000,-1.5,"1(log(n))^2",0.75
86,1000,2,"T_Copula",2000,-1.5,"1(log(n))^2",0.56
87,1000,2,"T_Copula",2000,-1.5,"1(log(n))^2",0.18
88,1000,2,"T_Copula",2000,-1.5,"1(log(n))^2",0.81
89,1000,2,"T_Copula",2000,-1.5,"1(log(n))^2",0.55
90,1000,2,"T_Copula",2000,-1.5,"1(log(n))^2",0.53
91,1000,2,"T_Copula",2000,-1.5,"1(log(n))^2",0.63
92,1000,2,"T_Copula",2000,-1.5,"1(log(n))^2",0.36
93,1000,2,"T_Copula",2000,-1.5,"1(log(n))^2",0.7
94,1000,2,"T_Copula",2000,-1.5,"1(log(n))^2",0.43
95,1000,2,"T_Copula",2000,-1.5,"1(log(n))^2",0.63
96,1000,2,"T_Copula",2000,-1.5,"1(log(n))^2",0.08
97,1000,2,"T_Copula",2000,-1.5,"1(log(n))^2",0.63
98,1000,2,"T_Copula",2000,-1.5,"1(log(n))^2",0.68
99,1000,2,"T_Copula",2000,-1.5,"1(log(n))^2",0.98
100,1000,2,"T_Copula",2000,-1.5,"1(log(n))^2",0.93
101,1000,2,"T_Copula",2000,-1.5,"1(log(n))^2",0.39
102,1000,2,"T_Copula",2000,-1.5,"1(log(n))^2",0.06
103,1000,2,"T_Copula",2000,-1.5,"1(log(n))^2",0.92
104,1000,2,"T_Copula",2000,-1.5,"1(log(n))^2",0.29
105,1000,2,"T_Copula",2000,-1.5,"1(log(n))^2",0.65
106,1000,2,"T_Copula",2000,-1.5,"1(log(n))^2",0.57
107,1000,2,"T_Copula",2000,-1.5,"1(log(n))^2",0.29
108,1000,2,"T_Copula",2000,-1.5,"1(log(n))^2",0.41
109,1000,2,"T_Copula",2000,-1.5,"1(log(n))^2",0.31
110,1000,2,"T_Copula",2000,-1.5,"1(log(n))^2",0.18
111,1000,2,"T_Copula",2000,-1.5,"1(log(n))^2",0.58
112,1000,2,"T_Copula",2000,-1.5,"1(log(n))^2",0.67
113,1000,2,"T_Copula",2000,-1.5,"1(log(n))^2",0.83
114,1000,2,"T_Copula",2000,-1.5,"1(log(n))^2",0.53
115,1000,2,"T_Copula",2000,-1.5,"1(log(n))^2",0.52
116,1000,2,"T_Copula",2000,-1.5,"1(log(n))^2",0.4
117,1000,2,"T_Copula",2000,-1.5,"1(log(n))^2",0.34
118,1000,2,"T_Copula",2000,-1.5,"1(log(n))^2",0.04
119,1000,2,"T_Copula",2000,-1.5,"1(log(n))^2",0.98
120,1000,2,"T_Copula",2000,-1.5,"1(log(n))^2",0.67
121,1000,2,"T_Copula",2000,-1.5,"1(log(n))^2",0.06
122,1000,2,"T_Copula",2000,-1.5,"1(log(n))^2",0.8
123,1000,2,"T_Copula",2000,-1.5,"1(log(n))^2",0.59
124,1000,2,"T_Copula",2000,-1.5,"1(log(n))^2",0.41
125,1000,2,"T_Copula",2000,-1.5,"1(log(n))^2",0.72
126,1000,2,"T_Copula",2000,-1.5,"1(log(n))^2",0.17
127,1000,2,"T_Copula",2000,-1.5,"1(log(n))^2",0.46
128,1000,2,"T_Copula",2000,-1.5,"1(log(n))^2",0.34
129,1000,2,"T_Copula",2000,-1.5,"1(log(n))^2",0.36
130,1000,2,"T_Copula",2000,-1.5,"1(log(n))^2",0.55
131,1000,2,"T_Copula",2000,-1.5,"1(log(n))^2",0.64
132,1000,2,"T_Copula",2000,-1.5,"1(log(n))^2",0.7
133,1000,2,"T_Copula",2000,-1.5,"1(log(n))^2",0.6
134,1000,2,"T_Copula",2000,-1.5,"1(log(n))^2",0.38
135,1000,2,"T_Copula",2000,-1.5,"1(log(n))^2",0.8
136,1000,2,"T_Copula",2000,-1.5,"1(log(n))^2",0.64
137,1000,2,"T_Copula",2000,-1.5,"1(log(n))^2",0.35
138,1000,2,"T_Copula",2000,-1.5,"1(log(n))^2",0.46
139,1000,2,"T_Copula",2000,-1.5,"1(log(n))^2",0.93
140,1000,2,"T_Copula",2000,-1.5,"1(log(n))^2",0.76
141,1000,2,"T_Copula",2000,-1.5,"1(log(n))^2",1
142,1000,2,"T_Copula",2000,-1.5,"1(log(n))^2",0.46
143,1000,2,"T_Copula",2000,-1.5,"1(log(n))^2",0.46
144,1000,2,"T_Copula",2000,-1.5,"1(log(n))^2",0.27
145,1000,2,"T_Copula",2000,-1.5,"1(log(n))^2",0.1
146,1000,2,"T_Copula",2000,-1.5,"1(log(n))^2",0.82
147,1000,2,"T_Copula",2000,-1.5,"1(log(n))^2",0.47
148,1000,2,"T_Copula",2000,-1.5,"1(log(n))^2",0.17
149,1000,2,"T_Copula",2000,-1.5,"1(log(n))^2",0.6
150,1000,2,"T_Copula",2000,-1.5,"1(log(n))^2",0.83
151,1000,2,"T_Copula",2000,-1.5,"1(log(n))^2",0.77
152,1000,2,"T_Copula",2000,-1.5,"1(log(n))^2",0.16
153,1000,2,"T_Copula",2000,-1.5,"1(log(n))^2",0.38
154,1000,2,"T_Copula",2000,-1.5,"1(log(n))^2",0.41
155,1000,2,"T_Copula",2000,-1.5,"1(log(n))^2",0.17
156,1000,2,"T_Copula",2000,-1.5,"1(log(n))^2",0.5
157,1000,2,"T_Copula",2000,-1.5,"1(log(n))^2",0.66
158,1000,2,"T_Copula",2000,-1.5,"1(log(n))^2",0.27
159,1000,2,"T_Copula",2000,-1.5,"1(log(n))^2",0.98
160,1000,2,"T_Copula",2000,-1.5,"1(log(n))^2",0.55
161,1000,2,"T_Copula",2000,-1.5,"1(log(n))^2",0.31
162,1000,2,"T_Copula",2000,-1.5,"1(log(n))^2",0.02
163,1000,2,"T_Copula",2000,-1.5,"1(log(n))^2",0.33
164,1000,2,"T_Copula",2000,-1.5,"1(log(n))^2",0.93
165,1000,2,"T_Copula",2000,-1.5,"1(log(n))^2",0.03
166,1000,2,"T_Copula",2000,-1.5,"1(log(n))^2",0.17
167,1000,2,"T_Copula",2000,-1.5,"1(log(n))^2",0.52
168,1000,2,"T_Copula",2000,-1.5,"1(log(n))^2",0.44
169,1000,2,"T_Copula",2000,-1.5,"1(log(n))^2",0.24
170,1000,2,"T_Copula",2000,-1.5,"1(log(n))^2",0.75
171,1000,2,"T_Copula",2000,-1.5,"1(log(n))^2",0.23
172,1000,2,"T_Copula",2000,-1.5,"1(log(n))^2",0.89
173,1000,2,"T_Copula",2000,-1.5,"1(log(n))^2",0.96
174,1000,2,"T_Copula",2000,-1.5,"1(log(n))^2",0.78
175,1000,2,"T_Copula",2000,-1.5,"1(log(n))^2",0.71
176,1000,2,"T_Copula",2000,-1.5,"1(log(n))^2",0.94
177,1000,2,"T_Copula",2000,-1.5,"1(log(n))^2",0.12
178,1000,2,"T_Copula",2000,-1.5,"1(log(n))^2",0.59
179,1000,2,"T_Copula",2000,-1.5,"1(log(n))^2",0.59
180,1000,2,"T_Copula",2000,-1.5,"1(log(n))^2",0.23
181,1000,2,"T_Copula",2000,-1.5,"1(log(n))^2",0.97
182,1000,2,"T_Copula",2000,-1.5,"1(log(n))^2",0.9
183,1000,2,"T_Copula",2000,-1.5,"1(log(n))^2",0.54
184,1000,2,"T_Copula",2000,-1.5,"1(log(n))^2",0.84
185,1000,2,"T_Copula",2000,-1.5,"1(log(n))^2",0.01
186,1000,2,"T_Copula",2000,-1.5,"1(log(n))^2",0.65
187,1000,2,"T_Copula",2000,-1.5,"1(log(n))^2",0.46
188,1000,2,"T_Copula",2000,-1.5,"1(log(n))^2",0.31
189,1000,2,"T_Copula",2000,-1.5,"1(log(n))^2",0.93
190,1000,2,"T_Copula",2000,-1.5,"1(log(n))^2",0.91
191,1000,2,"T_Copula",2000,-1.5,"1(log(n))^2",0.61
192,1000,2,"T_Copula",2000,-1.5,"1(log(n))^2",0.89
193,1000,2,"T_Copula",2000,-1.5,"1(log(n))^2",0.63
194,1000,2,"T_Copula",2000,-1.5,"1(log(n))^2",0.29
195,1000,2,"T_Copula",2000,-1.5,"1(log(n))^2",0.83
196,1000,2,"T_Copula",2000,-1.5,"1(log(n))^2",0.97
197,1000,2,"T_Copula",2000,-1.5,"1(log(n))^2",0.45
198,1000,2,"T_Copula",2000,-1.5,"1(log(n))^2",0.69
199,1000,2,"T_Copula",2000,-1.5,"1(log(n))^2",0.64
200,1000,2,"T_Copula",2000,-1.5,"1(log(n))^2",0.85
201,1000,2,"T_Copula",2000,-1.5,"1(log(n))^2",0.37
202,1000,2,"T_Copula",2000,-1.5,"1(log(n))^2",0.39
203,1000,2,"T_Copula",2000,-1.5,"1(log(n))^2",0.45
204,1000,2,"T_Copula",2000,-1.5,"1(log(n))^2",0.4
205,1000,2,"T_Copula",2000,-1.5,"1(log(n))^2",0.74
206,1000,2,"T_Copula",2000,-1.5,"1(log(n))^2",0.15
207,1000,2,"T_Copula",2000,-1.5,"1(log(n))^2",0.56
208,1000,2,"T_Copula",2000,-1.5,"1(log(n))^2",0.81
209,1000,2,"T_Copula",2000,-1.5,"1(log(n))^2",0.76
210,1000,2,"T_Copula",2000,-1.5,"1(log(n))^2",0.34
211,1000,2,"T_Copula",2000,-1.5,"1(log(n))^2",0.69
212,1000,2,"T_Copula",2000,-1.5,"1(log(n))^2",0.5
213,1000,2,"T_Copula",2000,-1.5,"1(log(n))^2",0.96
214,1000,2,"T_Copula",2000,-1.5,"1(log(n))^2",0.6
215,1000,2,"T_Copula",2000,-1.5,"1(log(n))^2",0.64
216,1000,2,"T_Copula",2000,-1.5,"1(log(n))^2",0.62
217,1000,2,"T_Copula",2000,-1.5,"1(log(n))^2",0.6
218,1000,2,"T_Copula",2000,-1.5,"1(log(n))^2",0.43
219,1000,2,"T_Copula",2000,-1.5,"1(log(n))^2",0.47
220,1000,2,"T_Copula",2000,-1.5,"1(log(n))^2",0.27
221,1000,2,"T_Copula",2000,-1.5,"1(log(n))^2",0.65
222,1000,2,"T_Copula",2000,-1.5,"1(log(n))^2",0.42
223,1000,2,"T_Copula",2000,-1.5,"1(log(n))^2",0.33
224,1000,2,"T_Copula",2000,-1.5,"1(log(n))^2",0.37
225,1000,2,"T_Copula",2000,-1.5,"1(log(n))^2",0.13
226,1000,2,"T_Copula",2000,-1.5,"1(log(n))^2",0.83
227,1000,2,"T_Copula",2000,-1.5,"1(log(n))^2",0.74
228,1000,2,"T_Copula",2000,-1.5,"1(log(n))^2",0.67
229,1000,2,"T_Copula",2000,-1.5,"1(log(n))^2",0.38
230,1000,2,"T_Copula",2000,-1.5,"1(log(n))^2",0.52
231,1000,2,"T_Copula",2000,-1.5,"1(log(n))^2",0.38
232,1000,2,"T_Copula",2000,-1.5,"1(log(n))^2",0.04
233,1000,2,"T_Copula",2000,-1.5,"1(log(n))^2",1
234,1000,2,"T_Copula",2000,-1.5,"1(log(n))^2",0.41
235,1000,2,"T_Copula",2000,-1.5,"1(log(n))^2",0.13
236,1000,2,"T_Copula",2000,-1.5,"1(log(n))^2",0.81
237,1000,2,"T_Copula",2000,-1.5,"1(log(n))^2",0.41
238,1000,2,"T_Copula",2000,-1.5,"1(log(n))^2",0.68
239,1000,2,"T_Copula",2000,-1.5,"1(log(n))^2",0.24
240,1000,2,"T_Copula",2000,-1.5,"1(log(n))^2",0.24
241,1000,2,"T_Copula",2000,-1.5,"1(log(n))^2",0.57
242,1000,2,"T_Copula",2000,-1.5,"1(log(n))^2",0.56
243,1000,2,"T_Copula",2000,-1.5,"1(log(n))^2",0.38
244,1000,2,"T_Copula",2000,-1.5,"1(log(n))^2",0.13
245,1000,2,"T_Copula",2000,-1.5,"1(log(n))^2",0.46
246,1000,2,"T_Copula",2000,-1.5,"1(log(n))^2",0.36
247,1000,2,"T_Copula",2000,-1.5,"1(log(n))^2",0.46
248,1000,2,"T_Copula",2000,-1.5,"1(log(n))^2",0.89
249,1000,2,"T_Copula",2000,-1.5,"1(log(n))^2",0.69
250,1000,2,"T_Copula",2000,-1.5,"1(log(n))^2",0.22
251,1000,2,"T_Copula",2000,-1.5,"1(log(n))^2",0.41
252,1000,2,"T_Copula",2000,-1.5,"1(log(n))^2",0.24
253,1000,2,"T_Copula",2000,-1.5,"1(log(n))^2",0.49
254,1000,2,"T_Copula",2000,-1.5,"1(log(n))^2",0.47
255,1000,2,"T_Copula",2000,-1.5,"1(log(n))^2",0.93
256,1000,2,"T_Copula",2000,-1.5,"1(log(n))^2",0.41
257,1000,2,"T_Copula",2000,-1.5,"1(log(n))^2",0.14
258,1000,2,"T_Copula",2000,-1.5,"1(log(n))^2",0.91
259,1000,2,"T_Copula",2000,-1.5,"1(log(n))^2",0.96
260,1000,2,"T_Copula",2000,-1.5,"1(log(n))^2",0.98
261,1000,2,"T_Copula",2000,-1.5,"1(log(n))^2",0.36
262,1000,2,"T_Copula",2000,-1.5,"1(log(n))^2",0.13
263,1000,2,"T_Copula",2000,-1.5,"1(log(n))^2",1
264,1000,2,"T_Copula",2000,-1.5,"1(log(n))^2",0.21
265,1000,2,"T_Copula",2000,-1.5,"1(log(n))^2",0.12
266,1000,2,"T_Copula",2000,-1.5,"1(log(n))^2",0.18
267,1000,2,"T_Copula",2000,-1.5,"1(log(n))^2",0.26
268,1000,2,"T_Copula",2000,-1.5,"1(log(n))^2",0.83
269,1000,2,"T_Copula",2000,-1.5,"1(log(n))^2",0.28
270,1000,2,"T_Copula",2000,-1.5,"1(log(n))^2",0.71
271,1000,2,"T_Copula",2000,-1.5,"1(log(n))^2",1
272,1000,2,"T_Copula",2000,-1.5,"1(log(n))^2",0.44
273,1000,2,"T_Copula",2000,-1.5,"1(log(n))^2",1
274,1000,2,"T_Copula",2000,-1.5,"1(log(n))^2",0.93
275,1000,2,"T_Copula",2000,-1.5,"1(log(n))^2",0.89
276,1000,2,"T_Copula",2000,-1.5,"1(log(n))^2",0.04
277,1000,2,"T_Copula",2000,-1.5,"1(log(n))^2",0.03
278,1000,2,"T_Copula",2000,-1.5,"1(log(n))^2",0.32
279,1000,2,"T_Copula",2000,-1.5,"1(log(n))^2",0.29
280,1000,2,"T_Copula",2000,-1.5,"1(log(n))^2",0.43
281,1000,2,"T_Copula",2000,-1.5,"1(log(n))^2",0.92
282,1000,2,"T_Copula",2000,-1.5,"1(log(n))^2",1
283,1000,2,"T_Copula",2000,-1.5,"1(log(n))^2",0.43
284,1000,2,"T_Copula",2000,-1.5,"1(log(n))^2",0.78
285,1000,2,"T_Copula",2000,-1.5,"1(log(n))^2",0.63
286,1000,2,"T_Copula",2000,-1.5,"1(log(n))^2",0.86
287,1000,2,"T_Copula",2000,-1.5,"1(log(n))^2",0.76
288,1000,2,"T_Copula",2000,-1.5,"1(log(n))^2",0.99
289,1000,2,"T_Copula",2000,-1.5,"1(log(n))^2",1
290,1000,2,"T_Copula",2000,-1.5,"1(log(n))^2",0.72
291,1000,2,"T_Copula",2000,-1.5,"1(log(n))^2",0.99
292,1000,2,"T_Copula",2000,-1.5,"1(log(n))^2",0.53
293,1000,2,"T_Copula",2000,-1.5,"1(log(n))^2",0.85
294,1000,2,"T_Copula",2000,-1.5,"1(log(n))^2",0.9
295,1000,2,"T_Copula",2000,-1.5,"1(log(n))^2",0.98
296,1000,2,"T_Copula",2000,-1.5,"1(log(n))^2",0.94
297,1000,2,"T_Copula",2000,-1.5,"1(log(n))^2",0.23
298,1000,2,"T_Copula",2000,-1.5,"1(log(n))^2",0.81
299,1000,2,"T_Copula",2000,-1.5,"1(log(n))^2",0.34
300,1000,2,"T_Copula",2000,-1.5,"1(log(n))^2",0.15
301,1000,2,"T_Copula",2000,-1.5,"1(log(n))^2",0.92
302,1000,2,"T_Copula",2000,-1.5,"1(log(n))^2",0.33
303,1000,2,"T_Copula",2000,-1.5,"1(log(n))^2",0.53
304,1000,2,"T_Copula",2000,-1.5,"1(log(n))^2",0.34
305,1000,2,"T_Copula",2000,-1.5,"1(log(n))^2",0.23
306,1000,2,"T_Copula",2000,-1.5,"1(log(n))^2",0.44
307,1000,2,"T_Copula",2000,-1.5,"1(log(n))^2",0.39
308,1000,2,"T_Copula",2000,-1.5,"1(log(n))^2",0.92
309,1000,2,"T_Copula",2000,-1.5,"1(log(n))^2",0.97
310,1000,2,"T_Copula",2000,-1.5,"1(log(n))^2",0.95
311,1000,2,"T_Copula",2000,-1.5,"1(log(n))^2",0.58
312,1000,2,"T_Copula",2000,-1.5,"1(log(n))^2",0.15
313,1000,2,"T_Copula",2000,-1.5,"1(log(n))^2",0.52
314,1000,2,"T_Copula",2000,-1.5,"1(log(n))^2",0.13
315,1000,2,"T_Copula",2000,-1.5,"1(log(n))^2",0.15
316,1000,2,"T_Copula",2000,-1.5,"1(log(n))^2",0.83
317,1000,2,"T_Copula",2000,-1.5,"1(log(n))^2",0.92
318,1000,2,"T_Copula",2000,-1.5,"1(log(n))^2",0.87
319,1000,2,"T_Copula",2000,-1.5,"1(log(n))^2",0.74
320,1000,2,"T_Copula",2000,-1.5,"1(log(n))^2",0.86
321,1000,2,"T_Copula",2000,-1.5,"1(log(n))^2",0.55
322,1000,2,"T_Copula",2000,-1.5,"1(log(n))^2",0.64
323,1000,2,"T_Copula",2000,-1.5,"1(log(n))^2",0.2
324,1000,2,"T_Copula",2000,-1.5,"1(log(n))^2",0.74
325,1000,2,"T_Copula",2000,-1.5,"1(log(n))^2",0.93
326,1000,2,"T_Copula",2000,-1.5,"1(log(n))^2",0.05
327,1000,2,"T_Copula",2000,-1.5,"1(log(n))^2",0.33
328,1000,2,"T_Copula",2000,-1.5,"1(log(n))^2",0.53
329,1000,2,"T_Copula",2000,-1.5,"1(log(n))^2",0.2
330,1000,2,"T_Copula",2000,-1.5,"1(log(n))^2",0.69
331,1000,2,"T_Copula",2000,-1.5,"1(log(n))^2",0.66
332,1000,2,"T_Copula",2000,-1.5,"1(log(n))^2",0.47
333,1000,2,"T_Copula",2000,-1.5,"1(log(n))^2",0.77
334,1000,2,"T_Copula",2000,-1.5,"1(log(n))^2",0.56
335,1000,2,"T_Copula",2000,-1.5,"1(log(n))^2",0.54
336,1000,2,"T_Copula",2000,-1.5,"1(log(n))^2",0.85
337,1000,2,"T_Copula",2000,-1.5,"1(log(n))^2",0.81
338,1000,2,"T_Copula",2000,-1.5,"1(log(n))^2",0.3
339,1000,2,"T_Copula",2000,-1.5,"1(log(n))^2",0.39
340,1000,2,"T_Copula",2000,-1.5,"1(log(n))^2",0.23
341,1000,2,"T_Copula",2000,-1.5,"1(log(n))^2",0.82
342,1000,2,"T_Copula",2000,-1.5,"1(log(n))^2",0.55
343,1000,2,"T_Copula",2000,-1.5,"1(log(n))^2",0.91
344,1000,2,"T_Copula",2000,-1.5,"1(log(n))^2",0.82
345,1000,2,"T_Copula",2000,-1.5,"1(log(n))^2",0.91
346,1000,2,"T_Copula",2000,-1.5,"1(log(n))^2",0.24
347,1000,2,"T_Copula",2000,-1.5,"1(log(n))^2",0.73
348,1000,2,"T_Copula",2000,-1.5,"1(log(n))^2",0.98
349,1000,2,"T_Copula",2000,-1.5,"1(log(n))^2",0.87
350,1000,2,"T_Copula",2000,-1.5,"1(log(n))^2",0.27
351,1000,2,"T_Copula",2000,-1.5,"1(log(n))^2",1
352,1000,2,"T_Copula",2000,-1.5,"1(log(n))^2",0.49
353,1000,2,"T_Copula",2000,-1.5,"1(log(n))^2",0.84
354,1000,2,"T_Copula",2000,-1.5,"1(log(n))^2",0.93
355,1000,2,"T_Copula",2000,-1.5,"1(log(n))^2",0.29
356,1000,2,"T_Copula",2000,-1.5,"1(log(n))^2",0.71
357,1000,2,"T_Copula",2000,-1.5,"1(log(n))^2",0.87
358,1000,2,"T_Copula",2000,-1.5,"1(log(n))^2",0.3
359,1000,2,"T_Copula",2000,-1.5,"1(log(n))^2",0.32
360,1000,2,"T_Copula",2000,-1.5,"1(log(n))^2",0.23
361,1000,2,"T_Copula",2000,-1.5,"1(log(n))^2",0.9
362,1000,2,"T_Copula",2000,-1.5,"1(log(n))^2",0.52
363,1000,2,"T_Copula",2000,-1.5,"1(log(n))^2",0.44
364,1000,2,"T_Copula",2000,-1.5,"1(log(n))^2",0.88
365,1000,2,"T_Copula",2000,-1.5,"1(log(n))^2",0.36
366,1000,2,"T_Copula",2000,-1.5,"1(log(n))^2",0.51
367,1000,2,"T_Copula",2000,-1.5,"1(log(n))^2",0.45
368,1000,2,"T_Copula",2000,-1.5,"1(log(n))^2",0.69
369,1000,2,"T_Copula",2000,-1.5,"1(log(n))^2",0.97
370,1000,2,"T_Copula",2000,-1.5,"1(log(n))^2",0.92
371,1000,2,"T_Copula",2000,-1.5,"1(log(n))^2",0.33
372,1000,2,"T_Copula",2000,-1.5,"1(log(n))^2",0.12
373,1000,2,"T_Copula",2000,-1.5,"1(log(n))^2",0.68
374,1000,2,"T_Copula",2000,-1.5,"1(log(n))^2",0.95
375,1000,2,"T_Copula",2000,-1.5,"1(log(n))^2",0.19
376,1000,2,"T_Copula",2000,-1.5,"1(log(n))^2",0.99
377,1000,2,"T_Copula",2000,-1.5,"1(log(n))^2",0.99
378,1000,2,"T_Copula",2000,-1.5,"1(log(n))^2",0.12
379,1000,2,"T_Copula",2000,-1.5,"1(log(n))^2",0.22
380,1000,2,"T_Copula",2000,-1.5,"1(log(n))^2",0.13
381,1000,2,"T_Copula",2000,-1.5,"1(log(n))^2",0.69
382,1000,2,"T_Copula",2000,-1.5,"1(log(n))^2",0.63
383,1000,2,"T_Copula",2000,-1.5,"1(log(n))^2",0.15
384,1000,2,"T_Copula",2000,-1.5,"1(log(n))^2",0.54
385,1000,2,"T_Copula",2000,-1.5,"1(log(n))^2",0.61
386,1000,2,"T_Copula",2000,-1.5,"1(log(n))^2",0.32
387,1000,2,"T_Copula",2000,-1.5,"1(log(n))^2",0.77
388,1000,2,"T_Copula",2000,-1.5,"1(log(n))^2",0.97
389,1000,2,"T_Copula",2000,-1.5,"1(log(n))^2",0.85
390,1000,2,"T_Copula",2000,-1.5,"1(log(n))^2",0.06
391,1000,2,"T_Copula",2000,-1.5,"1(log(n))^2",0.36
392,1000,2,"T_Copula",2000,-1.5,"1(log(n))^2",0.16
393,1000,2,"T_Copula",2000,-1.5,"1(log(n))^2",0.22
394,1000,2,"T_Copula",2000,-1.5,"1(log(n))^2",0.9
395,1000,2,"T_Copula",2000,-1.5,"1(log(n))^2",0.02
396,1000,2,"T_Copula",2000,-1.5,"1(log(n))^2",0.43
397,1000,2,"T_Copula",2000,-1.5,"1(log(n))^2",0.25
398,1000,2,"T_Copula",2000,-1.5,"1(log(n))^2",0.1
399,1000,2,"T_Copula",2000,-1.5,"1(log(n))^2",0.22
400,1000,2,"T_Copula",2000,-1.5,"1(log(n))^2",0.31
401,1000,2,"T_Copula",2000,-1.5,"1(log(n))^2",0.92
402,1000,2,"T_Copula",2000,-1.5,"1(log(n))^2",0.56
403,1000,2,"T_Copula",2000,-1.5,"1(log(n))^2",0.91
404,1000,2,"T_Copula",2000,-1.5,"1(log(n))^2",0.99
405,1000,2,"T_Copula",2000,-1.5,"1(log(n))^2",0.61
406,1000,2,"T_Copula",2000,-1.5,"1(log(n))^2",0.94
407,1000,2,"T_Copula",2000,-1.5,"1(log(n))^2",0.89
408,1000,2,"T_Copula",2000,-1.5,"1(log(n))^2",0.81
409,1000,2,"T_Copula",2000,-1.5,"1(log(n))^2",0.73
410,1000,2,"T_Copula",2000,-1.5,"1(log(n))^2",0.17
411,1000,2,"T_Copula",2000,-1.5,"1(log(n))^2",0.19
412,1000,2,"T_Copula",2000,-1.5,"1(log(n))^2",0.81
413,1000,2,"T_Copula",2000,-1.5,"1(log(n))^2",0.86
414,1000,2,"T_Copula",2000,-1.5,"1(log(n))^2",0.96
415,1000,2,"T_Copula",2000,-1.5,"1(log(n))^2",0.76
416,1000,2,"T_Copula",2000,-1.5,"1(log(n))^2",0.84
417,1000,2,"T_Copula",2000,-1.5,"1(log(n))^2",0.61
418,1000,2,"T_Copula",2000,-1.5,"1(log(n))^2",0.88
419,1000,2,"T_Copula",2000,-1.5,"1(log(n))^2",0.62
420,1000,2,"T_Copula",2000,-1.5,"1(log(n))^2",0.01
421,1000,2,"T_Copula",2000,-1.5,"1(log(n))^2",0.43
422,1000,2,"T_Copula",2000,-1.5,"1(log(n))^2",0.47
423,1000,2,"T_Copula",2000,-1.5,"1(log(n))^2",0.82
424,1000,2,"T_Copula",2000,-1.5,"1(log(n))^2",0.9
425,1000,2,"T_Copula",2000,-1.5,"1(log(n))^2",0.77
426,1000,2,"T_Copula",2000,-1.5,"1(log(n))^2",0.79
427,1000,2,"T_Copula",2000,-1.5,"1(log(n))^2",0.79
428,1000,2,"T_Copula",2000,-1.5,"1(log(n))^2",0.99
429,1000,2,"T_Copula",2000,-1.5,"1(log(n))^2",0.73
430,1000,2,"T_Copula",2000,-1.5,"1(log(n))^2",0.96
431,1000,2,"T_Copula",2000,-1.5,"1(log(n))^2",0.28
432,1000,2,"T_Copula",2000,-1.5,"1(log(n))^2",0.8
433,1000,2,"T_Copula",2000,-1.5,"1(log(n))^2",0.72
434,1000,2,"T_Copula",2000,-1.5,"1(log(n))^2",0.78
435,1000,2,"T_Copula",2000,-1.5,"1(log(n))^2",0.27
436,1000,2,"T_Copula",2000,-1.5,"1(log(n))^2",0.83
437,1000,2,"T_Copula",2000,-1.5,"1(log(n))^2",0.35
438,1000,2,"T_Copula",2000,-1.5,"1(log(n))^2",0.97
439,1000,2,"T_Copula",2000,-1.5,"1(log(n))^2",0.98
440,1000,2,"T_Copula",2000,-1.5,"1(log(n))^2",0.75
441,1000,2,"T_Copula",2000,-1.5,"1(log(n))^2",0.08
442,1000,2,"T_Copula",2000,-1.5,"1(log(n))^2",0.83
443,1000,2,"T_Copula",2000,-1.5,"1(log(n))^2",0.45
444,1000,2,"T_Copula",2000,-1.5,"1(log(n))^2",0.24
445,1000,2,"T_Copula",2000,-1.5,"1(log(n))^2",0.25
446,1000,2,"T_Copula",2000,-1.5,"1(log(n))^2",0.57
447,1000,2,"T_Copula",2000,-1.5,"1(log(n))^2",0.81
448,1000,2,"T_Copula",2000,-1.5,"1(log(n))^2",0.06
449,1000,2,"T_Copula",2000,-1.5,"1(log(n))^2",0.3
450,1000,2,"T_Copula",2000,-1.5,"1(log(n))^2",0.68
451,1000,2,"T_Copula",2000,-1.5,"1(log(n))^2",0.65
452,1000,2,"T_Copula",2000,-1.5,"1(log(n))^2",0.82
453,1000,2,"T_Copula",2000,-1.5,"1(log(n))^2",0.61
454,1000,2,"T_Copula",2000,-1.5,"1(log(n))^2",0.59
455,1000,2,"T_Copula",2000,-1.5,"1(log(n))^2",0.93
456,1000,2,"T_Copula",2000,-1.5,"1(log(n))^2",0.39
457,1000,2,"T_Copula",2000,-1.5,"1(log(n))^2",0.48
458,1000,2,"T_Copula",2000,-1.5,"1(log(n))^2",0.94
459,1000,2,"T_Copula",2000,-1.5,"1(log(n))^2",0.98
460,1000,2,"T_Copula",2000,-1.5,"1(log(n))^2",0.77
461,1000,2,"T_Copula",2000,-1.5,"1(log(n))^2",0.81
462,1000,2,"T_Copula",2000,-1.5,"1(log(n))^2",0.61
463,1000,2,"T_Copula",2000,-1.5,"1(log(n))^2",0.28
464,1000,2,"T_Copula",2000,-1.5,"1(log(n))^2",0.7
465,1000,2,"T_Copula",2000,-1.5,"1(log(n))^2",0.61
466,1000,2,"T_Copula",2000,-1.5,"1(log(n))^2",0.65
467,1000,2,"T_Copula",2000,-1.5,"1(log(n))^2",0.97
468,1000,2,"T_Copula",2000,-1.5,"1(log(n))^2",0.93
469,1000,2,"T_Copula",2000,-1.5,"1(log(n))^2",0.59
470,1000,2,"T_Copula",2000,-1.5,"1(log(n))^2",0.25
471,1000,2,"T_Copula",2000,-1.5,"1(log(n))^2",0.59
472,1000,2,"T_Copula",2000,-1.5,"1(log(n))^2",0.13
473,1000,2,"T_Copula",2000,-1.5,"1(log(n))^2",0.73
474,1000,2,"T_Copula",2000,-1.5,"1(log(n))^2",0.84
475,1000,2,"T_Copula",2000,-1.5,"1(log(n))^2",0.92
476,1000,2,"T_Copula",2000,-1.5,"1(log(n))^2",0.9
477,1000,2,"T_Copula",2000,-1.5,"1(log(n))^2",0.62
478,1000,2,"T_Copula",2000,-1.5,"1(log(n))^2",0.47
479,1000,2,"T_Copula",2000,-1.5,"1(log(n))^2",0.91
480,1000,2,"T_Copula",2000,-1.5,"1(log(n))^2",0.74
481,1000,2,"T_Copula",2000,-1.5,"1(log(n))^2",1
482,1000,2,"T_Copula",2000,-1.5,"1(log(n))^2",0.22
483,1000,2,"T_Copula",2000,-1.5,"1(log(n))^2",0.93
484,1000,2,"T_Copula",2000,-1.5,"1(log(n))^2",0.72
485,1000,2,"T_Copula",2000,-1.5,"1(log(n))^2",0.77
486,1000,2,"T_Copula",2000,-1.5,"1(log(n))^2",0.78
487,1000,2,"T_Copula",2000,-1.5,"1(log(n))^2",0.4
488,1000,2,"T_Copula",2000,-1.5,"1(log(n))^2",0.15
489,1000,2,"T_Copula",2000,-1.5,"1(log(n))^2",0.3
490,1000,2,"T_Copula",2000,-1.5,"1(log(n))^2",0.5
491,1000,2,"T_Copula",2000,-1.5,"1(log(n))^2",0.83
492,1000,2,"T_Copula",2000,-1.5,"1(log(n))^2",0.85
493,1000,2,"T_Copula",2000,-1.5,"1(log(n))^2",0.87
494,1000,2,"T_Copula",2000,-1.5,"1(log(n))^2",0.03
495,1000,2,"T_Copula",2000,-1.5,"1(log(n))^2",0.75
496,1000,2,"T_Copula",2000,-1.5,"1(log(n))^2",0.2
497,1000,2,"T_Copula",2000,-1.5,"1(log(n))^2",0.59
498,1000,2,"T_Copula",2000,-1.5,"1(log(n))^2",0.88
499,1000,2,"T_Copula",2000,-1.5,"1(log(n))^2",0.66
500,1000,2,"T_Copula",2000,-1.5,"1(log(n))^2",0.67
501,1000,2,"T_Copula",2000,-1.5,"1(log(n))^2",0.67
502,1000,2,"T_Copula",2000,-1.5,"1(log(n))^2",0.78
503,1000,2,"T_Copula",2000,-1.5,"1(log(n))^2",0.45
504,1000,2,"T_Copula",2000,-1.5,"1(log(n))^2",0.32
505,1000,2,"T_Copula",2000,-1.5,"1(log(n))^2",0.94
506,1000,2,"T_Copula",2000,-1.5,"1(log(n))^2",0.02
507,1000,2,"T_Copula",2000,-1.5,"1(log(n))^2",0.54
508,1000,2,"T_Copula",2000,-1.5,"1(log(n))^2",0.69
509,1000,2,"T_Copula",2000,-1.5,"1(log(n))^2",0.12
510,1000,2,"T_Copula",2000,-1.5,"1(log(n))^2",0.72
511,1000,2,"T_Copula",2000,-1.5,"1(log(n))^2",0.66
512,1000,2,"T_Copula",2000,-1.5,"1(log(n))^2",0.79
513,1000,2,"T_Copula",2000,-1.5,"1(log(n))^2",0.14
514,1000,2,"T_Copula",2000,-1.5,"1(log(n))^2",0.72
515,1000,2,"T_Copula",2000,-1.5,"1(log(n))^2",0.19
516,1000,2,"T_Copula",2000,-1.5,"1(log(n))^2",0.21
517,1000,2,"T_Copula",2000,-1.5,"1(log(n))^2",0.96
518,1000,2,"T_Copula",2000,-1.5,"1(log(n))^2",0.11
519,1000,2,"T_Copula",2000,-1.5,"1(log(n))^2",0.99
520,1000,2,"T_Copula",2000,-1.5,"1(log(n))^2",0.95
521,1000,2,"T_Copula",2000,-1.5,"1(log(n))^2",0.84
522,1000,2,"T_Copula",2000,-1.5,"1(log(n))^2",0.77
523,1000,2,"T_Copula",2000,-1.5,"1(log(n))^2",0.49
524,1000,2,"T_Copula",2000,-1.5,"1(log(n))^2",0.41
525,1000,2,"T_Copula",2000,-1.5,"1(log(n))^2",0.4
526,1000,2,"T_Copula",2000,-1.5,"1(log(n))^2",0.6
527,1000,2,"T_Copula",2000,-1.5,"1(log(n))^2",0.99
528,1000,2,"T_Copula",2000,-1.5,"1(log(n))^2",0.32
529,1000,2,"T_Copula",2000,-1.5,"1(log(n))^2",0.7
530,1000,2,"T_Copula",2000,-1.5,"1(log(n))^2",0.89
531,1000,2,"T_Copula",2000,-1.5,"1(log(n))^2",0.07
532,1000,2,"T_Copula",2000,-1.5,"1(log(n))^2",0.29
533,1000,2,"T_Copula",2000,-1.5,"1(log(n))^2",0.32
534,1000,2,"T_Copula",2000,-1.5,"1(log(n))^2",0.3
535,1000,2,"T_Copula",2000,-1.5,"1(log(n))^2",0.89
536,1000,2,"T_Copula",2000,-1.5,"1(log(n))^2",0.8
537,1000,2,"T_Copula",2000,-1.5,"1(log(n))^2",0.75
538,1000,2,"T_Copula",2000,-1.5,"1(log(n))^2",0.1
539,1000,2,"T_Copula",2000,-1.5,"1(log(n))^2",0.17
540,1000,2,"T_Copula",2000,-1.5,"1(log(n))^2",0.28
541,1000,2,"T_Copula",2000,-1.5,"1(log(n))^2",0.68
542,1000,2,"T_Copula",2000,-1.5,"1(log(n))^2",0.93
543,1000,2,"T_Copula",2000,-1.5,"1(log(n))^2",0.52
544,1000,2,"T_Copula",2000,-1.5,"1(log(n))^2",0.3
545,1000,2,"T_Copula",2000,-1.5,"1(log(n))^2",0.71
546,1000,2,"T_Copula",2000,-1.5,"1(log(n))^2",0.79
547,1000,2,"T_Copula",2000,-1.5,"1(log(n))^2",0.88
548,1000,2,"T_Copula",2000,-1.5,"1(log(n))^2",1
549,1000,2,"T_Copula",2000,-1.5,"1(log(n))^2",0.32
550,1000,2,"T_Copula",2000,-1.5,"1(log(n))^2",0.32
551,1000,2,"T_Copula",2000,-1.5,"1(log(n))^2",0.57
552,1000,2,"T_Copula",2000,-1.5,"1(log(n))^2",0.27
553,1000,2,"T_Copula",2000,-1.5,"1(log(n))^2",0.98
554,1000,2,"T_Copula",2000,-1.5,"1(log(n))^2",0.37
555,1000,2,"T_Copula",2000,-1.5,"1(log(n))^2",0.66
556,1000,2,"T_Copula",2000,-1.5,"1(log(n))^2",0.91
557,1000,2,"T_Copula",2000,-1.5,"1(log(n))^2",0.96
558,1000,2,"T_Copula",2000,-1.5,"1(log(n))^2",0.1
559,1000,2,"T_Copula",2000,-1.5,"1(log(n))^2",0.52
560,1000,2,"T_Copula",2000,-1.5,"1(log(n))^2",0.85
561,1000,2,"T_Copula",2000,-1.5,"1(log(n))^2",0.33
562,1000,2,"T_Copula",2000,-1.5,"1(log(n))^2",0.69
563,1000,2,"T_Copula",2000,-1.5,"1(log(n))^2",0.05
564,1000,2,"T_Copula",2000,-1.5,"1(log(n))^2",0.62
565,1000,2,"T_Copula",2000,-1.5,"1(log(n))^2",0.63
566,1000,2,"T_Copula",2000,-1.5,"1(log(n))^2",0.52
567,1000,2,"T_Copula",2000,-1.5,"1(log(n))^2",0
568,1000,2,"T_Copula",2000,-1.5,"1(log(n))^2",0.49
569,1000,2,"T_Copula",2000,-1.5,"1(log(n))^2",0.14
570,1000,2,"T_Copula",2000,-1.5,"1(log(n))^2",0.69
571,1000,2,"T_Copula",2000,-1.5,"1(log(n))^2",0.27
572,1000,2,"T_Copula",2000,-1.5,"1(log(n))^2",0.51
573,1000,2,"T_Copula",2000,-1.5,"1(log(n))^2",0.72
574,1000,2,"T_Copula",2000,-1.5,"1(log(n))^2",0.16
575,1000,2,"T_Copula",2000,-1.5,"1(log(n))^2",0.41
576,1000,2,"T_Copula",2000,-1.5,"1(log(n))^2",0.22
577,1000,2,"T_Copula",2000,-1.5,"1(log(n))^2",0.39
578,1000,2,"T_Copula",2000,-1.5,"1(log(n))^2",0.91
579,1000,2,"T_Copula",2000,-1.5,"1(log(n))^2",0.62
580,1000,2,"T_Copula",2000,-1.5,"1(log(n))^2",0.46
581,1000,2,"T_Copula",2000,-1.5,"1(log(n))^2",0.63
582,1000,2,"T_Copula",2000,-1.5,"1(log(n))^2",0.7
583,1000,2,"T_Copula",2000,-1.5,"1(log(n))^2",0.43
584,1000,2,"T_Copula",2000,-1.5,"1(log(n))^2",0.94
585,1000,2,"T_Copula",2000,-1.5,"1(log(n))^2",0.8
586,1000,2,"T_Copula",2000,-1.5,"1(log(n))^2",0.93
587,1000,2,"T_Copula",2000,-1.5,"1(log(n))^2",0.62
588,1000,2,"T_Copula",2000,-1.5,"1(log(n))^2",1
589,1000,2,"T_Copula",2000,-1.5,"1(log(n))^2",0.05
590,1000,2,"T_Copula",2000,-1.5,"1(log(n))^2",0.38
591,1000,2,"T_Copula",2000,-1.5,"1(log(n))^2",0.69
592,1000,2,"T_Copula",2000,-1.5,"1(log(n))^2",0.67
593,1000,2,"T_Copula",2000,-1.5,"1(log(n))^2",0.33
594,1000,2,"T_Copula",2000,-1.5,"1(log(n))^2",0.77
595,1000,2,"T_Copula",2000,-1.5,"1(log(n))^2",0.62
596,1000,2,"T_Copula",2000,-1.5,"1(log(n))^2",0.72
597,1000,2,"T_Copula",2000,-1.5,"1(log(n))^2",0.89
598,1000,2,"T_Copula",2000,-1.5,"1(log(n))^2",0.91
599,1000,2,"T_Copula",2000,-1.5,"1(log(n))^2",0.61
600,1000,2,"T_Copula",2000,-1.5,"1(log(n))^2",0.05
601,1000,2,"T_Copula",2000,-1.5,"1(log(n))^2",0.6
602,1000,2,"T_Copula",2000,-1.5,"1(log(n))^2",0.16
603,1000,2,"T_Copula",2000,-1.5,"1(log(n))^2",0.49
604,1000,2,"T_Copula",2000,-1.5,"1(log(n))^2",0.08
605,1000,2,"T_Copula",2000,-1.5,"1(log(n))^2",0.04
606,1000,2,"T_Copula",2000,-1.5,"1(log(n))^2",0.15
607,1000,2,"T_Copula",2000,-1.5,"1(log(n))^2",1
608,1000,2,"T_Copula",2000,-1.5,"1(log(n))^2",0.16
609,1000,2,"T_Copula",2000,-1.5,"1(log(n))^2",0.36
610,1000,2,"T_Copula",2000,-1.5,"1(log(n))^2",0.75
611,1000,2,"T_Copula",2000,-1.5,"1(log(n))^2",0.09
612,1000,2,"T_Copula",2000,-1.5,"1(log(n))^2",0.55
613,1000,2,"T_Copula",2000,-1.5,"1(log(n))^2",0.34
614,1000,2,"T_Copula",2000,-1.5,"1(log(n))^2",0.26
615,1000,2,"T_Copula",2000,-1.5,"1(log(n))^2",0.81
616,1000,2,"T_Copula",2000,-1.5,"1(log(n))^2",0.69
617,1000,2,"T_Copula",2000,-1.5,"1(log(n))^2",1
618,1000,2,"T_Copula",2000,-1.5,"1(log(n))^2",0.39
619,1000,2,"T_Copula",2000,-1.5,"1(log(n))^2",0.95
620,1000,2,"T_Copula",2000,-1.5,"1(log(n))^2",0.49
621,1000,2,"T_Copula",2000,-1.5,"1(log(n))^2",0.44
622,1000,2,"T_Copula",2000,-1.5,"1(log(n))^2",0.34
623,1000,2,"T_Copula",2000,-1.5,"1(log(n))^2",0.67
624,1000,2,"T_Copula",2000,-1.5,"1(log(n))^2",0.19
625,1000,2,"T_Copula",2000,-1.5,"1(log(n))^2",0.72
626,1000,2,"T_Copula",2000,-1.5,"1(log(n))^2",0.89
627,1000,2,"T_Copula",2000,-1.5,"1(log(n))^2",0.19
628,1000,2,"T_Copula",2000,-1.5,"1(log(n))^2",0.46
629,1000,2,"T_Copula",2000,-1.5,"1(log(n))^2",0.45
630,1000,2,"T_Copula",2000,-1.5,"1(log(n))^2",0.6
631,1000,2,"T_Copula",2000,-1.5,"1(log(n))^2",0.73
632,1000,2,"T_Copula",2000,-1.5,"1(log(n))^2",0.8
633,1000,2,"T_Copula",2000,-1.5,"1(log(n))^2",0.96
634,1000,2,"T_Copula",2000,-1.5,"1(log(n))^2",0.53
635,1000,2,"T_Copula",2000,-1.5,"1(log(n))^2",0.4
636,1000,2,"T_Copula",2000,-1.5,"1(log(n))^2",0.29
637,1000,2,"T_Copula",2000,-1.5,"1(log(n))^2",0.57
638,1000,2,"T_Copula",2000,-1.5,"1(log(n))^2",0.44
639,1000,2,"T_Copula",2000,-1.5,"1(log(n))^2",0.92
640,1000,2,"T_Copula",2000,-1.5,"1(log(n))^2",0.2
641,1000,2,"T_Copula",2000,-1.5,"1(log(n))^2",0.07
642,1000,2,"T_Copula",2000,-1.5,"1(log(n))^2",0.86
643,1000,2,"T_Copula",2000,-1.5,"1(log(n))^2",0.09
644,1000,2,"T_Copula",2000,-1.5,"1(log(n))^2",0.83
645,1000,2,"T_Copula",2000,-1.5,"1(log(n))^2",1
646,1000,2,"T_Copula",2000,-1.5,"1(log(n))^2",0.46
647,1000,2,"T_Copula",2000,-1.5,"1(log(n))^2",0.54
648,1000,2,"T_Copula",2000,-1.5,"1(log(n))^2",0.93
649,1000,2,"T_Copula",2000,-1.5,"1(log(n))^2",0.41
650,1000,2,"T_Copula",2000,-1.5,"1(log(n))^2",0.83
651,1000,2,"T_Copula",2000,-1.5,"1(log(n))^2",0.8
652,1000,2,"T_Copula",2000,-1.5,"1(log(n))^2",0.52
653,1000,2,"T_Copula",2000,-1.5,"1(log(n))^2",0.94
654,1000,2,"T_Copula",2000,-1.5,"1(log(n))^2",0.61
655,1000,2,"T_Copula",2000,-1.5,"1(log(n))^2",0.7
656,1000,2,"T_Copula",2000,-1.5,"1(log(n))^2",0.59
657,1000,2,"T_Copula",2000,-1.5,"1(log(n))^2",0.97
658,1000,2,"T_Copula",2000,-1.5,"1(log(n))^2",0.5
659,1000,2,"T_Copula",2000,-1.5,"1(log(n))^2",0.79
660,1000,2,"T_Copula",2000,-1.5,"1(log(n))^2",0.5
661,1000,2,"T_Copula",2000,-1.5,"1(log(n))^2",0.5
662,1000,2,"T_Copula",2000,-1.5,"1(log(n))^2",0.84
663,1000,2,"T_Copula",2000,-1.5,"1(log(n))^2",0.2
664,1000,2,"T_Copula",2000,-1.5,"1(log(n))^2",0.54
665,1000,2,"T_Copula",2000,-1.5,"1(log(n))^2",0.53
666,1000,2,"T_Copula",2000,-1.5,"1(log(n))^2",0.08
667,1000,2,"T_Copula",2000,-1.5,"1(log(n))^2",0.39
668,1000,2,"T_Copula",2000,-1.5,"1(log(n))^2",0.45
669,1000,2,"T_Copula",2000,-1.5,"1(log(n))^2",0.68
670,1000,2,"T_Copula",2000,-1.5,"1(log(n))^2",0.83
671,1000,2,"T_Copula",2000,-1.5,"1(log(n))^2",0.07
672,1000,2,"T_Copula",2000,-1.5,"1(log(n))^2",0.94
673,1000,2,"T_Copula",2000,-1.5,"1(log(n))^2",0.57
674,1000,2,"T_Copula",2000,-1.5,"1(log(n))^2",0.68
675,1000,2,"T_Copula",2000,-1.5,"1(log(n))^2",0.85
676,1000,2,"T_Copula",2000,-1.5,"1(log(n))^2",0.52
677,1000,2,"T_Copula",2000,-1.5,"1(log(n))^2",0.43
678,1000,2,"T_Copula",2000,-1.5,"1(log(n))^2",0.63
679,1000,2,"T_Copula",2000,-1.5,"1(log(n))^2",0.7
680,1000,2,"T_Copula",2000,-1.5,"1(log(n))^2",1
681,1000,2,"T_Copula",2000,-1.5,"1(log(n))^2",0.98
682,1000,2,"T_Copula",2000,-1.5,"1(log(n))^2",0.45
683,1000,2,"T_Copula",2000,-1.5,"1(log(n))^2",0.22
684,1000,2,"T_Copula",2000,-1.5,"1(log(n))^2",0.45
685,1000,2,"T_Copula",2000,-1.5,"1(log(n))^2",0.86
686,1000,2,"T_Copula",2000,-1.5,"1(log(n))^2",0.14
687,1000,2,"T_Copula",2000,-1.5,"1(log(n))^2",0.75
688,1000,2,"T_Copula",2000,-1.5,"1(log(n))^2",0.13
689,1000,2,"T_Copula",2000,-1.5,"1(log(n))^2",0.14
690,1000,2,"T_Copula",2000,-1.5,"1(log(n))^2",0.8
691,1000,2,"T_Copula",2000,-1.5,"1(log(n))^2",0.86
692,1000,2,"T_Copula",2000,-1.5,"1(log(n))^2",0.56
693,1000,2,"T_Copula",2000,-1.5,"1(log(n))^2",0.05
694,1000,2,"T_Copula",2000,-1.5,"1(log(n))^2",0.25
695,1000,2,"T_Copula",2000,-1.5,"1(log(n))^2",0.61
696,1000,2,"T_Copula",2000,-1.5,"1(log(n))^2",0.56
697,1000,2,"T_Copula",2000,-1.5,"1(log(n))^2",0.87
698,1000,2,"T_Copula",2000,-1.5,"1(log(n))^2",0.8
699,1000,2,"T_Copula",2000,-1.5,"1(log(n))^2",0.7
700,1000,2,"T_Copula",2000,-1.5,"1(log(n))^2",0.08
701,1000,2,"T_Copula",2000,-1.5,"1(log(n))^2",0.84
702,1000,2,"T_Copula",2000,-1.5,"1(log(n))^2",0.68
703,1000,2,"T_Copula",2000,-1.5,"1(log(n))^2",0.33
704,1000,2,"T_Copula",2000,-1.5,"1(log(n))^2",0.77
705,1000,2,"T_Copula",2000,-1.5,"1(log(n))^2",0.5
706,1000,2,"T_Copula",2000,-1.5,"1(log(n))^2",0.15
707,1000,2,"T_Copula",2000,-1.5,"1(log(n))^2",0.17
708,1000,2,"T_Copula",2000,-1.5,"1(log(n))^2",0.66
709,1000,2,"T_Copula",2000,-1.5,"1(log(n))^2",0.43
710,1000,2,"T_Copula",2000,-1.5,"1(log(n))^2",1
711,1000,2,"T_Copula",2000,-1.5,"1(log(n))^2",1
712,1000,2,"T_Copula",2000,-1.5,"1(log(n))^2",0.85
713,1000,2,"T_Copula",2000,-1.5,"1(log(n))^2",0.84
714,1000,2,"T_Copula",2000,-1.5,"1(log(n))^2",0.84
715,1000,2,"T_Copula",2000,-1.5,"1(log(n))^2",0.92
716,1000,2,"T_Copula",2000,-1.5,"1(log(n))^2",0.15
717,1000,2,"T_Copula",2000,-1.5,"1(log(n))^2",0.55
718,1000,2,"T_Copula",2000,-1.5,"1(log(n))^2",0.38
719,1000,2,"T_Copula",2000,-1.5,"1(log(n))^2",0.38
720,1000,2,"T_Copula",2000,-1.5,"1(log(n))^2",0.3
721,1000,2,"T_Copula",2000,-1.5,"1(log(n))^2",0.56
722,1000,2,"T_Copula",2000,-1.5,"1(log(n))^2",0.49
723,1000,2,"T_Copula",2000,-1.5,"1(log(n))^2",0.76
724,1000,2,"T_Copula",2000,-1.5,"1(log(n))^2",0.88
725,1000,2,"T_Copula",2000,-1.5,"1(log(n))^2",0.33
726,1000,2,"T_Copula",2000,-1.5,"1(log(n))^2",0.87
727,1000,2,"T_Copula",2000,-1.5,"1(log(n))^2",0.2
728,1000,2,"T_Copula",2000,-1.5,"1(log(n))^2",0.55
729,1000,2,"T_Copula",2000,-1.5,"1(log(n))^2",0.61
730,1000,2,"T_Copula",2000,-1.5,"1(log(n))^2",0.73
731,1000,2,"T_Copula",2000,-1.5,"1(log(n))^2",0.97
732,1000,2,"T_Copula",2000,-1.5,"1(log(n))^2",0.44
733,1000,2,"T_Copula",2000,-1.5,"1(log(n))^2",0.52
734,1000,2,"T_Copula",2000,-1.5,"1(log(n))^2",0.7
735,1000,2,"T_Copula",2000,-1.5,"1(log(n))^2",1
736,1000,2,"T_Copula",2000,-1.5,"1(log(n))^2",0.23
737,1000,2,"T_Copula",2000,-1.5,"1(log(n))^2",0.22
738,1000,2,"T_Copula",2000,-1.5,"1(log(n))^2",0.76
739,1000,2,"T_Copula",2000,-1.5,"1(log(n))^2",0.76
740,1000,2,"T_Copula",2000,-1.5,"1(log(n))^2",0.77
741,1000,2,"T_Copula",2000,-1.5,"1(log(n))^2",0.65
742,1000,2,"T_Copula",2000,-1.5,"1(log(n))^2",0.59
743,1000,2,"T_Copula",2000,-1.5,"1(log(n))^2",0.26
744,1000,2,"T_Copula",2000,-1.5,"1(log(n))^2",0.89
745,1000,2,"T_Copula",2000,-1.5,"1(log(n))^2",0.64
746,1000,2,"T_Copula",2000,-1.5,"1(log(n))^2",0.5
747,1000,2,"T_Copula",2000,-1.5,"1(log(n))^2",0.56
748,1000,2,"T_Copula",2000,-1.5,"1(log(n))^2",0.41
749,1000,2,"T_Copula",2000,-1.5,"1(log(n))^2",0.67
750,1000,2,"T_Copula",2000,-1.5,"1(log(n))^2",0.58
751,1000,2,"T_Copula",2000,-1.5,"1(log(n))^2",0.66
752,1000,2,"T_Copula",2000,-1.5,"1(log(n))^2",0.46
753,1000,2,"T_Copula",2000,-1.5,"1(log(n))^2",0.86
754,1000,2,"T_Copula",2000,-1.5,"1(log(n))^2",0.87
755,1000,2,"T_Copula",2000,-1.5,"1(log(n))^2",0.27
756,1000,2,"T_Copula",2000,-1.5,"1(log(n))^2",0.25
757,1000,2,"T_Copula",2000,-1.5,"1(log(n))^2",0.82
758,1000,2,"T_Copula",2000,-1.5,"1(log(n))^2",0.42
759,1000,2,"T_Copula",2000,-1.5,"1(log(n))^2",0.87
760,1000,2,"T_Copula",2000,-1.5,"1(log(n))^2",0.97
761,1000,2,"T_Copula",2000,-1.5,"1(log(n))^2",0.58
762,1000,2,"T_Copula",2000,-1.5,"1(log(n))^2",0.07
763,1000,2,"T_Copula",2000,-1.5,"1(log(n))^2",0.01
764,1000,2,"T_Copula",2000,-1.5,"1(log(n))^2",0.22
765,1000,2,"T_Copula",2000,-1.5,"1(log(n))^2",0.43
766,1000,2,"T_Copula",2000,-1.5,"1(log(n))^2",0.54
767,1000,2,"T_Copula",2000,-1.5,"1(log(n))^2",0.2
768,1000,2,"T_Copula",2000,-1.5,"1(log(n))^2",0.15
769,1000,2,"T_Copula",2000,-1.5,"1(log(n))^2",0.95
770,1000,2,"T_Copula",2000,-1.5,"1(log(n))^2",0.5
771,1000,2,"T_Copula",2000,-1.5,"1(log(n))^2",0.97
772,1000,2,"T_Copula",2000,-1.5,"1(log(n))^2",0.07
773,1000,2,"T_Copula",2000,-1.5,"1(log(n))^2",0.9
774,1000,2,"T_Copula",2000,-1.5,"1(log(n))^2",0.62
775,1000,2,"T_Copula",2000,-1.5,"1(log(n))^2",0.15
776,1000,2,"T_Copula",2000,-1.5,"1(log(n))^2",0.79
777,1000,2,"T_Copula",2000,-1.5,"1(log(n))^2",0.23
778,1000,2,"T_Copula",2000,-1.5,"1(log(n))^2",0.89
779,1000,2,"T_Copula",2000,-1.5,"1(log(n))^2",0.66
780,1000,2,"T_Copula",2000,-1.5,"1(log(n))^2",0.35
781,1000,2,"T_Copula",2000,-1.5,"1(log(n))^2",0.41
782,1000,2,"T_Copula",2000,-1.5,"1(log(n))^2",0.86
783,1000,2,"T_Copula",2000,-1.5,"1(log(n))^2",0.5
784,1000,2,"T_Copula",2000,-1.5,"1(log(n))^2",0.8
785,1000,2,"T_Copula",2000,-1.5,"1(log(n))^2",0.93
786,1000,2,"T_Copula",2000,-1.5,"1(log(n))^2",0.59
787,1000,2,"T_Copula",2000,-1.5,"1(log(n))^2",0.86
788,1000,2,"T_Copula",2000,-1.5,"1(log(n))^2",0.97
789,1000,2,"T_Copula",2000,-1.5,"1(log(n))^2",0.51
790,1000,2,"T_Copula",2000,-1.5,"1(log(n))^2",0.6
791,1000,2,"T_Copula",2000,-1.5,"1(log(n))^2",0.4
792,1000,2,"T_Copula",2000,-1.5,"1(log(n))^2",0.9
793,1000,2,"T_Copula",2000,-1.5,"1(log(n))^2",0.41
794,1000,2,"T_Copula",2000,-1.5,"1(log(n))^2",0.63
795,1000,2,"T_Copula",2000,-1.5,"1(log(n))^2",0.72
796,1000,2,"T_Copula",2000,-1.5,"1(log(n))^2",0.47
797,1000,2,"T_Copula",2000,-1.5,"1(log(n))^2",0.69
798,1000,2,"T_Copula",2000,-1.5,"1(log(n))^2",0.46
799,1000,2,"T_Copula",2000,-1.5,"1(log(n))^2",0.89
800,1000,2,"T_Copula",2000,-1.5,"1(log(n))^2",0.17
801,1000,2,"T_Copula",2000,-1.5,"1(log(n))^2",0.06
802,1000,2,"T_Copula",2000,-1.5,"1(log(n))^2",0.72
803,1000,2,"T_Copula",2000,-1.5,"1(log(n))^2",0.8
804,1000,2,"T_Copula",2000,-1.5,"1(log(n))^2",0.86
805,1000,2,"T_Copula",2000,-1.5,"1(log(n))^2",0.55
806,1000,2,"T_Copula",2000,-1.5,"1(log(n))^2",0.15
807,1000,2,"T_Copula",2000,-1.5,"1(log(n))^2",0.79
808,1000,2,"T_Copula",2000,-1.5,"1(log(n))^2",0.54
809,1000,2,"T_Copula",2000,-1.5,"1(log(n))^2",0.29
810,1000,2,"T_Copula",2000,-1.5,"1(log(n))^2",0.96
811,1000,2,"T_Copula",2000,-1.5,"1(log(n))^2",0.9
812,1000,2,"T_Copula",2000,-1.5,"1(log(n))^2",0.63
813,1000,2,"T_Copula",2000,-1.5,"1(log(n))^2",0.17
814,1000,2,"T_Copula",2000,-1.5,"1(log(n))^2",0.37
815,1000,2,"T_Copula",2000,-1.5,"1(log(n))^2",0.62
816,1000,2,"T_Copula",2000,-1.5,"1(log(n))^2",0.53
817,1000,2,"T_Copula",2000,-1.5,"1(log(n))^2",0.39
818,1000,2,"T_Copula",2000,-1.5,"1(log(n))^2",0.6
819,1000,2,"T_Copula",2000,-1.5,"1(log(n))^2",0.85
820,1000,2,"T_Copula",2000,-1.5,"1(log(n))^2",0.1
821,1000,2,"T_Copula",2000,-1.5,"1(log(n))^2",0.81
822,1000,2,"T_Copula",2000,-1.5,"1(log(n))^2",0.79
823,1000,2,"T_Copula",2000,-1.5,"1(log(n))^2",1
824,1000,2,"T_Copula",2000,-1.5,"1(log(n))^2",0.33
825,1000,2,"T_Copula",2000,-1.5,"1(log(n))^2",0.36
826,1000,2,"T_Copula",2000,-1.5,"1(log(n))^2",0.24
827,1000,2,"T_Copula",2000,-1.5,"1(log(n))^2",0.25
828,1000,2,"T_Copula",2000,-1.5,"1(log(n))^2",0.66
829,1000,2,"T_Copula",2000,-1.5,"1(log(n))^2",0.56
830,1000,2,"T_Copula",2000,-1.5,"1(log(n))^2",0.15
831,1000,2,"T_Copula",2000,-1.5,"1(log(n))^2",0.11
832,1000,2,"T_Copula",2000,-1.5,"1(log(n))^2",0.59
833,1000,2,"T_Copula",2000,-1.5,"1(log(n))^2",0.92
834,1000,2,"T_Copula",2000,-1.5,"1(log(n))^2",0.47
835,1000,2,"T_Copula",2000,-1.5,"1(log(n))^2",0.64
836,1000,2,"T_Copula",2000,-1.5,"1(log(n))^2",0.91
837,1000,2,"T_Copula",2000,-1.5,"1(log(n))^2",0.64
838,1000,2,"T_Copula",2000,-1.5,"1(log(n))^2",0.38
839,1000,2,"T_Copula",2000,-1.5,"1(log(n))^2",0.65
840,1000,2,"T_Copula",2000,-1.5,"1(log(n))^2",0.63
841,1000,2,"T_Copula",2000,-1.5,"1(log(n))^2",0.96
842,1000,2,"T_Copula",2000,-1.5,"1(log(n))^2",0.41
843,1000,2,"T_Copula",2000,-1.5,"1(log(n))^2",0.49
844,1000,2,"T_Copula",2000,-1.5,"1(log(n))^2",0.86
845,1000,2,"T_Copula",2000,-1.5,"1(log(n))^2",0.32
846,1000,2,"T_Copula",2000,-1.5,"1(log(n))^2",0.51
847,1000,2,"T_Copula",2000,-1.5,"1(log(n))^2",0.97
848,1000,2,"T_Copula",2000,-1.5,"1(log(n))^2",0.56
849,1000,2,"T_Copula",2000,-1.5,"1(log(n))^2",0.89
850,1000,2,"T_Copula",2000,-1.5,"1(log(n))^2",0.65
851,1000,2,"T_Copula",2000,-1.5,"1(log(n))^2",0.71
852,1000,2,"T_Copula",2000,-1.5,"1(log(n))^2",0.15
853,1000,2,"T_Copula",2000,-1.5,"1(log(n))^2",0.61
854,1000,2,"T_Copula",2000,-1.5,"1(log(n))^2",0.07
855,1000,2,"T_Copula",2000,-1.5,"1(log(n))^2",0.71
856,1000,2,"T_Copula",2000,-1.5,"1(log(n))^2",0.99
857,1000,2,"T_Copula",2000,-1.5,"1(log(n))^2",0.58
858,1000,2,"T_Copula",2000,-1.5,"1(log(n))^2",0.18
859,1000,2,"T_Copula",2000,-1.5,"1(log(n))^2",0.71
860,1000,2,"T_Copula",2000,-1.5,"1(log(n))^2",0.7
861,1000,2,"T_Copula",2000,-1.5,"1(log(n))^2",0.31
862,1000,2,"T_Copula",2000,-1.5,"1(log(n))^2",0.96
863,1000,2,"T_Copula",2000,-1.5,"1(log(n))^2",0.15
864,1000,2,"T_Copula",2000,-1.5,"1(log(n))^2",0.94
865,1000,2,"T_Copula",2000,-1.5,"1(log(n))^2",0.64
866,1000,2,"T_Copula",2000,-1.5,"1(log(n))^2",0.29
867,1000,2,"T_Copula",2000,-1.5,"1(log(n))^2",0.37
868,1000,2,"T_Copula",2000,-1.5,"1(log(n))^2",0.3
869,1000,2,"T_Copula",2000,-1.5,"1(log(n))^2",0.89
870,1000,2,"T_Copula",2000,-1.5,"1(log(n))^2",0.41
871,1000,2,"T_Copula",2000,-1.5,"1(log(n))^2",0.92
872,1000,2,"T_Copula",2000,-1.5,"1(log(n))^2",0.75
873,1000,2,"T_Copula",2000,-1.5,"1(log(n))^2",0.82
874,1000,2,"T_Copula",2000,-1.5,"1(log(n))^2",0.87
875,1000,2,"T_Copula",2000,-1.5,"1(log(n))^2",0.06
876,1000,2,"T_Copula",2000,-1.5,"1(log(n))^2",0.35
877,1000,2,"T_Copula",2000,-1.5,"1(log(n))^2",0.36
878,1000,2,"T_Copula",2000,-1.5,"1(log(n))^2",0.37
879,1000,2,"T_Copula",2000,-1.5,"1(log(n))^2",0.6
880,1000,2,"T_Copula",2000,-1.5,"1(log(n))^2",0.74
881,1000,2,"T_Copula",2000,-1.5,"1(log(n))^2",0.16
882,1000,2,"T_Copula",2000,-1.5,"1(log(n))^2",0.92
883,1000,2,"T_Copula",2000,-1.5,"1(log(n))^2",0.23
884,1000,2,"T_Copula",2000,-1.5,"1(log(n))^2",0.79
885,1000,2,"T_Copula",2000,-1.5,"1(log(n))^2",0.96
886,1000,2,"T_Copula",2000,-1.5,"1(log(n))^2",0.73
887,1000,2,"T_Copula",2000,-1.5,"1(log(n))^2",0.84
888,1000,2,"T_Copula",2000,-1.5,"1(log(n))^2",0.5
889,1000,2,"T_Copula",2000,-1.5,"1(log(n))^2",0.89
890,1000,2,"T_Copula",2000,-1.5,"1(log(n))^2",0.9
891,1000,2,"T_Copula",2000,-1.5,"1(log(n))^2",0.89
892,1000,2,"T_Copula",2000,-1.5,"1(log(n))^2",0.74
893,1000,2,"T_Copula",2000,-1.5,"1(log(n))^2",0.27
894,1000,2,"T_Copula",2000,-1.5,"1(log(n))^2",0.8
895,1000,2,"T_Copula",2000,-1.5,"1(log(n))^2",0.93
896,1000,2,"T_Copula",2000,-1.5,"1(log(n))^2",0.07
897,1000,2,"T_Copula",2000,-1.5,"1(log(n))^2",0.79
898,1000,2,"T_Copula",2000,-1.5,"1(log(n))^2",0.3
899,1000,2,"T_Copula",2000,-1.5,"1(log(n))^2",0.99
900,1000,2,"T_Copula",2000,-1.5,"1(log(n))^2",0.02
901,1000,2,"T_Copula",2000,-1.5,"1(log(n))^2",0.72
902,1000,2,"T_Copula",2000,-1.5,"1(log(n))^2",0.59
903,1000,2,"T_Copula",2000,-1.5,"1(log(n))^2",0.96
904,1000,2,"T_Copula",2000,-1.5,"1(log(n))^2",0.59
905,1000,2,"T_Copula",2000,-1.5,"1(log(n))^2",0.46
906,1000,2,"T_Copula",2000,-1.5,"1(log(n))^2",0.67
907,1000,2,"T_Copula",2000,-1.5,"1(log(n))^2",0.78
908,1000,2,"T_Copula",2000,-1.5,"1(log(n))^2",0.77
909,1000,2,"T_Copula",2000,-1.5,"1(log(n))^2",0
910,1000,2,"T_Copula",2000,-1.5,"1(log(n))^2",0.3
911,1000,2,"T_Copula",2000,-1.5,"1(log(n))^2",0.7
912,1000,2,"T_Copula",2000,-1.5,"1(log(n))^2",1
913,1000,2,"T_Copula",2000,-1.5,"1(log(n))^2",0.38
914,1000,2,"T_Copula",2000,-1.5,"1(log(n))^2",0.52
915,1000,2,"T_Copula",2000,-1.5,"1(log(n))^2",0.64
916,1000,2,"T_Copula",2000,-1.5,"1(log(n))^2",0.21
917,1000,2,"T_Copula",2000,-1.5,"1(log(n))^2",0.39
918,1000,2,"T_Copula",2000,-1.5,"1(log(n))^2",0.39
919,1000,2,"T_Copula",2000,-1.5,"1(log(n))^2",0.99
920,1000,2,"T_Copula",2000,-1.5,"1(log(n))^2",0.04
921,1000,2,"T_Copula",2000,-1.5,"1(log(n))^2",0.65
922,1000,2,"T_Copula",2000,-1.5,"1(log(n))^2",0.62
923,1000,2,"T_Copula",2000,-1.5,"1(log(n))^2",0.11
924,1000,2,"T_Copula",2000,-1.5,"1(log(n))^2",0.78
925,1000,2,"T_Copula",2000,-1.5,"1(log(n))^2",0.19
926,1000,2,"T_Copula",2000,-1.5,"1(log(n))^2",0.49
927,1000,2,"T_Copula",2000,-1.5,"1(log(n))^2",0.93
928,1000,2,"T_Copula",2000,-1.5,"1(log(n))^2",0.36
929,1000,2,"T_Copula",2000,-1.5,"1(log(n))^2",0.72
930,1000,2,"T_Copula",2000,-1.5,"1(log(n))^2",0.16
931,1000,2,"T_Copula",2000,-1.5,"1(log(n))^2",0.26
932,1000,2,"T_Copula",2000,-1.5,"1(log(n))^2",0.74
933,1000,2,"T_Copula",2000,-1.5,"1(log(n))^2",0.87
934,1000,2,"T_Copula",2000,-1.5,"1(log(n))^2",0.45
935,1000,2,"T_Copula",2000,-1.5,"1(log(n))^2",0.87
936,1000,2,"T_Copula",2000,-1.5,"1(log(n))^2",0.89
937,1000,2,"T_Copula",2000,-1.5,"1(log(n))^2",0.96
938,1000,2,"T_Copula",2000,-1.5,"1(log(n))^2",0.13
939,1000,2,"T_Copula",2000,-1.5,"1(log(n))^2",0.57
940,1000,2,"T_Copula",2000,-1.5,"1(log(n))^2",0.91
941,1000,2,"T_Copula",2000,-1.5,"1(log(n))^2",0.61
942,1000,2,"T_Copula",2000,-1.5,"1(log(n))^2",0.29
943,1000,2,"T_Copula",2000,-1.5,"1(log(n))^2",0.16
944,1000,2,"T_Copula",2000,-1.5,"1(log(n))^2",0.31
945,1000,2,"T_Copula",2000,-1.5,"1(log(n))^2",1
946,1000,2,"T_Copula",2000,-1.5,"1(log(n))^2",0.41
947,1000,2,"T_Copula",2000,-1.5,"1(log(n))^2",0.66
948,1000,2,"T_Copula",2000,-1.5,"1(log(n))^2",0.05
949,1000,2,"T_Copula",2000,-1.5,"1(log(n))^2",0.73
950,1000,2,"T_Copula",2000,-1.5,"1(log(n))^2",0.67
951,1000,2,"T_Copula",2000,-1.5,"1(log(n))^2",0.4
952,1000,2,"T_Copula",2000,-1.5,"1(log(n))^2",0.26
953,1000,2,"T_Copula",2000,-1.5,"1(log(n))^2",0.76
954,1000,2,"T_Copula",2000,-1.5,"1(log(n))^2",0.69
955,1000,2,"T_Copula",2000,-1.5,"1(log(n))^2",0.74
956,1000,2,"T_Copula",2000,-1.5,"1(log(n))^2",0.23
957,1000,2,"T_Copula",2000,-1.5,"1(log(n))^2",0.66
958,1000,2,"T_Copula",2000,-1.5,"1(log(n))^2",0.65
959,1000,2,"T_Copula",2000,-1.5,"1(log(n))^2",0.18
960,1000,2,"T_Copula",2000,-1.5,"1(log(n))^2",0.42
961,1000,2,"T_Copula",2000,-1.5,"1(log(n))^2",0.97
962,1000,2,"T_Copula",2000,-1.5,"1(log(n))^2",0.8
963,1000,2,"T_Copula",2000,-1.5,"1(log(n))^2",0.59
964,1000,2,"T_Copula",2000,-1.5,"1(log(n))^2",0.6
965,1000,2,"T_Copula",2000,-1.5,"1(log(n))^2",0.78
966,1000,2,"T_Copula",2000,-1.5,"1(log(n))^2",0.94
967,1000,2,"T_Copula",2000,-1.5,"1(log(n))^2",0.67
968,1000,2,"T_Copula",2000,-1.5,"1(log(n))^2",0.61
969,1000,2,"T_Copula",2000,-1.5,"1(log(n))^2",0
970,1000,2,"T_Copula",2000,-1.5,"1(log(n))^2",0.69
971,1000,2,"T_Copula",2000,-1.5,"1(log(n))^2",0.34
972,1000,2,"T_Copula",2000,-1.5,"1(log(n))^2",0.4
973,1000,2,"T_Copula",2000,-1.5,"1(log(n))^2",0.82
974,1000,2,"T_Copula",2000,-1.5,"1(log(n))^2",0.96
975,1000,2,"T_Copula",2000,-1.5,"1(log(n))^2",0.2
976,1000,2,"T_Copula",2000,-1.5,"1(log(n))^2",0.67
977,1000,2,"T_Copula",2000,-1.5,"1(log(n))^2",0.92
978,1000,2,"T_Copula",2000,-1.5,"1(log(n))^2",0.91
979,1000,2,"T_Copula",2000,-1.5,"1(log(n))^2",0.77
980,1000,2,"T_Copula",2000,-1.5,"1(log(n))^2",0.74
981,1000,2,"T_Copula",2000,-1.5,"1(log(n))^2",0.97
982,1000,2,"T_Copula",2000,-1.5,"1(log(n))^2",0.35
983,1000,2,"T_Copula",2000,-1.5,"1(log(n))^2",0.37
984,1000,2,"T_Copula",2000,-1.5,"1(log(n))^2",0.99
985,1000,2,"T_Copula",2000,-1.5,"1(log(n))^2",0.07
986,1000,2,"T_Copula",2000,-1.5,"1(log(n))^2",0.9
987,1000,2,"T_Copula",2000,-1.5,"1(log(n))^2",0.45
988,1000,2,"T_Copula",2000,-1.5,"1(log(n))^2",0.32
989,1000,2,"T_Copula",2000,-1.5,"1(log(n))^2",0.42
990,1000,2,"T_Copula",2000,-1.5,"1(log(n))^2",0.1
991,1000,2,"T_Copula",2000,-1.5,"1(log(n))^2",0.67
992,1000,2,"T_Copula",2000,-1.5,"1(log(n))^2",0.73
993,1000,2,"T_Copula",2000,-1.5,"1(log(n))^2",0.32
994,1000,2,"T_Copula",2000,-1.5,"1(log(n))^2",0.84
995,1000,2,"T_Copula",2000,-1.5,"1(log(n))^2",0.2
996,1000,2,"T_Copula",2000,-1.5,"1(log(n))^2",0.99
997,1000,2,"T_Copula",2000,-1.5,"1(log(n))^2",0.77
998,1000,2,"T_Copula",2000,-1.5,"1(log(n))^2",0.21
999,1000,2,"T_Copula",2000,-1.5,"1(log(n))^2",0.01
1000,1000,2,"T_Copula",2000,-1.5,"1(log(n))^2",0.29
1,1000,2,"T_Copula",2000,-1.5,"0.75(log(n))^2",0.84
2,1000,2,"T_Copula",2000,-1.5,"0.75(log(n))^2",0.77
3,1000,2,"T_Copula",2000,-1.5,"0.75(log(n))^2",0.96
4,1000,2,"T_Copula",2000,-1.5,"0.75(log(n))^2",0.14
5,1000,2,"T_Copula",2000,-1.5,"0.75(log(n))^2",0.96
6,1000,2,"T_Copula",2000,-1.5,"0.75(log(n))^2",0.88
7,1000,2,"T_Copula",2000,-1.5,"0.75(log(n))^2",0.84
8,1000,2,"T_Copula",2000,-1.5,"0.75(log(n))^2",0.49
9,1000,2,"T_Copula",2000,-1.5,"0.75(log(n))^2",0.84
10,1000,2,"T_Copula",2000,-1.5,"0.75(log(n))^2",0.49
11,1000,2,"T_Copula",2000,-1.5,"0.75(log(n))^2",0.12
12,1000,2,"T_Copula",2000,-1.5,"0.75(log(n))^2",0.96
13,1000,2,"T_Copula",2000,-1.5,"0.75(log(n))^2",0.83
14,1000,2,"T_Copula",2000,-1.5,"0.75(log(n))^2",0.55
15,1000,2,"T_Copula",2000,-1.5,"0.75(log(n))^2",0.17
16,1000,2,"T_Copula",2000,-1.5,"0.75(log(n))^2",0.58
17,1000,2,"T_Copula",2000,-1.5,"0.75(log(n))^2",0.96
18,1000,2,"T_Copula",2000,-1.5,"0.75(log(n))^2",0.73
19,1000,2,"T_Copula",2000,-1.5,"0.75(log(n))^2",0.26
20,1000,2,"T_Copula",2000,-1.5,"0.75(log(n))^2",0.03
21,1000,2,"T_Copula",2000,-1.5,"0.75(log(n))^2",0.57
22,1000,2,"T_Copula",2000,-1.5,"0.75(log(n))^2",0.8
23,1000,2,"T_Copula",2000,-1.5,"0.75(log(n))^2",0.6
24,1000,2,"T_Copula",2000,-1.5,"0.75(log(n))^2",0.48
25,1000,2,"T_Copula",2000,-1.5,"0.75(log(n))^2",0.03
26,1000,2,"T_Copula",2000,-1.5,"0.75(log(n))^2",0.71
27,1000,2,"T_Copula",2000,-1.5,"0.75(log(n))^2",0.96
28,1000,2,"T_Copula",2000,-1.5,"0.75(log(n))^2",0.81
29,1000,2,"T_Copula",2000,-1.5,"0.75(log(n))^2",0.07
30,1000,2,"T_Copula",2000,-1.5,"0.75(log(n))^2",0.04
31,1000,2,"T_Copula",2000,-1.5,"0.75(log(n))^2",0.69
32,1000,2,"T_Copula",2000,-1.5,"0.75(log(n))^2",0.84
33,1000,2,"T_Copula",2000,-1.5,"0.75(log(n))^2",0.21
34,1000,2,"T_Copula",2000,-1.5,"0.75(log(n))^2",0.29
35,1000,2,"T_Copula",2000,-1.5,"0.75(log(n))^2",0.56
36,1000,2,"T_Copula",2000,-1.5,"0.75(log(n))^2",0.93
37,1000,2,"T_Copula",2000,-1.5,"0.75(log(n))^2",0.8
38,1000,2,"T_Copula",2000,-1.5,"0.75(log(n))^2",0.79
39,1000,2,"T_Copula",2000,-1.5,"0.75(log(n))^2",0.33
40,1000,2,"T_Copula",2000,-1.5,"0.75(log(n))^2",0.94
41,1000,2,"T_Copula",2000,-1.5,"0.75(log(n))^2",0.11
42,1000,2,"T_Copula",2000,-1.5,"0.75(log(n))^2",0.51
43,1000,2,"T_Copula",2000,-1.5,"0.75(log(n))^2",0.36
44,1000,2,"T_Copula",2000,-1.5,"0.75(log(n))^2",0.28
45,1000,2,"T_Copula",2000,-1.5,"0.75(log(n))^2",0.58
46,1000,2,"T_Copula",2000,-1.5,"0.75(log(n))^2",0.43
47,1000,2,"T_Copula",2000,-1.5,"0.75(log(n))^2",0.2
48,1000,2,"T_Copula",2000,-1.5,"0.75(log(n))^2",0.04
49,1000,2,"T_Copula",2000,-1.5,"0.75(log(n))^2",0.93
50,1000,2,"T_Copula",2000,-1.5,"0.75(log(n))^2",0.31
51,1000,2,"T_Copula",2000,-1.5,"0.75(log(n))^2",0.42
52,1000,2,"T_Copula",2000,-1.5,"0.75(log(n))^2",0.77
53,1000,2,"T_Copula",2000,-1.5,"0.75(log(n))^2",0.72
54,1000,2,"T_Copula",2000,-1.5,"0.75(log(n))^2",0.74
55,1000,2,"T_Copula",2000,-1.5,"0.75(log(n))^2",0.75
56,1000,2,"T_Copula",2000,-1.5,"0.75(log(n))^2",0.95
57,1000,2,"T_Copula",2000,-1.5,"0.75(log(n))^2",0.6
58,1000,2,"T_Copula",2000,-1.5,"0.75(log(n))^2",0.11
59,1000,2,"T_Copula",2000,-1.5,"0.75(log(n))^2",0.93
60,1000,2,"T_Copula",2000,-1.5,"0.75(log(n))^2",0.3
61,1000,2,"T_Copula",2000,-1.5,"0.75(log(n))^2",0.65
62,1000,2,"T_Copula",2000,-1.5,"0.75(log(n))^2",0.57
63,1000,2,"T_Copula",2000,-1.5,"0.75(log(n))^2",0.67
64,1000,2,"T_Copula",2000,-1.5,"0.75(log(n))^2",0.77
65,1000,2,"T_Copula",2000,-1.5,"0.75(log(n))^2",0.86
66,1000,2,"T_Copula",2000,-1.5,"0.75(log(n))^2",0.73
67,1000,2,"T_Copula",2000,-1.5,"0.75(log(n))^2",0.45
68,1000,2,"T_Copula",2000,-1.5,"0.75(log(n))^2",0.7
69,1000,2,"T_Copula",2000,-1.5,"0.75(log(n))^2",0.4
70,1000,2,"T_Copula",2000,-1.5,"0.75(log(n))^2",0.76
71,1000,2,"T_Copula",2000,-1.5,"0.75(log(n))^2",0.88
72,1000,2,"T_Copula",2000,-1.5,"0.75(log(n))^2",0.59
73,1000,2,"T_Copula",2000,-1.5,"0.75(log(n))^2",0.56
74,1000,2,"T_Copula",2000,-1.5,"0.75(log(n))^2",0.2
75,1000,2,"T_Copula",2000,-1.5,"0.75(log(n))^2",0.48
76,1000,2,"T_Copula",2000,-1.5,"0.75(log(n))^2",0.41
77,1000,2,"T_Copula",2000,-1.5,"0.75(log(n))^2",0.29
78,1000,2,"T_Copula",2000,-1.5,"0.75(log(n))^2",0.22
79,1000,2,"T_Copula",2000,-1.5,"0.75(log(n))^2",0.72
80,1000,2,"T_Copula",2000,-1.5,"0.75(log(n))^2",0.53
81,1000,2,"T_Copula",2000,-1.5,"0.75(log(n))^2",0.71
82,1000,2,"T_Copula",2000,-1.5,"0.75(log(n))^2",0.95
83,1000,2,"T_Copula",2000,-1.5,"0.75(log(n))^2",0.75
84,1000,2,"T_Copula",2000,-1.5,"0.75(log(n))^2",0.85
85,1000,2,"T_Copula",2000,-1.5,"0.75(log(n))^2",0.62
86,1000,2,"T_Copula",2000,-1.5,"0.75(log(n))^2",0.88
87,1000,2,"T_Copula",2000,-1.5,"0.75(log(n))^2",0.17
88,1000,2,"T_Copula",2000,-1.5,"0.75(log(n))^2",0.52
89,1000,2,"T_Copula",2000,-1.5,"0.75(log(n))^2",0.95
90,1000,2,"T_Copula",2000,-1.5,"0.75(log(n))^2",0.95
91,1000,2,"T_Copula",2000,-1.5,"0.75(log(n))^2",0.57
92,1000,2,"T_Copula",2000,-1.5,"0.75(log(n))^2",0.05
93,1000,2,"T_Copula",2000,-1.5,"0.75(log(n))^2",0.91
94,1000,2,"T_Copula",2000,-1.5,"0.75(log(n))^2",0.23
95,1000,2,"T_Copula",2000,-1.5,"0.75(log(n))^2",0.18
96,1000,2,"T_Copula",2000,-1.5,"0.75(log(n))^2",0.03
97,1000,2,"T_Copula",2000,-1.5,"0.75(log(n))^2",0.64
98,1000,2,"T_Copula",2000,-1.5,"0.75(log(n))^2",0.82
99,1000,2,"T_Copula",2000,-1.5,"0.75(log(n))^2",0.93
100,1000,2,"T_Copula",2000,-1.5,"0.75(log(n))^2",1
101,1000,2,"T_Copula",2000,-1.5,"0.75(log(n))^2",0.87
102,1000,2,"T_Copula",2000,-1.5,"0.75(log(n))^2",0.94
103,1000,2,"T_Copula",2000,-1.5,"0.75(log(n))^2",0.48
104,1000,2,"T_Copula",2000,-1.5,"0.75(log(n))^2",0.97
105,1000,2,"T_Copula",2000,-1.5,"0.75(log(n))^2",0.13
106,1000,2,"T_Copula",2000,-1.5,"0.75(log(n))^2",0.23
107,1000,2,"T_Copula",2000,-1.5,"0.75(log(n))^2",0.17
108,1000,2,"T_Copula",2000,-1.5,"0.75(log(n))^2",0.57
109,1000,2,"T_Copula",2000,-1.5,"0.75(log(n))^2",0.58
110,1000,2,"T_Copula",2000,-1.5,"0.75(log(n))^2",0.26
111,1000,2,"T_Copula",2000,-1.5,"0.75(log(n))^2",0.65
112,1000,2,"T_Copula",2000,-1.5,"0.75(log(n))^2",0.62
113,1000,2,"T_Copula",2000,-1.5,"0.75(log(n))^2",0.72
114,1000,2,"T_Copula",2000,-1.5,"0.75(log(n))^2",0.4
115,1000,2,"T_Copula",2000,-1.5,"0.75(log(n))^2",0.75
116,1000,2,"T_Copula",2000,-1.5,"0.75(log(n))^2",0.53
117,1000,2,"T_Copula",2000,-1.5,"0.75(log(n))^2",0.06
118,1000,2,"T_Copula",2000,-1.5,"0.75(log(n))^2",0.16
119,1000,2,"T_Copula",2000,-1.5,"0.75(log(n))^2",0.88
120,1000,2,"T_Copula",2000,-1.5,"0.75(log(n))^2",0.81
121,1000,2,"T_Copula",2000,-1.5,"0.75(log(n))^2",0.05
122,1000,2,"T_Copula",2000,-1.5,"0.75(log(n))^2",0.62
123,1000,2,"T_Copula",2000,-1.5,"0.75(log(n))^2",0.1
124,1000,2,"T_Copula",2000,-1.5,"0.75(log(n))^2",0.52
125,1000,2,"T_Copula",2000,-1.5,"0.75(log(n))^2",0.61
126,1000,2,"T_Copula",2000,-1.5,"0.75(log(n))^2",0.87
127,1000,2,"T_Copula",2000,-1.5,"0.75(log(n))^2",0.06
128,1000,2,"T_Copula",2000,-1.5,"0.75(log(n))^2",0.2
129,1000,2,"T_Copula",2000,-1.5,"0.75(log(n))^2",0.7
130,1000,2,"T_Copula",2000,-1.5,"0.75(log(n))^2",0.71
131,1000,2,"T_Copula",2000,-1.5,"0.75(log(n))^2",0.74
132,1000,2,"T_Copula",2000,-1.5,"0.75(log(n))^2",0.9
133,1000,2,"T_Copula",2000,-1.5,"0.75(log(n))^2",0.52
134,1000,2,"T_Copula",2000,-1.5,"0.75(log(n))^2",0.49
135,1000,2,"T_Copula",2000,-1.5,"0.75(log(n))^2",0.65
136,1000,2,"T_Copula",2000,-1.5,"0.75(log(n))^2",0.27
137,1000,2,"T_Copula",2000,-1.5,"0.75(log(n))^2",0.88
138,1000,2,"T_Copula",2000,-1.5,"0.75(log(n))^2",0.64
139,1000,2,"T_Copula",2000,-1.5,"0.75(log(n))^2",0.08
140,1000,2,"T_Copula",2000,-1.5,"0.75(log(n))^2",0.78
141,1000,2,"T_Copula",2000,-1.5,"0.75(log(n))^2",0.33
142,1000,2,"T_Copula",2000,-1.5,"0.75(log(n))^2",0.78
143,1000,2,"T_Copula",2000,-1.5,"0.75(log(n))^2",0.61
144,1000,2,"T_Copula",2000,-1.5,"0.75(log(n))^2",0.65
145,1000,2,"T_Copula",2000,-1.5,"0.75(log(n))^2",0.21
146,1000,2,"T_Copula",2000,-1.5,"0.75(log(n))^2",0.14
147,1000,2,"T_Copula",2000,-1.5,"0.75(log(n))^2",0.74
148,1000,2,"T_Copula",2000,-1.5,"0.75(log(n))^2",0.64
149,1000,2,"T_Copula",2000,-1.5,"0.75(log(n))^2",0.59
150,1000,2,"T_Copula",2000,-1.5,"0.75(log(n))^2",0.53
151,1000,2,"T_Copula",2000,-1.5,"0.75(log(n))^2",0.4
152,1000,2,"T_Copula",2000,-1.5,"0.75(log(n))^2",0.36
153,1000,2,"T_Copula",2000,-1.5,"0.75(log(n))^2",0.55
154,1000,2,"T_Copula",2000,-1.5,"0.75(log(n))^2",0.41
155,1000,2,"T_Copula",2000,-1.5,"0.75(log(n))^2",0.43
156,1000,2,"T_Copula",2000,-1.5,"0.75(log(n))^2",0.5
157,1000,2,"T_Copula",2000,-1.5,"0.75(log(n))^2",0.28
158,1000,2,"T_Copula",2000,-1.5,"0.75(log(n))^2",0.09
159,1000,2,"T_Copula",2000,-1.5,"0.75(log(n))^2",0.06
160,1000,2,"T_Copula",2000,-1.5,"0.75(log(n))^2",0.65
161,1000,2,"T_Copula",2000,-1.5,"0.75(log(n))^2",0.5
162,1000,2,"T_Copula",2000,-1.5,"0.75(log(n))^2",0.65
163,1000,2,"T_Copula",2000,-1.5,"0.75(log(n))^2",0.02
164,1000,2,"T_Copula",2000,-1.5,"0.75(log(n))^2",0.71
165,1000,2,"T_Copula",2000,-1.5,"0.75(log(n))^2",0.43
166,1000,2,"T_Copula",2000,-1.5,"0.75(log(n))^2",0.3
167,1000,2,"T_Copula",2000,-1.5,"0.75(log(n))^2",0.86
168,1000,2,"T_Copula",2000,-1.5,"0.75(log(n))^2",0.94
169,1000,2,"T_Copula",2000,-1.5,"0.75(log(n))^2",0.83
170,1000,2,"T_Copula",2000,-1.5,"0.75(log(n))^2",0.97
171,1000,2,"T_Copula",2000,-1.5,"0.75(log(n))^2",0.22
172,1000,2,"T_Copula",2000,-1.5,"0.75(log(n))^2",0.75
173,1000,2,"T_Copula",2000,-1.5,"0.75(log(n))^2",0.95
174,1000,2,"T_Copula",2000,-1.5,"0.75(log(n))^2",0.72
175,1000,2,"T_Copula",2000,-1.5,"0.75(log(n))^2",0.03
176,1000,2,"T_Copula",2000,-1.5,"0.75(log(n))^2",0.9
177,1000,2,"T_Copula",2000,-1.5,"0.75(log(n))^2",0.75
178,1000,2,"T_Copula",2000,-1.5,"0.75(log(n))^2",0.37
179,1000,2,"T_Copula",2000,-1.5,"0.75(log(n))^2",0.86
180,1000,2,"T_Copula",2000,-1.5,"0.75(log(n))^2",0.75
181,1000,2,"T_Copula",2000,-1.5,"0.75(log(n))^2",0.96
182,1000,2,"T_Copula",2000,-1.5,"0.75(log(n))^2",0.93
183,1000,2,"T_Copula",2000,-1.5,"0.75(log(n))^2",0.28
184,1000,2,"T_Copula",2000,-1.5,"0.75(log(n))^2",0.21
185,1000,2,"T_Copula",2000,-1.5,"0.75(log(n))^2",0.21
186,1000,2,"T_Copula",2000,-1.5,"0.75(log(n))^2",0.9
187,1000,2,"T_Copula",2000,-1.5,"0.75(log(n))^2",0.99
188,1000,2,"T_Copula",2000,-1.5,"0.75(log(n))^2",0.79
189,1000,2,"T_Copula",2000,-1.5,"0.75(log(n))^2",0.16
190,1000,2,"T_Copula",2000,-1.5,"0.75(log(n))^2",0.45
191,1000,2,"T_Copula",2000,-1.5,"0.75(log(n))^2",0.72
192,1000,2,"T_Copula",2000,-1.5,"0.75(log(n))^2",0.93
193,1000,2,"T_Copula",2000,-1.5,"0.75(log(n))^2",0.84
194,1000,2,"T_Copula",2000,-1.5,"0.75(log(n))^2",0.81
195,1000,2,"T_Copula",2000,-1.5,"0.75(log(n))^2",0.95
196,1000,2,"T_Copula",2000,-1.5,"0.75(log(n))^2",0.41
197,1000,2,"T_Copula",2000,-1.5,"0.75(log(n))^2",0.54
198,1000,2,"T_Copula",2000,-1.5,"0.75(log(n))^2",0.72
199,1000,2,"T_Copula",2000,-1.5,"0.75(log(n))^2",0.15
200,1000,2,"T_Copula",2000,-1.5,"0.75(log(n))^2",0.86
201,1000,2,"T_Copula",2000,-1.5,"0.75(log(n))^2",0.62
202,1000,2,"T_Copula",2000,-1.5,"0.75(log(n))^2",0.83
203,1000,2,"T_Copula",2000,-1.5,"0.75(log(n))^2",0.57
204,1000,2,"T_Copula",2000,-1.5,"0.75(log(n))^2",0.7
205,1000,2,"T_Copula",2000,-1.5,"0.75(log(n))^2",0.85
206,1000,2,"T_Copula",2000,-1.5,"0.75(log(n))^2",0.18
207,1000,2,"T_Copula",2000,-1.5,"0.75(log(n))^2",0.95
208,1000,2,"T_Copula",2000,-1.5,"0.75(log(n))^2",0.38
209,1000,2,"T_Copula",2000,-1.5,"0.75(log(n))^2",0.93
210,1000,2,"T_Copula",2000,-1.5,"0.75(log(n))^2",0.78
211,1000,2,"T_Copula",2000,-1.5,"0.75(log(n))^2",0.14
212,1000,2,"T_Copula",2000,-1.5,"0.75(log(n))^2",0.96
213,1000,2,"T_Copula",2000,-1.5,"0.75(log(n))^2",0.27
214,1000,2,"T_Copula",2000,-1.5,"0.75(log(n))^2",0.92
215,1000,2,"T_Copula",2000,-1.5,"0.75(log(n))^2",0.27
216,1000,2,"T_Copula",2000,-1.5,"0.75(log(n))^2",0.57
217,1000,2,"T_Copula",2000,-1.5,"0.75(log(n))^2",0.9
218,1000,2,"T_Copula",2000,-1.5,"0.75(log(n))^2",0.97
219,1000,2,"T_Copula",2000,-1.5,"0.75(log(n))^2",0.52
220,1000,2,"T_Copula",2000,-1.5,"0.75(log(n))^2",0.79
221,1000,2,"T_Copula",2000,-1.5,"0.75(log(n))^2",0.6
222,1000,2,"T_Copula",2000,-1.5,"0.75(log(n))^2",0.34
223,1000,2,"T_Copula",2000,-1.5,"0.75(log(n))^2",0.02
224,1000,2,"T_Copula",2000,-1.5,"0.75(log(n))^2",0.68
225,1000,2,"T_Copula",2000,-1.5,"0.75(log(n))^2",0.59
226,1000,2,"T_Copula",2000,-1.5,"0.75(log(n))^2",0.39
227,1000,2,"T_Copula",2000,-1.5,"0.75(log(n))^2",0.02
228,1000,2,"T_Copula",2000,-1.5,"0.75(log(n))^2",0.56
229,1000,2,"T_Copula",2000,-1.5,"0.75(log(n))^2",1
230,1000,2,"T_Copula",2000,-1.5,"0.75(log(n))^2",0.41
231,1000,2,"T_Copula",2000,-1.5,"0.75(log(n))^2",0.93
232,1000,2,"T_Copula",2000,-1.5,"0.75(log(n))^2",0.79
233,1000,2,"T_Copula",2000,-1.5,"0.75(log(n))^2",0.4
234,1000,2,"T_Copula",2000,-1.5,"0.75(log(n))^2",0.27
235,1000,2,"T_Copula",2000,-1.5,"0.75(log(n))^2",0.58
236,1000,2,"T_Copula",2000,-1.5,"0.75(log(n))^2",0.45
237,1000,2,"T_Copula",2000,-1.5,"0.75(log(n))^2",0.28
238,1000,2,"T_Copula",2000,-1.5,"0.75(log(n))^2",0.86
239,1000,2,"T_Copula",2000,-1.5,"0.75(log(n))^2",0.16
240,1000,2,"T_Copula",2000,-1.5,"0.75(log(n))^2",0.61
241,1000,2,"T_Copula",2000,-1.5,"0.75(log(n))^2",0.21
242,1000,2,"T_Copula",2000,-1.5,"0.75(log(n))^2",0.61
243,1000,2,"T_Copula",2000,-1.5,"0.75(log(n))^2",0.94
244,1000,2,"T_Copula",2000,-1.5,"0.75(log(n))^2",0.62
245,1000,2,"T_Copula",2000,-1.5,"0.75(log(n))^2",0.82
246,1000,2,"T_Copula",2000,-1.5,"0.75(log(n))^2",0.31
247,1000,2,"T_Copula",2000,-1.5,"0.75(log(n))^2",0.23
248,1000,2,"T_Copula",2000,-1.5,"0.75(log(n))^2",0.88
249,1000,2,"T_Copula",2000,-1.5,"0.75(log(n))^2",0.05
250,1000,2,"T_Copula",2000,-1.5,"0.75(log(n))^2",0.54
251,1000,2,"T_Copula",2000,-1.5,"0.75(log(n))^2",0.04
252,1000,2,"T_Copula",2000,-1.5,"0.75(log(n))^2",0.87
253,1000,2,"T_Copula",2000,-1.5,"0.75(log(n))^2",0.85
254,1000,2,"T_Copula",2000,-1.5,"0.75(log(n))^2",0.54
255,1000,2,"T_Copula",2000,-1.5,"0.75(log(n))^2",0.4
256,1000,2,"T_Copula",2000,-1.5,"0.75(log(n))^2",0.36
257,1000,2,"T_Copula",2000,-1.5,"0.75(log(n))^2",0.64
258,1000,2,"T_Copula",2000,-1.5,"0.75(log(n))^2",0.37
259,1000,2,"T_Copula",2000,-1.5,"0.75(log(n))^2",0.38
260,1000,2,"T_Copula",2000,-1.5,"0.75(log(n))^2",0.2
261,1000,2,"T_Copula",2000,-1.5,"0.75(log(n))^2",0.86
262,1000,2,"T_Copula",2000,-1.5,"0.75(log(n))^2",0.73
263,1000,2,"T_Copula",2000,-1.5,"0.75(log(n))^2",0.61
264,1000,2,"T_Copula",2000,-1.5,"0.75(log(n))^2",0.14
265,1000,2,"T_Copula",2000,-1.5,"0.75(log(n))^2",0.83
266,1000,2,"T_Copula",2000,-1.5,"0.75(log(n))^2",0.36
267,1000,2,"T_Copula",2000,-1.5,"0.75(log(n))^2",0.77
268,1000,2,"T_Copula",2000,-1.5,"0.75(log(n))^2",0.43
269,1000,2,"T_Copula",2000,-1.5,"0.75(log(n))^2",0.45
270,1000,2,"T_Copula",2000,-1.5,"0.75(log(n))^2",0.22
271,1000,2,"T_Copula",2000,-1.5,"0.75(log(n))^2",0.26
272,1000,2,"T_Copula",2000,-1.5,"0.75(log(n))^2",0.33
273,1000,2,"T_Copula",2000,-1.5,"0.75(log(n))^2",0.65
274,1000,2,"T_Copula",2000,-1.5,"0.75(log(n))^2",0.29
275,1000,2,"T_Copula",2000,-1.5,"0.75(log(n))^2",0.49
276,1000,2,"T_Copula",2000,-1.5,"0.75(log(n))^2",0.17
277,1000,2,"T_Copula",2000,-1.5,"0.75(log(n))^2",0.49
278,1000,2,"T_Copula",2000,-1.5,"0.75(log(n))^2",0.89
279,1000,2,"T_Copula",2000,-1.5,"0.75(log(n))^2",0.76
280,1000,2,"T_Copula",2000,-1.5,"0.75(log(n))^2",0.05
281,1000,2,"T_Copula",2000,-1.5,"0.75(log(n))^2",0.53
282,1000,2,"T_Copula",2000,-1.5,"0.75(log(n))^2",0.19
283,1000,2,"T_Copula",2000,-1.5,"0.75(log(n))^2",0.81
284,1000,2,"T_Copula",2000,-1.5,"0.75(log(n))^2",0.66
285,1000,2,"T_Copula",2000,-1.5,"0.75(log(n))^2",0.92
286,1000,2,"T_Copula",2000,-1.5,"0.75(log(n))^2",0.54
287,1000,2,"T_Copula",2000,-1.5,"0.75(log(n))^2",0.94
288,1000,2,"T_Copula",2000,-1.5,"0.75(log(n))^2",0.63
289,1000,2,"T_Copula",2000,-1.5,"0.75(log(n))^2",0.54
290,1000,2,"T_Copula",2000,-1.5,"0.75(log(n))^2",0.59
291,1000,2,"T_Copula",2000,-1.5,"0.75(log(n))^2",0.9
292,1000,2,"T_Copula",2000,-1.5,"0.75(log(n))^2",0.97
293,1000,2,"T_Copula",2000,-1.5,"0.75(log(n))^2",0.89
294,1000,2,"T_Copula",2000,-1.5,"0.75(log(n))^2",0.38
295,1000,2,"T_Copula",2000,-1.5,"0.75(log(n))^2",0.13
296,1000,2,"T_Copula",2000,-1.5,"0.75(log(n))^2",0.52
297,1000,2,"T_Copula",2000,-1.5,"0.75(log(n))^2",0.41
298,1000,2,"T_Copula",2000,-1.5,"0.75(log(n))^2",0.26
299,1000,2,"T_Copula",2000,-1.5,"0.75(log(n))^2",0.9
300,1000,2,"T_Copula",2000,-1.5,"0.75(log(n))^2",0.71
301,1000,2,"T_Copula",2000,-1.5,"0.75(log(n))^2",0.7
302,1000,2,"T_Copula",2000,-1.5,"0.75(log(n))^2",0.95
303,1000,2,"T_Copula",2000,-1.5,"0.75(log(n))^2",0.61
304,1000,2,"T_Copula",2000,-1.5,"0.75(log(n))^2",0.54
305,1000,2,"T_Copula",2000,-1.5,"0.75(log(n))^2",0.98
306,1000,2,"T_Copula",2000,-1.5,"0.75(log(n))^2",0.98
307,1000,2,"T_Copula",2000,-1.5,"0.75(log(n))^2",0.02
308,1000,2,"T_Copula",2000,-1.5,"0.75(log(n))^2",0.82
309,1000,2,"T_Copula",2000,-1.5,"0.75(log(n))^2",0.91
310,1000,2,"T_Copula",2000,-1.5,"0.75(log(n))^2",0.3
311,1000,2,"T_Copula",2000,-1.5,"0.75(log(n))^2",0.8
312,1000,2,"T_Copula",2000,-1.5,"0.75(log(n))^2",0.71
313,1000,2,"T_Copula",2000,-1.5,"0.75(log(n))^2",0.19
314,1000,2,"T_Copula",2000,-1.5,"0.75(log(n))^2",0.72
315,1000,2,"T_Copula",2000,-1.5,"0.75(log(n))^2",0.11
316,1000,2,"T_Copula",2000,-1.5,"0.75(log(n))^2",0.76
317,1000,2,"T_Copula",2000,-1.5,"0.75(log(n))^2",0.98
318,1000,2,"T_Copula",2000,-1.5,"0.75(log(n))^2",0.54
319,1000,2,"T_Copula",2000,-1.5,"0.75(log(n))^2",0.83
320,1000,2,"T_Copula",2000,-1.5,"0.75(log(n))^2",0.88
321,1000,2,"T_Copula",2000,-1.5,"0.75(log(n))^2",0.15
322,1000,2,"T_Copula",2000,-1.5,"0.75(log(n))^2",0.4
323,1000,2,"T_Copula",2000,-1.5,"0.75(log(n))^2",0.99
324,1000,2,"T_Copula",2000,-1.5,"0.75(log(n))^2",0.9
325,1000,2,"T_Copula",2000,-1.5,"0.75(log(n))^2",0.69
326,1000,2,"T_Copula",2000,-1.5,"0.75(log(n))^2",0.5
327,1000,2,"T_Copula",2000,-1.5,"0.75(log(n))^2",0.91
328,1000,2,"T_Copula",2000,-1.5,"0.75(log(n))^2",0.85
329,1000,2,"T_Copula",2000,-1.5,"0.75(log(n))^2",0.42
330,1000,2,"T_Copula",2000,-1.5,"0.75(log(n))^2",0.82
331,1000,2,"T_Copula",2000,-1.5,"0.75(log(n))^2",0.35
332,1000,2,"T_Copula",2000,-1.5,"0.75(log(n))^2",0.67
333,1000,2,"T_Copula",2000,-1.5,"0.75(log(n))^2",0.33
334,1000,2,"T_Copula",2000,-1.5,"0.75(log(n))^2",0.44
335,1000,2,"T_Copula",2000,-1.5,"0.75(log(n))^2",0.64
336,1000,2,"T_Copula",2000,-1.5,"0.75(log(n))^2",1
337,1000,2,"T_Copula",2000,-1.5,"0.75(log(n))^2",0.53
338,1000,2,"T_Copula",2000,-1.5,"0.75(log(n))^2",0.68
339,1000,2,"T_Copula",2000,-1.5,"0.75(log(n))^2",0.1
340,1000,2,"T_Copula",2000,-1.5,"0.75(log(n))^2",0.8
341,1000,2,"T_Copula",2000,-1.5,"0.75(log(n))^2",0.76
342,1000,2,"T_Copula",2000,-1.5,"0.75(log(n))^2",0.73
343,1000,2,"T_Copula",2000,-1.5,"0.75(log(n))^2",0.81
344,1000,2,"T_Copula",2000,-1.5,"0.75(log(n))^2",0.22
345,1000,2,"T_Copula",2000,-1.5,"0.75(log(n))^2",0.47
346,1000,2,"T_Copula",2000,-1.5,"0.75(log(n))^2",0.27
347,1000,2,"T_Copula",2000,-1.5,"0.75(log(n))^2",0.69
348,1000,2,"T_Copula",2000,-1.5,"0.75(log(n))^2",0.23
349,1000,2,"T_Copula",2000,-1.5,"0.75(log(n))^2",0.54
350,1000,2,"T_Copula",2000,-1.5,"0.75(log(n))^2",0.36
351,1000,2,"T_Copula",2000,-1.5,"0.75(log(n))^2",0.68
352,1000,2,"T_Copula",2000,-1.5,"0.75(log(n))^2",0.52
353,1000,2,"T_Copula",2000,-1.5,"0.75(log(n))^2",0.66
354,1000,2,"T_Copula",2000,-1.5,"0.75(log(n))^2",0.24
355,1000,2,"T_Copula",2000,-1.5,"0.75(log(n))^2",0.9
356,1000,2,"T_Copula",2000,-1.5,"0.75(log(n))^2",0.91
357,1000,2,"T_Copula",2000,-1.5,"0.75(log(n))^2",0.53
358,1000,2,"T_Copula",2000,-1.5,"0.75(log(n))^2",0.84
359,1000,2,"T_Copula",2000,-1.5,"0.75(log(n))^2",0.33
360,1000,2,"T_Copula",2000,-1.5,"0.75(log(n))^2",0.9
361,1000,2,"T_Copula",2000,-1.5,"0.75(log(n))^2",0.47
362,1000,2,"T_Copula",2000,-1.5,"0.75(log(n))^2",0.76
363,1000,2,"T_Copula",2000,-1.5,"0.75(log(n))^2",0.64
364,1000,2,"T_Copula",2000,-1.5,"0.75(log(n))^2",0.93
365,1000,2,"T_Copula",2000,-1.5,"0.75(log(n))^2",0.04
366,1000,2,"T_Copula",2000,-1.5,"0.75(log(n))^2",0.68
367,1000,2,"T_Copula",2000,-1.5,"0.75(log(n))^2",0.19
368,1000,2,"T_Copula",2000,-1.5,"0.75(log(n))^2",0.95
369,1000,2,"T_Copula",2000,-1.5,"0.75(log(n))^2",0.81
370,1000,2,"T_Copula",2000,-1.5,"0.75(log(n))^2",0.51
371,1000,2,"T_Copula",2000,-1.5,"0.75(log(n))^2",0.1
372,1000,2,"T_Copula",2000,-1.5,"0.75(log(n))^2",0.46
373,1000,2,"T_Copula",2000,-1.5,"0.75(log(n))^2",0.84
374,1000,2,"T_Copula",2000,-1.5,"0.75(log(n))^2",0.45
375,1000,2,"T_Copula",2000,-1.5,"0.75(log(n))^2",0.62
376,1000,2,"T_Copula",2000,-1.5,"0.75(log(n))^2",0.87
377,1000,2,"T_Copula",2000,-1.5,"0.75(log(n))^2",0.07
378,1000,2,"T_Copula",2000,-1.5,"0.75(log(n))^2",0.59
379,1000,2,"T_Copula",2000,-1.5,"0.75(log(n))^2",0.97
380,1000,2,"T_Copula",2000,-1.5,"0.75(log(n))^2",0.33
381,1000,2,"T_Copula",2000,-1.5,"0.75(log(n))^2",0.19
382,1000,2,"T_Copula",2000,-1.5,"0.75(log(n))^2",0.15
383,1000,2,"T_Copula",2000,-1.5,"0.75(log(n))^2",0.45
384,1000,2,"T_Copula",2000,-1.5,"0.75(log(n))^2",0.9
385,1000,2,"T_Copula",2000,-1.5,"0.75(log(n))^2",0.62
386,1000,2,"T_Copula",2000,-1.5,"0.75(log(n))^2",0.12
387,1000,2,"T_Copula",2000,-1.5,"0.75(log(n))^2",0.65
388,1000,2,"T_Copula",2000,-1.5,"0.75(log(n))^2",0.35
389,1000,2,"T_Copula",2000,-1.5,"0.75(log(n))^2",0.49
390,1000,2,"T_Copula",2000,-1.5,"0.75(log(n))^2",0.08
391,1000,2,"T_Copula",2000,-1.5,"0.75(log(n))^2",0.47
392,1000,2,"T_Copula",2000,-1.5,"0.75(log(n))^2",0.1
393,1000,2,"T_Copula",2000,-1.5,"0.75(log(n))^2",0.12
394,1000,2,"T_Copula",2000,-1.5,"0.75(log(n))^2",0.5
395,1000,2,"T_Copula",2000,-1.5,"0.75(log(n))^2",0.59
396,1000,2,"T_Copula",2000,-1.5,"0.75(log(n))^2",0.26
397,1000,2,"T_Copula",2000,-1.5,"0.75(log(n))^2",0.16
398,1000,2,"T_Copula",2000,-1.5,"0.75(log(n))^2",0.37
399,1000,2,"T_Copula",2000,-1.5,"0.75(log(n))^2",0.44
400,1000,2,"T_Copula",2000,-1.5,"0.75(log(n))^2",0.34
401,1000,2,"T_Copula",2000,-1.5,"0.75(log(n))^2",0.76
402,1000,2,"T_Copula",2000,-1.5,"0.75(log(n))^2",0.48
403,1000,2,"T_Copula",2000,-1.5,"0.75(log(n))^2",0.06
404,1000,2,"T_Copula",2000,-1.5,"0.75(log(n))^2",0.48
405,1000,2,"T_Copula",2000,-1.5,"0.75(log(n))^2",0.19
406,1000,2,"T_Copula",2000,-1.5,"0.75(log(n))^2",0.88
407,1000,2,"T_Copula",2000,-1.5,"0.75(log(n))^2",0.07
408,1000,2,"T_Copula",2000,-1.5,"0.75(log(n))^2",0.2
409,1000,2,"T_Copula",2000,-1.5,"0.75(log(n))^2",0.83
410,1000,2,"T_Copula",2000,-1.5,"0.75(log(n))^2",0.93
411,1000,2,"T_Copula",2000,-1.5,"0.75(log(n))^2",0.52
412,1000,2,"T_Copula",2000,-1.5,"0.75(log(n))^2",0.72
413,1000,2,"T_Copula",2000,-1.5,"0.75(log(n))^2",0.51
414,1000,2,"T_Copula",2000,-1.5,"0.75(log(n))^2",0.98
415,1000,2,"T_Copula",2000,-1.5,"0.75(log(n))^2",0.94
416,1000,2,"T_Copula",2000,-1.5,"0.75(log(n))^2",0.77
417,1000,2,"T_Copula",2000,-1.5,"0.75(log(n))^2",0.05
418,1000,2,"T_Copula",2000,-1.5,"0.75(log(n))^2",0.18
419,1000,2,"T_Copula",2000,-1.5,"0.75(log(n))^2",0.55
420,1000,2,"T_Copula",2000,-1.5,"0.75(log(n))^2",0.41
421,1000,2,"T_Copula",2000,-1.5,"0.75(log(n))^2",0.89
422,1000,2,"T_Copula",2000,-1.5,"0.75(log(n))^2",0.47
423,1000,2,"T_Copula",2000,-1.5,"0.75(log(n))^2",0.22
424,1000,2,"T_Copula",2000,-1.5,"0.75(log(n))^2",0.92
425,1000,2,"T_Copula",2000,-1.5,"0.75(log(n))^2",0.43
426,1000,2,"T_Copula",2000,-1.5,"0.75(log(n))^2",0.39
427,1000,2,"T_Copula",2000,-1.5,"0.75(log(n))^2",0.29
428,1000,2,"T_Copula",2000,-1.5,"0.75(log(n))^2",0.58
429,1000,2,"T_Copula",2000,-1.5,"0.75(log(n))^2",0.21
430,1000,2,"T_Copula",2000,-1.5,"0.75(log(n))^2",0.68
431,1000,2,"T_Copula",2000,-1.5,"0.75(log(n))^2",0.94
432,1000,2,"T_Copula",2000,-1.5,"0.75(log(n))^2",0.17
433,1000,2,"T_Copula",2000,-1.5,"0.75(log(n))^2",0.7
434,1000,2,"T_Copula",2000,-1.5,"0.75(log(n))^2",1
435,1000,2,"T_Copula",2000,-1.5,"0.75(log(n))^2",0.17
436,1000,2,"T_Copula",2000,-1.5,"0.75(log(n))^2",0.32
437,1000,2,"T_Copula",2000,-1.5,"0.75(log(n))^2",0.97
438,1000,2,"T_Copula",2000,-1.5,"0.75(log(n))^2",0.08
439,1000,2,"T_Copula",2000,-1.5,"0.75(log(n))^2",0.88
440,1000,2,"T_Copula",2000,-1.5,"0.75(log(n))^2",0.05
441,1000,2,"T_Copula",2000,-1.5,"0.75(log(n))^2",0.38
442,1000,2,"T_Copula",2000,-1.5,"0.75(log(n))^2",0.61
443,1000,2,"T_Copula",2000,-1.5,"0.75(log(n))^2",0.25
444,1000,2,"T_Copula",2000,-1.5,"0.75(log(n))^2",0.17
445,1000,2,"T_Copula",2000,-1.5,"0.75(log(n))^2",0.33
446,1000,2,"T_Copula",2000,-1.5,"0.75(log(n))^2",0.51
447,1000,2,"T_Copula",2000,-1.5,"0.75(log(n))^2",0.02
448,1000,2,"T_Copula",2000,-1.5,"0.75(log(n))^2",0.89
449,1000,2,"T_Copula",2000,-1.5,"0.75(log(n))^2",0.42
450,1000,2,"T_Copula",2000,-1.5,"0.75(log(n))^2",0.5
451,1000,2,"T_Copula",2000,-1.5,"0.75(log(n))^2",0.03
452,1000,2,"T_Copula",2000,-1.5,"0.75(log(n))^2",0.7
453,1000,2,"T_Copula",2000,-1.5,"0.75(log(n))^2",0.69
454,1000,2,"T_Copula",2000,-1.5,"0.75(log(n))^2",0.42
455,1000,2,"T_Copula",2000,-1.5,"0.75(log(n))^2",0.96
456,1000,2,"T_Copula",2000,-1.5,"0.75(log(n))^2",0.55
457,1000,2,"T_Copula",2000,-1.5,"0.75(log(n))^2",0.25
458,1000,2,"T_Copula",2000,-1.5,"0.75(log(n))^2",0.35
459,1000,2,"T_Copula",2000,-1.5,"0.75(log(n))^2",0.2
460,1000,2,"T_Copula",2000,-1.5,"0.75(log(n))^2",0.49
461,1000,2,"T_Copula",2000,-1.5,"0.75(log(n))^2",0.97
462,1000,2,"T_Copula",2000,-1.5,"0.75(log(n))^2",0.45
463,1000,2,"T_Copula",2000,-1.5,"0.75(log(n))^2",0.97
464,1000,2,"T_Copula",2000,-1.5,"0.75(log(n))^2",0.99
465,1000,2,"T_Copula",2000,-1.5,"0.75(log(n))^2",0.42
466,1000,2,"T_Copula",2000,-1.5,"0.75(log(n))^2",0.45
467,1000,2,"T_Copula",2000,-1.5,"0.75(log(n))^2",0.83
468,1000,2,"T_Copula",2000,-1.5,"0.75(log(n))^2",0.35
469,1000,2,"T_Copula",2000,-1.5,"0.75(log(n))^2",0.51
470,1000,2,"T_Copula",2000,-1.5,"0.75(log(n))^2",0.18
471,1000,2,"T_Copula",2000,-1.5,"0.75(log(n))^2",0.76
472,1000,2,"T_Copula",2000,-1.5,"0.75(log(n))^2",0.96
473,1000,2,"T_Copula",2000,-1.5,"0.75(log(n))^2",0.86
474,1000,2,"T_Copula",2000,-1.5,"0.75(log(n))^2",0.49
475,1000,2,"T_Copula",2000,-1.5,"0.75(log(n))^2",0.94
476,1000,2,"T_Copula",2000,-1.5,"0.75(log(n))^2",0.66
477,1000,2,"T_Copula",2000,-1.5,"0.75(log(n))^2",0.86
478,1000,2,"T_Copula",2000,-1.5,"0.75(log(n))^2",1
479,1000,2,"T_Copula",2000,-1.5,"0.75(log(n))^2",0.92
480,1000,2,"T_Copula",2000,-1.5,"0.75(log(n))^2",0.8
481,1000,2,"T_Copula",2000,-1.5,"0.75(log(n))^2",0.92
482,1000,2,"T_Copula",2000,-1.5,"0.75(log(n))^2",0.86
483,1000,2,"T_Copula",2000,-1.5,"0.75(log(n))^2",0.08
484,1000,2,"T_Copula",2000,-1.5,"0.75(log(n))^2",0.22
485,1000,2,"T_Copula",2000,-1.5,"0.75(log(n))^2",0.71
486,1000,2,"T_Copula",2000,-1.5,"0.75(log(n))^2",0.22
487,1000,2,"T_Copula",2000,-1.5,"0.75(log(n))^2",0.45
488,1000,2,"T_Copula",2000,-1.5,"0.75(log(n))^2",0.63
489,1000,2,"T_Copula",2000,-1.5,"0.75(log(n))^2",0.98
490,1000,2,"T_Copula",2000,-1.5,"0.75(log(n))^2",0.57
491,1000,2,"T_Copula",2000,-1.5,"0.75(log(n))^2",0.85
492,1000,2,"T_Copula",2000,-1.5,"0.75(log(n))^2",0.7
493,1000,2,"T_Copula",2000,-1.5,"0.75(log(n))^2",0.79
494,1000,2,"T_Copula",2000,-1.5,"0.75(log(n))^2",0.13
495,1000,2,"T_Copula",2000,-1.5,"0.75(log(n))^2",0.7
496,1000,2,"T_Copula",2000,-1.5,"0.75(log(n))^2",0.5
497,1000,2,"T_Copula",2000,-1.5,"0.75(log(n))^2",0.81
498,1000,2,"T_Copula",2000,-1.5,"0.75(log(n))^2",0.84
499,1000,2,"T_Copula",2000,-1.5,"0.75(log(n))^2",0.83
500,1000,2,"T_Copula",2000,-1.5,"0.75(log(n))^2",0.07
501,1000,2,"T_Copula",2000,-1.5,"0.75(log(n))^2",0.72
502,1000,2,"T_Copula",2000,-1.5,"0.75(log(n))^2",0.22
503,1000,2,"T_Copula",2000,-1.5,"0.75(log(n))^2",0.87
504,1000,2,"T_Copula",2000,-1.5,"0.75(log(n))^2",0.13
505,1000,2,"T_Copula",2000,-1.5,"0.75(log(n))^2",0.99
506,1000,2,"T_Copula",2000,-1.5,"0.75(log(n))^2",0.73
507,1000,2,"T_Copula",2000,-1.5,"0.75(log(n))^2",0.7
508,1000,2,"T_Copula",2000,-1.5,"0.75(log(n))^2",0.17
509,1000,2,"T_Copula",2000,-1.5,"0.75(log(n))^2",1
510,1000,2,"T_Copula",2000,-1.5,"0.75(log(n))^2",0.55
511,1000,2,"T_Copula",2000,-1.5,"0.75(log(n))^2",0.29
512,1000,2,"T_Copula",2000,-1.5,"0.75(log(n))^2",0.9
513,1000,2,"T_Copula",2000,-1.5,"0.75(log(n))^2",0.54
514,1000,2,"T_Copula",2000,-1.5,"0.75(log(n))^2",0.45
515,1000,2,"T_Copula",2000,-1.5,"0.75(log(n))^2",0.9
516,1000,2,"T_Copula",2000,-1.5,"0.75(log(n))^2",0.74
517,1000,2,"T_Copula",2000,-1.5,"0.75(log(n))^2",0.41
518,1000,2,"T_Copula",2000,-1.5,"0.75(log(n))^2",0.36
519,1000,2,"T_Copula",2000,-1.5,"0.75(log(n))^2",0.11
520,1000,2,"T_Copula",2000,-1.5,"0.75(log(n))^2",0.96
521,1000,2,"T_Copula",2000,-1.5,"0.75(log(n))^2",0.99
522,1000,2,"T_Copula",2000,-1.5,"0.75(log(n))^2",0.41
523,1000,2,"T_Copula",2000,-1.5,"0.75(log(n))^2",0.54
524,1000,2,"T_Copula",2000,-1.5,"0.75(log(n))^2",0.77
525,1000,2,"T_Copula",2000,-1.5,"0.75(log(n))^2",0.12
526,1000,2,"T_Copula",2000,-1.5,"0.75(log(n))^2",0.84
527,1000,2,"T_Copula",2000,-1.5,"0.75(log(n))^2",0.5
528,1000,2,"T_Copula",2000,-1.5,"0.75(log(n))^2",0.25
529,1000,2,"T_Copula",2000,-1.5,"0.75(log(n))^2",0.43
530,1000,2,"T_Copula",2000,-1.5,"0.75(log(n))^2",0.79
531,1000,2,"T_Copula",2000,-1.5,"0.75(log(n))^2",0.26
532,1000,2,"T_Copula",2000,-1.5,"0.75(log(n))^2",0.62
533,1000,2,"T_Copula",2000,-1.5,"0.75(log(n))^2",0.53
534,1000,2,"T_Copula",2000,-1.5,"0.75(log(n))^2",0.23
535,1000,2,"T_Copula",2000,-1.5,"0.75(log(n))^2",0.71
536,1000,2,"T_Copula",2000,-1.5,"0.75(log(n))^2",0.82
537,1000,2,"T_Copula",2000,-1.5,"0.75(log(n))^2",0.99
538,1000,2,"T_Copula",2000,-1.5,"0.75(log(n))^2",0.64
539,1000,2,"T_Copula",2000,-1.5,"0.75(log(n))^2",0.06
540,1000,2,"T_Copula",2000,-1.5,"0.75(log(n))^2",0.7
541,1000,2,"T_Copula",2000,-1.5,"0.75(log(n))^2",0.98
542,1000,2,"T_Copula",2000,-1.5,"0.75(log(n))^2",0.86
543,1000,2,"T_Copula",2000,-1.5,"0.75(log(n))^2",0.28
544,1000,2,"T_Copula",2000,-1.5,"0.75(log(n))^2",0.04
545,1000,2,"T_Copula",2000,-1.5,"0.75(log(n))^2",0.9
546,1000,2,"T_Copula",2000,-1.5,"0.75(log(n))^2",0.47
547,1000,2,"T_Copula",2000,-1.5,"0.75(log(n))^2",0.48
548,1000,2,"T_Copula",2000,-1.5,"0.75(log(n))^2",0.23
549,1000,2,"T_Copula",2000,-1.5,"0.75(log(n))^2",0.65
550,1000,2,"T_Copula",2000,-1.5,"0.75(log(n))^2",0.04
551,1000,2,"T_Copula",2000,-1.5,"0.75(log(n))^2",0.14
552,1000,2,"T_Copula",2000,-1.5,"0.75(log(n))^2",0.35
553,1000,2,"T_Copula",2000,-1.5,"0.75(log(n))^2",0.13
554,1000,2,"T_Copula",2000,-1.5,"0.75(log(n))^2",0.92
555,1000,2,"T_Copula",2000,-1.5,"0.75(log(n))^2",0.7
556,1000,2,"T_Copula",2000,-1.5,"0.75(log(n))^2",0.31
557,1000,2,"T_Copula",2000,-1.5,"0.75(log(n))^2",0.05
558,1000,2,"T_Copula",2000,-1.5,"0.75(log(n))^2",0.88
559,1000,2,"T_Copula",2000,-1.5,"0.75(log(n))^2",0.99
560,1000,2,"T_Copula",2000,-1.5,"0.75(log(n))^2",0.45
561,1000,2,"T_Copula",2000,-1.5,"0.75(log(n))^2",0.2
562,1000,2,"T_Copula",2000,-1.5,"0.75(log(n))^2",0.77
563,1000,2,"T_Copula",2000,-1.5,"0.75(log(n))^2",0.08
564,1000,2,"T_Copula",2000,-1.5,"0.75(log(n))^2",0.59
565,1000,2,"T_Copula",2000,-1.5,"0.75(log(n))^2",0.34
566,1000,2,"T_Copula",2000,-1.5,"0.75(log(n))^2",0.94
567,1000,2,"T_Copula",2000,-1.5,"0.75(log(n))^2",0.82
568,1000,2,"T_Copula",2000,-1.5,"0.75(log(n))^2",0.94
569,1000,2,"T_Copula",2000,-1.5,"0.75(log(n))^2",0.34
570,1000,2,"T_Copula",2000,-1.5,"0.75(log(n))^2",0.45
571,1000,2,"T_Copula",2000,-1.5,"0.75(log(n))^2",0.74
572,1000,2,"T_Copula",2000,-1.5,"0.75(log(n))^2",0.41
573,1000,2,"T_Copula",2000,-1.5,"0.75(log(n))^2",0.44
574,1000,2,"T_Copula",2000,-1.5,"0.75(log(n))^2",0.65
575,1000,2,"T_Copula",2000,-1.5,"0.75(log(n))^2",0.77
576,1000,2,"T_Copula",2000,-1.5,"0.75(log(n))^2",0.74
577,1000,2,"T_Copula",2000,-1.5,"0.75(log(n))^2",0.01
578,1000,2,"T_Copula",2000,-1.5,"0.75(log(n))^2",0.58
579,1000,2,"T_Copula",2000,-1.5,"0.75(log(n))^2",0.6
580,1000,2,"T_Copula",2000,-1.5,"0.75(log(n))^2",0.54
581,1000,2,"T_Copula",2000,-1.5,"0.75(log(n))^2",0.3
582,1000,2,"T_Copula",2000,-1.5,"0.75(log(n))^2",0.49
583,1000,2,"T_Copula",2000,-1.5,"0.75(log(n))^2",1
584,1000,2,"T_Copula",2000,-1.5,"0.75(log(n))^2",0.93
585,1000,2,"T_Copula",2000,-1.5,"0.75(log(n))^2",0.52
586,1000,2,"T_Copula",2000,-1.5,"0.75(log(n))^2",0.44
587,1000,2,"T_Copula",2000,-1.5,"0.75(log(n))^2",0.47
588,1000,2,"T_Copula",2000,-1.5,"0.75(log(n))^2",0.18
589,1000,2,"T_Copula",2000,-1.5,"0.75(log(n))^2",0.22
590,1000,2,"T_Copula",2000,-1.5,"0.75(log(n))^2",0.26
591,1000,2,"T_Copula",2000,-1.5,"0.75(log(n))^2",0.22
592,1000,2,"T_Copula",2000,-1.5,"0.75(log(n))^2",0.54
593,1000,2,"T_Copula",2000,-1.5,"0.75(log(n))^2",0.62
594,1000,2,"T_Copula",2000,-1.5,"0.75(log(n))^2",0.47
595,1000,2,"T_Copula",2000,-1.5,"0.75(log(n))^2",0.84
596,1000,2,"T_Copula",2000,-1.5,"0.75(log(n))^2",0.86
597,1000,2,"T_Copula",2000,-1.5,"0.75(log(n))^2",0.76
598,1000,2,"T_Copula",2000,-1.5,"0.75(log(n))^2",0.2
599,1000,2,"T_Copula",2000,-1.5,"0.75(log(n))^2",0.49
600,1000,2,"T_Copula",2000,-1.5,"0.75(log(n))^2",0.52
601,1000,2,"T_Copula",2000,-1.5,"0.75(log(n))^2",0.89
602,1000,2,"T_Copula",2000,-1.5,"0.75(log(n))^2",0.75
603,1000,2,"T_Copula",2000,-1.5,"0.75(log(n))^2",0.42
604,1000,2,"T_Copula",2000,-1.5,"0.75(log(n))^2",0.37
605,1000,2,"T_Copula",2000,-1.5,"0.75(log(n))^2",0.78
606,1000,2,"T_Copula",2000,-1.5,"0.75(log(n))^2",0.62
607,1000,2,"T_Copula",2000,-1.5,"0.75(log(n))^2",0.54
608,1000,2,"T_Copula",2000,-1.5,"0.75(log(n))^2",0.11
609,1000,2,"T_Copula",2000,-1.5,"0.75(log(n))^2",0.5
610,1000,2,"T_Copula",2000,-1.5,"0.75(log(n))^2",0.15
611,1000,2,"T_Copula",2000,-1.5,"0.75(log(n))^2",0.74
612,1000,2,"T_Copula",2000,-1.5,"0.75(log(n))^2",0.3
613,1000,2,"T_Copula",2000,-1.5,"0.75(log(n))^2",0.7
614,1000,2,"T_Copula",2000,-1.5,"0.75(log(n))^2",0.54
615,1000,2,"T_Copula",2000,-1.5,"0.75(log(n))^2",0.22
616,1000,2,"T_Copula",2000,-1.5,"0.75(log(n))^2",0.05
617,1000,2,"T_Copula",2000,-1.5,"0.75(log(n))^2",0.52
618,1000,2,"T_Copula",2000,-1.5,"0.75(log(n))^2",0.78
619,1000,2,"T_Copula",2000,-1.5,"0.75(log(n))^2",0.6
620,1000,2,"T_Copula",2000,-1.5,"0.75(log(n))^2",0.98
621,1000,2,"T_Copula",2000,-1.5,"0.75(log(n))^2",0.08
622,1000,2,"T_Copula",2000,-1.5,"0.75(log(n))^2",0.17
623,1000,2,"T_Copula",2000,-1.5,"0.75(log(n))^2",0.94
624,1000,2,"T_Copula",2000,-1.5,"0.75(log(n))^2",0.11
625,1000,2,"T_Copula",2000,-1.5,"0.75(log(n))^2",0.18
626,1000,2,"T_Copula",2000,-1.5,"0.75(log(n))^2",0.47
627,1000,2,"T_Copula",2000,-1.5,"0.75(log(n))^2",0.45
628,1000,2,"T_Copula",2000,-1.5,"0.75(log(n))^2",0.7
629,1000,2,"T_Copula",2000,-1.5,"0.75(log(n))^2",0.67
630,1000,2,"T_Copula",2000,-1.5,"0.75(log(n))^2",0.77
631,1000,2,"T_Copula",2000,-1.5,"0.75(log(n))^2",0.62
632,1000,2,"T_Copula",2000,-1.5,"0.75(log(n))^2",0.06
633,1000,2,"T_Copula",2000,-1.5,"0.75(log(n))^2",0.8
634,1000,2,"T_Copula",2000,-1.5,"0.75(log(n))^2",0.48
635,1000,2,"T_Copula",2000,-1.5,"0.75(log(n))^2",0.25
636,1000,2,"T_Copula",2000,-1.5,"0.75(log(n))^2",0.1
637,1000,2,"T_Copula",2000,-1.5,"0.75(log(n))^2",0.94
638,1000,2,"T_Copula",2000,-1.5,"0.75(log(n))^2",0.8
639,1000,2,"T_Copula",2000,-1.5,"0.75(log(n))^2",0.99
640,1000,2,"T_Copula",2000,-1.5,"0.75(log(n))^2",0.38
641,1000,2,"T_Copula",2000,-1.5,"0.75(log(n))^2",0.95
642,1000,2,"T_Copula",2000,-1.5,"0.75(log(n))^2",0.12
643,1000,2,"T_Copula",2000,-1.5,"0.75(log(n))^2",0.39
644,1000,2,"T_Copula",2000,-1.5,"0.75(log(n))^2",0.97
645,1000,2,"T_Copula",2000,-1.5,"0.75(log(n))^2",0.49
646,1000,2,"T_Copula",2000,-1.5,"0.75(log(n))^2",0.72
647,1000,2,"T_Copula",2000,-1.5,"0.75(log(n))^2",0.18
648,1000,2,"T_Copula",2000,-1.5,"0.75(log(n))^2",0.41
649,1000,2,"T_Copula",2000,-1.5,"0.75(log(n))^2",0.98
650,1000,2,"T_Copula",2000,-1.5,"0.75(log(n))^2",0.74
651,1000,2,"T_Copula",2000,-1.5,"0.75(log(n))^2",0.09
652,1000,2,"T_Copula",2000,-1.5,"0.75(log(n))^2",0.58
653,1000,2,"T_Copula",2000,-1.5,"0.75(log(n))^2",0.68
654,1000,2,"T_Copula",2000,-1.5,"0.75(log(n))^2",0.81
655,1000,2,"T_Copula",2000,-1.5,"0.75(log(n))^2",0.95
656,1000,2,"T_Copula",2000,-1.5,"0.75(log(n))^2",0.28
657,1000,2,"T_Copula",2000,-1.5,"0.75(log(n))^2",0.72
658,1000,2,"T_Copula",2000,-1.5,"0.75(log(n))^2",0.52
659,1000,2,"T_Copula",2000,-1.5,"0.75(log(n))^2",0.91
660,1000,2,"T_Copula",2000,-1.5,"0.75(log(n))^2",0.19
661,1000,2,"T_Copula",2000,-1.5,"0.75(log(n))^2",0.77
662,1000,2,"T_Copula",2000,-1.5,"0.75(log(n))^2",0.62
663,1000,2,"T_Copula",2000,-1.5,"0.75(log(n))^2",0.24
664,1000,2,"T_Copula",2000,-1.5,"0.75(log(n))^2",0.82
665,1000,2,"T_Copula",2000,-1.5,"0.75(log(n))^2",0.72
666,1000,2,"T_Copula",2000,-1.5,"0.75(log(n))^2",0.75
667,1000,2,"T_Copula",2000,-1.5,"0.75(log(n))^2",0.43
668,1000,2,"T_Copula",2000,-1.5,"0.75(log(n))^2",0.35
669,1000,2,"T_Copula",2000,-1.5,"0.75(log(n))^2",0.43
670,1000,2,"T_Copula",2000,-1.5,"0.75(log(n))^2",0.53
671,1000,2,"T_Copula",2000,-1.5,"0.75(log(n))^2",0.54
672,1000,2,"T_Copula",2000,-1.5,"0.75(log(n))^2",0.48
673,1000,2,"T_Copula",2000,-1.5,"0.75(log(n))^2",0.47
674,1000,2,"T_Copula",2000,-1.5,"0.75(log(n))^2",0.46
675,1000,2,"T_Copula",2000,-1.5,"0.75(log(n))^2",0.86
676,1000,2,"T_Copula",2000,-1.5,"0.75(log(n))^2",0.62
677,1000,2,"T_Copula",2000,-1.5,"0.75(log(n))^2",0.16
678,1000,2,"T_Copula",2000,-1.5,"0.75(log(n))^2",0.9
679,1000,2,"T_Copula",2000,-1.5,"0.75(log(n))^2",0.76
680,1000,2,"T_Copula",2000,-1.5,"0.75(log(n))^2",0.4
681,1000,2,"T_Copula",2000,-1.5,"0.75(log(n))^2",0.75
682,1000,2,"T_Copula",2000,-1.5,"0.75(log(n))^2",0.11
683,1000,2,"T_Copula",2000,-1.5,"0.75(log(n))^2",0.72
684,1000,2,"T_Copula",2000,-1.5,"0.75(log(n))^2",0.83
685,1000,2,"T_Copula",2000,-1.5,"0.75(log(n))^2",0.46
686,1000,2,"T_Copula",2000,-1.5,"0.75(log(n))^2",0.51
687,1000,2,"T_Copula",2000,-1.5,"0.75(log(n))^2",0.43
688,1000,2,"T_Copula",2000,-1.5,"0.75(log(n))^2",0.97
689,1000,2,"T_Copula",2000,-1.5,"0.75(log(n))^2",1
690,1000,2,"T_Copula",2000,-1.5,"0.75(log(n))^2",0.53
691,1000,2,"T_Copula",2000,-1.5,"0.75(log(n))^2",0.65
692,1000,2,"T_Copula",2000,-1.5,"0.75(log(n))^2",0.3
693,1000,2,"T_Copula",2000,-1.5,"0.75(log(n))^2",0.34
694,1000,2,"T_Copula",2000,-1.5,"0.75(log(n))^2",0.99
695,1000,2,"T_Copula",2000,-1.5,"0.75(log(n))^2",0.79
696,1000,2,"T_Copula",2000,-1.5,"0.75(log(n))^2",0.5
697,1000,2,"T_Copula",2000,-1.5,"0.75(log(n))^2",0.33
698,1000,2,"T_Copula",2000,-1.5,"0.75(log(n))^2",0.12
699,1000,2,"T_Copula",2000,-1.5,"0.75(log(n))^2",0.19
700,1000,2,"T_Copula",2000,-1.5,"0.75(log(n))^2",0.62
701,1000,2,"T_Copula",2000,-1.5,"0.75(log(n))^2",0.45
702,1000,2,"T_Copula",2000,-1.5,"0.75(log(n))^2",0.65
703,1000,2,"T_Copula",2000,-1.5,"0.75(log(n))^2",0.25
704,1000,2,"T_Copula",2000,-1.5,"0.75(log(n))^2",0.91
705,1000,2,"T_Copula",2000,-1.5,"0.75(log(n))^2",0.95
706,1000,2,"T_Copula",2000,-1.5,"0.75(log(n))^2",0.97
707,1000,2,"T_Copula",2000,-1.5,"0.75(log(n))^2",0.31
708,1000,2,"T_Copula",2000,-1.5,"0.75(log(n))^2",0
709,1000,2,"T_Copula",2000,-1.5,"0.75(log(n))^2",0.15
710,1000,2,"T_Copula",2000,-1.5,"0.75(log(n))^2",0.89
711,1000,2,"T_Copula",2000,-1.5,"0.75(log(n))^2",0.6
712,1000,2,"T_Copula",2000,-1.5,"0.75(log(n))^2",0.81
713,1000,2,"T_Copula",2000,-1.5,"0.75(log(n))^2",0.18
714,1000,2,"T_Copula",2000,-1.5,"0.75(log(n))^2",0.62
715,1000,2,"T_Copula",2000,-1.5,"0.75(log(n))^2",0.38
716,1000,2,"T_Copula",2000,-1.5,"0.75(log(n))^2",0.56
717,1000,2,"T_Copula",2000,-1.5,"0.75(log(n))^2",0.56
718,1000,2,"T_Copula",2000,-1.5,"0.75(log(n))^2",0.04
719,1000,2,"T_Copula",2000,-1.5,"0.75(log(n))^2",0.6
720,1000,2,"T_Copula",2000,-1.5,"0.75(log(n))^2",0.01
721,1000,2,"T_Copula",2000,-1.5,"0.75(log(n))^2",0.11
722,1000,2,"T_Copula",2000,-1.5,"0.75(log(n))^2",0.44
723,1000,2,"T_Copula",2000,-1.5,"0.75(log(n))^2",0.7
724,1000,2,"T_Copula",2000,-1.5,"0.75(log(n))^2",0.82
725,1000,2,"T_Copula",2000,-1.5,"0.75(log(n))^2",0.47
726,1000,2,"T_Copula",2000,-1.5,"0.75(log(n))^2",0.46
727,1000,2,"T_Copula",2000,-1.5,"0.75(log(n))^2",0.42
728,1000,2,"T_Copula",2000,-1.5,"0.75(log(n))^2",0.34
729,1000,2,"T_Copula",2000,-1.5,"0.75(log(n))^2",0.89
730,1000,2,"T_Copula",2000,-1.5,"0.75(log(n))^2",0.04
731,1000,2,"T_Copula",2000,-1.5,"0.75(log(n))^2",0.11
732,1000,2,"T_Copula",2000,-1.5,"0.75(log(n))^2",0.44
733,1000,2,"T_Copula",2000,-1.5,"0.75(log(n))^2",0.55
734,1000,2,"T_Copula",2000,-1.5,"0.75(log(n))^2",0.88
735,1000,2,"T_Copula",2000,-1.5,"0.75(log(n))^2",0.78
736,1000,2,"T_Copula",2000,-1.5,"0.75(log(n))^2",0.5
737,1000,2,"T_Copula",2000,-1.5,"0.75(log(n))^2",0
738,1000,2,"T_Copula",2000,-1.5,"0.75(log(n))^2",0.69
739,1000,2,"T_Copula",2000,-1.5,"0.75(log(n))^2",0.89
740,1000,2,"T_Copula",2000,-1.5,"0.75(log(n))^2",0.53
741,1000,2,"T_Copula",2000,-1.5,"0.75(log(n))^2",0.67
742,1000,2,"T_Copula",2000,-1.5,"0.75(log(n))^2",0.05
743,1000,2,"T_Copula",2000,-1.5,"0.75(log(n))^2",0.66
744,1000,2,"T_Copula",2000,-1.5,"0.75(log(n))^2",0.13
745,1000,2,"T_Copula",2000,-1.5,"0.75(log(n))^2",0.81
746,1000,2,"T_Copula",2000,-1.5,"0.75(log(n))^2",0.86
747,1000,2,"T_Copula",2000,-1.5,"0.75(log(n))^2",0.57
748,1000,2,"T_Copula",2000,-1.5,"0.75(log(n))^2",0.68
749,1000,2,"T_Copula",2000,-1.5,"0.75(log(n))^2",0.54
750,1000,2,"T_Copula",2000,-1.5,"0.75(log(n))^2",0.89
751,1000,2,"T_Copula",2000,-1.5,"0.75(log(n))^2",0.55
752,1000,2,"T_Copula",2000,-1.5,"0.75(log(n))^2",0.29
753,1000,2,"T_Copula",2000,-1.5,"0.75(log(n))^2",0.86
754,1000,2,"T_Copula",2000,-1.5,"0.75(log(n))^2",0.06
755,1000,2,"T_Copula",2000,-1.5,"0.75(log(n))^2",0.87
756,1000,2,"T_Copula",2000,-1.5,"0.75(log(n))^2",0.6
757,1000,2,"T_Copula",2000,-1.5,"0.75(log(n))^2",0.01
758,1000,2,"T_Copula",2000,-1.5,"0.75(log(n))^2",0.44
759,1000,2,"T_Copula",2000,-1.5,"0.75(log(n))^2",0.63
760,1000,2,"T_Copula",2000,-1.5,"0.75(log(n))^2",0.81
761,1000,2,"T_Copula",2000,-1.5,"0.75(log(n))^2",0.65
762,1000,2,"T_Copula",2000,-1.5,"0.75(log(n))^2",0.89
763,1000,2,"T_Copula",2000,-1.5,"0.75(log(n))^2",0.54
764,1000,2,"T_Copula",2000,-1.5,"0.75(log(n))^2",0.55
765,1000,2,"T_Copula",2000,-1.5,"0.75(log(n))^2",0.99
766,1000,2,"T_Copula",2000,-1.5,"0.75(log(n))^2",0.25
767,1000,2,"T_Copula",2000,-1.5,"0.75(log(n))^2",0.96
768,1000,2,"T_Copula",2000,-1.5,"0.75(log(n))^2",0.8
769,1000,2,"T_Copula",2000,-1.5,"0.75(log(n))^2",0.77
770,1000,2,"T_Copula",2000,-1.5,"0.75(log(n))^2",0.43
771,1000,2,"T_Copula",2000,-1.5,"0.75(log(n))^2",0.7
772,1000,2,"T_Copula",2000,-1.5,"0.75(log(n))^2",0.45
773,1000,2,"T_Copula",2000,-1.5,"0.75(log(n))^2",0.72
774,1000,2,"T_Copula",2000,-1.5,"0.75(log(n))^2",0.25
775,1000,2,"T_Copula",2000,-1.5,"0.75(log(n))^2",0.82
776,1000,2,"T_Copula",2000,-1.5,"0.75(log(n))^2",0.67
777,1000,2,"T_Copula",2000,-1.5,"0.75(log(n))^2",0.39
778,1000,2,"T_Copula",2000,-1.5,"0.75(log(n))^2",0.71
779,1000,2,"T_Copula",2000,-1.5,"0.75(log(n))^2",0.31
780,1000,2,"T_Copula",2000,-1.5,"0.75(log(n))^2",0.75
781,1000,2,"T_Copula",2000,-1.5,"0.75(log(n))^2",0.48
782,1000,2,"T_Copula",2000,-1.5,"0.75(log(n))^2",0.9
783,1000,2,"T_Copula",2000,-1.5,"0.75(log(n))^2",0.96
784,1000,2,"T_Copula",2000,-1.5,"0.75(log(n))^2",0.84
785,1000,2,"T_Copula",2000,-1.5,"0.75(log(n))^2",0.9
786,1000,2,"T_Copula",2000,-1.5,"0.75(log(n))^2",0.55
787,1000,2,"T_Copula",2000,-1.5,"0.75(log(n))^2",1
788,1000,2,"T_Copula",2000,-1.5,"0.75(log(n))^2",0.76
789,1000,2,"T_Copula",2000,-1.5,"0.75(log(n))^2",0.28
790,1000,2,"T_Copula",2000,-1.5,"0.75(log(n))^2",0.06
791,1000,2,"T_Copula",2000,-1.5,"0.75(log(n))^2",0.15
792,1000,2,"T_Copula",2000,-1.5,"0.75(log(n))^2",0.47
793,1000,2,"T_Copula",2000,-1.5,"0.75(log(n))^2",0.71
794,1000,2,"T_Copula",2000,-1.5,"0.75(log(n))^2",0.53
795,1000,2,"T_Copula",2000,-1.5,"0.75(log(n))^2",0.3
796,1000,2,"T_Copula",2000,-1.5,"0.75(log(n))^2",0.3
797,1000,2,"T_Copula",2000,-1.5,"0.75(log(n))^2",0.03
798,1000,2,"T_Copula",2000,-1.5,"0.75(log(n))^2",0.62
799,1000,2,"T_Copula",2000,-1.5,"0.75(log(n))^2",0.48
800,1000,2,"T_Copula",2000,-1.5,"0.75(log(n))^2",0.31
801,1000,2,"T_Copula",2000,-1.5,"0.75(log(n))^2",0.68
802,1000,2,"T_Copula",2000,-1.5,"0.75(log(n))^2",0.91
803,1000,2,"T_Copula",2000,-1.5,"0.75(log(n))^2",0.46
804,1000,2,"T_Copula",2000,-1.5,"0.75(log(n))^2",0.95
805,1000,2,"T_Copula",2000,-1.5,"0.75(log(n))^2",0.72
806,1000,2,"T_Copula",2000,-1.5,"0.75(log(n))^2",0.38
807,1000,2,"T_Copula",2000,-1.5,"0.75(log(n))^2",0.75
808,1000,2,"T_Copula",2000,-1.5,"0.75(log(n))^2",0.88
809,1000,2,"T_Copula",2000,-1.5,"0.75(log(n))^2",0.46
810,1000,2,"T_Copula",2000,-1.5,"0.75(log(n))^2",0.67
811,1000,2,"T_Copula",2000,-1.5,"0.75(log(n))^2",0.81
812,1000,2,"T_Copula",2000,-1.5,"0.75(log(n))^2",0.88
813,1000,2,"T_Copula",2000,-1.5,"0.75(log(n))^2",0.66
814,1000,2,"T_Copula",2000,-1.5,"0.75(log(n))^2",0.79
815,1000,2,"T_Copula",2000,-1.5,"0.75(log(n))^2",0.97
816,1000,2,"T_Copula",2000,-1.5,"0.75(log(n))^2",0.16
817,1000,2,"T_Copula",2000,-1.5,"0.75(log(n))^2",0.62
818,1000,2,"T_Copula",2000,-1.5,"0.75(log(n))^2",0.04
819,1000,2,"T_Copula",2000,-1.5,"0.75(log(n))^2",0.47
820,1000,2,"T_Copula",2000,-1.5,"0.75(log(n))^2",0.96
821,1000,2,"T_Copula",2000,-1.5,"0.75(log(n))^2",0.95
822,1000,2,"T_Copula",2000,-1.5,"0.75(log(n))^2",0.51
823,1000,2,"T_Copula",2000,-1.5,"0.75(log(n))^2",0.35
824,1000,2,"T_Copula",2000,-1.5,"0.75(log(n))^2",0
825,1000,2,"T_Copula",2000,-1.5,"0.75(log(n))^2",0.33
826,1000,2,"T_Copula",2000,-1.5,"0.75(log(n))^2",0.48
827,1000,2,"T_Copula",2000,-1.5,"0.75(log(n))^2",0.59
828,1000,2,"T_Copula",2000,-1.5,"0.75(log(n))^2",1
829,1000,2,"T_Copula",2000,-1.5,"0.75(log(n))^2",0.49
830,1000,2,"T_Copula",2000,-1.5,"0.75(log(n))^2",0.58
831,1000,2,"T_Copula",2000,-1.5,"0.75(log(n))^2",0.71
832,1000,2,"T_Copula",2000,-1.5,"0.75(log(n))^2",0.18
833,1000,2,"T_Copula",2000,-1.5,"0.75(log(n))^2",0.11
834,1000,2,"T_Copula",2000,-1.5,"0.75(log(n))^2",0.46
835,1000,2,"T_Copula",2000,-1.5,"0.75(log(n))^2",0.96
836,1000,2,"T_Copula",2000,-1.5,"0.75(log(n))^2",0.97
837,1000,2,"T_Copula",2000,-1.5,"0.75(log(n))^2",0.12
838,1000,2,"T_Copula",2000,-1.5,"0.75(log(n))^2",0.23
839,1000,2,"T_Copula",2000,-1.5,"0.75(log(n))^2",0.31
840,1000,2,"T_Copula",2000,-1.5,"0.75(log(n))^2",0.88
841,1000,2,"T_Copula",2000,-1.5,"0.75(log(n))^2",0.41
842,1000,2,"T_Copula",2000,-1.5,"0.75(log(n))^2",0.33
843,1000,2,"T_Copula",2000,-1.5,"0.75(log(n))^2",0.82
844,1000,2,"T_Copula",2000,-1.5,"0.75(log(n))^2",0.24
845,1000,2,"T_Copula",2000,-1.5,"0.75(log(n))^2",0.6
846,1000,2,"T_Copula",2000,-1.5,"0.75(log(n))^2",0.93
847,1000,2,"T_Copula",2000,-1.5,"0.75(log(n))^2",0.97
848,1000,2,"T_Copula",2000,-1.5,"0.75(log(n))^2",0.31
849,1000,2,"T_Copula",2000,-1.5,"0.75(log(n))^2",0.41
850,1000,2,"T_Copula",2000,-1.5,"0.75(log(n))^2",0.11
851,1000,2,"T_Copula",2000,-1.5,"0.75(log(n))^2",0.52
852,1000,2,"T_Copula",2000,-1.5,"0.75(log(n))^2",0.31
853,1000,2,"T_Copula",2000,-1.5,"0.75(log(n))^2",0.55
854,1000,2,"T_Copula",2000,-1.5,"0.75(log(n))^2",0.36
855,1000,2,"T_Copula",2000,-1.5,"0.75(log(n))^2",0.76
856,1000,2,"T_Copula",2000,-1.5,"0.75(log(n))^2",0.9
857,1000,2,"T_Copula",2000,-1.5,"0.75(log(n))^2",0.14
858,1000,2,"T_Copula",2000,-1.5,"0.75(log(n))^2",0.28
859,1000,2,"T_Copula",2000,-1.5,"0.75(log(n))^2",0.59
860,1000,2,"T_Copula",2000,-1.5,"0.75(log(n))^2",0.75
861,1000,2,"T_Copula",2000,-1.5,"0.75(log(n))^2",0.88
862,1000,2,"T_Copula",2000,-1.5,"0.75(log(n))^2",0.3
863,1000,2,"T_Copula",2000,-1.5,"0.75(log(n))^2",0.89
864,1000,2,"T_Copula",2000,-1.5,"0.75(log(n))^2",0.42
865,1000,2,"T_Copula",2000,-1.5,"0.75(log(n))^2",0.74
866,1000,2,"T_Copula",2000,-1.5,"0.75(log(n))^2",0.32
867,1000,2,"T_Copula",2000,-1.5,"0.75(log(n))^2",0.93
868,1000,2,"T_Copula",2000,-1.5,"0.75(log(n))^2",0.93
869,1000,2,"T_Copula",2000,-1.5,"0.75(log(n))^2",1
870,1000,2,"T_Copula",2000,-1.5,"0.75(log(n))^2",0.42
871,1000,2,"T_Copula",2000,-1.5,"0.75(log(n))^2",0.33
872,1000,2,"T_Copula",2000,-1.5,"0.75(log(n))^2",0.21
873,1000,2,"T_Copula",2000,-1.5,"0.75(log(n))^2",0.14
874,1000,2,"T_Copula",2000,-1.5,"0.75(log(n))^2",0.46
875,1000,2,"T_Copula",2000,-1.5,"0.75(log(n))^2",0.95
876,1000,2,"T_Copula",2000,-1.5,"0.75(log(n))^2",0.62
877,1000,2,"T_Copula",2000,-1.5,"0.75(log(n))^2",0.62
878,1000,2,"T_Copula",2000,-1.5,"0.75(log(n))^2",0.24
879,1000,2,"T_Copula",2000,-1.5,"0.75(log(n))^2",0.33
880,1000,2,"T_Copula",2000,-1.5,"0.75(log(n))^2",0.36
881,1000,2,"T_Copula",2000,-1.5,"0.75(log(n))^2",0.11
882,1000,2,"T_Copula",2000,-1.5,"0.75(log(n))^2",0.77
883,1000,2,"T_Copula",2000,-1.5,"0.75(log(n))^2",0.12
884,1000,2,"T_Copula",2000,-1.5,"0.75(log(n))^2",0.23
885,1000,2,"T_Copula",2000,-1.5,"0.75(log(n))^2",0.35
886,1000,2,"T_Copula",2000,-1.5,"0.75(log(n))^2",0.63
887,1000,2,"T_Copula",2000,-1.5,"0.75(log(n))^2",0.73
888,1000,2,"T_Copula",2000,-1.5,"0.75(log(n))^2",0.51
889,1000,2,"T_Copula",2000,-1.5,"0.75(log(n))^2",1
890,1000,2,"T_Copula",2000,-1.5,"0.75(log(n))^2",0.27
891,1000,2,"T_Copula",2000,-1.5,"0.75(log(n))^2",0.49
892,1000,2,"T_Copula",2000,-1.5,"0.75(log(n))^2",0.77
893,1000,2,"T_Copula",2000,-1.5,"0.75(log(n))^2",0.65
894,1000,2,"T_Copula",2000,-1.5,"0.75(log(n))^2",0
895,1000,2,"T_Copula",2000,-1.5,"0.75(log(n))^2",0.77
896,1000,2,"T_Copula",2000,-1.5,"0.75(log(n))^2",0.31
897,1000,2,"T_Copula",2000,-1.5,"0.75(log(n))^2",0.26
898,1000,2,"T_Copula",2000,-1.5,"0.75(log(n))^2",0.82
899,1000,2,"T_Copula",2000,-1.5,"0.75(log(n))^2",0.54
900,1000,2,"T_Copula",2000,-1.5,"0.75(log(n))^2",0.8
901,1000,2,"T_Copula",2000,-1.5,"0.75(log(n))^2",0.7
902,1000,2,"T_Copula",2000,-1.5,"0.75(log(n))^2",0.14
903,1000,2,"T_Copula",2000,-1.5,"0.75(log(n))^2",0.56
904,1000,2,"T_Copula",2000,-1.5,"0.75(log(n))^2",0.27
905,1000,2,"T_Copula",2000,-1.5,"0.75(log(n))^2",0.48
906,1000,2,"T_Copula",2000,-1.5,"0.75(log(n))^2",0.84
907,1000,2,"T_Copula",2000,-1.5,"0.75(log(n))^2",0.75
908,1000,2,"T_Copula",2000,-1.5,"0.75(log(n))^2",0.67
909,1000,2,"T_Copula",2000,-1.5,"0.75(log(n))^2",0.84
910,1000,2,"T_Copula",2000,-1.5,"0.75(log(n))^2",0.06
911,1000,2,"T_Copula",2000,-1.5,"0.75(log(n))^2",0.38
912,1000,2,"T_Copula",2000,-1.5,"0.75(log(n))^2",0.05
913,1000,2,"T_Copula",2000,-1.5,"0.75(log(n))^2",0.77
914,1000,2,"T_Copula",2000,-1.5,"0.75(log(n))^2",0.63
915,1000,2,"T_Copula",2000,-1.5,"0.75(log(n))^2",0.87
916,1000,2,"T_Copula",2000,-1.5,"0.75(log(n))^2",0.83
917,1000,2,"T_Copula",2000,-1.5,"0.75(log(n))^2",0.31
918,1000,2,"T_Copula",2000,-1.5,"0.75(log(n))^2",0.4
919,1000,2,"T_Copula",2000,-1.5,"0.75(log(n))^2",0.9
920,1000,2,"T_Copula",2000,-1.5,"0.75(log(n))^2",0.36
921,1000,2,"T_Copula",2000,-1.5,"0.75(log(n))^2",0.87
922,1000,2,"T_Copula",2000,-1.5,"0.75(log(n))^2",0.63
923,1000,2,"T_Copula",2000,-1.5,"0.75(log(n))^2",0.95
924,1000,2,"T_Copula",2000,-1.5,"0.75(log(n))^2",0.15
925,1000,2,"T_Copula",2000,-1.5,"0.75(log(n))^2",0.84
926,1000,2,"T_Copula",2000,-1.5,"0.75(log(n))^2",0.86
927,1000,2,"T_Copula",2000,-1.5,"0.75(log(n))^2",0.54
928,1000,2,"T_Copula",2000,-1.5,"0.75(log(n))^2",0.49
929,1000,2,"T_Copula",2000,-1.5,"0.75(log(n))^2",0.3
930,1000,2,"T_Copula",2000,-1.5,"0.75(log(n))^2",0.65
931,1000,2,"T_Copula",2000,-1.5,"0.75(log(n))^2",0.56
932,1000,2,"T_Copula",2000,-1.5,"0.75(log(n))^2",0.86
933,1000,2,"T_Copula",2000,-1.5,"0.75(log(n))^2",0.26
934,1000,2,"T_Copula",2000,-1.5,"0.75(log(n))^2",0.11
935,1000,2,"T_Copula",2000,-1.5,"0.75(log(n))^2",0.72
936,1000,2,"T_Copula",2000,-1.5,"0.75(log(n))^2",0.03
937,1000,2,"T_Copula",2000,-1.5,"0.75(log(n))^2",0.36
938,1000,2,"T_Copula",2000,-1.5,"0.75(log(n))^2",0.29
939,1000,2,"T_Copula",2000,-1.5,"0.75(log(n))^2",0.91
940,1000,2,"T_Copula",2000,-1.5,"0.75(log(n))^2",0.07
941,1000,2,"T_Copula",2000,-1.5,"0.75(log(n))^2",0.18
942,1000,2,"T_Copula",2000,-1.5,"0.75(log(n))^2",0.95
943,1000,2,"T_Copula",2000,-1.5,"0.75(log(n))^2",0.85
944,1000,2,"T_Copula",2000,-1.5,"0.75(log(n))^2",0.8
945,1000,2,"T_Copula",2000,-1.5,"0.75(log(n))^2",0.19
946,1000,2,"T_Copula",2000,-1.5,"0.75(log(n))^2",0.71
947,1000,2,"T_Copula",2000,-1.5,"0.75(log(n))^2",0.97
948,1000,2,"T_Copula",2000,-1.5,"0.75(log(n))^2",0.68
949,1000,2,"T_Copula",2000,-1.5,"0.75(log(n))^2",0.21
950,1000,2,"T_Copula",2000,-1.5,"0.75(log(n))^2",0.03
951,1000,2,"T_Copula",2000,-1.5,"0.75(log(n))^2",0.89
952,1000,2,"T_Copula",2000,-1.5,"0.75(log(n))^2",1
953,1000,2,"T_Copula",2000,-1.5,"0.75(log(n))^2",0.25
954,1000,2,"T_Copula",2000,-1.5,"0.75(log(n))^2",0.17
955,1000,2,"T_Copula",2000,-1.5,"0.75(log(n))^2",0.92
956,1000,2,"T_Copula",2000,-1.5,"0.75(log(n))^2",0.78
957,1000,2,"T_Copula",2000,-1.5,"0.75(log(n))^2",0.4
958,1000,2,"T_Copula",2000,-1.5,"0.75(log(n))^2",0.38
959,1000,2,"T_Copula",2000,-1.5,"0.75(log(n))^2",0.02
960,1000,2,"T_Copula",2000,-1.5,"0.75(log(n))^2",0.14
961,1000,2,"T_Copula",2000,-1.5,"0.75(log(n))^2",0.92
962,1000,2,"T_Copula",2000,-1.5,"0.75(log(n))^2",0.33
963,1000,2,"T_Copula",2000,-1.5,"0.75(log(n))^2",0.46
964,1000,2,"T_Copula",2000,-1.5,"0.75(log(n))^2",0.47
965,1000,2,"T_Copula",2000,-1.5,"0.75(log(n))^2",0.55
966,1000,2,"T_Copula",2000,-1.5,"0.75(log(n))^2",0.61
967,1000,2,"T_Copula",2000,-1.5,"0.75(log(n))^2",0.79
968,1000,2,"T_Copula",2000,-1.5,"0.75(log(n))^2",0.96
969,1000,2,"T_Copula",2000,-1.5,"0.75(log(n))^2",0.37
970,1000,2,"T_Copula",2000,-1.5,"0.75(log(n))^2",0.55
971,1000,2,"T_Copula",2000,-1.5,"0.75(log(n))^2",0.2
972,1000,2,"T_Copula",2000,-1.5,"0.75(log(n))^2",0.52
973,1000,2,"T_Copula",2000,-1.5,"0.75(log(n))^2",0.31
974,1000,2,"T_Copula",2000,-1.5,"0.75(log(n))^2",0.31
975,1000,2,"T_Copula",2000,-1.5,"0.75(log(n))^2",0.44
976,1000,2,"T_Copula",2000,-1.5,"0.75(log(n))^2",0.72
977,1000,2,"T_Copula",2000,-1.5,"0.75(log(n))^2",0.2
978,1000,2,"T_Copula",2000,-1.5,"0.75(log(n))^2",0.14
979,1000,2,"T_Copula",2000,-1.5,"0.75(log(n))^2",0.02
980,1000,2,"T_Copula",2000,-1.5,"0.75(log(n))^2",0.29
981,1000,2,"T_Copula",2000,-1.5,"0.75(log(n))^2",0.04
982,1000,2,"T_Copula",2000,-1.5,"0.75(log(n))^2",0.68
983,1000,2,"T_Copula",2000,-1.5,"0.75(log(n))^2",0.46
984,1000,2,"T_Copula",2000,-1.5,"0.75(log(n))^2",0.97
985,1000,2,"T_Copula",2000,-1.5,"0.75(log(n))^2",0.79
986,1000,2,"T_Copula",2000,-1.5,"0.75(log(n))^2",0.76
987,1000,2,"T_Copula",2000,-1.5,"0.75(log(n))^2",0.52
988,1000,2,"T_Copula",2000,-1.5,"0.75(log(n))^2",0.64
989,1000,2,"T_Copula",2000,-1.5,"0.75(log(n))^2",0.65
990,1000,2,"T_Copula",2000,-1.5,"0.75(log(n))^2",0.74
991,1000,2,"T_Copula",2000,-1.5,"0.75(log(n))^2",0.64
992,1000,2,"T_Copula",2000,-1.5,"0.75(log(n))^2",0.45
993,1000,2,"T_Copula",2000,-1.5,"0.75(log(n))^2",0.19
994,1000,2,"T_Copula",2000,-1.5,"0.75(log(n))^2",0.91
995,1000,2,"T_Copula",2000,-1.5,"0.75(log(n))^2",0.47
996,1000,2,"T_Copula",2000,-1.5,"0.75(log(n))^2",0.6
997,1000,2,"T_Copula",2000,-1.5,"0.75(log(n))^2",0.47
998,1000,2,"T_Copula",2000,-1.5,"0.75(log(n))^2",0.41
999,1000,2,"T_Copula",2000,-1.5,"0.75(log(n))^2",0.17
1000,1000,2,"T_Copula",2000,-1.5,"0.75(log(n))^2",0.92
1,1000,2,"T_Copula",2000,-1.5,"0.5(log(n))^2",0.72
2,1000,2,"T_Copula",2000,-1.5,"0.5(log(n))^2",0.02
3,1000,2,"T_Copula",2000,-1.5,"0.5(log(n))^2",0.41
4,1000,2,"T_Copula",2000,-1.5,"0.5(log(n))^2",0.71
5,1000,2,"T_Copula",2000,-1.5,"0.5(log(n))^2",0.83
6,1000,2,"T_Copula",2000,-1.5,"0.5(log(n))^2",0.82
7,1000,2,"T_Copula",2000,-1.5,"0.5(log(n))^2",0.17
8,1000,2,"T_Copula",2000,-1.5,"0.5(log(n))^2",0.7
9,1000,2,"T_Copula",2000,-1.5,"0.5(log(n))^2",0.24
10,1000,2,"T_Copula",2000,-1.5,"0.5(log(n))^2",0.5
11,1000,2,"T_Copula",2000,-1.5,"0.5(log(n))^2",0.4
12,1000,2,"T_Copula",2000,-1.5,"0.5(log(n))^2",0.24
13,1000,2,"T_Copula",2000,-1.5,"0.5(log(n))^2",0.44
14,1000,2,"T_Copula",2000,-1.5,"0.5(log(n))^2",0.84
15,1000,2,"T_Copula",2000,-1.5,"0.5(log(n))^2",0.06
16,1000,2,"T_Copula",2000,-1.5,"0.5(log(n))^2",0.23
17,1000,2,"T_Copula",2000,-1.5,"0.5(log(n))^2",0.05
18,1000,2,"T_Copula",2000,-1.5,"0.5(log(n))^2",0.47
19,1000,2,"T_Copula",2000,-1.5,"0.5(log(n))^2",0.41
20,1000,2,"T_Copula",2000,-1.5,"0.5(log(n))^2",0.62
21,1000,2,"T_Copula",2000,-1.5,"0.5(log(n))^2",0.07
22,1000,2,"T_Copula",2000,-1.5,"0.5(log(n))^2",0.51
23,1000,2,"T_Copula",2000,-1.5,"0.5(log(n))^2",0.46
24,1000,2,"T_Copula",2000,-1.5,"0.5(log(n))^2",0.66
25,1000,2,"T_Copula",2000,-1.5,"0.5(log(n))^2",0.83
26,1000,2,"T_Copula",2000,-1.5,"0.5(log(n))^2",0.91
27,1000,2,"T_Copula",2000,-1.5,"0.5(log(n))^2",0.52
28,1000,2,"T_Copula",2000,-1.5,"0.5(log(n))^2",0.56
29,1000,2,"T_Copula",2000,-1.5,"0.5(log(n))^2",0.74
30,1000,2,"T_Copula",2000,-1.5,"0.5(log(n))^2",0.72
31,1000,2,"T_Copula",2000,-1.5,"0.5(log(n))^2",0.63
32,1000,2,"T_Copula",2000,-1.5,"0.5(log(n))^2",0.43
33,1000,2,"T_Copula",2000,-1.5,"0.5(log(n))^2",0.49
34,1000,2,"T_Copula",2000,-1.5,"0.5(log(n))^2",0.09
35,1000,2,"T_Copula",2000,-1.5,"0.5(log(n))^2",0.86
36,1000,2,"T_Copula",2000,-1.5,"0.5(log(n))^2",0.9
37,1000,2,"T_Copula",2000,-1.5,"0.5(log(n))^2",0.72
38,1000,2,"T_Copula",2000,-1.5,"0.5(log(n))^2",0.55
39,1000,2,"T_Copula",2000,-1.5,"0.5(log(n))^2",0.46
40,1000,2,"T_Copula",2000,-1.5,"0.5(log(n))^2",0.69
41,1000,2,"T_Copula",2000,-1.5,"0.5(log(n))^2",0.07
42,1000,2,"T_Copula",2000,-1.5,"0.5(log(n))^2",0.71
43,1000,2,"T_Copula",2000,-1.5,"0.5(log(n))^2",0.63
44,1000,2,"T_Copula",2000,-1.5,"0.5(log(n))^2",0.59
45,1000,2,"T_Copula",2000,-1.5,"0.5(log(n))^2",0.24
46,1000,2,"T_Copula",2000,-1.5,"0.5(log(n))^2",0.43
47,1000,2,"T_Copula",2000,-1.5,"0.5(log(n))^2",0.71
48,1000,2,"T_Copula",2000,-1.5,"0.5(log(n))^2",0.6
49,1000,2,"T_Copula",2000,-1.5,"0.5(log(n))^2",0.31
50,1000,2,"T_Copula",2000,-1.5,"0.5(log(n))^2",0.7
51,1000,2,"T_Copula",2000,-1.5,"0.5(log(n))^2",0.58
52,1000,2,"T_Copula",2000,-1.5,"0.5(log(n))^2",0.34
53,1000,2,"T_Copula",2000,-1.5,"0.5(log(n))^2",0.74
54,1000,2,"T_Copula",2000,-1.5,"0.5(log(n))^2",0.84
55,1000,2,"T_Copula",2000,-1.5,"0.5(log(n))^2",0.79
56,1000,2,"T_Copula",2000,-1.5,"0.5(log(n))^2",0.32
57,1000,2,"T_Copula",2000,-1.5,"0.5(log(n))^2",0.12
58,1000,2,"T_Copula",2000,-1.5,"0.5(log(n))^2",0.76
59,1000,2,"T_Copula",2000,-1.5,"0.5(log(n))^2",0.66
60,1000,2,"T_Copula",2000,-1.5,"0.5(log(n))^2",0.16
61,1000,2,"T_Copula",2000,-1.5,"0.5(log(n))^2",0.05
62,1000,2,"T_Copula",2000,-1.5,"0.5(log(n))^2",0.56
63,1000,2,"T_Copula",2000,-1.5,"0.5(log(n))^2",0.4
64,1000,2,"T_Copula",2000,-1.5,"0.5(log(n))^2",0.39
65,1000,2,"T_Copula",2000,-1.5,"0.5(log(n))^2",0.72
66,1000,2,"T_Copula",2000,-1.5,"0.5(log(n))^2",0.2
67,1000,2,"T_Copula",2000,-1.5,"0.5(log(n))^2",0.87
68,1000,2,"T_Copula",2000,-1.5,"0.5(log(n))^2",0.16
69,1000,2,"T_Copula",2000,-1.5,"0.5(log(n))^2",0.14
70,1000,2,"T_Copula",2000,-1.5,"0.5(log(n))^2",0.73
71,1000,2,"T_Copula",2000,-1.5,"0.5(log(n))^2",0.26
72,1000,2,"T_Copula",2000,-1.5,"0.5(log(n))^2",0.74
73,1000,2,"T_Copula",2000,-1.5,"0.5(log(n))^2",0.79
74,1000,2,"T_Copula",2000,-1.5,"0.5(log(n))^2",0.73
75,1000,2,"T_Copula",2000,-1.5,"0.5(log(n))^2",0.22
76,1000,2,"T_Copula",2000,-1.5,"0.5(log(n))^2",0.86
77,1000,2,"T_Copula",2000,-1.5,"0.5(log(n))^2",0.62
78,1000,2,"T_Copula",2000,-1.5,"0.5(log(n))^2",0.17
79,1000,2,"T_Copula",2000,-1.5,"0.5(log(n))^2",0.6
80,1000,2,"T_Copula",2000,-1.5,"0.5(log(n))^2",0.66
81,1000,2,"T_Copula",2000,-1.5,"0.5(log(n))^2",0.76
82,1000,2,"T_Copula",2000,-1.5,"0.5(log(n))^2",0.56
83,1000,2,"T_Copula",2000,-1.5,"0.5(log(n))^2",0.9
84,1000,2,"T_Copula",2000,-1.5,"0.5(log(n))^2",0.43
85,1000,2,"T_Copula",2000,-1.5,"0.5(log(n))^2",0.87
86,1000,2,"T_Copula",2000,-1.5,"0.5(log(n))^2",0.22
87,1000,2,"T_Copula",2000,-1.5,"0.5(log(n))^2",0.88
88,1000,2,"T_Copula",2000,-1.5,"0.5(log(n))^2",0.85
89,1000,2,"T_Copula",2000,-1.5,"0.5(log(n))^2",0.89
90,1000,2,"T_Copula",2000,-1.5,"0.5(log(n))^2",0.88
91,1000,2,"T_Copula",2000,-1.5,"0.5(log(n))^2",0.84
92,1000,2,"T_Copula",2000,-1.5,"0.5(log(n))^2",0.54
93,1000,2,"T_Copula",2000,-1.5,"0.5(log(n))^2",0.71
94,1000,2,"T_Copula",2000,-1.5,"0.5(log(n))^2",0.99
95,1000,2,"T_Copula",2000,-1.5,"0.5(log(n))^2",0.06
96,1000,2,"T_Copula",2000,-1.5,"0.5(log(n))^2",0.36
97,1000,2,"T_Copula",2000,-1.5,"0.5(log(n))^2",0.33
98,1000,2,"T_Copula",2000,-1.5,"0.5(log(n))^2",0.93
99,1000,2,"T_Copula",2000,-1.5,"0.5(log(n))^2",0.5
100,1000,2,"T_Copula",2000,-1.5,"0.5(log(n))^2",0.49
101,1000,2,"T_Copula",2000,-1.5,"0.5(log(n))^2",0.46
102,1000,2,"T_Copula",2000,-1.5,"0.5(log(n))^2",0.72
103,1000,2,"T_Copula",2000,-1.5,"0.5(log(n))^2",0.7
104,1000,2,"T_Copula",2000,-1.5,"0.5(log(n))^2",0.93
105,1000,2,"T_Copula",2000,-1.5,"0.5(log(n))^2",0.28
106,1000,2,"T_Copula",2000,-1.5,"0.5(log(n))^2",0.08
107,1000,2,"T_Copula",2000,-1.5,"0.5(log(n))^2",0.3
108,1000,2,"T_Copula",2000,-1.5,"0.5(log(n))^2",0.31
109,1000,2,"T_Copula",2000,-1.5,"0.5(log(n))^2",0.92
110,1000,2,"T_Copula",2000,-1.5,"0.5(log(n))^2",0.79
111,1000,2,"T_Copula",2000,-1.5,"0.5(log(n))^2",0.36
112,1000,2,"T_Copula",2000,-1.5,"0.5(log(n))^2",0.54
113,1000,2,"T_Copula",2000,-1.5,"0.5(log(n))^2",0.99
114,1000,2,"T_Copula",2000,-1.5,"0.5(log(n))^2",0.3
115,1000,2,"T_Copula",2000,-1.5,"0.5(log(n))^2",0.34
116,1000,2,"T_Copula",2000,-1.5,"0.5(log(n))^2",0.44
117,1000,2,"T_Copula",2000,-1.5,"0.5(log(n))^2",0.42
118,1000,2,"T_Copula",2000,-1.5,"0.5(log(n))^2",0.85
119,1000,2,"T_Copula",2000,-1.5,"0.5(log(n))^2",0.58
120,1000,2,"T_Copula",2000,-1.5,"0.5(log(n))^2",0.8
121,1000,2,"T_Copula",2000,-1.5,"0.5(log(n))^2",0.43
122,1000,2,"T_Copula",2000,-1.5,"0.5(log(n))^2",0.39
123,1000,2,"T_Copula",2000,-1.5,"0.5(log(n))^2",0.25
124,1000,2,"T_Copula",2000,-1.5,"0.5(log(n))^2",0.12
125,1000,2,"T_Copula",2000,-1.5,"0.5(log(n))^2",0.38
126,1000,2,"T_Copula",2000,-1.5,"0.5(log(n))^2",0.91
127,1000,2,"T_Copula",2000,-1.5,"0.5(log(n))^2",0.45
128,1000,2,"T_Copula",2000,-1.5,"0.5(log(n))^2",0.3
129,1000,2,"T_Copula",2000,-1.5,"0.5(log(n))^2",0.61
130,1000,2,"T_Copula",2000,-1.5,"0.5(log(n))^2",0.69
131,1000,2,"T_Copula",2000,-1.5,"0.5(log(n))^2",0.82
132,1000,2,"T_Copula",2000,-1.5,"0.5(log(n))^2",0.35
133,1000,2,"T_Copula",2000,-1.5,"0.5(log(n))^2",0.4
134,1000,2,"T_Copula",2000,-1.5,"0.5(log(n))^2",0.39
135,1000,2,"T_Copula",2000,-1.5,"0.5(log(n))^2",0.27
136,1000,2,"T_Copula",2000,-1.5,"0.5(log(n))^2",0.84
137,1000,2,"T_Copula",2000,-1.5,"0.5(log(n))^2",0.05
138,1000,2,"T_Copula",2000,-1.5,"0.5(log(n))^2",0.65
139,1000,2,"T_Copula",2000,-1.5,"0.5(log(n))^2",0.51
140,1000,2,"T_Copula",2000,-1.5,"0.5(log(n))^2",0.01
141,1000,2,"T_Copula",2000,-1.5,"0.5(log(n))^2",0.11
142,1000,2,"T_Copula",2000,-1.5,"0.5(log(n))^2",0.67
143,1000,2,"T_Copula",2000,-1.5,"0.5(log(n))^2",0.91
144,1000,2,"T_Copula",2000,-1.5,"0.5(log(n))^2",0.47
145,1000,2,"T_Copula",2000,-1.5,"0.5(log(n))^2",0
146,1000,2,"T_Copula",2000,-1.5,"0.5(log(n))^2",0.26
147,1000,2,"T_Copula",2000,-1.5,"0.5(log(n))^2",0.92
148,1000,2,"T_Copula",2000,-1.5,"0.5(log(n))^2",0.41
149,1000,2,"T_Copula",2000,-1.5,"0.5(log(n))^2",0.99
150,1000,2,"T_Copula",2000,-1.5,"0.5(log(n))^2",0.85
151,1000,2,"T_Copula",2000,-1.5,"0.5(log(n))^2",0.22
152,1000,2,"T_Copula",2000,-1.5,"0.5(log(n))^2",0.22
153,1000,2,"T_Copula",2000,-1.5,"0.5(log(n))^2",0.73
154,1000,2,"T_Copula",2000,-1.5,"0.5(log(n))^2",0.38
155,1000,2,"T_Copula",2000,-1.5,"0.5(log(n))^2",0.97
156,1000,2,"T_Copula",2000,-1.5,"0.5(log(n))^2",0.47
157,1000,2,"T_Copula",2000,-1.5,"0.5(log(n))^2",0.22
158,1000,2,"T_Copula",2000,-1.5,"0.5(log(n))^2",0.88
159,1000,2,"T_Copula",2000,-1.5,"0.5(log(n))^2",0.07
160,1000,2,"T_Copula",2000,-1.5,"0.5(log(n))^2",0.58
161,1000,2,"T_Copula",2000,-1.5,"0.5(log(n))^2",0.54
162,1000,2,"T_Copula",2000,-1.5,"0.5(log(n))^2",0.72
163,1000,2,"T_Copula",2000,-1.5,"0.5(log(n))^2",0.56
164,1000,2,"T_Copula",2000,-1.5,"0.5(log(n))^2",0.14
165,1000,2,"T_Copula",2000,-1.5,"0.5(log(n))^2",0.19
166,1000,2,"T_Copula",2000,-1.5,"0.5(log(n))^2",0.2
167,1000,2,"T_Copula",2000,-1.5,"0.5(log(n))^2",0.32
168,1000,2,"T_Copula",2000,-1.5,"0.5(log(n))^2",0.61
169,1000,2,"T_Copula",2000,-1.5,"0.5(log(n))^2",0.88
170,1000,2,"T_Copula",2000,-1.5,"0.5(log(n))^2",0.69
171,1000,2,"T_Copula",2000,-1.5,"0.5(log(n))^2",0.74
172,1000,2,"T_Copula",2000,-1.5,"0.5(log(n))^2",0.58
173,1000,2,"T_Copula",2000,-1.5,"0.5(log(n))^2",0.29
174,1000,2,"T_Copula",2000,-1.5,"0.5(log(n))^2",0.65
175,1000,2,"T_Copula",2000,-1.5,"0.5(log(n))^2",0.65
176,1000,2,"T_Copula",2000,-1.5,"0.5(log(n))^2",0.57
177,1000,2,"T_Copula",2000,-1.5,"0.5(log(n))^2",0.23
178,1000,2,"T_Copula",2000,-1.5,"0.5(log(n))^2",0.42
179,1000,2,"T_Copula",2000,-1.5,"0.5(log(n))^2",0.22
180,1000,2,"T_Copula",2000,-1.5,"0.5(log(n))^2",0.63
181,1000,2,"T_Copula",2000,-1.5,"0.5(log(n))^2",0.46
182,1000,2,"T_Copula",2000,-1.5,"0.5(log(n))^2",0.2
183,1000,2,"T_Copula",2000,-1.5,"0.5(log(n))^2",0.04
184,1000,2,"T_Copula",2000,-1.5,"0.5(log(n))^2",0.45
185,1000,2,"T_Copula",2000,-1.5,"0.5(log(n))^2",0.4
186,1000,2,"T_Copula",2000,-1.5,"0.5(log(n))^2",0.66
187,1000,2,"T_Copula",2000,-1.5,"0.5(log(n))^2",0.04
188,1000,2,"T_Copula",2000,-1.5,"0.5(log(n))^2",0.1
189,1000,2,"T_Copula",2000,-1.5,"0.5(log(n))^2",0.01
190,1000,2,"T_Copula",2000,-1.5,"0.5(log(n))^2",0.23
191,1000,2,"T_Copula",2000,-1.5,"0.5(log(n))^2",0.28
192,1000,2,"T_Copula",2000,-1.5,"0.5(log(n))^2",0.99
193,1000,2,"T_Copula",2000,-1.5,"0.5(log(n))^2",0.4
194,1000,2,"T_Copula",2000,-1.5,"0.5(log(n))^2",0.36
195,1000,2,"T_Copula",2000,-1.5,"0.5(log(n))^2",0.14
196,1000,2,"T_Copula",2000,-1.5,"0.5(log(n))^2",0.95
197,1000,2,"T_Copula",2000,-1.5,"0.5(log(n))^2",0.81
198,1000,2,"T_Copula",2000,-1.5,"0.5(log(n))^2",0.76
199,1000,2,"T_Copula",2000,-1.5,"0.5(log(n))^2",0.53
200,1000,2,"T_Copula",2000,-1.5,"0.5(log(n))^2",0.08
201,1000,2,"T_Copula",2000,-1.5,"0.5(log(n))^2",0.77
202,1000,2,"T_Copula",2000,-1.5,"0.5(log(n))^2",0.16
203,1000,2,"T_Copula",2000,-1.5,"0.5(log(n))^2",0.52
204,1000,2,"T_Copula",2000,-1.5,"0.5(log(n))^2",0.9
205,1000,2,"T_Copula",2000,-1.5,"0.5(log(n))^2",0.75
206,1000,2,"T_Copula",2000,-1.5,"0.5(log(n))^2",0.93
207,1000,2,"T_Copula",2000,-1.5,"0.5(log(n))^2",0.24
208,1000,2,"T_Copula",2000,-1.5,"0.5(log(n))^2",0.61
209,1000,2,"T_Copula",2000,-1.5,"0.5(log(n))^2",0.94
210,1000,2,"T_Copula",2000,-1.5,"0.5(log(n))^2",0.82
211,1000,2,"T_Copula",2000,-1.5,"0.5(log(n))^2",0.13
212,1000,2,"T_Copula",2000,-1.5,"0.5(log(n))^2",0.79
213,1000,2,"T_Copula",2000,-1.5,"0.5(log(n))^2",0.96
214,1000,2,"T_Copula",2000,-1.5,"0.5(log(n))^2",0.41
215,1000,2,"T_Copula",2000,-1.5,"0.5(log(n))^2",0.39
216,1000,2,"T_Copula",2000,-1.5,"0.5(log(n))^2",0.88
217,1000,2,"T_Copula",2000,-1.5,"0.5(log(n))^2",0.34
218,1000,2,"T_Copula",2000,-1.5,"0.5(log(n))^2",0.92
219,1000,2,"T_Copula",2000,-1.5,"0.5(log(n))^2",0.86
220,1000,2,"T_Copula",2000,-1.5,"0.5(log(n))^2",0.26
221,1000,2,"T_Copula",2000,-1.5,"0.5(log(n))^2",0
222,1000,2,"T_Copula",2000,-1.5,"0.5(log(n))^2",0.96
223,1000,2,"T_Copula",2000,-1.5,"0.5(log(n))^2",0.28
224,1000,2,"T_Copula",2000,-1.5,"0.5(log(n))^2",0.96
225,1000,2,"T_Copula",2000,-1.5,"0.5(log(n))^2",0.68
226,1000,2,"T_Copula",2000,-1.5,"0.5(log(n))^2",0.33
227,1000,2,"T_Copula",2000,-1.5,"0.5(log(n))^2",0.8
228,1000,2,"T_Copula",2000,-1.5,"0.5(log(n))^2",0.85
229,1000,2,"T_Copula",2000,-1.5,"0.5(log(n))^2",0.82
230,1000,2,"T_Copula",2000,-1.5,"0.5(log(n))^2",0.42
231,1000,2,"T_Copula",2000,-1.5,"0.5(log(n))^2",0.76
232,1000,2,"T_Copula",2000,-1.5,"0.5(log(n))^2",0.12
233,1000,2,"T_Copula",2000,-1.5,"0.5(log(n))^2",0.82
234,1000,2,"T_Copula",2000,-1.5,"0.5(log(n))^2",0.62
235,1000,2,"T_Copula",2000,-1.5,"0.5(log(n))^2",0.93
236,1000,2,"T_Copula",2000,-1.5,"0.5(log(n))^2",0.35
237,1000,2,"T_Copula",2000,-1.5,"0.5(log(n))^2",0.4
238,1000,2,"T_Copula",2000,-1.5,"0.5(log(n))^2",0.28
239,1000,2,"T_Copula",2000,-1.5,"0.5(log(n))^2",0.27
240,1000,2,"T_Copula",2000,-1.5,"0.5(log(n))^2",0.14
241,1000,2,"T_Copula",2000,-1.5,"0.5(log(n))^2",0.14
242,1000,2,"T_Copula",2000,-1.5,"0.5(log(n))^2",0.81
243,1000,2,"T_Copula",2000,-1.5,"0.5(log(n))^2",0.38
244,1000,2,"T_Copula",2000,-1.5,"0.5(log(n))^2",0.52
245,1000,2,"T_Copula",2000,-1.5,"0.5(log(n))^2",0.61
246,1000,2,"T_Copula",2000,-1.5,"0.5(log(n))^2",0.88
247,1000,2,"T_Copula",2000,-1.5,"0.5(log(n))^2",0.16
248,1000,2,"T_Copula",2000,-1.5,"0.5(log(n))^2",0.34
249,1000,2,"T_Copula",2000,-1.5,"0.5(log(n))^2",0.57
250,1000,2,"T_Copula",2000,-1.5,"0.5(log(n))^2",0.69
251,1000,2,"T_Copula",2000,-1.5,"0.5(log(n))^2",0.32
252,1000,2,"T_Copula",2000,-1.5,"0.5(log(n))^2",0.86
253,1000,2,"T_Copula",2000,-1.5,"0.5(log(n))^2",0.87
254,1000,2,"T_Copula",2000,-1.5,"0.5(log(n))^2",0.62
255,1000,2,"T_Copula",2000,-1.5,"0.5(log(n))^2",0.3
256,1000,2,"T_Copula",2000,-1.5,"0.5(log(n))^2",0.1
257,1000,2,"T_Copula",2000,-1.5,"0.5(log(n))^2",0.27
258,1000,2,"T_Copula",2000,-1.5,"0.5(log(n))^2",0.94
259,1000,2,"T_Copula",2000,-1.5,"0.5(log(n))^2",0.74
260,1000,2,"T_Copula",2000,-1.5,"0.5(log(n))^2",0.55
261,1000,2,"T_Copula",2000,-1.5,"0.5(log(n))^2",0.35
262,1000,2,"T_Copula",2000,-1.5,"0.5(log(n))^2",0.81
263,1000,2,"T_Copula",2000,-1.5,"0.5(log(n))^2",0.23
264,1000,2,"T_Copula",2000,-1.5,"0.5(log(n))^2",0.03
265,1000,2,"T_Copula",2000,-1.5,"0.5(log(n))^2",0.37
266,1000,2,"T_Copula",2000,-1.5,"0.5(log(n))^2",0.61
267,1000,2,"T_Copula",2000,-1.5,"0.5(log(n))^2",0.46
268,1000,2,"T_Copula",2000,-1.5,"0.5(log(n))^2",0.13
269,1000,2,"T_Copula",2000,-1.5,"0.5(log(n))^2",0.54
270,1000,2,"T_Copula",2000,-1.5,"0.5(log(n))^2",0.96
271,1000,2,"T_Copula",2000,-1.5,"0.5(log(n))^2",0.08
272,1000,2,"T_Copula",2000,-1.5,"0.5(log(n))^2",0.9
273,1000,2,"T_Copula",2000,-1.5,"0.5(log(n))^2",0.98
274,1000,2,"T_Copula",2000,-1.5,"0.5(log(n))^2",0.58
275,1000,2,"T_Copula",2000,-1.5,"0.5(log(n))^2",0.45
276,1000,2,"T_Copula",2000,-1.5,"0.5(log(n))^2",0.43
277,1000,2,"T_Copula",2000,-1.5,"0.5(log(n))^2",0.2
278,1000,2,"T_Copula",2000,-1.5,"0.5(log(n))^2",0.73
279,1000,2,"T_Copula",2000,-1.5,"0.5(log(n))^2",0.24
280,1000,2,"T_Copula",2000,-1.5,"0.5(log(n))^2",0.21
281,1000,2,"T_Copula",2000,-1.5,"0.5(log(n))^2",0.91
282,1000,2,"T_Copula",2000,-1.5,"0.5(log(n))^2",0.31
283,1000,2,"T_Copula",2000,-1.5,"0.5(log(n))^2",0.39
284,1000,2,"T_Copula",2000,-1.5,"0.5(log(n))^2",0.27
285,1000,2,"T_Copula",2000,-1.5,"0.5(log(n))^2",0.04
286,1000,2,"T_Copula",2000,-1.5,"0.5(log(n))^2",0.89
287,1000,2,"T_Copula",2000,-1.5,"0.5(log(n))^2",0.41
288,1000,2,"T_Copula",2000,-1.5,"0.5(log(n))^2",0.8
289,1000,2,"T_Copula",2000,-1.5,"0.5(log(n))^2",0.79
290,1000,2,"T_Copula",2000,-1.5,"0.5(log(n))^2",0.46
291,1000,2,"T_Copula",2000,-1.5,"0.5(log(n))^2",0.93
292,1000,2,"T_Copula",2000,-1.5,"0.5(log(n))^2",0.73
293,1000,2,"T_Copula",2000,-1.5,"0.5(log(n))^2",0.52
294,1000,2,"T_Copula",2000,-1.5,"0.5(log(n))^2",0.19
295,1000,2,"T_Copula",2000,-1.5,"0.5(log(n))^2",0.8
296,1000,2,"T_Copula",2000,-1.5,"0.5(log(n))^2",0.07
297,1000,2,"T_Copula",2000,-1.5,"0.5(log(n))^2",0.66
298,1000,2,"T_Copula",2000,-1.5,"0.5(log(n))^2",0.35
299,1000,2,"T_Copula",2000,-1.5,"0.5(log(n))^2",0.85
300,1000,2,"T_Copula",2000,-1.5,"0.5(log(n))^2",0.48
301,1000,2,"T_Copula",2000,-1.5,"0.5(log(n))^2",0.95
302,1000,2,"T_Copula",2000,-1.5,"0.5(log(n))^2",0.87
303,1000,2,"T_Copula",2000,-1.5,"0.5(log(n))^2",0.84
304,1000,2,"T_Copula",2000,-1.5,"0.5(log(n))^2",0.11
305,1000,2,"T_Copula",2000,-1.5,"0.5(log(n))^2",0.63
306,1000,2,"T_Copula",2000,-1.5,"0.5(log(n))^2",0.03
307,1000,2,"T_Copula",2000,-1.5,"0.5(log(n))^2",0.8
308,1000,2,"T_Copula",2000,-1.5,"0.5(log(n))^2",0.58
309,1000,2,"T_Copula",2000,-1.5,"0.5(log(n))^2",0.17
310,1000,2,"T_Copula",2000,-1.5,"0.5(log(n))^2",0.8
311,1000,2,"T_Copula",2000,-1.5,"0.5(log(n))^2",0.34
312,1000,2,"T_Copula",2000,-1.5,"0.5(log(n))^2",0.24
313,1000,2,"T_Copula",2000,-1.5,"0.5(log(n))^2",0.37
314,1000,2,"T_Copula",2000,-1.5,"0.5(log(n))^2",0.86
315,1000,2,"T_Copula",2000,-1.5,"0.5(log(n))^2",0.4
316,1000,2,"T_Copula",2000,-1.5,"0.5(log(n))^2",0.97
317,1000,2,"T_Copula",2000,-1.5,"0.5(log(n))^2",0.14
318,1000,2,"T_Copula",2000,-1.5,"0.5(log(n))^2",0.31
319,1000,2,"T_Copula",2000,-1.5,"0.5(log(n))^2",0.15
320,1000,2,"T_Copula",2000,-1.5,"0.5(log(n))^2",0.6
321,1000,2,"T_Copula",2000,-1.5,"0.5(log(n))^2",0.28
322,1000,2,"T_Copula",2000,-1.5,"0.5(log(n))^2",0.37
323,1000,2,"T_Copula",2000,-1.5,"0.5(log(n))^2",0.91
324,1000,2,"T_Copula",2000,-1.5,"0.5(log(n))^2",0.59
325,1000,2,"T_Copula",2000,-1.5,"0.5(log(n))^2",0.95
326,1000,2,"T_Copula",2000,-1.5,"0.5(log(n))^2",0.01
327,1000,2,"T_Copula",2000,-1.5,"0.5(log(n))^2",0.16
328,1000,2,"T_Copula",2000,-1.5,"0.5(log(n))^2",0.09
329,1000,2,"T_Copula",2000,-1.5,"0.5(log(n))^2",0.36
330,1000,2,"T_Copula",2000,-1.5,"0.5(log(n))^2",0.28
331,1000,2,"T_Copula",2000,-1.5,"0.5(log(n))^2",0.3
332,1000,2,"T_Copula",2000,-1.5,"0.5(log(n))^2",0.83
333,1000,2,"T_Copula",2000,-1.5,"0.5(log(n))^2",0.5
334,1000,2,"T_Copula",2000,-1.5,"0.5(log(n))^2",0.9
335,1000,2,"T_Copula",2000,-1.5,"0.5(log(n))^2",0.42
336,1000,2,"T_Copula",2000,-1.5,"0.5(log(n))^2",0.3
337,1000,2,"T_Copula",2000,-1.5,"0.5(log(n))^2",0.27
338,1000,2,"T_Copula",2000,-1.5,"0.5(log(n))^2",0.57
339,1000,2,"T_Copula",2000,-1.5,"0.5(log(n))^2",0.39
340,1000,2,"T_Copula",2000,-1.5,"0.5(log(n))^2",0.58
341,1000,2,"T_Copula",2000,-1.5,"0.5(log(n))^2",0.58
342,1000,2,"T_Copula",2000,-1.5,"0.5(log(n))^2",0.33
343,1000,2,"T_Copula",2000,-1.5,"0.5(log(n))^2",0.39
344,1000,2,"T_Copula",2000,-1.5,"0.5(log(n))^2",0.62
345,1000,2,"T_Copula",2000,-1.5,"0.5(log(n))^2",0.89
346,1000,2,"T_Copula",2000,-1.5,"0.5(log(n))^2",0.84
347,1000,2,"T_Copula",2000,-1.5,"0.5(log(n))^2",0.85
348,1000,2,"T_Copula",2000,-1.5,"0.5(log(n))^2",0.61
349,1000,2,"T_Copula",2000,-1.5,"0.5(log(n))^2",0.2
350,1000,2,"T_Copula",2000,-1.5,"0.5(log(n))^2",0.35
351,1000,2,"T_Copula",2000,-1.5,"0.5(log(n))^2",0.5
352,1000,2,"T_Copula",2000,-1.5,"0.5(log(n))^2",0.96
353,1000,2,"T_Copula",2000,-1.5,"0.5(log(n))^2",0.49
354,1000,2,"T_Copula",2000,-1.5,"0.5(log(n))^2",0.47
355,1000,2,"T_Copula",2000,-1.5,"0.5(log(n))^2",0.75
356,1000,2,"T_Copula",2000,-1.5,"0.5(log(n))^2",1
357,1000,2,"T_Copula",2000,-1.5,"0.5(log(n))^2",0.2
358,1000,2,"T_Copula",2000,-1.5,"0.5(log(n))^2",0.46
359,1000,2,"T_Copula",2000,-1.5,"0.5(log(n))^2",0.05
360,1000,2,"T_Copula",2000,-1.5,"0.5(log(n))^2",0.12
361,1000,2,"T_Copula",2000,-1.5,"0.5(log(n))^2",0.07
362,1000,2,"T_Copula",2000,-1.5,"0.5(log(n))^2",0.22
363,1000,2,"T_Copula",2000,-1.5,"0.5(log(n))^2",0.46
364,1000,2,"T_Copula",2000,-1.5,"0.5(log(n))^2",0.71
365,1000,2,"T_Copula",2000,-1.5,"0.5(log(n))^2",0.55
366,1000,2,"T_Copula",2000,-1.5,"0.5(log(n))^2",0.18
367,1000,2,"T_Copula",2000,-1.5,"0.5(log(n))^2",0.77
368,1000,2,"T_Copula",2000,-1.5,"0.5(log(n))^2",0.34
369,1000,2,"T_Copula",2000,-1.5,"0.5(log(n))^2",0.96
370,1000,2,"T_Copula",2000,-1.5,"0.5(log(n))^2",0.5
371,1000,2,"T_Copula",2000,-1.5,"0.5(log(n))^2",0.86
372,1000,2,"T_Copula",2000,-1.5,"0.5(log(n))^2",0.41
373,1000,2,"T_Copula",2000,-1.5,"0.5(log(n))^2",0.67
374,1000,2,"T_Copula",2000,-1.5,"0.5(log(n))^2",0.01
375,1000,2,"T_Copula",2000,-1.5,"0.5(log(n))^2",0.75
376,1000,2,"T_Copula",2000,-1.5,"0.5(log(n))^2",0.49
377,1000,2,"T_Copula",2000,-1.5,"0.5(log(n))^2",0.7
378,1000,2,"T_Copula",2000,-1.5,"0.5(log(n))^2",0.05
379,1000,2,"T_Copula",2000,-1.5,"0.5(log(n))^2",0.84
380,1000,2,"T_Copula",2000,-1.5,"0.5(log(n))^2",0.98
381,1000,2,"T_Copula",2000,-1.5,"0.5(log(n))^2",0.46
382,1000,2,"T_Copula",2000,-1.5,"0.5(log(n))^2",0.61
383,1000,2,"T_Copula",2000,-1.5,"0.5(log(n))^2",0.74
384,1000,2,"T_Copula",2000,-1.5,"0.5(log(n))^2",0.65
385,1000,2,"T_Copula",2000,-1.5,"0.5(log(n))^2",0.45
386,1000,2,"T_Copula",2000,-1.5,"0.5(log(n))^2",0.97
387,1000,2,"T_Copula",2000,-1.5,"0.5(log(n))^2",0.19
388,1000,2,"T_Copula",2000,-1.5,"0.5(log(n))^2",0.04
389,1000,2,"T_Copula",2000,-1.5,"0.5(log(n))^2",0.3
390,1000,2,"T_Copula",2000,-1.5,"0.5(log(n))^2",0.96
391,1000,2,"T_Copula",2000,-1.5,"0.5(log(n))^2",0.42
392,1000,2,"T_Copula",2000,-1.5,"0.5(log(n))^2",0.97
393,1000,2,"T_Copula",2000,-1.5,"0.5(log(n))^2",0.8
394,1000,2,"T_Copula",2000,-1.5,"0.5(log(n))^2",0.86
395,1000,2,"T_Copula",2000,-1.5,"0.5(log(n))^2",0.51
396,1000,2,"T_Copula",2000,-1.5,"0.5(log(n))^2",0.26
397,1000,2,"T_Copula",2000,-1.5,"0.5(log(n))^2",0.55
398,1000,2,"T_Copula",2000,-1.5,"0.5(log(n))^2",0.14
399,1000,2,"T_Copula",2000,-1.5,"0.5(log(n))^2",0.8
400,1000,2,"T_Copula",2000,-1.5,"0.5(log(n))^2",0.73
401,1000,2,"T_Copula",2000,-1.5,"0.5(log(n))^2",0.12
402,1000,2,"T_Copula",2000,-1.5,"0.5(log(n))^2",0.65
403,1000,2,"T_Copula",2000,-1.5,"0.5(log(n))^2",0.83
404,1000,2,"T_Copula",2000,-1.5,"0.5(log(n))^2",0.42
405,1000,2,"T_Copula",2000,-1.5,"0.5(log(n))^2",0.89
406,1000,2,"T_Copula",2000,-1.5,"0.5(log(n))^2",0.47
407,1000,2,"T_Copula",2000,-1.5,"0.5(log(n))^2",0.32
408,1000,2,"T_Copula",2000,-1.5,"0.5(log(n))^2",0.16
409,1000,2,"T_Copula",2000,-1.5,"0.5(log(n))^2",0.15
410,1000,2,"T_Copula",2000,-1.5,"0.5(log(n))^2",0.52
411,1000,2,"T_Copula",2000,-1.5,"0.5(log(n))^2",0.28
412,1000,2,"T_Copula",2000,-1.5,"0.5(log(n))^2",0.42
413,1000,2,"T_Copula",2000,-1.5,"0.5(log(n))^2",0.83
414,1000,2,"T_Copula",2000,-1.5,"0.5(log(n))^2",0.62
415,1000,2,"T_Copula",2000,-1.5,"0.5(log(n))^2",0.25
416,1000,2,"T_Copula",2000,-1.5,"0.5(log(n))^2",0.67
417,1000,2,"T_Copula",2000,-1.5,"0.5(log(n))^2",0.98
418,1000,2,"T_Copula",2000,-1.5,"0.5(log(n))^2",0.57
419,1000,2,"T_Copula",2000,-1.5,"0.5(log(n))^2",0.99
420,1000,2,"T_Copula",2000,-1.5,"0.5(log(n))^2",0.08
421,1000,2,"T_Copula",2000,-1.5,"0.5(log(n))^2",0.84
422,1000,2,"T_Copula",2000,-1.5,"0.5(log(n))^2",0.33
423,1000,2,"T_Copula",2000,-1.5,"0.5(log(n))^2",0.86
424,1000,2,"T_Copula",2000,-1.5,"0.5(log(n))^2",0.98
425,1000,2,"T_Copula",2000,-1.5,"0.5(log(n))^2",0.56
426,1000,2,"T_Copula",2000,-1.5,"0.5(log(n))^2",0.85
427,1000,2,"T_Copula",2000,-1.5,"0.5(log(n))^2",0.47
428,1000,2,"T_Copula",2000,-1.5,"0.5(log(n))^2",0.81
429,1000,2,"T_Copula",2000,-1.5,"0.5(log(n))^2",0.22
430,1000,2,"T_Copula",2000,-1.5,"0.5(log(n))^2",0.59
431,1000,2,"T_Copula",2000,-1.5,"0.5(log(n))^2",0.3
432,1000,2,"T_Copula",2000,-1.5,"0.5(log(n))^2",0.46
433,1000,2,"T_Copula",2000,-1.5,"0.5(log(n))^2",0.87
434,1000,2,"T_Copula",2000,-1.5,"0.5(log(n))^2",0.39
435,1000,2,"T_Copula",2000,-1.5,"0.5(log(n))^2",0.89
436,1000,2,"T_Copula",2000,-1.5,"0.5(log(n))^2",0.2
437,1000,2,"T_Copula",2000,-1.5,"0.5(log(n))^2",0.69
438,1000,2,"T_Copula",2000,-1.5,"0.5(log(n))^2",0.48
439,1000,2,"T_Copula",2000,-1.5,"0.5(log(n))^2",0.78
440,1000,2,"T_Copula",2000,-1.5,"0.5(log(n))^2",0.54
441,1000,2,"T_Copula",2000,-1.5,"0.5(log(n))^2",0.06
442,1000,2,"T_Copula",2000,-1.5,"0.5(log(n))^2",0.04
443,1000,2,"T_Copula",2000,-1.5,"0.5(log(n))^2",0.35
444,1000,2,"T_Copula",2000,-1.5,"0.5(log(n))^2",0.41
445,1000,2,"T_Copula",2000,-1.5,"0.5(log(n))^2",0.03
446,1000,2,"T_Copula",2000,-1.5,"0.5(log(n))^2",0.41
447,1000,2,"T_Copula",2000,-1.5,"0.5(log(n))^2",0.87
448,1000,2,"T_Copula",2000,-1.5,"0.5(log(n))^2",0.71
449,1000,2,"T_Copula",2000,-1.5,"0.5(log(n))^2",0.98
450,1000,2,"T_Copula",2000,-1.5,"0.5(log(n))^2",0.35
451,1000,2,"T_Copula",2000,-1.5,"0.5(log(n))^2",0.68
452,1000,2,"T_Copula",2000,-1.5,"0.5(log(n))^2",0.38
453,1000,2,"T_Copula",2000,-1.5,"0.5(log(n))^2",0.94
454,1000,2,"T_Copula",2000,-1.5,"0.5(log(n))^2",0.46
455,1000,2,"T_Copula",2000,-1.5,"0.5(log(n))^2",0.81
456,1000,2,"T_Copula",2000,-1.5,"0.5(log(n))^2",0.96
457,1000,2,"T_Copula",2000,-1.5,"0.5(log(n))^2",0.39
458,1000,2,"T_Copula",2000,-1.5,"0.5(log(n))^2",0.27
459,1000,2,"T_Copula",2000,-1.5,"0.5(log(n))^2",0.79
460,1000,2,"T_Copula",2000,-1.5,"0.5(log(n))^2",0.26
461,1000,2,"T_Copula",2000,-1.5,"0.5(log(n))^2",0.57
462,1000,2,"T_Copula",2000,-1.5,"0.5(log(n))^2",0.28
463,1000,2,"T_Copula",2000,-1.5,"0.5(log(n))^2",0.72
464,1000,2,"T_Copula",2000,-1.5,"0.5(log(n))^2",0.29
465,1000,2,"T_Copula",2000,-1.5,"0.5(log(n))^2",0.92
466,1000,2,"T_Copula",2000,-1.5,"0.5(log(n))^2",0.64
467,1000,2,"T_Copula",2000,-1.5,"0.5(log(n))^2",0.92
468,1000,2,"T_Copula",2000,-1.5,"0.5(log(n))^2",1
469,1000,2,"T_Copula",2000,-1.5,"0.5(log(n))^2",0.88
470,1000,2,"T_Copula",2000,-1.5,"0.5(log(n))^2",0.59
471,1000,2,"T_Copula",2000,-1.5,"0.5(log(n))^2",0.63
472,1000,2,"T_Copula",2000,-1.5,"0.5(log(n))^2",0.25
473,1000,2,"T_Copula",2000,-1.5,"0.5(log(n))^2",0.56
474,1000,2,"T_Copula",2000,-1.5,"0.5(log(n))^2",0.52
475,1000,2,"T_Copula",2000,-1.5,"0.5(log(n))^2",0.07
476,1000,2,"T_Copula",2000,-1.5,"0.5(log(n))^2",0.22
477,1000,2,"T_Copula",2000,-1.5,"0.5(log(n))^2",0.64
478,1000,2,"T_Copula",2000,-1.5,"0.5(log(n))^2",0.53
479,1000,2,"T_Copula",2000,-1.5,"0.5(log(n))^2",0.16
480,1000,2,"T_Copula",2000,-1.5,"0.5(log(n))^2",0.92
481,1000,2,"T_Copula",2000,-1.5,"0.5(log(n))^2",0.72
482,1000,2,"T_Copula",2000,-1.5,"0.5(log(n))^2",1
483,1000,2,"T_Copula",2000,-1.5,"0.5(log(n))^2",0.64
484,1000,2,"T_Copula",2000,-1.5,"0.5(log(n))^2",0.95
485,1000,2,"T_Copula",2000,-1.5,"0.5(log(n))^2",0.7
486,1000,2,"T_Copula",2000,-1.5,"0.5(log(n))^2",0.84
487,1000,2,"T_Copula",2000,-1.5,"0.5(log(n))^2",0.9
488,1000,2,"T_Copula",2000,-1.5,"0.5(log(n))^2",0.84
489,1000,2,"T_Copula",2000,-1.5,"0.5(log(n))^2",0.46
490,1000,2,"T_Copula",2000,-1.5,"0.5(log(n))^2",0.86
491,1000,2,"T_Copula",2000,-1.5,"0.5(log(n))^2",0.25
492,1000,2,"T_Copula",2000,-1.5,"0.5(log(n))^2",0.9
493,1000,2,"T_Copula",2000,-1.5,"0.5(log(n))^2",0.91
494,1000,2,"T_Copula",2000,-1.5,"0.5(log(n))^2",0.65
495,1000,2,"T_Copula",2000,-1.5,"0.5(log(n))^2",0.31
496,1000,2,"T_Copula",2000,-1.5,"0.5(log(n))^2",0.62
497,1000,2,"T_Copula",2000,-1.5,"0.5(log(n))^2",0.18
498,1000,2,"T_Copula",2000,-1.5,"0.5(log(n))^2",0.45
499,1000,2,"T_Copula",2000,-1.5,"0.5(log(n))^2",0.99
500,1000,2,"T_Copula",2000,-1.5,"0.5(log(n))^2",0.76
501,1000,2,"T_Copula",2000,-1.5,"0.5(log(n))^2",1
502,1000,2,"T_Copula",2000,-1.5,"0.5(log(n))^2",0.16
503,1000,2,"T_Copula",2000,-1.5,"0.5(log(n))^2",0.78
504,1000,2,"T_Copula",2000,-1.5,"0.5(log(n))^2",0.88
505,1000,2,"T_Copula",2000,-1.5,"0.5(log(n))^2",0.78
506,1000,2,"T_Copula",2000,-1.5,"0.5(log(n))^2",0.65
507,1000,2,"T_Copula",2000,-1.5,"0.5(log(n))^2",0.96
508,1000,2,"T_Copula",2000,-1.5,"0.5(log(n))^2",0.69
509,1000,2,"T_Copula",2000,-1.5,"0.5(log(n))^2",0.99
510,1000,2,"T_Copula",2000,-1.5,"0.5(log(n))^2",0.61
511,1000,2,"T_Copula",2000,-1.5,"0.5(log(n))^2",0.15
512,1000,2,"T_Copula",2000,-1.5,"0.5(log(n))^2",0.3
513,1000,2,"T_Copula",2000,-1.5,"0.5(log(n))^2",0.91
514,1000,2,"T_Copula",2000,-1.5,"0.5(log(n))^2",0.77
515,1000,2,"T_Copula",2000,-1.5,"0.5(log(n))^2",0.6
516,1000,2,"T_Copula",2000,-1.5,"0.5(log(n))^2",0.6
517,1000,2,"T_Copula",2000,-1.5,"0.5(log(n))^2",0.94
518,1000,2,"T_Copula",2000,-1.5,"0.5(log(n))^2",0.68
519,1000,2,"T_Copula",2000,-1.5,"0.5(log(n))^2",1
520,1000,2,"T_Copula",2000,-1.5,"0.5(log(n))^2",0.6
521,1000,2,"T_Copula",2000,-1.5,"0.5(log(n))^2",0.36
522,1000,2,"T_Copula",2000,-1.5,"0.5(log(n))^2",0.25
523,1000,2,"T_Copula",2000,-1.5,"0.5(log(n))^2",0.9
524,1000,2,"T_Copula",2000,-1.5,"0.5(log(n))^2",0.68
525,1000,2,"T_Copula",2000,-1.5,"0.5(log(n))^2",0.16
526,1000,2,"T_Copula",2000,-1.5,"0.5(log(n))^2",0.12
527,1000,2,"T_Copula",2000,-1.5,"0.5(log(n))^2",0.11
528,1000,2,"T_Copula",2000,-1.5,"0.5(log(n))^2",0.47
529,1000,2,"T_Copula",2000,-1.5,"0.5(log(n))^2",0.61
530,1000,2,"T_Copula",2000,-1.5,"0.5(log(n))^2",0.99
531,1000,2,"T_Copula",2000,-1.5,"0.5(log(n))^2",0.16
532,1000,2,"T_Copula",2000,-1.5,"0.5(log(n))^2",0.55
533,1000,2,"T_Copula",2000,-1.5,"0.5(log(n))^2",0.46
534,1000,2,"T_Copula",2000,-1.5,"0.5(log(n))^2",0.96
535,1000,2,"T_Copula",2000,-1.5,"0.5(log(n))^2",0.18
536,1000,2,"T_Copula",2000,-1.5,"0.5(log(n))^2",0.93
537,1000,2,"T_Copula",2000,-1.5,"0.5(log(n))^2",0.61
538,1000,2,"T_Copula",2000,-1.5,"0.5(log(n))^2",0.52
539,1000,2,"T_Copula",2000,-1.5,"0.5(log(n))^2",0.75
540,1000,2,"T_Copula",2000,-1.5,"0.5(log(n))^2",0.1
541,1000,2,"T_Copula",2000,-1.5,"0.5(log(n))^2",0.24
542,1000,2,"T_Copula",2000,-1.5,"0.5(log(n))^2",0.35
543,1000,2,"T_Copula",2000,-1.5,"0.5(log(n))^2",0.31
544,1000,2,"T_Copula",2000,-1.5,"0.5(log(n))^2",0.03
545,1000,2,"T_Copula",2000,-1.5,"0.5(log(n))^2",0.95
546,1000,2,"T_Copula",2000,-1.5,"0.5(log(n))^2",0.44
547,1000,2,"T_Copula",2000,-1.5,"0.5(log(n))^2",0.8
548,1000,2,"T_Copula",2000,-1.5,"0.5(log(n))^2",0.37
549,1000,2,"T_Copula",2000,-1.5,"0.5(log(n))^2",0.43
550,1000,2,"T_Copula",2000,-1.5,"0.5(log(n))^2",0.27
551,1000,2,"T_Copula",2000,-1.5,"0.5(log(n))^2",0.1
552,1000,2,"T_Copula",2000,-1.5,"0.5(log(n))^2",0.47
553,1000,2,"T_Copula",2000,-1.5,"0.5(log(n))^2",0.06
554,1000,2,"T_Copula",2000,-1.5,"0.5(log(n))^2",0.93
555,1000,2,"T_Copula",2000,-1.5,"0.5(log(n))^2",0.49
556,1000,2,"T_Copula",2000,-1.5,"0.5(log(n))^2",0.88
557,1000,2,"T_Copula",2000,-1.5,"0.5(log(n))^2",0.56
558,1000,2,"T_Copula",2000,-1.5,"0.5(log(n))^2",0.7
559,1000,2,"T_Copula",2000,-1.5,"0.5(log(n))^2",0.67
560,1000,2,"T_Copula",2000,-1.5,"0.5(log(n))^2",0.34
561,1000,2,"T_Copula",2000,-1.5,"0.5(log(n))^2",0.85
562,1000,2,"T_Copula",2000,-1.5,"0.5(log(n))^2",0.07
563,1000,2,"T_Copula",2000,-1.5,"0.5(log(n))^2",0.77
564,1000,2,"T_Copula",2000,-1.5,"0.5(log(n))^2",0.37
565,1000,2,"T_Copula",2000,-1.5,"0.5(log(n))^2",0.41
566,1000,2,"T_Copula",2000,-1.5,"0.5(log(n))^2",0.51
567,1000,2,"T_Copula",2000,-1.5,"0.5(log(n))^2",0.88
568,1000,2,"T_Copula",2000,-1.5,"0.5(log(n))^2",0.88
569,1000,2,"T_Copula",2000,-1.5,"0.5(log(n))^2",0.84
570,1000,2,"T_Copula",2000,-1.5,"0.5(log(n))^2",0.99
571,1000,2,"T_Copula",2000,-1.5,"0.5(log(n))^2",0.38
572,1000,2,"T_Copula",2000,-1.5,"0.5(log(n))^2",0.77
573,1000,2,"T_Copula",2000,-1.5,"0.5(log(n))^2",0.89
574,1000,2,"T_Copula",2000,-1.5,"0.5(log(n))^2",0.48
575,1000,2,"T_Copula",2000,-1.5,"0.5(log(n))^2",0.55
576,1000,2,"T_Copula",2000,-1.5,"0.5(log(n))^2",1
577,1000,2,"T_Copula",2000,-1.5,"0.5(log(n))^2",0.16
578,1000,2,"T_Copula",2000,-1.5,"0.5(log(n))^2",0.32
579,1000,2,"T_Copula",2000,-1.5,"0.5(log(n))^2",0.89
580,1000,2,"T_Copula",2000,-1.5,"0.5(log(n))^2",0.81
581,1000,2,"T_Copula",2000,-1.5,"0.5(log(n))^2",0.53
582,1000,2,"T_Copula",2000,-1.5,"0.5(log(n))^2",0.85
583,1000,2,"T_Copula",2000,-1.5,"0.5(log(n))^2",0.71
584,1000,2,"T_Copula",2000,-1.5,"0.5(log(n))^2",0.48
585,1000,2,"T_Copula",2000,-1.5,"0.5(log(n))^2",0.85
586,1000,2,"T_Copula",2000,-1.5,"0.5(log(n))^2",0.45
587,1000,2,"T_Copula",2000,-1.5,"0.5(log(n))^2",0.93
588,1000,2,"T_Copula",2000,-1.5,"0.5(log(n))^2",0.33
589,1000,2,"T_Copula",2000,-1.5,"0.5(log(n))^2",0.42
590,1000,2,"T_Copula",2000,-1.5,"0.5(log(n))^2",0.72
591,1000,2,"T_Copula",2000,-1.5,"0.5(log(n))^2",0.61
592,1000,2,"T_Copula",2000,-1.5,"0.5(log(n))^2",0.7
593,1000,2,"T_Copula",2000,-1.5,"0.5(log(n))^2",0.82
594,1000,2,"T_Copula",2000,-1.5,"0.5(log(n))^2",0.59
595,1000,2,"T_Copula",2000,-1.5,"0.5(log(n))^2",0.95
596,1000,2,"T_Copula",2000,-1.5,"0.5(log(n))^2",0.45
597,1000,2,"T_Copula",2000,-1.5,"0.5(log(n))^2",0.53
598,1000,2,"T_Copula",2000,-1.5,"0.5(log(n))^2",0.83
599,1000,2,"T_Copula",2000,-1.5,"0.5(log(n))^2",0.8
600,1000,2,"T_Copula",2000,-1.5,"0.5(log(n))^2",0.11
601,1000,2,"T_Copula",2000,-1.5,"0.5(log(n))^2",0.59
602,1000,2,"T_Copula",2000,-1.5,"0.5(log(n))^2",0.92
603,1000,2,"T_Copula",2000,-1.5,"0.5(log(n))^2",0.35
604,1000,2,"T_Copula",2000,-1.5,"0.5(log(n))^2",0.98
605,1000,2,"T_Copula",2000,-1.5,"0.5(log(n))^2",0.13
606,1000,2,"T_Copula",2000,-1.5,"0.5(log(n))^2",0.76
607,1000,2,"T_Copula",2000,-1.5,"0.5(log(n))^2",0.78
608,1000,2,"T_Copula",2000,-1.5,"0.5(log(n))^2",0.23
609,1000,2,"T_Copula",2000,-1.5,"0.5(log(n))^2",0.75
610,1000,2,"T_Copula",2000,-1.5,"0.5(log(n))^2",0.54
611,1000,2,"T_Copula",2000,-1.5,"0.5(log(n))^2",0.07
612,1000,2,"T_Copula",2000,-1.5,"0.5(log(n))^2",0.11
613,1000,2,"T_Copula",2000,-1.5,"0.5(log(n))^2",0.44
614,1000,2,"T_Copula",2000,-1.5,"0.5(log(n))^2",0.94
615,1000,2,"T_Copula",2000,-1.5,"0.5(log(n))^2",0.51
616,1000,2,"T_Copula",2000,-1.5,"0.5(log(n))^2",0.16
617,1000,2,"T_Copula",2000,-1.5,"0.5(log(n))^2",0.91
618,1000,2,"T_Copula",2000,-1.5,"0.5(log(n))^2",0.31
619,1000,2,"T_Copula",2000,-1.5,"0.5(log(n))^2",0.48
620,1000,2,"T_Copula",2000,-1.5,"0.5(log(n))^2",0.54
621,1000,2,"T_Copula",2000,-1.5,"0.5(log(n))^2",0.64
622,1000,2,"T_Copula",2000,-1.5,"0.5(log(n))^2",0.89
623,1000,2,"T_Copula",2000,-1.5,"0.5(log(n))^2",0.08
624,1000,2,"T_Copula",2000,-1.5,"0.5(log(n))^2",0.85
625,1000,2,"T_Copula",2000,-1.5,"0.5(log(n))^2",0.02
626,1000,2,"T_Copula",2000,-1.5,"0.5(log(n))^2",0.99
627,1000,2,"T_Copula",2000,-1.5,"0.5(log(n))^2",0.05
628,1000,2,"T_Copula",2000,-1.5,"0.5(log(n))^2",0.26
629,1000,2,"T_Copula",2000,-1.5,"0.5(log(n))^2",0.63
630,1000,2,"T_Copula",2000,-1.5,"0.5(log(n))^2",0.94
631,1000,2,"T_Copula",2000,-1.5,"0.5(log(n))^2",0.34
632,1000,2,"T_Copula",2000,-1.5,"0.5(log(n))^2",0.22
633,1000,2,"T_Copula",2000,-1.5,"0.5(log(n))^2",0.45
634,1000,2,"T_Copula",2000,-1.5,"0.5(log(n))^2",0.31
635,1000,2,"T_Copula",2000,-1.5,"0.5(log(n))^2",0.6
636,1000,2,"T_Copula",2000,-1.5,"0.5(log(n))^2",0.05
637,1000,2,"T_Copula",2000,-1.5,"0.5(log(n))^2",0.54
638,1000,2,"T_Copula",2000,-1.5,"0.5(log(n))^2",0.86
639,1000,2,"T_Copula",2000,-1.5,"0.5(log(n))^2",0.4
640,1000,2,"T_Copula",2000,-1.5,"0.5(log(n))^2",0.14
641,1000,2,"T_Copula",2000,-1.5,"0.5(log(n))^2",0.53
642,1000,2,"T_Copula",2000,-1.5,"0.5(log(n))^2",0.74
643,1000,2,"T_Copula",2000,-1.5,"0.5(log(n))^2",0.43
644,1000,2,"T_Copula",2000,-1.5,"0.5(log(n))^2",0.23
645,1000,2,"T_Copula",2000,-1.5,"0.5(log(n))^2",0.66
646,1000,2,"T_Copula",2000,-1.5,"0.5(log(n))^2",0.32
647,1000,2,"T_Copula",2000,-1.5,"0.5(log(n))^2",0.26
648,1000,2,"T_Copula",2000,-1.5,"0.5(log(n))^2",0.11
649,1000,2,"T_Copula",2000,-1.5,"0.5(log(n))^2",0.59
650,1000,2,"T_Copula",2000,-1.5,"0.5(log(n))^2",0.19
651,1000,2,"T_Copula",2000,-1.5,"0.5(log(n))^2",0.83
652,1000,2,"T_Copula",2000,-1.5,"0.5(log(n))^2",0.37
653,1000,2,"T_Copula",2000,-1.5,"0.5(log(n))^2",0.31
654,1000,2,"T_Copula",2000,-1.5,"0.5(log(n))^2",0.03
655,1000,2,"T_Copula",2000,-1.5,"0.5(log(n))^2",0.05
656,1000,2,"T_Copula",2000,-1.5,"0.5(log(n))^2",0.5
657,1000,2,"T_Copula",2000,-1.5,"0.5(log(n))^2",0.55
658,1000,2,"T_Copula",2000,-1.5,"0.5(log(n))^2",0.88
659,1000,2,"T_Copula",2000,-1.5,"0.5(log(n))^2",0.7
660,1000,2,"T_Copula",2000,-1.5,"0.5(log(n))^2",0.21
661,1000,2,"T_Copula",2000,-1.5,"0.5(log(n))^2",0.09
662,1000,2,"T_Copula",2000,-1.5,"0.5(log(n))^2",0.78
663,1000,2,"T_Copula",2000,-1.5,"0.5(log(n))^2",0.49
664,1000,2,"T_Copula",2000,-1.5,"0.5(log(n))^2",0.31
665,1000,2,"T_Copula",2000,-1.5,"0.5(log(n))^2",0.19
666,1000,2,"T_Copula",2000,-1.5,"0.5(log(n))^2",0.35
667,1000,2,"T_Copula",2000,-1.5,"0.5(log(n))^2",0.96
668,1000,2,"T_Copula",2000,-1.5,"0.5(log(n))^2",0.59
669,1000,2,"T_Copula",2000,-1.5,"0.5(log(n))^2",0.94
670,1000,2,"T_Copula",2000,-1.5,"0.5(log(n))^2",0.79
671,1000,2,"T_Copula",2000,-1.5,"0.5(log(n))^2",0.26
672,1000,2,"T_Copula",2000,-1.5,"0.5(log(n))^2",0.87
673,1000,2,"T_Copula",2000,-1.5,"0.5(log(n))^2",0.34
674,1000,2,"T_Copula",2000,-1.5,"0.5(log(n))^2",0.64
675,1000,2,"T_Copula",2000,-1.5,"0.5(log(n))^2",0.68
676,1000,2,"T_Copula",2000,-1.5,"0.5(log(n))^2",0.57
677,1000,2,"T_Copula",2000,-1.5,"0.5(log(n))^2",0.96
678,1000,2,"T_Copula",2000,-1.5,"0.5(log(n))^2",0.64
679,1000,2,"T_Copula",2000,-1.5,"0.5(log(n))^2",0.57
680,1000,2,"T_Copula",2000,-1.5,"0.5(log(n))^2",0.55
681,1000,2,"T_Copula",2000,-1.5,"0.5(log(n))^2",0.04
682,1000,2,"T_Copula",2000,-1.5,"0.5(log(n))^2",0.84
683,1000,2,"T_Copula",2000,-1.5,"0.5(log(n))^2",0.38
684,1000,2,"T_Copula",2000,-1.5,"0.5(log(n))^2",0.56
685,1000,2,"T_Copula",2000,-1.5,"0.5(log(n))^2",0.26
686,1000,2,"T_Copula",2000,-1.5,"0.5(log(n))^2",0.79
687,1000,2,"T_Copula",2000,-1.5,"0.5(log(n))^2",0.33
688,1000,2,"T_Copula",2000,-1.5,"0.5(log(n))^2",0.42
689,1000,2,"T_Copula",2000,-1.5,"0.5(log(n))^2",0.61
690,1000,2,"T_Copula",2000,-1.5,"0.5(log(n))^2",0.11
691,1000,2,"T_Copula",2000,-1.5,"0.5(log(n))^2",0.16
692,1000,2,"T_Copula",2000,-1.5,"0.5(log(n))^2",0.42
693,1000,2,"T_Copula",2000,-1.5,"0.5(log(n))^2",0.79
694,1000,2,"T_Copula",2000,-1.5,"0.5(log(n))^2",0.63
695,1000,2,"T_Copula",2000,-1.5,"0.5(log(n))^2",0.92
696,1000,2,"T_Copula",2000,-1.5,"0.5(log(n))^2",0.93
697,1000,2,"T_Copula",2000,-1.5,"0.5(log(n))^2",0.6
698,1000,2,"T_Copula",2000,-1.5,"0.5(log(n))^2",0.43
699,1000,2,"T_Copula",2000,-1.5,"0.5(log(n))^2",0.85
700,1000,2,"T_Copula",2000,-1.5,"0.5(log(n))^2",0.08
701,1000,2,"T_Copula",2000,-1.5,"0.5(log(n))^2",0.06
702,1000,2,"T_Copula",2000,-1.5,"0.5(log(n))^2",0.13
703,1000,2,"T_Copula",2000,-1.5,"0.5(log(n))^2",0.71
704,1000,2,"T_Copula",2000,-1.5,"0.5(log(n))^2",0.49
705,1000,2,"T_Copula",2000,-1.5,"0.5(log(n))^2",0.01
706,1000,2,"T_Copula",2000,-1.5,"0.5(log(n))^2",0.45
707,1000,2,"T_Copula",2000,-1.5,"0.5(log(n))^2",0.14
708,1000,2,"T_Copula",2000,-1.5,"0.5(log(n))^2",0.21
709,1000,2,"T_Copula",2000,-1.5,"0.5(log(n))^2",0.83
710,1000,2,"T_Copula",2000,-1.5,"0.5(log(n))^2",0.8
711,1000,2,"T_Copula",2000,-1.5,"0.5(log(n))^2",0.21
712,1000,2,"T_Copula",2000,-1.5,"0.5(log(n))^2",0.47
713,1000,2,"T_Copula",2000,-1.5,"0.5(log(n))^2",0.87
714,1000,2,"T_Copula",2000,-1.5,"0.5(log(n))^2",0.44
715,1000,2,"T_Copula",2000,-1.5,"0.5(log(n))^2",0.6
716,1000,2,"T_Copula",2000,-1.5,"0.5(log(n))^2",0.3
717,1000,2,"T_Copula",2000,-1.5,"0.5(log(n))^2",0.54
718,1000,2,"T_Copula",2000,-1.5,"0.5(log(n))^2",0.38
719,1000,2,"T_Copula",2000,-1.5,"0.5(log(n))^2",0.34
720,1000,2,"T_Copula",2000,-1.5,"0.5(log(n))^2",0.87
721,1000,2,"T_Copula",2000,-1.5,"0.5(log(n))^2",0.45
722,1000,2,"T_Copula",2000,-1.5,"0.5(log(n))^2",0.94
723,1000,2,"T_Copula",2000,-1.5,"0.5(log(n))^2",0.51
724,1000,2,"T_Copula",2000,-1.5,"0.5(log(n))^2",0.36
725,1000,2,"T_Copula",2000,-1.5,"0.5(log(n))^2",0.58
726,1000,2,"T_Copula",2000,-1.5,"0.5(log(n))^2",0.6
727,1000,2,"T_Copula",2000,-1.5,"0.5(log(n))^2",0.08
728,1000,2,"T_Copula",2000,-1.5,"0.5(log(n))^2",0.38
729,1000,2,"T_Copula",2000,-1.5,"0.5(log(n))^2",0.86
730,1000,2,"T_Copula",2000,-1.5,"0.5(log(n))^2",0.36
731,1000,2,"T_Copula",2000,-1.5,"0.5(log(n))^2",0.88
732,1000,2,"T_Copula",2000,-1.5,"0.5(log(n))^2",0.01
733,1000,2,"T_Copula",2000,-1.5,"0.5(log(n))^2",0.97
734,1000,2,"T_Copula",2000,-1.5,"0.5(log(n))^2",0.95
735,1000,2,"T_Copula",2000,-1.5,"0.5(log(n))^2",0.4
736,1000,2,"T_Copula",2000,-1.5,"0.5(log(n))^2",0.36
737,1000,2,"T_Copula",2000,-1.5,"0.5(log(n))^2",0.58
738,1000,2,"T_Copula",2000,-1.5,"0.5(log(n))^2",0.02
739,1000,2,"T_Copula",2000,-1.5,"0.5(log(n))^2",0.25
740,1000,2,"T_Copula",2000,-1.5,"0.5(log(n))^2",0.8
741,1000,2,"T_Copula",2000,-1.5,"0.5(log(n))^2",0.73
742,1000,2,"T_Copula",2000,-1.5,"0.5(log(n))^2",0.63
743,1000,2,"T_Copula",2000,-1.5,"0.5(log(n))^2",0.58
744,1000,2,"T_Copula",2000,-1.5,"0.5(log(n))^2",0.98
745,1000,2,"T_Copula",2000,-1.5,"0.5(log(n))^2",0.39
746,1000,2,"T_Copula",2000,-1.5,"0.5(log(n))^2",0.88
747,1000,2,"T_Copula",2000,-1.5,"0.5(log(n))^2",0.01
748,1000,2,"T_Copula",2000,-1.5,"0.5(log(n))^2",0.8
749,1000,2,"T_Copula",2000,-1.5,"0.5(log(n))^2",0.86
750,1000,2,"T_Copula",2000,-1.5,"0.5(log(n))^2",0.58
751,1000,2,"T_Copula",2000,-1.5,"0.5(log(n))^2",0.43
752,1000,2,"T_Copula",2000,-1.5,"0.5(log(n))^2",0.51
753,1000,2,"T_Copula",2000,-1.5,"0.5(log(n))^2",0.78
754,1000,2,"T_Copula",2000,-1.5,"0.5(log(n))^2",0.6
755,1000,2,"T_Copula",2000,-1.5,"0.5(log(n))^2",0.27
756,1000,2,"T_Copula",2000,-1.5,"0.5(log(n))^2",0.47
757,1000,2,"T_Copula",2000,-1.5,"0.5(log(n))^2",0.87
758,1000,2,"T_Copula",2000,-1.5,"0.5(log(n))^2",0.72
759,1000,2,"T_Copula",2000,-1.5,"0.5(log(n))^2",0.46
760,1000,2,"T_Copula",2000,-1.5,"0.5(log(n))^2",0.59
761,1000,2,"T_Copula",2000,-1.5,"0.5(log(n))^2",0.39
762,1000,2,"T_Copula",2000,-1.5,"0.5(log(n))^2",0.22
763,1000,2,"T_Copula",2000,-1.5,"0.5(log(n))^2",0.15
764,1000,2,"T_Copula",2000,-1.5,"0.5(log(n))^2",0.62
765,1000,2,"T_Copula",2000,-1.5,"0.5(log(n))^2",0.39
766,1000,2,"T_Copula",2000,-1.5,"0.5(log(n))^2",0.39
767,1000,2,"T_Copula",2000,-1.5,"0.5(log(n))^2",0.13
768,1000,2,"T_Copula",2000,-1.5,"0.5(log(n))^2",0.14
769,1000,2,"T_Copula",2000,-1.5,"0.5(log(n))^2",0.99
770,1000,2,"T_Copula",2000,-1.5,"0.5(log(n))^2",0.71
771,1000,2,"T_Copula",2000,-1.5,"0.5(log(n))^2",0.49
772,1000,2,"T_Copula",2000,-1.5,"0.5(log(n))^2",0.95
773,1000,2,"T_Copula",2000,-1.5,"0.5(log(n))^2",0.14
774,1000,2,"T_Copula",2000,-1.5,"0.5(log(n))^2",0.84
775,1000,2,"T_Copula",2000,-1.5,"0.5(log(n))^2",0.18
776,1000,2,"T_Copula",2000,-1.5,"0.5(log(n))^2",0.67
777,1000,2,"T_Copula",2000,-1.5,"0.5(log(n))^2",0.45
778,1000,2,"T_Copula",2000,-1.5,"0.5(log(n))^2",0.87
779,1000,2,"T_Copula",2000,-1.5,"0.5(log(n))^2",0.37
780,1000,2,"T_Copula",2000,-1.5,"0.5(log(n))^2",0.29
781,1000,2,"T_Copula",2000,-1.5,"0.5(log(n))^2",0.38
782,1000,2,"T_Copula",2000,-1.5,"0.5(log(n))^2",0.47
783,1000,2,"T_Copula",2000,-1.5,"0.5(log(n))^2",0.28
784,1000,2,"T_Copula",2000,-1.5,"0.5(log(n))^2",0.93
785,1000,2,"T_Copula",2000,-1.5,"0.5(log(n))^2",0.93
786,1000,2,"T_Copula",2000,-1.5,"0.5(log(n))^2",0.43
787,1000,2,"T_Copula",2000,-1.5,"0.5(log(n))^2",0.61
788,1000,2,"T_Copula",2000,-1.5,"0.5(log(n))^2",0.7
789,1000,2,"T_Copula",2000,-1.5,"0.5(log(n))^2",0.96
790,1000,2,"T_Copula",2000,-1.5,"0.5(log(n))^2",0.71
791,1000,2,"T_Copula",2000,-1.5,"0.5(log(n))^2",0.24
792,1000,2,"T_Copula",2000,-1.5,"0.5(log(n))^2",0.42
793,1000,2,"T_Copula",2000,-1.5,"0.5(log(n))^2",0.97
794,1000,2,"T_Copula",2000,-1.5,"0.5(log(n))^2",0.36
795,1000,2,"T_Copula",2000,-1.5,"0.5(log(n))^2",0.9
796,1000,2,"T_Copula",2000,-1.5,"0.5(log(n))^2",0.41
797,1000,2,"T_Copula",2000,-1.5,"0.5(log(n))^2",0.8
798,1000,2,"T_Copula",2000,-1.5,"0.5(log(n))^2",0.69
799,1000,2,"T_Copula",2000,-1.5,"0.5(log(n))^2",0.71
800,1000,2,"T_Copula",2000,-1.5,"0.5(log(n))^2",0.05
801,1000,2,"T_Copula",2000,-1.5,"0.5(log(n))^2",0.54
802,1000,2,"T_Copula",2000,-1.5,"0.5(log(n))^2",0.93
803,1000,2,"T_Copula",2000,-1.5,"0.5(log(n))^2",0.03
804,1000,2,"T_Copula",2000,-1.5,"0.5(log(n))^2",0.1
805,1000,2,"T_Copula",2000,-1.5,"0.5(log(n))^2",0.05
806,1000,2,"T_Copula",2000,-1.5,"0.5(log(n))^2",0.48
807,1000,2,"T_Copula",2000,-1.5,"0.5(log(n))^2",0.24
808,1000,2,"T_Copula",2000,-1.5,"0.5(log(n))^2",0.17
809,1000,2,"T_Copula",2000,-1.5,"0.5(log(n))^2",0.32
810,1000,2,"T_Copula",2000,-1.5,"0.5(log(n))^2",0.36
811,1000,2,"T_Copula",2000,-1.5,"0.5(log(n))^2",0.25
812,1000,2,"T_Copula",2000,-1.5,"0.5(log(n))^2",0.67
813,1000,2,"T_Copula",2000,-1.5,"0.5(log(n))^2",0.25
814,1000,2,"T_Copula",2000,-1.5,"0.5(log(n))^2",0.64
815,1000,2,"T_Copula",2000,-1.5,"0.5(log(n))^2",0.76
816,1000,2,"T_Copula",2000,-1.5,"0.5(log(n))^2",0.66
817,1000,2,"T_Copula",2000,-1.5,"0.5(log(n))^2",0.71
818,1000,2,"T_Copula",2000,-1.5,"0.5(log(n))^2",0.54
819,1000,2,"T_Copula",2000,-1.5,"0.5(log(n))^2",0.72
820,1000,2,"T_Copula",2000,-1.5,"0.5(log(n))^2",0.54
821,1000,2,"T_Copula",2000,-1.5,"0.5(log(n))^2",0.7
822,1000,2,"T_Copula",2000,-1.5,"0.5(log(n))^2",0.26
823,1000,2,"T_Copula",2000,-1.5,"0.5(log(n))^2",0.71
824,1000,2,"T_Copula",2000,-1.5,"0.5(log(n))^2",0.88
825,1000,2,"T_Copula",2000,-1.5,"0.5(log(n))^2",0.76
826,1000,2,"T_Copula",2000,-1.5,"0.5(log(n))^2",0.53
827,1000,2,"T_Copula",2000,-1.5,"0.5(log(n))^2",0.29
828,1000,2,"T_Copula",2000,-1.5,"0.5(log(n))^2",0.71
829,1000,2,"T_Copula",2000,-1.5,"0.5(log(n))^2",0.66
830,1000,2,"T_Copula",2000,-1.5,"0.5(log(n))^2",0.16
831,1000,2,"T_Copula",2000,-1.5,"0.5(log(n))^2",0.96
832,1000,2,"T_Copula",2000,-1.5,"0.5(log(n))^2",0.76
833,1000,2,"T_Copula",2000,-1.5,"0.5(log(n))^2",0.34
834,1000,2,"T_Copula",2000,-1.5,"0.5(log(n))^2",0.75
835,1000,2,"T_Copula",2000,-1.5,"0.5(log(n))^2",0.87
836,1000,2,"T_Copula",2000,-1.5,"0.5(log(n))^2",0.97
837,1000,2,"T_Copula",2000,-1.5,"0.5(log(n))^2",0.68
838,1000,2,"T_Copula",2000,-1.5,"0.5(log(n))^2",0.86
839,1000,2,"T_Copula",2000,-1.5,"0.5(log(n))^2",0.67
840,1000,2,"T_Copula",2000,-1.5,"0.5(log(n))^2",0.15
841,1000,2,"T_Copula",2000,-1.5,"0.5(log(n))^2",0.44
842,1000,2,"T_Copula",2000,-1.5,"0.5(log(n))^2",0.32
843,1000,2,"T_Copula",2000,-1.5,"0.5(log(n))^2",0
844,1000,2,"T_Copula",2000,-1.5,"0.5(log(n))^2",0
845,1000,2,"T_Copula",2000,-1.5,"0.5(log(n))^2",0.91
846,1000,2,"T_Copula",2000,-1.5,"0.5(log(n))^2",0.78
847,1000,2,"T_Copula",2000,-1.5,"0.5(log(n))^2",0.85
848,1000,2,"T_Copula",2000,-1.5,"0.5(log(n))^2",0.72
849,1000,2,"T_Copula",2000,-1.5,"0.5(log(n))^2",0.73
850,1000,2,"T_Copula",2000,-1.5,"0.5(log(n))^2",0.45
851,1000,2,"T_Copula",2000,-1.5,"0.5(log(n))^2",0.43
852,1000,2,"T_Copula",2000,-1.5,"0.5(log(n))^2",0.96
853,1000,2,"T_Copula",2000,-1.5,"0.5(log(n))^2",0.44
854,1000,2,"T_Copula",2000,-1.5,"0.5(log(n))^2",0.31
855,1000,2,"T_Copula",2000,-1.5,"0.5(log(n))^2",0.55
856,1000,2,"T_Copula",2000,-1.5,"0.5(log(n))^2",1
857,1000,2,"T_Copula",2000,-1.5,"0.5(log(n))^2",0.23
858,1000,2,"T_Copula",2000,-1.5,"0.5(log(n))^2",0.18
859,1000,2,"T_Copula",2000,-1.5,"0.5(log(n))^2",0.33
860,1000,2,"T_Copula",2000,-1.5,"0.5(log(n))^2",0.3
861,1000,2,"T_Copula",2000,-1.5,"0.5(log(n))^2",0.79
862,1000,2,"T_Copula",2000,-1.5,"0.5(log(n))^2",0.73
863,1000,2,"T_Copula",2000,-1.5,"0.5(log(n))^2",0.12
864,1000,2,"T_Copula",2000,-1.5,"0.5(log(n))^2",0.86
865,1000,2,"T_Copula",2000,-1.5,"0.5(log(n))^2",0.32
866,1000,2,"T_Copula",2000,-1.5,"0.5(log(n))^2",0.04
867,1000,2,"T_Copula",2000,-1.5,"0.5(log(n))^2",0.14
868,1000,2,"T_Copula",2000,-1.5,"0.5(log(n))^2",0.22
869,1000,2,"T_Copula",2000,-1.5,"0.5(log(n))^2",0.32
870,1000,2,"T_Copula",2000,-1.5,"0.5(log(n))^2",0.82
871,1000,2,"T_Copula",2000,-1.5,"0.5(log(n))^2",0.73
872,1000,2,"T_Copula",2000,-1.5,"0.5(log(n))^2",0.69
873,1000,2,"T_Copula",2000,-1.5,"0.5(log(n))^2",0.68
874,1000,2,"T_Copula",2000,-1.5,"0.5(log(n))^2",0.97
875,1000,2,"T_Copula",2000,-1.5,"0.5(log(n))^2",0.49
876,1000,2,"T_Copula",2000,-1.5,"0.5(log(n))^2",0.92
877,1000,2,"T_Copula",2000,-1.5,"0.5(log(n))^2",0.39
878,1000,2,"T_Copula",2000,-1.5,"0.5(log(n))^2",0.71
879,1000,2,"T_Copula",2000,-1.5,"0.5(log(n))^2",0.31
880,1000,2,"T_Copula",2000,-1.5,"0.5(log(n))^2",0.25
881,1000,2,"T_Copula",2000,-1.5,"0.5(log(n))^2",0.69
882,1000,2,"T_Copula",2000,-1.5,"0.5(log(n))^2",0.92
883,1000,2,"T_Copula",2000,-1.5,"0.5(log(n))^2",0.79
884,1000,2,"T_Copula",2000,-1.5,"0.5(log(n))^2",0.32
885,1000,2,"T_Copula",2000,-1.5,"0.5(log(n))^2",0.15
886,1000,2,"T_Copula",2000,-1.5,"0.5(log(n))^2",0.5
887,1000,2,"T_Copula",2000,-1.5,"0.5(log(n))^2",0.55
888,1000,2,"T_Copula",2000,-1.5,"0.5(log(n))^2",0.5
889,1000,2,"T_Copula",2000,-1.5,"0.5(log(n))^2",0.4
890,1000,2,"T_Copula",2000,-1.5,"0.5(log(n))^2",0.51
891,1000,2,"T_Copula",2000,-1.5,"0.5(log(n))^2",0.65
892,1000,2,"T_Copula",2000,-1.5,"0.5(log(n))^2",0.22
893,1000,2,"T_Copula",2000,-1.5,"0.5(log(n))^2",0.06
894,1000,2,"T_Copula",2000,-1.5,"0.5(log(n))^2",0.2
895,1000,2,"T_Copula",2000,-1.5,"0.5(log(n))^2",0.66
896,1000,2,"T_Copula",2000,-1.5,"0.5(log(n))^2",0.72
897,1000,2,"T_Copula",2000,-1.5,"0.5(log(n))^2",0.53
898,1000,2,"T_Copula",2000,-1.5,"0.5(log(n))^2",0.11
899,1000,2,"T_Copula",2000,-1.5,"0.5(log(n))^2",0.32
900,1000,2,"T_Copula",2000,-1.5,"0.5(log(n))^2",0.84
901,1000,2,"T_Copula",2000,-1.5,"0.5(log(n))^2",0.52
902,1000,2,"T_Copula",2000,-1.5,"0.5(log(n))^2",0.39
903,1000,2,"T_Copula",2000,-1.5,"0.5(log(n))^2",0.1
904,1000,2,"T_Copula",2000,-1.5,"0.5(log(n))^2",0.8
905,1000,2,"T_Copula",2000,-1.5,"0.5(log(n))^2",0.49
906,1000,2,"T_Copula",2000,-1.5,"0.5(log(n))^2",0.94
907,1000,2,"T_Copula",2000,-1.5,"0.5(log(n))^2",0.18
908,1000,2,"T_Copula",2000,-1.5,"0.5(log(n))^2",0.12
909,1000,2,"T_Copula",2000,-1.5,"0.5(log(n))^2",1
910,1000,2,"T_Copula",2000,-1.5,"0.5(log(n))^2",0.52
911,1000,2,"T_Copula",2000,-1.5,"0.5(log(n))^2",0.24
912,1000,2,"T_Copula",2000,-1.5,"0.5(log(n))^2",0.37
913,1000,2,"T_Copula",2000,-1.5,"0.5(log(n))^2",0.21
914,1000,2,"T_Copula",2000,-1.5,"0.5(log(n))^2",0.59
915,1000,2,"T_Copula",2000,-1.5,"0.5(log(n))^2",0.6
916,1000,2,"T_Copula",2000,-1.5,"0.5(log(n))^2",0.54
917,1000,2,"T_Copula",2000,-1.5,"0.5(log(n))^2",0.5
918,1000,2,"T_Copula",2000,-1.5,"0.5(log(n))^2",0.07
919,1000,2,"T_Copula",2000,-1.5,"0.5(log(n))^2",0.53
920,1000,2,"T_Copula",2000,-1.5,"0.5(log(n))^2",0.67
921,1000,2,"T_Copula",2000,-1.5,"0.5(log(n))^2",0.67
922,1000,2,"T_Copula",2000,-1.5,"0.5(log(n))^2",1
923,1000,2,"T_Copula",2000,-1.5,"0.5(log(n))^2",0.4
924,1000,2,"T_Copula",2000,-1.5,"0.5(log(n))^2",0.37
925,1000,2,"T_Copula",2000,-1.5,"0.5(log(n))^2",0.15
926,1000,2,"T_Copula",2000,-1.5,"0.5(log(n))^2",0.31
927,1000,2,"T_Copula",2000,-1.5,"0.5(log(n))^2",0.24
928,1000,2,"T_Copula",2000,-1.5,"0.5(log(n))^2",0.31
929,1000,2,"T_Copula",2000,-1.5,"0.5(log(n))^2",0.36
930,1000,2,"T_Copula",2000,-1.5,"0.5(log(n))^2",0.49
931,1000,2,"T_Copula",2000,-1.5,"0.5(log(n))^2",0.08
932,1000,2,"T_Copula",2000,-1.5,"0.5(log(n))^2",0.61
933,1000,2,"T_Copula",2000,-1.5,"0.5(log(n))^2",0.59
934,1000,2,"T_Copula",2000,-1.5,"0.5(log(n))^2",0.16
935,1000,2,"T_Copula",2000,-1.5,"0.5(log(n))^2",0.96
936,1000,2,"T_Copula",2000,-1.5,"0.5(log(n))^2",0.1
937,1000,2,"T_Copula",2000,-1.5,"0.5(log(n))^2",0.66
938,1000,2,"T_Copula",2000,-1.5,"0.5(log(n))^2",0.85
939,1000,2,"T_Copula",2000,-1.5,"0.5(log(n))^2",0.7
940,1000,2,"T_Copula",2000,-1.5,"0.5(log(n))^2",0.63
941,1000,2,"T_Copula",2000,-1.5,"0.5(log(n))^2",0.81
942,1000,2,"T_Copula",2000,-1.5,"0.5(log(n))^2",0.79
943,1000,2,"T_Copula",2000,-1.5,"0.5(log(n))^2",0.09
944,1000,2,"T_Copula",2000,-1.5,"0.5(log(n))^2",0.32
945,1000,2,"T_Copula",2000,-1.5,"0.5(log(n))^2",1
946,1000,2,"T_Copula",2000,-1.5,"0.5(log(n))^2",0.57
947,1000,2,"T_Copula",2000,-1.5,"0.5(log(n))^2",0.09
948,1000,2,"T_Copula",2000,-1.5,"0.5(log(n))^2",0.88
949,1000,2,"T_Copula",2000,-1.5,"0.5(log(n))^2",0.29
950,1000,2,"T_Copula",2000,-1.5,"0.5(log(n))^2",0.16
951,1000,2,"T_Copula",2000,-1.5,"0.5(log(n))^2",0.75
952,1000,2,"T_Copula",2000,-1.5,"0.5(log(n))^2",0.7
953,1000,2,"T_Copula",2000,-1.5,"0.5(log(n))^2",0.65
954,1000,2,"T_Copula",2000,-1.5,"0.5(log(n))^2",0.44
955,1000,2,"T_Copula",2000,-1.5,"0.5(log(n))^2",0.13
956,1000,2,"T_Copula",2000,-1.5,"0.5(log(n))^2",0.81
957,1000,2,"T_Copula",2000,-1.5,"0.5(log(n))^2",0.39
958,1000,2,"T_Copula",2000,-1.5,"0.5(log(n))^2",0.1
959,1000,2,"T_Copula",2000,-1.5,"0.5(log(n))^2",0.81
960,1000,2,"T_Copula",2000,-1.5,"0.5(log(n))^2",0.76
961,1000,2,"T_Copula",2000,-1.5,"0.5(log(n))^2",0.38
962,1000,2,"T_Copula",2000,-1.5,"0.5(log(n))^2",0.08
963,1000,2,"T_Copula",2000,-1.5,"0.5(log(n))^2",0.55
964,1000,2,"T_Copula",2000,-1.5,"0.5(log(n))^2",0.3
965,1000,2,"T_Copula",2000,-1.5,"0.5(log(n))^2",0.08
966,1000,2,"T_Copula",2000,-1.5,"0.5(log(n))^2",0.82
967,1000,2,"T_Copula",2000,-1.5,"0.5(log(n))^2",0.38
968,1000,2,"T_Copula",2000,-1.5,"0.5(log(n))^2",0.11
969,1000,2,"T_Copula",2000,-1.5,"0.5(log(n))^2",0.74
970,1000,2,"T_Copula",2000,-1.5,"0.5(log(n))^2",0.12
971,1000,2,"T_Copula",2000,-1.5,"0.5(log(n))^2",0.38
972,1000,2,"T_Copula",2000,-1.5,"0.5(log(n))^2",0.98
973,1000,2,"T_Copula",2000,-1.5,"0.5(log(n))^2",0.39
974,1000,2,"T_Copula",2000,-1.5,"0.5(log(n))^2",0.75
975,1000,2,"T_Copula",2000,-1.5,"0.5(log(n))^2",0.22
976,1000,2,"T_Copula",2000,-1.5,"0.5(log(n))^2",0.59
977,1000,2,"T_Copula",2000,-1.5,"0.5(log(n))^2",0.79
978,1000,2,"T_Copula",2000,-1.5,"0.5(log(n))^2",0.1
979,1000,2,"T_Copula",2000,-1.5,"0.5(log(n))^2",0.97
980,1000,2,"T_Copula",2000,-1.5,"0.5(log(n))^2",0.68
981,1000,2,"T_Copula",2000,-1.5,"0.5(log(n))^2",0.4
982,1000,2,"T_Copula",2000,-1.5,"0.5(log(n))^2",0.94
983,1000,2,"T_Copula",2000,-1.5,"0.5(log(n))^2",0.76
984,1000,2,"T_Copula",2000,-1.5,"0.5(log(n))^2",0.27
985,1000,2,"T_Copula",2000,-1.5,"0.5(log(n))^2",0.57
986,1000,2,"T_Copula",2000,-1.5,"0.5(log(n))^2",0.36
987,1000,2,"T_Copula",2000,-1.5,"0.5(log(n))^2",0.72
988,1000,2,"T_Copula",2000,-1.5,"0.5(log(n))^2",0.56
989,1000,2,"T_Copula",2000,-1.5,"0.5(log(n))^2",0.34
990,1000,2,"T_Copula",2000,-1.5,"0.5(log(n))^2",0.63
991,1000,2,"T_Copula",2000,-1.5,"0.5(log(n))^2",0.88
992,1000,2,"T_Copula",2000,-1.5,"0.5(log(n))^2",0.48
993,1000,2,"T_Copula",2000,-1.5,"0.5(log(n))^2",0.83
994,1000,2,"T_Copula",2000,-1.5,"0.5(log(n))^2",0
995,1000,2,"T_Copula",2000,-1.5,"0.5(log(n))^2",0.99
996,1000,2,"T_Copula",2000,-1.5,"0.5(log(n))^2",0.27
997,1000,2,"T_Copula",2000,-1.5,"0.5(log(n))^2",0.75
998,1000,2,"T_Copula",2000,-1.5,"0.5(log(n))^2",0.66
999,1000,2,"T_Copula",2000,-1.5,"0.5(log(n))^2",0.68
1000,1000,2,"T_Copula",2000,-1.5,"0.5(log(n))^2",0.41
1,1000,2,"T_Copula",2000,-1.5,"0.25(log(n))^2",0.5
2,1000,2,"T_Copula",2000,-1.5,"0.25(log(n))^2",0.66
3,1000,2,"T_Copula",2000,-1.5,"0.25(log(n))^2",0.92
4,1000,2,"T_Copula",2000,-1.5,"0.25(log(n))^2",0.54
5,1000,2,"T_Copula",2000,-1.5,"0.25(log(n))^2",0.3
6,1000,2,"T_Copula",2000,-1.5,"0.25(log(n))^2",0.72
7,1000,2,"T_Copula",2000,-1.5,"0.25(log(n))^2",0.81
8,1000,2,"T_Copula",2000,-1.5,"0.25(log(n))^2",0.25
9,1000,2,"T_Copula",2000,-1.5,"0.25(log(n))^2",0.27
10,1000,2,"T_Copula",2000,-1.5,"0.25(log(n))^2",0.59
11,1000,2,"T_Copula",2000,-1.5,"0.25(log(n))^2",0.18
12,1000,2,"T_Copula",2000,-1.5,"0.25(log(n))^2",0.79
13,1000,2,"T_Copula",2000,-1.5,"0.25(log(n))^2",0.47
14,1000,2,"T_Copula",2000,-1.5,"0.25(log(n))^2",0.43
15,1000,2,"T_Copula",2000,-1.5,"0.25(log(n))^2",0.44
16,1000,2,"T_Copula",2000,-1.5,"0.25(log(n))^2",0.48
17,1000,2,"T_Copula",2000,-1.5,"0.25(log(n))^2",0.79
18,1000,2,"T_Copula",2000,-1.5,"0.25(log(n))^2",0.43
19,1000,2,"T_Copula",2000,-1.5,"0.25(log(n))^2",0.27
20,1000,2,"T_Copula",2000,-1.5,"0.25(log(n))^2",0.5
21,1000,2,"T_Copula",2000,-1.5,"0.25(log(n))^2",0.9
22,1000,2,"T_Copula",2000,-1.5,"0.25(log(n))^2",0.43
23,1000,2,"T_Copula",2000,-1.5,"0.25(log(n))^2",0.88
24,1000,2,"T_Copula",2000,-1.5,"0.25(log(n))^2",0.79
25,1000,2,"T_Copula",2000,-1.5,"0.25(log(n))^2",0.86
26,1000,2,"T_Copula",2000,-1.5,"0.25(log(n))^2",0.32
27,1000,2,"T_Copula",2000,-1.5,"0.25(log(n))^2",0.08
28,1000,2,"T_Copula",2000,-1.5,"0.25(log(n))^2",0.77
29,1000,2,"T_Copula",2000,-1.5,"0.25(log(n))^2",0.47
30,1000,2,"T_Copula",2000,-1.5,"0.25(log(n))^2",0.52
31,1000,2,"T_Copula",2000,-1.5,"0.25(log(n))^2",0.63
32,1000,2,"T_Copula",2000,-1.5,"0.25(log(n))^2",0.84
33,1000,2,"T_Copula",2000,-1.5,"0.25(log(n))^2",0.84
34,1000,2,"T_Copula",2000,-1.5,"0.25(log(n))^2",0.96
35,1000,2,"T_Copula",2000,-1.5,"0.25(log(n))^2",0.76
36,1000,2,"T_Copula",2000,-1.5,"0.25(log(n))^2",0.63
37,1000,2,"T_Copula",2000,-1.5,"0.25(log(n))^2",0.63
38,1000,2,"T_Copula",2000,-1.5,"0.25(log(n))^2",0.48
39,1000,2,"T_Copula",2000,-1.5,"0.25(log(n))^2",0.9
40,1000,2,"T_Copula",2000,-1.5,"0.25(log(n))^2",0.55
41,1000,2,"T_Copula",2000,-1.5,"0.25(log(n))^2",0.85
42,1000,2,"T_Copula",2000,-1.5,"0.25(log(n))^2",0.2
43,1000,2,"T_Copula",2000,-1.5,"0.25(log(n))^2",0.92
44,1000,2,"T_Copula",2000,-1.5,"0.25(log(n))^2",0.04
45,1000,2,"T_Copula",2000,-1.5,"0.25(log(n))^2",0.71
46,1000,2,"T_Copula",2000,-1.5,"0.25(log(n))^2",0.23
47,1000,2,"T_Copula",2000,-1.5,"0.25(log(n))^2",0.47
48,1000,2,"T_Copula",2000,-1.5,"0.25(log(n))^2",0.48
49,1000,2,"T_Copula",2000,-1.5,"0.25(log(n))^2",0.83
50,1000,2,"T_Copula",2000,-1.5,"0.25(log(n))^2",0.43
51,1000,2,"T_Copula",2000,-1.5,"0.25(log(n))^2",0.02
52,1000,2,"T_Copula",2000,-1.5,"0.25(log(n))^2",0.79
53,1000,2,"T_Copula",2000,-1.5,"0.25(log(n))^2",0.39
54,1000,2,"T_Copula",2000,-1.5,"0.25(log(n))^2",0.19
55,1000,2,"T_Copula",2000,-1.5,"0.25(log(n))^2",0.11
56,1000,2,"T_Copula",2000,-1.5,"0.25(log(n))^2",0.76
57,1000,2,"T_Copula",2000,-1.5,"0.25(log(n))^2",0.71
58,1000,2,"T_Copula",2000,-1.5,"0.25(log(n))^2",0.87
59,1000,2,"T_Copula",2000,-1.5,"0.25(log(n))^2",0.53
60,1000,2,"T_Copula",2000,-1.5,"0.25(log(n))^2",0.94
61,1000,2,"T_Copula",2000,-1.5,"0.25(log(n))^2",0
62,1000,2,"T_Copula",2000,-1.5,"0.25(log(n))^2",0.15
63,1000,2,"T_Copula",2000,-1.5,"0.25(log(n))^2",0.06
64,1000,2,"T_Copula",2000,-1.5,"0.25(log(n))^2",0.69
65,1000,2,"T_Copula",2000,-1.5,"0.25(log(n))^2",0.52
66,1000,2,"T_Copula",2000,-1.5,"0.25(log(n))^2",0.58
67,1000,2,"T_Copula",2000,-1.5,"0.25(log(n))^2",0.64
68,1000,2,"T_Copula",2000,-1.5,"0.25(log(n))^2",0.81
69,1000,2,"T_Copula",2000,-1.5,"0.25(log(n))^2",0.22
70,1000,2,"T_Copula",2000,-1.5,"0.25(log(n))^2",0.72
71,1000,2,"T_Copula",2000,-1.5,"0.25(log(n))^2",0.55
72,1000,2,"T_Copula",2000,-1.5,"0.25(log(n))^2",0.7
73,1000,2,"T_Copula",2000,-1.5,"0.25(log(n))^2",0.2
74,1000,2,"T_Copula",2000,-1.5,"0.25(log(n))^2",0.12
75,1000,2,"T_Copula",2000,-1.5,"0.25(log(n))^2",0.95
76,1000,2,"T_Copula",2000,-1.5,"0.25(log(n))^2",0.64
77,1000,2,"T_Copula",2000,-1.5,"0.25(log(n))^2",0.84
78,1000,2,"T_Copula",2000,-1.5,"0.25(log(n))^2",0.58
79,1000,2,"T_Copula",2000,-1.5,"0.25(log(n))^2",0.43
80,1000,2,"T_Copula",2000,-1.5,"0.25(log(n))^2",0.04
81,1000,2,"T_Copula",2000,-1.5,"0.25(log(n))^2",0.69
82,1000,2,"T_Copula",2000,-1.5,"0.25(log(n))^2",0.85
83,1000,2,"T_Copula",2000,-1.5,"0.25(log(n))^2",0.92
84,1000,2,"T_Copula",2000,-1.5,"0.25(log(n))^2",0.6
85,1000,2,"T_Copula",2000,-1.5,"0.25(log(n))^2",0.96
86,1000,2,"T_Copula",2000,-1.5,"0.25(log(n))^2",0.59
87,1000,2,"T_Copula",2000,-1.5,"0.25(log(n))^2",0.75
88,1000,2,"T_Copula",2000,-1.5,"0.25(log(n))^2",0.17
89,1000,2,"T_Copula",2000,-1.5,"0.25(log(n))^2",0.28
90,1000,2,"T_Copula",2000,-1.5,"0.25(log(n))^2",0.87
91,1000,2,"T_Copula",2000,-1.5,"0.25(log(n))^2",0.42
92,1000,2,"T_Copula",2000,-1.5,"0.25(log(n))^2",0.58
93,1000,2,"T_Copula",2000,-1.5,"0.25(log(n))^2",0.87
94,1000,2,"T_Copula",2000,-1.5,"0.25(log(n))^2",0.05
95,1000,2,"T_Copula",2000,-1.5,"0.25(log(n))^2",0.38
96,1000,2,"T_Copula",2000,-1.5,"0.25(log(n))^2",0.85
97,1000,2,"T_Copula",2000,-1.5,"0.25(log(n))^2",0.46
98,1000,2,"T_Copula",2000,-1.5,"0.25(log(n))^2",0.95
99,1000,2,"T_Copula",2000,-1.5,"0.25(log(n))^2",0.68
100,1000,2,"T_Copula",2000,-1.5,"0.25(log(n))^2",0.19
101,1000,2,"T_Copula",2000,-1.5,"0.25(log(n))^2",0.61
102,1000,2,"T_Copula",2000,-1.5,"0.25(log(n))^2",0.93
103,1000,2,"T_Copula",2000,-1.5,"0.25(log(n))^2",0.23
104,1000,2,"T_Copula",2000,-1.5,"0.25(log(n))^2",0.5
105,1000,2,"T_Copula",2000,-1.5,"0.25(log(n))^2",0.5
106,1000,2,"T_Copula",2000,-1.5,"0.25(log(n))^2",0.68
107,1000,2,"T_Copula",2000,-1.5,"0.25(log(n))^2",0.67
108,1000,2,"T_Copula",2000,-1.5,"0.25(log(n))^2",0.71
109,1000,2,"T_Copula",2000,-1.5,"0.25(log(n))^2",0.06
110,1000,2,"T_Copula",2000,-1.5,"0.25(log(n))^2",0.66
111,1000,2,"T_Copula",2000,-1.5,"0.25(log(n))^2",0.68
112,1000,2,"T_Copula",2000,-1.5,"0.25(log(n))^2",0.19
113,1000,2,"T_Copula",2000,-1.5,"0.25(log(n))^2",0.7
114,1000,2,"T_Copula",2000,-1.5,"0.25(log(n))^2",0.59
115,1000,2,"T_Copula",2000,-1.5,"0.25(log(n))^2",0.1
116,1000,2,"T_Copula",2000,-1.5,"0.25(log(n))^2",0.68
117,1000,2,"T_Copula",2000,-1.5,"0.25(log(n))^2",0.58
118,1000,2,"T_Copula",2000,-1.5,"0.25(log(n))^2",0.48
119,1000,2,"T_Copula",2000,-1.5,"0.25(log(n))^2",0.1
120,1000,2,"T_Copula",2000,-1.5,"0.25(log(n))^2",0.79
121,1000,2,"T_Copula",2000,-1.5,"0.25(log(n))^2",0.3
122,1000,2,"T_Copula",2000,-1.5,"0.25(log(n))^2",0.28
123,1000,2,"T_Copula",2000,-1.5,"0.25(log(n))^2",0.34
124,1000,2,"T_Copula",2000,-1.5,"0.25(log(n))^2",0.19
125,1000,2,"T_Copula",2000,-1.5,"0.25(log(n))^2",0.98
126,1000,2,"T_Copula",2000,-1.5,"0.25(log(n))^2",0.69
127,1000,2,"T_Copula",2000,-1.5,"0.25(log(n))^2",0.82
128,1000,2,"T_Copula",2000,-1.5,"0.25(log(n))^2",0.07
129,1000,2,"T_Copula",2000,-1.5,"0.25(log(n))^2",0.57
130,1000,2,"T_Copula",2000,-1.5,"0.25(log(n))^2",0.94
131,1000,2,"T_Copula",2000,-1.5,"0.25(log(n))^2",0.05
132,1000,2,"T_Copula",2000,-1.5,"0.25(log(n))^2",0.84
133,1000,2,"T_Copula",2000,-1.5,"0.25(log(n))^2",0.33
134,1000,2,"T_Copula",2000,-1.5,"0.25(log(n))^2",0.78
135,1000,2,"T_Copula",2000,-1.5,"0.25(log(n))^2",0.55
136,1000,2,"T_Copula",2000,-1.5,"0.25(log(n))^2",0.3
137,1000,2,"T_Copula",2000,-1.5,"0.25(log(n))^2",0.83
138,1000,2,"T_Copula",2000,-1.5,"0.25(log(n))^2",0.22
139,1000,2,"T_Copula",2000,-1.5,"0.25(log(n))^2",0.52
140,1000,2,"T_Copula",2000,-1.5,"0.25(log(n))^2",0.24
141,1000,2,"T_Copula",2000,-1.5,"0.25(log(n))^2",0.64
142,1000,2,"T_Copula",2000,-1.5,"0.25(log(n))^2",0.57
143,1000,2,"T_Copula",2000,-1.5,"0.25(log(n))^2",0.29
144,1000,2,"T_Copula",2000,-1.5,"0.25(log(n))^2",0.25
145,1000,2,"T_Copula",2000,-1.5,"0.25(log(n))^2",0.59
146,1000,2,"T_Copula",2000,-1.5,"0.25(log(n))^2",0.62
147,1000,2,"T_Copula",2000,-1.5,"0.25(log(n))^2",0.65
148,1000,2,"T_Copula",2000,-1.5,"0.25(log(n))^2",0.91
149,1000,2,"T_Copula",2000,-1.5,"0.25(log(n))^2",0.51
150,1000,2,"T_Copula",2000,-1.5,"0.25(log(n))^2",0.2
151,1000,2,"T_Copula",2000,-1.5,"0.25(log(n))^2",0.28
152,1000,2,"T_Copula",2000,-1.5,"0.25(log(n))^2",0.32
153,1000,2,"T_Copula",2000,-1.5,"0.25(log(n))^2",0.03
154,1000,2,"T_Copula",2000,-1.5,"0.25(log(n))^2",0.09
155,1000,2,"T_Copula",2000,-1.5,"0.25(log(n))^2",0.93
156,1000,2,"T_Copula",2000,-1.5,"0.25(log(n))^2",0.23
157,1000,2,"T_Copula",2000,-1.5,"0.25(log(n))^2",0.93
158,1000,2,"T_Copula",2000,-1.5,"0.25(log(n))^2",0.59
159,1000,2,"T_Copula",2000,-1.5,"0.25(log(n))^2",0.37
160,1000,2,"T_Copula",2000,-1.5,"0.25(log(n))^2",0.75
161,1000,2,"T_Copula",2000,-1.5,"0.25(log(n))^2",0.77
162,1000,2,"T_Copula",2000,-1.5,"0.25(log(n))^2",0.2
163,1000,2,"T_Copula",2000,-1.5,"0.25(log(n))^2",0.22
164,1000,2,"T_Copula",2000,-1.5,"0.25(log(n))^2",0.67
165,1000,2,"T_Copula",2000,-1.5,"0.25(log(n))^2",0.16
166,1000,2,"T_Copula",2000,-1.5,"0.25(log(n))^2",0.37
167,1000,2,"T_Copula",2000,-1.5,"0.25(log(n))^2",0.56
168,1000,2,"T_Copula",2000,-1.5,"0.25(log(n))^2",0.32
169,1000,2,"T_Copula",2000,-1.5,"0.25(log(n))^2",0.46
170,1000,2,"T_Copula",2000,-1.5,"0.25(log(n))^2",0.22
171,1000,2,"T_Copula",2000,-1.5,"0.25(log(n))^2",0
172,1000,2,"T_Copula",2000,-1.5,"0.25(log(n))^2",0.61
173,1000,2,"T_Copula",2000,-1.5,"0.25(log(n))^2",0.05
174,1000,2,"T_Copula",2000,-1.5,"0.25(log(n))^2",0.41
175,1000,2,"T_Copula",2000,-1.5,"0.25(log(n))^2",0.67
176,1000,2,"T_Copula",2000,-1.5,"0.25(log(n))^2",0.62
177,1000,2,"T_Copula",2000,-1.5,"0.25(log(n))^2",0.85
178,1000,2,"T_Copula",2000,-1.5,"0.25(log(n))^2",0.69
179,1000,2,"T_Copula",2000,-1.5,"0.25(log(n))^2",0.42
180,1000,2,"T_Copula",2000,-1.5,"0.25(log(n))^2",0.73
181,1000,2,"T_Copula",2000,-1.5,"0.25(log(n))^2",0.47
182,1000,2,"T_Copula",2000,-1.5,"0.25(log(n))^2",0.02
183,1000,2,"T_Copula",2000,-1.5,"0.25(log(n))^2",0.46
184,1000,2,"T_Copula",2000,-1.5,"0.25(log(n))^2",0.83
185,1000,2,"T_Copula",2000,-1.5,"0.25(log(n))^2",0.16
186,1000,2,"T_Copula",2000,-1.5,"0.25(log(n))^2",0.22
187,1000,2,"T_Copula",2000,-1.5,"0.25(log(n))^2",0.53
188,1000,2,"T_Copula",2000,-1.5,"0.25(log(n))^2",0.33
189,1000,2,"T_Copula",2000,-1.5,"0.25(log(n))^2",0.71
190,1000,2,"T_Copula",2000,-1.5,"0.25(log(n))^2",0.42
191,1000,2,"T_Copula",2000,-1.5,"0.25(log(n))^2",0.46
192,1000,2,"T_Copula",2000,-1.5,"0.25(log(n))^2",0.62
193,1000,2,"T_Copula",2000,-1.5,"0.25(log(n))^2",0.34
194,1000,2,"T_Copula",2000,-1.5,"0.25(log(n))^2",0.2
195,1000,2,"T_Copula",2000,-1.5,"0.25(log(n))^2",0.65
196,1000,2,"T_Copula",2000,-1.5,"0.25(log(n))^2",0.62
197,1000,2,"T_Copula",2000,-1.5,"0.25(log(n))^2",0.95
198,1000,2,"T_Copula",2000,-1.5,"0.25(log(n))^2",0.56
199,1000,2,"T_Copula",2000,-1.5,"0.25(log(n))^2",0.11
200,1000,2,"T_Copula",2000,-1.5,"0.25(log(n))^2",0.15
201,1000,2,"T_Copula",2000,-1.5,"0.25(log(n))^2",0.53
202,1000,2,"T_Copula",2000,-1.5,"0.25(log(n))^2",0.53
203,1000,2,"T_Copula",2000,-1.5,"0.25(log(n))^2",0.1
204,1000,2,"T_Copula",2000,-1.5,"0.25(log(n))^2",0.02
205,1000,2,"T_Copula",2000,-1.5,"0.25(log(n))^2",0.28
206,1000,2,"T_Copula",2000,-1.5,"0.25(log(n))^2",0.71
207,1000,2,"T_Copula",2000,-1.5,"0.25(log(n))^2",0.6
208,1000,2,"T_Copula",2000,-1.5,"0.25(log(n))^2",0.49
209,1000,2,"T_Copula",2000,-1.5,"0.25(log(n))^2",0.89
210,1000,2,"T_Copula",2000,-1.5,"0.25(log(n))^2",0.77
211,1000,2,"T_Copula",2000,-1.5,"0.25(log(n))^2",0.11
212,1000,2,"T_Copula",2000,-1.5,"0.25(log(n))^2",0.3
213,1000,2,"T_Copula",2000,-1.5,"0.25(log(n))^2",0.73
214,1000,2,"T_Copula",2000,-1.5,"0.25(log(n))^2",0.94
215,1000,2,"T_Copula",2000,-1.5,"0.25(log(n))^2",0.1
216,1000,2,"T_Copula",2000,-1.5,"0.25(log(n))^2",0.69
217,1000,2,"T_Copula",2000,-1.5,"0.25(log(n))^2",0.41
218,1000,2,"T_Copula",2000,-1.5,"0.25(log(n))^2",0.1
219,1000,2,"T_Copula",2000,-1.5,"0.25(log(n))^2",0.3
220,1000,2,"T_Copula",2000,-1.5,"0.25(log(n))^2",0.73
221,1000,2,"T_Copula",2000,-1.5,"0.25(log(n))^2",0.93
222,1000,2,"T_Copula",2000,-1.5,"0.25(log(n))^2",0.78
223,1000,2,"T_Copula",2000,-1.5,"0.25(log(n))^2",0.1
224,1000,2,"T_Copula",2000,-1.5,"0.25(log(n))^2",0.57
225,1000,2,"T_Copula",2000,-1.5,"0.25(log(n))^2",0.94
226,1000,2,"T_Copula",2000,-1.5,"0.25(log(n))^2",0.41
227,1000,2,"T_Copula",2000,-1.5,"0.25(log(n))^2",0.59
228,1000,2,"T_Copula",2000,-1.5,"0.25(log(n))^2",0.16
229,1000,2,"T_Copula",2000,-1.5,"0.25(log(n))^2",0.6
230,1000,2,"T_Copula",2000,-1.5,"0.25(log(n))^2",0.08
231,1000,2,"T_Copula",2000,-1.5,"0.25(log(n))^2",0.31
232,1000,2,"T_Copula",2000,-1.5,"0.25(log(n))^2",0.36
233,1000,2,"T_Copula",2000,-1.5,"0.25(log(n))^2",0.53
234,1000,2,"T_Copula",2000,-1.5,"0.25(log(n))^2",0.85
235,1000,2,"T_Copula",2000,-1.5,"0.25(log(n))^2",0.17
236,1000,2,"T_Copula",2000,-1.5,"0.25(log(n))^2",0.79
237,1000,2,"T_Copula",2000,-1.5,"0.25(log(n))^2",0.55
238,1000,2,"T_Copula",2000,-1.5,"0.25(log(n))^2",0.13
239,1000,2,"T_Copula",2000,-1.5,"0.25(log(n))^2",0.95
240,1000,2,"T_Copula",2000,-1.5,"0.25(log(n))^2",0.9
241,1000,2,"T_Copula",2000,-1.5,"0.25(log(n))^2",0.17
242,1000,2,"T_Copula",2000,-1.5,"0.25(log(n))^2",0.84
243,1000,2,"T_Copula",2000,-1.5,"0.25(log(n))^2",0.75
244,1000,2,"T_Copula",2000,-1.5,"0.25(log(n))^2",0.24
245,1000,2,"T_Copula",2000,-1.5,"0.25(log(n))^2",0.55
246,1000,2,"T_Copula",2000,-1.5,"0.25(log(n))^2",0.85
247,1000,2,"T_Copula",2000,-1.5,"0.25(log(n))^2",0.04
248,1000,2,"T_Copula",2000,-1.5,"0.25(log(n))^2",0.69
249,1000,2,"T_Copula",2000,-1.5,"0.25(log(n))^2",0.74
250,1000,2,"T_Copula",2000,-1.5,"0.25(log(n))^2",0.31
251,1000,2,"T_Copula",2000,-1.5,"0.25(log(n))^2",0.42
252,1000,2,"T_Copula",2000,-1.5,"0.25(log(n))^2",0.6
253,1000,2,"T_Copula",2000,-1.5,"0.25(log(n))^2",0.96
254,1000,2,"T_Copula",2000,-1.5,"0.25(log(n))^2",0.87
255,1000,2,"T_Copula",2000,-1.5,"0.25(log(n))^2",0.54
256,1000,2,"T_Copula",2000,-1.5,"0.25(log(n))^2",0.2
257,1000,2,"T_Copula",2000,-1.5,"0.25(log(n))^2",0.43
258,1000,2,"T_Copula",2000,-1.5,"0.25(log(n))^2",0.7
259,1000,2,"T_Copula",2000,-1.5,"0.25(log(n))^2",0.48
260,1000,2,"T_Copula",2000,-1.5,"0.25(log(n))^2",0.48
261,1000,2,"T_Copula",2000,-1.5,"0.25(log(n))^2",0.85
262,1000,2,"T_Copula",2000,-1.5,"0.25(log(n))^2",0.56
263,1000,2,"T_Copula",2000,-1.5,"0.25(log(n))^2",0.16
264,1000,2,"T_Copula",2000,-1.5,"0.25(log(n))^2",0.13
265,1000,2,"T_Copula",2000,-1.5,"0.25(log(n))^2",0.5
266,1000,2,"T_Copula",2000,-1.5,"0.25(log(n))^2",0.07
267,1000,2,"T_Copula",2000,-1.5,"0.25(log(n))^2",0.77
268,1000,2,"T_Copula",2000,-1.5,"0.25(log(n))^2",0.52
269,1000,2,"T_Copula",2000,-1.5,"0.25(log(n))^2",0.41
270,1000,2,"T_Copula",2000,-1.5,"0.25(log(n))^2",0.67
271,1000,2,"T_Copula",2000,-1.5,"0.25(log(n))^2",0.26
272,1000,2,"T_Copula",2000,-1.5,"0.25(log(n))^2",0.64
273,1000,2,"T_Copula",2000,-1.5,"0.25(log(n))^2",0.77
274,1000,2,"T_Copula",2000,-1.5,"0.25(log(n))^2",0.77
275,1000,2,"T_Copula",2000,-1.5,"0.25(log(n))^2",0.99
276,1000,2,"T_Copula",2000,-1.5,"0.25(log(n))^2",0.9
277,1000,2,"T_Copula",2000,-1.5,"0.25(log(n))^2",0.53
278,1000,2,"T_Copula",2000,-1.5,"0.25(log(n))^2",0.03
279,1000,2,"T_Copula",2000,-1.5,"0.25(log(n))^2",0.94
280,1000,2,"T_Copula",2000,-1.5,"0.25(log(n))^2",0.86
281,1000,2,"T_Copula",2000,-1.5,"0.25(log(n))^2",0.78
282,1000,2,"T_Copula",2000,-1.5,"0.25(log(n))^2",0.6
283,1000,2,"T_Copula",2000,-1.5,"0.25(log(n))^2",0.24
284,1000,2,"T_Copula",2000,-1.5,"0.25(log(n))^2",0.77
285,1000,2,"T_Copula",2000,-1.5,"0.25(log(n))^2",0.92
286,1000,2,"T_Copula",2000,-1.5,"0.25(log(n))^2",0.78
287,1000,2,"T_Copula",2000,-1.5,"0.25(log(n))^2",0.26
288,1000,2,"T_Copula",2000,-1.5,"0.25(log(n))^2",0.16
289,1000,2,"T_Copula",2000,-1.5,"0.25(log(n))^2",0.72
290,1000,2,"T_Copula",2000,-1.5,"0.25(log(n))^2",0.69
291,1000,2,"T_Copula",2000,-1.5,"0.25(log(n))^2",0.64
292,1000,2,"T_Copula",2000,-1.5,"0.25(log(n))^2",0.41
293,1000,2,"T_Copula",2000,-1.5,"0.25(log(n))^2",0.45
294,1000,2,"T_Copula",2000,-1.5,"0.25(log(n))^2",0.33
295,1000,2,"T_Copula",2000,-1.5,"0.25(log(n))^2",0.92
296,1000,2,"T_Copula",2000,-1.5,"0.25(log(n))^2",0.4
297,1000,2,"T_Copula",2000,-1.5,"0.25(log(n))^2",0.31
298,1000,2,"T_Copula",2000,-1.5,"0.25(log(n))^2",0.79
299,1000,2,"T_Copula",2000,-1.5,"0.25(log(n))^2",0.39
300,1000,2,"T_Copula",2000,-1.5,"0.25(log(n))^2",0.22
301,1000,2,"T_Copula",2000,-1.5,"0.25(log(n))^2",0.51
302,1000,2,"T_Copula",2000,-1.5,"0.25(log(n))^2",0.95
303,1000,2,"T_Copula",2000,-1.5,"0.25(log(n))^2",0.98
304,1000,2,"T_Copula",2000,-1.5,"0.25(log(n))^2",0.29
305,1000,2,"T_Copula",2000,-1.5,"0.25(log(n))^2",0.33
306,1000,2,"T_Copula",2000,-1.5,"0.25(log(n))^2",0.14
307,1000,2,"T_Copula",2000,-1.5,"0.25(log(n))^2",0.51
308,1000,2,"T_Copula",2000,-1.5,"0.25(log(n))^2",0.18
309,1000,2,"T_Copula",2000,-1.5,"0.25(log(n))^2",0.12
310,1000,2,"T_Copula",2000,-1.5,"0.25(log(n))^2",0.82
311,1000,2,"T_Copula",2000,-1.5,"0.25(log(n))^2",0.61
312,1000,2,"T_Copula",2000,-1.5,"0.25(log(n))^2",0.33
313,1000,2,"T_Copula",2000,-1.5,"0.25(log(n))^2",0.6
314,1000,2,"T_Copula",2000,-1.5,"0.25(log(n))^2",0.47
315,1000,2,"T_Copula",2000,-1.5,"0.25(log(n))^2",0.68
316,1000,2,"T_Copula",2000,-1.5,"0.25(log(n))^2",0.63
317,1000,2,"T_Copula",2000,-1.5,"0.25(log(n))^2",0.52
318,1000,2,"T_Copula",2000,-1.5,"0.25(log(n))^2",0.56
319,1000,2,"T_Copula",2000,-1.5,"0.25(log(n))^2",0.43
320,1000,2,"T_Copula",2000,-1.5,"0.25(log(n))^2",0.04
321,1000,2,"T_Copula",2000,-1.5,"0.25(log(n))^2",0.09
322,1000,2,"T_Copula",2000,-1.5,"0.25(log(n))^2",0.4
323,1000,2,"T_Copula",2000,-1.5,"0.25(log(n))^2",0.7
324,1000,2,"T_Copula",2000,-1.5,"0.25(log(n))^2",0.63
325,1000,2,"T_Copula",2000,-1.5,"0.25(log(n))^2",0.81
326,1000,2,"T_Copula",2000,-1.5,"0.25(log(n))^2",0.23
327,1000,2,"T_Copula",2000,-1.5,"0.25(log(n))^2",0.33
328,1000,2,"T_Copula",2000,-1.5,"0.25(log(n))^2",0.15
329,1000,2,"T_Copula",2000,-1.5,"0.25(log(n))^2",0.57
330,1000,2,"T_Copula",2000,-1.5,"0.25(log(n))^2",0.32
331,1000,2,"T_Copula",2000,-1.5,"0.25(log(n))^2",0.46
332,1000,2,"T_Copula",2000,-1.5,"0.25(log(n))^2",0.39
333,1000,2,"T_Copula",2000,-1.5,"0.25(log(n))^2",0.3
334,1000,2,"T_Copula",2000,-1.5,"0.25(log(n))^2",0.57
335,1000,2,"T_Copula",2000,-1.5,"0.25(log(n))^2",0.25
336,1000,2,"T_Copula",2000,-1.5,"0.25(log(n))^2",0.87
337,1000,2,"T_Copula",2000,-1.5,"0.25(log(n))^2",0.98
338,1000,2,"T_Copula",2000,-1.5,"0.25(log(n))^2",0.33
339,1000,2,"T_Copula",2000,-1.5,"0.25(log(n))^2",0.76
340,1000,2,"T_Copula",2000,-1.5,"0.25(log(n))^2",0.22
341,1000,2,"T_Copula",2000,-1.5,"0.25(log(n))^2",0.27
342,1000,2,"T_Copula",2000,-1.5,"0.25(log(n))^2",0.69
343,1000,2,"T_Copula",2000,-1.5,"0.25(log(n))^2",0.49
344,1000,2,"T_Copula",2000,-1.5,"0.25(log(n))^2",0.89
345,1000,2,"T_Copula",2000,-1.5,"0.25(log(n))^2",0.59
346,1000,2,"T_Copula",2000,-1.5,"0.25(log(n))^2",0.78
347,1000,2,"T_Copula",2000,-1.5,"0.25(log(n))^2",0.31
348,1000,2,"T_Copula",2000,-1.5,"0.25(log(n))^2",0.92
349,1000,2,"T_Copula",2000,-1.5,"0.25(log(n))^2",0.55
350,1000,2,"T_Copula",2000,-1.5,"0.25(log(n))^2",0.3
351,1000,2,"T_Copula",2000,-1.5,"0.25(log(n))^2",0.37
352,1000,2,"T_Copula",2000,-1.5,"0.25(log(n))^2",0.88
353,1000,2,"T_Copula",2000,-1.5,"0.25(log(n))^2",0.52
354,1000,2,"T_Copula",2000,-1.5,"0.25(log(n))^2",0.25
355,1000,2,"T_Copula",2000,-1.5,"0.25(log(n))^2",0.9
356,1000,2,"T_Copula",2000,-1.5,"0.25(log(n))^2",0.11
357,1000,2,"T_Copula",2000,-1.5,"0.25(log(n))^2",0.11
358,1000,2,"T_Copula",2000,-1.5,"0.25(log(n))^2",0.34
359,1000,2,"T_Copula",2000,-1.5,"0.25(log(n))^2",0.04
360,1000,2,"T_Copula",2000,-1.5,"0.25(log(n))^2",0.8
361,1000,2,"T_Copula",2000,-1.5,"0.25(log(n))^2",0.58
362,1000,2,"T_Copula",2000,-1.5,"0.25(log(n))^2",0.35
363,1000,2,"T_Copula",2000,-1.5,"0.25(log(n))^2",0.43
364,1000,2,"T_Copula",2000,-1.5,"0.25(log(n))^2",0.54
365,1000,2,"T_Copula",2000,-1.5,"0.25(log(n))^2",0.91
366,1000,2,"T_Copula",2000,-1.5,"0.25(log(n))^2",0.64
367,1000,2,"T_Copula",2000,-1.5,"0.25(log(n))^2",0.5
368,1000,2,"T_Copula",2000,-1.5,"0.25(log(n))^2",0.39
369,1000,2,"T_Copula",2000,-1.5,"0.25(log(n))^2",0.69
370,1000,2,"T_Copula",2000,-1.5,"0.25(log(n))^2",0.48
371,1000,2,"T_Copula",2000,-1.5,"0.25(log(n))^2",0.96
372,1000,2,"T_Copula",2000,-1.5,"0.25(log(n))^2",0.25
373,1000,2,"T_Copula",2000,-1.5,"0.25(log(n))^2",0.31
374,1000,2,"T_Copula",2000,-1.5,"0.25(log(n))^2",0.94
375,1000,2,"T_Copula",2000,-1.5,"0.25(log(n))^2",0.32
376,1000,2,"T_Copula",2000,-1.5,"0.25(log(n))^2",0.58
377,1000,2,"T_Copula",2000,-1.5,"0.25(log(n))^2",0.43
378,1000,2,"T_Copula",2000,-1.5,"0.25(log(n))^2",0.21
379,1000,2,"T_Copula",2000,-1.5,"0.25(log(n))^2",0.97
380,1000,2,"T_Copula",2000,-1.5,"0.25(log(n))^2",0.55
381,1000,2,"T_Copula",2000,-1.5,"0.25(log(n))^2",0.11
382,1000,2,"T_Copula",2000,-1.5,"0.25(log(n))^2",0.69
383,1000,2,"T_Copula",2000,-1.5,"0.25(log(n))^2",0.49
384,1000,2,"T_Copula",2000,-1.5,"0.25(log(n))^2",0
385,1000,2,"T_Copula",2000,-1.5,"0.25(log(n))^2",0.34
386,1000,2,"T_Copula",2000,-1.5,"0.25(log(n))^2",0.44
387,1000,2,"T_Copula",2000,-1.5,"0.25(log(n))^2",0.21
388,1000,2,"T_Copula",2000,-1.5,"0.25(log(n))^2",0.91
389,1000,2,"T_Copula",2000,-1.5,"0.25(log(n))^2",0.42
390,1000,2,"T_Copula",2000,-1.5,"0.25(log(n))^2",0.58
391,1000,2,"T_Copula",2000,-1.5,"0.25(log(n))^2",0.99
392,1000,2,"T_Copula",2000,-1.5,"0.25(log(n))^2",0.89
393,1000,2,"T_Copula",2000,-1.5,"0.25(log(n))^2",0.3
394,1000,2,"T_Copula",2000,-1.5,"0.25(log(n))^2",0.73
395,1000,2,"T_Copula",2000,-1.5,"0.25(log(n))^2",0.29
396,1000,2,"T_Copula",2000,-1.5,"0.25(log(n))^2",0.75
397,1000,2,"T_Copula",2000,-1.5,"0.25(log(n))^2",0.95
398,1000,2,"T_Copula",2000,-1.5,"0.25(log(n))^2",0.03
399,1000,2,"T_Copula",2000,-1.5,"0.25(log(n))^2",0.47
400,1000,2,"T_Copula",2000,-1.5,"0.25(log(n))^2",0.2
401,1000,2,"T_Copula",2000,-1.5,"0.25(log(n))^2",0.93
402,1000,2,"T_Copula",2000,-1.5,"0.25(log(n))^2",0.13
403,1000,2,"T_Copula",2000,-1.5,"0.25(log(n))^2",0.45
404,1000,2,"T_Copula",2000,-1.5,"0.25(log(n))^2",0.74
405,1000,2,"T_Copula",2000,-1.5,"0.25(log(n))^2",0.12
406,1000,2,"T_Copula",2000,-1.5,"0.25(log(n))^2",0.58
407,1000,2,"T_Copula",2000,-1.5,"0.25(log(n))^2",0.4
408,1000,2,"T_Copula",2000,-1.5,"0.25(log(n))^2",0.88
409,1000,2,"T_Copula",2000,-1.5,"0.25(log(n))^2",0.87
410,1000,2,"T_Copula",2000,-1.5,"0.25(log(n))^2",0.61
411,1000,2,"T_Copula",2000,-1.5,"0.25(log(n))^2",0.54
412,1000,2,"T_Copula",2000,-1.5,"0.25(log(n))^2",0.86
413,1000,2,"T_Copula",2000,-1.5,"0.25(log(n))^2",0.34
414,1000,2,"T_Copula",2000,-1.5,"0.25(log(n))^2",0.79
415,1000,2,"T_Copula",2000,-1.5,"0.25(log(n))^2",0.43
416,1000,2,"T_Copula",2000,-1.5,"0.25(log(n))^2",0.67
417,1000,2,"T_Copula",2000,-1.5,"0.25(log(n))^2",0.61
418,1000,2,"T_Copula",2000,-1.5,"0.25(log(n))^2",0.23
419,1000,2,"T_Copula",2000,-1.5,"0.25(log(n))^2",0.98
420,1000,2,"T_Copula",2000,-1.5,"0.25(log(n))^2",0.94
421,1000,2,"T_Copula",2000,-1.5,"0.25(log(n))^2",0.69
422,1000,2,"T_Copula",2000,-1.5,"0.25(log(n))^2",0.29
423,1000,2,"T_Copula",2000,-1.5,"0.25(log(n))^2",0.71
424,1000,2,"T_Copula",2000,-1.5,"0.25(log(n))^2",0.45
425,1000,2,"T_Copula",2000,-1.5,"0.25(log(n))^2",0.31
426,1000,2,"T_Copula",2000,-1.5,"0.25(log(n))^2",0.92
427,1000,2,"T_Copula",2000,-1.5,"0.25(log(n))^2",0.98
428,1000,2,"T_Copula",2000,-1.5,"0.25(log(n))^2",0.89
429,1000,2,"T_Copula",2000,-1.5,"0.25(log(n))^2",0.2
430,1000,2,"T_Copula",2000,-1.5,"0.25(log(n))^2",0.58
431,1000,2,"T_Copula",2000,-1.5,"0.25(log(n))^2",0.99
432,1000,2,"T_Copula",2000,-1.5,"0.25(log(n))^2",0.34
433,1000,2,"T_Copula",2000,-1.5,"0.25(log(n))^2",0.31
434,1000,2,"T_Copula",2000,-1.5,"0.25(log(n))^2",0.52
435,1000,2,"T_Copula",2000,-1.5,"0.25(log(n))^2",0.42
436,1000,2,"T_Copula",2000,-1.5,"0.25(log(n))^2",0.33
437,1000,2,"T_Copula",2000,-1.5,"0.25(log(n))^2",0.69
438,1000,2,"T_Copula",2000,-1.5,"0.25(log(n))^2",0.01
439,1000,2,"T_Copula",2000,-1.5,"0.25(log(n))^2",0.88
440,1000,2,"T_Copula",2000,-1.5,"0.25(log(n))^2",0.46
441,1000,2,"T_Copula",2000,-1.5,"0.25(log(n))^2",0.21
442,1000,2,"T_Copula",2000,-1.5,"0.25(log(n))^2",0.58
443,1000,2,"T_Copula",2000,-1.5,"0.25(log(n))^2",0.73
444,1000,2,"T_Copula",2000,-1.5,"0.25(log(n))^2",0.2
445,1000,2,"T_Copula",2000,-1.5,"0.25(log(n))^2",0.95
446,1000,2,"T_Copula",2000,-1.5,"0.25(log(n))^2",0.24
447,1000,2,"T_Copula",2000,-1.5,"0.25(log(n))^2",0.55
448,1000,2,"T_Copula",2000,-1.5,"0.25(log(n))^2",0.58
449,1000,2,"T_Copula",2000,-1.5,"0.25(log(n))^2",0.66
450,1000,2,"T_Copula",2000,-1.5,"0.25(log(n))^2",0.69
451,1000,2,"T_Copula",2000,-1.5,"0.25(log(n))^2",0.96
452,1000,2,"T_Copula",2000,-1.5,"0.25(log(n))^2",0.39
453,1000,2,"T_Copula",2000,-1.5,"0.25(log(n))^2",0.62
454,1000,2,"T_Copula",2000,-1.5,"0.25(log(n))^2",0.78
455,1000,2,"T_Copula",2000,-1.5,"0.25(log(n))^2",0.77
456,1000,2,"T_Copula",2000,-1.5,"0.25(log(n))^2",0.58
457,1000,2,"T_Copula",2000,-1.5,"0.25(log(n))^2",0.45
458,1000,2,"T_Copula",2000,-1.5,"0.25(log(n))^2",0.41
459,1000,2,"T_Copula",2000,-1.5,"0.25(log(n))^2",0.22
460,1000,2,"T_Copula",2000,-1.5,"0.25(log(n))^2",0.45
461,1000,2,"T_Copula",2000,-1.5,"0.25(log(n))^2",0.27
462,1000,2,"T_Copula",2000,-1.5,"0.25(log(n))^2",0.68
463,1000,2,"T_Copula",2000,-1.5,"0.25(log(n))^2",0.99
464,1000,2,"T_Copula",2000,-1.5,"0.25(log(n))^2",0.21
465,1000,2,"T_Copula",2000,-1.5,"0.25(log(n))^2",0.96
466,1000,2,"T_Copula",2000,-1.5,"0.25(log(n))^2",0.44
467,1000,2,"T_Copula",2000,-1.5,"0.25(log(n))^2",0.03
468,1000,2,"T_Copula",2000,-1.5,"0.25(log(n))^2",0.12
469,1000,2,"T_Copula",2000,-1.5,"0.25(log(n))^2",0.82
470,1000,2,"T_Copula",2000,-1.5,"0.25(log(n))^2",0.81
471,1000,2,"T_Copula",2000,-1.5,"0.25(log(n))^2",0.63
472,1000,2,"T_Copula",2000,-1.5,"0.25(log(n))^2",0.45
473,1000,2,"T_Copula",2000,-1.5,"0.25(log(n))^2",0.76
474,1000,2,"T_Copula",2000,-1.5,"0.25(log(n))^2",0.7
475,1000,2,"T_Copula",2000,-1.5,"0.25(log(n))^2",0.31
476,1000,2,"T_Copula",2000,-1.5,"0.25(log(n))^2",0.53
477,1000,2,"T_Copula",2000,-1.5,"0.25(log(n))^2",0.03
478,1000,2,"T_Copula",2000,-1.5,"0.25(log(n))^2",0.13
479,1000,2,"T_Copula",2000,-1.5,"0.25(log(n))^2",0.47
480,1000,2,"T_Copula",2000,-1.5,"0.25(log(n))^2",0.32
481,1000,2,"T_Copula",2000,-1.5,"0.25(log(n))^2",0.6
482,1000,2,"T_Copula",2000,-1.5,"0.25(log(n))^2",0.27
483,1000,2,"T_Copula",2000,-1.5,"0.25(log(n))^2",0.77
484,1000,2,"T_Copula",2000,-1.5,"0.25(log(n))^2",0.23
485,1000,2,"T_Copula",2000,-1.5,"0.25(log(n))^2",0.8
486,1000,2,"T_Copula",2000,-1.5,"0.25(log(n))^2",0.07
487,1000,2,"T_Copula",2000,-1.5,"0.25(log(n))^2",0.84
488,1000,2,"T_Copula",2000,-1.5,"0.25(log(n))^2",0.24
489,1000,2,"T_Copula",2000,-1.5,"0.25(log(n))^2",0.32
490,1000,2,"T_Copula",2000,-1.5,"0.25(log(n))^2",0.32
491,1000,2,"T_Copula",2000,-1.5,"0.25(log(n))^2",0.61
492,1000,2,"T_Copula",2000,-1.5,"0.25(log(n))^2",0.06
493,1000,2,"T_Copula",2000,-1.5,"0.25(log(n))^2",0.1
494,1000,2,"T_Copula",2000,-1.5,"0.25(log(n))^2",0.12
495,1000,2,"T_Copula",2000,-1.5,"0.25(log(n))^2",0.65
496,1000,2,"T_Copula",2000,-1.5,"0.25(log(n))^2",0.6
497,1000,2,"T_Copula",2000,-1.5,"0.25(log(n))^2",0.2
498,1000,2,"T_Copula",2000,-1.5,"0.25(log(n))^2",0.58
499,1000,2,"T_Copula",2000,-1.5,"0.25(log(n))^2",0.38
500,1000,2,"T_Copula",2000,-1.5,"0.25(log(n))^2",0.26
501,1000,2,"T_Copula",2000,-1.5,"0.25(log(n))^2",0
502,1000,2,"T_Copula",2000,-1.5,"0.25(log(n))^2",0.91
503,1000,2,"T_Copula",2000,-1.5,"0.25(log(n))^2",0.88
504,1000,2,"T_Copula",2000,-1.5,"0.25(log(n))^2",0.5
505,1000,2,"T_Copula",2000,-1.5,"0.25(log(n))^2",0.19
506,1000,2,"T_Copula",2000,-1.5,"0.25(log(n))^2",0
507,1000,2,"T_Copula",2000,-1.5,"0.25(log(n))^2",0.96
508,1000,2,"T_Copula",2000,-1.5,"0.25(log(n))^2",0.1
509,1000,2,"T_Copula",2000,-1.5,"0.25(log(n))^2",0.7
510,1000,2,"T_Copula",2000,-1.5,"0.25(log(n))^2",0.02
511,1000,2,"T_Copula",2000,-1.5,"0.25(log(n))^2",0.5
512,1000,2,"T_Copula",2000,-1.5,"0.25(log(n))^2",0.23
513,1000,2,"T_Copula",2000,-1.5,"0.25(log(n))^2",0.14
514,1000,2,"T_Copula",2000,-1.5,"0.25(log(n))^2",1
515,1000,2,"T_Copula",2000,-1.5,"0.25(log(n))^2",0.79
516,1000,2,"T_Copula",2000,-1.5,"0.25(log(n))^2",0.45
517,1000,2,"T_Copula",2000,-1.5,"0.25(log(n))^2",0.45
518,1000,2,"T_Copula",2000,-1.5,"0.25(log(n))^2",0.49
519,1000,2,"T_Copula",2000,-1.5,"0.25(log(n))^2",0.32
520,1000,2,"T_Copula",2000,-1.5,"0.25(log(n))^2",0.99
521,1000,2,"T_Copula",2000,-1.5,"0.25(log(n))^2",0.52
522,1000,2,"T_Copula",2000,-1.5,"0.25(log(n))^2",0.38
523,1000,2,"T_Copula",2000,-1.5,"0.25(log(n))^2",0.14
524,1000,2,"T_Copula",2000,-1.5,"0.25(log(n))^2",0.67
525,1000,2,"T_Copula",2000,-1.5,"0.25(log(n))^2",0.12
526,1000,2,"T_Copula",2000,-1.5,"0.25(log(n))^2",0.55
527,1000,2,"T_Copula",2000,-1.5,"0.25(log(n))^2",0.05
528,1000,2,"T_Copula",2000,-1.5,"0.25(log(n))^2",0.26
529,1000,2,"T_Copula",2000,-1.5,"0.25(log(n))^2",0.73
530,1000,2,"T_Copula",2000,-1.5,"0.25(log(n))^2",0.78
531,1000,2,"T_Copula",2000,-1.5,"0.25(log(n))^2",0.68
532,1000,2,"T_Copula",2000,-1.5,"0.25(log(n))^2",0.89
533,1000,2,"T_Copula",2000,-1.5,"0.25(log(n))^2",0.69
534,1000,2,"T_Copula",2000,-1.5,"0.25(log(n))^2",0.63
535,1000,2,"T_Copula",2000,-1.5,"0.25(log(n))^2",0.81
536,1000,2,"T_Copula",2000,-1.5,"0.25(log(n))^2",0.16
537,1000,2,"T_Copula",2000,-1.5,"0.25(log(n))^2",0.87
538,1000,2,"T_Copula",2000,-1.5,"0.25(log(n))^2",0.22
539,1000,2,"T_Copula",2000,-1.5,"0.25(log(n))^2",0.67
540,1000,2,"T_Copula",2000,-1.5,"0.25(log(n))^2",0.49
541,1000,2,"T_Copula",2000,-1.5,"0.25(log(n))^2",0.27
542,1000,2,"T_Copula",2000,-1.5,"0.25(log(n))^2",0.78
543,1000,2,"T_Copula",2000,-1.5,"0.25(log(n))^2",0.19
544,1000,2,"T_Copula",2000,-1.5,"0.25(log(n))^2",0.02
545,1000,2,"T_Copula",2000,-1.5,"0.25(log(n))^2",0.53
546,1000,2,"T_Copula",2000,-1.5,"0.25(log(n))^2",0.48
547,1000,2,"T_Copula",2000,-1.5,"0.25(log(n))^2",0.92
548,1000,2,"T_Copula",2000,-1.5,"0.25(log(n))^2",0.64
549,1000,2,"T_Copula",2000,-1.5,"0.25(log(n))^2",0.27
550,1000,2,"T_Copula",2000,-1.5,"0.25(log(n))^2",0.5
551,1000,2,"T_Copula",2000,-1.5,"0.25(log(n))^2",0.41
552,1000,2,"T_Copula",2000,-1.5,"0.25(log(n))^2",0.49
553,1000,2,"T_Copula",2000,-1.5,"0.25(log(n))^2",0.05
554,1000,2,"T_Copula",2000,-1.5,"0.25(log(n))^2",0.23
555,1000,2,"T_Copula",2000,-1.5,"0.25(log(n))^2",0.33
556,1000,2,"T_Copula",2000,-1.5,"0.25(log(n))^2",0.68
557,1000,2,"T_Copula",2000,-1.5,"0.25(log(n))^2",0.9
558,1000,2,"T_Copula",2000,-1.5,"0.25(log(n))^2",0.76
559,1000,2,"T_Copula",2000,-1.5,"0.25(log(n))^2",0.25
560,1000,2,"T_Copula",2000,-1.5,"0.25(log(n))^2",0.92
561,1000,2,"T_Copula",2000,-1.5,"0.25(log(n))^2",0.13
562,1000,2,"T_Copula",2000,-1.5,"0.25(log(n))^2",0.41
563,1000,2,"T_Copula",2000,-1.5,"0.25(log(n))^2",0.55
564,1000,2,"T_Copula",2000,-1.5,"0.25(log(n))^2",0.13
565,1000,2,"T_Copula",2000,-1.5,"0.25(log(n))^2",0.92
566,1000,2,"T_Copula",2000,-1.5,"0.25(log(n))^2",0.89
567,1000,2,"T_Copula",2000,-1.5,"0.25(log(n))^2",0.81
568,1000,2,"T_Copula",2000,-1.5,"0.25(log(n))^2",0.96
569,1000,2,"T_Copula",2000,-1.5,"0.25(log(n))^2",0.58
570,1000,2,"T_Copula",2000,-1.5,"0.25(log(n))^2",0.79
571,1000,2,"T_Copula",2000,-1.5,"0.25(log(n))^2",0.81
572,1000,2,"T_Copula",2000,-1.5,"0.25(log(n))^2",0.25
573,1000,2,"T_Copula",2000,-1.5,"0.25(log(n))^2",0.75
574,1000,2,"T_Copula",2000,-1.5,"0.25(log(n))^2",0.82
575,1000,2,"T_Copula",2000,-1.5,"0.25(log(n))^2",0.46
576,1000,2,"T_Copula",2000,-1.5,"0.25(log(n))^2",0.45
577,1000,2,"T_Copula",2000,-1.5,"0.25(log(n))^2",0.25
578,1000,2,"T_Copula",2000,-1.5,"0.25(log(n))^2",0.75
579,1000,2,"T_Copula",2000,-1.5,"0.25(log(n))^2",0.92
580,1000,2,"T_Copula",2000,-1.5,"0.25(log(n))^2",0.19
581,1000,2,"T_Copula",2000,-1.5,"0.25(log(n))^2",0.68
582,1000,2,"T_Copula",2000,-1.5,"0.25(log(n))^2",0.12
583,1000,2,"T_Copula",2000,-1.5,"0.25(log(n))^2",0.02
584,1000,2,"T_Copula",2000,-1.5,"0.25(log(n))^2",0.37
585,1000,2,"T_Copula",2000,-1.5,"0.25(log(n))^2",0.24
586,1000,2,"T_Copula",2000,-1.5,"0.25(log(n))^2",0.14
587,1000,2,"T_Copula",2000,-1.5,"0.25(log(n))^2",0.53
588,1000,2,"T_Copula",2000,-1.5,"0.25(log(n))^2",0.95
589,1000,2,"T_Copula",2000,-1.5,"0.25(log(n))^2",0.9
590,1000,2,"T_Copula",2000,-1.5,"0.25(log(n))^2",0.64
591,1000,2,"T_Copula",2000,-1.5,"0.25(log(n))^2",0.35
592,1000,2,"T_Copula",2000,-1.5,"0.25(log(n))^2",0.12
593,1000,2,"T_Copula",2000,-1.5,"0.25(log(n))^2",0.92
594,1000,2,"T_Copula",2000,-1.5,"0.25(log(n))^2",0.33
595,1000,2,"T_Copula",2000,-1.5,"0.25(log(n))^2",0.23
596,1000,2,"T_Copula",2000,-1.5,"0.25(log(n))^2",0.06
597,1000,2,"T_Copula",2000,-1.5,"0.25(log(n))^2",0.57
598,1000,2,"T_Copula",2000,-1.5,"0.25(log(n))^2",0.43
599,1000,2,"T_Copula",2000,-1.5,"0.25(log(n))^2",0.59
600,1000,2,"T_Copula",2000,-1.5,"0.25(log(n))^2",0.41
601,1000,2,"T_Copula",2000,-1.5,"0.25(log(n))^2",0.24
602,1000,2,"T_Copula",2000,-1.5,"0.25(log(n))^2",0.17
603,1000,2,"T_Copula",2000,-1.5,"0.25(log(n))^2",0.45
604,1000,2,"T_Copula",2000,-1.5,"0.25(log(n))^2",0.84
605,1000,2,"T_Copula",2000,-1.5,"0.25(log(n))^2",0.58
606,1000,2,"T_Copula",2000,-1.5,"0.25(log(n))^2",0.48
607,1000,2,"T_Copula",2000,-1.5,"0.25(log(n))^2",0.84
608,1000,2,"T_Copula",2000,-1.5,"0.25(log(n))^2",0.45
609,1000,2,"T_Copula",2000,-1.5,"0.25(log(n))^2",0.87
610,1000,2,"T_Copula",2000,-1.5,"0.25(log(n))^2",0.48
611,1000,2,"T_Copula",2000,-1.5,"0.25(log(n))^2",0.78
612,1000,2,"T_Copula",2000,-1.5,"0.25(log(n))^2",0.53
613,1000,2,"T_Copula",2000,-1.5,"0.25(log(n))^2",0.99
614,1000,2,"T_Copula",2000,-1.5,"0.25(log(n))^2",0.77
615,1000,2,"T_Copula",2000,-1.5,"0.25(log(n))^2",0.32
616,1000,2,"T_Copula",2000,-1.5,"0.25(log(n))^2",0.96
617,1000,2,"T_Copula",2000,-1.5,"0.25(log(n))^2",0.19
618,1000,2,"T_Copula",2000,-1.5,"0.25(log(n))^2",0.1
619,1000,2,"T_Copula",2000,-1.5,"0.25(log(n))^2",0.42
620,1000,2,"T_Copula",2000,-1.5,"0.25(log(n))^2",0.22
621,1000,2,"T_Copula",2000,-1.5,"0.25(log(n))^2",0.6
622,1000,2,"T_Copula",2000,-1.5,"0.25(log(n))^2",0.98
623,1000,2,"T_Copula",2000,-1.5,"0.25(log(n))^2",0.83
624,1000,2,"T_Copula",2000,-1.5,"0.25(log(n))^2",0.88
625,1000,2,"T_Copula",2000,-1.5,"0.25(log(n))^2",0.46
626,1000,2,"T_Copula",2000,-1.5,"0.25(log(n))^2",0.97
627,1000,2,"T_Copula",2000,-1.5,"0.25(log(n))^2",0.39
628,1000,2,"T_Copula",2000,-1.5,"0.25(log(n))^2",0.34
629,1000,2,"T_Copula",2000,-1.5,"0.25(log(n))^2",0.51
630,1000,2,"T_Copula",2000,-1.5,"0.25(log(n))^2",0.4
631,1000,2,"T_Copula",2000,-1.5,"0.25(log(n))^2",0.94
632,1000,2,"T_Copula",2000,-1.5,"0.25(log(n))^2",0.04
633,1000,2,"T_Copula",2000,-1.5,"0.25(log(n))^2",0.53
634,1000,2,"T_Copula",2000,-1.5,"0.25(log(n))^2",0.83
635,1000,2,"T_Copula",2000,-1.5,"0.25(log(n))^2",0.46
636,1000,2,"T_Copula",2000,-1.5,"0.25(log(n))^2",0.66
637,1000,2,"T_Copula",2000,-1.5,"0.25(log(n))^2",0.54
638,1000,2,"T_Copula",2000,-1.5,"0.25(log(n))^2",0.53
639,1000,2,"T_Copula",2000,-1.5,"0.25(log(n))^2",0.23
640,1000,2,"T_Copula",2000,-1.5,"0.25(log(n))^2",0.91
641,1000,2,"T_Copula",2000,-1.5,"0.25(log(n))^2",0.41
642,1000,2,"T_Copula",2000,-1.5,"0.25(log(n))^2",0.23
643,1000,2,"T_Copula",2000,-1.5,"0.25(log(n))^2",0.6
644,1000,2,"T_Copula",2000,-1.5,"0.25(log(n))^2",0.36
645,1000,2,"T_Copula",2000,-1.5,"0.25(log(n))^2",0.83
646,1000,2,"T_Copula",2000,-1.5,"0.25(log(n))^2",0.49
647,1000,2,"T_Copula",2000,-1.5,"0.25(log(n))^2",0.98
648,1000,2,"T_Copula",2000,-1.5,"0.25(log(n))^2",0.3
649,1000,2,"T_Copula",2000,-1.5,"0.25(log(n))^2",0.82
650,1000,2,"T_Copula",2000,-1.5,"0.25(log(n))^2",0.76
651,1000,2,"T_Copula",2000,-1.5,"0.25(log(n))^2",0.31
652,1000,2,"T_Copula",2000,-1.5,"0.25(log(n))^2",0.28
653,1000,2,"T_Copula",2000,-1.5,"0.25(log(n))^2",0.09
654,1000,2,"T_Copula",2000,-1.5,"0.25(log(n))^2",0.02
655,1000,2,"T_Copula",2000,-1.5,"0.25(log(n))^2",0.22
656,1000,2,"T_Copula",2000,-1.5,"0.25(log(n))^2",0.79
657,1000,2,"T_Copula",2000,-1.5,"0.25(log(n))^2",0.21
658,1000,2,"T_Copula",2000,-1.5,"0.25(log(n))^2",0.45
659,1000,2,"T_Copula",2000,-1.5,"0.25(log(n))^2",0.09
660,1000,2,"T_Copula",2000,-1.5,"0.25(log(n))^2",0.66
661,1000,2,"T_Copula",2000,-1.5,"0.25(log(n))^2",0.28
662,1000,2,"T_Copula",2000,-1.5,"0.25(log(n))^2",0.53
663,1000,2,"T_Copula",2000,-1.5,"0.25(log(n))^2",0.85
664,1000,2,"T_Copula",2000,-1.5,"0.25(log(n))^2",0.51
665,1000,2,"T_Copula",2000,-1.5,"0.25(log(n))^2",0.2
666,1000,2,"T_Copula",2000,-1.5,"0.25(log(n))^2",0.3
667,1000,2,"T_Copula",2000,-1.5,"0.25(log(n))^2",0.87
668,1000,2,"T_Copula",2000,-1.5,"0.25(log(n))^2",0.34
669,1000,2,"T_Copula",2000,-1.5,"0.25(log(n))^2",0.49
670,1000,2,"T_Copula",2000,-1.5,"0.25(log(n))^2",0.29
671,1000,2,"T_Copula",2000,-1.5,"0.25(log(n))^2",0.84
672,1000,2,"T_Copula",2000,-1.5,"0.25(log(n))^2",0.38
673,1000,2,"T_Copula",2000,-1.5,"0.25(log(n))^2",0.56
674,1000,2,"T_Copula",2000,-1.5,"0.25(log(n))^2",0.4
675,1000,2,"T_Copula",2000,-1.5,"0.25(log(n))^2",0.99
676,1000,2,"T_Copula",2000,-1.5,"0.25(log(n))^2",0.24
677,1000,2,"T_Copula",2000,-1.5,"0.25(log(n))^2",0.02
678,1000,2,"T_Copula",2000,-1.5,"0.25(log(n))^2",0.53
679,1000,2,"T_Copula",2000,-1.5,"0.25(log(n))^2",0.89
680,1000,2,"T_Copula",2000,-1.5,"0.25(log(n))^2",0.53
681,1000,2,"T_Copula",2000,-1.5,"0.25(log(n))^2",0.29
682,1000,2,"T_Copula",2000,-1.5,"0.25(log(n))^2",0.17
683,1000,2,"T_Copula",2000,-1.5,"0.25(log(n))^2",0.79
684,1000,2,"T_Copula",2000,-1.5,"0.25(log(n))^2",0.53
685,1000,2,"T_Copula",2000,-1.5,"0.25(log(n))^2",0.7
686,1000,2,"T_Copula",2000,-1.5,"0.25(log(n))^2",0.92
687,1000,2,"T_Copula",2000,-1.5,"0.25(log(n))^2",0.9
688,1000,2,"T_Copula",2000,-1.5,"0.25(log(n))^2",0.91
689,1000,2,"T_Copula",2000,-1.5,"0.25(log(n))^2",0.09
690,1000,2,"T_Copula",2000,-1.5,"0.25(log(n))^2",0.3
691,1000,2,"T_Copula",2000,-1.5,"0.25(log(n))^2",0.67
692,1000,2,"T_Copula",2000,-1.5,"0.25(log(n))^2",0.61
693,1000,2,"T_Copula",2000,-1.5,"0.25(log(n))^2",0.17
694,1000,2,"T_Copula",2000,-1.5,"0.25(log(n))^2",0.33
695,1000,2,"T_Copula",2000,-1.5,"0.25(log(n))^2",0.31
696,1000,2,"T_Copula",2000,-1.5,"0.25(log(n))^2",0.39
697,1000,2,"T_Copula",2000,-1.5,"0.25(log(n))^2",0.72
698,1000,2,"T_Copula",2000,-1.5,"0.25(log(n))^2",0.15
699,1000,2,"T_Copula",2000,-1.5,"0.25(log(n))^2",0.49
700,1000,2,"T_Copula",2000,-1.5,"0.25(log(n))^2",0.75
701,1000,2,"T_Copula",2000,-1.5,"0.25(log(n))^2",0.84
702,1000,2,"T_Copula",2000,-1.5,"0.25(log(n))^2",0.93
703,1000,2,"T_Copula",2000,-1.5,"0.25(log(n))^2",0.6
704,1000,2,"T_Copula",2000,-1.5,"0.25(log(n))^2",0.31
705,1000,2,"T_Copula",2000,-1.5,"0.25(log(n))^2",0.59
706,1000,2,"T_Copula",2000,-1.5,"0.25(log(n))^2",0.3
707,1000,2,"T_Copula",2000,-1.5,"0.25(log(n))^2",0.37
708,1000,2,"T_Copula",2000,-1.5,"0.25(log(n))^2",0.8
709,1000,2,"T_Copula",2000,-1.5,"0.25(log(n))^2",0.99
710,1000,2,"T_Copula",2000,-1.5,"0.25(log(n))^2",0.93
711,1000,2,"T_Copula",2000,-1.5,"0.25(log(n))^2",0.63
712,1000,2,"T_Copula",2000,-1.5,"0.25(log(n))^2",0.57
713,1000,2,"T_Copula",2000,-1.5,"0.25(log(n))^2",0.68
714,1000,2,"T_Copula",2000,-1.5,"0.25(log(n))^2",0.28
715,1000,2,"T_Copula",2000,-1.5,"0.25(log(n))^2",0.41
716,1000,2,"T_Copula",2000,-1.5,"0.25(log(n))^2",0.35
717,1000,2,"T_Copula",2000,-1.5,"0.25(log(n))^2",0.93
718,1000,2,"T_Copula",2000,-1.5,"0.25(log(n))^2",0.7
719,1000,2,"T_Copula",2000,-1.5,"0.25(log(n))^2",0.61
720,1000,2,"T_Copula",2000,-1.5,"0.25(log(n))^2",0.29
721,1000,2,"T_Copula",2000,-1.5,"0.25(log(n))^2",0.15
722,1000,2,"T_Copula",2000,-1.5,"0.25(log(n))^2",0
723,1000,2,"T_Copula",2000,-1.5,"0.25(log(n))^2",0.58
724,1000,2,"T_Copula",2000,-1.5,"0.25(log(n))^2",0.64
725,1000,2,"T_Copula",2000,-1.5,"0.25(log(n))^2",0.53
726,1000,2,"T_Copula",2000,-1.5,"0.25(log(n))^2",0.96
727,1000,2,"T_Copula",2000,-1.5,"0.25(log(n))^2",0.57
728,1000,2,"T_Copula",2000,-1.5,"0.25(log(n))^2",0.65
729,1000,2,"T_Copula",2000,-1.5,"0.25(log(n))^2",0.16
730,1000,2,"T_Copula",2000,-1.5,"0.25(log(n))^2",0.68
731,1000,2,"T_Copula",2000,-1.5,"0.25(log(n))^2",0.71
732,1000,2,"T_Copula",2000,-1.5,"0.25(log(n))^2",0.79
733,1000,2,"T_Copula",2000,-1.5,"0.25(log(n))^2",0.28
734,1000,2,"T_Copula",2000,-1.5,"0.25(log(n))^2",0.35
735,1000,2,"T_Copula",2000,-1.5,"0.25(log(n))^2",0.43
736,1000,2,"T_Copula",2000,-1.5,"0.25(log(n))^2",0.91
737,1000,2,"T_Copula",2000,-1.5,"0.25(log(n))^2",0.14
738,1000,2,"T_Copula",2000,-1.5,"0.25(log(n))^2",0.77
739,1000,2,"T_Copula",2000,-1.5,"0.25(log(n))^2",0.14
740,1000,2,"T_Copula",2000,-1.5,"0.25(log(n))^2",0.79
741,1000,2,"T_Copula",2000,-1.5,"0.25(log(n))^2",0.23
742,1000,2,"T_Copula",2000,-1.5,"0.25(log(n))^2",0.93
743,1000,2,"T_Copula",2000,-1.5,"0.25(log(n))^2",0.97
744,1000,2,"T_Copula",2000,-1.5,"0.25(log(n))^2",0.59
745,1000,2,"T_Copula",2000,-1.5,"0.25(log(n))^2",0.46
746,1000,2,"T_Copula",2000,-1.5,"0.25(log(n))^2",0.51
747,1000,2,"T_Copula",2000,-1.5,"0.25(log(n))^2",0.54
748,1000,2,"T_Copula",2000,-1.5,"0.25(log(n))^2",0.12
749,1000,2,"T_Copula",2000,-1.5,"0.25(log(n))^2",0.06
750,1000,2,"T_Copula",2000,-1.5,"0.25(log(n))^2",0.89
751,1000,2,"T_Copula",2000,-1.5,"0.25(log(n))^2",0.75
752,1000,2,"T_Copula",2000,-1.5,"0.25(log(n))^2",0.66
753,1000,2,"T_Copula",2000,-1.5,"0.25(log(n))^2",0.12
754,1000,2,"T_Copula",2000,-1.5,"0.25(log(n))^2",0.89
755,1000,2,"T_Copula",2000,-1.5,"0.25(log(n))^2",0.42
756,1000,2,"T_Copula",2000,-1.5,"0.25(log(n))^2",0.48
757,1000,2,"T_Copula",2000,-1.5,"0.25(log(n))^2",0.09
758,1000,2,"T_Copula",2000,-1.5,"0.25(log(n))^2",0.68
759,1000,2,"T_Copula",2000,-1.5,"0.25(log(n))^2",0.36
760,1000,2,"T_Copula",2000,-1.5,"0.25(log(n))^2",0.49
761,1000,2,"T_Copula",2000,-1.5,"0.25(log(n))^2",0.99
762,1000,2,"T_Copula",2000,-1.5,"0.25(log(n))^2",0.52
763,1000,2,"T_Copula",2000,-1.5,"0.25(log(n))^2",0.86
764,1000,2,"T_Copula",2000,-1.5,"0.25(log(n))^2",0.46
765,1000,2,"T_Copula",2000,-1.5,"0.25(log(n))^2",0.62
766,1000,2,"T_Copula",2000,-1.5,"0.25(log(n))^2",0.83
767,1000,2,"T_Copula",2000,-1.5,"0.25(log(n))^2",0.67
768,1000,2,"T_Copula",2000,-1.5,"0.25(log(n))^2",0.35
769,1000,2,"T_Copula",2000,-1.5,"0.25(log(n))^2",0.15
770,1000,2,"T_Copula",2000,-1.5,"0.25(log(n))^2",0.88
771,1000,2,"T_Copula",2000,-1.5,"0.25(log(n))^2",0.45
772,1000,2,"T_Copula",2000,-1.5,"0.25(log(n))^2",0.39
773,1000,2,"T_Copula",2000,-1.5,"0.25(log(n))^2",0.08
774,1000,2,"T_Copula",2000,-1.5,"0.25(log(n))^2",0.63
775,1000,2,"T_Copula",2000,-1.5,"0.25(log(n))^2",0.7
776,1000,2,"T_Copula",2000,-1.5,"0.25(log(n))^2",0.66
777,1000,2,"T_Copula",2000,-1.5,"0.25(log(n))^2",0.74
778,1000,2,"T_Copula",2000,-1.5,"0.25(log(n))^2",0.48
779,1000,2,"T_Copula",2000,-1.5,"0.25(log(n))^2",0.24
780,1000,2,"T_Copula",2000,-1.5,"0.25(log(n))^2",0.95
781,1000,2,"T_Copula",2000,-1.5,"0.25(log(n))^2",0.86
782,1000,2,"T_Copula",2000,-1.5,"0.25(log(n))^2",0.14
783,1000,2,"T_Copula",2000,-1.5,"0.25(log(n))^2",0.14
784,1000,2,"T_Copula",2000,-1.5,"0.25(log(n))^2",0.64
785,1000,2,"T_Copula",2000,-1.5,"0.25(log(n))^2",0.75
786,1000,2,"T_Copula",2000,-1.5,"0.25(log(n))^2",0.42
787,1000,2,"T_Copula",2000,-1.5,"0.25(log(n))^2",0.47
788,1000,2,"T_Copula",2000,-1.5,"0.25(log(n))^2",0.85
789,1000,2,"T_Copula",2000,-1.5,"0.25(log(n))^2",0.82
790,1000,2,"T_Copula",2000,-1.5,"0.25(log(n))^2",0.07
791,1000,2,"T_Copula",2000,-1.5,"0.25(log(n))^2",0.9
792,1000,2,"T_Copula",2000,-1.5,"0.25(log(n))^2",0.3
793,1000,2,"T_Copula",2000,-1.5,"0.25(log(n))^2",0.41
794,1000,2,"T_Copula",2000,-1.5,"0.25(log(n))^2",0.28
795,1000,2,"T_Copula",2000,-1.5,"0.25(log(n))^2",0.29
796,1000,2,"T_Copula",2000,-1.5,"0.25(log(n))^2",0.35
797,1000,2,"T_Copula",2000,-1.5,"0.25(log(n))^2",0.45
798,1000,2,"T_Copula",2000,-1.5,"0.25(log(n))^2",0.63
799,1000,2,"T_Copula",2000,-1.5,"0.25(log(n))^2",0.63
800,1000,2,"T_Copula",2000,-1.5,"0.25(log(n))^2",0.37
801,1000,2,"T_Copula",2000,-1.5,"0.25(log(n))^2",0.16
802,1000,2,"T_Copula",2000,-1.5,"0.25(log(n))^2",0.72
803,1000,2,"T_Copula",2000,-1.5,"0.25(log(n))^2",0.12
804,1000,2,"T_Copula",2000,-1.5,"0.25(log(n))^2",0.65
805,1000,2,"T_Copula",2000,-1.5,"0.25(log(n))^2",0.1
806,1000,2,"T_Copula",2000,-1.5,"0.25(log(n))^2",0.79
807,1000,2,"T_Copula",2000,-1.5,"0.25(log(n))^2",0.49
808,1000,2,"T_Copula",2000,-1.5,"0.25(log(n))^2",0.61
809,1000,2,"T_Copula",2000,-1.5,"0.25(log(n))^2",0.2
810,1000,2,"T_Copula",2000,-1.5,"0.25(log(n))^2",0.81
811,1000,2,"T_Copula",2000,-1.5,"0.25(log(n))^2",1
812,1000,2,"T_Copula",2000,-1.5,"0.25(log(n))^2",0.62
813,1000,2,"T_Copula",2000,-1.5,"0.25(log(n))^2",0.27
814,1000,2,"T_Copula",2000,-1.5,"0.25(log(n))^2",0.62
815,1000,2,"T_Copula",2000,-1.5,"0.25(log(n))^2",0.62
816,1000,2,"T_Copula",2000,-1.5,"0.25(log(n))^2",0.81
817,1000,2,"T_Copula",2000,-1.5,"0.25(log(n))^2",0.9
818,1000,2,"T_Copula",2000,-1.5,"0.25(log(n))^2",0.28
819,1000,2,"T_Copula",2000,-1.5,"0.25(log(n))^2",0.57
820,1000,2,"T_Copula",2000,-1.5,"0.25(log(n))^2",0.18
821,1000,2,"T_Copula",2000,-1.5,"0.25(log(n))^2",0.71
822,1000,2,"T_Copula",2000,-1.5,"0.25(log(n))^2",0.27
823,1000,2,"T_Copula",2000,-1.5,"0.25(log(n))^2",0.82
824,1000,2,"T_Copula",2000,-1.5,"0.25(log(n))^2",0.14
825,1000,2,"T_Copula",2000,-1.5,"0.25(log(n))^2",0.89
826,1000,2,"T_Copula",2000,-1.5,"0.25(log(n))^2",0.16
827,1000,2,"T_Copula",2000,-1.5,"0.25(log(n))^2",0.47
828,1000,2,"T_Copula",2000,-1.5,"0.25(log(n))^2",0.51
829,1000,2,"T_Copula",2000,-1.5,"0.25(log(n))^2",0.68
830,1000,2,"T_Copula",2000,-1.5,"0.25(log(n))^2",0.59
831,1000,2,"T_Copula",2000,-1.5,"0.25(log(n))^2",0.12
832,1000,2,"T_Copula",2000,-1.5,"0.25(log(n))^2",0.42
833,1000,2,"T_Copula",2000,-1.5,"0.25(log(n))^2",0.32
834,1000,2,"T_Copula",2000,-1.5,"0.25(log(n))^2",0.68
835,1000,2,"T_Copula",2000,-1.5,"0.25(log(n))^2",0.56
836,1000,2,"T_Copula",2000,-1.5,"0.25(log(n))^2",0.07
837,1000,2,"T_Copula",2000,-1.5,"0.25(log(n))^2",0.88
838,1000,2,"T_Copula",2000,-1.5,"0.25(log(n))^2",0.9
839,1000,2,"T_Copula",2000,-1.5,"0.25(log(n))^2",0.25
840,1000,2,"T_Copula",2000,-1.5,"0.25(log(n))^2",0.41
841,1000,2,"T_Copula",2000,-1.5,"0.25(log(n))^2",0.43
842,1000,2,"T_Copula",2000,-1.5,"0.25(log(n))^2",0.74
843,1000,2,"T_Copula",2000,-1.5,"0.25(log(n))^2",0.65
844,1000,2,"T_Copula",2000,-1.5,"0.25(log(n))^2",0.82
845,1000,2,"T_Copula",2000,-1.5,"0.25(log(n))^2",0.8
846,1000,2,"T_Copula",2000,-1.5,"0.25(log(n))^2",0.66
847,1000,2,"T_Copula",2000,-1.5,"0.25(log(n))^2",0.65
848,1000,2,"T_Copula",2000,-1.5,"0.25(log(n))^2",0.28
849,1000,2,"T_Copula",2000,-1.5,"0.25(log(n))^2",0.64
850,1000,2,"T_Copula",2000,-1.5,"0.25(log(n))^2",0.68
851,1000,2,"T_Copula",2000,-1.5,"0.25(log(n))^2",0.69
852,1000,2,"T_Copula",2000,-1.5,"0.25(log(n))^2",0.85
853,1000,2,"T_Copula",2000,-1.5,"0.25(log(n))^2",0.13
854,1000,2,"T_Copula",2000,-1.5,"0.25(log(n))^2",0.69
855,1000,2,"T_Copula",2000,-1.5,"0.25(log(n))^2",0.33
856,1000,2,"T_Copula",2000,-1.5,"0.25(log(n))^2",0.67
857,1000,2,"T_Copula",2000,-1.5,"0.25(log(n))^2",0.41
858,1000,2,"T_Copula",2000,-1.5,"0.25(log(n))^2",0.78
859,1000,2,"T_Copula",2000,-1.5,"0.25(log(n))^2",0.22
860,1000,2,"T_Copula",2000,-1.5,"0.25(log(n))^2",0.73
861,1000,2,"T_Copula",2000,-1.5,"0.25(log(n))^2",0.18
862,1000,2,"T_Copula",2000,-1.5,"0.25(log(n))^2",0.96
863,1000,2,"T_Copula",2000,-1.5,"0.25(log(n))^2",0.61
864,1000,2,"T_Copula",2000,-1.5,"0.25(log(n))^2",0.72
865,1000,2,"T_Copula",2000,-1.5,"0.25(log(n))^2",0.34
866,1000,2,"T_Copula",2000,-1.5,"0.25(log(n))^2",0.8
867,1000,2,"T_Copula",2000,-1.5,"0.25(log(n))^2",0.32
868,1000,2,"T_Copula",2000,-1.5,"0.25(log(n))^2",0.6
869,1000,2,"T_Copula",2000,-1.5,"0.25(log(n))^2",0.76
870,1000,2,"T_Copula",2000,-1.5,"0.25(log(n))^2",0.58
871,1000,2,"T_Copula",2000,-1.5,"0.25(log(n))^2",0.65
872,1000,2,"T_Copula",2000,-1.5,"0.25(log(n))^2",0.63
873,1000,2,"T_Copula",2000,-1.5,"0.25(log(n))^2",0.01
874,1000,2,"T_Copula",2000,-1.5,"0.25(log(n))^2",0.43
875,1000,2,"T_Copula",2000,-1.5,"0.25(log(n))^2",0.44
876,1000,2,"T_Copula",2000,-1.5,"0.25(log(n))^2",0.43
877,1000,2,"T_Copula",2000,-1.5,"0.25(log(n))^2",0.29
878,1000,2,"T_Copula",2000,-1.5,"0.25(log(n))^2",0.3
879,1000,2,"T_Copula",2000,-1.5,"0.25(log(n))^2",0.81
880,1000,2,"T_Copula",2000,-1.5,"0.25(log(n))^2",0.1
881,1000,2,"T_Copula",2000,-1.5,"0.25(log(n))^2",0.69
882,1000,2,"T_Copula",2000,-1.5,"0.25(log(n))^2",0.87
883,1000,2,"T_Copula",2000,-1.5,"0.25(log(n))^2",0.22
884,1000,2,"T_Copula",2000,-1.5,"0.25(log(n))^2",0.27
885,1000,2,"T_Copula",2000,-1.5,"0.25(log(n))^2",0.67
886,1000,2,"T_Copula",2000,-1.5,"0.25(log(n))^2",0.67
887,1000,2,"T_Copula",2000,-1.5,"0.25(log(n))^2",0.41
888,1000,2,"T_Copula",2000,-1.5,"0.25(log(n))^2",0.39
889,1000,2,"T_Copula",2000,-1.5,"0.25(log(n))^2",0.45
890,1000,2,"T_Copula",2000,-1.5,"0.25(log(n))^2",0.52
891,1000,2,"T_Copula",2000,-1.5,"0.25(log(n))^2",0.79
892,1000,2,"T_Copula",2000,-1.5,"0.25(log(n))^2",0.63
893,1000,2,"T_Copula",2000,-1.5,"0.25(log(n))^2",0.82
894,1000,2,"T_Copula",2000,-1.5,"0.25(log(n))^2",0.19
895,1000,2,"T_Copula",2000,-1.5,"0.25(log(n))^2",0.07
896,1000,2,"T_Copula",2000,-1.5,"0.25(log(n))^2",0.08
897,1000,2,"T_Copula",2000,-1.5,"0.25(log(n))^2",0.03
898,1000,2,"T_Copula",2000,-1.5,"0.25(log(n))^2",0.51
899,1000,2,"T_Copula",2000,-1.5,"0.25(log(n))^2",0.14
900,1000,2,"T_Copula",2000,-1.5,"0.25(log(n))^2",0.19
901,1000,2,"T_Copula",2000,-1.5,"0.25(log(n))^2",0.1
902,1000,2,"T_Copula",2000,-1.5,"0.25(log(n))^2",0.74
903,1000,2,"T_Copula",2000,-1.5,"0.25(log(n))^2",0.9
904,1000,2,"T_Copula",2000,-1.5,"0.25(log(n))^2",0.57
905,1000,2,"T_Copula",2000,-1.5,"0.25(log(n))^2",0.59
906,1000,2,"T_Copula",2000,-1.5,"0.25(log(n))^2",0.42
907,1000,2,"T_Copula",2000,-1.5,"0.25(log(n))^2",0.34
908,1000,2,"T_Copula",2000,-1.5,"0.25(log(n))^2",0.29
909,1000,2,"T_Copula",2000,-1.5,"0.25(log(n))^2",0.1
910,1000,2,"T_Copula",2000,-1.5,"0.25(log(n))^2",0.18
911,1000,2,"T_Copula",2000,-1.5,"0.25(log(n))^2",0.55
912,1000,2,"T_Copula",2000,-1.5,"0.25(log(n))^2",0.18
913,1000,2,"T_Copula",2000,-1.5,"0.25(log(n))^2",0.54
914,1000,2,"T_Copula",2000,-1.5,"0.25(log(n))^2",0.51
915,1000,2,"T_Copula",2000,-1.5,"0.25(log(n))^2",0.05
916,1000,2,"T_Copula",2000,-1.5,"0.25(log(n))^2",0.39
917,1000,2,"T_Copula",2000,-1.5,"0.25(log(n))^2",0.49
918,1000,2,"T_Copula",2000,-1.5,"0.25(log(n))^2",0.38
919,1000,2,"T_Copula",2000,-1.5,"0.25(log(n))^2",0.42
920,1000,2,"T_Copula",2000,-1.5,"0.25(log(n))^2",0.09
921,1000,2,"T_Copula",2000,-1.5,"0.25(log(n))^2",0.88
922,1000,2,"T_Copula",2000,-1.5,"0.25(log(n))^2",0.97
923,1000,2,"T_Copula",2000,-1.5,"0.25(log(n))^2",0.98
924,1000,2,"T_Copula",2000,-1.5,"0.25(log(n))^2",0.52
925,1000,2,"T_Copula",2000,-1.5,"0.25(log(n))^2",0.29
926,1000,2,"T_Copula",2000,-1.5,"0.25(log(n))^2",0.66
927,1000,2,"T_Copula",2000,-1.5,"0.25(log(n))^2",0.78
928,1000,2,"T_Copula",2000,-1.5,"0.25(log(n))^2",0.39
929,1000,2,"T_Copula",2000,-1.5,"0.25(log(n))^2",0.1
930,1000,2,"T_Copula",2000,-1.5,"0.25(log(n))^2",0.66
931,1000,2,"T_Copula",2000,-1.5,"0.25(log(n))^2",0.11
932,1000,2,"T_Copula",2000,-1.5,"0.25(log(n))^2",0.72
933,1000,2,"T_Copula",2000,-1.5,"0.25(log(n))^2",0.51
934,1000,2,"T_Copula",2000,-1.5,"0.25(log(n))^2",0.43
935,1000,2,"T_Copula",2000,-1.5,"0.25(log(n))^2",0.9
936,1000,2,"T_Copula",2000,-1.5,"0.25(log(n))^2",0.7
937,1000,2,"T_Copula",2000,-1.5,"0.25(log(n))^2",0.13
938,1000,2,"T_Copula",2000,-1.5,"0.25(log(n))^2",0.01
939,1000,2,"T_Copula",2000,-1.5,"0.25(log(n))^2",0.49
940,1000,2,"T_Copula",2000,-1.5,"0.25(log(n))^2",0.76
941,1000,2,"T_Copula",2000,-1.5,"0.25(log(n))^2",0.46
942,1000,2,"T_Copula",2000,-1.5,"0.25(log(n))^2",0.84
943,1000,2,"T_Copula",2000,-1.5,"0.25(log(n))^2",0.85
944,1000,2,"T_Copula",2000,-1.5,"0.25(log(n))^2",0.32
945,1000,2,"T_Copula",2000,-1.5,"0.25(log(n))^2",0.91
946,1000,2,"T_Copula",2000,-1.5,"0.25(log(n))^2",0.63
947,1000,2,"T_Copula",2000,-1.5,"0.25(log(n))^2",0.48
948,1000,2,"T_Copula",2000,-1.5,"0.25(log(n))^2",0.69
949,1000,2,"T_Copula",2000,-1.5,"0.25(log(n))^2",0.14
950,1000,2,"T_Copula",2000,-1.5,"0.25(log(n))^2",0.44
951,1000,2,"T_Copula",2000,-1.5,"0.25(log(n))^2",0.86
952,1000,2,"T_Copula",2000,-1.5,"0.25(log(n))^2",0.86
953,1000,2,"T_Copula",2000,-1.5,"0.25(log(n))^2",0.32
954,1000,2,"T_Copula",2000,-1.5,"0.25(log(n))^2",0.9
955,1000,2,"T_Copula",2000,-1.5,"0.25(log(n))^2",0.28
956,1000,2,"T_Copula",2000,-1.5,"0.25(log(n))^2",0.61
957,1000,2,"T_Copula",2000,-1.5,"0.25(log(n))^2",0.94
958,1000,2,"T_Copula",2000,-1.5,"0.25(log(n))^2",0.56
959,1000,2,"T_Copula",2000,-1.5,"0.25(log(n))^2",0.73
960,1000,2,"T_Copula",2000,-1.5,"0.25(log(n))^2",0.41
961,1000,2,"T_Copula",2000,-1.5,"0.25(log(n))^2",0.9
962,1000,2,"T_Copula",2000,-1.5,"0.25(log(n))^2",0.64
963,1000,2,"T_Copula",2000,-1.5,"0.25(log(n))^2",0.49
964,1000,2,"T_Copula",2000,-1.5,"0.25(log(n))^2",0.23
965,1000,2,"T_Copula",2000,-1.5,"0.25(log(n))^2",0.73
966,1000,2,"T_Copula",2000,-1.5,"0.25(log(n))^2",0.64
967,1000,2,"T_Copula",2000,-1.5,"0.25(log(n))^2",0.18
968,1000,2,"T_Copula",2000,-1.5,"0.25(log(n))^2",0.34
969,1000,2,"T_Copula",2000,-1.5,"0.25(log(n))^2",0.38
970,1000,2,"T_Copula",2000,-1.5,"0.25(log(n))^2",0.68
971,1000,2,"T_Copula",2000,-1.5,"0.25(log(n))^2",0.07
972,1000,2,"T_Copula",2000,-1.5,"0.25(log(n))^2",0.31
973,1000,2,"T_Copula",2000,-1.5,"0.25(log(n))^2",0.57
974,1000,2,"T_Copula",2000,-1.5,"0.25(log(n))^2",0.53
975,1000,2,"T_Copula",2000,-1.5,"0.25(log(n))^2",0.24
976,1000,2,"T_Copula",2000,-1.5,"0.25(log(n))^2",0.54
977,1000,2,"T_Copula",2000,-1.5,"0.25(log(n))^2",0.95
978,1000,2,"T_Copula",2000,-1.5,"0.25(log(n))^2",0.86
979,1000,2,"T_Copula",2000,-1.5,"0.25(log(n))^2",0.57
980,1000,2,"T_Copula",2000,-1.5,"0.25(log(n))^2",0.92
981,1000,2,"T_Copula",2000,-1.5,"0.25(log(n))^2",0.98
982,1000,2,"T_Copula",2000,-1.5,"0.25(log(n))^2",0.18
983,1000,2,"T_Copula",2000,-1.5,"0.25(log(n))^2",0.8
984,1000,2,"T_Copula",2000,-1.5,"0.25(log(n))^2",0.92
985,1000,2,"T_Copula",2000,-1.5,"0.25(log(n))^2",0.38
986,1000,2,"T_Copula",2000,-1.5,"0.25(log(n))^2",0.61
987,1000,2,"T_Copula",2000,-1.5,"0.25(log(n))^2",0.82
988,1000,2,"T_Copula",2000,-1.5,"0.25(log(n))^2",0.12
989,1000,2,"T_Copula",2000,-1.5,"0.25(log(n))^2",0.89
990,1000,2,"T_Copula",2000,-1.5,"0.25(log(n))^2",0.19
991,1000,2,"T_Copula",2000,-1.5,"0.25(log(n))^2",0.67
992,1000,2,"T_Copula",2000,-1.5,"0.25(log(n))^2",0.92
993,1000,2,"T_Copula",2000,-1.5,"0.25(log(n))^2",0.43
994,1000,2,"T_Copula",2000,-1.5,"0.25(log(n))^2",0.92
995,1000,2,"T_Copula",2000,-1.5,"0.25(log(n))^2",0.39
996,1000,2,"T_Copula",2000,-1.5,"0.25(log(n))^2",0.23
997,1000,2,"T_Copula",2000,-1.5,"0.25(log(n))^2",0.91
998,1000,2,"T_Copula",2000,-1.5,"0.25(log(n))^2",0.51
999,1000,2,"T_Copula",2000,-1.5,"0.25(log(n))^2",0.38
1000,1000,2,"T_Copula",2000,-1.5,"0.25(log(n))^2",0.34
1,1000,2,"T_Copula",2000,-1.5,"0.1(log(n))^2",0.25
2,1000,2,"T_Copula",2000,-1.5,"0.1(log(n))^2",0.37
3,1000,2,"T_Copula",2000,-1.5,"0.1(log(n))^2",0.95
4,1000,2,"T_Copula",2000,-1.5,"0.1(log(n))^2",0.31
5,1000,2,"T_Copula",2000,-1.5,"0.1(log(n))^2",0.13
6,1000,2,"T_Copula",2000,-1.5,"0.1(log(n))^2",0.17
7,1000,2,"T_Copula",2000,-1.5,"0.1(log(n))^2",0.4
8,1000,2,"T_Copula",2000,-1.5,"0.1(log(n))^2",0.68
9,1000,2,"T_Copula",2000,-1.5,"0.1(log(n))^2",0.05
10,1000,2,"T_Copula",2000,-1.5,"0.1(log(n))^2",0.92
11,1000,2,"T_Copula",2000,-1.5,"0.1(log(n))^2",0.43
12,1000,2,"T_Copula",2000,-1.5,"0.1(log(n))^2",0.59
13,1000,2,"T_Copula",2000,-1.5,"0.1(log(n))^2",0.68
14,1000,2,"T_Copula",2000,-1.5,"0.1(log(n))^2",0.3
15,1000,2,"T_Copula",2000,-1.5,"0.1(log(n))^2",0.65
16,1000,2,"T_Copula",2000,-1.5,"0.1(log(n))^2",0.33
17,1000,2,"T_Copula",2000,-1.5,"0.1(log(n))^2",0.47
18,1000,2,"T_Copula",2000,-1.5,"0.1(log(n))^2",0.77
19,1000,2,"T_Copula",2000,-1.5,"0.1(log(n))^2",0.51
20,1000,2,"T_Copula",2000,-1.5,"0.1(log(n))^2",0.3
21,1000,2,"T_Copula",2000,-1.5,"0.1(log(n))^2",0.39
22,1000,2,"T_Copula",2000,-1.5,"0.1(log(n))^2",0.32
23,1000,2,"T_Copula",2000,-1.5,"0.1(log(n))^2",0.49
24,1000,2,"T_Copula",2000,-1.5,"0.1(log(n))^2",0.14
25,1000,2,"T_Copula",2000,-1.5,"0.1(log(n))^2",0.52
26,1000,2,"T_Copula",2000,-1.5,"0.1(log(n))^2",0.74
27,1000,2,"T_Copula",2000,-1.5,"0.1(log(n))^2",0.09
28,1000,2,"T_Copula",2000,-1.5,"0.1(log(n))^2",0.69
29,1000,2,"T_Copula",2000,-1.5,"0.1(log(n))^2",0.57
30,1000,2,"T_Copula",2000,-1.5,"0.1(log(n))^2",0.08
31,1000,2,"T_Copula",2000,-1.5,"0.1(log(n))^2",0.21
32,1000,2,"T_Copula",2000,-1.5,"0.1(log(n))^2",0.32
33,1000,2,"T_Copula",2000,-1.5,"0.1(log(n))^2",1
34,1000,2,"T_Copula",2000,-1.5,"0.1(log(n))^2",0.44
35,1000,2,"T_Copula",2000,-1.5,"0.1(log(n))^2",0.91
36,1000,2,"T_Copula",2000,-1.5,"0.1(log(n))^2",0.69
37,1000,2,"T_Copula",2000,-1.5,"0.1(log(n))^2",0.37
38,1000,2,"T_Copula",2000,-1.5,"0.1(log(n))^2",0.9
39,1000,2,"T_Copula",2000,-1.5,"0.1(log(n))^2",0.17
40,1000,2,"T_Copula",2000,-1.5,"0.1(log(n))^2",0.14
41,1000,2,"T_Copula",2000,-1.5,"0.1(log(n))^2",0.61
42,1000,2,"T_Copula",2000,-1.5,"0.1(log(n))^2",0.7
43,1000,2,"T_Copula",2000,-1.5,"0.1(log(n))^2",0
44,1000,2,"T_Copula",2000,-1.5,"0.1(log(n))^2",0.27
45,1000,2,"T_Copula",2000,-1.5,"0.1(log(n))^2",0.51
46,1000,2,"T_Copula",2000,-1.5,"0.1(log(n))^2",0.81
47,1000,2,"T_Copula",2000,-1.5,"0.1(log(n))^2",0.07
48,1000,2,"T_Copula",2000,-1.5,"0.1(log(n))^2",0.34
49,1000,2,"T_Copula",2000,-1.5,"0.1(log(n))^2",0.21
50,1000,2,"T_Copula",2000,-1.5,"0.1(log(n))^2",0.66
51,1000,2,"T_Copula",2000,-1.5,"0.1(log(n))^2",0.42
52,1000,2,"T_Copula",2000,-1.5,"0.1(log(n))^2",0.66
53,1000,2,"T_Copula",2000,-1.5,"0.1(log(n))^2",0.68
54,1000,2,"T_Copula",2000,-1.5,"0.1(log(n))^2",0.93
55,1000,2,"T_Copula",2000,-1.5,"0.1(log(n))^2",0.85
56,1000,2,"T_Copula",2000,-1.5,"0.1(log(n))^2",0.8
57,1000,2,"T_Copula",2000,-1.5,"0.1(log(n))^2",0.87
58,1000,2,"T_Copula",2000,-1.5,"0.1(log(n))^2",0.09
59,1000,2,"T_Copula",2000,-1.5,"0.1(log(n))^2",0.23
60,1000,2,"T_Copula",2000,-1.5,"0.1(log(n))^2",0.86
61,1000,2,"T_Copula",2000,-1.5,"0.1(log(n))^2",0.24
62,1000,2,"T_Copula",2000,-1.5,"0.1(log(n))^2",0.37
63,1000,2,"T_Copula",2000,-1.5,"0.1(log(n))^2",0.37
64,1000,2,"T_Copula",2000,-1.5,"0.1(log(n))^2",0.4
65,1000,2,"T_Copula",2000,-1.5,"0.1(log(n))^2",0
66,1000,2,"T_Copula",2000,-1.5,"0.1(log(n))^2",0.42
67,1000,2,"T_Copula",2000,-1.5,"0.1(log(n))^2",0.25
68,1000,2,"T_Copula",2000,-1.5,"0.1(log(n))^2",0.23
69,1000,2,"T_Copula",2000,-1.5,"0.1(log(n))^2",0.78
70,1000,2,"T_Copula",2000,-1.5,"0.1(log(n))^2",0.09
71,1000,2,"T_Copula",2000,-1.5,"0.1(log(n))^2",0.58
72,1000,2,"T_Copula",2000,-1.5,"0.1(log(n))^2",0.51
73,1000,2,"T_Copula",2000,-1.5,"0.1(log(n))^2",0.71
74,1000,2,"T_Copula",2000,-1.5,"0.1(log(n))^2",0.26
75,1000,2,"T_Copula",2000,-1.5,"0.1(log(n))^2",0.71
76,1000,2,"T_Copula",2000,-1.5,"0.1(log(n))^2",0.32
77,1000,2,"T_Copula",2000,-1.5,"0.1(log(n))^2",0.22
78,1000,2,"T_Copula",2000,-1.5,"0.1(log(n))^2",0.35
79,1000,2,"T_Copula",2000,-1.5,"0.1(log(n))^2",0.15
80,1000,2,"T_Copula",2000,-1.5,"0.1(log(n))^2",0.28
81,1000,2,"T_Copula",2000,-1.5,"0.1(log(n))^2",0.17
82,1000,2,"T_Copula",2000,-1.5,"0.1(log(n))^2",0.41
83,1000,2,"T_Copula",2000,-1.5,"0.1(log(n))^2",0.77
84,1000,2,"T_Copula",2000,-1.5,"0.1(log(n))^2",0.99
85,1000,2,"T_Copula",2000,-1.5,"0.1(log(n))^2",0.12
86,1000,2,"T_Copula",2000,-1.5,"0.1(log(n))^2",0.75
87,1000,2,"T_Copula",2000,-1.5,"0.1(log(n))^2",0.44
88,1000,2,"T_Copula",2000,-1.5,"0.1(log(n))^2",0.17
89,1000,2,"T_Copula",2000,-1.5,"0.1(log(n))^2",0.53
90,1000,2,"T_Copula",2000,-1.5,"0.1(log(n))^2",0.43
91,1000,2,"T_Copula",2000,-1.5,"0.1(log(n))^2",0.92
92,1000,2,"T_Copula",2000,-1.5,"0.1(log(n))^2",0.52
93,1000,2,"T_Copula",2000,-1.5,"0.1(log(n))^2",0.65
94,1000,2,"T_Copula",2000,-1.5,"0.1(log(n))^2",0.74
95,1000,2,"T_Copula",2000,-1.5,"0.1(log(n))^2",0.08
96,1000,2,"T_Copula",2000,-1.5,"0.1(log(n))^2",0.3
97,1000,2,"T_Copula",2000,-1.5,"0.1(log(n))^2",0.59
98,1000,2,"T_Copula",2000,-1.5,"0.1(log(n))^2",0.62
99,1000,2,"T_Copula",2000,-1.5,"0.1(log(n))^2",0.6
100,1000,2,"T_Copula",2000,-1.5,"0.1(log(n))^2",0.24
101,1000,2,"T_Copula",2000,-1.5,"0.1(log(n))^2",0.17
102,1000,2,"T_Copula",2000,-1.5,"0.1(log(n))^2",0.89
103,1000,2,"T_Copula",2000,-1.5,"0.1(log(n))^2",0.42
104,1000,2,"T_Copula",2000,-1.5,"0.1(log(n))^2",0.7
105,1000,2,"T_Copula",2000,-1.5,"0.1(log(n))^2",0.06
106,1000,2,"T_Copula",2000,-1.5,"0.1(log(n))^2",0.96
107,1000,2,"T_Copula",2000,-1.5,"0.1(log(n))^2",0.62
108,1000,2,"T_Copula",2000,-1.5,"0.1(log(n))^2",0.48
109,1000,2,"T_Copula",2000,-1.5,"0.1(log(n))^2",0.69
110,1000,2,"T_Copula",2000,-1.5,"0.1(log(n))^2",0.1
111,1000,2,"T_Copula",2000,-1.5,"0.1(log(n))^2",0.6
112,1000,2,"T_Copula",2000,-1.5,"0.1(log(n))^2",0.12
113,1000,2,"T_Copula",2000,-1.5,"0.1(log(n))^2",0.33
114,1000,2,"T_Copula",2000,-1.5,"0.1(log(n))^2",0.22
115,1000,2,"T_Copula",2000,-1.5,"0.1(log(n))^2",0.52
116,1000,2,"T_Copula",2000,-1.5,"0.1(log(n))^2",0.31
117,1000,2,"T_Copula",2000,-1.5,"0.1(log(n))^2",0.23
118,1000,2,"T_Copula",2000,-1.5,"0.1(log(n))^2",0.41
119,1000,2,"T_Copula",2000,-1.5,"0.1(log(n))^2",0.92
120,1000,2,"T_Copula",2000,-1.5,"0.1(log(n))^2",0.01
121,1000,2,"T_Copula",2000,-1.5,"0.1(log(n))^2",0.92
122,1000,2,"T_Copula",2000,-1.5,"0.1(log(n))^2",0.52
123,1000,2,"T_Copula",2000,-1.5,"0.1(log(n))^2",0.72
124,1000,2,"T_Copula",2000,-1.5,"0.1(log(n))^2",0.35
125,1000,2,"T_Copula",2000,-1.5,"0.1(log(n))^2",0.91
126,1000,2,"T_Copula",2000,-1.5,"0.1(log(n))^2",0.9
127,1000,2,"T_Copula",2000,-1.5,"0.1(log(n))^2",0.43
128,1000,2,"T_Copula",2000,-1.5,"0.1(log(n))^2",0.28
129,1000,2,"T_Copula",2000,-1.5,"0.1(log(n))^2",0.59
130,1000,2,"T_Copula",2000,-1.5,"0.1(log(n))^2",0.79
131,1000,2,"T_Copula",2000,-1.5,"0.1(log(n))^2",0.33
132,1000,2,"T_Copula",2000,-1.5,"0.1(log(n))^2",0.59
133,1000,2,"T_Copula",2000,-1.5,"0.1(log(n))^2",0.57
134,1000,2,"T_Copula",2000,-1.5,"0.1(log(n))^2",0.41
135,1000,2,"T_Copula",2000,-1.5,"0.1(log(n))^2",0.58
136,1000,2,"T_Copula",2000,-1.5,"0.1(log(n))^2",0.97
137,1000,2,"T_Copula",2000,-1.5,"0.1(log(n))^2",0.67
138,1000,2,"T_Copula",2000,-1.5,"0.1(log(n))^2",0.76
139,1000,2,"T_Copula",2000,-1.5,"0.1(log(n))^2",0.22
140,1000,2,"T_Copula",2000,-1.5,"0.1(log(n))^2",0.2
141,1000,2,"T_Copula",2000,-1.5,"0.1(log(n))^2",0.26
142,1000,2,"T_Copula",2000,-1.5,"0.1(log(n))^2",0.8
143,1000,2,"T_Copula",2000,-1.5,"0.1(log(n))^2",0.28
144,1000,2,"T_Copula",2000,-1.5,"0.1(log(n))^2",0.02
145,1000,2,"T_Copula",2000,-1.5,"0.1(log(n))^2",0.14
146,1000,2,"T_Copula",2000,-1.5,"0.1(log(n))^2",0.71
147,1000,2,"T_Copula",2000,-1.5,"0.1(log(n))^2",0.45
148,1000,2,"T_Copula",2000,-1.5,"0.1(log(n))^2",0.93
149,1000,2,"T_Copula",2000,-1.5,"0.1(log(n))^2",0.98
150,1000,2,"T_Copula",2000,-1.5,"0.1(log(n))^2",0.28
151,1000,2,"T_Copula",2000,-1.5,"0.1(log(n))^2",0.47
152,1000,2,"T_Copula",2000,-1.5,"0.1(log(n))^2",0.51
153,1000,2,"T_Copula",2000,-1.5,"0.1(log(n))^2",0.3
154,1000,2,"T_Copula",2000,-1.5,"0.1(log(n))^2",0.35
155,1000,2,"T_Copula",2000,-1.5,"0.1(log(n))^2",0.97
156,1000,2,"T_Copula",2000,-1.5,"0.1(log(n))^2",0.01
157,1000,2,"T_Copula",2000,-1.5,"0.1(log(n))^2",0.29
158,1000,2,"T_Copula",2000,-1.5,"0.1(log(n))^2",0.19
159,1000,2,"T_Copula",2000,-1.5,"0.1(log(n))^2",0.37
160,1000,2,"T_Copula",2000,-1.5,"0.1(log(n))^2",0.6
161,1000,2,"T_Copula",2000,-1.5,"0.1(log(n))^2",0.01
162,1000,2,"T_Copula",2000,-1.5,"0.1(log(n))^2",0.48
163,1000,2,"T_Copula",2000,-1.5,"0.1(log(n))^2",0.8
164,1000,2,"T_Copula",2000,-1.5,"0.1(log(n))^2",0.63
165,1000,2,"T_Copula",2000,-1.5,"0.1(log(n))^2",0.46
166,1000,2,"T_Copula",2000,-1.5,"0.1(log(n))^2",0.81
167,1000,2,"T_Copula",2000,-1.5,"0.1(log(n))^2",0.68
168,1000,2,"T_Copula",2000,-1.5,"0.1(log(n))^2",0.57
169,1000,2,"T_Copula",2000,-1.5,"0.1(log(n))^2",0.72
170,1000,2,"T_Copula",2000,-1.5,"0.1(log(n))^2",0.2
171,1000,2,"T_Copula",2000,-1.5,"0.1(log(n))^2",0.11
172,1000,2,"T_Copula",2000,-1.5,"0.1(log(n))^2",0.15
173,1000,2,"T_Copula",2000,-1.5,"0.1(log(n))^2",0.34
174,1000,2,"T_Copula",2000,-1.5,"0.1(log(n))^2",0.86
175,1000,2,"T_Copula",2000,-1.5,"0.1(log(n))^2",0.48
176,1000,2,"T_Copula",2000,-1.5,"0.1(log(n))^2",0.43
177,1000,2,"T_Copula",2000,-1.5,"0.1(log(n))^2",0.3
178,1000,2,"T_Copula",2000,-1.5,"0.1(log(n))^2",0.42
179,1000,2,"T_Copula",2000,-1.5,"0.1(log(n))^2",0.47
180,1000,2,"T_Copula",2000,-1.5,"0.1(log(n))^2",0.35
181,1000,2,"T_Copula",2000,-1.5,"0.1(log(n))^2",0.24
182,1000,2,"T_Copula",2000,-1.5,"0.1(log(n))^2",0.43
183,1000,2,"T_Copula",2000,-1.5,"0.1(log(n))^2",0.34
184,1000,2,"T_Copula",2000,-1.5,"0.1(log(n))^2",0.1
185,1000,2,"T_Copula",2000,-1.5,"0.1(log(n))^2",0.27
186,1000,2,"T_Copula",2000,-1.5,"0.1(log(n))^2",0.34
187,1000,2,"T_Copula",2000,-1.5,"0.1(log(n))^2",0.06
188,1000,2,"T_Copula",2000,-1.5,"0.1(log(n))^2",0.69
189,1000,2,"T_Copula",2000,-1.5,"0.1(log(n))^2",0.69
190,1000,2,"T_Copula",2000,-1.5,"0.1(log(n))^2",0.5
191,1000,2,"T_Copula",2000,-1.5,"0.1(log(n))^2",0.58
192,1000,2,"T_Copula",2000,-1.5,"0.1(log(n))^2",0.55
193,1000,2,"T_Copula",2000,-1.5,"0.1(log(n))^2",0.33
194,1000,2,"T_Copula",2000,-1.5,"0.1(log(n))^2",0.58
195,1000,2,"T_Copula",2000,-1.5,"0.1(log(n))^2",0.83
196,1000,2,"T_Copula",2000,-1.5,"0.1(log(n))^2",0.73
197,1000,2,"T_Copula",2000,-1.5,"0.1(log(n))^2",0.39
198,1000,2,"T_Copula",2000,-1.5,"0.1(log(n))^2",0.44
199,1000,2,"T_Copula",2000,-1.5,"0.1(log(n))^2",0.39
200,1000,2,"T_Copula",2000,-1.5,"0.1(log(n))^2",0.7
201,1000,2,"T_Copula",2000,-1.5,"0.1(log(n))^2",0.57
202,1000,2,"T_Copula",2000,-1.5,"0.1(log(n))^2",0.53
203,1000,2,"T_Copula",2000,-1.5,"0.1(log(n))^2",0.39
204,1000,2,"T_Copula",2000,-1.5,"0.1(log(n))^2",0.39
205,1000,2,"T_Copula",2000,-1.5,"0.1(log(n))^2",0.41
206,1000,2,"T_Copula",2000,-1.5,"0.1(log(n))^2",0.22
207,1000,2,"T_Copula",2000,-1.5,"0.1(log(n))^2",0.08
208,1000,2,"T_Copula",2000,-1.5,"0.1(log(n))^2",0.92
209,1000,2,"T_Copula",2000,-1.5,"0.1(log(n))^2",0.01
210,1000,2,"T_Copula",2000,-1.5,"0.1(log(n))^2",0.44
211,1000,2,"T_Copula",2000,-1.5,"0.1(log(n))^2",0.46
212,1000,2,"T_Copula",2000,-1.5,"0.1(log(n))^2",0.31
213,1000,2,"T_Copula",2000,-1.5,"0.1(log(n))^2",0.46
214,1000,2,"T_Copula",2000,-1.5,"0.1(log(n))^2",0.14
215,1000,2,"T_Copula",2000,-1.5,"0.1(log(n))^2",0.55
216,1000,2,"T_Copula",2000,-1.5,"0.1(log(n))^2",0.85
217,1000,2,"T_Copula",2000,-1.5,"0.1(log(n))^2",0.52
218,1000,2,"T_Copula",2000,-1.5,"0.1(log(n))^2",0.11
219,1000,2,"T_Copula",2000,-1.5,"0.1(log(n))^2",0.92
220,1000,2,"T_Copula",2000,-1.5,"0.1(log(n))^2",0.64
221,1000,2,"T_Copula",2000,-1.5,"0.1(log(n))^2",0.75
222,1000,2,"T_Copula",2000,-1.5,"0.1(log(n))^2",0.26
223,1000,2,"T_Copula",2000,-1.5,"0.1(log(n))^2",0.69
224,1000,2,"T_Copula",2000,-1.5,"0.1(log(n))^2",0.35
225,1000,2,"T_Copula",2000,-1.5,"0.1(log(n))^2",0.51
226,1000,2,"T_Copula",2000,-1.5,"0.1(log(n))^2",0.27
227,1000,2,"T_Copula",2000,-1.5,"0.1(log(n))^2",0.1
228,1000,2,"T_Copula",2000,-1.5,"0.1(log(n))^2",0.49
229,1000,2,"T_Copula",2000,-1.5,"0.1(log(n))^2",0.68
230,1000,2,"T_Copula",2000,-1.5,"0.1(log(n))^2",0.8
231,1000,2,"T_Copula",2000,-1.5,"0.1(log(n))^2",0.57
232,1000,2,"T_Copula",2000,-1.5,"0.1(log(n))^2",0.49
233,1000,2,"T_Copula",2000,-1.5,"0.1(log(n))^2",0.84
234,1000,2,"T_Copula",2000,-1.5,"0.1(log(n))^2",0.49
235,1000,2,"T_Copula",2000,-1.5,"0.1(log(n))^2",0.55
236,1000,2,"T_Copula",2000,-1.5,"0.1(log(n))^2",0.67
237,1000,2,"T_Copula",2000,-1.5,"0.1(log(n))^2",0.34
238,1000,2,"T_Copula",2000,-1.5,"0.1(log(n))^2",0.63
239,1000,2,"T_Copula",2000,-1.5,"0.1(log(n))^2",0
240,1000,2,"T_Copula",2000,-1.5,"0.1(log(n))^2",0.26
241,1000,2,"T_Copula",2000,-1.5,"0.1(log(n))^2",0.32
242,1000,2,"T_Copula",2000,-1.5,"0.1(log(n))^2",0.06
243,1000,2,"T_Copula",2000,-1.5,"0.1(log(n))^2",0.53
244,1000,2,"T_Copula",2000,-1.5,"0.1(log(n))^2",0.42
245,1000,2,"T_Copula",2000,-1.5,"0.1(log(n))^2",0.69
246,1000,2,"T_Copula",2000,-1.5,"0.1(log(n))^2",0.48
247,1000,2,"T_Copula",2000,-1.5,"0.1(log(n))^2",0.13
248,1000,2,"T_Copula",2000,-1.5,"0.1(log(n))^2",0.84
249,1000,2,"T_Copula",2000,-1.5,"0.1(log(n))^2",0.08
250,1000,2,"T_Copula",2000,-1.5,"0.1(log(n))^2",0.2
251,1000,2,"T_Copula",2000,-1.5,"0.1(log(n))^2",0.35
252,1000,2,"T_Copula",2000,-1.5,"0.1(log(n))^2",0.33
253,1000,2,"T_Copula",2000,-1.5,"0.1(log(n))^2",0.44
254,1000,2,"T_Copula",2000,-1.5,"0.1(log(n))^2",0.43
255,1000,2,"T_Copula",2000,-1.5,"0.1(log(n))^2",0.56
256,1000,2,"T_Copula",2000,-1.5,"0.1(log(n))^2",0.52
257,1000,2,"T_Copula",2000,-1.5,"0.1(log(n))^2",0.62
258,1000,2,"T_Copula",2000,-1.5,"0.1(log(n))^2",0.55
259,1000,2,"T_Copula",2000,-1.5,"0.1(log(n))^2",0.75
260,1000,2,"T_Copula",2000,-1.5,"0.1(log(n))^2",0.32
261,1000,2,"T_Copula",2000,-1.5,"0.1(log(n))^2",0.84
262,1000,2,"T_Copula",2000,-1.5,"0.1(log(n))^2",0.26
263,1000,2,"T_Copula",2000,-1.5,"0.1(log(n))^2",0.94
264,1000,2,"T_Copula",2000,-1.5,"0.1(log(n))^2",0.64
265,1000,2,"T_Copula",2000,-1.5,"0.1(log(n))^2",0.25
266,1000,2,"T_Copula",2000,-1.5,"0.1(log(n))^2",0.39
267,1000,2,"T_Copula",2000,-1.5,"0.1(log(n))^2",0.86
268,1000,2,"T_Copula",2000,-1.5,"0.1(log(n))^2",0.33
269,1000,2,"T_Copula",2000,-1.5,"0.1(log(n))^2",0.28
270,1000,2,"T_Copula",2000,-1.5,"0.1(log(n))^2",0.15
271,1000,2,"T_Copula",2000,-1.5,"0.1(log(n))^2",0.18
272,1000,2,"T_Copula",2000,-1.5,"0.1(log(n))^2",0.43
273,1000,2,"T_Copula",2000,-1.5,"0.1(log(n))^2",0.74
274,1000,2,"T_Copula",2000,-1.5,"0.1(log(n))^2",0.35
275,1000,2,"T_Copula",2000,-1.5,"0.1(log(n))^2",0.29
276,1000,2,"T_Copula",2000,-1.5,"0.1(log(n))^2",0.2
277,1000,2,"T_Copula",2000,-1.5,"0.1(log(n))^2",0.32
278,1000,2,"T_Copula",2000,-1.5,"0.1(log(n))^2",0.51
279,1000,2,"T_Copula",2000,-1.5,"0.1(log(n))^2",0.48
280,1000,2,"T_Copula",2000,-1.5,"0.1(log(n))^2",0.94
281,1000,2,"T_Copula",2000,-1.5,"0.1(log(n))^2",0.4
282,1000,2,"T_Copula",2000,-1.5,"0.1(log(n))^2",0.09
283,1000,2,"T_Copula",2000,-1.5,"0.1(log(n))^2",0.59
284,1000,2,"T_Copula",2000,-1.5,"0.1(log(n))^2",0.81
285,1000,2,"T_Copula",2000,-1.5,"0.1(log(n))^2",0.31
286,1000,2,"T_Copula",2000,-1.5,"0.1(log(n))^2",0.33
287,1000,2,"T_Copula",2000,-1.5,"0.1(log(n))^2",0.92
288,1000,2,"T_Copula",2000,-1.5,"0.1(log(n))^2",0.24
289,1000,2,"T_Copula",2000,-1.5,"0.1(log(n))^2",0.61
290,1000,2,"T_Copula",2000,-1.5,"0.1(log(n))^2",0.45
291,1000,2,"T_Copula",2000,-1.5,"0.1(log(n))^2",0.18
292,1000,2,"T_Copula",2000,-1.5,"0.1(log(n))^2",0.86
293,1000,2,"T_Copula",2000,-1.5,"0.1(log(n))^2",0.63
294,1000,2,"T_Copula",2000,-1.5,"0.1(log(n))^2",0.43
295,1000,2,"T_Copula",2000,-1.5,"0.1(log(n))^2",0.22
296,1000,2,"T_Copula",2000,-1.5,"0.1(log(n))^2",0.17
297,1000,2,"T_Copula",2000,-1.5,"0.1(log(n))^2",0.14
298,1000,2,"T_Copula",2000,-1.5,"0.1(log(n))^2",0.18
299,1000,2,"T_Copula",2000,-1.5,"0.1(log(n))^2",0.78
300,1000,2,"T_Copula",2000,-1.5,"0.1(log(n))^2",0.77
301,1000,2,"T_Copula",2000,-1.5,"0.1(log(n))^2",0.29
302,1000,2,"T_Copula",2000,-1.5,"0.1(log(n))^2",0.06
303,1000,2,"T_Copula",2000,-1.5,"0.1(log(n))^2",0.36
304,1000,2,"T_Copula",2000,-1.5,"0.1(log(n))^2",0.53
305,1000,2,"T_Copula",2000,-1.5,"0.1(log(n))^2",0.52
306,1000,2,"T_Copula",2000,-1.5,"0.1(log(n))^2",0.18
307,1000,2,"T_Copula",2000,-1.5,"0.1(log(n))^2",0.29
308,1000,2,"T_Copula",2000,-1.5,"0.1(log(n))^2",0.3
309,1000,2,"T_Copula",2000,-1.5,"0.1(log(n))^2",0.86
310,1000,2,"T_Copula",2000,-1.5,"0.1(log(n))^2",0.23
311,1000,2,"T_Copula",2000,-1.5,"0.1(log(n))^2",1
312,1000,2,"T_Copula",2000,-1.5,"0.1(log(n))^2",0.37
313,1000,2,"T_Copula",2000,-1.5,"0.1(log(n))^2",0.34
314,1000,2,"T_Copula",2000,-1.5,"0.1(log(n))^2",0.27
315,1000,2,"T_Copula",2000,-1.5,"0.1(log(n))^2",0.29
316,1000,2,"T_Copula",2000,-1.5,"0.1(log(n))^2",0.43
317,1000,2,"T_Copula",2000,-1.5,"0.1(log(n))^2",0.75
318,1000,2,"T_Copula",2000,-1.5,"0.1(log(n))^2",0.13
319,1000,2,"T_Copula",2000,-1.5,"0.1(log(n))^2",0.57
320,1000,2,"T_Copula",2000,-1.5,"0.1(log(n))^2",0.27
321,1000,2,"T_Copula",2000,-1.5,"0.1(log(n))^2",0.06
322,1000,2,"T_Copula",2000,-1.5,"0.1(log(n))^2",0.2
323,1000,2,"T_Copula",2000,-1.5,"0.1(log(n))^2",0.63
324,1000,2,"T_Copula",2000,-1.5,"0.1(log(n))^2",0.61
325,1000,2,"T_Copula",2000,-1.5,"0.1(log(n))^2",0.37
326,1000,2,"T_Copula",2000,-1.5,"0.1(log(n))^2",0.07
327,1000,2,"T_Copula",2000,-1.5,"0.1(log(n))^2",0.08
328,1000,2,"T_Copula",2000,-1.5,"0.1(log(n))^2",0.69
329,1000,2,"T_Copula",2000,-1.5,"0.1(log(n))^2",0.7
330,1000,2,"T_Copula",2000,-1.5,"0.1(log(n))^2",0.58
331,1000,2,"T_Copula",2000,-1.5,"0.1(log(n))^2",0.64
332,1000,2,"T_Copula",2000,-1.5,"0.1(log(n))^2",0.29
333,1000,2,"T_Copula",2000,-1.5,"0.1(log(n))^2",0.57
334,1000,2,"T_Copula",2000,-1.5,"0.1(log(n))^2",0.74
335,1000,2,"T_Copula",2000,-1.5,"0.1(log(n))^2",0.69
336,1000,2,"T_Copula",2000,-1.5,"0.1(log(n))^2",0.99
337,1000,2,"T_Copula",2000,-1.5,"0.1(log(n))^2",0.94
338,1000,2,"T_Copula",2000,-1.5,"0.1(log(n))^2",0.95
339,1000,2,"T_Copula",2000,-1.5,"0.1(log(n))^2",1
340,1000,2,"T_Copula",2000,-1.5,"0.1(log(n))^2",0.3
341,1000,2,"T_Copula",2000,-1.5,"0.1(log(n))^2",0.64
342,1000,2,"T_Copula",2000,-1.5,"0.1(log(n))^2",0.46
343,1000,2,"T_Copula",2000,-1.5,"0.1(log(n))^2",0.43
344,1000,2,"T_Copula",2000,-1.5,"0.1(log(n))^2",0.98
345,1000,2,"T_Copula",2000,-1.5,"0.1(log(n))^2",0.88
346,1000,2,"T_Copula",2000,-1.5,"0.1(log(n))^2",0.92
347,1000,2,"T_Copula",2000,-1.5,"0.1(log(n))^2",0.04
348,1000,2,"T_Copula",2000,-1.5,"0.1(log(n))^2",0.93
349,1000,2,"T_Copula",2000,-1.5,"0.1(log(n))^2",0.46
350,1000,2,"T_Copula",2000,-1.5,"0.1(log(n))^2",0.03
351,1000,2,"T_Copula",2000,-1.5,"0.1(log(n))^2",0.99
352,1000,2,"T_Copula",2000,-1.5,"0.1(log(n))^2",0.58
353,1000,2,"T_Copula",2000,-1.5,"0.1(log(n))^2",0.42
354,1000,2,"T_Copula",2000,-1.5,"0.1(log(n))^2",0.49
355,1000,2,"T_Copula",2000,-1.5,"0.1(log(n))^2",0.83
356,1000,2,"T_Copula",2000,-1.5,"0.1(log(n))^2",0.33
357,1000,2,"T_Copula",2000,-1.5,"0.1(log(n))^2",0.7
358,1000,2,"T_Copula",2000,-1.5,"0.1(log(n))^2",0.21
359,1000,2,"T_Copula",2000,-1.5,"0.1(log(n))^2",0.27
360,1000,2,"T_Copula",2000,-1.5,"0.1(log(n))^2",0
361,1000,2,"T_Copula",2000,-1.5,"0.1(log(n))^2",0.51
362,1000,2,"T_Copula",2000,-1.5,"0.1(log(n))^2",0.2
363,1000,2,"T_Copula",2000,-1.5,"0.1(log(n))^2",0.67
364,1000,2,"T_Copula",2000,-1.5,"0.1(log(n))^2",0.21
365,1000,2,"T_Copula",2000,-1.5,"0.1(log(n))^2",0.15
366,1000,2,"T_Copula",2000,-1.5,"0.1(log(n))^2",0.87
367,1000,2,"T_Copula",2000,-1.5,"0.1(log(n))^2",0.02
368,1000,2,"T_Copula",2000,-1.5,"0.1(log(n))^2",0.73
369,1000,2,"T_Copula",2000,-1.5,"0.1(log(n))^2",0.19
370,1000,2,"T_Copula",2000,-1.5,"0.1(log(n))^2",0.19
371,1000,2,"T_Copula",2000,-1.5,"0.1(log(n))^2",0.46
372,1000,2,"T_Copula",2000,-1.5,"0.1(log(n))^2",0.87
373,1000,2,"T_Copula",2000,-1.5,"0.1(log(n))^2",0.3
374,1000,2,"T_Copula",2000,-1.5,"0.1(log(n))^2",0.15
375,1000,2,"T_Copula",2000,-1.5,"0.1(log(n))^2",0.74
376,1000,2,"T_Copula",2000,-1.5,"0.1(log(n))^2",0.56
377,1000,2,"T_Copula",2000,-1.5,"0.1(log(n))^2",0.29
378,1000,2,"T_Copula",2000,-1.5,"0.1(log(n))^2",0.42
379,1000,2,"T_Copula",2000,-1.5,"0.1(log(n))^2",0.58
380,1000,2,"T_Copula",2000,-1.5,"0.1(log(n))^2",0.43
381,1000,2,"T_Copula",2000,-1.5,"0.1(log(n))^2",0.81
382,1000,2,"T_Copula",2000,-1.5,"0.1(log(n))^2",0.84
383,1000,2,"T_Copula",2000,-1.5,"0.1(log(n))^2",0.82
384,1000,2,"T_Copula",2000,-1.5,"0.1(log(n))^2",0.51
385,1000,2,"T_Copula",2000,-1.5,"0.1(log(n))^2",0.55
386,1000,2,"T_Copula",2000,-1.5,"0.1(log(n))^2",0.46
387,1000,2,"T_Copula",2000,-1.5,"0.1(log(n))^2",0.5
388,1000,2,"T_Copula",2000,-1.5,"0.1(log(n))^2",0.4
389,1000,2,"T_Copula",2000,-1.5,"0.1(log(n))^2",0.1
390,1000,2,"T_Copula",2000,-1.5,"0.1(log(n))^2",0.25
391,1000,2,"T_Copula",2000,-1.5,"0.1(log(n))^2",0.21
392,1000,2,"T_Copula",2000,-1.5,"0.1(log(n))^2",0.17
393,1000,2,"T_Copula",2000,-1.5,"0.1(log(n))^2",0.28
394,1000,2,"T_Copula",2000,-1.5,"0.1(log(n))^2",0.42
395,1000,2,"T_Copula",2000,-1.5,"0.1(log(n))^2",0.91
396,1000,2,"T_Copula",2000,-1.5,"0.1(log(n))^2",0.47
397,1000,2,"T_Copula",2000,-1.5,"0.1(log(n))^2",0.98
398,1000,2,"T_Copula",2000,-1.5,"0.1(log(n))^2",0.67
399,1000,2,"T_Copula",2000,-1.5,"0.1(log(n))^2",0.42
400,1000,2,"T_Copula",2000,-1.5,"0.1(log(n))^2",0.01
401,1000,2,"T_Copula",2000,-1.5,"0.1(log(n))^2",0.97
402,1000,2,"T_Copula",2000,-1.5,"0.1(log(n))^2",0.59
403,1000,2,"T_Copula",2000,-1.5,"0.1(log(n))^2",0.63
404,1000,2,"T_Copula",2000,-1.5,"0.1(log(n))^2",0.1
405,1000,2,"T_Copula",2000,-1.5,"0.1(log(n))^2",0.34
406,1000,2,"T_Copula",2000,-1.5,"0.1(log(n))^2",0.46
407,1000,2,"T_Copula",2000,-1.5,"0.1(log(n))^2",0.02
408,1000,2,"T_Copula",2000,-1.5,"0.1(log(n))^2",0.32
409,1000,2,"T_Copula",2000,-1.5,"0.1(log(n))^2",0.61
410,1000,2,"T_Copula",2000,-1.5,"0.1(log(n))^2",0.6
411,1000,2,"T_Copula",2000,-1.5,"0.1(log(n))^2",0.75
412,1000,2,"T_Copula",2000,-1.5,"0.1(log(n))^2",0.09
413,1000,2,"T_Copula",2000,-1.5,"0.1(log(n))^2",0.2
414,1000,2,"T_Copula",2000,-1.5,"0.1(log(n))^2",0.53
415,1000,2,"T_Copula",2000,-1.5,"0.1(log(n))^2",0.29
416,1000,2,"T_Copula",2000,-1.5,"0.1(log(n))^2",1
417,1000,2,"T_Copula",2000,-1.5,"0.1(log(n))^2",0.63
418,1000,2,"T_Copula",2000,-1.5,"0.1(log(n))^2",0.3
419,1000,2,"T_Copula",2000,-1.5,"0.1(log(n))^2",0.33
420,1000,2,"T_Copula",2000,-1.5,"0.1(log(n))^2",0.3
421,1000,2,"T_Copula",2000,-1.5,"0.1(log(n))^2",0.04
422,1000,2,"T_Copula",2000,-1.5,"0.1(log(n))^2",0.66
423,1000,2,"T_Copula",2000,-1.5,"0.1(log(n))^2",0.27
424,1000,2,"T_Copula",2000,-1.5,"0.1(log(n))^2",0.56
425,1000,2,"T_Copula",2000,-1.5,"0.1(log(n))^2",0.01
426,1000,2,"T_Copula",2000,-1.5,"0.1(log(n))^2",0.28
427,1000,2,"T_Copula",2000,-1.5,"0.1(log(n))^2",0.27
428,1000,2,"T_Copula",2000,-1.5,"0.1(log(n))^2",0.7
429,1000,2,"T_Copula",2000,-1.5,"0.1(log(n))^2",0.1
430,1000,2,"T_Copula",2000,-1.5,"0.1(log(n))^2",0.46
431,1000,2,"T_Copula",2000,-1.5,"0.1(log(n))^2",0.94
432,1000,2,"T_Copula",2000,-1.5,"0.1(log(n))^2",0.3
433,1000,2,"T_Copula",2000,-1.5,"0.1(log(n))^2",0.68
434,1000,2,"T_Copula",2000,-1.5,"0.1(log(n))^2",0.68
435,1000,2,"T_Copula",2000,-1.5,"0.1(log(n))^2",0.25
436,1000,2,"T_Copula",2000,-1.5,"0.1(log(n))^2",0.34
437,1000,2,"T_Copula",2000,-1.5,"0.1(log(n))^2",0.46
438,1000,2,"T_Copula",2000,-1.5,"0.1(log(n))^2",0.31
439,1000,2,"T_Copula",2000,-1.5,"0.1(log(n))^2",0.38
440,1000,2,"T_Copula",2000,-1.5,"0.1(log(n))^2",0.08
441,1000,2,"T_Copula",2000,-1.5,"0.1(log(n))^2",0.83
442,1000,2,"T_Copula",2000,-1.5,"0.1(log(n))^2",0.33
443,1000,2,"T_Copula",2000,-1.5,"0.1(log(n))^2",0.62
444,1000,2,"T_Copula",2000,-1.5,"0.1(log(n))^2",0.06
445,1000,2,"T_Copula",2000,-1.5,"0.1(log(n))^2",0.52
446,1000,2,"T_Copula",2000,-1.5,"0.1(log(n))^2",0.4
447,1000,2,"T_Copula",2000,-1.5,"0.1(log(n))^2",0.29
448,1000,2,"T_Copula",2000,-1.5,"0.1(log(n))^2",0.63
449,1000,2,"T_Copula",2000,-1.5,"0.1(log(n))^2",0.86
450,1000,2,"T_Copula",2000,-1.5,"0.1(log(n))^2",0.5
451,1000,2,"T_Copula",2000,-1.5,"0.1(log(n))^2",0.32
452,1000,2,"T_Copula",2000,-1.5,"0.1(log(n))^2",0.24
453,1000,2,"T_Copula",2000,-1.5,"0.1(log(n))^2",0.53
454,1000,2,"T_Copula",2000,-1.5,"0.1(log(n))^2",0.03
455,1000,2,"T_Copula",2000,-1.5,"0.1(log(n))^2",0.49
456,1000,2,"T_Copula",2000,-1.5,"0.1(log(n))^2",0.63
457,1000,2,"T_Copula",2000,-1.5,"0.1(log(n))^2",0.2
458,1000,2,"T_Copula",2000,-1.5,"0.1(log(n))^2",0.57
459,1000,2,"T_Copula",2000,-1.5,"0.1(log(n))^2",0.1
460,1000,2,"T_Copula",2000,-1.5,"0.1(log(n))^2",0.34
461,1000,2,"T_Copula",2000,-1.5,"0.1(log(n))^2",0.02
462,1000,2,"T_Copula",2000,-1.5,"0.1(log(n))^2",0.76
463,1000,2,"T_Copula",2000,-1.5,"0.1(log(n))^2",0.92
464,1000,2,"T_Copula",2000,-1.5,"0.1(log(n))^2",0.75
465,1000,2,"T_Copula",2000,-1.5,"0.1(log(n))^2",0.35
466,1000,2,"T_Copula",2000,-1.5,"0.1(log(n))^2",0.73
467,1000,2,"T_Copula",2000,-1.5,"0.1(log(n))^2",0.25
468,1000,2,"T_Copula",2000,-1.5,"0.1(log(n))^2",0.97
469,1000,2,"T_Copula",2000,-1.5,"0.1(log(n))^2",0.06
470,1000,2,"T_Copula",2000,-1.5,"0.1(log(n))^2",0.66
471,1000,2,"T_Copula",2000,-1.5,"0.1(log(n))^2",0.1
472,1000,2,"T_Copula",2000,-1.5,"0.1(log(n))^2",0.55
473,1000,2,"T_Copula",2000,-1.5,"0.1(log(n))^2",0.31
474,1000,2,"T_Copula",2000,-1.5,"0.1(log(n))^2",0.86
475,1000,2,"T_Copula",2000,-1.5,"0.1(log(n))^2",0.32
476,1000,2,"T_Copula",2000,-1.5,"0.1(log(n))^2",0.88
477,1000,2,"T_Copula",2000,-1.5,"0.1(log(n))^2",0.39
478,1000,2,"T_Copula",2000,-1.5,"0.1(log(n))^2",0.61
479,1000,2,"T_Copula",2000,-1.5,"0.1(log(n))^2",0.19
480,1000,2,"T_Copula",2000,-1.5,"0.1(log(n))^2",0.68
481,1000,2,"T_Copula",2000,-1.5,"0.1(log(n))^2",0.32
482,1000,2,"T_Copula",2000,-1.5,"0.1(log(n))^2",0.19
483,1000,2,"T_Copula",2000,-1.5,"0.1(log(n))^2",0.35
484,1000,2,"T_Copula",2000,-1.5,"0.1(log(n))^2",0.56
485,1000,2,"T_Copula",2000,-1.5,"0.1(log(n))^2",0.45
486,1000,2,"T_Copula",2000,-1.5,"0.1(log(n))^2",0.5
487,1000,2,"T_Copula",2000,-1.5,"0.1(log(n))^2",0.55
488,1000,2,"T_Copula",2000,-1.5,"0.1(log(n))^2",0.12
489,1000,2,"T_Copula",2000,-1.5,"0.1(log(n))^2",0.87
490,1000,2,"T_Copula",2000,-1.5,"0.1(log(n))^2",0.58
491,1000,2,"T_Copula",2000,-1.5,"0.1(log(n))^2",0.24
492,1000,2,"T_Copula",2000,-1.5,"0.1(log(n))^2",0.17
493,1000,2,"T_Copula",2000,-1.5,"0.1(log(n))^2",0.61
494,1000,2,"T_Copula",2000,-1.5,"0.1(log(n))^2",0.92
495,1000,2,"T_Copula",2000,-1.5,"0.1(log(n))^2",0.54
496,1000,2,"T_Copula",2000,-1.5,"0.1(log(n))^2",0.78
497,1000,2,"T_Copula",2000,-1.5,"0.1(log(n))^2",0.57
498,1000,2,"T_Copula",2000,-1.5,"0.1(log(n))^2",0.29
499,1000,2,"T_Copula",2000,-1.5,"0.1(log(n))^2",0.13
500,1000,2,"T_Copula",2000,-1.5,"0.1(log(n))^2",0.33
501,1000,2,"T_Copula",2000,-1.5,"0.1(log(n))^2",0.98
502,1000,2,"T_Copula",2000,-1.5,"0.1(log(n))^2",0.95
503,1000,2,"T_Copula",2000,-1.5,"0.1(log(n))^2",0.87
504,1000,2,"T_Copula",2000,-1.5,"0.1(log(n))^2",0.14
505,1000,2,"T_Copula",2000,-1.5,"0.1(log(n))^2",0.67
506,1000,2,"T_Copula",2000,-1.5,"0.1(log(n))^2",0.5
507,1000,2,"T_Copula",2000,-1.5,"0.1(log(n))^2",0.53
508,1000,2,"T_Copula",2000,-1.5,"0.1(log(n))^2",0.05
509,1000,2,"T_Copula",2000,-1.5,"0.1(log(n))^2",0.7
510,1000,2,"T_Copula",2000,-1.5,"0.1(log(n))^2",0.59
511,1000,2,"T_Copula",2000,-1.5,"0.1(log(n))^2",0.43
512,1000,2,"T_Copula",2000,-1.5,"0.1(log(n))^2",0.12
513,1000,2,"T_Copula",2000,-1.5,"0.1(log(n))^2",0.3
514,1000,2,"T_Copula",2000,-1.5,"0.1(log(n))^2",0.06
515,1000,2,"T_Copula",2000,-1.5,"0.1(log(n))^2",0.43
516,1000,2,"T_Copula",2000,-1.5,"0.1(log(n))^2",0.44
517,1000,2,"T_Copula",2000,-1.5,"0.1(log(n))^2",0.12
518,1000,2,"T_Copula",2000,-1.5,"0.1(log(n))^2",0.24
519,1000,2,"T_Copula",2000,-1.5,"0.1(log(n))^2",0.41
520,1000,2,"T_Copula",2000,-1.5,"0.1(log(n))^2",0.93
521,1000,2,"T_Copula",2000,-1.5,"0.1(log(n))^2",0.38
522,1000,2,"T_Copula",2000,-1.5,"0.1(log(n))^2",0.16
523,1000,2,"T_Copula",2000,-1.5,"0.1(log(n))^2",0.49
524,1000,2,"T_Copula",2000,-1.5,"0.1(log(n))^2",0.72
525,1000,2,"T_Copula",2000,-1.5,"0.1(log(n))^2",0.43
526,1000,2,"T_Copula",2000,-1.5,"0.1(log(n))^2",0.58
527,1000,2,"T_Copula",2000,-1.5,"0.1(log(n))^2",0.12
528,1000,2,"T_Copula",2000,-1.5,"0.1(log(n))^2",0.43
529,1000,2,"T_Copula",2000,-1.5,"0.1(log(n))^2",0.75
530,1000,2,"T_Copula",2000,-1.5,"0.1(log(n))^2",0.36
531,1000,2,"T_Copula",2000,-1.5,"0.1(log(n))^2",0.99
532,1000,2,"T_Copula",2000,-1.5,"0.1(log(n))^2",0.33
533,1000,2,"T_Copula",2000,-1.5,"0.1(log(n))^2",0.38
534,1000,2,"T_Copula",2000,-1.5,"0.1(log(n))^2",0.15
535,1000,2,"T_Copula",2000,-1.5,"0.1(log(n))^2",0.63
536,1000,2,"T_Copula",2000,-1.5,"0.1(log(n))^2",0.79
537,1000,2,"T_Copula",2000,-1.5,"0.1(log(n))^2",0.74
538,1000,2,"T_Copula",2000,-1.5,"0.1(log(n))^2",0.22
539,1000,2,"T_Copula",2000,-1.5,"0.1(log(n))^2",0.18
540,1000,2,"T_Copula",2000,-1.5,"0.1(log(n))^2",0.12
541,1000,2,"T_Copula",2000,-1.5,"0.1(log(n))^2",0.96
542,1000,2,"T_Copula",2000,-1.5,"0.1(log(n))^2",0.5
543,1000,2,"T_Copula",2000,-1.5,"0.1(log(n))^2",0.17
544,1000,2,"T_Copula",2000,-1.5,"0.1(log(n))^2",0.73
545,1000,2,"T_Copula",2000,-1.5,"0.1(log(n))^2",0.16
546,1000,2,"T_Copula",2000,-1.5,"0.1(log(n))^2",0.52
547,1000,2,"T_Copula",2000,-1.5,"0.1(log(n))^2",0.52
548,1000,2,"T_Copula",2000,-1.5,"0.1(log(n))^2",0.73
549,1000,2,"T_Copula",2000,-1.5,"0.1(log(n))^2",0.18
550,1000,2,"T_Copula",2000,-1.5,"0.1(log(n))^2",0.24
551,1000,2,"T_Copula",2000,-1.5,"0.1(log(n))^2",0.48
552,1000,2,"T_Copula",2000,-1.5,"0.1(log(n))^2",0.6
553,1000,2,"T_Copula",2000,-1.5,"0.1(log(n))^2",0.55
554,1000,2,"T_Copula",2000,-1.5,"0.1(log(n))^2",0.28
555,1000,2,"T_Copula",2000,-1.5,"0.1(log(n))^2",0.77
556,1000,2,"T_Copula",2000,-1.5,"0.1(log(n))^2",0.39
557,1000,2,"T_Copula",2000,-1.5,"0.1(log(n))^2",0.66
558,1000,2,"T_Copula",2000,-1.5,"0.1(log(n))^2",0.02
559,1000,2,"T_Copula",2000,-1.5,"0.1(log(n))^2",0.2
560,1000,2,"T_Copula",2000,-1.5,"0.1(log(n))^2",0.62
561,1000,2,"T_Copula",2000,-1.5,"0.1(log(n))^2",0.32
562,1000,2,"T_Copula",2000,-1.5,"0.1(log(n))^2",0.44
563,1000,2,"T_Copula",2000,-1.5,"0.1(log(n))^2",0.64
564,1000,2,"T_Copula",2000,-1.5,"0.1(log(n))^2",0.9
565,1000,2,"T_Copula",2000,-1.5,"0.1(log(n))^2",0.08
566,1000,2,"T_Copula",2000,-1.5,"0.1(log(n))^2",0.51
567,1000,2,"T_Copula",2000,-1.5,"0.1(log(n))^2",0.85
568,1000,2,"T_Copula",2000,-1.5,"0.1(log(n))^2",0.71
569,1000,2,"T_Copula",2000,-1.5,"0.1(log(n))^2",0.34
570,1000,2,"T_Copula",2000,-1.5,"0.1(log(n))^2",0.7
571,1000,2,"T_Copula",2000,-1.5,"0.1(log(n))^2",0.65
572,1000,2,"T_Copula",2000,-1.5,"0.1(log(n))^2",0.38
573,1000,2,"T_Copula",2000,-1.5,"0.1(log(n))^2",0.93
574,1000,2,"T_Copula",2000,-1.5,"0.1(log(n))^2",0.8
575,1000,2,"T_Copula",2000,-1.5,"0.1(log(n))^2",0.75
576,1000,2,"T_Copula",2000,-1.5,"0.1(log(n))^2",0.23
577,1000,2,"T_Copula",2000,-1.5,"0.1(log(n))^2",0.89
578,1000,2,"T_Copula",2000,-1.5,"0.1(log(n))^2",0.51
579,1000,2,"T_Copula",2000,-1.5,"0.1(log(n))^2",0.83
580,1000,2,"T_Copula",2000,-1.5,"0.1(log(n))^2",0.53
581,1000,2,"T_Copula",2000,-1.5,"0.1(log(n))^2",0.79
582,1000,2,"T_Copula",2000,-1.5,"0.1(log(n))^2",0.8
583,1000,2,"T_Copula",2000,-1.5,"0.1(log(n))^2",0.21
584,1000,2,"T_Copula",2000,-1.5,"0.1(log(n))^2",0.91
585,1000,2,"T_Copula",2000,-1.5,"0.1(log(n))^2",0.76
586,1000,2,"T_Copula",2000,-1.5,"0.1(log(n))^2",0.4
587,1000,2,"T_Copula",2000,-1.5,"0.1(log(n))^2",0.7
588,1000,2,"T_Copula",2000,-1.5,"0.1(log(n))^2",0.32
589,1000,2,"T_Copula",2000,-1.5,"0.1(log(n))^2",0.76
590,1000,2,"T_Copula",2000,-1.5,"0.1(log(n))^2",0.3
591,1000,2,"T_Copula",2000,-1.5,"0.1(log(n))^2",0.56
592,1000,2,"T_Copula",2000,-1.5,"0.1(log(n))^2",0.73
593,1000,2,"T_Copula",2000,-1.5,"0.1(log(n))^2",0.92
594,1000,2,"T_Copula",2000,-1.5,"0.1(log(n))^2",0.38
595,1000,2,"T_Copula",2000,-1.5,"0.1(log(n))^2",0.28
596,1000,2,"T_Copula",2000,-1.5,"0.1(log(n))^2",0.63
597,1000,2,"T_Copula",2000,-1.5,"0.1(log(n))^2",0.51
598,1000,2,"T_Copula",2000,-1.5,"0.1(log(n))^2",0.52
599,1000,2,"T_Copula",2000,-1.5,"0.1(log(n))^2",0.36
600,1000,2,"T_Copula",2000,-1.5,"0.1(log(n))^2",0.65
601,1000,2,"T_Copula",2000,-1.5,"0.1(log(n))^2",0.21
602,1000,2,"T_Copula",2000,-1.5,"0.1(log(n))^2",0.04
603,1000,2,"T_Copula",2000,-1.5,"0.1(log(n))^2",0.88
604,1000,2,"T_Copula",2000,-1.5,"0.1(log(n))^2",0.69
605,1000,2,"T_Copula",2000,-1.5,"0.1(log(n))^2",0.94
606,1000,2,"T_Copula",2000,-1.5,"0.1(log(n))^2",0.4
607,1000,2,"T_Copula",2000,-1.5,"0.1(log(n))^2",0.11
608,1000,2,"T_Copula",2000,-1.5,"0.1(log(n))^2",0.75
609,1000,2,"T_Copula",2000,-1.5,"0.1(log(n))^2",0.72
610,1000,2,"T_Copula",2000,-1.5,"0.1(log(n))^2",0.96
611,1000,2,"T_Copula",2000,-1.5,"0.1(log(n))^2",0.74
612,1000,2,"T_Copula",2000,-1.5,"0.1(log(n))^2",0.24
613,1000,2,"T_Copula",2000,-1.5,"0.1(log(n))^2",0.3
614,1000,2,"T_Copula",2000,-1.5,"0.1(log(n))^2",0.75
615,1000,2,"T_Copula",2000,-1.5,"0.1(log(n))^2",0.86
616,1000,2,"T_Copula",2000,-1.5,"0.1(log(n))^2",0.39
617,1000,2,"T_Copula",2000,-1.5,"0.1(log(n))^2",0.08
618,1000,2,"T_Copula",2000,-1.5,"0.1(log(n))^2",0.22
619,1000,2,"T_Copula",2000,-1.5,"0.1(log(n))^2",0.64
620,1000,2,"T_Copula",2000,-1.5,"0.1(log(n))^2",0.06
621,1000,2,"T_Copula",2000,-1.5,"0.1(log(n))^2",0.52
622,1000,2,"T_Copula",2000,-1.5,"0.1(log(n))^2",0.43
623,1000,2,"T_Copula",2000,-1.5,"0.1(log(n))^2",0.45
624,1000,2,"T_Copula",2000,-1.5,"0.1(log(n))^2",0.27
625,1000,2,"T_Copula",2000,-1.5,"0.1(log(n))^2",0.14
626,1000,2,"T_Copula",2000,-1.5,"0.1(log(n))^2",0.04
627,1000,2,"T_Copula",2000,-1.5,"0.1(log(n))^2",0.06
628,1000,2,"T_Copula",2000,-1.5,"0.1(log(n))^2",0.4
629,1000,2,"T_Copula",2000,-1.5,"0.1(log(n))^2",0.28
630,1000,2,"T_Copula",2000,-1.5,"0.1(log(n))^2",0.2
631,1000,2,"T_Copula",2000,-1.5,"0.1(log(n))^2",0.96
632,1000,2,"T_Copula",2000,-1.5,"0.1(log(n))^2",0.69
633,1000,2,"T_Copula",2000,-1.5,"0.1(log(n))^2",0.43
634,1000,2,"T_Copula",2000,-1.5,"0.1(log(n))^2",0.63
635,1000,2,"T_Copula",2000,-1.5,"0.1(log(n))^2",0.03
636,1000,2,"T_Copula",2000,-1.5,"0.1(log(n))^2",0.1
637,1000,2,"T_Copula",2000,-1.5,"0.1(log(n))^2",0.93
638,1000,2,"T_Copula",2000,-1.5,"0.1(log(n))^2",0.34
639,1000,2,"T_Copula",2000,-1.5,"0.1(log(n))^2",0.94
640,1000,2,"T_Copula",2000,-1.5,"0.1(log(n))^2",0.32
641,1000,2,"T_Copula",2000,-1.5,"0.1(log(n))^2",0.23
642,1000,2,"T_Copula",2000,-1.5,"0.1(log(n))^2",0.73
643,1000,2,"T_Copula",2000,-1.5,"0.1(log(n))^2",0.56
644,1000,2,"T_Copula",2000,-1.5,"0.1(log(n))^2",0.47
645,1000,2,"T_Copula",2000,-1.5,"0.1(log(n))^2",0.66
646,1000,2,"T_Copula",2000,-1.5,"0.1(log(n))^2",0.39
647,1000,2,"T_Copula",2000,-1.5,"0.1(log(n))^2",0.58
648,1000,2,"T_Copula",2000,-1.5,"0.1(log(n))^2",0.58
649,1000,2,"T_Copula",2000,-1.5,"0.1(log(n))^2",0.5
650,1000,2,"T_Copula",2000,-1.5,"0.1(log(n))^2",0.31
651,1000,2,"T_Copula",2000,-1.5,"0.1(log(n))^2",0.17
652,1000,2,"T_Copula",2000,-1.5,"0.1(log(n))^2",0.93
653,1000,2,"T_Copula",2000,-1.5,"0.1(log(n))^2",0.35
654,1000,2,"T_Copula",2000,-1.5,"0.1(log(n))^2",0.48
655,1000,2,"T_Copula",2000,-1.5,"0.1(log(n))^2",0.37
656,1000,2,"T_Copula",2000,-1.5,"0.1(log(n))^2",0.12
657,1000,2,"T_Copula",2000,-1.5,"0.1(log(n))^2",0.45
658,1000,2,"T_Copula",2000,-1.5,"0.1(log(n))^2",0.54
659,1000,2,"T_Copula",2000,-1.5,"0.1(log(n))^2",0.39
660,1000,2,"T_Copula",2000,-1.5,"0.1(log(n))^2",0.24
661,1000,2,"T_Copula",2000,-1.5,"0.1(log(n))^2",0.23
662,1000,2,"T_Copula",2000,-1.5,"0.1(log(n))^2",0.67
663,1000,2,"T_Copula",2000,-1.5,"0.1(log(n))^2",0.06
664,1000,2,"T_Copula",2000,-1.5,"0.1(log(n))^2",0.2
665,1000,2,"T_Copula",2000,-1.5,"0.1(log(n))^2",0.08
666,1000,2,"T_Copula",2000,-1.5,"0.1(log(n))^2",0.4
667,1000,2,"T_Copula",2000,-1.5,"0.1(log(n))^2",0.41
668,1000,2,"T_Copula",2000,-1.5,"0.1(log(n))^2",0.12
669,1000,2,"T_Copula",2000,-1.5,"0.1(log(n))^2",0.33
670,1000,2,"T_Copula",2000,-1.5,"0.1(log(n))^2",0.67
671,1000,2,"T_Copula",2000,-1.5,"0.1(log(n))^2",0.05
672,1000,2,"T_Copula",2000,-1.5,"0.1(log(n))^2",0.37
673,1000,2,"T_Copula",2000,-1.5,"0.1(log(n))^2",0.05
674,1000,2,"T_Copula",2000,-1.5,"0.1(log(n))^2",0.12
675,1000,2,"T_Copula",2000,-1.5,"0.1(log(n))^2",0.16
676,1000,2,"T_Copula",2000,-1.5,"0.1(log(n))^2",0.84
677,1000,2,"T_Copula",2000,-1.5,"0.1(log(n))^2",0.86
678,1000,2,"T_Copula",2000,-1.5,"0.1(log(n))^2",0.03
679,1000,2,"T_Copula",2000,-1.5,"0.1(log(n))^2",0.19
680,1000,2,"T_Copula",2000,-1.5,"0.1(log(n))^2",0.49
681,1000,2,"T_Copula",2000,-1.5,"0.1(log(n))^2",0.61
682,1000,2,"T_Copula",2000,-1.5,"0.1(log(n))^2",0.49
683,1000,2,"T_Copula",2000,-1.5,"0.1(log(n))^2",0.26
684,1000,2,"T_Copula",2000,-1.5,"0.1(log(n))^2",0.48
685,1000,2,"T_Copula",2000,-1.5,"0.1(log(n))^2",0.36
686,1000,2,"T_Copula",2000,-1.5,"0.1(log(n))^2",0.28
687,1000,2,"T_Copula",2000,-1.5,"0.1(log(n))^2",0.76
688,1000,2,"T_Copula",2000,-1.5,"0.1(log(n))^2",0.88
689,1000,2,"T_Copula",2000,-1.5,"0.1(log(n))^2",0.3
690,1000,2,"T_Copula",2000,-1.5,"0.1(log(n))^2",0.34
691,1000,2,"T_Copula",2000,-1.5,"0.1(log(n))^2",0.31
692,1000,2,"T_Copula",2000,-1.5,"0.1(log(n))^2",0.2
693,1000,2,"T_Copula",2000,-1.5,"0.1(log(n))^2",0.61
694,1000,2,"T_Copula",2000,-1.5,"0.1(log(n))^2",0.49
695,1000,2,"T_Copula",2000,-1.5,"0.1(log(n))^2",0.02
696,1000,2,"T_Copula",2000,-1.5,"0.1(log(n))^2",0.2
697,1000,2,"T_Copula",2000,-1.5,"0.1(log(n))^2",0.19
698,1000,2,"T_Copula",2000,-1.5,"0.1(log(n))^2",0.14
699,1000,2,"T_Copula",2000,-1.5,"0.1(log(n))^2",0.37
700,1000,2,"T_Copula",2000,-1.5,"0.1(log(n))^2",0.32
701,1000,2,"T_Copula",2000,-1.5,"0.1(log(n))^2",0.29
702,1000,2,"T_Copula",2000,-1.5,"0.1(log(n))^2",0.33
703,1000,2,"T_Copula",2000,-1.5,"0.1(log(n))^2",0.31
704,1000,2,"T_Copula",2000,-1.5,"0.1(log(n))^2",0.52
705,1000,2,"T_Copula",2000,-1.5,"0.1(log(n))^2",0.78
706,1000,2,"T_Copula",2000,-1.5,"0.1(log(n))^2",0.14
707,1000,2,"T_Copula",2000,-1.5,"0.1(log(n))^2",0.69
708,1000,2,"T_Copula",2000,-1.5,"0.1(log(n))^2",0.36
709,1000,2,"T_Copula",2000,-1.5,"0.1(log(n))^2",0.88
710,1000,2,"T_Copula",2000,-1.5,"0.1(log(n))^2",0.59
711,1000,2,"T_Copula",2000,-1.5,"0.1(log(n))^2",0.95
712,1000,2,"T_Copula",2000,-1.5,"0.1(log(n))^2",0.93
713,1000,2,"T_Copula",2000,-1.5,"0.1(log(n))^2",0.85
714,1000,2,"T_Copula",2000,-1.5,"0.1(log(n))^2",0.4
715,1000,2,"T_Copula",2000,-1.5,"0.1(log(n))^2",0.07
716,1000,2,"T_Copula",2000,-1.5,"0.1(log(n))^2",0.34
717,1000,2,"T_Copula",2000,-1.5,"0.1(log(n))^2",0.73
718,1000,2,"T_Copula",2000,-1.5,"0.1(log(n))^2",0.76
719,1000,2,"T_Copula",2000,-1.5,"0.1(log(n))^2",0.88
720,1000,2,"T_Copula",2000,-1.5,"0.1(log(n))^2",0.2
721,1000,2,"T_Copula",2000,-1.5,"0.1(log(n))^2",0.51
722,1000,2,"T_Copula",2000,-1.5,"0.1(log(n))^2",0.87
723,1000,2,"T_Copula",2000,-1.5,"0.1(log(n))^2",0.46
724,1000,2,"T_Copula",2000,-1.5,"0.1(log(n))^2",0.67
725,1000,2,"T_Copula",2000,-1.5,"0.1(log(n))^2",0.34
726,1000,2,"T_Copula",2000,-1.5,"0.1(log(n))^2",0.89
727,1000,2,"T_Copula",2000,-1.5,"0.1(log(n))^2",0.01
728,1000,2,"T_Copula",2000,-1.5,"0.1(log(n))^2",0.18
729,1000,2,"T_Copula",2000,-1.5,"0.1(log(n))^2",0.41
730,1000,2,"T_Copula",2000,-1.5,"0.1(log(n))^2",0.36
731,1000,2,"T_Copula",2000,-1.5,"0.1(log(n))^2",0.43
732,1000,2,"T_Copula",2000,-1.5,"0.1(log(n))^2",0.9
733,1000,2,"T_Copula",2000,-1.5,"0.1(log(n))^2",1
734,1000,2,"T_Copula",2000,-1.5,"0.1(log(n))^2",0.06
735,1000,2,"T_Copula",2000,-1.5,"0.1(log(n))^2",0.73
736,1000,2,"T_Copula",2000,-1.5,"0.1(log(n))^2",0.08
737,1000,2,"T_Copula",2000,-1.5,"0.1(log(n))^2",0.6
738,1000,2,"T_Copula",2000,-1.5,"0.1(log(n))^2",0.25
739,1000,2,"T_Copula",2000,-1.5,"0.1(log(n))^2",0.75
740,1000,2,"T_Copula",2000,-1.5,"0.1(log(n))^2",0.77
741,1000,2,"T_Copula",2000,-1.5,"0.1(log(n))^2",0.51
742,1000,2,"T_Copula",2000,-1.5,"0.1(log(n))^2",0.13
743,1000,2,"T_Copula",2000,-1.5,"0.1(log(n))^2",0.59
744,1000,2,"T_Copula",2000,-1.5,"0.1(log(n))^2",0.61
745,1000,2,"T_Copula",2000,-1.5,"0.1(log(n))^2",0.52
746,1000,2,"T_Copula",2000,-1.5,"0.1(log(n))^2",0.04
747,1000,2,"T_Copula",2000,-1.5,"0.1(log(n))^2",0.38
748,1000,2,"T_Copula",2000,-1.5,"0.1(log(n))^2",0.09
749,1000,2,"T_Copula",2000,-1.5,"0.1(log(n))^2",0.66
750,1000,2,"T_Copula",2000,-1.5,"0.1(log(n))^2",0.32
751,1000,2,"T_Copula",2000,-1.5,"0.1(log(n))^2",0.17
752,1000,2,"T_Copula",2000,-1.5,"0.1(log(n))^2",0.53
753,1000,2,"T_Copula",2000,-1.5,"0.1(log(n))^2",0.33
754,1000,2,"T_Copula",2000,-1.5,"0.1(log(n))^2",0.24
755,1000,2,"T_Copula",2000,-1.5,"0.1(log(n))^2",0.33
756,1000,2,"T_Copula",2000,-1.5,"0.1(log(n))^2",0.57
757,1000,2,"T_Copula",2000,-1.5,"0.1(log(n))^2",0.54
758,1000,2,"T_Copula",2000,-1.5,"0.1(log(n))^2",0.67
759,1000,2,"T_Copula",2000,-1.5,"0.1(log(n))^2",0.21
760,1000,2,"T_Copula",2000,-1.5,"0.1(log(n))^2",0.47
761,1000,2,"T_Copula",2000,-1.5,"0.1(log(n))^2",0.38
762,1000,2,"T_Copula",2000,-1.5,"0.1(log(n))^2",0.19
763,1000,2,"T_Copula",2000,-1.5,"0.1(log(n))^2",0.37
764,1000,2,"T_Copula",2000,-1.5,"0.1(log(n))^2",0.56
765,1000,2,"T_Copula",2000,-1.5,"0.1(log(n))^2",0.41
766,1000,2,"T_Copula",2000,-1.5,"0.1(log(n))^2",0.6
767,1000,2,"T_Copula",2000,-1.5,"0.1(log(n))^2",0.33
768,1000,2,"T_Copula",2000,-1.5,"0.1(log(n))^2",0.21
769,1000,2,"T_Copula",2000,-1.5,"0.1(log(n))^2",0.18
770,1000,2,"T_Copula",2000,-1.5,"0.1(log(n))^2",0.72
771,1000,2,"T_Copula",2000,-1.5,"0.1(log(n))^2",0.82
772,1000,2,"T_Copula",2000,-1.5,"0.1(log(n))^2",0.95
773,1000,2,"T_Copula",2000,-1.5,"0.1(log(n))^2",0.19
774,1000,2,"T_Copula",2000,-1.5,"0.1(log(n))^2",0.79
775,1000,2,"T_Copula",2000,-1.5,"0.1(log(n))^2",0.91
776,1000,2,"T_Copula",2000,-1.5,"0.1(log(n))^2",0.7
777,1000,2,"T_Copula",2000,-1.5,"0.1(log(n))^2",0.2
778,1000,2,"T_Copula",2000,-1.5,"0.1(log(n))^2",0.45
779,1000,2,"T_Copula",2000,-1.5,"0.1(log(n))^2",0.2
780,1000,2,"T_Copula",2000,-1.5,"0.1(log(n))^2",0.21
781,1000,2,"T_Copula",2000,-1.5,"0.1(log(n))^2",0.36
782,1000,2,"T_Copula",2000,-1.5,"0.1(log(n))^2",0.43
783,1000,2,"T_Copula",2000,-1.5,"0.1(log(n))^2",0.48
784,1000,2,"T_Copula",2000,-1.5,"0.1(log(n))^2",0.31
785,1000,2,"T_Copula",2000,-1.5,"0.1(log(n))^2",0.02
786,1000,2,"T_Copula",2000,-1.5,"0.1(log(n))^2",0.26
787,1000,2,"T_Copula",2000,-1.5,"0.1(log(n))^2",0.83
788,1000,2,"T_Copula",2000,-1.5,"0.1(log(n))^2",0.01
789,1000,2,"T_Copula",2000,-1.5,"0.1(log(n))^2",0.7
790,1000,2,"T_Copula",2000,-1.5,"0.1(log(n))^2",0.55
791,1000,2,"T_Copula",2000,-1.5,"0.1(log(n))^2",0.03
792,1000,2,"T_Copula",2000,-1.5,"0.1(log(n))^2",0.72
793,1000,2,"T_Copula",2000,-1.5,"0.1(log(n))^2",0.66
794,1000,2,"T_Copula",2000,-1.5,"0.1(log(n))^2",0.11
795,1000,2,"T_Copula",2000,-1.5,"0.1(log(n))^2",0.84
796,1000,2,"T_Copula",2000,-1.5,"0.1(log(n))^2",0.45
797,1000,2,"T_Copula",2000,-1.5,"0.1(log(n))^2",0.39
798,1000,2,"T_Copula",2000,-1.5,"0.1(log(n))^2",0.51
799,1000,2,"T_Copula",2000,-1.5,"0.1(log(n))^2",0.74
800,1000,2,"T_Copula",2000,-1.5,"0.1(log(n))^2",0.81
801,1000,2,"T_Copula",2000,-1.5,"0.1(log(n))^2",0.15
802,1000,2,"T_Copula",2000,-1.5,"0.1(log(n))^2",0.36
803,1000,2,"T_Copula",2000,-1.5,"0.1(log(n))^2",0.34
804,1000,2,"T_Copula",2000,-1.5,"0.1(log(n))^2",0.58
805,1000,2,"T_Copula",2000,-1.5,"0.1(log(n))^2",0.14
806,1000,2,"T_Copula",2000,-1.5,"0.1(log(n))^2",0.68
807,1000,2,"T_Copula",2000,-1.5,"0.1(log(n))^2",0
808,1000,2,"T_Copula",2000,-1.5,"0.1(log(n))^2",0.41
809,1000,2,"T_Copula",2000,-1.5,"0.1(log(n))^2",0.36
810,1000,2,"T_Copula",2000,-1.5,"0.1(log(n))^2",0.41
811,1000,2,"T_Copula",2000,-1.5,"0.1(log(n))^2",0.74
812,1000,2,"T_Copula",2000,-1.5,"0.1(log(n))^2",0.13
813,1000,2,"T_Copula",2000,-1.5,"0.1(log(n))^2",0.79
814,1000,2,"T_Copula",2000,-1.5,"0.1(log(n))^2",0.49
815,1000,2,"T_Copula",2000,-1.5,"0.1(log(n))^2",0.19
816,1000,2,"T_Copula",2000,-1.5,"0.1(log(n))^2",0.08
817,1000,2,"T_Copula",2000,-1.5,"0.1(log(n))^2",0.6
818,1000,2,"T_Copula",2000,-1.5,"0.1(log(n))^2",0.52
819,1000,2,"T_Copula",2000,-1.5,"0.1(log(n))^2",0.16
820,1000,2,"T_Copula",2000,-1.5,"0.1(log(n))^2",0.27
821,1000,2,"T_Copula",2000,-1.5,"0.1(log(n))^2",0.71
822,1000,2,"T_Copula",2000,-1.5,"0.1(log(n))^2",0.72
823,1000,2,"T_Copula",2000,-1.5,"0.1(log(n))^2",0.75
824,1000,2,"T_Copula",2000,-1.5,"0.1(log(n))^2",0.66
825,1000,2,"T_Copula",2000,-1.5,"0.1(log(n))^2",0.04
826,1000,2,"T_Copula",2000,-1.5,"0.1(log(n))^2",0.59
827,1000,2,"T_Copula",2000,-1.5,"0.1(log(n))^2",0.55
828,1000,2,"T_Copula",2000,-1.5,"0.1(log(n))^2",0.46
829,1000,2,"T_Copula",2000,-1.5,"0.1(log(n))^2",0.12
830,1000,2,"T_Copula",2000,-1.5,"0.1(log(n))^2",0.46
831,1000,2,"T_Copula",2000,-1.5,"0.1(log(n))^2",0.09
832,1000,2,"T_Copula",2000,-1.5,"0.1(log(n))^2",0.32
833,1000,2,"T_Copula",2000,-1.5,"0.1(log(n))^2",0.41
834,1000,2,"T_Copula",2000,-1.5,"0.1(log(n))^2",0.46
835,1000,2,"T_Copula",2000,-1.5,"0.1(log(n))^2",0.03
836,1000,2,"T_Copula",2000,-1.5,"0.1(log(n))^2",0.55
837,1000,2,"T_Copula",2000,-1.5,"0.1(log(n))^2",0.35
838,1000,2,"T_Copula",2000,-1.5,"0.1(log(n))^2",0.73
839,1000,2,"T_Copula",2000,-1.5,"0.1(log(n))^2",0.58
840,1000,2,"T_Copula",2000,-1.5,"0.1(log(n))^2",0.29
841,1000,2,"T_Copula",2000,-1.5,"0.1(log(n))^2",0.33
842,1000,2,"T_Copula",2000,-1.5,"0.1(log(n))^2",0.32
843,1000,2,"T_Copula",2000,-1.5,"0.1(log(n))^2",0.4
844,1000,2,"T_Copula",2000,-1.5,"0.1(log(n))^2",0.57
845,1000,2,"T_Copula",2000,-1.5,"0.1(log(n))^2",0.32
846,1000,2,"T_Copula",2000,-1.5,"0.1(log(n))^2",0.3
847,1000,2,"T_Copula",2000,-1.5,"0.1(log(n))^2",0.45
848,1000,2,"T_Copula",2000,-1.5,"0.1(log(n))^2",0.7
849,1000,2,"T_Copula",2000,-1.5,"0.1(log(n))^2",0.08
850,1000,2,"T_Copula",2000,-1.5,"0.1(log(n))^2",0.3
851,1000,2,"T_Copula",2000,-1.5,"0.1(log(n))^2",0.14
852,1000,2,"T_Copula",2000,-1.5,"0.1(log(n))^2",0.55
853,1000,2,"T_Copula",2000,-1.5,"0.1(log(n))^2",0.13
854,1000,2,"T_Copula",2000,-1.5,"0.1(log(n))^2",0.6
855,1000,2,"T_Copula",2000,-1.5,"0.1(log(n))^2",0.74
856,1000,2,"T_Copula",2000,-1.5,"0.1(log(n))^2",0.71
857,1000,2,"T_Copula",2000,-1.5,"0.1(log(n))^2",0.54
858,1000,2,"T_Copula",2000,-1.5,"0.1(log(n))^2",0.62
859,1000,2,"T_Copula",2000,-1.5,"0.1(log(n))^2",0.56
860,1000,2,"T_Copula",2000,-1.5,"0.1(log(n))^2",0.31
861,1000,2,"T_Copula",2000,-1.5,"0.1(log(n))^2",0.73
862,1000,2,"T_Copula",2000,-1.5,"0.1(log(n))^2",0.84
863,1000,2,"T_Copula",2000,-1.5,"0.1(log(n))^2",0.04
864,1000,2,"T_Copula",2000,-1.5,"0.1(log(n))^2",0.43
865,1000,2,"T_Copula",2000,-1.5,"0.1(log(n))^2",0.44
866,1000,2,"T_Copula",2000,-1.5,"0.1(log(n))^2",0.34
867,1000,2,"T_Copula",2000,-1.5,"0.1(log(n))^2",0.59
868,1000,2,"T_Copula",2000,-1.5,"0.1(log(n))^2",0.68
869,1000,2,"T_Copula",2000,-1.5,"0.1(log(n))^2",0.41
870,1000,2,"T_Copula",2000,-1.5,"0.1(log(n))^2",0.57
871,1000,2,"T_Copula",2000,-1.5,"0.1(log(n))^2",0.46
872,1000,2,"T_Copula",2000,-1.5,"0.1(log(n))^2",0.84
873,1000,2,"T_Copula",2000,-1.5,"0.1(log(n))^2",0.31
874,1000,2,"T_Copula",2000,-1.5,"0.1(log(n))^2",0.94
875,1000,2,"T_Copula",2000,-1.5,"0.1(log(n))^2",0.08
876,1000,2,"T_Copula",2000,-1.5,"0.1(log(n))^2",0.79
877,1000,2,"T_Copula",2000,-1.5,"0.1(log(n))^2",0.6
878,1000,2,"T_Copula",2000,-1.5,"0.1(log(n))^2",0.65
879,1000,2,"T_Copula",2000,-1.5,"0.1(log(n))^2",0.08
880,1000,2,"T_Copula",2000,-1.5,"0.1(log(n))^2",0.74
881,1000,2,"T_Copula",2000,-1.5,"0.1(log(n))^2",0.64
882,1000,2,"T_Copula",2000,-1.5,"0.1(log(n))^2",0.5
883,1000,2,"T_Copula",2000,-1.5,"0.1(log(n))^2",0.19
884,1000,2,"T_Copula",2000,-1.5,"0.1(log(n))^2",0.08
885,1000,2,"T_Copula",2000,-1.5,"0.1(log(n))^2",0.76
886,1000,2,"T_Copula",2000,-1.5,"0.1(log(n))^2",0.17
887,1000,2,"T_Copula",2000,-1.5,"0.1(log(n))^2",0.67
888,1000,2,"T_Copula",2000,-1.5,"0.1(log(n))^2",0.71
889,1000,2,"T_Copula",2000,-1.5,"0.1(log(n))^2",0.48
890,1000,2,"T_Copula",2000,-1.5,"0.1(log(n))^2",0.84
891,1000,2,"T_Copula",2000,-1.5,"0.1(log(n))^2",0.52
892,1000,2,"T_Copula",2000,-1.5,"0.1(log(n))^2",0.7
893,1000,2,"T_Copula",2000,-1.5,"0.1(log(n))^2",0.05
894,1000,2,"T_Copula",2000,-1.5,"0.1(log(n))^2",0.02
895,1000,2,"T_Copula",2000,-1.5,"0.1(log(n))^2",0.7
896,1000,2,"T_Copula",2000,-1.5,"0.1(log(n))^2",0.18
897,1000,2,"T_Copula",2000,-1.5,"0.1(log(n))^2",0.82
898,1000,2,"T_Copula",2000,-1.5,"0.1(log(n))^2",0.31
899,1000,2,"T_Copula",2000,-1.5,"0.1(log(n))^2",0.15
900,1000,2,"T_Copula",2000,-1.5,"0.1(log(n))^2",0.33
901,1000,2,"T_Copula",2000,-1.5,"0.1(log(n))^2",0.32
902,1000,2,"T_Copula",2000,-1.5,"0.1(log(n))^2",0.47
903,1000,2,"T_Copula",2000,-1.5,"0.1(log(n))^2",0.46
904,1000,2,"T_Copula",2000,-1.5,"0.1(log(n))^2",0.09
905,1000,2,"T_Copula",2000,-1.5,"0.1(log(n))^2",0.63
906,1000,2,"T_Copula",2000,-1.5,"0.1(log(n))^2",0.97
907,1000,2,"T_Copula",2000,-1.5,"0.1(log(n))^2",0.23
908,1000,2,"T_Copula",2000,-1.5,"0.1(log(n))^2",0.78
909,1000,2,"T_Copula",2000,-1.5,"0.1(log(n))^2",0.86
910,1000,2,"T_Copula",2000,-1.5,"0.1(log(n))^2",0.08
911,1000,2,"T_Copula",2000,-1.5,"0.1(log(n))^2",0.52
912,1000,2,"T_Copula",2000,-1.5,"0.1(log(n))^2",0.14
913,1000,2,"T_Copula",2000,-1.5,"0.1(log(n))^2",0.45
914,1000,2,"T_Copula",2000,-1.5,"0.1(log(n))^2",0.71
915,1000,2,"T_Copula",2000,-1.5,"0.1(log(n))^2",0.03
916,1000,2,"T_Copula",2000,-1.5,"0.1(log(n))^2",0.05
917,1000,2,"T_Copula",2000,-1.5,"0.1(log(n))^2",0.62
918,1000,2,"T_Copula",2000,-1.5,"0.1(log(n))^2",0.84
919,1000,2,"T_Copula",2000,-1.5,"0.1(log(n))^2",0.74
920,1000,2,"T_Copula",2000,-1.5,"0.1(log(n))^2",0.26
921,1000,2,"T_Copula",2000,-1.5,"0.1(log(n))^2",0.29
922,1000,2,"T_Copula",2000,-1.5,"0.1(log(n))^2",0.75
923,1000,2,"T_Copula",2000,-1.5,"0.1(log(n))^2",0.1
924,1000,2,"T_Copula",2000,-1.5,"0.1(log(n))^2",0.71
925,1000,2,"T_Copula",2000,-1.5,"0.1(log(n))^2",0.82
926,1000,2,"T_Copula",2000,-1.5,"0.1(log(n))^2",0.21
927,1000,2,"T_Copula",2000,-1.5,"0.1(log(n))^2",0.72
928,1000,2,"T_Copula",2000,-1.5,"0.1(log(n))^2",0.47
929,1000,2,"T_Copula",2000,-1.5,"0.1(log(n))^2",0.97
930,1000,2,"T_Copula",2000,-1.5,"0.1(log(n))^2",0.15
931,1000,2,"T_Copula",2000,-1.5,"0.1(log(n))^2",0.63
932,1000,2,"T_Copula",2000,-1.5,"0.1(log(n))^2",0.35
933,1000,2,"T_Copula",2000,-1.5,"0.1(log(n))^2",0.3
934,1000,2,"T_Copula",2000,-1.5,"0.1(log(n))^2",0.37
935,1000,2,"T_Copula",2000,-1.5,"0.1(log(n))^2",0.55
936,1000,2,"T_Copula",2000,-1.5,"0.1(log(n))^2",0.35
937,1000,2,"T_Copula",2000,-1.5,"0.1(log(n))^2",0
938,1000,2,"T_Copula",2000,-1.5,"0.1(log(n))^2",0.21
939,1000,2,"T_Copula",2000,-1.5,"0.1(log(n))^2",0.73
940,1000,2,"T_Copula",2000,-1.5,"0.1(log(n))^2",0.2
941,1000,2,"T_Copula",2000,-1.5,"0.1(log(n))^2",0.29
942,1000,2,"T_Copula",2000,-1.5,"0.1(log(n))^2",0.7
943,1000,2,"T_Copula",2000,-1.5,"0.1(log(n))^2",0.81
944,1000,2,"T_Copula",2000,-1.5,"0.1(log(n))^2",0.76
945,1000,2,"T_Copula",2000,-1.5,"0.1(log(n))^2",0.66
946,1000,2,"T_Copula",2000,-1.5,"0.1(log(n))^2",0.27
947,1000,2,"T_Copula",2000,-1.5,"0.1(log(n))^2",0.81
948,1000,2,"T_Copula",2000,-1.5,"0.1(log(n))^2",0.17
949,1000,2,"T_Copula",2000,-1.5,"0.1(log(n))^2",0.78
950,1000,2,"T_Copula",2000,-1.5,"0.1(log(n))^2",0.26
951,1000,2,"T_Copula",2000,-1.5,"0.1(log(n))^2",0.19
952,1000,2,"T_Copula",2000,-1.5,"0.1(log(n))^2",0.04
953,1000,2,"T_Copula",2000,-1.5,"0.1(log(n))^2",0.46
954,1000,2,"T_Copula",2000,-1.5,"0.1(log(n))^2",0.6
955,1000,2,"T_Copula",2000,-1.5,"0.1(log(n))^2",0.4
956,1000,2,"T_Copula",2000,-1.5,"0.1(log(n))^2",0.58
957,1000,2,"T_Copula",2000,-1.5,"0.1(log(n))^2",0.41
958,1000,2,"T_Copula",2000,-1.5,"0.1(log(n))^2",0.81
959,1000,2,"T_Copula",2000,-1.5,"0.1(log(n))^2",0.29
960,1000,2,"T_Copula",2000,-1.5,"0.1(log(n))^2",0.49
961,1000,2,"T_Copula",2000,-1.5,"0.1(log(n))^2",0.84
962,1000,2,"T_Copula",2000,-1.5,"0.1(log(n))^2",0.44
963,1000,2,"T_Copula",2000,-1.5,"0.1(log(n))^2",0.65
964,1000,2,"T_Copula",2000,-1.5,"0.1(log(n))^2",0.54
965,1000,2,"T_Copula",2000,-1.5,"0.1(log(n))^2",0.36
966,1000,2,"T_Copula",2000,-1.5,"0.1(log(n))^2",0.12
967,1000,2,"T_Copula",2000,-1.5,"0.1(log(n))^2",0.91
968,1000,2,"T_Copula",2000,-1.5,"0.1(log(n))^2",0.47
969,1000,2,"T_Copula",2000,-1.5,"0.1(log(n))^2",0.27
970,1000,2,"T_Copula",2000,-1.5,"0.1(log(n))^2",0.14
971,1000,2,"T_Copula",2000,-1.5,"0.1(log(n))^2",0.79
972,1000,2,"T_Copula",2000,-1.5,"0.1(log(n))^2",0.45
973,1000,2,"T_Copula",2000,-1.5,"0.1(log(n))^2",0.71
974,1000,2,"T_Copula",2000,-1.5,"0.1(log(n))^2",0.38
975,1000,2,"T_Copula",2000,-1.5,"0.1(log(n))^2",0.42
976,1000,2,"T_Copula",2000,-1.5,"0.1(log(n))^2",0.24
977,1000,2,"T_Copula",2000,-1.5,"0.1(log(n))^2",0.01
978,1000,2,"T_Copula",2000,-1.5,"0.1(log(n))^2",0.79
979,1000,2,"T_Copula",2000,-1.5,"0.1(log(n))^2",0.35
980,1000,2,"T_Copula",2000,-1.5,"0.1(log(n))^2",0.72
981,1000,2,"T_Copula",2000,-1.5,"0.1(log(n))^2",0.67
982,1000,2,"T_Copula",2000,-1.5,"0.1(log(n))^2",0.42
983,1000,2,"T_Copula",2000,-1.5,"0.1(log(n))^2",0.66
984,1000,2,"T_Copula",2000,-1.5,"0.1(log(n))^2",0.49
985,1000,2,"T_Copula",2000,-1.5,"0.1(log(n))^2",0.12
986,1000,2,"T_Copula",2000,-1.5,"0.1(log(n))^2",0.25
987,1000,2,"T_Copula",2000,-1.5,"0.1(log(n))^2",0.48
988,1000,2,"T_Copula",2000,-1.5,"0.1(log(n))^2",0.99
989,1000,2,"T_Copula",2000,-1.5,"0.1(log(n))^2",0.78
990,1000,2,"T_Copula",2000,-1.5,"0.1(log(n))^2",0.76
991,1000,2,"T_Copula",2000,-1.5,"0.1(log(n))^2",0.64
992,1000,2,"T_Copula",2000,-1.5,"0.1(log(n))^2",0.63
993,1000,2,"T_Copula",2000,-1.5,"0.1(log(n))^2",0.03
994,1000,2,"T_Copula",2000,-1.5,"0.1(log(n))^2",0.26
995,1000,2,"T_Copula",2000,-1.5,"0.1(log(n))^2",0.6
996,1000,2,"T_Copula",2000,-1.5,"0.1(log(n))^2",0.47
997,1000,2,"T_Copula",2000,-1.5,"0.1(log(n))^2",0.25
998,1000,2,"T_Copula",2000,-1.5,"0.1(log(n))^2",0.94
999,1000,2,"T_Copula",2000,-1.5,"0.1(log(n))^2",0.85
1000,1000,2,"T_Copula",2000,-1.5,"0.1(log(n))^2",0.41
