"iteration","level","d","dgp_name","n_values","tau","L_n_type","stat"
1,1000,2,"Clayton_Sine",2000,-1.5,"1(log(n))^2",0.21
2,1000,2,"Clayton_Sine",2000,-1.5,"1(log(n))^2",0.55
3,1000,2,"Clayton_Sine",2000,-1.5,"1(log(n))^2",0.62
4,1000,2,"Clayton_Sine",2000,-1.5,"1(log(n))^2",0.86
5,1000,2,"Clayton_Sine",2000,-1.5,"1(log(n))^2",1
6,1000,2,"Clayton_Sine",2000,-1.5,"1(log(n))^2",0.36
7,1000,2,"Clayton_Sine",2000,-1.5,"1(log(n))^2",0.69
8,1000,2,"Clayton_Sine",2000,-1.5,"1(log(n))^2",0.81
9,1000,2,"Clayton_Sine",2000,-1.5,"1(log(n))^2",0.32
10,1000,2,"Clayton_Sine",2000,-1.5,"1(log(n))^2",0.34
11,1000,2,"Clayton_Sine",2000,-1.5,"1(log(n))^2",0.56
12,1000,2,"Clayton_Sine",2000,-1.5,"1(log(n))^2",0.65
13,1000,2,"Clayton_Sine",2000,-1.5,"1(log(n))^2",0.77
14,1000,2,"Clayton_Sine",2000,-1.5,"1(log(n))^2",0.13
15,1000,2,"Clayton_Sine",2000,-1.5,"1(log(n))^2",0.36
16,1000,2,"Clayton_Sine",2000,-1.5,"1(log(n))^2",0.55
17,1000,2,"Clayton_Sine",2000,-1.5,"1(log(n))^2",0.43
18,1000,2,"Clayton_Sine",2000,-1.5,"1(log(n))^2",0.83
19,1000,2,"Clayton_Sine",2000,-1.5,"1(log(n))^2",0.35
20,1000,2,"Clayton_Sine",2000,-1.5,"1(log(n))^2",0.4
21,1000,2,"Clayton_Sine",2000,-1.5,"1(log(n))^2",0.65
22,1000,2,"Clayton_Sine",2000,-1.5,"1(log(n))^2",0.91
23,1000,2,"Clayton_Sine",2000,-1.5,"1(log(n))^2",0.95
24,1000,2,"Clayton_Sine",2000,-1.5,"1(log(n))^2",0.15
25,1000,2,"Clayton_Sine",2000,-1.5,"1(log(n))^2",0.46
26,1000,2,"Clayton_Sine",2000,-1.5,"1(log(n))^2",0.4
27,1000,2,"Clayton_Sine",2000,-1.5,"1(log(n))^2",0.82
28,1000,2,"Clayton_Sine",2000,-1.5,"1(log(n))^2",0.71
29,1000,2,"Clayton_Sine",2000,-1.5,"1(log(n))^2",0.61
30,1000,2,"Clayton_Sine",2000,-1.5,"1(log(n))^2",0.41
31,1000,2,"Clayton_Sine",2000,-1.5,"1(log(n))^2",0.63
32,1000,2,"Clayton_Sine",2000,-1.5,"1(log(n))^2",1
33,1000,2,"Clayton_Sine",2000,-1.5,"1(log(n))^2",0.63
34,1000,2,"Clayton_Sine",2000,-1.5,"1(log(n))^2",0.66
35,1000,2,"Clayton_Sine",2000,-1.5,"1(log(n))^2",0.36
36,1000,2,"Clayton_Sine",2000,-1.5,"1(log(n))^2",0.1
37,1000,2,"Clayton_Sine",2000,-1.5,"1(log(n))^2",0.35
38,1000,2,"Clayton_Sine",2000,-1.5,"1(log(n))^2",0.4
39,1000,2,"Clayton_Sine",2000,-1.5,"1(log(n))^2",0.94
40,1000,2,"Clayton_Sine",2000,-1.5,"1(log(n))^2",0.72
41,1000,2,"Clayton_Sine",2000,-1.5,"1(log(n))^2",0.83
42,1000,2,"Clayton_Sine",2000,-1.5,"1(log(n))^2",0.51
43,1000,2,"Clayton_Sine",2000,-1.5,"1(log(n))^2",0.34
44,1000,2,"Clayton_Sine",2000,-1.5,"1(log(n))^2",0.92
45,1000,2,"Clayton_Sine",2000,-1.5,"1(log(n))^2",0.89
46,1000,2,"Clayton_Sine",2000,-1.5,"1(log(n))^2",0.18
47,1000,2,"Clayton_Sine",2000,-1.5,"1(log(n))^2",0.67
48,1000,2,"Clayton_Sine",2000,-1.5,"1(log(n))^2",0.2
49,1000,2,"Clayton_Sine",2000,-1.5,"1(log(n))^2",0.83
50,1000,2,"Clayton_Sine",2000,-1.5,"1(log(n))^2",0.6
51,1000,2,"Clayton_Sine",2000,-1.5,"1(log(n))^2",0.99
52,1000,2,"Clayton_Sine",2000,-1.5,"1(log(n))^2",0.54
53,1000,2,"Clayton_Sine",2000,-1.5,"1(log(n))^2",0.99
54,1000,2,"Clayton_Sine",2000,-1.5,"1(log(n))^2",0.26
55,1000,2,"Clayton_Sine",2000,-1.5,"1(log(n))^2",0.85
56,1000,2,"Clayton_Sine",2000,-1.5,"1(log(n))^2",0.19
57,1000,2,"Clayton_Sine",2000,-1.5,"1(log(n))^2",0.94
58,1000,2,"Clayton_Sine",2000,-1.5,"1(log(n))^2",0.32
59,1000,2,"Clayton_Sine",2000,-1.5,"1(log(n))^2",0.32
60,1000,2,"Clayton_Sine",2000,-1.5,"1(log(n))^2",0.73
61,1000,2,"Clayton_Sine",2000,-1.5,"1(log(n))^2",0.26
62,1000,2,"Clayton_Sine",2000,-1.5,"1(log(n))^2",0.91
63,1000,2,"Clayton_Sine",2000,-1.5,"1(log(n))^2",0.73
64,1000,2,"Clayton_Sine",2000,-1.5,"1(log(n))^2",0.49
65,1000,2,"Clayton_Sine",2000,-1.5,"1(log(n))^2",0.97
66,1000,2,"Clayton_Sine",2000,-1.5,"1(log(n))^2",0.31
67,1000,2,"Clayton_Sine",2000,-1.5,"1(log(n))^2",0.63
68,1000,2,"Clayton_Sine",2000,-1.5,"1(log(n))^2",0.19
69,1000,2,"Clayton_Sine",2000,-1.5,"1(log(n))^2",0.55
70,1000,2,"Clayton_Sine",2000,-1.5,"1(log(n))^2",0.54
71,1000,2,"Clayton_Sine",2000,-1.5,"1(log(n))^2",0.82
72,1000,2,"Clayton_Sine",2000,-1.5,"1(log(n))^2",0.67
73,1000,2,"Clayton_Sine",2000,-1.5,"1(log(n))^2",0.54
74,1000,2,"Clayton_Sine",2000,-1.5,"1(log(n))^2",0.97
75,1000,2,"Clayton_Sine",2000,-1.5,"1(log(n))^2",0.17
76,1000,2,"Clayton_Sine",2000,-1.5,"1(log(n))^2",0.33
77,1000,2,"Clayton_Sine",2000,-1.5,"1(log(n))^2",0.96
78,1000,2,"Clayton_Sine",2000,-1.5,"1(log(n))^2",0.52
79,1000,2,"Clayton_Sine",2000,-1.5,"1(log(n))^2",0.74
80,1000,2,"Clayton_Sine",2000,-1.5,"1(log(n))^2",0.36
81,1000,2,"Clayton_Sine",2000,-1.5,"1(log(n))^2",0.43
82,1000,2,"Clayton_Sine",2000,-1.5,"1(log(n))^2",0.51
83,1000,2,"Clayton_Sine",2000,-1.5,"1(log(n))^2",0.52
84,1000,2,"Clayton_Sine",2000,-1.5,"1(log(n))^2",0.86
85,1000,2,"Clayton_Sine",2000,-1.5,"1(log(n))^2",0.98
86,1000,2,"Clayton_Sine",2000,-1.5,"1(log(n))^2",0.14
87,1000,2,"Clayton_Sine",2000,-1.5,"1(log(n))^2",0.54
88,1000,2,"Clayton_Sine",2000,-1.5,"1(log(n))^2",0.37
89,1000,2,"Clayton_Sine",2000,-1.5,"1(log(n))^2",0.69
90,1000,2,"Clayton_Sine",2000,-1.5,"1(log(n))^2",0.98
91,1000,2,"Clayton_Sine",2000,-1.5,"1(log(n))^2",0.24
92,1000,2,"Clayton_Sine",2000,-1.5,"1(log(n))^2",0.71
93,1000,2,"Clayton_Sine",2000,-1.5,"1(log(n))^2",0.34
94,1000,2,"Clayton_Sine",2000,-1.5,"1(log(n))^2",0.82
95,1000,2,"Clayton_Sine",2000,-1.5,"1(log(n))^2",0.96
96,1000,2,"Clayton_Sine",2000,-1.5,"1(log(n))^2",0.83
97,1000,2,"Clayton_Sine",2000,-1.5,"1(log(n))^2",0.61
98,1000,2,"Clayton_Sine",2000,-1.5,"1(log(n))^2",0.46
99,1000,2,"Clayton_Sine",2000,-1.5,"1(log(n))^2",0.94
100,1000,2,"Clayton_Sine",2000,-1.5,"1(log(n))^2",0.11
101,1000,2,"Clayton_Sine",2000,-1.5,"1(log(n))^2",0.53
102,1000,2,"Clayton_Sine",2000,-1.5,"1(log(n))^2",0.73
103,1000,2,"Clayton_Sine",2000,-1.5,"1(log(n))^2",0.71
104,1000,2,"Clayton_Sine",2000,-1.5,"1(log(n))^2",0.72
105,1000,2,"Clayton_Sine",2000,-1.5,"1(log(n))^2",0.87
106,1000,2,"Clayton_Sine",2000,-1.5,"1(log(n))^2",0.92
107,1000,2,"Clayton_Sine",2000,-1.5,"1(log(n))^2",0.35
108,1000,2,"Clayton_Sine",2000,-1.5,"1(log(n))^2",0.51
109,1000,2,"Clayton_Sine",2000,-1.5,"1(log(n))^2",0.75
110,1000,2,"Clayton_Sine",2000,-1.5,"1(log(n))^2",0.42
111,1000,2,"Clayton_Sine",2000,-1.5,"1(log(n))^2",0.77
112,1000,2,"Clayton_Sine",2000,-1.5,"1(log(n))^2",0.73
113,1000,2,"Clayton_Sine",2000,-1.5,"1(log(n))^2",1
114,1000,2,"Clayton_Sine",2000,-1.5,"1(log(n))^2",0.75
115,1000,2,"Clayton_Sine",2000,-1.5,"1(log(n))^2",0.85
116,1000,2,"Clayton_Sine",2000,-1.5,"1(log(n))^2",0.8
117,1000,2,"Clayton_Sine",2000,-1.5,"1(log(n))^2",0.4
118,1000,2,"Clayton_Sine",2000,-1.5,"1(log(n))^2",0.76
119,1000,2,"Clayton_Sine",2000,-1.5,"1(log(n))^2",0.97
120,1000,2,"Clayton_Sine",2000,-1.5,"1(log(n))^2",0.21
121,1000,2,"Clayton_Sine",2000,-1.5,"1(log(n))^2",0.65
122,1000,2,"Clayton_Sine",2000,-1.5,"1(log(n))^2",0.1
123,1000,2,"Clayton_Sine",2000,-1.5,"1(log(n))^2",0.64
124,1000,2,"Clayton_Sine",2000,-1.5,"1(log(n))^2",0.96
125,1000,2,"Clayton_Sine",2000,-1.5,"1(log(n))^2",0.9
126,1000,2,"Clayton_Sine",2000,-1.5,"1(log(n))^2",0.96
127,1000,2,"Clayton_Sine",2000,-1.5,"1(log(n))^2",0.18
128,1000,2,"Clayton_Sine",2000,-1.5,"1(log(n))^2",0.51
129,1000,2,"Clayton_Sine",2000,-1.5,"1(log(n))^2",0.99
130,1000,2,"Clayton_Sine",2000,-1.5,"1(log(n))^2",0.56
131,1000,2,"Clayton_Sine",2000,-1.5,"1(log(n))^2",0.98
132,1000,2,"Clayton_Sine",2000,-1.5,"1(log(n))^2",0.89
133,1000,2,"Clayton_Sine",2000,-1.5,"1(log(n))^2",0.5
134,1000,2,"Clayton_Sine",2000,-1.5,"1(log(n))^2",0.38
135,1000,2,"Clayton_Sine",2000,-1.5,"1(log(n))^2",0.3
136,1000,2,"Clayton_Sine",2000,-1.5,"1(log(n))^2",0.95
137,1000,2,"Clayton_Sine",2000,-1.5,"1(log(n))^2",0.7
138,1000,2,"Clayton_Sine",2000,-1.5,"1(log(n))^2",0.65
139,1000,2,"Clayton_Sine",2000,-1.5,"1(log(n))^2",0.72
140,1000,2,"Clayton_Sine",2000,-1.5,"1(log(n))^2",0.25
141,1000,2,"Clayton_Sine",2000,-1.5,"1(log(n))^2",0.18
142,1000,2,"Clayton_Sine",2000,-1.5,"1(log(n))^2",0.57
143,1000,2,"Clayton_Sine",2000,-1.5,"1(log(n))^2",0.94
144,1000,2,"Clayton_Sine",2000,-1.5,"1(log(n))^2",0.44
145,1000,2,"Clayton_Sine",2000,-1.5,"1(log(n))^2",0.52
146,1000,2,"Clayton_Sine",2000,-1.5,"1(log(n))^2",0.98
147,1000,2,"Clayton_Sine",2000,-1.5,"1(log(n))^2",0.21
148,1000,2,"Clayton_Sine",2000,-1.5,"1(log(n))^2",0.59
149,1000,2,"Clayton_Sine",2000,-1.5,"1(log(n))^2",0.7
150,1000,2,"Clayton_Sine",2000,-1.5,"1(log(n))^2",0.34
151,1000,2,"Clayton_Sine",2000,-1.5,"1(log(n))^2",1
152,1000,2,"Clayton_Sine",2000,-1.5,"1(log(n))^2",0.54
153,1000,2,"Clayton_Sine",2000,-1.5,"1(log(n))^2",0.34
154,1000,2,"Clayton_Sine",2000,-1.5,"1(log(n))^2",0.67
155,1000,2,"Clayton_Sine",2000,-1.5,"1(log(n))^2",0.51
156,1000,2,"Clayton_Sine",2000,-1.5,"1(log(n))^2",0.95
157,1000,2,"Clayton_Sine",2000,-1.5,"1(log(n))^2",0.18
158,1000,2,"Clayton_Sine",2000,-1.5,"1(log(n))^2",0.32
159,1000,2,"Clayton_Sine",2000,-1.5,"1(log(n))^2",0.94
160,1000,2,"Clayton_Sine",2000,-1.5,"1(log(n))^2",0.73
161,1000,2,"Clayton_Sine",2000,-1.5,"1(log(n))^2",0.26
162,1000,2,"Clayton_Sine",2000,-1.5,"1(log(n))^2",0.8
163,1000,2,"Clayton_Sine",2000,-1.5,"1(log(n))^2",0.23
164,1000,2,"Clayton_Sine",2000,-1.5,"1(log(n))^2",0.87
165,1000,2,"Clayton_Sine",2000,-1.5,"1(log(n))^2",0.54
166,1000,2,"Clayton_Sine",2000,-1.5,"1(log(n))^2",0.1
167,1000,2,"Clayton_Sine",2000,-1.5,"1(log(n))^2",0.41
168,1000,2,"Clayton_Sine",2000,-1.5,"1(log(n))^2",0.79
169,1000,2,"Clayton_Sine",2000,-1.5,"1(log(n))^2",0.6
170,1000,2,"Clayton_Sine",2000,-1.5,"1(log(n))^2",0.94
171,1000,2,"Clayton_Sine",2000,-1.5,"1(log(n))^2",0.31
172,1000,2,"Clayton_Sine",2000,-1.5,"1(log(n))^2",0.59
173,1000,2,"Clayton_Sine",2000,-1.5,"1(log(n))^2",0.99
174,1000,2,"Clayton_Sine",2000,-1.5,"1(log(n))^2",0.55
175,1000,2,"Clayton_Sine",2000,-1.5,"1(log(n))^2",0.29
176,1000,2,"Clayton_Sine",2000,-1.5,"1(log(n))^2",0.41
177,1000,2,"Clayton_Sine",2000,-1.5,"1(log(n))^2",0.48
178,1000,2,"Clayton_Sine",2000,-1.5,"1(log(n))^2",0.42
179,1000,2,"Clayton_Sine",2000,-1.5,"1(log(n))^2",0.42
180,1000,2,"Clayton_Sine",2000,-1.5,"1(log(n))^2",0.82
181,1000,2,"Clayton_Sine",2000,-1.5,"1(log(n))^2",0.29
182,1000,2,"Clayton_Sine",2000,-1.5,"1(log(n))^2",0.71
183,1000,2,"Clayton_Sine",2000,-1.5,"1(log(n))^2",0.63
184,1000,2,"Clayton_Sine",2000,-1.5,"1(log(n))^2",0.27
185,1000,2,"Clayton_Sine",2000,-1.5,"1(log(n))^2",0.72
186,1000,2,"Clayton_Sine",2000,-1.5,"1(log(n))^2",0.75
187,1000,2,"Clayton_Sine",2000,-1.5,"1(log(n))^2",0.38
188,1000,2,"Clayton_Sine",2000,-1.5,"1(log(n))^2",0.42
189,1000,2,"Clayton_Sine",2000,-1.5,"1(log(n))^2",0.46
190,1000,2,"Clayton_Sine",2000,-1.5,"1(log(n))^2",0.17
191,1000,2,"Clayton_Sine",2000,-1.5,"1(log(n))^2",0.58
192,1000,2,"Clayton_Sine",2000,-1.5,"1(log(n))^2",0.5
193,1000,2,"Clayton_Sine",2000,-1.5,"1(log(n))^2",0.85
194,1000,2,"Clayton_Sine",2000,-1.5,"1(log(n))^2",0.9
195,1000,2,"Clayton_Sine",2000,-1.5,"1(log(n))^2",0.3
196,1000,2,"Clayton_Sine",2000,-1.5,"1(log(n))^2",0.91
197,1000,2,"Clayton_Sine",2000,-1.5,"1(log(n))^2",0.49
198,1000,2,"Clayton_Sine",2000,-1.5,"1(log(n))^2",0.39
199,1000,2,"Clayton_Sine",2000,-1.5,"1(log(n))^2",0.54
200,1000,2,"Clayton_Sine",2000,-1.5,"1(log(n))^2",0.64
201,1000,2,"Clayton_Sine",2000,-1.5,"1(log(n))^2",0.97
202,1000,2,"Clayton_Sine",2000,-1.5,"1(log(n))^2",0.8
203,1000,2,"Clayton_Sine",2000,-1.5,"1(log(n))^2",0.41
204,1000,2,"Clayton_Sine",2000,-1.5,"1(log(n))^2",0.83
205,1000,2,"Clayton_Sine",2000,-1.5,"1(log(n))^2",0.96
206,1000,2,"Clayton_Sine",2000,-1.5,"1(log(n))^2",0.23
207,1000,2,"Clayton_Sine",2000,-1.5,"1(log(n))^2",0.85
208,1000,2,"Clayton_Sine",2000,-1.5,"1(log(n))^2",0.82
209,1000,2,"Clayton_Sine",2000,-1.5,"1(log(n))^2",0.15
210,1000,2,"Clayton_Sine",2000,-1.5,"1(log(n))^2",0.57
211,1000,2,"Clayton_Sine",2000,-1.5,"1(log(n))^2",0.86
212,1000,2,"Clayton_Sine",2000,-1.5,"1(log(n))^2",0.92
213,1000,2,"Clayton_Sine",2000,-1.5,"1(log(n))^2",0.95
214,1000,2,"Clayton_Sine",2000,-1.5,"1(log(n))^2",0.32
215,1000,2,"Clayton_Sine",2000,-1.5,"1(log(n))^2",0.84
216,1000,2,"Clayton_Sine",2000,-1.5,"1(log(n))^2",0.3
217,1000,2,"Clayton_Sine",2000,-1.5,"1(log(n))^2",0.26
218,1000,2,"Clayton_Sine",2000,-1.5,"1(log(n))^2",0.45
219,1000,2,"Clayton_Sine",2000,-1.5,"1(log(n))^2",0.19
220,1000,2,"Clayton_Sine",2000,-1.5,"1(log(n))^2",0.99
221,1000,2,"Clayton_Sine",2000,-1.5,"1(log(n))^2",0.96
222,1000,2,"Clayton_Sine",2000,-1.5,"1(log(n))^2",0.43
223,1000,2,"Clayton_Sine",2000,-1.5,"1(log(n))^2",0.33
224,1000,2,"Clayton_Sine",2000,-1.5,"1(log(n))^2",0.76
225,1000,2,"Clayton_Sine",2000,-1.5,"1(log(n))^2",0.98
226,1000,2,"Clayton_Sine",2000,-1.5,"1(log(n))^2",0.67
227,1000,2,"Clayton_Sine",2000,-1.5,"1(log(n))^2",0.47
228,1000,2,"Clayton_Sine",2000,-1.5,"1(log(n))^2",0.85
229,1000,2,"Clayton_Sine",2000,-1.5,"1(log(n))^2",0.72
230,1000,2,"Clayton_Sine",2000,-1.5,"1(log(n))^2",0.33
231,1000,2,"Clayton_Sine",2000,-1.5,"1(log(n))^2",0.28
232,1000,2,"Clayton_Sine",2000,-1.5,"1(log(n))^2",0.74
233,1000,2,"Clayton_Sine",2000,-1.5,"1(log(n))^2",0.8
234,1000,2,"Clayton_Sine",2000,-1.5,"1(log(n))^2",0.73
235,1000,2,"Clayton_Sine",2000,-1.5,"1(log(n))^2",0.91
236,1000,2,"Clayton_Sine",2000,-1.5,"1(log(n))^2",0.29
237,1000,2,"Clayton_Sine",2000,-1.5,"1(log(n))^2",0.45
238,1000,2,"Clayton_Sine",2000,-1.5,"1(log(n))^2",0.98
239,1000,2,"Clayton_Sine",2000,-1.5,"1(log(n))^2",0.45
240,1000,2,"Clayton_Sine",2000,-1.5,"1(log(n))^2",0.43
241,1000,2,"Clayton_Sine",2000,-1.5,"1(log(n))^2",0.6
242,1000,2,"Clayton_Sine",2000,-1.5,"1(log(n))^2",0.73
243,1000,2,"Clayton_Sine",2000,-1.5,"1(log(n))^2",0.68
244,1000,2,"Clayton_Sine",2000,-1.5,"1(log(n))^2",0.65
245,1000,2,"Clayton_Sine",2000,-1.5,"1(log(n))^2",0.39
246,1000,2,"Clayton_Sine",2000,-1.5,"1(log(n))^2",0.43
247,1000,2,"Clayton_Sine",2000,-1.5,"1(log(n))^2",0.62
248,1000,2,"Clayton_Sine",2000,-1.5,"1(log(n))^2",0.52
249,1000,2,"Clayton_Sine",2000,-1.5,"1(log(n))^2",0.66
250,1000,2,"Clayton_Sine",2000,-1.5,"1(log(n))^2",0.83
251,1000,2,"Clayton_Sine",2000,-1.5,"1(log(n))^2",0.61
252,1000,2,"Clayton_Sine",2000,-1.5,"1(log(n))^2",0.85
253,1000,2,"Clayton_Sine",2000,-1.5,"1(log(n))^2",0.31
254,1000,2,"Clayton_Sine",2000,-1.5,"1(log(n))^2",0.32
255,1000,2,"Clayton_Sine",2000,-1.5,"1(log(n))^2",0.42
256,1000,2,"Clayton_Sine",2000,-1.5,"1(log(n))^2",0.73
257,1000,2,"Clayton_Sine",2000,-1.5,"1(log(n))^2",1
258,1000,2,"Clayton_Sine",2000,-1.5,"1(log(n))^2",0.35
259,1000,2,"Clayton_Sine",2000,-1.5,"1(log(n))^2",0.81
260,1000,2,"Clayton_Sine",2000,-1.5,"1(log(n))^2",0.59
261,1000,2,"Clayton_Sine",2000,-1.5,"1(log(n))^2",0.83
262,1000,2,"Clayton_Sine",2000,-1.5,"1(log(n))^2",0.55
263,1000,2,"Clayton_Sine",2000,-1.5,"1(log(n))^2",0.72
264,1000,2,"Clayton_Sine",2000,-1.5,"1(log(n))^2",0.57
265,1000,2,"Clayton_Sine",2000,-1.5,"1(log(n))^2",0.95
266,1000,2,"Clayton_Sine",2000,-1.5,"1(log(n))^2",0.17
267,1000,2,"Clayton_Sine",2000,-1.5,"1(log(n))^2",0.99
268,1000,2,"Clayton_Sine",2000,-1.5,"1(log(n))^2",0.28
269,1000,2,"Clayton_Sine",2000,-1.5,"1(log(n))^2",0.33
270,1000,2,"Clayton_Sine",2000,-1.5,"1(log(n))^2",0.74
271,1000,2,"Clayton_Sine",2000,-1.5,"1(log(n))^2",0.32
272,1000,2,"Clayton_Sine",2000,-1.5,"1(log(n))^2",0.77
273,1000,2,"Clayton_Sine",2000,-1.5,"1(log(n))^2",0.44
274,1000,2,"Clayton_Sine",2000,-1.5,"1(log(n))^2",0.61
275,1000,2,"Clayton_Sine",2000,-1.5,"1(log(n))^2",0.53
276,1000,2,"Clayton_Sine",2000,-1.5,"1(log(n))^2",0.09
277,1000,2,"Clayton_Sine",2000,-1.5,"1(log(n))^2",0.57
278,1000,2,"Clayton_Sine",2000,-1.5,"1(log(n))^2",0.4
279,1000,2,"Clayton_Sine",2000,-1.5,"1(log(n))^2",0.25
280,1000,2,"Clayton_Sine",2000,-1.5,"1(log(n))^2",0.32
281,1000,2,"Clayton_Sine",2000,-1.5,"1(log(n))^2",0.04
282,1000,2,"Clayton_Sine",2000,-1.5,"1(log(n))^2",0.91
283,1000,2,"Clayton_Sine",2000,-1.5,"1(log(n))^2",0.99
284,1000,2,"Clayton_Sine",2000,-1.5,"1(log(n))^2",0.63
285,1000,2,"Clayton_Sine",2000,-1.5,"1(log(n))^2",0.74
286,1000,2,"Clayton_Sine",2000,-1.5,"1(log(n))^2",0.76
287,1000,2,"Clayton_Sine",2000,-1.5,"1(log(n))^2",0.67
288,1000,2,"Clayton_Sine",2000,-1.5,"1(log(n))^2",0.63
289,1000,2,"Clayton_Sine",2000,-1.5,"1(log(n))^2",0.72
290,1000,2,"Clayton_Sine",2000,-1.5,"1(log(n))^2",0.57
291,1000,2,"Clayton_Sine",2000,-1.5,"1(log(n))^2",0.66
292,1000,2,"Clayton_Sine",2000,-1.5,"1(log(n))^2",1
293,1000,2,"Clayton_Sine",2000,-1.5,"1(log(n))^2",0.43
294,1000,2,"Clayton_Sine",2000,-1.5,"1(log(n))^2",0.25
295,1000,2,"Clayton_Sine",2000,-1.5,"1(log(n))^2",0.4
296,1000,2,"Clayton_Sine",2000,-1.5,"1(log(n))^2",0.97
297,1000,2,"Clayton_Sine",2000,-1.5,"1(log(n))^2",0.74
298,1000,2,"Clayton_Sine",2000,-1.5,"1(log(n))^2",0.86
299,1000,2,"Clayton_Sine",2000,-1.5,"1(log(n))^2",0.81
300,1000,2,"Clayton_Sine",2000,-1.5,"1(log(n))^2",0.63
301,1000,2,"Clayton_Sine",2000,-1.5,"1(log(n))^2",0.52
302,1000,2,"Clayton_Sine",2000,-1.5,"1(log(n))^2",0.18
303,1000,2,"Clayton_Sine",2000,-1.5,"1(log(n))^2",0.6
304,1000,2,"Clayton_Sine",2000,-1.5,"1(log(n))^2",0.96
305,1000,2,"Clayton_Sine",2000,-1.5,"1(log(n))^2",0.43
306,1000,2,"Clayton_Sine",2000,-1.5,"1(log(n))^2",0.45
307,1000,2,"Clayton_Sine",2000,-1.5,"1(log(n))^2",0.89
308,1000,2,"Clayton_Sine",2000,-1.5,"1(log(n))^2",0.28
309,1000,2,"Clayton_Sine",2000,-1.5,"1(log(n))^2",0.83
310,1000,2,"Clayton_Sine",2000,-1.5,"1(log(n))^2",0.81
311,1000,2,"Clayton_Sine",2000,-1.5,"1(log(n))^2",0.6
312,1000,2,"Clayton_Sine",2000,-1.5,"1(log(n))^2",0.99
313,1000,2,"Clayton_Sine",2000,-1.5,"1(log(n))^2",0.07
314,1000,2,"Clayton_Sine",2000,-1.5,"1(log(n))^2",0.89
315,1000,2,"Clayton_Sine",2000,-1.5,"1(log(n))^2",0.39
316,1000,2,"Clayton_Sine",2000,-1.5,"1(log(n))^2",0.83
317,1000,2,"Clayton_Sine",2000,-1.5,"1(log(n))^2",0.73
318,1000,2,"Clayton_Sine",2000,-1.5,"1(log(n))^2",0.88
319,1000,2,"Clayton_Sine",2000,-1.5,"1(log(n))^2",0.27
320,1000,2,"Clayton_Sine",2000,-1.5,"1(log(n))^2",0.59
321,1000,2,"Clayton_Sine",2000,-1.5,"1(log(n))^2",0.48
322,1000,2,"Clayton_Sine",2000,-1.5,"1(log(n))^2",0.69
323,1000,2,"Clayton_Sine",2000,-1.5,"1(log(n))^2",0.8
324,1000,2,"Clayton_Sine",2000,-1.5,"1(log(n))^2",0.6
325,1000,2,"Clayton_Sine",2000,-1.5,"1(log(n))^2",0.36
326,1000,2,"Clayton_Sine",2000,-1.5,"1(log(n))^2",1
327,1000,2,"Clayton_Sine",2000,-1.5,"1(log(n))^2",0.64
328,1000,2,"Clayton_Sine",2000,-1.5,"1(log(n))^2",0.59
329,1000,2,"Clayton_Sine",2000,-1.5,"1(log(n))^2",0.73
330,1000,2,"Clayton_Sine",2000,-1.5,"1(log(n))^2",0.64
331,1000,2,"Clayton_Sine",2000,-1.5,"1(log(n))^2",0.66
332,1000,2,"Clayton_Sine",2000,-1.5,"1(log(n))^2",0.05
333,1000,2,"Clayton_Sine",2000,-1.5,"1(log(n))^2",0.34
334,1000,2,"Clayton_Sine",2000,-1.5,"1(log(n))^2",0.69
335,1000,2,"Clayton_Sine",2000,-1.5,"1(log(n))^2",0.78
336,1000,2,"Clayton_Sine",2000,-1.5,"1(log(n))^2",0.97
337,1000,2,"Clayton_Sine",2000,-1.5,"1(log(n))^2",0.34
338,1000,2,"Clayton_Sine",2000,-1.5,"1(log(n))^2",0.95
339,1000,2,"Clayton_Sine",2000,-1.5,"1(log(n))^2",0.6
340,1000,2,"Clayton_Sine",2000,-1.5,"1(log(n))^2",0.95
341,1000,2,"Clayton_Sine",2000,-1.5,"1(log(n))^2",0.51
342,1000,2,"Clayton_Sine",2000,-1.5,"1(log(n))^2",0.46
343,1000,2,"Clayton_Sine",2000,-1.5,"1(log(n))^2",0.61
344,1000,2,"Clayton_Sine",2000,-1.5,"1(log(n))^2",0.51
345,1000,2,"Clayton_Sine",2000,-1.5,"1(log(n))^2",0.41
346,1000,2,"Clayton_Sine",2000,-1.5,"1(log(n))^2",0.92
347,1000,2,"Clayton_Sine",2000,-1.5,"1(log(n))^2",0.96
348,1000,2,"Clayton_Sine",2000,-1.5,"1(log(n))^2",0.66
349,1000,2,"Clayton_Sine",2000,-1.5,"1(log(n))^2",0.61
350,1000,2,"Clayton_Sine",2000,-1.5,"1(log(n))^2",0.63
351,1000,2,"Clayton_Sine",2000,-1.5,"1(log(n))^2",0.76
352,1000,2,"Clayton_Sine",2000,-1.5,"1(log(n))^2",0.2
353,1000,2,"Clayton_Sine",2000,-1.5,"1(log(n))^2",0.77
354,1000,2,"Clayton_Sine",2000,-1.5,"1(log(n))^2",0.45
355,1000,2,"Clayton_Sine",2000,-1.5,"1(log(n))^2",0.31
356,1000,2,"Clayton_Sine",2000,-1.5,"1(log(n))^2",0.55
357,1000,2,"Clayton_Sine",2000,-1.5,"1(log(n))^2",0.38
358,1000,2,"Clayton_Sine",2000,-1.5,"1(log(n))^2",0.44
359,1000,2,"Clayton_Sine",2000,-1.5,"1(log(n))^2",0.78
360,1000,2,"Clayton_Sine",2000,-1.5,"1(log(n))^2",0.59
361,1000,2,"Clayton_Sine",2000,-1.5,"1(log(n))^2",0.64
362,1000,2,"Clayton_Sine",2000,-1.5,"1(log(n))^2",0.87
363,1000,2,"Clayton_Sine",2000,-1.5,"1(log(n))^2",0.64
364,1000,2,"Clayton_Sine",2000,-1.5,"1(log(n))^2",0.77
365,1000,2,"Clayton_Sine",2000,-1.5,"1(log(n))^2",0.09
366,1000,2,"Clayton_Sine",2000,-1.5,"1(log(n))^2",0.87
367,1000,2,"Clayton_Sine",2000,-1.5,"1(log(n))^2",0.54
368,1000,2,"Clayton_Sine",2000,-1.5,"1(log(n))^2",0.29
369,1000,2,"Clayton_Sine",2000,-1.5,"1(log(n))^2",0.98
370,1000,2,"Clayton_Sine",2000,-1.5,"1(log(n))^2",0.16
371,1000,2,"Clayton_Sine",2000,-1.5,"1(log(n))^2",0.31
372,1000,2,"Clayton_Sine",2000,-1.5,"1(log(n))^2",0.69
373,1000,2,"Clayton_Sine",2000,-1.5,"1(log(n))^2",0.82
374,1000,2,"Clayton_Sine",2000,-1.5,"1(log(n))^2",0.39
375,1000,2,"Clayton_Sine",2000,-1.5,"1(log(n))^2",1
376,1000,2,"Clayton_Sine",2000,-1.5,"1(log(n))^2",0.8
377,1000,2,"Clayton_Sine",2000,-1.5,"1(log(n))^2",0.3
378,1000,2,"Clayton_Sine",2000,-1.5,"1(log(n))^2",0.09
379,1000,2,"Clayton_Sine",2000,-1.5,"1(log(n))^2",0.43
380,1000,2,"Clayton_Sine",2000,-1.5,"1(log(n))^2",0.34
381,1000,2,"Clayton_Sine",2000,-1.5,"1(log(n))^2",0.56
382,1000,2,"Clayton_Sine",2000,-1.5,"1(log(n))^2",0.64
383,1000,2,"Clayton_Sine",2000,-1.5,"1(log(n))^2",0.54
384,1000,2,"Clayton_Sine",2000,-1.5,"1(log(n))^2",0.78
385,1000,2,"Clayton_Sine",2000,-1.5,"1(log(n))^2",0.19
386,1000,2,"Clayton_Sine",2000,-1.5,"1(log(n))^2",0.59
387,1000,2,"Clayton_Sine",2000,-1.5,"1(log(n))^2",0.43
388,1000,2,"Clayton_Sine",2000,-1.5,"1(log(n))^2",0.24
389,1000,2,"Clayton_Sine",2000,-1.5,"1(log(n))^2",0.4
390,1000,2,"Clayton_Sine",2000,-1.5,"1(log(n))^2",0.44
391,1000,2,"Clayton_Sine",2000,-1.5,"1(log(n))^2",0.16
392,1000,2,"Clayton_Sine",2000,-1.5,"1(log(n))^2",0.91
393,1000,2,"Clayton_Sine",2000,-1.5,"1(log(n))^2",0.98
394,1000,2,"Clayton_Sine",2000,-1.5,"1(log(n))^2",0.33
395,1000,2,"Clayton_Sine",2000,-1.5,"1(log(n))^2",0.92
396,1000,2,"Clayton_Sine",2000,-1.5,"1(log(n))^2",0.44
397,1000,2,"Clayton_Sine",2000,-1.5,"1(log(n))^2",0.58
398,1000,2,"Clayton_Sine",2000,-1.5,"1(log(n))^2",0.11
399,1000,2,"Clayton_Sine",2000,-1.5,"1(log(n))^2",0.96
400,1000,2,"Clayton_Sine",2000,-1.5,"1(log(n))^2",0.16
401,1000,2,"Clayton_Sine",2000,-1.5,"1(log(n))^2",0.75
402,1000,2,"Clayton_Sine",2000,-1.5,"1(log(n))^2",0.3
403,1000,2,"Clayton_Sine",2000,-1.5,"1(log(n))^2",0.96
404,1000,2,"Clayton_Sine",2000,-1.5,"1(log(n))^2",0.71
405,1000,2,"Clayton_Sine",2000,-1.5,"1(log(n))^2",0.97
406,1000,2,"Clayton_Sine",2000,-1.5,"1(log(n))^2",0.81
407,1000,2,"Clayton_Sine",2000,-1.5,"1(log(n))^2",0.73
408,1000,2,"Clayton_Sine",2000,-1.5,"1(log(n))^2",0.55
409,1000,2,"Clayton_Sine",2000,-1.5,"1(log(n))^2",0.84
410,1000,2,"Clayton_Sine",2000,-1.5,"1(log(n))^2",0.36
411,1000,2,"Clayton_Sine",2000,-1.5,"1(log(n))^2",0.14
412,1000,2,"Clayton_Sine",2000,-1.5,"1(log(n))^2",1
413,1000,2,"Clayton_Sine",2000,-1.5,"1(log(n))^2",0.98
414,1000,2,"Clayton_Sine",2000,-1.5,"1(log(n))^2",0.26
415,1000,2,"Clayton_Sine",2000,-1.5,"1(log(n))^2",0.79
416,1000,2,"Clayton_Sine",2000,-1.5,"1(log(n))^2",0.87
417,1000,2,"Clayton_Sine",2000,-1.5,"1(log(n))^2",0.54
418,1000,2,"Clayton_Sine",2000,-1.5,"1(log(n))^2",0.49
419,1000,2,"Clayton_Sine",2000,-1.5,"1(log(n))^2",0.52
420,1000,2,"Clayton_Sine",2000,-1.5,"1(log(n))^2",0.63
421,1000,2,"Clayton_Sine",2000,-1.5,"1(log(n))^2",0.58
422,1000,2,"Clayton_Sine",2000,-1.5,"1(log(n))^2",0.46
423,1000,2,"Clayton_Sine",2000,-1.5,"1(log(n))^2",0.41
424,1000,2,"Clayton_Sine",2000,-1.5,"1(log(n))^2",0.46
425,1000,2,"Clayton_Sine",2000,-1.5,"1(log(n))^2",0.23
426,1000,2,"Clayton_Sine",2000,-1.5,"1(log(n))^2",0.87
427,1000,2,"Clayton_Sine",2000,-1.5,"1(log(n))^2",0.69
428,1000,2,"Clayton_Sine",2000,-1.5,"1(log(n))^2",0.38
429,1000,2,"Clayton_Sine",2000,-1.5,"1(log(n))^2",0.67
430,1000,2,"Clayton_Sine",2000,-1.5,"1(log(n))^2",0.18
431,1000,2,"Clayton_Sine",2000,-1.5,"1(log(n))^2",0.77
432,1000,2,"Clayton_Sine",2000,-1.5,"1(log(n))^2",0.13
433,1000,2,"Clayton_Sine",2000,-1.5,"1(log(n))^2",0.9
434,1000,2,"Clayton_Sine",2000,-1.5,"1(log(n))^2",1
435,1000,2,"Clayton_Sine",2000,-1.5,"1(log(n))^2",0.49
436,1000,2,"Clayton_Sine",2000,-1.5,"1(log(n))^2",0.67
437,1000,2,"Clayton_Sine",2000,-1.5,"1(log(n))^2",0.98
438,1000,2,"Clayton_Sine",2000,-1.5,"1(log(n))^2",1
439,1000,2,"Clayton_Sine",2000,-1.5,"1(log(n))^2",0.03
440,1000,2,"Clayton_Sine",2000,-1.5,"1(log(n))^2",0.37
441,1000,2,"Clayton_Sine",2000,-1.5,"1(log(n))^2",0.2
442,1000,2,"Clayton_Sine",2000,-1.5,"1(log(n))^2",0.46
443,1000,2,"Clayton_Sine",2000,-1.5,"1(log(n))^2",0.67
444,1000,2,"Clayton_Sine",2000,-1.5,"1(log(n))^2",0.45
445,1000,2,"Clayton_Sine",2000,-1.5,"1(log(n))^2",0.62
446,1000,2,"Clayton_Sine",2000,-1.5,"1(log(n))^2",0.86
447,1000,2,"Clayton_Sine",2000,-1.5,"1(log(n))^2",0.71
448,1000,2,"Clayton_Sine",2000,-1.5,"1(log(n))^2",0.7
449,1000,2,"Clayton_Sine",2000,-1.5,"1(log(n))^2",0.58
450,1000,2,"Clayton_Sine",2000,-1.5,"1(log(n))^2",0.68
451,1000,2,"Clayton_Sine",2000,-1.5,"1(log(n))^2",0.45
452,1000,2,"Clayton_Sine",2000,-1.5,"1(log(n))^2",0.27
453,1000,2,"Clayton_Sine",2000,-1.5,"1(log(n))^2",0.77
454,1000,2,"Clayton_Sine",2000,-1.5,"1(log(n))^2",0.91
455,1000,2,"Clayton_Sine",2000,-1.5,"1(log(n))^2",0.87
456,1000,2,"Clayton_Sine",2000,-1.5,"1(log(n))^2",0.69
457,1000,2,"Clayton_Sine",2000,-1.5,"1(log(n))^2",0.37
458,1000,2,"Clayton_Sine",2000,-1.5,"1(log(n))^2",0.75
459,1000,2,"Clayton_Sine",2000,-1.5,"1(log(n))^2",0.93
460,1000,2,"Clayton_Sine",2000,-1.5,"1(log(n))^2",0.81
461,1000,2,"Clayton_Sine",2000,-1.5,"1(log(n))^2",0.8
462,1000,2,"Clayton_Sine",2000,-1.5,"1(log(n))^2",0.74
463,1000,2,"Clayton_Sine",2000,-1.5,"1(log(n))^2",0.22
464,1000,2,"Clayton_Sine",2000,-1.5,"1(log(n))^2",0.25
465,1000,2,"Clayton_Sine",2000,-1.5,"1(log(n))^2",0.76
466,1000,2,"Clayton_Sine",2000,-1.5,"1(log(n))^2",1
467,1000,2,"Clayton_Sine",2000,-1.5,"1(log(n))^2",0.98
468,1000,2,"Clayton_Sine",2000,-1.5,"1(log(n))^2",0.27
469,1000,2,"Clayton_Sine",2000,-1.5,"1(log(n))^2",0.31
470,1000,2,"Clayton_Sine",2000,-1.5,"1(log(n))^2",0.98
471,1000,2,"Clayton_Sine",2000,-1.5,"1(log(n))^2",0.84
472,1000,2,"Clayton_Sine",2000,-1.5,"1(log(n))^2",0.47
473,1000,2,"Clayton_Sine",2000,-1.5,"1(log(n))^2",0.55
474,1000,2,"Clayton_Sine",2000,-1.5,"1(log(n))^2",0.35
475,1000,2,"Clayton_Sine",2000,-1.5,"1(log(n))^2",0.42
476,1000,2,"Clayton_Sine",2000,-1.5,"1(log(n))^2",0.73
477,1000,2,"Clayton_Sine",2000,-1.5,"1(log(n))^2",0.43
478,1000,2,"Clayton_Sine",2000,-1.5,"1(log(n))^2",0.97
479,1000,2,"Clayton_Sine",2000,-1.5,"1(log(n))^2",0.85
480,1000,2,"Clayton_Sine",2000,-1.5,"1(log(n))^2",0.9
481,1000,2,"Clayton_Sine",2000,-1.5,"1(log(n))^2",0.41
482,1000,2,"Clayton_Sine",2000,-1.5,"1(log(n))^2",0.38
483,1000,2,"Clayton_Sine",2000,-1.5,"1(log(n))^2",0.17
484,1000,2,"Clayton_Sine",2000,-1.5,"1(log(n))^2",0.63
485,1000,2,"Clayton_Sine",2000,-1.5,"1(log(n))^2",0.64
486,1000,2,"Clayton_Sine",2000,-1.5,"1(log(n))^2",0.54
487,1000,2,"Clayton_Sine",2000,-1.5,"1(log(n))^2",1
488,1000,2,"Clayton_Sine",2000,-1.5,"1(log(n))^2",0.71
489,1000,2,"Clayton_Sine",2000,-1.5,"1(log(n))^2",0.14
490,1000,2,"Clayton_Sine",2000,-1.5,"1(log(n))^2",0.63
491,1000,2,"Clayton_Sine",2000,-1.5,"1(log(n))^2",0.97
492,1000,2,"Clayton_Sine",2000,-1.5,"1(log(n))^2",0.28
493,1000,2,"Clayton_Sine",2000,-1.5,"1(log(n))^2",1
494,1000,2,"Clayton_Sine",2000,-1.5,"1(log(n))^2",0.85
495,1000,2,"Clayton_Sine",2000,-1.5,"1(log(n))^2",0.49
496,1000,2,"Clayton_Sine",2000,-1.5,"1(log(n))^2",0.12
497,1000,2,"Clayton_Sine",2000,-1.5,"1(log(n))^2",0.63
498,1000,2,"Clayton_Sine",2000,-1.5,"1(log(n))^2",0.97
499,1000,2,"Clayton_Sine",2000,-1.5,"1(log(n))^2",1
500,1000,2,"Clayton_Sine",2000,-1.5,"1(log(n))^2",0.8
501,1000,2,"Clayton_Sine",2000,-1.5,"1(log(n))^2",0.5
502,1000,2,"Clayton_Sine",2000,-1.5,"1(log(n))^2",0.69
503,1000,2,"Clayton_Sine",2000,-1.5,"1(log(n))^2",0.86
504,1000,2,"Clayton_Sine",2000,-1.5,"1(log(n))^2",0.91
505,1000,2,"Clayton_Sine",2000,-1.5,"1(log(n))^2",0.35
506,1000,2,"Clayton_Sine",2000,-1.5,"1(log(n))^2",0.67
507,1000,2,"Clayton_Sine",2000,-1.5,"1(log(n))^2",0.33
508,1000,2,"Clayton_Sine",2000,-1.5,"1(log(n))^2",0.29
509,1000,2,"Clayton_Sine",2000,-1.5,"1(log(n))^2",0.24
510,1000,2,"Clayton_Sine",2000,-1.5,"1(log(n))^2",0.08
511,1000,2,"Clayton_Sine",2000,-1.5,"1(log(n))^2",0.76
512,1000,2,"Clayton_Sine",2000,-1.5,"1(log(n))^2",0.72
513,1000,2,"Clayton_Sine",2000,-1.5,"1(log(n))^2",0.96
514,1000,2,"Clayton_Sine",2000,-1.5,"1(log(n))^2",0.12
515,1000,2,"Clayton_Sine",2000,-1.5,"1(log(n))^2",0.95
516,1000,2,"Clayton_Sine",2000,-1.5,"1(log(n))^2",0.83
517,1000,2,"Clayton_Sine",2000,-1.5,"1(log(n))^2",0.84
518,1000,2,"Clayton_Sine",2000,-1.5,"1(log(n))^2",0.41
519,1000,2,"Clayton_Sine",2000,-1.5,"1(log(n))^2",0.69
520,1000,2,"Clayton_Sine",2000,-1.5,"1(log(n))^2",0.39
521,1000,2,"Clayton_Sine",2000,-1.5,"1(log(n))^2",0.45
522,1000,2,"Clayton_Sine",2000,-1.5,"1(log(n))^2",1
523,1000,2,"Clayton_Sine",2000,-1.5,"1(log(n))^2",0.3
524,1000,2,"Clayton_Sine",2000,-1.5,"1(log(n))^2",0.7
525,1000,2,"Clayton_Sine",2000,-1.5,"1(log(n))^2",0.41
526,1000,2,"Clayton_Sine",2000,-1.5,"1(log(n))^2",0.28
527,1000,2,"Clayton_Sine",2000,-1.5,"1(log(n))^2",0.21
528,1000,2,"Clayton_Sine",2000,-1.5,"1(log(n))^2",0.92
529,1000,2,"Clayton_Sine",2000,-1.5,"1(log(n))^2",0.22
530,1000,2,"Clayton_Sine",2000,-1.5,"1(log(n))^2",0.9
531,1000,2,"Clayton_Sine",2000,-1.5,"1(log(n))^2",0.19
532,1000,2,"Clayton_Sine",2000,-1.5,"1(log(n))^2",0.8
533,1000,2,"Clayton_Sine",2000,-1.5,"1(log(n))^2",0.32
534,1000,2,"Clayton_Sine",2000,-1.5,"1(log(n))^2",0.46
535,1000,2,"Clayton_Sine",2000,-1.5,"1(log(n))^2",0.94
536,1000,2,"Clayton_Sine",2000,-1.5,"1(log(n))^2",0.78
537,1000,2,"Clayton_Sine",2000,-1.5,"1(log(n))^2",0.66
538,1000,2,"Clayton_Sine",2000,-1.5,"1(log(n))^2",0.35
539,1000,2,"Clayton_Sine",2000,-1.5,"1(log(n))^2",0.32
540,1000,2,"Clayton_Sine",2000,-1.5,"1(log(n))^2",0.15
541,1000,2,"Clayton_Sine",2000,-1.5,"1(log(n))^2",0.29
542,1000,2,"Clayton_Sine",2000,-1.5,"1(log(n))^2",0.64
543,1000,2,"Clayton_Sine",2000,-1.5,"1(log(n))^2",0.95
544,1000,2,"Clayton_Sine",2000,-1.5,"1(log(n))^2",0.56
545,1000,2,"Clayton_Sine",2000,-1.5,"1(log(n))^2",0.6
546,1000,2,"Clayton_Sine",2000,-1.5,"1(log(n))^2",0.87
547,1000,2,"Clayton_Sine",2000,-1.5,"1(log(n))^2",0.27
548,1000,2,"Clayton_Sine",2000,-1.5,"1(log(n))^2",0.89
549,1000,2,"Clayton_Sine",2000,-1.5,"1(log(n))^2",0.96
550,1000,2,"Clayton_Sine",2000,-1.5,"1(log(n))^2",0.8
551,1000,2,"Clayton_Sine",2000,-1.5,"1(log(n))^2",0.99
552,1000,2,"Clayton_Sine",2000,-1.5,"1(log(n))^2",0.83
553,1000,2,"Clayton_Sine",2000,-1.5,"1(log(n))^2",0.87
554,1000,2,"Clayton_Sine",2000,-1.5,"1(log(n))^2",0.86
555,1000,2,"Clayton_Sine",2000,-1.5,"1(log(n))^2",0.98
556,1000,2,"Clayton_Sine",2000,-1.5,"1(log(n))^2",0.97
557,1000,2,"Clayton_Sine",2000,-1.5,"1(log(n))^2",0.55
558,1000,2,"Clayton_Sine",2000,-1.5,"1(log(n))^2",0.33
559,1000,2,"Clayton_Sine",2000,-1.5,"1(log(n))^2",0.68
560,1000,2,"Clayton_Sine",2000,-1.5,"1(log(n))^2",0.16
561,1000,2,"Clayton_Sine",2000,-1.5,"1(log(n))^2",0.1
562,1000,2,"Clayton_Sine",2000,-1.5,"1(log(n))^2",0.85
563,1000,2,"Clayton_Sine",2000,-1.5,"1(log(n))^2",0.93
564,1000,2,"Clayton_Sine",2000,-1.5,"1(log(n))^2",0.12
565,1000,2,"Clayton_Sine",2000,-1.5,"1(log(n))^2",0.78
566,1000,2,"Clayton_Sine",2000,-1.5,"1(log(n))^2",0.76
567,1000,2,"Clayton_Sine",2000,-1.5,"1(log(n))^2",0.35
568,1000,2,"Clayton_Sine",2000,-1.5,"1(log(n))^2",0.94
569,1000,2,"Clayton_Sine",2000,-1.5,"1(log(n))^2",0.57
570,1000,2,"Clayton_Sine",2000,-1.5,"1(log(n))^2",0.99
571,1000,2,"Clayton_Sine",2000,-1.5,"1(log(n))^2",0.03
572,1000,2,"Clayton_Sine",2000,-1.5,"1(log(n))^2",0.15
573,1000,2,"Clayton_Sine",2000,-1.5,"1(log(n))^2",0.84
574,1000,2,"Clayton_Sine",2000,-1.5,"1(log(n))^2",0.29
575,1000,2,"Clayton_Sine",2000,-1.5,"1(log(n))^2",0.44
576,1000,2,"Clayton_Sine",2000,-1.5,"1(log(n))^2",0.41
577,1000,2,"Clayton_Sine",2000,-1.5,"1(log(n))^2",0.14
578,1000,2,"Clayton_Sine",2000,-1.5,"1(log(n))^2",0.89
579,1000,2,"Clayton_Sine",2000,-1.5,"1(log(n))^2",0.72
580,1000,2,"Clayton_Sine",2000,-1.5,"1(log(n))^2",0.89
581,1000,2,"Clayton_Sine",2000,-1.5,"1(log(n))^2",0.64
582,1000,2,"Clayton_Sine",2000,-1.5,"1(log(n))^2",0.98
583,1000,2,"Clayton_Sine",2000,-1.5,"1(log(n))^2",0.74
584,1000,2,"Clayton_Sine",2000,-1.5,"1(log(n))^2",0.31
585,1000,2,"Clayton_Sine",2000,-1.5,"1(log(n))^2",0.93
586,1000,2,"Clayton_Sine",2000,-1.5,"1(log(n))^2",0.2
587,1000,2,"Clayton_Sine",2000,-1.5,"1(log(n))^2",0.44
588,1000,2,"Clayton_Sine",2000,-1.5,"1(log(n))^2",0.99
589,1000,2,"Clayton_Sine",2000,-1.5,"1(log(n))^2",0.95
590,1000,2,"Clayton_Sine",2000,-1.5,"1(log(n))^2",0.58
591,1000,2,"Clayton_Sine",2000,-1.5,"1(log(n))^2",0.47
592,1000,2,"Clayton_Sine",2000,-1.5,"1(log(n))^2",0.86
593,1000,2,"Clayton_Sine",2000,-1.5,"1(log(n))^2",0.26
594,1000,2,"Clayton_Sine",2000,-1.5,"1(log(n))^2",0.47
595,1000,2,"Clayton_Sine",2000,-1.5,"1(log(n))^2",0.19
596,1000,2,"Clayton_Sine",2000,-1.5,"1(log(n))^2",0.78
597,1000,2,"Clayton_Sine",2000,-1.5,"1(log(n))^2",0.47
598,1000,2,"Clayton_Sine",2000,-1.5,"1(log(n))^2",0.26
599,1000,2,"Clayton_Sine",2000,-1.5,"1(log(n))^2",0.28
600,1000,2,"Clayton_Sine",2000,-1.5,"1(log(n))^2",0.16
601,1000,2,"Clayton_Sine",2000,-1.5,"1(log(n))^2",0.98
602,1000,2,"Clayton_Sine",2000,-1.5,"1(log(n))^2",0.19
603,1000,2,"Clayton_Sine",2000,-1.5,"1(log(n))^2",0.17
604,1000,2,"Clayton_Sine",2000,-1.5,"1(log(n))^2",0.83
605,1000,2,"Clayton_Sine",2000,-1.5,"1(log(n))^2",0.93
606,1000,2,"Clayton_Sine",2000,-1.5,"1(log(n))^2",0.8
607,1000,2,"Clayton_Sine",2000,-1.5,"1(log(n))^2",0.46
608,1000,2,"Clayton_Sine",2000,-1.5,"1(log(n))^2",0.98
609,1000,2,"Clayton_Sine",2000,-1.5,"1(log(n))^2",0.49
610,1000,2,"Clayton_Sine",2000,-1.5,"1(log(n))^2",0.1
611,1000,2,"Clayton_Sine",2000,-1.5,"1(log(n))^2",0.62
612,1000,2,"Clayton_Sine",2000,-1.5,"1(log(n))^2",0.15
613,1000,2,"Clayton_Sine",2000,-1.5,"1(log(n))^2",0.33
614,1000,2,"Clayton_Sine",2000,-1.5,"1(log(n))^2",0.12
615,1000,2,"Clayton_Sine",2000,-1.5,"1(log(n))^2",0.02
616,1000,2,"Clayton_Sine",2000,-1.5,"1(log(n))^2",0.21
617,1000,2,"Clayton_Sine",2000,-1.5,"1(log(n))^2",0.26
618,1000,2,"Clayton_Sine",2000,-1.5,"1(log(n))^2",0.85
619,1000,2,"Clayton_Sine",2000,-1.5,"1(log(n))^2",0.41
620,1000,2,"Clayton_Sine",2000,-1.5,"1(log(n))^2",0.48
621,1000,2,"Clayton_Sine",2000,-1.5,"1(log(n))^2",0.42
622,1000,2,"Clayton_Sine",2000,-1.5,"1(log(n))^2",0.97
623,1000,2,"Clayton_Sine",2000,-1.5,"1(log(n))^2",0.7
624,1000,2,"Clayton_Sine",2000,-1.5,"1(log(n))^2",0.24
625,1000,2,"Clayton_Sine",2000,-1.5,"1(log(n))^2",0.81
626,1000,2,"Clayton_Sine",2000,-1.5,"1(log(n))^2",0.79
627,1000,2,"Clayton_Sine",2000,-1.5,"1(log(n))^2",0.15
628,1000,2,"Clayton_Sine",2000,-1.5,"1(log(n))^2",0.28
629,1000,2,"Clayton_Sine",2000,-1.5,"1(log(n))^2",0.02
630,1000,2,"Clayton_Sine",2000,-1.5,"1(log(n))^2",0.99
631,1000,2,"Clayton_Sine",2000,-1.5,"1(log(n))^2",0.78
632,1000,2,"Clayton_Sine",2000,-1.5,"1(log(n))^2",0.98
633,1000,2,"Clayton_Sine",2000,-1.5,"1(log(n))^2",0.78
634,1000,2,"Clayton_Sine",2000,-1.5,"1(log(n))^2",0.87
635,1000,2,"Clayton_Sine",2000,-1.5,"1(log(n))^2",0.52
636,1000,2,"Clayton_Sine",2000,-1.5,"1(log(n))^2",0.76
637,1000,2,"Clayton_Sine",2000,-1.5,"1(log(n))^2",0.39
638,1000,2,"Clayton_Sine",2000,-1.5,"1(log(n))^2",0.61
639,1000,2,"Clayton_Sine",2000,-1.5,"1(log(n))^2",0.02
640,1000,2,"Clayton_Sine",2000,-1.5,"1(log(n))^2",0.46
641,1000,2,"Clayton_Sine",2000,-1.5,"1(log(n))^2",0.39
642,1000,2,"Clayton_Sine",2000,-1.5,"1(log(n))^2",0.93
643,1000,2,"Clayton_Sine",2000,-1.5,"1(log(n))^2",0.66
644,1000,2,"Clayton_Sine",2000,-1.5,"1(log(n))^2",0.48
645,1000,2,"Clayton_Sine",2000,-1.5,"1(log(n))^2",0.76
646,1000,2,"Clayton_Sine",2000,-1.5,"1(log(n))^2",0.3
647,1000,2,"Clayton_Sine",2000,-1.5,"1(log(n))^2",0.73
648,1000,2,"Clayton_Sine",2000,-1.5,"1(log(n))^2",0.48
649,1000,2,"Clayton_Sine",2000,-1.5,"1(log(n))^2",0.26
650,1000,2,"Clayton_Sine",2000,-1.5,"1(log(n))^2",0.97
651,1000,2,"Clayton_Sine",2000,-1.5,"1(log(n))^2",0.82
652,1000,2,"Clayton_Sine",2000,-1.5,"1(log(n))^2",0.64
653,1000,2,"Clayton_Sine",2000,-1.5,"1(log(n))^2",0.42
654,1000,2,"Clayton_Sine",2000,-1.5,"1(log(n))^2",0.47
655,1000,2,"Clayton_Sine",2000,-1.5,"1(log(n))^2",0.44
656,1000,2,"Clayton_Sine",2000,-1.5,"1(log(n))^2",0.71
657,1000,2,"Clayton_Sine",2000,-1.5,"1(log(n))^2",0.85
658,1000,2,"Clayton_Sine",2000,-1.5,"1(log(n))^2",0.73
659,1000,2,"Clayton_Sine",2000,-1.5,"1(log(n))^2",0.82
660,1000,2,"Clayton_Sine",2000,-1.5,"1(log(n))^2",0.92
661,1000,2,"Clayton_Sine",2000,-1.5,"1(log(n))^2",0.76
662,1000,2,"Clayton_Sine",2000,-1.5,"1(log(n))^2",0.95
663,1000,2,"Clayton_Sine",2000,-1.5,"1(log(n))^2",0.73
664,1000,2,"Clayton_Sine",2000,-1.5,"1(log(n))^2",0.91
665,1000,2,"Clayton_Sine",2000,-1.5,"1(log(n))^2",0.68
666,1000,2,"Clayton_Sine",2000,-1.5,"1(log(n))^2",0.52
667,1000,2,"Clayton_Sine",2000,-1.5,"1(log(n))^2",0.95
668,1000,2,"Clayton_Sine",2000,-1.5,"1(log(n))^2",0.64
669,1000,2,"Clayton_Sine",2000,-1.5,"1(log(n))^2",0.66
670,1000,2,"Clayton_Sine",2000,-1.5,"1(log(n))^2",0.95
671,1000,2,"Clayton_Sine",2000,-1.5,"1(log(n))^2",0.43
672,1000,2,"Clayton_Sine",2000,-1.5,"1(log(n))^2",0.99
673,1000,2,"Clayton_Sine",2000,-1.5,"1(log(n))^2",0.35
674,1000,2,"Clayton_Sine",2000,-1.5,"1(log(n))^2",0.48
675,1000,2,"Clayton_Sine",2000,-1.5,"1(log(n))^2",0.13
676,1000,2,"Clayton_Sine",2000,-1.5,"1(log(n))^2",0.92
677,1000,2,"Clayton_Sine",2000,-1.5,"1(log(n))^2",0.91
678,1000,2,"Clayton_Sine",2000,-1.5,"1(log(n))^2",0.44
679,1000,2,"Clayton_Sine",2000,-1.5,"1(log(n))^2",0.84
680,1000,2,"Clayton_Sine",2000,-1.5,"1(log(n))^2",0.99
681,1000,2,"Clayton_Sine",2000,-1.5,"1(log(n))^2",0.56
682,1000,2,"Clayton_Sine",2000,-1.5,"1(log(n))^2",0.23
683,1000,2,"Clayton_Sine",2000,-1.5,"1(log(n))^2",0.68
684,1000,2,"Clayton_Sine",2000,-1.5,"1(log(n))^2",0.65
685,1000,2,"Clayton_Sine",2000,-1.5,"1(log(n))^2",0.26
686,1000,2,"Clayton_Sine",2000,-1.5,"1(log(n))^2",0.98
687,1000,2,"Clayton_Sine",2000,-1.5,"1(log(n))^2",0.48
688,1000,2,"Clayton_Sine",2000,-1.5,"1(log(n))^2",0.06
689,1000,2,"Clayton_Sine",2000,-1.5,"1(log(n))^2",0.18
690,1000,2,"Clayton_Sine",2000,-1.5,"1(log(n))^2",0.42
691,1000,2,"Clayton_Sine",2000,-1.5,"1(log(n))^2",0.73
692,1000,2,"Clayton_Sine",2000,-1.5,"1(log(n))^2",0.7
693,1000,2,"Clayton_Sine",2000,-1.5,"1(log(n))^2",0.52
694,1000,2,"Clayton_Sine",2000,-1.5,"1(log(n))^2",0.99
695,1000,2,"Clayton_Sine",2000,-1.5,"1(log(n))^2",0.15
696,1000,2,"Clayton_Sine",2000,-1.5,"1(log(n))^2",0.66
697,1000,2,"Clayton_Sine",2000,-1.5,"1(log(n))^2",0.97
698,1000,2,"Clayton_Sine",2000,-1.5,"1(log(n))^2",0.46
699,1000,2,"Clayton_Sine",2000,-1.5,"1(log(n))^2",0.83
700,1000,2,"Clayton_Sine",2000,-1.5,"1(log(n))^2",0.42
701,1000,2,"Clayton_Sine",2000,-1.5,"1(log(n))^2",0.39
702,1000,2,"Clayton_Sine",2000,-1.5,"1(log(n))^2",0.25
703,1000,2,"Clayton_Sine",2000,-1.5,"1(log(n))^2",0.06
704,1000,2,"Clayton_Sine",2000,-1.5,"1(log(n))^2",0.89
705,1000,2,"Clayton_Sine",2000,-1.5,"1(log(n))^2",0.51
706,1000,2,"Clayton_Sine",2000,-1.5,"1(log(n))^2",0.84
707,1000,2,"Clayton_Sine",2000,-1.5,"1(log(n))^2",0.36
708,1000,2,"Clayton_Sine",2000,-1.5,"1(log(n))^2",0.12
709,1000,2,"Clayton_Sine",2000,-1.5,"1(log(n))^2",0.89
710,1000,2,"Clayton_Sine",2000,-1.5,"1(log(n))^2",0.47
711,1000,2,"Clayton_Sine",2000,-1.5,"1(log(n))^2",0.2
712,1000,2,"Clayton_Sine",2000,-1.5,"1(log(n))^2",0.67
713,1000,2,"Clayton_Sine",2000,-1.5,"1(log(n))^2",0.5
714,1000,2,"Clayton_Sine",2000,-1.5,"1(log(n))^2",0.38
715,1000,2,"Clayton_Sine",2000,-1.5,"1(log(n))^2",0.66
716,1000,2,"Clayton_Sine",2000,-1.5,"1(log(n))^2",0.71
717,1000,2,"Clayton_Sine",2000,-1.5,"1(log(n))^2",0.31
718,1000,2,"Clayton_Sine",2000,-1.5,"1(log(n))^2",0.11
719,1000,2,"Clayton_Sine",2000,-1.5,"1(log(n))^2",0.55
720,1000,2,"Clayton_Sine",2000,-1.5,"1(log(n))^2",0.86
721,1000,2,"Clayton_Sine",2000,-1.5,"1(log(n))^2",0.84
722,1000,2,"Clayton_Sine",2000,-1.5,"1(log(n))^2",0.44
723,1000,2,"Clayton_Sine",2000,-1.5,"1(log(n))^2",0.88
724,1000,2,"Clayton_Sine",2000,-1.5,"1(log(n))^2",0.22
725,1000,2,"Clayton_Sine",2000,-1.5,"1(log(n))^2",0.73
726,1000,2,"Clayton_Sine",2000,-1.5,"1(log(n))^2",0.01
727,1000,2,"Clayton_Sine",2000,-1.5,"1(log(n))^2",0.52
728,1000,2,"Clayton_Sine",2000,-1.5,"1(log(n))^2",0.64
729,1000,2,"Clayton_Sine",2000,-1.5,"1(log(n))^2",0.22
730,1000,2,"Clayton_Sine",2000,-1.5,"1(log(n))^2",0.26
731,1000,2,"Clayton_Sine",2000,-1.5,"1(log(n))^2",0.77
732,1000,2,"Clayton_Sine",2000,-1.5,"1(log(n))^2",0.72
733,1000,2,"Clayton_Sine",2000,-1.5,"1(log(n))^2",0.7
734,1000,2,"Clayton_Sine",2000,-1.5,"1(log(n))^2",0.54
735,1000,2,"Clayton_Sine",2000,-1.5,"1(log(n))^2",0.46
736,1000,2,"Clayton_Sine",2000,-1.5,"1(log(n))^2",0.85
737,1000,2,"Clayton_Sine",2000,-1.5,"1(log(n))^2",0.27
738,1000,2,"Clayton_Sine",2000,-1.5,"1(log(n))^2",0.48
739,1000,2,"Clayton_Sine",2000,-1.5,"1(log(n))^2",0.45
740,1000,2,"Clayton_Sine",2000,-1.5,"1(log(n))^2",0.18
741,1000,2,"Clayton_Sine",2000,-1.5,"1(log(n))^2",0.66
742,1000,2,"Clayton_Sine",2000,-1.5,"1(log(n))^2",0.36
743,1000,2,"Clayton_Sine",2000,-1.5,"1(log(n))^2",0.94
744,1000,2,"Clayton_Sine",2000,-1.5,"1(log(n))^2",0.76
745,1000,2,"Clayton_Sine",2000,-1.5,"1(log(n))^2",0.65
746,1000,2,"Clayton_Sine",2000,-1.5,"1(log(n))^2",0.87
747,1000,2,"Clayton_Sine",2000,-1.5,"1(log(n))^2",0.44
748,1000,2,"Clayton_Sine",2000,-1.5,"1(log(n))^2",0.9
749,1000,2,"Clayton_Sine",2000,-1.5,"1(log(n))^2",0.18
750,1000,2,"Clayton_Sine",2000,-1.5,"1(log(n))^2",0.94
751,1000,2,"Clayton_Sine",2000,-1.5,"1(log(n))^2",0.89
752,1000,2,"Clayton_Sine",2000,-1.5,"1(log(n))^2",0.97
753,1000,2,"Clayton_Sine",2000,-1.5,"1(log(n))^2",1
754,1000,2,"Clayton_Sine",2000,-1.5,"1(log(n))^2",0.37
755,1000,2,"Clayton_Sine",2000,-1.5,"1(log(n))^2",0.94
756,1000,2,"Clayton_Sine",2000,-1.5,"1(log(n))^2",0.46
757,1000,2,"Clayton_Sine",2000,-1.5,"1(log(n))^2",0.45
758,1000,2,"Clayton_Sine",2000,-1.5,"1(log(n))^2",0.52
759,1000,2,"Clayton_Sine",2000,-1.5,"1(log(n))^2",0.62
760,1000,2,"Clayton_Sine",2000,-1.5,"1(log(n))^2",0.82
761,1000,2,"Clayton_Sine",2000,-1.5,"1(log(n))^2",0.7
762,1000,2,"Clayton_Sine",2000,-1.5,"1(log(n))^2",0.27
763,1000,2,"Clayton_Sine",2000,-1.5,"1(log(n))^2",0.95
764,1000,2,"Clayton_Sine",2000,-1.5,"1(log(n))^2",0.98
765,1000,2,"Clayton_Sine",2000,-1.5,"1(log(n))^2",0.65
766,1000,2,"Clayton_Sine",2000,-1.5,"1(log(n))^2",0.31
767,1000,2,"Clayton_Sine",2000,-1.5,"1(log(n))^2",0.64
768,1000,2,"Clayton_Sine",2000,-1.5,"1(log(n))^2",0.09
769,1000,2,"Clayton_Sine",2000,-1.5,"1(log(n))^2",0.02
770,1000,2,"Clayton_Sine",2000,-1.5,"1(log(n))^2",0.95
771,1000,2,"Clayton_Sine",2000,-1.5,"1(log(n))^2",0.92
772,1000,2,"Clayton_Sine",2000,-1.5,"1(log(n))^2",0.95
773,1000,2,"Clayton_Sine",2000,-1.5,"1(log(n))^2",0.85
774,1000,2,"Clayton_Sine",2000,-1.5,"1(log(n))^2",0.57
775,1000,2,"Clayton_Sine",2000,-1.5,"1(log(n))^2",0.32
776,1000,2,"Clayton_Sine",2000,-1.5,"1(log(n))^2",0.73
777,1000,2,"Clayton_Sine",2000,-1.5,"1(log(n))^2",0.72
778,1000,2,"Clayton_Sine",2000,-1.5,"1(log(n))^2",0.97
779,1000,2,"Clayton_Sine",2000,-1.5,"1(log(n))^2",0.86
780,1000,2,"Clayton_Sine",2000,-1.5,"1(log(n))^2",0.09
781,1000,2,"Clayton_Sine",2000,-1.5,"1(log(n))^2",0.65
782,1000,2,"Clayton_Sine",2000,-1.5,"1(log(n))^2",0.65
783,1000,2,"Clayton_Sine",2000,-1.5,"1(log(n))^2",0.2
784,1000,2,"Clayton_Sine",2000,-1.5,"1(log(n))^2",0.72
785,1000,2,"Clayton_Sine",2000,-1.5,"1(log(n))^2",0.28
786,1000,2,"Clayton_Sine",2000,-1.5,"1(log(n))^2",0.73
787,1000,2,"Clayton_Sine",2000,-1.5,"1(log(n))^2",0.39
788,1000,2,"Clayton_Sine",2000,-1.5,"1(log(n))^2",0.71
789,1000,2,"Clayton_Sine",2000,-1.5,"1(log(n))^2",0.2
790,1000,2,"Clayton_Sine",2000,-1.5,"1(log(n))^2",0.21
791,1000,2,"Clayton_Sine",2000,-1.5,"1(log(n))^2",0.15
792,1000,2,"Clayton_Sine",2000,-1.5,"1(log(n))^2",0.27
793,1000,2,"Clayton_Sine",2000,-1.5,"1(log(n))^2",0.86
794,1000,2,"Clayton_Sine",2000,-1.5,"1(log(n))^2",0.17
795,1000,2,"Clayton_Sine",2000,-1.5,"1(log(n))^2",0.92
796,1000,2,"Clayton_Sine",2000,-1.5,"1(log(n))^2",0.19
797,1000,2,"Clayton_Sine",2000,-1.5,"1(log(n))^2",0.14
798,1000,2,"Clayton_Sine",2000,-1.5,"1(log(n))^2",0.8
799,1000,2,"Clayton_Sine",2000,-1.5,"1(log(n))^2",0.27
800,1000,2,"Clayton_Sine",2000,-1.5,"1(log(n))^2",0.7
801,1000,2,"Clayton_Sine",2000,-1.5,"1(log(n))^2",0.32
802,1000,2,"Clayton_Sine",2000,-1.5,"1(log(n))^2",0.79
803,1000,2,"Clayton_Sine",2000,-1.5,"1(log(n))^2",0.05
804,1000,2,"Clayton_Sine",2000,-1.5,"1(log(n))^2",0.37
805,1000,2,"Clayton_Sine",2000,-1.5,"1(log(n))^2",0.5
806,1000,2,"Clayton_Sine",2000,-1.5,"1(log(n))^2",0.76
807,1000,2,"Clayton_Sine",2000,-1.5,"1(log(n))^2",0.45
808,1000,2,"Clayton_Sine",2000,-1.5,"1(log(n))^2",0.22
809,1000,2,"Clayton_Sine",2000,-1.5,"1(log(n))^2",0.95
810,1000,2,"Clayton_Sine",2000,-1.5,"1(log(n))^2",0.6
811,1000,2,"Clayton_Sine",2000,-1.5,"1(log(n))^2",0.75
812,1000,2,"Clayton_Sine",2000,-1.5,"1(log(n))^2",0.52
813,1000,2,"Clayton_Sine",2000,-1.5,"1(log(n))^2",0.95
814,1000,2,"Clayton_Sine",2000,-1.5,"1(log(n))^2",0.56
815,1000,2,"Clayton_Sine",2000,-1.5,"1(log(n))^2",0.69
816,1000,2,"Clayton_Sine",2000,-1.5,"1(log(n))^2",0.78
817,1000,2,"Clayton_Sine",2000,-1.5,"1(log(n))^2",0.81
818,1000,2,"Clayton_Sine",2000,-1.5,"1(log(n))^2",0.35
819,1000,2,"Clayton_Sine",2000,-1.5,"1(log(n))^2",0.59
820,1000,2,"Clayton_Sine",2000,-1.5,"1(log(n))^2",0.33
821,1000,2,"Clayton_Sine",2000,-1.5,"1(log(n))^2",0.74
822,1000,2,"Clayton_Sine",2000,-1.5,"1(log(n))^2",0.56
823,1000,2,"Clayton_Sine",2000,-1.5,"1(log(n))^2",0.92
824,1000,2,"Clayton_Sine",2000,-1.5,"1(log(n))^2",0.87
825,1000,2,"Clayton_Sine",2000,-1.5,"1(log(n))^2",0.26
826,1000,2,"Clayton_Sine",2000,-1.5,"1(log(n))^2",0.64
827,1000,2,"Clayton_Sine",2000,-1.5,"1(log(n))^2",0.38
828,1000,2,"Clayton_Sine",2000,-1.5,"1(log(n))^2",0.64
829,1000,2,"Clayton_Sine",2000,-1.5,"1(log(n))^2",0.34
830,1000,2,"Clayton_Sine",2000,-1.5,"1(log(n))^2",0.55
831,1000,2,"Clayton_Sine",2000,-1.5,"1(log(n))^2",0.53
832,1000,2,"Clayton_Sine",2000,-1.5,"1(log(n))^2",0.92
833,1000,2,"Clayton_Sine",2000,-1.5,"1(log(n))^2",0.28
834,1000,2,"Clayton_Sine",2000,-1.5,"1(log(n))^2",0.45
835,1000,2,"Clayton_Sine",2000,-1.5,"1(log(n))^2",0.04
836,1000,2,"Clayton_Sine",2000,-1.5,"1(log(n))^2",0.94
837,1000,2,"Clayton_Sine",2000,-1.5,"1(log(n))^2",0.6
838,1000,2,"Clayton_Sine",2000,-1.5,"1(log(n))^2",0.61
839,1000,2,"Clayton_Sine",2000,-1.5,"1(log(n))^2",0.82
840,1000,2,"Clayton_Sine",2000,-1.5,"1(log(n))^2",0.95
841,1000,2,"Clayton_Sine",2000,-1.5,"1(log(n))^2",0.25
842,1000,2,"Clayton_Sine",2000,-1.5,"1(log(n))^2",0.52
843,1000,2,"Clayton_Sine",2000,-1.5,"1(log(n))^2",0.87
844,1000,2,"Clayton_Sine",2000,-1.5,"1(log(n))^2",1
845,1000,2,"Clayton_Sine",2000,-1.5,"1(log(n))^2",0.98
846,1000,2,"Clayton_Sine",2000,-1.5,"1(log(n))^2",0.69
847,1000,2,"Clayton_Sine",2000,-1.5,"1(log(n))^2",0.19
848,1000,2,"Clayton_Sine",2000,-1.5,"1(log(n))^2",0.54
849,1000,2,"Clayton_Sine",2000,-1.5,"1(log(n))^2",0.74
850,1000,2,"Clayton_Sine",2000,-1.5,"1(log(n))^2",0.36
851,1000,2,"Clayton_Sine",2000,-1.5,"1(log(n))^2",0.3
852,1000,2,"Clayton_Sine",2000,-1.5,"1(log(n))^2",0.96
853,1000,2,"Clayton_Sine",2000,-1.5,"1(log(n))^2",0.49
854,1000,2,"Clayton_Sine",2000,-1.5,"1(log(n))^2",0.57
855,1000,2,"Clayton_Sine",2000,-1.5,"1(log(n))^2",0.81
856,1000,2,"Clayton_Sine",2000,-1.5,"1(log(n))^2",0.66
857,1000,2,"Clayton_Sine",2000,-1.5,"1(log(n))^2",0.65
858,1000,2,"Clayton_Sine",2000,-1.5,"1(log(n))^2",0.27
859,1000,2,"Clayton_Sine",2000,-1.5,"1(log(n))^2",0.59
860,1000,2,"Clayton_Sine",2000,-1.5,"1(log(n))^2",0.08
861,1000,2,"Clayton_Sine",2000,-1.5,"1(log(n))^2",0.48
862,1000,2,"Clayton_Sine",2000,-1.5,"1(log(n))^2",0.68
863,1000,2,"Clayton_Sine",2000,-1.5,"1(log(n))^2",0.16
864,1000,2,"Clayton_Sine",2000,-1.5,"1(log(n))^2",1
865,1000,2,"Clayton_Sine",2000,-1.5,"1(log(n))^2",0.41
866,1000,2,"Clayton_Sine",2000,-1.5,"1(log(n))^2",0.68
867,1000,2,"Clayton_Sine",2000,-1.5,"1(log(n))^2",0.48
868,1000,2,"Clayton_Sine",2000,-1.5,"1(log(n))^2",0.41
869,1000,2,"Clayton_Sine",2000,-1.5,"1(log(n))^2",0.28
870,1000,2,"Clayton_Sine",2000,-1.5,"1(log(n))^2",0.69
871,1000,2,"Clayton_Sine",2000,-1.5,"1(log(n))^2",0.38
872,1000,2,"Clayton_Sine",2000,-1.5,"1(log(n))^2",0.45
873,1000,2,"Clayton_Sine",2000,-1.5,"1(log(n))^2",0.68
874,1000,2,"Clayton_Sine",2000,-1.5,"1(log(n))^2",0.31
875,1000,2,"Clayton_Sine",2000,-1.5,"1(log(n))^2",0.44
876,1000,2,"Clayton_Sine",2000,-1.5,"1(log(n))^2",0.44
877,1000,2,"Clayton_Sine",2000,-1.5,"1(log(n))^2",0.47
878,1000,2,"Clayton_Sine",2000,-1.5,"1(log(n))^2",0.74
879,1000,2,"Clayton_Sine",2000,-1.5,"1(log(n))^2",0.91
880,1000,2,"Clayton_Sine",2000,-1.5,"1(log(n))^2",0.55
881,1000,2,"Clayton_Sine",2000,-1.5,"1(log(n))^2",0.34
882,1000,2,"Clayton_Sine",2000,-1.5,"1(log(n))^2",1
883,1000,2,"Clayton_Sine",2000,-1.5,"1(log(n))^2",0.76
884,1000,2,"Clayton_Sine",2000,-1.5,"1(log(n))^2",0.23
885,1000,2,"Clayton_Sine",2000,-1.5,"1(log(n))^2",0.05
886,1000,2,"Clayton_Sine",2000,-1.5,"1(log(n))^2",0.61
887,1000,2,"Clayton_Sine",2000,-1.5,"1(log(n))^2",0.44
888,1000,2,"Clayton_Sine",2000,-1.5,"1(log(n))^2",0.3
889,1000,2,"Clayton_Sine",2000,-1.5,"1(log(n))^2",0.11
890,1000,2,"Clayton_Sine",2000,-1.5,"1(log(n))^2",0.06
891,1000,2,"Clayton_Sine",2000,-1.5,"1(log(n))^2",0.2
892,1000,2,"Clayton_Sine",2000,-1.5,"1(log(n))^2",0.78
893,1000,2,"Clayton_Sine",2000,-1.5,"1(log(n))^2",0.57
894,1000,2,"Clayton_Sine",2000,-1.5,"1(log(n))^2",0.62
895,1000,2,"Clayton_Sine",2000,-1.5,"1(log(n))^2",0.54
896,1000,2,"Clayton_Sine",2000,-1.5,"1(log(n))^2",0.47
897,1000,2,"Clayton_Sine",2000,-1.5,"1(log(n))^2",0.7
898,1000,2,"Clayton_Sine",2000,-1.5,"1(log(n))^2",0.67
899,1000,2,"Clayton_Sine",2000,-1.5,"1(log(n))^2",0.49
900,1000,2,"Clayton_Sine",2000,-1.5,"1(log(n))^2",0.78
901,1000,2,"Clayton_Sine",2000,-1.5,"1(log(n))^2",0.63
902,1000,2,"Clayton_Sine",2000,-1.5,"1(log(n))^2",0.58
903,1000,2,"Clayton_Sine",2000,-1.5,"1(log(n))^2",0.34
904,1000,2,"Clayton_Sine",2000,-1.5,"1(log(n))^2",0.5
905,1000,2,"Clayton_Sine",2000,-1.5,"1(log(n))^2",0.46
906,1000,2,"Clayton_Sine",2000,-1.5,"1(log(n))^2",0.97
907,1000,2,"Clayton_Sine",2000,-1.5,"1(log(n))^2",0.45
908,1000,2,"Clayton_Sine",2000,-1.5,"1(log(n))^2",0.14
909,1000,2,"Clayton_Sine",2000,-1.5,"1(log(n))^2",0.68
910,1000,2,"Clayton_Sine",2000,-1.5,"1(log(n))^2",0.78
911,1000,2,"Clayton_Sine",2000,-1.5,"1(log(n))^2",0.8
912,1000,2,"Clayton_Sine",2000,-1.5,"1(log(n))^2",0.48
913,1000,2,"Clayton_Sine",2000,-1.5,"1(log(n))^2",0.69
914,1000,2,"Clayton_Sine",2000,-1.5,"1(log(n))^2",0.37
915,1000,2,"Clayton_Sine",2000,-1.5,"1(log(n))^2",0.75
916,1000,2,"Clayton_Sine",2000,-1.5,"1(log(n))^2",0.99
917,1000,2,"Clayton_Sine",2000,-1.5,"1(log(n))^2",0.17
918,1000,2,"Clayton_Sine",2000,-1.5,"1(log(n))^2",0.95
919,1000,2,"Clayton_Sine",2000,-1.5,"1(log(n))^2",0.92
920,1000,2,"Clayton_Sine",2000,-1.5,"1(log(n))^2",0.68
921,1000,2,"Clayton_Sine",2000,-1.5,"1(log(n))^2",0.92
922,1000,2,"Clayton_Sine",2000,-1.5,"1(log(n))^2",0.49
923,1000,2,"Clayton_Sine",2000,-1.5,"1(log(n))^2",0.14
924,1000,2,"Clayton_Sine",2000,-1.5,"1(log(n))^2",0.45
925,1000,2,"Clayton_Sine",2000,-1.5,"1(log(n))^2",0.56
926,1000,2,"Clayton_Sine",2000,-1.5,"1(log(n))^2",0.07
927,1000,2,"Clayton_Sine",2000,-1.5,"1(log(n))^2",0.03
928,1000,2,"Clayton_Sine",2000,-1.5,"1(log(n))^2",0.52
929,1000,2,"Clayton_Sine",2000,-1.5,"1(log(n))^2",0.84
930,1000,2,"Clayton_Sine",2000,-1.5,"1(log(n))^2",0.5
931,1000,2,"Clayton_Sine",2000,-1.5,"1(log(n))^2",0.18
932,1000,2,"Clayton_Sine",2000,-1.5,"1(log(n))^2",0.55
933,1000,2,"Clayton_Sine",2000,-1.5,"1(log(n))^2",0.93
934,1000,2,"Clayton_Sine",2000,-1.5,"1(log(n))^2",0.68
935,1000,2,"Clayton_Sine",2000,-1.5,"1(log(n))^2",0.54
936,1000,2,"Clayton_Sine",2000,-1.5,"1(log(n))^2",0.91
937,1000,2,"Clayton_Sine",2000,-1.5,"1(log(n))^2",0.66
938,1000,2,"Clayton_Sine",2000,-1.5,"1(log(n))^2",0.64
939,1000,2,"Clayton_Sine",2000,-1.5,"1(log(n))^2",0.22
940,1000,2,"Clayton_Sine",2000,-1.5,"1(log(n))^2",0.74
941,1000,2,"Clayton_Sine",2000,-1.5,"1(log(n))^2",0.97
942,1000,2,"Clayton_Sine",2000,-1.5,"1(log(n))^2",0.48
943,1000,2,"Clayton_Sine",2000,-1.5,"1(log(n))^2",0.4
944,1000,2,"Clayton_Sine",2000,-1.5,"1(log(n))^2",0.21
945,1000,2,"Clayton_Sine",2000,-1.5,"1(log(n))^2",0.77
946,1000,2,"Clayton_Sine",2000,-1.5,"1(log(n))^2",0.12
947,1000,2,"Clayton_Sine",2000,-1.5,"1(log(n))^2",0.92
948,1000,2,"Clayton_Sine",2000,-1.5,"1(log(n))^2",0.65
949,1000,2,"Clayton_Sine",2000,-1.5,"1(log(n))^2",0.14
950,1000,2,"Clayton_Sine",2000,-1.5,"1(log(n))^2",0.53
951,1000,2,"Clayton_Sine",2000,-1.5,"1(log(n))^2",0.93
952,1000,2,"Clayton_Sine",2000,-1.5,"1(log(n))^2",0.38
953,1000,2,"Clayton_Sine",2000,-1.5,"1(log(n))^2",0.1
954,1000,2,"Clayton_Sine",2000,-1.5,"1(log(n))^2",0.06
955,1000,2,"Clayton_Sine",2000,-1.5,"1(log(n))^2",0.85
956,1000,2,"Clayton_Sine",2000,-1.5,"1(log(n))^2",0.75
957,1000,2,"Clayton_Sine",2000,-1.5,"1(log(n))^2",0.68
958,1000,2,"Clayton_Sine",2000,-1.5,"1(log(n))^2",0.68
959,1000,2,"Clayton_Sine",2000,-1.5,"1(log(n))^2",0.95
960,1000,2,"Clayton_Sine",2000,-1.5,"1(log(n))^2",0.47
961,1000,2,"Clayton_Sine",2000,-1.5,"1(log(n))^2",0.94
962,1000,2,"Clayton_Sine",2000,-1.5,"1(log(n))^2",0.23
963,1000,2,"Clayton_Sine",2000,-1.5,"1(log(n))^2",0.62
964,1000,2,"Clayton_Sine",2000,-1.5,"1(log(n))^2",0.61
965,1000,2,"Clayton_Sine",2000,-1.5,"1(log(n))^2",0.93
966,1000,2,"Clayton_Sine",2000,-1.5,"1(log(n))^2",0.1
967,1000,2,"Clayton_Sine",2000,-1.5,"1(log(n))^2",0.45
968,1000,2,"Clayton_Sine",2000,-1.5,"1(log(n))^2",0.91
969,1000,2,"Clayton_Sine",2000,-1.5,"1(log(n))^2",0.71
970,1000,2,"Clayton_Sine",2000,-1.5,"1(log(n))^2",0.57
971,1000,2,"Clayton_Sine",2000,-1.5,"1(log(n))^2",0.36
972,1000,2,"Clayton_Sine",2000,-1.5,"1(log(n))^2",0.5
973,1000,2,"Clayton_Sine",2000,-1.5,"1(log(n))^2",0.68
974,1000,2,"Clayton_Sine",2000,-1.5,"1(log(n))^2",0.74
975,1000,2,"Clayton_Sine",2000,-1.5,"1(log(n))^2",0.05
976,1000,2,"Clayton_Sine",2000,-1.5,"1(log(n))^2",0.33
977,1000,2,"Clayton_Sine",2000,-1.5,"1(log(n))^2",0.61
978,1000,2,"Clayton_Sine",2000,-1.5,"1(log(n))^2",1
979,1000,2,"Clayton_Sine",2000,-1.5,"1(log(n))^2",0.6
980,1000,2,"Clayton_Sine",2000,-1.5,"1(log(n))^2",0.69
981,1000,2,"Clayton_Sine",2000,-1.5,"1(log(n))^2",0.91
982,1000,2,"Clayton_Sine",2000,-1.5,"1(log(n))^2",0.65
983,1000,2,"Clayton_Sine",2000,-1.5,"1(log(n))^2",0.33
984,1000,2,"Clayton_Sine",2000,-1.5,"1(log(n))^2",0.23
985,1000,2,"Clayton_Sine",2000,-1.5,"1(log(n))^2",0.16
986,1000,2,"Clayton_Sine",2000,-1.5,"1(log(n))^2",0.44
987,1000,2,"Clayton_Sine",2000,-1.5,"1(log(n))^2",0.47
988,1000,2,"Clayton_Sine",2000,-1.5,"1(log(n))^2",0.88
989,1000,2,"Clayton_Sine",2000,-1.5,"1(log(n))^2",0.99
990,1000,2,"Clayton_Sine",2000,-1.5,"1(log(n))^2",0.64
991,1000,2,"Clayton_Sine",2000,-1.5,"1(log(n))^2",0.38
992,1000,2,"Clayton_Sine",2000,-1.5,"1(log(n))^2",0.57
993,1000,2,"Clayton_Sine",2000,-1.5,"1(log(n))^2",0.64
994,1000,2,"Clayton_Sine",2000,-1.5,"1(log(n))^2",0.54
995,1000,2,"Clayton_Sine",2000,-1.5,"1(log(n))^2",0.86
996,1000,2,"Clayton_Sine",2000,-1.5,"1(log(n))^2",0.18
997,1000,2,"Clayton_Sine",2000,-1.5,"1(log(n))^2",0.57
998,1000,2,"Clayton_Sine",2000,-1.5,"1(log(n))^2",0.78
999,1000,2,"Clayton_Sine",2000,-1.5,"1(log(n))^2",0.99
1000,1000,2,"Clayton_Sine",2000,-1.5,"1(log(n))^2",0.05
1,1000,2,"Clayton_Sine",2000,-1.5,"0.75(log(n))^2",0.8
2,1000,2,"Clayton_Sine",2000,-1.5,"0.75(log(n))^2",0
3,1000,2,"Clayton_Sine",2000,-1.5,"0.75(log(n))^2",0.94
4,1000,2,"Clayton_Sine",2000,-1.5,"0.75(log(n))^2",0.82
5,1000,2,"Clayton_Sine",2000,-1.5,"0.75(log(n))^2",0.24
6,1000,2,"Clayton_Sine",2000,-1.5,"0.75(log(n))^2",0.58
7,1000,2,"Clayton_Sine",2000,-1.5,"0.75(log(n))^2",0.91
8,1000,2,"Clayton_Sine",2000,-1.5,"0.75(log(n))^2",0.38
9,1000,2,"Clayton_Sine",2000,-1.5,"0.75(log(n))^2",0.92
10,1000,2,"Clayton_Sine",2000,-1.5,"0.75(log(n))^2",0.18
11,1000,2,"Clayton_Sine",2000,-1.5,"0.75(log(n))^2",1
12,1000,2,"Clayton_Sine",2000,-1.5,"0.75(log(n))^2",0.35
13,1000,2,"Clayton_Sine",2000,-1.5,"0.75(log(n))^2",0.58
14,1000,2,"Clayton_Sine",2000,-1.5,"0.75(log(n))^2",0.21
15,1000,2,"Clayton_Sine",2000,-1.5,"0.75(log(n))^2",0.68
16,1000,2,"Clayton_Sine",2000,-1.5,"0.75(log(n))^2",0.09
17,1000,2,"Clayton_Sine",2000,-1.5,"0.75(log(n))^2",0.11
18,1000,2,"Clayton_Sine",2000,-1.5,"0.75(log(n))^2",0.47
19,1000,2,"Clayton_Sine",2000,-1.5,"0.75(log(n))^2",0.73
20,1000,2,"Clayton_Sine",2000,-1.5,"0.75(log(n))^2",0.36
21,1000,2,"Clayton_Sine",2000,-1.5,"0.75(log(n))^2",0.3
22,1000,2,"Clayton_Sine",2000,-1.5,"0.75(log(n))^2",0.95
23,1000,2,"Clayton_Sine",2000,-1.5,"0.75(log(n))^2",0.11
24,1000,2,"Clayton_Sine",2000,-1.5,"0.75(log(n))^2",0.77
25,1000,2,"Clayton_Sine",2000,-1.5,"0.75(log(n))^2",0.16
26,1000,2,"Clayton_Sine",2000,-1.5,"0.75(log(n))^2",0.87
27,1000,2,"Clayton_Sine",2000,-1.5,"0.75(log(n))^2",0.68
28,1000,2,"Clayton_Sine",2000,-1.5,"0.75(log(n))^2",0.24
29,1000,2,"Clayton_Sine",2000,-1.5,"0.75(log(n))^2",0.83
30,1000,2,"Clayton_Sine",2000,-1.5,"0.75(log(n))^2",0.13
31,1000,2,"Clayton_Sine",2000,-1.5,"0.75(log(n))^2",0.6
32,1000,2,"Clayton_Sine",2000,-1.5,"0.75(log(n))^2",0.62
33,1000,2,"Clayton_Sine",2000,-1.5,"0.75(log(n))^2",1
34,1000,2,"Clayton_Sine",2000,-1.5,"0.75(log(n))^2",0.86
35,1000,2,"Clayton_Sine",2000,-1.5,"0.75(log(n))^2",0.67
36,1000,2,"Clayton_Sine",2000,-1.5,"0.75(log(n))^2",0.28
37,1000,2,"Clayton_Sine",2000,-1.5,"0.75(log(n))^2",0.83
38,1000,2,"Clayton_Sine",2000,-1.5,"0.75(log(n))^2",0.44
39,1000,2,"Clayton_Sine",2000,-1.5,"0.75(log(n))^2",0.23
40,1000,2,"Clayton_Sine",2000,-1.5,"0.75(log(n))^2",0.68
41,1000,2,"Clayton_Sine",2000,-1.5,"0.75(log(n))^2",0.68
42,1000,2,"Clayton_Sine",2000,-1.5,"0.75(log(n))^2",0.34
43,1000,2,"Clayton_Sine",2000,-1.5,"0.75(log(n))^2",0.87
44,1000,2,"Clayton_Sine",2000,-1.5,"0.75(log(n))^2",0.33
45,1000,2,"Clayton_Sine",2000,-1.5,"0.75(log(n))^2",0.96
46,1000,2,"Clayton_Sine",2000,-1.5,"0.75(log(n))^2",0.78
47,1000,2,"Clayton_Sine",2000,-1.5,"0.75(log(n))^2",0.77
48,1000,2,"Clayton_Sine",2000,-1.5,"0.75(log(n))^2",0.06
49,1000,2,"Clayton_Sine",2000,-1.5,"0.75(log(n))^2",0.67
50,1000,2,"Clayton_Sine",2000,-1.5,"0.75(log(n))^2",0.28
51,1000,2,"Clayton_Sine",2000,-1.5,"0.75(log(n))^2",0.1
52,1000,2,"Clayton_Sine",2000,-1.5,"0.75(log(n))^2",0.93
53,1000,2,"Clayton_Sine",2000,-1.5,"0.75(log(n))^2",0.31
54,1000,2,"Clayton_Sine",2000,-1.5,"0.75(log(n))^2",0.6
55,1000,2,"Clayton_Sine",2000,-1.5,"0.75(log(n))^2",0.75
56,1000,2,"Clayton_Sine",2000,-1.5,"0.75(log(n))^2",0.63
57,1000,2,"Clayton_Sine",2000,-1.5,"0.75(log(n))^2",0.38
58,1000,2,"Clayton_Sine",2000,-1.5,"0.75(log(n))^2",0.36
59,1000,2,"Clayton_Sine",2000,-1.5,"0.75(log(n))^2",0.66
60,1000,2,"Clayton_Sine",2000,-1.5,"0.75(log(n))^2",0.1
61,1000,2,"Clayton_Sine",2000,-1.5,"0.75(log(n))^2",0.37
62,1000,2,"Clayton_Sine",2000,-1.5,"0.75(log(n))^2",0.34
63,1000,2,"Clayton_Sine",2000,-1.5,"0.75(log(n))^2",0.29
64,1000,2,"Clayton_Sine",2000,-1.5,"0.75(log(n))^2",0.93
65,1000,2,"Clayton_Sine",2000,-1.5,"0.75(log(n))^2",0.51
66,1000,2,"Clayton_Sine",2000,-1.5,"0.75(log(n))^2",1
67,1000,2,"Clayton_Sine",2000,-1.5,"0.75(log(n))^2",0.51
68,1000,2,"Clayton_Sine",2000,-1.5,"0.75(log(n))^2",0.28
69,1000,2,"Clayton_Sine",2000,-1.5,"0.75(log(n))^2",0.55
70,1000,2,"Clayton_Sine",2000,-1.5,"0.75(log(n))^2",0.63
71,1000,2,"Clayton_Sine",2000,-1.5,"0.75(log(n))^2",0.74
72,1000,2,"Clayton_Sine",2000,-1.5,"0.75(log(n))^2",0.75
73,1000,2,"Clayton_Sine",2000,-1.5,"0.75(log(n))^2",0.71
74,1000,2,"Clayton_Sine",2000,-1.5,"0.75(log(n))^2",0.34
75,1000,2,"Clayton_Sine",2000,-1.5,"0.75(log(n))^2",0.49
76,1000,2,"Clayton_Sine",2000,-1.5,"0.75(log(n))^2",0.98
77,1000,2,"Clayton_Sine",2000,-1.5,"0.75(log(n))^2",0.38
78,1000,2,"Clayton_Sine",2000,-1.5,"0.75(log(n))^2",0.44
79,1000,2,"Clayton_Sine",2000,-1.5,"0.75(log(n))^2",0.67
80,1000,2,"Clayton_Sine",2000,-1.5,"0.75(log(n))^2",0.66
81,1000,2,"Clayton_Sine",2000,-1.5,"0.75(log(n))^2",0.86
82,1000,2,"Clayton_Sine",2000,-1.5,"0.75(log(n))^2",0.65
83,1000,2,"Clayton_Sine",2000,-1.5,"0.75(log(n))^2",0.41
84,1000,2,"Clayton_Sine",2000,-1.5,"0.75(log(n))^2",0.11
85,1000,2,"Clayton_Sine",2000,-1.5,"0.75(log(n))^2",0.46
86,1000,2,"Clayton_Sine",2000,-1.5,"0.75(log(n))^2",0.48
87,1000,2,"Clayton_Sine",2000,-1.5,"0.75(log(n))^2",0.09
88,1000,2,"Clayton_Sine",2000,-1.5,"0.75(log(n))^2",0.84
89,1000,2,"Clayton_Sine",2000,-1.5,"0.75(log(n))^2",0.54
90,1000,2,"Clayton_Sine",2000,-1.5,"0.75(log(n))^2",0.56
91,1000,2,"Clayton_Sine",2000,-1.5,"0.75(log(n))^2",0.73
92,1000,2,"Clayton_Sine",2000,-1.5,"0.75(log(n))^2",0.84
93,1000,2,"Clayton_Sine",2000,-1.5,"0.75(log(n))^2",0.78
94,1000,2,"Clayton_Sine",2000,-1.5,"0.75(log(n))^2",0.84
95,1000,2,"Clayton_Sine",2000,-1.5,"0.75(log(n))^2",0.13
96,1000,2,"Clayton_Sine",2000,-1.5,"0.75(log(n))^2",0.35
97,1000,2,"Clayton_Sine",2000,-1.5,"0.75(log(n))^2",0.94
98,1000,2,"Clayton_Sine",2000,-1.5,"0.75(log(n))^2",0.78
99,1000,2,"Clayton_Sine",2000,-1.5,"0.75(log(n))^2",0.85
100,1000,2,"Clayton_Sine",2000,-1.5,"0.75(log(n))^2",0.28
101,1000,2,"Clayton_Sine",2000,-1.5,"0.75(log(n))^2",0.37
102,1000,2,"Clayton_Sine",2000,-1.5,"0.75(log(n))^2",0.85
103,1000,2,"Clayton_Sine",2000,-1.5,"0.75(log(n))^2",1
104,1000,2,"Clayton_Sine",2000,-1.5,"0.75(log(n))^2",0.86
105,1000,2,"Clayton_Sine",2000,-1.5,"0.75(log(n))^2",0.51
106,1000,2,"Clayton_Sine",2000,-1.5,"0.75(log(n))^2",0.66
107,1000,2,"Clayton_Sine",2000,-1.5,"0.75(log(n))^2",0.18
108,1000,2,"Clayton_Sine",2000,-1.5,"0.75(log(n))^2",0.47
109,1000,2,"Clayton_Sine",2000,-1.5,"0.75(log(n))^2",0.7
110,1000,2,"Clayton_Sine",2000,-1.5,"0.75(log(n))^2",0.83
111,1000,2,"Clayton_Sine",2000,-1.5,"0.75(log(n))^2",0.71
112,1000,2,"Clayton_Sine",2000,-1.5,"0.75(log(n))^2",0.71
113,1000,2,"Clayton_Sine",2000,-1.5,"0.75(log(n))^2",1
114,1000,2,"Clayton_Sine",2000,-1.5,"0.75(log(n))^2",0.83
115,1000,2,"Clayton_Sine",2000,-1.5,"0.75(log(n))^2",0.56
116,1000,2,"Clayton_Sine",2000,-1.5,"0.75(log(n))^2",0.87
117,1000,2,"Clayton_Sine",2000,-1.5,"0.75(log(n))^2",0.59
118,1000,2,"Clayton_Sine",2000,-1.5,"0.75(log(n))^2",0.37
119,1000,2,"Clayton_Sine",2000,-1.5,"0.75(log(n))^2",0.69
120,1000,2,"Clayton_Sine",2000,-1.5,"0.75(log(n))^2",0.46
121,1000,2,"Clayton_Sine",2000,-1.5,"0.75(log(n))^2",0.95
122,1000,2,"Clayton_Sine",2000,-1.5,"0.75(log(n))^2",0.5
123,1000,2,"Clayton_Sine",2000,-1.5,"0.75(log(n))^2",0.39
124,1000,2,"Clayton_Sine",2000,-1.5,"0.75(log(n))^2",0.43
125,1000,2,"Clayton_Sine",2000,-1.5,"0.75(log(n))^2",0.54
126,1000,2,"Clayton_Sine",2000,-1.5,"0.75(log(n))^2",0.84
127,1000,2,"Clayton_Sine",2000,-1.5,"0.75(log(n))^2",0.7
128,1000,2,"Clayton_Sine",2000,-1.5,"0.75(log(n))^2",0.96
129,1000,2,"Clayton_Sine",2000,-1.5,"0.75(log(n))^2",0.9
130,1000,2,"Clayton_Sine",2000,-1.5,"0.75(log(n))^2",0.66
131,1000,2,"Clayton_Sine",2000,-1.5,"0.75(log(n))^2",0.66
132,1000,2,"Clayton_Sine",2000,-1.5,"0.75(log(n))^2",0.46
133,1000,2,"Clayton_Sine",2000,-1.5,"0.75(log(n))^2",0.97
134,1000,2,"Clayton_Sine",2000,-1.5,"0.75(log(n))^2",0.21
135,1000,2,"Clayton_Sine",2000,-1.5,"0.75(log(n))^2",0.12
136,1000,2,"Clayton_Sine",2000,-1.5,"0.75(log(n))^2",0.5
137,1000,2,"Clayton_Sine",2000,-1.5,"0.75(log(n))^2",0.87
138,1000,2,"Clayton_Sine",2000,-1.5,"0.75(log(n))^2",0.07
139,1000,2,"Clayton_Sine",2000,-1.5,"0.75(log(n))^2",0.83
140,1000,2,"Clayton_Sine",2000,-1.5,"0.75(log(n))^2",0.95
141,1000,2,"Clayton_Sine",2000,-1.5,"0.75(log(n))^2",0.65
142,1000,2,"Clayton_Sine",2000,-1.5,"0.75(log(n))^2",0.91
143,1000,2,"Clayton_Sine",2000,-1.5,"0.75(log(n))^2",0.77
144,1000,2,"Clayton_Sine",2000,-1.5,"0.75(log(n))^2",0.48
145,1000,2,"Clayton_Sine",2000,-1.5,"0.75(log(n))^2",0.34
146,1000,2,"Clayton_Sine",2000,-1.5,"0.75(log(n))^2",0.83
147,1000,2,"Clayton_Sine",2000,-1.5,"0.75(log(n))^2",0.07
148,1000,2,"Clayton_Sine",2000,-1.5,"0.75(log(n))^2",0.83
149,1000,2,"Clayton_Sine",2000,-1.5,"0.75(log(n))^2",0.19
150,1000,2,"Clayton_Sine",2000,-1.5,"0.75(log(n))^2",0.67
151,1000,2,"Clayton_Sine",2000,-1.5,"0.75(log(n))^2",0.92
152,1000,2,"Clayton_Sine",2000,-1.5,"0.75(log(n))^2",0.83
153,1000,2,"Clayton_Sine",2000,-1.5,"0.75(log(n))^2",0.33
154,1000,2,"Clayton_Sine",2000,-1.5,"0.75(log(n))^2",0.55
155,1000,2,"Clayton_Sine",2000,-1.5,"0.75(log(n))^2",0.11
156,1000,2,"Clayton_Sine",2000,-1.5,"0.75(log(n))^2",0.72
157,1000,2,"Clayton_Sine",2000,-1.5,"0.75(log(n))^2",0.51
158,1000,2,"Clayton_Sine",2000,-1.5,"0.75(log(n))^2",0.82
159,1000,2,"Clayton_Sine",2000,-1.5,"0.75(log(n))^2",0.04
160,1000,2,"Clayton_Sine",2000,-1.5,"0.75(log(n))^2",0.29
161,1000,2,"Clayton_Sine",2000,-1.5,"0.75(log(n))^2",0.24
162,1000,2,"Clayton_Sine",2000,-1.5,"0.75(log(n))^2",0.3
163,1000,2,"Clayton_Sine",2000,-1.5,"0.75(log(n))^2",0.34
164,1000,2,"Clayton_Sine",2000,-1.5,"0.75(log(n))^2",0.57
165,1000,2,"Clayton_Sine",2000,-1.5,"0.75(log(n))^2",0.83
166,1000,2,"Clayton_Sine",2000,-1.5,"0.75(log(n))^2",0.72
167,1000,2,"Clayton_Sine",2000,-1.5,"0.75(log(n))^2",1
168,1000,2,"Clayton_Sine",2000,-1.5,"0.75(log(n))^2",0.25
169,1000,2,"Clayton_Sine",2000,-1.5,"0.75(log(n))^2",0.87
170,1000,2,"Clayton_Sine",2000,-1.5,"0.75(log(n))^2",0.57
171,1000,2,"Clayton_Sine",2000,-1.5,"0.75(log(n))^2",0.44
172,1000,2,"Clayton_Sine",2000,-1.5,"0.75(log(n))^2",0.61
173,1000,2,"Clayton_Sine",2000,-1.5,"0.75(log(n))^2",0.78
174,1000,2,"Clayton_Sine",2000,-1.5,"0.75(log(n))^2",0.9
175,1000,2,"Clayton_Sine",2000,-1.5,"0.75(log(n))^2",0.62
176,1000,2,"Clayton_Sine",2000,-1.5,"0.75(log(n))^2",0.23
177,1000,2,"Clayton_Sine",2000,-1.5,"0.75(log(n))^2",0.9
178,1000,2,"Clayton_Sine",2000,-1.5,"0.75(log(n))^2",0.75
179,1000,2,"Clayton_Sine",2000,-1.5,"0.75(log(n))^2",0.54
180,1000,2,"Clayton_Sine",2000,-1.5,"0.75(log(n))^2",0.36
181,1000,2,"Clayton_Sine",2000,-1.5,"0.75(log(n))^2",0.8
182,1000,2,"Clayton_Sine",2000,-1.5,"0.75(log(n))^2",0.39
183,1000,2,"Clayton_Sine",2000,-1.5,"0.75(log(n))^2",0.9
184,1000,2,"Clayton_Sine",2000,-1.5,"0.75(log(n))^2",0.4
185,1000,2,"Clayton_Sine",2000,-1.5,"0.75(log(n))^2",0.98
186,1000,2,"Clayton_Sine",2000,-1.5,"0.75(log(n))^2",0.13
187,1000,2,"Clayton_Sine",2000,-1.5,"0.75(log(n))^2",0.56
188,1000,2,"Clayton_Sine",2000,-1.5,"0.75(log(n))^2",0.98
189,1000,2,"Clayton_Sine",2000,-1.5,"0.75(log(n))^2",0.63
190,1000,2,"Clayton_Sine",2000,-1.5,"0.75(log(n))^2",0.92
191,1000,2,"Clayton_Sine",2000,-1.5,"0.75(log(n))^2",0.65
192,1000,2,"Clayton_Sine",2000,-1.5,"0.75(log(n))^2",0.82
193,1000,2,"Clayton_Sine",2000,-1.5,"0.75(log(n))^2",0.3
194,1000,2,"Clayton_Sine",2000,-1.5,"0.75(log(n))^2",0.69
195,1000,2,"Clayton_Sine",2000,-1.5,"0.75(log(n))^2",0.55
196,1000,2,"Clayton_Sine",2000,-1.5,"0.75(log(n))^2",0.72
197,1000,2,"Clayton_Sine",2000,-1.5,"0.75(log(n))^2",0.31
198,1000,2,"Clayton_Sine",2000,-1.5,"0.75(log(n))^2",0.59
199,1000,2,"Clayton_Sine",2000,-1.5,"0.75(log(n))^2",0.53
200,1000,2,"Clayton_Sine",2000,-1.5,"0.75(log(n))^2",0.66
201,1000,2,"Clayton_Sine",2000,-1.5,"0.75(log(n))^2",0.96
202,1000,2,"Clayton_Sine",2000,-1.5,"0.75(log(n))^2",0.33
203,1000,2,"Clayton_Sine",2000,-1.5,"0.75(log(n))^2",0.29
204,1000,2,"Clayton_Sine",2000,-1.5,"0.75(log(n))^2",0.77
205,1000,2,"Clayton_Sine",2000,-1.5,"0.75(log(n))^2",0.37
206,1000,2,"Clayton_Sine",2000,-1.5,"0.75(log(n))^2",0.46
207,1000,2,"Clayton_Sine",2000,-1.5,"0.75(log(n))^2",0.72
208,1000,2,"Clayton_Sine",2000,-1.5,"0.75(log(n))^2",0.41
209,1000,2,"Clayton_Sine",2000,-1.5,"0.75(log(n))^2",0.34
210,1000,2,"Clayton_Sine",2000,-1.5,"0.75(log(n))^2",0.97
211,1000,2,"Clayton_Sine",2000,-1.5,"0.75(log(n))^2",0.88
212,1000,2,"Clayton_Sine",2000,-1.5,"0.75(log(n))^2",0.32
213,1000,2,"Clayton_Sine",2000,-1.5,"0.75(log(n))^2",0.19
214,1000,2,"Clayton_Sine",2000,-1.5,"0.75(log(n))^2",0.22
215,1000,2,"Clayton_Sine",2000,-1.5,"0.75(log(n))^2",0.68
216,1000,2,"Clayton_Sine",2000,-1.5,"0.75(log(n))^2",0.41
217,1000,2,"Clayton_Sine",2000,-1.5,"0.75(log(n))^2",0.2
218,1000,2,"Clayton_Sine",2000,-1.5,"0.75(log(n))^2",0.35
219,1000,2,"Clayton_Sine",2000,-1.5,"0.75(log(n))^2",0.12
220,1000,2,"Clayton_Sine",2000,-1.5,"0.75(log(n))^2",0.74
221,1000,2,"Clayton_Sine",2000,-1.5,"0.75(log(n))^2",0.56
222,1000,2,"Clayton_Sine",2000,-1.5,"0.75(log(n))^2",0.73
223,1000,2,"Clayton_Sine",2000,-1.5,"0.75(log(n))^2",0.69
224,1000,2,"Clayton_Sine",2000,-1.5,"0.75(log(n))^2",0.86
225,1000,2,"Clayton_Sine",2000,-1.5,"0.75(log(n))^2",0.52
226,1000,2,"Clayton_Sine",2000,-1.5,"0.75(log(n))^2",0.55
227,1000,2,"Clayton_Sine",2000,-1.5,"0.75(log(n))^2",0.38
228,1000,2,"Clayton_Sine",2000,-1.5,"0.75(log(n))^2",0.95
229,1000,2,"Clayton_Sine",2000,-1.5,"0.75(log(n))^2",0.12
230,1000,2,"Clayton_Sine",2000,-1.5,"0.75(log(n))^2",0.74
231,1000,2,"Clayton_Sine",2000,-1.5,"0.75(log(n))^2",0.65
232,1000,2,"Clayton_Sine",2000,-1.5,"0.75(log(n))^2",0.08
233,1000,2,"Clayton_Sine",2000,-1.5,"0.75(log(n))^2",0.26
234,1000,2,"Clayton_Sine",2000,-1.5,"0.75(log(n))^2",0.85
235,1000,2,"Clayton_Sine",2000,-1.5,"0.75(log(n))^2",0.49
236,1000,2,"Clayton_Sine",2000,-1.5,"0.75(log(n))^2",0.42
237,1000,2,"Clayton_Sine",2000,-1.5,"0.75(log(n))^2",0.08
238,1000,2,"Clayton_Sine",2000,-1.5,"0.75(log(n))^2",0.37
239,1000,2,"Clayton_Sine",2000,-1.5,"0.75(log(n))^2",0.93
240,1000,2,"Clayton_Sine",2000,-1.5,"0.75(log(n))^2",0.77
241,1000,2,"Clayton_Sine",2000,-1.5,"0.75(log(n))^2",0.3
242,1000,2,"Clayton_Sine",2000,-1.5,"0.75(log(n))^2",0.48
243,1000,2,"Clayton_Sine",2000,-1.5,"0.75(log(n))^2",0.72
244,1000,2,"Clayton_Sine",2000,-1.5,"0.75(log(n))^2",0.94
245,1000,2,"Clayton_Sine",2000,-1.5,"0.75(log(n))^2",0.96
246,1000,2,"Clayton_Sine",2000,-1.5,"0.75(log(n))^2",0.59
247,1000,2,"Clayton_Sine",2000,-1.5,"0.75(log(n))^2",0.51
248,1000,2,"Clayton_Sine",2000,-1.5,"0.75(log(n))^2",0.31
249,1000,2,"Clayton_Sine",2000,-1.5,"0.75(log(n))^2",0.69
250,1000,2,"Clayton_Sine",2000,-1.5,"0.75(log(n))^2",0.39
251,1000,2,"Clayton_Sine",2000,-1.5,"0.75(log(n))^2",0.96
252,1000,2,"Clayton_Sine",2000,-1.5,"0.75(log(n))^2",0.76
253,1000,2,"Clayton_Sine",2000,-1.5,"0.75(log(n))^2",0.63
254,1000,2,"Clayton_Sine",2000,-1.5,"0.75(log(n))^2",1
255,1000,2,"Clayton_Sine",2000,-1.5,"0.75(log(n))^2",0.28
256,1000,2,"Clayton_Sine",2000,-1.5,"0.75(log(n))^2",0.73
257,1000,2,"Clayton_Sine",2000,-1.5,"0.75(log(n))^2",0.69
258,1000,2,"Clayton_Sine",2000,-1.5,"0.75(log(n))^2",0.65
259,1000,2,"Clayton_Sine",2000,-1.5,"0.75(log(n))^2",0.49
260,1000,2,"Clayton_Sine",2000,-1.5,"0.75(log(n))^2",0.12
261,1000,2,"Clayton_Sine",2000,-1.5,"0.75(log(n))^2",0.22
262,1000,2,"Clayton_Sine",2000,-1.5,"0.75(log(n))^2",0.12
263,1000,2,"Clayton_Sine",2000,-1.5,"0.75(log(n))^2",0.55
264,1000,2,"Clayton_Sine",2000,-1.5,"0.75(log(n))^2",0.25
265,1000,2,"Clayton_Sine",2000,-1.5,"0.75(log(n))^2",0.04
266,1000,2,"Clayton_Sine",2000,-1.5,"0.75(log(n))^2",0.54
267,1000,2,"Clayton_Sine",2000,-1.5,"0.75(log(n))^2",0.63
268,1000,2,"Clayton_Sine",2000,-1.5,"0.75(log(n))^2",0.72
269,1000,2,"Clayton_Sine",2000,-1.5,"0.75(log(n))^2",0.87
270,1000,2,"Clayton_Sine",2000,-1.5,"0.75(log(n))^2",0.72
271,1000,2,"Clayton_Sine",2000,-1.5,"0.75(log(n))^2",0.88
272,1000,2,"Clayton_Sine",2000,-1.5,"0.75(log(n))^2",0.53
273,1000,2,"Clayton_Sine",2000,-1.5,"0.75(log(n))^2",0.34
274,1000,2,"Clayton_Sine",2000,-1.5,"0.75(log(n))^2",0.78
275,1000,2,"Clayton_Sine",2000,-1.5,"0.75(log(n))^2",0.33
276,1000,2,"Clayton_Sine",2000,-1.5,"0.75(log(n))^2",0.51
277,1000,2,"Clayton_Sine",2000,-1.5,"0.75(log(n))^2",0.98
278,1000,2,"Clayton_Sine",2000,-1.5,"0.75(log(n))^2",0.99
279,1000,2,"Clayton_Sine",2000,-1.5,"0.75(log(n))^2",0.9
280,1000,2,"Clayton_Sine",2000,-1.5,"0.75(log(n))^2",0.76
281,1000,2,"Clayton_Sine",2000,-1.5,"0.75(log(n))^2",0.19
282,1000,2,"Clayton_Sine",2000,-1.5,"0.75(log(n))^2",0.47
283,1000,2,"Clayton_Sine",2000,-1.5,"0.75(log(n))^2",0.32
284,1000,2,"Clayton_Sine",2000,-1.5,"0.75(log(n))^2",0.86
285,1000,2,"Clayton_Sine",2000,-1.5,"0.75(log(n))^2",0.85
286,1000,2,"Clayton_Sine",2000,-1.5,"0.75(log(n))^2",0.5
287,1000,2,"Clayton_Sine",2000,-1.5,"0.75(log(n))^2",0.65
288,1000,2,"Clayton_Sine",2000,-1.5,"0.75(log(n))^2",0.64
289,1000,2,"Clayton_Sine",2000,-1.5,"0.75(log(n))^2",0.37
290,1000,2,"Clayton_Sine",2000,-1.5,"0.75(log(n))^2",0.49
291,1000,2,"Clayton_Sine",2000,-1.5,"0.75(log(n))^2",0.42
292,1000,2,"Clayton_Sine",2000,-1.5,"0.75(log(n))^2",0.34
293,1000,2,"Clayton_Sine",2000,-1.5,"0.75(log(n))^2",0.76
294,1000,2,"Clayton_Sine",2000,-1.5,"0.75(log(n))^2",0.89
295,1000,2,"Clayton_Sine",2000,-1.5,"0.75(log(n))^2",0.13
296,1000,2,"Clayton_Sine",2000,-1.5,"0.75(log(n))^2",0.91
297,1000,2,"Clayton_Sine",2000,-1.5,"0.75(log(n))^2",0.77
298,1000,2,"Clayton_Sine",2000,-1.5,"0.75(log(n))^2",0.48
299,1000,2,"Clayton_Sine",2000,-1.5,"0.75(log(n))^2",0.59
300,1000,2,"Clayton_Sine",2000,-1.5,"0.75(log(n))^2",0.81
301,1000,2,"Clayton_Sine",2000,-1.5,"0.75(log(n))^2",0.86
302,1000,2,"Clayton_Sine",2000,-1.5,"0.75(log(n))^2",0.22
303,1000,2,"Clayton_Sine",2000,-1.5,"0.75(log(n))^2",0.62
304,1000,2,"Clayton_Sine",2000,-1.5,"0.75(log(n))^2",0.67
305,1000,2,"Clayton_Sine",2000,-1.5,"0.75(log(n))^2",0.17
306,1000,2,"Clayton_Sine",2000,-1.5,"0.75(log(n))^2",0.48
307,1000,2,"Clayton_Sine",2000,-1.5,"0.75(log(n))^2",0.96
308,1000,2,"Clayton_Sine",2000,-1.5,"0.75(log(n))^2",0.46
309,1000,2,"Clayton_Sine",2000,-1.5,"0.75(log(n))^2",0.82
310,1000,2,"Clayton_Sine",2000,-1.5,"0.75(log(n))^2",0.7
311,1000,2,"Clayton_Sine",2000,-1.5,"0.75(log(n))^2",0.14
312,1000,2,"Clayton_Sine",2000,-1.5,"0.75(log(n))^2",0.79
313,1000,2,"Clayton_Sine",2000,-1.5,"0.75(log(n))^2",0.42
314,1000,2,"Clayton_Sine",2000,-1.5,"0.75(log(n))^2",0.36
315,1000,2,"Clayton_Sine",2000,-1.5,"0.75(log(n))^2",0.9
316,1000,2,"Clayton_Sine",2000,-1.5,"0.75(log(n))^2",0.76
317,1000,2,"Clayton_Sine",2000,-1.5,"0.75(log(n))^2",0.77
318,1000,2,"Clayton_Sine",2000,-1.5,"0.75(log(n))^2",0.67
319,1000,2,"Clayton_Sine",2000,-1.5,"0.75(log(n))^2",0.68
320,1000,2,"Clayton_Sine",2000,-1.5,"0.75(log(n))^2",0.23
321,1000,2,"Clayton_Sine",2000,-1.5,"0.75(log(n))^2",0.84
322,1000,2,"Clayton_Sine",2000,-1.5,"0.75(log(n))^2",0.12
323,1000,2,"Clayton_Sine",2000,-1.5,"0.75(log(n))^2",0.62
324,1000,2,"Clayton_Sine",2000,-1.5,"0.75(log(n))^2",0.7
325,1000,2,"Clayton_Sine",2000,-1.5,"0.75(log(n))^2",0.96
326,1000,2,"Clayton_Sine",2000,-1.5,"0.75(log(n))^2",0.81
327,1000,2,"Clayton_Sine",2000,-1.5,"0.75(log(n))^2",0.64
328,1000,2,"Clayton_Sine",2000,-1.5,"0.75(log(n))^2",1
329,1000,2,"Clayton_Sine",2000,-1.5,"0.75(log(n))^2",0.81
330,1000,2,"Clayton_Sine",2000,-1.5,"0.75(log(n))^2",0.99
331,1000,2,"Clayton_Sine",2000,-1.5,"0.75(log(n))^2",0.99
332,1000,2,"Clayton_Sine",2000,-1.5,"0.75(log(n))^2",0.81
333,1000,2,"Clayton_Sine",2000,-1.5,"0.75(log(n))^2",0.43
334,1000,2,"Clayton_Sine",2000,-1.5,"0.75(log(n))^2",0.96
335,1000,2,"Clayton_Sine",2000,-1.5,"0.75(log(n))^2",0.18
336,1000,2,"Clayton_Sine",2000,-1.5,"0.75(log(n))^2",0.49
337,1000,2,"Clayton_Sine",2000,-1.5,"0.75(log(n))^2",0.93
338,1000,2,"Clayton_Sine",2000,-1.5,"0.75(log(n))^2",0.75
339,1000,2,"Clayton_Sine",2000,-1.5,"0.75(log(n))^2",0.33
340,1000,2,"Clayton_Sine",2000,-1.5,"0.75(log(n))^2",0.55
341,1000,2,"Clayton_Sine",2000,-1.5,"0.75(log(n))^2",0.19
342,1000,2,"Clayton_Sine",2000,-1.5,"0.75(log(n))^2",0.98
343,1000,2,"Clayton_Sine",2000,-1.5,"0.75(log(n))^2",0.1
344,1000,2,"Clayton_Sine",2000,-1.5,"0.75(log(n))^2",0.41
345,1000,2,"Clayton_Sine",2000,-1.5,"0.75(log(n))^2",0.81
346,1000,2,"Clayton_Sine",2000,-1.5,"0.75(log(n))^2",0.45
347,1000,2,"Clayton_Sine",2000,-1.5,"0.75(log(n))^2",1
348,1000,2,"Clayton_Sine",2000,-1.5,"0.75(log(n))^2",0.41
349,1000,2,"Clayton_Sine",2000,-1.5,"0.75(log(n))^2",0.96
350,1000,2,"Clayton_Sine",2000,-1.5,"0.75(log(n))^2",0.73
351,1000,2,"Clayton_Sine",2000,-1.5,"0.75(log(n))^2",0.18
352,1000,2,"Clayton_Sine",2000,-1.5,"0.75(log(n))^2",0.43
353,1000,2,"Clayton_Sine",2000,-1.5,"0.75(log(n))^2",0.54
354,1000,2,"Clayton_Sine",2000,-1.5,"0.75(log(n))^2",0.93
355,1000,2,"Clayton_Sine",2000,-1.5,"0.75(log(n))^2",0.86
356,1000,2,"Clayton_Sine",2000,-1.5,"0.75(log(n))^2",0.47
357,1000,2,"Clayton_Sine",2000,-1.5,"0.75(log(n))^2",0.72
358,1000,2,"Clayton_Sine",2000,-1.5,"0.75(log(n))^2",0.23
359,1000,2,"Clayton_Sine",2000,-1.5,"0.75(log(n))^2",0.72
360,1000,2,"Clayton_Sine",2000,-1.5,"0.75(log(n))^2",0.46
361,1000,2,"Clayton_Sine",2000,-1.5,"0.75(log(n))^2",0.71
362,1000,2,"Clayton_Sine",2000,-1.5,"0.75(log(n))^2",0.5
363,1000,2,"Clayton_Sine",2000,-1.5,"0.75(log(n))^2",0.47
364,1000,2,"Clayton_Sine",2000,-1.5,"0.75(log(n))^2",0.46
365,1000,2,"Clayton_Sine",2000,-1.5,"0.75(log(n))^2",0.79
366,1000,2,"Clayton_Sine",2000,-1.5,"0.75(log(n))^2",0.73
367,1000,2,"Clayton_Sine",2000,-1.5,"0.75(log(n))^2",0.13
368,1000,2,"Clayton_Sine",2000,-1.5,"0.75(log(n))^2",0.08
369,1000,2,"Clayton_Sine",2000,-1.5,"0.75(log(n))^2",0.25
370,1000,2,"Clayton_Sine",2000,-1.5,"0.75(log(n))^2",0.15
371,1000,2,"Clayton_Sine",2000,-1.5,"0.75(log(n))^2",0.76
372,1000,2,"Clayton_Sine",2000,-1.5,"0.75(log(n))^2",0.84
373,1000,2,"Clayton_Sine",2000,-1.5,"0.75(log(n))^2",0.25
374,1000,2,"Clayton_Sine",2000,-1.5,"0.75(log(n))^2",0.43
375,1000,2,"Clayton_Sine",2000,-1.5,"0.75(log(n))^2",0.27
376,1000,2,"Clayton_Sine",2000,-1.5,"0.75(log(n))^2",0.17
377,1000,2,"Clayton_Sine",2000,-1.5,"0.75(log(n))^2",0.97
378,1000,2,"Clayton_Sine",2000,-1.5,"0.75(log(n))^2",1
379,1000,2,"Clayton_Sine",2000,-1.5,"0.75(log(n))^2",0.77
380,1000,2,"Clayton_Sine",2000,-1.5,"0.75(log(n))^2",0.46
381,1000,2,"Clayton_Sine",2000,-1.5,"0.75(log(n))^2",0.72
382,1000,2,"Clayton_Sine",2000,-1.5,"0.75(log(n))^2",0.33
383,1000,2,"Clayton_Sine",2000,-1.5,"0.75(log(n))^2",0.57
384,1000,2,"Clayton_Sine",2000,-1.5,"0.75(log(n))^2",0.97
385,1000,2,"Clayton_Sine",2000,-1.5,"0.75(log(n))^2",0.3
386,1000,2,"Clayton_Sine",2000,-1.5,"0.75(log(n))^2",0.57
387,1000,2,"Clayton_Sine",2000,-1.5,"0.75(log(n))^2",0.4
388,1000,2,"Clayton_Sine",2000,-1.5,"0.75(log(n))^2",0.36
389,1000,2,"Clayton_Sine",2000,-1.5,"0.75(log(n))^2",0.62
390,1000,2,"Clayton_Sine",2000,-1.5,"0.75(log(n))^2",0.39
391,1000,2,"Clayton_Sine",2000,-1.5,"0.75(log(n))^2",0.56
392,1000,2,"Clayton_Sine",2000,-1.5,"0.75(log(n))^2",0.61
393,1000,2,"Clayton_Sine",2000,-1.5,"0.75(log(n))^2",0.7
394,1000,2,"Clayton_Sine",2000,-1.5,"0.75(log(n))^2",0.97
395,1000,2,"Clayton_Sine",2000,-1.5,"0.75(log(n))^2",0.1
396,1000,2,"Clayton_Sine",2000,-1.5,"0.75(log(n))^2",0.52
397,1000,2,"Clayton_Sine",2000,-1.5,"0.75(log(n))^2",0.94
398,1000,2,"Clayton_Sine",2000,-1.5,"0.75(log(n))^2",0.19
399,1000,2,"Clayton_Sine",2000,-1.5,"0.75(log(n))^2",0.97
400,1000,2,"Clayton_Sine",2000,-1.5,"0.75(log(n))^2",0.73
401,1000,2,"Clayton_Sine",2000,-1.5,"0.75(log(n))^2",0.75
402,1000,2,"Clayton_Sine",2000,-1.5,"0.75(log(n))^2",0.93
403,1000,2,"Clayton_Sine",2000,-1.5,"0.75(log(n))^2",0.46
404,1000,2,"Clayton_Sine",2000,-1.5,"0.75(log(n))^2",0.73
405,1000,2,"Clayton_Sine",2000,-1.5,"0.75(log(n))^2",0.58
406,1000,2,"Clayton_Sine",2000,-1.5,"0.75(log(n))^2",0.67
407,1000,2,"Clayton_Sine",2000,-1.5,"0.75(log(n))^2",0.8
408,1000,2,"Clayton_Sine",2000,-1.5,"0.75(log(n))^2",0.33
409,1000,2,"Clayton_Sine",2000,-1.5,"0.75(log(n))^2",0.96
410,1000,2,"Clayton_Sine",2000,-1.5,"0.75(log(n))^2",0.61
411,1000,2,"Clayton_Sine",2000,-1.5,"0.75(log(n))^2",0.84
412,1000,2,"Clayton_Sine",2000,-1.5,"0.75(log(n))^2",0.16
413,1000,2,"Clayton_Sine",2000,-1.5,"0.75(log(n))^2",0.87
414,1000,2,"Clayton_Sine",2000,-1.5,"0.75(log(n))^2",0.25
415,1000,2,"Clayton_Sine",2000,-1.5,"0.75(log(n))^2",0.86
416,1000,2,"Clayton_Sine",2000,-1.5,"0.75(log(n))^2",0.79
417,1000,2,"Clayton_Sine",2000,-1.5,"0.75(log(n))^2",0.62
418,1000,2,"Clayton_Sine",2000,-1.5,"0.75(log(n))^2",0.24
419,1000,2,"Clayton_Sine",2000,-1.5,"0.75(log(n))^2",0.91
420,1000,2,"Clayton_Sine",2000,-1.5,"0.75(log(n))^2",0.69
421,1000,2,"Clayton_Sine",2000,-1.5,"0.75(log(n))^2",0.77
422,1000,2,"Clayton_Sine",2000,-1.5,"0.75(log(n))^2",0.97
423,1000,2,"Clayton_Sine",2000,-1.5,"0.75(log(n))^2",1
424,1000,2,"Clayton_Sine",2000,-1.5,"0.75(log(n))^2",0.89
425,1000,2,"Clayton_Sine",2000,-1.5,"0.75(log(n))^2",0.78
426,1000,2,"Clayton_Sine",2000,-1.5,"0.75(log(n))^2",0.98
427,1000,2,"Clayton_Sine",2000,-1.5,"0.75(log(n))^2",0.74
428,1000,2,"Clayton_Sine",2000,-1.5,"0.75(log(n))^2",0.82
429,1000,2,"Clayton_Sine",2000,-1.5,"0.75(log(n))^2",0.55
430,1000,2,"Clayton_Sine",2000,-1.5,"0.75(log(n))^2",0.25
431,1000,2,"Clayton_Sine",2000,-1.5,"0.75(log(n))^2",0.34
432,1000,2,"Clayton_Sine",2000,-1.5,"0.75(log(n))^2",0.34
433,1000,2,"Clayton_Sine",2000,-1.5,"0.75(log(n))^2",0.71
434,1000,2,"Clayton_Sine",2000,-1.5,"0.75(log(n))^2",0.53
435,1000,2,"Clayton_Sine",2000,-1.5,"0.75(log(n))^2",0.32
436,1000,2,"Clayton_Sine",2000,-1.5,"0.75(log(n))^2",0.07
437,1000,2,"Clayton_Sine",2000,-1.5,"0.75(log(n))^2",0.98
438,1000,2,"Clayton_Sine",2000,-1.5,"0.75(log(n))^2",0.85
439,1000,2,"Clayton_Sine",2000,-1.5,"0.75(log(n))^2",0.56
440,1000,2,"Clayton_Sine",2000,-1.5,"0.75(log(n))^2",0.31
441,1000,2,"Clayton_Sine",2000,-1.5,"0.75(log(n))^2",0.69
442,1000,2,"Clayton_Sine",2000,-1.5,"0.75(log(n))^2",0.86
443,1000,2,"Clayton_Sine",2000,-1.5,"0.75(log(n))^2",0.8
444,1000,2,"Clayton_Sine",2000,-1.5,"0.75(log(n))^2",0.47
445,1000,2,"Clayton_Sine",2000,-1.5,"0.75(log(n))^2",0.51
446,1000,2,"Clayton_Sine",2000,-1.5,"0.75(log(n))^2",0.62
447,1000,2,"Clayton_Sine",2000,-1.5,"0.75(log(n))^2",0.39
448,1000,2,"Clayton_Sine",2000,-1.5,"0.75(log(n))^2",0.95
449,1000,2,"Clayton_Sine",2000,-1.5,"0.75(log(n))^2",0.24
450,1000,2,"Clayton_Sine",2000,-1.5,"0.75(log(n))^2",0.74
451,1000,2,"Clayton_Sine",2000,-1.5,"0.75(log(n))^2",0.22
452,1000,2,"Clayton_Sine",2000,-1.5,"0.75(log(n))^2",0.95
453,1000,2,"Clayton_Sine",2000,-1.5,"0.75(log(n))^2",0.62
454,1000,2,"Clayton_Sine",2000,-1.5,"0.75(log(n))^2",0.77
455,1000,2,"Clayton_Sine",2000,-1.5,"0.75(log(n))^2",0.72
456,1000,2,"Clayton_Sine",2000,-1.5,"0.75(log(n))^2",0.81
457,1000,2,"Clayton_Sine",2000,-1.5,"0.75(log(n))^2",0.07
458,1000,2,"Clayton_Sine",2000,-1.5,"0.75(log(n))^2",0.21
459,1000,2,"Clayton_Sine",2000,-1.5,"0.75(log(n))^2",1
460,1000,2,"Clayton_Sine",2000,-1.5,"0.75(log(n))^2",0.44
461,1000,2,"Clayton_Sine",2000,-1.5,"0.75(log(n))^2",0.63
462,1000,2,"Clayton_Sine",2000,-1.5,"0.75(log(n))^2",0.47
463,1000,2,"Clayton_Sine",2000,-1.5,"0.75(log(n))^2",0.45
464,1000,2,"Clayton_Sine",2000,-1.5,"0.75(log(n))^2",0.41
465,1000,2,"Clayton_Sine",2000,-1.5,"0.75(log(n))^2",0.56
466,1000,2,"Clayton_Sine",2000,-1.5,"0.75(log(n))^2",0.42
467,1000,2,"Clayton_Sine",2000,-1.5,"0.75(log(n))^2",0.37
468,1000,2,"Clayton_Sine",2000,-1.5,"0.75(log(n))^2",0.73
469,1000,2,"Clayton_Sine",2000,-1.5,"0.75(log(n))^2",0.82
470,1000,2,"Clayton_Sine",2000,-1.5,"0.75(log(n))^2",0.32
471,1000,2,"Clayton_Sine",2000,-1.5,"0.75(log(n))^2",0.28
472,1000,2,"Clayton_Sine",2000,-1.5,"0.75(log(n))^2",0.56
473,1000,2,"Clayton_Sine",2000,-1.5,"0.75(log(n))^2",0.46
474,1000,2,"Clayton_Sine",2000,-1.5,"0.75(log(n))^2",0.88
475,1000,2,"Clayton_Sine",2000,-1.5,"0.75(log(n))^2",0.83
476,1000,2,"Clayton_Sine",2000,-1.5,"0.75(log(n))^2",0.6
477,1000,2,"Clayton_Sine",2000,-1.5,"0.75(log(n))^2",0.96
478,1000,2,"Clayton_Sine",2000,-1.5,"0.75(log(n))^2",0.61
479,1000,2,"Clayton_Sine",2000,-1.5,"0.75(log(n))^2",0.31
480,1000,2,"Clayton_Sine",2000,-1.5,"0.75(log(n))^2",0.67
481,1000,2,"Clayton_Sine",2000,-1.5,"0.75(log(n))^2",0.17
482,1000,2,"Clayton_Sine",2000,-1.5,"0.75(log(n))^2",0.52
483,1000,2,"Clayton_Sine",2000,-1.5,"0.75(log(n))^2",1
484,1000,2,"Clayton_Sine",2000,-1.5,"0.75(log(n))^2",0.89
485,1000,2,"Clayton_Sine",2000,-1.5,"0.75(log(n))^2",0.88
486,1000,2,"Clayton_Sine",2000,-1.5,"0.75(log(n))^2",0.46
487,1000,2,"Clayton_Sine",2000,-1.5,"0.75(log(n))^2",0.69
488,1000,2,"Clayton_Sine",2000,-1.5,"0.75(log(n))^2",0.79
489,1000,2,"Clayton_Sine",2000,-1.5,"0.75(log(n))^2",0.56
490,1000,2,"Clayton_Sine",2000,-1.5,"0.75(log(n))^2",0.62
491,1000,2,"Clayton_Sine",2000,-1.5,"0.75(log(n))^2",0.26
492,1000,2,"Clayton_Sine",2000,-1.5,"0.75(log(n))^2",0.55
493,1000,2,"Clayton_Sine",2000,-1.5,"0.75(log(n))^2",0.2
494,1000,2,"Clayton_Sine",2000,-1.5,"0.75(log(n))^2",0.54
495,1000,2,"Clayton_Sine",2000,-1.5,"0.75(log(n))^2",0.43
496,1000,2,"Clayton_Sine",2000,-1.5,"0.75(log(n))^2",0.38
497,1000,2,"Clayton_Sine",2000,-1.5,"0.75(log(n))^2",0.06
498,1000,2,"Clayton_Sine",2000,-1.5,"0.75(log(n))^2",0.86
499,1000,2,"Clayton_Sine",2000,-1.5,"0.75(log(n))^2",0.39
500,1000,2,"Clayton_Sine",2000,-1.5,"0.75(log(n))^2",0.77
501,1000,2,"Clayton_Sine",2000,-1.5,"0.75(log(n))^2",0.74
502,1000,2,"Clayton_Sine",2000,-1.5,"0.75(log(n))^2",1
503,1000,2,"Clayton_Sine",2000,-1.5,"0.75(log(n))^2",0.9
504,1000,2,"Clayton_Sine",2000,-1.5,"0.75(log(n))^2",1
505,1000,2,"Clayton_Sine",2000,-1.5,"0.75(log(n))^2",0.76
506,1000,2,"Clayton_Sine",2000,-1.5,"0.75(log(n))^2",0.78
507,1000,2,"Clayton_Sine",2000,-1.5,"0.75(log(n))^2",0.29
508,1000,2,"Clayton_Sine",2000,-1.5,"0.75(log(n))^2",0.11
509,1000,2,"Clayton_Sine",2000,-1.5,"0.75(log(n))^2",0.52
510,1000,2,"Clayton_Sine",2000,-1.5,"0.75(log(n))^2",0.83
511,1000,2,"Clayton_Sine",2000,-1.5,"0.75(log(n))^2",0.63
512,1000,2,"Clayton_Sine",2000,-1.5,"0.75(log(n))^2",0.91
513,1000,2,"Clayton_Sine",2000,-1.5,"0.75(log(n))^2",0.12
514,1000,2,"Clayton_Sine",2000,-1.5,"0.75(log(n))^2",0.39
515,1000,2,"Clayton_Sine",2000,-1.5,"0.75(log(n))^2",0.98
516,1000,2,"Clayton_Sine",2000,-1.5,"0.75(log(n))^2",0.89
517,1000,2,"Clayton_Sine",2000,-1.5,"0.75(log(n))^2",0.83
518,1000,2,"Clayton_Sine",2000,-1.5,"0.75(log(n))^2",0.07
519,1000,2,"Clayton_Sine",2000,-1.5,"0.75(log(n))^2",0.69
520,1000,2,"Clayton_Sine",2000,-1.5,"0.75(log(n))^2",0.35
521,1000,2,"Clayton_Sine",2000,-1.5,"0.75(log(n))^2",0.76
522,1000,2,"Clayton_Sine",2000,-1.5,"0.75(log(n))^2",0.64
523,1000,2,"Clayton_Sine",2000,-1.5,"0.75(log(n))^2",0.72
524,1000,2,"Clayton_Sine",2000,-1.5,"0.75(log(n))^2",0.45
525,1000,2,"Clayton_Sine",2000,-1.5,"0.75(log(n))^2",0.25
526,1000,2,"Clayton_Sine",2000,-1.5,"0.75(log(n))^2",0.79
527,1000,2,"Clayton_Sine",2000,-1.5,"0.75(log(n))^2",0.85
528,1000,2,"Clayton_Sine",2000,-1.5,"0.75(log(n))^2",0.64
529,1000,2,"Clayton_Sine",2000,-1.5,"0.75(log(n))^2",0.17
530,1000,2,"Clayton_Sine",2000,-1.5,"0.75(log(n))^2",0.85
531,1000,2,"Clayton_Sine",2000,-1.5,"0.75(log(n))^2",0.83
532,1000,2,"Clayton_Sine",2000,-1.5,"0.75(log(n))^2",0.54
533,1000,2,"Clayton_Sine",2000,-1.5,"0.75(log(n))^2",0.05
534,1000,2,"Clayton_Sine",2000,-1.5,"0.75(log(n))^2",0.64
535,1000,2,"Clayton_Sine",2000,-1.5,"0.75(log(n))^2",0.54
536,1000,2,"Clayton_Sine",2000,-1.5,"0.75(log(n))^2",0.65
537,1000,2,"Clayton_Sine",2000,-1.5,"0.75(log(n))^2",0.48
538,1000,2,"Clayton_Sine",2000,-1.5,"0.75(log(n))^2",0.84
539,1000,2,"Clayton_Sine",2000,-1.5,"0.75(log(n))^2",0.93
540,1000,2,"Clayton_Sine",2000,-1.5,"0.75(log(n))^2",0.99
541,1000,2,"Clayton_Sine",2000,-1.5,"0.75(log(n))^2",0.52
542,1000,2,"Clayton_Sine",2000,-1.5,"0.75(log(n))^2",0.94
543,1000,2,"Clayton_Sine",2000,-1.5,"0.75(log(n))^2",0.98
544,1000,2,"Clayton_Sine",2000,-1.5,"0.75(log(n))^2",0.18
545,1000,2,"Clayton_Sine",2000,-1.5,"0.75(log(n))^2",0.94
546,1000,2,"Clayton_Sine",2000,-1.5,"0.75(log(n))^2",0.26
547,1000,2,"Clayton_Sine",2000,-1.5,"0.75(log(n))^2",0.33
548,1000,2,"Clayton_Sine",2000,-1.5,"0.75(log(n))^2",0.15
549,1000,2,"Clayton_Sine",2000,-1.5,"0.75(log(n))^2",0.79
550,1000,2,"Clayton_Sine",2000,-1.5,"0.75(log(n))^2",0.19
551,1000,2,"Clayton_Sine",2000,-1.5,"0.75(log(n))^2",0.43
552,1000,2,"Clayton_Sine",2000,-1.5,"0.75(log(n))^2",0.2
553,1000,2,"Clayton_Sine",2000,-1.5,"0.75(log(n))^2",0.37
554,1000,2,"Clayton_Sine",2000,-1.5,"0.75(log(n))^2",0.74
555,1000,2,"Clayton_Sine",2000,-1.5,"0.75(log(n))^2",0.15
556,1000,2,"Clayton_Sine",2000,-1.5,"0.75(log(n))^2",0.4
557,1000,2,"Clayton_Sine",2000,-1.5,"0.75(log(n))^2",0.25
558,1000,2,"Clayton_Sine",2000,-1.5,"0.75(log(n))^2",0.52
559,1000,2,"Clayton_Sine",2000,-1.5,"0.75(log(n))^2",1
560,1000,2,"Clayton_Sine",2000,-1.5,"0.75(log(n))^2",0.89
561,1000,2,"Clayton_Sine",2000,-1.5,"0.75(log(n))^2",0.65
562,1000,2,"Clayton_Sine",2000,-1.5,"0.75(log(n))^2",0.77
563,1000,2,"Clayton_Sine",2000,-1.5,"0.75(log(n))^2",0.85
564,1000,2,"Clayton_Sine",2000,-1.5,"0.75(log(n))^2",0.79
565,1000,2,"Clayton_Sine",2000,-1.5,"0.75(log(n))^2",0.28
566,1000,2,"Clayton_Sine",2000,-1.5,"0.75(log(n))^2",0.46
567,1000,2,"Clayton_Sine",2000,-1.5,"0.75(log(n))^2",0.49
568,1000,2,"Clayton_Sine",2000,-1.5,"0.75(log(n))^2",0.61
569,1000,2,"Clayton_Sine",2000,-1.5,"0.75(log(n))^2",0.84
570,1000,2,"Clayton_Sine",2000,-1.5,"0.75(log(n))^2",0.74
571,1000,2,"Clayton_Sine",2000,-1.5,"0.75(log(n))^2",0.28
572,1000,2,"Clayton_Sine",2000,-1.5,"0.75(log(n))^2",0.6
573,1000,2,"Clayton_Sine",2000,-1.5,"0.75(log(n))^2",0.3
574,1000,2,"Clayton_Sine",2000,-1.5,"0.75(log(n))^2",0.27
575,1000,2,"Clayton_Sine",2000,-1.5,"0.75(log(n))^2",0.45
576,1000,2,"Clayton_Sine",2000,-1.5,"0.75(log(n))^2",0.91
577,1000,2,"Clayton_Sine",2000,-1.5,"0.75(log(n))^2",0.59
578,1000,2,"Clayton_Sine",2000,-1.5,"0.75(log(n))^2",0.67
579,1000,2,"Clayton_Sine",2000,-1.5,"0.75(log(n))^2",0.94
580,1000,2,"Clayton_Sine",2000,-1.5,"0.75(log(n))^2",0.58
581,1000,2,"Clayton_Sine",2000,-1.5,"0.75(log(n))^2",0.95
582,1000,2,"Clayton_Sine",2000,-1.5,"0.75(log(n))^2",0.95
583,1000,2,"Clayton_Sine",2000,-1.5,"0.75(log(n))^2",0.44
584,1000,2,"Clayton_Sine",2000,-1.5,"0.75(log(n))^2",0.39
585,1000,2,"Clayton_Sine",2000,-1.5,"0.75(log(n))^2",0.37
586,1000,2,"Clayton_Sine",2000,-1.5,"0.75(log(n))^2",0.14
587,1000,2,"Clayton_Sine",2000,-1.5,"0.75(log(n))^2",0.37
588,1000,2,"Clayton_Sine",2000,-1.5,"0.75(log(n))^2",0.17
589,1000,2,"Clayton_Sine",2000,-1.5,"0.75(log(n))^2",0.89
590,1000,2,"Clayton_Sine",2000,-1.5,"0.75(log(n))^2",0.97
591,1000,2,"Clayton_Sine",2000,-1.5,"0.75(log(n))^2",0.23
592,1000,2,"Clayton_Sine",2000,-1.5,"0.75(log(n))^2",0.89
593,1000,2,"Clayton_Sine",2000,-1.5,"0.75(log(n))^2",0.14
594,1000,2,"Clayton_Sine",2000,-1.5,"0.75(log(n))^2",0.51
595,1000,2,"Clayton_Sine",2000,-1.5,"0.75(log(n))^2",0.89
596,1000,2,"Clayton_Sine",2000,-1.5,"0.75(log(n))^2",0.05
597,1000,2,"Clayton_Sine",2000,-1.5,"0.75(log(n))^2",0.4
598,1000,2,"Clayton_Sine",2000,-1.5,"0.75(log(n))^2",0.76
599,1000,2,"Clayton_Sine",2000,-1.5,"0.75(log(n))^2",0.25
600,1000,2,"Clayton_Sine",2000,-1.5,"0.75(log(n))^2",0.77
601,1000,2,"Clayton_Sine",2000,-1.5,"0.75(log(n))^2",0.83
602,1000,2,"Clayton_Sine",2000,-1.5,"0.75(log(n))^2",0.55
603,1000,2,"Clayton_Sine",2000,-1.5,"0.75(log(n))^2",0.49
604,1000,2,"Clayton_Sine",2000,-1.5,"0.75(log(n))^2",0.41
605,1000,2,"Clayton_Sine",2000,-1.5,"0.75(log(n))^2",0.87
606,1000,2,"Clayton_Sine",2000,-1.5,"0.75(log(n))^2",0.59
607,1000,2,"Clayton_Sine",2000,-1.5,"0.75(log(n))^2",0.87
608,1000,2,"Clayton_Sine",2000,-1.5,"0.75(log(n))^2",0.99
609,1000,2,"Clayton_Sine",2000,-1.5,"0.75(log(n))^2",0.84
610,1000,2,"Clayton_Sine",2000,-1.5,"0.75(log(n))^2",0.92
611,1000,2,"Clayton_Sine",2000,-1.5,"0.75(log(n))^2",0.45
612,1000,2,"Clayton_Sine",2000,-1.5,"0.75(log(n))^2",0.16
613,1000,2,"Clayton_Sine",2000,-1.5,"0.75(log(n))^2",0.68
614,1000,2,"Clayton_Sine",2000,-1.5,"0.75(log(n))^2",0.78
615,1000,2,"Clayton_Sine",2000,-1.5,"0.75(log(n))^2",0.73
616,1000,2,"Clayton_Sine",2000,-1.5,"0.75(log(n))^2",0.5
617,1000,2,"Clayton_Sine",2000,-1.5,"0.75(log(n))^2",0.47
618,1000,2,"Clayton_Sine",2000,-1.5,"0.75(log(n))^2",0.63
619,1000,2,"Clayton_Sine",2000,-1.5,"0.75(log(n))^2",0.85
620,1000,2,"Clayton_Sine",2000,-1.5,"0.75(log(n))^2",0.38
621,1000,2,"Clayton_Sine",2000,-1.5,"0.75(log(n))^2",0.22
622,1000,2,"Clayton_Sine",2000,-1.5,"0.75(log(n))^2",0.34
623,1000,2,"Clayton_Sine",2000,-1.5,"0.75(log(n))^2",0.51
624,1000,2,"Clayton_Sine",2000,-1.5,"0.75(log(n))^2",0.91
625,1000,2,"Clayton_Sine",2000,-1.5,"0.75(log(n))^2",0.39
626,1000,2,"Clayton_Sine",2000,-1.5,"0.75(log(n))^2",0.61
627,1000,2,"Clayton_Sine",2000,-1.5,"0.75(log(n))^2",0.43
628,1000,2,"Clayton_Sine",2000,-1.5,"0.75(log(n))^2",0.97
629,1000,2,"Clayton_Sine",2000,-1.5,"0.75(log(n))^2",0.25
630,1000,2,"Clayton_Sine",2000,-1.5,"0.75(log(n))^2",0.72
631,1000,2,"Clayton_Sine",2000,-1.5,"0.75(log(n))^2",0.13
632,1000,2,"Clayton_Sine",2000,-1.5,"0.75(log(n))^2",0.89
633,1000,2,"Clayton_Sine",2000,-1.5,"0.75(log(n))^2",0.82
634,1000,2,"Clayton_Sine",2000,-1.5,"0.75(log(n))^2",0.59
635,1000,2,"Clayton_Sine",2000,-1.5,"0.75(log(n))^2",0.68
636,1000,2,"Clayton_Sine",2000,-1.5,"0.75(log(n))^2",0.71
637,1000,2,"Clayton_Sine",2000,-1.5,"0.75(log(n))^2",0.45
638,1000,2,"Clayton_Sine",2000,-1.5,"0.75(log(n))^2",0.63
639,1000,2,"Clayton_Sine",2000,-1.5,"0.75(log(n))^2",0.38
640,1000,2,"Clayton_Sine",2000,-1.5,"0.75(log(n))^2",0.74
641,1000,2,"Clayton_Sine",2000,-1.5,"0.75(log(n))^2",0.1
642,1000,2,"Clayton_Sine",2000,-1.5,"0.75(log(n))^2",0.61
643,1000,2,"Clayton_Sine",2000,-1.5,"0.75(log(n))^2",0.27
644,1000,2,"Clayton_Sine",2000,-1.5,"0.75(log(n))^2",0.8
645,1000,2,"Clayton_Sine",2000,-1.5,"0.75(log(n))^2",0.63
646,1000,2,"Clayton_Sine",2000,-1.5,"0.75(log(n))^2",0.56
647,1000,2,"Clayton_Sine",2000,-1.5,"0.75(log(n))^2",0.15
648,1000,2,"Clayton_Sine",2000,-1.5,"0.75(log(n))^2",0.57
649,1000,2,"Clayton_Sine",2000,-1.5,"0.75(log(n))^2",0.76
650,1000,2,"Clayton_Sine",2000,-1.5,"0.75(log(n))^2",0.96
651,1000,2,"Clayton_Sine",2000,-1.5,"0.75(log(n))^2",0.53
652,1000,2,"Clayton_Sine",2000,-1.5,"0.75(log(n))^2",0.75
653,1000,2,"Clayton_Sine",2000,-1.5,"0.75(log(n))^2",0.57
654,1000,2,"Clayton_Sine",2000,-1.5,"0.75(log(n))^2",0.76
655,1000,2,"Clayton_Sine",2000,-1.5,"0.75(log(n))^2",0.31
656,1000,2,"Clayton_Sine",2000,-1.5,"0.75(log(n))^2",0.37
657,1000,2,"Clayton_Sine",2000,-1.5,"0.75(log(n))^2",0.92
658,1000,2,"Clayton_Sine",2000,-1.5,"0.75(log(n))^2",0.97
659,1000,2,"Clayton_Sine",2000,-1.5,"0.75(log(n))^2",0.81
660,1000,2,"Clayton_Sine",2000,-1.5,"0.75(log(n))^2",0.98
661,1000,2,"Clayton_Sine",2000,-1.5,"0.75(log(n))^2",0.95
662,1000,2,"Clayton_Sine",2000,-1.5,"0.75(log(n))^2",0.56
663,1000,2,"Clayton_Sine",2000,-1.5,"0.75(log(n))^2",0.16
664,1000,2,"Clayton_Sine",2000,-1.5,"0.75(log(n))^2",0.52
665,1000,2,"Clayton_Sine",2000,-1.5,"0.75(log(n))^2",0.3
666,1000,2,"Clayton_Sine",2000,-1.5,"0.75(log(n))^2",0.87
667,1000,2,"Clayton_Sine",2000,-1.5,"0.75(log(n))^2",0.75
668,1000,2,"Clayton_Sine",2000,-1.5,"0.75(log(n))^2",0.31
669,1000,2,"Clayton_Sine",2000,-1.5,"0.75(log(n))^2",0.29
670,1000,2,"Clayton_Sine",2000,-1.5,"0.75(log(n))^2",0.91
671,1000,2,"Clayton_Sine",2000,-1.5,"0.75(log(n))^2",0.64
672,1000,2,"Clayton_Sine",2000,-1.5,"0.75(log(n))^2",0.93
673,1000,2,"Clayton_Sine",2000,-1.5,"0.75(log(n))^2",0.39
674,1000,2,"Clayton_Sine",2000,-1.5,"0.75(log(n))^2",1
675,1000,2,"Clayton_Sine",2000,-1.5,"0.75(log(n))^2",0.39
676,1000,2,"Clayton_Sine",2000,-1.5,"0.75(log(n))^2",0.75
677,1000,2,"Clayton_Sine",2000,-1.5,"0.75(log(n))^2",0.72
678,1000,2,"Clayton_Sine",2000,-1.5,"0.75(log(n))^2",0.72
679,1000,2,"Clayton_Sine",2000,-1.5,"0.75(log(n))^2",0.69
680,1000,2,"Clayton_Sine",2000,-1.5,"0.75(log(n))^2",0.4
681,1000,2,"Clayton_Sine",2000,-1.5,"0.75(log(n))^2",0.92
682,1000,2,"Clayton_Sine",2000,-1.5,"0.75(log(n))^2",0.82
683,1000,2,"Clayton_Sine",2000,-1.5,"0.75(log(n))^2",0.68
684,1000,2,"Clayton_Sine",2000,-1.5,"0.75(log(n))^2",0.34
685,1000,2,"Clayton_Sine",2000,-1.5,"0.75(log(n))^2",0.51
686,1000,2,"Clayton_Sine",2000,-1.5,"0.75(log(n))^2",0.64
687,1000,2,"Clayton_Sine",2000,-1.5,"0.75(log(n))^2",0.47
688,1000,2,"Clayton_Sine",2000,-1.5,"0.75(log(n))^2",0.52
689,1000,2,"Clayton_Sine",2000,-1.5,"0.75(log(n))^2",0.9
690,1000,2,"Clayton_Sine",2000,-1.5,"0.75(log(n))^2",0.75
691,1000,2,"Clayton_Sine",2000,-1.5,"0.75(log(n))^2",0.13
692,1000,2,"Clayton_Sine",2000,-1.5,"0.75(log(n))^2",0.05
693,1000,2,"Clayton_Sine",2000,-1.5,"0.75(log(n))^2",0.26
694,1000,2,"Clayton_Sine",2000,-1.5,"0.75(log(n))^2",0.97
695,1000,2,"Clayton_Sine",2000,-1.5,"0.75(log(n))^2",0.34
696,1000,2,"Clayton_Sine",2000,-1.5,"0.75(log(n))^2",0.56
697,1000,2,"Clayton_Sine",2000,-1.5,"0.75(log(n))^2",0.57
698,1000,2,"Clayton_Sine",2000,-1.5,"0.75(log(n))^2",0.52
699,1000,2,"Clayton_Sine",2000,-1.5,"0.75(log(n))^2",0.71
700,1000,2,"Clayton_Sine",2000,-1.5,"0.75(log(n))^2",0.41
701,1000,2,"Clayton_Sine",2000,-1.5,"0.75(log(n))^2",0.49
702,1000,2,"Clayton_Sine",2000,-1.5,"0.75(log(n))^2",0.49
703,1000,2,"Clayton_Sine",2000,-1.5,"0.75(log(n))^2",0.99
704,1000,2,"Clayton_Sine",2000,-1.5,"0.75(log(n))^2",0.98
705,1000,2,"Clayton_Sine",2000,-1.5,"0.75(log(n))^2",0.97
706,1000,2,"Clayton_Sine",2000,-1.5,"0.75(log(n))^2",0.75
707,1000,2,"Clayton_Sine",2000,-1.5,"0.75(log(n))^2",0.5
708,1000,2,"Clayton_Sine",2000,-1.5,"0.75(log(n))^2",0.06
709,1000,2,"Clayton_Sine",2000,-1.5,"0.75(log(n))^2",0.47
710,1000,2,"Clayton_Sine",2000,-1.5,"0.75(log(n))^2",0.6
711,1000,2,"Clayton_Sine",2000,-1.5,"0.75(log(n))^2",0.98
712,1000,2,"Clayton_Sine",2000,-1.5,"0.75(log(n))^2",0.68
713,1000,2,"Clayton_Sine",2000,-1.5,"0.75(log(n))^2",0.6
714,1000,2,"Clayton_Sine",2000,-1.5,"0.75(log(n))^2",0.76
715,1000,2,"Clayton_Sine",2000,-1.5,"0.75(log(n))^2",0.75
716,1000,2,"Clayton_Sine",2000,-1.5,"0.75(log(n))^2",0.69
717,1000,2,"Clayton_Sine",2000,-1.5,"0.75(log(n))^2",0.49
718,1000,2,"Clayton_Sine",2000,-1.5,"0.75(log(n))^2",0.24
719,1000,2,"Clayton_Sine",2000,-1.5,"0.75(log(n))^2",0.68
720,1000,2,"Clayton_Sine",2000,-1.5,"0.75(log(n))^2",0.2
721,1000,2,"Clayton_Sine",2000,-1.5,"0.75(log(n))^2",0.57
722,1000,2,"Clayton_Sine",2000,-1.5,"0.75(log(n))^2",0.47
723,1000,2,"Clayton_Sine",2000,-1.5,"0.75(log(n))^2",0.78
724,1000,2,"Clayton_Sine",2000,-1.5,"0.75(log(n))^2",0.1
725,1000,2,"Clayton_Sine",2000,-1.5,"0.75(log(n))^2",0.91
726,1000,2,"Clayton_Sine",2000,-1.5,"0.75(log(n))^2",0.08
727,1000,2,"Clayton_Sine",2000,-1.5,"0.75(log(n))^2",0.64
728,1000,2,"Clayton_Sine",2000,-1.5,"0.75(log(n))^2",0.81
729,1000,2,"Clayton_Sine",2000,-1.5,"0.75(log(n))^2",0.59
730,1000,2,"Clayton_Sine",2000,-1.5,"0.75(log(n))^2",0.96
731,1000,2,"Clayton_Sine",2000,-1.5,"0.75(log(n))^2",0.97
732,1000,2,"Clayton_Sine",2000,-1.5,"0.75(log(n))^2",0.23
733,1000,2,"Clayton_Sine",2000,-1.5,"0.75(log(n))^2",0.56
734,1000,2,"Clayton_Sine",2000,-1.5,"0.75(log(n))^2",0.99
735,1000,2,"Clayton_Sine",2000,-1.5,"0.75(log(n))^2",0.88
736,1000,2,"Clayton_Sine",2000,-1.5,"0.75(log(n))^2",0.91
737,1000,2,"Clayton_Sine",2000,-1.5,"0.75(log(n))^2",0.52
738,1000,2,"Clayton_Sine",2000,-1.5,"0.75(log(n))^2",0.19
739,1000,2,"Clayton_Sine",2000,-1.5,"0.75(log(n))^2",0.31
740,1000,2,"Clayton_Sine",2000,-1.5,"0.75(log(n))^2",0.6
741,1000,2,"Clayton_Sine",2000,-1.5,"0.75(log(n))^2",0.3
742,1000,2,"Clayton_Sine",2000,-1.5,"0.75(log(n))^2",0.95
743,1000,2,"Clayton_Sine",2000,-1.5,"0.75(log(n))^2",0.32
744,1000,2,"Clayton_Sine",2000,-1.5,"0.75(log(n))^2",0.21
745,1000,2,"Clayton_Sine",2000,-1.5,"0.75(log(n))^2",0.14
746,1000,2,"Clayton_Sine",2000,-1.5,"0.75(log(n))^2",0.39
747,1000,2,"Clayton_Sine",2000,-1.5,"0.75(log(n))^2",0.62
748,1000,2,"Clayton_Sine",2000,-1.5,"0.75(log(n))^2",0.15
749,1000,2,"Clayton_Sine",2000,-1.5,"0.75(log(n))^2",0.92
750,1000,2,"Clayton_Sine",2000,-1.5,"0.75(log(n))^2",0.25
751,1000,2,"Clayton_Sine",2000,-1.5,"0.75(log(n))^2",0.17
752,1000,2,"Clayton_Sine",2000,-1.5,"0.75(log(n))^2",0.19
753,1000,2,"Clayton_Sine",2000,-1.5,"0.75(log(n))^2",0.92
754,1000,2,"Clayton_Sine",2000,-1.5,"0.75(log(n))^2",0.99
755,1000,2,"Clayton_Sine",2000,-1.5,"0.75(log(n))^2",0.11
756,1000,2,"Clayton_Sine",2000,-1.5,"0.75(log(n))^2",0.6
757,1000,2,"Clayton_Sine",2000,-1.5,"0.75(log(n))^2",0.74
758,1000,2,"Clayton_Sine",2000,-1.5,"0.75(log(n))^2",0.74
759,1000,2,"Clayton_Sine",2000,-1.5,"0.75(log(n))^2",0.64
760,1000,2,"Clayton_Sine",2000,-1.5,"0.75(log(n))^2",0.46
761,1000,2,"Clayton_Sine",2000,-1.5,"0.75(log(n))^2",0.68
762,1000,2,"Clayton_Sine",2000,-1.5,"0.75(log(n))^2",0.39
763,1000,2,"Clayton_Sine",2000,-1.5,"0.75(log(n))^2",0.23
764,1000,2,"Clayton_Sine",2000,-1.5,"0.75(log(n))^2",0.56
765,1000,2,"Clayton_Sine",2000,-1.5,"0.75(log(n))^2",0.93
766,1000,2,"Clayton_Sine",2000,-1.5,"0.75(log(n))^2",0.38
767,1000,2,"Clayton_Sine",2000,-1.5,"0.75(log(n))^2",0.71
768,1000,2,"Clayton_Sine",2000,-1.5,"0.75(log(n))^2",1
769,1000,2,"Clayton_Sine",2000,-1.5,"0.75(log(n))^2",0.86
770,1000,2,"Clayton_Sine",2000,-1.5,"0.75(log(n))^2",0.59
771,1000,2,"Clayton_Sine",2000,-1.5,"0.75(log(n))^2",0.14
772,1000,2,"Clayton_Sine",2000,-1.5,"0.75(log(n))^2",0.57
773,1000,2,"Clayton_Sine",2000,-1.5,"0.75(log(n))^2",0.23
774,1000,2,"Clayton_Sine",2000,-1.5,"0.75(log(n))^2",0.43
775,1000,2,"Clayton_Sine",2000,-1.5,"0.75(log(n))^2",0.31
776,1000,2,"Clayton_Sine",2000,-1.5,"0.75(log(n))^2",0.52
777,1000,2,"Clayton_Sine",2000,-1.5,"0.75(log(n))^2",0.88
778,1000,2,"Clayton_Sine",2000,-1.5,"0.75(log(n))^2",0.47
779,1000,2,"Clayton_Sine",2000,-1.5,"0.75(log(n))^2",0.53
780,1000,2,"Clayton_Sine",2000,-1.5,"0.75(log(n))^2",0.82
781,1000,2,"Clayton_Sine",2000,-1.5,"0.75(log(n))^2",0.87
782,1000,2,"Clayton_Sine",2000,-1.5,"0.75(log(n))^2",0.16
783,1000,2,"Clayton_Sine",2000,-1.5,"0.75(log(n))^2",0.71
784,1000,2,"Clayton_Sine",2000,-1.5,"0.75(log(n))^2",0.54
785,1000,2,"Clayton_Sine",2000,-1.5,"0.75(log(n))^2",0.83
786,1000,2,"Clayton_Sine",2000,-1.5,"0.75(log(n))^2",0.59
787,1000,2,"Clayton_Sine",2000,-1.5,"0.75(log(n))^2",0.35
788,1000,2,"Clayton_Sine",2000,-1.5,"0.75(log(n))^2",0.65
789,1000,2,"Clayton_Sine",2000,-1.5,"0.75(log(n))^2",0.16
790,1000,2,"Clayton_Sine",2000,-1.5,"0.75(log(n))^2",0.9
791,1000,2,"Clayton_Sine",2000,-1.5,"0.75(log(n))^2",0.62
792,1000,2,"Clayton_Sine",2000,-1.5,"0.75(log(n))^2",0.56
793,1000,2,"Clayton_Sine",2000,-1.5,"0.75(log(n))^2",0.48
794,1000,2,"Clayton_Sine",2000,-1.5,"0.75(log(n))^2",0.92
795,1000,2,"Clayton_Sine",2000,-1.5,"0.75(log(n))^2",0.68
796,1000,2,"Clayton_Sine",2000,-1.5,"0.75(log(n))^2",0.17
797,1000,2,"Clayton_Sine",2000,-1.5,"0.75(log(n))^2",0.58
798,1000,2,"Clayton_Sine",2000,-1.5,"0.75(log(n))^2",0.35
799,1000,2,"Clayton_Sine",2000,-1.5,"0.75(log(n))^2",0.53
800,1000,2,"Clayton_Sine",2000,-1.5,"0.75(log(n))^2",0.85
801,1000,2,"Clayton_Sine",2000,-1.5,"0.75(log(n))^2",0.38
802,1000,2,"Clayton_Sine",2000,-1.5,"0.75(log(n))^2",0.67
803,1000,2,"Clayton_Sine",2000,-1.5,"0.75(log(n))^2",0.03
804,1000,2,"Clayton_Sine",2000,-1.5,"0.75(log(n))^2",0.73
805,1000,2,"Clayton_Sine",2000,-1.5,"0.75(log(n))^2",0.49
806,1000,2,"Clayton_Sine",2000,-1.5,"0.75(log(n))^2",0.22
807,1000,2,"Clayton_Sine",2000,-1.5,"0.75(log(n))^2",0.81
808,1000,2,"Clayton_Sine",2000,-1.5,"0.75(log(n))^2",0.24
809,1000,2,"Clayton_Sine",2000,-1.5,"0.75(log(n))^2",0.58
810,1000,2,"Clayton_Sine",2000,-1.5,"0.75(log(n))^2",0.66
811,1000,2,"Clayton_Sine",2000,-1.5,"0.75(log(n))^2",0.97
812,1000,2,"Clayton_Sine",2000,-1.5,"0.75(log(n))^2",0.17
813,1000,2,"Clayton_Sine",2000,-1.5,"0.75(log(n))^2",0.75
814,1000,2,"Clayton_Sine",2000,-1.5,"0.75(log(n))^2",0.62
815,1000,2,"Clayton_Sine",2000,-1.5,"0.75(log(n))^2",0.42
816,1000,2,"Clayton_Sine",2000,-1.5,"0.75(log(n))^2",0.9
817,1000,2,"Clayton_Sine",2000,-1.5,"0.75(log(n))^2",0.5
818,1000,2,"Clayton_Sine",2000,-1.5,"0.75(log(n))^2",1
819,1000,2,"Clayton_Sine",2000,-1.5,"0.75(log(n))^2",0.6
820,1000,2,"Clayton_Sine",2000,-1.5,"0.75(log(n))^2",0.29
821,1000,2,"Clayton_Sine",2000,-1.5,"0.75(log(n))^2",0.4
822,1000,2,"Clayton_Sine",2000,-1.5,"0.75(log(n))^2",0.74
823,1000,2,"Clayton_Sine",2000,-1.5,"0.75(log(n))^2",0.83
824,1000,2,"Clayton_Sine",2000,-1.5,"0.75(log(n))^2",0.81
825,1000,2,"Clayton_Sine",2000,-1.5,"0.75(log(n))^2",0.95
826,1000,2,"Clayton_Sine",2000,-1.5,"0.75(log(n))^2",0.99
827,1000,2,"Clayton_Sine",2000,-1.5,"0.75(log(n))^2",0.65
828,1000,2,"Clayton_Sine",2000,-1.5,"0.75(log(n))^2",0.83
829,1000,2,"Clayton_Sine",2000,-1.5,"0.75(log(n))^2",0.94
830,1000,2,"Clayton_Sine",2000,-1.5,"0.75(log(n))^2",0.24
831,1000,2,"Clayton_Sine",2000,-1.5,"0.75(log(n))^2",0.87
832,1000,2,"Clayton_Sine",2000,-1.5,"0.75(log(n))^2",0.7
833,1000,2,"Clayton_Sine",2000,-1.5,"0.75(log(n))^2",0.67
834,1000,2,"Clayton_Sine",2000,-1.5,"0.75(log(n))^2",0.18
835,1000,2,"Clayton_Sine",2000,-1.5,"0.75(log(n))^2",0.33
836,1000,2,"Clayton_Sine",2000,-1.5,"0.75(log(n))^2",0.23
837,1000,2,"Clayton_Sine",2000,-1.5,"0.75(log(n))^2",0.53
838,1000,2,"Clayton_Sine",2000,-1.5,"0.75(log(n))^2",0.55
839,1000,2,"Clayton_Sine",2000,-1.5,"0.75(log(n))^2",0.23
840,1000,2,"Clayton_Sine",2000,-1.5,"0.75(log(n))^2",0.92
841,1000,2,"Clayton_Sine",2000,-1.5,"0.75(log(n))^2",0.86
842,1000,2,"Clayton_Sine",2000,-1.5,"0.75(log(n))^2",0.56
843,1000,2,"Clayton_Sine",2000,-1.5,"0.75(log(n))^2",0.43
844,1000,2,"Clayton_Sine",2000,-1.5,"0.75(log(n))^2",0.65
845,1000,2,"Clayton_Sine",2000,-1.5,"0.75(log(n))^2",0.95
846,1000,2,"Clayton_Sine",2000,-1.5,"0.75(log(n))^2",0.41
847,1000,2,"Clayton_Sine",2000,-1.5,"0.75(log(n))^2",0.32
848,1000,2,"Clayton_Sine",2000,-1.5,"0.75(log(n))^2",0.91
849,1000,2,"Clayton_Sine",2000,-1.5,"0.75(log(n))^2",0.67
850,1000,2,"Clayton_Sine",2000,-1.5,"0.75(log(n))^2",1
851,1000,2,"Clayton_Sine",2000,-1.5,"0.75(log(n))^2",0.85
852,1000,2,"Clayton_Sine",2000,-1.5,"0.75(log(n))^2",0.56
853,1000,2,"Clayton_Sine",2000,-1.5,"0.75(log(n))^2",0.24
854,1000,2,"Clayton_Sine",2000,-1.5,"0.75(log(n))^2",0.89
855,1000,2,"Clayton_Sine",2000,-1.5,"0.75(log(n))^2",0.82
856,1000,2,"Clayton_Sine",2000,-1.5,"0.75(log(n))^2",0.63
857,1000,2,"Clayton_Sine",2000,-1.5,"0.75(log(n))^2",0.73
858,1000,2,"Clayton_Sine",2000,-1.5,"0.75(log(n))^2",0.39
859,1000,2,"Clayton_Sine",2000,-1.5,"0.75(log(n))^2",0.63
860,1000,2,"Clayton_Sine",2000,-1.5,"0.75(log(n))^2",0.3
861,1000,2,"Clayton_Sine",2000,-1.5,"0.75(log(n))^2",1
862,1000,2,"Clayton_Sine",2000,-1.5,"0.75(log(n))^2",0.09
863,1000,2,"Clayton_Sine",2000,-1.5,"0.75(log(n))^2",0.93
864,1000,2,"Clayton_Sine",2000,-1.5,"0.75(log(n))^2",0.79
865,1000,2,"Clayton_Sine",2000,-1.5,"0.75(log(n))^2",0.86
866,1000,2,"Clayton_Sine",2000,-1.5,"0.75(log(n))^2",0.95
867,1000,2,"Clayton_Sine",2000,-1.5,"0.75(log(n))^2",0.92
868,1000,2,"Clayton_Sine",2000,-1.5,"0.75(log(n))^2",0.51
869,1000,2,"Clayton_Sine",2000,-1.5,"0.75(log(n))^2",0.31
870,1000,2,"Clayton_Sine",2000,-1.5,"0.75(log(n))^2",0.98
871,1000,2,"Clayton_Sine",2000,-1.5,"0.75(log(n))^2",0.41
872,1000,2,"Clayton_Sine",2000,-1.5,"0.75(log(n))^2",0.81
873,1000,2,"Clayton_Sine",2000,-1.5,"0.75(log(n))^2",0.14
874,1000,2,"Clayton_Sine",2000,-1.5,"0.75(log(n))^2",0.48
875,1000,2,"Clayton_Sine",2000,-1.5,"0.75(log(n))^2",0.07
876,1000,2,"Clayton_Sine",2000,-1.5,"0.75(log(n))^2",0.93
877,1000,2,"Clayton_Sine",2000,-1.5,"0.75(log(n))^2",0.69
878,1000,2,"Clayton_Sine",2000,-1.5,"0.75(log(n))^2",0.51
879,1000,2,"Clayton_Sine",2000,-1.5,"0.75(log(n))^2",0.99
880,1000,2,"Clayton_Sine",2000,-1.5,"0.75(log(n))^2",0.78
881,1000,2,"Clayton_Sine",2000,-1.5,"0.75(log(n))^2",0.96
882,1000,2,"Clayton_Sine",2000,-1.5,"0.75(log(n))^2",0.97
883,1000,2,"Clayton_Sine",2000,-1.5,"0.75(log(n))^2",1
884,1000,2,"Clayton_Sine",2000,-1.5,"0.75(log(n))^2",0.94
885,1000,2,"Clayton_Sine",2000,-1.5,"0.75(log(n))^2",0.75
886,1000,2,"Clayton_Sine",2000,-1.5,"0.75(log(n))^2",0.06
887,1000,2,"Clayton_Sine",2000,-1.5,"0.75(log(n))^2",1
888,1000,2,"Clayton_Sine",2000,-1.5,"0.75(log(n))^2",0.67
889,1000,2,"Clayton_Sine",2000,-1.5,"0.75(log(n))^2",0.35
890,1000,2,"Clayton_Sine",2000,-1.5,"0.75(log(n))^2",0.61
891,1000,2,"Clayton_Sine",2000,-1.5,"0.75(log(n))^2",0.56
892,1000,2,"Clayton_Sine",2000,-1.5,"0.75(log(n))^2",0.81
893,1000,2,"Clayton_Sine",2000,-1.5,"0.75(log(n))^2",0.78
894,1000,2,"Clayton_Sine",2000,-1.5,"0.75(log(n))^2",0.72
895,1000,2,"Clayton_Sine",2000,-1.5,"0.75(log(n))^2",0.95
896,1000,2,"Clayton_Sine",2000,-1.5,"0.75(log(n))^2",0.81
897,1000,2,"Clayton_Sine",2000,-1.5,"0.75(log(n))^2",0.87
898,1000,2,"Clayton_Sine",2000,-1.5,"0.75(log(n))^2",0.94
899,1000,2,"Clayton_Sine",2000,-1.5,"0.75(log(n))^2",0.94
900,1000,2,"Clayton_Sine",2000,-1.5,"0.75(log(n))^2",0.55
901,1000,2,"Clayton_Sine",2000,-1.5,"0.75(log(n))^2",0.44
902,1000,2,"Clayton_Sine",2000,-1.5,"0.75(log(n))^2",0.77
903,1000,2,"Clayton_Sine",2000,-1.5,"0.75(log(n))^2",0.41
904,1000,2,"Clayton_Sine",2000,-1.5,"0.75(log(n))^2",0.4
905,1000,2,"Clayton_Sine",2000,-1.5,"0.75(log(n))^2",0.7
906,1000,2,"Clayton_Sine",2000,-1.5,"0.75(log(n))^2",0.36
907,1000,2,"Clayton_Sine",2000,-1.5,"0.75(log(n))^2",0.72
908,1000,2,"Clayton_Sine",2000,-1.5,"0.75(log(n))^2",1
909,1000,2,"Clayton_Sine",2000,-1.5,"0.75(log(n))^2",0.54
910,1000,2,"Clayton_Sine",2000,-1.5,"0.75(log(n))^2",0.99
911,1000,2,"Clayton_Sine",2000,-1.5,"0.75(log(n))^2",0.59
912,1000,2,"Clayton_Sine",2000,-1.5,"0.75(log(n))^2",0.4
913,1000,2,"Clayton_Sine",2000,-1.5,"0.75(log(n))^2",0.67
914,1000,2,"Clayton_Sine",2000,-1.5,"0.75(log(n))^2",0.31
915,1000,2,"Clayton_Sine",2000,-1.5,"0.75(log(n))^2",0.56
916,1000,2,"Clayton_Sine",2000,-1.5,"0.75(log(n))^2",0.83
917,1000,2,"Clayton_Sine",2000,-1.5,"0.75(log(n))^2",0.52
918,1000,2,"Clayton_Sine",2000,-1.5,"0.75(log(n))^2",0.77
919,1000,2,"Clayton_Sine",2000,-1.5,"0.75(log(n))^2",0.31
920,1000,2,"Clayton_Sine",2000,-1.5,"0.75(log(n))^2",0.8
921,1000,2,"Clayton_Sine",2000,-1.5,"0.75(log(n))^2",0.49
922,1000,2,"Clayton_Sine",2000,-1.5,"0.75(log(n))^2",0.9
923,1000,2,"Clayton_Sine",2000,-1.5,"0.75(log(n))^2",0.78
924,1000,2,"Clayton_Sine",2000,-1.5,"0.75(log(n))^2",0.42
925,1000,2,"Clayton_Sine",2000,-1.5,"0.75(log(n))^2",0.51
926,1000,2,"Clayton_Sine",2000,-1.5,"0.75(log(n))^2",0.35
927,1000,2,"Clayton_Sine",2000,-1.5,"0.75(log(n))^2",0.33
928,1000,2,"Clayton_Sine",2000,-1.5,"0.75(log(n))^2",0.56
929,1000,2,"Clayton_Sine",2000,-1.5,"0.75(log(n))^2",0.44
930,1000,2,"Clayton_Sine",2000,-1.5,"0.75(log(n))^2",0.47
931,1000,2,"Clayton_Sine",2000,-1.5,"0.75(log(n))^2",0.9
932,1000,2,"Clayton_Sine",2000,-1.5,"0.75(log(n))^2",0.57
933,1000,2,"Clayton_Sine",2000,-1.5,"0.75(log(n))^2",0.8
934,1000,2,"Clayton_Sine",2000,-1.5,"0.75(log(n))^2",0.91
935,1000,2,"Clayton_Sine",2000,-1.5,"0.75(log(n))^2",0.55
936,1000,2,"Clayton_Sine",2000,-1.5,"0.75(log(n))^2",0.67
937,1000,2,"Clayton_Sine",2000,-1.5,"0.75(log(n))^2",0.92
938,1000,2,"Clayton_Sine",2000,-1.5,"0.75(log(n))^2",0.23
939,1000,2,"Clayton_Sine",2000,-1.5,"0.75(log(n))^2",0.94
940,1000,2,"Clayton_Sine",2000,-1.5,"0.75(log(n))^2",0.63
941,1000,2,"Clayton_Sine",2000,-1.5,"0.75(log(n))^2",0.7
942,1000,2,"Clayton_Sine",2000,-1.5,"0.75(log(n))^2",0.46
943,1000,2,"Clayton_Sine",2000,-1.5,"0.75(log(n))^2",0.51
944,1000,2,"Clayton_Sine",2000,-1.5,"0.75(log(n))^2",0.36
945,1000,2,"Clayton_Sine",2000,-1.5,"0.75(log(n))^2",0.12
946,1000,2,"Clayton_Sine",2000,-1.5,"0.75(log(n))^2",0.89
947,1000,2,"Clayton_Sine",2000,-1.5,"0.75(log(n))^2",0.72
948,1000,2,"Clayton_Sine",2000,-1.5,"0.75(log(n))^2",0.73
949,1000,2,"Clayton_Sine",2000,-1.5,"0.75(log(n))^2",0.71
950,1000,2,"Clayton_Sine",2000,-1.5,"0.75(log(n))^2",0.77
951,1000,2,"Clayton_Sine",2000,-1.5,"0.75(log(n))^2",0.45
952,1000,2,"Clayton_Sine",2000,-1.5,"0.75(log(n))^2",0.1
953,1000,2,"Clayton_Sine",2000,-1.5,"0.75(log(n))^2",0.74
954,1000,2,"Clayton_Sine",2000,-1.5,"0.75(log(n))^2",0.46
955,1000,2,"Clayton_Sine",2000,-1.5,"0.75(log(n))^2",0.58
956,1000,2,"Clayton_Sine",2000,-1.5,"0.75(log(n))^2",0.5
957,1000,2,"Clayton_Sine",2000,-1.5,"0.75(log(n))^2",0.11
958,1000,2,"Clayton_Sine",2000,-1.5,"0.75(log(n))^2",0.97
959,1000,2,"Clayton_Sine",2000,-1.5,"0.75(log(n))^2",0.57
960,1000,2,"Clayton_Sine",2000,-1.5,"0.75(log(n))^2",0.45
961,1000,2,"Clayton_Sine",2000,-1.5,"0.75(log(n))^2",0.6
962,1000,2,"Clayton_Sine",2000,-1.5,"0.75(log(n))^2",0.19
963,1000,2,"Clayton_Sine",2000,-1.5,"0.75(log(n))^2",0.8
964,1000,2,"Clayton_Sine",2000,-1.5,"0.75(log(n))^2",0.4
965,1000,2,"Clayton_Sine",2000,-1.5,"0.75(log(n))^2",0.47
966,1000,2,"Clayton_Sine",2000,-1.5,"0.75(log(n))^2",0.35
967,1000,2,"Clayton_Sine",2000,-1.5,"0.75(log(n))^2",0.29
968,1000,2,"Clayton_Sine",2000,-1.5,"0.75(log(n))^2",0.56
969,1000,2,"Clayton_Sine",2000,-1.5,"0.75(log(n))^2",0.49
970,1000,2,"Clayton_Sine",2000,-1.5,"0.75(log(n))^2",0.81
971,1000,2,"Clayton_Sine",2000,-1.5,"0.75(log(n))^2",0.93
972,1000,2,"Clayton_Sine",2000,-1.5,"0.75(log(n))^2",0.53
973,1000,2,"Clayton_Sine",2000,-1.5,"0.75(log(n))^2",0.72
974,1000,2,"Clayton_Sine",2000,-1.5,"0.75(log(n))^2",0.44
975,1000,2,"Clayton_Sine",2000,-1.5,"0.75(log(n))^2",0.26
976,1000,2,"Clayton_Sine",2000,-1.5,"0.75(log(n))^2",0.4
977,1000,2,"Clayton_Sine",2000,-1.5,"0.75(log(n))^2",0.48
978,1000,2,"Clayton_Sine",2000,-1.5,"0.75(log(n))^2",0.79
979,1000,2,"Clayton_Sine",2000,-1.5,"0.75(log(n))^2",0.56
980,1000,2,"Clayton_Sine",2000,-1.5,"0.75(log(n))^2",0.43
981,1000,2,"Clayton_Sine",2000,-1.5,"0.75(log(n))^2",0.48
982,1000,2,"Clayton_Sine",2000,-1.5,"0.75(log(n))^2",0.4
983,1000,2,"Clayton_Sine",2000,-1.5,"0.75(log(n))^2",0.94
984,1000,2,"Clayton_Sine",2000,-1.5,"0.75(log(n))^2",0.87
985,1000,2,"Clayton_Sine",2000,-1.5,"0.75(log(n))^2",0.49
986,1000,2,"Clayton_Sine",2000,-1.5,"0.75(log(n))^2",0.97
987,1000,2,"Clayton_Sine",2000,-1.5,"0.75(log(n))^2",0.96
988,1000,2,"Clayton_Sine",2000,-1.5,"0.75(log(n))^2",0.28
989,1000,2,"Clayton_Sine",2000,-1.5,"0.75(log(n))^2",0.42
990,1000,2,"Clayton_Sine",2000,-1.5,"0.75(log(n))^2",0.3
991,1000,2,"Clayton_Sine",2000,-1.5,"0.75(log(n))^2",0.35
992,1000,2,"Clayton_Sine",2000,-1.5,"0.75(log(n))^2",0.75
993,1000,2,"Clayton_Sine",2000,-1.5,"0.75(log(n))^2",0.23
994,1000,2,"Clayton_Sine",2000,-1.5,"0.75(log(n))^2",0.83
995,1000,2,"Clayton_Sine",2000,-1.5,"0.75(log(n))^2",0.39
996,1000,2,"Clayton_Sine",2000,-1.5,"0.75(log(n))^2",0.29
997,1000,2,"Clayton_Sine",2000,-1.5,"0.75(log(n))^2",0.74
998,1000,2,"Clayton_Sine",2000,-1.5,"0.75(log(n))^2",0.16
999,1000,2,"Clayton_Sine",2000,-1.5,"0.75(log(n))^2",0.45
1000,1000,2,"Clayton_Sine",2000,-1.5,"0.75(log(n))^2",0.54
1,1000,2,"Clayton_Sine",2000,-1.5,"0.5(log(n))^2",0.58
2,1000,2,"Clayton_Sine",2000,-1.5,"0.5(log(n))^2",0.53
3,1000,2,"Clayton_Sine",2000,-1.5,"0.5(log(n))^2",0.19
4,1000,2,"Clayton_Sine",2000,-1.5,"0.5(log(n))^2",0.9
5,1000,2,"Clayton_Sine",2000,-1.5,"0.5(log(n))^2",0.59
6,1000,2,"Clayton_Sine",2000,-1.5,"0.5(log(n))^2",0.47
7,1000,2,"Clayton_Sine",2000,-1.5,"0.5(log(n))^2",0.85
8,1000,2,"Clayton_Sine",2000,-1.5,"0.5(log(n))^2",0.86
9,1000,2,"Clayton_Sine",2000,-1.5,"0.5(log(n))^2",0.25
10,1000,2,"Clayton_Sine",2000,-1.5,"0.5(log(n))^2",0.73
11,1000,2,"Clayton_Sine",2000,-1.5,"0.5(log(n))^2",0.59
12,1000,2,"Clayton_Sine",2000,-1.5,"0.5(log(n))^2",0.92
13,1000,2,"Clayton_Sine",2000,-1.5,"0.5(log(n))^2",0.35
14,1000,2,"Clayton_Sine",2000,-1.5,"0.5(log(n))^2",0.44
15,1000,2,"Clayton_Sine",2000,-1.5,"0.5(log(n))^2",0.53
16,1000,2,"Clayton_Sine",2000,-1.5,"0.5(log(n))^2",0.54
17,1000,2,"Clayton_Sine",2000,-1.5,"0.5(log(n))^2",0.23
18,1000,2,"Clayton_Sine",2000,-1.5,"0.5(log(n))^2",0.77
19,1000,2,"Clayton_Sine",2000,-1.5,"0.5(log(n))^2",0.92
20,1000,2,"Clayton_Sine",2000,-1.5,"0.5(log(n))^2",0.79
21,1000,2,"Clayton_Sine",2000,-1.5,"0.5(log(n))^2",0.74
22,1000,2,"Clayton_Sine",2000,-1.5,"0.5(log(n))^2",0.69
23,1000,2,"Clayton_Sine",2000,-1.5,"0.5(log(n))^2",0.49
24,1000,2,"Clayton_Sine",2000,-1.5,"0.5(log(n))^2",0.64
25,1000,2,"Clayton_Sine",2000,-1.5,"0.5(log(n))^2",0.36
26,1000,2,"Clayton_Sine",2000,-1.5,"0.5(log(n))^2",0.72
27,1000,2,"Clayton_Sine",2000,-1.5,"0.5(log(n))^2",0.96
28,1000,2,"Clayton_Sine",2000,-1.5,"0.5(log(n))^2",0.34
29,1000,2,"Clayton_Sine",2000,-1.5,"0.5(log(n))^2",0.65
30,1000,2,"Clayton_Sine",2000,-1.5,"0.5(log(n))^2",0.44
31,1000,2,"Clayton_Sine",2000,-1.5,"0.5(log(n))^2",0.98
32,1000,2,"Clayton_Sine",2000,-1.5,"0.5(log(n))^2",0.55
33,1000,2,"Clayton_Sine",2000,-1.5,"0.5(log(n))^2",0.29
34,1000,2,"Clayton_Sine",2000,-1.5,"0.5(log(n))^2",0.84
35,1000,2,"Clayton_Sine",2000,-1.5,"0.5(log(n))^2",0.61
36,1000,2,"Clayton_Sine",2000,-1.5,"0.5(log(n))^2",0.6
37,1000,2,"Clayton_Sine",2000,-1.5,"0.5(log(n))^2",0.58
38,1000,2,"Clayton_Sine",2000,-1.5,"0.5(log(n))^2",0.95
39,1000,2,"Clayton_Sine",2000,-1.5,"0.5(log(n))^2",0.95
40,1000,2,"Clayton_Sine",2000,-1.5,"0.5(log(n))^2",0.16
41,1000,2,"Clayton_Sine",2000,-1.5,"0.5(log(n))^2",0.53
42,1000,2,"Clayton_Sine",2000,-1.5,"0.5(log(n))^2",0.86
43,1000,2,"Clayton_Sine",2000,-1.5,"0.5(log(n))^2",0.71
44,1000,2,"Clayton_Sine",2000,-1.5,"0.5(log(n))^2",0.69
45,1000,2,"Clayton_Sine",2000,-1.5,"0.5(log(n))^2",0.66
46,1000,2,"Clayton_Sine",2000,-1.5,"0.5(log(n))^2",0.35
47,1000,2,"Clayton_Sine",2000,-1.5,"0.5(log(n))^2",0.94
48,1000,2,"Clayton_Sine",2000,-1.5,"0.5(log(n))^2",0.63
49,1000,2,"Clayton_Sine",2000,-1.5,"0.5(log(n))^2",0.3
50,1000,2,"Clayton_Sine",2000,-1.5,"0.5(log(n))^2",0.35
51,1000,2,"Clayton_Sine",2000,-1.5,"0.5(log(n))^2",0.25
52,1000,2,"Clayton_Sine",2000,-1.5,"0.5(log(n))^2",0.34
53,1000,2,"Clayton_Sine",2000,-1.5,"0.5(log(n))^2",0.31
54,1000,2,"Clayton_Sine",2000,-1.5,"0.5(log(n))^2",0.05
55,1000,2,"Clayton_Sine",2000,-1.5,"0.5(log(n))^2",0.92
56,1000,2,"Clayton_Sine",2000,-1.5,"0.5(log(n))^2",0.67
57,1000,2,"Clayton_Sine",2000,-1.5,"0.5(log(n))^2",0.66
58,1000,2,"Clayton_Sine",2000,-1.5,"0.5(log(n))^2",1
59,1000,2,"Clayton_Sine",2000,-1.5,"0.5(log(n))^2",0.51
60,1000,2,"Clayton_Sine",2000,-1.5,"0.5(log(n))^2",0.73
61,1000,2,"Clayton_Sine",2000,-1.5,"0.5(log(n))^2",0.63
62,1000,2,"Clayton_Sine",2000,-1.5,"0.5(log(n))^2",0.91
63,1000,2,"Clayton_Sine",2000,-1.5,"0.5(log(n))^2",0.97
64,1000,2,"Clayton_Sine",2000,-1.5,"0.5(log(n))^2",0.65
65,1000,2,"Clayton_Sine",2000,-1.5,"0.5(log(n))^2",0.78
66,1000,2,"Clayton_Sine",2000,-1.5,"0.5(log(n))^2",0.53
67,1000,2,"Clayton_Sine",2000,-1.5,"0.5(log(n))^2",0.16
68,1000,2,"Clayton_Sine",2000,-1.5,"0.5(log(n))^2",0.42
69,1000,2,"Clayton_Sine",2000,-1.5,"0.5(log(n))^2",0.74
70,1000,2,"Clayton_Sine",2000,-1.5,"0.5(log(n))^2",0.69
71,1000,2,"Clayton_Sine",2000,-1.5,"0.5(log(n))^2",0.17
72,1000,2,"Clayton_Sine",2000,-1.5,"0.5(log(n))^2",0.75
73,1000,2,"Clayton_Sine",2000,-1.5,"0.5(log(n))^2",0.56
74,1000,2,"Clayton_Sine",2000,-1.5,"0.5(log(n))^2",0.42
75,1000,2,"Clayton_Sine",2000,-1.5,"0.5(log(n))^2",0.86
76,1000,2,"Clayton_Sine",2000,-1.5,"0.5(log(n))^2",0.37
77,1000,2,"Clayton_Sine",2000,-1.5,"0.5(log(n))^2",0.37
78,1000,2,"Clayton_Sine",2000,-1.5,"0.5(log(n))^2",0.85
79,1000,2,"Clayton_Sine",2000,-1.5,"0.5(log(n))^2",0.59
80,1000,2,"Clayton_Sine",2000,-1.5,"0.5(log(n))^2",0.8
81,1000,2,"Clayton_Sine",2000,-1.5,"0.5(log(n))^2",0.49
82,1000,2,"Clayton_Sine",2000,-1.5,"0.5(log(n))^2",0.95
83,1000,2,"Clayton_Sine",2000,-1.5,"0.5(log(n))^2",0.7
84,1000,2,"Clayton_Sine",2000,-1.5,"0.5(log(n))^2",0.21
85,1000,2,"Clayton_Sine",2000,-1.5,"0.5(log(n))^2",0.62
86,1000,2,"Clayton_Sine",2000,-1.5,"0.5(log(n))^2",0.6
87,1000,2,"Clayton_Sine",2000,-1.5,"0.5(log(n))^2",0.63
88,1000,2,"Clayton_Sine",2000,-1.5,"0.5(log(n))^2",0.23
89,1000,2,"Clayton_Sine",2000,-1.5,"0.5(log(n))^2",0.59
90,1000,2,"Clayton_Sine",2000,-1.5,"0.5(log(n))^2",0.56
91,1000,2,"Clayton_Sine",2000,-1.5,"0.5(log(n))^2",0.63
92,1000,2,"Clayton_Sine",2000,-1.5,"0.5(log(n))^2",0.96
93,1000,2,"Clayton_Sine",2000,-1.5,"0.5(log(n))^2",0.26
94,1000,2,"Clayton_Sine",2000,-1.5,"0.5(log(n))^2",0.95
95,1000,2,"Clayton_Sine",2000,-1.5,"0.5(log(n))^2",0.23
96,1000,2,"Clayton_Sine",2000,-1.5,"0.5(log(n))^2",0.98
97,1000,2,"Clayton_Sine",2000,-1.5,"0.5(log(n))^2",0.81
98,1000,2,"Clayton_Sine",2000,-1.5,"0.5(log(n))^2",0.76
99,1000,2,"Clayton_Sine",2000,-1.5,"0.5(log(n))^2",0.05
100,1000,2,"Clayton_Sine",2000,-1.5,"0.5(log(n))^2",0.6
101,1000,2,"Clayton_Sine",2000,-1.5,"0.5(log(n))^2",0.55
102,1000,2,"Clayton_Sine",2000,-1.5,"0.5(log(n))^2",0.84
103,1000,2,"Clayton_Sine",2000,-1.5,"0.5(log(n))^2",0.67
104,1000,2,"Clayton_Sine",2000,-1.5,"0.5(log(n))^2",0.3
105,1000,2,"Clayton_Sine",2000,-1.5,"0.5(log(n))^2",0.31
106,1000,2,"Clayton_Sine",2000,-1.5,"0.5(log(n))^2",0.47
107,1000,2,"Clayton_Sine",2000,-1.5,"0.5(log(n))^2",0.84
108,1000,2,"Clayton_Sine",2000,-1.5,"0.5(log(n))^2",0.83
109,1000,2,"Clayton_Sine",2000,-1.5,"0.5(log(n))^2",0.68
110,1000,2,"Clayton_Sine",2000,-1.5,"0.5(log(n))^2",0.47
111,1000,2,"Clayton_Sine",2000,-1.5,"0.5(log(n))^2",0.72
112,1000,2,"Clayton_Sine",2000,-1.5,"0.5(log(n))^2",0.8
113,1000,2,"Clayton_Sine",2000,-1.5,"0.5(log(n))^2",0.1
114,1000,2,"Clayton_Sine",2000,-1.5,"0.5(log(n))^2",0.88
115,1000,2,"Clayton_Sine",2000,-1.5,"0.5(log(n))^2",0.36
116,1000,2,"Clayton_Sine",2000,-1.5,"0.5(log(n))^2",0.39
117,1000,2,"Clayton_Sine",2000,-1.5,"0.5(log(n))^2",0.57
118,1000,2,"Clayton_Sine",2000,-1.5,"0.5(log(n))^2",0.68
119,1000,2,"Clayton_Sine",2000,-1.5,"0.5(log(n))^2",0.6
120,1000,2,"Clayton_Sine",2000,-1.5,"0.5(log(n))^2",0.44
121,1000,2,"Clayton_Sine",2000,-1.5,"0.5(log(n))^2",0.69
122,1000,2,"Clayton_Sine",2000,-1.5,"0.5(log(n))^2",0.57
123,1000,2,"Clayton_Sine",2000,-1.5,"0.5(log(n))^2",0.69
124,1000,2,"Clayton_Sine",2000,-1.5,"0.5(log(n))^2",0.91
125,1000,2,"Clayton_Sine",2000,-1.5,"0.5(log(n))^2",0.99
126,1000,2,"Clayton_Sine",2000,-1.5,"0.5(log(n))^2",0.66
127,1000,2,"Clayton_Sine",2000,-1.5,"0.5(log(n))^2",0.43
128,1000,2,"Clayton_Sine",2000,-1.5,"0.5(log(n))^2",0.61
129,1000,2,"Clayton_Sine",2000,-1.5,"0.5(log(n))^2",0.82
130,1000,2,"Clayton_Sine",2000,-1.5,"0.5(log(n))^2",0.48
131,1000,2,"Clayton_Sine",2000,-1.5,"0.5(log(n))^2",0.22
132,1000,2,"Clayton_Sine",2000,-1.5,"0.5(log(n))^2",0.7
133,1000,2,"Clayton_Sine",2000,-1.5,"0.5(log(n))^2",0.25
134,1000,2,"Clayton_Sine",2000,-1.5,"0.5(log(n))^2",0.8
135,1000,2,"Clayton_Sine",2000,-1.5,"0.5(log(n))^2",0.47
136,1000,2,"Clayton_Sine",2000,-1.5,"0.5(log(n))^2",0.95
137,1000,2,"Clayton_Sine",2000,-1.5,"0.5(log(n))^2",0.25
138,1000,2,"Clayton_Sine",2000,-1.5,"0.5(log(n))^2",0.87
139,1000,2,"Clayton_Sine",2000,-1.5,"0.5(log(n))^2",0.06
140,1000,2,"Clayton_Sine",2000,-1.5,"0.5(log(n))^2",0.77
141,1000,2,"Clayton_Sine",2000,-1.5,"0.5(log(n))^2",0.71
142,1000,2,"Clayton_Sine",2000,-1.5,"0.5(log(n))^2",0.66
143,1000,2,"Clayton_Sine",2000,-1.5,"0.5(log(n))^2",0.61
144,1000,2,"Clayton_Sine",2000,-1.5,"0.5(log(n))^2",0.81
145,1000,2,"Clayton_Sine",2000,-1.5,"0.5(log(n))^2",0.29
146,1000,2,"Clayton_Sine",2000,-1.5,"0.5(log(n))^2",0.09
147,1000,2,"Clayton_Sine",2000,-1.5,"0.5(log(n))^2",0.76
148,1000,2,"Clayton_Sine",2000,-1.5,"0.5(log(n))^2",0.21
149,1000,2,"Clayton_Sine",2000,-1.5,"0.5(log(n))^2",0.93
150,1000,2,"Clayton_Sine",2000,-1.5,"0.5(log(n))^2",0.48
151,1000,2,"Clayton_Sine",2000,-1.5,"0.5(log(n))^2",0.69
152,1000,2,"Clayton_Sine",2000,-1.5,"0.5(log(n))^2",0.76
153,1000,2,"Clayton_Sine",2000,-1.5,"0.5(log(n))^2",0.07
154,1000,2,"Clayton_Sine",2000,-1.5,"0.5(log(n))^2",0.17
155,1000,2,"Clayton_Sine",2000,-1.5,"0.5(log(n))^2",0.18
156,1000,2,"Clayton_Sine",2000,-1.5,"0.5(log(n))^2",0.09
157,1000,2,"Clayton_Sine",2000,-1.5,"0.5(log(n))^2",0.16
158,1000,2,"Clayton_Sine",2000,-1.5,"0.5(log(n))^2",0.04
159,1000,2,"Clayton_Sine",2000,-1.5,"0.5(log(n))^2",0.9
160,1000,2,"Clayton_Sine",2000,-1.5,"0.5(log(n))^2",0.29
161,1000,2,"Clayton_Sine",2000,-1.5,"0.5(log(n))^2",0.64
162,1000,2,"Clayton_Sine",2000,-1.5,"0.5(log(n))^2",0.89
163,1000,2,"Clayton_Sine",2000,-1.5,"0.5(log(n))^2",0.68
164,1000,2,"Clayton_Sine",2000,-1.5,"0.5(log(n))^2",0.2
165,1000,2,"Clayton_Sine",2000,-1.5,"0.5(log(n))^2",0.32
166,1000,2,"Clayton_Sine",2000,-1.5,"0.5(log(n))^2",0.62
167,1000,2,"Clayton_Sine",2000,-1.5,"0.5(log(n))^2",0.84
168,1000,2,"Clayton_Sine",2000,-1.5,"0.5(log(n))^2",0.14
169,1000,2,"Clayton_Sine",2000,-1.5,"0.5(log(n))^2",0.36
170,1000,2,"Clayton_Sine",2000,-1.5,"0.5(log(n))^2",0.61
171,1000,2,"Clayton_Sine",2000,-1.5,"0.5(log(n))^2",0.66
172,1000,2,"Clayton_Sine",2000,-1.5,"0.5(log(n))^2",0.48
173,1000,2,"Clayton_Sine",2000,-1.5,"0.5(log(n))^2",0.19
174,1000,2,"Clayton_Sine",2000,-1.5,"0.5(log(n))^2",0.94
175,1000,2,"Clayton_Sine",2000,-1.5,"0.5(log(n))^2",0.26
176,1000,2,"Clayton_Sine",2000,-1.5,"0.5(log(n))^2",0.31
177,1000,2,"Clayton_Sine",2000,-1.5,"0.5(log(n))^2",0.47
178,1000,2,"Clayton_Sine",2000,-1.5,"0.5(log(n))^2",0.95
179,1000,2,"Clayton_Sine",2000,-1.5,"0.5(log(n))^2",0.91
180,1000,2,"Clayton_Sine",2000,-1.5,"0.5(log(n))^2",0.7
181,1000,2,"Clayton_Sine",2000,-1.5,"0.5(log(n))^2",0.27
182,1000,2,"Clayton_Sine",2000,-1.5,"0.5(log(n))^2",0.97
183,1000,2,"Clayton_Sine",2000,-1.5,"0.5(log(n))^2",0.79
184,1000,2,"Clayton_Sine",2000,-1.5,"0.5(log(n))^2",0.67
185,1000,2,"Clayton_Sine",2000,-1.5,"0.5(log(n))^2",0.89
186,1000,2,"Clayton_Sine",2000,-1.5,"0.5(log(n))^2",0.58
187,1000,2,"Clayton_Sine",2000,-1.5,"0.5(log(n))^2",0.67
188,1000,2,"Clayton_Sine",2000,-1.5,"0.5(log(n))^2",0.59
189,1000,2,"Clayton_Sine",2000,-1.5,"0.5(log(n))^2",0.46
190,1000,2,"Clayton_Sine",2000,-1.5,"0.5(log(n))^2",0.86
191,1000,2,"Clayton_Sine",2000,-1.5,"0.5(log(n))^2",0.55
192,1000,2,"Clayton_Sine",2000,-1.5,"0.5(log(n))^2",0.33
193,1000,2,"Clayton_Sine",2000,-1.5,"0.5(log(n))^2",0.3
194,1000,2,"Clayton_Sine",2000,-1.5,"0.5(log(n))^2",0.66
195,1000,2,"Clayton_Sine",2000,-1.5,"0.5(log(n))^2",0.98
196,1000,2,"Clayton_Sine",2000,-1.5,"0.5(log(n))^2",0.36
197,1000,2,"Clayton_Sine",2000,-1.5,"0.5(log(n))^2",0.59
198,1000,2,"Clayton_Sine",2000,-1.5,"0.5(log(n))^2",0.56
199,1000,2,"Clayton_Sine",2000,-1.5,"0.5(log(n))^2",0.42
200,1000,2,"Clayton_Sine",2000,-1.5,"0.5(log(n))^2",0.99
201,1000,2,"Clayton_Sine",2000,-1.5,"0.5(log(n))^2",0.99
202,1000,2,"Clayton_Sine",2000,-1.5,"0.5(log(n))^2",0.49
203,1000,2,"Clayton_Sine",2000,-1.5,"0.5(log(n))^2",0.93
204,1000,2,"Clayton_Sine",2000,-1.5,"0.5(log(n))^2",0.35
205,1000,2,"Clayton_Sine",2000,-1.5,"0.5(log(n))^2",0.67
206,1000,2,"Clayton_Sine",2000,-1.5,"0.5(log(n))^2",0.82
207,1000,2,"Clayton_Sine",2000,-1.5,"0.5(log(n))^2",0.54
208,1000,2,"Clayton_Sine",2000,-1.5,"0.5(log(n))^2",0.96
209,1000,2,"Clayton_Sine",2000,-1.5,"0.5(log(n))^2",0.82
210,1000,2,"Clayton_Sine",2000,-1.5,"0.5(log(n))^2",0.7
211,1000,2,"Clayton_Sine",2000,-1.5,"0.5(log(n))^2",0.28
212,1000,2,"Clayton_Sine",2000,-1.5,"0.5(log(n))^2",0.38
213,1000,2,"Clayton_Sine",2000,-1.5,"0.5(log(n))^2",0.66
214,1000,2,"Clayton_Sine",2000,-1.5,"0.5(log(n))^2",0.26
215,1000,2,"Clayton_Sine",2000,-1.5,"0.5(log(n))^2",0.5
216,1000,2,"Clayton_Sine",2000,-1.5,"0.5(log(n))^2",0.87
217,1000,2,"Clayton_Sine",2000,-1.5,"0.5(log(n))^2",0.25
218,1000,2,"Clayton_Sine",2000,-1.5,"0.5(log(n))^2",0.21
219,1000,2,"Clayton_Sine",2000,-1.5,"0.5(log(n))^2",0.34
220,1000,2,"Clayton_Sine",2000,-1.5,"0.5(log(n))^2",0.25
221,1000,2,"Clayton_Sine",2000,-1.5,"0.5(log(n))^2",0.2
222,1000,2,"Clayton_Sine",2000,-1.5,"0.5(log(n))^2",0.09
223,1000,2,"Clayton_Sine",2000,-1.5,"0.5(log(n))^2",0.14
224,1000,2,"Clayton_Sine",2000,-1.5,"0.5(log(n))^2",0.56
225,1000,2,"Clayton_Sine",2000,-1.5,"0.5(log(n))^2",0.24
226,1000,2,"Clayton_Sine",2000,-1.5,"0.5(log(n))^2",0.78
227,1000,2,"Clayton_Sine",2000,-1.5,"0.5(log(n))^2",0.61
228,1000,2,"Clayton_Sine",2000,-1.5,"0.5(log(n))^2",0.61
229,1000,2,"Clayton_Sine",2000,-1.5,"0.5(log(n))^2",0.97
230,1000,2,"Clayton_Sine",2000,-1.5,"0.5(log(n))^2",0.28
231,1000,2,"Clayton_Sine",2000,-1.5,"0.5(log(n))^2",0.84
232,1000,2,"Clayton_Sine",2000,-1.5,"0.5(log(n))^2",0.35
233,1000,2,"Clayton_Sine",2000,-1.5,"0.5(log(n))^2",0.12
234,1000,2,"Clayton_Sine",2000,-1.5,"0.5(log(n))^2",0.9
235,1000,2,"Clayton_Sine",2000,-1.5,"0.5(log(n))^2",0.95
236,1000,2,"Clayton_Sine",2000,-1.5,"0.5(log(n))^2",0.12
237,1000,2,"Clayton_Sine",2000,-1.5,"0.5(log(n))^2",0.95
238,1000,2,"Clayton_Sine",2000,-1.5,"0.5(log(n))^2",0.59
239,1000,2,"Clayton_Sine",2000,-1.5,"0.5(log(n))^2",0.59
240,1000,2,"Clayton_Sine",2000,-1.5,"0.5(log(n))^2",0.84
241,1000,2,"Clayton_Sine",2000,-1.5,"0.5(log(n))^2",0.44
242,1000,2,"Clayton_Sine",2000,-1.5,"0.5(log(n))^2",0.86
243,1000,2,"Clayton_Sine",2000,-1.5,"0.5(log(n))^2",0.77
244,1000,2,"Clayton_Sine",2000,-1.5,"0.5(log(n))^2",0.97
245,1000,2,"Clayton_Sine",2000,-1.5,"0.5(log(n))^2",0.6
246,1000,2,"Clayton_Sine",2000,-1.5,"0.5(log(n))^2",0.84
247,1000,2,"Clayton_Sine",2000,-1.5,"0.5(log(n))^2",0.57
248,1000,2,"Clayton_Sine",2000,-1.5,"0.5(log(n))^2",0.74
249,1000,2,"Clayton_Sine",2000,-1.5,"0.5(log(n))^2",0.95
250,1000,2,"Clayton_Sine",2000,-1.5,"0.5(log(n))^2",0.16
251,1000,2,"Clayton_Sine",2000,-1.5,"0.5(log(n))^2",0.64
252,1000,2,"Clayton_Sine",2000,-1.5,"0.5(log(n))^2",0.79
253,1000,2,"Clayton_Sine",2000,-1.5,"0.5(log(n))^2",0.72
254,1000,2,"Clayton_Sine",2000,-1.5,"0.5(log(n))^2",0.56
255,1000,2,"Clayton_Sine",2000,-1.5,"0.5(log(n))^2",0.72
256,1000,2,"Clayton_Sine",2000,-1.5,"0.5(log(n))^2",0.69
257,1000,2,"Clayton_Sine",2000,-1.5,"0.5(log(n))^2",0.52
258,1000,2,"Clayton_Sine",2000,-1.5,"0.5(log(n))^2",0.6
259,1000,2,"Clayton_Sine",2000,-1.5,"0.5(log(n))^2",0.06
260,1000,2,"Clayton_Sine",2000,-1.5,"0.5(log(n))^2",0.2
261,1000,2,"Clayton_Sine",2000,-1.5,"0.5(log(n))^2",0.42
262,1000,2,"Clayton_Sine",2000,-1.5,"0.5(log(n))^2",0.71
263,1000,2,"Clayton_Sine",2000,-1.5,"0.5(log(n))^2",0.74
264,1000,2,"Clayton_Sine",2000,-1.5,"0.5(log(n))^2",0.87
265,1000,2,"Clayton_Sine",2000,-1.5,"0.5(log(n))^2",0.46
266,1000,2,"Clayton_Sine",2000,-1.5,"0.5(log(n))^2",0.48
267,1000,2,"Clayton_Sine",2000,-1.5,"0.5(log(n))^2",0.84
268,1000,2,"Clayton_Sine",2000,-1.5,"0.5(log(n))^2",0.85
269,1000,2,"Clayton_Sine",2000,-1.5,"0.5(log(n))^2",0.5
270,1000,2,"Clayton_Sine",2000,-1.5,"0.5(log(n))^2",0.85
271,1000,2,"Clayton_Sine",2000,-1.5,"0.5(log(n))^2",0.79
272,1000,2,"Clayton_Sine",2000,-1.5,"0.5(log(n))^2",0.65
273,1000,2,"Clayton_Sine",2000,-1.5,"0.5(log(n))^2",0.82
274,1000,2,"Clayton_Sine",2000,-1.5,"0.5(log(n))^2",0.88
275,1000,2,"Clayton_Sine",2000,-1.5,"0.5(log(n))^2",0.8
276,1000,2,"Clayton_Sine",2000,-1.5,"0.5(log(n))^2",0.21
277,1000,2,"Clayton_Sine",2000,-1.5,"0.5(log(n))^2",0.42
278,1000,2,"Clayton_Sine",2000,-1.5,"0.5(log(n))^2",0.47
279,1000,2,"Clayton_Sine",2000,-1.5,"0.5(log(n))^2",0.34
280,1000,2,"Clayton_Sine",2000,-1.5,"0.5(log(n))^2",0.31
281,1000,2,"Clayton_Sine",2000,-1.5,"0.5(log(n))^2",0.93
282,1000,2,"Clayton_Sine",2000,-1.5,"0.5(log(n))^2",0.37
283,1000,2,"Clayton_Sine",2000,-1.5,"0.5(log(n))^2",0.42
284,1000,2,"Clayton_Sine",2000,-1.5,"0.5(log(n))^2",0.71
285,1000,2,"Clayton_Sine",2000,-1.5,"0.5(log(n))^2",0.86
286,1000,2,"Clayton_Sine",2000,-1.5,"0.5(log(n))^2",0.37
287,1000,2,"Clayton_Sine",2000,-1.5,"0.5(log(n))^2",0.56
288,1000,2,"Clayton_Sine",2000,-1.5,"0.5(log(n))^2",0.23
289,1000,2,"Clayton_Sine",2000,-1.5,"0.5(log(n))^2",0.89
290,1000,2,"Clayton_Sine",2000,-1.5,"0.5(log(n))^2",0.39
291,1000,2,"Clayton_Sine",2000,-1.5,"0.5(log(n))^2",0.42
292,1000,2,"Clayton_Sine",2000,-1.5,"0.5(log(n))^2",0.48
293,1000,2,"Clayton_Sine",2000,-1.5,"0.5(log(n))^2",0.69
294,1000,2,"Clayton_Sine",2000,-1.5,"0.5(log(n))^2",0.38
295,1000,2,"Clayton_Sine",2000,-1.5,"0.5(log(n))^2",0.78
296,1000,2,"Clayton_Sine",2000,-1.5,"0.5(log(n))^2",0.77
297,1000,2,"Clayton_Sine",2000,-1.5,"0.5(log(n))^2",0.42
298,1000,2,"Clayton_Sine",2000,-1.5,"0.5(log(n))^2",0.9
299,1000,2,"Clayton_Sine",2000,-1.5,"0.5(log(n))^2",0.45
300,1000,2,"Clayton_Sine",2000,-1.5,"0.5(log(n))^2",0.98
301,1000,2,"Clayton_Sine",2000,-1.5,"0.5(log(n))^2",0.55
302,1000,2,"Clayton_Sine",2000,-1.5,"0.5(log(n))^2",0.92
303,1000,2,"Clayton_Sine",2000,-1.5,"0.5(log(n))^2",0.58
304,1000,2,"Clayton_Sine",2000,-1.5,"0.5(log(n))^2",0.31
305,1000,2,"Clayton_Sine",2000,-1.5,"0.5(log(n))^2",0.88
306,1000,2,"Clayton_Sine",2000,-1.5,"0.5(log(n))^2",0.65
307,1000,2,"Clayton_Sine",2000,-1.5,"0.5(log(n))^2",0.13
308,1000,2,"Clayton_Sine",2000,-1.5,"0.5(log(n))^2",0.87
309,1000,2,"Clayton_Sine",2000,-1.5,"0.5(log(n))^2",0.19
310,1000,2,"Clayton_Sine",2000,-1.5,"0.5(log(n))^2",0.96
311,1000,2,"Clayton_Sine",2000,-1.5,"0.5(log(n))^2",0.96
312,1000,2,"Clayton_Sine",2000,-1.5,"0.5(log(n))^2",0.33
313,1000,2,"Clayton_Sine",2000,-1.5,"0.5(log(n))^2",0.27
314,1000,2,"Clayton_Sine",2000,-1.5,"0.5(log(n))^2",0.57
315,1000,2,"Clayton_Sine",2000,-1.5,"0.5(log(n))^2",0.83
316,1000,2,"Clayton_Sine",2000,-1.5,"0.5(log(n))^2",0.25
317,1000,2,"Clayton_Sine",2000,-1.5,"0.5(log(n))^2",0.55
318,1000,2,"Clayton_Sine",2000,-1.5,"0.5(log(n))^2",0.25
319,1000,2,"Clayton_Sine",2000,-1.5,"0.5(log(n))^2",0.28
320,1000,2,"Clayton_Sine",2000,-1.5,"0.5(log(n))^2",0.94
321,1000,2,"Clayton_Sine",2000,-1.5,"0.5(log(n))^2",0.71
322,1000,2,"Clayton_Sine",2000,-1.5,"0.5(log(n))^2",0.29
323,1000,2,"Clayton_Sine",2000,-1.5,"0.5(log(n))^2",0.53
324,1000,2,"Clayton_Sine",2000,-1.5,"0.5(log(n))^2",0.73
325,1000,2,"Clayton_Sine",2000,-1.5,"0.5(log(n))^2",0.51
326,1000,2,"Clayton_Sine",2000,-1.5,"0.5(log(n))^2",0.68
327,1000,2,"Clayton_Sine",2000,-1.5,"0.5(log(n))^2",0.38
328,1000,2,"Clayton_Sine",2000,-1.5,"0.5(log(n))^2",0.3
329,1000,2,"Clayton_Sine",2000,-1.5,"0.5(log(n))^2",0.57
330,1000,2,"Clayton_Sine",2000,-1.5,"0.5(log(n))^2",0.96
331,1000,2,"Clayton_Sine",2000,-1.5,"0.5(log(n))^2",0.95
332,1000,2,"Clayton_Sine",2000,-1.5,"0.5(log(n))^2",0.67
333,1000,2,"Clayton_Sine",2000,-1.5,"0.5(log(n))^2",0.89
334,1000,2,"Clayton_Sine",2000,-1.5,"0.5(log(n))^2",0.91
335,1000,2,"Clayton_Sine",2000,-1.5,"0.5(log(n))^2",0.24
336,1000,2,"Clayton_Sine",2000,-1.5,"0.5(log(n))^2",0.95
337,1000,2,"Clayton_Sine",2000,-1.5,"0.5(log(n))^2",0.84
338,1000,2,"Clayton_Sine",2000,-1.5,"0.5(log(n))^2",0.99
339,1000,2,"Clayton_Sine",2000,-1.5,"0.5(log(n))^2",0.38
340,1000,2,"Clayton_Sine",2000,-1.5,"0.5(log(n))^2",0.97
341,1000,2,"Clayton_Sine",2000,-1.5,"0.5(log(n))^2",0.46
342,1000,2,"Clayton_Sine",2000,-1.5,"0.5(log(n))^2",0.89
343,1000,2,"Clayton_Sine",2000,-1.5,"0.5(log(n))^2",0.13
344,1000,2,"Clayton_Sine",2000,-1.5,"0.5(log(n))^2",0.5
345,1000,2,"Clayton_Sine",2000,-1.5,"0.5(log(n))^2",0.03
346,1000,2,"Clayton_Sine",2000,-1.5,"0.5(log(n))^2",0.97
347,1000,2,"Clayton_Sine",2000,-1.5,"0.5(log(n))^2",0.26
348,1000,2,"Clayton_Sine",2000,-1.5,"0.5(log(n))^2",0.03
349,1000,2,"Clayton_Sine",2000,-1.5,"0.5(log(n))^2",0.2
350,1000,2,"Clayton_Sine",2000,-1.5,"0.5(log(n))^2",0.75
351,1000,2,"Clayton_Sine",2000,-1.5,"0.5(log(n))^2",0.41
352,1000,2,"Clayton_Sine",2000,-1.5,"0.5(log(n))^2",0.87
353,1000,2,"Clayton_Sine",2000,-1.5,"0.5(log(n))^2",0.7
354,1000,2,"Clayton_Sine",2000,-1.5,"0.5(log(n))^2",0.18
355,1000,2,"Clayton_Sine",2000,-1.5,"0.5(log(n))^2",0.39
356,1000,2,"Clayton_Sine",2000,-1.5,"0.5(log(n))^2",0.46
357,1000,2,"Clayton_Sine",2000,-1.5,"0.5(log(n))^2",0.63
358,1000,2,"Clayton_Sine",2000,-1.5,"0.5(log(n))^2",0.43
359,1000,2,"Clayton_Sine",2000,-1.5,"0.5(log(n))^2",0.08
360,1000,2,"Clayton_Sine",2000,-1.5,"0.5(log(n))^2",0.1
361,1000,2,"Clayton_Sine",2000,-1.5,"0.5(log(n))^2",0.51
362,1000,2,"Clayton_Sine",2000,-1.5,"0.5(log(n))^2",0.13
363,1000,2,"Clayton_Sine",2000,-1.5,"0.5(log(n))^2",0.34
364,1000,2,"Clayton_Sine",2000,-1.5,"0.5(log(n))^2",0.24
365,1000,2,"Clayton_Sine",2000,-1.5,"0.5(log(n))^2",0.86
366,1000,2,"Clayton_Sine",2000,-1.5,"0.5(log(n))^2",0.26
367,1000,2,"Clayton_Sine",2000,-1.5,"0.5(log(n))^2",0.41
368,1000,2,"Clayton_Sine",2000,-1.5,"0.5(log(n))^2",0.15
369,1000,2,"Clayton_Sine",2000,-1.5,"0.5(log(n))^2",0.96
370,1000,2,"Clayton_Sine",2000,-1.5,"0.5(log(n))^2",0.93
371,1000,2,"Clayton_Sine",2000,-1.5,"0.5(log(n))^2",0.93
372,1000,2,"Clayton_Sine",2000,-1.5,"0.5(log(n))^2",0.94
373,1000,2,"Clayton_Sine",2000,-1.5,"0.5(log(n))^2",0.79
374,1000,2,"Clayton_Sine",2000,-1.5,"0.5(log(n))^2",0.16
375,1000,2,"Clayton_Sine",2000,-1.5,"0.5(log(n))^2",0.9
376,1000,2,"Clayton_Sine",2000,-1.5,"0.5(log(n))^2",0.89
377,1000,2,"Clayton_Sine",2000,-1.5,"0.5(log(n))^2",0.32
378,1000,2,"Clayton_Sine",2000,-1.5,"0.5(log(n))^2",0.53
379,1000,2,"Clayton_Sine",2000,-1.5,"0.5(log(n))^2",0.85
380,1000,2,"Clayton_Sine",2000,-1.5,"0.5(log(n))^2",0.58
381,1000,2,"Clayton_Sine",2000,-1.5,"0.5(log(n))^2",0.25
382,1000,2,"Clayton_Sine",2000,-1.5,"0.5(log(n))^2",0.49
383,1000,2,"Clayton_Sine",2000,-1.5,"0.5(log(n))^2",0.56
384,1000,2,"Clayton_Sine",2000,-1.5,"0.5(log(n))^2",0.5
385,1000,2,"Clayton_Sine",2000,-1.5,"0.5(log(n))^2",0.91
386,1000,2,"Clayton_Sine",2000,-1.5,"0.5(log(n))^2",0.37
387,1000,2,"Clayton_Sine",2000,-1.5,"0.5(log(n))^2",0.32
388,1000,2,"Clayton_Sine",2000,-1.5,"0.5(log(n))^2",0.25
389,1000,2,"Clayton_Sine",2000,-1.5,"0.5(log(n))^2",0.99
390,1000,2,"Clayton_Sine",2000,-1.5,"0.5(log(n))^2",0.37
391,1000,2,"Clayton_Sine",2000,-1.5,"0.5(log(n))^2",0.24
392,1000,2,"Clayton_Sine",2000,-1.5,"0.5(log(n))^2",0.45
393,1000,2,"Clayton_Sine",2000,-1.5,"0.5(log(n))^2",0.55
394,1000,2,"Clayton_Sine",2000,-1.5,"0.5(log(n))^2",0.66
395,1000,2,"Clayton_Sine",2000,-1.5,"0.5(log(n))^2",0.45
396,1000,2,"Clayton_Sine",2000,-1.5,"0.5(log(n))^2",0.23
397,1000,2,"Clayton_Sine",2000,-1.5,"0.5(log(n))^2",0.7
398,1000,2,"Clayton_Sine",2000,-1.5,"0.5(log(n))^2",0.91
399,1000,2,"Clayton_Sine",2000,-1.5,"0.5(log(n))^2",0.64
400,1000,2,"Clayton_Sine",2000,-1.5,"0.5(log(n))^2",0.99
401,1000,2,"Clayton_Sine",2000,-1.5,"0.5(log(n))^2",0.34
402,1000,2,"Clayton_Sine",2000,-1.5,"0.5(log(n))^2",0.91
403,1000,2,"Clayton_Sine",2000,-1.5,"0.5(log(n))^2",0.99
404,1000,2,"Clayton_Sine",2000,-1.5,"0.5(log(n))^2",0.77
405,1000,2,"Clayton_Sine",2000,-1.5,"0.5(log(n))^2",0.4
406,1000,2,"Clayton_Sine",2000,-1.5,"0.5(log(n))^2",0.84
407,1000,2,"Clayton_Sine",2000,-1.5,"0.5(log(n))^2",0.87
408,1000,2,"Clayton_Sine",2000,-1.5,"0.5(log(n))^2",0.88
409,1000,2,"Clayton_Sine",2000,-1.5,"0.5(log(n))^2",0.3
410,1000,2,"Clayton_Sine",2000,-1.5,"0.5(log(n))^2",0.24
411,1000,2,"Clayton_Sine",2000,-1.5,"0.5(log(n))^2",0.32
412,1000,2,"Clayton_Sine",2000,-1.5,"0.5(log(n))^2",0.53
413,1000,2,"Clayton_Sine",2000,-1.5,"0.5(log(n))^2",0.29
414,1000,2,"Clayton_Sine",2000,-1.5,"0.5(log(n))^2",0.84
415,1000,2,"Clayton_Sine",2000,-1.5,"0.5(log(n))^2",0.91
416,1000,2,"Clayton_Sine",2000,-1.5,"0.5(log(n))^2",0.68
417,1000,2,"Clayton_Sine",2000,-1.5,"0.5(log(n))^2",0.27
418,1000,2,"Clayton_Sine",2000,-1.5,"0.5(log(n))^2",0.94
419,1000,2,"Clayton_Sine",2000,-1.5,"0.5(log(n))^2",0.48
420,1000,2,"Clayton_Sine",2000,-1.5,"0.5(log(n))^2",0.54
421,1000,2,"Clayton_Sine",2000,-1.5,"0.5(log(n))^2",0.76
422,1000,2,"Clayton_Sine",2000,-1.5,"0.5(log(n))^2",0.47
423,1000,2,"Clayton_Sine",2000,-1.5,"0.5(log(n))^2",0.87
424,1000,2,"Clayton_Sine",2000,-1.5,"0.5(log(n))^2",0.37
425,1000,2,"Clayton_Sine",2000,-1.5,"0.5(log(n))^2",0.55
426,1000,2,"Clayton_Sine",2000,-1.5,"0.5(log(n))^2",0.98
427,1000,2,"Clayton_Sine",2000,-1.5,"0.5(log(n))^2",0.11
428,1000,2,"Clayton_Sine",2000,-1.5,"0.5(log(n))^2",0.28
429,1000,2,"Clayton_Sine",2000,-1.5,"0.5(log(n))^2",0.63
430,1000,2,"Clayton_Sine",2000,-1.5,"0.5(log(n))^2",0.77
431,1000,2,"Clayton_Sine",2000,-1.5,"0.5(log(n))^2",0.18
432,1000,2,"Clayton_Sine",2000,-1.5,"0.5(log(n))^2",0.17
433,1000,2,"Clayton_Sine",2000,-1.5,"0.5(log(n))^2",0.55
434,1000,2,"Clayton_Sine",2000,-1.5,"0.5(log(n))^2",0.63
435,1000,2,"Clayton_Sine",2000,-1.5,"0.5(log(n))^2",0.61
436,1000,2,"Clayton_Sine",2000,-1.5,"0.5(log(n))^2",0.19
437,1000,2,"Clayton_Sine",2000,-1.5,"0.5(log(n))^2",0.08
438,1000,2,"Clayton_Sine",2000,-1.5,"0.5(log(n))^2",0.73
439,1000,2,"Clayton_Sine",2000,-1.5,"0.5(log(n))^2",0.85
440,1000,2,"Clayton_Sine",2000,-1.5,"0.5(log(n))^2",0.3
441,1000,2,"Clayton_Sine",2000,-1.5,"0.5(log(n))^2",0.81
442,1000,2,"Clayton_Sine",2000,-1.5,"0.5(log(n))^2",0.7
443,1000,2,"Clayton_Sine",2000,-1.5,"0.5(log(n))^2",0.2
444,1000,2,"Clayton_Sine",2000,-1.5,"0.5(log(n))^2",0.48
445,1000,2,"Clayton_Sine",2000,-1.5,"0.5(log(n))^2",0.31
446,1000,2,"Clayton_Sine",2000,-1.5,"0.5(log(n))^2",0.57
447,1000,2,"Clayton_Sine",2000,-1.5,"0.5(log(n))^2",0.36
448,1000,2,"Clayton_Sine",2000,-1.5,"0.5(log(n))^2",0.68
449,1000,2,"Clayton_Sine",2000,-1.5,"0.5(log(n))^2",0.7
450,1000,2,"Clayton_Sine",2000,-1.5,"0.5(log(n))^2",0.57
451,1000,2,"Clayton_Sine",2000,-1.5,"0.5(log(n))^2",0.83
452,1000,2,"Clayton_Sine",2000,-1.5,"0.5(log(n))^2",0.8
453,1000,2,"Clayton_Sine",2000,-1.5,"0.5(log(n))^2",0.88
454,1000,2,"Clayton_Sine",2000,-1.5,"0.5(log(n))^2",0.48
455,1000,2,"Clayton_Sine",2000,-1.5,"0.5(log(n))^2",0.43
456,1000,2,"Clayton_Sine",2000,-1.5,"0.5(log(n))^2",0.57
457,1000,2,"Clayton_Sine",2000,-1.5,"0.5(log(n))^2",0.17
458,1000,2,"Clayton_Sine",2000,-1.5,"0.5(log(n))^2",0.41
459,1000,2,"Clayton_Sine",2000,-1.5,"0.5(log(n))^2",0.74
460,1000,2,"Clayton_Sine",2000,-1.5,"0.5(log(n))^2",0.1
461,1000,2,"Clayton_Sine",2000,-1.5,"0.5(log(n))^2",0.1
462,1000,2,"Clayton_Sine",2000,-1.5,"0.5(log(n))^2",0.29
463,1000,2,"Clayton_Sine",2000,-1.5,"0.5(log(n))^2",0.18
464,1000,2,"Clayton_Sine",2000,-1.5,"0.5(log(n))^2",0.67
465,1000,2,"Clayton_Sine",2000,-1.5,"0.5(log(n))^2",0.8
466,1000,2,"Clayton_Sine",2000,-1.5,"0.5(log(n))^2",0.16
467,1000,2,"Clayton_Sine",2000,-1.5,"0.5(log(n))^2",0.88
468,1000,2,"Clayton_Sine",2000,-1.5,"0.5(log(n))^2",0.51
469,1000,2,"Clayton_Sine",2000,-1.5,"0.5(log(n))^2",0.4
470,1000,2,"Clayton_Sine",2000,-1.5,"0.5(log(n))^2",0.88
471,1000,2,"Clayton_Sine",2000,-1.5,"0.5(log(n))^2",0.97
472,1000,2,"Clayton_Sine",2000,-1.5,"0.5(log(n))^2",0.15
473,1000,2,"Clayton_Sine",2000,-1.5,"0.5(log(n))^2",0.45
474,1000,2,"Clayton_Sine",2000,-1.5,"0.5(log(n))^2",1
475,1000,2,"Clayton_Sine",2000,-1.5,"0.5(log(n))^2",0.4
476,1000,2,"Clayton_Sine",2000,-1.5,"0.5(log(n))^2",0.69
477,1000,2,"Clayton_Sine",2000,-1.5,"0.5(log(n))^2",0.46
478,1000,2,"Clayton_Sine",2000,-1.5,"0.5(log(n))^2",0.67
479,1000,2,"Clayton_Sine",2000,-1.5,"0.5(log(n))^2",0.06
480,1000,2,"Clayton_Sine",2000,-1.5,"0.5(log(n))^2",0.64
481,1000,2,"Clayton_Sine",2000,-1.5,"0.5(log(n))^2",0.8
482,1000,2,"Clayton_Sine",2000,-1.5,"0.5(log(n))^2",0.72
483,1000,2,"Clayton_Sine",2000,-1.5,"0.5(log(n))^2",0.49
484,1000,2,"Clayton_Sine",2000,-1.5,"0.5(log(n))^2",0.28
485,1000,2,"Clayton_Sine",2000,-1.5,"0.5(log(n))^2",0.28
486,1000,2,"Clayton_Sine",2000,-1.5,"0.5(log(n))^2",0.52
487,1000,2,"Clayton_Sine",2000,-1.5,"0.5(log(n))^2",1
488,1000,2,"Clayton_Sine",2000,-1.5,"0.5(log(n))^2",0.83
489,1000,2,"Clayton_Sine",2000,-1.5,"0.5(log(n))^2",0.12
490,1000,2,"Clayton_Sine",2000,-1.5,"0.5(log(n))^2",0.18
491,1000,2,"Clayton_Sine",2000,-1.5,"0.5(log(n))^2",0.57
492,1000,2,"Clayton_Sine",2000,-1.5,"0.5(log(n))^2",0.11
493,1000,2,"Clayton_Sine",2000,-1.5,"0.5(log(n))^2",0.34
494,1000,2,"Clayton_Sine",2000,-1.5,"0.5(log(n))^2",0.78
495,1000,2,"Clayton_Sine",2000,-1.5,"0.5(log(n))^2",0.16
496,1000,2,"Clayton_Sine",2000,-1.5,"0.5(log(n))^2",0.93
497,1000,2,"Clayton_Sine",2000,-1.5,"0.5(log(n))^2",0.81
498,1000,2,"Clayton_Sine",2000,-1.5,"0.5(log(n))^2",0.75
499,1000,2,"Clayton_Sine",2000,-1.5,"0.5(log(n))^2",0.87
500,1000,2,"Clayton_Sine",2000,-1.5,"0.5(log(n))^2",0.96
501,1000,2,"Clayton_Sine",2000,-1.5,"0.5(log(n))^2",0.95
502,1000,2,"Clayton_Sine",2000,-1.5,"0.5(log(n))^2",0.7
503,1000,2,"Clayton_Sine",2000,-1.5,"0.5(log(n))^2",0.12
504,1000,2,"Clayton_Sine",2000,-1.5,"0.5(log(n))^2",0.64
505,1000,2,"Clayton_Sine",2000,-1.5,"0.5(log(n))^2",0.9
506,1000,2,"Clayton_Sine",2000,-1.5,"0.5(log(n))^2",0.72
507,1000,2,"Clayton_Sine",2000,-1.5,"0.5(log(n))^2",0.81
508,1000,2,"Clayton_Sine",2000,-1.5,"0.5(log(n))^2",0.48
509,1000,2,"Clayton_Sine",2000,-1.5,"0.5(log(n))^2",0.32
510,1000,2,"Clayton_Sine",2000,-1.5,"0.5(log(n))^2",0.49
511,1000,2,"Clayton_Sine",2000,-1.5,"0.5(log(n))^2",0.23
512,1000,2,"Clayton_Sine",2000,-1.5,"0.5(log(n))^2",0.12
513,1000,2,"Clayton_Sine",2000,-1.5,"0.5(log(n))^2",0.89
514,1000,2,"Clayton_Sine",2000,-1.5,"0.5(log(n))^2",0.88
515,1000,2,"Clayton_Sine",2000,-1.5,"0.5(log(n))^2",0.65
516,1000,2,"Clayton_Sine",2000,-1.5,"0.5(log(n))^2",0.66
517,1000,2,"Clayton_Sine",2000,-1.5,"0.5(log(n))^2",0.65
518,1000,2,"Clayton_Sine",2000,-1.5,"0.5(log(n))^2",0.21
519,1000,2,"Clayton_Sine",2000,-1.5,"0.5(log(n))^2",0.45
520,1000,2,"Clayton_Sine",2000,-1.5,"0.5(log(n))^2",0.66
521,1000,2,"Clayton_Sine",2000,-1.5,"0.5(log(n))^2",0.71
522,1000,2,"Clayton_Sine",2000,-1.5,"0.5(log(n))^2",0.88
523,1000,2,"Clayton_Sine",2000,-1.5,"0.5(log(n))^2",0.55
524,1000,2,"Clayton_Sine",2000,-1.5,"0.5(log(n))^2",0.88
525,1000,2,"Clayton_Sine",2000,-1.5,"0.5(log(n))^2",0.81
526,1000,2,"Clayton_Sine",2000,-1.5,"0.5(log(n))^2",0.57
527,1000,2,"Clayton_Sine",2000,-1.5,"0.5(log(n))^2",0.25
528,1000,2,"Clayton_Sine",2000,-1.5,"0.5(log(n))^2",0.45
529,1000,2,"Clayton_Sine",2000,-1.5,"0.5(log(n))^2",0.35
530,1000,2,"Clayton_Sine",2000,-1.5,"0.5(log(n))^2",0.2
531,1000,2,"Clayton_Sine",2000,-1.5,"0.5(log(n))^2",0.87
532,1000,2,"Clayton_Sine",2000,-1.5,"0.5(log(n))^2",0.13
533,1000,2,"Clayton_Sine",2000,-1.5,"0.5(log(n))^2",0.75
534,1000,2,"Clayton_Sine",2000,-1.5,"0.5(log(n))^2",0.97
535,1000,2,"Clayton_Sine",2000,-1.5,"0.5(log(n))^2",0.43
536,1000,2,"Clayton_Sine",2000,-1.5,"0.5(log(n))^2",0.56
537,1000,2,"Clayton_Sine",2000,-1.5,"0.5(log(n))^2",0.65
538,1000,2,"Clayton_Sine",2000,-1.5,"0.5(log(n))^2",0.81
539,1000,2,"Clayton_Sine",2000,-1.5,"0.5(log(n))^2",0.72
540,1000,2,"Clayton_Sine",2000,-1.5,"0.5(log(n))^2",0.23
541,1000,2,"Clayton_Sine",2000,-1.5,"0.5(log(n))^2",0.45
542,1000,2,"Clayton_Sine",2000,-1.5,"0.5(log(n))^2",0.54
543,1000,2,"Clayton_Sine",2000,-1.5,"0.5(log(n))^2",0.94
544,1000,2,"Clayton_Sine",2000,-1.5,"0.5(log(n))^2",0.7
545,1000,2,"Clayton_Sine",2000,-1.5,"0.5(log(n))^2",0.1
546,1000,2,"Clayton_Sine",2000,-1.5,"0.5(log(n))^2",0.46
547,1000,2,"Clayton_Sine",2000,-1.5,"0.5(log(n))^2",0.22
548,1000,2,"Clayton_Sine",2000,-1.5,"0.5(log(n))^2",0.4
549,1000,2,"Clayton_Sine",2000,-1.5,"0.5(log(n))^2",0.78
550,1000,2,"Clayton_Sine",2000,-1.5,"0.5(log(n))^2",0.97
551,1000,2,"Clayton_Sine",2000,-1.5,"0.5(log(n))^2",0.99
552,1000,2,"Clayton_Sine",2000,-1.5,"0.5(log(n))^2",0.49
553,1000,2,"Clayton_Sine",2000,-1.5,"0.5(log(n))^2",0.29
554,1000,2,"Clayton_Sine",2000,-1.5,"0.5(log(n))^2",0.99
555,1000,2,"Clayton_Sine",2000,-1.5,"0.5(log(n))^2",0.92
556,1000,2,"Clayton_Sine",2000,-1.5,"0.5(log(n))^2",0.21
557,1000,2,"Clayton_Sine",2000,-1.5,"0.5(log(n))^2",0.63
558,1000,2,"Clayton_Sine",2000,-1.5,"0.5(log(n))^2",0.59
559,1000,2,"Clayton_Sine",2000,-1.5,"0.5(log(n))^2",0.93
560,1000,2,"Clayton_Sine",2000,-1.5,"0.5(log(n))^2",0.78
561,1000,2,"Clayton_Sine",2000,-1.5,"0.5(log(n))^2",0.95
562,1000,2,"Clayton_Sine",2000,-1.5,"0.5(log(n))^2",0.78
563,1000,2,"Clayton_Sine",2000,-1.5,"0.5(log(n))^2",0.96
564,1000,2,"Clayton_Sine",2000,-1.5,"0.5(log(n))^2",0.25
565,1000,2,"Clayton_Sine",2000,-1.5,"0.5(log(n))^2",0.68
566,1000,2,"Clayton_Sine",2000,-1.5,"0.5(log(n))^2",0.5
567,1000,2,"Clayton_Sine",2000,-1.5,"0.5(log(n))^2",0.06
568,1000,2,"Clayton_Sine",2000,-1.5,"0.5(log(n))^2",0.9
569,1000,2,"Clayton_Sine",2000,-1.5,"0.5(log(n))^2",0.73
570,1000,2,"Clayton_Sine",2000,-1.5,"0.5(log(n))^2",0.09
571,1000,2,"Clayton_Sine",2000,-1.5,"0.5(log(n))^2",0.26
572,1000,2,"Clayton_Sine",2000,-1.5,"0.5(log(n))^2",0.28
573,1000,2,"Clayton_Sine",2000,-1.5,"0.5(log(n))^2",0.87
574,1000,2,"Clayton_Sine",2000,-1.5,"0.5(log(n))^2",0.51
575,1000,2,"Clayton_Sine",2000,-1.5,"0.5(log(n))^2",0.73
576,1000,2,"Clayton_Sine",2000,-1.5,"0.5(log(n))^2",0.66
577,1000,2,"Clayton_Sine",2000,-1.5,"0.5(log(n))^2",0.92
578,1000,2,"Clayton_Sine",2000,-1.5,"0.5(log(n))^2",0.64
579,1000,2,"Clayton_Sine",2000,-1.5,"0.5(log(n))^2",0.32
580,1000,2,"Clayton_Sine",2000,-1.5,"0.5(log(n))^2",0.79
581,1000,2,"Clayton_Sine",2000,-1.5,"0.5(log(n))^2",0.82
582,1000,2,"Clayton_Sine",2000,-1.5,"0.5(log(n))^2",0.96
583,1000,2,"Clayton_Sine",2000,-1.5,"0.5(log(n))^2",0.45
584,1000,2,"Clayton_Sine",2000,-1.5,"0.5(log(n))^2",0.89
585,1000,2,"Clayton_Sine",2000,-1.5,"0.5(log(n))^2",0.99
586,1000,2,"Clayton_Sine",2000,-1.5,"0.5(log(n))^2",0.4
587,1000,2,"Clayton_Sine",2000,-1.5,"0.5(log(n))^2",0.15
588,1000,2,"Clayton_Sine",2000,-1.5,"0.5(log(n))^2",0.84
589,1000,2,"Clayton_Sine",2000,-1.5,"0.5(log(n))^2",0.71
590,1000,2,"Clayton_Sine",2000,-1.5,"0.5(log(n))^2",0.53
591,1000,2,"Clayton_Sine",2000,-1.5,"0.5(log(n))^2",0.85
592,1000,2,"Clayton_Sine",2000,-1.5,"0.5(log(n))^2",0.63
593,1000,2,"Clayton_Sine",2000,-1.5,"0.5(log(n))^2",0.6
594,1000,2,"Clayton_Sine",2000,-1.5,"0.5(log(n))^2",0.15
595,1000,2,"Clayton_Sine",2000,-1.5,"0.5(log(n))^2",1
596,1000,2,"Clayton_Sine",2000,-1.5,"0.5(log(n))^2",0.66
597,1000,2,"Clayton_Sine",2000,-1.5,"0.5(log(n))^2",0.91
598,1000,2,"Clayton_Sine",2000,-1.5,"0.5(log(n))^2",0.28
599,1000,2,"Clayton_Sine",2000,-1.5,"0.5(log(n))^2",0.58
600,1000,2,"Clayton_Sine",2000,-1.5,"0.5(log(n))^2",0.25
601,1000,2,"Clayton_Sine",2000,-1.5,"0.5(log(n))^2",0.65
602,1000,2,"Clayton_Sine",2000,-1.5,"0.5(log(n))^2",0.91
603,1000,2,"Clayton_Sine",2000,-1.5,"0.5(log(n))^2",0.08
604,1000,2,"Clayton_Sine",2000,-1.5,"0.5(log(n))^2",0.13
605,1000,2,"Clayton_Sine",2000,-1.5,"0.5(log(n))^2",0.92
606,1000,2,"Clayton_Sine",2000,-1.5,"0.5(log(n))^2",0.23
607,1000,2,"Clayton_Sine",2000,-1.5,"0.5(log(n))^2",0.94
608,1000,2,"Clayton_Sine",2000,-1.5,"0.5(log(n))^2",0.3
609,1000,2,"Clayton_Sine",2000,-1.5,"0.5(log(n))^2",0.56
610,1000,2,"Clayton_Sine",2000,-1.5,"0.5(log(n))^2",0.6
611,1000,2,"Clayton_Sine",2000,-1.5,"0.5(log(n))^2",0.23
612,1000,2,"Clayton_Sine",2000,-1.5,"0.5(log(n))^2",0.83
613,1000,2,"Clayton_Sine",2000,-1.5,"0.5(log(n))^2",0.48
614,1000,2,"Clayton_Sine",2000,-1.5,"0.5(log(n))^2",0.72
615,1000,2,"Clayton_Sine",2000,-1.5,"0.5(log(n))^2",0.98
616,1000,2,"Clayton_Sine",2000,-1.5,"0.5(log(n))^2",0.8
617,1000,2,"Clayton_Sine",2000,-1.5,"0.5(log(n))^2",0.68
618,1000,2,"Clayton_Sine",2000,-1.5,"0.5(log(n))^2",0.8
619,1000,2,"Clayton_Sine",2000,-1.5,"0.5(log(n))^2",0.93
620,1000,2,"Clayton_Sine",2000,-1.5,"0.5(log(n))^2",0.51
621,1000,2,"Clayton_Sine",2000,-1.5,"0.5(log(n))^2",0.85
622,1000,2,"Clayton_Sine",2000,-1.5,"0.5(log(n))^2",1
623,1000,2,"Clayton_Sine",2000,-1.5,"0.5(log(n))^2",0.9
624,1000,2,"Clayton_Sine",2000,-1.5,"0.5(log(n))^2",0.59
625,1000,2,"Clayton_Sine",2000,-1.5,"0.5(log(n))^2",0.88
626,1000,2,"Clayton_Sine",2000,-1.5,"0.5(log(n))^2",0.59
627,1000,2,"Clayton_Sine",2000,-1.5,"0.5(log(n))^2",0.97
628,1000,2,"Clayton_Sine",2000,-1.5,"0.5(log(n))^2",0.76
629,1000,2,"Clayton_Sine",2000,-1.5,"0.5(log(n))^2",0.2
630,1000,2,"Clayton_Sine",2000,-1.5,"0.5(log(n))^2",0.73
631,1000,2,"Clayton_Sine",2000,-1.5,"0.5(log(n))^2",0.17
632,1000,2,"Clayton_Sine",2000,-1.5,"0.5(log(n))^2",0.41
633,1000,2,"Clayton_Sine",2000,-1.5,"0.5(log(n))^2",0.5
634,1000,2,"Clayton_Sine",2000,-1.5,"0.5(log(n))^2",0.77
635,1000,2,"Clayton_Sine",2000,-1.5,"0.5(log(n))^2",0.75
636,1000,2,"Clayton_Sine",2000,-1.5,"0.5(log(n))^2",0.17
637,1000,2,"Clayton_Sine",2000,-1.5,"0.5(log(n))^2",0.99
638,1000,2,"Clayton_Sine",2000,-1.5,"0.5(log(n))^2",0.97
639,1000,2,"Clayton_Sine",2000,-1.5,"0.5(log(n))^2",0.47
640,1000,2,"Clayton_Sine",2000,-1.5,"0.5(log(n))^2",0.37
641,1000,2,"Clayton_Sine",2000,-1.5,"0.5(log(n))^2",0.47
642,1000,2,"Clayton_Sine",2000,-1.5,"0.5(log(n))^2",0.41
643,1000,2,"Clayton_Sine",2000,-1.5,"0.5(log(n))^2",0.26
644,1000,2,"Clayton_Sine",2000,-1.5,"0.5(log(n))^2",0.2
645,1000,2,"Clayton_Sine",2000,-1.5,"0.5(log(n))^2",0.91
646,1000,2,"Clayton_Sine",2000,-1.5,"0.5(log(n))^2",0.83
647,1000,2,"Clayton_Sine",2000,-1.5,"0.5(log(n))^2",0.11
648,1000,2,"Clayton_Sine",2000,-1.5,"0.5(log(n))^2",0.07
649,1000,2,"Clayton_Sine",2000,-1.5,"0.5(log(n))^2",0.24
650,1000,2,"Clayton_Sine",2000,-1.5,"0.5(log(n))^2",0.52
651,1000,2,"Clayton_Sine",2000,-1.5,"0.5(log(n))^2",0.27
652,1000,2,"Clayton_Sine",2000,-1.5,"0.5(log(n))^2",0.9
653,1000,2,"Clayton_Sine",2000,-1.5,"0.5(log(n))^2",0.59
654,1000,2,"Clayton_Sine",2000,-1.5,"0.5(log(n))^2",0.35
655,1000,2,"Clayton_Sine",2000,-1.5,"0.5(log(n))^2",0.84
656,1000,2,"Clayton_Sine",2000,-1.5,"0.5(log(n))^2",0.86
657,1000,2,"Clayton_Sine",2000,-1.5,"0.5(log(n))^2",0.7
658,1000,2,"Clayton_Sine",2000,-1.5,"0.5(log(n))^2",0.62
659,1000,2,"Clayton_Sine",2000,-1.5,"0.5(log(n))^2",0.15
660,1000,2,"Clayton_Sine",2000,-1.5,"0.5(log(n))^2",0.37
661,1000,2,"Clayton_Sine",2000,-1.5,"0.5(log(n))^2",0.68
662,1000,2,"Clayton_Sine",2000,-1.5,"0.5(log(n))^2",0.29
663,1000,2,"Clayton_Sine",2000,-1.5,"0.5(log(n))^2",0.69
664,1000,2,"Clayton_Sine",2000,-1.5,"0.5(log(n))^2",0.28
665,1000,2,"Clayton_Sine",2000,-1.5,"0.5(log(n))^2",0.59
666,1000,2,"Clayton_Sine",2000,-1.5,"0.5(log(n))^2",0.86
667,1000,2,"Clayton_Sine",2000,-1.5,"0.5(log(n))^2",0.9
668,1000,2,"Clayton_Sine",2000,-1.5,"0.5(log(n))^2",0.65
669,1000,2,"Clayton_Sine",2000,-1.5,"0.5(log(n))^2",0.16
670,1000,2,"Clayton_Sine",2000,-1.5,"0.5(log(n))^2",0.22
671,1000,2,"Clayton_Sine",2000,-1.5,"0.5(log(n))^2",0.63
672,1000,2,"Clayton_Sine",2000,-1.5,"0.5(log(n))^2",0.41
673,1000,2,"Clayton_Sine",2000,-1.5,"0.5(log(n))^2",0.46
674,1000,2,"Clayton_Sine",2000,-1.5,"0.5(log(n))^2",0.99
675,1000,2,"Clayton_Sine",2000,-1.5,"0.5(log(n))^2",0.34
676,1000,2,"Clayton_Sine",2000,-1.5,"0.5(log(n))^2",0.17
677,1000,2,"Clayton_Sine",2000,-1.5,"0.5(log(n))^2",1
678,1000,2,"Clayton_Sine",2000,-1.5,"0.5(log(n))^2",0.86
679,1000,2,"Clayton_Sine",2000,-1.5,"0.5(log(n))^2",0.73
680,1000,2,"Clayton_Sine",2000,-1.5,"0.5(log(n))^2",0.54
681,1000,2,"Clayton_Sine",2000,-1.5,"0.5(log(n))^2",0.64
682,1000,2,"Clayton_Sine",2000,-1.5,"0.5(log(n))^2",0.34
683,1000,2,"Clayton_Sine",2000,-1.5,"0.5(log(n))^2",0.87
684,1000,2,"Clayton_Sine",2000,-1.5,"0.5(log(n))^2",0.7
685,1000,2,"Clayton_Sine",2000,-1.5,"0.5(log(n))^2",0.44
686,1000,2,"Clayton_Sine",2000,-1.5,"0.5(log(n))^2",0.82
687,1000,2,"Clayton_Sine",2000,-1.5,"0.5(log(n))^2",0.93
688,1000,2,"Clayton_Sine",2000,-1.5,"0.5(log(n))^2",0.2
689,1000,2,"Clayton_Sine",2000,-1.5,"0.5(log(n))^2",0.47
690,1000,2,"Clayton_Sine",2000,-1.5,"0.5(log(n))^2",0.96
691,1000,2,"Clayton_Sine",2000,-1.5,"0.5(log(n))^2",0.65
692,1000,2,"Clayton_Sine",2000,-1.5,"0.5(log(n))^2",0.94
693,1000,2,"Clayton_Sine",2000,-1.5,"0.5(log(n))^2",0.18
694,1000,2,"Clayton_Sine",2000,-1.5,"0.5(log(n))^2",0.06
695,1000,2,"Clayton_Sine",2000,-1.5,"0.5(log(n))^2",0.92
696,1000,2,"Clayton_Sine",2000,-1.5,"0.5(log(n))^2",0.47
697,1000,2,"Clayton_Sine",2000,-1.5,"0.5(log(n))^2",0.83
698,1000,2,"Clayton_Sine",2000,-1.5,"0.5(log(n))^2",0.46
699,1000,2,"Clayton_Sine",2000,-1.5,"0.5(log(n))^2",0.41
700,1000,2,"Clayton_Sine",2000,-1.5,"0.5(log(n))^2",0.98
701,1000,2,"Clayton_Sine",2000,-1.5,"0.5(log(n))^2",0.25
702,1000,2,"Clayton_Sine",2000,-1.5,"0.5(log(n))^2",0.31
703,1000,2,"Clayton_Sine",2000,-1.5,"0.5(log(n))^2",0.21
704,1000,2,"Clayton_Sine",2000,-1.5,"0.5(log(n))^2",0.94
705,1000,2,"Clayton_Sine",2000,-1.5,"0.5(log(n))^2",0.77
706,1000,2,"Clayton_Sine",2000,-1.5,"0.5(log(n))^2",0.57
707,1000,2,"Clayton_Sine",2000,-1.5,"0.5(log(n))^2",0.06
708,1000,2,"Clayton_Sine",2000,-1.5,"0.5(log(n))^2",0.87
709,1000,2,"Clayton_Sine",2000,-1.5,"0.5(log(n))^2",0.82
710,1000,2,"Clayton_Sine",2000,-1.5,"0.5(log(n))^2",0.52
711,1000,2,"Clayton_Sine",2000,-1.5,"0.5(log(n))^2",0.61
712,1000,2,"Clayton_Sine",2000,-1.5,"0.5(log(n))^2",0.58
713,1000,2,"Clayton_Sine",2000,-1.5,"0.5(log(n))^2",0.97
714,1000,2,"Clayton_Sine",2000,-1.5,"0.5(log(n))^2",0.39
715,1000,2,"Clayton_Sine",2000,-1.5,"0.5(log(n))^2",0.26
716,1000,2,"Clayton_Sine",2000,-1.5,"0.5(log(n))^2",0.11
717,1000,2,"Clayton_Sine",2000,-1.5,"0.5(log(n))^2",1
718,1000,2,"Clayton_Sine",2000,-1.5,"0.5(log(n))^2",0.98
719,1000,2,"Clayton_Sine",2000,-1.5,"0.5(log(n))^2",0.64
720,1000,2,"Clayton_Sine",2000,-1.5,"0.5(log(n))^2",0.78
721,1000,2,"Clayton_Sine",2000,-1.5,"0.5(log(n))^2",0.85
722,1000,2,"Clayton_Sine",2000,-1.5,"0.5(log(n))^2",0.76
723,1000,2,"Clayton_Sine",2000,-1.5,"0.5(log(n))^2",0.29
724,1000,2,"Clayton_Sine",2000,-1.5,"0.5(log(n))^2",0.15
725,1000,2,"Clayton_Sine",2000,-1.5,"0.5(log(n))^2",0.73
726,1000,2,"Clayton_Sine",2000,-1.5,"0.5(log(n))^2",0.65
727,1000,2,"Clayton_Sine",2000,-1.5,"0.5(log(n))^2",0.82
728,1000,2,"Clayton_Sine",2000,-1.5,"0.5(log(n))^2",0.92
729,1000,2,"Clayton_Sine",2000,-1.5,"0.5(log(n))^2",0.84
730,1000,2,"Clayton_Sine",2000,-1.5,"0.5(log(n))^2",0.97
731,1000,2,"Clayton_Sine",2000,-1.5,"0.5(log(n))^2",0.57
732,1000,2,"Clayton_Sine",2000,-1.5,"0.5(log(n))^2",0.54
733,1000,2,"Clayton_Sine",2000,-1.5,"0.5(log(n))^2",0.53
734,1000,2,"Clayton_Sine",2000,-1.5,"0.5(log(n))^2",0.97
735,1000,2,"Clayton_Sine",2000,-1.5,"0.5(log(n))^2",0.32
736,1000,2,"Clayton_Sine",2000,-1.5,"0.5(log(n))^2",0.46
737,1000,2,"Clayton_Sine",2000,-1.5,"0.5(log(n))^2",0.77
738,1000,2,"Clayton_Sine",2000,-1.5,"0.5(log(n))^2",0.77
739,1000,2,"Clayton_Sine",2000,-1.5,"0.5(log(n))^2",0.92
740,1000,2,"Clayton_Sine",2000,-1.5,"0.5(log(n))^2",0.96
741,1000,2,"Clayton_Sine",2000,-1.5,"0.5(log(n))^2",0.91
742,1000,2,"Clayton_Sine",2000,-1.5,"0.5(log(n))^2",0.56
743,1000,2,"Clayton_Sine",2000,-1.5,"0.5(log(n))^2",0.35
744,1000,2,"Clayton_Sine",2000,-1.5,"0.5(log(n))^2",0.63
745,1000,2,"Clayton_Sine",2000,-1.5,"0.5(log(n))^2",0.32
746,1000,2,"Clayton_Sine",2000,-1.5,"0.5(log(n))^2",0.54
747,1000,2,"Clayton_Sine",2000,-1.5,"0.5(log(n))^2",0.23
748,1000,2,"Clayton_Sine",2000,-1.5,"0.5(log(n))^2",0.61
749,1000,2,"Clayton_Sine",2000,-1.5,"0.5(log(n))^2",0.89
750,1000,2,"Clayton_Sine",2000,-1.5,"0.5(log(n))^2",0.93
751,1000,2,"Clayton_Sine",2000,-1.5,"0.5(log(n))^2",0.19
752,1000,2,"Clayton_Sine",2000,-1.5,"0.5(log(n))^2",0.86
753,1000,2,"Clayton_Sine",2000,-1.5,"0.5(log(n))^2",0.89
754,1000,2,"Clayton_Sine",2000,-1.5,"0.5(log(n))^2",0.66
755,1000,2,"Clayton_Sine",2000,-1.5,"0.5(log(n))^2",0.8
756,1000,2,"Clayton_Sine",2000,-1.5,"0.5(log(n))^2",0.7
757,1000,2,"Clayton_Sine",2000,-1.5,"0.5(log(n))^2",0.72
758,1000,2,"Clayton_Sine",2000,-1.5,"0.5(log(n))^2",0.25
759,1000,2,"Clayton_Sine",2000,-1.5,"0.5(log(n))^2",0.7
760,1000,2,"Clayton_Sine",2000,-1.5,"0.5(log(n))^2",0.93
761,1000,2,"Clayton_Sine",2000,-1.5,"0.5(log(n))^2",0.63
762,1000,2,"Clayton_Sine",2000,-1.5,"0.5(log(n))^2",0.75
763,1000,2,"Clayton_Sine",2000,-1.5,"0.5(log(n))^2",0.4
764,1000,2,"Clayton_Sine",2000,-1.5,"0.5(log(n))^2",0.44
765,1000,2,"Clayton_Sine",2000,-1.5,"0.5(log(n))^2",0.72
766,1000,2,"Clayton_Sine",2000,-1.5,"0.5(log(n))^2",1
767,1000,2,"Clayton_Sine",2000,-1.5,"0.5(log(n))^2",0.98
768,1000,2,"Clayton_Sine",2000,-1.5,"0.5(log(n))^2",0.32
769,1000,2,"Clayton_Sine",2000,-1.5,"0.5(log(n))^2",0.82
770,1000,2,"Clayton_Sine",2000,-1.5,"0.5(log(n))^2",0.59
771,1000,2,"Clayton_Sine",2000,-1.5,"0.5(log(n))^2",0.15
772,1000,2,"Clayton_Sine",2000,-1.5,"0.5(log(n))^2",0.37
773,1000,2,"Clayton_Sine",2000,-1.5,"0.5(log(n))^2",0.53
774,1000,2,"Clayton_Sine",2000,-1.5,"0.5(log(n))^2",0.28
775,1000,2,"Clayton_Sine",2000,-1.5,"0.5(log(n))^2",0.69
776,1000,2,"Clayton_Sine",2000,-1.5,"0.5(log(n))^2",0.72
777,1000,2,"Clayton_Sine",2000,-1.5,"0.5(log(n))^2",0.57
778,1000,2,"Clayton_Sine",2000,-1.5,"0.5(log(n))^2",0.99
779,1000,2,"Clayton_Sine",2000,-1.5,"0.5(log(n))^2",0.56
780,1000,2,"Clayton_Sine",2000,-1.5,"0.5(log(n))^2",0.18
781,1000,2,"Clayton_Sine",2000,-1.5,"0.5(log(n))^2",0.51
782,1000,2,"Clayton_Sine",2000,-1.5,"0.5(log(n))^2",0.28
783,1000,2,"Clayton_Sine",2000,-1.5,"0.5(log(n))^2",0.33
784,1000,2,"Clayton_Sine",2000,-1.5,"0.5(log(n))^2",0.97
785,1000,2,"Clayton_Sine",2000,-1.5,"0.5(log(n))^2",0.4
786,1000,2,"Clayton_Sine",2000,-1.5,"0.5(log(n))^2",1
787,1000,2,"Clayton_Sine",2000,-1.5,"0.5(log(n))^2",0.53
788,1000,2,"Clayton_Sine",2000,-1.5,"0.5(log(n))^2",0.64
789,1000,2,"Clayton_Sine",2000,-1.5,"0.5(log(n))^2",0.32
790,1000,2,"Clayton_Sine",2000,-1.5,"0.5(log(n))^2",0.4
791,1000,2,"Clayton_Sine",2000,-1.5,"0.5(log(n))^2",0.16
792,1000,2,"Clayton_Sine",2000,-1.5,"0.5(log(n))^2",0.61
793,1000,2,"Clayton_Sine",2000,-1.5,"0.5(log(n))^2",0.61
794,1000,2,"Clayton_Sine",2000,-1.5,"0.5(log(n))^2",0.57
795,1000,2,"Clayton_Sine",2000,-1.5,"0.5(log(n))^2",0.79
796,1000,2,"Clayton_Sine",2000,-1.5,"0.5(log(n))^2",0.82
797,1000,2,"Clayton_Sine",2000,-1.5,"0.5(log(n))^2",0.9
798,1000,2,"Clayton_Sine",2000,-1.5,"0.5(log(n))^2",0.77
799,1000,2,"Clayton_Sine",2000,-1.5,"0.5(log(n))^2",0.33
800,1000,2,"Clayton_Sine",2000,-1.5,"0.5(log(n))^2",0.74
801,1000,2,"Clayton_Sine",2000,-1.5,"0.5(log(n))^2",0.78
802,1000,2,"Clayton_Sine",2000,-1.5,"0.5(log(n))^2",0.75
803,1000,2,"Clayton_Sine",2000,-1.5,"0.5(log(n))^2",0.35
804,1000,2,"Clayton_Sine",2000,-1.5,"0.5(log(n))^2",0.77
805,1000,2,"Clayton_Sine",2000,-1.5,"0.5(log(n))^2",1
806,1000,2,"Clayton_Sine",2000,-1.5,"0.5(log(n))^2",0.41
807,1000,2,"Clayton_Sine",2000,-1.5,"0.5(log(n))^2",0.89
808,1000,2,"Clayton_Sine",2000,-1.5,"0.5(log(n))^2",0.22
809,1000,2,"Clayton_Sine",2000,-1.5,"0.5(log(n))^2",0.76
810,1000,2,"Clayton_Sine",2000,-1.5,"0.5(log(n))^2",0.81
811,1000,2,"Clayton_Sine",2000,-1.5,"0.5(log(n))^2",0.46
812,1000,2,"Clayton_Sine",2000,-1.5,"0.5(log(n))^2",0.87
813,1000,2,"Clayton_Sine",2000,-1.5,"0.5(log(n))^2",0.81
814,1000,2,"Clayton_Sine",2000,-1.5,"0.5(log(n))^2",0.32
815,1000,2,"Clayton_Sine",2000,-1.5,"0.5(log(n))^2",0.82
816,1000,2,"Clayton_Sine",2000,-1.5,"0.5(log(n))^2",0.8
817,1000,2,"Clayton_Sine",2000,-1.5,"0.5(log(n))^2",0.83
818,1000,2,"Clayton_Sine",2000,-1.5,"0.5(log(n))^2",0.72
819,1000,2,"Clayton_Sine",2000,-1.5,"0.5(log(n))^2",0.71
820,1000,2,"Clayton_Sine",2000,-1.5,"0.5(log(n))^2",0.38
821,1000,2,"Clayton_Sine",2000,-1.5,"0.5(log(n))^2",0.74
822,1000,2,"Clayton_Sine",2000,-1.5,"0.5(log(n))^2",0.43
823,1000,2,"Clayton_Sine",2000,-1.5,"0.5(log(n))^2",0.65
824,1000,2,"Clayton_Sine",2000,-1.5,"0.5(log(n))^2",0.16
825,1000,2,"Clayton_Sine",2000,-1.5,"0.5(log(n))^2",0.92
826,1000,2,"Clayton_Sine",2000,-1.5,"0.5(log(n))^2",0.56
827,1000,2,"Clayton_Sine",2000,-1.5,"0.5(log(n))^2",0.39
828,1000,2,"Clayton_Sine",2000,-1.5,"0.5(log(n))^2",0.59
829,1000,2,"Clayton_Sine",2000,-1.5,"0.5(log(n))^2",0.19
830,1000,2,"Clayton_Sine",2000,-1.5,"0.5(log(n))^2",0.64
831,1000,2,"Clayton_Sine",2000,-1.5,"0.5(log(n))^2",0.77
832,1000,2,"Clayton_Sine",2000,-1.5,"0.5(log(n))^2",0.67
833,1000,2,"Clayton_Sine",2000,-1.5,"0.5(log(n))^2",0.37
834,1000,2,"Clayton_Sine",2000,-1.5,"0.5(log(n))^2",0.63
835,1000,2,"Clayton_Sine",2000,-1.5,"0.5(log(n))^2",0.85
836,1000,2,"Clayton_Sine",2000,-1.5,"0.5(log(n))^2",0.37
837,1000,2,"Clayton_Sine",2000,-1.5,"0.5(log(n))^2",0.55
838,1000,2,"Clayton_Sine",2000,-1.5,"0.5(log(n))^2",0.38
839,1000,2,"Clayton_Sine",2000,-1.5,"0.5(log(n))^2",0.47
840,1000,2,"Clayton_Sine",2000,-1.5,"0.5(log(n))^2",0.62
841,1000,2,"Clayton_Sine",2000,-1.5,"0.5(log(n))^2",0.26
842,1000,2,"Clayton_Sine",2000,-1.5,"0.5(log(n))^2",0.98
843,1000,2,"Clayton_Sine",2000,-1.5,"0.5(log(n))^2",0.22
844,1000,2,"Clayton_Sine",2000,-1.5,"0.5(log(n))^2",0.73
845,1000,2,"Clayton_Sine",2000,-1.5,"0.5(log(n))^2",0.04
846,1000,2,"Clayton_Sine",2000,-1.5,"0.5(log(n))^2",0.31
847,1000,2,"Clayton_Sine",2000,-1.5,"0.5(log(n))^2",0.99
848,1000,2,"Clayton_Sine",2000,-1.5,"0.5(log(n))^2",0.54
849,1000,2,"Clayton_Sine",2000,-1.5,"0.5(log(n))^2",0.71
850,1000,2,"Clayton_Sine",2000,-1.5,"0.5(log(n))^2",0.82
851,1000,2,"Clayton_Sine",2000,-1.5,"0.5(log(n))^2",0.72
852,1000,2,"Clayton_Sine",2000,-1.5,"0.5(log(n))^2",0.6
853,1000,2,"Clayton_Sine",2000,-1.5,"0.5(log(n))^2",0.77
854,1000,2,"Clayton_Sine",2000,-1.5,"0.5(log(n))^2",0.54
855,1000,2,"Clayton_Sine",2000,-1.5,"0.5(log(n))^2",0.57
856,1000,2,"Clayton_Sine",2000,-1.5,"0.5(log(n))^2",0.52
857,1000,2,"Clayton_Sine",2000,-1.5,"0.5(log(n))^2",0.4
858,1000,2,"Clayton_Sine",2000,-1.5,"0.5(log(n))^2",0.41
859,1000,2,"Clayton_Sine",2000,-1.5,"0.5(log(n))^2",0.12
860,1000,2,"Clayton_Sine",2000,-1.5,"0.5(log(n))^2",0.53
861,1000,2,"Clayton_Sine",2000,-1.5,"0.5(log(n))^2",0.7
862,1000,2,"Clayton_Sine",2000,-1.5,"0.5(log(n))^2",0.77
863,1000,2,"Clayton_Sine",2000,-1.5,"0.5(log(n))^2",0.44
864,1000,2,"Clayton_Sine",2000,-1.5,"0.5(log(n))^2",0.33
865,1000,2,"Clayton_Sine",2000,-1.5,"0.5(log(n))^2",0.22
866,1000,2,"Clayton_Sine",2000,-1.5,"0.5(log(n))^2",0.29
867,1000,2,"Clayton_Sine",2000,-1.5,"0.5(log(n))^2",0.82
868,1000,2,"Clayton_Sine",2000,-1.5,"0.5(log(n))^2",0.95
869,1000,2,"Clayton_Sine",2000,-1.5,"0.5(log(n))^2",0.28
870,1000,2,"Clayton_Sine",2000,-1.5,"0.5(log(n))^2",0.82
871,1000,2,"Clayton_Sine",2000,-1.5,"0.5(log(n))^2",0.36
872,1000,2,"Clayton_Sine",2000,-1.5,"0.5(log(n))^2",0.84
873,1000,2,"Clayton_Sine",2000,-1.5,"0.5(log(n))^2",0.98
874,1000,2,"Clayton_Sine",2000,-1.5,"0.5(log(n))^2",0.49
875,1000,2,"Clayton_Sine",2000,-1.5,"0.5(log(n))^2",0.1
876,1000,2,"Clayton_Sine",2000,-1.5,"0.5(log(n))^2",0.3
877,1000,2,"Clayton_Sine",2000,-1.5,"0.5(log(n))^2",0.67
878,1000,2,"Clayton_Sine",2000,-1.5,"0.5(log(n))^2",0.73
879,1000,2,"Clayton_Sine",2000,-1.5,"0.5(log(n))^2",0.32
880,1000,2,"Clayton_Sine",2000,-1.5,"0.5(log(n))^2",0.08
881,1000,2,"Clayton_Sine",2000,-1.5,"0.5(log(n))^2",0.72
882,1000,2,"Clayton_Sine",2000,-1.5,"0.5(log(n))^2",0.7
883,1000,2,"Clayton_Sine",2000,-1.5,"0.5(log(n))^2",0.67
884,1000,2,"Clayton_Sine",2000,-1.5,"0.5(log(n))^2",0.29
885,1000,2,"Clayton_Sine",2000,-1.5,"0.5(log(n))^2",0.39
886,1000,2,"Clayton_Sine",2000,-1.5,"0.5(log(n))^2",1
887,1000,2,"Clayton_Sine",2000,-1.5,"0.5(log(n))^2",0.1
888,1000,2,"Clayton_Sine",2000,-1.5,"0.5(log(n))^2",0.99
889,1000,2,"Clayton_Sine",2000,-1.5,"0.5(log(n))^2",0.83
890,1000,2,"Clayton_Sine",2000,-1.5,"0.5(log(n))^2",0.39
891,1000,2,"Clayton_Sine",2000,-1.5,"0.5(log(n))^2",0.53
892,1000,2,"Clayton_Sine",2000,-1.5,"0.5(log(n))^2",0.81
893,1000,2,"Clayton_Sine",2000,-1.5,"0.5(log(n))^2",0.13
894,1000,2,"Clayton_Sine",2000,-1.5,"0.5(log(n))^2",0.38
895,1000,2,"Clayton_Sine",2000,-1.5,"0.5(log(n))^2",0.26
896,1000,2,"Clayton_Sine",2000,-1.5,"0.5(log(n))^2",0.97
897,1000,2,"Clayton_Sine",2000,-1.5,"0.5(log(n))^2",0.24
898,1000,2,"Clayton_Sine",2000,-1.5,"0.5(log(n))^2",0.7
899,1000,2,"Clayton_Sine",2000,-1.5,"0.5(log(n))^2",0.54
900,1000,2,"Clayton_Sine",2000,-1.5,"0.5(log(n))^2",0.91
901,1000,2,"Clayton_Sine",2000,-1.5,"0.5(log(n))^2",0.04
902,1000,2,"Clayton_Sine",2000,-1.5,"0.5(log(n))^2",0.97
903,1000,2,"Clayton_Sine",2000,-1.5,"0.5(log(n))^2",0.25
904,1000,2,"Clayton_Sine",2000,-1.5,"0.5(log(n))^2",0.4
905,1000,2,"Clayton_Sine",2000,-1.5,"0.5(log(n))^2",0.57
906,1000,2,"Clayton_Sine",2000,-1.5,"0.5(log(n))^2",0.3
907,1000,2,"Clayton_Sine",2000,-1.5,"0.5(log(n))^2",0.17
908,1000,2,"Clayton_Sine",2000,-1.5,"0.5(log(n))^2",0.95
909,1000,2,"Clayton_Sine",2000,-1.5,"0.5(log(n))^2",0.77
910,1000,2,"Clayton_Sine",2000,-1.5,"0.5(log(n))^2",0.49
911,1000,2,"Clayton_Sine",2000,-1.5,"0.5(log(n))^2",0.29
912,1000,2,"Clayton_Sine",2000,-1.5,"0.5(log(n))^2",0.18
913,1000,2,"Clayton_Sine",2000,-1.5,"0.5(log(n))^2",0.93
914,1000,2,"Clayton_Sine",2000,-1.5,"0.5(log(n))^2",0.72
915,1000,2,"Clayton_Sine",2000,-1.5,"0.5(log(n))^2",0.25
916,1000,2,"Clayton_Sine",2000,-1.5,"0.5(log(n))^2",0.87
917,1000,2,"Clayton_Sine",2000,-1.5,"0.5(log(n))^2",0.14
918,1000,2,"Clayton_Sine",2000,-1.5,"0.5(log(n))^2",0.84
919,1000,2,"Clayton_Sine",2000,-1.5,"0.5(log(n))^2",0.53
920,1000,2,"Clayton_Sine",2000,-1.5,"0.5(log(n))^2",0.33
921,1000,2,"Clayton_Sine",2000,-1.5,"0.5(log(n))^2",0.61
922,1000,2,"Clayton_Sine",2000,-1.5,"0.5(log(n))^2",0.98
923,1000,2,"Clayton_Sine",2000,-1.5,"0.5(log(n))^2",0.39
924,1000,2,"Clayton_Sine",2000,-1.5,"0.5(log(n))^2",0.69
925,1000,2,"Clayton_Sine",2000,-1.5,"0.5(log(n))^2",0.51
926,1000,2,"Clayton_Sine",2000,-1.5,"0.5(log(n))^2",0.43
927,1000,2,"Clayton_Sine",2000,-1.5,"0.5(log(n))^2",0.35
928,1000,2,"Clayton_Sine",2000,-1.5,"0.5(log(n))^2",0.97
929,1000,2,"Clayton_Sine",2000,-1.5,"0.5(log(n))^2",0.17
930,1000,2,"Clayton_Sine",2000,-1.5,"0.5(log(n))^2",0.75
931,1000,2,"Clayton_Sine",2000,-1.5,"0.5(log(n))^2",0.54
932,1000,2,"Clayton_Sine",2000,-1.5,"0.5(log(n))^2",0.39
933,1000,2,"Clayton_Sine",2000,-1.5,"0.5(log(n))^2",0.78
934,1000,2,"Clayton_Sine",2000,-1.5,"0.5(log(n))^2",0.36
935,1000,2,"Clayton_Sine",2000,-1.5,"0.5(log(n))^2",0.6
936,1000,2,"Clayton_Sine",2000,-1.5,"0.5(log(n))^2",0.92
937,1000,2,"Clayton_Sine",2000,-1.5,"0.5(log(n))^2",1
938,1000,2,"Clayton_Sine",2000,-1.5,"0.5(log(n))^2",0.45
939,1000,2,"Clayton_Sine",2000,-1.5,"0.5(log(n))^2",0.37
940,1000,2,"Clayton_Sine",2000,-1.5,"0.5(log(n))^2",0.23
941,1000,2,"Clayton_Sine",2000,-1.5,"0.5(log(n))^2",0.52
942,1000,2,"Clayton_Sine",2000,-1.5,"0.5(log(n))^2",0.59
943,1000,2,"Clayton_Sine",2000,-1.5,"0.5(log(n))^2",1
944,1000,2,"Clayton_Sine",2000,-1.5,"0.5(log(n))^2",0.39
945,1000,2,"Clayton_Sine",2000,-1.5,"0.5(log(n))^2",0.92
946,1000,2,"Clayton_Sine",2000,-1.5,"0.5(log(n))^2",0.5
947,1000,2,"Clayton_Sine",2000,-1.5,"0.5(log(n))^2",0.94
948,1000,2,"Clayton_Sine",2000,-1.5,"0.5(log(n))^2",0.61
949,1000,2,"Clayton_Sine",2000,-1.5,"0.5(log(n))^2",0.92
950,1000,2,"Clayton_Sine",2000,-1.5,"0.5(log(n))^2",0.4
951,1000,2,"Clayton_Sine",2000,-1.5,"0.5(log(n))^2",0.88
952,1000,2,"Clayton_Sine",2000,-1.5,"0.5(log(n))^2",0.27
953,1000,2,"Clayton_Sine",2000,-1.5,"0.5(log(n))^2",0.86
954,1000,2,"Clayton_Sine",2000,-1.5,"0.5(log(n))^2",0.04
955,1000,2,"Clayton_Sine",2000,-1.5,"0.5(log(n))^2",0.5
956,1000,2,"Clayton_Sine",2000,-1.5,"0.5(log(n))^2",0.94
957,1000,2,"Clayton_Sine",2000,-1.5,"0.5(log(n))^2",1
958,1000,2,"Clayton_Sine",2000,-1.5,"0.5(log(n))^2",0.17
959,1000,2,"Clayton_Sine",2000,-1.5,"0.5(log(n))^2",0.66
960,1000,2,"Clayton_Sine",2000,-1.5,"0.5(log(n))^2",0.27
961,1000,2,"Clayton_Sine",2000,-1.5,"0.5(log(n))^2",0.57
962,1000,2,"Clayton_Sine",2000,-1.5,"0.5(log(n))^2",0.1
963,1000,2,"Clayton_Sine",2000,-1.5,"0.5(log(n))^2",0.85
964,1000,2,"Clayton_Sine",2000,-1.5,"0.5(log(n))^2",1
965,1000,2,"Clayton_Sine",2000,-1.5,"0.5(log(n))^2",0.55
966,1000,2,"Clayton_Sine",2000,-1.5,"0.5(log(n))^2",0.2
967,1000,2,"Clayton_Sine",2000,-1.5,"0.5(log(n))^2",0.82
968,1000,2,"Clayton_Sine",2000,-1.5,"0.5(log(n))^2",0.31
969,1000,2,"Clayton_Sine",2000,-1.5,"0.5(log(n))^2",0.09
970,1000,2,"Clayton_Sine",2000,-1.5,"0.5(log(n))^2",0.6
971,1000,2,"Clayton_Sine",2000,-1.5,"0.5(log(n))^2",0.53
972,1000,2,"Clayton_Sine",2000,-1.5,"0.5(log(n))^2",0.7
973,1000,2,"Clayton_Sine",2000,-1.5,"0.5(log(n))^2",0.28
974,1000,2,"Clayton_Sine",2000,-1.5,"0.5(log(n))^2",0.27
975,1000,2,"Clayton_Sine",2000,-1.5,"0.5(log(n))^2",0.95
976,1000,2,"Clayton_Sine",2000,-1.5,"0.5(log(n))^2",0.78
977,1000,2,"Clayton_Sine",2000,-1.5,"0.5(log(n))^2",0.46
978,1000,2,"Clayton_Sine",2000,-1.5,"0.5(log(n))^2",0.45
979,1000,2,"Clayton_Sine",2000,-1.5,"0.5(log(n))^2",0.64
980,1000,2,"Clayton_Sine",2000,-1.5,"0.5(log(n))^2",0.98
981,1000,2,"Clayton_Sine",2000,-1.5,"0.5(log(n))^2",0.57
982,1000,2,"Clayton_Sine",2000,-1.5,"0.5(log(n))^2",0.83
983,1000,2,"Clayton_Sine",2000,-1.5,"0.5(log(n))^2",0.98
984,1000,2,"Clayton_Sine",2000,-1.5,"0.5(log(n))^2",0.14
985,1000,2,"Clayton_Sine",2000,-1.5,"0.5(log(n))^2",0.25
986,1000,2,"Clayton_Sine",2000,-1.5,"0.5(log(n))^2",0.91
987,1000,2,"Clayton_Sine",2000,-1.5,"0.5(log(n))^2",0.17
988,1000,2,"Clayton_Sine",2000,-1.5,"0.5(log(n))^2",0.88
989,1000,2,"Clayton_Sine",2000,-1.5,"0.5(log(n))^2",0.73
990,1000,2,"Clayton_Sine",2000,-1.5,"0.5(log(n))^2",0.91
991,1000,2,"Clayton_Sine",2000,-1.5,"0.5(log(n))^2",0.58
992,1000,2,"Clayton_Sine",2000,-1.5,"0.5(log(n))^2",0.64
993,1000,2,"Clayton_Sine",2000,-1.5,"0.5(log(n))^2",0.16
994,1000,2,"Clayton_Sine",2000,-1.5,"0.5(log(n))^2",0.33
995,1000,2,"Clayton_Sine",2000,-1.5,"0.5(log(n))^2",0.82
996,1000,2,"Clayton_Sine",2000,-1.5,"0.5(log(n))^2",0.88
997,1000,2,"Clayton_Sine",2000,-1.5,"0.5(log(n))^2",0.46
998,1000,2,"Clayton_Sine",2000,-1.5,"0.5(log(n))^2",0.17
999,1000,2,"Clayton_Sine",2000,-1.5,"0.5(log(n))^2",0.61
1000,1000,2,"Clayton_Sine",2000,-1.5,"0.5(log(n))^2",0.4
1,1000,2,"Clayton_Sine",2000,-1.5,"0.25(log(n))^2",0.46
2,1000,2,"Clayton_Sine",2000,-1.5,"0.25(log(n))^2",0.36
3,1000,2,"Clayton_Sine",2000,-1.5,"0.25(log(n))^2",0.61
4,1000,2,"Clayton_Sine",2000,-1.5,"0.25(log(n))^2",0.57
5,1000,2,"Clayton_Sine",2000,-1.5,"0.25(log(n))^2",0.3
6,1000,2,"Clayton_Sine",2000,-1.5,"0.25(log(n))^2",0.41
7,1000,2,"Clayton_Sine",2000,-1.5,"0.25(log(n))^2",0.2
8,1000,2,"Clayton_Sine",2000,-1.5,"0.25(log(n))^2",0.57
9,1000,2,"Clayton_Sine",2000,-1.5,"0.25(log(n))^2",0.93
10,1000,2,"Clayton_Sine",2000,-1.5,"0.25(log(n))^2",0.17
11,1000,2,"Clayton_Sine",2000,-1.5,"0.25(log(n))^2",0.54
12,1000,2,"Clayton_Sine",2000,-1.5,"0.25(log(n))^2",0.18
13,1000,2,"Clayton_Sine",2000,-1.5,"0.25(log(n))^2",0.05
14,1000,2,"Clayton_Sine",2000,-1.5,"0.25(log(n))^2",0.78
15,1000,2,"Clayton_Sine",2000,-1.5,"0.25(log(n))^2",0.18
16,1000,2,"Clayton_Sine",2000,-1.5,"0.25(log(n))^2",0.97
17,1000,2,"Clayton_Sine",2000,-1.5,"0.25(log(n))^2",0.66
18,1000,2,"Clayton_Sine",2000,-1.5,"0.25(log(n))^2",0.77
19,1000,2,"Clayton_Sine",2000,-1.5,"0.25(log(n))^2",1
20,1000,2,"Clayton_Sine",2000,-1.5,"0.25(log(n))^2",0.37
21,1000,2,"Clayton_Sine",2000,-1.5,"0.25(log(n))^2",0.29
22,1000,2,"Clayton_Sine",2000,-1.5,"0.25(log(n))^2",0.53
23,1000,2,"Clayton_Sine",2000,-1.5,"0.25(log(n))^2",0.94
24,1000,2,"Clayton_Sine",2000,-1.5,"0.25(log(n))^2",0.41
25,1000,2,"Clayton_Sine",2000,-1.5,"0.25(log(n))^2",0.76
26,1000,2,"Clayton_Sine",2000,-1.5,"0.25(log(n))^2",0.66
27,1000,2,"Clayton_Sine",2000,-1.5,"0.25(log(n))^2",0.67
28,1000,2,"Clayton_Sine",2000,-1.5,"0.25(log(n))^2",0.35
29,1000,2,"Clayton_Sine",2000,-1.5,"0.25(log(n))^2",0.43
30,1000,2,"Clayton_Sine",2000,-1.5,"0.25(log(n))^2",0.37
31,1000,2,"Clayton_Sine",2000,-1.5,"0.25(log(n))^2",0.87
32,1000,2,"Clayton_Sine",2000,-1.5,"0.25(log(n))^2",0.24
33,1000,2,"Clayton_Sine",2000,-1.5,"0.25(log(n))^2",0.16
34,1000,2,"Clayton_Sine",2000,-1.5,"0.25(log(n))^2",0.72
35,1000,2,"Clayton_Sine",2000,-1.5,"0.25(log(n))^2",0.49
36,1000,2,"Clayton_Sine",2000,-1.5,"0.25(log(n))^2",0.77
37,1000,2,"Clayton_Sine",2000,-1.5,"0.25(log(n))^2",0.21
38,1000,2,"Clayton_Sine",2000,-1.5,"0.25(log(n))^2",0.88
39,1000,2,"Clayton_Sine",2000,-1.5,"0.25(log(n))^2",0.35
40,1000,2,"Clayton_Sine",2000,-1.5,"0.25(log(n))^2",0.93
41,1000,2,"Clayton_Sine",2000,-1.5,"0.25(log(n))^2",0.81
42,1000,2,"Clayton_Sine",2000,-1.5,"0.25(log(n))^2",0.9
43,1000,2,"Clayton_Sine",2000,-1.5,"0.25(log(n))^2",0.67
44,1000,2,"Clayton_Sine",2000,-1.5,"0.25(log(n))^2",0.75
45,1000,2,"Clayton_Sine",2000,-1.5,"0.25(log(n))^2",0.16
46,1000,2,"Clayton_Sine",2000,-1.5,"0.25(log(n))^2",0.69
47,1000,2,"Clayton_Sine",2000,-1.5,"0.25(log(n))^2",0.81
48,1000,2,"Clayton_Sine",2000,-1.5,"0.25(log(n))^2",0.33
49,1000,2,"Clayton_Sine",2000,-1.5,"0.25(log(n))^2",0.97
50,1000,2,"Clayton_Sine",2000,-1.5,"0.25(log(n))^2",0.69
51,1000,2,"Clayton_Sine",2000,-1.5,"0.25(log(n))^2",0.78
52,1000,2,"Clayton_Sine",2000,-1.5,"0.25(log(n))^2",0.43
53,1000,2,"Clayton_Sine",2000,-1.5,"0.25(log(n))^2",0.92
54,1000,2,"Clayton_Sine",2000,-1.5,"0.25(log(n))^2",0.23
55,1000,2,"Clayton_Sine",2000,-1.5,"0.25(log(n))^2",0.78
56,1000,2,"Clayton_Sine",2000,-1.5,"0.25(log(n))^2",0.43
57,1000,2,"Clayton_Sine",2000,-1.5,"0.25(log(n))^2",0.26
58,1000,2,"Clayton_Sine",2000,-1.5,"0.25(log(n))^2",0.61
59,1000,2,"Clayton_Sine",2000,-1.5,"0.25(log(n))^2",0.05
60,1000,2,"Clayton_Sine",2000,-1.5,"0.25(log(n))^2",0.47
61,1000,2,"Clayton_Sine",2000,-1.5,"0.25(log(n))^2",0.6
62,1000,2,"Clayton_Sine",2000,-1.5,"0.25(log(n))^2",0.89
63,1000,2,"Clayton_Sine",2000,-1.5,"0.25(log(n))^2",0.43
64,1000,2,"Clayton_Sine",2000,-1.5,"0.25(log(n))^2",0.23
65,1000,2,"Clayton_Sine",2000,-1.5,"0.25(log(n))^2",0.62
66,1000,2,"Clayton_Sine",2000,-1.5,"0.25(log(n))^2",0.2
67,1000,2,"Clayton_Sine",2000,-1.5,"0.25(log(n))^2",0.54
68,1000,2,"Clayton_Sine",2000,-1.5,"0.25(log(n))^2",0.3
69,1000,2,"Clayton_Sine",2000,-1.5,"0.25(log(n))^2",0.72
70,1000,2,"Clayton_Sine",2000,-1.5,"0.25(log(n))^2",0.89
71,1000,2,"Clayton_Sine",2000,-1.5,"0.25(log(n))^2",0.64
72,1000,2,"Clayton_Sine",2000,-1.5,"0.25(log(n))^2",0.71
73,1000,2,"Clayton_Sine",2000,-1.5,"0.25(log(n))^2",0.74
74,1000,2,"Clayton_Sine",2000,-1.5,"0.25(log(n))^2",0.33
75,1000,2,"Clayton_Sine",2000,-1.5,"0.25(log(n))^2",0.66
76,1000,2,"Clayton_Sine",2000,-1.5,"0.25(log(n))^2",0.28
77,1000,2,"Clayton_Sine",2000,-1.5,"0.25(log(n))^2",0.2
78,1000,2,"Clayton_Sine",2000,-1.5,"0.25(log(n))^2",0.26
79,1000,2,"Clayton_Sine",2000,-1.5,"0.25(log(n))^2",0.75
80,1000,2,"Clayton_Sine",2000,-1.5,"0.25(log(n))^2",0.57
81,1000,2,"Clayton_Sine",2000,-1.5,"0.25(log(n))^2",0.13
82,1000,2,"Clayton_Sine",2000,-1.5,"0.25(log(n))^2",0.01
83,1000,2,"Clayton_Sine",2000,-1.5,"0.25(log(n))^2",0.71
84,1000,2,"Clayton_Sine",2000,-1.5,"0.25(log(n))^2",0.23
85,1000,2,"Clayton_Sine",2000,-1.5,"0.25(log(n))^2",0.79
86,1000,2,"Clayton_Sine",2000,-1.5,"0.25(log(n))^2",0.96
87,1000,2,"Clayton_Sine",2000,-1.5,"0.25(log(n))^2",0.46
88,1000,2,"Clayton_Sine",2000,-1.5,"0.25(log(n))^2",0.45
89,1000,2,"Clayton_Sine",2000,-1.5,"0.25(log(n))^2",0.68
90,1000,2,"Clayton_Sine",2000,-1.5,"0.25(log(n))^2",0.9
91,1000,2,"Clayton_Sine",2000,-1.5,"0.25(log(n))^2",0.4
92,1000,2,"Clayton_Sine",2000,-1.5,"0.25(log(n))^2",0.16
93,1000,2,"Clayton_Sine",2000,-1.5,"0.25(log(n))^2",0.26
94,1000,2,"Clayton_Sine",2000,-1.5,"0.25(log(n))^2",0.41
95,1000,2,"Clayton_Sine",2000,-1.5,"0.25(log(n))^2",0.43
96,1000,2,"Clayton_Sine",2000,-1.5,"0.25(log(n))^2",0.38
97,1000,2,"Clayton_Sine",2000,-1.5,"0.25(log(n))^2",0.28
98,1000,2,"Clayton_Sine",2000,-1.5,"0.25(log(n))^2",0.93
99,1000,2,"Clayton_Sine",2000,-1.5,"0.25(log(n))^2",0.98
100,1000,2,"Clayton_Sine",2000,-1.5,"0.25(log(n))^2",0.53
101,1000,2,"Clayton_Sine",2000,-1.5,"0.25(log(n))^2",0.13
102,1000,2,"Clayton_Sine",2000,-1.5,"0.25(log(n))^2",0.42
103,1000,2,"Clayton_Sine",2000,-1.5,"0.25(log(n))^2",0.28
104,1000,2,"Clayton_Sine",2000,-1.5,"0.25(log(n))^2",0.43
105,1000,2,"Clayton_Sine",2000,-1.5,"0.25(log(n))^2",0.99
106,1000,2,"Clayton_Sine",2000,-1.5,"0.25(log(n))^2",0.65
107,1000,2,"Clayton_Sine",2000,-1.5,"0.25(log(n))^2",0.16
108,1000,2,"Clayton_Sine",2000,-1.5,"0.25(log(n))^2",0.06
109,1000,2,"Clayton_Sine",2000,-1.5,"0.25(log(n))^2",0.48
110,1000,2,"Clayton_Sine",2000,-1.5,"0.25(log(n))^2",0.72
111,1000,2,"Clayton_Sine",2000,-1.5,"0.25(log(n))^2",0.38
112,1000,2,"Clayton_Sine",2000,-1.5,"0.25(log(n))^2",0.11
113,1000,2,"Clayton_Sine",2000,-1.5,"0.25(log(n))^2",0.47
114,1000,2,"Clayton_Sine",2000,-1.5,"0.25(log(n))^2",0.75
115,1000,2,"Clayton_Sine",2000,-1.5,"0.25(log(n))^2",0.18
116,1000,2,"Clayton_Sine",2000,-1.5,"0.25(log(n))^2",0.8
117,1000,2,"Clayton_Sine",2000,-1.5,"0.25(log(n))^2",0.31
118,1000,2,"Clayton_Sine",2000,-1.5,"0.25(log(n))^2",0.74
119,1000,2,"Clayton_Sine",2000,-1.5,"0.25(log(n))^2",0.34
120,1000,2,"Clayton_Sine",2000,-1.5,"0.25(log(n))^2",0.98
121,1000,2,"Clayton_Sine",2000,-1.5,"0.25(log(n))^2",0.95
122,1000,2,"Clayton_Sine",2000,-1.5,"0.25(log(n))^2",0.59
123,1000,2,"Clayton_Sine",2000,-1.5,"0.25(log(n))^2",0.31
124,1000,2,"Clayton_Sine",2000,-1.5,"0.25(log(n))^2",0.49
125,1000,2,"Clayton_Sine",2000,-1.5,"0.25(log(n))^2",0.7
126,1000,2,"Clayton_Sine",2000,-1.5,"0.25(log(n))^2",0.72
127,1000,2,"Clayton_Sine",2000,-1.5,"0.25(log(n))^2",0.52
128,1000,2,"Clayton_Sine",2000,-1.5,"0.25(log(n))^2",0.08
129,1000,2,"Clayton_Sine",2000,-1.5,"0.25(log(n))^2",0.2
130,1000,2,"Clayton_Sine",2000,-1.5,"0.25(log(n))^2",0.89
131,1000,2,"Clayton_Sine",2000,-1.5,"0.25(log(n))^2",0.96
132,1000,2,"Clayton_Sine",2000,-1.5,"0.25(log(n))^2",0.47
133,1000,2,"Clayton_Sine",2000,-1.5,"0.25(log(n))^2",0.97
134,1000,2,"Clayton_Sine",2000,-1.5,"0.25(log(n))^2",0.89
135,1000,2,"Clayton_Sine",2000,-1.5,"0.25(log(n))^2",0.62
136,1000,2,"Clayton_Sine",2000,-1.5,"0.25(log(n))^2",0.1
137,1000,2,"Clayton_Sine",2000,-1.5,"0.25(log(n))^2",0.37
138,1000,2,"Clayton_Sine",2000,-1.5,"0.25(log(n))^2",0.8
139,1000,2,"Clayton_Sine",2000,-1.5,"0.25(log(n))^2",0.49
140,1000,2,"Clayton_Sine",2000,-1.5,"0.25(log(n))^2",0.64
141,1000,2,"Clayton_Sine",2000,-1.5,"0.25(log(n))^2",0.79
142,1000,2,"Clayton_Sine",2000,-1.5,"0.25(log(n))^2",0.13
143,1000,2,"Clayton_Sine",2000,-1.5,"0.25(log(n))^2",0.97
144,1000,2,"Clayton_Sine",2000,-1.5,"0.25(log(n))^2",0.24
145,1000,2,"Clayton_Sine",2000,-1.5,"0.25(log(n))^2",0.88
146,1000,2,"Clayton_Sine",2000,-1.5,"0.25(log(n))^2",0.88
147,1000,2,"Clayton_Sine",2000,-1.5,"0.25(log(n))^2",0.47
148,1000,2,"Clayton_Sine",2000,-1.5,"0.25(log(n))^2",0.92
149,1000,2,"Clayton_Sine",2000,-1.5,"0.25(log(n))^2",0.84
150,1000,2,"Clayton_Sine",2000,-1.5,"0.25(log(n))^2",0.16
151,1000,2,"Clayton_Sine",2000,-1.5,"0.25(log(n))^2",0.81
152,1000,2,"Clayton_Sine",2000,-1.5,"0.25(log(n))^2",0.55
153,1000,2,"Clayton_Sine",2000,-1.5,"0.25(log(n))^2",0.45
154,1000,2,"Clayton_Sine",2000,-1.5,"0.25(log(n))^2",0.52
155,1000,2,"Clayton_Sine",2000,-1.5,"0.25(log(n))^2",0.08
156,1000,2,"Clayton_Sine",2000,-1.5,"0.25(log(n))^2",0.31
157,1000,2,"Clayton_Sine",2000,-1.5,"0.25(log(n))^2",0.15
158,1000,2,"Clayton_Sine",2000,-1.5,"0.25(log(n))^2",0.17
159,1000,2,"Clayton_Sine",2000,-1.5,"0.25(log(n))^2",0.71
160,1000,2,"Clayton_Sine",2000,-1.5,"0.25(log(n))^2",0.65
161,1000,2,"Clayton_Sine",2000,-1.5,"0.25(log(n))^2",0.41
162,1000,2,"Clayton_Sine",2000,-1.5,"0.25(log(n))^2",0.82
163,1000,2,"Clayton_Sine",2000,-1.5,"0.25(log(n))^2",0.62
164,1000,2,"Clayton_Sine",2000,-1.5,"0.25(log(n))^2",0.5
165,1000,2,"Clayton_Sine",2000,-1.5,"0.25(log(n))^2",0.41
166,1000,2,"Clayton_Sine",2000,-1.5,"0.25(log(n))^2",0.47
167,1000,2,"Clayton_Sine",2000,-1.5,"0.25(log(n))^2",0.57
168,1000,2,"Clayton_Sine",2000,-1.5,"0.25(log(n))^2",0.41
169,1000,2,"Clayton_Sine",2000,-1.5,"0.25(log(n))^2",0.24
170,1000,2,"Clayton_Sine",2000,-1.5,"0.25(log(n))^2",0.93
171,1000,2,"Clayton_Sine",2000,-1.5,"0.25(log(n))^2",0.37
172,1000,2,"Clayton_Sine",2000,-1.5,"0.25(log(n))^2",0.23
173,1000,2,"Clayton_Sine",2000,-1.5,"0.25(log(n))^2",0.86
174,1000,2,"Clayton_Sine",2000,-1.5,"0.25(log(n))^2",0.2
175,1000,2,"Clayton_Sine",2000,-1.5,"0.25(log(n))^2",0.91
176,1000,2,"Clayton_Sine",2000,-1.5,"0.25(log(n))^2",0.58
177,1000,2,"Clayton_Sine",2000,-1.5,"0.25(log(n))^2",0.6
178,1000,2,"Clayton_Sine",2000,-1.5,"0.25(log(n))^2",0.19
179,1000,2,"Clayton_Sine",2000,-1.5,"0.25(log(n))^2",0.27
180,1000,2,"Clayton_Sine",2000,-1.5,"0.25(log(n))^2",0.27
181,1000,2,"Clayton_Sine",2000,-1.5,"0.25(log(n))^2",0.01
182,1000,2,"Clayton_Sine",2000,-1.5,"0.25(log(n))^2",1
183,1000,2,"Clayton_Sine",2000,-1.5,"0.25(log(n))^2",0.5
184,1000,2,"Clayton_Sine",2000,-1.5,"0.25(log(n))^2",0.21
185,1000,2,"Clayton_Sine",2000,-1.5,"0.25(log(n))^2",0.08
186,1000,2,"Clayton_Sine",2000,-1.5,"0.25(log(n))^2",0.65
187,1000,2,"Clayton_Sine",2000,-1.5,"0.25(log(n))^2",0.43
188,1000,2,"Clayton_Sine",2000,-1.5,"0.25(log(n))^2",0.46
189,1000,2,"Clayton_Sine",2000,-1.5,"0.25(log(n))^2",0.37
190,1000,2,"Clayton_Sine",2000,-1.5,"0.25(log(n))^2",0.77
191,1000,2,"Clayton_Sine",2000,-1.5,"0.25(log(n))^2",0.69
192,1000,2,"Clayton_Sine",2000,-1.5,"0.25(log(n))^2",0.63
193,1000,2,"Clayton_Sine",2000,-1.5,"0.25(log(n))^2",0.66
194,1000,2,"Clayton_Sine",2000,-1.5,"0.25(log(n))^2",0.63
195,1000,2,"Clayton_Sine",2000,-1.5,"0.25(log(n))^2",0.46
196,1000,2,"Clayton_Sine",2000,-1.5,"0.25(log(n))^2",0.84
197,1000,2,"Clayton_Sine",2000,-1.5,"0.25(log(n))^2",0.68
198,1000,2,"Clayton_Sine",2000,-1.5,"0.25(log(n))^2",0.6
199,1000,2,"Clayton_Sine",2000,-1.5,"0.25(log(n))^2",0.77
200,1000,2,"Clayton_Sine",2000,-1.5,"0.25(log(n))^2",0.37
201,1000,2,"Clayton_Sine",2000,-1.5,"0.25(log(n))^2",0.69
202,1000,2,"Clayton_Sine",2000,-1.5,"0.25(log(n))^2",0.48
203,1000,2,"Clayton_Sine",2000,-1.5,"0.25(log(n))^2",0.6
204,1000,2,"Clayton_Sine",2000,-1.5,"0.25(log(n))^2",0.61
205,1000,2,"Clayton_Sine",2000,-1.5,"0.25(log(n))^2",0.02
206,1000,2,"Clayton_Sine",2000,-1.5,"0.25(log(n))^2",0.33
207,1000,2,"Clayton_Sine",2000,-1.5,"0.25(log(n))^2",0.27
208,1000,2,"Clayton_Sine",2000,-1.5,"0.25(log(n))^2",0.5
209,1000,2,"Clayton_Sine",2000,-1.5,"0.25(log(n))^2",0.76
210,1000,2,"Clayton_Sine",2000,-1.5,"0.25(log(n))^2",0.54
211,1000,2,"Clayton_Sine",2000,-1.5,"0.25(log(n))^2",0.54
212,1000,2,"Clayton_Sine",2000,-1.5,"0.25(log(n))^2",0.79
213,1000,2,"Clayton_Sine",2000,-1.5,"0.25(log(n))^2",0.59
214,1000,2,"Clayton_Sine",2000,-1.5,"0.25(log(n))^2",0.45
215,1000,2,"Clayton_Sine",2000,-1.5,"0.25(log(n))^2",0.07
216,1000,2,"Clayton_Sine",2000,-1.5,"0.25(log(n))^2",0.25
217,1000,2,"Clayton_Sine",2000,-1.5,"0.25(log(n))^2",0.61
218,1000,2,"Clayton_Sine",2000,-1.5,"0.25(log(n))^2",0.48
219,1000,2,"Clayton_Sine",2000,-1.5,"0.25(log(n))^2",0.85
220,1000,2,"Clayton_Sine",2000,-1.5,"0.25(log(n))^2",0.79
221,1000,2,"Clayton_Sine",2000,-1.5,"0.25(log(n))^2",0.73
222,1000,2,"Clayton_Sine",2000,-1.5,"0.25(log(n))^2",0.72
223,1000,2,"Clayton_Sine",2000,-1.5,"0.25(log(n))^2",0.56
224,1000,2,"Clayton_Sine",2000,-1.5,"0.25(log(n))^2",0.01
225,1000,2,"Clayton_Sine",2000,-1.5,"0.25(log(n))^2",0.3
226,1000,2,"Clayton_Sine",2000,-1.5,"0.25(log(n))^2",0.3
227,1000,2,"Clayton_Sine",2000,-1.5,"0.25(log(n))^2",0.65
228,1000,2,"Clayton_Sine",2000,-1.5,"0.25(log(n))^2",0.89
229,1000,2,"Clayton_Sine",2000,-1.5,"0.25(log(n))^2",0.39
230,1000,2,"Clayton_Sine",2000,-1.5,"0.25(log(n))^2",0.86
231,1000,2,"Clayton_Sine",2000,-1.5,"0.25(log(n))^2",0.3
232,1000,2,"Clayton_Sine",2000,-1.5,"0.25(log(n))^2",0.84
233,1000,2,"Clayton_Sine",2000,-1.5,"0.25(log(n))^2",0.39
234,1000,2,"Clayton_Sine",2000,-1.5,"0.25(log(n))^2",0.88
235,1000,2,"Clayton_Sine",2000,-1.5,"0.25(log(n))^2",0.97
236,1000,2,"Clayton_Sine",2000,-1.5,"0.25(log(n))^2",0.87
237,1000,2,"Clayton_Sine",2000,-1.5,"0.25(log(n))^2",0.77
238,1000,2,"Clayton_Sine",2000,-1.5,"0.25(log(n))^2",0.26
239,1000,2,"Clayton_Sine",2000,-1.5,"0.25(log(n))^2",0.7
240,1000,2,"Clayton_Sine",2000,-1.5,"0.25(log(n))^2",0.2
241,1000,2,"Clayton_Sine",2000,-1.5,"0.25(log(n))^2",0.45
242,1000,2,"Clayton_Sine",2000,-1.5,"0.25(log(n))^2",0.86
243,1000,2,"Clayton_Sine",2000,-1.5,"0.25(log(n))^2",0.83
244,1000,2,"Clayton_Sine",2000,-1.5,"0.25(log(n))^2",0.72
245,1000,2,"Clayton_Sine",2000,-1.5,"0.25(log(n))^2",0.2
246,1000,2,"Clayton_Sine",2000,-1.5,"0.25(log(n))^2",0.36
247,1000,2,"Clayton_Sine",2000,-1.5,"0.25(log(n))^2",0.2
248,1000,2,"Clayton_Sine",2000,-1.5,"0.25(log(n))^2",0.45
249,1000,2,"Clayton_Sine",2000,-1.5,"0.25(log(n))^2",0.84
250,1000,2,"Clayton_Sine",2000,-1.5,"0.25(log(n))^2",0.61
251,1000,2,"Clayton_Sine",2000,-1.5,"0.25(log(n))^2",0.68
252,1000,2,"Clayton_Sine",2000,-1.5,"0.25(log(n))^2",0.82
253,1000,2,"Clayton_Sine",2000,-1.5,"0.25(log(n))^2",0.53
254,1000,2,"Clayton_Sine",2000,-1.5,"0.25(log(n))^2",0.75
255,1000,2,"Clayton_Sine",2000,-1.5,"0.25(log(n))^2",0.77
256,1000,2,"Clayton_Sine",2000,-1.5,"0.25(log(n))^2",0.56
257,1000,2,"Clayton_Sine",2000,-1.5,"0.25(log(n))^2",0.36
258,1000,2,"Clayton_Sine",2000,-1.5,"0.25(log(n))^2",0.53
259,1000,2,"Clayton_Sine",2000,-1.5,"0.25(log(n))^2",0.42
260,1000,2,"Clayton_Sine",2000,-1.5,"0.25(log(n))^2",0.8
261,1000,2,"Clayton_Sine",2000,-1.5,"0.25(log(n))^2",0.7
262,1000,2,"Clayton_Sine",2000,-1.5,"0.25(log(n))^2",0.82
263,1000,2,"Clayton_Sine",2000,-1.5,"0.25(log(n))^2",0.79
264,1000,2,"Clayton_Sine",2000,-1.5,"0.25(log(n))^2",0.6
265,1000,2,"Clayton_Sine",2000,-1.5,"0.25(log(n))^2",0.15
266,1000,2,"Clayton_Sine",2000,-1.5,"0.25(log(n))^2",0.44
267,1000,2,"Clayton_Sine",2000,-1.5,"0.25(log(n))^2",0.18
268,1000,2,"Clayton_Sine",2000,-1.5,"0.25(log(n))^2",0.09
269,1000,2,"Clayton_Sine",2000,-1.5,"0.25(log(n))^2",0
270,1000,2,"Clayton_Sine",2000,-1.5,"0.25(log(n))^2",0.31
271,1000,2,"Clayton_Sine",2000,-1.5,"0.25(log(n))^2",0.66
272,1000,2,"Clayton_Sine",2000,-1.5,"0.25(log(n))^2",0.57
273,1000,2,"Clayton_Sine",2000,-1.5,"0.25(log(n))^2",0.42
274,1000,2,"Clayton_Sine",2000,-1.5,"0.25(log(n))^2",0.53
275,1000,2,"Clayton_Sine",2000,-1.5,"0.25(log(n))^2",0.84
276,1000,2,"Clayton_Sine",2000,-1.5,"0.25(log(n))^2",0.3
277,1000,2,"Clayton_Sine",2000,-1.5,"0.25(log(n))^2",0.2
278,1000,2,"Clayton_Sine",2000,-1.5,"0.25(log(n))^2",0.38
279,1000,2,"Clayton_Sine",2000,-1.5,"0.25(log(n))^2",0.65
280,1000,2,"Clayton_Sine",2000,-1.5,"0.25(log(n))^2",0.95
281,1000,2,"Clayton_Sine",2000,-1.5,"0.25(log(n))^2",0.57
282,1000,2,"Clayton_Sine",2000,-1.5,"0.25(log(n))^2",0.47
283,1000,2,"Clayton_Sine",2000,-1.5,"0.25(log(n))^2",0.46
284,1000,2,"Clayton_Sine",2000,-1.5,"0.25(log(n))^2",0.8
285,1000,2,"Clayton_Sine",2000,-1.5,"0.25(log(n))^2",0.68
286,1000,2,"Clayton_Sine",2000,-1.5,"0.25(log(n))^2",0.91
287,1000,2,"Clayton_Sine",2000,-1.5,"0.25(log(n))^2",0.64
288,1000,2,"Clayton_Sine",2000,-1.5,"0.25(log(n))^2",0.69
289,1000,2,"Clayton_Sine",2000,-1.5,"0.25(log(n))^2",0.78
290,1000,2,"Clayton_Sine",2000,-1.5,"0.25(log(n))^2",0.71
291,1000,2,"Clayton_Sine",2000,-1.5,"0.25(log(n))^2",0.38
292,1000,2,"Clayton_Sine",2000,-1.5,"0.25(log(n))^2",0.78
293,1000,2,"Clayton_Sine",2000,-1.5,"0.25(log(n))^2",0.07
294,1000,2,"Clayton_Sine",2000,-1.5,"0.25(log(n))^2",0.33
295,1000,2,"Clayton_Sine",2000,-1.5,"0.25(log(n))^2",0.06
296,1000,2,"Clayton_Sine",2000,-1.5,"0.25(log(n))^2",0.68
297,1000,2,"Clayton_Sine",2000,-1.5,"0.25(log(n))^2",0.65
298,1000,2,"Clayton_Sine",2000,-1.5,"0.25(log(n))^2",0.08
299,1000,2,"Clayton_Sine",2000,-1.5,"0.25(log(n))^2",0.76
300,1000,2,"Clayton_Sine",2000,-1.5,"0.25(log(n))^2",0.16
301,1000,2,"Clayton_Sine",2000,-1.5,"0.25(log(n))^2",0.44
302,1000,2,"Clayton_Sine",2000,-1.5,"0.25(log(n))^2",0.26
303,1000,2,"Clayton_Sine",2000,-1.5,"0.25(log(n))^2",0.31
304,1000,2,"Clayton_Sine",2000,-1.5,"0.25(log(n))^2",0.57
305,1000,2,"Clayton_Sine",2000,-1.5,"0.25(log(n))^2",0.44
306,1000,2,"Clayton_Sine",2000,-1.5,"0.25(log(n))^2",0.6
307,1000,2,"Clayton_Sine",2000,-1.5,"0.25(log(n))^2",0.4
308,1000,2,"Clayton_Sine",2000,-1.5,"0.25(log(n))^2",0.69
309,1000,2,"Clayton_Sine",2000,-1.5,"0.25(log(n))^2",0.58
310,1000,2,"Clayton_Sine",2000,-1.5,"0.25(log(n))^2",0.33
311,1000,2,"Clayton_Sine",2000,-1.5,"0.25(log(n))^2",0.53
312,1000,2,"Clayton_Sine",2000,-1.5,"0.25(log(n))^2",0.16
313,1000,2,"Clayton_Sine",2000,-1.5,"0.25(log(n))^2",0.43
314,1000,2,"Clayton_Sine",2000,-1.5,"0.25(log(n))^2",0.62
315,1000,2,"Clayton_Sine",2000,-1.5,"0.25(log(n))^2",0.22
316,1000,2,"Clayton_Sine",2000,-1.5,"0.25(log(n))^2",0.55
317,1000,2,"Clayton_Sine",2000,-1.5,"0.25(log(n))^2",0.5
318,1000,2,"Clayton_Sine",2000,-1.5,"0.25(log(n))^2",0.35
319,1000,2,"Clayton_Sine",2000,-1.5,"0.25(log(n))^2",0.26
320,1000,2,"Clayton_Sine",2000,-1.5,"0.25(log(n))^2",0.4
321,1000,2,"Clayton_Sine",2000,-1.5,"0.25(log(n))^2",0.3
322,1000,2,"Clayton_Sine",2000,-1.5,"0.25(log(n))^2",0.19
323,1000,2,"Clayton_Sine",2000,-1.5,"0.25(log(n))^2",0.45
324,1000,2,"Clayton_Sine",2000,-1.5,"0.25(log(n))^2",0.73
325,1000,2,"Clayton_Sine",2000,-1.5,"0.25(log(n))^2",0.7
326,1000,2,"Clayton_Sine",2000,-1.5,"0.25(log(n))^2",0.54
327,1000,2,"Clayton_Sine",2000,-1.5,"0.25(log(n))^2",0.8
328,1000,2,"Clayton_Sine",2000,-1.5,"0.25(log(n))^2",0.09
329,1000,2,"Clayton_Sine",2000,-1.5,"0.25(log(n))^2",0.52
330,1000,2,"Clayton_Sine",2000,-1.5,"0.25(log(n))^2",0.36
331,1000,2,"Clayton_Sine",2000,-1.5,"0.25(log(n))^2",1
332,1000,2,"Clayton_Sine",2000,-1.5,"0.25(log(n))^2",0.73
333,1000,2,"Clayton_Sine",2000,-1.5,"0.25(log(n))^2",0.47
334,1000,2,"Clayton_Sine",2000,-1.5,"0.25(log(n))^2",0.94
335,1000,2,"Clayton_Sine",2000,-1.5,"0.25(log(n))^2",0.08
336,1000,2,"Clayton_Sine",2000,-1.5,"0.25(log(n))^2",0.8
337,1000,2,"Clayton_Sine",2000,-1.5,"0.25(log(n))^2",0.29
338,1000,2,"Clayton_Sine",2000,-1.5,"0.25(log(n))^2",0.83
339,1000,2,"Clayton_Sine",2000,-1.5,"0.25(log(n))^2",0.58
340,1000,2,"Clayton_Sine",2000,-1.5,"0.25(log(n))^2",0.34
341,1000,2,"Clayton_Sine",2000,-1.5,"0.25(log(n))^2",0.65
342,1000,2,"Clayton_Sine",2000,-1.5,"0.25(log(n))^2",0.21
343,1000,2,"Clayton_Sine",2000,-1.5,"0.25(log(n))^2",0.64
344,1000,2,"Clayton_Sine",2000,-1.5,"0.25(log(n))^2",0.46
345,1000,2,"Clayton_Sine",2000,-1.5,"0.25(log(n))^2",0.39
346,1000,2,"Clayton_Sine",2000,-1.5,"0.25(log(n))^2",0.44
347,1000,2,"Clayton_Sine",2000,-1.5,"0.25(log(n))^2",0.69
348,1000,2,"Clayton_Sine",2000,-1.5,"0.25(log(n))^2",0.92
349,1000,2,"Clayton_Sine",2000,-1.5,"0.25(log(n))^2",0.97
350,1000,2,"Clayton_Sine",2000,-1.5,"0.25(log(n))^2",0.17
351,1000,2,"Clayton_Sine",2000,-1.5,"0.25(log(n))^2",0.46
352,1000,2,"Clayton_Sine",2000,-1.5,"0.25(log(n))^2",0.23
353,1000,2,"Clayton_Sine",2000,-1.5,"0.25(log(n))^2",0.93
354,1000,2,"Clayton_Sine",2000,-1.5,"0.25(log(n))^2",0.54
355,1000,2,"Clayton_Sine",2000,-1.5,"0.25(log(n))^2",0.79
356,1000,2,"Clayton_Sine",2000,-1.5,"0.25(log(n))^2",0.87
357,1000,2,"Clayton_Sine",2000,-1.5,"0.25(log(n))^2",0.79
358,1000,2,"Clayton_Sine",2000,-1.5,"0.25(log(n))^2",0.68
359,1000,2,"Clayton_Sine",2000,-1.5,"0.25(log(n))^2",1
360,1000,2,"Clayton_Sine",2000,-1.5,"0.25(log(n))^2",0.77
361,1000,2,"Clayton_Sine",2000,-1.5,"0.25(log(n))^2",0.49
362,1000,2,"Clayton_Sine",2000,-1.5,"0.25(log(n))^2",0.87
363,1000,2,"Clayton_Sine",2000,-1.5,"0.25(log(n))^2",0.46
364,1000,2,"Clayton_Sine",2000,-1.5,"0.25(log(n))^2",0.72
365,1000,2,"Clayton_Sine",2000,-1.5,"0.25(log(n))^2",0.53
366,1000,2,"Clayton_Sine",2000,-1.5,"0.25(log(n))^2",0.62
367,1000,2,"Clayton_Sine",2000,-1.5,"0.25(log(n))^2",0.27
368,1000,2,"Clayton_Sine",2000,-1.5,"0.25(log(n))^2",0.85
369,1000,2,"Clayton_Sine",2000,-1.5,"0.25(log(n))^2",0.94
370,1000,2,"Clayton_Sine",2000,-1.5,"0.25(log(n))^2",0.61
371,1000,2,"Clayton_Sine",2000,-1.5,"0.25(log(n))^2",1
372,1000,2,"Clayton_Sine",2000,-1.5,"0.25(log(n))^2",0.52
373,1000,2,"Clayton_Sine",2000,-1.5,"0.25(log(n))^2",0.01
374,1000,2,"Clayton_Sine",2000,-1.5,"0.25(log(n))^2",0.37
375,1000,2,"Clayton_Sine",2000,-1.5,"0.25(log(n))^2",0.37
376,1000,2,"Clayton_Sine",2000,-1.5,"0.25(log(n))^2",0.53
377,1000,2,"Clayton_Sine",2000,-1.5,"0.25(log(n))^2",0.93
378,1000,2,"Clayton_Sine",2000,-1.5,"0.25(log(n))^2",0.38
379,1000,2,"Clayton_Sine",2000,-1.5,"0.25(log(n))^2",0.14
380,1000,2,"Clayton_Sine",2000,-1.5,"0.25(log(n))^2",0.78
381,1000,2,"Clayton_Sine",2000,-1.5,"0.25(log(n))^2",0.45
382,1000,2,"Clayton_Sine",2000,-1.5,"0.25(log(n))^2",0.03
383,1000,2,"Clayton_Sine",2000,-1.5,"0.25(log(n))^2",0.33
384,1000,2,"Clayton_Sine",2000,-1.5,"0.25(log(n))^2",0.52
385,1000,2,"Clayton_Sine",2000,-1.5,"0.25(log(n))^2",0.32
386,1000,2,"Clayton_Sine",2000,-1.5,"0.25(log(n))^2",0.71
387,1000,2,"Clayton_Sine",2000,-1.5,"0.25(log(n))^2",0.98
388,1000,2,"Clayton_Sine",2000,-1.5,"0.25(log(n))^2",0.19
389,1000,2,"Clayton_Sine",2000,-1.5,"0.25(log(n))^2",0.46
390,1000,2,"Clayton_Sine",2000,-1.5,"0.25(log(n))^2",0.18
391,1000,2,"Clayton_Sine",2000,-1.5,"0.25(log(n))^2",0.5
392,1000,2,"Clayton_Sine",2000,-1.5,"0.25(log(n))^2",0.07
393,1000,2,"Clayton_Sine",2000,-1.5,"0.25(log(n))^2",0.8
394,1000,2,"Clayton_Sine",2000,-1.5,"0.25(log(n))^2",0.8
395,1000,2,"Clayton_Sine",2000,-1.5,"0.25(log(n))^2",0.73
396,1000,2,"Clayton_Sine",2000,-1.5,"0.25(log(n))^2",0.63
397,1000,2,"Clayton_Sine",2000,-1.5,"0.25(log(n))^2",0.91
398,1000,2,"Clayton_Sine",2000,-1.5,"0.25(log(n))^2",0.86
399,1000,2,"Clayton_Sine",2000,-1.5,"0.25(log(n))^2",0.47
400,1000,2,"Clayton_Sine",2000,-1.5,"0.25(log(n))^2",0.26
401,1000,2,"Clayton_Sine",2000,-1.5,"0.25(log(n))^2",0.54
402,1000,2,"Clayton_Sine",2000,-1.5,"0.25(log(n))^2",0.52
403,1000,2,"Clayton_Sine",2000,-1.5,"0.25(log(n))^2",0.68
404,1000,2,"Clayton_Sine",2000,-1.5,"0.25(log(n))^2",0.64
405,1000,2,"Clayton_Sine",2000,-1.5,"0.25(log(n))^2",1
406,1000,2,"Clayton_Sine",2000,-1.5,"0.25(log(n))^2",0.85
407,1000,2,"Clayton_Sine",2000,-1.5,"0.25(log(n))^2",0.81
408,1000,2,"Clayton_Sine",2000,-1.5,"0.25(log(n))^2",0.81
409,1000,2,"Clayton_Sine",2000,-1.5,"0.25(log(n))^2",0.41
410,1000,2,"Clayton_Sine",2000,-1.5,"0.25(log(n))^2",0.14
411,1000,2,"Clayton_Sine",2000,-1.5,"0.25(log(n))^2",0.94
412,1000,2,"Clayton_Sine",2000,-1.5,"0.25(log(n))^2",0.27
413,1000,2,"Clayton_Sine",2000,-1.5,"0.25(log(n))^2",0.65
414,1000,2,"Clayton_Sine",2000,-1.5,"0.25(log(n))^2",0.57
415,1000,2,"Clayton_Sine",2000,-1.5,"0.25(log(n))^2",0.92
416,1000,2,"Clayton_Sine",2000,-1.5,"0.25(log(n))^2",0.59
417,1000,2,"Clayton_Sine",2000,-1.5,"0.25(log(n))^2",0.52
418,1000,2,"Clayton_Sine",2000,-1.5,"0.25(log(n))^2",0.67
419,1000,2,"Clayton_Sine",2000,-1.5,"0.25(log(n))^2",0.73
420,1000,2,"Clayton_Sine",2000,-1.5,"0.25(log(n))^2",0.37
421,1000,2,"Clayton_Sine",2000,-1.5,"0.25(log(n))^2",0.1
422,1000,2,"Clayton_Sine",2000,-1.5,"0.25(log(n))^2",0.62
423,1000,2,"Clayton_Sine",2000,-1.5,"0.25(log(n))^2",0.95
424,1000,2,"Clayton_Sine",2000,-1.5,"0.25(log(n))^2",0.78
425,1000,2,"Clayton_Sine",2000,-1.5,"0.25(log(n))^2",0.45
426,1000,2,"Clayton_Sine",2000,-1.5,"0.25(log(n))^2",0.6
427,1000,2,"Clayton_Sine",2000,-1.5,"0.25(log(n))^2",0.51
428,1000,2,"Clayton_Sine",2000,-1.5,"0.25(log(n))^2",0.8
429,1000,2,"Clayton_Sine",2000,-1.5,"0.25(log(n))^2",0.11
430,1000,2,"Clayton_Sine",2000,-1.5,"0.25(log(n))^2",0.37
431,1000,2,"Clayton_Sine",2000,-1.5,"0.25(log(n))^2",0.83
432,1000,2,"Clayton_Sine",2000,-1.5,"0.25(log(n))^2",0.54
433,1000,2,"Clayton_Sine",2000,-1.5,"0.25(log(n))^2",0.58
434,1000,2,"Clayton_Sine",2000,-1.5,"0.25(log(n))^2",0.8
435,1000,2,"Clayton_Sine",2000,-1.5,"0.25(log(n))^2",0.2
436,1000,2,"Clayton_Sine",2000,-1.5,"0.25(log(n))^2",0.41
437,1000,2,"Clayton_Sine",2000,-1.5,"0.25(log(n))^2",0.82
438,1000,2,"Clayton_Sine",2000,-1.5,"0.25(log(n))^2",0.11
439,1000,2,"Clayton_Sine",2000,-1.5,"0.25(log(n))^2",0.9
440,1000,2,"Clayton_Sine",2000,-1.5,"0.25(log(n))^2",0.94
441,1000,2,"Clayton_Sine",2000,-1.5,"0.25(log(n))^2",0.26
442,1000,2,"Clayton_Sine",2000,-1.5,"0.25(log(n))^2",0.09
443,1000,2,"Clayton_Sine",2000,-1.5,"0.25(log(n))^2",0.34
444,1000,2,"Clayton_Sine",2000,-1.5,"0.25(log(n))^2",0.94
445,1000,2,"Clayton_Sine",2000,-1.5,"0.25(log(n))^2",0.24
446,1000,2,"Clayton_Sine",2000,-1.5,"0.25(log(n))^2",0.16
447,1000,2,"Clayton_Sine",2000,-1.5,"0.25(log(n))^2",0.3
448,1000,2,"Clayton_Sine",2000,-1.5,"0.25(log(n))^2",0.86
449,1000,2,"Clayton_Sine",2000,-1.5,"0.25(log(n))^2",0.28
450,1000,2,"Clayton_Sine",2000,-1.5,"0.25(log(n))^2",0.8
451,1000,2,"Clayton_Sine",2000,-1.5,"0.25(log(n))^2",0.33
452,1000,2,"Clayton_Sine",2000,-1.5,"0.25(log(n))^2",0.03
453,1000,2,"Clayton_Sine",2000,-1.5,"0.25(log(n))^2",0.32
454,1000,2,"Clayton_Sine",2000,-1.5,"0.25(log(n))^2",0.92
455,1000,2,"Clayton_Sine",2000,-1.5,"0.25(log(n))^2",0.04
456,1000,2,"Clayton_Sine",2000,-1.5,"0.25(log(n))^2",0.08
457,1000,2,"Clayton_Sine",2000,-1.5,"0.25(log(n))^2",0.72
458,1000,2,"Clayton_Sine",2000,-1.5,"0.25(log(n))^2",0.77
459,1000,2,"Clayton_Sine",2000,-1.5,"0.25(log(n))^2",0.17
460,1000,2,"Clayton_Sine",2000,-1.5,"0.25(log(n))^2",0.66
461,1000,2,"Clayton_Sine",2000,-1.5,"0.25(log(n))^2",0.52
462,1000,2,"Clayton_Sine",2000,-1.5,"0.25(log(n))^2",0.26
463,1000,2,"Clayton_Sine",2000,-1.5,"0.25(log(n))^2",0.36
464,1000,2,"Clayton_Sine",2000,-1.5,"0.25(log(n))^2",0.51
465,1000,2,"Clayton_Sine",2000,-1.5,"0.25(log(n))^2",0.35
466,1000,2,"Clayton_Sine",2000,-1.5,"0.25(log(n))^2",0.79
467,1000,2,"Clayton_Sine",2000,-1.5,"0.25(log(n))^2",0.22
468,1000,2,"Clayton_Sine",2000,-1.5,"0.25(log(n))^2",0.86
469,1000,2,"Clayton_Sine",2000,-1.5,"0.25(log(n))^2",0.95
470,1000,2,"Clayton_Sine",2000,-1.5,"0.25(log(n))^2",0.27
471,1000,2,"Clayton_Sine",2000,-1.5,"0.25(log(n))^2",0.68
472,1000,2,"Clayton_Sine",2000,-1.5,"0.25(log(n))^2",0.82
473,1000,2,"Clayton_Sine",2000,-1.5,"0.25(log(n))^2",0.98
474,1000,2,"Clayton_Sine",2000,-1.5,"0.25(log(n))^2",0.49
475,1000,2,"Clayton_Sine",2000,-1.5,"0.25(log(n))^2",0.15
476,1000,2,"Clayton_Sine",2000,-1.5,"0.25(log(n))^2",0.57
477,1000,2,"Clayton_Sine",2000,-1.5,"0.25(log(n))^2",0.43
478,1000,2,"Clayton_Sine",2000,-1.5,"0.25(log(n))^2",0.46
479,1000,2,"Clayton_Sine",2000,-1.5,"0.25(log(n))^2",0.46
480,1000,2,"Clayton_Sine",2000,-1.5,"0.25(log(n))^2",0.92
481,1000,2,"Clayton_Sine",2000,-1.5,"0.25(log(n))^2",0.82
482,1000,2,"Clayton_Sine",2000,-1.5,"0.25(log(n))^2",0.73
483,1000,2,"Clayton_Sine",2000,-1.5,"0.25(log(n))^2",0.34
484,1000,2,"Clayton_Sine",2000,-1.5,"0.25(log(n))^2",0.52
485,1000,2,"Clayton_Sine",2000,-1.5,"0.25(log(n))^2",0.94
486,1000,2,"Clayton_Sine",2000,-1.5,"0.25(log(n))^2",0.14
487,1000,2,"Clayton_Sine",2000,-1.5,"0.25(log(n))^2",0.4
488,1000,2,"Clayton_Sine",2000,-1.5,"0.25(log(n))^2",0.59
489,1000,2,"Clayton_Sine",2000,-1.5,"0.25(log(n))^2",0.72
490,1000,2,"Clayton_Sine",2000,-1.5,"0.25(log(n))^2",0.81
491,1000,2,"Clayton_Sine",2000,-1.5,"0.25(log(n))^2",0.57
492,1000,2,"Clayton_Sine",2000,-1.5,"0.25(log(n))^2",0.77
493,1000,2,"Clayton_Sine",2000,-1.5,"0.25(log(n))^2",0.99
494,1000,2,"Clayton_Sine",2000,-1.5,"0.25(log(n))^2",0.69
495,1000,2,"Clayton_Sine",2000,-1.5,"0.25(log(n))^2",0.38
496,1000,2,"Clayton_Sine",2000,-1.5,"0.25(log(n))^2",0.16
497,1000,2,"Clayton_Sine",2000,-1.5,"0.25(log(n))^2",0.56
498,1000,2,"Clayton_Sine",2000,-1.5,"0.25(log(n))^2",0.46
499,1000,2,"Clayton_Sine",2000,-1.5,"0.25(log(n))^2",0.51
500,1000,2,"Clayton_Sine",2000,-1.5,"0.25(log(n))^2",0.55
501,1000,2,"Clayton_Sine",2000,-1.5,"0.25(log(n))^2",0.8
502,1000,2,"Clayton_Sine",2000,-1.5,"0.25(log(n))^2",0.26
503,1000,2,"Clayton_Sine",2000,-1.5,"0.25(log(n))^2",0.44
504,1000,2,"Clayton_Sine",2000,-1.5,"0.25(log(n))^2",0.12
505,1000,2,"Clayton_Sine",2000,-1.5,"0.25(log(n))^2",0.67
506,1000,2,"Clayton_Sine",2000,-1.5,"0.25(log(n))^2",0.64
507,1000,2,"Clayton_Sine",2000,-1.5,"0.25(log(n))^2",0.7
508,1000,2,"Clayton_Sine",2000,-1.5,"0.25(log(n))^2",0.55
509,1000,2,"Clayton_Sine",2000,-1.5,"0.25(log(n))^2",0.37
510,1000,2,"Clayton_Sine",2000,-1.5,"0.25(log(n))^2",0.5
511,1000,2,"Clayton_Sine",2000,-1.5,"0.25(log(n))^2",0.36
512,1000,2,"Clayton_Sine",2000,-1.5,"0.25(log(n))^2",0.58
513,1000,2,"Clayton_Sine",2000,-1.5,"0.25(log(n))^2",0.26
514,1000,2,"Clayton_Sine",2000,-1.5,"0.25(log(n))^2",0.77
515,1000,2,"Clayton_Sine",2000,-1.5,"0.25(log(n))^2",0.23
516,1000,2,"Clayton_Sine",2000,-1.5,"0.25(log(n))^2",0.81
517,1000,2,"Clayton_Sine",2000,-1.5,"0.25(log(n))^2",0.58
518,1000,2,"Clayton_Sine",2000,-1.5,"0.25(log(n))^2",0.65
519,1000,2,"Clayton_Sine",2000,-1.5,"0.25(log(n))^2",0.84
520,1000,2,"Clayton_Sine",2000,-1.5,"0.25(log(n))^2",0.64
521,1000,2,"Clayton_Sine",2000,-1.5,"0.25(log(n))^2",0.91
522,1000,2,"Clayton_Sine",2000,-1.5,"0.25(log(n))^2",0.34
523,1000,2,"Clayton_Sine",2000,-1.5,"0.25(log(n))^2",1
524,1000,2,"Clayton_Sine",2000,-1.5,"0.25(log(n))^2",0.24
525,1000,2,"Clayton_Sine",2000,-1.5,"0.25(log(n))^2",0.59
526,1000,2,"Clayton_Sine",2000,-1.5,"0.25(log(n))^2",0.41
527,1000,2,"Clayton_Sine",2000,-1.5,"0.25(log(n))^2",0.88
528,1000,2,"Clayton_Sine",2000,-1.5,"0.25(log(n))^2",0.39
529,1000,2,"Clayton_Sine",2000,-1.5,"0.25(log(n))^2",0.71
530,1000,2,"Clayton_Sine",2000,-1.5,"0.25(log(n))^2",0.42
531,1000,2,"Clayton_Sine",2000,-1.5,"0.25(log(n))^2",0.36
532,1000,2,"Clayton_Sine",2000,-1.5,"0.25(log(n))^2",0.72
533,1000,2,"Clayton_Sine",2000,-1.5,"0.25(log(n))^2",0.13
534,1000,2,"Clayton_Sine",2000,-1.5,"0.25(log(n))^2",0.57
535,1000,2,"Clayton_Sine",2000,-1.5,"0.25(log(n))^2",0.86
536,1000,2,"Clayton_Sine",2000,-1.5,"0.25(log(n))^2",0.79
537,1000,2,"Clayton_Sine",2000,-1.5,"0.25(log(n))^2",0.91
538,1000,2,"Clayton_Sine",2000,-1.5,"0.25(log(n))^2",0.76
539,1000,2,"Clayton_Sine",2000,-1.5,"0.25(log(n))^2",0.95
540,1000,2,"Clayton_Sine",2000,-1.5,"0.25(log(n))^2",0.64
541,1000,2,"Clayton_Sine",2000,-1.5,"0.25(log(n))^2",0.99
542,1000,2,"Clayton_Sine",2000,-1.5,"0.25(log(n))^2",1
543,1000,2,"Clayton_Sine",2000,-1.5,"0.25(log(n))^2",0.43
544,1000,2,"Clayton_Sine",2000,-1.5,"0.25(log(n))^2",0.25
545,1000,2,"Clayton_Sine",2000,-1.5,"0.25(log(n))^2",0.31
546,1000,2,"Clayton_Sine",2000,-1.5,"0.25(log(n))^2",0.95
547,1000,2,"Clayton_Sine",2000,-1.5,"0.25(log(n))^2",0.57
548,1000,2,"Clayton_Sine",2000,-1.5,"0.25(log(n))^2",1
549,1000,2,"Clayton_Sine",2000,-1.5,"0.25(log(n))^2",0.47
550,1000,2,"Clayton_Sine",2000,-1.5,"0.25(log(n))^2",0.96
551,1000,2,"Clayton_Sine",2000,-1.5,"0.25(log(n))^2",0.22
552,1000,2,"Clayton_Sine",2000,-1.5,"0.25(log(n))^2",0.59
553,1000,2,"Clayton_Sine",2000,-1.5,"0.25(log(n))^2",0.25
554,1000,2,"Clayton_Sine",2000,-1.5,"0.25(log(n))^2",0.99
555,1000,2,"Clayton_Sine",2000,-1.5,"0.25(log(n))^2",0.53
556,1000,2,"Clayton_Sine",2000,-1.5,"0.25(log(n))^2",0.98
557,1000,2,"Clayton_Sine",2000,-1.5,"0.25(log(n))^2",0.41
558,1000,2,"Clayton_Sine",2000,-1.5,"0.25(log(n))^2",0.93
559,1000,2,"Clayton_Sine",2000,-1.5,"0.25(log(n))^2",0.6
560,1000,2,"Clayton_Sine",2000,-1.5,"0.25(log(n))^2",0.26
561,1000,2,"Clayton_Sine",2000,-1.5,"0.25(log(n))^2",0.49
562,1000,2,"Clayton_Sine",2000,-1.5,"0.25(log(n))^2",0.63
563,1000,2,"Clayton_Sine",2000,-1.5,"0.25(log(n))^2",0.27
564,1000,2,"Clayton_Sine",2000,-1.5,"0.25(log(n))^2",0.92
565,1000,2,"Clayton_Sine",2000,-1.5,"0.25(log(n))^2",0.28
566,1000,2,"Clayton_Sine",2000,-1.5,"0.25(log(n))^2",0.23
567,1000,2,"Clayton_Sine",2000,-1.5,"0.25(log(n))^2",0.35
568,1000,2,"Clayton_Sine",2000,-1.5,"0.25(log(n))^2",0.2
569,1000,2,"Clayton_Sine",2000,-1.5,"0.25(log(n))^2",0.52
570,1000,2,"Clayton_Sine",2000,-1.5,"0.25(log(n))^2",0.25
571,1000,2,"Clayton_Sine",2000,-1.5,"0.25(log(n))^2",0.83
572,1000,2,"Clayton_Sine",2000,-1.5,"0.25(log(n))^2",0.38
573,1000,2,"Clayton_Sine",2000,-1.5,"0.25(log(n))^2",0.72
574,1000,2,"Clayton_Sine",2000,-1.5,"0.25(log(n))^2",0.3
575,1000,2,"Clayton_Sine",2000,-1.5,"0.25(log(n))^2",0.72
576,1000,2,"Clayton_Sine",2000,-1.5,"0.25(log(n))^2",0.75
577,1000,2,"Clayton_Sine",2000,-1.5,"0.25(log(n))^2",0.85
578,1000,2,"Clayton_Sine",2000,-1.5,"0.25(log(n))^2",0.68
579,1000,2,"Clayton_Sine",2000,-1.5,"0.25(log(n))^2",0.56
580,1000,2,"Clayton_Sine",2000,-1.5,"0.25(log(n))^2",0.69
581,1000,2,"Clayton_Sine",2000,-1.5,"0.25(log(n))^2",0.85
582,1000,2,"Clayton_Sine",2000,-1.5,"0.25(log(n))^2",0.34
583,1000,2,"Clayton_Sine",2000,-1.5,"0.25(log(n))^2",0.32
584,1000,2,"Clayton_Sine",2000,-1.5,"0.25(log(n))^2",0.92
585,1000,2,"Clayton_Sine",2000,-1.5,"0.25(log(n))^2",0.91
586,1000,2,"Clayton_Sine",2000,-1.5,"0.25(log(n))^2",0.45
587,1000,2,"Clayton_Sine",2000,-1.5,"0.25(log(n))^2",0.68
588,1000,2,"Clayton_Sine",2000,-1.5,"0.25(log(n))^2",0.43
589,1000,2,"Clayton_Sine",2000,-1.5,"0.25(log(n))^2",0.14
590,1000,2,"Clayton_Sine",2000,-1.5,"0.25(log(n))^2",0.55
591,1000,2,"Clayton_Sine",2000,-1.5,"0.25(log(n))^2",0.47
592,1000,2,"Clayton_Sine",2000,-1.5,"0.25(log(n))^2",0.63
593,1000,2,"Clayton_Sine",2000,-1.5,"0.25(log(n))^2",0.1
594,1000,2,"Clayton_Sine",2000,-1.5,"0.25(log(n))^2",0.37
595,1000,2,"Clayton_Sine",2000,-1.5,"0.25(log(n))^2",0.68
596,1000,2,"Clayton_Sine",2000,-1.5,"0.25(log(n))^2",0.67
597,1000,2,"Clayton_Sine",2000,-1.5,"0.25(log(n))^2",0.97
598,1000,2,"Clayton_Sine",2000,-1.5,"0.25(log(n))^2",0.7
599,1000,2,"Clayton_Sine",2000,-1.5,"0.25(log(n))^2",0.6
600,1000,2,"Clayton_Sine",2000,-1.5,"0.25(log(n))^2",0.77
601,1000,2,"Clayton_Sine",2000,-1.5,"0.25(log(n))^2",0.96
602,1000,2,"Clayton_Sine",2000,-1.5,"0.25(log(n))^2",0.67
603,1000,2,"Clayton_Sine",2000,-1.5,"0.25(log(n))^2",0.16
604,1000,2,"Clayton_Sine",2000,-1.5,"0.25(log(n))^2",0.74
605,1000,2,"Clayton_Sine",2000,-1.5,"0.25(log(n))^2",0.74
606,1000,2,"Clayton_Sine",2000,-1.5,"0.25(log(n))^2",0.32
607,1000,2,"Clayton_Sine",2000,-1.5,"0.25(log(n))^2",0.7
608,1000,2,"Clayton_Sine",2000,-1.5,"0.25(log(n))^2",0.26
609,1000,2,"Clayton_Sine",2000,-1.5,"0.25(log(n))^2",0.26
610,1000,2,"Clayton_Sine",2000,-1.5,"0.25(log(n))^2",0.19
611,1000,2,"Clayton_Sine",2000,-1.5,"0.25(log(n))^2",0.21
612,1000,2,"Clayton_Sine",2000,-1.5,"0.25(log(n))^2",0.12
613,1000,2,"Clayton_Sine",2000,-1.5,"0.25(log(n))^2",0.56
614,1000,2,"Clayton_Sine",2000,-1.5,"0.25(log(n))^2",0.06
615,1000,2,"Clayton_Sine",2000,-1.5,"0.25(log(n))^2",0.55
616,1000,2,"Clayton_Sine",2000,-1.5,"0.25(log(n))^2",0.89
617,1000,2,"Clayton_Sine",2000,-1.5,"0.25(log(n))^2",0.67
618,1000,2,"Clayton_Sine",2000,-1.5,"0.25(log(n))^2",0.71
619,1000,2,"Clayton_Sine",2000,-1.5,"0.25(log(n))^2",0.83
620,1000,2,"Clayton_Sine",2000,-1.5,"0.25(log(n))^2",0.82
621,1000,2,"Clayton_Sine",2000,-1.5,"0.25(log(n))^2",0.53
622,1000,2,"Clayton_Sine",2000,-1.5,"0.25(log(n))^2",0.72
623,1000,2,"Clayton_Sine",2000,-1.5,"0.25(log(n))^2",0.8
624,1000,2,"Clayton_Sine",2000,-1.5,"0.25(log(n))^2",0.06
625,1000,2,"Clayton_Sine",2000,-1.5,"0.25(log(n))^2",0.52
626,1000,2,"Clayton_Sine",2000,-1.5,"0.25(log(n))^2",0.83
627,1000,2,"Clayton_Sine",2000,-1.5,"0.25(log(n))^2",0.19
628,1000,2,"Clayton_Sine",2000,-1.5,"0.25(log(n))^2",0.39
629,1000,2,"Clayton_Sine",2000,-1.5,"0.25(log(n))^2",0.54
630,1000,2,"Clayton_Sine",2000,-1.5,"0.25(log(n))^2",0.21
631,1000,2,"Clayton_Sine",2000,-1.5,"0.25(log(n))^2",0.66
632,1000,2,"Clayton_Sine",2000,-1.5,"0.25(log(n))^2",0.3
633,1000,2,"Clayton_Sine",2000,-1.5,"0.25(log(n))^2",0.44
634,1000,2,"Clayton_Sine",2000,-1.5,"0.25(log(n))^2",0.2
635,1000,2,"Clayton_Sine",2000,-1.5,"0.25(log(n))^2",0.93
636,1000,2,"Clayton_Sine",2000,-1.5,"0.25(log(n))^2",0.23
637,1000,2,"Clayton_Sine",2000,-1.5,"0.25(log(n))^2",0.85
638,1000,2,"Clayton_Sine",2000,-1.5,"0.25(log(n))^2",0.73
639,1000,2,"Clayton_Sine",2000,-1.5,"0.25(log(n))^2",0.25
640,1000,2,"Clayton_Sine",2000,-1.5,"0.25(log(n))^2",0.51
641,1000,2,"Clayton_Sine",2000,-1.5,"0.25(log(n))^2",0.33
642,1000,2,"Clayton_Sine",2000,-1.5,"0.25(log(n))^2",0.7
643,1000,2,"Clayton_Sine",2000,-1.5,"0.25(log(n))^2",0.86
644,1000,2,"Clayton_Sine",2000,-1.5,"0.25(log(n))^2",0.54
645,1000,2,"Clayton_Sine",2000,-1.5,"0.25(log(n))^2",0.5
646,1000,2,"Clayton_Sine",2000,-1.5,"0.25(log(n))^2",0.72
647,1000,2,"Clayton_Sine",2000,-1.5,"0.25(log(n))^2",0.52
648,1000,2,"Clayton_Sine",2000,-1.5,"0.25(log(n))^2",0.77
649,1000,2,"Clayton_Sine",2000,-1.5,"0.25(log(n))^2",0.71
650,1000,2,"Clayton_Sine",2000,-1.5,"0.25(log(n))^2",0.44
651,1000,2,"Clayton_Sine",2000,-1.5,"0.25(log(n))^2",0.39
652,1000,2,"Clayton_Sine",2000,-1.5,"0.25(log(n))^2",0.04
653,1000,2,"Clayton_Sine",2000,-1.5,"0.25(log(n))^2",0.82
654,1000,2,"Clayton_Sine",2000,-1.5,"0.25(log(n))^2",0.85
655,1000,2,"Clayton_Sine",2000,-1.5,"0.25(log(n))^2",0.63
656,1000,2,"Clayton_Sine",2000,-1.5,"0.25(log(n))^2",0.22
657,1000,2,"Clayton_Sine",2000,-1.5,"0.25(log(n))^2",0.32
658,1000,2,"Clayton_Sine",2000,-1.5,"0.25(log(n))^2",0.4
659,1000,2,"Clayton_Sine",2000,-1.5,"0.25(log(n))^2",0.71
660,1000,2,"Clayton_Sine",2000,-1.5,"0.25(log(n))^2",0.68
661,1000,2,"Clayton_Sine",2000,-1.5,"0.25(log(n))^2",0.03
662,1000,2,"Clayton_Sine",2000,-1.5,"0.25(log(n))^2",0.81
663,1000,2,"Clayton_Sine",2000,-1.5,"0.25(log(n))^2",0.41
664,1000,2,"Clayton_Sine",2000,-1.5,"0.25(log(n))^2",0.54
665,1000,2,"Clayton_Sine",2000,-1.5,"0.25(log(n))^2",0.59
666,1000,2,"Clayton_Sine",2000,-1.5,"0.25(log(n))^2",0.55
667,1000,2,"Clayton_Sine",2000,-1.5,"0.25(log(n))^2",0.61
668,1000,2,"Clayton_Sine",2000,-1.5,"0.25(log(n))^2",0.75
669,1000,2,"Clayton_Sine",2000,-1.5,"0.25(log(n))^2",0.18
670,1000,2,"Clayton_Sine",2000,-1.5,"0.25(log(n))^2",0.34
671,1000,2,"Clayton_Sine",2000,-1.5,"0.25(log(n))^2",0.85
672,1000,2,"Clayton_Sine",2000,-1.5,"0.25(log(n))^2",0.23
673,1000,2,"Clayton_Sine",2000,-1.5,"0.25(log(n))^2",0.33
674,1000,2,"Clayton_Sine",2000,-1.5,"0.25(log(n))^2",0.7
675,1000,2,"Clayton_Sine",2000,-1.5,"0.25(log(n))^2",0.11
676,1000,2,"Clayton_Sine",2000,-1.5,"0.25(log(n))^2",0.63
677,1000,2,"Clayton_Sine",2000,-1.5,"0.25(log(n))^2",0.75
678,1000,2,"Clayton_Sine",2000,-1.5,"0.25(log(n))^2",0.21
679,1000,2,"Clayton_Sine",2000,-1.5,"0.25(log(n))^2",0.32
680,1000,2,"Clayton_Sine",2000,-1.5,"0.25(log(n))^2",0.97
681,1000,2,"Clayton_Sine",2000,-1.5,"0.25(log(n))^2",0.51
682,1000,2,"Clayton_Sine",2000,-1.5,"0.25(log(n))^2",0.9
683,1000,2,"Clayton_Sine",2000,-1.5,"0.25(log(n))^2",0.16
684,1000,2,"Clayton_Sine",2000,-1.5,"0.25(log(n))^2",0.02
685,1000,2,"Clayton_Sine",2000,-1.5,"0.25(log(n))^2",0.1
686,1000,2,"Clayton_Sine",2000,-1.5,"0.25(log(n))^2",0.92
687,1000,2,"Clayton_Sine",2000,-1.5,"0.25(log(n))^2",0.71
688,1000,2,"Clayton_Sine",2000,-1.5,"0.25(log(n))^2",0.39
689,1000,2,"Clayton_Sine",2000,-1.5,"0.25(log(n))^2",0.53
690,1000,2,"Clayton_Sine",2000,-1.5,"0.25(log(n))^2",0.45
691,1000,2,"Clayton_Sine",2000,-1.5,"0.25(log(n))^2",0.28
692,1000,2,"Clayton_Sine",2000,-1.5,"0.25(log(n))^2",0.94
693,1000,2,"Clayton_Sine",2000,-1.5,"0.25(log(n))^2",0.35
694,1000,2,"Clayton_Sine",2000,-1.5,"0.25(log(n))^2",0.11
695,1000,2,"Clayton_Sine",2000,-1.5,"0.25(log(n))^2",0.25
696,1000,2,"Clayton_Sine",2000,-1.5,"0.25(log(n))^2",0.2
697,1000,2,"Clayton_Sine",2000,-1.5,"0.25(log(n))^2",0.46
698,1000,2,"Clayton_Sine",2000,-1.5,"0.25(log(n))^2",0.81
699,1000,2,"Clayton_Sine",2000,-1.5,"0.25(log(n))^2",0.76
700,1000,2,"Clayton_Sine",2000,-1.5,"0.25(log(n))^2",0.82
701,1000,2,"Clayton_Sine",2000,-1.5,"0.25(log(n))^2",0.32
702,1000,2,"Clayton_Sine",2000,-1.5,"0.25(log(n))^2",0.24
703,1000,2,"Clayton_Sine",2000,-1.5,"0.25(log(n))^2",0.54
704,1000,2,"Clayton_Sine",2000,-1.5,"0.25(log(n))^2",0.49
705,1000,2,"Clayton_Sine",2000,-1.5,"0.25(log(n))^2",0.16
706,1000,2,"Clayton_Sine",2000,-1.5,"0.25(log(n))^2",0.89
707,1000,2,"Clayton_Sine",2000,-1.5,"0.25(log(n))^2",0.5
708,1000,2,"Clayton_Sine",2000,-1.5,"0.25(log(n))^2",0.3
709,1000,2,"Clayton_Sine",2000,-1.5,"0.25(log(n))^2",0.81
710,1000,2,"Clayton_Sine",2000,-1.5,"0.25(log(n))^2",0.59
711,1000,2,"Clayton_Sine",2000,-1.5,"0.25(log(n))^2",0.93
712,1000,2,"Clayton_Sine",2000,-1.5,"0.25(log(n))^2",0.74
713,1000,2,"Clayton_Sine",2000,-1.5,"0.25(log(n))^2",0.93
714,1000,2,"Clayton_Sine",2000,-1.5,"0.25(log(n))^2",0.4
715,1000,2,"Clayton_Sine",2000,-1.5,"0.25(log(n))^2",0.72
716,1000,2,"Clayton_Sine",2000,-1.5,"0.25(log(n))^2",0.31
717,1000,2,"Clayton_Sine",2000,-1.5,"0.25(log(n))^2",0.78
718,1000,2,"Clayton_Sine",2000,-1.5,"0.25(log(n))^2",0.66
719,1000,2,"Clayton_Sine",2000,-1.5,"0.25(log(n))^2",0.39
720,1000,2,"Clayton_Sine",2000,-1.5,"0.25(log(n))^2",0.52
721,1000,2,"Clayton_Sine",2000,-1.5,"0.25(log(n))^2",0.65
722,1000,2,"Clayton_Sine",2000,-1.5,"0.25(log(n))^2",0.23
723,1000,2,"Clayton_Sine",2000,-1.5,"0.25(log(n))^2",0.57
724,1000,2,"Clayton_Sine",2000,-1.5,"0.25(log(n))^2",0.58
725,1000,2,"Clayton_Sine",2000,-1.5,"0.25(log(n))^2",0.38
726,1000,2,"Clayton_Sine",2000,-1.5,"0.25(log(n))^2",0.78
727,1000,2,"Clayton_Sine",2000,-1.5,"0.25(log(n))^2",0.25
728,1000,2,"Clayton_Sine",2000,-1.5,"0.25(log(n))^2",0.34
729,1000,2,"Clayton_Sine",2000,-1.5,"0.25(log(n))^2",0.37
730,1000,2,"Clayton_Sine",2000,-1.5,"0.25(log(n))^2",0.54
731,1000,2,"Clayton_Sine",2000,-1.5,"0.25(log(n))^2",0.7
732,1000,2,"Clayton_Sine",2000,-1.5,"0.25(log(n))^2",0.81
733,1000,2,"Clayton_Sine",2000,-1.5,"0.25(log(n))^2",0.67
734,1000,2,"Clayton_Sine",2000,-1.5,"0.25(log(n))^2",0.36
735,1000,2,"Clayton_Sine",2000,-1.5,"0.25(log(n))^2",0.7
736,1000,2,"Clayton_Sine",2000,-1.5,"0.25(log(n))^2",0.9
737,1000,2,"Clayton_Sine",2000,-1.5,"0.25(log(n))^2",0.12
738,1000,2,"Clayton_Sine",2000,-1.5,"0.25(log(n))^2",0.74
739,1000,2,"Clayton_Sine",2000,-1.5,"0.25(log(n))^2",0.61
740,1000,2,"Clayton_Sine",2000,-1.5,"0.25(log(n))^2",0.81
741,1000,2,"Clayton_Sine",2000,-1.5,"0.25(log(n))^2",0.04
742,1000,2,"Clayton_Sine",2000,-1.5,"0.25(log(n))^2",0.34
743,1000,2,"Clayton_Sine",2000,-1.5,"0.25(log(n))^2",0.74
744,1000,2,"Clayton_Sine",2000,-1.5,"0.25(log(n))^2",0.43
745,1000,2,"Clayton_Sine",2000,-1.5,"0.25(log(n))^2",0.42
746,1000,2,"Clayton_Sine",2000,-1.5,"0.25(log(n))^2",0.34
747,1000,2,"Clayton_Sine",2000,-1.5,"0.25(log(n))^2",0.88
748,1000,2,"Clayton_Sine",2000,-1.5,"0.25(log(n))^2",0.24
749,1000,2,"Clayton_Sine",2000,-1.5,"0.25(log(n))^2",0.85
750,1000,2,"Clayton_Sine",2000,-1.5,"0.25(log(n))^2",0.87
751,1000,2,"Clayton_Sine",2000,-1.5,"0.25(log(n))^2",0.79
752,1000,2,"Clayton_Sine",2000,-1.5,"0.25(log(n))^2",0.77
753,1000,2,"Clayton_Sine",2000,-1.5,"0.25(log(n))^2",0
754,1000,2,"Clayton_Sine",2000,-1.5,"0.25(log(n))^2",0.43
755,1000,2,"Clayton_Sine",2000,-1.5,"0.25(log(n))^2",0.41
756,1000,2,"Clayton_Sine",2000,-1.5,"0.25(log(n))^2",0.37
757,1000,2,"Clayton_Sine",2000,-1.5,"0.25(log(n))^2",0.98
758,1000,2,"Clayton_Sine",2000,-1.5,"0.25(log(n))^2",0.98
759,1000,2,"Clayton_Sine",2000,-1.5,"0.25(log(n))^2",0.11
760,1000,2,"Clayton_Sine",2000,-1.5,"0.25(log(n))^2",0.32
761,1000,2,"Clayton_Sine",2000,-1.5,"0.25(log(n))^2",0.62
762,1000,2,"Clayton_Sine",2000,-1.5,"0.25(log(n))^2",0.65
763,1000,2,"Clayton_Sine",2000,-1.5,"0.25(log(n))^2",0.63
764,1000,2,"Clayton_Sine",2000,-1.5,"0.25(log(n))^2",0.34
765,1000,2,"Clayton_Sine",2000,-1.5,"0.25(log(n))^2",0.14
766,1000,2,"Clayton_Sine",2000,-1.5,"0.25(log(n))^2",0.73
767,1000,2,"Clayton_Sine",2000,-1.5,"0.25(log(n))^2",0.03
768,1000,2,"Clayton_Sine",2000,-1.5,"0.25(log(n))^2",0.54
769,1000,2,"Clayton_Sine",2000,-1.5,"0.25(log(n))^2",0.12
770,1000,2,"Clayton_Sine",2000,-1.5,"0.25(log(n))^2",0.83
771,1000,2,"Clayton_Sine",2000,-1.5,"0.25(log(n))^2",0.27
772,1000,2,"Clayton_Sine",2000,-1.5,"0.25(log(n))^2",0.87
773,1000,2,"Clayton_Sine",2000,-1.5,"0.25(log(n))^2",0.42
774,1000,2,"Clayton_Sine",2000,-1.5,"0.25(log(n))^2",0.62
775,1000,2,"Clayton_Sine",2000,-1.5,"0.25(log(n))^2",0.22
776,1000,2,"Clayton_Sine",2000,-1.5,"0.25(log(n))^2",0.12
777,1000,2,"Clayton_Sine",2000,-1.5,"0.25(log(n))^2",0.68
778,1000,2,"Clayton_Sine",2000,-1.5,"0.25(log(n))^2",0.34
779,1000,2,"Clayton_Sine",2000,-1.5,"0.25(log(n))^2",0.99
780,1000,2,"Clayton_Sine",2000,-1.5,"0.25(log(n))^2",0.83
781,1000,2,"Clayton_Sine",2000,-1.5,"0.25(log(n))^2",0.81
782,1000,2,"Clayton_Sine",2000,-1.5,"0.25(log(n))^2",0.19
783,1000,2,"Clayton_Sine",2000,-1.5,"0.25(log(n))^2",0.74
784,1000,2,"Clayton_Sine",2000,-1.5,"0.25(log(n))^2",0.23
785,1000,2,"Clayton_Sine",2000,-1.5,"0.25(log(n))^2",0.96
786,1000,2,"Clayton_Sine",2000,-1.5,"0.25(log(n))^2",0.68
787,1000,2,"Clayton_Sine",2000,-1.5,"0.25(log(n))^2",0.39
788,1000,2,"Clayton_Sine",2000,-1.5,"0.25(log(n))^2",0.84
789,1000,2,"Clayton_Sine",2000,-1.5,"0.25(log(n))^2",0.92
790,1000,2,"Clayton_Sine",2000,-1.5,"0.25(log(n))^2",0.18
791,1000,2,"Clayton_Sine",2000,-1.5,"0.25(log(n))^2",0.37
792,1000,2,"Clayton_Sine",2000,-1.5,"0.25(log(n))^2",0.12
793,1000,2,"Clayton_Sine",2000,-1.5,"0.25(log(n))^2",0.62
794,1000,2,"Clayton_Sine",2000,-1.5,"0.25(log(n))^2",0.98
795,1000,2,"Clayton_Sine",2000,-1.5,"0.25(log(n))^2",0.63
796,1000,2,"Clayton_Sine",2000,-1.5,"0.25(log(n))^2",0.21
797,1000,2,"Clayton_Sine",2000,-1.5,"0.25(log(n))^2",0.39
798,1000,2,"Clayton_Sine",2000,-1.5,"0.25(log(n))^2",0.18
799,1000,2,"Clayton_Sine",2000,-1.5,"0.25(log(n))^2",0.38
800,1000,2,"Clayton_Sine",2000,-1.5,"0.25(log(n))^2",0.39
801,1000,2,"Clayton_Sine",2000,-1.5,"0.25(log(n))^2",0.59
802,1000,2,"Clayton_Sine",2000,-1.5,"0.25(log(n))^2",0.54
803,1000,2,"Clayton_Sine",2000,-1.5,"0.25(log(n))^2",0.94
804,1000,2,"Clayton_Sine",2000,-1.5,"0.25(log(n))^2",0.95
805,1000,2,"Clayton_Sine",2000,-1.5,"0.25(log(n))^2",0.58
806,1000,2,"Clayton_Sine",2000,-1.5,"0.25(log(n))^2",0.68
807,1000,2,"Clayton_Sine",2000,-1.5,"0.25(log(n))^2",0.22
808,1000,2,"Clayton_Sine",2000,-1.5,"0.25(log(n))^2",0.61
809,1000,2,"Clayton_Sine",2000,-1.5,"0.25(log(n))^2",0.51
810,1000,2,"Clayton_Sine",2000,-1.5,"0.25(log(n))^2",0.32
811,1000,2,"Clayton_Sine",2000,-1.5,"0.25(log(n))^2",0.46
812,1000,2,"Clayton_Sine",2000,-1.5,"0.25(log(n))^2",0.65
813,1000,2,"Clayton_Sine",2000,-1.5,"0.25(log(n))^2",0.69
814,1000,2,"Clayton_Sine",2000,-1.5,"0.25(log(n))^2",0.08
815,1000,2,"Clayton_Sine",2000,-1.5,"0.25(log(n))^2",0.74
816,1000,2,"Clayton_Sine",2000,-1.5,"0.25(log(n))^2",0.51
817,1000,2,"Clayton_Sine",2000,-1.5,"0.25(log(n))^2",0.74
818,1000,2,"Clayton_Sine",2000,-1.5,"0.25(log(n))^2",0.71
819,1000,2,"Clayton_Sine",2000,-1.5,"0.25(log(n))^2",0.83
820,1000,2,"Clayton_Sine",2000,-1.5,"0.25(log(n))^2",0.88
821,1000,2,"Clayton_Sine",2000,-1.5,"0.25(log(n))^2",0.4
822,1000,2,"Clayton_Sine",2000,-1.5,"0.25(log(n))^2",0.2
823,1000,2,"Clayton_Sine",2000,-1.5,"0.25(log(n))^2",0.48
824,1000,2,"Clayton_Sine",2000,-1.5,"0.25(log(n))^2",0.63
825,1000,2,"Clayton_Sine",2000,-1.5,"0.25(log(n))^2",0.2
826,1000,2,"Clayton_Sine",2000,-1.5,"0.25(log(n))^2",0.88
827,1000,2,"Clayton_Sine",2000,-1.5,"0.25(log(n))^2",0.73
828,1000,2,"Clayton_Sine",2000,-1.5,"0.25(log(n))^2",0.44
829,1000,2,"Clayton_Sine",2000,-1.5,"0.25(log(n))^2",0.83
830,1000,2,"Clayton_Sine",2000,-1.5,"0.25(log(n))^2",0.46
831,1000,2,"Clayton_Sine",2000,-1.5,"0.25(log(n))^2",0.21
832,1000,2,"Clayton_Sine",2000,-1.5,"0.25(log(n))^2",0.75
833,1000,2,"Clayton_Sine",2000,-1.5,"0.25(log(n))^2",0.34
834,1000,2,"Clayton_Sine",2000,-1.5,"0.25(log(n))^2",0.82
835,1000,2,"Clayton_Sine",2000,-1.5,"0.25(log(n))^2",0.81
836,1000,2,"Clayton_Sine",2000,-1.5,"0.25(log(n))^2",0.43
837,1000,2,"Clayton_Sine",2000,-1.5,"0.25(log(n))^2",0.65
838,1000,2,"Clayton_Sine",2000,-1.5,"0.25(log(n))^2",0.54
839,1000,2,"Clayton_Sine",2000,-1.5,"0.25(log(n))^2",0.89
840,1000,2,"Clayton_Sine",2000,-1.5,"0.25(log(n))^2",0.12
841,1000,2,"Clayton_Sine",2000,-1.5,"0.25(log(n))^2",0.63
842,1000,2,"Clayton_Sine",2000,-1.5,"0.25(log(n))^2",0.83
843,1000,2,"Clayton_Sine",2000,-1.5,"0.25(log(n))^2",0.29
844,1000,2,"Clayton_Sine",2000,-1.5,"0.25(log(n))^2",0.25
845,1000,2,"Clayton_Sine",2000,-1.5,"0.25(log(n))^2",0.43
846,1000,2,"Clayton_Sine",2000,-1.5,"0.25(log(n))^2",0.14
847,1000,2,"Clayton_Sine",2000,-1.5,"0.25(log(n))^2",0.71
848,1000,2,"Clayton_Sine",2000,-1.5,"0.25(log(n))^2",0.41
849,1000,2,"Clayton_Sine",2000,-1.5,"0.25(log(n))^2",0.32
850,1000,2,"Clayton_Sine",2000,-1.5,"0.25(log(n))^2",0.17
851,1000,2,"Clayton_Sine",2000,-1.5,"0.25(log(n))^2",0.27
852,1000,2,"Clayton_Sine",2000,-1.5,"0.25(log(n))^2",0.24
853,1000,2,"Clayton_Sine",2000,-1.5,"0.25(log(n))^2",0.77
854,1000,2,"Clayton_Sine",2000,-1.5,"0.25(log(n))^2",0.51
855,1000,2,"Clayton_Sine",2000,-1.5,"0.25(log(n))^2",0.87
856,1000,2,"Clayton_Sine",2000,-1.5,"0.25(log(n))^2",0.78
857,1000,2,"Clayton_Sine",2000,-1.5,"0.25(log(n))^2",0.23
858,1000,2,"Clayton_Sine",2000,-1.5,"0.25(log(n))^2",0.61
859,1000,2,"Clayton_Sine",2000,-1.5,"0.25(log(n))^2",0.46
860,1000,2,"Clayton_Sine",2000,-1.5,"0.25(log(n))^2",0.54
861,1000,2,"Clayton_Sine",2000,-1.5,"0.25(log(n))^2",0.38
862,1000,2,"Clayton_Sine",2000,-1.5,"0.25(log(n))^2",0.1
863,1000,2,"Clayton_Sine",2000,-1.5,"0.25(log(n))^2",0.94
864,1000,2,"Clayton_Sine",2000,-1.5,"0.25(log(n))^2",0.96
865,1000,2,"Clayton_Sine",2000,-1.5,"0.25(log(n))^2",0.63
866,1000,2,"Clayton_Sine",2000,-1.5,"0.25(log(n))^2",0.74
867,1000,2,"Clayton_Sine",2000,-1.5,"0.25(log(n))^2",0.52
868,1000,2,"Clayton_Sine",2000,-1.5,"0.25(log(n))^2",0.55
869,1000,2,"Clayton_Sine",2000,-1.5,"0.25(log(n))^2",0.83
870,1000,2,"Clayton_Sine",2000,-1.5,"0.25(log(n))^2",0.48
871,1000,2,"Clayton_Sine",2000,-1.5,"0.25(log(n))^2",0.16
872,1000,2,"Clayton_Sine",2000,-1.5,"0.25(log(n))^2",0.38
873,1000,2,"Clayton_Sine",2000,-1.5,"0.25(log(n))^2",0.29
874,1000,2,"Clayton_Sine",2000,-1.5,"0.25(log(n))^2",0.63
875,1000,2,"Clayton_Sine",2000,-1.5,"0.25(log(n))^2",0.91
876,1000,2,"Clayton_Sine",2000,-1.5,"0.25(log(n))^2",0.31
877,1000,2,"Clayton_Sine",2000,-1.5,"0.25(log(n))^2",0.75
878,1000,2,"Clayton_Sine",2000,-1.5,"0.25(log(n))^2",0.75
879,1000,2,"Clayton_Sine",2000,-1.5,"0.25(log(n))^2",0.25
880,1000,2,"Clayton_Sine",2000,-1.5,"0.25(log(n))^2",1
881,1000,2,"Clayton_Sine",2000,-1.5,"0.25(log(n))^2",0.58
882,1000,2,"Clayton_Sine",2000,-1.5,"0.25(log(n))^2",0.46
883,1000,2,"Clayton_Sine",2000,-1.5,"0.25(log(n))^2",0.25
884,1000,2,"Clayton_Sine",2000,-1.5,"0.25(log(n))^2",0.99
885,1000,2,"Clayton_Sine",2000,-1.5,"0.25(log(n))^2",0.46
886,1000,2,"Clayton_Sine",2000,-1.5,"0.25(log(n))^2",0.17
887,1000,2,"Clayton_Sine",2000,-1.5,"0.25(log(n))^2",0.31
888,1000,2,"Clayton_Sine",2000,-1.5,"0.25(log(n))^2",0.74
889,1000,2,"Clayton_Sine",2000,-1.5,"0.25(log(n))^2",0.88
890,1000,2,"Clayton_Sine",2000,-1.5,"0.25(log(n))^2",1
891,1000,2,"Clayton_Sine",2000,-1.5,"0.25(log(n))^2",0.4
892,1000,2,"Clayton_Sine",2000,-1.5,"0.25(log(n))^2",0.47
893,1000,2,"Clayton_Sine",2000,-1.5,"0.25(log(n))^2",0.47
894,1000,2,"Clayton_Sine",2000,-1.5,"0.25(log(n))^2",0.76
895,1000,2,"Clayton_Sine",2000,-1.5,"0.25(log(n))^2",0.8
896,1000,2,"Clayton_Sine",2000,-1.5,"0.25(log(n))^2",0.32
897,1000,2,"Clayton_Sine",2000,-1.5,"0.25(log(n))^2",0.76
898,1000,2,"Clayton_Sine",2000,-1.5,"0.25(log(n))^2",0.39
899,1000,2,"Clayton_Sine",2000,-1.5,"0.25(log(n))^2",0.8
900,1000,2,"Clayton_Sine",2000,-1.5,"0.25(log(n))^2",1
901,1000,2,"Clayton_Sine",2000,-1.5,"0.25(log(n))^2",0.44
902,1000,2,"Clayton_Sine",2000,-1.5,"0.25(log(n))^2",0.36
903,1000,2,"Clayton_Sine",2000,-1.5,"0.25(log(n))^2",0.24
904,1000,2,"Clayton_Sine",2000,-1.5,"0.25(log(n))^2",0.11
905,1000,2,"Clayton_Sine",2000,-1.5,"0.25(log(n))^2",0.44
906,1000,2,"Clayton_Sine",2000,-1.5,"0.25(log(n))^2",0.96
907,1000,2,"Clayton_Sine",2000,-1.5,"0.25(log(n))^2",0.73
908,1000,2,"Clayton_Sine",2000,-1.5,"0.25(log(n))^2",0.31
909,1000,2,"Clayton_Sine",2000,-1.5,"0.25(log(n))^2",0.44
910,1000,2,"Clayton_Sine",2000,-1.5,"0.25(log(n))^2",0.83
911,1000,2,"Clayton_Sine",2000,-1.5,"0.25(log(n))^2",0.98
912,1000,2,"Clayton_Sine",2000,-1.5,"0.25(log(n))^2",0.04
913,1000,2,"Clayton_Sine",2000,-1.5,"0.25(log(n))^2",0.26
914,1000,2,"Clayton_Sine",2000,-1.5,"0.25(log(n))^2",0.56
915,1000,2,"Clayton_Sine",2000,-1.5,"0.25(log(n))^2",0.06
916,1000,2,"Clayton_Sine",2000,-1.5,"0.25(log(n))^2",0.28
917,1000,2,"Clayton_Sine",2000,-1.5,"0.25(log(n))^2",0.5
918,1000,2,"Clayton_Sine",2000,-1.5,"0.25(log(n))^2",0.67
919,1000,2,"Clayton_Sine",2000,-1.5,"0.25(log(n))^2",0.02
920,1000,2,"Clayton_Sine",2000,-1.5,"0.25(log(n))^2",0.87
921,1000,2,"Clayton_Sine",2000,-1.5,"0.25(log(n))^2",0.95
922,1000,2,"Clayton_Sine",2000,-1.5,"0.25(log(n))^2",0.44
923,1000,2,"Clayton_Sine",2000,-1.5,"0.25(log(n))^2",0.54
924,1000,2,"Clayton_Sine",2000,-1.5,"0.25(log(n))^2",0.17
925,1000,2,"Clayton_Sine",2000,-1.5,"0.25(log(n))^2",0.03
926,1000,2,"Clayton_Sine",2000,-1.5,"0.25(log(n))^2",0.5
927,1000,2,"Clayton_Sine",2000,-1.5,"0.25(log(n))^2",0.88
928,1000,2,"Clayton_Sine",2000,-1.5,"0.25(log(n))^2",0.3
929,1000,2,"Clayton_Sine",2000,-1.5,"0.25(log(n))^2",0.94
930,1000,2,"Clayton_Sine",2000,-1.5,"0.25(log(n))^2",0.19
931,1000,2,"Clayton_Sine",2000,-1.5,"0.25(log(n))^2",0.17
932,1000,2,"Clayton_Sine",2000,-1.5,"0.25(log(n))^2",0.68
933,1000,2,"Clayton_Sine",2000,-1.5,"0.25(log(n))^2",0.87
934,1000,2,"Clayton_Sine",2000,-1.5,"0.25(log(n))^2",0.35
935,1000,2,"Clayton_Sine",2000,-1.5,"0.25(log(n))^2",0.6
936,1000,2,"Clayton_Sine",2000,-1.5,"0.25(log(n))^2",0.36
937,1000,2,"Clayton_Sine",2000,-1.5,"0.25(log(n))^2",0.11
938,1000,2,"Clayton_Sine",2000,-1.5,"0.25(log(n))^2",0.47
939,1000,2,"Clayton_Sine",2000,-1.5,"0.25(log(n))^2",0.61
940,1000,2,"Clayton_Sine",2000,-1.5,"0.25(log(n))^2",0.22
941,1000,2,"Clayton_Sine",2000,-1.5,"0.25(log(n))^2",0.34
942,1000,2,"Clayton_Sine",2000,-1.5,"0.25(log(n))^2",0.35
943,1000,2,"Clayton_Sine",2000,-1.5,"0.25(log(n))^2",0.89
944,1000,2,"Clayton_Sine",2000,-1.5,"0.25(log(n))^2",0.83
945,1000,2,"Clayton_Sine",2000,-1.5,"0.25(log(n))^2",0.02
946,1000,2,"Clayton_Sine",2000,-1.5,"0.25(log(n))^2",0.91
947,1000,2,"Clayton_Sine",2000,-1.5,"0.25(log(n))^2",0.86
948,1000,2,"Clayton_Sine",2000,-1.5,"0.25(log(n))^2",0.71
949,1000,2,"Clayton_Sine",2000,-1.5,"0.25(log(n))^2",0.67
950,1000,2,"Clayton_Sine",2000,-1.5,"0.25(log(n))^2",0.8
951,1000,2,"Clayton_Sine",2000,-1.5,"0.25(log(n))^2",0.18
952,1000,2,"Clayton_Sine",2000,-1.5,"0.25(log(n))^2",0.2
953,1000,2,"Clayton_Sine",2000,-1.5,"0.25(log(n))^2",0.52
954,1000,2,"Clayton_Sine",2000,-1.5,"0.25(log(n))^2",0.82
955,1000,2,"Clayton_Sine",2000,-1.5,"0.25(log(n))^2",0.86
956,1000,2,"Clayton_Sine",2000,-1.5,"0.25(log(n))^2",0.58
957,1000,2,"Clayton_Sine",2000,-1.5,"0.25(log(n))^2",0.55
958,1000,2,"Clayton_Sine",2000,-1.5,"0.25(log(n))^2",0.1
959,1000,2,"Clayton_Sine",2000,-1.5,"0.25(log(n))^2",0.95
960,1000,2,"Clayton_Sine",2000,-1.5,"0.25(log(n))^2",0.79
961,1000,2,"Clayton_Sine",2000,-1.5,"0.25(log(n))^2",0.67
962,1000,2,"Clayton_Sine",2000,-1.5,"0.25(log(n))^2",0.81
963,1000,2,"Clayton_Sine",2000,-1.5,"0.25(log(n))^2",0.13
964,1000,2,"Clayton_Sine",2000,-1.5,"0.25(log(n))^2",0.9
965,1000,2,"Clayton_Sine",2000,-1.5,"0.25(log(n))^2",0.41
966,1000,2,"Clayton_Sine",2000,-1.5,"0.25(log(n))^2",0.27
967,1000,2,"Clayton_Sine",2000,-1.5,"0.25(log(n))^2",0.73
968,1000,2,"Clayton_Sine",2000,-1.5,"0.25(log(n))^2",0.37
969,1000,2,"Clayton_Sine",2000,-1.5,"0.25(log(n))^2",0.53
970,1000,2,"Clayton_Sine",2000,-1.5,"0.25(log(n))^2",0.2
971,1000,2,"Clayton_Sine",2000,-1.5,"0.25(log(n))^2",0.85
972,1000,2,"Clayton_Sine",2000,-1.5,"0.25(log(n))^2",0.95
973,1000,2,"Clayton_Sine",2000,-1.5,"0.25(log(n))^2",0.43
974,1000,2,"Clayton_Sine",2000,-1.5,"0.25(log(n))^2",0.34
975,1000,2,"Clayton_Sine",2000,-1.5,"0.25(log(n))^2",0.71
976,1000,2,"Clayton_Sine",2000,-1.5,"0.25(log(n))^2",0.88
977,1000,2,"Clayton_Sine",2000,-1.5,"0.25(log(n))^2",0.6
978,1000,2,"Clayton_Sine",2000,-1.5,"0.25(log(n))^2",0.75
979,1000,2,"Clayton_Sine",2000,-1.5,"0.25(log(n))^2",0.38
980,1000,2,"Clayton_Sine",2000,-1.5,"0.25(log(n))^2",0.43
981,1000,2,"Clayton_Sine",2000,-1.5,"0.25(log(n))^2",0.14
982,1000,2,"Clayton_Sine",2000,-1.5,"0.25(log(n))^2",0.48
983,1000,2,"Clayton_Sine",2000,-1.5,"0.25(log(n))^2",0.57
984,1000,2,"Clayton_Sine",2000,-1.5,"0.25(log(n))^2",0.9
985,1000,2,"Clayton_Sine",2000,-1.5,"0.25(log(n))^2",0.7
986,1000,2,"Clayton_Sine",2000,-1.5,"0.25(log(n))^2",1
987,1000,2,"Clayton_Sine",2000,-1.5,"0.25(log(n))^2",0.7
988,1000,2,"Clayton_Sine",2000,-1.5,"0.25(log(n))^2",0.23
989,1000,2,"Clayton_Sine",2000,-1.5,"0.25(log(n))^2",0.22
990,1000,2,"Clayton_Sine",2000,-1.5,"0.25(log(n))^2",0.05
991,1000,2,"Clayton_Sine",2000,-1.5,"0.25(log(n))^2",0.52
992,1000,2,"Clayton_Sine",2000,-1.5,"0.25(log(n))^2",0.8
993,1000,2,"Clayton_Sine",2000,-1.5,"0.25(log(n))^2",0.47
994,1000,2,"Clayton_Sine",2000,-1.5,"0.25(log(n))^2",0.56
995,1000,2,"Clayton_Sine",2000,-1.5,"0.25(log(n))^2",0.64
996,1000,2,"Clayton_Sine",2000,-1.5,"0.25(log(n))^2",0.28
997,1000,2,"Clayton_Sine",2000,-1.5,"0.25(log(n))^2",0.35
998,1000,2,"Clayton_Sine",2000,-1.5,"0.25(log(n))^2",0.5
999,1000,2,"Clayton_Sine",2000,-1.5,"0.25(log(n))^2",0.27
1000,1000,2,"Clayton_Sine",2000,-1.5,"0.25(log(n))^2",0.3
1,1000,2,"Clayton_Sine",2000,-1.5,"0.1(log(n))^2",0.28
2,1000,2,"Clayton_Sine",2000,-1.5,"0.1(log(n))^2",0.92
3,1000,2,"Clayton_Sine",2000,-1.5,"0.1(log(n))^2",0.14
4,1000,2,"Clayton_Sine",2000,-1.5,"0.1(log(n))^2",0.15
5,1000,2,"Clayton_Sine",2000,-1.5,"0.1(log(n))^2",0.41
6,1000,2,"Clayton_Sine",2000,-1.5,"0.1(log(n))^2",0.79
7,1000,2,"Clayton_Sine",2000,-1.5,"0.1(log(n))^2",0.12
8,1000,2,"Clayton_Sine",2000,-1.5,"0.1(log(n))^2",0.37
9,1000,2,"Clayton_Sine",2000,-1.5,"0.1(log(n))^2",0.74
10,1000,2,"Clayton_Sine",2000,-1.5,"0.1(log(n))^2",0.09
11,1000,2,"Clayton_Sine",2000,-1.5,"0.1(log(n))^2",0.86
12,1000,2,"Clayton_Sine",2000,-1.5,"0.1(log(n))^2",0.91
13,1000,2,"Clayton_Sine",2000,-1.5,"0.1(log(n))^2",0.67
14,1000,2,"Clayton_Sine",2000,-1.5,"0.1(log(n))^2",0.33
15,1000,2,"Clayton_Sine",2000,-1.5,"0.1(log(n))^2",0.81
16,1000,2,"Clayton_Sine",2000,-1.5,"0.1(log(n))^2",0.99
17,1000,2,"Clayton_Sine",2000,-1.5,"0.1(log(n))^2",0.3
18,1000,2,"Clayton_Sine",2000,-1.5,"0.1(log(n))^2",0.75
19,1000,2,"Clayton_Sine",2000,-1.5,"0.1(log(n))^2",0.33
20,1000,2,"Clayton_Sine",2000,-1.5,"0.1(log(n))^2",0.91
21,1000,2,"Clayton_Sine",2000,-1.5,"0.1(log(n))^2",0.27
22,1000,2,"Clayton_Sine",2000,-1.5,"0.1(log(n))^2",0.73
23,1000,2,"Clayton_Sine",2000,-1.5,"0.1(log(n))^2",0.39
24,1000,2,"Clayton_Sine",2000,-1.5,"0.1(log(n))^2",0.23
25,1000,2,"Clayton_Sine",2000,-1.5,"0.1(log(n))^2",0.46
26,1000,2,"Clayton_Sine",2000,-1.5,"0.1(log(n))^2",0.71
27,1000,2,"Clayton_Sine",2000,-1.5,"0.1(log(n))^2",0.46
28,1000,2,"Clayton_Sine",2000,-1.5,"0.1(log(n))^2",0.23
29,1000,2,"Clayton_Sine",2000,-1.5,"0.1(log(n))^2",0.19
30,1000,2,"Clayton_Sine",2000,-1.5,"0.1(log(n))^2",0.58
31,1000,2,"Clayton_Sine",2000,-1.5,"0.1(log(n))^2",0.51
32,1000,2,"Clayton_Sine",2000,-1.5,"0.1(log(n))^2",0.8
33,1000,2,"Clayton_Sine",2000,-1.5,"0.1(log(n))^2",0.33
34,1000,2,"Clayton_Sine",2000,-1.5,"0.1(log(n))^2",0.53
35,1000,2,"Clayton_Sine",2000,-1.5,"0.1(log(n))^2",0.04
36,1000,2,"Clayton_Sine",2000,-1.5,"0.1(log(n))^2",0.65
37,1000,2,"Clayton_Sine",2000,-1.5,"0.1(log(n))^2",0.72
38,1000,2,"Clayton_Sine",2000,-1.5,"0.1(log(n))^2",0.19
39,1000,2,"Clayton_Sine",2000,-1.5,"0.1(log(n))^2",0.08
40,1000,2,"Clayton_Sine",2000,-1.5,"0.1(log(n))^2",0.28
41,1000,2,"Clayton_Sine",2000,-1.5,"0.1(log(n))^2",0.83
42,1000,2,"Clayton_Sine",2000,-1.5,"0.1(log(n))^2",0.29
43,1000,2,"Clayton_Sine",2000,-1.5,"0.1(log(n))^2",0.47
44,1000,2,"Clayton_Sine",2000,-1.5,"0.1(log(n))^2",0.14
45,1000,2,"Clayton_Sine",2000,-1.5,"0.1(log(n))^2",0.76
46,1000,2,"Clayton_Sine",2000,-1.5,"0.1(log(n))^2",0.33
47,1000,2,"Clayton_Sine",2000,-1.5,"0.1(log(n))^2",0.07
48,1000,2,"Clayton_Sine",2000,-1.5,"0.1(log(n))^2",0.65
49,1000,2,"Clayton_Sine",2000,-1.5,"0.1(log(n))^2",0.9
50,1000,2,"Clayton_Sine",2000,-1.5,"0.1(log(n))^2",0.42
51,1000,2,"Clayton_Sine",2000,-1.5,"0.1(log(n))^2",0.96
52,1000,2,"Clayton_Sine",2000,-1.5,"0.1(log(n))^2",0.1
53,1000,2,"Clayton_Sine",2000,-1.5,"0.1(log(n))^2",0.46
54,1000,2,"Clayton_Sine",2000,-1.5,"0.1(log(n))^2",0.75
55,1000,2,"Clayton_Sine",2000,-1.5,"0.1(log(n))^2",0.4
56,1000,2,"Clayton_Sine",2000,-1.5,"0.1(log(n))^2",0.88
57,1000,2,"Clayton_Sine",2000,-1.5,"0.1(log(n))^2",0.14
58,1000,2,"Clayton_Sine",2000,-1.5,"0.1(log(n))^2",0.33
59,1000,2,"Clayton_Sine",2000,-1.5,"0.1(log(n))^2",0.26
60,1000,2,"Clayton_Sine",2000,-1.5,"0.1(log(n))^2",0.22
61,1000,2,"Clayton_Sine",2000,-1.5,"0.1(log(n))^2",0.09
62,1000,2,"Clayton_Sine",2000,-1.5,"0.1(log(n))^2",0.07
63,1000,2,"Clayton_Sine",2000,-1.5,"0.1(log(n))^2",0.82
64,1000,2,"Clayton_Sine",2000,-1.5,"0.1(log(n))^2",0.72
65,1000,2,"Clayton_Sine",2000,-1.5,"0.1(log(n))^2",0.31
66,1000,2,"Clayton_Sine",2000,-1.5,"0.1(log(n))^2",0.49
67,1000,2,"Clayton_Sine",2000,-1.5,"0.1(log(n))^2",0.15
68,1000,2,"Clayton_Sine",2000,-1.5,"0.1(log(n))^2",0.43
69,1000,2,"Clayton_Sine",2000,-1.5,"0.1(log(n))^2",0.99
70,1000,2,"Clayton_Sine",2000,-1.5,"0.1(log(n))^2",0.32
71,1000,2,"Clayton_Sine",2000,-1.5,"0.1(log(n))^2",0.09
72,1000,2,"Clayton_Sine",2000,-1.5,"0.1(log(n))^2",0.55
73,1000,2,"Clayton_Sine",2000,-1.5,"0.1(log(n))^2",0.08
74,1000,2,"Clayton_Sine",2000,-1.5,"0.1(log(n))^2",0.83
75,1000,2,"Clayton_Sine",2000,-1.5,"0.1(log(n))^2",0.48
76,1000,2,"Clayton_Sine",2000,-1.5,"0.1(log(n))^2",0.98
77,1000,2,"Clayton_Sine",2000,-1.5,"0.1(log(n))^2",0.31
78,1000,2,"Clayton_Sine",2000,-1.5,"0.1(log(n))^2",0.14
79,1000,2,"Clayton_Sine",2000,-1.5,"0.1(log(n))^2",0.5
80,1000,2,"Clayton_Sine",2000,-1.5,"0.1(log(n))^2",0.15
81,1000,2,"Clayton_Sine",2000,-1.5,"0.1(log(n))^2",0.22
82,1000,2,"Clayton_Sine",2000,-1.5,"0.1(log(n))^2",0.63
83,1000,2,"Clayton_Sine",2000,-1.5,"0.1(log(n))^2",0.43
84,1000,2,"Clayton_Sine",2000,-1.5,"0.1(log(n))^2",0.78
85,1000,2,"Clayton_Sine",2000,-1.5,"0.1(log(n))^2",0.19
86,1000,2,"Clayton_Sine",2000,-1.5,"0.1(log(n))^2",0.21
87,1000,2,"Clayton_Sine",2000,-1.5,"0.1(log(n))^2",0.53
88,1000,2,"Clayton_Sine",2000,-1.5,"0.1(log(n))^2",0.7
89,1000,2,"Clayton_Sine",2000,-1.5,"0.1(log(n))^2",0.16
90,1000,2,"Clayton_Sine",2000,-1.5,"0.1(log(n))^2",0.33
91,1000,2,"Clayton_Sine",2000,-1.5,"0.1(log(n))^2",0.54
92,1000,2,"Clayton_Sine",2000,-1.5,"0.1(log(n))^2",0.6
93,1000,2,"Clayton_Sine",2000,-1.5,"0.1(log(n))^2",0.41
94,1000,2,"Clayton_Sine",2000,-1.5,"0.1(log(n))^2",0.41
95,1000,2,"Clayton_Sine",2000,-1.5,"0.1(log(n))^2",0.51
96,1000,2,"Clayton_Sine",2000,-1.5,"0.1(log(n))^2",0.11
97,1000,2,"Clayton_Sine",2000,-1.5,"0.1(log(n))^2",0.76
98,1000,2,"Clayton_Sine",2000,-1.5,"0.1(log(n))^2",0.03
99,1000,2,"Clayton_Sine",2000,-1.5,"0.1(log(n))^2",0.3
100,1000,2,"Clayton_Sine",2000,-1.5,"0.1(log(n))^2",0.59
101,1000,2,"Clayton_Sine",2000,-1.5,"0.1(log(n))^2",0.77
102,1000,2,"Clayton_Sine",2000,-1.5,"0.1(log(n))^2",0.77
103,1000,2,"Clayton_Sine",2000,-1.5,"0.1(log(n))^2",0.42
104,1000,2,"Clayton_Sine",2000,-1.5,"0.1(log(n))^2",0.09
105,1000,2,"Clayton_Sine",2000,-1.5,"0.1(log(n))^2",0.77
106,1000,2,"Clayton_Sine",2000,-1.5,"0.1(log(n))^2",0.97
107,1000,2,"Clayton_Sine",2000,-1.5,"0.1(log(n))^2",0.77
108,1000,2,"Clayton_Sine",2000,-1.5,"0.1(log(n))^2",0.94
109,1000,2,"Clayton_Sine",2000,-1.5,"0.1(log(n))^2",0.88
110,1000,2,"Clayton_Sine",2000,-1.5,"0.1(log(n))^2",0.7
111,1000,2,"Clayton_Sine",2000,-1.5,"0.1(log(n))^2",0.72
112,1000,2,"Clayton_Sine",2000,-1.5,"0.1(log(n))^2",0.56
113,1000,2,"Clayton_Sine",2000,-1.5,"0.1(log(n))^2",0.05
114,1000,2,"Clayton_Sine",2000,-1.5,"0.1(log(n))^2",0.29
115,1000,2,"Clayton_Sine",2000,-1.5,"0.1(log(n))^2",0.19
116,1000,2,"Clayton_Sine",2000,-1.5,"0.1(log(n))^2",0.28
117,1000,2,"Clayton_Sine",2000,-1.5,"0.1(log(n))^2",0.32
118,1000,2,"Clayton_Sine",2000,-1.5,"0.1(log(n))^2",0.22
119,1000,2,"Clayton_Sine",2000,-1.5,"0.1(log(n))^2",0.44
120,1000,2,"Clayton_Sine",2000,-1.5,"0.1(log(n))^2",0.62
121,1000,2,"Clayton_Sine",2000,-1.5,"0.1(log(n))^2",0.56
122,1000,2,"Clayton_Sine",2000,-1.5,"0.1(log(n))^2",0.6
123,1000,2,"Clayton_Sine",2000,-1.5,"0.1(log(n))^2",0.63
124,1000,2,"Clayton_Sine",2000,-1.5,"0.1(log(n))^2",0.25
125,1000,2,"Clayton_Sine",2000,-1.5,"0.1(log(n))^2",0.39
126,1000,2,"Clayton_Sine",2000,-1.5,"0.1(log(n))^2",0.32
127,1000,2,"Clayton_Sine",2000,-1.5,"0.1(log(n))^2",0.1
128,1000,2,"Clayton_Sine",2000,-1.5,"0.1(log(n))^2",0.75
129,1000,2,"Clayton_Sine",2000,-1.5,"0.1(log(n))^2",0.56
130,1000,2,"Clayton_Sine",2000,-1.5,"0.1(log(n))^2",0.01
131,1000,2,"Clayton_Sine",2000,-1.5,"0.1(log(n))^2",0.33
132,1000,2,"Clayton_Sine",2000,-1.5,"0.1(log(n))^2",0.11
133,1000,2,"Clayton_Sine",2000,-1.5,"0.1(log(n))^2",0.42
134,1000,2,"Clayton_Sine",2000,-1.5,"0.1(log(n))^2",0.54
135,1000,2,"Clayton_Sine",2000,-1.5,"0.1(log(n))^2",0.1
136,1000,2,"Clayton_Sine",2000,-1.5,"0.1(log(n))^2",0.47
137,1000,2,"Clayton_Sine",2000,-1.5,"0.1(log(n))^2",0.29
138,1000,2,"Clayton_Sine",2000,-1.5,"0.1(log(n))^2",0.91
139,1000,2,"Clayton_Sine",2000,-1.5,"0.1(log(n))^2",0.39
140,1000,2,"Clayton_Sine",2000,-1.5,"0.1(log(n))^2",0.28
141,1000,2,"Clayton_Sine",2000,-1.5,"0.1(log(n))^2",0.54
142,1000,2,"Clayton_Sine",2000,-1.5,"0.1(log(n))^2",0.56
143,1000,2,"Clayton_Sine",2000,-1.5,"0.1(log(n))^2",0.74
144,1000,2,"Clayton_Sine",2000,-1.5,"0.1(log(n))^2",0.28
145,1000,2,"Clayton_Sine",2000,-1.5,"0.1(log(n))^2",1
146,1000,2,"Clayton_Sine",2000,-1.5,"0.1(log(n))^2",0.54
147,1000,2,"Clayton_Sine",2000,-1.5,"0.1(log(n))^2",0.21
148,1000,2,"Clayton_Sine",2000,-1.5,"0.1(log(n))^2",0.1
149,1000,2,"Clayton_Sine",2000,-1.5,"0.1(log(n))^2",0.47
150,1000,2,"Clayton_Sine",2000,-1.5,"0.1(log(n))^2",0.38
151,1000,2,"Clayton_Sine",2000,-1.5,"0.1(log(n))^2",0.75
152,1000,2,"Clayton_Sine",2000,-1.5,"0.1(log(n))^2",0.57
153,1000,2,"Clayton_Sine",2000,-1.5,"0.1(log(n))^2",0.7
154,1000,2,"Clayton_Sine",2000,-1.5,"0.1(log(n))^2",0.93
155,1000,2,"Clayton_Sine",2000,-1.5,"0.1(log(n))^2",0.71
156,1000,2,"Clayton_Sine",2000,-1.5,"0.1(log(n))^2",0.59
157,1000,2,"Clayton_Sine",2000,-1.5,"0.1(log(n))^2",0.44
158,1000,2,"Clayton_Sine",2000,-1.5,"0.1(log(n))^2",0.53
159,1000,2,"Clayton_Sine",2000,-1.5,"0.1(log(n))^2",0.04
160,1000,2,"Clayton_Sine",2000,-1.5,"0.1(log(n))^2",0.17
161,1000,2,"Clayton_Sine",2000,-1.5,"0.1(log(n))^2",0.8
162,1000,2,"Clayton_Sine",2000,-1.5,"0.1(log(n))^2",0.22
163,1000,2,"Clayton_Sine",2000,-1.5,"0.1(log(n))^2",0.3
164,1000,2,"Clayton_Sine",2000,-1.5,"0.1(log(n))^2",0.74
165,1000,2,"Clayton_Sine",2000,-1.5,"0.1(log(n))^2",0.17
166,1000,2,"Clayton_Sine",2000,-1.5,"0.1(log(n))^2",0.88
167,1000,2,"Clayton_Sine",2000,-1.5,"0.1(log(n))^2",0.8
168,1000,2,"Clayton_Sine",2000,-1.5,"0.1(log(n))^2",0.98
169,1000,2,"Clayton_Sine",2000,-1.5,"0.1(log(n))^2",0.93
170,1000,2,"Clayton_Sine",2000,-1.5,"0.1(log(n))^2",0.06
171,1000,2,"Clayton_Sine",2000,-1.5,"0.1(log(n))^2",0.45
172,1000,2,"Clayton_Sine",2000,-1.5,"0.1(log(n))^2",0.43
173,1000,2,"Clayton_Sine",2000,-1.5,"0.1(log(n))^2",0.78
174,1000,2,"Clayton_Sine",2000,-1.5,"0.1(log(n))^2",0.43
175,1000,2,"Clayton_Sine",2000,-1.5,"0.1(log(n))^2",0.57
176,1000,2,"Clayton_Sine",2000,-1.5,"0.1(log(n))^2",0.75
177,1000,2,"Clayton_Sine",2000,-1.5,"0.1(log(n))^2",0.68
178,1000,2,"Clayton_Sine",2000,-1.5,"0.1(log(n))^2",0.27
179,1000,2,"Clayton_Sine",2000,-1.5,"0.1(log(n))^2",0.4
180,1000,2,"Clayton_Sine",2000,-1.5,"0.1(log(n))^2",0.25
181,1000,2,"Clayton_Sine",2000,-1.5,"0.1(log(n))^2",0.74
182,1000,2,"Clayton_Sine",2000,-1.5,"0.1(log(n))^2",0.15
183,1000,2,"Clayton_Sine",2000,-1.5,"0.1(log(n))^2",0.71
184,1000,2,"Clayton_Sine",2000,-1.5,"0.1(log(n))^2",0.41
185,1000,2,"Clayton_Sine",2000,-1.5,"0.1(log(n))^2",0.31
186,1000,2,"Clayton_Sine",2000,-1.5,"0.1(log(n))^2",0.35
187,1000,2,"Clayton_Sine",2000,-1.5,"0.1(log(n))^2",0.51
188,1000,2,"Clayton_Sine",2000,-1.5,"0.1(log(n))^2",0.69
189,1000,2,"Clayton_Sine",2000,-1.5,"0.1(log(n))^2",0.3
190,1000,2,"Clayton_Sine",2000,-1.5,"0.1(log(n))^2",0.75
191,1000,2,"Clayton_Sine",2000,-1.5,"0.1(log(n))^2",0.94
192,1000,2,"Clayton_Sine",2000,-1.5,"0.1(log(n))^2",0.86
193,1000,2,"Clayton_Sine",2000,-1.5,"0.1(log(n))^2",0.71
194,1000,2,"Clayton_Sine",2000,-1.5,"0.1(log(n))^2",0.44
195,1000,2,"Clayton_Sine",2000,-1.5,"0.1(log(n))^2",0.4
196,1000,2,"Clayton_Sine",2000,-1.5,"0.1(log(n))^2",0.27
197,1000,2,"Clayton_Sine",2000,-1.5,"0.1(log(n))^2",0.56
198,1000,2,"Clayton_Sine",2000,-1.5,"0.1(log(n))^2",0.54
199,1000,2,"Clayton_Sine",2000,-1.5,"0.1(log(n))^2",0.04
200,1000,2,"Clayton_Sine",2000,-1.5,"0.1(log(n))^2",0.34
201,1000,2,"Clayton_Sine",2000,-1.5,"0.1(log(n))^2",0.84
202,1000,2,"Clayton_Sine",2000,-1.5,"0.1(log(n))^2",0.5
203,1000,2,"Clayton_Sine",2000,-1.5,"0.1(log(n))^2",0.09
204,1000,2,"Clayton_Sine",2000,-1.5,"0.1(log(n))^2",0.87
205,1000,2,"Clayton_Sine",2000,-1.5,"0.1(log(n))^2",0.23
206,1000,2,"Clayton_Sine",2000,-1.5,"0.1(log(n))^2",0.71
207,1000,2,"Clayton_Sine",2000,-1.5,"0.1(log(n))^2",0.32
208,1000,2,"Clayton_Sine",2000,-1.5,"0.1(log(n))^2",0.5
209,1000,2,"Clayton_Sine",2000,-1.5,"0.1(log(n))^2",0.39
210,1000,2,"Clayton_Sine",2000,-1.5,"0.1(log(n))^2",0.22
211,1000,2,"Clayton_Sine",2000,-1.5,"0.1(log(n))^2",0.26
212,1000,2,"Clayton_Sine",2000,-1.5,"0.1(log(n))^2",0.29
213,1000,2,"Clayton_Sine",2000,-1.5,"0.1(log(n))^2",0.49
214,1000,2,"Clayton_Sine",2000,-1.5,"0.1(log(n))^2",0.61
215,1000,2,"Clayton_Sine",2000,-1.5,"0.1(log(n))^2",0.23
216,1000,2,"Clayton_Sine",2000,-1.5,"0.1(log(n))^2",0.51
217,1000,2,"Clayton_Sine",2000,-1.5,"0.1(log(n))^2",0.38
218,1000,2,"Clayton_Sine",2000,-1.5,"0.1(log(n))^2",0.71
219,1000,2,"Clayton_Sine",2000,-1.5,"0.1(log(n))^2",0.23
220,1000,2,"Clayton_Sine",2000,-1.5,"0.1(log(n))^2",0.68
221,1000,2,"Clayton_Sine",2000,-1.5,"0.1(log(n))^2",0.36
222,1000,2,"Clayton_Sine",2000,-1.5,"0.1(log(n))^2",0.95
223,1000,2,"Clayton_Sine",2000,-1.5,"0.1(log(n))^2",0.18
224,1000,2,"Clayton_Sine",2000,-1.5,"0.1(log(n))^2",0.15
225,1000,2,"Clayton_Sine",2000,-1.5,"0.1(log(n))^2",0.84
226,1000,2,"Clayton_Sine",2000,-1.5,"0.1(log(n))^2",0.1
227,1000,2,"Clayton_Sine",2000,-1.5,"0.1(log(n))^2",0.72
228,1000,2,"Clayton_Sine",2000,-1.5,"0.1(log(n))^2",0.53
229,1000,2,"Clayton_Sine",2000,-1.5,"0.1(log(n))^2",0.85
230,1000,2,"Clayton_Sine",2000,-1.5,"0.1(log(n))^2",0.48
231,1000,2,"Clayton_Sine",2000,-1.5,"0.1(log(n))^2",0.66
232,1000,2,"Clayton_Sine",2000,-1.5,"0.1(log(n))^2",0.79
233,1000,2,"Clayton_Sine",2000,-1.5,"0.1(log(n))^2",0.49
234,1000,2,"Clayton_Sine",2000,-1.5,"0.1(log(n))^2",0.61
235,1000,2,"Clayton_Sine",2000,-1.5,"0.1(log(n))^2",0.47
236,1000,2,"Clayton_Sine",2000,-1.5,"0.1(log(n))^2",0.65
237,1000,2,"Clayton_Sine",2000,-1.5,"0.1(log(n))^2",0.13
238,1000,2,"Clayton_Sine",2000,-1.5,"0.1(log(n))^2",0.34
239,1000,2,"Clayton_Sine",2000,-1.5,"0.1(log(n))^2",0.8
240,1000,2,"Clayton_Sine",2000,-1.5,"0.1(log(n))^2",0.19
241,1000,2,"Clayton_Sine",2000,-1.5,"0.1(log(n))^2",0.79
242,1000,2,"Clayton_Sine",2000,-1.5,"0.1(log(n))^2",0.57
243,1000,2,"Clayton_Sine",2000,-1.5,"0.1(log(n))^2",0.53
244,1000,2,"Clayton_Sine",2000,-1.5,"0.1(log(n))^2",0.51
245,1000,2,"Clayton_Sine",2000,-1.5,"0.1(log(n))^2",0.99
246,1000,2,"Clayton_Sine",2000,-1.5,"0.1(log(n))^2",0.24
247,1000,2,"Clayton_Sine",2000,-1.5,"0.1(log(n))^2",0.45
248,1000,2,"Clayton_Sine",2000,-1.5,"0.1(log(n))^2",0.5
249,1000,2,"Clayton_Sine",2000,-1.5,"0.1(log(n))^2",0.26
250,1000,2,"Clayton_Sine",2000,-1.5,"0.1(log(n))^2",0.44
251,1000,2,"Clayton_Sine",2000,-1.5,"0.1(log(n))^2",0.55
252,1000,2,"Clayton_Sine",2000,-1.5,"0.1(log(n))^2",0.66
253,1000,2,"Clayton_Sine",2000,-1.5,"0.1(log(n))^2",0.81
254,1000,2,"Clayton_Sine",2000,-1.5,"0.1(log(n))^2",0.85
255,1000,2,"Clayton_Sine",2000,-1.5,"0.1(log(n))^2",0.4
256,1000,2,"Clayton_Sine",2000,-1.5,"0.1(log(n))^2",0.23
257,1000,2,"Clayton_Sine",2000,-1.5,"0.1(log(n))^2",0.46
258,1000,2,"Clayton_Sine",2000,-1.5,"0.1(log(n))^2",0.88
259,1000,2,"Clayton_Sine",2000,-1.5,"0.1(log(n))^2",0.09
260,1000,2,"Clayton_Sine",2000,-1.5,"0.1(log(n))^2",0.53
261,1000,2,"Clayton_Sine",2000,-1.5,"0.1(log(n))^2",0.66
262,1000,2,"Clayton_Sine",2000,-1.5,"0.1(log(n))^2",0.1
263,1000,2,"Clayton_Sine",2000,-1.5,"0.1(log(n))^2",0.42
264,1000,2,"Clayton_Sine",2000,-1.5,"0.1(log(n))^2",0.74
265,1000,2,"Clayton_Sine",2000,-1.5,"0.1(log(n))^2",0.14
266,1000,2,"Clayton_Sine",2000,-1.5,"0.1(log(n))^2",0.05
267,1000,2,"Clayton_Sine",2000,-1.5,"0.1(log(n))^2",0.83
268,1000,2,"Clayton_Sine",2000,-1.5,"0.1(log(n))^2",0.1
269,1000,2,"Clayton_Sine",2000,-1.5,"0.1(log(n))^2",0.55
270,1000,2,"Clayton_Sine",2000,-1.5,"0.1(log(n))^2",0.15
271,1000,2,"Clayton_Sine",2000,-1.5,"0.1(log(n))^2",0.39
272,1000,2,"Clayton_Sine",2000,-1.5,"0.1(log(n))^2",0.66
273,1000,2,"Clayton_Sine",2000,-1.5,"0.1(log(n))^2",0.38
274,1000,2,"Clayton_Sine",2000,-1.5,"0.1(log(n))^2",0.66
275,1000,2,"Clayton_Sine",2000,-1.5,"0.1(log(n))^2",0.36
276,1000,2,"Clayton_Sine",2000,-1.5,"0.1(log(n))^2",0.51
277,1000,2,"Clayton_Sine",2000,-1.5,"0.1(log(n))^2",0.23
278,1000,2,"Clayton_Sine",2000,-1.5,"0.1(log(n))^2",0.51
279,1000,2,"Clayton_Sine",2000,-1.5,"0.1(log(n))^2",0.8
280,1000,2,"Clayton_Sine",2000,-1.5,"0.1(log(n))^2",0.08
281,1000,2,"Clayton_Sine",2000,-1.5,"0.1(log(n))^2",0.29
282,1000,2,"Clayton_Sine",2000,-1.5,"0.1(log(n))^2",0.79
283,1000,2,"Clayton_Sine",2000,-1.5,"0.1(log(n))^2",0.29
284,1000,2,"Clayton_Sine",2000,-1.5,"0.1(log(n))^2",0.7
285,1000,2,"Clayton_Sine",2000,-1.5,"0.1(log(n))^2",0.68
286,1000,2,"Clayton_Sine",2000,-1.5,"0.1(log(n))^2",0.22
287,1000,2,"Clayton_Sine",2000,-1.5,"0.1(log(n))^2",0.58
288,1000,2,"Clayton_Sine",2000,-1.5,"0.1(log(n))^2",0.9
289,1000,2,"Clayton_Sine",2000,-1.5,"0.1(log(n))^2",0.86
290,1000,2,"Clayton_Sine",2000,-1.5,"0.1(log(n))^2",0.96
291,1000,2,"Clayton_Sine",2000,-1.5,"0.1(log(n))^2",0.95
292,1000,2,"Clayton_Sine",2000,-1.5,"0.1(log(n))^2",0.1
293,1000,2,"Clayton_Sine",2000,-1.5,"0.1(log(n))^2",0.54
294,1000,2,"Clayton_Sine",2000,-1.5,"0.1(log(n))^2",0.25
295,1000,2,"Clayton_Sine",2000,-1.5,"0.1(log(n))^2",0.27
296,1000,2,"Clayton_Sine",2000,-1.5,"0.1(log(n))^2",0.33
297,1000,2,"Clayton_Sine",2000,-1.5,"0.1(log(n))^2",0.54
298,1000,2,"Clayton_Sine",2000,-1.5,"0.1(log(n))^2",0.34
299,1000,2,"Clayton_Sine",2000,-1.5,"0.1(log(n))^2",0.7
300,1000,2,"Clayton_Sine",2000,-1.5,"0.1(log(n))^2",0.01
301,1000,2,"Clayton_Sine",2000,-1.5,"0.1(log(n))^2",0.99
302,1000,2,"Clayton_Sine",2000,-1.5,"0.1(log(n))^2",0.28
303,1000,2,"Clayton_Sine",2000,-1.5,"0.1(log(n))^2",0.57
304,1000,2,"Clayton_Sine",2000,-1.5,"0.1(log(n))^2",0.24
305,1000,2,"Clayton_Sine",2000,-1.5,"0.1(log(n))^2",0.23
306,1000,2,"Clayton_Sine",2000,-1.5,"0.1(log(n))^2",0.3
307,1000,2,"Clayton_Sine",2000,-1.5,"0.1(log(n))^2",0.46
308,1000,2,"Clayton_Sine",2000,-1.5,"0.1(log(n))^2",0.97
309,1000,2,"Clayton_Sine",2000,-1.5,"0.1(log(n))^2",0.97
310,1000,2,"Clayton_Sine",2000,-1.5,"0.1(log(n))^2",0.52
311,1000,2,"Clayton_Sine",2000,-1.5,"0.1(log(n))^2",0.29
312,1000,2,"Clayton_Sine",2000,-1.5,"0.1(log(n))^2",0.2
313,1000,2,"Clayton_Sine",2000,-1.5,"0.1(log(n))^2",0.36
314,1000,2,"Clayton_Sine",2000,-1.5,"0.1(log(n))^2",0.23
315,1000,2,"Clayton_Sine",2000,-1.5,"0.1(log(n))^2",0.75
316,1000,2,"Clayton_Sine",2000,-1.5,"0.1(log(n))^2",0.07
317,1000,2,"Clayton_Sine",2000,-1.5,"0.1(log(n))^2",0.44
318,1000,2,"Clayton_Sine",2000,-1.5,"0.1(log(n))^2",0.69
319,1000,2,"Clayton_Sine",2000,-1.5,"0.1(log(n))^2",0.33
320,1000,2,"Clayton_Sine",2000,-1.5,"0.1(log(n))^2",0.43
321,1000,2,"Clayton_Sine",2000,-1.5,"0.1(log(n))^2",0.93
322,1000,2,"Clayton_Sine",2000,-1.5,"0.1(log(n))^2",0.77
323,1000,2,"Clayton_Sine",2000,-1.5,"0.1(log(n))^2",0.82
324,1000,2,"Clayton_Sine",2000,-1.5,"0.1(log(n))^2",0.49
325,1000,2,"Clayton_Sine",2000,-1.5,"0.1(log(n))^2",0.69
326,1000,2,"Clayton_Sine",2000,-1.5,"0.1(log(n))^2",0.36
327,1000,2,"Clayton_Sine",2000,-1.5,"0.1(log(n))^2",0.41
328,1000,2,"Clayton_Sine",2000,-1.5,"0.1(log(n))^2",0.44
329,1000,2,"Clayton_Sine",2000,-1.5,"0.1(log(n))^2",0.31
330,1000,2,"Clayton_Sine",2000,-1.5,"0.1(log(n))^2",0.29
331,1000,2,"Clayton_Sine",2000,-1.5,"0.1(log(n))^2",0.52
332,1000,2,"Clayton_Sine",2000,-1.5,"0.1(log(n))^2",0.02
333,1000,2,"Clayton_Sine",2000,-1.5,"0.1(log(n))^2",0.62
334,1000,2,"Clayton_Sine",2000,-1.5,"0.1(log(n))^2",0.23
335,1000,2,"Clayton_Sine",2000,-1.5,"0.1(log(n))^2",0.1
336,1000,2,"Clayton_Sine",2000,-1.5,"0.1(log(n))^2",0.93
337,1000,2,"Clayton_Sine",2000,-1.5,"0.1(log(n))^2",0.84
338,1000,2,"Clayton_Sine",2000,-1.5,"0.1(log(n))^2",0.65
339,1000,2,"Clayton_Sine",2000,-1.5,"0.1(log(n))^2",0.43
340,1000,2,"Clayton_Sine",2000,-1.5,"0.1(log(n))^2",0.52
341,1000,2,"Clayton_Sine",2000,-1.5,"0.1(log(n))^2",0.2
342,1000,2,"Clayton_Sine",2000,-1.5,"0.1(log(n))^2",0.23
343,1000,2,"Clayton_Sine",2000,-1.5,"0.1(log(n))^2",0.07
344,1000,2,"Clayton_Sine",2000,-1.5,"0.1(log(n))^2",0.57
345,1000,2,"Clayton_Sine",2000,-1.5,"0.1(log(n))^2",0.5
346,1000,2,"Clayton_Sine",2000,-1.5,"0.1(log(n))^2",0.26
347,1000,2,"Clayton_Sine",2000,-1.5,"0.1(log(n))^2",0.29
348,1000,2,"Clayton_Sine",2000,-1.5,"0.1(log(n))^2",0.58
349,1000,2,"Clayton_Sine",2000,-1.5,"0.1(log(n))^2",0.42
350,1000,2,"Clayton_Sine",2000,-1.5,"0.1(log(n))^2",0.46
351,1000,2,"Clayton_Sine",2000,-1.5,"0.1(log(n))^2",0.6
352,1000,2,"Clayton_Sine",2000,-1.5,"0.1(log(n))^2",0.79
353,1000,2,"Clayton_Sine",2000,-1.5,"0.1(log(n))^2",0.71
354,1000,2,"Clayton_Sine",2000,-1.5,"0.1(log(n))^2",0.45
355,1000,2,"Clayton_Sine",2000,-1.5,"0.1(log(n))^2",0.14
356,1000,2,"Clayton_Sine",2000,-1.5,"0.1(log(n))^2",0.34
357,1000,2,"Clayton_Sine",2000,-1.5,"0.1(log(n))^2",0.25
358,1000,2,"Clayton_Sine",2000,-1.5,"0.1(log(n))^2",0.43
359,1000,2,"Clayton_Sine",2000,-1.5,"0.1(log(n))^2",0.01
360,1000,2,"Clayton_Sine",2000,-1.5,"0.1(log(n))^2",0.31
361,1000,2,"Clayton_Sine",2000,-1.5,"0.1(log(n))^2",0.45
362,1000,2,"Clayton_Sine",2000,-1.5,"0.1(log(n))^2",0.68
363,1000,2,"Clayton_Sine",2000,-1.5,"0.1(log(n))^2",0.37
364,1000,2,"Clayton_Sine",2000,-1.5,"0.1(log(n))^2",0.23
365,1000,2,"Clayton_Sine",2000,-1.5,"0.1(log(n))^2",0.52
366,1000,2,"Clayton_Sine",2000,-1.5,"0.1(log(n))^2",0.88
367,1000,2,"Clayton_Sine",2000,-1.5,"0.1(log(n))^2",0.58
368,1000,2,"Clayton_Sine",2000,-1.5,"0.1(log(n))^2",0.63
369,1000,2,"Clayton_Sine",2000,-1.5,"0.1(log(n))^2",0.34
370,1000,2,"Clayton_Sine",2000,-1.5,"0.1(log(n))^2",0.08
371,1000,2,"Clayton_Sine",2000,-1.5,"0.1(log(n))^2",0.55
372,1000,2,"Clayton_Sine",2000,-1.5,"0.1(log(n))^2",0.82
373,1000,2,"Clayton_Sine",2000,-1.5,"0.1(log(n))^2",0.4
374,1000,2,"Clayton_Sine",2000,-1.5,"0.1(log(n))^2",0.2
375,1000,2,"Clayton_Sine",2000,-1.5,"0.1(log(n))^2",0.25
376,1000,2,"Clayton_Sine",2000,-1.5,"0.1(log(n))^2",0.27
377,1000,2,"Clayton_Sine",2000,-1.5,"0.1(log(n))^2",0.33
378,1000,2,"Clayton_Sine",2000,-1.5,"0.1(log(n))^2",0.21
379,1000,2,"Clayton_Sine",2000,-1.5,"0.1(log(n))^2",0.58
380,1000,2,"Clayton_Sine",2000,-1.5,"0.1(log(n))^2",0.91
381,1000,2,"Clayton_Sine",2000,-1.5,"0.1(log(n))^2",0.19
382,1000,2,"Clayton_Sine",2000,-1.5,"0.1(log(n))^2",0.53
383,1000,2,"Clayton_Sine",2000,-1.5,"0.1(log(n))^2",0.12
384,1000,2,"Clayton_Sine",2000,-1.5,"0.1(log(n))^2",0.21
385,1000,2,"Clayton_Sine",2000,-1.5,"0.1(log(n))^2",0.75
386,1000,2,"Clayton_Sine",2000,-1.5,"0.1(log(n))^2",0.7
387,1000,2,"Clayton_Sine",2000,-1.5,"0.1(log(n))^2",0.11
388,1000,2,"Clayton_Sine",2000,-1.5,"0.1(log(n))^2",0.46
389,1000,2,"Clayton_Sine",2000,-1.5,"0.1(log(n))^2",0.27
390,1000,2,"Clayton_Sine",2000,-1.5,"0.1(log(n))^2",0.4
391,1000,2,"Clayton_Sine",2000,-1.5,"0.1(log(n))^2",0.51
392,1000,2,"Clayton_Sine",2000,-1.5,"0.1(log(n))^2",0.6
393,1000,2,"Clayton_Sine",2000,-1.5,"0.1(log(n))^2",0.45
394,1000,2,"Clayton_Sine",2000,-1.5,"0.1(log(n))^2",0.38
395,1000,2,"Clayton_Sine",2000,-1.5,"0.1(log(n))^2",0.81
396,1000,2,"Clayton_Sine",2000,-1.5,"0.1(log(n))^2",1
397,1000,2,"Clayton_Sine",2000,-1.5,"0.1(log(n))^2",0.33
398,1000,2,"Clayton_Sine",2000,-1.5,"0.1(log(n))^2",0.45
399,1000,2,"Clayton_Sine",2000,-1.5,"0.1(log(n))^2",0.22
400,1000,2,"Clayton_Sine",2000,-1.5,"0.1(log(n))^2",0.13
401,1000,2,"Clayton_Sine",2000,-1.5,"0.1(log(n))^2",0.27
402,1000,2,"Clayton_Sine",2000,-1.5,"0.1(log(n))^2",0.4
403,1000,2,"Clayton_Sine",2000,-1.5,"0.1(log(n))^2",0.57
404,1000,2,"Clayton_Sine",2000,-1.5,"0.1(log(n))^2",0.54
405,1000,2,"Clayton_Sine",2000,-1.5,"0.1(log(n))^2",0.18
406,1000,2,"Clayton_Sine",2000,-1.5,"0.1(log(n))^2",0.24
407,1000,2,"Clayton_Sine",2000,-1.5,"0.1(log(n))^2",0.29
408,1000,2,"Clayton_Sine",2000,-1.5,"0.1(log(n))^2",0.52
409,1000,2,"Clayton_Sine",2000,-1.5,"0.1(log(n))^2",0.78
410,1000,2,"Clayton_Sine",2000,-1.5,"0.1(log(n))^2",0.88
411,1000,2,"Clayton_Sine",2000,-1.5,"0.1(log(n))^2",0.12
412,1000,2,"Clayton_Sine",2000,-1.5,"0.1(log(n))^2",0.86
413,1000,2,"Clayton_Sine",2000,-1.5,"0.1(log(n))^2",0.1
414,1000,2,"Clayton_Sine",2000,-1.5,"0.1(log(n))^2",0.34
415,1000,2,"Clayton_Sine",2000,-1.5,"0.1(log(n))^2",0.37
416,1000,2,"Clayton_Sine",2000,-1.5,"0.1(log(n))^2",0.69
417,1000,2,"Clayton_Sine",2000,-1.5,"0.1(log(n))^2",0.54
418,1000,2,"Clayton_Sine",2000,-1.5,"0.1(log(n))^2",0.02
419,1000,2,"Clayton_Sine",2000,-1.5,"0.1(log(n))^2",0.14
420,1000,2,"Clayton_Sine",2000,-1.5,"0.1(log(n))^2",0.26
421,1000,2,"Clayton_Sine",2000,-1.5,"0.1(log(n))^2",0.69
422,1000,2,"Clayton_Sine",2000,-1.5,"0.1(log(n))^2",0.32
423,1000,2,"Clayton_Sine",2000,-1.5,"0.1(log(n))^2",0.71
424,1000,2,"Clayton_Sine",2000,-1.5,"0.1(log(n))^2",0.85
425,1000,2,"Clayton_Sine",2000,-1.5,"0.1(log(n))^2",0.6
426,1000,2,"Clayton_Sine",2000,-1.5,"0.1(log(n))^2",0.59
427,1000,2,"Clayton_Sine",2000,-1.5,"0.1(log(n))^2",0.83
428,1000,2,"Clayton_Sine",2000,-1.5,"0.1(log(n))^2",0.78
429,1000,2,"Clayton_Sine",2000,-1.5,"0.1(log(n))^2",0.15
430,1000,2,"Clayton_Sine",2000,-1.5,"0.1(log(n))^2",0.64
431,1000,2,"Clayton_Sine",2000,-1.5,"0.1(log(n))^2",0.54
432,1000,2,"Clayton_Sine",2000,-1.5,"0.1(log(n))^2",0.16
433,1000,2,"Clayton_Sine",2000,-1.5,"0.1(log(n))^2",0.4
434,1000,2,"Clayton_Sine",2000,-1.5,"0.1(log(n))^2",0.16
435,1000,2,"Clayton_Sine",2000,-1.5,"0.1(log(n))^2",0.95
436,1000,2,"Clayton_Sine",2000,-1.5,"0.1(log(n))^2",0.45
437,1000,2,"Clayton_Sine",2000,-1.5,"0.1(log(n))^2",0.87
438,1000,2,"Clayton_Sine",2000,-1.5,"0.1(log(n))^2",0.32
439,1000,2,"Clayton_Sine",2000,-1.5,"0.1(log(n))^2",0.97
440,1000,2,"Clayton_Sine",2000,-1.5,"0.1(log(n))^2",0.36
441,1000,2,"Clayton_Sine",2000,-1.5,"0.1(log(n))^2",0.48
442,1000,2,"Clayton_Sine",2000,-1.5,"0.1(log(n))^2",0.71
443,1000,2,"Clayton_Sine",2000,-1.5,"0.1(log(n))^2",0.41
444,1000,2,"Clayton_Sine",2000,-1.5,"0.1(log(n))^2",0.69
445,1000,2,"Clayton_Sine",2000,-1.5,"0.1(log(n))^2",0.27
446,1000,2,"Clayton_Sine",2000,-1.5,"0.1(log(n))^2",0.48
447,1000,2,"Clayton_Sine",2000,-1.5,"0.1(log(n))^2",0.24
448,1000,2,"Clayton_Sine",2000,-1.5,"0.1(log(n))^2",0.15
449,1000,2,"Clayton_Sine",2000,-1.5,"0.1(log(n))^2",0.31
450,1000,2,"Clayton_Sine",2000,-1.5,"0.1(log(n))^2",0.03
451,1000,2,"Clayton_Sine",2000,-1.5,"0.1(log(n))^2",0.44
452,1000,2,"Clayton_Sine",2000,-1.5,"0.1(log(n))^2",0.92
453,1000,2,"Clayton_Sine",2000,-1.5,"0.1(log(n))^2",0.78
454,1000,2,"Clayton_Sine",2000,-1.5,"0.1(log(n))^2",0.25
455,1000,2,"Clayton_Sine",2000,-1.5,"0.1(log(n))^2",0.31
456,1000,2,"Clayton_Sine",2000,-1.5,"0.1(log(n))^2",0.39
457,1000,2,"Clayton_Sine",2000,-1.5,"0.1(log(n))^2",0.53
458,1000,2,"Clayton_Sine",2000,-1.5,"0.1(log(n))^2",0.15
459,1000,2,"Clayton_Sine",2000,-1.5,"0.1(log(n))^2",0.86
460,1000,2,"Clayton_Sine",2000,-1.5,"0.1(log(n))^2",0.05
461,1000,2,"Clayton_Sine",2000,-1.5,"0.1(log(n))^2",0.32
462,1000,2,"Clayton_Sine",2000,-1.5,"0.1(log(n))^2",0.33
463,1000,2,"Clayton_Sine",2000,-1.5,"0.1(log(n))^2",1
464,1000,2,"Clayton_Sine",2000,-1.5,"0.1(log(n))^2",0.69
465,1000,2,"Clayton_Sine",2000,-1.5,"0.1(log(n))^2",0.45
466,1000,2,"Clayton_Sine",2000,-1.5,"0.1(log(n))^2",0.48
467,1000,2,"Clayton_Sine",2000,-1.5,"0.1(log(n))^2",0.13
468,1000,2,"Clayton_Sine",2000,-1.5,"0.1(log(n))^2",0.23
469,1000,2,"Clayton_Sine",2000,-1.5,"0.1(log(n))^2",0.82
470,1000,2,"Clayton_Sine",2000,-1.5,"0.1(log(n))^2",0.58
471,1000,2,"Clayton_Sine",2000,-1.5,"0.1(log(n))^2",0.89
472,1000,2,"Clayton_Sine",2000,-1.5,"0.1(log(n))^2",0.19
473,1000,2,"Clayton_Sine",2000,-1.5,"0.1(log(n))^2",0.25
474,1000,2,"Clayton_Sine",2000,-1.5,"0.1(log(n))^2",0.2
475,1000,2,"Clayton_Sine",2000,-1.5,"0.1(log(n))^2",0.78
476,1000,2,"Clayton_Sine",2000,-1.5,"0.1(log(n))^2",0.12
477,1000,2,"Clayton_Sine",2000,-1.5,"0.1(log(n))^2",0.38
478,1000,2,"Clayton_Sine",2000,-1.5,"0.1(log(n))^2",0.17
479,1000,2,"Clayton_Sine",2000,-1.5,"0.1(log(n))^2",0.18
480,1000,2,"Clayton_Sine",2000,-1.5,"0.1(log(n))^2",0.63
481,1000,2,"Clayton_Sine",2000,-1.5,"0.1(log(n))^2",0.78
482,1000,2,"Clayton_Sine",2000,-1.5,"0.1(log(n))^2",0.23
483,1000,2,"Clayton_Sine",2000,-1.5,"0.1(log(n))^2",0.57
484,1000,2,"Clayton_Sine",2000,-1.5,"0.1(log(n))^2",0.29
485,1000,2,"Clayton_Sine",2000,-1.5,"0.1(log(n))^2",0.05
486,1000,2,"Clayton_Sine",2000,-1.5,"0.1(log(n))^2",0.1
487,1000,2,"Clayton_Sine",2000,-1.5,"0.1(log(n))^2",0.29
488,1000,2,"Clayton_Sine",2000,-1.5,"0.1(log(n))^2",0.71
489,1000,2,"Clayton_Sine",2000,-1.5,"0.1(log(n))^2",0.02
490,1000,2,"Clayton_Sine",2000,-1.5,"0.1(log(n))^2",0.89
491,1000,2,"Clayton_Sine",2000,-1.5,"0.1(log(n))^2",0.33
492,1000,2,"Clayton_Sine",2000,-1.5,"0.1(log(n))^2",0.56
493,1000,2,"Clayton_Sine",2000,-1.5,"0.1(log(n))^2",0.99
494,1000,2,"Clayton_Sine",2000,-1.5,"0.1(log(n))^2",0.82
495,1000,2,"Clayton_Sine",2000,-1.5,"0.1(log(n))^2",0.9
496,1000,2,"Clayton_Sine",2000,-1.5,"0.1(log(n))^2",0.54
497,1000,2,"Clayton_Sine",2000,-1.5,"0.1(log(n))^2",0.31
498,1000,2,"Clayton_Sine",2000,-1.5,"0.1(log(n))^2",0.38
499,1000,2,"Clayton_Sine",2000,-1.5,"0.1(log(n))^2",0.43
500,1000,2,"Clayton_Sine",2000,-1.5,"0.1(log(n))^2",0.1
501,1000,2,"Clayton_Sine",2000,-1.5,"0.1(log(n))^2",0.61
502,1000,2,"Clayton_Sine",2000,-1.5,"0.1(log(n))^2",0.68
503,1000,2,"Clayton_Sine",2000,-1.5,"0.1(log(n))^2",0.9
504,1000,2,"Clayton_Sine",2000,-1.5,"0.1(log(n))^2",0.85
505,1000,2,"Clayton_Sine",2000,-1.5,"0.1(log(n))^2",0.76
506,1000,2,"Clayton_Sine",2000,-1.5,"0.1(log(n))^2",0.5
507,1000,2,"Clayton_Sine",2000,-1.5,"0.1(log(n))^2",0.3
508,1000,2,"Clayton_Sine",2000,-1.5,"0.1(log(n))^2",0.79
509,1000,2,"Clayton_Sine",2000,-1.5,"0.1(log(n))^2",0.14
510,1000,2,"Clayton_Sine",2000,-1.5,"0.1(log(n))^2",0.59
511,1000,2,"Clayton_Sine",2000,-1.5,"0.1(log(n))^2",0.48
512,1000,2,"Clayton_Sine",2000,-1.5,"0.1(log(n))^2",0.38
513,1000,2,"Clayton_Sine",2000,-1.5,"0.1(log(n))^2",0.98
514,1000,2,"Clayton_Sine",2000,-1.5,"0.1(log(n))^2",0.78
515,1000,2,"Clayton_Sine",2000,-1.5,"0.1(log(n))^2",0.63
516,1000,2,"Clayton_Sine",2000,-1.5,"0.1(log(n))^2",0.51
517,1000,2,"Clayton_Sine",2000,-1.5,"0.1(log(n))^2",0.86
518,1000,2,"Clayton_Sine",2000,-1.5,"0.1(log(n))^2",0.34
519,1000,2,"Clayton_Sine",2000,-1.5,"0.1(log(n))^2",0.09
520,1000,2,"Clayton_Sine",2000,-1.5,"0.1(log(n))^2",0.1
521,1000,2,"Clayton_Sine",2000,-1.5,"0.1(log(n))^2",0.22
522,1000,2,"Clayton_Sine",2000,-1.5,"0.1(log(n))^2",0.52
523,1000,2,"Clayton_Sine",2000,-1.5,"0.1(log(n))^2",0.19
524,1000,2,"Clayton_Sine",2000,-1.5,"0.1(log(n))^2",0.88
525,1000,2,"Clayton_Sine",2000,-1.5,"0.1(log(n))^2",0.18
526,1000,2,"Clayton_Sine",2000,-1.5,"0.1(log(n))^2",0.89
527,1000,2,"Clayton_Sine",2000,-1.5,"0.1(log(n))^2",0.2
528,1000,2,"Clayton_Sine",2000,-1.5,"0.1(log(n))^2",0.77
529,1000,2,"Clayton_Sine",2000,-1.5,"0.1(log(n))^2",0.04
530,1000,2,"Clayton_Sine",2000,-1.5,"0.1(log(n))^2",0.39
531,1000,2,"Clayton_Sine",2000,-1.5,"0.1(log(n))^2",0.98
532,1000,2,"Clayton_Sine",2000,-1.5,"0.1(log(n))^2",0.82
533,1000,2,"Clayton_Sine",2000,-1.5,"0.1(log(n))^2",0.95
534,1000,2,"Clayton_Sine",2000,-1.5,"0.1(log(n))^2",0.84
535,1000,2,"Clayton_Sine",2000,-1.5,"0.1(log(n))^2",0.59
536,1000,2,"Clayton_Sine",2000,-1.5,"0.1(log(n))^2",0.98
537,1000,2,"Clayton_Sine",2000,-1.5,"0.1(log(n))^2",0.56
538,1000,2,"Clayton_Sine",2000,-1.5,"0.1(log(n))^2",0.81
539,1000,2,"Clayton_Sine",2000,-1.5,"0.1(log(n))^2",0.78
540,1000,2,"Clayton_Sine",2000,-1.5,"0.1(log(n))^2",0.55
541,1000,2,"Clayton_Sine",2000,-1.5,"0.1(log(n))^2",0.05
542,1000,2,"Clayton_Sine",2000,-1.5,"0.1(log(n))^2",0.6
543,1000,2,"Clayton_Sine",2000,-1.5,"0.1(log(n))^2",0.57
544,1000,2,"Clayton_Sine",2000,-1.5,"0.1(log(n))^2",0.1
545,1000,2,"Clayton_Sine",2000,-1.5,"0.1(log(n))^2",0.92
546,1000,2,"Clayton_Sine",2000,-1.5,"0.1(log(n))^2",0.41
547,1000,2,"Clayton_Sine",2000,-1.5,"0.1(log(n))^2",0.28
548,1000,2,"Clayton_Sine",2000,-1.5,"0.1(log(n))^2",0.88
549,1000,2,"Clayton_Sine",2000,-1.5,"0.1(log(n))^2",0.3
550,1000,2,"Clayton_Sine",2000,-1.5,"0.1(log(n))^2",0.27
551,1000,2,"Clayton_Sine",2000,-1.5,"0.1(log(n))^2",0.76
552,1000,2,"Clayton_Sine",2000,-1.5,"0.1(log(n))^2",0.31
553,1000,2,"Clayton_Sine",2000,-1.5,"0.1(log(n))^2",0.2
554,1000,2,"Clayton_Sine",2000,-1.5,"0.1(log(n))^2",0.28
555,1000,2,"Clayton_Sine",2000,-1.5,"0.1(log(n))^2",0.2
556,1000,2,"Clayton_Sine",2000,-1.5,"0.1(log(n))^2",0.31
557,1000,2,"Clayton_Sine",2000,-1.5,"0.1(log(n))^2",0.42
558,1000,2,"Clayton_Sine",2000,-1.5,"0.1(log(n))^2",0.21
559,1000,2,"Clayton_Sine",2000,-1.5,"0.1(log(n))^2",0.58
560,1000,2,"Clayton_Sine",2000,-1.5,"0.1(log(n))^2",0.49
561,1000,2,"Clayton_Sine",2000,-1.5,"0.1(log(n))^2",0.25
562,1000,2,"Clayton_Sine",2000,-1.5,"0.1(log(n))^2",0.01
563,1000,2,"Clayton_Sine",2000,-1.5,"0.1(log(n))^2",1
564,1000,2,"Clayton_Sine",2000,-1.5,"0.1(log(n))^2",0.26
565,1000,2,"Clayton_Sine",2000,-1.5,"0.1(log(n))^2",0.42
566,1000,2,"Clayton_Sine",2000,-1.5,"0.1(log(n))^2",0.37
567,1000,2,"Clayton_Sine",2000,-1.5,"0.1(log(n))^2",0.65
568,1000,2,"Clayton_Sine",2000,-1.5,"0.1(log(n))^2",0.86
569,1000,2,"Clayton_Sine",2000,-1.5,"0.1(log(n))^2",0.02
570,1000,2,"Clayton_Sine",2000,-1.5,"0.1(log(n))^2",0.49
571,1000,2,"Clayton_Sine",2000,-1.5,"0.1(log(n))^2",0.67
572,1000,2,"Clayton_Sine",2000,-1.5,"0.1(log(n))^2",0.29
573,1000,2,"Clayton_Sine",2000,-1.5,"0.1(log(n))^2",0.76
574,1000,2,"Clayton_Sine",2000,-1.5,"0.1(log(n))^2",0.87
575,1000,2,"Clayton_Sine",2000,-1.5,"0.1(log(n))^2",0.64
576,1000,2,"Clayton_Sine",2000,-1.5,"0.1(log(n))^2",0.21
577,1000,2,"Clayton_Sine",2000,-1.5,"0.1(log(n))^2",0.61
578,1000,2,"Clayton_Sine",2000,-1.5,"0.1(log(n))^2",0.44
579,1000,2,"Clayton_Sine",2000,-1.5,"0.1(log(n))^2",0.83
580,1000,2,"Clayton_Sine",2000,-1.5,"0.1(log(n))^2",0.78
581,1000,2,"Clayton_Sine",2000,-1.5,"0.1(log(n))^2",0.48
582,1000,2,"Clayton_Sine",2000,-1.5,"0.1(log(n))^2",0.98
583,1000,2,"Clayton_Sine",2000,-1.5,"0.1(log(n))^2",0.72
584,1000,2,"Clayton_Sine",2000,-1.5,"0.1(log(n))^2",0.09
585,1000,2,"Clayton_Sine",2000,-1.5,"0.1(log(n))^2",0.96
586,1000,2,"Clayton_Sine",2000,-1.5,"0.1(log(n))^2",0.64
587,1000,2,"Clayton_Sine",2000,-1.5,"0.1(log(n))^2",0.17
588,1000,2,"Clayton_Sine",2000,-1.5,"0.1(log(n))^2",0.75
589,1000,2,"Clayton_Sine",2000,-1.5,"0.1(log(n))^2",0.71
590,1000,2,"Clayton_Sine",2000,-1.5,"0.1(log(n))^2",0.29
591,1000,2,"Clayton_Sine",2000,-1.5,"0.1(log(n))^2",0.53
592,1000,2,"Clayton_Sine",2000,-1.5,"0.1(log(n))^2",0.13
593,1000,2,"Clayton_Sine",2000,-1.5,"0.1(log(n))^2",0.9
594,1000,2,"Clayton_Sine",2000,-1.5,"0.1(log(n))^2",0.38
595,1000,2,"Clayton_Sine",2000,-1.5,"0.1(log(n))^2",0.16
596,1000,2,"Clayton_Sine",2000,-1.5,"0.1(log(n))^2",0.97
597,1000,2,"Clayton_Sine",2000,-1.5,"0.1(log(n))^2",0.14
598,1000,2,"Clayton_Sine",2000,-1.5,"0.1(log(n))^2",0.65
599,1000,2,"Clayton_Sine",2000,-1.5,"0.1(log(n))^2",0.58
600,1000,2,"Clayton_Sine",2000,-1.5,"0.1(log(n))^2",0.74
601,1000,2,"Clayton_Sine",2000,-1.5,"0.1(log(n))^2",0.88
602,1000,2,"Clayton_Sine",2000,-1.5,"0.1(log(n))^2",0.18
603,1000,2,"Clayton_Sine",2000,-1.5,"0.1(log(n))^2",0.2
604,1000,2,"Clayton_Sine",2000,-1.5,"0.1(log(n))^2",1
605,1000,2,"Clayton_Sine",2000,-1.5,"0.1(log(n))^2",0.4
606,1000,2,"Clayton_Sine",2000,-1.5,"0.1(log(n))^2",0.33
607,1000,2,"Clayton_Sine",2000,-1.5,"0.1(log(n))^2",0.24
608,1000,2,"Clayton_Sine",2000,-1.5,"0.1(log(n))^2",0.89
609,1000,2,"Clayton_Sine",2000,-1.5,"0.1(log(n))^2",0.41
610,1000,2,"Clayton_Sine",2000,-1.5,"0.1(log(n))^2",0.94
611,1000,2,"Clayton_Sine",2000,-1.5,"0.1(log(n))^2",0.06
612,1000,2,"Clayton_Sine",2000,-1.5,"0.1(log(n))^2",0.45
613,1000,2,"Clayton_Sine",2000,-1.5,"0.1(log(n))^2",0.87
614,1000,2,"Clayton_Sine",2000,-1.5,"0.1(log(n))^2",0.71
615,1000,2,"Clayton_Sine",2000,-1.5,"0.1(log(n))^2",0.64
616,1000,2,"Clayton_Sine",2000,-1.5,"0.1(log(n))^2",0.71
617,1000,2,"Clayton_Sine",2000,-1.5,"0.1(log(n))^2",0.88
618,1000,2,"Clayton_Sine",2000,-1.5,"0.1(log(n))^2",0.52
619,1000,2,"Clayton_Sine",2000,-1.5,"0.1(log(n))^2",0.3
620,1000,2,"Clayton_Sine",2000,-1.5,"0.1(log(n))^2",0.56
621,1000,2,"Clayton_Sine",2000,-1.5,"0.1(log(n))^2",0.81
622,1000,2,"Clayton_Sine",2000,-1.5,"0.1(log(n))^2",0.19
623,1000,2,"Clayton_Sine",2000,-1.5,"0.1(log(n))^2",0.81
624,1000,2,"Clayton_Sine",2000,-1.5,"0.1(log(n))^2",0.52
625,1000,2,"Clayton_Sine",2000,-1.5,"0.1(log(n))^2",0.66
626,1000,2,"Clayton_Sine",2000,-1.5,"0.1(log(n))^2",0.78
627,1000,2,"Clayton_Sine",2000,-1.5,"0.1(log(n))^2",0.39
628,1000,2,"Clayton_Sine",2000,-1.5,"0.1(log(n))^2",0.52
629,1000,2,"Clayton_Sine",2000,-1.5,"0.1(log(n))^2",0.91
630,1000,2,"Clayton_Sine",2000,-1.5,"0.1(log(n))^2",0.32
631,1000,2,"Clayton_Sine",2000,-1.5,"0.1(log(n))^2",0.92
632,1000,2,"Clayton_Sine",2000,-1.5,"0.1(log(n))^2",0.49
633,1000,2,"Clayton_Sine",2000,-1.5,"0.1(log(n))^2",0.75
634,1000,2,"Clayton_Sine",2000,-1.5,"0.1(log(n))^2",0.14
635,1000,2,"Clayton_Sine",2000,-1.5,"0.1(log(n))^2",0.9
636,1000,2,"Clayton_Sine",2000,-1.5,"0.1(log(n))^2",0.35
637,1000,2,"Clayton_Sine",2000,-1.5,"0.1(log(n))^2",0.88
638,1000,2,"Clayton_Sine",2000,-1.5,"0.1(log(n))^2",0.15
639,1000,2,"Clayton_Sine",2000,-1.5,"0.1(log(n))^2",0.47
640,1000,2,"Clayton_Sine",2000,-1.5,"0.1(log(n))^2",0.9
641,1000,2,"Clayton_Sine",2000,-1.5,"0.1(log(n))^2",0.69
642,1000,2,"Clayton_Sine",2000,-1.5,"0.1(log(n))^2",0.73
643,1000,2,"Clayton_Sine",2000,-1.5,"0.1(log(n))^2",0.26
644,1000,2,"Clayton_Sine",2000,-1.5,"0.1(log(n))^2",0.42
645,1000,2,"Clayton_Sine",2000,-1.5,"0.1(log(n))^2",0.89
646,1000,2,"Clayton_Sine",2000,-1.5,"0.1(log(n))^2",0.62
647,1000,2,"Clayton_Sine",2000,-1.5,"0.1(log(n))^2",0.33
648,1000,2,"Clayton_Sine",2000,-1.5,"0.1(log(n))^2",0.48
649,1000,2,"Clayton_Sine",2000,-1.5,"0.1(log(n))^2",0.43
650,1000,2,"Clayton_Sine",2000,-1.5,"0.1(log(n))^2",0.21
651,1000,2,"Clayton_Sine",2000,-1.5,"0.1(log(n))^2",0.22
652,1000,2,"Clayton_Sine",2000,-1.5,"0.1(log(n))^2",0.2
653,1000,2,"Clayton_Sine",2000,-1.5,"0.1(log(n))^2",0.79
654,1000,2,"Clayton_Sine",2000,-1.5,"0.1(log(n))^2",0.38
655,1000,2,"Clayton_Sine",2000,-1.5,"0.1(log(n))^2",0.45
656,1000,2,"Clayton_Sine",2000,-1.5,"0.1(log(n))^2",0.34
657,1000,2,"Clayton_Sine",2000,-1.5,"0.1(log(n))^2",0.33
658,1000,2,"Clayton_Sine",2000,-1.5,"0.1(log(n))^2",0.25
659,1000,2,"Clayton_Sine",2000,-1.5,"0.1(log(n))^2",0.64
660,1000,2,"Clayton_Sine",2000,-1.5,"0.1(log(n))^2",0.88
661,1000,2,"Clayton_Sine",2000,-1.5,"0.1(log(n))^2",0.67
662,1000,2,"Clayton_Sine",2000,-1.5,"0.1(log(n))^2",0.15
663,1000,2,"Clayton_Sine",2000,-1.5,"0.1(log(n))^2",0.48
664,1000,2,"Clayton_Sine",2000,-1.5,"0.1(log(n))^2",0.67
665,1000,2,"Clayton_Sine",2000,-1.5,"0.1(log(n))^2",0.93
666,1000,2,"Clayton_Sine",2000,-1.5,"0.1(log(n))^2",0.28
667,1000,2,"Clayton_Sine",2000,-1.5,"0.1(log(n))^2",0.99
668,1000,2,"Clayton_Sine",2000,-1.5,"0.1(log(n))^2",0.66
669,1000,2,"Clayton_Sine",2000,-1.5,"0.1(log(n))^2",0.33
670,1000,2,"Clayton_Sine",2000,-1.5,"0.1(log(n))^2",0.5
671,1000,2,"Clayton_Sine",2000,-1.5,"0.1(log(n))^2",0.58
672,1000,2,"Clayton_Sine",2000,-1.5,"0.1(log(n))^2",0.72
673,1000,2,"Clayton_Sine",2000,-1.5,"0.1(log(n))^2",0.05
674,1000,2,"Clayton_Sine",2000,-1.5,"0.1(log(n))^2",0.61
675,1000,2,"Clayton_Sine",2000,-1.5,"0.1(log(n))^2",0.74
676,1000,2,"Clayton_Sine",2000,-1.5,"0.1(log(n))^2",0.36
677,1000,2,"Clayton_Sine",2000,-1.5,"0.1(log(n))^2",0.97
678,1000,2,"Clayton_Sine",2000,-1.5,"0.1(log(n))^2",0.26
679,1000,2,"Clayton_Sine",2000,-1.5,"0.1(log(n))^2",0.56
680,1000,2,"Clayton_Sine",2000,-1.5,"0.1(log(n))^2",0.7
681,1000,2,"Clayton_Sine",2000,-1.5,"0.1(log(n))^2",0.77
682,1000,2,"Clayton_Sine",2000,-1.5,"0.1(log(n))^2",0.28
683,1000,2,"Clayton_Sine",2000,-1.5,"0.1(log(n))^2",0.37
684,1000,2,"Clayton_Sine",2000,-1.5,"0.1(log(n))^2",0.18
685,1000,2,"Clayton_Sine",2000,-1.5,"0.1(log(n))^2",0.77
686,1000,2,"Clayton_Sine",2000,-1.5,"0.1(log(n))^2",0.34
687,1000,2,"Clayton_Sine",2000,-1.5,"0.1(log(n))^2",0.3
688,1000,2,"Clayton_Sine",2000,-1.5,"0.1(log(n))^2",0.93
689,1000,2,"Clayton_Sine",2000,-1.5,"0.1(log(n))^2",0.65
690,1000,2,"Clayton_Sine",2000,-1.5,"0.1(log(n))^2",0.72
691,1000,2,"Clayton_Sine",2000,-1.5,"0.1(log(n))^2",0.8
692,1000,2,"Clayton_Sine",2000,-1.5,"0.1(log(n))^2",0.07
693,1000,2,"Clayton_Sine",2000,-1.5,"0.1(log(n))^2",0.66
694,1000,2,"Clayton_Sine",2000,-1.5,"0.1(log(n))^2",0.25
695,1000,2,"Clayton_Sine",2000,-1.5,"0.1(log(n))^2",0.36
696,1000,2,"Clayton_Sine",2000,-1.5,"0.1(log(n))^2",0.94
697,1000,2,"Clayton_Sine",2000,-1.5,"0.1(log(n))^2",0.62
698,1000,2,"Clayton_Sine",2000,-1.5,"0.1(log(n))^2",0.35
699,1000,2,"Clayton_Sine",2000,-1.5,"0.1(log(n))^2",0.35
700,1000,2,"Clayton_Sine",2000,-1.5,"0.1(log(n))^2",0.46
701,1000,2,"Clayton_Sine",2000,-1.5,"0.1(log(n))^2",0.04
702,1000,2,"Clayton_Sine",2000,-1.5,"0.1(log(n))^2",0.29
703,1000,2,"Clayton_Sine",2000,-1.5,"0.1(log(n))^2",0.64
704,1000,2,"Clayton_Sine",2000,-1.5,"0.1(log(n))^2",0.97
705,1000,2,"Clayton_Sine",2000,-1.5,"0.1(log(n))^2",0.6
706,1000,2,"Clayton_Sine",2000,-1.5,"0.1(log(n))^2",0.45
707,1000,2,"Clayton_Sine",2000,-1.5,"0.1(log(n))^2",0.46
708,1000,2,"Clayton_Sine",2000,-1.5,"0.1(log(n))^2",0.87
709,1000,2,"Clayton_Sine",2000,-1.5,"0.1(log(n))^2",0.49
710,1000,2,"Clayton_Sine",2000,-1.5,"0.1(log(n))^2",0.48
711,1000,2,"Clayton_Sine",2000,-1.5,"0.1(log(n))^2",0.26
712,1000,2,"Clayton_Sine",2000,-1.5,"0.1(log(n))^2",0.91
713,1000,2,"Clayton_Sine",2000,-1.5,"0.1(log(n))^2",0.47
714,1000,2,"Clayton_Sine",2000,-1.5,"0.1(log(n))^2",0.66
715,1000,2,"Clayton_Sine",2000,-1.5,"0.1(log(n))^2",0.36
716,1000,2,"Clayton_Sine",2000,-1.5,"0.1(log(n))^2",0.47
717,1000,2,"Clayton_Sine",2000,-1.5,"0.1(log(n))^2",0.08
718,1000,2,"Clayton_Sine",2000,-1.5,"0.1(log(n))^2",0.42
719,1000,2,"Clayton_Sine",2000,-1.5,"0.1(log(n))^2",0.66
720,1000,2,"Clayton_Sine",2000,-1.5,"0.1(log(n))^2",0.38
721,1000,2,"Clayton_Sine",2000,-1.5,"0.1(log(n))^2",0.6
722,1000,2,"Clayton_Sine",2000,-1.5,"0.1(log(n))^2",0.44
723,1000,2,"Clayton_Sine",2000,-1.5,"0.1(log(n))^2",0.61
724,1000,2,"Clayton_Sine",2000,-1.5,"0.1(log(n))^2",0.39
725,1000,2,"Clayton_Sine",2000,-1.5,"0.1(log(n))^2",0.17
726,1000,2,"Clayton_Sine",2000,-1.5,"0.1(log(n))^2",0.52
727,1000,2,"Clayton_Sine",2000,-1.5,"0.1(log(n))^2",0.41
728,1000,2,"Clayton_Sine",2000,-1.5,"0.1(log(n))^2",0.22
729,1000,2,"Clayton_Sine",2000,-1.5,"0.1(log(n))^2",0.36
730,1000,2,"Clayton_Sine",2000,-1.5,"0.1(log(n))^2",0.78
731,1000,2,"Clayton_Sine",2000,-1.5,"0.1(log(n))^2",0.84
732,1000,2,"Clayton_Sine",2000,-1.5,"0.1(log(n))^2",0.3
733,1000,2,"Clayton_Sine",2000,-1.5,"0.1(log(n))^2",0.35
734,1000,2,"Clayton_Sine",2000,-1.5,"0.1(log(n))^2",0.02
735,1000,2,"Clayton_Sine",2000,-1.5,"0.1(log(n))^2",0.12
736,1000,2,"Clayton_Sine",2000,-1.5,"0.1(log(n))^2",0.84
737,1000,2,"Clayton_Sine",2000,-1.5,"0.1(log(n))^2",0.3
738,1000,2,"Clayton_Sine",2000,-1.5,"0.1(log(n))^2",0.46
739,1000,2,"Clayton_Sine",2000,-1.5,"0.1(log(n))^2",0.92
740,1000,2,"Clayton_Sine",2000,-1.5,"0.1(log(n))^2",0.6
741,1000,2,"Clayton_Sine",2000,-1.5,"0.1(log(n))^2",0.38
742,1000,2,"Clayton_Sine",2000,-1.5,"0.1(log(n))^2",0.3
743,1000,2,"Clayton_Sine",2000,-1.5,"0.1(log(n))^2",0.81
744,1000,2,"Clayton_Sine",2000,-1.5,"0.1(log(n))^2",0.57
745,1000,2,"Clayton_Sine",2000,-1.5,"0.1(log(n))^2",0.68
746,1000,2,"Clayton_Sine",2000,-1.5,"0.1(log(n))^2",0.31
747,1000,2,"Clayton_Sine",2000,-1.5,"0.1(log(n))^2",0.2
748,1000,2,"Clayton_Sine",2000,-1.5,"0.1(log(n))^2",0.67
749,1000,2,"Clayton_Sine",2000,-1.5,"0.1(log(n))^2",0.86
750,1000,2,"Clayton_Sine",2000,-1.5,"0.1(log(n))^2",0.3
751,1000,2,"Clayton_Sine",2000,-1.5,"0.1(log(n))^2",0.31
752,1000,2,"Clayton_Sine",2000,-1.5,"0.1(log(n))^2",0.62
753,1000,2,"Clayton_Sine",2000,-1.5,"0.1(log(n))^2",0.9
754,1000,2,"Clayton_Sine",2000,-1.5,"0.1(log(n))^2",0.95
755,1000,2,"Clayton_Sine",2000,-1.5,"0.1(log(n))^2",0.58
756,1000,2,"Clayton_Sine",2000,-1.5,"0.1(log(n))^2",0.19
757,1000,2,"Clayton_Sine",2000,-1.5,"0.1(log(n))^2",0.35
758,1000,2,"Clayton_Sine",2000,-1.5,"0.1(log(n))^2",0.24
759,1000,2,"Clayton_Sine",2000,-1.5,"0.1(log(n))^2",0.37
760,1000,2,"Clayton_Sine",2000,-1.5,"0.1(log(n))^2",0.37
761,1000,2,"Clayton_Sine",2000,-1.5,"0.1(log(n))^2",0.48
762,1000,2,"Clayton_Sine",2000,-1.5,"0.1(log(n))^2",0.36
763,1000,2,"Clayton_Sine",2000,-1.5,"0.1(log(n))^2",0.25
764,1000,2,"Clayton_Sine",2000,-1.5,"0.1(log(n))^2",0.92
765,1000,2,"Clayton_Sine",2000,-1.5,"0.1(log(n))^2",0.17
766,1000,2,"Clayton_Sine",2000,-1.5,"0.1(log(n))^2",0.79
767,1000,2,"Clayton_Sine",2000,-1.5,"0.1(log(n))^2",0.5
768,1000,2,"Clayton_Sine",2000,-1.5,"0.1(log(n))^2",0.68
769,1000,2,"Clayton_Sine",2000,-1.5,"0.1(log(n))^2",0.31
770,1000,2,"Clayton_Sine",2000,-1.5,"0.1(log(n))^2",0.91
771,1000,2,"Clayton_Sine",2000,-1.5,"0.1(log(n))^2",0.55
772,1000,2,"Clayton_Sine",2000,-1.5,"0.1(log(n))^2",0.81
773,1000,2,"Clayton_Sine",2000,-1.5,"0.1(log(n))^2",0.81
774,1000,2,"Clayton_Sine",2000,-1.5,"0.1(log(n))^2",0.44
775,1000,2,"Clayton_Sine",2000,-1.5,"0.1(log(n))^2",0.77
776,1000,2,"Clayton_Sine",2000,-1.5,"0.1(log(n))^2",0.78
777,1000,2,"Clayton_Sine",2000,-1.5,"0.1(log(n))^2",0.4
778,1000,2,"Clayton_Sine",2000,-1.5,"0.1(log(n))^2",0.04
779,1000,2,"Clayton_Sine",2000,-1.5,"0.1(log(n))^2",0.21
780,1000,2,"Clayton_Sine",2000,-1.5,"0.1(log(n))^2",0.74
781,1000,2,"Clayton_Sine",2000,-1.5,"0.1(log(n))^2",0.38
782,1000,2,"Clayton_Sine",2000,-1.5,"0.1(log(n))^2",0.29
783,1000,2,"Clayton_Sine",2000,-1.5,"0.1(log(n))^2",0.3
784,1000,2,"Clayton_Sine",2000,-1.5,"0.1(log(n))^2",0.46
785,1000,2,"Clayton_Sine",2000,-1.5,"0.1(log(n))^2",0.01
786,1000,2,"Clayton_Sine",2000,-1.5,"0.1(log(n))^2",0.79
787,1000,2,"Clayton_Sine",2000,-1.5,"0.1(log(n))^2",0.13
788,1000,2,"Clayton_Sine",2000,-1.5,"0.1(log(n))^2",0.51
789,1000,2,"Clayton_Sine",2000,-1.5,"0.1(log(n))^2",0.58
790,1000,2,"Clayton_Sine",2000,-1.5,"0.1(log(n))^2",0.42
791,1000,2,"Clayton_Sine",2000,-1.5,"0.1(log(n))^2",0.1
792,1000,2,"Clayton_Sine",2000,-1.5,"0.1(log(n))^2",0.62
793,1000,2,"Clayton_Sine",2000,-1.5,"0.1(log(n))^2",0.31
794,1000,2,"Clayton_Sine",2000,-1.5,"0.1(log(n))^2",0.22
795,1000,2,"Clayton_Sine",2000,-1.5,"0.1(log(n))^2",0.44
796,1000,2,"Clayton_Sine",2000,-1.5,"0.1(log(n))^2",0.06
797,1000,2,"Clayton_Sine",2000,-1.5,"0.1(log(n))^2",0.95
798,1000,2,"Clayton_Sine",2000,-1.5,"0.1(log(n))^2",0.21
799,1000,2,"Clayton_Sine",2000,-1.5,"0.1(log(n))^2",0
800,1000,2,"Clayton_Sine",2000,-1.5,"0.1(log(n))^2",0.14
801,1000,2,"Clayton_Sine",2000,-1.5,"0.1(log(n))^2",0.67
802,1000,2,"Clayton_Sine",2000,-1.5,"0.1(log(n))^2",0.63
803,1000,2,"Clayton_Sine",2000,-1.5,"0.1(log(n))^2",0.95
804,1000,2,"Clayton_Sine",2000,-1.5,"0.1(log(n))^2",0.54
805,1000,2,"Clayton_Sine",2000,-1.5,"0.1(log(n))^2",0.34
806,1000,2,"Clayton_Sine",2000,-1.5,"0.1(log(n))^2",0.03
807,1000,2,"Clayton_Sine",2000,-1.5,"0.1(log(n))^2",0.26
808,1000,2,"Clayton_Sine",2000,-1.5,"0.1(log(n))^2",0.45
809,1000,2,"Clayton_Sine",2000,-1.5,"0.1(log(n))^2",0.4
810,1000,2,"Clayton_Sine",2000,-1.5,"0.1(log(n))^2",0.67
811,1000,2,"Clayton_Sine",2000,-1.5,"0.1(log(n))^2",0.07
812,1000,2,"Clayton_Sine",2000,-1.5,"0.1(log(n))^2",0.64
813,1000,2,"Clayton_Sine",2000,-1.5,"0.1(log(n))^2",0.49
814,1000,2,"Clayton_Sine",2000,-1.5,"0.1(log(n))^2",0.94
815,1000,2,"Clayton_Sine",2000,-1.5,"0.1(log(n))^2",0.51
816,1000,2,"Clayton_Sine",2000,-1.5,"0.1(log(n))^2",0.48
817,1000,2,"Clayton_Sine",2000,-1.5,"0.1(log(n))^2",0.82
818,1000,2,"Clayton_Sine",2000,-1.5,"0.1(log(n))^2",0.36
819,1000,2,"Clayton_Sine",2000,-1.5,"0.1(log(n))^2",0.43
820,1000,2,"Clayton_Sine",2000,-1.5,"0.1(log(n))^2",0.08
821,1000,2,"Clayton_Sine",2000,-1.5,"0.1(log(n))^2",0.91
822,1000,2,"Clayton_Sine",2000,-1.5,"0.1(log(n))^2",0.16
823,1000,2,"Clayton_Sine",2000,-1.5,"0.1(log(n))^2",0.52
824,1000,2,"Clayton_Sine",2000,-1.5,"0.1(log(n))^2",0.83
825,1000,2,"Clayton_Sine",2000,-1.5,"0.1(log(n))^2",0.54
826,1000,2,"Clayton_Sine",2000,-1.5,"0.1(log(n))^2",0.49
827,1000,2,"Clayton_Sine",2000,-1.5,"0.1(log(n))^2",0.85
828,1000,2,"Clayton_Sine",2000,-1.5,"0.1(log(n))^2",0.62
829,1000,2,"Clayton_Sine",2000,-1.5,"0.1(log(n))^2",0.54
830,1000,2,"Clayton_Sine",2000,-1.5,"0.1(log(n))^2",0.63
831,1000,2,"Clayton_Sine",2000,-1.5,"0.1(log(n))^2",0.84
832,1000,2,"Clayton_Sine",2000,-1.5,"0.1(log(n))^2",0.63
833,1000,2,"Clayton_Sine",2000,-1.5,"0.1(log(n))^2",0.96
834,1000,2,"Clayton_Sine",2000,-1.5,"0.1(log(n))^2",0.85
835,1000,2,"Clayton_Sine",2000,-1.5,"0.1(log(n))^2",0.11
836,1000,2,"Clayton_Sine",2000,-1.5,"0.1(log(n))^2",0.17
837,1000,2,"Clayton_Sine",2000,-1.5,"0.1(log(n))^2",0.81
838,1000,2,"Clayton_Sine",2000,-1.5,"0.1(log(n))^2",0.34
839,1000,2,"Clayton_Sine",2000,-1.5,"0.1(log(n))^2",0.09
840,1000,2,"Clayton_Sine",2000,-1.5,"0.1(log(n))^2",0.48
841,1000,2,"Clayton_Sine",2000,-1.5,"0.1(log(n))^2",0.14
842,1000,2,"Clayton_Sine",2000,-1.5,"0.1(log(n))^2",0.61
843,1000,2,"Clayton_Sine",2000,-1.5,"0.1(log(n))^2",0.39
844,1000,2,"Clayton_Sine",2000,-1.5,"0.1(log(n))^2",0.2
845,1000,2,"Clayton_Sine",2000,-1.5,"0.1(log(n))^2",0.47
846,1000,2,"Clayton_Sine",2000,-1.5,"0.1(log(n))^2",0.57
847,1000,2,"Clayton_Sine",2000,-1.5,"0.1(log(n))^2",0.55
848,1000,2,"Clayton_Sine",2000,-1.5,"0.1(log(n))^2",0.08
849,1000,2,"Clayton_Sine",2000,-1.5,"0.1(log(n))^2",0.92
850,1000,2,"Clayton_Sine",2000,-1.5,"0.1(log(n))^2",0.34
851,1000,2,"Clayton_Sine",2000,-1.5,"0.1(log(n))^2",0.44
852,1000,2,"Clayton_Sine",2000,-1.5,"0.1(log(n))^2",0.97
853,1000,2,"Clayton_Sine",2000,-1.5,"0.1(log(n))^2",0.53
854,1000,2,"Clayton_Sine",2000,-1.5,"0.1(log(n))^2",0.86
855,1000,2,"Clayton_Sine",2000,-1.5,"0.1(log(n))^2",1
856,1000,2,"Clayton_Sine",2000,-1.5,"0.1(log(n))^2",0.61
857,1000,2,"Clayton_Sine",2000,-1.5,"0.1(log(n))^2",0.29
858,1000,2,"Clayton_Sine",2000,-1.5,"0.1(log(n))^2",0.55
859,1000,2,"Clayton_Sine",2000,-1.5,"0.1(log(n))^2",0.14
860,1000,2,"Clayton_Sine",2000,-1.5,"0.1(log(n))^2",0.49
861,1000,2,"Clayton_Sine",2000,-1.5,"0.1(log(n))^2",0.41
862,1000,2,"Clayton_Sine",2000,-1.5,"0.1(log(n))^2",0.42
863,1000,2,"Clayton_Sine",2000,-1.5,"0.1(log(n))^2",0.23
864,1000,2,"Clayton_Sine",2000,-1.5,"0.1(log(n))^2",0.59
865,1000,2,"Clayton_Sine",2000,-1.5,"0.1(log(n))^2",0.34
866,1000,2,"Clayton_Sine",2000,-1.5,"0.1(log(n))^2",0.18
867,1000,2,"Clayton_Sine",2000,-1.5,"0.1(log(n))^2",0.89
868,1000,2,"Clayton_Sine",2000,-1.5,"0.1(log(n))^2",0.54
869,1000,2,"Clayton_Sine",2000,-1.5,"0.1(log(n))^2",0.22
870,1000,2,"Clayton_Sine",2000,-1.5,"0.1(log(n))^2",0.73
871,1000,2,"Clayton_Sine",2000,-1.5,"0.1(log(n))^2",0.26
872,1000,2,"Clayton_Sine",2000,-1.5,"0.1(log(n))^2",0.33
873,1000,2,"Clayton_Sine",2000,-1.5,"0.1(log(n))^2",0.15
874,1000,2,"Clayton_Sine",2000,-1.5,"0.1(log(n))^2",0.15
875,1000,2,"Clayton_Sine",2000,-1.5,"0.1(log(n))^2",0.11
876,1000,2,"Clayton_Sine",2000,-1.5,"0.1(log(n))^2",0.99
877,1000,2,"Clayton_Sine",2000,-1.5,"0.1(log(n))^2",0.79
878,1000,2,"Clayton_Sine",2000,-1.5,"0.1(log(n))^2",0.12
879,1000,2,"Clayton_Sine",2000,-1.5,"0.1(log(n))^2",0.88
880,1000,2,"Clayton_Sine",2000,-1.5,"0.1(log(n))^2",0.08
881,1000,2,"Clayton_Sine",2000,-1.5,"0.1(log(n))^2",0.71
882,1000,2,"Clayton_Sine",2000,-1.5,"0.1(log(n))^2",0.35
883,1000,2,"Clayton_Sine",2000,-1.5,"0.1(log(n))^2",0.17
884,1000,2,"Clayton_Sine",2000,-1.5,"0.1(log(n))^2",0.7
885,1000,2,"Clayton_Sine",2000,-1.5,"0.1(log(n))^2",0.49
886,1000,2,"Clayton_Sine",2000,-1.5,"0.1(log(n))^2",0.38
887,1000,2,"Clayton_Sine",2000,-1.5,"0.1(log(n))^2",0.63
888,1000,2,"Clayton_Sine",2000,-1.5,"0.1(log(n))^2",0.11
889,1000,2,"Clayton_Sine",2000,-1.5,"0.1(log(n))^2",0.62
890,1000,2,"Clayton_Sine",2000,-1.5,"0.1(log(n))^2",0.18
891,1000,2,"Clayton_Sine",2000,-1.5,"0.1(log(n))^2",0.84
892,1000,2,"Clayton_Sine",2000,-1.5,"0.1(log(n))^2",0.32
893,1000,2,"Clayton_Sine",2000,-1.5,"0.1(log(n))^2",0.68
894,1000,2,"Clayton_Sine",2000,-1.5,"0.1(log(n))^2",0.79
895,1000,2,"Clayton_Sine",2000,-1.5,"0.1(log(n))^2",0.61
896,1000,2,"Clayton_Sine",2000,-1.5,"0.1(log(n))^2",0.66
897,1000,2,"Clayton_Sine",2000,-1.5,"0.1(log(n))^2",0.76
898,1000,2,"Clayton_Sine",2000,-1.5,"0.1(log(n))^2",0.58
899,1000,2,"Clayton_Sine",2000,-1.5,"0.1(log(n))^2",0.43
900,1000,2,"Clayton_Sine",2000,-1.5,"0.1(log(n))^2",0.3
901,1000,2,"Clayton_Sine",2000,-1.5,"0.1(log(n))^2",0.78
902,1000,2,"Clayton_Sine",2000,-1.5,"0.1(log(n))^2",0.44
903,1000,2,"Clayton_Sine",2000,-1.5,"0.1(log(n))^2",0.16
904,1000,2,"Clayton_Sine",2000,-1.5,"0.1(log(n))^2",0.35
905,1000,2,"Clayton_Sine",2000,-1.5,"0.1(log(n))^2",0.37
906,1000,2,"Clayton_Sine",2000,-1.5,"0.1(log(n))^2",0.1
907,1000,2,"Clayton_Sine",2000,-1.5,"0.1(log(n))^2",0.55
908,1000,2,"Clayton_Sine",2000,-1.5,"0.1(log(n))^2",0.29
909,1000,2,"Clayton_Sine",2000,-1.5,"0.1(log(n))^2",0.84
910,1000,2,"Clayton_Sine",2000,-1.5,"0.1(log(n))^2",0.53
911,1000,2,"Clayton_Sine",2000,-1.5,"0.1(log(n))^2",0.99
912,1000,2,"Clayton_Sine",2000,-1.5,"0.1(log(n))^2",0.68
913,1000,2,"Clayton_Sine",2000,-1.5,"0.1(log(n))^2",0.22
914,1000,2,"Clayton_Sine",2000,-1.5,"0.1(log(n))^2",0.26
915,1000,2,"Clayton_Sine",2000,-1.5,"0.1(log(n))^2",0.63
916,1000,2,"Clayton_Sine",2000,-1.5,"0.1(log(n))^2",0.5
917,1000,2,"Clayton_Sine",2000,-1.5,"0.1(log(n))^2",0.87
918,1000,2,"Clayton_Sine",2000,-1.5,"0.1(log(n))^2",0.19
919,1000,2,"Clayton_Sine",2000,-1.5,"0.1(log(n))^2",0.44
920,1000,2,"Clayton_Sine",2000,-1.5,"0.1(log(n))^2",0.54
921,1000,2,"Clayton_Sine",2000,-1.5,"0.1(log(n))^2",0.93
922,1000,2,"Clayton_Sine",2000,-1.5,"0.1(log(n))^2",0.46
923,1000,2,"Clayton_Sine",2000,-1.5,"0.1(log(n))^2",0.77
924,1000,2,"Clayton_Sine",2000,-1.5,"0.1(log(n))^2",0.27
925,1000,2,"Clayton_Sine",2000,-1.5,"0.1(log(n))^2",0.26
926,1000,2,"Clayton_Sine",2000,-1.5,"0.1(log(n))^2",0.3
927,1000,2,"Clayton_Sine",2000,-1.5,"0.1(log(n))^2",0.92
928,1000,2,"Clayton_Sine",2000,-1.5,"0.1(log(n))^2",0.29
929,1000,2,"Clayton_Sine",2000,-1.5,"0.1(log(n))^2",0.7
930,1000,2,"Clayton_Sine",2000,-1.5,"0.1(log(n))^2",0.74
931,1000,2,"Clayton_Sine",2000,-1.5,"0.1(log(n))^2",0.82
932,1000,2,"Clayton_Sine",2000,-1.5,"0.1(log(n))^2",0.91
933,1000,2,"Clayton_Sine",2000,-1.5,"0.1(log(n))^2",0.46
934,1000,2,"Clayton_Sine",2000,-1.5,"0.1(log(n))^2",0.97
935,1000,2,"Clayton_Sine",2000,-1.5,"0.1(log(n))^2",0.53
936,1000,2,"Clayton_Sine",2000,-1.5,"0.1(log(n))^2",0.3
937,1000,2,"Clayton_Sine",2000,-1.5,"0.1(log(n))^2",0.59
938,1000,2,"Clayton_Sine",2000,-1.5,"0.1(log(n))^2",0.96
939,1000,2,"Clayton_Sine",2000,-1.5,"0.1(log(n))^2",0.33
940,1000,2,"Clayton_Sine",2000,-1.5,"0.1(log(n))^2",0.71
941,1000,2,"Clayton_Sine",2000,-1.5,"0.1(log(n))^2",0.35
942,1000,2,"Clayton_Sine",2000,-1.5,"0.1(log(n))^2",0.65
943,1000,2,"Clayton_Sine",2000,-1.5,"0.1(log(n))^2",0.49
944,1000,2,"Clayton_Sine",2000,-1.5,"0.1(log(n))^2",0.15
945,1000,2,"Clayton_Sine",2000,-1.5,"0.1(log(n))^2",0.3
946,1000,2,"Clayton_Sine",2000,-1.5,"0.1(log(n))^2",0.03
947,1000,2,"Clayton_Sine",2000,-1.5,"0.1(log(n))^2",0.04
948,1000,2,"Clayton_Sine",2000,-1.5,"0.1(log(n))^2",0.5
949,1000,2,"Clayton_Sine",2000,-1.5,"0.1(log(n))^2",0.91
950,1000,2,"Clayton_Sine",2000,-1.5,"0.1(log(n))^2",0.65
951,1000,2,"Clayton_Sine",2000,-1.5,"0.1(log(n))^2",0.53
952,1000,2,"Clayton_Sine",2000,-1.5,"0.1(log(n))^2",0.59
953,1000,2,"Clayton_Sine",2000,-1.5,"0.1(log(n))^2",0.8
954,1000,2,"Clayton_Sine",2000,-1.5,"0.1(log(n))^2",0.74
955,1000,2,"Clayton_Sine",2000,-1.5,"0.1(log(n))^2",0.43
956,1000,2,"Clayton_Sine",2000,-1.5,"0.1(log(n))^2",0.3
957,1000,2,"Clayton_Sine",2000,-1.5,"0.1(log(n))^2",0.34
958,1000,2,"Clayton_Sine",2000,-1.5,"0.1(log(n))^2",0.8
959,1000,2,"Clayton_Sine",2000,-1.5,"0.1(log(n))^2",0.24
960,1000,2,"Clayton_Sine",2000,-1.5,"0.1(log(n))^2",0.59
961,1000,2,"Clayton_Sine",2000,-1.5,"0.1(log(n))^2",0.51
962,1000,2,"Clayton_Sine",2000,-1.5,"0.1(log(n))^2",0.62
963,1000,2,"Clayton_Sine",2000,-1.5,"0.1(log(n))^2",0.62
964,1000,2,"Clayton_Sine",2000,-1.5,"0.1(log(n))^2",0.33
965,1000,2,"Clayton_Sine",2000,-1.5,"0.1(log(n))^2",0.26
966,1000,2,"Clayton_Sine",2000,-1.5,"0.1(log(n))^2",0.71
967,1000,2,"Clayton_Sine",2000,-1.5,"0.1(log(n))^2",0.55
968,1000,2,"Clayton_Sine",2000,-1.5,"0.1(log(n))^2",0.31
969,1000,2,"Clayton_Sine",2000,-1.5,"0.1(log(n))^2",0.73
970,1000,2,"Clayton_Sine",2000,-1.5,"0.1(log(n))^2",0.81
971,1000,2,"Clayton_Sine",2000,-1.5,"0.1(log(n))^2",0.95
972,1000,2,"Clayton_Sine",2000,-1.5,"0.1(log(n))^2",0.86
973,1000,2,"Clayton_Sine",2000,-1.5,"0.1(log(n))^2",0.02
974,1000,2,"Clayton_Sine",2000,-1.5,"0.1(log(n))^2",0.21
975,1000,2,"Clayton_Sine",2000,-1.5,"0.1(log(n))^2",0.01
976,1000,2,"Clayton_Sine",2000,-1.5,"0.1(log(n))^2",0.25
977,1000,2,"Clayton_Sine",2000,-1.5,"0.1(log(n))^2",0.96
978,1000,2,"Clayton_Sine",2000,-1.5,"0.1(log(n))^2",0.22
979,1000,2,"Clayton_Sine",2000,-1.5,"0.1(log(n))^2",0.37
980,1000,2,"Clayton_Sine",2000,-1.5,"0.1(log(n))^2",0.98
981,1000,2,"Clayton_Sine",2000,-1.5,"0.1(log(n))^2",0.66
982,1000,2,"Clayton_Sine",2000,-1.5,"0.1(log(n))^2",0.55
983,1000,2,"Clayton_Sine",2000,-1.5,"0.1(log(n))^2",0.8
984,1000,2,"Clayton_Sine",2000,-1.5,"0.1(log(n))^2",0.76
985,1000,2,"Clayton_Sine",2000,-1.5,"0.1(log(n))^2",0.36
986,1000,2,"Clayton_Sine",2000,-1.5,"0.1(log(n))^2",0.33
987,1000,2,"Clayton_Sine",2000,-1.5,"0.1(log(n))^2",0.25
988,1000,2,"Clayton_Sine",2000,-1.5,"0.1(log(n))^2",0.67
989,1000,2,"Clayton_Sine",2000,-1.5,"0.1(log(n))^2",0.73
990,1000,2,"Clayton_Sine",2000,-1.5,"0.1(log(n))^2",0.34
991,1000,2,"Clayton_Sine",2000,-1.5,"0.1(log(n))^2",0.21
992,1000,2,"Clayton_Sine",2000,-1.5,"0.1(log(n))^2",0.27
993,1000,2,"Clayton_Sine",2000,-1.5,"0.1(log(n))^2",0.46
994,1000,2,"Clayton_Sine",2000,-1.5,"0.1(log(n))^2",0.64
995,1000,2,"Clayton_Sine",2000,-1.5,"0.1(log(n))^2",0.48
996,1000,2,"Clayton_Sine",2000,-1.5,"0.1(log(n))^2",0.66
997,1000,2,"Clayton_Sine",2000,-1.5,"0.1(log(n))^2",1
998,1000,2,"Clayton_Sine",2000,-1.5,"0.1(log(n))^2",0.15
999,1000,2,"Clayton_Sine",2000,-1.5,"0.1(log(n))^2",0.8
1000,1000,2,"Clayton_Sine",2000,-1.5,"0.1(log(n))^2",0.37
