"iteration","level","d","dgp_name","n_values","tau","L_n_type","stat"
1,1000,2,"T_Copula_Sine",2000,-1.5,"1(log(n))^2",0.76
2,1000,2,"T_Copula_Sine",2000,-1.5,"1(log(n))^2",0.49
3,1000,2,"T_Copula_Sine",2000,-1.5,"1(log(n))^2",0.3
4,1000,2,"T_Copula_Sine",2000,-1.5,"1(log(n))^2",0.51
5,1000,2,"T_Copula_Sine",2000,-1.5,"1(log(n))^2",0.19
6,1000,2,"T_Copula_Sine",2000,-1.5,"1(log(n))^2",0.89
7,1000,2,"T_Copula_Sine",2000,-1.5,"1(log(n))^2",0.77
8,1000,2,"T_Copula_Sine",2000,-1.5,"1(log(n))^2",0.55
9,1000,2,"T_Copula_Sine",2000,-1.5,"1(log(n))^2",0.13
10,1000,2,"T_Copula_Sine",2000,-1.5,"1(log(n))^2",0.52
11,1000,2,"T_Copula_Sine",2000,-1.5,"1(log(n))^2",0.82
12,1000,2,"T_Copula_Sine",2000,-1.5,"1(log(n))^2",0.33
13,1000,2,"T_Copula_Sine",2000,-1.5,"1(log(n))^2",0.63
14,1000,2,"T_Copula_Sine",2000,-1.5,"1(log(n))^2",0.58
15,1000,2,"T_Copula_Sine",2000,-1.5,"1(log(n))^2",0.52
16,1000,2,"T_Copula_Sine",2000,-1.5,"1(log(n))^2",0.84
17,1000,2,"T_Copula_Sine",2000,-1.5,"1(log(n))^2",1
18,1000,2,"T_Copula_Sine",2000,-1.5,"1(log(n))^2",0.84
19,1000,2,"T_Copula_Sine",2000,-1.5,"1(log(n))^2",0.16
20,1000,2,"T_Copula_Sine",2000,-1.5,"1(log(n))^2",0.9
21,1000,2,"T_Copula_Sine",2000,-1.5,"1(log(n))^2",0.52
22,1000,2,"T_Copula_Sine",2000,-1.5,"1(log(n))^2",0.44
23,1000,2,"T_Copula_Sine",2000,-1.5,"1(log(n))^2",0.35
24,1000,2,"T_Copula_Sine",2000,-1.5,"1(log(n))^2",0.88
25,1000,2,"T_Copula_Sine",2000,-1.5,"1(log(n))^2",0.99
26,1000,2,"T_Copula_Sine",2000,-1.5,"1(log(n))^2",0.69
27,1000,2,"T_Copula_Sine",2000,-1.5,"1(log(n))^2",0.26
28,1000,2,"T_Copula_Sine",2000,-1.5,"1(log(n))^2",0.44
29,1000,2,"T_Copula_Sine",2000,-1.5,"1(log(n))^2",0.87
30,1000,2,"T_Copula_Sine",2000,-1.5,"1(log(n))^2",0.14
31,1000,2,"T_Copula_Sine",2000,-1.5,"1(log(n))^2",0.07
32,1000,2,"T_Copula_Sine",2000,-1.5,"1(log(n))^2",0.81
33,1000,2,"T_Copula_Sine",2000,-1.5,"1(log(n))^2",0.39
34,1000,2,"T_Copula_Sine",2000,-1.5,"1(log(n))^2",0.2
35,1000,2,"T_Copula_Sine",2000,-1.5,"1(log(n))^2",0.62
36,1000,2,"T_Copula_Sine",2000,-1.5,"1(log(n))^2",0.12
37,1000,2,"T_Copula_Sine",2000,-1.5,"1(log(n))^2",0.27
38,1000,2,"T_Copula_Sine",2000,-1.5,"1(log(n))^2",0.49
39,1000,2,"T_Copula_Sine",2000,-1.5,"1(log(n))^2",0.64
40,1000,2,"T_Copula_Sine",2000,-1.5,"1(log(n))^2",0.35
41,1000,2,"T_Copula_Sine",2000,-1.5,"1(log(n))^2",0.26
42,1000,2,"T_Copula_Sine",2000,-1.5,"1(log(n))^2",0.99
43,1000,2,"T_Copula_Sine",2000,-1.5,"1(log(n))^2",0.48
44,1000,2,"T_Copula_Sine",2000,-1.5,"1(log(n))^2",0.58
45,1000,2,"T_Copula_Sine",2000,-1.5,"1(log(n))^2",0.24
46,1000,2,"T_Copula_Sine",2000,-1.5,"1(log(n))^2",0.37
47,1000,2,"T_Copula_Sine",2000,-1.5,"1(log(n))^2",0.91
48,1000,2,"T_Copula_Sine",2000,-1.5,"1(log(n))^2",0.87
49,1000,2,"T_Copula_Sine",2000,-1.5,"1(log(n))^2",0.89
50,1000,2,"T_Copula_Sine",2000,-1.5,"1(log(n))^2",0.76
51,1000,2,"T_Copula_Sine",2000,-1.5,"1(log(n))^2",0.55
52,1000,2,"T_Copula_Sine",2000,-1.5,"1(log(n))^2",0.98
53,1000,2,"T_Copula_Sine",2000,-1.5,"1(log(n))^2",0.89
54,1000,2,"T_Copula_Sine",2000,-1.5,"1(log(n))^2",0.34
55,1000,2,"T_Copula_Sine",2000,-1.5,"1(log(n))^2",0.45
56,1000,2,"T_Copula_Sine",2000,-1.5,"1(log(n))^2",0.63
57,1000,2,"T_Copula_Sine",2000,-1.5,"1(log(n))^2",0.44
58,1000,2,"T_Copula_Sine",2000,-1.5,"1(log(n))^2",0.2
59,1000,2,"T_Copula_Sine",2000,-1.5,"1(log(n))^2",0.02
60,1000,2,"T_Copula_Sine",2000,-1.5,"1(log(n))^2",0.97
61,1000,2,"T_Copula_Sine",2000,-1.5,"1(log(n))^2",0.64
62,1000,2,"T_Copula_Sine",2000,-1.5,"1(log(n))^2",0.82
63,1000,2,"T_Copula_Sine",2000,-1.5,"1(log(n))^2",0.11
64,1000,2,"T_Copula_Sine",2000,-1.5,"1(log(n))^2",0.96
65,1000,2,"T_Copula_Sine",2000,-1.5,"1(log(n))^2",0.7
66,1000,2,"T_Copula_Sine",2000,-1.5,"1(log(n))^2",0.41
67,1000,2,"T_Copula_Sine",2000,-1.5,"1(log(n))^2",0.89
68,1000,2,"T_Copula_Sine",2000,-1.5,"1(log(n))^2",0.88
69,1000,2,"T_Copula_Sine",2000,-1.5,"1(log(n))^2",0.57
70,1000,2,"T_Copula_Sine",2000,-1.5,"1(log(n))^2",0.15
71,1000,2,"T_Copula_Sine",2000,-1.5,"1(log(n))^2",0.7
72,1000,2,"T_Copula_Sine",2000,-1.5,"1(log(n))^2",0.74
73,1000,2,"T_Copula_Sine",2000,-1.5,"1(log(n))^2",0.01
74,1000,2,"T_Copula_Sine",2000,-1.5,"1(log(n))^2",0.31
75,1000,2,"T_Copula_Sine",2000,-1.5,"1(log(n))^2",0.88
76,1000,2,"T_Copula_Sine",2000,-1.5,"1(log(n))^2",0.95
77,1000,2,"T_Copula_Sine",2000,-1.5,"1(log(n))^2",0.64
78,1000,2,"T_Copula_Sine",2000,-1.5,"1(log(n))^2",0.6
79,1000,2,"T_Copula_Sine",2000,-1.5,"1(log(n))^2",0.99
80,1000,2,"T_Copula_Sine",2000,-1.5,"1(log(n))^2",0.23
81,1000,2,"T_Copula_Sine",2000,-1.5,"1(log(n))^2",0.89
82,1000,2,"T_Copula_Sine",2000,-1.5,"1(log(n))^2",1
83,1000,2,"T_Copula_Sine",2000,-1.5,"1(log(n))^2",0.24
84,1000,2,"T_Copula_Sine",2000,-1.5,"1(log(n))^2",0.63
85,1000,2,"T_Copula_Sine",2000,-1.5,"1(log(n))^2",0.67
86,1000,2,"T_Copula_Sine",2000,-1.5,"1(log(n))^2",0.6
87,1000,2,"T_Copula_Sine",2000,-1.5,"1(log(n))^2",0.04
88,1000,2,"T_Copula_Sine",2000,-1.5,"1(log(n))^2",0.02
89,1000,2,"T_Copula_Sine",2000,-1.5,"1(log(n))^2",0.38
90,1000,2,"T_Copula_Sine",2000,-1.5,"1(log(n))^2",0.73
91,1000,2,"T_Copula_Sine",2000,-1.5,"1(log(n))^2",0.51
92,1000,2,"T_Copula_Sine",2000,-1.5,"1(log(n))^2",0.28
93,1000,2,"T_Copula_Sine",2000,-1.5,"1(log(n))^2",0.59
94,1000,2,"T_Copula_Sine",2000,-1.5,"1(log(n))^2",0.22
95,1000,2,"T_Copula_Sine",2000,-1.5,"1(log(n))^2",0.69
96,1000,2,"T_Copula_Sine",2000,-1.5,"1(log(n))^2",0.17
97,1000,2,"T_Copula_Sine",2000,-1.5,"1(log(n))^2",0.09
98,1000,2,"T_Copula_Sine",2000,-1.5,"1(log(n))^2",0.35
99,1000,2,"T_Copula_Sine",2000,-1.5,"1(log(n))^2",0.6
100,1000,2,"T_Copula_Sine",2000,-1.5,"1(log(n))^2",0.29
101,1000,2,"T_Copula_Sine",2000,-1.5,"1(log(n))^2",0.85
102,1000,2,"T_Copula_Sine",2000,-1.5,"1(log(n))^2",0.94
103,1000,2,"T_Copula_Sine",2000,-1.5,"1(log(n))^2",0.98
104,1000,2,"T_Copula_Sine",2000,-1.5,"1(log(n))^2",0.89
105,1000,2,"T_Copula_Sine",2000,-1.5,"1(log(n))^2",0.95
106,1000,2,"T_Copula_Sine",2000,-1.5,"1(log(n))^2",0.21
107,1000,2,"T_Copula_Sine",2000,-1.5,"1(log(n))^2",0.88
108,1000,2,"T_Copula_Sine",2000,-1.5,"1(log(n))^2",0.38
109,1000,2,"T_Copula_Sine",2000,-1.5,"1(log(n))^2",0.69
110,1000,2,"T_Copula_Sine",2000,-1.5,"1(log(n))^2",0.4
111,1000,2,"T_Copula_Sine",2000,-1.5,"1(log(n))^2",0.73
112,1000,2,"T_Copula_Sine",2000,-1.5,"1(log(n))^2",0.69
113,1000,2,"T_Copula_Sine",2000,-1.5,"1(log(n))^2",0.35
114,1000,2,"T_Copula_Sine",2000,-1.5,"1(log(n))^2",0.96
115,1000,2,"T_Copula_Sine",2000,-1.5,"1(log(n))^2",0.56
116,1000,2,"T_Copula_Sine",2000,-1.5,"1(log(n))^2",0.84
117,1000,2,"T_Copula_Sine",2000,-1.5,"1(log(n))^2",0.69
118,1000,2,"T_Copula_Sine",2000,-1.5,"1(log(n))^2",0.34
119,1000,2,"T_Copula_Sine",2000,-1.5,"1(log(n))^2",0.25
120,1000,2,"T_Copula_Sine",2000,-1.5,"1(log(n))^2",1
121,1000,2,"T_Copula_Sine",2000,-1.5,"1(log(n))^2",0.2
122,1000,2,"T_Copula_Sine",2000,-1.5,"1(log(n))^2",0.47
123,1000,2,"T_Copula_Sine",2000,-1.5,"1(log(n))^2",0.68
124,1000,2,"T_Copula_Sine",2000,-1.5,"1(log(n))^2",0.81
125,1000,2,"T_Copula_Sine",2000,-1.5,"1(log(n))^2",0.92
126,1000,2,"T_Copula_Sine",2000,-1.5,"1(log(n))^2",0.85
127,1000,2,"T_Copula_Sine",2000,-1.5,"1(log(n))^2",0.94
128,1000,2,"T_Copula_Sine",2000,-1.5,"1(log(n))^2",0.98
129,1000,2,"T_Copula_Sine",2000,-1.5,"1(log(n))^2",0.42
130,1000,2,"T_Copula_Sine",2000,-1.5,"1(log(n))^2",0.9
131,1000,2,"T_Copula_Sine",2000,-1.5,"1(log(n))^2",0.93
132,1000,2,"T_Copula_Sine",2000,-1.5,"1(log(n))^2",0.17
133,1000,2,"T_Copula_Sine",2000,-1.5,"1(log(n))^2",0.58
134,1000,2,"T_Copula_Sine",2000,-1.5,"1(log(n))^2",0.88
135,1000,2,"T_Copula_Sine",2000,-1.5,"1(log(n))^2",0.95
136,1000,2,"T_Copula_Sine",2000,-1.5,"1(log(n))^2",0.49
137,1000,2,"T_Copula_Sine",2000,-1.5,"1(log(n))^2",0.04
138,1000,2,"T_Copula_Sine",2000,-1.5,"1(log(n))^2",0.81
139,1000,2,"T_Copula_Sine",2000,-1.5,"1(log(n))^2",0.63
140,1000,2,"T_Copula_Sine",2000,-1.5,"1(log(n))^2",0.95
141,1000,2,"T_Copula_Sine",2000,-1.5,"1(log(n))^2",0.43
142,1000,2,"T_Copula_Sine",2000,-1.5,"1(log(n))^2",0.06
143,1000,2,"T_Copula_Sine",2000,-1.5,"1(log(n))^2",0.87
144,1000,2,"T_Copula_Sine",2000,-1.5,"1(log(n))^2",0.69
145,1000,2,"T_Copula_Sine",2000,-1.5,"1(log(n))^2",0.22
146,1000,2,"T_Copula_Sine",2000,-1.5,"1(log(n))^2",0.26
147,1000,2,"T_Copula_Sine",2000,-1.5,"1(log(n))^2",0.39
148,1000,2,"T_Copula_Sine",2000,-1.5,"1(log(n))^2",0.91
149,1000,2,"T_Copula_Sine",2000,-1.5,"1(log(n))^2",0.98
150,1000,2,"T_Copula_Sine",2000,-1.5,"1(log(n))^2",0.66
151,1000,2,"T_Copula_Sine",2000,-1.5,"1(log(n))^2",0.52
152,1000,2,"T_Copula_Sine",2000,-1.5,"1(log(n))^2",0.71
153,1000,2,"T_Copula_Sine",2000,-1.5,"1(log(n))^2",0.65
154,1000,2,"T_Copula_Sine",2000,-1.5,"1(log(n))^2",0.44
155,1000,2,"T_Copula_Sine",2000,-1.5,"1(log(n))^2",0.47
156,1000,2,"T_Copula_Sine",2000,-1.5,"1(log(n))^2",0.13
157,1000,2,"T_Copula_Sine",2000,-1.5,"1(log(n))^2",0.24
158,1000,2,"T_Copula_Sine",2000,-1.5,"1(log(n))^2",0.45
159,1000,2,"T_Copula_Sine",2000,-1.5,"1(log(n))^2",0.78
160,1000,2,"T_Copula_Sine",2000,-1.5,"1(log(n))^2",0.63
161,1000,2,"T_Copula_Sine",2000,-1.5,"1(log(n))^2",0.94
162,1000,2,"T_Copula_Sine",2000,-1.5,"1(log(n))^2",0.84
163,1000,2,"T_Copula_Sine",2000,-1.5,"1(log(n))^2",0.92
164,1000,2,"T_Copula_Sine",2000,-1.5,"1(log(n))^2",0.39
165,1000,2,"T_Copula_Sine",2000,-1.5,"1(log(n))^2",0.54
166,1000,2,"T_Copula_Sine",2000,-1.5,"1(log(n))^2",0.96
167,1000,2,"T_Copula_Sine",2000,-1.5,"1(log(n))^2",0.84
168,1000,2,"T_Copula_Sine",2000,-1.5,"1(log(n))^2",0.96
169,1000,2,"T_Copula_Sine",2000,-1.5,"1(log(n))^2",0.17
170,1000,2,"T_Copula_Sine",2000,-1.5,"1(log(n))^2",0.43
171,1000,2,"T_Copula_Sine",2000,-1.5,"1(log(n))^2",0.66
172,1000,2,"T_Copula_Sine",2000,-1.5,"1(log(n))^2",0.95
173,1000,2,"T_Copula_Sine",2000,-1.5,"1(log(n))^2",0.28
174,1000,2,"T_Copula_Sine",2000,-1.5,"1(log(n))^2",0.87
175,1000,2,"T_Copula_Sine",2000,-1.5,"1(log(n))^2",0.41
176,1000,2,"T_Copula_Sine",2000,-1.5,"1(log(n))^2",0.8
177,1000,2,"T_Copula_Sine",2000,-1.5,"1(log(n))^2",0.73
178,1000,2,"T_Copula_Sine",2000,-1.5,"1(log(n))^2",0.5
179,1000,2,"T_Copula_Sine",2000,-1.5,"1(log(n))^2",0.25
180,1000,2,"T_Copula_Sine",2000,-1.5,"1(log(n))^2",0.11
181,1000,2,"T_Copula_Sine",2000,-1.5,"1(log(n))^2",0.97
182,1000,2,"T_Copula_Sine",2000,-1.5,"1(log(n))^2",0.76
183,1000,2,"T_Copula_Sine",2000,-1.5,"1(log(n))^2",0.44
184,1000,2,"T_Copula_Sine",2000,-1.5,"1(log(n))^2",0.16
185,1000,2,"T_Copula_Sine",2000,-1.5,"1(log(n))^2",0.71
186,1000,2,"T_Copula_Sine",2000,-1.5,"1(log(n))^2",0.3
187,1000,2,"T_Copula_Sine",2000,-1.5,"1(log(n))^2",0.81
188,1000,2,"T_Copula_Sine",2000,-1.5,"1(log(n))^2",0.76
189,1000,2,"T_Copula_Sine",2000,-1.5,"1(log(n))^2",0.36
190,1000,2,"T_Copula_Sine",2000,-1.5,"1(log(n))^2",0.89
191,1000,2,"T_Copula_Sine",2000,-1.5,"1(log(n))^2",0.64
192,1000,2,"T_Copula_Sine",2000,-1.5,"1(log(n))^2",0.54
193,1000,2,"T_Copula_Sine",2000,-1.5,"1(log(n))^2",0.54
194,1000,2,"T_Copula_Sine",2000,-1.5,"1(log(n))^2",0.47
195,1000,2,"T_Copula_Sine",2000,-1.5,"1(log(n))^2",0.78
196,1000,2,"T_Copula_Sine",2000,-1.5,"1(log(n))^2",0.84
197,1000,2,"T_Copula_Sine",2000,-1.5,"1(log(n))^2",0.18
198,1000,2,"T_Copula_Sine",2000,-1.5,"1(log(n))^2",0.77
199,1000,2,"T_Copula_Sine",2000,-1.5,"1(log(n))^2",0.9
200,1000,2,"T_Copula_Sine",2000,-1.5,"1(log(n))^2",0.24
201,1000,2,"T_Copula_Sine",2000,-1.5,"1(log(n))^2",0.31
202,1000,2,"T_Copula_Sine",2000,-1.5,"1(log(n))^2",0.83
203,1000,2,"T_Copula_Sine",2000,-1.5,"1(log(n))^2",0.49
204,1000,2,"T_Copula_Sine",2000,-1.5,"1(log(n))^2",0.64
205,1000,2,"T_Copula_Sine",2000,-1.5,"1(log(n))^2",0.1
206,1000,2,"T_Copula_Sine",2000,-1.5,"1(log(n))^2",0.26
207,1000,2,"T_Copula_Sine",2000,-1.5,"1(log(n))^2",0.24
208,1000,2,"T_Copula_Sine",2000,-1.5,"1(log(n))^2",0.23
209,1000,2,"T_Copula_Sine",2000,-1.5,"1(log(n))^2",0.63
210,1000,2,"T_Copula_Sine",2000,-1.5,"1(log(n))^2",0.71
211,1000,2,"T_Copula_Sine",2000,-1.5,"1(log(n))^2",0.07
212,1000,2,"T_Copula_Sine",2000,-1.5,"1(log(n))^2",0.73
213,1000,2,"T_Copula_Sine",2000,-1.5,"1(log(n))^2",0.97
214,1000,2,"T_Copula_Sine",2000,-1.5,"1(log(n))^2",0.5
215,1000,2,"T_Copula_Sine",2000,-1.5,"1(log(n))^2",0.75
216,1000,2,"T_Copula_Sine",2000,-1.5,"1(log(n))^2",0.32
217,1000,2,"T_Copula_Sine",2000,-1.5,"1(log(n))^2",0.25
218,1000,2,"T_Copula_Sine",2000,-1.5,"1(log(n))^2",0.86
219,1000,2,"T_Copula_Sine",2000,-1.5,"1(log(n))^2",0.84
220,1000,2,"T_Copula_Sine",2000,-1.5,"1(log(n))^2",0.85
221,1000,2,"T_Copula_Sine",2000,-1.5,"1(log(n))^2",0.75
222,1000,2,"T_Copula_Sine",2000,-1.5,"1(log(n))^2",0.39
223,1000,2,"T_Copula_Sine",2000,-1.5,"1(log(n))^2",0.79
224,1000,2,"T_Copula_Sine",2000,-1.5,"1(log(n))^2",0.47
225,1000,2,"T_Copula_Sine",2000,-1.5,"1(log(n))^2",0.61
226,1000,2,"T_Copula_Sine",2000,-1.5,"1(log(n))^2",0.85
227,1000,2,"T_Copula_Sine",2000,-1.5,"1(log(n))^2",0.31
228,1000,2,"T_Copula_Sine",2000,-1.5,"1(log(n))^2",0.38
229,1000,2,"T_Copula_Sine",2000,-1.5,"1(log(n))^2",0.84
230,1000,2,"T_Copula_Sine",2000,-1.5,"1(log(n))^2",0.45
231,1000,2,"T_Copula_Sine",2000,-1.5,"1(log(n))^2",0.78
232,1000,2,"T_Copula_Sine",2000,-1.5,"1(log(n))^2",1
233,1000,2,"T_Copula_Sine",2000,-1.5,"1(log(n))^2",0.93
234,1000,2,"T_Copula_Sine",2000,-1.5,"1(log(n))^2",0.75
235,1000,2,"T_Copula_Sine",2000,-1.5,"1(log(n))^2",0.99
236,1000,2,"T_Copula_Sine",2000,-1.5,"1(log(n))^2",0.75
237,1000,2,"T_Copula_Sine",2000,-1.5,"1(log(n))^2",0.59
238,1000,2,"T_Copula_Sine",2000,-1.5,"1(log(n))^2",0.33
239,1000,2,"T_Copula_Sine",2000,-1.5,"1(log(n))^2",0.13
240,1000,2,"T_Copula_Sine",2000,-1.5,"1(log(n))^2",0.57
241,1000,2,"T_Copula_Sine",2000,-1.5,"1(log(n))^2",0.45
242,1000,2,"T_Copula_Sine",2000,-1.5,"1(log(n))^2",0.73
243,1000,2,"T_Copula_Sine",2000,-1.5,"1(log(n))^2",0.85
244,1000,2,"T_Copula_Sine",2000,-1.5,"1(log(n))^2",0.52
245,1000,2,"T_Copula_Sine",2000,-1.5,"1(log(n))^2",0.28
246,1000,2,"T_Copula_Sine",2000,-1.5,"1(log(n))^2",0.37
247,1000,2,"T_Copula_Sine",2000,-1.5,"1(log(n))^2",0.7
248,1000,2,"T_Copula_Sine",2000,-1.5,"1(log(n))^2",0.76
249,1000,2,"T_Copula_Sine",2000,-1.5,"1(log(n))^2",0.4
250,1000,2,"T_Copula_Sine",2000,-1.5,"1(log(n))^2",0.08
251,1000,2,"T_Copula_Sine",2000,-1.5,"1(log(n))^2",0.96
252,1000,2,"T_Copula_Sine",2000,-1.5,"1(log(n))^2",0.06
253,1000,2,"T_Copula_Sine",2000,-1.5,"1(log(n))^2",0.78
254,1000,2,"T_Copula_Sine",2000,-1.5,"1(log(n))^2",0.57
255,1000,2,"T_Copula_Sine",2000,-1.5,"1(log(n))^2",0.68
256,1000,2,"T_Copula_Sine",2000,-1.5,"1(log(n))^2",0.56
257,1000,2,"T_Copula_Sine",2000,-1.5,"1(log(n))^2",0.53
258,1000,2,"T_Copula_Sine",2000,-1.5,"1(log(n))^2",0.13
259,1000,2,"T_Copula_Sine",2000,-1.5,"1(log(n))^2",0.35
260,1000,2,"T_Copula_Sine",2000,-1.5,"1(log(n))^2",0.5
261,1000,2,"T_Copula_Sine",2000,-1.5,"1(log(n))^2",0.2
262,1000,2,"T_Copula_Sine",2000,-1.5,"1(log(n))^2",0.65
263,1000,2,"T_Copula_Sine",2000,-1.5,"1(log(n))^2",0.59
264,1000,2,"T_Copula_Sine",2000,-1.5,"1(log(n))^2",0.07
265,1000,2,"T_Copula_Sine",2000,-1.5,"1(log(n))^2",0.18
266,1000,2,"T_Copula_Sine",2000,-1.5,"1(log(n))^2",0.32
267,1000,2,"T_Copula_Sine",2000,-1.5,"1(log(n))^2",0.03
268,1000,2,"T_Copula_Sine",2000,-1.5,"1(log(n))^2",0.23
269,1000,2,"T_Copula_Sine",2000,-1.5,"1(log(n))^2",0.36
270,1000,2,"T_Copula_Sine",2000,-1.5,"1(log(n))^2",0.6
271,1000,2,"T_Copula_Sine",2000,-1.5,"1(log(n))^2",0.99
272,1000,2,"T_Copula_Sine",2000,-1.5,"1(log(n))^2",0.45
273,1000,2,"T_Copula_Sine",2000,-1.5,"1(log(n))^2",0.68
274,1000,2,"T_Copula_Sine",2000,-1.5,"1(log(n))^2",0.39
275,1000,2,"T_Copula_Sine",2000,-1.5,"1(log(n))^2",0.76
276,1000,2,"T_Copula_Sine",2000,-1.5,"1(log(n))^2",0.6
277,1000,2,"T_Copula_Sine",2000,-1.5,"1(log(n))^2",0.48
278,1000,2,"T_Copula_Sine",2000,-1.5,"1(log(n))^2",0.55
279,1000,2,"T_Copula_Sine",2000,-1.5,"1(log(n))^2",0.7
280,1000,2,"T_Copula_Sine",2000,-1.5,"1(log(n))^2",0.91
281,1000,2,"T_Copula_Sine",2000,-1.5,"1(log(n))^2",0.57
282,1000,2,"T_Copula_Sine",2000,-1.5,"1(log(n))^2",1
283,1000,2,"T_Copula_Sine",2000,-1.5,"1(log(n))^2",1
284,1000,2,"T_Copula_Sine",2000,-1.5,"1(log(n))^2",1
285,1000,2,"T_Copula_Sine",2000,-1.5,"1(log(n))^2",0.19
286,1000,2,"T_Copula_Sine",2000,-1.5,"1(log(n))^2",0.67
287,1000,2,"T_Copula_Sine",2000,-1.5,"1(log(n))^2",0.05
288,1000,2,"T_Copula_Sine",2000,-1.5,"1(log(n))^2",0.42
289,1000,2,"T_Copula_Sine",2000,-1.5,"1(log(n))^2",0.1
290,1000,2,"T_Copula_Sine",2000,-1.5,"1(log(n))^2",0.43
291,1000,2,"T_Copula_Sine",2000,-1.5,"1(log(n))^2",0.31
292,1000,2,"T_Copula_Sine",2000,-1.5,"1(log(n))^2",0.63
293,1000,2,"T_Copula_Sine",2000,-1.5,"1(log(n))^2",0.59
294,1000,2,"T_Copula_Sine",2000,-1.5,"1(log(n))^2",0.33
295,1000,2,"T_Copula_Sine",2000,-1.5,"1(log(n))^2",0.55
296,1000,2,"T_Copula_Sine",2000,-1.5,"1(log(n))^2",0.45
297,1000,2,"T_Copula_Sine",2000,-1.5,"1(log(n))^2",0.83
298,1000,2,"T_Copula_Sine",2000,-1.5,"1(log(n))^2",0.81
299,1000,2,"T_Copula_Sine",2000,-1.5,"1(log(n))^2",0.93
300,1000,2,"T_Copula_Sine",2000,-1.5,"1(log(n))^2",0.82
301,1000,2,"T_Copula_Sine",2000,-1.5,"1(log(n))^2",0.02
302,1000,2,"T_Copula_Sine",2000,-1.5,"1(log(n))^2",0.86
303,1000,2,"T_Copula_Sine",2000,-1.5,"1(log(n))^2",0.89
304,1000,2,"T_Copula_Sine",2000,-1.5,"1(log(n))^2",0.09
305,1000,2,"T_Copula_Sine",2000,-1.5,"1(log(n))^2",0.35
306,1000,2,"T_Copula_Sine",2000,-1.5,"1(log(n))^2",0.44
307,1000,2,"T_Copula_Sine",2000,-1.5,"1(log(n))^2",0.43
308,1000,2,"T_Copula_Sine",2000,-1.5,"1(log(n))^2",0.28
309,1000,2,"T_Copula_Sine",2000,-1.5,"1(log(n))^2",0.78
310,1000,2,"T_Copula_Sine",2000,-1.5,"1(log(n))^2",0.53
311,1000,2,"T_Copula_Sine",2000,-1.5,"1(log(n))^2",0.99
312,1000,2,"T_Copula_Sine",2000,-1.5,"1(log(n))^2",0.26
313,1000,2,"T_Copula_Sine",2000,-1.5,"1(log(n))^2",0.87
314,1000,2,"T_Copula_Sine",2000,-1.5,"1(log(n))^2",0.77
315,1000,2,"T_Copula_Sine",2000,-1.5,"1(log(n))^2",0.84
316,1000,2,"T_Copula_Sine",2000,-1.5,"1(log(n))^2",0.84
317,1000,2,"T_Copula_Sine",2000,-1.5,"1(log(n))^2",0.65
318,1000,2,"T_Copula_Sine",2000,-1.5,"1(log(n))^2",0.66
319,1000,2,"T_Copula_Sine",2000,-1.5,"1(log(n))^2",0.47
320,1000,2,"T_Copula_Sine",2000,-1.5,"1(log(n))^2",0.92
321,1000,2,"T_Copula_Sine",2000,-1.5,"1(log(n))^2",0.84
322,1000,2,"T_Copula_Sine",2000,-1.5,"1(log(n))^2",0.29
323,1000,2,"T_Copula_Sine",2000,-1.5,"1(log(n))^2",0.72
324,1000,2,"T_Copula_Sine",2000,-1.5,"1(log(n))^2",0.74
325,1000,2,"T_Copula_Sine",2000,-1.5,"1(log(n))^2",0.77
326,1000,2,"T_Copula_Sine",2000,-1.5,"1(log(n))^2",0.61
327,1000,2,"T_Copula_Sine",2000,-1.5,"1(log(n))^2",0.46
328,1000,2,"T_Copula_Sine",2000,-1.5,"1(log(n))^2",0.74
329,1000,2,"T_Copula_Sine",2000,-1.5,"1(log(n))^2",0.2
330,1000,2,"T_Copula_Sine",2000,-1.5,"1(log(n))^2",0.92
331,1000,2,"T_Copula_Sine",2000,-1.5,"1(log(n))^2",0.89
332,1000,2,"T_Copula_Sine",2000,-1.5,"1(log(n))^2",0.18
333,1000,2,"T_Copula_Sine",2000,-1.5,"1(log(n))^2",0.96
334,1000,2,"T_Copula_Sine",2000,-1.5,"1(log(n))^2",0.26
335,1000,2,"T_Copula_Sine",2000,-1.5,"1(log(n))^2",0.94
336,1000,2,"T_Copula_Sine",2000,-1.5,"1(log(n))^2",0.05
337,1000,2,"T_Copula_Sine",2000,-1.5,"1(log(n))^2",0.62
338,1000,2,"T_Copula_Sine",2000,-1.5,"1(log(n))^2",0.63
339,1000,2,"T_Copula_Sine",2000,-1.5,"1(log(n))^2",0.32
340,1000,2,"T_Copula_Sine",2000,-1.5,"1(log(n))^2",0.38
341,1000,2,"T_Copula_Sine",2000,-1.5,"1(log(n))^2",0.9
342,1000,2,"T_Copula_Sine",2000,-1.5,"1(log(n))^2",0.44
343,1000,2,"T_Copula_Sine",2000,-1.5,"1(log(n))^2",0.36
344,1000,2,"T_Copula_Sine",2000,-1.5,"1(log(n))^2",0.69
345,1000,2,"T_Copula_Sine",2000,-1.5,"1(log(n))^2",0.94
346,1000,2,"T_Copula_Sine",2000,-1.5,"1(log(n))^2",0.53
347,1000,2,"T_Copula_Sine",2000,-1.5,"1(log(n))^2",0.18
348,1000,2,"T_Copula_Sine",2000,-1.5,"1(log(n))^2",0.8
349,1000,2,"T_Copula_Sine",2000,-1.5,"1(log(n))^2",0.63
350,1000,2,"T_Copula_Sine",2000,-1.5,"1(log(n))^2",0.68
351,1000,2,"T_Copula_Sine",2000,-1.5,"1(log(n))^2",0.98
352,1000,2,"T_Copula_Sine",2000,-1.5,"1(log(n))^2",0.35
353,1000,2,"T_Copula_Sine",2000,-1.5,"1(log(n))^2",0.61
354,1000,2,"T_Copula_Sine",2000,-1.5,"1(log(n))^2",0.68
355,1000,2,"T_Copula_Sine",2000,-1.5,"1(log(n))^2",0.83
356,1000,2,"T_Copula_Sine",2000,-1.5,"1(log(n))^2",0.19
357,1000,2,"T_Copula_Sine",2000,-1.5,"1(log(n))^2",0.27
358,1000,2,"T_Copula_Sine",2000,-1.5,"1(log(n))^2",0.66
359,1000,2,"T_Copula_Sine",2000,-1.5,"1(log(n))^2",0.93
360,1000,2,"T_Copula_Sine",2000,-1.5,"1(log(n))^2",0.77
361,1000,2,"T_Copula_Sine",2000,-1.5,"1(log(n))^2",0.83
362,1000,2,"T_Copula_Sine",2000,-1.5,"1(log(n))^2",0.35
363,1000,2,"T_Copula_Sine",2000,-1.5,"1(log(n))^2",0.44
364,1000,2,"T_Copula_Sine",2000,-1.5,"1(log(n))^2",0.63
365,1000,2,"T_Copula_Sine",2000,-1.5,"1(log(n))^2",0.91
366,1000,2,"T_Copula_Sine",2000,-1.5,"1(log(n))^2",0.38
367,1000,2,"T_Copula_Sine",2000,-1.5,"1(log(n))^2",0.22
368,1000,2,"T_Copula_Sine",2000,-1.5,"1(log(n))^2",0.45
369,1000,2,"T_Copula_Sine",2000,-1.5,"1(log(n))^2",0.88
370,1000,2,"T_Copula_Sine",2000,-1.5,"1(log(n))^2",0.55
371,1000,2,"T_Copula_Sine",2000,-1.5,"1(log(n))^2",0.31
372,1000,2,"T_Copula_Sine",2000,-1.5,"1(log(n))^2",0.98
373,1000,2,"T_Copula_Sine",2000,-1.5,"1(log(n))^2",0.68
374,1000,2,"T_Copula_Sine",2000,-1.5,"1(log(n))^2",0.94
375,1000,2,"T_Copula_Sine",2000,-1.5,"1(log(n))^2",0.49
376,1000,2,"T_Copula_Sine",2000,-1.5,"1(log(n))^2",0.8
377,1000,2,"T_Copula_Sine",2000,-1.5,"1(log(n))^2",0.58
378,1000,2,"T_Copula_Sine",2000,-1.5,"1(log(n))^2",0.71
379,1000,2,"T_Copula_Sine",2000,-1.5,"1(log(n))^2",0.37
380,1000,2,"T_Copula_Sine",2000,-1.5,"1(log(n))^2",0.48
381,1000,2,"T_Copula_Sine",2000,-1.5,"1(log(n))^2",0
382,1000,2,"T_Copula_Sine",2000,-1.5,"1(log(n))^2",0.89
383,1000,2,"T_Copula_Sine",2000,-1.5,"1(log(n))^2",0.09
384,1000,2,"T_Copula_Sine",2000,-1.5,"1(log(n))^2",0.28
385,1000,2,"T_Copula_Sine",2000,-1.5,"1(log(n))^2",0.91
386,1000,2,"T_Copula_Sine",2000,-1.5,"1(log(n))^2",0.98
387,1000,2,"T_Copula_Sine",2000,-1.5,"1(log(n))^2",0.46
388,1000,2,"T_Copula_Sine",2000,-1.5,"1(log(n))^2",1
389,1000,2,"T_Copula_Sine",2000,-1.5,"1(log(n))^2",0.42
390,1000,2,"T_Copula_Sine",2000,-1.5,"1(log(n))^2",0.01
391,1000,2,"T_Copula_Sine",2000,-1.5,"1(log(n))^2",0.57
392,1000,2,"T_Copula_Sine",2000,-1.5,"1(log(n))^2",0.71
393,1000,2,"T_Copula_Sine",2000,-1.5,"1(log(n))^2",0.84
394,1000,2,"T_Copula_Sine",2000,-1.5,"1(log(n))^2",0.09
395,1000,2,"T_Copula_Sine",2000,-1.5,"1(log(n))^2",0.89
396,1000,2,"T_Copula_Sine",2000,-1.5,"1(log(n))^2",0.66
397,1000,2,"T_Copula_Sine",2000,-1.5,"1(log(n))^2",0.29
398,1000,2,"T_Copula_Sine",2000,-1.5,"1(log(n))^2",0.68
399,1000,2,"T_Copula_Sine",2000,-1.5,"1(log(n))^2",0.76
400,1000,2,"T_Copula_Sine",2000,-1.5,"1(log(n))^2",0.31
401,1000,2,"T_Copula_Sine",2000,-1.5,"1(log(n))^2",0.37
402,1000,2,"T_Copula_Sine",2000,-1.5,"1(log(n))^2",0.71
403,1000,2,"T_Copula_Sine",2000,-1.5,"1(log(n))^2",0.32
404,1000,2,"T_Copula_Sine",2000,-1.5,"1(log(n))^2",0.54
405,1000,2,"T_Copula_Sine",2000,-1.5,"1(log(n))^2",0.58
406,1000,2,"T_Copula_Sine",2000,-1.5,"1(log(n))^2",0.47
407,1000,2,"T_Copula_Sine",2000,-1.5,"1(log(n))^2",0.86
408,1000,2,"T_Copula_Sine",2000,-1.5,"1(log(n))^2",0.66
409,1000,2,"T_Copula_Sine",2000,-1.5,"1(log(n))^2",0.57
410,1000,2,"T_Copula_Sine",2000,-1.5,"1(log(n))^2",0.55
411,1000,2,"T_Copula_Sine",2000,-1.5,"1(log(n))^2",0.45
412,1000,2,"T_Copula_Sine",2000,-1.5,"1(log(n))^2",0.98
413,1000,2,"T_Copula_Sine",2000,-1.5,"1(log(n))^2",0.57
414,1000,2,"T_Copula_Sine",2000,-1.5,"1(log(n))^2",0.67
415,1000,2,"T_Copula_Sine",2000,-1.5,"1(log(n))^2",0.57
416,1000,2,"T_Copula_Sine",2000,-1.5,"1(log(n))^2",0.19
417,1000,2,"T_Copula_Sine",2000,-1.5,"1(log(n))^2",0.86
418,1000,2,"T_Copula_Sine",2000,-1.5,"1(log(n))^2",0.57
419,1000,2,"T_Copula_Sine",2000,-1.5,"1(log(n))^2",0.61
420,1000,2,"T_Copula_Sine",2000,-1.5,"1(log(n))^2",0.75
421,1000,2,"T_Copula_Sine",2000,-1.5,"1(log(n))^2",0.76
422,1000,2,"T_Copula_Sine",2000,-1.5,"1(log(n))^2",0.6
423,1000,2,"T_Copula_Sine",2000,-1.5,"1(log(n))^2",0.27
424,1000,2,"T_Copula_Sine",2000,-1.5,"1(log(n))^2",0.84
425,1000,2,"T_Copula_Sine",2000,-1.5,"1(log(n))^2",0.94
426,1000,2,"T_Copula_Sine",2000,-1.5,"1(log(n))^2",0.9
427,1000,2,"T_Copula_Sine",2000,-1.5,"1(log(n))^2",0.75
428,1000,2,"T_Copula_Sine",2000,-1.5,"1(log(n))^2",0.97
429,1000,2,"T_Copula_Sine",2000,-1.5,"1(log(n))^2",0.7
430,1000,2,"T_Copula_Sine",2000,-1.5,"1(log(n))^2",0.21
431,1000,2,"T_Copula_Sine",2000,-1.5,"1(log(n))^2",0.5
432,1000,2,"T_Copula_Sine",2000,-1.5,"1(log(n))^2",0.83
433,1000,2,"T_Copula_Sine",2000,-1.5,"1(log(n))^2",0.24
434,1000,2,"T_Copula_Sine",2000,-1.5,"1(log(n))^2",0.72
435,1000,2,"T_Copula_Sine",2000,-1.5,"1(log(n))^2",0.82
436,1000,2,"T_Copula_Sine",2000,-1.5,"1(log(n))^2",0.67
437,1000,2,"T_Copula_Sine",2000,-1.5,"1(log(n))^2",0.91
438,1000,2,"T_Copula_Sine",2000,-1.5,"1(log(n))^2",0.19
439,1000,2,"T_Copula_Sine",2000,-1.5,"1(log(n))^2",0.37
440,1000,2,"T_Copula_Sine",2000,-1.5,"1(log(n))^2",0.92
441,1000,2,"T_Copula_Sine",2000,-1.5,"1(log(n))^2",0.83
442,1000,2,"T_Copula_Sine",2000,-1.5,"1(log(n))^2",0.9
443,1000,2,"T_Copula_Sine",2000,-1.5,"1(log(n))^2",0.46
444,1000,2,"T_Copula_Sine",2000,-1.5,"1(log(n))^2",0.51
445,1000,2,"T_Copula_Sine",2000,-1.5,"1(log(n))^2",0.18
446,1000,2,"T_Copula_Sine",2000,-1.5,"1(log(n))^2",0.83
447,1000,2,"T_Copula_Sine",2000,-1.5,"1(log(n))^2",0.79
448,1000,2,"T_Copula_Sine",2000,-1.5,"1(log(n))^2",0.03
449,1000,2,"T_Copula_Sine",2000,-1.5,"1(log(n))^2",1
450,1000,2,"T_Copula_Sine",2000,-1.5,"1(log(n))^2",0.13
451,1000,2,"T_Copula_Sine",2000,-1.5,"1(log(n))^2",0.19
452,1000,2,"T_Copula_Sine",2000,-1.5,"1(log(n))^2",0.6
453,1000,2,"T_Copula_Sine",2000,-1.5,"1(log(n))^2",0.67
454,1000,2,"T_Copula_Sine",2000,-1.5,"1(log(n))^2",0.05
455,1000,2,"T_Copula_Sine",2000,-1.5,"1(log(n))^2",0.57
456,1000,2,"T_Copula_Sine",2000,-1.5,"1(log(n))^2",0.85
457,1000,2,"T_Copula_Sine",2000,-1.5,"1(log(n))^2",0.09
458,1000,2,"T_Copula_Sine",2000,-1.5,"1(log(n))^2",0.75
459,1000,2,"T_Copula_Sine",2000,-1.5,"1(log(n))^2",0.43
460,1000,2,"T_Copula_Sine",2000,-1.5,"1(log(n))^2",0.26
461,1000,2,"T_Copula_Sine",2000,-1.5,"1(log(n))^2",0.43
462,1000,2,"T_Copula_Sine",2000,-1.5,"1(log(n))^2",0.99
463,1000,2,"T_Copula_Sine",2000,-1.5,"1(log(n))^2",0.4
464,1000,2,"T_Copula_Sine",2000,-1.5,"1(log(n))^2",0.92
465,1000,2,"T_Copula_Sine",2000,-1.5,"1(log(n))^2",0.36
466,1000,2,"T_Copula_Sine",2000,-1.5,"1(log(n))^2",0.75
467,1000,2,"T_Copula_Sine",2000,-1.5,"1(log(n))^2",0.43
468,1000,2,"T_Copula_Sine",2000,-1.5,"1(log(n))^2",0.63
469,1000,2,"T_Copula_Sine",2000,-1.5,"1(log(n))^2",0.12
470,1000,2,"T_Copula_Sine",2000,-1.5,"1(log(n))^2",1
471,1000,2,"T_Copula_Sine",2000,-1.5,"1(log(n))^2",0.55
472,1000,2,"T_Copula_Sine",2000,-1.5,"1(log(n))^2",0.6
473,1000,2,"T_Copula_Sine",2000,-1.5,"1(log(n))^2",0.94
474,1000,2,"T_Copula_Sine",2000,-1.5,"1(log(n))^2",0.57
475,1000,2,"T_Copula_Sine",2000,-1.5,"1(log(n))^2",0.28
476,1000,2,"T_Copula_Sine",2000,-1.5,"1(log(n))^2",0.82
477,1000,2,"T_Copula_Sine",2000,-1.5,"1(log(n))^2",0.91
478,1000,2,"T_Copula_Sine",2000,-1.5,"1(log(n))^2",0.72
479,1000,2,"T_Copula_Sine",2000,-1.5,"1(log(n))^2",0.68
480,1000,2,"T_Copula_Sine",2000,-1.5,"1(log(n))^2",0.59
481,1000,2,"T_Copula_Sine",2000,-1.5,"1(log(n))^2",0.78
482,1000,2,"T_Copula_Sine",2000,-1.5,"1(log(n))^2",0.56
483,1000,2,"T_Copula_Sine",2000,-1.5,"1(log(n))^2",0.68
484,1000,2,"T_Copula_Sine",2000,-1.5,"1(log(n))^2",0.53
485,1000,2,"T_Copula_Sine",2000,-1.5,"1(log(n))^2",0.36
486,1000,2,"T_Copula_Sine",2000,-1.5,"1(log(n))^2",0.38
487,1000,2,"T_Copula_Sine",2000,-1.5,"1(log(n))^2",0.79
488,1000,2,"T_Copula_Sine",2000,-1.5,"1(log(n))^2",0.46
489,1000,2,"T_Copula_Sine",2000,-1.5,"1(log(n))^2",0.42
490,1000,2,"T_Copula_Sine",2000,-1.5,"1(log(n))^2",0.58
491,1000,2,"T_Copula_Sine",2000,-1.5,"1(log(n))^2",0.45
492,1000,2,"T_Copula_Sine",2000,-1.5,"1(log(n))^2",0.36
493,1000,2,"T_Copula_Sine",2000,-1.5,"1(log(n))^2",0.51
494,1000,2,"T_Copula_Sine",2000,-1.5,"1(log(n))^2",0.25
495,1000,2,"T_Copula_Sine",2000,-1.5,"1(log(n))^2",0.26
496,1000,2,"T_Copula_Sine",2000,-1.5,"1(log(n))^2",0.9
497,1000,2,"T_Copula_Sine",2000,-1.5,"1(log(n))^2",0.29
498,1000,2,"T_Copula_Sine",2000,-1.5,"1(log(n))^2",0.44
499,1000,2,"T_Copula_Sine",2000,-1.5,"1(log(n))^2",0.88
500,1000,2,"T_Copula_Sine",2000,-1.5,"1(log(n))^2",0.44
501,1000,2,"T_Copula_Sine",2000,-1.5,"1(log(n))^2",0.71
502,1000,2,"T_Copula_Sine",2000,-1.5,"1(log(n))^2",0.06
503,1000,2,"T_Copula_Sine",2000,-1.5,"1(log(n))^2",0.73
504,1000,2,"T_Copula_Sine",2000,-1.5,"1(log(n))^2",0.91
505,1000,2,"T_Copula_Sine",2000,-1.5,"1(log(n))^2",0.74
506,1000,2,"T_Copula_Sine",2000,-1.5,"1(log(n))^2",0.67
507,1000,2,"T_Copula_Sine",2000,-1.5,"1(log(n))^2",0.49
508,1000,2,"T_Copula_Sine",2000,-1.5,"1(log(n))^2",0.85
509,1000,2,"T_Copula_Sine",2000,-1.5,"1(log(n))^2",0.95
510,1000,2,"T_Copula_Sine",2000,-1.5,"1(log(n))^2",0.63
511,1000,2,"T_Copula_Sine",2000,-1.5,"1(log(n))^2",0.69
512,1000,2,"T_Copula_Sine",2000,-1.5,"1(log(n))^2",0.7
513,1000,2,"T_Copula_Sine",2000,-1.5,"1(log(n))^2",0.29
514,1000,2,"T_Copula_Sine",2000,-1.5,"1(log(n))^2",0.87
515,1000,2,"T_Copula_Sine",2000,-1.5,"1(log(n))^2",0.74
516,1000,2,"T_Copula_Sine",2000,-1.5,"1(log(n))^2",0.74
517,1000,2,"T_Copula_Sine",2000,-1.5,"1(log(n))^2",0.63
518,1000,2,"T_Copula_Sine",2000,-1.5,"1(log(n))^2",0.67
519,1000,2,"T_Copula_Sine",2000,-1.5,"1(log(n))^2",0.09
520,1000,2,"T_Copula_Sine",2000,-1.5,"1(log(n))^2",0.23
521,1000,2,"T_Copula_Sine",2000,-1.5,"1(log(n))^2",0.85
522,1000,2,"T_Copula_Sine",2000,-1.5,"1(log(n))^2",0.73
523,1000,2,"T_Copula_Sine",2000,-1.5,"1(log(n))^2",0.75
524,1000,2,"T_Copula_Sine",2000,-1.5,"1(log(n))^2",0.48
525,1000,2,"T_Copula_Sine",2000,-1.5,"1(log(n))^2",0.85
526,1000,2,"T_Copula_Sine",2000,-1.5,"1(log(n))^2",0.46
527,1000,2,"T_Copula_Sine",2000,-1.5,"1(log(n))^2",0.36
528,1000,2,"T_Copula_Sine",2000,-1.5,"1(log(n))^2",0.21
529,1000,2,"T_Copula_Sine",2000,-1.5,"1(log(n))^2",0.65
530,1000,2,"T_Copula_Sine",2000,-1.5,"1(log(n))^2",0.79
531,1000,2,"T_Copula_Sine",2000,-1.5,"1(log(n))^2",0.99
532,1000,2,"T_Copula_Sine",2000,-1.5,"1(log(n))^2",0.51
533,1000,2,"T_Copula_Sine",2000,-1.5,"1(log(n))^2",0.69
534,1000,2,"T_Copula_Sine",2000,-1.5,"1(log(n))^2",0.3
535,1000,2,"T_Copula_Sine",2000,-1.5,"1(log(n))^2",0.4
536,1000,2,"T_Copula_Sine",2000,-1.5,"1(log(n))^2",0.94
537,1000,2,"T_Copula_Sine",2000,-1.5,"1(log(n))^2",0.54
538,1000,2,"T_Copula_Sine",2000,-1.5,"1(log(n))^2",0.69
539,1000,2,"T_Copula_Sine",2000,-1.5,"1(log(n))^2",0.5
540,1000,2,"T_Copula_Sine",2000,-1.5,"1(log(n))^2",0.7
541,1000,2,"T_Copula_Sine",2000,-1.5,"1(log(n))^2",0.99
542,1000,2,"T_Copula_Sine",2000,-1.5,"1(log(n))^2",0.27
543,1000,2,"T_Copula_Sine",2000,-1.5,"1(log(n))^2",0.56
544,1000,2,"T_Copula_Sine",2000,-1.5,"1(log(n))^2",0.41
545,1000,2,"T_Copula_Sine",2000,-1.5,"1(log(n))^2",0.94
546,1000,2,"T_Copula_Sine",2000,-1.5,"1(log(n))^2",0.71
547,1000,2,"T_Copula_Sine",2000,-1.5,"1(log(n))^2",0.89
548,1000,2,"T_Copula_Sine",2000,-1.5,"1(log(n))^2",0.7
549,1000,2,"T_Copula_Sine",2000,-1.5,"1(log(n))^2",0.37
550,1000,2,"T_Copula_Sine",2000,-1.5,"1(log(n))^2",0.7
551,1000,2,"T_Copula_Sine",2000,-1.5,"1(log(n))^2",0.77
552,1000,2,"T_Copula_Sine",2000,-1.5,"1(log(n))^2",0.2
553,1000,2,"T_Copula_Sine",2000,-1.5,"1(log(n))^2",0.24
554,1000,2,"T_Copula_Sine",2000,-1.5,"1(log(n))^2",0.86
555,1000,2,"T_Copula_Sine",2000,-1.5,"1(log(n))^2",0.5
556,1000,2,"T_Copula_Sine",2000,-1.5,"1(log(n))^2",0.29
557,1000,2,"T_Copula_Sine",2000,-1.5,"1(log(n))^2",0.26
558,1000,2,"T_Copula_Sine",2000,-1.5,"1(log(n))^2",0.57
559,1000,2,"T_Copula_Sine",2000,-1.5,"1(log(n))^2",0.66
560,1000,2,"T_Copula_Sine",2000,-1.5,"1(log(n))^2",0.2
561,1000,2,"T_Copula_Sine",2000,-1.5,"1(log(n))^2",0.57
562,1000,2,"T_Copula_Sine",2000,-1.5,"1(log(n))^2",0.72
563,1000,2,"T_Copula_Sine",2000,-1.5,"1(log(n))^2",0.33
564,1000,2,"T_Copula_Sine",2000,-1.5,"1(log(n))^2",0.44
565,1000,2,"T_Copula_Sine",2000,-1.5,"1(log(n))^2",0.98
566,1000,2,"T_Copula_Sine",2000,-1.5,"1(log(n))^2",0.81
567,1000,2,"T_Copula_Sine",2000,-1.5,"1(log(n))^2",0.21
568,1000,2,"T_Copula_Sine",2000,-1.5,"1(log(n))^2",0.07
569,1000,2,"T_Copula_Sine",2000,-1.5,"1(log(n))^2",0.88
570,1000,2,"T_Copula_Sine",2000,-1.5,"1(log(n))^2",0.66
571,1000,2,"T_Copula_Sine",2000,-1.5,"1(log(n))^2",0.57
572,1000,2,"T_Copula_Sine",2000,-1.5,"1(log(n))^2",0.14
573,1000,2,"T_Copula_Sine",2000,-1.5,"1(log(n))^2",0.39
574,1000,2,"T_Copula_Sine",2000,-1.5,"1(log(n))^2",0.98
575,1000,2,"T_Copula_Sine",2000,-1.5,"1(log(n))^2",0.93
576,1000,2,"T_Copula_Sine",2000,-1.5,"1(log(n))^2",0.3
577,1000,2,"T_Copula_Sine",2000,-1.5,"1(log(n))^2",0.68
578,1000,2,"T_Copula_Sine",2000,-1.5,"1(log(n))^2",0.68
579,1000,2,"T_Copula_Sine",2000,-1.5,"1(log(n))^2",0.3
580,1000,2,"T_Copula_Sine",2000,-1.5,"1(log(n))^2",0.84
581,1000,2,"T_Copula_Sine",2000,-1.5,"1(log(n))^2",0.57
582,1000,2,"T_Copula_Sine",2000,-1.5,"1(log(n))^2",0.13
583,1000,2,"T_Copula_Sine",2000,-1.5,"1(log(n))^2",0.89
584,1000,2,"T_Copula_Sine",2000,-1.5,"1(log(n))^2",0
585,1000,2,"T_Copula_Sine",2000,-1.5,"1(log(n))^2",0.84
586,1000,2,"T_Copula_Sine",2000,-1.5,"1(log(n))^2",0.63
587,1000,2,"T_Copula_Sine",2000,-1.5,"1(log(n))^2",0.84
588,1000,2,"T_Copula_Sine",2000,-1.5,"1(log(n))^2",0.93
589,1000,2,"T_Copula_Sine",2000,-1.5,"1(log(n))^2",0.84
590,1000,2,"T_Copula_Sine",2000,-1.5,"1(log(n))^2",0.93
591,1000,2,"T_Copula_Sine",2000,-1.5,"1(log(n))^2",0.58
592,1000,2,"T_Copula_Sine",2000,-1.5,"1(log(n))^2",0.05
593,1000,2,"T_Copula_Sine",2000,-1.5,"1(log(n))^2",0.55
594,1000,2,"T_Copula_Sine",2000,-1.5,"1(log(n))^2",0.23
595,1000,2,"T_Copula_Sine",2000,-1.5,"1(log(n))^2",0.24
596,1000,2,"T_Copula_Sine",2000,-1.5,"1(log(n))^2",0.58
597,1000,2,"T_Copula_Sine",2000,-1.5,"1(log(n))^2",0.39
598,1000,2,"T_Copula_Sine",2000,-1.5,"1(log(n))^2",0.38
599,1000,2,"T_Copula_Sine",2000,-1.5,"1(log(n))^2",0.91
600,1000,2,"T_Copula_Sine",2000,-1.5,"1(log(n))^2",0.75
601,1000,2,"T_Copula_Sine",2000,-1.5,"1(log(n))^2",0.02
602,1000,2,"T_Copula_Sine",2000,-1.5,"1(log(n))^2",0.42
603,1000,2,"T_Copula_Sine",2000,-1.5,"1(log(n))^2",0.37
604,1000,2,"T_Copula_Sine",2000,-1.5,"1(log(n))^2",0.72
605,1000,2,"T_Copula_Sine",2000,-1.5,"1(log(n))^2",0.44
606,1000,2,"T_Copula_Sine",2000,-1.5,"1(log(n))^2",0.41
607,1000,2,"T_Copula_Sine",2000,-1.5,"1(log(n))^2",0.48
608,1000,2,"T_Copula_Sine",2000,-1.5,"1(log(n))^2",0.74
609,1000,2,"T_Copula_Sine",2000,-1.5,"1(log(n))^2",0.61
610,1000,2,"T_Copula_Sine",2000,-1.5,"1(log(n))^2",0.29
611,1000,2,"T_Copula_Sine",2000,-1.5,"1(log(n))^2",0.73
612,1000,2,"T_Copula_Sine",2000,-1.5,"1(log(n))^2",0.62
613,1000,2,"T_Copula_Sine",2000,-1.5,"1(log(n))^2",0.92
614,1000,2,"T_Copula_Sine",2000,-1.5,"1(log(n))^2",0.06
615,1000,2,"T_Copula_Sine",2000,-1.5,"1(log(n))^2",0.99
616,1000,2,"T_Copula_Sine",2000,-1.5,"1(log(n))^2",0.98
617,1000,2,"T_Copula_Sine",2000,-1.5,"1(log(n))^2",0.72
618,1000,2,"T_Copula_Sine",2000,-1.5,"1(log(n))^2",0.99
619,1000,2,"T_Copula_Sine",2000,-1.5,"1(log(n))^2",0.18
620,1000,2,"T_Copula_Sine",2000,-1.5,"1(log(n))^2",0.59
621,1000,2,"T_Copula_Sine",2000,-1.5,"1(log(n))^2",0.81
622,1000,2,"T_Copula_Sine",2000,-1.5,"1(log(n))^2",0.76
623,1000,2,"T_Copula_Sine",2000,-1.5,"1(log(n))^2",0.39
624,1000,2,"T_Copula_Sine",2000,-1.5,"1(log(n))^2",0.8
625,1000,2,"T_Copula_Sine",2000,-1.5,"1(log(n))^2",0.75
626,1000,2,"T_Copula_Sine",2000,-1.5,"1(log(n))^2",0.33
627,1000,2,"T_Copula_Sine",2000,-1.5,"1(log(n))^2",0.96
628,1000,2,"T_Copula_Sine",2000,-1.5,"1(log(n))^2",0.26
629,1000,2,"T_Copula_Sine",2000,-1.5,"1(log(n))^2",0.73
630,1000,2,"T_Copula_Sine",2000,-1.5,"1(log(n))^2",0.32
631,1000,2,"T_Copula_Sine",2000,-1.5,"1(log(n))^2",0.92
632,1000,2,"T_Copula_Sine",2000,-1.5,"1(log(n))^2",0.87
633,1000,2,"T_Copula_Sine",2000,-1.5,"1(log(n))^2",0.75
634,1000,2,"T_Copula_Sine",2000,-1.5,"1(log(n))^2",0.05
635,1000,2,"T_Copula_Sine",2000,-1.5,"1(log(n))^2",0.92
636,1000,2,"T_Copula_Sine",2000,-1.5,"1(log(n))^2",0.57
637,1000,2,"T_Copula_Sine",2000,-1.5,"1(log(n))^2",0.46
638,1000,2,"T_Copula_Sine",2000,-1.5,"1(log(n))^2",0.68
639,1000,2,"T_Copula_Sine",2000,-1.5,"1(log(n))^2",0.88
640,1000,2,"T_Copula_Sine",2000,-1.5,"1(log(n))^2",0.17
641,1000,2,"T_Copula_Sine",2000,-1.5,"1(log(n))^2",0.98
642,1000,2,"T_Copula_Sine",2000,-1.5,"1(log(n))^2",1
643,1000,2,"T_Copula_Sine",2000,-1.5,"1(log(n))^2",0.35
644,1000,2,"T_Copula_Sine",2000,-1.5,"1(log(n))^2",0.35
645,1000,2,"T_Copula_Sine",2000,-1.5,"1(log(n))^2",0.85
646,1000,2,"T_Copula_Sine",2000,-1.5,"1(log(n))^2",0.5
647,1000,2,"T_Copula_Sine",2000,-1.5,"1(log(n))^2",0.59
648,1000,2,"T_Copula_Sine",2000,-1.5,"1(log(n))^2",0.95
649,1000,2,"T_Copula_Sine",2000,-1.5,"1(log(n))^2",0.81
650,1000,2,"T_Copula_Sine",2000,-1.5,"1(log(n))^2",0.45
651,1000,2,"T_Copula_Sine",2000,-1.5,"1(log(n))^2",0.46
652,1000,2,"T_Copula_Sine",2000,-1.5,"1(log(n))^2",0.57
653,1000,2,"T_Copula_Sine",2000,-1.5,"1(log(n))^2",0.96
654,1000,2,"T_Copula_Sine",2000,-1.5,"1(log(n))^2",0.14
655,1000,2,"T_Copula_Sine",2000,-1.5,"1(log(n))^2",0.34
656,1000,2,"T_Copula_Sine",2000,-1.5,"1(log(n))^2",0.78
657,1000,2,"T_Copula_Sine",2000,-1.5,"1(log(n))^2",0.28
658,1000,2,"T_Copula_Sine",2000,-1.5,"1(log(n))^2",0.33
659,1000,2,"T_Copula_Sine",2000,-1.5,"1(log(n))^2",0.77
660,1000,2,"T_Copula_Sine",2000,-1.5,"1(log(n))^2",0.79
661,1000,2,"T_Copula_Sine",2000,-1.5,"1(log(n))^2",0.76
662,1000,2,"T_Copula_Sine",2000,-1.5,"1(log(n))^2",0.91
663,1000,2,"T_Copula_Sine",2000,-1.5,"1(log(n))^2",0.87
664,1000,2,"T_Copula_Sine",2000,-1.5,"1(log(n))^2",0.43
665,1000,2,"T_Copula_Sine",2000,-1.5,"1(log(n))^2",0.42
666,1000,2,"T_Copula_Sine",2000,-1.5,"1(log(n))^2",0.38
667,1000,2,"T_Copula_Sine",2000,-1.5,"1(log(n))^2",0.3
668,1000,2,"T_Copula_Sine",2000,-1.5,"1(log(n))^2",0.31
669,1000,2,"T_Copula_Sine",2000,-1.5,"1(log(n))^2",0.67
670,1000,2,"T_Copula_Sine",2000,-1.5,"1(log(n))^2",0.41
671,1000,2,"T_Copula_Sine",2000,-1.5,"1(log(n))^2",0.89
672,1000,2,"T_Copula_Sine",2000,-1.5,"1(log(n))^2",0.5
673,1000,2,"T_Copula_Sine",2000,-1.5,"1(log(n))^2",0.52
674,1000,2,"T_Copula_Sine",2000,-1.5,"1(log(n))^2",0.87
675,1000,2,"T_Copula_Sine",2000,-1.5,"1(log(n))^2",0.99
676,1000,2,"T_Copula_Sine",2000,-1.5,"1(log(n))^2",1
677,1000,2,"T_Copula_Sine",2000,-1.5,"1(log(n))^2",0.99
678,1000,2,"T_Copula_Sine",2000,-1.5,"1(log(n))^2",0.89
679,1000,2,"T_Copula_Sine",2000,-1.5,"1(log(n))^2",0.53
680,1000,2,"T_Copula_Sine",2000,-1.5,"1(log(n))^2",0.43
681,1000,2,"T_Copula_Sine",2000,-1.5,"1(log(n))^2",0.41
682,1000,2,"T_Copula_Sine",2000,-1.5,"1(log(n))^2",0.15
683,1000,2,"T_Copula_Sine",2000,-1.5,"1(log(n))^2",0.55
684,1000,2,"T_Copula_Sine",2000,-1.5,"1(log(n))^2",0.44
685,1000,2,"T_Copula_Sine",2000,-1.5,"1(log(n))^2",0.94
686,1000,2,"T_Copula_Sine",2000,-1.5,"1(log(n))^2",0.43
687,1000,2,"T_Copula_Sine",2000,-1.5,"1(log(n))^2",0.81
688,1000,2,"T_Copula_Sine",2000,-1.5,"1(log(n))^2",0.94
689,1000,2,"T_Copula_Sine",2000,-1.5,"1(log(n))^2",0.78
690,1000,2,"T_Copula_Sine",2000,-1.5,"1(log(n))^2",0.43
691,1000,2,"T_Copula_Sine",2000,-1.5,"1(log(n))^2",0.24
692,1000,2,"T_Copula_Sine",2000,-1.5,"1(log(n))^2",0.66
693,1000,2,"T_Copula_Sine",2000,-1.5,"1(log(n))^2",0.19
694,1000,2,"T_Copula_Sine",2000,-1.5,"1(log(n))^2",0.98
695,1000,2,"T_Copula_Sine",2000,-1.5,"1(log(n))^2",0.77
696,1000,2,"T_Copula_Sine",2000,-1.5,"1(log(n))^2",0.26
697,1000,2,"T_Copula_Sine",2000,-1.5,"1(log(n))^2",0.78
698,1000,2,"T_Copula_Sine",2000,-1.5,"1(log(n))^2",0.32
699,1000,2,"T_Copula_Sine",2000,-1.5,"1(log(n))^2",0.06
700,1000,2,"T_Copula_Sine",2000,-1.5,"1(log(n))^2",0.25
701,1000,2,"T_Copula_Sine",2000,-1.5,"1(log(n))^2",0.31
702,1000,2,"T_Copula_Sine",2000,-1.5,"1(log(n))^2",0.37
703,1000,2,"T_Copula_Sine",2000,-1.5,"1(log(n))^2",0.68
704,1000,2,"T_Copula_Sine",2000,-1.5,"1(log(n))^2",0.5
705,1000,2,"T_Copula_Sine",2000,-1.5,"1(log(n))^2",0.52
706,1000,2,"T_Copula_Sine",2000,-1.5,"1(log(n))^2",0.37
707,1000,2,"T_Copula_Sine",2000,-1.5,"1(log(n))^2",1
708,1000,2,"T_Copula_Sine",2000,-1.5,"1(log(n))^2",0.19
709,1000,2,"T_Copula_Sine",2000,-1.5,"1(log(n))^2",0.24
710,1000,2,"T_Copula_Sine",2000,-1.5,"1(log(n))^2",0.2
711,1000,2,"T_Copula_Sine",2000,-1.5,"1(log(n))^2",0.42
712,1000,2,"T_Copula_Sine",2000,-1.5,"1(log(n))^2",0.59
713,1000,2,"T_Copula_Sine",2000,-1.5,"1(log(n))^2",0.72
714,1000,2,"T_Copula_Sine",2000,-1.5,"1(log(n))^2",0.08
715,1000,2,"T_Copula_Sine",2000,-1.5,"1(log(n))^2",0.28
716,1000,2,"T_Copula_Sine",2000,-1.5,"1(log(n))^2",0.55
717,1000,2,"T_Copula_Sine",2000,-1.5,"1(log(n))^2",1
718,1000,2,"T_Copula_Sine",2000,-1.5,"1(log(n))^2",1
719,1000,2,"T_Copula_Sine",2000,-1.5,"1(log(n))^2",0.61
720,1000,2,"T_Copula_Sine",2000,-1.5,"1(log(n))^2",0.65
721,1000,2,"T_Copula_Sine",2000,-1.5,"1(log(n))^2",0.45
722,1000,2,"T_Copula_Sine",2000,-1.5,"1(log(n))^2",0.99
723,1000,2,"T_Copula_Sine",2000,-1.5,"1(log(n))^2",0.69
724,1000,2,"T_Copula_Sine",2000,-1.5,"1(log(n))^2",0.28
725,1000,2,"T_Copula_Sine",2000,-1.5,"1(log(n))^2",0.22
726,1000,2,"T_Copula_Sine",2000,-1.5,"1(log(n))^2",0.6
727,1000,2,"T_Copula_Sine",2000,-1.5,"1(log(n))^2",0.17
728,1000,2,"T_Copula_Sine",2000,-1.5,"1(log(n))^2",0.45
729,1000,2,"T_Copula_Sine",2000,-1.5,"1(log(n))^2",0.33
730,1000,2,"T_Copula_Sine",2000,-1.5,"1(log(n))^2",0.61
731,1000,2,"T_Copula_Sine",2000,-1.5,"1(log(n))^2",0.65
732,1000,2,"T_Copula_Sine",2000,-1.5,"1(log(n))^2",0.7
733,1000,2,"T_Copula_Sine",2000,-1.5,"1(log(n))^2",0.42
734,1000,2,"T_Copula_Sine",2000,-1.5,"1(log(n))^2",0.39
735,1000,2,"T_Copula_Sine",2000,-1.5,"1(log(n))^2",0.32
736,1000,2,"T_Copula_Sine",2000,-1.5,"1(log(n))^2",0.72
737,1000,2,"T_Copula_Sine",2000,-1.5,"1(log(n))^2",0.33
738,1000,2,"T_Copula_Sine",2000,-1.5,"1(log(n))^2",0.67
739,1000,2,"T_Copula_Sine",2000,-1.5,"1(log(n))^2",0.79
740,1000,2,"T_Copula_Sine",2000,-1.5,"1(log(n))^2",0.43
741,1000,2,"T_Copula_Sine",2000,-1.5,"1(log(n))^2",0.05
742,1000,2,"T_Copula_Sine",2000,-1.5,"1(log(n))^2",0.27
743,1000,2,"T_Copula_Sine",2000,-1.5,"1(log(n))^2",0.95
744,1000,2,"T_Copula_Sine",2000,-1.5,"1(log(n))^2",0.44
745,1000,2,"T_Copula_Sine",2000,-1.5,"1(log(n))^2",0.35
746,1000,2,"T_Copula_Sine",2000,-1.5,"1(log(n))^2",0.65
747,1000,2,"T_Copula_Sine",2000,-1.5,"1(log(n))^2",0.14
748,1000,2,"T_Copula_Sine",2000,-1.5,"1(log(n))^2",0.66
749,1000,2,"T_Copula_Sine",2000,-1.5,"1(log(n))^2",0.76
750,1000,2,"T_Copula_Sine",2000,-1.5,"1(log(n))^2",0.23
751,1000,2,"T_Copula_Sine",2000,-1.5,"1(log(n))^2",0.55
752,1000,2,"T_Copula_Sine",2000,-1.5,"1(log(n))^2",0.79
753,1000,2,"T_Copula_Sine",2000,-1.5,"1(log(n))^2",0.75
754,1000,2,"T_Copula_Sine",2000,-1.5,"1(log(n))^2",0.65
755,1000,2,"T_Copula_Sine",2000,-1.5,"1(log(n))^2",0.52
756,1000,2,"T_Copula_Sine",2000,-1.5,"1(log(n))^2",0.33
757,1000,2,"T_Copula_Sine",2000,-1.5,"1(log(n))^2",0.61
758,1000,2,"T_Copula_Sine",2000,-1.5,"1(log(n))^2",0.51
759,1000,2,"T_Copula_Sine",2000,-1.5,"1(log(n))^2",0.89
760,1000,2,"T_Copula_Sine",2000,-1.5,"1(log(n))^2",0.69
761,1000,2,"T_Copula_Sine",2000,-1.5,"1(log(n))^2",0.44
762,1000,2,"T_Copula_Sine",2000,-1.5,"1(log(n))^2",0.42
763,1000,2,"T_Copula_Sine",2000,-1.5,"1(log(n))^2",0.32
764,1000,2,"T_Copula_Sine",2000,-1.5,"1(log(n))^2",0.08
765,1000,2,"T_Copula_Sine",2000,-1.5,"1(log(n))^2",0.41
766,1000,2,"T_Copula_Sine",2000,-1.5,"1(log(n))^2",0.51
767,1000,2,"T_Copula_Sine",2000,-1.5,"1(log(n))^2",0.56
768,1000,2,"T_Copula_Sine",2000,-1.5,"1(log(n))^2",0.54
769,1000,2,"T_Copula_Sine",2000,-1.5,"1(log(n))^2",0.8
770,1000,2,"T_Copula_Sine",2000,-1.5,"1(log(n))^2",0.35
771,1000,2,"T_Copula_Sine",2000,-1.5,"1(log(n))^2",0.87
772,1000,2,"T_Copula_Sine",2000,-1.5,"1(log(n))^2",0.19
773,1000,2,"T_Copula_Sine",2000,-1.5,"1(log(n))^2",0.49
774,1000,2,"T_Copula_Sine",2000,-1.5,"1(log(n))^2",0.97
775,1000,2,"T_Copula_Sine",2000,-1.5,"1(log(n))^2",0.35
776,1000,2,"T_Copula_Sine",2000,-1.5,"1(log(n))^2",0.83
777,1000,2,"T_Copula_Sine",2000,-1.5,"1(log(n))^2",0.54
778,1000,2,"T_Copula_Sine",2000,-1.5,"1(log(n))^2",0.66
779,1000,2,"T_Copula_Sine",2000,-1.5,"1(log(n))^2",0.87
780,1000,2,"T_Copula_Sine",2000,-1.5,"1(log(n))^2",0.57
781,1000,2,"T_Copula_Sine",2000,-1.5,"1(log(n))^2",0.86
782,1000,2,"T_Copula_Sine",2000,-1.5,"1(log(n))^2",0.83
783,1000,2,"T_Copula_Sine",2000,-1.5,"1(log(n))^2",0.32
784,1000,2,"T_Copula_Sine",2000,-1.5,"1(log(n))^2",0.54
785,1000,2,"T_Copula_Sine",2000,-1.5,"1(log(n))^2",0.53
786,1000,2,"T_Copula_Sine",2000,-1.5,"1(log(n))^2",0.78
787,1000,2,"T_Copula_Sine",2000,-1.5,"1(log(n))^2",0.59
788,1000,2,"T_Copula_Sine",2000,-1.5,"1(log(n))^2",0.28
789,1000,2,"T_Copula_Sine",2000,-1.5,"1(log(n))^2",1
790,1000,2,"T_Copula_Sine",2000,-1.5,"1(log(n))^2",0.12
791,1000,2,"T_Copula_Sine",2000,-1.5,"1(log(n))^2",0.66
792,1000,2,"T_Copula_Sine",2000,-1.5,"1(log(n))^2",0.32
793,1000,2,"T_Copula_Sine",2000,-1.5,"1(log(n))^2",0.81
794,1000,2,"T_Copula_Sine",2000,-1.5,"1(log(n))^2",0.9
795,1000,2,"T_Copula_Sine",2000,-1.5,"1(log(n))^2",0.44
796,1000,2,"T_Copula_Sine",2000,-1.5,"1(log(n))^2",0.78
797,1000,2,"T_Copula_Sine",2000,-1.5,"1(log(n))^2",0.05
798,1000,2,"T_Copula_Sine",2000,-1.5,"1(log(n))^2",0.45
799,1000,2,"T_Copula_Sine",2000,-1.5,"1(log(n))^2",0.26
800,1000,2,"T_Copula_Sine",2000,-1.5,"1(log(n))^2",0.14
801,1000,2,"T_Copula_Sine",2000,-1.5,"1(log(n))^2",0.37
802,1000,2,"T_Copula_Sine",2000,-1.5,"1(log(n))^2",0.83
803,1000,2,"T_Copula_Sine",2000,-1.5,"1(log(n))^2",0.71
804,1000,2,"T_Copula_Sine",2000,-1.5,"1(log(n))^2",0.99
805,1000,2,"T_Copula_Sine",2000,-1.5,"1(log(n))^2",0.14
806,1000,2,"T_Copula_Sine",2000,-1.5,"1(log(n))^2",0.68
807,1000,2,"T_Copula_Sine",2000,-1.5,"1(log(n))^2",0.48
808,1000,2,"T_Copula_Sine",2000,-1.5,"1(log(n))^2",0.52
809,1000,2,"T_Copula_Sine",2000,-1.5,"1(log(n))^2",0.38
810,1000,2,"T_Copula_Sine",2000,-1.5,"1(log(n))^2",0.38
811,1000,2,"T_Copula_Sine",2000,-1.5,"1(log(n))^2",0.16
812,1000,2,"T_Copula_Sine",2000,-1.5,"1(log(n))^2",0.12
813,1000,2,"T_Copula_Sine",2000,-1.5,"1(log(n))^2",0.77
814,1000,2,"T_Copula_Sine",2000,-1.5,"1(log(n))^2",0.32
815,1000,2,"T_Copula_Sine",2000,-1.5,"1(log(n))^2",0.01
816,1000,2,"T_Copula_Sine",2000,-1.5,"1(log(n))^2",0.62
817,1000,2,"T_Copula_Sine",2000,-1.5,"1(log(n))^2",0.76
818,1000,2,"T_Copula_Sine",2000,-1.5,"1(log(n))^2",0.2
819,1000,2,"T_Copula_Sine",2000,-1.5,"1(log(n))^2",0.91
820,1000,2,"T_Copula_Sine",2000,-1.5,"1(log(n))^2",0.72
821,1000,2,"T_Copula_Sine",2000,-1.5,"1(log(n))^2",0.5
822,1000,2,"T_Copula_Sine",2000,-1.5,"1(log(n))^2",0.16
823,1000,2,"T_Copula_Sine",2000,-1.5,"1(log(n))^2",0.4
824,1000,2,"T_Copula_Sine",2000,-1.5,"1(log(n))^2",0.99
825,1000,2,"T_Copula_Sine",2000,-1.5,"1(log(n))^2",0.44
826,1000,2,"T_Copula_Sine",2000,-1.5,"1(log(n))^2",0.55
827,1000,2,"T_Copula_Sine",2000,-1.5,"1(log(n))^2",0.84
828,1000,2,"T_Copula_Sine",2000,-1.5,"1(log(n))^2",0.68
829,1000,2,"T_Copula_Sine",2000,-1.5,"1(log(n))^2",0.34
830,1000,2,"T_Copula_Sine",2000,-1.5,"1(log(n))^2",0.99
831,1000,2,"T_Copula_Sine",2000,-1.5,"1(log(n))^2",0.73
832,1000,2,"T_Copula_Sine",2000,-1.5,"1(log(n))^2",0.57
833,1000,2,"T_Copula_Sine",2000,-1.5,"1(log(n))^2",0.25
834,1000,2,"T_Copula_Sine",2000,-1.5,"1(log(n))^2",0.95
835,1000,2,"T_Copula_Sine",2000,-1.5,"1(log(n))^2",0.68
836,1000,2,"T_Copula_Sine",2000,-1.5,"1(log(n))^2",0.94
837,1000,2,"T_Copula_Sine",2000,-1.5,"1(log(n))^2",0.18
838,1000,2,"T_Copula_Sine",2000,-1.5,"1(log(n))^2",0.08
839,1000,2,"T_Copula_Sine",2000,-1.5,"1(log(n))^2",0.64
840,1000,2,"T_Copula_Sine",2000,-1.5,"1(log(n))^2",0.7
841,1000,2,"T_Copula_Sine",2000,-1.5,"1(log(n))^2",0.62
842,1000,2,"T_Copula_Sine",2000,-1.5,"1(log(n))^2",0.1
843,1000,2,"T_Copula_Sine",2000,-1.5,"1(log(n))^2",0.4
844,1000,2,"T_Copula_Sine",2000,-1.5,"1(log(n))^2",0.85
845,1000,2,"T_Copula_Sine",2000,-1.5,"1(log(n))^2",0.71
846,1000,2,"T_Copula_Sine",2000,-1.5,"1(log(n))^2",0.45
847,1000,2,"T_Copula_Sine",2000,-1.5,"1(log(n))^2",0.68
848,1000,2,"T_Copula_Sine",2000,-1.5,"1(log(n))^2",0.69
849,1000,2,"T_Copula_Sine",2000,-1.5,"1(log(n))^2",0.26
850,1000,2,"T_Copula_Sine",2000,-1.5,"1(log(n))^2",0.29
851,1000,2,"T_Copula_Sine",2000,-1.5,"1(log(n))^2",0.23
852,1000,2,"T_Copula_Sine",2000,-1.5,"1(log(n))^2",0.52
853,1000,2,"T_Copula_Sine",2000,-1.5,"1(log(n))^2",1
854,1000,2,"T_Copula_Sine",2000,-1.5,"1(log(n))^2",0.42
855,1000,2,"T_Copula_Sine",2000,-1.5,"1(log(n))^2",0.9
856,1000,2,"T_Copula_Sine",2000,-1.5,"1(log(n))^2",0.73
857,1000,2,"T_Copula_Sine",2000,-1.5,"1(log(n))^2",0.26
858,1000,2,"T_Copula_Sine",2000,-1.5,"1(log(n))^2",0.88
859,1000,2,"T_Copula_Sine",2000,-1.5,"1(log(n))^2",0.21
860,1000,2,"T_Copula_Sine",2000,-1.5,"1(log(n))^2",0.44
861,1000,2,"T_Copula_Sine",2000,-1.5,"1(log(n))^2",0.61
862,1000,2,"T_Copula_Sine",2000,-1.5,"1(log(n))^2",0.8
863,1000,2,"T_Copula_Sine",2000,-1.5,"1(log(n))^2",0.61
864,1000,2,"T_Copula_Sine",2000,-1.5,"1(log(n))^2",0.84
865,1000,2,"T_Copula_Sine",2000,-1.5,"1(log(n))^2",0.36
866,1000,2,"T_Copula_Sine",2000,-1.5,"1(log(n))^2",0.46
867,1000,2,"T_Copula_Sine",2000,-1.5,"1(log(n))^2",0.63
868,1000,2,"T_Copula_Sine",2000,-1.5,"1(log(n))^2",0.61
869,1000,2,"T_Copula_Sine",2000,-1.5,"1(log(n))^2",0.96
870,1000,2,"T_Copula_Sine",2000,-1.5,"1(log(n))^2",0.65
871,1000,2,"T_Copula_Sine",2000,-1.5,"1(log(n))^2",0.69
872,1000,2,"T_Copula_Sine",2000,-1.5,"1(log(n))^2",0.67
873,1000,2,"T_Copula_Sine",2000,-1.5,"1(log(n))^2",0.58
874,1000,2,"T_Copula_Sine",2000,-1.5,"1(log(n))^2",0.42
875,1000,2,"T_Copula_Sine",2000,-1.5,"1(log(n))^2",0.58
876,1000,2,"T_Copula_Sine",2000,-1.5,"1(log(n))^2",0.38
877,1000,2,"T_Copula_Sine",2000,-1.5,"1(log(n))^2",0.9
878,1000,2,"T_Copula_Sine",2000,-1.5,"1(log(n))^2",0.94
879,1000,2,"T_Copula_Sine",2000,-1.5,"1(log(n))^2",0.48
880,1000,2,"T_Copula_Sine",2000,-1.5,"1(log(n))^2",0.7
881,1000,2,"T_Copula_Sine",2000,-1.5,"1(log(n))^2",0.59
882,1000,2,"T_Copula_Sine",2000,-1.5,"1(log(n))^2",0.68
883,1000,2,"T_Copula_Sine",2000,-1.5,"1(log(n))^2",0.63
884,1000,2,"T_Copula_Sine",2000,-1.5,"1(log(n))^2",0.67
885,1000,2,"T_Copula_Sine",2000,-1.5,"1(log(n))^2",0.75
886,1000,2,"T_Copula_Sine",2000,-1.5,"1(log(n))^2",0.84
887,1000,2,"T_Copula_Sine",2000,-1.5,"1(log(n))^2",0.52
888,1000,2,"T_Copula_Sine",2000,-1.5,"1(log(n))^2",0.4
889,1000,2,"T_Copula_Sine",2000,-1.5,"1(log(n))^2",0.65
890,1000,2,"T_Copula_Sine",2000,-1.5,"1(log(n))^2",0.35
891,1000,2,"T_Copula_Sine",2000,-1.5,"1(log(n))^2",0.43
892,1000,2,"T_Copula_Sine",2000,-1.5,"1(log(n))^2",0.61
893,1000,2,"T_Copula_Sine",2000,-1.5,"1(log(n))^2",0.84
894,1000,2,"T_Copula_Sine",2000,-1.5,"1(log(n))^2",0.48
895,1000,2,"T_Copula_Sine",2000,-1.5,"1(log(n))^2",0.47
896,1000,2,"T_Copula_Sine",2000,-1.5,"1(log(n))^2",0.27
897,1000,2,"T_Copula_Sine",2000,-1.5,"1(log(n))^2",0.76
898,1000,2,"T_Copula_Sine",2000,-1.5,"1(log(n))^2",0.22
899,1000,2,"T_Copula_Sine",2000,-1.5,"1(log(n))^2",0.73
900,1000,2,"T_Copula_Sine",2000,-1.5,"1(log(n))^2",0.95
901,1000,2,"T_Copula_Sine",2000,-1.5,"1(log(n))^2",0.48
902,1000,2,"T_Copula_Sine",2000,-1.5,"1(log(n))^2",0.32
903,1000,2,"T_Copula_Sine",2000,-1.5,"1(log(n))^2",0.62
904,1000,2,"T_Copula_Sine",2000,-1.5,"1(log(n))^2",0.63
905,1000,2,"T_Copula_Sine",2000,-1.5,"1(log(n))^2",0.31
906,1000,2,"T_Copula_Sine",2000,-1.5,"1(log(n))^2",0.76
907,1000,2,"T_Copula_Sine",2000,-1.5,"1(log(n))^2",0.21
908,1000,2,"T_Copula_Sine",2000,-1.5,"1(log(n))^2",0.95
909,1000,2,"T_Copula_Sine",2000,-1.5,"1(log(n))^2",0.76
910,1000,2,"T_Copula_Sine",2000,-1.5,"1(log(n))^2",0.68
911,1000,2,"T_Copula_Sine",2000,-1.5,"1(log(n))^2",0.05
912,1000,2,"T_Copula_Sine",2000,-1.5,"1(log(n))^2",0.43
913,1000,2,"T_Copula_Sine",2000,-1.5,"1(log(n))^2",0.48
914,1000,2,"T_Copula_Sine",2000,-1.5,"1(log(n))^2",0.16
915,1000,2,"T_Copula_Sine",2000,-1.5,"1(log(n))^2",0.61
916,1000,2,"T_Copula_Sine",2000,-1.5,"1(log(n))^2",0.98
917,1000,2,"T_Copula_Sine",2000,-1.5,"1(log(n))^2",0.28
918,1000,2,"T_Copula_Sine",2000,-1.5,"1(log(n))^2",0.81
919,1000,2,"T_Copula_Sine",2000,-1.5,"1(log(n))^2",0.59
920,1000,2,"T_Copula_Sine",2000,-1.5,"1(log(n))^2",0.9
921,1000,2,"T_Copula_Sine",2000,-1.5,"1(log(n))^2",0.72
922,1000,2,"T_Copula_Sine",2000,-1.5,"1(log(n))^2",0.35
923,1000,2,"T_Copula_Sine",2000,-1.5,"1(log(n))^2",0.54
924,1000,2,"T_Copula_Sine",2000,-1.5,"1(log(n))^2",0.63
925,1000,2,"T_Copula_Sine",2000,-1.5,"1(log(n))^2",0.95
926,1000,2,"T_Copula_Sine",2000,-1.5,"1(log(n))^2",0.19
927,1000,2,"T_Copula_Sine",2000,-1.5,"1(log(n))^2",0.66
928,1000,2,"T_Copula_Sine",2000,-1.5,"1(log(n))^2",0.03
929,1000,2,"T_Copula_Sine",2000,-1.5,"1(log(n))^2",0.87
930,1000,2,"T_Copula_Sine",2000,-1.5,"1(log(n))^2",0
931,1000,2,"T_Copula_Sine",2000,-1.5,"1(log(n))^2",0.2
932,1000,2,"T_Copula_Sine",2000,-1.5,"1(log(n))^2",0.43
933,1000,2,"T_Copula_Sine",2000,-1.5,"1(log(n))^2",0.42
934,1000,2,"T_Copula_Sine",2000,-1.5,"1(log(n))^2",0.92
935,1000,2,"T_Copula_Sine",2000,-1.5,"1(log(n))^2",0.67
936,1000,2,"T_Copula_Sine",2000,-1.5,"1(log(n))^2",0.16
937,1000,2,"T_Copula_Sine",2000,-1.5,"1(log(n))^2",0.99
938,1000,2,"T_Copula_Sine",2000,-1.5,"1(log(n))^2",0.72
939,1000,2,"T_Copula_Sine",2000,-1.5,"1(log(n))^2",0.13
940,1000,2,"T_Copula_Sine",2000,-1.5,"1(log(n))^2",0.62
941,1000,2,"T_Copula_Sine",2000,-1.5,"1(log(n))^2",0.36
942,1000,2,"T_Copula_Sine",2000,-1.5,"1(log(n))^2",0.4
943,1000,2,"T_Copula_Sine",2000,-1.5,"1(log(n))^2",0.45
944,1000,2,"T_Copula_Sine",2000,-1.5,"1(log(n))^2",0.72
945,1000,2,"T_Copula_Sine",2000,-1.5,"1(log(n))^2",0
946,1000,2,"T_Copula_Sine",2000,-1.5,"1(log(n))^2",0.97
947,1000,2,"T_Copula_Sine",2000,-1.5,"1(log(n))^2",0.1
948,1000,2,"T_Copula_Sine",2000,-1.5,"1(log(n))^2",0.93
949,1000,2,"T_Copula_Sine",2000,-1.5,"1(log(n))^2",0.42
950,1000,2,"T_Copula_Sine",2000,-1.5,"1(log(n))^2",0.56
951,1000,2,"T_Copula_Sine",2000,-1.5,"1(log(n))^2",0.86
952,1000,2,"T_Copula_Sine",2000,-1.5,"1(log(n))^2",0.53
953,1000,2,"T_Copula_Sine",2000,-1.5,"1(log(n))^2",0.36
954,1000,2,"T_Copula_Sine",2000,-1.5,"1(log(n))^2",0.93
955,1000,2,"T_Copula_Sine",2000,-1.5,"1(log(n))^2",0.11
956,1000,2,"T_Copula_Sine",2000,-1.5,"1(log(n))^2",1
957,1000,2,"T_Copula_Sine",2000,-1.5,"1(log(n))^2",0.28
958,1000,2,"T_Copula_Sine",2000,-1.5,"1(log(n))^2",0.42
959,1000,2,"T_Copula_Sine",2000,-1.5,"1(log(n))^2",0.56
960,1000,2,"T_Copula_Sine",2000,-1.5,"1(log(n))^2",0.73
961,1000,2,"T_Copula_Sine",2000,-1.5,"1(log(n))^2",0.78
962,1000,2,"T_Copula_Sine",2000,-1.5,"1(log(n))^2",0.09
963,1000,2,"T_Copula_Sine",2000,-1.5,"1(log(n))^2",0.55
964,1000,2,"T_Copula_Sine",2000,-1.5,"1(log(n))^2",0.42
965,1000,2,"T_Copula_Sine",2000,-1.5,"1(log(n))^2",0.88
966,1000,2,"T_Copula_Sine",2000,-1.5,"1(log(n))^2",0.29
967,1000,2,"T_Copula_Sine",2000,-1.5,"1(log(n))^2",0.53
968,1000,2,"T_Copula_Sine",2000,-1.5,"1(log(n))^2",0.81
969,1000,2,"T_Copula_Sine",2000,-1.5,"1(log(n))^2",0.06
970,1000,2,"T_Copula_Sine",2000,-1.5,"1(log(n))^2",0.81
971,1000,2,"T_Copula_Sine",2000,-1.5,"1(log(n))^2",0.48
972,1000,2,"T_Copula_Sine",2000,-1.5,"1(log(n))^2",0.58
973,1000,2,"T_Copula_Sine",2000,-1.5,"1(log(n))^2",0.49
974,1000,2,"T_Copula_Sine",2000,-1.5,"1(log(n))^2",0.47
975,1000,2,"T_Copula_Sine",2000,-1.5,"1(log(n))^2",0.82
976,1000,2,"T_Copula_Sine",2000,-1.5,"1(log(n))^2",0.18
977,1000,2,"T_Copula_Sine",2000,-1.5,"1(log(n))^2",0.94
978,1000,2,"T_Copula_Sine",2000,-1.5,"1(log(n))^2",0.41
979,1000,2,"T_Copula_Sine",2000,-1.5,"1(log(n))^2",0.32
980,1000,2,"T_Copula_Sine",2000,-1.5,"1(log(n))^2",0.99
981,1000,2,"T_Copula_Sine",2000,-1.5,"1(log(n))^2",0.94
982,1000,2,"T_Copula_Sine",2000,-1.5,"1(log(n))^2",0.17
983,1000,2,"T_Copula_Sine",2000,-1.5,"1(log(n))^2",0.45
984,1000,2,"T_Copula_Sine",2000,-1.5,"1(log(n))^2",0.01
985,1000,2,"T_Copula_Sine",2000,-1.5,"1(log(n))^2",0.24
986,1000,2,"T_Copula_Sine",2000,-1.5,"1(log(n))^2",0.03
987,1000,2,"T_Copula_Sine",2000,-1.5,"1(log(n))^2",0.54
988,1000,2,"T_Copula_Sine",2000,-1.5,"1(log(n))^2",0.62
989,1000,2,"T_Copula_Sine",2000,-1.5,"1(log(n))^2",0.6
990,1000,2,"T_Copula_Sine",2000,-1.5,"1(log(n))^2",0.4
991,1000,2,"T_Copula_Sine",2000,-1.5,"1(log(n))^2",0.39
992,1000,2,"T_Copula_Sine",2000,-1.5,"1(log(n))^2",0.87
993,1000,2,"T_Copula_Sine",2000,-1.5,"1(log(n))^2",0.99
994,1000,2,"T_Copula_Sine",2000,-1.5,"1(log(n))^2",0.88
995,1000,2,"T_Copula_Sine",2000,-1.5,"1(log(n))^2",0.02
996,1000,2,"T_Copula_Sine",2000,-1.5,"1(log(n))^2",0.49
997,1000,2,"T_Copula_Sine",2000,-1.5,"1(log(n))^2",0.16
998,1000,2,"T_Copula_Sine",2000,-1.5,"1(log(n))^2",0.67
999,1000,2,"T_Copula_Sine",2000,-1.5,"1(log(n))^2",0.56
1000,1000,2,"T_Copula_Sine",2000,-1.5,"1(log(n))^2",0.92
1,1000,2,"T_Copula_Sine",2000,-1.5,"0.75(log(n))^2",0.9
2,1000,2,"T_Copula_Sine",2000,-1.5,"0.75(log(n))^2",0.59
3,1000,2,"T_Copula_Sine",2000,-1.5,"0.75(log(n))^2",0.52
4,1000,2,"T_Copula_Sine",2000,-1.5,"0.75(log(n))^2",0.59
5,1000,2,"T_Copula_Sine",2000,-1.5,"0.75(log(n))^2",0.69
6,1000,2,"T_Copula_Sine",2000,-1.5,"0.75(log(n))^2",0.92
7,1000,2,"T_Copula_Sine",2000,-1.5,"0.75(log(n))^2",0.67
8,1000,2,"T_Copula_Sine",2000,-1.5,"0.75(log(n))^2",0.76
9,1000,2,"T_Copula_Sine",2000,-1.5,"0.75(log(n))^2",0.76
10,1000,2,"T_Copula_Sine",2000,-1.5,"0.75(log(n))^2",0.68
11,1000,2,"T_Copula_Sine",2000,-1.5,"0.75(log(n))^2",0.54
12,1000,2,"T_Copula_Sine",2000,-1.5,"0.75(log(n))^2",0.79
13,1000,2,"T_Copula_Sine",2000,-1.5,"0.75(log(n))^2",0.35
14,1000,2,"T_Copula_Sine",2000,-1.5,"0.75(log(n))^2",0.96
15,1000,2,"T_Copula_Sine",2000,-1.5,"0.75(log(n))^2",0.85
16,1000,2,"T_Copula_Sine",2000,-1.5,"0.75(log(n))^2",0.26
17,1000,2,"T_Copula_Sine",2000,-1.5,"0.75(log(n))^2",0.7
18,1000,2,"T_Copula_Sine",2000,-1.5,"0.75(log(n))^2",0.55
19,1000,2,"T_Copula_Sine",2000,-1.5,"0.75(log(n))^2",0.74
20,1000,2,"T_Copula_Sine",2000,-1.5,"0.75(log(n))^2",0.92
21,1000,2,"T_Copula_Sine",2000,-1.5,"0.75(log(n))^2",0.42
22,1000,2,"T_Copula_Sine",2000,-1.5,"0.75(log(n))^2",0.77
23,1000,2,"T_Copula_Sine",2000,-1.5,"0.75(log(n))^2",0.13
24,1000,2,"T_Copula_Sine",2000,-1.5,"0.75(log(n))^2",0.87
25,1000,2,"T_Copula_Sine",2000,-1.5,"0.75(log(n))^2",0.54
26,1000,2,"T_Copula_Sine",2000,-1.5,"0.75(log(n))^2",0.31
27,1000,2,"T_Copula_Sine",2000,-1.5,"0.75(log(n))^2",0.8
28,1000,2,"T_Copula_Sine",2000,-1.5,"0.75(log(n))^2",0.28
29,1000,2,"T_Copula_Sine",2000,-1.5,"0.75(log(n))^2",0.24
30,1000,2,"T_Copula_Sine",2000,-1.5,"0.75(log(n))^2",0.33
31,1000,2,"T_Copula_Sine",2000,-1.5,"0.75(log(n))^2",0.54
32,1000,2,"T_Copula_Sine",2000,-1.5,"0.75(log(n))^2",0.41
33,1000,2,"T_Copula_Sine",2000,-1.5,"0.75(log(n))^2",0.85
34,1000,2,"T_Copula_Sine",2000,-1.5,"0.75(log(n))^2",0.13
35,1000,2,"T_Copula_Sine",2000,-1.5,"0.75(log(n))^2",0.51
36,1000,2,"T_Copula_Sine",2000,-1.5,"0.75(log(n))^2",0.84
37,1000,2,"T_Copula_Sine",2000,-1.5,"0.75(log(n))^2",0.79
38,1000,2,"T_Copula_Sine",2000,-1.5,"0.75(log(n))^2",0.76
39,1000,2,"T_Copula_Sine",2000,-1.5,"0.75(log(n))^2",0.48
40,1000,2,"T_Copula_Sine",2000,-1.5,"0.75(log(n))^2",0.34
41,1000,2,"T_Copula_Sine",2000,-1.5,"0.75(log(n))^2",0.58
42,1000,2,"T_Copula_Sine",2000,-1.5,"0.75(log(n))^2",0.68
43,1000,2,"T_Copula_Sine",2000,-1.5,"0.75(log(n))^2",0.69
44,1000,2,"T_Copula_Sine",2000,-1.5,"0.75(log(n))^2",0.99
45,1000,2,"T_Copula_Sine",2000,-1.5,"0.75(log(n))^2",0.38
46,1000,2,"T_Copula_Sine",2000,-1.5,"0.75(log(n))^2",0.85
47,1000,2,"T_Copula_Sine",2000,-1.5,"0.75(log(n))^2",0.88
48,1000,2,"T_Copula_Sine",2000,-1.5,"0.75(log(n))^2",0.67
49,1000,2,"T_Copula_Sine",2000,-1.5,"0.75(log(n))^2",0.94
50,1000,2,"T_Copula_Sine",2000,-1.5,"0.75(log(n))^2",0.62
51,1000,2,"T_Copula_Sine",2000,-1.5,"0.75(log(n))^2",0.45
52,1000,2,"T_Copula_Sine",2000,-1.5,"0.75(log(n))^2",0.78
53,1000,2,"T_Copula_Sine",2000,-1.5,"0.75(log(n))^2",0.3
54,1000,2,"T_Copula_Sine",2000,-1.5,"0.75(log(n))^2",0.33
55,1000,2,"T_Copula_Sine",2000,-1.5,"0.75(log(n))^2",0.24
56,1000,2,"T_Copula_Sine",2000,-1.5,"0.75(log(n))^2",0.74
57,1000,2,"T_Copula_Sine",2000,-1.5,"0.75(log(n))^2",0.87
58,1000,2,"T_Copula_Sine",2000,-1.5,"0.75(log(n))^2",0.48
59,1000,2,"T_Copula_Sine",2000,-1.5,"0.75(log(n))^2",0.77
60,1000,2,"T_Copula_Sine",2000,-1.5,"0.75(log(n))^2",0.3
61,1000,2,"T_Copula_Sine",2000,-1.5,"0.75(log(n))^2",0.36
62,1000,2,"T_Copula_Sine",2000,-1.5,"0.75(log(n))^2",0.66
63,1000,2,"T_Copula_Sine",2000,-1.5,"0.75(log(n))^2",0.36
64,1000,2,"T_Copula_Sine",2000,-1.5,"0.75(log(n))^2",0.94
65,1000,2,"T_Copula_Sine",2000,-1.5,"0.75(log(n))^2",0.56
66,1000,2,"T_Copula_Sine",2000,-1.5,"0.75(log(n))^2",0.56
67,1000,2,"T_Copula_Sine",2000,-1.5,"0.75(log(n))^2",0.42
68,1000,2,"T_Copula_Sine",2000,-1.5,"0.75(log(n))^2",0.81
69,1000,2,"T_Copula_Sine",2000,-1.5,"0.75(log(n))^2",0.82
70,1000,2,"T_Copula_Sine",2000,-1.5,"0.75(log(n))^2",0.56
71,1000,2,"T_Copula_Sine",2000,-1.5,"0.75(log(n))^2",0.29
72,1000,2,"T_Copula_Sine",2000,-1.5,"0.75(log(n))^2",0.97
73,1000,2,"T_Copula_Sine",2000,-1.5,"0.75(log(n))^2",1
74,1000,2,"T_Copula_Sine",2000,-1.5,"0.75(log(n))^2",0.54
75,1000,2,"T_Copula_Sine",2000,-1.5,"0.75(log(n))^2",0.43
76,1000,2,"T_Copula_Sine",2000,-1.5,"0.75(log(n))^2",0.61
77,1000,2,"T_Copula_Sine",2000,-1.5,"0.75(log(n))^2",0.37
78,1000,2,"T_Copula_Sine",2000,-1.5,"0.75(log(n))^2",0.46
79,1000,2,"T_Copula_Sine",2000,-1.5,"0.75(log(n))^2",0.45
80,1000,2,"T_Copula_Sine",2000,-1.5,"0.75(log(n))^2",0.24
81,1000,2,"T_Copula_Sine",2000,-1.5,"0.75(log(n))^2",1
82,1000,2,"T_Copula_Sine",2000,-1.5,"0.75(log(n))^2",0.85
83,1000,2,"T_Copula_Sine",2000,-1.5,"0.75(log(n))^2",1
84,1000,2,"T_Copula_Sine",2000,-1.5,"0.75(log(n))^2",0.37
85,1000,2,"T_Copula_Sine",2000,-1.5,"0.75(log(n))^2",0.74
86,1000,2,"T_Copula_Sine",2000,-1.5,"0.75(log(n))^2",0.83
87,1000,2,"T_Copula_Sine",2000,-1.5,"0.75(log(n))^2",0.92
88,1000,2,"T_Copula_Sine",2000,-1.5,"0.75(log(n))^2",0.86
89,1000,2,"T_Copula_Sine",2000,-1.5,"0.75(log(n))^2",0.94
90,1000,2,"T_Copula_Sine",2000,-1.5,"0.75(log(n))^2",0.77
91,1000,2,"T_Copula_Sine",2000,-1.5,"0.75(log(n))^2",0.56
92,1000,2,"T_Copula_Sine",2000,-1.5,"0.75(log(n))^2",0.24
93,1000,2,"T_Copula_Sine",2000,-1.5,"0.75(log(n))^2",0.97
94,1000,2,"T_Copula_Sine",2000,-1.5,"0.75(log(n))^2",0.74
95,1000,2,"T_Copula_Sine",2000,-1.5,"0.75(log(n))^2",0.54
96,1000,2,"T_Copula_Sine",2000,-1.5,"0.75(log(n))^2",0.78
97,1000,2,"T_Copula_Sine",2000,-1.5,"0.75(log(n))^2",0.3
98,1000,2,"T_Copula_Sine",2000,-1.5,"0.75(log(n))^2",0.4
99,1000,2,"T_Copula_Sine",2000,-1.5,"0.75(log(n))^2",0.5
100,1000,2,"T_Copula_Sine",2000,-1.5,"0.75(log(n))^2",0.69
101,1000,2,"T_Copula_Sine",2000,-1.5,"0.75(log(n))^2",0.9
102,1000,2,"T_Copula_Sine",2000,-1.5,"0.75(log(n))^2",0.08
103,1000,2,"T_Copula_Sine",2000,-1.5,"0.75(log(n))^2",0
104,1000,2,"T_Copula_Sine",2000,-1.5,"0.75(log(n))^2",0.78
105,1000,2,"T_Copula_Sine",2000,-1.5,"0.75(log(n))^2",0.73
106,1000,2,"T_Copula_Sine",2000,-1.5,"0.75(log(n))^2",0.52
107,1000,2,"T_Copula_Sine",2000,-1.5,"0.75(log(n))^2",0.46
108,1000,2,"T_Copula_Sine",2000,-1.5,"0.75(log(n))^2",0.62
109,1000,2,"T_Copula_Sine",2000,-1.5,"0.75(log(n))^2",0.65
110,1000,2,"T_Copula_Sine",2000,-1.5,"0.75(log(n))^2",1
111,1000,2,"T_Copula_Sine",2000,-1.5,"0.75(log(n))^2",0.78
112,1000,2,"T_Copula_Sine",2000,-1.5,"0.75(log(n))^2",0.34
113,1000,2,"T_Copula_Sine",2000,-1.5,"0.75(log(n))^2",0.9
114,1000,2,"T_Copula_Sine",2000,-1.5,"0.75(log(n))^2",0.22
115,1000,2,"T_Copula_Sine",2000,-1.5,"0.75(log(n))^2",0.31
116,1000,2,"T_Copula_Sine",2000,-1.5,"0.75(log(n))^2",0.87
117,1000,2,"T_Copula_Sine",2000,-1.5,"0.75(log(n))^2",0.33
118,1000,2,"T_Copula_Sine",2000,-1.5,"0.75(log(n))^2",0.6
119,1000,2,"T_Copula_Sine",2000,-1.5,"0.75(log(n))^2",0.54
120,1000,2,"T_Copula_Sine",2000,-1.5,"0.75(log(n))^2",0.75
121,1000,2,"T_Copula_Sine",2000,-1.5,"0.75(log(n))^2",0.65
122,1000,2,"T_Copula_Sine",2000,-1.5,"0.75(log(n))^2",0.13
123,1000,2,"T_Copula_Sine",2000,-1.5,"0.75(log(n))^2",0.42
124,1000,2,"T_Copula_Sine",2000,-1.5,"0.75(log(n))^2",0.81
125,1000,2,"T_Copula_Sine",2000,-1.5,"0.75(log(n))^2",0.63
126,1000,2,"T_Copula_Sine",2000,-1.5,"0.75(log(n))^2",0.69
127,1000,2,"T_Copula_Sine",2000,-1.5,"0.75(log(n))^2",0.87
128,1000,2,"T_Copula_Sine",2000,-1.5,"0.75(log(n))^2",0.47
129,1000,2,"T_Copula_Sine",2000,-1.5,"0.75(log(n))^2",0.96
130,1000,2,"T_Copula_Sine",2000,-1.5,"0.75(log(n))^2",0.42
131,1000,2,"T_Copula_Sine",2000,-1.5,"0.75(log(n))^2",0
132,1000,2,"T_Copula_Sine",2000,-1.5,"0.75(log(n))^2",0.93
133,1000,2,"T_Copula_Sine",2000,-1.5,"0.75(log(n))^2",0.57
134,1000,2,"T_Copula_Sine",2000,-1.5,"0.75(log(n))^2",0.35
135,1000,2,"T_Copula_Sine",2000,-1.5,"0.75(log(n))^2",0.69
136,1000,2,"T_Copula_Sine",2000,-1.5,"0.75(log(n))^2",0.2
137,1000,2,"T_Copula_Sine",2000,-1.5,"0.75(log(n))^2",0.59
138,1000,2,"T_Copula_Sine",2000,-1.5,"0.75(log(n))^2",0.49
139,1000,2,"T_Copula_Sine",2000,-1.5,"0.75(log(n))^2",0.08
140,1000,2,"T_Copula_Sine",2000,-1.5,"0.75(log(n))^2",0.37
141,1000,2,"T_Copula_Sine",2000,-1.5,"0.75(log(n))^2",0.64
142,1000,2,"T_Copula_Sine",2000,-1.5,"0.75(log(n))^2",0.6
143,1000,2,"T_Copula_Sine",2000,-1.5,"0.75(log(n))^2",0.96
144,1000,2,"T_Copula_Sine",2000,-1.5,"0.75(log(n))^2",0.67
145,1000,2,"T_Copula_Sine",2000,-1.5,"0.75(log(n))^2",0.63
146,1000,2,"T_Copula_Sine",2000,-1.5,"0.75(log(n))^2",0.72
147,1000,2,"T_Copula_Sine",2000,-1.5,"0.75(log(n))^2",0.24
148,1000,2,"T_Copula_Sine",2000,-1.5,"0.75(log(n))^2",0.02
149,1000,2,"T_Copula_Sine",2000,-1.5,"0.75(log(n))^2",0.26
150,1000,2,"T_Copula_Sine",2000,-1.5,"0.75(log(n))^2",0.7
151,1000,2,"T_Copula_Sine",2000,-1.5,"0.75(log(n))^2",0.21
152,1000,2,"T_Copula_Sine",2000,-1.5,"0.75(log(n))^2",0.95
153,1000,2,"T_Copula_Sine",2000,-1.5,"0.75(log(n))^2",0.54
154,1000,2,"T_Copula_Sine",2000,-1.5,"0.75(log(n))^2",0.8
155,1000,2,"T_Copula_Sine",2000,-1.5,"0.75(log(n))^2",0.94
156,1000,2,"T_Copula_Sine",2000,-1.5,"0.75(log(n))^2",0.7
157,1000,2,"T_Copula_Sine",2000,-1.5,"0.75(log(n))^2",0.45
158,1000,2,"T_Copula_Sine",2000,-1.5,"0.75(log(n))^2",0.62
159,1000,2,"T_Copula_Sine",2000,-1.5,"0.75(log(n))^2",0.67
160,1000,2,"T_Copula_Sine",2000,-1.5,"0.75(log(n))^2",0.24
161,1000,2,"T_Copula_Sine",2000,-1.5,"0.75(log(n))^2",0.17
162,1000,2,"T_Copula_Sine",2000,-1.5,"0.75(log(n))^2",0.69
163,1000,2,"T_Copula_Sine",2000,-1.5,"0.75(log(n))^2",0.72
164,1000,2,"T_Copula_Sine",2000,-1.5,"0.75(log(n))^2",0.67
165,1000,2,"T_Copula_Sine",2000,-1.5,"0.75(log(n))^2",0.66
166,1000,2,"T_Copula_Sine",2000,-1.5,"0.75(log(n))^2",0.69
167,1000,2,"T_Copula_Sine",2000,-1.5,"0.75(log(n))^2",0.29
168,1000,2,"T_Copula_Sine",2000,-1.5,"0.75(log(n))^2",0.89
169,1000,2,"T_Copula_Sine",2000,-1.5,"0.75(log(n))^2",0.6
170,1000,2,"T_Copula_Sine",2000,-1.5,"0.75(log(n))^2",0.09
171,1000,2,"T_Copula_Sine",2000,-1.5,"0.75(log(n))^2",0.37
172,1000,2,"T_Copula_Sine",2000,-1.5,"0.75(log(n))^2",0.87
173,1000,2,"T_Copula_Sine",2000,-1.5,"0.75(log(n))^2",0.59
174,1000,2,"T_Copula_Sine",2000,-1.5,"0.75(log(n))^2",0.9
175,1000,2,"T_Copula_Sine",2000,-1.5,"0.75(log(n))^2",0.9
176,1000,2,"T_Copula_Sine",2000,-1.5,"0.75(log(n))^2",0.77
177,1000,2,"T_Copula_Sine",2000,-1.5,"0.75(log(n))^2",0.35
178,1000,2,"T_Copula_Sine",2000,-1.5,"0.75(log(n))^2",0.94
179,1000,2,"T_Copula_Sine",2000,-1.5,"0.75(log(n))^2",0.77
180,1000,2,"T_Copula_Sine",2000,-1.5,"0.75(log(n))^2",0.98
181,1000,2,"T_Copula_Sine",2000,-1.5,"0.75(log(n))^2",0.66
182,1000,2,"T_Copula_Sine",2000,-1.5,"0.75(log(n))^2",0.56
183,1000,2,"T_Copula_Sine",2000,-1.5,"0.75(log(n))^2",0.86
184,1000,2,"T_Copula_Sine",2000,-1.5,"0.75(log(n))^2",0.85
185,1000,2,"T_Copula_Sine",2000,-1.5,"0.75(log(n))^2",0.45
186,1000,2,"T_Copula_Sine",2000,-1.5,"0.75(log(n))^2",0.25
187,1000,2,"T_Copula_Sine",2000,-1.5,"0.75(log(n))^2",0.79
188,1000,2,"T_Copula_Sine",2000,-1.5,"0.75(log(n))^2",0.52
189,1000,2,"T_Copula_Sine",2000,-1.5,"0.75(log(n))^2",0.38
190,1000,2,"T_Copula_Sine",2000,-1.5,"0.75(log(n))^2",0.95
191,1000,2,"T_Copula_Sine",2000,-1.5,"0.75(log(n))^2",0.74
192,1000,2,"T_Copula_Sine",2000,-1.5,"0.75(log(n))^2",0.57
193,1000,2,"T_Copula_Sine",2000,-1.5,"0.75(log(n))^2",0.4
194,1000,2,"T_Copula_Sine",2000,-1.5,"0.75(log(n))^2",0.46
195,1000,2,"T_Copula_Sine",2000,-1.5,"0.75(log(n))^2",0.39
196,1000,2,"T_Copula_Sine",2000,-1.5,"0.75(log(n))^2",1
197,1000,2,"T_Copula_Sine",2000,-1.5,"0.75(log(n))^2",0.57
198,1000,2,"T_Copula_Sine",2000,-1.5,"0.75(log(n))^2",0.41
199,1000,2,"T_Copula_Sine",2000,-1.5,"0.75(log(n))^2",0.74
200,1000,2,"T_Copula_Sine",2000,-1.5,"0.75(log(n))^2",0.09
201,1000,2,"T_Copula_Sine",2000,-1.5,"0.75(log(n))^2",0.61
202,1000,2,"T_Copula_Sine",2000,-1.5,"0.75(log(n))^2",0.74
203,1000,2,"T_Copula_Sine",2000,-1.5,"0.75(log(n))^2",0.76
204,1000,2,"T_Copula_Sine",2000,-1.5,"0.75(log(n))^2",0.9
205,1000,2,"T_Copula_Sine",2000,-1.5,"0.75(log(n))^2",0.22
206,1000,2,"T_Copula_Sine",2000,-1.5,"0.75(log(n))^2",0.73
207,1000,2,"T_Copula_Sine",2000,-1.5,"0.75(log(n))^2",0.69
208,1000,2,"T_Copula_Sine",2000,-1.5,"0.75(log(n))^2",0.84
209,1000,2,"T_Copula_Sine",2000,-1.5,"0.75(log(n))^2",0.42
210,1000,2,"T_Copula_Sine",2000,-1.5,"0.75(log(n))^2",0.95
211,1000,2,"T_Copula_Sine",2000,-1.5,"0.75(log(n))^2",0.96
212,1000,2,"T_Copula_Sine",2000,-1.5,"0.75(log(n))^2",0.97
213,1000,2,"T_Copula_Sine",2000,-1.5,"0.75(log(n))^2",0.33
214,1000,2,"T_Copula_Sine",2000,-1.5,"0.75(log(n))^2",0.97
215,1000,2,"T_Copula_Sine",2000,-1.5,"0.75(log(n))^2",0.34
216,1000,2,"T_Copula_Sine",2000,-1.5,"0.75(log(n))^2",0.27
217,1000,2,"T_Copula_Sine",2000,-1.5,"0.75(log(n))^2",0.51
218,1000,2,"T_Copula_Sine",2000,-1.5,"0.75(log(n))^2",1
219,1000,2,"T_Copula_Sine",2000,-1.5,"0.75(log(n))^2",0.36
220,1000,2,"T_Copula_Sine",2000,-1.5,"0.75(log(n))^2",0.4
221,1000,2,"T_Copula_Sine",2000,-1.5,"0.75(log(n))^2",0.42
222,1000,2,"T_Copula_Sine",2000,-1.5,"0.75(log(n))^2",0.29
223,1000,2,"T_Copula_Sine",2000,-1.5,"0.75(log(n))^2",0.78
224,1000,2,"T_Copula_Sine",2000,-1.5,"0.75(log(n))^2",0.92
225,1000,2,"T_Copula_Sine",2000,-1.5,"0.75(log(n))^2",0.88
226,1000,2,"T_Copula_Sine",2000,-1.5,"0.75(log(n))^2",0.48
227,1000,2,"T_Copula_Sine",2000,-1.5,"0.75(log(n))^2",0.12
228,1000,2,"T_Copula_Sine",2000,-1.5,"0.75(log(n))^2",0.55
229,1000,2,"T_Copula_Sine",2000,-1.5,"0.75(log(n))^2",0.51
230,1000,2,"T_Copula_Sine",2000,-1.5,"0.75(log(n))^2",0.81
231,1000,2,"T_Copula_Sine",2000,-1.5,"0.75(log(n))^2",0.87
232,1000,2,"T_Copula_Sine",2000,-1.5,"0.75(log(n))^2",0.99
233,1000,2,"T_Copula_Sine",2000,-1.5,"0.75(log(n))^2",0.35
234,1000,2,"T_Copula_Sine",2000,-1.5,"0.75(log(n))^2",0.6
235,1000,2,"T_Copula_Sine",2000,-1.5,"0.75(log(n))^2",0.56
236,1000,2,"T_Copula_Sine",2000,-1.5,"0.75(log(n))^2",0.61
237,1000,2,"T_Copula_Sine",2000,-1.5,"0.75(log(n))^2",0.54
238,1000,2,"T_Copula_Sine",2000,-1.5,"0.75(log(n))^2",0.97
239,1000,2,"T_Copula_Sine",2000,-1.5,"0.75(log(n))^2",0.89
240,1000,2,"T_Copula_Sine",2000,-1.5,"0.75(log(n))^2",0.65
241,1000,2,"T_Copula_Sine",2000,-1.5,"0.75(log(n))^2",0.33
242,1000,2,"T_Copula_Sine",2000,-1.5,"0.75(log(n))^2",0.16
243,1000,2,"T_Copula_Sine",2000,-1.5,"0.75(log(n))^2",0.77
244,1000,2,"T_Copula_Sine",2000,-1.5,"0.75(log(n))^2",0.75
245,1000,2,"T_Copula_Sine",2000,-1.5,"0.75(log(n))^2",1
246,1000,2,"T_Copula_Sine",2000,-1.5,"0.75(log(n))^2",0.72
247,1000,2,"T_Copula_Sine",2000,-1.5,"0.75(log(n))^2",0.77
248,1000,2,"T_Copula_Sine",2000,-1.5,"0.75(log(n))^2",0.77
249,1000,2,"T_Copula_Sine",2000,-1.5,"0.75(log(n))^2",0.58
250,1000,2,"T_Copula_Sine",2000,-1.5,"0.75(log(n))^2",0.35
251,1000,2,"T_Copula_Sine",2000,-1.5,"0.75(log(n))^2",0.1
252,1000,2,"T_Copula_Sine",2000,-1.5,"0.75(log(n))^2",0.46
253,1000,2,"T_Copula_Sine",2000,-1.5,"0.75(log(n))^2",0.36
254,1000,2,"T_Copula_Sine",2000,-1.5,"0.75(log(n))^2",0.84
255,1000,2,"T_Copula_Sine",2000,-1.5,"0.75(log(n))^2",0.36
256,1000,2,"T_Copula_Sine",2000,-1.5,"0.75(log(n))^2",0.69
257,1000,2,"T_Copula_Sine",2000,-1.5,"0.75(log(n))^2",0.75
258,1000,2,"T_Copula_Sine",2000,-1.5,"0.75(log(n))^2",0.02
259,1000,2,"T_Copula_Sine",2000,-1.5,"0.75(log(n))^2",0.93
260,1000,2,"T_Copula_Sine",2000,-1.5,"0.75(log(n))^2",0.49
261,1000,2,"T_Copula_Sine",2000,-1.5,"0.75(log(n))^2",0.36
262,1000,2,"T_Copula_Sine",2000,-1.5,"0.75(log(n))^2",0.97
263,1000,2,"T_Copula_Sine",2000,-1.5,"0.75(log(n))^2",0.6
264,1000,2,"T_Copula_Sine",2000,-1.5,"0.75(log(n))^2",0.63
265,1000,2,"T_Copula_Sine",2000,-1.5,"0.75(log(n))^2",0.89
266,1000,2,"T_Copula_Sine",2000,-1.5,"0.75(log(n))^2",0.99
267,1000,2,"T_Copula_Sine",2000,-1.5,"0.75(log(n))^2",0.18
268,1000,2,"T_Copula_Sine",2000,-1.5,"0.75(log(n))^2",0.25
269,1000,2,"T_Copula_Sine",2000,-1.5,"0.75(log(n))^2",0.33
270,1000,2,"T_Copula_Sine",2000,-1.5,"0.75(log(n))^2",0.73
271,1000,2,"T_Copula_Sine",2000,-1.5,"0.75(log(n))^2",0.89
272,1000,2,"T_Copula_Sine",2000,-1.5,"0.75(log(n))^2",0.07
273,1000,2,"T_Copula_Sine",2000,-1.5,"0.75(log(n))^2",0.53
274,1000,2,"T_Copula_Sine",2000,-1.5,"0.75(log(n))^2",0.67
275,1000,2,"T_Copula_Sine",2000,-1.5,"0.75(log(n))^2",0.33
276,1000,2,"T_Copula_Sine",2000,-1.5,"0.75(log(n))^2",0.5
277,1000,2,"T_Copula_Sine",2000,-1.5,"0.75(log(n))^2",0.59
278,1000,2,"T_Copula_Sine",2000,-1.5,"0.75(log(n))^2",0.34
279,1000,2,"T_Copula_Sine",2000,-1.5,"0.75(log(n))^2",0.35
280,1000,2,"T_Copula_Sine",2000,-1.5,"0.75(log(n))^2",0.49
281,1000,2,"T_Copula_Sine",2000,-1.5,"0.75(log(n))^2",0.75
282,1000,2,"T_Copula_Sine",2000,-1.5,"0.75(log(n))^2",0.21
283,1000,2,"T_Copula_Sine",2000,-1.5,"0.75(log(n))^2",0.56
284,1000,2,"T_Copula_Sine",2000,-1.5,"0.75(log(n))^2",0.57
285,1000,2,"T_Copula_Sine",2000,-1.5,"0.75(log(n))^2",0.93
286,1000,2,"T_Copula_Sine",2000,-1.5,"0.75(log(n))^2",0.16
287,1000,2,"T_Copula_Sine",2000,-1.5,"0.75(log(n))^2",0.89
288,1000,2,"T_Copula_Sine",2000,-1.5,"0.75(log(n))^2",0.35
289,1000,2,"T_Copula_Sine",2000,-1.5,"0.75(log(n))^2",0.61
290,1000,2,"T_Copula_Sine",2000,-1.5,"0.75(log(n))^2",0.2
291,1000,2,"T_Copula_Sine",2000,-1.5,"0.75(log(n))^2",0.47
292,1000,2,"T_Copula_Sine",2000,-1.5,"0.75(log(n))^2",0.06
293,1000,2,"T_Copula_Sine",2000,-1.5,"0.75(log(n))^2",0.32
294,1000,2,"T_Copula_Sine",2000,-1.5,"0.75(log(n))^2",0.58
295,1000,2,"T_Copula_Sine",2000,-1.5,"0.75(log(n))^2",0.87
296,1000,2,"T_Copula_Sine",2000,-1.5,"0.75(log(n))^2",0.22
297,1000,2,"T_Copula_Sine",2000,-1.5,"0.75(log(n))^2",0.27
298,1000,2,"T_Copula_Sine",2000,-1.5,"0.75(log(n))^2",0.68
299,1000,2,"T_Copula_Sine",2000,-1.5,"0.75(log(n))^2",0.31
300,1000,2,"T_Copula_Sine",2000,-1.5,"0.75(log(n))^2",0.93
301,1000,2,"T_Copula_Sine",2000,-1.5,"0.75(log(n))^2",0.71
302,1000,2,"T_Copula_Sine",2000,-1.5,"0.75(log(n))^2",0.44
303,1000,2,"T_Copula_Sine",2000,-1.5,"0.75(log(n))^2",0.39
304,1000,2,"T_Copula_Sine",2000,-1.5,"0.75(log(n))^2",0.81
305,1000,2,"T_Copula_Sine",2000,-1.5,"0.75(log(n))^2",0.53
306,1000,2,"T_Copula_Sine",2000,-1.5,"0.75(log(n))^2",0.58
307,1000,2,"T_Copula_Sine",2000,-1.5,"0.75(log(n))^2",0.42
308,1000,2,"T_Copula_Sine",2000,-1.5,"0.75(log(n))^2",0.17
309,1000,2,"T_Copula_Sine",2000,-1.5,"0.75(log(n))^2",0.61
310,1000,2,"T_Copula_Sine",2000,-1.5,"0.75(log(n))^2",0.55
311,1000,2,"T_Copula_Sine",2000,-1.5,"0.75(log(n))^2",0.98
312,1000,2,"T_Copula_Sine",2000,-1.5,"0.75(log(n))^2",0.98
313,1000,2,"T_Copula_Sine",2000,-1.5,"0.75(log(n))^2",0.59
314,1000,2,"T_Copula_Sine",2000,-1.5,"0.75(log(n))^2",0.35
315,1000,2,"T_Copula_Sine",2000,-1.5,"0.75(log(n))^2",0.43
316,1000,2,"T_Copula_Sine",2000,-1.5,"0.75(log(n))^2",0.44
317,1000,2,"T_Copula_Sine",2000,-1.5,"0.75(log(n))^2",1
318,1000,2,"T_Copula_Sine",2000,-1.5,"0.75(log(n))^2",0.56
319,1000,2,"T_Copula_Sine",2000,-1.5,"0.75(log(n))^2",0.12
320,1000,2,"T_Copula_Sine",2000,-1.5,"0.75(log(n))^2",0.53
321,1000,2,"T_Copula_Sine",2000,-1.5,"0.75(log(n))^2",0.85
322,1000,2,"T_Copula_Sine",2000,-1.5,"0.75(log(n))^2",0.99
323,1000,2,"T_Copula_Sine",2000,-1.5,"0.75(log(n))^2",0.37
324,1000,2,"T_Copula_Sine",2000,-1.5,"0.75(log(n))^2",0.19
325,1000,2,"T_Copula_Sine",2000,-1.5,"0.75(log(n))^2",0.55
326,1000,2,"T_Copula_Sine",2000,-1.5,"0.75(log(n))^2",0.51
327,1000,2,"T_Copula_Sine",2000,-1.5,"0.75(log(n))^2",0.92
328,1000,2,"T_Copula_Sine",2000,-1.5,"0.75(log(n))^2",0.87
329,1000,2,"T_Copula_Sine",2000,-1.5,"0.75(log(n))^2",0.47
330,1000,2,"T_Copula_Sine",2000,-1.5,"0.75(log(n))^2",0.43
331,1000,2,"T_Copula_Sine",2000,-1.5,"0.75(log(n))^2",0.53
332,1000,2,"T_Copula_Sine",2000,-1.5,"0.75(log(n))^2",0.73
333,1000,2,"T_Copula_Sine",2000,-1.5,"0.75(log(n))^2",0.19
334,1000,2,"T_Copula_Sine",2000,-1.5,"0.75(log(n))^2",0.44
335,1000,2,"T_Copula_Sine",2000,-1.5,"0.75(log(n))^2",0.58
336,1000,2,"T_Copula_Sine",2000,-1.5,"0.75(log(n))^2",0.62
337,1000,2,"T_Copula_Sine",2000,-1.5,"0.75(log(n))^2",0.54
338,1000,2,"T_Copula_Sine",2000,-1.5,"0.75(log(n))^2",0.82
339,1000,2,"T_Copula_Sine",2000,-1.5,"0.75(log(n))^2",0.4
340,1000,2,"T_Copula_Sine",2000,-1.5,"0.75(log(n))^2",0.84
341,1000,2,"T_Copula_Sine",2000,-1.5,"0.75(log(n))^2",0.88
342,1000,2,"T_Copula_Sine",2000,-1.5,"0.75(log(n))^2",0.17
343,1000,2,"T_Copula_Sine",2000,-1.5,"0.75(log(n))^2",0.64
344,1000,2,"T_Copula_Sine",2000,-1.5,"0.75(log(n))^2",0.9
345,1000,2,"T_Copula_Sine",2000,-1.5,"0.75(log(n))^2",0.77
346,1000,2,"T_Copula_Sine",2000,-1.5,"0.75(log(n))^2",0.54
347,1000,2,"T_Copula_Sine",2000,-1.5,"0.75(log(n))^2",0.66
348,1000,2,"T_Copula_Sine",2000,-1.5,"0.75(log(n))^2",0.81
349,1000,2,"T_Copula_Sine",2000,-1.5,"0.75(log(n))^2",0.56
350,1000,2,"T_Copula_Sine",2000,-1.5,"0.75(log(n))^2",0.95
351,1000,2,"T_Copula_Sine",2000,-1.5,"0.75(log(n))^2",0.71
352,1000,2,"T_Copula_Sine",2000,-1.5,"0.75(log(n))^2",0.86
353,1000,2,"T_Copula_Sine",2000,-1.5,"0.75(log(n))^2",0.75
354,1000,2,"T_Copula_Sine",2000,-1.5,"0.75(log(n))^2",0.88
355,1000,2,"T_Copula_Sine",2000,-1.5,"0.75(log(n))^2",0.5
356,1000,2,"T_Copula_Sine",2000,-1.5,"0.75(log(n))^2",0.51
357,1000,2,"T_Copula_Sine",2000,-1.5,"0.75(log(n))^2",0.69
358,1000,2,"T_Copula_Sine",2000,-1.5,"0.75(log(n))^2",0.35
359,1000,2,"T_Copula_Sine",2000,-1.5,"0.75(log(n))^2",1
360,1000,2,"T_Copula_Sine",2000,-1.5,"0.75(log(n))^2",0.72
361,1000,2,"T_Copula_Sine",2000,-1.5,"0.75(log(n))^2",0.61
362,1000,2,"T_Copula_Sine",2000,-1.5,"0.75(log(n))^2",0.82
363,1000,2,"T_Copula_Sine",2000,-1.5,"0.75(log(n))^2",0.41
364,1000,2,"T_Copula_Sine",2000,-1.5,"0.75(log(n))^2",0.53
365,1000,2,"T_Copula_Sine",2000,-1.5,"0.75(log(n))^2",0.5
366,1000,2,"T_Copula_Sine",2000,-1.5,"0.75(log(n))^2",0.93
367,1000,2,"T_Copula_Sine",2000,-1.5,"0.75(log(n))^2",0.77
368,1000,2,"T_Copula_Sine",2000,-1.5,"0.75(log(n))^2",0.69
369,1000,2,"T_Copula_Sine",2000,-1.5,"0.75(log(n))^2",0.58
370,1000,2,"T_Copula_Sine",2000,-1.5,"0.75(log(n))^2",0.58
371,1000,2,"T_Copula_Sine",2000,-1.5,"0.75(log(n))^2",1
372,1000,2,"T_Copula_Sine",2000,-1.5,"0.75(log(n))^2",0.99
373,1000,2,"T_Copula_Sine",2000,-1.5,"0.75(log(n))^2",0.79
374,1000,2,"T_Copula_Sine",2000,-1.5,"0.75(log(n))^2",0.28
375,1000,2,"T_Copula_Sine",2000,-1.5,"0.75(log(n))^2",0.51
376,1000,2,"T_Copula_Sine",2000,-1.5,"0.75(log(n))^2",0.66
377,1000,2,"T_Copula_Sine",2000,-1.5,"0.75(log(n))^2",0.59
378,1000,2,"T_Copula_Sine",2000,-1.5,"0.75(log(n))^2",0.6
379,1000,2,"T_Copula_Sine",2000,-1.5,"0.75(log(n))^2",0.85
380,1000,2,"T_Copula_Sine",2000,-1.5,"0.75(log(n))^2",0.79
381,1000,2,"T_Copula_Sine",2000,-1.5,"0.75(log(n))^2",0.03
382,1000,2,"T_Copula_Sine",2000,-1.5,"0.75(log(n))^2",0.43
383,1000,2,"T_Copula_Sine",2000,-1.5,"0.75(log(n))^2",0.45
384,1000,2,"T_Copula_Sine",2000,-1.5,"0.75(log(n))^2",0.9
385,1000,2,"T_Copula_Sine",2000,-1.5,"0.75(log(n))^2",0.5
386,1000,2,"T_Copula_Sine",2000,-1.5,"0.75(log(n))^2",0.81
387,1000,2,"T_Copula_Sine",2000,-1.5,"0.75(log(n))^2",0.96
388,1000,2,"T_Copula_Sine",2000,-1.5,"0.75(log(n))^2",0.32
389,1000,2,"T_Copula_Sine",2000,-1.5,"0.75(log(n))^2",0.88
390,1000,2,"T_Copula_Sine",2000,-1.5,"0.75(log(n))^2",0.85
391,1000,2,"T_Copula_Sine",2000,-1.5,"0.75(log(n))^2",0.72
392,1000,2,"T_Copula_Sine",2000,-1.5,"0.75(log(n))^2",0.13
393,1000,2,"T_Copula_Sine",2000,-1.5,"0.75(log(n))^2",0.71
394,1000,2,"T_Copula_Sine",2000,-1.5,"0.75(log(n))^2",0.46
395,1000,2,"T_Copula_Sine",2000,-1.5,"0.75(log(n))^2",1
396,1000,2,"T_Copula_Sine",2000,-1.5,"0.75(log(n))^2",0.75
397,1000,2,"T_Copula_Sine",2000,-1.5,"0.75(log(n))^2",0.55
398,1000,2,"T_Copula_Sine",2000,-1.5,"0.75(log(n))^2",0.54
399,1000,2,"T_Copula_Sine",2000,-1.5,"0.75(log(n))^2",0.11
400,1000,2,"T_Copula_Sine",2000,-1.5,"0.75(log(n))^2",0.97
401,1000,2,"T_Copula_Sine",2000,-1.5,"0.75(log(n))^2",0.89
402,1000,2,"T_Copula_Sine",2000,-1.5,"0.75(log(n))^2",0.8
403,1000,2,"T_Copula_Sine",2000,-1.5,"0.75(log(n))^2",0.85
404,1000,2,"T_Copula_Sine",2000,-1.5,"0.75(log(n))^2",0.68
405,1000,2,"T_Copula_Sine",2000,-1.5,"0.75(log(n))^2",0.82
406,1000,2,"T_Copula_Sine",2000,-1.5,"0.75(log(n))^2",0.51
407,1000,2,"T_Copula_Sine",2000,-1.5,"0.75(log(n))^2",0.35
408,1000,2,"T_Copula_Sine",2000,-1.5,"0.75(log(n))^2",0.12
409,1000,2,"T_Copula_Sine",2000,-1.5,"0.75(log(n))^2",0.66
410,1000,2,"T_Copula_Sine",2000,-1.5,"0.75(log(n))^2",0.92
411,1000,2,"T_Copula_Sine",2000,-1.5,"0.75(log(n))^2",0.88
412,1000,2,"T_Copula_Sine",2000,-1.5,"0.75(log(n))^2",0.21
413,1000,2,"T_Copula_Sine",2000,-1.5,"0.75(log(n))^2",0.63
414,1000,2,"T_Copula_Sine",2000,-1.5,"0.75(log(n))^2",0.1
415,1000,2,"T_Copula_Sine",2000,-1.5,"0.75(log(n))^2",0.47
416,1000,2,"T_Copula_Sine",2000,-1.5,"0.75(log(n))^2",0.5
417,1000,2,"T_Copula_Sine",2000,-1.5,"0.75(log(n))^2",0.77
418,1000,2,"T_Copula_Sine",2000,-1.5,"0.75(log(n))^2",0.8
419,1000,2,"T_Copula_Sine",2000,-1.5,"0.75(log(n))^2",0.64
420,1000,2,"T_Copula_Sine",2000,-1.5,"0.75(log(n))^2",0.24
421,1000,2,"T_Copula_Sine",2000,-1.5,"0.75(log(n))^2",0.02
422,1000,2,"T_Copula_Sine",2000,-1.5,"0.75(log(n))^2",0.54
423,1000,2,"T_Copula_Sine",2000,-1.5,"0.75(log(n))^2",0.47
424,1000,2,"T_Copula_Sine",2000,-1.5,"0.75(log(n))^2",0.66
425,1000,2,"T_Copula_Sine",2000,-1.5,"0.75(log(n))^2",0.83
426,1000,2,"T_Copula_Sine",2000,-1.5,"0.75(log(n))^2",0.2
427,1000,2,"T_Copula_Sine",2000,-1.5,"0.75(log(n))^2",0.48
428,1000,2,"T_Copula_Sine",2000,-1.5,"0.75(log(n))^2",0.53
429,1000,2,"T_Copula_Sine",2000,-1.5,"0.75(log(n))^2",0.43
430,1000,2,"T_Copula_Sine",2000,-1.5,"0.75(log(n))^2",0.84
431,1000,2,"T_Copula_Sine",2000,-1.5,"0.75(log(n))^2",0.51
432,1000,2,"T_Copula_Sine",2000,-1.5,"0.75(log(n))^2",0.84
433,1000,2,"T_Copula_Sine",2000,-1.5,"0.75(log(n))^2",1
434,1000,2,"T_Copula_Sine",2000,-1.5,"0.75(log(n))^2",0.81
435,1000,2,"T_Copula_Sine",2000,-1.5,"0.75(log(n))^2",0.67
436,1000,2,"T_Copula_Sine",2000,-1.5,"0.75(log(n))^2",0.69
437,1000,2,"T_Copula_Sine",2000,-1.5,"0.75(log(n))^2",0.44
438,1000,2,"T_Copula_Sine",2000,-1.5,"0.75(log(n))^2",0.04
439,1000,2,"T_Copula_Sine",2000,-1.5,"0.75(log(n))^2",0.91
440,1000,2,"T_Copula_Sine",2000,-1.5,"0.75(log(n))^2",0.3
441,1000,2,"T_Copula_Sine",2000,-1.5,"0.75(log(n))^2",0.48
442,1000,2,"T_Copula_Sine",2000,-1.5,"0.75(log(n))^2",0.99
443,1000,2,"T_Copula_Sine",2000,-1.5,"0.75(log(n))^2",0.39
444,1000,2,"T_Copula_Sine",2000,-1.5,"0.75(log(n))^2",0.92
445,1000,2,"T_Copula_Sine",2000,-1.5,"0.75(log(n))^2",0.85
446,1000,2,"T_Copula_Sine",2000,-1.5,"0.75(log(n))^2",0.42
447,1000,2,"T_Copula_Sine",2000,-1.5,"0.75(log(n))^2",0.74
448,1000,2,"T_Copula_Sine",2000,-1.5,"0.75(log(n))^2",0.79
449,1000,2,"T_Copula_Sine",2000,-1.5,"0.75(log(n))^2",0.47
450,1000,2,"T_Copula_Sine",2000,-1.5,"0.75(log(n))^2",0.58
451,1000,2,"T_Copula_Sine",2000,-1.5,"0.75(log(n))^2",0.7
452,1000,2,"T_Copula_Sine",2000,-1.5,"0.75(log(n))^2",0.29
453,1000,2,"T_Copula_Sine",2000,-1.5,"0.75(log(n))^2",0.3
454,1000,2,"T_Copula_Sine",2000,-1.5,"0.75(log(n))^2",0.8
455,1000,2,"T_Copula_Sine",2000,-1.5,"0.75(log(n))^2",0.05
456,1000,2,"T_Copula_Sine",2000,-1.5,"0.75(log(n))^2",0.7
457,1000,2,"T_Copula_Sine",2000,-1.5,"0.75(log(n))^2",0.16
458,1000,2,"T_Copula_Sine",2000,-1.5,"0.75(log(n))^2",0.4
459,1000,2,"T_Copula_Sine",2000,-1.5,"0.75(log(n))^2",0.25
460,1000,2,"T_Copula_Sine",2000,-1.5,"0.75(log(n))^2",0.17
461,1000,2,"T_Copula_Sine",2000,-1.5,"0.75(log(n))^2",0.65
462,1000,2,"T_Copula_Sine",2000,-1.5,"0.75(log(n))^2",0.09
463,1000,2,"T_Copula_Sine",2000,-1.5,"0.75(log(n))^2",0.48
464,1000,2,"T_Copula_Sine",2000,-1.5,"0.75(log(n))^2",0.99
465,1000,2,"T_Copula_Sine",2000,-1.5,"0.75(log(n))^2",0.63
466,1000,2,"T_Copula_Sine",2000,-1.5,"0.75(log(n))^2",0.95
467,1000,2,"T_Copula_Sine",2000,-1.5,"0.75(log(n))^2",0.77
468,1000,2,"T_Copula_Sine",2000,-1.5,"0.75(log(n))^2",0.98
469,1000,2,"T_Copula_Sine",2000,-1.5,"0.75(log(n))^2",0.99
470,1000,2,"T_Copula_Sine",2000,-1.5,"0.75(log(n))^2",0.52
471,1000,2,"T_Copula_Sine",2000,-1.5,"0.75(log(n))^2",0.01
472,1000,2,"T_Copula_Sine",2000,-1.5,"0.75(log(n))^2",0.89
473,1000,2,"T_Copula_Sine",2000,-1.5,"0.75(log(n))^2",0.61
474,1000,2,"T_Copula_Sine",2000,-1.5,"0.75(log(n))^2",0.43
475,1000,2,"T_Copula_Sine",2000,-1.5,"0.75(log(n))^2",0.71
476,1000,2,"T_Copula_Sine",2000,-1.5,"0.75(log(n))^2",0.81
477,1000,2,"T_Copula_Sine",2000,-1.5,"0.75(log(n))^2",0.49
478,1000,2,"T_Copula_Sine",2000,-1.5,"0.75(log(n))^2",0.24
479,1000,2,"T_Copula_Sine",2000,-1.5,"0.75(log(n))^2",0.26
480,1000,2,"T_Copula_Sine",2000,-1.5,"0.75(log(n))^2",0.4
481,1000,2,"T_Copula_Sine",2000,-1.5,"0.75(log(n))^2",0.76
482,1000,2,"T_Copula_Sine",2000,-1.5,"0.75(log(n))^2",0.9
483,1000,2,"T_Copula_Sine",2000,-1.5,"0.75(log(n))^2",0.43
484,1000,2,"T_Copula_Sine",2000,-1.5,"0.75(log(n))^2",0.25
485,1000,2,"T_Copula_Sine",2000,-1.5,"0.75(log(n))^2",0.72
486,1000,2,"T_Copula_Sine",2000,-1.5,"0.75(log(n))^2",0.75
487,1000,2,"T_Copula_Sine",2000,-1.5,"0.75(log(n))^2",0.07
488,1000,2,"T_Copula_Sine",2000,-1.5,"0.75(log(n))^2",0.34
489,1000,2,"T_Copula_Sine",2000,-1.5,"0.75(log(n))^2",0.04
490,1000,2,"T_Copula_Sine",2000,-1.5,"0.75(log(n))^2",0.62
491,1000,2,"T_Copula_Sine",2000,-1.5,"0.75(log(n))^2",0.62
492,1000,2,"T_Copula_Sine",2000,-1.5,"0.75(log(n))^2",0.56
493,1000,2,"T_Copula_Sine",2000,-1.5,"0.75(log(n))^2",0.72
494,1000,2,"T_Copula_Sine",2000,-1.5,"0.75(log(n))^2",0.51
495,1000,2,"T_Copula_Sine",2000,-1.5,"0.75(log(n))^2",0.5
496,1000,2,"T_Copula_Sine",2000,-1.5,"0.75(log(n))^2",0.92
497,1000,2,"T_Copula_Sine",2000,-1.5,"0.75(log(n))^2",0.62
498,1000,2,"T_Copula_Sine",2000,-1.5,"0.75(log(n))^2",0.18
499,1000,2,"T_Copula_Sine",2000,-1.5,"0.75(log(n))^2",0.32
500,1000,2,"T_Copula_Sine",2000,-1.5,"0.75(log(n))^2",0.9
501,1000,2,"T_Copula_Sine",2000,-1.5,"0.75(log(n))^2",0.91
502,1000,2,"T_Copula_Sine",2000,-1.5,"0.75(log(n))^2",0.19
503,1000,2,"T_Copula_Sine",2000,-1.5,"0.75(log(n))^2",0.76
504,1000,2,"T_Copula_Sine",2000,-1.5,"0.75(log(n))^2",0.33
505,1000,2,"T_Copula_Sine",2000,-1.5,"0.75(log(n))^2",0.61
506,1000,2,"T_Copula_Sine",2000,-1.5,"0.75(log(n))^2",0.18
507,1000,2,"T_Copula_Sine",2000,-1.5,"0.75(log(n))^2",0.89
508,1000,2,"T_Copula_Sine",2000,-1.5,"0.75(log(n))^2",0.53
509,1000,2,"T_Copula_Sine",2000,-1.5,"0.75(log(n))^2",0.19
510,1000,2,"T_Copula_Sine",2000,-1.5,"0.75(log(n))^2",0.08
511,1000,2,"T_Copula_Sine",2000,-1.5,"0.75(log(n))^2",0.82
512,1000,2,"T_Copula_Sine",2000,-1.5,"0.75(log(n))^2",0.25
513,1000,2,"T_Copula_Sine",2000,-1.5,"0.75(log(n))^2",0.67
514,1000,2,"T_Copula_Sine",2000,-1.5,"0.75(log(n))^2",0.39
515,1000,2,"T_Copula_Sine",2000,-1.5,"0.75(log(n))^2",0.73
516,1000,2,"T_Copula_Sine",2000,-1.5,"0.75(log(n))^2",0.55
517,1000,2,"T_Copula_Sine",2000,-1.5,"0.75(log(n))^2",0.45
518,1000,2,"T_Copula_Sine",2000,-1.5,"0.75(log(n))^2",0.7
519,1000,2,"T_Copula_Sine",2000,-1.5,"0.75(log(n))^2",0.91
520,1000,2,"T_Copula_Sine",2000,-1.5,"0.75(log(n))^2",0.16
521,1000,2,"T_Copula_Sine",2000,-1.5,"0.75(log(n))^2",0.48
522,1000,2,"T_Copula_Sine",2000,-1.5,"0.75(log(n))^2",0.63
523,1000,2,"T_Copula_Sine",2000,-1.5,"0.75(log(n))^2",0.2
524,1000,2,"T_Copula_Sine",2000,-1.5,"0.75(log(n))^2",0.93
525,1000,2,"T_Copula_Sine",2000,-1.5,"0.75(log(n))^2",0.97
526,1000,2,"T_Copula_Sine",2000,-1.5,"0.75(log(n))^2",0.18
527,1000,2,"T_Copula_Sine",2000,-1.5,"0.75(log(n))^2",0.41
528,1000,2,"T_Copula_Sine",2000,-1.5,"0.75(log(n))^2",0.91
529,1000,2,"T_Copula_Sine",2000,-1.5,"0.75(log(n))^2",0.11
530,1000,2,"T_Copula_Sine",2000,-1.5,"0.75(log(n))^2",0.35
531,1000,2,"T_Copula_Sine",2000,-1.5,"0.75(log(n))^2",0.36
532,1000,2,"T_Copula_Sine",2000,-1.5,"0.75(log(n))^2",0.53
533,1000,2,"T_Copula_Sine",2000,-1.5,"0.75(log(n))^2",0.93
534,1000,2,"T_Copula_Sine",2000,-1.5,"0.75(log(n))^2",0.81
535,1000,2,"T_Copula_Sine",2000,-1.5,"0.75(log(n))^2",0.29
536,1000,2,"T_Copula_Sine",2000,-1.5,"0.75(log(n))^2",0.18
537,1000,2,"T_Copula_Sine",2000,-1.5,"0.75(log(n))^2",0.94
538,1000,2,"T_Copula_Sine",2000,-1.5,"0.75(log(n))^2",0.43
539,1000,2,"T_Copula_Sine",2000,-1.5,"0.75(log(n))^2",0.69
540,1000,2,"T_Copula_Sine",2000,-1.5,"0.75(log(n))^2",0.73
541,1000,2,"T_Copula_Sine",2000,-1.5,"0.75(log(n))^2",0.78
542,1000,2,"T_Copula_Sine",2000,-1.5,"0.75(log(n))^2",0.83
543,1000,2,"T_Copula_Sine",2000,-1.5,"0.75(log(n))^2",0.1
544,1000,2,"T_Copula_Sine",2000,-1.5,"0.75(log(n))^2",0.06
545,1000,2,"T_Copula_Sine",2000,-1.5,"0.75(log(n))^2",0.68
546,1000,2,"T_Copula_Sine",2000,-1.5,"0.75(log(n))^2",0.76
547,1000,2,"T_Copula_Sine",2000,-1.5,"0.75(log(n))^2",0.51
548,1000,2,"T_Copula_Sine",2000,-1.5,"0.75(log(n))^2",0.31
549,1000,2,"T_Copula_Sine",2000,-1.5,"0.75(log(n))^2",0.39
550,1000,2,"T_Copula_Sine",2000,-1.5,"0.75(log(n))^2",0.75
551,1000,2,"T_Copula_Sine",2000,-1.5,"0.75(log(n))^2",0.99
552,1000,2,"T_Copula_Sine",2000,-1.5,"0.75(log(n))^2",0.36
553,1000,2,"T_Copula_Sine",2000,-1.5,"0.75(log(n))^2",0.54
554,1000,2,"T_Copula_Sine",2000,-1.5,"0.75(log(n))^2",0.34
555,1000,2,"T_Copula_Sine",2000,-1.5,"0.75(log(n))^2",0.16
556,1000,2,"T_Copula_Sine",2000,-1.5,"0.75(log(n))^2",0.88
557,1000,2,"T_Copula_Sine",2000,-1.5,"0.75(log(n))^2",0.69
558,1000,2,"T_Copula_Sine",2000,-1.5,"0.75(log(n))^2",0.86
559,1000,2,"T_Copula_Sine",2000,-1.5,"0.75(log(n))^2",0.79
560,1000,2,"T_Copula_Sine",2000,-1.5,"0.75(log(n))^2",0.92
561,1000,2,"T_Copula_Sine",2000,-1.5,"0.75(log(n))^2",0.32
562,1000,2,"T_Copula_Sine",2000,-1.5,"0.75(log(n))^2",0.88
563,1000,2,"T_Copula_Sine",2000,-1.5,"0.75(log(n))^2",0.43
564,1000,2,"T_Copula_Sine",2000,-1.5,"0.75(log(n))^2",0.78
565,1000,2,"T_Copula_Sine",2000,-1.5,"0.75(log(n))^2",0.88
566,1000,2,"T_Copula_Sine",2000,-1.5,"0.75(log(n))^2",0.7
567,1000,2,"T_Copula_Sine",2000,-1.5,"0.75(log(n))^2",0.83
568,1000,2,"T_Copula_Sine",2000,-1.5,"0.75(log(n))^2",0.32
569,1000,2,"T_Copula_Sine",2000,-1.5,"0.75(log(n))^2",0.56
570,1000,2,"T_Copula_Sine",2000,-1.5,"0.75(log(n))^2",0.23
571,1000,2,"T_Copula_Sine",2000,-1.5,"0.75(log(n))^2",0.97
572,1000,2,"T_Copula_Sine",2000,-1.5,"0.75(log(n))^2",0.56
573,1000,2,"T_Copula_Sine",2000,-1.5,"0.75(log(n))^2",0.36
574,1000,2,"T_Copula_Sine",2000,-1.5,"0.75(log(n))^2",0.71
575,1000,2,"T_Copula_Sine",2000,-1.5,"0.75(log(n))^2",1
576,1000,2,"T_Copula_Sine",2000,-1.5,"0.75(log(n))^2",0.61
577,1000,2,"T_Copula_Sine",2000,-1.5,"0.75(log(n))^2",0.52
578,1000,2,"T_Copula_Sine",2000,-1.5,"0.75(log(n))^2",0.93
579,1000,2,"T_Copula_Sine",2000,-1.5,"0.75(log(n))^2",0.3
580,1000,2,"T_Copula_Sine",2000,-1.5,"0.75(log(n))^2",0.58
581,1000,2,"T_Copula_Sine",2000,-1.5,"0.75(log(n))^2",0.61
582,1000,2,"T_Copula_Sine",2000,-1.5,"0.75(log(n))^2",0.55
583,1000,2,"T_Copula_Sine",2000,-1.5,"0.75(log(n))^2",0.04
584,1000,2,"T_Copula_Sine",2000,-1.5,"0.75(log(n))^2",0.26
585,1000,2,"T_Copula_Sine",2000,-1.5,"0.75(log(n))^2",0.12
586,1000,2,"T_Copula_Sine",2000,-1.5,"0.75(log(n))^2",0.68
587,1000,2,"T_Copula_Sine",2000,-1.5,"0.75(log(n))^2",0.15
588,1000,2,"T_Copula_Sine",2000,-1.5,"0.75(log(n))^2",0.39
589,1000,2,"T_Copula_Sine",2000,-1.5,"0.75(log(n))^2",0.89
590,1000,2,"T_Copula_Sine",2000,-1.5,"0.75(log(n))^2",0.35
591,1000,2,"T_Copula_Sine",2000,-1.5,"0.75(log(n))^2",0.54
592,1000,2,"T_Copula_Sine",2000,-1.5,"0.75(log(n))^2",0.88
593,1000,2,"T_Copula_Sine",2000,-1.5,"0.75(log(n))^2",0.8
594,1000,2,"T_Copula_Sine",2000,-1.5,"0.75(log(n))^2",0.3
595,1000,2,"T_Copula_Sine",2000,-1.5,"0.75(log(n))^2",0.44
596,1000,2,"T_Copula_Sine",2000,-1.5,"0.75(log(n))^2",0.75
597,1000,2,"T_Copula_Sine",2000,-1.5,"0.75(log(n))^2",0.38
598,1000,2,"T_Copula_Sine",2000,-1.5,"0.75(log(n))^2",0.99
599,1000,2,"T_Copula_Sine",2000,-1.5,"0.75(log(n))^2",0.68
600,1000,2,"T_Copula_Sine",2000,-1.5,"0.75(log(n))^2",0.21
601,1000,2,"T_Copula_Sine",2000,-1.5,"0.75(log(n))^2",0.1
602,1000,2,"T_Copula_Sine",2000,-1.5,"0.75(log(n))^2",0.37
603,1000,2,"T_Copula_Sine",2000,-1.5,"0.75(log(n))^2",0.47
604,1000,2,"T_Copula_Sine",2000,-1.5,"0.75(log(n))^2",0.47
605,1000,2,"T_Copula_Sine",2000,-1.5,"0.75(log(n))^2",0.43
606,1000,2,"T_Copula_Sine",2000,-1.5,"0.75(log(n))^2",0.61
607,1000,2,"T_Copula_Sine",2000,-1.5,"0.75(log(n))^2",0.54
608,1000,2,"T_Copula_Sine",2000,-1.5,"0.75(log(n))^2",0.77
609,1000,2,"T_Copula_Sine",2000,-1.5,"0.75(log(n))^2",0.45
610,1000,2,"T_Copula_Sine",2000,-1.5,"0.75(log(n))^2",0.09
611,1000,2,"T_Copula_Sine",2000,-1.5,"0.75(log(n))^2",0.1
612,1000,2,"T_Copula_Sine",2000,-1.5,"0.75(log(n))^2",0.99
613,1000,2,"T_Copula_Sine",2000,-1.5,"0.75(log(n))^2",0.71
614,1000,2,"T_Copula_Sine",2000,-1.5,"0.75(log(n))^2",0.77
615,1000,2,"T_Copula_Sine",2000,-1.5,"0.75(log(n))^2",0.78
616,1000,2,"T_Copula_Sine",2000,-1.5,"0.75(log(n))^2",0.03
617,1000,2,"T_Copula_Sine",2000,-1.5,"0.75(log(n))^2",0.3
618,1000,2,"T_Copula_Sine",2000,-1.5,"0.75(log(n))^2",0.77
619,1000,2,"T_Copula_Sine",2000,-1.5,"0.75(log(n))^2",0.38
620,1000,2,"T_Copula_Sine",2000,-1.5,"0.75(log(n))^2",0.24
621,1000,2,"T_Copula_Sine",2000,-1.5,"0.75(log(n))^2",0.58
622,1000,2,"T_Copula_Sine",2000,-1.5,"0.75(log(n))^2",0.56
623,1000,2,"T_Copula_Sine",2000,-1.5,"0.75(log(n))^2",0.72
624,1000,2,"T_Copula_Sine",2000,-1.5,"0.75(log(n))^2",0.85
625,1000,2,"T_Copula_Sine",2000,-1.5,"0.75(log(n))^2",0.41
626,1000,2,"T_Copula_Sine",2000,-1.5,"0.75(log(n))^2",0.79
627,1000,2,"T_Copula_Sine",2000,-1.5,"0.75(log(n))^2",0.39
628,1000,2,"T_Copula_Sine",2000,-1.5,"0.75(log(n))^2",0.59
629,1000,2,"T_Copula_Sine",2000,-1.5,"0.75(log(n))^2",0.15
630,1000,2,"T_Copula_Sine",2000,-1.5,"0.75(log(n))^2",0.46
631,1000,2,"T_Copula_Sine",2000,-1.5,"0.75(log(n))^2",0.94
632,1000,2,"T_Copula_Sine",2000,-1.5,"0.75(log(n))^2",0.47
633,1000,2,"T_Copula_Sine",2000,-1.5,"0.75(log(n))^2",0.84
634,1000,2,"T_Copula_Sine",2000,-1.5,"0.75(log(n))^2",0.7
635,1000,2,"T_Copula_Sine",2000,-1.5,"0.75(log(n))^2",0.17
636,1000,2,"T_Copula_Sine",2000,-1.5,"0.75(log(n))^2",0.22
637,1000,2,"T_Copula_Sine",2000,-1.5,"0.75(log(n))^2",0.08
638,1000,2,"T_Copula_Sine",2000,-1.5,"0.75(log(n))^2",0.68
639,1000,2,"T_Copula_Sine",2000,-1.5,"0.75(log(n))^2",0.77
640,1000,2,"T_Copula_Sine",2000,-1.5,"0.75(log(n))^2",0.99
641,1000,2,"T_Copula_Sine",2000,-1.5,"0.75(log(n))^2",0.37
642,1000,2,"T_Copula_Sine",2000,-1.5,"0.75(log(n))^2",0.86
643,1000,2,"T_Copula_Sine",2000,-1.5,"0.75(log(n))^2",0.84
644,1000,2,"T_Copula_Sine",2000,-1.5,"0.75(log(n))^2",0.22
645,1000,2,"T_Copula_Sine",2000,-1.5,"0.75(log(n))^2",0.85
646,1000,2,"T_Copula_Sine",2000,-1.5,"0.75(log(n))^2",0.24
647,1000,2,"T_Copula_Sine",2000,-1.5,"0.75(log(n))^2",0.54
648,1000,2,"T_Copula_Sine",2000,-1.5,"0.75(log(n))^2",0.79
649,1000,2,"T_Copula_Sine",2000,-1.5,"0.75(log(n))^2",0.65
650,1000,2,"T_Copula_Sine",2000,-1.5,"0.75(log(n))^2",0.99
651,1000,2,"T_Copula_Sine",2000,-1.5,"0.75(log(n))^2",0.56
652,1000,2,"T_Copula_Sine",2000,-1.5,"0.75(log(n))^2",0.28
653,1000,2,"T_Copula_Sine",2000,-1.5,"0.75(log(n))^2",0.37
654,1000,2,"T_Copula_Sine",2000,-1.5,"0.75(log(n))^2",0.62
655,1000,2,"T_Copula_Sine",2000,-1.5,"0.75(log(n))^2",0.4
656,1000,2,"T_Copula_Sine",2000,-1.5,"0.75(log(n))^2",0.87
657,1000,2,"T_Copula_Sine",2000,-1.5,"0.75(log(n))^2",0.57
658,1000,2,"T_Copula_Sine",2000,-1.5,"0.75(log(n))^2",0.13
659,1000,2,"T_Copula_Sine",2000,-1.5,"0.75(log(n))^2",0.45
660,1000,2,"T_Copula_Sine",2000,-1.5,"0.75(log(n))^2",0.32
661,1000,2,"T_Copula_Sine",2000,-1.5,"0.75(log(n))^2",1
662,1000,2,"T_Copula_Sine",2000,-1.5,"0.75(log(n))^2",0.6
663,1000,2,"T_Copula_Sine",2000,-1.5,"0.75(log(n))^2",0.67
664,1000,2,"T_Copula_Sine",2000,-1.5,"0.75(log(n))^2",0.62
665,1000,2,"T_Copula_Sine",2000,-1.5,"0.75(log(n))^2",0.64
666,1000,2,"T_Copula_Sine",2000,-1.5,"0.75(log(n))^2",0.66
667,1000,2,"T_Copula_Sine",2000,-1.5,"0.75(log(n))^2",0.52
668,1000,2,"T_Copula_Sine",2000,-1.5,"0.75(log(n))^2",0.82
669,1000,2,"T_Copula_Sine",2000,-1.5,"0.75(log(n))^2",0.19
670,1000,2,"T_Copula_Sine",2000,-1.5,"0.75(log(n))^2",0.24
671,1000,2,"T_Copula_Sine",2000,-1.5,"0.75(log(n))^2",0.42
672,1000,2,"T_Copula_Sine",2000,-1.5,"0.75(log(n))^2",0.14
673,1000,2,"T_Copula_Sine",2000,-1.5,"0.75(log(n))^2",0.55
674,1000,2,"T_Copula_Sine",2000,-1.5,"0.75(log(n))^2",0.9
675,1000,2,"T_Copula_Sine",2000,-1.5,"0.75(log(n))^2",0.45
676,1000,2,"T_Copula_Sine",2000,-1.5,"0.75(log(n))^2",0.69
677,1000,2,"T_Copula_Sine",2000,-1.5,"0.75(log(n))^2",0.23
678,1000,2,"T_Copula_Sine",2000,-1.5,"0.75(log(n))^2",0.15
679,1000,2,"T_Copula_Sine",2000,-1.5,"0.75(log(n))^2",0.88
680,1000,2,"T_Copula_Sine",2000,-1.5,"0.75(log(n))^2",0.87
681,1000,2,"T_Copula_Sine",2000,-1.5,"0.75(log(n))^2",0.51
682,1000,2,"T_Copula_Sine",2000,-1.5,"0.75(log(n))^2",0.69
683,1000,2,"T_Copula_Sine",2000,-1.5,"0.75(log(n))^2",0.71
684,1000,2,"T_Copula_Sine",2000,-1.5,"0.75(log(n))^2",0.66
685,1000,2,"T_Copula_Sine",2000,-1.5,"0.75(log(n))^2",0.22
686,1000,2,"T_Copula_Sine",2000,-1.5,"0.75(log(n))^2",0.71
687,1000,2,"T_Copula_Sine",2000,-1.5,"0.75(log(n))^2",0.73
688,1000,2,"T_Copula_Sine",2000,-1.5,"0.75(log(n))^2",0.78
689,1000,2,"T_Copula_Sine",2000,-1.5,"0.75(log(n))^2",0.44
690,1000,2,"T_Copula_Sine",2000,-1.5,"0.75(log(n))^2",0.59
691,1000,2,"T_Copula_Sine",2000,-1.5,"0.75(log(n))^2",0.94
692,1000,2,"T_Copula_Sine",2000,-1.5,"0.75(log(n))^2",0.71
693,1000,2,"T_Copula_Sine",2000,-1.5,"0.75(log(n))^2",0.14
694,1000,2,"T_Copula_Sine",2000,-1.5,"0.75(log(n))^2",0.45
695,1000,2,"T_Copula_Sine",2000,-1.5,"0.75(log(n))^2",0.97
696,1000,2,"T_Copula_Sine",2000,-1.5,"0.75(log(n))^2",0.24
697,1000,2,"T_Copula_Sine",2000,-1.5,"0.75(log(n))^2",0.34
698,1000,2,"T_Copula_Sine",2000,-1.5,"0.75(log(n))^2",0.52
699,1000,2,"T_Copula_Sine",2000,-1.5,"0.75(log(n))^2",1
700,1000,2,"T_Copula_Sine",2000,-1.5,"0.75(log(n))^2",0.09
701,1000,2,"T_Copula_Sine",2000,-1.5,"0.75(log(n))^2",0.48
702,1000,2,"T_Copula_Sine",2000,-1.5,"0.75(log(n))^2",0.38
703,1000,2,"T_Copula_Sine",2000,-1.5,"0.75(log(n))^2",0.52
704,1000,2,"T_Copula_Sine",2000,-1.5,"0.75(log(n))^2",0.66
705,1000,2,"T_Copula_Sine",2000,-1.5,"0.75(log(n))^2",0.81
706,1000,2,"T_Copula_Sine",2000,-1.5,"0.75(log(n))^2",0.67
707,1000,2,"T_Copula_Sine",2000,-1.5,"0.75(log(n))^2",0.87
708,1000,2,"T_Copula_Sine",2000,-1.5,"0.75(log(n))^2",0.31
709,1000,2,"T_Copula_Sine",2000,-1.5,"0.75(log(n))^2",0.79
710,1000,2,"T_Copula_Sine",2000,-1.5,"0.75(log(n))^2",0.47
711,1000,2,"T_Copula_Sine",2000,-1.5,"0.75(log(n))^2",0.56
712,1000,2,"T_Copula_Sine",2000,-1.5,"0.75(log(n))^2",0.65
713,1000,2,"T_Copula_Sine",2000,-1.5,"0.75(log(n))^2",0.09
714,1000,2,"T_Copula_Sine",2000,-1.5,"0.75(log(n))^2",0.32
715,1000,2,"T_Copula_Sine",2000,-1.5,"0.75(log(n))^2",0.51
716,1000,2,"T_Copula_Sine",2000,-1.5,"0.75(log(n))^2",0.19
717,1000,2,"T_Copula_Sine",2000,-1.5,"0.75(log(n))^2",0.32
718,1000,2,"T_Copula_Sine",2000,-1.5,"0.75(log(n))^2",0.85
719,1000,2,"T_Copula_Sine",2000,-1.5,"0.75(log(n))^2",0.7
720,1000,2,"T_Copula_Sine",2000,-1.5,"0.75(log(n))^2",0.73
721,1000,2,"T_Copula_Sine",2000,-1.5,"0.75(log(n))^2",0.81
722,1000,2,"T_Copula_Sine",2000,-1.5,"0.75(log(n))^2",0.91
723,1000,2,"T_Copula_Sine",2000,-1.5,"0.75(log(n))^2",0.3
724,1000,2,"T_Copula_Sine",2000,-1.5,"0.75(log(n))^2",0.92
725,1000,2,"T_Copula_Sine",2000,-1.5,"0.75(log(n))^2",0.16
726,1000,2,"T_Copula_Sine",2000,-1.5,"0.75(log(n))^2",0.41
727,1000,2,"T_Copula_Sine",2000,-1.5,"0.75(log(n))^2",0.77
728,1000,2,"T_Copula_Sine",2000,-1.5,"0.75(log(n))^2",0.42
729,1000,2,"T_Copula_Sine",2000,-1.5,"0.75(log(n))^2",0.39
730,1000,2,"T_Copula_Sine",2000,-1.5,"0.75(log(n))^2",0.62
731,1000,2,"T_Copula_Sine",2000,-1.5,"0.75(log(n))^2",0.75
732,1000,2,"T_Copula_Sine",2000,-1.5,"0.75(log(n))^2",0.43
733,1000,2,"T_Copula_Sine",2000,-1.5,"0.75(log(n))^2",0.76
734,1000,2,"T_Copula_Sine",2000,-1.5,"0.75(log(n))^2",0.52
735,1000,2,"T_Copula_Sine",2000,-1.5,"0.75(log(n))^2",0.69
736,1000,2,"T_Copula_Sine",2000,-1.5,"0.75(log(n))^2",0.65
737,1000,2,"T_Copula_Sine",2000,-1.5,"0.75(log(n))^2",0.65
738,1000,2,"T_Copula_Sine",2000,-1.5,"0.75(log(n))^2",0.16
739,1000,2,"T_Copula_Sine",2000,-1.5,"0.75(log(n))^2",0.47
740,1000,2,"T_Copula_Sine",2000,-1.5,"0.75(log(n))^2",0.6
741,1000,2,"T_Copula_Sine",2000,-1.5,"0.75(log(n))^2",0.9
742,1000,2,"T_Copula_Sine",2000,-1.5,"0.75(log(n))^2",0.73
743,1000,2,"T_Copula_Sine",2000,-1.5,"0.75(log(n))^2",0.75
744,1000,2,"T_Copula_Sine",2000,-1.5,"0.75(log(n))^2",0.73
745,1000,2,"T_Copula_Sine",2000,-1.5,"0.75(log(n))^2",0.5
746,1000,2,"T_Copula_Sine",2000,-1.5,"0.75(log(n))^2",0.59
747,1000,2,"T_Copula_Sine",2000,-1.5,"0.75(log(n))^2",0.58
748,1000,2,"T_Copula_Sine",2000,-1.5,"0.75(log(n))^2",0.45
749,1000,2,"T_Copula_Sine",2000,-1.5,"0.75(log(n))^2",0.89
750,1000,2,"T_Copula_Sine",2000,-1.5,"0.75(log(n))^2",0.94
751,1000,2,"T_Copula_Sine",2000,-1.5,"0.75(log(n))^2",0.84
752,1000,2,"T_Copula_Sine",2000,-1.5,"0.75(log(n))^2",0.4
753,1000,2,"T_Copula_Sine",2000,-1.5,"0.75(log(n))^2",0.54
754,1000,2,"T_Copula_Sine",2000,-1.5,"0.75(log(n))^2",0.79
755,1000,2,"T_Copula_Sine",2000,-1.5,"0.75(log(n))^2",0.51
756,1000,2,"T_Copula_Sine",2000,-1.5,"0.75(log(n))^2",0.62
757,1000,2,"T_Copula_Sine",2000,-1.5,"0.75(log(n))^2",0.23
758,1000,2,"T_Copula_Sine",2000,-1.5,"0.75(log(n))^2",0.43
759,1000,2,"T_Copula_Sine",2000,-1.5,"0.75(log(n))^2",0.47
760,1000,2,"T_Copula_Sine",2000,-1.5,"0.75(log(n))^2",0.37
761,1000,2,"T_Copula_Sine",2000,-1.5,"0.75(log(n))^2",0.01
762,1000,2,"T_Copula_Sine",2000,-1.5,"0.75(log(n))^2",0.88
763,1000,2,"T_Copula_Sine",2000,-1.5,"0.75(log(n))^2",0.24
764,1000,2,"T_Copula_Sine",2000,-1.5,"0.75(log(n))^2",0.81
765,1000,2,"T_Copula_Sine",2000,-1.5,"0.75(log(n))^2",0.61
766,1000,2,"T_Copula_Sine",2000,-1.5,"0.75(log(n))^2",0.97
767,1000,2,"T_Copula_Sine",2000,-1.5,"0.75(log(n))^2",0.48
768,1000,2,"T_Copula_Sine",2000,-1.5,"0.75(log(n))^2",0.79
769,1000,2,"T_Copula_Sine",2000,-1.5,"0.75(log(n))^2",0.33
770,1000,2,"T_Copula_Sine",2000,-1.5,"0.75(log(n))^2",0.06
771,1000,2,"T_Copula_Sine",2000,-1.5,"0.75(log(n))^2",0.51
772,1000,2,"T_Copula_Sine",2000,-1.5,"0.75(log(n))^2",0.51
773,1000,2,"T_Copula_Sine",2000,-1.5,"0.75(log(n))^2",0.64
774,1000,2,"T_Copula_Sine",2000,-1.5,"0.75(log(n))^2",0.37
775,1000,2,"T_Copula_Sine",2000,-1.5,"0.75(log(n))^2",0.63
776,1000,2,"T_Copula_Sine",2000,-1.5,"0.75(log(n))^2",0.76
777,1000,2,"T_Copula_Sine",2000,-1.5,"0.75(log(n))^2",0.82
778,1000,2,"T_Copula_Sine",2000,-1.5,"0.75(log(n))^2",0.68
779,1000,2,"T_Copula_Sine",2000,-1.5,"0.75(log(n))^2",0.06
780,1000,2,"T_Copula_Sine",2000,-1.5,"0.75(log(n))^2",0.38
781,1000,2,"T_Copula_Sine",2000,-1.5,"0.75(log(n))^2",0.33
782,1000,2,"T_Copula_Sine",2000,-1.5,"0.75(log(n))^2",0.64
783,1000,2,"T_Copula_Sine",2000,-1.5,"0.75(log(n))^2",0.96
784,1000,2,"T_Copula_Sine",2000,-1.5,"0.75(log(n))^2",0.54
785,1000,2,"T_Copula_Sine",2000,-1.5,"0.75(log(n))^2",0.97
786,1000,2,"T_Copula_Sine",2000,-1.5,"0.75(log(n))^2",0.58
787,1000,2,"T_Copula_Sine",2000,-1.5,"0.75(log(n))^2",0.48
788,1000,2,"T_Copula_Sine",2000,-1.5,"0.75(log(n))^2",0.42
789,1000,2,"T_Copula_Sine",2000,-1.5,"0.75(log(n))^2",0.67
790,1000,2,"T_Copula_Sine",2000,-1.5,"0.75(log(n))^2",0.25
791,1000,2,"T_Copula_Sine",2000,-1.5,"0.75(log(n))^2",0.4
792,1000,2,"T_Copula_Sine",2000,-1.5,"0.75(log(n))^2",0.58
793,1000,2,"T_Copula_Sine",2000,-1.5,"0.75(log(n))^2",0.47
794,1000,2,"T_Copula_Sine",2000,-1.5,"0.75(log(n))^2",0.3
795,1000,2,"T_Copula_Sine",2000,-1.5,"0.75(log(n))^2",0.88
796,1000,2,"T_Copula_Sine",2000,-1.5,"0.75(log(n))^2",0.21
797,1000,2,"T_Copula_Sine",2000,-1.5,"0.75(log(n))^2",0.4
798,1000,2,"T_Copula_Sine",2000,-1.5,"0.75(log(n))^2",0.59
799,1000,2,"T_Copula_Sine",2000,-1.5,"0.75(log(n))^2",0.9
800,1000,2,"T_Copula_Sine",2000,-1.5,"0.75(log(n))^2",0.66
801,1000,2,"T_Copula_Sine",2000,-1.5,"0.75(log(n))^2",0.18
802,1000,2,"T_Copula_Sine",2000,-1.5,"0.75(log(n))^2",0.82
803,1000,2,"T_Copula_Sine",2000,-1.5,"0.75(log(n))^2",0.47
804,1000,2,"T_Copula_Sine",2000,-1.5,"0.75(log(n))^2",1
805,1000,2,"T_Copula_Sine",2000,-1.5,"0.75(log(n))^2",0.52
806,1000,2,"T_Copula_Sine",2000,-1.5,"0.75(log(n))^2",0.9
807,1000,2,"T_Copula_Sine",2000,-1.5,"0.75(log(n))^2",0
808,1000,2,"T_Copula_Sine",2000,-1.5,"0.75(log(n))^2",0.23
809,1000,2,"T_Copula_Sine",2000,-1.5,"0.75(log(n))^2",0.46
810,1000,2,"T_Copula_Sine",2000,-1.5,"0.75(log(n))^2",0.39
811,1000,2,"T_Copula_Sine",2000,-1.5,"0.75(log(n))^2",0.52
812,1000,2,"T_Copula_Sine",2000,-1.5,"0.75(log(n))^2",0.77
813,1000,2,"T_Copula_Sine",2000,-1.5,"0.75(log(n))^2",0.28
814,1000,2,"T_Copula_Sine",2000,-1.5,"0.75(log(n))^2",0.36
815,1000,2,"T_Copula_Sine",2000,-1.5,"0.75(log(n))^2",0.08
816,1000,2,"T_Copula_Sine",2000,-1.5,"0.75(log(n))^2",0.24
817,1000,2,"T_Copula_Sine",2000,-1.5,"0.75(log(n))^2",0.7
818,1000,2,"T_Copula_Sine",2000,-1.5,"0.75(log(n))^2",0.58
819,1000,2,"T_Copula_Sine",2000,-1.5,"0.75(log(n))^2",0.21
820,1000,2,"T_Copula_Sine",2000,-1.5,"0.75(log(n))^2",0.19
821,1000,2,"T_Copula_Sine",2000,-1.5,"0.75(log(n))^2",0.08
822,1000,2,"T_Copula_Sine",2000,-1.5,"0.75(log(n))^2",0.33
823,1000,2,"T_Copula_Sine",2000,-1.5,"0.75(log(n))^2",0.94
824,1000,2,"T_Copula_Sine",2000,-1.5,"0.75(log(n))^2",0.47
825,1000,2,"T_Copula_Sine",2000,-1.5,"0.75(log(n))^2",0.97
826,1000,2,"T_Copula_Sine",2000,-1.5,"0.75(log(n))^2",0.03
827,1000,2,"T_Copula_Sine",2000,-1.5,"0.75(log(n))^2",0.06
828,1000,2,"T_Copula_Sine",2000,-1.5,"0.75(log(n))^2",0.63
829,1000,2,"T_Copula_Sine",2000,-1.5,"0.75(log(n))^2",0.42
830,1000,2,"T_Copula_Sine",2000,-1.5,"0.75(log(n))^2",1
831,1000,2,"T_Copula_Sine",2000,-1.5,"0.75(log(n))^2",0.61
832,1000,2,"T_Copula_Sine",2000,-1.5,"0.75(log(n))^2",0.9
833,1000,2,"T_Copula_Sine",2000,-1.5,"0.75(log(n))^2",0.03
834,1000,2,"T_Copula_Sine",2000,-1.5,"0.75(log(n))^2",0.05
835,1000,2,"T_Copula_Sine",2000,-1.5,"0.75(log(n))^2",0.63
836,1000,2,"T_Copula_Sine",2000,-1.5,"0.75(log(n))^2",0.86
837,1000,2,"T_Copula_Sine",2000,-1.5,"0.75(log(n))^2",0.62
838,1000,2,"T_Copula_Sine",2000,-1.5,"0.75(log(n))^2",0.8
839,1000,2,"T_Copula_Sine",2000,-1.5,"0.75(log(n))^2",0.39
840,1000,2,"T_Copula_Sine",2000,-1.5,"0.75(log(n))^2",0.25
841,1000,2,"T_Copula_Sine",2000,-1.5,"0.75(log(n))^2",0.85
842,1000,2,"T_Copula_Sine",2000,-1.5,"0.75(log(n))^2",0.37
843,1000,2,"T_Copula_Sine",2000,-1.5,"0.75(log(n))^2",0.85
844,1000,2,"T_Copula_Sine",2000,-1.5,"0.75(log(n))^2",0.82
845,1000,2,"T_Copula_Sine",2000,-1.5,"0.75(log(n))^2",0.79
846,1000,2,"T_Copula_Sine",2000,-1.5,"0.75(log(n))^2",0.78
847,1000,2,"T_Copula_Sine",2000,-1.5,"0.75(log(n))^2",1
848,1000,2,"T_Copula_Sine",2000,-1.5,"0.75(log(n))^2",0.83
849,1000,2,"T_Copula_Sine",2000,-1.5,"0.75(log(n))^2",0.27
850,1000,2,"T_Copula_Sine",2000,-1.5,"0.75(log(n))^2",0.56
851,1000,2,"T_Copula_Sine",2000,-1.5,"0.75(log(n))^2",0.34
852,1000,2,"T_Copula_Sine",2000,-1.5,"0.75(log(n))^2",0.32
853,1000,2,"T_Copula_Sine",2000,-1.5,"0.75(log(n))^2",0.12
854,1000,2,"T_Copula_Sine",2000,-1.5,"0.75(log(n))^2",0.66
855,1000,2,"T_Copula_Sine",2000,-1.5,"0.75(log(n))^2",0.35
856,1000,2,"T_Copula_Sine",2000,-1.5,"0.75(log(n))^2",0.52
857,1000,2,"T_Copula_Sine",2000,-1.5,"0.75(log(n))^2",0.05
858,1000,2,"T_Copula_Sine",2000,-1.5,"0.75(log(n))^2",0.68
859,1000,2,"T_Copula_Sine",2000,-1.5,"0.75(log(n))^2",0.24
860,1000,2,"T_Copula_Sine",2000,-1.5,"0.75(log(n))^2",0.7
861,1000,2,"T_Copula_Sine",2000,-1.5,"0.75(log(n))^2",0.21
862,1000,2,"T_Copula_Sine",2000,-1.5,"0.75(log(n))^2",0.86
863,1000,2,"T_Copula_Sine",2000,-1.5,"0.75(log(n))^2",0.32
864,1000,2,"T_Copula_Sine",2000,-1.5,"0.75(log(n))^2",0.93
865,1000,2,"T_Copula_Sine",2000,-1.5,"0.75(log(n))^2",0.41
866,1000,2,"T_Copula_Sine",2000,-1.5,"0.75(log(n))^2",0.57
867,1000,2,"T_Copula_Sine",2000,-1.5,"0.75(log(n))^2",0.83
868,1000,2,"T_Copula_Sine",2000,-1.5,"0.75(log(n))^2",0.26
869,1000,2,"T_Copula_Sine",2000,-1.5,"0.75(log(n))^2",0.6
870,1000,2,"T_Copula_Sine",2000,-1.5,"0.75(log(n))^2",0.88
871,1000,2,"T_Copula_Sine",2000,-1.5,"0.75(log(n))^2",0.76
872,1000,2,"T_Copula_Sine",2000,-1.5,"0.75(log(n))^2",0.78
873,1000,2,"T_Copula_Sine",2000,-1.5,"0.75(log(n))^2",0.66
874,1000,2,"T_Copula_Sine",2000,-1.5,"0.75(log(n))^2",0.88
875,1000,2,"T_Copula_Sine",2000,-1.5,"0.75(log(n))^2",0.92
876,1000,2,"T_Copula_Sine",2000,-1.5,"0.75(log(n))^2",0.49
877,1000,2,"T_Copula_Sine",2000,-1.5,"0.75(log(n))^2",0.26
878,1000,2,"T_Copula_Sine",2000,-1.5,"0.75(log(n))^2",0.92
879,1000,2,"T_Copula_Sine",2000,-1.5,"0.75(log(n))^2",0.84
880,1000,2,"T_Copula_Sine",2000,-1.5,"0.75(log(n))^2",0.95
881,1000,2,"T_Copula_Sine",2000,-1.5,"0.75(log(n))^2",0.4
882,1000,2,"T_Copula_Sine",2000,-1.5,"0.75(log(n))^2",0.98
883,1000,2,"T_Copula_Sine",2000,-1.5,"0.75(log(n))^2",0.22
884,1000,2,"T_Copula_Sine",2000,-1.5,"0.75(log(n))^2",0.49
885,1000,2,"T_Copula_Sine",2000,-1.5,"0.75(log(n))^2",0.96
886,1000,2,"T_Copula_Sine",2000,-1.5,"0.75(log(n))^2",0.47
887,1000,2,"T_Copula_Sine",2000,-1.5,"0.75(log(n))^2",0.41
888,1000,2,"T_Copula_Sine",2000,-1.5,"0.75(log(n))^2",0.7
889,1000,2,"T_Copula_Sine",2000,-1.5,"0.75(log(n))^2",0.88
890,1000,2,"T_Copula_Sine",2000,-1.5,"0.75(log(n))^2",0.91
891,1000,2,"T_Copula_Sine",2000,-1.5,"0.75(log(n))^2",0.14
892,1000,2,"T_Copula_Sine",2000,-1.5,"0.75(log(n))^2",0.44
893,1000,2,"T_Copula_Sine",2000,-1.5,"0.75(log(n))^2",0.49
894,1000,2,"T_Copula_Sine",2000,-1.5,"0.75(log(n))^2",0.37
895,1000,2,"T_Copula_Sine",2000,-1.5,"0.75(log(n))^2",0.25
896,1000,2,"T_Copula_Sine",2000,-1.5,"0.75(log(n))^2",0.49
897,1000,2,"T_Copula_Sine",2000,-1.5,"0.75(log(n))^2",0.86
898,1000,2,"T_Copula_Sine",2000,-1.5,"0.75(log(n))^2",0.99
899,1000,2,"T_Copula_Sine",2000,-1.5,"0.75(log(n))^2",0.73
900,1000,2,"T_Copula_Sine",2000,-1.5,"0.75(log(n))^2",0.15
901,1000,2,"T_Copula_Sine",2000,-1.5,"0.75(log(n))^2",0.48
902,1000,2,"T_Copula_Sine",2000,-1.5,"0.75(log(n))^2",0
903,1000,2,"T_Copula_Sine",2000,-1.5,"0.75(log(n))^2",0.88
904,1000,2,"T_Copula_Sine",2000,-1.5,"0.75(log(n))^2",0.15
905,1000,2,"T_Copula_Sine",2000,-1.5,"0.75(log(n))^2",0.22
906,1000,2,"T_Copula_Sine",2000,-1.5,"0.75(log(n))^2",0.88
907,1000,2,"T_Copula_Sine",2000,-1.5,"0.75(log(n))^2",0.55
908,1000,2,"T_Copula_Sine",2000,-1.5,"0.75(log(n))^2",0.46
909,1000,2,"T_Copula_Sine",2000,-1.5,"0.75(log(n))^2",0.57
910,1000,2,"T_Copula_Sine",2000,-1.5,"0.75(log(n))^2",0.24
911,1000,2,"T_Copula_Sine",2000,-1.5,"0.75(log(n))^2",0.43
912,1000,2,"T_Copula_Sine",2000,-1.5,"0.75(log(n))^2",0.64
913,1000,2,"T_Copula_Sine",2000,-1.5,"0.75(log(n))^2",0.53
914,1000,2,"T_Copula_Sine",2000,-1.5,"0.75(log(n))^2",0.66
915,1000,2,"T_Copula_Sine",2000,-1.5,"0.75(log(n))^2",0.64
916,1000,2,"T_Copula_Sine",2000,-1.5,"0.75(log(n))^2",0.57
917,1000,2,"T_Copula_Sine",2000,-1.5,"0.75(log(n))^2",0.64
918,1000,2,"T_Copula_Sine",2000,-1.5,"0.75(log(n))^2",0.69
919,1000,2,"T_Copula_Sine",2000,-1.5,"0.75(log(n))^2",0.62
920,1000,2,"T_Copula_Sine",2000,-1.5,"0.75(log(n))^2",0.55
921,1000,2,"T_Copula_Sine",2000,-1.5,"0.75(log(n))^2",0.96
922,1000,2,"T_Copula_Sine",2000,-1.5,"0.75(log(n))^2",0.35
923,1000,2,"T_Copula_Sine",2000,-1.5,"0.75(log(n))^2",0.58
924,1000,2,"T_Copula_Sine",2000,-1.5,"0.75(log(n))^2",0.48
925,1000,2,"T_Copula_Sine",2000,-1.5,"0.75(log(n))^2",0.77
926,1000,2,"T_Copula_Sine",2000,-1.5,"0.75(log(n))^2",0.46
927,1000,2,"T_Copula_Sine",2000,-1.5,"0.75(log(n))^2",0.56
928,1000,2,"T_Copula_Sine",2000,-1.5,"0.75(log(n))^2",0.31
929,1000,2,"T_Copula_Sine",2000,-1.5,"0.75(log(n))^2",0.91
930,1000,2,"T_Copula_Sine",2000,-1.5,"0.75(log(n))^2",0.44
931,1000,2,"T_Copula_Sine",2000,-1.5,"0.75(log(n))^2",0.94
932,1000,2,"T_Copula_Sine",2000,-1.5,"0.75(log(n))^2",0.23
933,1000,2,"T_Copula_Sine",2000,-1.5,"0.75(log(n))^2",0.46
934,1000,2,"T_Copula_Sine",2000,-1.5,"0.75(log(n))^2",0.99
935,1000,2,"T_Copula_Sine",2000,-1.5,"0.75(log(n))^2",0.98
936,1000,2,"T_Copula_Sine",2000,-1.5,"0.75(log(n))^2",0.53
937,1000,2,"T_Copula_Sine",2000,-1.5,"0.75(log(n))^2",0.71
938,1000,2,"T_Copula_Sine",2000,-1.5,"0.75(log(n))^2",0.51
939,1000,2,"T_Copula_Sine",2000,-1.5,"0.75(log(n))^2",0.96
940,1000,2,"T_Copula_Sine",2000,-1.5,"0.75(log(n))^2",0.37
941,1000,2,"T_Copula_Sine",2000,-1.5,"0.75(log(n))^2",0.66
942,1000,2,"T_Copula_Sine",2000,-1.5,"0.75(log(n))^2",0.65
943,1000,2,"T_Copula_Sine",2000,-1.5,"0.75(log(n))^2",0.42
944,1000,2,"T_Copula_Sine",2000,-1.5,"0.75(log(n))^2",0.96
945,1000,2,"T_Copula_Sine",2000,-1.5,"0.75(log(n))^2",0.05
946,1000,2,"T_Copula_Sine",2000,-1.5,"0.75(log(n))^2",0.28
947,1000,2,"T_Copula_Sine",2000,-1.5,"0.75(log(n))^2",0.99
948,1000,2,"T_Copula_Sine",2000,-1.5,"0.75(log(n))^2",0.55
949,1000,2,"T_Copula_Sine",2000,-1.5,"0.75(log(n))^2",0.67
950,1000,2,"T_Copula_Sine",2000,-1.5,"0.75(log(n))^2",0.79
951,1000,2,"T_Copula_Sine",2000,-1.5,"0.75(log(n))^2",0.5
952,1000,2,"T_Copula_Sine",2000,-1.5,"0.75(log(n))^2",0.09
953,1000,2,"T_Copula_Sine",2000,-1.5,"0.75(log(n))^2",0.6
954,1000,2,"T_Copula_Sine",2000,-1.5,"0.75(log(n))^2",0.55
955,1000,2,"T_Copula_Sine",2000,-1.5,"0.75(log(n))^2",0.23
956,1000,2,"T_Copula_Sine",2000,-1.5,"0.75(log(n))^2",0.35
957,1000,2,"T_Copula_Sine",2000,-1.5,"0.75(log(n))^2",0.81
958,1000,2,"T_Copula_Sine",2000,-1.5,"0.75(log(n))^2",0.68
959,1000,2,"T_Copula_Sine",2000,-1.5,"0.75(log(n))^2",0.37
960,1000,2,"T_Copula_Sine",2000,-1.5,"0.75(log(n))^2",0.64
961,1000,2,"T_Copula_Sine",2000,-1.5,"0.75(log(n))^2",0.93
962,1000,2,"T_Copula_Sine",2000,-1.5,"0.75(log(n))^2",0.32
963,1000,2,"T_Copula_Sine",2000,-1.5,"0.75(log(n))^2",0.54
964,1000,2,"T_Copula_Sine",2000,-1.5,"0.75(log(n))^2",0.98
965,1000,2,"T_Copula_Sine",2000,-1.5,"0.75(log(n))^2",0.35
966,1000,2,"T_Copula_Sine",2000,-1.5,"0.75(log(n))^2",0.9
967,1000,2,"T_Copula_Sine",2000,-1.5,"0.75(log(n))^2",0.64
968,1000,2,"T_Copula_Sine",2000,-1.5,"0.75(log(n))^2",0.35
969,1000,2,"T_Copula_Sine",2000,-1.5,"0.75(log(n))^2",0.5
970,1000,2,"T_Copula_Sine",2000,-1.5,"0.75(log(n))^2",0.8
971,1000,2,"T_Copula_Sine",2000,-1.5,"0.75(log(n))^2",0.48
972,1000,2,"T_Copula_Sine",2000,-1.5,"0.75(log(n))^2",0.49
973,1000,2,"T_Copula_Sine",2000,-1.5,"0.75(log(n))^2",0.09
974,1000,2,"T_Copula_Sine",2000,-1.5,"0.75(log(n))^2",0.65
975,1000,2,"T_Copula_Sine",2000,-1.5,"0.75(log(n))^2",0.91
976,1000,2,"T_Copula_Sine",2000,-1.5,"0.75(log(n))^2",0.56
977,1000,2,"T_Copula_Sine",2000,-1.5,"0.75(log(n))^2",0.7
978,1000,2,"T_Copula_Sine",2000,-1.5,"0.75(log(n))^2",0.84
979,1000,2,"T_Copula_Sine",2000,-1.5,"0.75(log(n))^2",0.64
980,1000,2,"T_Copula_Sine",2000,-1.5,"0.75(log(n))^2",0.58
981,1000,2,"T_Copula_Sine",2000,-1.5,"0.75(log(n))^2",0.87
982,1000,2,"T_Copula_Sine",2000,-1.5,"0.75(log(n))^2",0.46
983,1000,2,"T_Copula_Sine",2000,-1.5,"0.75(log(n))^2",0.37
984,1000,2,"T_Copula_Sine",2000,-1.5,"0.75(log(n))^2",0.84
985,1000,2,"T_Copula_Sine",2000,-1.5,"0.75(log(n))^2",0.31
986,1000,2,"T_Copula_Sine",2000,-1.5,"0.75(log(n))^2",0.87
987,1000,2,"T_Copula_Sine",2000,-1.5,"0.75(log(n))^2",0.44
988,1000,2,"T_Copula_Sine",2000,-1.5,"0.75(log(n))^2",0.97
989,1000,2,"T_Copula_Sine",2000,-1.5,"0.75(log(n))^2",0.08
990,1000,2,"T_Copula_Sine",2000,-1.5,"0.75(log(n))^2",0.93
991,1000,2,"T_Copula_Sine",2000,-1.5,"0.75(log(n))^2",0.35
992,1000,2,"T_Copula_Sine",2000,-1.5,"0.75(log(n))^2",0.35
993,1000,2,"T_Copula_Sine",2000,-1.5,"0.75(log(n))^2",0.26
994,1000,2,"T_Copula_Sine",2000,-1.5,"0.75(log(n))^2",0.02
995,1000,2,"T_Copula_Sine",2000,-1.5,"0.75(log(n))^2",0.41
996,1000,2,"T_Copula_Sine",2000,-1.5,"0.75(log(n))^2",0.45
997,1000,2,"T_Copula_Sine",2000,-1.5,"0.75(log(n))^2",0.85
998,1000,2,"T_Copula_Sine",2000,-1.5,"0.75(log(n))^2",0.43
999,1000,2,"T_Copula_Sine",2000,-1.5,"0.75(log(n))^2",0.31
1000,1000,2,"T_Copula_Sine",2000,-1.5,"0.75(log(n))^2",0.26
1,1000,2,"T_Copula_Sine",2000,-1.5,"0.5(log(n))^2",0.1
2,1000,2,"T_Copula_Sine",2000,-1.5,"0.5(log(n))^2",0.61
3,1000,2,"T_Copula_Sine",2000,-1.5,"0.5(log(n))^2",0.78
4,1000,2,"T_Copula_Sine",2000,-1.5,"0.5(log(n))^2",0.07
5,1000,2,"T_Copula_Sine",2000,-1.5,"0.5(log(n))^2",0.76
6,1000,2,"T_Copula_Sine",2000,-1.5,"0.5(log(n))^2",0.83
7,1000,2,"T_Copula_Sine",2000,-1.5,"0.5(log(n))^2",0.19
8,1000,2,"T_Copula_Sine",2000,-1.5,"0.5(log(n))^2",0.59
9,1000,2,"T_Copula_Sine",2000,-1.5,"0.5(log(n))^2",0.98
10,1000,2,"T_Copula_Sine",2000,-1.5,"0.5(log(n))^2",0.18
11,1000,2,"T_Copula_Sine",2000,-1.5,"0.5(log(n))^2",0.48
12,1000,2,"T_Copula_Sine",2000,-1.5,"0.5(log(n))^2",0.54
13,1000,2,"T_Copula_Sine",2000,-1.5,"0.5(log(n))^2",0.74
14,1000,2,"T_Copula_Sine",2000,-1.5,"0.5(log(n))^2",0.15
15,1000,2,"T_Copula_Sine",2000,-1.5,"0.5(log(n))^2",0.3
16,1000,2,"T_Copula_Sine",2000,-1.5,"0.5(log(n))^2",0.99
17,1000,2,"T_Copula_Sine",2000,-1.5,"0.5(log(n))^2",0.67
18,1000,2,"T_Copula_Sine",2000,-1.5,"0.5(log(n))^2",0.09
19,1000,2,"T_Copula_Sine",2000,-1.5,"0.5(log(n))^2",0.89
20,1000,2,"T_Copula_Sine",2000,-1.5,"0.5(log(n))^2",0.68
21,1000,2,"T_Copula_Sine",2000,-1.5,"0.5(log(n))^2",0.97
22,1000,2,"T_Copula_Sine",2000,-1.5,"0.5(log(n))^2",0.81
23,1000,2,"T_Copula_Sine",2000,-1.5,"0.5(log(n))^2",0.88
24,1000,2,"T_Copula_Sine",2000,-1.5,"0.5(log(n))^2",0.73
25,1000,2,"T_Copula_Sine",2000,-1.5,"0.5(log(n))^2",0.28
26,1000,2,"T_Copula_Sine",2000,-1.5,"0.5(log(n))^2",0.17
27,1000,2,"T_Copula_Sine",2000,-1.5,"0.5(log(n))^2",0.72
28,1000,2,"T_Copula_Sine",2000,-1.5,"0.5(log(n))^2",0.85
29,1000,2,"T_Copula_Sine",2000,-1.5,"0.5(log(n))^2",0.86
30,1000,2,"T_Copula_Sine",2000,-1.5,"0.5(log(n))^2",0.93
31,1000,2,"T_Copula_Sine",2000,-1.5,"0.5(log(n))^2",0.69
32,1000,2,"T_Copula_Sine",2000,-1.5,"0.5(log(n))^2",0.4
33,1000,2,"T_Copula_Sine",2000,-1.5,"0.5(log(n))^2",0.91
34,1000,2,"T_Copula_Sine",2000,-1.5,"0.5(log(n))^2",0.74
35,1000,2,"T_Copula_Sine",2000,-1.5,"0.5(log(n))^2",0.84
36,1000,2,"T_Copula_Sine",2000,-1.5,"0.5(log(n))^2",0.94
37,1000,2,"T_Copula_Sine",2000,-1.5,"0.5(log(n))^2",0.62
38,1000,2,"T_Copula_Sine",2000,-1.5,"0.5(log(n))^2",0.46
39,1000,2,"T_Copula_Sine",2000,-1.5,"0.5(log(n))^2",0.66
40,1000,2,"T_Copula_Sine",2000,-1.5,"0.5(log(n))^2",0.44
41,1000,2,"T_Copula_Sine",2000,-1.5,"0.5(log(n))^2",0.36
42,1000,2,"T_Copula_Sine",2000,-1.5,"0.5(log(n))^2",0.71
43,1000,2,"T_Copula_Sine",2000,-1.5,"0.5(log(n))^2",0.08
44,1000,2,"T_Copula_Sine",2000,-1.5,"0.5(log(n))^2",0.45
45,1000,2,"T_Copula_Sine",2000,-1.5,"0.5(log(n))^2",0.47
46,1000,2,"T_Copula_Sine",2000,-1.5,"0.5(log(n))^2",0.76
47,1000,2,"T_Copula_Sine",2000,-1.5,"0.5(log(n))^2",0.59
48,1000,2,"T_Copula_Sine",2000,-1.5,"0.5(log(n))^2",0.22
49,1000,2,"T_Copula_Sine",2000,-1.5,"0.5(log(n))^2",0.54
50,1000,2,"T_Copula_Sine",2000,-1.5,"0.5(log(n))^2",0.57
51,1000,2,"T_Copula_Sine",2000,-1.5,"0.5(log(n))^2",0.75
52,1000,2,"T_Copula_Sine",2000,-1.5,"0.5(log(n))^2",0.25
53,1000,2,"T_Copula_Sine",2000,-1.5,"0.5(log(n))^2",0.66
54,1000,2,"T_Copula_Sine",2000,-1.5,"0.5(log(n))^2",0.49
55,1000,2,"T_Copula_Sine",2000,-1.5,"0.5(log(n))^2",0.28
56,1000,2,"T_Copula_Sine",2000,-1.5,"0.5(log(n))^2",0.83
57,1000,2,"T_Copula_Sine",2000,-1.5,"0.5(log(n))^2",0.07
58,1000,2,"T_Copula_Sine",2000,-1.5,"0.5(log(n))^2",0.03
59,1000,2,"T_Copula_Sine",2000,-1.5,"0.5(log(n))^2",0.18
60,1000,2,"T_Copula_Sine",2000,-1.5,"0.5(log(n))^2",0.27
61,1000,2,"T_Copula_Sine",2000,-1.5,"0.5(log(n))^2",0.78
62,1000,2,"T_Copula_Sine",2000,-1.5,"0.5(log(n))^2",0.04
63,1000,2,"T_Copula_Sine",2000,-1.5,"0.5(log(n))^2",0.46
64,1000,2,"T_Copula_Sine",2000,-1.5,"0.5(log(n))^2",0.82
65,1000,2,"T_Copula_Sine",2000,-1.5,"0.5(log(n))^2",0.28
66,1000,2,"T_Copula_Sine",2000,-1.5,"0.5(log(n))^2",0.72
67,1000,2,"T_Copula_Sine",2000,-1.5,"0.5(log(n))^2",0.07
68,1000,2,"T_Copula_Sine",2000,-1.5,"0.5(log(n))^2",0.6
69,1000,2,"T_Copula_Sine",2000,-1.5,"0.5(log(n))^2",0.41
70,1000,2,"T_Copula_Sine",2000,-1.5,"0.5(log(n))^2",0.63
71,1000,2,"T_Copula_Sine",2000,-1.5,"0.5(log(n))^2",0.23
72,1000,2,"T_Copula_Sine",2000,-1.5,"0.5(log(n))^2",0.55
73,1000,2,"T_Copula_Sine",2000,-1.5,"0.5(log(n))^2",0.92
74,1000,2,"T_Copula_Sine",2000,-1.5,"0.5(log(n))^2",0.26
75,1000,2,"T_Copula_Sine",2000,-1.5,"0.5(log(n))^2",0.79
76,1000,2,"T_Copula_Sine",2000,-1.5,"0.5(log(n))^2",0.37
77,1000,2,"T_Copula_Sine",2000,-1.5,"0.5(log(n))^2",0.49
78,1000,2,"T_Copula_Sine",2000,-1.5,"0.5(log(n))^2",0.57
79,1000,2,"T_Copula_Sine",2000,-1.5,"0.5(log(n))^2",0.53
80,1000,2,"T_Copula_Sine",2000,-1.5,"0.5(log(n))^2",0.79
81,1000,2,"T_Copula_Sine",2000,-1.5,"0.5(log(n))^2",0.17
82,1000,2,"T_Copula_Sine",2000,-1.5,"0.5(log(n))^2",0.73
83,1000,2,"T_Copula_Sine",2000,-1.5,"0.5(log(n))^2",0.9
84,1000,2,"T_Copula_Sine",2000,-1.5,"0.5(log(n))^2",0.02
85,1000,2,"T_Copula_Sine",2000,-1.5,"0.5(log(n))^2",0
86,1000,2,"T_Copula_Sine",2000,-1.5,"0.5(log(n))^2",0.59
87,1000,2,"T_Copula_Sine",2000,-1.5,"0.5(log(n))^2",0.91
88,1000,2,"T_Copula_Sine",2000,-1.5,"0.5(log(n))^2",0.43
89,1000,2,"T_Copula_Sine",2000,-1.5,"0.5(log(n))^2",0.36
90,1000,2,"T_Copula_Sine",2000,-1.5,"0.5(log(n))^2",0.1
91,1000,2,"T_Copula_Sine",2000,-1.5,"0.5(log(n))^2",0.17
92,1000,2,"T_Copula_Sine",2000,-1.5,"0.5(log(n))^2",0.87
93,1000,2,"T_Copula_Sine",2000,-1.5,"0.5(log(n))^2",0.89
94,1000,2,"T_Copula_Sine",2000,-1.5,"0.5(log(n))^2",0.56
95,1000,2,"T_Copula_Sine",2000,-1.5,"0.5(log(n))^2",0.7
96,1000,2,"T_Copula_Sine",2000,-1.5,"0.5(log(n))^2",0.7
97,1000,2,"T_Copula_Sine",2000,-1.5,"0.5(log(n))^2",0.95
98,1000,2,"T_Copula_Sine",2000,-1.5,"0.5(log(n))^2",0.88
99,1000,2,"T_Copula_Sine",2000,-1.5,"0.5(log(n))^2",0.42
100,1000,2,"T_Copula_Sine",2000,-1.5,"0.5(log(n))^2",0.5
101,1000,2,"T_Copula_Sine",2000,-1.5,"0.5(log(n))^2",0.65
102,1000,2,"T_Copula_Sine",2000,-1.5,"0.5(log(n))^2",0.63
103,1000,2,"T_Copula_Sine",2000,-1.5,"0.5(log(n))^2",0.69
104,1000,2,"T_Copula_Sine",2000,-1.5,"0.5(log(n))^2",0.9
105,1000,2,"T_Copula_Sine",2000,-1.5,"0.5(log(n))^2",0.78
106,1000,2,"T_Copula_Sine",2000,-1.5,"0.5(log(n))^2",0.2
107,1000,2,"T_Copula_Sine",2000,-1.5,"0.5(log(n))^2",0.44
108,1000,2,"T_Copula_Sine",2000,-1.5,"0.5(log(n))^2",0.81
109,1000,2,"T_Copula_Sine",2000,-1.5,"0.5(log(n))^2",0.61
110,1000,2,"T_Copula_Sine",2000,-1.5,"0.5(log(n))^2",0.96
111,1000,2,"T_Copula_Sine",2000,-1.5,"0.5(log(n))^2",0.71
112,1000,2,"T_Copula_Sine",2000,-1.5,"0.5(log(n))^2",0.98
113,1000,2,"T_Copula_Sine",2000,-1.5,"0.5(log(n))^2",0.18
114,1000,2,"T_Copula_Sine",2000,-1.5,"0.5(log(n))^2",0.84
115,1000,2,"T_Copula_Sine",2000,-1.5,"0.5(log(n))^2",0.44
116,1000,2,"T_Copula_Sine",2000,-1.5,"0.5(log(n))^2",0.54
117,1000,2,"T_Copula_Sine",2000,-1.5,"0.5(log(n))^2",0.95
118,1000,2,"T_Copula_Sine",2000,-1.5,"0.5(log(n))^2",0.63
119,1000,2,"T_Copula_Sine",2000,-1.5,"0.5(log(n))^2",0.73
120,1000,2,"T_Copula_Sine",2000,-1.5,"0.5(log(n))^2",0.7
121,1000,2,"T_Copula_Sine",2000,-1.5,"0.5(log(n))^2",0.92
122,1000,2,"T_Copula_Sine",2000,-1.5,"0.5(log(n))^2",0.4
123,1000,2,"T_Copula_Sine",2000,-1.5,"0.5(log(n))^2",0.17
124,1000,2,"T_Copula_Sine",2000,-1.5,"0.5(log(n))^2",0.94
125,1000,2,"T_Copula_Sine",2000,-1.5,"0.5(log(n))^2",0.45
126,1000,2,"T_Copula_Sine",2000,-1.5,"0.5(log(n))^2",1
127,1000,2,"T_Copula_Sine",2000,-1.5,"0.5(log(n))^2",0.06
128,1000,2,"T_Copula_Sine",2000,-1.5,"0.5(log(n))^2",0.88
129,1000,2,"T_Copula_Sine",2000,-1.5,"0.5(log(n))^2",0.86
130,1000,2,"T_Copula_Sine",2000,-1.5,"0.5(log(n))^2",0.85
131,1000,2,"T_Copula_Sine",2000,-1.5,"0.5(log(n))^2",0.89
132,1000,2,"T_Copula_Sine",2000,-1.5,"0.5(log(n))^2",0.38
133,1000,2,"T_Copula_Sine",2000,-1.5,"0.5(log(n))^2",0.26
134,1000,2,"T_Copula_Sine",2000,-1.5,"0.5(log(n))^2",0.67
135,1000,2,"T_Copula_Sine",2000,-1.5,"0.5(log(n))^2",0.7
136,1000,2,"T_Copula_Sine",2000,-1.5,"0.5(log(n))^2",0.53
137,1000,2,"T_Copula_Sine",2000,-1.5,"0.5(log(n))^2",0.93
138,1000,2,"T_Copula_Sine",2000,-1.5,"0.5(log(n))^2",0.64
139,1000,2,"T_Copula_Sine",2000,-1.5,"0.5(log(n))^2",0.47
140,1000,2,"T_Copula_Sine",2000,-1.5,"0.5(log(n))^2",0.9
141,1000,2,"T_Copula_Sine",2000,-1.5,"0.5(log(n))^2",0.16
142,1000,2,"T_Copula_Sine",2000,-1.5,"0.5(log(n))^2",0.36
143,1000,2,"T_Copula_Sine",2000,-1.5,"0.5(log(n))^2",0.64
144,1000,2,"T_Copula_Sine",2000,-1.5,"0.5(log(n))^2",0.7
145,1000,2,"T_Copula_Sine",2000,-1.5,"0.5(log(n))^2",0.82
146,1000,2,"T_Copula_Sine",2000,-1.5,"0.5(log(n))^2",0.36
147,1000,2,"T_Copula_Sine",2000,-1.5,"0.5(log(n))^2",0.08
148,1000,2,"T_Copula_Sine",2000,-1.5,"0.5(log(n))^2",0.39
149,1000,2,"T_Copula_Sine",2000,-1.5,"0.5(log(n))^2",0.88
150,1000,2,"T_Copula_Sine",2000,-1.5,"0.5(log(n))^2",0.84
151,1000,2,"T_Copula_Sine",2000,-1.5,"0.5(log(n))^2",0.24
152,1000,2,"T_Copula_Sine",2000,-1.5,"0.5(log(n))^2",0.15
153,1000,2,"T_Copula_Sine",2000,-1.5,"0.5(log(n))^2",0.54
154,1000,2,"T_Copula_Sine",2000,-1.5,"0.5(log(n))^2",0.59
155,1000,2,"T_Copula_Sine",2000,-1.5,"0.5(log(n))^2",0.04
156,1000,2,"T_Copula_Sine",2000,-1.5,"0.5(log(n))^2",0.37
157,1000,2,"T_Copula_Sine",2000,-1.5,"0.5(log(n))^2",0.11
158,1000,2,"T_Copula_Sine",2000,-1.5,"0.5(log(n))^2",0.18
159,1000,2,"T_Copula_Sine",2000,-1.5,"0.5(log(n))^2",0.45
160,1000,2,"T_Copula_Sine",2000,-1.5,"0.5(log(n))^2",0.58
161,1000,2,"T_Copula_Sine",2000,-1.5,"0.5(log(n))^2",0.56
162,1000,2,"T_Copula_Sine",2000,-1.5,"0.5(log(n))^2",0.34
163,1000,2,"T_Copula_Sine",2000,-1.5,"0.5(log(n))^2",0.53
164,1000,2,"T_Copula_Sine",2000,-1.5,"0.5(log(n))^2",0.65
165,1000,2,"T_Copula_Sine",2000,-1.5,"0.5(log(n))^2",0.49
166,1000,2,"T_Copula_Sine",2000,-1.5,"0.5(log(n))^2",0.64
167,1000,2,"T_Copula_Sine",2000,-1.5,"0.5(log(n))^2",0.75
168,1000,2,"T_Copula_Sine",2000,-1.5,"0.5(log(n))^2",0.96
169,1000,2,"T_Copula_Sine",2000,-1.5,"0.5(log(n))^2",0.18
170,1000,2,"T_Copula_Sine",2000,-1.5,"0.5(log(n))^2",0.52
171,1000,2,"T_Copula_Sine",2000,-1.5,"0.5(log(n))^2",0.91
172,1000,2,"T_Copula_Sine",2000,-1.5,"0.5(log(n))^2",0.96
173,1000,2,"T_Copula_Sine",2000,-1.5,"0.5(log(n))^2",0.31
174,1000,2,"T_Copula_Sine",2000,-1.5,"0.5(log(n))^2",0.91
175,1000,2,"T_Copula_Sine",2000,-1.5,"0.5(log(n))^2",0.93
176,1000,2,"T_Copula_Sine",2000,-1.5,"0.5(log(n))^2",0.46
177,1000,2,"T_Copula_Sine",2000,-1.5,"0.5(log(n))^2",0.85
178,1000,2,"T_Copula_Sine",2000,-1.5,"0.5(log(n))^2",0.2
179,1000,2,"T_Copula_Sine",2000,-1.5,"0.5(log(n))^2",0.76
180,1000,2,"T_Copula_Sine",2000,-1.5,"0.5(log(n))^2",0.81
181,1000,2,"T_Copula_Sine",2000,-1.5,"0.5(log(n))^2",0.72
182,1000,2,"T_Copula_Sine",2000,-1.5,"0.5(log(n))^2",0.72
183,1000,2,"T_Copula_Sine",2000,-1.5,"0.5(log(n))^2",0.74
184,1000,2,"T_Copula_Sine",2000,-1.5,"0.5(log(n))^2",0.92
185,1000,2,"T_Copula_Sine",2000,-1.5,"0.5(log(n))^2",0.54
186,1000,2,"T_Copula_Sine",2000,-1.5,"0.5(log(n))^2",0.47
187,1000,2,"T_Copula_Sine",2000,-1.5,"0.5(log(n))^2",0.22
188,1000,2,"T_Copula_Sine",2000,-1.5,"0.5(log(n))^2",0.74
189,1000,2,"T_Copula_Sine",2000,-1.5,"0.5(log(n))^2",0.55
190,1000,2,"T_Copula_Sine",2000,-1.5,"0.5(log(n))^2",0.46
191,1000,2,"T_Copula_Sine",2000,-1.5,"0.5(log(n))^2",0.09
192,1000,2,"T_Copula_Sine",2000,-1.5,"0.5(log(n))^2",0.97
193,1000,2,"T_Copula_Sine",2000,-1.5,"0.5(log(n))^2",0.62
194,1000,2,"T_Copula_Sine",2000,-1.5,"0.5(log(n))^2",0.19
195,1000,2,"T_Copula_Sine",2000,-1.5,"0.5(log(n))^2",0.36
196,1000,2,"T_Copula_Sine",2000,-1.5,"0.5(log(n))^2",0.42
197,1000,2,"T_Copula_Sine",2000,-1.5,"0.5(log(n))^2",0.72
198,1000,2,"T_Copula_Sine",2000,-1.5,"0.5(log(n))^2",0.49
199,1000,2,"T_Copula_Sine",2000,-1.5,"0.5(log(n))^2",0.43
200,1000,2,"T_Copula_Sine",2000,-1.5,"0.5(log(n))^2",0.48
201,1000,2,"T_Copula_Sine",2000,-1.5,"0.5(log(n))^2",0.5
202,1000,2,"T_Copula_Sine",2000,-1.5,"0.5(log(n))^2",0.96
203,1000,2,"T_Copula_Sine",2000,-1.5,"0.5(log(n))^2",0.13
204,1000,2,"T_Copula_Sine",2000,-1.5,"0.5(log(n))^2",0.75
205,1000,2,"T_Copula_Sine",2000,-1.5,"0.5(log(n))^2",0.81
206,1000,2,"T_Copula_Sine",2000,-1.5,"0.5(log(n))^2",0.89
207,1000,2,"T_Copula_Sine",2000,-1.5,"0.5(log(n))^2",0.9
208,1000,2,"T_Copula_Sine",2000,-1.5,"0.5(log(n))^2",0.52
209,1000,2,"T_Copula_Sine",2000,-1.5,"0.5(log(n))^2",0.5
210,1000,2,"T_Copula_Sine",2000,-1.5,"0.5(log(n))^2",0.2
211,1000,2,"T_Copula_Sine",2000,-1.5,"0.5(log(n))^2",0.95
212,1000,2,"T_Copula_Sine",2000,-1.5,"0.5(log(n))^2",0.75
213,1000,2,"T_Copula_Sine",2000,-1.5,"0.5(log(n))^2",0.33
214,1000,2,"T_Copula_Sine",2000,-1.5,"0.5(log(n))^2",0.22
215,1000,2,"T_Copula_Sine",2000,-1.5,"0.5(log(n))^2",0.24
216,1000,2,"T_Copula_Sine",2000,-1.5,"0.5(log(n))^2",0.49
217,1000,2,"T_Copula_Sine",2000,-1.5,"0.5(log(n))^2",0.52
218,1000,2,"T_Copula_Sine",2000,-1.5,"0.5(log(n))^2",0.2
219,1000,2,"T_Copula_Sine",2000,-1.5,"0.5(log(n))^2",0.68
220,1000,2,"T_Copula_Sine",2000,-1.5,"0.5(log(n))^2",0.08
221,1000,2,"T_Copula_Sine",2000,-1.5,"0.5(log(n))^2",0.19
222,1000,2,"T_Copula_Sine",2000,-1.5,"0.5(log(n))^2",0.4
223,1000,2,"T_Copula_Sine",2000,-1.5,"0.5(log(n))^2",0.77
224,1000,2,"T_Copula_Sine",2000,-1.5,"0.5(log(n))^2",0.63
225,1000,2,"T_Copula_Sine",2000,-1.5,"0.5(log(n))^2",0.73
226,1000,2,"T_Copula_Sine",2000,-1.5,"0.5(log(n))^2",0.66
227,1000,2,"T_Copula_Sine",2000,-1.5,"0.5(log(n))^2",0.06
228,1000,2,"T_Copula_Sine",2000,-1.5,"0.5(log(n))^2",0.39
229,1000,2,"T_Copula_Sine",2000,-1.5,"0.5(log(n))^2",0.06
230,1000,2,"T_Copula_Sine",2000,-1.5,"0.5(log(n))^2",0.67
231,1000,2,"T_Copula_Sine",2000,-1.5,"0.5(log(n))^2",0.59
232,1000,2,"T_Copula_Sine",2000,-1.5,"0.5(log(n))^2",0.35
233,1000,2,"T_Copula_Sine",2000,-1.5,"0.5(log(n))^2",0.87
234,1000,2,"T_Copula_Sine",2000,-1.5,"0.5(log(n))^2",0.81
235,1000,2,"T_Copula_Sine",2000,-1.5,"0.5(log(n))^2",0.68
236,1000,2,"T_Copula_Sine",2000,-1.5,"0.5(log(n))^2",0.57
237,1000,2,"T_Copula_Sine",2000,-1.5,"0.5(log(n))^2",0.29
238,1000,2,"T_Copula_Sine",2000,-1.5,"0.5(log(n))^2",0.77
239,1000,2,"T_Copula_Sine",2000,-1.5,"0.5(log(n))^2",0.83
240,1000,2,"T_Copula_Sine",2000,-1.5,"0.5(log(n))^2",0.29
241,1000,2,"T_Copula_Sine",2000,-1.5,"0.5(log(n))^2",0.21
242,1000,2,"T_Copula_Sine",2000,-1.5,"0.5(log(n))^2",0.68
243,1000,2,"T_Copula_Sine",2000,-1.5,"0.5(log(n))^2",0.42
244,1000,2,"T_Copula_Sine",2000,-1.5,"0.5(log(n))^2",0.63
245,1000,2,"T_Copula_Sine",2000,-1.5,"0.5(log(n))^2",0.38
246,1000,2,"T_Copula_Sine",2000,-1.5,"0.5(log(n))^2",0.92
247,1000,2,"T_Copula_Sine",2000,-1.5,"0.5(log(n))^2",0.31
248,1000,2,"T_Copula_Sine",2000,-1.5,"0.5(log(n))^2",0.84
249,1000,2,"T_Copula_Sine",2000,-1.5,"0.5(log(n))^2",0.47
250,1000,2,"T_Copula_Sine",2000,-1.5,"0.5(log(n))^2",0.22
251,1000,2,"T_Copula_Sine",2000,-1.5,"0.5(log(n))^2",0.37
252,1000,2,"T_Copula_Sine",2000,-1.5,"0.5(log(n))^2",0.65
253,1000,2,"T_Copula_Sine",2000,-1.5,"0.5(log(n))^2",0.26
254,1000,2,"T_Copula_Sine",2000,-1.5,"0.5(log(n))^2",0.19
255,1000,2,"T_Copula_Sine",2000,-1.5,"0.5(log(n))^2",0.5
256,1000,2,"T_Copula_Sine",2000,-1.5,"0.5(log(n))^2",0.09
257,1000,2,"T_Copula_Sine",2000,-1.5,"0.5(log(n))^2",0.18
258,1000,2,"T_Copula_Sine",2000,-1.5,"0.5(log(n))^2",0.85
259,1000,2,"T_Copula_Sine",2000,-1.5,"0.5(log(n))^2",0.48
260,1000,2,"T_Copula_Sine",2000,-1.5,"0.5(log(n))^2",0.93
261,1000,2,"T_Copula_Sine",2000,-1.5,"0.5(log(n))^2",0.17
262,1000,2,"T_Copula_Sine",2000,-1.5,"0.5(log(n))^2",0.36
263,1000,2,"T_Copula_Sine",2000,-1.5,"0.5(log(n))^2",0.47
264,1000,2,"T_Copula_Sine",2000,-1.5,"0.5(log(n))^2",0.65
265,1000,2,"T_Copula_Sine",2000,-1.5,"0.5(log(n))^2",0.39
266,1000,2,"T_Copula_Sine",2000,-1.5,"0.5(log(n))^2",0.67
267,1000,2,"T_Copula_Sine",2000,-1.5,"0.5(log(n))^2",0.71
268,1000,2,"T_Copula_Sine",2000,-1.5,"0.5(log(n))^2",0.85
269,1000,2,"T_Copula_Sine",2000,-1.5,"0.5(log(n))^2",0.65
270,1000,2,"T_Copula_Sine",2000,-1.5,"0.5(log(n))^2",0.08
271,1000,2,"T_Copula_Sine",2000,-1.5,"0.5(log(n))^2",0.29
272,1000,2,"T_Copula_Sine",2000,-1.5,"0.5(log(n))^2",0.28
273,1000,2,"T_Copula_Sine",2000,-1.5,"0.5(log(n))^2",0.99
274,1000,2,"T_Copula_Sine",2000,-1.5,"0.5(log(n))^2",0.84
275,1000,2,"T_Copula_Sine",2000,-1.5,"0.5(log(n))^2",0.91
276,1000,2,"T_Copula_Sine",2000,-1.5,"0.5(log(n))^2",0.82
277,1000,2,"T_Copula_Sine",2000,-1.5,"0.5(log(n))^2",0.75
278,1000,2,"T_Copula_Sine",2000,-1.5,"0.5(log(n))^2",0.71
279,1000,2,"T_Copula_Sine",2000,-1.5,"0.5(log(n))^2",0.6
280,1000,2,"T_Copula_Sine",2000,-1.5,"0.5(log(n))^2",0.68
281,1000,2,"T_Copula_Sine",2000,-1.5,"0.5(log(n))^2",0.54
282,1000,2,"T_Copula_Sine",2000,-1.5,"0.5(log(n))^2",0.21
283,1000,2,"T_Copula_Sine",2000,-1.5,"0.5(log(n))^2",0.36
284,1000,2,"T_Copula_Sine",2000,-1.5,"0.5(log(n))^2",0.21
285,1000,2,"T_Copula_Sine",2000,-1.5,"0.5(log(n))^2",0.61
286,1000,2,"T_Copula_Sine",2000,-1.5,"0.5(log(n))^2",0.52
287,1000,2,"T_Copula_Sine",2000,-1.5,"0.5(log(n))^2",0.71
288,1000,2,"T_Copula_Sine",2000,-1.5,"0.5(log(n))^2",0.81
289,1000,2,"T_Copula_Sine",2000,-1.5,"0.5(log(n))^2",0.95
290,1000,2,"T_Copula_Sine",2000,-1.5,"0.5(log(n))^2",0.4
291,1000,2,"T_Copula_Sine",2000,-1.5,"0.5(log(n))^2",0.07
292,1000,2,"T_Copula_Sine",2000,-1.5,"0.5(log(n))^2",0.99
293,1000,2,"T_Copula_Sine",2000,-1.5,"0.5(log(n))^2",0.11
294,1000,2,"T_Copula_Sine",2000,-1.5,"0.5(log(n))^2",0.53
295,1000,2,"T_Copula_Sine",2000,-1.5,"0.5(log(n))^2",0.11
296,1000,2,"T_Copula_Sine",2000,-1.5,"0.5(log(n))^2",0.43
297,1000,2,"T_Copula_Sine",2000,-1.5,"0.5(log(n))^2",0.21
298,1000,2,"T_Copula_Sine",2000,-1.5,"0.5(log(n))^2",0.27
299,1000,2,"T_Copula_Sine",2000,-1.5,"0.5(log(n))^2",0.53
300,1000,2,"T_Copula_Sine",2000,-1.5,"0.5(log(n))^2",0.46
301,1000,2,"T_Copula_Sine",2000,-1.5,"0.5(log(n))^2",0.99
302,1000,2,"T_Copula_Sine",2000,-1.5,"0.5(log(n))^2",0.18
303,1000,2,"T_Copula_Sine",2000,-1.5,"0.5(log(n))^2",0.26
304,1000,2,"T_Copula_Sine",2000,-1.5,"0.5(log(n))^2",0.68
305,1000,2,"T_Copula_Sine",2000,-1.5,"0.5(log(n))^2",0.23
306,1000,2,"T_Copula_Sine",2000,-1.5,"0.5(log(n))^2",0.79
307,1000,2,"T_Copula_Sine",2000,-1.5,"0.5(log(n))^2",0.41
308,1000,2,"T_Copula_Sine",2000,-1.5,"0.5(log(n))^2",0.3
309,1000,2,"T_Copula_Sine",2000,-1.5,"0.5(log(n))^2",0.13
310,1000,2,"T_Copula_Sine",2000,-1.5,"0.5(log(n))^2",1
311,1000,2,"T_Copula_Sine",2000,-1.5,"0.5(log(n))^2",0.31
312,1000,2,"T_Copula_Sine",2000,-1.5,"0.5(log(n))^2",0.39
313,1000,2,"T_Copula_Sine",2000,-1.5,"0.5(log(n))^2",0.01
314,1000,2,"T_Copula_Sine",2000,-1.5,"0.5(log(n))^2",0.61
315,1000,2,"T_Copula_Sine",2000,-1.5,"0.5(log(n))^2",0.66
316,1000,2,"T_Copula_Sine",2000,-1.5,"0.5(log(n))^2",0.99
317,1000,2,"T_Copula_Sine",2000,-1.5,"0.5(log(n))^2",0.37
318,1000,2,"T_Copula_Sine",2000,-1.5,"0.5(log(n))^2",0.86
319,1000,2,"T_Copula_Sine",2000,-1.5,"0.5(log(n))^2",0.91
320,1000,2,"T_Copula_Sine",2000,-1.5,"0.5(log(n))^2",0.52
321,1000,2,"T_Copula_Sine",2000,-1.5,"0.5(log(n))^2",0.64
322,1000,2,"T_Copula_Sine",2000,-1.5,"0.5(log(n))^2",0.81
323,1000,2,"T_Copula_Sine",2000,-1.5,"0.5(log(n))^2",0.34
324,1000,2,"T_Copula_Sine",2000,-1.5,"0.5(log(n))^2",0.61
325,1000,2,"T_Copula_Sine",2000,-1.5,"0.5(log(n))^2",0.89
326,1000,2,"T_Copula_Sine",2000,-1.5,"0.5(log(n))^2",0.64
327,1000,2,"T_Copula_Sine",2000,-1.5,"0.5(log(n))^2",0.34
328,1000,2,"T_Copula_Sine",2000,-1.5,"0.5(log(n))^2",0.1
329,1000,2,"T_Copula_Sine",2000,-1.5,"0.5(log(n))^2",0.46
330,1000,2,"T_Copula_Sine",2000,-1.5,"0.5(log(n))^2",0.26
331,1000,2,"T_Copula_Sine",2000,-1.5,"0.5(log(n))^2",0.91
332,1000,2,"T_Copula_Sine",2000,-1.5,"0.5(log(n))^2",0.79
333,1000,2,"T_Copula_Sine",2000,-1.5,"0.5(log(n))^2",0.92
334,1000,2,"T_Copula_Sine",2000,-1.5,"0.5(log(n))^2",0.64
335,1000,2,"T_Copula_Sine",2000,-1.5,"0.5(log(n))^2",0.18
336,1000,2,"T_Copula_Sine",2000,-1.5,"0.5(log(n))^2",0.45
337,1000,2,"T_Copula_Sine",2000,-1.5,"0.5(log(n))^2",0.71
338,1000,2,"T_Copula_Sine",2000,-1.5,"0.5(log(n))^2",0.13
339,1000,2,"T_Copula_Sine",2000,-1.5,"0.5(log(n))^2",0.55
340,1000,2,"T_Copula_Sine",2000,-1.5,"0.5(log(n))^2",0.24
341,1000,2,"T_Copula_Sine",2000,-1.5,"0.5(log(n))^2",0.81
342,1000,2,"T_Copula_Sine",2000,-1.5,"0.5(log(n))^2",0.97
343,1000,2,"T_Copula_Sine",2000,-1.5,"0.5(log(n))^2",0.31
344,1000,2,"T_Copula_Sine",2000,-1.5,"0.5(log(n))^2",0.88
345,1000,2,"T_Copula_Sine",2000,-1.5,"0.5(log(n))^2",0.3
346,1000,2,"T_Copula_Sine",2000,-1.5,"0.5(log(n))^2",0.7
347,1000,2,"T_Copula_Sine",2000,-1.5,"0.5(log(n))^2",0.34
348,1000,2,"T_Copula_Sine",2000,-1.5,"0.5(log(n))^2",0.17
349,1000,2,"T_Copula_Sine",2000,-1.5,"0.5(log(n))^2",0.66
350,1000,2,"T_Copula_Sine",2000,-1.5,"0.5(log(n))^2",0.03
351,1000,2,"T_Copula_Sine",2000,-1.5,"0.5(log(n))^2",0.57
352,1000,2,"T_Copula_Sine",2000,-1.5,"0.5(log(n))^2",0.93
353,1000,2,"T_Copula_Sine",2000,-1.5,"0.5(log(n))^2",0.36
354,1000,2,"T_Copula_Sine",2000,-1.5,"0.5(log(n))^2",0.58
355,1000,2,"T_Copula_Sine",2000,-1.5,"0.5(log(n))^2",0.99
356,1000,2,"T_Copula_Sine",2000,-1.5,"0.5(log(n))^2",0.21
357,1000,2,"T_Copula_Sine",2000,-1.5,"0.5(log(n))^2",0.22
358,1000,2,"T_Copula_Sine",2000,-1.5,"0.5(log(n))^2",0.35
359,1000,2,"T_Copula_Sine",2000,-1.5,"0.5(log(n))^2",0.6
360,1000,2,"T_Copula_Sine",2000,-1.5,"0.5(log(n))^2",0.37
361,1000,2,"T_Copula_Sine",2000,-1.5,"0.5(log(n))^2",0.64
362,1000,2,"T_Copula_Sine",2000,-1.5,"0.5(log(n))^2",0.85
363,1000,2,"T_Copula_Sine",2000,-1.5,"0.5(log(n))^2",0.44
364,1000,2,"T_Copula_Sine",2000,-1.5,"0.5(log(n))^2",0.25
365,1000,2,"T_Copula_Sine",2000,-1.5,"0.5(log(n))^2",0.97
366,1000,2,"T_Copula_Sine",2000,-1.5,"0.5(log(n))^2",0.36
367,1000,2,"T_Copula_Sine",2000,-1.5,"0.5(log(n))^2",0.49
368,1000,2,"T_Copula_Sine",2000,-1.5,"0.5(log(n))^2",0.35
369,1000,2,"T_Copula_Sine",2000,-1.5,"0.5(log(n))^2",0.97
370,1000,2,"T_Copula_Sine",2000,-1.5,"0.5(log(n))^2",0.91
371,1000,2,"T_Copula_Sine",2000,-1.5,"0.5(log(n))^2",0.03
372,1000,2,"T_Copula_Sine",2000,-1.5,"0.5(log(n))^2",0.74
373,1000,2,"T_Copula_Sine",2000,-1.5,"0.5(log(n))^2",0.77
374,1000,2,"T_Copula_Sine",2000,-1.5,"0.5(log(n))^2",0.33
375,1000,2,"T_Copula_Sine",2000,-1.5,"0.5(log(n))^2",0.17
376,1000,2,"T_Copula_Sine",2000,-1.5,"0.5(log(n))^2",0.6
377,1000,2,"T_Copula_Sine",2000,-1.5,"0.5(log(n))^2",0.89
378,1000,2,"T_Copula_Sine",2000,-1.5,"0.5(log(n))^2",0.91
379,1000,2,"T_Copula_Sine",2000,-1.5,"0.5(log(n))^2",0.25
380,1000,2,"T_Copula_Sine",2000,-1.5,"0.5(log(n))^2",0.92
381,1000,2,"T_Copula_Sine",2000,-1.5,"0.5(log(n))^2",0.56
382,1000,2,"T_Copula_Sine",2000,-1.5,"0.5(log(n))^2",1
383,1000,2,"T_Copula_Sine",2000,-1.5,"0.5(log(n))^2",0.91
384,1000,2,"T_Copula_Sine",2000,-1.5,"0.5(log(n))^2",0.67
385,1000,2,"T_Copula_Sine",2000,-1.5,"0.5(log(n))^2",0.46
386,1000,2,"T_Copula_Sine",2000,-1.5,"0.5(log(n))^2",0.03
387,1000,2,"T_Copula_Sine",2000,-1.5,"0.5(log(n))^2",0.59
388,1000,2,"T_Copula_Sine",2000,-1.5,"0.5(log(n))^2",0.58
389,1000,2,"T_Copula_Sine",2000,-1.5,"0.5(log(n))^2",0.66
390,1000,2,"T_Copula_Sine",2000,-1.5,"0.5(log(n))^2",0.1
391,1000,2,"T_Copula_Sine",2000,-1.5,"0.5(log(n))^2",0.55
392,1000,2,"T_Copula_Sine",2000,-1.5,"0.5(log(n))^2",0.71
393,1000,2,"T_Copula_Sine",2000,-1.5,"0.5(log(n))^2",0.3
394,1000,2,"T_Copula_Sine",2000,-1.5,"0.5(log(n))^2",0.53
395,1000,2,"T_Copula_Sine",2000,-1.5,"0.5(log(n))^2",0.31
396,1000,2,"T_Copula_Sine",2000,-1.5,"0.5(log(n))^2",0.77
397,1000,2,"T_Copula_Sine",2000,-1.5,"0.5(log(n))^2",0.96
398,1000,2,"T_Copula_Sine",2000,-1.5,"0.5(log(n))^2",0.51
399,1000,2,"T_Copula_Sine",2000,-1.5,"0.5(log(n))^2",0.19
400,1000,2,"T_Copula_Sine",2000,-1.5,"0.5(log(n))^2",0.61
401,1000,2,"T_Copula_Sine",2000,-1.5,"0.5(log(n))^2",0.83
402,1000,2,"T_Copula_Sine",2000,-1.5,"0.5(log(n))^2",0.1
403,1000,2,"T_Copula_Sine",2000,-1.5,"0.5(log(n))^2",0.46
404,1000,2,"T_Copula_Sine",2000,-1.5,"0.5(log(n))^2",0.64
405,1000,2,"T_Copula_Sine",2000,-1.5,"0.5(log(n))^2",0.21
406,1000,2,"T_Copula_Sine",2000,-1.5,"0.5(log(n))^2",0.97
407,1000,2,"T_Copula_Sine",2000,-1.5,"0.5(log(n))^2",0.37
408,1000,2,"T_Copula_Sine",2000,-1.5,"0.5(log(n))^2",0.38
409,1000,2,"T_Copula_Sine",2000,-1.5,"0.5(log(n))^2",0.2
410,1000,2,"T_Copula_Sine",2000,-1.5,"0.5(log(n))^2",0.46
411,1000,2,"T_Copula_Sine",2000,-1.5,"0.5(log(n))^2",0.5
412,1000,2,"T_Copula_Sine",2000,-1.5,"0.5(log(n))^2",0.7
413,1000,2,"T_Copula_Sine",2000,-1.5,"0.5(log(n))^2",0.59
414,1000,2,"T_Copula_Sine",2000,-1.5,"0.5(log(n))^2",0.22
415,1000,2,"T_Copula_Sine",2000,-1.5,"0.5(log(n))^2",0.4
416,1000,2,"T_Copula_Sine",2000,-1.5,"0.5(log(n))^2",0.29
417,1000,2,"T_Copula_Sine",2000,-1.5,"0.5(log(n))^2",0.11
418,1000,2,"T_Copula_Sine",2000,-1.5,"0.5(log(n))^2",0.86
419,1000,2,"T_Copula_Sine",2000,-1.5,"0.5(log(n))^2",0.24
420,1000,2,"T_Copula_Sine",2000,-1.5,"0.5(log(n))^2",0.86
421,1000,2,"T_Copula_Sine",2000,-1.5,"0.5(log(n))^2",0.82
422,1000,2,"T_Copula_Sine",2000,-1.5,"0.5(log(n))^2",0.67
423,1000,2,"T_Copula_Sine",2000,-1.5,"0.5(log(n))^2",0.06
424,1000,2,"T_Copula_Sine",2000,-1.5,"0.5(log(n))^2",0.51
425,1000,2,"T_Copula_Sine",2000,-1.5,"0.5(log(n))^2",0.05
426,1000,2,"T_Copula_Sine",2000,-1.5,"0.5(log(n))^2",0.41
427,1000,2,"T_Copula_Sine",2000,-1.5,"0.5(log(n))^2",0.56
428,1000,2,"T_Copula_Sine",2000,-1.5,"0.5(log(n))^2",0.88
429,1000,2,"T_Copula_Sine",2000,-1.5,"0.5(log(n))^2",0.31
430,1000,2,"T_Copula_Sine",2000,-1.5,"0.5(log(n))^2",0.08
431,1000,2,"T_Copula_Sine",2000,-1.5,"0.5(log(n))^2",0.8
432,1000,2,"T_Copula_Sine",2000,-1.5,"0.5(log(n))^2",0.1
433,1000,2,"T_Copula_Sine",2000,-1.5,"0.5(log(n))^2",0.31
434,1000,2,"T_Copula_Sine",2000,-1.5,"0.5(log(n))^2",0.39
435,1000,2,"T_Copula_Sine",2000,-1.5,"0.5(log(n))^2",0.47
436,1000,2,"T_Copula_Sine",2000,-1.5,"0.5(log(n))^2",0.67
437,1000,2,"T_Copula_Sine",2000,-1.5,"0.5(log(n))^2",0.42
438,1000,2,"T_Copula_Sine",2000,-1.5,"0.5(log(n))^2",0.21
439,1000,2,"T_Copula_Sine",2000,-1.5,"0.5(log(n))^2",0.51
440,1000,2,"T_Copula_Sine",2000,-1.5,"0.5(log(n))^2",0.78
441,1000,2,"T_Copula_Sine",2000,-1.5,"0.5(log(n))^2",0.82
442,1000,2,"T_Copula_Sine",2000,-1.5,"0.5(log(n))^2",0.14
443,1000,2,"T_Copula_Sine",2000,-1.5,"0.5(log(n))^2",0.89
444,1000,2,"T_Copula_Sine",2000,-1.5,"0.5(log(n))^2",0.65
445,1000,2,"T_Copula_Sine",2000,-1.5,"0.5(log(n))^2",0.81
446,1000,2,"T_Copula_Sine",2000,-1.5,"0.5(log(n))^2",0.82
447,1000,2,"T_Copula_Sine",2000,-1.5,"0.5(log(n))^2",0.61
448,1000,2,"T_Copula_Sine",2000,-1.5,"0.5(log(n))^2",0.25
449,1000,2,"T_Copula_Sine",2000,-1.5,"0.5(log(n))^2",0.83
450,1000,2,"T_Copula_Sine",2000,-1.5,"0.5(log(n))^2",0.89
451,1000,2,"T_Copula_Sine",2000,-1.5,"0.5(log(n))^2",0.59
452,1000,2,"T_Copula_Sine",2000,-1.5,"0.5(log(n))^2",0.8
453,1000,2,"T_Copula_Sine",2000,-1.5,"0.5(log(n))^2",0.42
454,1000,2,"T_Copula_Sine",2000,-1.5,"0.5(log(n))^2",0.46
455,1000,2,"T_Copula_Sine",2000,-1.5,"0.5(log(n))^2",0.11
456,1000,2,"T_Copula_Sine",2000,-1.5,"0.5(log(n))^2",0.33
457,1000,2,"T_Copula_Sine",2000,-1.5,"0.5(log(n))^2",0.87
458,1000,2,"T_Copula_Sine",2000,-1.5,"0.5(log(n))^2",0.53
459,1000,2,"T_Copula_Sine",2000,-1.5,"0.5(log(n))^2",0.4
460,1000,2,"T_Copula_Sine",2000,-1.5,"0.5(log(n))^2",0.74
461,1000,2,"T_Copula_Sine",2000,-1.5,"0.5(log(n))^2",0.68
462,1000,2,"T_Copula_Sine",2000,-1.5,"0.5(log(n))^2",0.09
463,1000,2,"T_Copula_Sine",2000,-1.5,"0.5(log(n))^2",0.34
464,1000,2,"T_Copula_Sine",2000,-1.5,"0.5(log(n))^2",0.17
465,1000,2,"T_Copula_Sine",2000,-1.5,"0.5(log(n))^2",0.72
466,1000,2,"T_Copula_Sine",2000,-1.5,"0.5(log(n))^2",0.96
467,1000,2,"T_Copula_Sine",2000,-1.5,"0.5(log(n))^2",0.92
468,1000,2,"T_Copula_Sine",2000,-1.5,"0.5(log(n))^2",0.75
469,1000,2,"T_Copula_Sine",2000,-1.5,"0.5(log(n))^2",0.7
470,1000,2,"T_Copula_Sine",2000,-1.5,"0.5(log(n))^2",0.37
471,1000,2,"T_Copula_Sine",2000,-1.5,"0.5(log(n))^2",0.71
472,1000,2,"T_Copula_Sine",2000,-1.5,"0.5(log(n))^2",0.6
473,1000,2,"T_Copula_Sine",2000,-1.5,"0.5(log(n))^2",0.35
474,1000,2,"T_Copula_Sine",2000,-1.5,"0.5(log(n))^2",0.93
475,1000,2,"T_Copula_Sine",2000,-1.5,"0.5(log(n))^2",0.86
476,1000,2,"T_Copula_Sine",2000,-1.5,"0.5(log(n))^2",0.49
477,1000,2,"T_Copula_Sine",2000,-1.5,"0.5(log(n))^2",0.21
478,1000,2,"T_Copula_Sine",2000,-1.5,"0.5(log(n))^2",0.32
479,1000,2,"T_Copula_Sine",2000,-1.5,"0.5(log(n))^2",0.13
480,1000,2,"T_Copula_Sine",2000,-1.5,"0.5(log(n))^2",0.78
481,1000,2,"T_Copula_Sine",2000,-1.5,"0.5(log(n))^2",0.16
482,1000,2,"T_Copula_Sine",2000,-1.5,"0.5(log(n))^2",0.96
483,1000,2,"T_Copula_Sine",2000,-1.5,"0.5(log(n))^2",0.89
484,1000,2,"T_Copula_Sine",2000,-1.5,"0.5(log(n))^2",0.45
485,1000,2,"T_Copula_Sine",2000,-1.5,"0.5(log(n))^2",0.71
486,1000,2,"T_Copula_Sine",2000,-1.5,"0.5(log(n))^2",0.88
487,1000,2,"T_Copula_Sine",2000,-1.5,"0.5(log(n))^2",0.11
488,1000,2,"T_Copula_Sine",2000,-1.5,"0.5(log(n))^2",1
489,1000,2,"T_Copula_Sine",2000,-1.5,"0.5(log(n))^2",0.4
490,1000,2,"T_Copula_Sine",2000,-1.5,"0.5(log(n))^2",0.59
491,1000,2,"T_Copula_Sine",2000,-1.5,"0.5(log(n))^2",0.54
492,1000,2,"T_Copula_Sine",2000,-1.5,"0.5(log(n))^2",0.4
493,1000,2,"T_Copula_Sine",2000,-1.5,"0.5(log(n))^2",0.43
494,1000,2,"T_Copula_Sine",2000,-1.5,"0.5(log(n))^2",0.42
495,1000,2,"T_Copula_Sine",2000,-1.5,"0.5(log(n))^2",0.94
496,1000,2,"T_Copula_Sine",2000,-1.5,"0.5(log(n))^2",0.72
497,1000,2,"T_Copula_Sine",2000,-1.5,"0.5(log(n))^2",0.11
498,1000,2,"T_Copula_Sine",2000,-1.5,"0.5(log(n))^2",0.67
499,1000,2,"T_Copula_Sine",2000,-1.5,"0.5(log(n))^2",0.98
500,1000,2,"T_Copula_Sine",2000,-1.5,"0.5(log(n))^2",0.97
501,1000,2,"T_Copula_Sine",2000,-1.5,"0.5(log(n))^2",0.87
502,1000,2,"T_Copula_Sine",2000,-1.5,"0.5(log(n))^2",0.92
503,1000,2,"T_Copula_Sine",2000,-1.5,"0.5(log(n))^2",0.51
504,1000,2,"T_Copula_Sine",2000,-1.5,"0.5(log(n))^2",0.3
505,1000,2,"T_Copula_Sine",2000,-1.5,"0.5(log(n))^2",0.74
506,1000,2,"T_Copula_Sine",2000,-1.5,"0.5(log(n))^2",0.72
507,1000,2,"T_Copula_Sine",2000,-1.5,"0.5(log(n))^2",0.85
508,1000,2,"T_Copula_Sine",2000,-1.5,"0.5(log(n))^2",0.92
509,1000,2,"T_Copula_Sine",2000,-1.5,"0.5(log(n))^2",0.76
510,1000,2,"T_Copula_Sine",2000,-1.5,"0.5(log(n))^2",0.92
511,1000,2,"T_Copula_Sine",2000,-1.5,"0.5(log(n))^2",0.58
512,1000,2,"T_Copula_Sine",2000,-1.5,"0.5(log(n))^2",0.95
513,1000,2,"T_Copula_Sine",2000,-1.5,"0.5(log(n))^2",0.69
514,1000,2,"T_Copula_Sine",2000,-1.5,"0.5(log(n))^2",0.51
515,1000,2,"T_Copula_Sine",2000,-1.5,"0.5(log(n))^2",0.52
516,1000,2,"T_Copula_Sine",2000,-1.5,"0.5(log(n))^2",0.17
517,1000,2,"T_Copula_Sine",2000,-1.5,"0.5(log(n))^2",0.6
518,1000,2,"T_Copula_Sine",2000,-1.5,"0.5(log(n))^2",0.76
519,1000,2,"T_Copula_Sine",2000,-1.5,"0.5(log(n))^2",0.5
520,1000,2,"T_Copula_Sine",2000,-1.5,"0.5(log(n))^2",0.4
521,1000,2,"T_Copula_Sine",2000,-1.5,"0.5(log(n))^2",0.6
522,1000,2,"T_Copula_Sine",2000,-1.5,"0.5(log(n))^2",0.54
523,1000,2,"T_Copula_Sine",2000,-1.5,"0.5(log(n))^2",0.36
524,1000,2,"T_Copula_Sine",2000,-1.5,"0.5(log(n))^2",0.43
525,1000,2,"T_Copula_Sine",2000,-1.5,"0.5(log(n))^2",0.54
526,1000,2,"T_Copula_Sine",2000,-1.5,"0.5(log(n))^2",0.75
527,1000,2,"T_Copula_Sine",2000,-1.5,"0.5(log(n))^2",0.37
528,1000,2,"T_Copula_Sine",2000,-1.5,"0.5(log(n))^2",0.69
529,1000,2,"T_Copula_Sine",2000,-1.5,"0.5(log(n))^2",0.64
530,1000,2,"T_Copula_Sine",2000,-1.5,"0.5(log(n))^2",0.38
531,1000,2,"T_Copula_Sine",2000,-1.5,"0.5(log(n))^2",0.73
532,1000,2,"T_Copula_Sine",2000,-1.5,"0.5(log(n))^2",0.33
533,1000,2,"T_Copula_Sine",2000,-1.5,"0.5(log(n))^2",0.72
534,1000,2,"T_Copula_Sine",2000,-1.5,"0.5(log(n))^2",0.91
535,1000,2,"T_Copula_Sine",2000,-1.5,"0.5(log(n))^2",0.7
536,1000,2,"T_Copula_Sine",2000,-1.5,"0.5(log(n))^2",0.88
537,1000,2,"T_Copula_Sine",2000,-1.5,"0.5(log(n))^2",0.38
538,1000,2,"T_Copula_Sine",2000,-1.5,"0.5(log(n))^2",0.83
539,1000,2,"T_Copula_Sine",2000,-1.5,"0.5(log(n))^2",0.75
540,1000,2,"T_Copula_Sine",2000,-1.5,"0.5(log(n))^2",0.13
541,1000,2,"T_Copula_Sine",2000,-1.5,"0.5(log(n))^2",0.95
542,1000,2,"T_Copula_Sine",2000,-1.5,"0.5(log(n))^2",0.55
543,1000,2,"T_Copula_Sine",2000,-1.5,"0.5(log(n))^2",0.82
544,1000,2,"T_Copula_Sine",2000,-1.5,"0.5(log(n))^2",0.53
545,1000,2,"T_Copula_Sine",2000,-1.5,"0.5(log(n))^2",0.57
546,1000,2,"T_Copula_Sine",2000,-1.5,"0.5(log(n))^2",0.91
547,1000,2,"T_Copula_Sine",2000,-1.5,"0.5(log(n))^2",0.42
548,1000,2,"T_Copula_Sine",2000,-1.5,"0.5(log(n))^2",0.65
549,1000,2,"T_Copula_Sine",2000,-1.5,"0.5(log(n))^2",0.78
550,1000,2,"T_Copula_Sine",2000,-1.5,"0.5(log(n))^2",0.42
551,1000,2,"T_Copula_Sine",2000,-1.5,"0.5(log(n))^2",0.58
552,1000,2,"T_Copula_Sine",2000,-1.5,"0.5(log(n))^2",0.74
553,1000,2,"T_Copula_Sine",2000,-1.5,"0.5(log(n))^2",0.3
554,1000,2,"T_Copula_Sine",2000,-1.5,"0.5(log(n))^2",0.33
555,1000,2,"T_Copula_Sine",2000,-1.5,"0.5(log(n))^2",0.95
556,1000,2,"T_Copula_Sine",2000,-1.5,"0.5(log(n))^2",0.54
557,1000,2,"T_Copula_Sine",2000,-1.5,"0.5(log(n))^2",0.35
558,1000,2,"T_Copula_Sine",2000,-1.5,"0.5(log(n))^2",0.13
559,1000,2,"T_Copula_Sine",2000,-1.5,"0.5(log(n))^2",0.08
560,1000,2,"T_Copula_Sine",2000,-1.5,"0.5(log(n))^2",0.02
561,1000,2,"T_Copula_Sine",2000,-1.5,"0.5(log(n))^2",0.37
562,1000,2,"T_Copula_Sine",2000,-1.5,"0.5(log(n))^2",0.75
563,1000,2,"T_Copula_Sine",2000,-1.5,"0.5(log(n))^2",0.56
564,1000,2,"T_Copula_Sine",2000,-1.5,"0.5(log(n))^2",0.28
565,1000,2,"T_Copula_Sine",2000,-1.5,"0.5(log(n))^2",0.98
566,1000,2,"T_Copula_Sine",2000,-1.5,"0.5(log(n))^2",0.93
567,1000,2,"T_Copula_Sine",2000,-1.5,"0.5(log(n))^2",0.42
568,1000,2,"T_Copula_Sine",2000,-1.5,"0.5(log(n))^2",0.8
569,1000,2,"T_Copula_Sine",2000,-1.5,"0.5(log(n))^2",0.75
570,1000,2,"T_Copula_Sine",2000,-1.5,"0.5(log(n))^2",0.29
571,1000,2,"T_Copula_Sine",2000,-1.5,"0.5(log(n))^2",0.3
572,1000,2,"T_Copula_Sine",2000,-1.5,"0.5(log(n))^2",0.79
573,1000,2,"T_Copula_Sine",2000,-1.5,"0.5(log(n))^2",0.68
574,1000,2,"T_Copula_Sine",2000,-1.5,"0.5(log(n))^2",0.96
575,1000,2,"T_Copula_Sine",2000,-1.5,"0.5(log(n))^2",0.88
576,1000,2,"T_Copula_Sine",2000,-1.5,"0.5(log(n))^2",0.34
577,1000,2,"T_Copula_Sine",2000,-1.5,"0.5(log(n))^2",0.35
578,1000,2,"T_Copula_Sine",2000,-1.5,"0.5(log(n))^2",0.95
579,1000,2,"T_Copula_Sine",2000,-1.5,"0.5(log(n))^2",0.47
580,1000,2,"T_Copula_Sine",2000,-1.5,"0.5(log(n))^2",0.55
581,1000,2,"T_Copula_Sine",2000,-1.5,"0.5(log(n))^2",0.77
582,1000,2,"T_Copula_Sine",2000,-1.5,"0.5(log(n))^2",0.78
583,1000,2,"T_Copula_Sine",2000,-1.5,"0.5(log(n))^2",0.29
584,1000,2,"T_Copula_Sine",2000,-1.5,"0.5(log(n))^2",0.58
585,1000,2,"T_Copula_Sine",2000,-1.5,"0.5(log(n))^2",0.27
586,1000,2,"T_Copula_Sine",2000,-1.5,"0.5(log(n))^2",0.77
587,1000,2,"T_Copula_Sine",2000,-1.5,"0.5(log(n))^2",0.18
588,1000,2,"T_Copula_Sine",2000,-1.5,"0.5(log(n))^2",0.56
589,1000,2,"T_Copula_Sine",2000,-1.5,"0.5(log(n))^2",0.65
590,1000,2,"T_Copula_Sine",2000,-1.5,"0.5(log(n))^2",0.22
591,1000,2,"T_Copula_Sine",2000,-1.5,"0.5(log(n))^2",0.51
592,1000,2,"T_Copula_Sine",2000,-1.5,"0.5(log(n))^2",0.17
593,1000,2,"T_Copula_Sine",2000,-1.5,"0.5(log(n))^2",0.38
594,1000,2,"T_Copula_Sine",2000,-1.5,"0.5(log(n))^2",0.35
595,1000,2,"T_Copula_Sine",2000,-1.5,"0.5(log(n))^2",0.55
596,1000,2,"T_Copula_Sine",2000,-1.5,"0.5(log(n))^2",0.55
597,1000,2,"T_Copula_Sine",2000,-1.5,"0.5(log(n))^2",0.76
598,1000,2,"T_Copula_Sine",2000,-1.5,"0.5(log(n))^2",0.19
599,1000,2,"T_Copula_Sine",2000,-1.5,"0.5(log(n))^2",0.52
600,1000,2,"T_Copula_Sine",2000,-1.5,"0.5(log(n))^2",0.25
601,1000,2,"T_Copula_Sine",2000,-1.5,"0.5(log(n))^2",0.22
602,1000,2,"T_Copula_Sine",2000,-1.5,"0.5(log(n))^2",0.46
603,1000,2,"T_Copula_Sine",2000,-1.5,"0.5(log(n))^2",0.73
604,1000,2,"T_Copula_Sine",2000,-1.5,"0.5(log(n))^2",0.53
605,1000,2,"T_Copula_Sine",2000,-1.5,"0.5(log(n))^2",0.68
606,1000,2,"T_Copula_Sine",2000,-1.5,"0.5(log(n))^2",0.01
607,1000,2,"T_Copula_Sine",2000,-1.5,"0.5(log(n))^2",0.46
608,1000,2,"T_Copula_Sine",2000,-1.5,"0.5(log(n))^2",0.84
609,1000,2,"T_Copula_Sine",2000,-1.5,"0.5(log(n))^2",0.47
610,1000,2,"T_Copula_Sine",2000,-1.5,"0.5(log(n))^2",0.16
611,1000,2,"T_Copula_Sine",2000,-1.5,"0.5(log(n))^2",0.93
612,1000,2,"T_Copula_Sine",2000,-1.5,"0.5(log(n))^2",0.06
613,1000,2,"T_Copula_Sine",2000,-1.5,"0.5(log(n))^2",0.4
614,1000,2,"T_Copula_Sine",2000,-1.5,"0.5(log(n))^2",0.65
615,1000,2,"T_Copula_Sine",2000,-1.5,"0.5(log(n))^2",0.37
616,1000,2,"T_Copula_Sine",2000,-1.5,"0.5(log(n))^2",0.47
617,1000,2,"T_Copula_Sine",2000,-1.5,"0.5(log(n))^2",0.75
618,1000,2,"T_Copula_Sine",2000,-1.5,"0.5(log(n))^2",0.14
619,1000,2,"T_Copula_Sine",2000,-1.5,"0.5(log(n))^2",0.56
620,1000,2,"T_Copula_Sine",2000,-1.5,"0.5(log(n))^2",0.9
621,1000,2,"T_Copula_Sine",2000,-1.5,"0.5(log(n))^2",0.95
622,1000,2,"T_Copula_Sine",2000,-1.5,"0.5(log(n))^2",0.04
623,1000,2,"T_Copula_Sine",2000,-1.5,"0.5(log(n))^2",0.47
624,1000,2,"T_Copula_Sine",2000,-1.5,"0.5(log(n))^2",0.49
625,1000,2,"T_Copula_Sine",2000,-1.5,"0.5(log(n))^2",0.42
626,1000,2,"T_Copula_Sine",2000,-1.5,"0.5(log(n))^2",0.32
627,1000,2,"T_Copula_Sine",2000,-1.5,"0.5(log(n))^2",0.52
628,1000,2,"T_Copula_Sine",2000,-1.5,"0.5(log(n))^2",0.71
629,1000,2,"T_Copula_Sine",2000,-1.5,"0.5(log(n))^2",0.41
630,1000,2,"T_Copula_Sine",2000,-1.5,"0.5(log(n))^2",0.73
631,1000,2,"T_Copula_Sine",2000,-1.5,"0.5(log(n))^2",0.12
632,1000,2,"T_Copula_Sine",2000,-1.5,"0.5(log(n))^2",0.75
633,1000,2,"T_Copula_Sine",2000,-1.5,"0.5(log(n))^2",0.58
634,1000,2,"T_Copula_Sine",2000,-1.5,"0.5(log(n))^2",0.62
635,1000,2,"T_Copula_Sine",2000,-1.5,"0.5(log(n))^2",0.32
636,1000,2,"T_Copula_Sine",2000,-1.5,"0.5(log(n))^2",0.38
637,1000,2,"T_Copula_Sine",2000,-1.5,"0.5(log(n))^2",0.92
638,1000,2,"T_Copula_Sine",2000,-1.5,"0.5(log(n))^2",0.16
639,1000,2,"T_Copula_Sine",2000,-1.5,"0.5(log(n))^2",0.9
640,1000,2,"T_Copula_Sine",2000,-1.5,"0.5(log(n))^2",0.96
641,1000,2,"T_Copula_Sine",2000,-1.5,"0.5(log(n))^2",0.82
642,1000,2,"T_Copula_Sine",2000,-1.5,"0.5(log(n))^2",0.71
643,1000,2,"T_Copula_Sine",2000,-1.5,"0.5(log(n))^2",0.29
644,1000,2,"T_Copula_Sine",2000,-1.5,"0.5(log(n))^2",0.44
645,1000,2,"T_Copula_Sine",2000,-1.5,"0.5(log(n))^2",0.93
646,1000,2,"T_Copula_Sine",2000,-1.5,"0.5(log(n))^2",0.13
647,1000,2,"T_Copula_Sine",2000,-1.5,"0.5(log(n))^2",0.81
648,1000,2,"T_Copula_Sine",2000,-1.5,"0.5(log(n))^2",0.73
649,1000,2,"T_Copula_Sine",2000,-1.5,"0.5(log(n))^2",0.51
650,1000,2,"T_Copula_Sine",2000,-1.5,"0.5(log(n))^2",0.9
651,1000,2,"T_Copula_Sine",2000,-1.5,"0.5(log(n))^2",0.42
652,1000,2,"T_Copula_Sine",2000,-1.5,"0.5(log(n))^2",0.97
653,1000,2,"T_Copula_Sine",2000,-1.5,"0.5(log(n))^2",0.52
654,1000,2,"T_Copula_Sine",2000,-1.5,"0.5(log(n))^2",0.16
655,1000,2,"T_Copula_Sine",2000,-1.5,"0.5(log(n))^2",0.53
656,1000,2,"T_Copula_Sine",2000,-1.5,"0.5(log(n))^2",0.97
657,1000,2,"T_Copula_Sine",2000,-1.5,"0.5(log(n))^2",0.38
658,1000,2,"T_Copula_Sine",2000,-1.5,"0.5(log(n))^2",0.41
659,1000,2,"T_Copula_Sine",2000,-1.5,"0.5(log(n))^2",0.99
660,1000,2,"T_Copula_Sine",2000,-1.5,"0.5(log(n))^2",0.66
661,1000,2,"T_Copula_Sine",2000,-1.5,"0.5(log(n))^2",0.71
662,1000,2,"T_Copula_Sine",2000,-1.5,"0.5(log(n))^2",0.4
663,1000,2,"T_Copula_Sine",2000,-1.5,"0.5(log(n))^2",0.22
664,1000,2,"T_Copula_Sine",2000,-1.5,"0.5(log(n))^2",0.91
665,1000,2,"T_Copula_Sine",2000,-1.5,"0.5(log(n))^2",0.73
666,1000,2,"T_Copula_Sine",2000,-1.5,"0.5(log(n))^2",0.83
667,1000,2,"T_Copula_Sine",2000,-1.5,"0.5(log(n))^2",0.84
668,1000,2,"T_Copula_Sine",2000,-1.5,"0.5(log(n))^2",0.19
669,1000,2,"T_Copula_Sine",2000,-1.5,"0.5(log(n))^2",0.56
670,1000,2,"T_Copula_Sine",2000,-1.5,"0.5(log(n))^2",0.86
671,1000,2,"T_Copula_Sine",2000,-1.5,"0.5(log(n))^2",0.56
672,1000,2,"T_Copula_Sine",2000,-1.5,"0.5(log(n))^2",0.56
673,1000,2,"T_Copula_Sine",2000,-1.5,"0.5(log(n))^2",0.43
674,1000,2,"T_Copula_Sine",2000,-1.5,"0.5(log(n))^2",0.81
675,1000,2,"T_Copula_Sine",2000,-1.5,"0.5(log(n))^2",0.51
676,1000,2,"T_Copula_Sine",2000,-1.5,"0.5(log(n))^2",0.45
677,1000,2,"T_Copula_Sine",2000,-1.5,"0.5(log(n))^2",0.84
678,1000,2,"T_Copula_Sine",2000,-1.5,"0.5(log(n))^2",0.59
679,1000,2,"T_Copula_Sine",2000,-1.5,"0.5(log(n))^2",0.29
680,1000,2,"T_Copula_Sine",2000,-1.5,"0.5(log(n))^2",0.88
681,1000,2,"T_Copula_Sine",2000,-1.5,"0.5(log(n))^2",0.69
682,1000,2,"T_Copula_Sine",2000,-1.5,"0.5(log(n))^2",0.61
683,1000,2,"T_Copula_Sine",2000,-1.5,"0.5(log(n))^2",0.81
684,1000,2,"T_Copula_Sine",2000,-1.5,"0.5(log(n))^2",0.4
685,1000,2,"T_Copula_Sine",2000,-1.5,"0.5(log(n))^2",0.68
686,1000,2,"T_Copula_Sine",2000,-1.5,"0.5(log(n))^2",0.36
687,1000,2,"T_Copula_Sine",2000,-1.5,"0.5(log(n))^2",0.54
688,1000,2,"T_Copula_Sine",2000,-1.5,"0.5(log(n))^2",0.84
689,1000,2,"T_Copula_Sine",2000,-1.5,"0.5(log(n))^2",0.96
690,1000,2,"T_Copula_Sine",2000,-1.5,"0.5(log(n))^2",0.58
691,1000,2,"T_Copula_Sine",2000,-1.5,"0.5(log(n))^2",0.5
692,1000,2,"T_Copula_Sine",2000,-1.5,"0.5(log(n))^2",0.61
693,1000,2,"T_Copula_Sine",2000,-1.5,"0.5(log(n))^2",0.58
694,1000,2,"T_Copula_Sine",2000,-1.5,"0.5(log(n))^2",0.46
695,1000,2,"T_Copula_Sine",2000,-1.5,"0.5(log(n))^2",0.81
696,1000,2,"T_Copula_Sine",2000,-1.5,"0.5(log(n))^2",0.49
697,1000,2,"T_Copula_Sine",2000,-1.5,"0.5(log(n))^2",0.14
698,1000,2,"T_Copula_Sine",2000,-1.5,"0.5(log(n))^2",0.64
699,1000,2,"T_Copula_Sine",2000,-1.5,"0.5(log(n))^2",0.68
700,1000,2,"T_Copula_Sine",2000,-1.5,"0.5(log(n))^2",0
701,1000,2,"T_Copula_Sine",2000,-1.5,"0.5(log(n))^2",0.47
702,1000,2,"T_Copula_Sine",2000,-1.5,"0.5(log(n))^2",0.08
703,1000,2,"T_Copula_Sine",2000,-1.5,"0.5(log(n))^2",0.86
704,1000,2,"T_Copula_Sine",2000,-1.5,"0.5(log(n))^2",0.74
705,1000,2,"T_Copula_Sine",2000,-1.5,"0.5(log(n))^2",0.34
706,1000,2,"T_Copula_Sine",2000,-1.5,"0.5(log(n))^2",0.09
707,1000,2,"T_Copula_Sine",2000,-1.5,"0.5(log(n))^2",0.18
708,1000,2,"T_Copula_Sine",2000,-1.5,"0.5(log(n))^2",0.73
709,1000,2,"T_Copula_Sine",2000,-1.5,"0.5(log(n))^2",0.66
710,1000,2,"T_Copula_Sine",2000,-1.5,"0.5(log(n))^2",0.78
711,1000,2,"T_Copula_Sine",2000,-1.5,"0.5(log(n))^2",0.61
712,1000,2,"T_Copula_Sine",2000,-1.5,"0.5(log(n))^2",0.37
713,1000,2,"T_Copula_Sine",2000,-1.5,"0.5(log(n))^2",0.79
714,1000,2,"T_Copula_Sine",2000,-1.5,"0.5(log(n))^2",0.48
715,1000,2,"T_Copula_Sine",2000,-1.5,"0.5(log(n))^2",0.96
716,1000,2,"T_Copula_Sine",2000,-1.5,"0.5(log(n))^2",0.58
717,1000,2,"T_Copula_Sine",2000,-1.5,"0.5(log(n))^2",0.9
718,1000,2,"T_Copula_Sine",2000,-1.5,"0.5(log(n))^2",0.54
719,1000,2,"T_Copula_Sine",2000,-1.5,"0.5(log(n))^2",0.13
720,1000,2,"T_Copula_Sine",2000,-1.5,"0.5(log(n))^2",0.89
721,1000,2,"T_Copula_Sine",2000,-1.5,"0.5(log(n))^2",0.86
722,1000,2,"T_Copula_Sine",2000,-1.5,"0.5(log(n))^2",0.36
723,1000,2,"T_Copula_Sine",2000,-1.5,"0.5(log(n))^2",0.12
724,1000,2,"T_Copula_Sine",2000,-1.5,"0.5(log(n))^2",0.81
725,1000,2,"T_Copula_Sine",2000,-1.5,"0.5(log(n))^2",0.8
726,1000,2,"T_Copula_Sine",2000,-1.5,"0.5(log(n))^2",0.82
727,1000,2,"T_Copula_Sine",2000,-1.5,"0.5(log(n))^2",0.43
728,1000,2,"T_Copula_Sine",2000,-1.5,"0.5(log(n))^2",0.96
729,1000,2,"T_Copula_Sine",2000,-1.5,"0.5(log(n))^2",0.53
730,1000,2,"T_Copula_Sine",2000,-1.5,"0.5(log(n))^2",0.58
731,1000,2,"T_Copula_Sine",2000,-1.5,"0.5(log(n))^2",0.68
732,1000,2,"T_Copula_Sine",2000,-1.5,"0.5(log(n))^2",0.83
733,1000,2,"T_Copula_Sine",2000,-1.5,"0.5(log(n))^2",0.14
734,1000,2,"T_Copula_Sine",2000,-1.5,"0.5(log(n))^2",0.54
735,1000,2,"T_Copula_Sine",2000,-1.5,"0.5(log(n))^2",0.36
736,1000,2,"T_Copula_Sine",2000,-1.5,"0.5(log(n))^2",0.51
737,1000,2,"T_Copula_Sine",2000,-1.5,"0.5(log(n))^2",0.83
738,1000,2,"T_Copula_Sine",2000,-1.5,"0.5(log(n))^2",0.92
739,1000,2,"T_Copula_Sine",2000,-1.5,"0.5(log(n))^2",0.19
740,1000,2,"T_Copula_Sine",2000,-1.5,"0.5(log(n))^2",0.24
741,1000,2,"T_Copula_Sine",2000,-1.5,"0.5(log(n))^2",0.95
742,1000,2,"T_Copula_Sine",2000,-1.5,"0.5(log(n))^2",0.48
743,1000,2,"T_Copula_Sine",2000,-1.5,"0.5(log(n))^2",0.45
744,1000,2,"T_Copula_Sine",2000,-1.5,"0.5(log(n))^2",0.55
745,1000,2,"T_Copula_Sine",2000,-1.5,"0.5(log(n))^2",0.81
746,1000,2,"T_Copula_Sine",2000,-1.5,"0.5(log(n))^2",0.05
747,1000,2,"T_Copula_Sine",2000,-1.5,"0.5(log(n))^2",0.32
748,1000,2,"T_Copula_Sine",2000,-1.5,"0.5(log(n))^2",0.18
749,1000,2,"T_Copula_Sine",2000,-1.5,"0.5(log(n))^2",0.42
750,1000,2,"T_Copula_Sine",2000,-1.5,"0.5(log(n))^2",0.96
751,1000,2,"T_Copula_Sine",2000,-1.5,"0.5(log(n))^2",0.04
752,1000,2,"T_Copula_Sine",2000,-1.5,"0.5(log(n))^2",0.43
753,1000,2,"T_Copula_Sine",2000,-1.5,"0.5(log(n))^2",0.13
754,1000,2,"T_Copula_Sine",2000,-1.5,"0.5(log(n))^2",0.42
755,1000,2,"T_Copula_Sine",2000,-1.5,"0.5(log(n))^2",0.96
756,1000,2,"T_Copula_Sine",2000,-1.5,"0.5(log(n))^2",0.67
757,1000,2,"T_Copula_Sine",2000,-1.5,"0.5(log(n))^2",0.78
758,1000,2,"T_Copula_Sine",2000,-1.5,"0.5(log(n))^2",0.68
759,1000,2,"T_Copula_Sine",2000,-1.5,"0.5(log(n))^2",0.17
760,1000,2,"T_Copula_Sine",2000,-1.5,"0.5(log(n))^2",0.64
761,1000,2,"T_Copula_Sine",2000,-1.5,"0.5(log(n))^2",0.22
762,1000,2,"T_Copula_Sine",2000,-1.5,"0.5(log(n))^2",0.44
763,1000,2,"T_Copula_Sine",2000,-1.5,"0.5(log(n))^2",0.93
764,1000,2,"T_Copula_Sine",2000,-1.5,"0.5(log(n))^2",0.87
765,1000,2,"T_Copula_Sine",2000,-1.5,"0.5(log(n))^2",0.84
766,1000,2,"T_Copula_Sine",2000,-1.5,"0.5(log(n))^2",0.21
767,1000,2,"T_Copula_Sine",2000,-1.5,"0.5(log(n))^2",0.48
768,1000,2,"T_Copula_Sine",2000,-1.5,"0.5(log(n))^2",0.68
769,1000,2,"T_Copula_Sine",2000,-1.5,"0.5(log(n))^2",0.56
770,1000,2,"T_Copula_Sine",2000,-1.5,"0.5(log(n))^2",0.88
771,1000,2,"T_Copula_Sine",2000,-1.5,"0.5(log(n))^2",0.91
772,1000,2,"T_Copula_Sine",2000,-1.5,"0.5(log(n))^2",0.81
773,1000,2,"T_Copula_Sine",2000,-1.5,"0.5(log(n))^2",0.58
774,1000,2,"T_Copula_Sine",2000,-1.5,"0.5(log(n))^2",0.31
775,1000,2,"T_Copula_Sine",2000,-1.5,"0.5(log(n))^2",0.41
776,1000,2,"T_Copula_Sine",2000,-1.5,"0.5(log(n))^2",0.28
777,1000,2,"T_Copula_Sine",2000,-1.5,"0.5(log(n))^2",0.29
778,1000,2,"T_Copula_Sine",2000,-1.5,"0.5(log(n))^2",0.57
779,1000,2,"T_Copula_Sine",2000,-1.5,"0.5(log(n))^2",0.6
780,1000,2,"T_Copula_Sine",2000,-1.5,"0.5(log(n))^2",0.4
781,1000,2,"T_Copula_Sine",2000,-1.5,"0.5(log(n))^2",0.5
782,1000,2,"T_Copula_Sine",2000,-1.5,"0.5(log(n))^2",0.54
783,1000,2,"T_Copula_Sine",2000,-1.5,"0.5(log(n))^2",0.78
784,1000,2,"T_Copula_Sine",2000,-1.5,"0.5(log(n))^2",0.08
785,1000,2,"T_Copula_Sine",2000,-1.5,"0.5(log(n))^2",0.2
786,1000,2,"T_Copula_Sine",2000,-1.5,"0.5(log(n))^2",0.7
787,1000,2,"T_Copula_Sine",2000,-1.5,"0.5(log(n))^2",0.46
788,1000,2,"T_Copula_Sine",2000,-1.5,"0.5(log(n))^2",0.64
789,1000,2,"T_Copula_Sine",2000,-1.5,"0.5(log(n))^2",0.68
790,1000,2,"T_Copula_Sine",2000,-1.5,"0.5(log(n))^2",0.92
791,1000,2,"T_Copula_Sine",2000,-1.5,"0.5(log(n))^2",0.89
792,1000,2,"T_Copula_Sine",2000,-1.5,"0.5(log(n))^2",0.3
793,1000,2,"T_Copula_Sine",2000,-1.5,"0.5(log(n))^2",0.7
794,1000,2,"T_Copula_Sine",2000,-1.5,"0.5(log(n))^2",0.06
795,1000,2,"T_Copula_Sine",2000,-1.5,"0.5(log(n))^2",0.5
796,1000,2,"T_Copula_Sine",2000,-1.5,"0.5(log(n))^2",0.19
797,1000,2,"T_Copula_Sine",2000,-1.5,"0.5(log(n))^2",0.55
798,1000,2,"T_Copula_Sine",2000,-1.5,"0.5(log(n))^2",0.45
799,1000,2,"T_Copula_Sine",2000,-1.5,"0.5(log(n))^2",0.1
800,1000,2,"T_Copula_Sine",2000,-1.5,"0.5(log(n))^2",0.2
801,1000,2,"T_Copula_Sine",2000,-1.5,"0.5(log(n))^2",0.92
802,1000,2,"T_Copula_Sine",2000,-1.5,"0.5(log(n))^2",0.43
803,1000,2,"T_Copula_Sine",2000,-1.5,"0.5(log(n))^2",0.88
804,1000,2,"T_Copula_Sine",2000,-1.5,"0.5(log(n))^2",0.8
805,1000,2,"T_Copula_Sine",2000,-1.5,"0.5(log(n))^2",0.22
806,1000,2,"T_Copula_Sine",2000,-1.5,"0.5(log(n))^2",0.67
807,1000,2,"T_Copula_Sine",2000,-1.5,"0.5(log(n))^2",0.22
808,1000,2,"T_Copula_Sine",2000,-1.5,"0.5(log(n))^2",0.25
809,1000,2,"T_Copula_Sine",2000,-1.5,"0.5(log(n))^2",0.44
810,1000,2,"T_Copula_Sine",2000,-1.5,"0.5(log(n))^2",0.86
811,1000,2,"T_Copula_Sine",2000,-1.5,"0.5(log(n))^2",0.53
812,1000,2,"T_Copula_Sine",2000,-1.5,"0.5(log(n))^2",0.51
813,1000,2,"T_Copula_Sine",2000,-1.5,"0.5(log(n))^2",0.84
814,1000,2,"T_Copula_Sine",2000,-1.5,"0.5(log(n))^2",0.71
815,1000,2,"T_Copula_Sine",2000,-1.5,"0.5(log(n))^2",0.51
816,1000,2,"T_Copula_Sine",2000,-1.5,"0.5(log(n))^2",0.82
817,1000,2,"T_Copula_Sine",2000,-1.5,"0.5(log(n))^2",0.76
818,1000,2,"T_Copula_Sine",2000,-1.5,"0.5(log(n))^2",0.94
819,1000,2,"T_Copula_Sine",2000,-1.5,"0.5(log(n))^2",0.18
820,1000,2,"T_Copula_Sine",2000,-1.5,"0.5(log(n))^2",0.23
821,1000,2,"T_Copula_Sine",2000,-1.5,"0.5(log(n))^2",0.69
822,1000,2,"T_Copula_Sine",2000,-1.5,"0.5(log(n))^2",0.45
823,1000,2,"T_Copula_Sine",2000,-1.5,"0.5(log(n))^2",0.98
824,1000,2,"T_Copula_Sine",2000,-1.5,"0.5(log(n))^2",0.64
825,1000,2,"T_Copula_Sine",2000,-1.5,"0.5(log(n))^2",0.65
826,1000,2,"T_Copula_Sine",2000,-1.5,"0.5(log(n))^2",0.3
827,1000,2,"T_Copula_Sine",2000,-1.5,"0.5(log(n))^2",0.56
828,1000,2,"T_Copula_Sine",2000,-1.5,"0.5(log(n))^2",0.21
829,1000,2,"T_Copula_Sine",2000,-1.5,"0.5(log(n))^2",0.35
830,1000,2,"T_Copula_Sine",2000,-1.5,"0.5(log(n))^2",0.68
831,1000,2,"T_Copula_Sine",2000,-1.5,"0.5(log(n))^2",0.55
832,1000,2,"T_Copula_Sine",2000,-1.5,"0.5(log(n))^2",0.51
833,1000,2,"T_Copula_Sine",2000,-1.5,"0.5(log(n))^2",0.72
834,1000,2,"T_Copula_Sine",2000,-1.5,"0.5(log(n))^2",0.71
835,1000,2,"T_Copula_Sine",2000,-1.5,"0.5(log(n))^2",0.65
836,1000,2,"T_Copula_Sine",2000,-1.5,"0.5(log(n))^2",0.29
837,1000,2,"T_Copula_Sine",2000,-1.5,"0.5(log(n))^2",0.81
838,1000,2,"T_Copula_Sine",2000,-1.5,"0.5(log(n))^2",0.61
839,1000,2,"T_Copula_Sine",2000,-1.5,"0.5(log(n))^2",0.59
840,1000,2,"T_Copula_Sine",2000,-1.5,"0.5(log(n))^2",0.87
841,1000,2,"T_Copula_Sine",2000,-1.5,"0.5(log(n))^2",0.08
842,1000,2,"T_Copula_Sine",2000,-1.5,"0.5(log(n))^2",1
843,1000,2,"T_Copula_Sine",2000,-1.5,"0.5(log(n))^2",0.12
844,1000,2,"T_Copula_Sine",2000,-1.5,"0.5(log(n))^2",0.74
845,1000,2,"T_Copula_Sine",2000,-1.5,"0.5(log(n))^2",0.68
846,1000,2,"T_Copula_Sine",2000,-1.5,"0.5(log(n))^2",0.59
847,1000,2,"T_Copula_Sine",2000,-1.5,"0.5(log(n))^2",0.22
848,1000,2,"T_Copula_Sine",2000,-1.5,"0.5(log(n))^2",0.81
849,1000,2,"T_Copula_Sine",2000,-1.5,"0.5(log(n))^2",0.74
850,1000,2,"T_Copula_Sine",2000,-1.5,"0.5(log(n))^2",0.57
851,1000,2,"T_Copula_Sine",2000,-1.5,"0.5(log(n))^2",0.54
852,1000,2,"T_Copula_Sine",2000,-1.5,"0.5(log(n))^2",0.18
853,1000,2,"T_Copula_Sine",2000,-1.5,"0.5(log(n))^2",0.02
854,1000,2,"T_Copula_Sine",2000,-1.5,"0.5(log(n))^2",0.07
855,1000,2,"T_Copula_Sine",2000,-1.5,"0.5(log(n))^2",0.78
856,1000,2,"T_Copula_Sine",2000,-1.5,"0.5(log(n))^2",0.09
857,1000,2,"T_Copula_Sine",2000,-1.5,"0.5(log(n))^2",0.21
858,1000,2,"T_Copula_Sine",2000,-1.5,"0.5(log(n))^2",0.12
859,1000,2,"T_Copula_Sine",2000,-1.5,"0.5(log(n))^2",0.36
860,1000,2,"T_Copula_Sine",2000,-1.5,"0.5(log(n))^2",0.94
861,1000,2,"T_Copula_Sine",2000,-1.5,"0.5(log(n))^2",0.95
862,1000,2,"T_Copula_Sine",2000,-1.5,"0.5(log(n))^2",0.47
863,1000,2,"T_Copula_Sine",2000,-1.5,"0.5(log(n))^2",0.69
864,1000,2,"T_Copula_Sine",2000,-1.5,"0.5(log(n))^2",0.5
865,1000,2,"T_Copula_Sine",2000,-1.5,"0.5(log(n))^2",0.19
866,1000,2,"T_Copula_Sine",2000,-1.5,"0.5(log(n))^2",0.31
867,1000,2,"T_Copula_Sine",2000,-1.5,"0.5(log(n))^2",0.56
868,1000,2,"T_Copula_Sine",2000,-1.5,"0.5(log(n))^2",0.46
869,1000,2,"T_Copula_Sine",2000,-1.5,"0.5(log(n))^2",0.51
870,1000,2,"T_Copula_Sine",2000,-1.5,"0.5(log(n))^2",0.41
871,1000,2,"T_Copula_Sine",2000,-1.5,"0.5(log(n))^2",1
872,1000,2,"T_Copula_Sine",2000,-1.5,"0.5(log(n))^2",0.69
873,1000,2,"T_Copula_Sine",2000,-1.5,"0.5(log(n))^2",0.85
874,1000,2,"T_Copula_Sine",2000,-1.5,"0.5(log(n))^2",0.83
875,1000,2,"T_Copula_Sine",2000,-1.5,"0.5(log(n))^2",0.73
876,1000,2,"T_Copula_Sine",2000,-1.5,"0.5(log(n))^2",0.71
877,1000,2,"T_Copula_Sine",2000,-1.5,"0.5(log(n))^2",0.47
878,1000,2,"T_Copula_Sine",2000,-1.5,"0.5(log(n))^2",0.57
879,1000,2,"T_Copula_Sine",2000,-1.5,"0.5(log(n))^2",0.33
880,1000,2,"T_Copula_Sine",2000,-1.5,"0.5(log(n))^2",0.85
881,1000,2,"T_Copula_Sine",2000,-1.5,"0.5(log(n))^2",0.18
882,1000,2,"T_Copula_Sine",2000,-1.5,"0.5(log(n))^2",0.27
883,1000,2,"T_Copula_Sine",2000,-1.5,"0.5(log(n))^2",0.07
884,1000,2,"T_Copula_Sine",2000,-1.5,"0.5(log(n))^2",0.11
885,1000,2,"T_Copula_Sine",2000,-1.5,"0.5(log(n))^2",0.63
886,1000,2,"T_Copula_Sine",2000,-1.5,"0.5(log(n))^2",0.26
887,1000,2,"T_Copula_Sine",2000,-1.5,"0.5(log(n))^2",0.48
888,1000,2,"T_Copula_Sine",2000,-1.5,"0.5(log(n))^2",0.25
889,1000,2,"T_Copula_Sine",2000,-1.5,"0.5(log(n))^2",0.64
890,1000,2,"T_Copula_Sine",2000,-1.5,"0.5(log(n))^2",0.74
891,1000,2,"T_Copula_Sine",2000,-1.5,"0.5(log(n))^2",0.93
892,1000,2,"T_Copula_Sine",2000,-1.5,"0.5(log(n))^2",0.7
893,1000,2,"T_Copula_Sine",2000,-1.5,"0.5(log(n))^2",0.88
894,1000,2,"T_Copula_Sine",2000,-1.5,"0.5(log(n))^2",0.34
895,1000,2,"T_Copula_Sine",2000,-1.5,"0.5(log(n))^2",0.37
896,1000,2,"T_Copula_Sine",2000,-1.5,"0.5(log(n))^2",0.49
897,1000,2,"T_Copula_Sine",2000,-1.5,"0.5(log(n))^2",0.84
898,1000,2,"T_Copula_Sine",2000,-1.5,"0.5(log(n))^2",0.23
899,1000,2,"T_Copula_Sine",2000,-1.5,"0.5(log(n))^2",0.24
900,1000,2,"T_Copula_Sine",2000,-1.5,"0.5(log(n))^2",0.83
901,1000,2,"T_Copula_Sine",2000,-1.5,"0.5(log(n))^2",0.56
902,1000,2,"T_Copula_Sine",2000,-1.5,"0.5(log(n))^2",0.69
903,1000,2,"T_Copula_Sine",2000,-1.5,"0.5(log(n))^2",0.85
904,1000,2,"T_Copula_Sine",2000,-1.5,"0.5(log(n))^2",0.72
905,1000,2,"T_Copula_Sine",2000,-1.5,"0.5(log(n))^2",0.67
906,1000,2,"T_Copula_Sine",2000,-1.5,"0.5(log(n))^2",0.88
907,1000,2,"T_Copula_Sine",2000,-1.5,"0.5(log(n))^2",0.31
908,1000,2,"T_Copula_Sine",2000,-1.5,"0.5(log(n))^2",0.6
909,1000,2,"T_Copula_Sine",2000,-1.5,"0.5(log(n))^2",0.93
910,1000,2,"T_Copula_Sine",2000,-1.5,"0.5(log(n))^2",0.87
911,1000,2,"T_Copula_Sine",2000,-1.5,"0.5(log(n))^2",0.32
912,1000,2,"T_Copula_Sine",2000,-1.5,"0.5(log(n))^2",0.29
913,1000,2,"T_Copula_Sine",2000,-1.5,"0.5(log(n))^2",0.52
914,1000,2,"T_Copula_Sine",2000,-1.5,"0.5(log(n))^2",0.72
915,1000,2,"T_Copula_Sine",2000,-1.5,"0.5(log(n))^2",0.26
916,1000,2,"T_Copula_Sine",2000,-1.5,"0.5(log(n))^2",0.86
917,1000,2,"T_Copula_Sine",2000,-1.5,"0.5(log(n))^2",0.29
918,1000,2,"T_Copula_Sine",2000,-1.5,"0.5(log(n))^2",0.36
919,1000,2,"T_Copula_Sine",2000,-1.5,"0.5(log(n))^2",0.83
920,1000,2,"T_Copula_Sine",2000,-1.5,"0.5(log(n))^2",0.52
921,1000,2,"T_Copula_Sine",2000,-1.5,"0.5(log(n))^2",0.8
922,1000,2,"T_Copula_Sine",2000,-1.5,"0.5(log(n))^2",0.06
923,1000,2,"T_Copula_Sine",2000,-1.5,"0.5(log(n))^2",0.58
924,1000,2,"T_Copula_Sine",2000,-1.5,"0.5(log(n))^2",0.02
925,1000,2,"T_Copula_Sine",2000,-1.5,"0.5(log(n))^2",0.77
926,1000,2,"T_Copula_Sine",2000,-1.5,"0.5(log(n))^2",0.93
927,1000,2,"T_Copula_Sine",2000,-1.5,"0.5(log(n))^2",0.47
928,1000,2,"T_Copula_Sine",2000,-1.5,"0.5(log(n))^2",0.75
929,1000,2,"T_Copula_Sine",2000,-1.5,"0.5(log(n))^2",0.27
930,1000,2,"T_Copula_Sine",2000,-1.5,"0.5(log(n))^2",0.8
931,1000,2,"T_Copula_Sine",2000,-1.5,"0.5(log(n))^2",0.9
932,1000,2,"T_Copula_Sine",2000,-1.5,"0.5(log(n))^2",0.81
933,1000,2,"T_Copula_Sine",2000,-1.5,"0.5(log(n))^2",0.07
934,1000,2,"T_Copula_Sine",2000,-1.5,"0.5(log(n))^2",0.04
935,1000,2,"T_Copula_Sine",2000,-1.5,"0.5(log(n))^2",0.29
936,1000,2,"T_Copula_Sine",2000,-1.5,"0.5(log(n))^2",0.96
937,1000,2,"T_Copula_Sine",2000,-1.5,"0.5(log(n))^2",0.68
938,1000,2,"T_Copula_Sine",2000,-1.5,"0.5(log(n))^2",0.35
939,1000,2,"T_Copula_Sine",2000,-1.5,"0.5(log(n))^2",0.34
940,1000,2,"T_Copula_Sine",2000,-1.5,"0.5(log(n))^2",0.82
941,1000,2,"T_Copula_Sine",2000,-1.5,"0.5(log(n))^2",0.22
942,1000,2,"T_Copula_Sine",2000,-1.5,"0.5(log(n))^2",0.7
943,1000,2,"T_Copula_Sine",2000,-1.5,"0.5(log(n))^2",0.34
944,1000,2,"T_Copula_Sine",2000,-1.5,"0.5(log(n))^2",0.89
945,1000,2,"T_Copula_Sine",2000,-1.5,"0.5(log(n))^2",0.33
946,1000,2,"T_Copula_Sine",2000,-1.5,"0.5(log(n))^2",0.79
947,1000,2,"T_Copula_Sine",2000,-1.5,"0.5(log(n))^2",0.34
948,1000,2,"T_Copula_Sine",2000,-1.5,"0.5(log(n))^2",0.21
949,1000,2,"T_Copula_Sine",2000,-1.5,"0.5(log(n))^2",0.78
950,1000,2,"T_Copula_Sine",2000,-1.5,"0.5(log(n))^2",0.61
951,1000,2,"T_Copula_Sine",2000,-1.5,"0.5(log(n))^2",0.29
952,1000,2,"T_Copula_Sine",2000,-1.5,"0.5(log(n))^2",0.51
953,1000,2,"T_Copula_Sine",2000,-1.5,"0.5(log(n))^2",0.43
954,1000,2,"T_Copula_Sine",2000,-1.5,"0.5(log(n))^2",0.42
955,1000,2,"T_Copula_Sine",2000,-1.5,"0.5(log(n))^2",0.08
956,1000,2,"T_Copula_Sine",2000,-1.5,"0.5(log(n))^2",0.81
957,1000,2,"T_Copula_Sine",2000,-1.5,"0.5(log(n))^2",0.2
958,1000,2,"T_Copula_Sine",2000,-1.5,"0.5(log(n))^2",0.36
959,1000,2,"T_Copula_Sine",2000,-1.5,"0.5(log(n))^2",0
960,1000,2,"T_Copula_Sine",2000,-1.5,"0.5(log(n))^2",0.46
961,1000,2,"T_Copula_Sine",2000,-1.5,"0.5(log(n))^2",0.56
962,1000,2,"T_Copula_Sine",2000,-1.5,"0.5(log(n))^2",0.4
963,1000,2,"T_Copula_Sine",2000,-1.5,"0.5(log(n))^2",0.72
964,1000,2,"T_Copula_Sine",2000,-1.5,"0.5(log(n))^2",0.5
965,1000,2,"T_Copula_Sine",2000,-1.5,"0.5(log(n))^2",0.93
966,1000,2,"T_Copula_Sine",2000,-1.5,"0.5(log(n))^2",0.71
967,1000,2,"T_Copula_Sine",2000,-1.5,"0.5(log(n))^2",0.63
968,1000,2,"T_Copula_Sine",2000,-1.5,"0.5(log(n))^2",0.4
969,1000,2,"T_Copula_Sine",2000,-1.5,"0.5(log(n))^2",0.52
970,1000,2,"T_Copula_Sine",2000,-1.5,"0.5(log(n))^2",0.21
971,1000,2,"T_Copula_Sine",2000,-1.5,"0.5(log(n))^2",0.63
972,1000,2,"T_Copula_Sine",2000,-1.5,"0.5(log(n))^2",0.94
973,1000,2,"T_Copula_Sine",2000,-1.5,"0.5(log(n))^2",1
974,1000,2,"T_Copula_Sine",2000,-1.5,"0.5(log(n))^2",0.25
975,1000,2,"T_Copula_Sine",2000,-1.5,"0.5(log(n))^2",0.39
976,1000,2,"T_Copula_Sine",2000,-1.5,"0.5(log(n))^2",0.12
977,1000,2,"T_Copula_Sine",2000,-1.5,"0.5(log(n))^2",0.49
978,1000,2,"T_Copula_Sine",2000,-1.5,"0.5(log(n))^2",0.75
979,1000,2,"T_Copula_Sine",2000,-1.5,"0.5(log(n))^2",0.4
980,1000,2,"T_Copula_Sine",2000,-1.5,"0.5(log(n))^2",0.69
981,1000,2,"T_Copula_Sine",2000,-1.5,"0.5(log(n))^2",0.46
982,1000,2,"T_Copula_Sine",2000,-1.5,"0.5(log(n))^2",0.62
983,1000,2,"T_Copula_Sine",2000,-1.5,"0.5(log(n))^2",0.64
984,1000,2,"T_Copula_Sine",2000,-1.5,"0.5(log(n))^2",0.39
985,1000,2,"T_Copula_Sine",2000,-1.5,"0.5(log(n))^2",0.97
986,1000,2,"T_Copula_Sine",2000,-1.5,"0.5(log(n))^2",0.09
987,1000,2,"T_Copula_Sine",2000,-1.5,"0.5(log(n))^2",0.75
988,1000,2,"T_Copula_Sine",2000,-1.5,"0.5(log(n))^2",0.55
989,1000,2,"T_Copula_Sine",2000,-1.5,"0.5(log(n))^2",0.59
990,1000,2,"T_Copula_Sine",2000,-1.5,"0.5(log(n))^2",0.61
991,1000,2,"T_Copula_Sine",2000,-1.5,"0.5(log(n))^2",0.05
992,1000,2,"T_Copula_Sine",2000,-1.5,"0.5(log(n))^2",0.73
993,1000,2,"T_Copula_Sine",2000,-1.5,"0.5(log(n))^2",0.64
994,1000,2,"T_Copula_Sine",2000,-1.5,"0.5(log(n))^2",0.79
995,1000,2,"T_Copula_Sine",2000,-1.5,"0.5(log(n))^2",0.13
996,1000,2,"T_Copula_Sine",2000,-1.5,"0.5(log(n))^2",0.9
997,1000,2,"T_Copula_Sine",2000,-1.5,"0.5(log(n))^2",0.57
998,1000,2,"T_Copula_Sine",2000,-1.5,"0.5(log(n))^2",0.5
999,1000,2,"T_Copula_Sine",2000,-1.5,"0.5(log(n))^2",0.39
1000,1000,2,"T_Copula_Sine",2000,-1.5,"0.5(log(n))^2",0.92
1,1000,2,"T_Copula_Sine",2000,-1.5,"0.25(log(n))^2",0.06
2,1000,2,"T_Copula_Sine",2000,-1.5,"0.25(log(n))^2",0.94
3,1000,2,"T_Copula_Sine",2000,-1.5,"0.25(log(n))^2",0.96
4,1000,2,"T_Copula_Sine",2000,-1.5,"0.25(log(n))^2",0.23
5,1000,2,"T_Copula_Sine",2000,-1.5,"0.25(log(n))^2",0.17
6,1000,2,"T_Copula_Sine",2000,-1.5,"0.25(log(n))^2",0.88
7,1000,2,"T_Copula_Sine",2000,-1.5,"0.25(log(n))^2",0.25
8,1000,2,"T_Copula_Sine",2000,-1.5,"0.25(log(n))^2",0.47
9,1000,2,"T_Copula_Sine",2000,-1.5,"0.25(log(n))^2",0.02
10,1000,2,"T_Copula_Sine",2000,-1.5,"0.25(log(n))^2",0.76
11,1000,2,"T_Copula_Sine",2000,-1.5,"0.25(log(n))^2",0
12,1000,2,"T_Copula_Sine",2000,-1.5,"0.25(log(n))^2",0.54
13,1000,2,"T_Copula_Sine",2000,-1.5,"0.25(log(n))^2",0.65
14,1000,2,"T_Copula_Sine",2000,-1.5,"0.25(log(n))^2",0.89
15,1000,2,"T_Copula_Sine",2000,-1.5,"0.25(log(n))^2",0.52
16,1000,2,"T_Copula_Sine",2000,-1.5,"0.25(log(n))^2",0.95
17,1000,2,"T_Copula_Sine",2000,-1.5,"0.25(log(n))^2",0.29
18,1000,2,"T_Copula_Sine",2000,-1.5,"0.25(log(n))^2",0.29
19,1000,2,"T_Copula_Sine",2000,-1.5,"0.25(log(n))^2",0.13
20,1000,2,"T_Copula_Sine",2000,-1.5,"0.25(log(n))^2",0.25
21,1000,2,"T_Copula_Sine",2000,-1.5,"0.25(log(n))^2",0.65
22,1000,2,"T_Copula_Sine",2000,-1.5,"0.25(log(n))^2",0.22
23,1000,2,"T_Copula_Sine",2000,-1.5,"0.25(log(n))^2",0.54
24,1000,2,"T_Copula_Sine",2000,-1.5,"0.25(log(n))^2",0.08
25,1000,2,"T_Copula_Sine",2000,-1.5,"0.25(log(n))^2",0.39
26,1000,2,"T_Copula_Sine",2000,-1.5,"0.25(log(n))^2",0.92
27,1000,2,"T_Copula_Sine",2000,-1.5,"0.25(log(n))^2",0.78
28,1000,2,"T_Copula_Sine",2000,-1.5,"0.25(log(n))^2",0.39
29,1000,2,"T_Copula_Sine",2000,-1.5,"0.25(log(n))^2",0.28
30,1000,2,"T_Copula_Sine",2000,-1.5,"0.25(log(n))^2",0.62
31,1000,2,"T_Copula_Sine",2000,-1.5,"0.25(log(n))^2",0.76
32,1000,2,"T_Copula_Sine",2000,-1.5,"0.25(log(n))^2",0.92
33,1000,2,"T_Copula_Sine",2000,-1.5,"0.25(log(n))^2",0.93
34,1000,2,"T_Copula_Sine",2000,-1.5,"0.25(log(n))^2",0.35
35,1000,2,"T_Copula_Sine",2000,-1.5,"0.25(log(n))^2",0.16
36,1000,2,"T_Copula_Sine",2000,-1.5,"0.25(log(n))^2",0.42
37,1000,2,"T_Copula_Sine",2000,-1.5,"0.25(log(n))^2",0.8
38,1000,2,"T_Copula_Sine",2000,-1.5,"0.25(log(n))^2",0.32
39,1000,2,"T_Copula_Sine",2000,-1.5,"0.25(log(n))^2",0.56
40,1000,2,"T_Copula_Sine",2000,-1.5,"0.25(log(n))^2",0.2
41,1000,2,"T_Copula_Sine",2000,-1.5,"0.25(log(n))^2",0.18
42,1000,2,"T_Copula_Sine",2000,-1.5,"0.25(log(n))^2",0.66
43,1000,2,"T_Copula_Sine",2000,-1.5,"0.25(log(n))^2",0.7
44,1000,2,"T_Copula_Sine",2000,-1.5,"0.25(log(n))^2",0.76
45,1000,2,"T_Copula_Sine",2000,-1.5,"0.25(log(n))^2",0.51
46,1000,2,"T_Copula_Sine",2000,-1.5,"0.25(log(n))^2",0
47,1000,2,"T_Copula_Sine",2000,-1.5,"0.25(log(n))^2",0.19
48,1000,2,"T_Copula_Sine",2000,-1.5,"0.25(log(n))^2",0.75
49,1000,2,"T_Copula_Sine",2000,-1.5,"0.25(log(n))^2",0.93
50,1000,2,"T_Copula_Sine",2000,-1.5,"0.25(log(n))^2",0.59
51,1000,2,"T_Copula_Sine",2000,-1.5,"0.25(log(n))^2",0.91
52,1000,2,"T_Copula_Sine",2000,-1.5,"0.25(log(n))^2",0.77
53,1000,2,"T_Copula_Sine",2000,-1.5,"0.25(log(n))^2",0.4
54,1000,2,"T_Copula_Sine",2000,-1.5,"0.25(log(n))^2",0.16
55,1000,2,"T_Copula_Sine",2000,-1.5,"0.25(log(n))^2",0.9
56,1000,2,"T_Copula_Sine",2000,-1.5,"0.25(log(n))^2",0.57
57,1000,2,"T_Copula_Sine",2000,-1.5,"0.25(log(n))^2",0.32
58,1000,2,"T_Copula_Sine",2000,-1.5,"0.25(log(n))^2",0.42
59,1000,2,"T_Copula_Sine",2000,-1.5,"0.25(log(n))^2",0.44
60,1000,2,"T_Copula_Sine",2000,-1.5,"0.25(log(n))^2",0.5
61,1000,2,"T_Copula_Sine",2000,-1.5,"0.25(log(n))^2",0.92
62,1000,2,"T_Copula_Sine",2000,-1.5,"0.25(log(n))^2",0.91
63,1000,2,"T_Copula_Sine",2000,-1.5,"0.25(log(n))^2",0.82
64,1000,2,"T_Copula_Sine",2000,-1.5,"0.25(log(n))^2",0.43
65,1000,2,"T_Copula_Sine",2000,-1.5,"0.25(log(n))^2",0.88
66,1000,2,"T_Copula_Sine",2000,-1.5,"0.25(log(n))^2",0.82
67,1000,2,"T_Copula_Sine",2000,-1.5,"0.25(log(n))^2",0.09
68,1000,2,"T_Copula_Sine",2000,-1.5,"0.25(log(n))^2",0.84
69,1000,2,"T_Copula_Sine",2000,-1.5,"0.25(log(n))^2",0.61
70,1000,2,"T_Copula_Sine",2000,-1.5,"0.25(log(n))^2",0.59
71,1000,2,"T_Copula_Sine",2000,-1.5,"0.25(log(n))^2",0.26
72,1000,2,"T_Copula_Sine",2000,-1.5,"0.25(log(n))^2",0.62
73,1000,2,"T_Copula_Sine",2000,-1.5,"0.25(log(n))^2",0.11
74,1000,2,"T_Copula_Sine",2000,-1.5,"0.25(log(n))^2",0.5
75,1000,2,"T_Copula_Sine",2000,-1.5,"0.25(log(n))^2",0.68
76,1000,2,"T_Copula_Sine",2000,-1.5,"0.25(log(n))^2",0.89
77,1000,2,"T_Copula_Sine",2000,-1.5,"0.25(log(n))^2",0.22
78,1000,2,"T_Copula_Sine",2000,-1.5,"0.25(log(n))^2",0.27
79,1000,2,"T_Copula_Sine",2000,-1.5,"0.25(log(n))^2",0.82
80,1000,2,"T_Copula_Sine",2000,-1.5,"0.25(log(n))^2",0.39
81,1000,2,"T_Copula_Sine",2000,-1.5,"0.25(log(n))^2",0.31
82,1000,2,"T_Copula_Sine",2000,-1.5,"0.25(log(n))^2",0.27
83,1000,2,"T_Copula_Sine",2000,-1.5,"0.25(log(n))^2",0.22
84,1000,2,"T_Copula_Sine",2000,-1.5,"0.25(log(n))^2",0.77
85,1000,2,"T_Copula_Sine",2000,-1.5,"0.25(log(n))^2",0.84
86,1000,2,"T_Copula_Sine",2000,-1.5,"0.25(log(n))^2",0.8
87,1000,2,"T_Copula_Sine",2000,-1.5,"0.25(log(n))^2",0.48
88,1000,2,"T_Copula_Sine",2000,-1.5,"0.25(log(n))^2",0.46
89,1000,2,"T_Copula_Sine",2000,-1.5,"0.25(log(n))^2",0.48
90,1000,2,"T_Copula_Sine",2000,-1.5,"0.25(log(n))^2",0.46
91,1000,2,"T_Copula_Sine",2000,-1.5,"0.25(log(n))^2",0.87
92,1000,2,"T_Copula_Sine",2000,-1.5,"0.25(log(n))^2",0.5
93,1000,2,"T_Copula_Sine",2000,-1.5,"0.25(log(n))^2",0.48
94,1000,2,"T_Copula_Sine",2000,-1.5,"0.25(log(n))^2",0.07
95,1000,2,"T_Copula_Sine",2000,-1.5,"0.25(log(n))^2",0.07
96,1000,2,"T_Copula_Sine",2000,-1.5,"0.25(log(n))^2",0.94
97,1000,2,"T_Copula_Sine",2000,-1.5,"0.25(log(n))^2",0.26
98,1000,2,"T_Copula_Sine",2000,-1.5,"0.25(log(n))^2",0.76
99,1000,2,"T_Copula_Sine",2000,-1.5,"0.25(log(n))^2",0.67
100,1000,2,"T_Copula_Sine",2000,-1.5,"0.25(log(n))^2",0.57
101,1000,2,"T_Copula_Sine",2000,-1.5,"0.25(log(n))^2",0.16
102,1000,2,"T_Copula_Sine",2000,-1.5,"0.25(log(n))^2",0.98
103,1000,2,"T_Copula_Sine",2000,-1.5,"0.25(log(n))^2",0.71
104,1000,2,"T_Copula_Sine",2000,-1.5,"0.25(log(n))^2",0.53
105,1000,2,"T_Copula_Sine",2000,-1.5,"0.25(log(n))^2",0.19
106,1000,2,"T_Copula_Sine",2000,-1.5,"0.25(log(n))^2",0.54
107,1000,2,"T_Copula_Sine",2000,-1.5,"0.25(log(n))^2",0.79
108,1000,2,"T_Copula_Sine",2000,-1.5,"0.25(log(n))^2",0.45
109,1000,2,"T_Copula_Sine",2000,-1.5,"0.25(log(n))^2",0.1
110,1000,2,"T_Copula_Sine",2000,-1.5,"0.25(log(n))^2",0.91
111,1000,2,"T_Copula_Sine",2000,-1.5,"0.25(log(n))^2",0.61
112,1000,2,"T_Copula_Sine",2000,-1.5,"0.25(log(n))^2",0.05
113,1000,2,"T_Copula_Sine",2000,-1.5,"0.25(log(n))^2",0.29
114,1000,2,"T_Copula_Sine",2000,-1.5,"0.25(log(n))^2",0.43
115,1000,2,"T_Copula_Sine",2000,-1.5,"0.25(log(n))^2",0.88
116,1000,2,"T_Copula_Sine",2000,-1.5,"0.25(log(n))^2",0.05
117,1000,2,"T_Copula_Sine",2000,-1.5,"0.25(log(n))^2",0.61
118,1000,2,"T_Copula_Sine",2000,-1.5,"0.25(log(n))^2",0.5
119,1000,2,"T_Copula_Sine",2000,-1.5,"0.25(log(n))^2",0.09
120,1000,2,"T_Copula_Sine",2000,-1.5,"0.25(log(n))^2",0.77
121,1000,2,"T_Copula_Sine",2000,-1.5,"0.25(log(n))^2",0.83
122,1000,2,"T_Copula_Sine",2000,-1.5,"0.25(log(n))^2",0.76
123,1000,2,"T_Copula_Sine",2000,-1.5,"0.25(log(n))^2",0.21
124,1000,2,"T_Copula_Sine",2000,-1.5,"0.25(log(n))^2",0.4
125,1000,2,"T_Copula_Sine",2000,-1.5,"0.25(log(n))^2",0.32
126,1000,2,"T_Copula_Sine",2000,-1.5,"0.25(log(n))^2",0.6
127,1000,2,"T_Copula_Sine",2000,-1.5,"0.25(log(n))^2",0.85
128,1000,2,"T_Copula_Sine",2000,-1.5,"0.25(log(n))^2",0.1
129,1000,2,"T_Copula_Sine",2000,-1.5,"0.25(log(n))^2",0.74
130,1000,2,"T_Copula_Sine",2000,-1.5,"0.25(log(n))^2",0.66
131,1000,2,"T_Copula_Sine",2000,-1.5,"0.25(log(n))^2",0.27
132,1000,2,"T_Copula_Sine",2000,-1.5,"0.25(log(n))^2",0.63
133,1000,2,"T_Copula_Sine",2000,-1.5,"0.25(log(n))^2",0.11
134,1000,2,"T_Copula_Sine",2000,-1.5,"0.25(log(n))^2",0.29
135,1000,2,"T_Copula_Sine",2000,-1.5,"0.25(log(n))^2",0.86
136,1000,2,"T_Copula_Sine",2000,-1.5,"0.25(log(n))^2",0.25
137,1000,2,"T_Copula_Sine",2000,-1.5,"0.25(log(n))^2",0.83
138,1000,2,"T_Copula_Sine",2000,-1.5,"0.25(log(n))^2",0.79
139,1000,2,"T_Copula_Sine",2000,-1.5,"0.25(log(n))^2",0.65
140,1000,2,"T_Copula_Sine",2000,-1.5,"0.25(log(n))^2",0.83
141,1000,2,"T_Copula_Sine",2000,-1.5,"0.25(log(n))^2",0.48
142,1000,2,"T_Copula_Sine",2000,-1.5,"0.25(log(n))^2",0.37
143,1000,2,"T_Copula_Sine",2000,-1.5,"0.25(log(n))^2",0
144,1000,2,"T_Copula_Sine",2000,-1.5,"0.25(log(n))^2",0.22
145,1000,2,"T_Copula_Sine",2000,-1.5,"0.25(log(n))^2",0.26
146,1000,2,"T_Copula_Sine",2000,-1.5,"0.25(log(n))^2",0.53
147,1000,2,"T_Copula_Sine",2000,-1.5,"0.25(log(n))^2",0.87
148,1000,2,"T_Copula_Sine",2000,-1.5,"0.25(log(n))^2",0.09
149,1000,2,"T_Copula_Sine",2000,-1.5,"0.25(log(n))^2",0.89
150,1000,2,"T_Copula_Sine",2000,-1.5,"0.25(log(n))^2",0.9
151,1000,2,"T_Copula_Sine",2000,-1.5,"0.25(log(n))^2",0.24
152,1000,2,"T_Copula_Sine",2000,-1.5,"0.25(log(n))^2",0.45
153,1000,2,"T_Copula_Sine",2000,-1.5,"0.25(log(n))^2",0.86
154,1000,2,"T_Copula_Sine",2000,-1.5,"0.25(log(n))^2",0.5
155,1000,2,"T_Copula_Sine",2000,-1.5,"0.25(log(n))^2",0.73
156,1000,2,"T_Copula_Sine",2000,-1.5,"0.25(log(n))^2",0.92
157,1000,2,"T_Copula_Sine",2000,-1.5,"0.25(log(n))^2",0.55
158,1000,2,"T_Copula_Sine",2000,-1.5,"0.25(log(n))^2",0.1
159,1000,2,"T_Copula_Sine",2000,-1.5,"0.25(log(n))^2",0.84
160,1000,2,"T_Copula_Sine",2000,-1.5,"0.25(log(n))^2",0.76
161,1000,2,"T_Copula_Sine",2000,-1.5,"0.25(log(n))^2",0.99
162,1000,2,"T_Copula_Sine",2000,-1.5,"0.25(log(n))^2",0.92
163,1000,2,"T_Copula_Sine",2000,-1.5,"0.25(log(n))^2",0.3
164,1000,2,"T_Copula_Sine",2000,-1.5,"0.25(log(n))^2",0.42
165,1000,2,"T_Copula_Sine",2000,-1.5,"0.25(log(n))^2",0.17
166,1000,2,"T_Copula_Sine",2000,-1.5,"0.25(log(n))^2",0.4
167,1000,2,"T_Copula_Sine",2000,-1.5,"0.25(log(n))^2",0.51
168,1000,2,"T_Copula_Sine",2000,-1.5,"0.25(log(n))^2",0.43
169,1000,2,"T_Copula_Sine",2000,-1.5,"0.25(log(n))^2",0.46
170,1000,2,"T_Copula_Sine",2000,-1.5,"0.25(log(n))^2",0.94
171,1000,2,"T_Copula_Sine",2000,-1.5,"0.25(log(n))^2",0.29
172,1000,2,"T_Copula_Sine",2000,-1.5,"0.25(log(n))^2",0.7
173,1000,2,"T_Copula_Sine",2000,-1.5,"0.25(log(n))^2",0.58
174,1000,2,"T_Copula_Sine",2000,-1.5,"0.25(log(n))^2",0.68
175,1000,2,"T_Copula_Sine",2000,-1.5,"0.25(log(n))^2",0.16
176,1000,2,"T_Copula_Sine",2000,-1.5,"0.25(log(n))^2",0.58
177,1000,2,"T_Copula_Sine",2000,-1.5,"0.25(log(n))^2",0.94
178,1000,2,"T_Copula_Sine",2000,-1.5,"0.25(log(n))^2",0.33
179,1000,2,"T_Copula_Sine",2000,-1.5,"0.25(log(n))^2",0.25
180,1000,2,"T_Copula_Sine",2000,-1.5,"0.25(log(n))^2",0.84
181,1000,2,"T_Copula_Sine",2000,-1.5,"0.25(log(n))^2",0.96
182,1000,2,"T_Copula_Sine",2000,-1.5,"0.25(log(n))^2",0.44
183,1000,2,"T_Copula_Sine",2000,-1.5,"0.25(log(n))^2",0.39
184,1000,2,"T_Copula_Sine",2000,-1.5,"0.25(log(n))^2",0.49
185,1000,2,"T_Copula_Sine",2000,-1.5,"0.25(log(n))^2",0.45
186,1000,2,"T_Copula_Sine",2000,-1.5,"0.25(log(n))^2",0.25
187,1000,2,"T_Copula_Sine",2000,-1.5,"0.25(log(n))^2",0.93
188,1000,2,"T_Copula_Sine",2000,-1.5,"0.25(log(n))^2",0.07
189,1000,2,"T_Copula_Sine",2000,-1.5,"0.25(log(n))^2",0.56
190,1000,2,"T_Copula_Sine",2000,-1.5,"0.25(log(n))^2",0.11
191,1000,2,"T_Copula_Sine",2000,-1.5,"0.25(log(n))^2",0.33
192,1000,2,"T_Copula_Sine",2000,-1.5,"0.25(log(n))^2",0.71
193,1000,2,"T_Copula_Sine",2000,-1.5,"0.25(log(n))^2",0.41
194,1000,2,"T_Copula_Sine",2000,-1.5,"0.25(log(n))^2",0.66
195,1000,2,"T_Copula_Sine",2000,-1.5,"0.25(log(n))^2",0.15
196,1000,2,"T_Copula_Sine",2000,-1.5,"0.25(log(n))^2",0.26
197,1000,2,"T_Copula_Sine",2000,-1.5,"0.25(log(n))^2",0.23
198,1000,2,"T_Copula_Sine",2000,-1.5,"0.25(log(n))^2",0.49
199,1000,2,"T_Copula_Sine",2000,-1.5,"0.25(log(n))^2",0.5
200,1000,2,"T_Copula_Sine",2000,-1.5,"0.25(log(n))^2",0.58
201,1000,2,"T_Copula_Sine",2000,-1.5,"0.25(log(n))^2",0.86
202,1000,2,"T_Copula_Sine",2000,-1.5,"0.25(log(n))^2",0.98
203,1000,2,"T_Copula_Sine",2000,-1.5,"0.25(log(n))^2",0.12
204,1000,2,"T_Copula_Sine",2000,-1.5,"0.25(log(n))^2",0.89
205,1000,2,"T_Copula_Sine",2000,-1.5,"0.25(log(n))^2",0.53
206,1000,2,"T_Copula_Sine",2000,-1.5,"0.25(log(n))^2",0.33
207,1000,2,"T_Copula_Sine",2000,-1.5,"0.25(log(n))^2",0.25
208,1000,2,"T_Copula_Sine",2000,-1.5,"0.25(log(n))^2",0.45
209,1000,2,"T_Copula_Sine",2000,-1.5,"0.25(log(n))^2",0.43
210,1000,2,"T_Copula_Sine",2000,-1.5,"0.25(log(n))^2",0.2
211,1000,2,"T_Copula_Sine",2000,-1.5,"0.25(log(n))^2",0.63
212,1000,2,"T_Copula_Sine",2000,-1.5,"0.25(log(n))^2",0.66
213,1000,2,"T_Copula_Sine",2000,-1.5,"0.25(log(n))^2",0.29
214,1000,2,"T_Copula_Sine",2000,-1.5,"0.25(log(n))^2",0.84
215,1000,2,"T_Copula_Sine",2000,-1.5,"0.25(log(n))^2",0.62
216,1000,2,"T_Copula_Sine",2000,-1.5,"0.25(log(n))^2",0.44
217,1000,2,"T_Copula_Sine",2000,-1.5,"0.25(log(n))^2",0.75
218,1000,2,"T_Copula_Sine",2000,-1.5,"0.25(log(n))^2",0.12
219,1000,2,"T_Copula_Sine",2000,-1.5,"0.25(log(n))^2",0.91
220,1000,2,"T_Copula_Sine",2000,-1.5,"0.25(log(n))^2",0.69
221,1000,2,"T_Copula_Sine",2000,-1.5,"0.25(log(n))^2",0.51
222,1000,2,"T_Copula_Sine",2000,-1.5,"0.25(log(n))^2",0.37
223,1000,2,"T_Copula_Sine",2000,-1.5,"0.25(log(n))^2",0.58
224,1000,2,"T_Copula_Sine",2000,-1.5,"0.25(log(n))^2",0.5
225,1000,2,"T_Copula_Sine",2000,-1.5,"0.25(log(n))^2",0.78
226,1000,2,"T_Copula_Sine",2000,-1.5,"0.25(log(n))^2",0.99
227,1000,2,"T_Copula_Sine",2000,-1.5,"0.25(log(n))^2",1
228,1000,2,"T_Copula_Sine",2000,-1.5,"0.25(log(n))^2",0.51
229,1000,2,"T_Copula_Sine",2000,-1.5,"0.25(log(n))^2",0.76
230,1000,2,"T_Copula_Sine",2000,-1.5,"0.25(log(n))^2",0.76
231,1000,2,"T_Copula_Sine",2000,-1.5,"0.25(log(n))^2",0.89
232,1000,2,"T_Copula_Sine",2000,-1.5,"0.25(log(n))^2",0.09
233,1000,2,"T_Copula_Sine",2000,-1.5,"0.25(log(n))^2",0.52
234,1000,2,"T_Copula_Sine",2000,-1.5,"0.25(log(n))^2",0.73
235,1000,2,"T_Copula_Sine",2000,-1.5,"0.25(log(n))^2",0.2
236,1000,2,"T_Copula_Sine",2000,-1.5,"0.25(log(n))^2",0.28
237,1000,2,"T_Copula_Sine",2000,-1.5,"0.25(log(n))^2",0.23
238,1000,2,"T_Copula_Sine",2000,-1.5,"0.25(log(n))^2",0.29
239,1000,2,"T_Copula_Sine",2000,-1.5,"0.25(log(n))^2",0.32
240,1000,2,"T_Copula_Sine",2000,-1.5,"0.25(log(n))^2",0.84
241,1000,2,"T_Copula_Sine",2000,-1.5,"0.25(log(n))^2",0.4
242,1000,2,"T_Copula_Sine",2000,-1.5,"0.25(log(n))^2",0.44
243,1000,2,"T_Copula_Sine",2000,-1.5,"0.25(log(n))^2",0.01
244,1000,2,"T_Copula_Sine",2000,-1.5,"0.25(log(n))^2",0.14
245,1000,2,"T_Copula_Sine",2000,-1.5,"0.25(log(n))^2",0.53
246,1000,2,"T_Copula_Sine",2000,-1.5,"0.25(log(n))^2",0.5
247,1000,2,"T_Copula_Sine",2000,-1.5,"0.25(log(n))^2",0.2
248,1000,2,"T_Copula_Sine",2000,-1.5,"0.25(log(n))^2",0.14
249,1000,2,"T_Copula_Sine",2000,-1.5,"0.25(log(n))^2",0.5
250,1000,2,"T_Copula_Sine",2000,-1.5,"0.25(log(n))^2",0.43
251,1000,2,"T_Copula_Sine",2000,-1.5,"0.25(log(n))^2",0.24
252,1000,2,"T_Copula_Sine",2000,-1.5,"0.25(log(n))^2",0.29
253,1000,2,"T_Copula_Sine",2000,-1.5,"0.25(log(n))^2",0.59
254,1000,2,"T_Copula_Sine",2000,-1.5,"0.25(log(n))^2",0.36
255,1000,2,"T_Copula_Sine",2000,-1.5,"0.25(log(n))^2",0.55
256,1000,2,"T_Copula_Sine",2000,-1.5,"0.25(log(n))^2",0.46
257,1000,2,"T_Copula_Sine",2000,-1.5,"0.25(log(n))^2",0.4
258,1000,2,"T_Copula_Sine",2000,-1.5,"0.25(log(n))^2",0.53
259,1000,2,"T_Copula_Sine",2000,-1.5,"0.25(log(n))^2",0.54
260,1000,2,"T_Copula_Sine",2000,-1.5,"0.25(log(n))^2",0.28
261,1000,2,"T_Copula_Sine",2000,-1.5,"0.25(log(n))^2",0.73
262,1000,2,"T_Copula_Sine",2000,-1.5,"0.25(log(n))^2",0.12
263,1000,2,"T_Copula_Sine",2000,-1.5,"0.25(log(n))^2",0.34
264,1000,2,"T_Copula_Sine",2000,-1.5,"0.25(log(n))^2",0.57
265,1000,2,"T_Copula_Sine",2000,-1.5,"0.25(log(n))^2",0.69
266,1000,2,"T_Copula_Sine",2000,-1.5,"0.25(log(n))^2",0.53
267,1000,2,"T_Copula_Sine",2000,-1.5,"0.25(log(n))^2",0.38
268,1000,2,"T_Copula_Sine",2000,-1.5,"0.25(log(n))^2",0.74
269,1000,2,"T_Copula_Sine",2000,-1.5,"0.25(log(n))^2",0.55
270,1000,2,"T_Copula_Sine",2000,-1.5,"0.25(log(n))^2",0.29
271,1000,2,"T_Copula_Sine",2000,-1.5,"0.25(log(n))^2",0.82
272,1000,2,"T_Copula_Sine",2000,-1.5,"0.25(log(n))^2",0.53
273,1000,2,"T_Copula_Sine",2000,-1.5,"0.25(log(n))^2",0.37
274,1000,2,"T_Copula_Sine",2000,-1.5,"0.25(log(n))^2",0.74
275,1000,2,"T_Copula_Sine",2000,-1.5,"0.25(log(n))^2",0.74
276,1000,2,"T_Copula_Sine",2000,-1.5,"0.25(log(n))^2",0.82
277,1000,2,"T_Copula_Sine",2000,-1.5,"0.25(log(n))^2",0.51
278,1000,2,"T_Copula_Sine",2000,-1.5,"0.25(log(n))^2",0.23
279,1000,2,"T_Copula_Sine",2000,-1.5,"0.25(log(n))^2",0.48
280,1000,2,"T_Copula_Sine",2000,-1.5,"0.25(log(n))^2",0.28
281,1000,2,"T_Copula_Sine",2000,-1.5,"0.25(log(n))^2",0.75
282,1000,2,"T_Copula_Sine",2000,-1.5,"0.25(log(n))^2",0.33
283,1000,2,"T_Copula_Sine",2000,-1.5,"0.25(log(n))^2",0.8
284,1000,2,"T_Copula_Sine",2000,-1.5,"0.25(log(n))^2",0.77
285,1000,2,"T_Copula_Sine",2000,-1.5,"0.25(log(n))^2",0.32
286,1000,2,"T_Copula_Sine",2000,-1.5,"0.25(log(n))^2",0.26
287,1000,2,"T_Copula_Sine",2000,-1.5,"0.25(log(n))^2",0.17
288,1000,2,"T_Copula_Sine",2000,-1.5,"0.25(log(n))^2",0.92
289,1000,2,"T_Copula_Sine",2000,-1.5,"0.25(log(n))^2",0.69
290,1000,2,"T_Copula_Sine",2000,-1.5,"0.25(log(n))^2",0.64
291,1000,2,"T_Copula_Sine",2000,-1.5,"0.25(log(n))^2",1
292,1000,2,"T_Copula_Sine",2000,-1.5,"0.25(log(n))^2",0.41
293,1000,2,"T_Copula_Sine",2000,-1.5,"0.25(log(n))^2",0.28
294,1000,2,"T_Copula_Sine",2000,-1.5,"0.25(log(n))^2",0.42
295,1000,2,"T_Copula_Sine",2000,-1.5,"0.25(log(n))^2",0.42
296,1000,2,"T_Copula_Sine",2000,-1.5,"0.25(log(n))^2",0.18
297,1000,2,"T_Copula_Sine",2000,-1.5,"0.25(log(n))^2",0.95
298,1000,2,"T_Copula_Sine",2000,-1.5,"0.25(log(n))^2",0.01
299,1000,2,"T_Copula_Sine",2000,-1.5,"0.25(log(n))^2",0.8
300,1000,2,"T_Copula_Sine",2000,-1.5,"0.25(log(n))^2",0.9
301,1000,2,"T_Copula_Sine",2000,-1.5,"0.25(log(n))^2",0.07
302,1000,2,"T_Copula_Sine",2000,-1.5,"0.25(log(n))^2",0.05
303,1000,2,"T_Copula_Sine",2000,-1.5,"0.25(log(n))^2",0.91
304,1000,2,"T_Copula_Sine",2000,-1.5,"0.25(log(n))^2",0.56
305,1000,2,"T_Copula_Sine",2000,-1.5,"0.25(log(n))^2",0.07
306,1000,2,"T_Copula_Sine",2000,-1.5,"0.25(log(n))^2",0.31
307,1000,2,"T_Copula_Sine",2000,-1.5,"0.25(log(n))^2",0.86
308,1000,2,"T_Copula_Sine",2000,-1.5,"0.25(log(n))^2",0.31
309,1000,2,"T_Copula_Sine",2000,-1.5,"0.25(log(n))^2",0.68
310,1000,2,"T_Copula_Sine",2000,-1.5,"0.25(log(n))^2",0.33
311,1000,2,"T_Copula_Sine",2000,-1.5,"0.25(log(n))^2",0.24
312,1000,2,"T_Copula_Sine",2000,-1.5,"0.25(log(n))^2",0.39
313,1000,2,"T_Copula_Sine",2000,-1.5,"0.25(log(n))^2",0.79
314,1000,2,"T_Copula_Sine",2000,-1.5,"0.25(log(n))^2",0.53
315,1000,2,"T_Copula_Sine",2000,-1.5,"0.25(log(n))^2",0.92
316,1000,2,"T_Copula_Sine",2000,-1.5,"0.25(log(n))^2",0.68
317,1000,2,"T_Copula_Sine",2000,-1.5,"0.25(log(n))^2",0.44
318,1000,2,"T_Copula_Sine",2000,-1.5,"0.25(log(n))^2",0.56
319,1000,2,"T_Copula_Sine",2000,-1.5,"0.25(log(n))^2",0.55
320,1000,2,"T_Copula_Sine",2000,-1.5,"0.25(log(n))^2",0.29
321,1000,2,"T_Copula_Sine",2000,-1.5,"0.25(log(n))^2",0.47
322,1000,2,"T_Copula_Sine",2000,-1.5,"0.25(log(n))^2",0.43
323,1000,2,"T_Copula_Sine",2000,-1.5,"0.25(log(n))^2",0.95
324,1000,2,"T_Copula_Sine",2000,-1.5,"0.25(log(n))^2",0.88
325,1000,2,"T_Copula_Sine",2000,-1.5,"0.25(log(n))^2",0.76
326,1000,2,"T_Copula_Sine",2000,-1.5,"0.25(log(n))^2",0.49
327,1000,2,"T_Copula_Sine",2000,-1.5,"0.25(log(n))^2",0.4
328,1000,2,"T_Copula_Sine",2000,-1.5,"0.25(log(n))^2",0.38
329,1000,2,"T_Copula_Sine",2000,-1.5,"0.25(log(n))^2",0.39
330,1000,2,"T_Copula_Sine",2000,-1.5,"0.25(log(n))^2",0.74
331,1000,2,"T_Copula_Sine",2000,-1.5,"0.25(log(n))^2",0.43
332,1000,2,"T_Copula_Sine",2000,-1.5,"0.25(log(n))^2",0.48
333,1000,2,"T_Copula_Sine",2000,-1.5,"0.25(log(n))^2",0.56
334,1000,2,"T_Copula_Sine",2000,-1.5,"0.25(log(n))^2",0.26
335,1000,2,"T_Copula_Sine",2000,-1.5,"0.25(log(n))^2",0.65
336,1000,2,"T_Copula_Sine",2000,-1.5,"0.25(log(n))^2",0.7
337,1000,2,"T_Copula_Sine",2000,-1.5,"0.25(log(n))^2",0.78
338,1000,2,"T_Copula_Sine",2000,-1.5,"0.25(log(n))^2",0.84
339,1000,2,"T_Copula_Sine",2000,-1.5,"0.25(log(n))^2",0.05
340,1000,2,"T_Copula_Sine",2000,-1.5,"0.25(log(n))^2",0.61
341,1000,2,"T_Copula_Sine",2000,-1.5,"0.25(log(n))^2",0.13
342,1000,2,"T_Copula_Sine",2000,-1.5,"0.25(log(n))^2",0.7
343,1000,2,"T_Copula_Sine",2000,-1.5,"0.25(log(n))^2",0.78
344,1000,2,"T_Copula_Sine",2000,-1.5,"0.25(log(n))^2",0.28
345,1000,2,"T_Copula_Sine",2000,-1.5,"0.25(log(n))^2",0.83
346,1000,2,"T_Copula_Sine",2000,-1.5,"0.25(log(n))^2",0.42
347,1000,2,"T_Copula_Sine",2000,-1.5,"0.25(log(n))^2",0.58
348,1000,2,"T_Copula_Sine",2000,-1.5,"0.25(log(n))^2",0.57
349,1000,2,"T_Copula_Sine",2000,-1.5,"0.25(log(n))^2",0.84
350,1000,2,"T_Copula_Sine",2000,-1.5,"0.25(log(n))^2",0.91
351,1000,2,"T_Copula_Sine",2000,-1.5,"0.25(log(n))^2",0.67
352,1000,2,"T_Copula_Sine",2000,-1.5,"0.25(log(n))^2",0.03
353,1000,2,"T_Copula_Sine",2000,-1.5,"0.25(log(n))^2",0.88
354,1000,2,"T_Copula_Sine",2000,-1.5,"0.25(log(n))^2",0.93
355,1000,2,"T_Copula_Sine",2000,-1.5,"0.25(log(n))^2",0.88
356,1000,2,"T_Copula_Sine",2000,-1.5,"0.25(log(n))^2",0
357,1000,2,"T_Copula_Sine",2000,-1.5,"0.25(log(n))^2",0.51
358,1000,2,"T_Copula_Sine",2000,-1.5,"0.25(log(n))^2",0.68
359,1000,2,"T_Copula_Sine",2000,-1.5,"0.25(log(n))^2",0.18
360,1000,2,"T_Copula_Sine",2000,-1.5,"0.25(log(n))^2",0.72
361,1000,2,"T_Copula_Sine",2000,-1.5,"0.25(log(n))^2",0.63
362,1000,2,"T_Copula_Sine",2000,-1.5,"0.25(log(n))^2",0.73
363,1000,2,"T_Copula_Sine",2000,-1.5,"0.25(log(n))^2",0.37
364,1000,2,"T_Copula_Sine",2000,-1.5,"0.25(log(n))^2",0.27
365,1000,2,"T_Copula_Sine",2000,-1.5,"0.25(log(n))^2",0.16
366,1000,2,"T_Copula_Sine",2000,-1.5,"0.25(log(n))^2",0.46
367,1000,2,"T_Copula_Sine",2000,-1.5,"0.25(log(n))^2",0.95
368,1000,2,"T_Copula_Sine",2000,-1.5,"0.25(log(n))^2",0.2
369,1000,2,"T_Copula_Sine",2000,-1.5,"0.25(log(n))^2",0.32
370,1000,2,"T_Copula_Sine",2000,-1.5,"0.25(log(n))^2",0.58
371,1000,2,"T_Copula_Sine",2000,-1.5,"0.25(log(n))^2",0.44
372,1000,2,"T_Copula_Sine",2000,-1.5,"0.25(log(n))^2",0.07
373,1000,2,"T_Copula_Sine",2000,-1.5,"0.25(log(n))^2",0.48
374,1000,2,"T_Copula_Sine",2000,-1.5,"0.25(log(n))^2",0.3
375,1000,2,"T_Copula_Sine",2000,-1.5,"0.25(log(n))^2",0.61
376,1000,2,"T_Copula_Sine",2000,-1.5,"0.25(log(n))^2",0.69
377,1000,2,"T_Copula_Sine",2000,-1.5,"0.25(log(n))^2",0.57
378,1000,2,"T_Copula_Sine",2000,-1.5,"0.25(log(n))^2",0.68
379,1000,2,"T_Copula_Sine",2000,-1.5,"0.25(log(n))^2",0.22
380,1000,2,"T_Copula_Sine",2000,-1.5,"0.25(log(n))^2",0.98
381,1000,2,"T_Copula_Sine",2000,-1.5,"0.25(log(n))^2",0.37
382,1000,2,"T_Copula_Sine",2000,-1.5,"0.25(log(n))^2",0.7
383,1000,2,"T_Copula_Sine",2000,-1.5,"0.25(log(n))^2",0.11
384,1000,2,"T_Copula_Sine",2000,-1.5,"0.25(log(n))^2",0.46
385,1000,2,"T_Copula_Sine",2000,-1.5,"0.25(log(n))^2",0.29
386,1000,2,"T_Copula_Sine",2000,-1.5,"0.25(log(n))^2",0.15
387,1000,2,"T_Copula_Sine",2000,-1.5,"0.25(log(n))^2",0.82
388,1000,2,"T_Copula_Sine",2000,-1.5,"0.25(log(n))^2",0.26
389,1000,2,"T_Copula_Sine",2000,-1.5,"0.25(log(n))^2",0.86
390,1000,2,"T_Copula_Sine",2000,-1.5,"0.25(log(n))^2",0.79
391,1000,2,"T_Copula_Sine",2000,-1.5,"0.25(log(n))^2",0.41
392,1000,2,"T_Copula_Sine",2000,-1.5,"0.25(log(n))^2",0.7
393,1000,2,"T_Copula_Sine",2000,-1.5,"0.25(log(n))^2",0.55
394,1000,2,"T_Copula_Sine",2000,-1.5,"0.25(log(n))^2",0
395,1000,2,"T_Copula_Sine",2000,-1.5,"0.25(log(n))^2",0.75
396,1000,2,"T_Copula_Sine",2000,-1.5,"0.25(log(n))^2",0.78
397,1000,2,"T_Copula_Sine",2000,-1.5,"0.25(log(n))^2",0.92
398,1000,2,"T_Copula_Sine",2000,-1.5,"0.25(log(n))^2",0.84
399,1000,2,"T_Copula_Sine",2000,-1.5,"0.25(log(n))^2",0.85
400,1000,2,"T_Copula_Sine",2000,-1.5,"0.25(log(n))^2",0.21
401,1000,2,"T_Copula_Sine",2000,-1.5,"0.25(log(n))^2",0.46
402,1000,2,"T_Copula_Sine",2000,-1.5,"0.25(log(n))^2",0.39
403,1000,2,"T_Copula_Sine",2000,-1.5,"0.25(log(n))^2",0.66
404,1000,2,"T_Copula_Sine",2000,-1.5,"0.25(log(n))^2",0.34
405,1000,2,"T_Copula_Sine",2000,-1.5,"0.25(log(n))^2",0.2
406,1000,2,"T_Copula_Sine",2000,-1.5,"0.25(log(n))^2",0.71
407,1000,2,"T_Copula_Sine",2000,-1.5,"0.25(log(n))^2",0.25
408,1000,2,"T_Copula_Sine",2000,-1.5,"0.25(log(n))^2",0.07
409,1000,2,"T_Copula_Sine",2000,-1.5,"0.25(log(n))^2",0.88
410,1000,2,"T_Copula_Sine",2000,-1.5,"0.25(log(n))^2",0.62
411,1000,2,"T_Copula_Sine",2000,-1.5,"0.25(log(n))^2",0.66
412,1000,2,"T_Copula_Sine",2000,-1.5,"0.25(log(n))^2",0.98
413,1000,2,"T_Copula_Sine",2000,-1.5,"0.25(log(n))^2",0.84
414,1000,2,"T_Copula_Sine",2000,-1.5,"0.25(log(n))^2",0.56
415,1000,2,"T_Copula_Sine",2000,-1.5,"0.25(log(n))^2",0.06
416,1000,2,"T_Copula_Sine",2000,-1.5,"0.25(log(n))^2",0.59
417,1000,2,"T_Copula_Sine",2000,-1.5,"0.25(log(n))^2",0.24
418,1000,2,"T_Copula_Sine",2000,-1.5,"0.25(log(n))^2",0.65
419,1000,2,"T_Copula_Sine",2000,-1.5,"0.25(log(n))^2",0.11
420,1000,2,"T_Copula_Sine",2000,-1.5,"0.25(log(n))^2",0.17
421,1000,2,"T_Copula_Sine",2000,-1.5,"0.25(log(n))^2",0.55
422,1000,2,"T_Copula_Sine",2000,-1.5,"0.25(log(n))^2",0.24
423,1000,2,"T_Copula_Sine",2000,-1.5,"0.25(log(n))^2",0.86
424,1000,2,"T_Copula_Sine",2000,-1.5,"0.25(log(n))^2",0.76
425,1000,2,"T_Copula_Sine",2000,-1.5,"0.25(log(n))^2",0.49
426,1000,2,"T_Copula_Sine",2000,-1.5,"0.25(log(n))^2",0.61
427,1000,2,"T_Copula_Sine",2000,-1.5,"0.25(log(n))^2",0.81
428,1000,2,"T_Copula_Sine",2000,-1.5,"0.25(log(n))^2",0.23
429,1000,2,"T_Copula_Sine",2000,-1.5,"0.25(log(n))^2",0.59
430,1000,2,"T_Copula_Sine",2000,-1.5,"0.25(log(n))^2",0.25
431,1000,2,"T_Copula_Sine",2000,-1.5,"0.25(log(n))^2",0.8
432,1000,2,"T_Copula_Sine",2000,-1.5,"0.25(log(n))^2",0.85
433,1000,2,"T_Copula_Sine",2000,-1.5,"0.25(log(n))^2",0.07
434,1000,2,"T_Copula_Sine",2000,-1.5,"0.25(log(n))^2",0.78
435,1000,2,"T_Copula_Sine",2000,-1.5,"0.25(log(n))^2",0.46
436,1000,2,"T_Copula_Sine",2000,-1.5,"0.25(log(n))^2",0.07
437,1000,2,"T_Copula_Sine",2000,-1.5,"0.25(log(n))^2",0.63
438,1000,2,"T_Copula_Sine",2000,-1.5,"0.25(log(n))^2",0.07
439,1000,2,"T_Copula_Sine",2000,-1.5,"0.25(log(n))^2",0.2
440,1000,2,"T_Copula_Sine",2000,-1.5,"0.25(log(n))^2",0.92
441,1000,2,"T_Copula_Sine",2000,-1.5,"0.25(log(n))^2",0.31
442,1000,2,"T_Copula_Sine",2000,-1.5,"0.25(log(n))^2",0.2
443,1000,2,"T_Copula_Sine",2000,-1.5,"0.25(log(n))^2",0.68
444,1000,2,"T_Copula_Sine",2000,-1.5,"0.25(log(n))^2",0.91
445,1000,2,"T_Copula_Sine",2000,-1.5,"0.25(log(n))^2",0.87
446,1000,2,"T_Copula_Sine",2000,-1.5,"0.25(log(n))^2",0.44
447,1000,2,"T_Copula_Sine",2000,-1.5,"0.25(log(n))^2",0.15
448,1000,2,"T_Copula_Sine",2000,-1.5,"0.25(log(n))^2",0.24
449,1000,2,"T_Copula_Sine",2000,-1.5,"0.25(log(n))^2",0.04
450,1000,2,"T_Copula_Sine",2000,-1.5,"0.25(log(n))^2",0.54
451,1000,2,"T_Copula_Sine",2000,-1.5,"0.25(log(n))^2",0.05
452,1000,2,"T_Copula_Sine",2000,-1.5,"0.25(log(n))^2",0.77
453,1000,2,"T_Copula_Sine",2000,-1.5,"0.25(log(n))^2",0.29
454,1000,2,"T_Copula_Sine",2000,-1.5,"0.25(log(n))^2",0.48
455,1000,2,"T_Copula_Sine",2000,-1.5,"0.25(log(n))^2",0.45
456,1000,2,"T_Copula_Sine",2000,-1.5,"0.25(log(n))^2",0.5
457,1000,2,"T_Copula_Sine",2000,-1.5,"0.25(log(n))^2",0.09
458,1000,2,"T_Copula_Sine",2000,-1.5,"0.25(log(n))^2",0.65
459,1000,2,"T_Copula_Sine",2000,-1.5,"0.25(log(n))^2",0.98
460,1000,2,"T_Copula_Sine",2000,-1.5,"0.25(log(n))^2",0.24
461,1000,2,"T_Copula_Sine",2000,-1.5,"0.25(log(n))^2",0.46
462,1000,2,"T_Copula_Sine",2000,-1.5,"0.25(log(n))^2",0.08
463,1000,2,"T_Copula_Sine",2000,-1.5,"0.25(log(n))^2",0.14
464,1000,2,"T_Copula_Sine",2000,-1.5,"0.25(log(n))^2",0.62
465,1000,2,"T_Copula_Sine",2000,-1.5,"0.25(log(n))^2",0.16
466,1000,2,"T_Copula_Sine",2000,-1.5,"0.25(log(n))^2",0.17
467,1000,2,"T_Copula_Sine",2000,-1.5,"0.25(log(n))^2",0.5
468,1000,2,"T_Copula_Sine",2000,-1.5,"0.25(log(n))^2",0.56
469,1000,2,"T_Copula_Sine",2000,-1.5,"0.25(log(n))^2",0.9
470,1000,2,"T_Copula_Sine",2000,-1.5,"0.25(log(n))^2",0.29
471,1000,2,"T_Copula_Sine",2000,-1.5,"0.25(log(n))^2",0.22
472,1000,2,"T_Copula_Sine",2000,-1.5,"0.25(log(n))^2",0.52
473,1000,2,"T_Copula_Sine",2000,-1.5,"0.25(log(n))^2",0.24
474,1000,2,"T_Copula_Sine",2000,-1.5,"0.25(log(n))^2",0.31
475,1000,2,"T_Copula_Sine",2000,-1.5,"0.25(log(n))^2",0.12
476,1000,2,"T_Copula_Sine",2000,-1.5,"0.25(log(n))^2",0.69
477,1000,2,"T_Copula_Sine",2000,-1.5,"0.25(log(n))^2",0.49
478,1000,2,"T_Copula_Sine",2000,-1.5,"0.25(log(n))^2",0.15
479,1000,2,"T_Copula_Sine",2000,-1.5,"0.25(log(n))^2",0.76
480,1000,2,"T_Copula_Sine",2000,-1.5,"0.25(log(n))^2",0.47
481,1000,2,"T_Copula_Sine",2000,-1.5,"0.25(log(n))^2",0.71
482,1000,2,"T_Copula_Sine",2000,-1.5,"0.25(log(n))^2",0.97
483,1000,2,"T_Copula_Sine",2000,-1.5,"0.25(log(n))^2",0.18
484,1000,2,"T_Copula_Sine",2000,-1.5,"0.25(log(n))^2",0.63
485,1000,2,"T_Copula_Sine",2000,-1.5,"0.25(log(n))^2",0.31
486,1000,2,"T_Copula_Sine",2000,-1.5,"0.25(log(n))^2",0.24
487,1000,2,"T_Copula_Sine",2000,-1.5,"0.25(log(n))^2",0.74
488,1000,2,"T_Copula_Sine",2000,-1.5,"0.25(log(n))^2",0.31
489,1000,2,"T_Copula_Sine",2000,-1.5,"0.25(log(n))^2",0.95
490,1000,2,"T_Copula_Sine",2000,-1.5,"0.25(log(n))^2",0.56
491,1000,2,"T_Copula_Sine",2000,-1.5,"0.25(log(n))^2",0.19
492,1000,2,"T_Copula_Sine",2000,-1.5,"0.25(log(n))^2",0.21
493,1000,2,"T_Copula_Sine",2000,-1.5,"0.25(log(n))^2",0.97
494,1000,2,"T_Copula_Sine",2000,-1.5,"0.25(log(n))^2",0.41
495,1000,2,"T_Copula_Sine",2000,-1.5,"0.25(log(n))^2",0.42
496,1000,2,"T_Copula_Sine",2000,-1.5,"0.25(log(n))^2",0.04
497,1000,2,"T_Copula_Sine",2000,-1.5,"0.25(log(n))^2",0.92
498,1000,2,"T_Copula_Sine",2000,-1.5,"0.25(log(n))^2",0.61
499,1000,2,"T_Copula_Sine",2000,-1.5,"0.25(log(n))^2",0.37
500,1000,2,"T_Copula_Sine",2000,-1.5,"0.25(log(n))^2",0.99
501,1000,2,"T_Copula_Sine",2000,-1.5,"0.25(log(n))^2",0.16
502,1000,2,"T_Copula_Sine",2000,-1.5,"0.25(log(n))^2",0.75
503,1000,2,"T_Copula_Sine",2000,-1.5,"0.25(log(n))^2",0.54
504,1000,2,"T_Copula_Sine",2000,-1.5,"0.25(log(n))^2",0.55
505,1000,2,"T_Copula_Sine",2000,-1.5,"0.25(log(n))^2",0.72
506,1000,2,"T_Copula_Sine",2000,-1.5,"0.25(log(n))^2",0.3
507,1000,2,"T_Copula_Sine",2000,-1.5,"0.25(log(n))^2",0.49
508,1000,2,"T_Copula_Sine",2000,-1.5,"0.25(log(n))^2",0.96
509,1000,2,"T_Copula_Sine",2000,-1.5,"0.25(log(n))^2",0.3
510,1000,2,"T_Copula_Sine",2000,-1.5,"0.25(log(n))^2",0.46
511,1000,2,"T_Copula_Sine",2000,-1.5,"0.25(log(n))^2",0.24
512,1000,2,"T_Copula_Sine",2000,-1.5,"0.25(log(n))^2",0.1
513,1000,2,"T_Copula_Sine",2000,-1.5,"0.25(log(n))^2",0.68
514,1000,2,"T_Copula_Sine",2000,-1.5,"0.25(log(n))^2",0.76
515,1000,2,"T_Copula_Sine",2000,-1.5,"0.25(log(n))^2",0.15
516,1000,2,"T_Copula_Sine",2000,-1.5,"0.25(log(n))^2",0.04
517,1000,2,"T_Copula_Sine",2000,-1.5,"0.25(log(n))^2",0.72
518,1000,2,"T_Copula_Sine",2000,-1.5,"0.25(log(n))^2",0.67
519,1000,2,"T_Copula_Sine",2000,-1.5,"0.25(log(n))^2",0.5
520,1000,2,"T_Copula_Sine",2000,-1.5,"0.25(log(n))^2",0.33
521,1000,2,"T_Copula_Sine",2000,-1.5,"0.25(log(n))^2",0.65
522,1000,2,"T_Copula_Sine",2000,-1.5,"0.25(log(n))^2",0.62
523,1000,2,"T_Copula_Sine",2000,-1.5,"0.25(log(n))^2",0.79
524,1000,2,"T_Copula_Sine",2000,-1.5,"0.25(log(n))^2",0.85
525,1000,2,"T_Copula_Sine",2000,-1.5,"0.25(log(n))^2",0.16
526,1000,2,"T_Copula_Sine",2000,-1.5,"0.25(log(n))^2",0.69
527,1000,2,"T_Copula_Sine",2000,-1.5,"0.25(log(n))^2",0.49
528,1000,2,"T_Copula_Sine",2000,-1.5,"0.25(log(n))^2",0.58
529,1000,2,"T_Copula_Sine",2000,-1.5,"0.25(log(n))^2",0.59
530,1000,2,"T_Copula_Sine",2000,-1.5,"0.25(log(n))^2",0.1
531,1000,2,"T_Copula_Sine",2000,-1.5,"0.25(log(n))^2",0.81
532,1000,2,"T_Copula_Sine",2000,-1.5,"0.25(log(n))^2",0.09
533,1000,2,"T_Copula_Sine",2000,-1.5,"0.25(log(n))^2",0.76
534,1000,2,"T_Copula_Sine",2000,-1.5,"0.25(log(n))^2",0.09
535,1000,2,"T_Copula_Sine",2000,-1.5,"0.25(log(n))^2",0.63
536,1000,2,"T_Copula_Sine",2000,-1.5,"0.25(log(n))^2",0.6
537,1000,2,"T_Copula_Sine",2000,-1.5,"0.25(log(n))^2",0.36
538,1000,2,"T_Copula_Sine",2000,-1.5,"0.25(log(n))^2",0.58
539,1000,2,"T_Copula_Sine",2000,-1.5,"0.25(log(n))^2",0.52
540,1000,2,"T_Copula_Sine",2000,-1.5,"0.25(log(n))^2",0.82
541,1000,2,"T_Copula_Sine",2000,-1.5,"0.25(log(n))^2",0.21
542,1000,2,"T_Copula_Sine",2000,-1.5,"0.25(log(n))^2",0.63
543,1000,2,"T_Copula_Sine",2000,-1.5,"0.25(log(n))^2",0.62
544,1000,2,"T_Copula_Sine",2000,-1.5,"0.25(log(n))^2",0.76
545,1000,2,"T_Copula_Sine",2000,-1.5,"0.25(log(n))^2",0.82
546,1000,2,"T_Copula_Sine",2000,-1.5,"0.25(log(n))^2",0.1
547,1000,2,"T_Copula_Sine",2000,-1.5,"0.25(log(n))^2",0.94
548,1000,2,"T_Copula_Sine",2000,-1.5,"0.25(log(n))^2",0.57
549,1000,2,"T_Copula_Sine",2000,-1.5,"0.25(log(n))^2",0.79
550,1000,2,"T_Copula_Sine",2000,-1.5,"0.25(log(n))^2",0.37
551,1000,2,"T_Copula_Sine",2000,-1.5,"0.25(log(n))^2",0.1
552,1000,2,"T_Copula_Sine",2000,-1.5,"0.25(log(n))^2",0.46
553,1000,2,"T_Copula_Sine",2000,-1.5,"0.25(log(n))^2",0.65
554,1000,2,"T_Copula_Sine",2000,-1.5,"0.25(log(n))^2",0.35
555,1000,2,"T_Copula_Sine",2000,-1.5,"0.25(log(n))^2",0.3
556,1000,2,"T_Copula_Sine",2000,-1.5,"0.25(log(n))^2",0.35
557,1000,2,"T_Copula_Sine",2000,-1.5,"0.25(log(n))^2",0.44
558,1000,2,"T_Copula_Sine",2000,-1.5,"0.25(log(n))^2",0.46
559,1000,2,"T_Copula_Sine",2000,-1.5,"0.25(log(n))^2",0.72
560,1000,2,"T_Copula_Sine",2000,-1.5,"0.25(log(n))^2",0.74
561,1000,2,"T_Copula_Sine",2000,-1.5,"0.25(log(n))^2",0.68
562,1000,2,"T_Copula_Sine",2000,-1.5,"0.25(log(n))^2",0.47
563,1000,2,"T_Copula_Sine",2000,-1.5,"0.25(log(n))^2",0.52
564,1000,2,"T_Copula_Sine",2000,-1.5,"0.25(log(n))^2",0.5
565,1000,2,"T_Copula_Sine",2000,-1.5,"0.25(log(n))^2",0.18
566,1000,2,"T_Copula_Sine",2000,-1.5,"0.25(log(n))^2",0.55
567,1000,2,"T_Copula_Sine",2000,-1.5,"0.25(log(n))^2",0.77
568,1000,2,"T_Copula_Sine",2000,-1.5,"0.25(log(n))^2",0.21
569,1000,2,"T_Copula_Sine",2000,-1.5,"0.25(log(n))^2",0.76
570,1000,2,"T_Copula_Sine",2000,-1.5,"0.25(log(n))^2",0.5
571,1000,2,"T_Copula_Sine",2000,-1.5,"0.25(log(n))^2",0.13
572,1000,2,"T_Copula_Sine",2000,-1.5,"0.25(log(n))^2",0.27
573,1000,2,"T_Copula_Sine",2000,-1.5,"0.25(log(n))^2",0.59
574,1000,2,"T_Copula_Sine",2000,-1.5,"0.25(log(n))^2",0.48
575,1000,2,"T_Copula_Sine",2000,-1.5,"0.25(log(n))^2",0.5
576,1000,2,"T_Copula_Sine",2000,-1.5,"0.25(log(n))^2",0.66
577,1000,2,"T_Copula_Sine",2000,-1.5,"0.25(log(n))^2",0.39
578,1000,2,"T_Copula_Sine",2000,-1.5,"0.25(log(n))^2",0.26
579,1000,2,"T_Copula_Sine",2000,-1.5,"0.25(log(n))^2",0.78
580,1000,2,"T_Copula_Sine",2000,-1.5,"0.25(log(n))^2",0.69
581,1000,2,"T_Copula_Sine",2000,-1.5,"0.25(log(n))^2",0.96
582,1000,2,"T_Copula_Sine",2000,-1.5,"0.25(log(n))^2",1
583,1000,2,"T_Copula_Sine",2000,-1.5,"0.25(log(n))^2",0.4
584,1000,2,"T_Copula_Sine",2000,-1.5,"0.25(log(n))^2",0.23
585,1000,2,"T_Copula_Sine",2000,-1.5,"0.25(log(n))^2",0.85
586,1000,2,"T_Copula_Sine",2000,-1.5,"0.25(log(n))^2",0.64
587,1000,2,"T_Copula_Sine",2000,-1.5,"0.25(log(n))^2",0.79
588,1000,2,"T_Copula_Sine",2000,-1.5,"0.25(log(n))^2",0.7
589,1000,2,"T_Copula_Sine",2000,-1.5,"0.25(log(n))^2",0.96
590,1000,2,"T_Copula_Sine",2000,-1.5,"0.25(log(n))^2",0.31
591,1000,2,"T_Copula_Sine",2000,-1.5,"0.25(log(n))^2",0.52
592,1000,2,"T_Copula_Sine",2000,-1.5,"0.25(log(n))^2",0.43
593,1000,2,"T_Copula_Sine",2000,-1.5,"0.25(log(n))^2",0.93
594,1000,2,"T_Copula_Sine",2000,-1.5,"0.25(log(n))^2",0.46
595,1000,2,"T_Copula_Sine",2000,-1.5,"0.25(log(n))^2",0.76
596,1000,2,"T_Copula_Sine",2000,-1.5,"0.25(log(n))^2",0.78
597,1000,2,"T_Copula_Sine",2000,-1.5,"0.25(log(n))^2",0.42
598,1000,2,"T_Copula_Sine",2000,-1.5,"0.25(log(n))^2",0.5
599,1000,2,"T_Copula_Sine",2000,-1.5,"0.25(log(n))^2",0.13
600,1000,2,"T_Copula_Sine",2000,-1.5,"0.25(log(n))^2",0.63
601,1000,2,"T_Copula_Sine",2000,-1.5,"0.25(log(n))^2",0.72
602,1000,2,"T_Copula_Sine",2000,-1.5,"0.25(log(n))^2",0.35
603,1000,2,"T_Copula_Sine",2000,-1.5,"0.25(log(n))^2",0.79
604,1000,2,"T_Copula_Sine",2000,-1.5,"0.25(log(n))^2",0.81
605,1000,2,"T_Copula_Sine",2000,-1.5,"0.25(log(n))^2",0.65
606,1000,2,"T_Copula_Sine",2000,-1.5,"0.25(log(n))^2",0.81
607,1000,2,"T_Copula_Sine",2000,-1.5,"0.25(log(n))^2",0.59
608,1000,2,"T_Copula_Sine",2000,-1.5,"0.25(log(n))^2",0.51
609,1000,2,"T_Copula_Sine",2000,-1.5,"0.25(log(n))^2",0.78
610,1000,2,"T_Copula_Sine",2000,-1.5,"0.25(log(n))^2",0.35
611,1000,2,"T_Copula_Sine",2000,-1.5,"0.25(log(n))^2",0.61
612,1000,2,"T_Copula_Sine",2000,-1.5,"0.25(log(n))^2",0.2
613,1000,2,"T_Copula_Sine",2000,-1.5,"0.25(log(n))^2",0.63
614,1000,2,"T_Copula_Sine",2000,-1.5,"0.25(log(n))^2",0.15
615,1000,2,"T_Copula_Sine",2000,-1.5,"0.25(log(n))^2",0.7
616,1000,2,"T_Copula_Sine",2000,-1.5,"0.25(log(n))^2",0.38
617,1000,2,"T_Copula_Sine",2000,-1.5,"0.25(log(n))^2",0.08
618,1000,2,"T_Copula_Sine",2000,-1.5,"0.25(log(n))^2",0.49
619,1000,2,"T_Copula_Sine",2000,-1.5,"0.25(log(n))^2",0.23
620,1000,2,"T_Copula_Sine",2000,-1.5,"0.25(log(n))^2",0.53
621,1000,2,"T_Copula_Sine",2000,-1.5,"0.25(log(n))^2",0.32
622,1000,2,"T_Copula_Sine",2000,-1.5,"0.25(log(n))^2",0.23
623,1000,2,"T_Copula_Sine",2000,-1.5,"0.25(log(n))^2",0.11
624,1000,2,"T_Copula_Sine",2000,-1.5,"0.25(log(n))^2",0.67
625,1000,2,"T_Copula_Sine",2000,-1.5,"0.25(log(n))^2",0.1
626,1000,2,"T_Copula_Sine",2000,-1.5,"0.25(log(n))^2",0.26
627,1000,2,"T_Copula_Sine",2000,-1.5,"0.25(log(n))^2",1
628,1000,2,"T_Copula_Sine",2000,-1.5,"0.25(log(n))^2",0.71
629,1000,2,"T_Copula_Sine",2000,-1.5,"0.25(log(n))^2",0.67
630,1000,2,"T_Copula_Sine",2000,-1.5,"0.25(log(n))^2",0.8
631,1000,2,"T_Copula_Sine",2000,-1.5,"0.25(log(n))^2",0.76
632,1000,2,"T_Copula_Sine",2000,-1.5,"0.25(log(n))^2",0.37
633,1000,2,"T_Copula_Sine",2000,-1.5,"0.25(log(n))^2",0.66
634,1000,2,"T_Copula_Sine",2000,-1.5,"0.25(log(n))^2",0.08
635,1000,2,"T_Copula_Sine",2000,-1.5,"0.25(log(n))^2",0.24
636,1000,2,"T_Copula_Sine",2000,-1.5,"0.25(log(n))^2",0.97
637,1000,2,"T_Copula_Sine",2000,-1.5,"0.25(log(n))^2",0.51
638,1000,2,"T_Copula_Sine",2000,-1.5,"0.25(log(n))^2",0.28
639,1000,2,"T_Copula_Sine",2000,-1.5,"0.25(log(n))^2",0.96
640,1000,2,"T_Copula_Sine",2000,-1.5,"0.25(log(n))^2",0.59
641,1000,2,"T_Copula_Sine",2000,-1.5,"0.25(log(n))^2",0.17
642,1000,2,"T_Copula_Sine",2000,-1.5,"0.25(log(n))^2",0.73
643,1000,2,"T_Copula_Sine",2000,-1.5,"0.25(log(n))^2",0.11
644,1000,2,"T_Copula_Sine",2000,-1.5,"0.25(log(n))^2",0.23
645,1000,2,"T_Copula_Sine",2000,-1.5,"0.25(log(n))^2",0.89
646,1000,2,"T_Copula_Sine",2000,-1.5,"0.25(log(n))^2",0.98
647,1000,2,"T_Copula_Sine",2000,-1.5,"0.25(log(n))^2",0.55
648,1000,2,"T_Copula_Sine",2000,-1.5,"0.25(log(n))^2",0.59
649,1000,2,"T_Copula_Sine",2000,-1.5,"0.25(log(n))^2",0.97
650,1000,2,"T_Copula_Sine",2000,-1.5,"0.25(log(n))^2",0.61
651,1000,2,"T_Copula_Sine",2000,-1.5,"0.25(log(n))^2",0.52
652,1000,2,"T_Copula_Sine",2000,-1.5,"0.25(log(n))^2",0.59
653,1000,2,"T_Copula_Sine",2000,-1.5,"0.25(log(n))^2",0.23
654,1000,2,"T_Copula_Sine",2000,-1.5,"0.25(log(n))^2",0.39
655,1000,2,"T_Copula_Sine",2000,-1.5,"0.25(log(n))^2",0.21
656,1000,2,"T_Copula_Sine",2000,-1.5,"0.25(log(n))^2",0.78
657,1000,2,"T_Copula_Sine",2000,-1.5,"0.25(log(n))^2",0.31
658,1000,2,"T_Copula_Sine",2000,-1.5,"0.25(log(n))^2",0.79
659,1000,2,"T_Copula_Sine",2000,-1.5,"0.25(log(n))^2",0.39
660,1000,2,"T_Copula_Sine",2000,-1.5,"0.25(log(n))^2",0.5
661,1000,2,"T_Copula_Sine",2000,-1.5,"0.25(log(n))^2",0.5
662,1000,2,"T_Copula_Sine",2000,-1.5,"0.25(log(n))^2",0.42
663,1000,2,"T_Copula_Sine",2000,-1.5,"0.25(log(n))^2",0.83
664,1000,2,"T_Copula_Sine",2000,-1.5,"0.25(log(n))^2",0.62
665,1000,2,"T_Copula_Sine",2000,-1.5,"0.25(log(n))^2",0.12
666,1000,2,"T_Copula_Sine",2000,-1.5,"0.25(log(n))^2",0.81
667,1000,2,"T_Copula_Sine",2000,-1.5,"0.25(log(n))^2",0.6
668,1000,2,"T_Copula_Sine",2000,-1.5,"0.25(log(n))^2",0.06
669,1000,2,"T_Copula_Sine",2000,-1.5,"0.25(log(n))^2",0.83
670,1000,2,"T_Copula_Sine",2000,-1.5,"0.25(log(n))^2",0.58
671,1000,2,"T_Copula_Sine",2000,-1.5,"0.25(log(n))^2",0.98
672,1000,2,"T_Copula_Sine",2000,-1.5,"0.25(log(n))^2",0.79
673,1000,2,"T_Copula_Sine",2000,-1.5,"0.25(log(n))^2",0.73
674,1000,2,"T_Copula_Sine",2000,-1.5,"0.25(log(n))^2",0.37
675,1000,2,"T_Copula_Sine",2000,-1.5,"0.25(log(n))^2",0.34
676,1000,2,"T_Copula_Sine",2000,-1.5,"0.25(log(n))^2",0.35
677,1000,2,"T_Copula_Sine",2000,-1.5,"0.25(log(n))^2",0.25
678,1000,2,"T_Copula_Sine",2000,-1.5,"0.25(log(n))^2",0.44
679,1000,2,"T_Copula_Sine",2000,-1.5,"0.25(log(n))^2",0.51
680,1000,2,"T_Copula_Sine",2000,-1.5,"0.25(log(n))^2",0.94
681,1000,2,"T_Copula_Sine",2000,-1.5,"0.25(log(n))^2",0.83
682,1000,2,"T_Copula_Sine",2000,-1.5,"0.25(log(n))^2",0.54
683,1000,2,"T_Copula_Sine",2000,-1.5,"0.25(log(n))^2",0.79
684,1000,2,"T_Copula_Sine",2000,-1.5,"0.25(log(n))^2",0.24
685,1000,2,"T_Copula_Sine",2000,-1.5,"0.25(log(n))^2",0.08
686,1000,2,"T_Copula_Sine",2000,-1.5,"0.25(log(n))^2",0.61
687,1000,2,"T_Copula_Sine",2000,-1.5,"0.25(log(n))^2",0.23
688,1000,2,"T_Copula_Sine",2000,-1.5,"0.25(log(n))^2",0.57
689,1000,2,"T_Copula_Sine",2000,-1.5,"0.25(log(n))^2",0.58
690,1000,2,"T_Copula_Sine",2000,-1.5,"0.25(log(n))^2",0.49
691,1000,2,"T_Copula_Sine",2000,-1.5,"0.25(log(n))^2",0.23
692,1000,2,"T_Copula_Sine",2000,-1.5,"0.25(log(n))^2",0.81
693,1000,2,"T_Copula_Sine",2000,-1.5,"0.25(log(n))^2",0.51
694,1000,2,"T_Copula_Sine",2000,-1.5,"0.25(log(n))^2",0.87
695,1000,2,"T_Copula_Sine",2000,-1.5,"0.25(log(n))^2",0.25
696,1000,2,"T_Copula_Sine",2000,-1.5,"0.25(log(n))^2",0.84
697,1000,2,"T_Copula_Sine",2000,-1.5,"0.25(log(n))^2",0.33
698,1000,2,"T_Copula_Sine",2000,-1.5,"0.25(log(n))^2",0.53
699,1000,2,"T_Copula_Sine",2000,-1.5,"0.25(log(n))^2",0.82
700,1000,2,"T_Copula_Sine",2000,-1.5,"0.25(log(n))^2",0.39
701,1000,2,"T_Copula_Sine",2000,-1.5,"0.25(log(n))^2",0.1
702,1000,2,"T_Copula_Sine",2000,-1.5,"0.25(log(n))^2",0.9
703,1000,2,"T_Copula_Sine",2000,-1.5,"0.25(log(n))^2",0.39
704,1000,2,"T_Copula_Sine",2000,-1.5,"0.25(log(n))^2",0.59
705,1000,2,"T_Copula_Sine",2000,-1.5,"0.25(log(n))^2",0.06
706,1000,2,"T_Copula_Sine",2000,-1.5,"0.25(log(n))^2",0.31
707,1000,2,"T_Copula_Sine",2000,-1.5,"0.25(log(n))^2",0.39
708,1000,2,"T_Copula_Sine",2000,-1.5,"0.25(log(n))^2",0.79
709,1000,2,"T_Copula_Sine",2000,-1.5,"0.25(log(n))^2",0.32
710,1000,2,"T_Copula_Sine",2000,-1.5,"0.25(log(n))^2",0.62
711,1000,2,"T_Copula_Sine",2000,-1.5,"0.25(log(n))^2",0.95
712,1000,2,"T_Copula_Sine",2000,-1.5,"0.25(log(n))^2",0.06
713,1000,2,"T_Copula_Sine",2000,-1.5,"0.25(log(n))^2",0.83
714,1000,2,"T_Copula_Sine",2000,-1.5,"0.25(log(n))^2",0.65
715,1000,2,"T_Copula_Sine",2000,-1.5,"0.25(log(n))^2",0.26
716,1000,2,"T_Copula_Sine",2000,-1.5,"0.25(log(n))^2",0.28
717,1000,2,"T_Copula_Sine",2000,-1.5,"0.25(log(n))^2",0.39
718,1000,2,"T_Copula_Sine",2000,-1.5,"0.25(log(n))^2",0.45
719,1000,2,"T_Copula_Sine",2000,-1.5,"0.25(log(n))^2",0.8
720,1000,2,"T_Copula_Sine",2000,-1.5,"0.25(log(n))^2",0.34
721,1000,2,"T_Copula_Sine",2000,-1.5,"0.25(log(n))^2",0.9
722,1000,2,"T_Copula_Sine",2000,-1.5,"0.25(log(n))^2",0.28
723,1000,2,"T_Copula_Sine",2000,-1.5,"0.25(log(n))^2",0.44
724,1000,2,"T_Copula_Sine",2000,-1.5,"0.25(log(n))^2",0.16
725,1000,2,"T_Copula_Sine",2000,-1.5,"0.25(log(n))^2",0.52
726,1000,2,"T_Copula_Sine",2000,-1.5,"0.25(log(n))^2",0.51
727,1000,2,"T_Copula_Sine",2000,-1.5,"0.25(log(n))^2",0.79
728,1000,2,"T_Copula_Sine",2000,-1.5,"0.25(log(n))^2",0.46
729,1000,2,"T_Copula_Sine",2000,-1.5,"0.25(log(n))^2",0.41
730,1000,2,"T_Copula_Sine",2000,-1.5,"0.25(log(n))^2",0.31
731,1000,2,"T_Copula_Sine",2000,-1.5,"0.25(log(n))^2",0.58
732,1000,2,"T_Copula_Sine",2000,-1.5,"0.25(log(n))^2",0.5
733,1000,2,"T_Copula_Sine",2000,-1.5,"0.25(log(n))^2",0.7
734,1000,2,"T_Copula_Sine",2000,-1.5,"0.25(log(n))^2",0.45
735,1000,2,"T_Copula_Sine",2000,-1.5,"0.25(log(n))^2",0.53
736,1000,2,"T_Copula_Sine",2000,-1.5,"0.25(log(n))^2",0.26
737,1000,2,"T_Copula_Sine",2000,-1.5,"0.25(log(n))^2",0.39
738,1000,2,"T_Copula_Sine",2000,-1.5,"0.25(log(n))^2",0.94
739,1000,2,"T_Copula_Sine",2000,-1.5,"0.25(log(n))^2",0.55
740,1000,2,"T_Copula_Sine",2000,-1.5,"0.25(log(n))^2",0.7
741,1000,2,"T_Copula_Sine",2000,-1.5,"0.25(log(n))^2",0.96
742,1000,2,"T_Copula_Sine",2000,-1.5,"0.25(log(n))^2",0.51
743,1000,2,"T_Copula_Sine",2000,-1.5,"0.25(log(n))^2",0.26
744,1000,2,"T_Copula_Sine",2000,-1.5,"0.25(log(n))^2",0.91
745,1000,2,"T_Copula_Sine",2000,-1.5,"0.25(log(n))^2",0.27
746,1000,2,"T_Copula_Sine",2000,-1.5,"0.25(log(n))^2",0.93
747,1000,2,"T_Copula_Sine",2000,-1.5,"0.25(log(n))^2",0.47
748,1000,2,"T_Copula_Sine",2000,-1.5,"0.25(log(n))^2",0.63
749,1000,2,"T_Copula_Sine",2000,-1.5,"0.25(log(n))^2",0.28
750,1000,2,"T_Copula_Sine",2000,-1.5,"0.25(log(n))^2",0.38
751,1000,2,"T_Copula_Sine",2000,-1.5,"0.25(log(n))^2",0.65
752,1000,2,"T_Copula_Sine",2000,-1.5,"0.25(log(n))^2",0.57
753,1000,2,"T_Copula_Sine",2000,-1.5,"0.25(log(n))^2",0.46
754,1000,2,"T_Copula_Sine",2000,-1.5,"0.25(log(n))^2",0.89
755,1000,2,"T_Copula_Sine",2000,-1.5,"0.25(log(n))^2",0.41
756,1000,2,"T_Copula_Sine",2000,-1.5,"0.25(log(n))^2",0.54
757,1000,2,"T_Copula_Sine",2000,-1.5,"0.25(log(n))^2",0.24
758,1000,2,"T_Copula_Sine",2000,-1.5,"0.25(log(n))^2",0.38
759,1000,2,"T_Copula_Sine",2000,-1.5,"0.25(log(n))^2",0.26
760,1000,2,"T_Copula_Sine",2000,-1.5,"0.25(log(n))^2",0.13
761,1000,2,"T_Copula_Sine",2000,-1.5,"0.25(log(n))^2",0.07
762,1000,2,"T_Copula_Sine",2000,-1.5,"0.25(log(n))^2",0.49
763,1000,2,"T_Copula_Sine",2000,-1.5,"0.25(log(n))^2",0.58
764,1000,2,"T_Copula_Sine",2000,-1.5,"0.25(log(n))^2",0.73
765,1000,2,"T_Copula_Sine",2000,-1.5,"0.25(log(n))^2",0.21
766,1000,2,"T_Copula_Sine",2000,-1.5,"0.25(log(n))^2",0.63
767,1000,2,"T_Copula_Sine",2000,-1.5,"0.25(log(n))^2",0.55
768,1000,2,"T_Copula_Sine",2000,-1.5,"0.25(log(n))^2",0.46
769,1000,2,"T_Copula_Sine",2000,-1.5,"0.25(log(n))^2",0.81
770,1000,2,"T_Copula_Sine",2000,-1.5,"0.25(log(n))^2",0.1
771,1000,2,"T_Copula_Sine",2000,-1.5,"0.25(log(n))^2",0.67
772,1000,2,"T_Copula_Sine",2000,-1.5,"0.25(log(n))^2",0.82
773,1000,2,"T_Copula_Sine",2000,-1.5,"0.25(log(n))^2",0.14
774,1000,2,"T_Copula_Sine",2000,-1.5,"0.25(log(n))^2",0.46
775,1000,2,"T_Copula_Sine",2000,-1.5,"0.25(log(n))^2",0.72
776,1000,2,"T_Copula_Sine",2000,-1.5,"0.25(log(n))^2",0.95
777,1000,2,"T_Copula_Sine",2000,-1.5,"0.25(log(n))^2",0.61
778,1000,2,"T_Copula_Sine",2000,-1.5,"0.25(log(n))^2",0.94
779,1000,2,"T_Copula_Sine",2000,-1.5,"0.25(log(n))^2",0.47
780,1000,2,"T_Copula_Sine",2000,-1.5,"0.25(log(n))^2",0.51
781,1000,2,"T_Copula_Sine",2000,-1.5,"0.25(log(n))^2",0.56
782,1000,2,"T_Copula_Sine",2000,-1.5,"0.25(log(n))^2",0.76
783,1000,2,"T_Copula_Sine",2000,-1.5,"0.25(log(n))^2",0.69
784,1000,2,"T_Copula_Sine",2000,-1.5,"0.25(log(n))^2",0.66
785,1000,2,"T_Copula_Sine",2000,-1.5,"0.25(log(n))^2",0.53
786,1000,2,"T_Copula_Sine",2000,-1.5,"0.25(log(n))^2",0.28
787,1000,2,"T_Copula_Sine",2000,-1.5,"0.25(log(n))^2",0.71
788,1000,2,"T_Copula_Sine",2000,-1.5,"0.25(log(n))^2",0.63
789,1000,2,"T_Copula_Sine",2000,-1.5,"0.25(log(n))^2",0.28
790,1000,2,"T_Copula_Sine",2000,-1.5,"0.25(log(n))^2",0.35
791,1000,2,"T_Copula_Sine",2000,-1.5,"0.25(log(n))^2",0.22
792,1000,2,"T_Copula_Sine",2000,-1.5,"0.25(log(n))^2",0.35
793,1000,2,"T_Copula_Sine",2000,-1.5,"0.25(log(n))^2",0.9
794,1000,2,"T_Copula_Sine",2000,-1.5,"0.25(log(n))^2",0.62
795,1000,2,"T_Copula_Sine",2000,-1.5,"0.25(log(n))^2",0.6
796,1000,2,"T_Copula_Sine",2000,-1.5,"0.25(log(n))^2",0.62
797,1000,2,"T_Copula_Sine",2000,-1.5,"0.25(log(n))^2",0.2
798,1000,2,"T_Copula_Sine",2000,-1.5,"0.25(log(n))^2",0.96
799,1000,2,"T_Copula_Sine",2000,-1.5,"0.25(log(n))^2",0.08
800,1000,2,"T_Copula_Sine",2000,-1.5,"0.25(log(n))^2",0.44
801,1000,2,"T_Copula_Sine",2000,-1.5,"0.25(log(n))^2",0.87
802,1000,2,"T_Copula_Sine",2000,-1.5,"0.25(log(n))^2",0.6
803,1000,2,"T_Copula_Sine",2000,-1.5,"0.25(log(n))^2",0.98
804,1000,2,"T_Copula_Sine",2000,-1.5,"0.25(log(n))^2",0.65
805,1000,2,"T_Copula_Sine",2000,-1.5,"0.25(log(n))^2",0.53
806,1000,2,"T_Copula_Sine",2000,-1.5,"0.25(log(n))^2",0.1
807,1000,2,"T_Copula_Sine",2000,-1.5,"0.25(log(n))^2",0.63
808,1000,2,"T_Copula_Sine",2000,-1.5,"0.25(log(n))^2",0.21
809,1000,2,"T_Copula_Sine",2000,-1.5,"0.25(log(n))^2",0.75
810,1000,2,"T_Copula_Sine",2000,-1.5,"0.25(log(n))^2",0.57
811,1000,2,"T_Copula_Sine",2000,-1.5,"0.25(log(n))^2",0.31
812,1000,2,"T_Copula_Sine",2000,-1.5,"0.25(log(n))^2",0.63
813,1000,2,"T_Copula_Sine",2000,-1.5,"0.25(log(n))^2",0.52
814,1000,2,"T_Copula_Sine",2000,-1.5,"0.25(log(n))^2",0.09
815,1000,2,"T_Copula_Sine",2000,-1.5,"0.25(log(n))^2",0.66
816,1000,2,"T_Copula_Sine",2000,-1.5,"0.25(log(n))^2",0.11
817,1000,2,"T_Copula_Sine",2000,-1.5,"0.25(log(n))^2",0.24
818,1000,2,"T_Copula_Sine",2000,-1.5,"0.25(log(n))^2",0.58
819,1000,2,"T_Copula_Sine",2000,-1.5,"0.25(log(n))^2",0.52
820,1000,2,"T_Copula_Sine",2000,-1.5,"0.25(log(n))^2",0.43
821,1000,2,"T_Copula_Sine",2000,-1.5,"0.25(log(n))^2",0.64
822,1000,2,"T_Copula_Sine",2000,-1.5,"0.25(log(n))^2",0.97
823,1000,2,"T_Copula_Sine",2000,-1.5,"0.25(log(n))^2",0.7
824,1000,2,"T_Copula_Sine",2000,-1.5,"0.25(log(n))^2",0.63
825,1000,2,"T_Copula_Sine",2000,-1.5,"0.25(log(n))^2",0.81
826,1000,2,"T_Copula_Sine",2000,-1.5,"0.25(log(n))^2",0.37
827,1000,2,"T_Copula_Sine",2000,-1.5,"0.25(log(n))^2",0.55
828,1000,2,"T_Copula_Sine",2000,-1.5,"0.25(log(n))^2",0.46
829,1000,2,"T_Copula_Sine",2000,-1.5,"0.25(log(n))^2",0.55
830,1000,2,"T_Copula_Sine",2000,-1.5,"0.25(log(n))^2",0.34
831,1000,2,"T_Copula_Sine",2000,-1.5,"0.25(log(n))^2",0.65
832,1000,2,"T_Copula_Sine",2000,-1.5,"0.25(log(n))^2",0.91
833,1000,2,"T_Copula_Sine",2000,-1.5,"0.25(log(n))^2",0.58
834,1000,2,"T_Copula_Sine",2000,-1.5,"0.25(log(n))^2",0.93
835,1000,2,"T_Copula_Sine",2000,-1.5,"0.25(log(n))^2",0.71
836,1000,2,"T_Copula_Sine",2000,-1.5,"0.25(log(n))^2",0.22
837,1000,2,"T_Copula_Sine",2000,-1.5,"0.25(log(n))^2",0.98
838,1000,2,"T_Copula_Sine",2000,-1.5,"0.25(log(n))^2",0.45
839,1000,2,"T_Copula_Sine",2000,-1.5,"0.25(log(n))^2",0.94
840,1000,2,"T_Copula_Sine",2000,-1.5,"0.25(log(n))^2",0.99
841,1000,2,"T_Copula_Sine",2000,-1.5,"0.25(log(n))^2",0.6
842,1000,2,"T_Copula_Sine",2000,-1.5,"0.25(log(n))^2",0.16
843,1000,2,"T_Copula_Sine",2000,-1.5,"0.25(log(n))^2",0.57
844,1000,2,"T_Copula_Sine",2000,-1.5,"0.25(log(n))^2",0.76
845,1000,2,"T_Copula_Sine",2000,-1.5,"0.25(log(n))^2",0.62
846,1000,2,"T_Copula_Sine",2000,-1.5,"0.25(log(n))^2",0.86
847,1000,2,"T_Copula_Sine",2000,-1.5,"0.25(log(n))^2",0.62
848,1000,2,"T_Copula_Sine",2000,-1.5,"0.25(log(n))^2",0.72
849,1000,2,"T_Copula_Sine",2000,-1.5,"0.25(log(n))^2",0.29
850,1000,2,"T_Copula_Sine",2000,-1.5,"0.25(log(n))^2",0.6
851,1000,2,"T_Copula_Sine",2000,-1.5,"0.25(log(n))^2",0.49
852,1000,2,"T_Copula_Sine",2000,-1.5,"0.25(log(n))^2",0.65
853,1000,2,"T_Copula_Sine",2000,-1.5,"0.25(log(n))^2",0.7
854,1000,2,"T_Copula_Sine",2000,-1.5,"0.25(log(n))^2",0.41
855,1000,2,"T_Copula_Sine",2000,-1.5,"0.25(log(n))^2",0.66
856,1000,2,"T_Copula_Sine",2000,-1.5,"0.25(log(n))^2",0.5
857,1000,2,"T_Copula_Sine",2000,-1.5,"0.25(log(n))^2",0.63
858,1000,2,"T_Copula_Sine",2000,-1.5,"0.25(log(n))^2",0.57
859,1000,2,"T_Copula_Sine",2000,-1.5,"0.25(log(n))^2",0.92
860,1000,2,"T_Copula_Sine",2000,-1.5,"0.25(log(n))^2",0.68
861,1000,2,"T_Copula_Sine",2000,-1.5,"0.25(log(n))^2",0.32
862,1000,2,"T_Copula_Sine",2000,-1.5,"0.25(log(n))^2",0.09
863,1000,2,"T_Copula_Sine",2000,-1.5,"0.25(log(n))^2",0.44
864,1000,2,"T_Copula_Sine",2000,-1.5,"0.25(log(n))^2",0.9
865,1000,2,"T_Copula_Sine",2000,-1.5,"0.25(log(n))^2",0.39
866,1000,2,"T_Copula_Sine",2000,-1.5,"0.25(log(n))^2",0.87
867,1000,2,"T_Copula_Sine",2000,-1.5,"0.25(log(n))^2",0.08
868,1000,2,"T_Copula_Sine",2000,-1.5,"0.25(log(n))^2",0.66
869,1000,2,"T_Copula_Sine",2000,-1.5,"0.25(log(n))^2",0.87
870,1000,2,"T_Copula_Sine",2000,-1.5,"0.25(log(n))^2",0.81
871,1000,2,"T_Copula_Sine",2000,-1.5,"0.25(log(n))^2",0.49
872,1000,2,"T_Copula_Sine",2000,-1.5,"0.25(log(n))^2",0.64
873,1000,2,"T_Copula_Sine",2000,-1.5,"0.25(log(n))^2",0.22
874,1000,2,"T_Copula_Sine",2000,-1.5,"0.25(log(n))^2",0.82
875,1000,2,"T_Copula_Sine",2000,-1.5,"0.25(log(n))^2",0.51
876,1000,2,"T_Copula_Sine",2000,-1.5,"0.25(log(n))^2",0.11
877,1000,2,"T_Copula_Sine",2000,-1.5,"0.25(log(n))^2",0.28
878,1000,2,"T_Copula_Sine",2000,-1.5,"0.25(log(n))^2",0.88
879,1000,2,"T_Copula_Sine",2000,-1.5,"0.25(log(n))^2",0.45
880,1000,2,"T_Copula_Sine",2000,-1.5,"0.25(log(n))^2",0.48
881,1000,2,"T_Copula_Sine",2000,-1.5,"0.25(log(n))^2",0.43
882,1000,2,"T_Copula_Sine",2000,-1.5,"0.25(log(n))^2",0.49
883,1000,2,"T_Copula_Sine",2000,-1.5,"0.25(log(n))^2",0.64
884,1000,2,"T_Copula_Sine",2000,-1.5,"0.25(log(n))^2",0.57
885,1000,2,"T_Copula_Sine",2000,-1.5,"0.25(log(n))^2",0.76
886,1000,2,"T_Copula_Sine",2000,-1.5,"0.25(log(n))^2",0.63
887,1000,2,"T_Copula_Sine",2000,-1.5,"0.25(log(n))^2",0.52
888,1000,2,"T_Copula_Sine",2000,-1.5,"0.25(log(n))^2",0.56
889,1000,2,"T_Copula_Sine",2000,-1.5,"0.25(log(n))^2",0.78
890,1000,2,"T_Copula_Sine",2000,-1.5,"0.25(log(n))^2",0.42
891,1000,2,"T_Copula_Sine",2000,-1.5,"0.25(log(n))^2",0.38
892,1000,2,"T_Copula_Sine",2000,-1.5,"0.25(log(n))^2",0.34
893,1000,2,"T_Copula_Sine",2000,-1.5,"0.25(log(n))^2",0.85
894,1000,2,"T_Copula_Sine",2000,-1.5,"0.25(log(n))^2",0.74
895,1000,2,"T_Copula_Sine",2000,-1.5,"0.25(log(n))^2",0.42
896,1000,2,"T_Copula_Sine",2000,-1.5,"0.25(log(n))^2",0.73
897,1000,2,"T_Copula_Sine",2000,-1.5,"0.25(log(n))^2",0.4
898,1000,2,"T_Copula_Sine",2000,-1.5,"0.25(log(n))^2",0.68
899,1000,2,"T_Copula_Sine",2000,-1.5,"0.25(log(n))^2",0.5
900,1000,2,"T_Copula_Sine",2000,-1.5,"0.25(log(n))^2",0.66
901,1000,2,"T_Copula_Sine",2000,-1.5,"0.25(log(n))^2",0.18
902,1000,2,"T_Copula_Sine",2000,-1.5,"0.25(log(n))^2",0.01
903,1000,2,"T_Copula_Sine",2000,-1.5,"0.25(log(n))^2",0.71
904,1000,2,"T_Copula_Sine",2000,-1.5,"0.25(log(n))^2",0.48
905,1000,2,"T_Copula_Sine",2000,-1.5,"0.25(log(n))^2",0.86
906,1000,2,"T_Copula_Sine",2000,-1.5,"0.25(log(n))^2",0.76
907,1000,2,"T_Copula_Sine",2000,-1.5,"0.25(log(n))^2",0.26
908,1000,2,"T_Copula_Sine",2000,-1.5,"0.25(log(n))^2",0.44
909,1000,2,"T_Copula_Sine",2000,-1.5,"0.25(log(n))^2",0.74
910,1000,2,"T_Copula_Sine",2000,-1.5,"0.25(log(n))^2",0.49
911,1000,2,"T_Copula_Sine",2000,-1.5,"0.25(log(n))^2",0.67
912,1000,2,"T_Copula_Sine",2000,-1.5,"0.25(log(n))^2",0.88
913,1000,2,"T_Copula_Sine",2000,-1.5,"0.25(log(n))^2",0.85
914,1000,2,"T_Copula_Sine",2000,-1.5,"0.25(log(n))^2",0.58
915,1000,2,"T_Copula_Sine",2000,-1.5,"0.25(log(n))^2",0.84
916,1000,2,"T_Copula_Sine",2000,-1.5,"0.25(log(n))^2",0.88
917,1000,2,"T_Copula_Sine",2000,-1.5,"0.25(log(n))^2",0.05
918,1000,2,"T_Copula_Sine",2000,-1.5,"0.25(log(n))^2",0.01
919,1000,2,"T_Copula_Sine",2000,-1.5,"0.25(log(n))^2",0.98
920,1000,2,"T_Copula_Sine",2000,-1.5,"0.25(log(n))^2",0.89
921,1000,2,"T_Copula_Sine",2000,-1.5,"0.25(log(n))^2",0.42
922,1000,2,"T_Copula_Sine",2000,-1.5,"0.25(log(n))^2",0.95
923,1000,2,"T_Copula_Sine",2000,-1.5,"0.25(log(n))^2",0.15
924,1000,2,"T_Copula_Sine",2000,-1.5,"0.25(log(n))^2",0.32
925,1000,2,"T_Copula_Sine",2000,-1.5,"0.25(log(n))^2",0.55
926,1000,2,"T_Copula_Sine",2000,-1.5,"0.25(log(n))^2",0.61
927,1000,2,"T_Copula_Sine",2000,-1.5,"0.25(log(n))^2",0.22
928,1000,2,"T_Copula_Sine",2000,-1.5,"0.25(log(n))^2",0.88
929,1000,2,"T_Copula_Sine",2000,-1.5,"0.25(log(n))^2",0.59
930,1000,2,"T_Copula_Sine",2000,-1.5,"0.25(log(n))^2",0.64
931,1000,2,"T_Copula_Sine",2000,-1.5,"0.25(log(n))^2",0.93
932,1000,2,"T_Copula_Sine",2000,-1.5,"0.25(log(n))^2",0.09
933,1000,2,"T_Copula_Sine",2000,-1.5,"0.25(log(n))^2",0.29
934,1000,2,"T_Copula_Sine",2000,-1.5,"0.25(log(n))^2",0.4
935,1000,2,"T_Copula_Sine",2000,-1.5,"0.25(log(n))^2",0.1
936,1000,2,"T_Copula_Sine",2000,-1.5,"0.25(log(n))^2",0.38
937,1000,2,"T_Copula_Sine",2000,-1.5,"0.25(log(n))^2",0.68
938,1000,2,"T_Copula_Sine",2000,-1.5,"0.25(log(n))^2",0.51
939,1000,2,"T_Copula_Sine",2000,-1.5,"0.25(log(n))^2",0.27
940,1000,2,"T_Copula_Sine",2000,-1.5,"0.25(log(n))^2",0.5
941,1000,2,"T_Copula_Sine",2000,-1.5,"0.25(log(n))^2",0.06
942,1000,2,"T_Copula_Sine",2000,-1.5,"0.25(log(n))^2",0.99
943,1000,2,"T_Copula_Sine",2000,-1.5,"0.25(log(n))^2",0.54
944,1000,2,"T_Copula_Sine",2000,-1.5,"0.25(log(n))^2",0.46
945,1000,2,"T_Copula_Sine",2000,-1.5,"0.25(log(n))^2",0.23
946,1000,2,"T_Copula_Sine",2000,-1.5,"0.25(log(n))^2",0.13
947,1000,2,"T_Copula_Sine",2000,-1.5,"0.25(log(n))^2",0.46
948,1000,2,"T_Copula_Sine",2000,-1.5,"0.25(log(n))^2",0.02
949,1000,2,"T_Copula_Sine",2000,-1.5,"0.25(log(n))^2",0.27
950,1000,2,"T_Copula_Sine",2000,-1.5,"0.25(log(n))^2",0.83
951,1000,2,"T_Copula_Sine",2000,-1.5,"0.25(log(n))^2",0.52
952,1000,2,"T_Copula_Sine",2000,-1.5,"0.25(log(n))^2",0.05
953,1000,2,"T_Copula_Sine",2000,-1.5,"0.25(log(n))^2",0.37
954,1000,2,"T_Copula_Sine",2000,-1.5,"0.25(log(n))^2",0.35
955,1000,2,"T_Copula_Sine",2000,-1.5,"0.25(log(n))^2",0.15
956,1000,2,"T_Copula_Sine",2000,-1.5,"0.25(log(n))^2",0.37
957,1000,2,"T_Copula_Sine",2000,-1.5,"0.25(log(n))^2",0.21
958,1000,2,"T_Copula_Sine",2000,-1.5,"0.25(log(n))^2",0.75
959,1000,2,"T_Copula_Sine",2000,-1.5,"0.25(log(n))^2",0.03
960,1000,2,"T_Copula_Sine",2000,-1.5,"0.25(log(n))^2",0.58
961,1000,2,"T_Copula_Sine",2000,-1.5,"0.25(log(n))^2",0.57
962,1000,2,"T_Copula_Sine",2000,-1.5,"0.25(log(n))^2",0.36
963,1000,2,"T_Copula_Sine",2000,-1.5,"0.25(log(n))^2",0.41
964,1000,2,"T_Copula_Sine",2000,-1.5,"0.25(log(n))^2",0.36
965,1000,2,"T_Copula_Sine",2000,-1.5,"0.25(log(n))^2",0.72
966,1000,2,"T_Copula_Sine",2000,-1.5,"0.25(log(n))^2",0.57
967,1000,2,"T_Copula_Sine",2000,-1.5,"0.25(log(n))^2",0.61
968,1000,2,"T_Copula_Sine",2000,-1.5,"0.25(log(n))^2",0.28
969,1000,2,"T_Copula_Sine",2000,-1.5,"0.25(log(n))^2",0.17
970,1000,2,"T_Copula_Sine",2000,-1.5,"0.25(log(n))^2",0.46
971,1000,2,"T_Copula_Sine",2000,-1.5,"0.25(log(n))^2",0.07
972,1000,2,"T_Copula_Sine",2000,-1.5,"0.25(log(n))^2",0.6
973,1000,2,"T_Copula_Sine",2000,-1.5,"0.25(log(n))^2",0.1
974,1000,2,"T_Copula_Sine",2000,-1.5,"0.25(log(n))^2",0.82
975,1000,2,"T_Copula_Sine",2000,-1.5,"0.25(log(n))^2",0.75
976,1000,2,"T_Copula_Sine",2000,-1.5,"0.25(log(n))^2",0.84
977,1000,2,"T_Copula_Sine",2000,-1.5,"0.25(log(n))^2",0.19
978,1000,2,"T_Copula_Sine",2000,-1.5,"0.25(log(n))^2",0.16
979,1000,2,"T_Copula_Sine",2000,-1.5,"0.25(log(n))^2",0.56
980,1000,2,"T_Copula_Sine",2000,-1.5,"0.25(log(n))^2",0.07
981,1000,2,"T_Copula_Sine",2000,-1.5,"0.25(log(n))^2",0.63
982,1000,2,"T_Copula_Sine",2000,-1.5,"0.25(log(n))^2",0.22
983,1000,2,"T_Copula_Sine",2000,-1.5,"0.25(log(n))^2",0
984,1000,2,"T_Copula_Sine",2000,-1.5,"0.25(log(n))^2",0.23
985,1000,2,"T_Copula_Sine",2000,-1.5,"0.25(log(n))^2",0.57
986,1000,2,"T_Copula_Sine",2000,-1.5,"0.25(log(n))^2",0.37
987,1000,2,"T_Copula_Sine",2000,-1.5,"0.25(log(n))^2",0.93
988,1000,2,"T_Copula_Sine",2000,-1.5,"0.25(log(n))^2",0.06
989,1000,2,"T_Copula_Sine",2000,-1.5,"0.25(log(n))^2",0.05
990,1000,2,"T_Copula_Sine",2000,-1.5,"0.25(log(n))^2",0.87
991,1000,2,"T_Copula_Sine",2000,-1.5,"0.25(log(n))^2",0.51
992,1000,2,"T_Copula_Sine",2000,-1.5,"0.25(log(n))^2",0.78
993,1000,2,"T_Copula_Sine",2000,-1.5,"0.25(log(n))^2",0.5
994,1000,2,"T_Copula_Sine",2000,-1.5,"0.25(log(n))^2",0.67
995,1000,2,"T_Copula_Sine",2000,-1.5,"0.25(log(n))^2",0.53
996,1000,2,"T_Copula_Sine",2000,-1.5,"0.25(log(n))^2",0.8
997,1000,2,"T_Copula_Sine",2000,-1.5,"0.25(log(n))^2",0.45
998,1000,2,"T_Copula_Sine",2000,-1.5,"0.25(log(n))^2",0.46
999,1000,2,"T_Copula_Sine",2000,-1.5,"0.25(log(n))^2",0.33
1000,1000,2,"T_Copula_Sine",2000,-1.5,"0.25(log(n))^2",0.24
1,1000,2,"T_Copula_Sine",2000,-1.5,"0.1(log(n))^2",0.39
2,1000,2,"T_Copula_Sine",2000,-1.5,"0.1(log(n))^2",0.71
3,1000,2,"T_Copula_Sine",2000,-1.5,"0.1(log(n))^2",0.89
4,1000,2,"T_Copula_Sine",2000,-1.5,"0.1(log(n))^2",0.32
5,1000,2,"T_Copula_Sine",2000,-1.5,"0.1(log(n))^2",0.16
6,1000,2,"T_Copula_Sine",2000,-1.5,"0.1(log(n))^2",0.38
7,1000,2,"T_Copula_Sine",2000,-1.5,"0.1(log(n))^2",0.24
8,1000,2,"T_Copula_Sine",2000,-1.5,"0.1(log(n))^2",0.99
9,1000,2,"T_Copula_Sine",2000,-1.5,"0.1(log(n))^2",0.72
10,1000,2,"T_Copula_Sine",2000,-1.5,"0.1(log(n))^2",0.51
11,1000,2,"T_Copula_Sine",2000,-1.5,"0.1(log(n))^2",0.93
12,1000,2,"T_Copula_Sine",2000,-1.5,"0.1(log(n))^2",0.47
13,1000,2,"T_Copula_Sine",2000,-1.5,"0.1(log(n))^2",0.25
14,1000,2,"T_Copula_Sine",2000,-1.5,"0.1(log(n))^2",0.74
15,1000,2,"T_Copula_Sine",2000,-1.5,"0.1(log(n))^2",0.43
16,1000,2,"T_Copula_Sine",2000,-1.5,"0.1(log(n))^2",0.65
17,1000,2,"T_Copula_Sine",2000,-1.5,"0.1(log(n))^2",0.66
18,1000,2,"T_Copula_Sine",2000,-1.5,"0.1(log(n))^2",0.1
19,1000,2,"T_Copula_Sine",2000,-1.5,"0.1(log(n))^2",0.04
20,1000,2,"T_Copula_Sine",2000,-1.5,"0.1(log(n))^2",0.07
21,1000,2,"T_Copula_Sine",2000,-1.5,"0.1(log(n))^2",0.03
22,1000,2,"T_Copula_Sine",2000,-1.5,"0.1(log(n))^2",0.16
23,1000,2,"T_Copula_Sine",2000,-1.5,"0.1(log(n))^2",0.98
24,1000,2,"T_Copula_Sine",2000,-1.5,"0.1(log(n))^2",0.16
25,1000,2,"T_Copula_Sine",2000,-1.5,"0.1(log(n))^2",0.83
26,1000,2,"T_Copula_Sine",2000,-1.5,"0.1(log(n))^2",0.27
27,1000,2,"T_Copula_Sine",2000,-1.5,"0.1(log(n))^2",0.86
28,1000,2,"T_Copula_Sine",2000,-1.5,"0.1(log(n))^2",0
29,1000,2,"T_Copula_Sine",2000,-1.5,"0.1(log(n))^2",0.55
30,1000,2,"T_Copula_Sine",2000,-1.5,"0.1(log(n))^2",0.68
31,1000,2,"T_Copula_Sine",2000,-1.5,"0.1(log(n))^2",0.23
32,1000,2,"T_Copula_Sine",2000,-1.5,"0.1(log(n))^2",0.21
33,1000,2,"T_Copula_Sine",2000,-1.5,"0.1(log(n))^2",0.68
34,1000,2,"T_Copula_Sine",2000,-1.5,"0.1(log(n))^2",0.48
35,1000,2,"T_Copula_Sine",2000,-1.5,"0.1(log(n))^2",0.45
36,1000,2,"T_Copula_Sine",2000,-1.5,"0.1(log(n))^2",0.42
37,1000,2,"T_Copula_Sine",2000,-1.5,"0.1(log(n))^2",0.93
38,1000,2,"T_Copula_Sine",2000,-1.5,"0.1(log(n))^2",0.28
39,1000,2,"T_Copula_Sine",2000,-1.5,"0.1(log(n))^2",0.7
40,1000,2,"T_Copula_Sine",2000,-1.5,"0.1(log(n))^2",0.74
41,1000,2,"T_Copula_Sine",2000,-1.5,"0.1(log(n))^2",0.79
42,1000,2,"T_Copula_Sine",2000,-1.5,"0.1(log(n))^2",0.41
43,1000,2,"T_Copula_Sine",2000,-1.5,"0.1(log(n))^2",0.65
44,1000,2,"T_Copula_Sine",2000,-1.5,"0.1(log(n))^2",0.61
45,1000,2,"T_Copula_Sine",2000,-1.5,"0.1(log(n))^2",0.4
46,1000,2,"T_Copula_Sine",2000,-1.5,"0.1(log(n))^2",0.68
47,1000,2,"T_Copula_Sine",2000,-1.5,"0.1(log(n))^2",0.83
48,1000,2,"T_Copula_Sine",2000,-1.5,"0.1(log(n))^2",0.34
49,1000,2,"T_Copula_Sine",2000,-1.5,"0.1(log(n))^2",0.03
50,1000,2,"T_Copula_Sine",2000,-1.5,"0.1(log(n))^2",0.18
51,1000,2,"T_Copula_Sine",2000,-1.5,"0.1(log(n))^2",0.14
52,1000,2,"T_Copula_Sine",2000,-1.5,"0.1(log(n))^2",0.45
53,1000,2,"T_Copula_Sine",2000,-1.5,"0.1(log(n))^2",0.2
54,1000,2,"T_Copula_Sine",2000,-1.5,"0.1(log(n))^2",0.9
55,1000,2,"T_Copula_Sine",2000,-1.5,"0.1(log(n))^2",0.33
56,1000,2,"T_Copula_Sine",2000,-1.5,"0.1(log(n))^2",0.34
57,1000,2,"T_Copula_Sine",2000,-1.5,"0.1(log(n))^2",0.27
58,1000,2,"T_Copula_Sine",2000,-1.5,"0.1(log(n))^2",0.75
59,1000,2,"T_Copula_Sine",2000,-1.5,"0.1(log(n))^2",0.86
60,1000,2,"T_Copula_Sine",2000,-1.5,"0.1(log(n))^2",0.83
61,1000,2,"T_Copula_Sine",2000,-1.5,"0.1(log(n))^2",0.47
62,1000,2,"T_Copula_Sine",2000,-1.5,"0.1(log(n))^2",0.09
63,1000,2,"T_Copula_Sine",2000,-1.5,"0.1(log(n))^2",0.64
64,1000,2,"T_Copula_Sine",2000,-1.5,"0.1(log(n))^2",0.24
65,1000,2,"T_Copula_Sine",2000,-1.5,"0.1(log(n))^2",0.2
66,1000,2,"T_Copula_Sine",2000,-1.5,"0.1(log(n))^2",0.24
67,1000,2,"T_Copula_Sine",2000,-1.5,"0.1(log(n))^2",0.81
68,1000,2,"T_Copula_Sine",2000,-1.5,"0.1(log(n))^2",0.58
69,1000,2,"T_Copula_Sine",2000,-1.5,"0.1(log(n))^2",0.65
70,1000,2,"T_Copula_Sine",2000,-1.5,"0.1(log(n))^2",0.53
71,1000,2,"T_Copula_Sine",2000,-1.5,"0.1(log(n))^2",0.22
72,1000,2,"T_Copula_Sine",2000,-1.5,"0.1(log(n))^2",0.57
73,1000,2,"T_Copula_Sine",2000,-1.5,"0.1(log(n))^2",0.08
74,1000,2,"T_Copula_Sine",2000,-1.5,"0.1(log(n))^2",0.72
75,1000,2,"T_Copula_Sine",2000,-1.5,"0.1(log(n))^2",0.52
76,1000,2,"T_Copula_Sine",2000,-1.5,"0.1(log(n))^2",0.37
77,1000,2,"T_Copula_Sine",2000,-1.5,"0.1(log(n))^2",0.04
78,1000,2,"T_Copula_Sine",2000,-1.5,"0.1(log(n))^2",0.17
79,1000,2,"T_Copula_Sine",2000,-1.5,"0.1(log(n))^2",0.22
80,1000,2,"T_Copula_Sine",2000,-1.5,"0.1(log(n))^2",0.16
81,1000,2,"T_Copula_Sine",2000,-1.5,"0.1(log(n))^2",0.17
82,1000,2,"T_Copula_Sine",2000,-1.5,"0.1(log(n))^2",0.67
83,1000,2,"T_Copula_Sine",2000,-1.5,"0.1(log(n))^2",0.77
84,1000,2,"T_Copula_Sine",2000,-1.5,"0.1(log(n))^2",0.87
85,1000,2,"T_Copula_Sine",2000,-1.5,"0.1(log(n))^2",0.29
86,1000,2,"T_Copula_Sine",2000,-1.5,"0.1(log(n))^2",0.22
87,1000,2,"T_Copula_Sine",2000,-1.5,"0.1(log(n))^2",0.43
88,1000,2,"T_Copula_Sine",2000,-1.5,"0.1(log(n))^2",0.06
89,1000,2,"T_Copula_Sine",2000,-1.5,"0.1(log(n))^2",0.3
90,1000,2,"T_Copula_Sine",2000,-1.5,"0.1(log(n))^2",0.42
91,1000,2,"T_Copula_Sine",2000,-1.5,"0.1(log(n))^2",0.38
92,1000,2,"T_Copula_Sine",2000,-1.5,"0.1(log(n))^2",0.67
93,1000,2,"T_Copula_Sine",2000,-1.5,"0.1(log(n))^2",0.82
94,1000,2,"T_Copula_Sine",2000,-1.5,"0.1(log(n))^2",0.04
95,1000,2,"T_Copula_Sine",2000,-1.5,"0.1(log(n))^2",0.81
96,1000,2,"T_Copula_Sine",2000,-1.5,"0.1(log(n))^2",0.75
97,1000,2,"T_Copula_Sine",2000,-1.5,"0.1(log(n))^2",0.16
98,1000,2,"T_Copula_Sine",2000,-1.5,"0.1(log(n))^2",0.39
99,1000,2,"T_Copula_Sine",2000,-1.5,"0.1(log(n))^2",0.67
100,1000,2,"T_Copula_Sine",2000,-1.5,"0.1(log(n))^2",0.86
101,1000,2,"T_Copula_Sine",2000,-1.5,"0.1(log(n))^2",0.17
102,1000,2,"T_Copula_Sine",2000,-1.5,"0.1(log(n))^2",0.64
103,1000,2,"T_Copula_Sine",2000,-1.5,"0.1(log(n))^2",0.68
104,1000,2,"T_Copula_Sine",2000,-1.5,"0.1(log(n))^2",0.91
105,1000,2,"T_Copula_Sine",2000,-1.5,"0.1(log(n))^2",0.47
106,1000,2,"T_Copula_Sine",2000,-1.5,"0.1(log(n))^2",0.42
107,1000,2,"T_Copula_Sine",2000,-1.5,"0.1(log(n))^2",0.45
108,1000,2,"T_Copula_Sine",2000,-1.5,"0.1(log(n))^2",0.35
109,1000,2,"T_Copula_Sine",2000,-1.5,"0.1(log(n))^2",0.74
110,1000,2,"T_Copula_Sine",2000,-1.5,"0.1(log(n))^2",0.69
111,1000,2,"T_Copula_Sine",2000,-1.5,"0.1(log(n))^2",0.5
112,1000,2,"T_Copula_Sine",2000,-1.5,"0.1(log(n))^2",0.34
113,1000,2,"T_Copula_Sine",2000,-1.5,"0.1(log(n))^2",0.11
114,1000,2,"T_Copula_Sine",2000,-1.5,"0.1(log(n))^2",0.73
115,1000,2,"T_Copula_Sine",2000,-1.5,"0.1(log(n))^2",0.61
116,1000,2,"T_Copula_Sine",2000,-1.5,"0.1(log(n))^2",0.89
117,1000,2,"T_Copula_Sine",2000,-1.5,"0.1(log(n))^2",0.72
118,1000,2,"T_Copula_Sine",2000,-1.5,"0.1(log(n))^2",0.72
119,1000,2,"T_Copula_Sine",2000,-1.5,"0.1(log(n))^2",0.43
120,1000,2,"T_Copula_Sine",2000,-1.5,"0.1(log(n))^2",0.87
121,1000,2,"T_Copula_Sine",2000,-1.5,"0.1(log(n))^2",0.32
122,1000,2,"T_Copula_Sine",2000,-1.5,"0.1(log(n))^2",0.21
123,1000,2,"T_Copula_Sine",2000,-1.5,"0.1(log(n))^2",0.04
124,1000,2,"T_Copula_Sine",2000,-1.5,"0.1(log(n))^2",0.25
125,1000,2,"T_Copula_Sine",2000,-1.5,"0.1(log(n))^2",0.82
126,1000,2,"T_Copula_Sine",2000,-1.5,"0.1(log(n))^2",0.31
127,1000,2,"T_Copula_Sine",2000,-1.5,"0.1(log(n))^2",0.52
128,1000,2,"T_Copula_Sine",2000,-1.5,"0.1(log(n))^2",0.21
129,1000,2,"T_Copula_Sine",2000,-1.5,"0.1(log(n))^2",0.4
130,1000,2,"T_Copula_Sine",2000,-1.5,"0.1(log(n))^2",0.35
131,1000,2,"T_Copula_Sine",2000,-1.5,"0.1(log(n))^2",0.41
132,1000,2,"T_Copula_Sine",2000,-1.5,"0.1(log(n))^2",0.28
133,1000,2,"T_Copula_Sine",2000,-1.5,"0.1(log(n))^2",0.32
134,1000,2,"T_Copula_Sine",2000,-1.5,"0.1(log(n))^2",0.49
135,1000,2,"T_Copula_Sine",2000,-1.5,"0.1(log(n))^2",0.25
136,1000,2,"T_Copula_Sine",2000,-1.5,"0.1(log(n))^2",0.34
137,1000,2,"T_Copula_Sine",2000,-1.5,"0.1(log(n))^2",0.36
138,1000,2,"T_Copula_Sine",2000,-1.5,"0.1(log(n))^2",0.49
139,1000,2,"T_Copula_Sine",2000,-1.5,"0.1(log(n))^2",0.27
140,1000,2,"T_Copula_Sine",2000,-1.5,"0.1(log(n))^2",0.15
141,1000,2,"T_Copula_Sine",2000,-1.5,"0.1(log(n))^2",0.45
142,1000,2,"T_Copula_Sine",2000,-1.5,"0.1(log(n))^2",0.45
143,1000,2,"T_Copula_Sine",2000,-1.5,"0.1(log(n))^2",0.44
144,1000,2,"T_Copula_Sine",2000,-1.5,"0.1(log(n))^2",0.16
145,1000,2,"T_Copula_Sine",2000,-1.5,"0.1(log(n))^2",0.65
146,1000,2,"T_Copula_Sine",2000,-1.5,"0.1(log(n))^2",0.33
147,1000,2,"T_Copula_Sine",2000,-1.5,"0.1(log(n))^2",0.88
148,1000,2,"T_Copula_Sine",2000,-1.5,"0.1(log(n))^2",0.53
149,1000,2,"T_Copula_Sine",2000,-1.5,"0.1(log(n))^2",0.4
150,1000,2,"T_Copula_Sine",2000,-1.5,"0.1(log(n))^2",0.38
151,1000,2,"T_Copula_Sine",2000,-1.5,"0.1(log(n))^2",0.81
152,1000,2,"T_Copula_Sine",2000,-1.5,"0.1(log(n))^2",0.22
153,1000,2,"T_Copula_Sine",2000,-1.5,"0.1(log(n))^2",0.11
154,1000,2,"T_Copula_Sine",2000,-1.5,"0.1(log(n))^2",0.23
155,1000,2,"T_Copula_Sine",2000,-1.5,"0.1(log(n))^2",0.37
156,1000,2,"T_Copula_Sine",2000,-1.5,"0.1(log(n))^2",0.66
157,1000,2,"T_Copula_Sine",2000,-1.5,"0.1(log(n))^2",0.53
158,1000,2,"T_Copula_Sine",2000,-1.5,"0.1(log(n))^2",0.4
159,1000,2,"T_Copula_Sine",2000,-1.5,"0.1(log(n))^2",0.69
160,1000,2,"T_Copula_Sine",2000,-1.5,"0.1(log(n))^2",0.52
161,1000,2,"T_Copula_Sine",2000,-1.5,"0.1(log(n))^2",0.57
162,1000,2,"T_Copula_Sine",2000,-1.5,"0.1(log(n))^2",0.89
163,1000,2,"T_Copula_Sine",2000,-1.5,"0.1(log(n))^2",0.47
164,1000,2,"T_Copula_Sine",2000,-1.5,"0.1(log(n))^2",0.06
165,1000,2,"T_Copula_Sine",2000,-1.5,"0.1(log(n))^2",0.23
166,1000,2,"T_Copula_Sine",2000,-1.5,"0.1(log(n))^2",0.48
167,1000,2,"T_Copula_Sine",2000,-1.5,"0.1(log(n))^2",0.91
168,1000,2,"T_Copula_Sine",2000,-1.5,"0.1(log(n))^2",0.35
169,1000,2,"T_Copula_Sine",2000,-1.5,"0.1(log(n))^2",0.26
170,1000,2,"T_Copula_Sine",2000,-1.5,"0.1(log(n))^2",0.06
171,1000,2,"T_Copula_Sine",2000,-1.5,"0.1(log(n))^2",0.37
172,1000,2,"T_Copula_Sine",2000,-1.5,"0.1(log(n))^2",0.65
173,1000,2,"T_Copula_Sine",2000,-1.5,"0.1(log(n))^2",0.36
174,1000,2,"T_Copula_Sine",2000,-1.5,"0.1(log(n))^2",0.88
175,1000,2,"T_Copula_Sine",2000,-1.5,"0.1(log(n))^2",0.5
176,1000,2,"T_Copula_Sine",2000,-1.5,"0.1(log(n))^2",0.07
177,1000,2,"T_Copula_Sine",2000,-1.5,"0.1(log(n))^2",0.88
178,1000,2,"T_Copula_Sine",2000,-1.5,"0.1(log(n))^2",0.56
179,1000,2,"T_Copula_Sine",2000,-1.5,"0.1(log(n))^2",0.23
180,1000,2,"T_Copula_Sine",2000,-1.5,"0.1(log(n))^2",0.62
181,1000,2,"T_Copula_Sine",2000,-1.5,"0.1(log(n))^2",0.55
182,1000,2,"T_Copula_Sine",2000,-1.5,"0.1(log(n))^2",0.7
183,1000,2,"T_Copula_Sine",2000,-1.5,"0.1(log(n))^2",0.72
184,1000,2,"T_Copula_Sine",2000,-1.5,"0.1(log(n))^2",0.44
185,1000,2,"T_Copula_Sine",2000,-1.5,"0.1(log(n))^2",0.37
186,1000,2,"T_Copula_Sine",2000,-1.5,"0.1(log(n))^2",0.37
187,1000,2,"T_Copula_Sine",2000,-1.5,"0.1(log(n))^2",0.43
188,1000,2,"T_Copula_Sine",2000,-1.5,"0.1(log(n))^2",0.53
189,1000,2,"T_Copula_Sine",2000,-1.5,"0.1(log(n))^2",0.14
190,1000,2,"T_Copula_Sine",2000,-1.5,"0.1(log(n))^2",0.5
191,1000,2,"T_Copula_Sine",2000,-1.5,"0.1(log(n))^2",0.19
192,1000,2,"T_Copula_Sine",2000,-1.5,"0.1(log(n))^2",0.6
193,1000,2,"T_Copula_Sine",2000,-1.5,"0.1(log(n))^2",0.36
194,1000,2,"T_Copula_Sine",2000,-1.5,"0.1(log(n))^2",0.41
195,1000,2,"T_Copula_Sine",2000,-1.5,"0.1(log(n))^2",0.14
196,1000,2,"T_Copula_Sine",2000,-1.5,"0.1(log(n))^2",0.22
197,1000,2,"T_Copula_Sine",2000,-1.5,"0.1(log(n))^2",0.57
198,1000,2,"T_Copula_Sine",2000,-1.5,"0.1(log(n))^2",0.26
199,1000,2,"T_Copula_Sine",2000,-1.5,"0.1(log(n))^2",0.12
200,1000,2,"T_Copula_Sine",2000,-1.5,"0.1(log(n))^2",0.49
201,1000,2,"T_Copula_Sine",2000,-1.5,"0.1(log(n))^2",0.3
202,1000,2,"T_Copula_Sine",2000,-1.5,"0.1(log(n))^2",0.16
203,1000,2,"T_Copula_Sine",2000,-1.5,"0.1(log(n))^2",0.8
204,1000,2,"T_Copula_Sine",2000,-1.5,"0.1(log(n))^2",0.3
205,1000,2,"T_Copula_Sine",2000,-1.5,"0.1(log(n))^2",0.74
206,1000,2,"T_Copula_Sine",2000,-1.5,"0.1(log(n))^2",0.43
207,1000,2,"T_Copula_Sine",2000,-1.5,"0.1(log(n))^2",0.55
208,1000,2,"T_Copula_Sine",2000,-1.5,"0.1(log(n))^2",0.74
209,1000,2,"T_Copula_Sine",2000,-1.5,"0.1(log(n))^2",0.48
210,1000,2,"T_Copula_Sine",2000,-1.5,"0.1(log(n))^2",0.33
211,1000,2,"T_Copula_Sine",2000,-1.5,"0.1(log(n))^2",0.5
212,1000,2,"T_Copula_Sine",2000,-1.5,"0.1(log(n))^2",0.65
213,1000,2,"T_Copula_Sine",2000,-1.5,"0.1(log(n))^2",0.4
214,1000,2,"T_Copula_Sine",2000,-1.5,"0.1(log(n))^2",0.61
215,1000,2,"T_Copula_Sine",2000,-1.5,"0.1(log(n))^2",0.29
216,1000,2,"T_Copula_Sine",2000,-1.5,"0.1(log(n))^2",0.36
217,1000,2,"T_Copula_Sine",2000,-1.5,"0.1(log(n))^2",0.26
218,1000,2,"T_Copula_Sine",2000,-1.5,"0.1(log(n))^2",0.93
219,1000,2,"T_Copula_Sine",2000,-1.5,"0.1(log(n))^2",0.81
220,1000,2,"T_Copula_Sine",2000,-1.5,"0.1(log(n))^2",0.86
221,1000,2,"T_Copula_Sine",2000,-1.5,"0.1(log(n))^2",0.75
222,1000,2,"T_Copula_Sine",2000,-1.5,"0.1(log(n))^2",0.13
223,1000,2,"T_Copula_Sine",2000,-1.5,"0.1(log(n))^2",0.44
224,1000,2,"T_Copula_Sine",2000,-1.5,"0.1(log(n))^2",0.61
225,1000,2,"T_Copula_Sine",2000,-1.5,"0.1(log(n))^2",0.35
226,1000,2,"T_Copula_Sine",2000,-1.5,"0.1(log(n))^2",0.04
227,1000,2,"T_Copula_Sine",2000,-1.5,"0.1(log(n))^2",0.46
228,1000,2,"T_Copula_Sine",2000,-1.5,"0.1(log(n))^2",0.76
229,1000,2,"T_Copula_Sine",2000,-1.5,"0.1(log(n))^2",0.31
230,1000,2,"T_Copula_Sine",2000,-1.5,"0.1(log(n))^2",0.75
231,1000,2,"T_Copula_Sine",2000,-1.5,"0.1(log(n))^2",0.35
232,1000,2,"T_Copula_Sine",2000,-1.5,"0.1(log(n))^2",0.39
233,1000,2,"T_Copula_Sine",2000,-1.5,"0.1(log(n))^2",0.48
234,1000,2,"T_Copula_Sine",2000,-1.5,"0.1(log(n))^2",0.27
235,1000,2,"T_Copula_Sine",2000,-1.5,"0.1(log(n))^2",0.36
236,1000,2,"T_Copula_Sine",2000,-1.5,"0.1(log(n))^2",0.77
237,1000,2,"T_Copula_Sine",2000,-1.5,"0.1(log(n))^2",0.52
238,1000,2,"T_Copula_Sine",2000,-1.5,"0.1(log(n))^2",0.78
239,1000,2,"T_Copula_Sine",2000,-1.5,"0.1(log(n))^2",0.8
240,1000,2,"T_Copula_Sine",2000,-1.5,"0.1(log(n))^2",0.94
241,1000,2,"T_Copula_Sine",2000,-1.5,"0.1(log(n))^2",0.15
242,1000,2,"T_Copula_Sine",2000,-1.5,"0.1(log(n))^2",0.34
243,1000,2,"T_Copula_Sine",2000,-1.5,"0.1(log(n))^2",0.31
244,1000,2,"T_Copula_Sine",2000,-1.5,"0.1(log(n))^2",0.6
245,1000,2,"T_Copula_Sine",2000,-1.5,"0.1(log(n))^2",0.3
246,1000,2,"T_Copula_Sine",2000,-1.5,"0.1(log(n))^2",0.75
247,1000,2,"T_Copula_Sine",2000,-1.5,"0.1(log(n))^2",0.04
248,1000,2,"T_Copula_Sine",2000,-1.5,"0.1(log(n))^2",0.53
249,1000,2,"T_Copula_Sine",2000,-1.5,"0.1(log(n))^2",0.02
250,1000,2,"T_Copula_Sine",2000,-1.5,"0.1(log(n))^2",0.58
251,1000,2,"T_Copula_Sine",2000,-1.5,"0.1(log(n))^2",0.7
252,1000,2,"T_Copula_Sine",2000,-1.5,"0.1(log(n))^2",0.88
253,1000,2,"T_Copula_Sine",2000,-1.5,"0.1(log(n))^2",0.88
254,1000,2,"T_Copula_Sine",2000,-1.5,"0.1(log(n))^2",0.52
255,1000,2,"T_Copula_Sine",2000,-1.5,"0.1(log(n))^2",0.44
256,1000,2,"T_Copula_Sine",2000,-1.5,"0.1(log(n))^2",0.94
257,1000,2,"T_Copula_Sine",2000,-1.5,"0.1(log(n))^2",0.24
258,1000,2,"T_Copula_Sine",2000,-1.5,"0.1(log(n))^2",0.42
259,1000,2,"T_Copula_Sine",2000,-1.5,"0.1(log(n))^2",0.59
260,1000,2,"T_Copula_Sine",2000,-1.5,"0.1(log(n))^2",0.14
261,1000,2,"T_Copula_Sine",2000,-1.5,"0.1(log(n))^2",0.27
262,1000,2,"T_Copula_Sine",2000,-1.5,"0.1(log(n))^2",0.16
263,1000,2,"T_Copula_Sine",2000,-1.5,"0.1(log(n))^2",0.05
264,1000,2,"T_Copula_Sine",2000,-1.5,"0.1(log(n))^2",0.37
265,1000,2,"T_Copula_Sine",2000,-1.5,"0.1(log(n))^2",0.57
266,1000,2,"T_Copula_Sine",2000,-1.5,"0.1(log(n))^2",0.68
267,1000,2,"T_Copula_Sine",2000,-1.5,"0.1(log(n))^2",0.77
268,1000,2,"T_Copula_Sine",2000,-1.5,"0.1(log(n))^2",0.85
269,1000,2,"T_Copula_Sine",2000,-1.5,"0.1(log(n))^2",0.03
270,1000,2,"T_Copula_Sine",2000,-1.5,"0.1(log(n))^2",0.19
271,1000,2,"T_Copula_Sine",2000,-1.5,"0.1(log(n))^2",0.25
272,1000,2,"T_Copula_Sine",2000,-1.5,"0.1(log(n))^2",0.42
273,1000,2,"T_Copula_Sine",2000,-1.5,"0.1(log(n))^2",0.62
274,1000,2,"T_Copula_Sine",2000,-1.5,"0.1(log(n))^2",0.31
275,1000,2,"T_Copula_Sine",2000,-1.5,"0.1(log(n))^2",0.14
276,1000,2,"T_Copula_Sine",2000,-1.5,"0.1(log(n))^2",0.68
277,1000,2,"T_Copula_Sine",2000,-1.5,"0.1(log(n))^2",0.69
278,1000,2,"T_Copula_Sine",2000,-1.5,"0.1(log(n))^2",0.58
279,1000,2,"T_Copula_Sine",2000,-1.5,"0.1(log(n))^2",0.62
280,1000,2,"T_Copula_Sine",2000,-1.5,"0.1(log(n))^2",0.21
281,1000,2,"T_Copula_Sine",2000,-1.5,"0.1(log(n))^2",0.09
282,1000,2,"T_Copula_Sine",2000,-1.5,"0.1(log(n))^2",0.23
283,1000,2,"T_Copula_Sine",2000,-1.5,"0.1(log(n))^2",0.76
284,1000,2,"T_Copula_Sine",2000,-1.5,"0.1(log(n))^2",0.79
285,1000,2,"T_Copula_Sine",2000,-1.5,"0.1(log(n))^2",0.18
286,1000,2,"T_Copula_Sine",2000,-1.5,"0.1(log(n))^2",0.17
287,1000,2,"T_Copula_Sine",2000,-1.5,"0.1(log(n))^2",0.36
288,1000,2,"T_Copula_Sine",2000,-1.5,"0.1(log(n))^2",0.53
289,1000,2,"T_Copula_Sine",2000,-1.5,"0.1(log(n))^2",0.28
290,1000,2,"T_Copula_Sine",2000,-1.5,"0.1(log(n))^2",0.36
291,1000,2,"T_Copula_Sine",2000,-1.5,"0.1(log(n))^2",0.31
292,1000,2,"T_Copula_Sine",2000,-1.5,"0.1(log(n))^2",0.17
293,1000,2,"T_Copula_Sine",2000,-1.5,"0.1(log(n))^2",0.58
294,1000,2,"T_Copula_Sine",2000,-1.5,"0.1(log(n))^2",0.27
295,1000,2,"T_Copula_Sine",2000,-1.5,"0.1(log(n))^2",0.29
296,1000,2,"T_Copula_Sine",2000,-1.5,"0.1(log(n))^2",0.23
297,1000,2,"T_Copula_Sine",2000,-1.5,"0.1(log(n))^2",0.67
298,1000,2,"T_Copula_Sine",2000,-1.5,"0.1(log(n))^2",0.24
299,1000,2,"T_Copula_Sine",2000,-1.5,"0.1(log(n))^2",0.3
300,1000,2,"T_Copula_Sine",2000,-1.5,"0.1(log(n))^2",0.25
301,1000,2,"T_Copula_Sine",2000,-1.5,"0.1(log(n))^2",0.44
302,1000,2,"T_Copula_Sine",2000,-1.5,"0.1(log(n))^2",0.54
303,1000,2,"T_Copula_Sine",2000,-1.5,"0.1(log(n))^2",0.19
304,1000,2,"T_Copula_Sine",2000,-1.5,"0.1(log(n))^2",0.51
305,1000,2,"T_Copula_Sine",2000,-1.5,"0.1(log(n))^2",0.68
306,1000,2,"T_Copula_Sine",2000,-1.5,"0.1(log(n))^2",0.24
307,1000,2,"T_Copula_Sine",2000,-1.5,"0.1(log(n))^2",0.48
308,1000,2,"T_Copula_Sine",2000,-1.5,"0.1(log(n))^2",0.17
309,1000,2,"T_Copula_Sine",2000,-1.5,"0.1(log(n))^2",0.46
310,1000,2,"T_Copula_Sine",2000,-1.5,"0.1(log(n))^2",0.5
311,1000,2,"T_Copula_Sine",2000,-1.5,"0.1(log(n))^2",0.39
312,1000,2,"T_Copula_Sine",2000,-1.5,"0.1(log(n))^2",0.61
313,1000,2,"T_Copula_Sine",2000,-1.5,"0.1(log(n))^2",0.44
314,1000,2,"T_Copula_Sine",2000,-1.5,"0.1(log(n))^2",0.86
315,1000,2,"T_Copula_Sine",2000,-1.5,"0.1(log(n))^2",0.22
316,1000,2,"T_Copula_Sine",2000,-1.5,"0.1(log(n))^2",0.69
317,1000,2,"T_Copula_Sine",2000,-1.5,"0.1(log(n))^2",0.15
318,1000,2,"T_Copula_Sine",2000,-1.5,"0.1(log(n))^2",0.98
319,1000,2,"T_Copula_Sine",2000,-1.5,"0.1(log(n))^2",0.64
320,1000,2,"T_Copula_Sine",2000,-1.5,"0.1(log(n))^2",0.35
321,1000,2,"T_Copula_Sine",2000,-1.5,"0.1(log(n))^2",0.35
322,1000,2,"T_Copula_Sine",2000,-1.5,"0.1(log(n))^2",0.62
323,1000,2,"T_Copula_Sine",2000,-1.5,"0.1(log(n))^2",0.08
324,1000,2,"T_Copula_Sine",2000,-1.5,"0.1(log(n))^2",0.67
325,1000,2,"T_Copula_Sine",2000,-1.5,"0.1(log(n))^2",0.68
326,1000,2,"T_Copula_Sine",2000,-1.5,"0.1(log(n))^2",0.41
327,1000,2,"T_Copula_Sine",2000,-1.5,"0.1(log(n))^2",0.32
328,1000,2,"T_Copula_Sine",2000,-1.5,"0.1(log(n))^2",0.88
329,1000,2,"T_Copula_Sine",2000,-1.5,"0.1(log(n))^2",0.19
330,1000,2,"T_Copula_Sine",2000,-1.5,"0.1(log(n))^2",0.9
331,1000,2,"T_Copula_Sine",2000,-1.5,"0.1(log(n))^2",0.09
332,1000,2,"T_Copula_Sine",2000,-1.5,"0.1(log(n))^2",0.18
333,1000,2,"T_Copula_Sine",2000,-1.5,"0.1(log(n))^2",0.37
334,1000,2,"T_Copula_Sine",2000,-1.5,"0.1(log(n))^2",0.55
335,1000,2,"T_Copula_Sine",2000,-1.5,"0.1(log(n))^2",0.29
336,1000,2,"T_Copula_Sine",2000,-1.5,"0.1(log(n))^2",0.14
337,1000,2,"T_Copula_Sine",2000,-1.5,"0.1(log(n))^2",0.7
338,1000,2,"T_Copula_Sine",2000,-1.5,"0.1(log(n))^2",0.61
339,1000,2,"T_Copula_Sine",2000,-1.5,"0.1(log(n))^2",0.87
340,1000,2,"T_Copula_Sine",2000,-1.5,"0.1(log(n))^2",0.26
341,1000,2,"T_Copula_Sine",2000,-1.5,"0.1(log(n))^2",0.38
342,1000,2,"T_Copula_Sine",2000,-1.5,"0.1(log(n))^2",0.15
343,1000,2,"T_Copula_Sine",2000,-1.5,"0.1(log(n))^2",0.27
344,1000,2,"T_Copula_Sine",2000,-1.5,"0.1(log(n))^2",0.56
345,1000,2,"T_Copula_Sine",2000,-1.5,"0.1(log(n))^2",0.31
346,1000,2,"T_Copula_Sine",2000,-1.5,"0.1(log(n))^2",0.08
347,1000,2,"T_Copula_Sine",2000,-1.5,"0.1(log(n))^2",0.44
348,1000,2,"T_Copula_Sine",2000,-1.5,"0.1(log(n))^2",0.28
349,1000,2,"T_Copula_Sine",2000,-1.5,"0.1(log(n))^2",0.3
350,1000,2,"T_Copula_Sine",2000,-1.5,"0.1(log(n))^2",0.34
351,1000,2,"T_Copula_Sine",2000,-1.5,"0.1(log(n))^2",0.5
352,1000,2,"T_Copula_Sine",2000,-1.5,"0.1(log(n))^2",0.21
353,1000,2,"T_Copula_Sine",2000,-1.5,"0.1(log(n))^2",0.8
354,1000,2,"T_Copula_Sine",2000,-1.5,"0.1(log(n))^2",0.08
355,1000,2,"T_Copula_Sine",2000,-1.5,"0.1(log(n))^2",0.92
356,1000,2,"T_Copula_Sine",2000,-1.5,"0.1(log(n))^2",0.95
357,1000,2,"T_Copula_Sine",2000,-1.5,"0.1(log(n))^2",0.8
358,1000,2,"T_Copula_Sine",2000,-1.5,"0.1(log(n))^2",0.41
359,1000,2,"T_Copula_Sine",2000,-1.5,"0.1(log(n))^2",0.05
360,1000,2,"T_Copula_Sine",2000,-1.5,"0.1(log(n))^2",0.7
361,1000,2,"T_Copula_Sine",2000,-1.5,"0.1(log(n))^2",0.2
362,1000,2,"T_Copula_Sine",2000,-1.5,"0.1(log(n))^2",0.65
363,1000,2,"T_Copula_Sine",2000,-1.5,"0.1(log(n))^2",0.26
364,1000,2,"T_Copula_Sine",2000,-1.5,"0.1(log(n))^2",0.6
365,1000,2,"T_Copula_Sine",2000,-1.5,"0.1(log(n))^2",0.37
366,1000,2,"T_Copula_Sine",2000,-1.5,"0.1(log(n))^2",0.32
367,1000,2,"T_Copula_Sine",2000,-1.5,"0.1(log(n))^2",0.8
368,1000,2,"T_Copula_Sine",2000,-1.5,"0.1(log(n))^2",0.33
369,1000,2,"T_Copula_Sine",2000,-1.5,"0.1(log(n))^2",0.88
370,1000,2,"T_Copula_Sine",2000,-1.5,"0.1(log(n))^2",0.24
371,1000,2,"T_Copula_Sine",2000,-1.5,"0.1(log(n))^2",0.87
372,1000,2,"T_Copula_Sine",2000,-1.5,"0.1(log(n))^2",0.74
373,1000,2,"T_Copula_Sine",2000,-1.5,"0.1(log(n))^2",0.03
374,1000,2,"T_Copula_Sine",2000,-1.5,"0.1(log(n))^2",0.95
375,1000,2,"T_Copula_Sine",2000,-1.5,"0.1(log(n))^2",0.85
376,1000,2,"T_Copula_Sine",2000,-1.5,"0.1(log(n))^2",0.39
377,1000,2,"T_Copula_Sine",2000,-1.5,"0.1(log(n))^2",0.51
378,1000,2,"T_Copula_Sine",2000,-1.5,"0.1(log(n))^2",0.38
379,1000,2,"T_Copula_Sine",2000,-1.5,"0.1(log(n))^2",0.6
380,1000,2,"T_Copula_Sine",2000,-1.5,"0.1(log(n))^2",0.8
381,1000,2,"T_Copula_Sine",2000,-1.5,"0.1(log(n))^2",0.38
382,1000,2,"T_Copula_Sine",2000,-1.5,"0.1(log(n))^2",0.94
383,1000,2,"T_Copula_Sine",2000,-1.5,"0.1(log(n))^2",0.16
384,1000,2,"T_Copula_Sine",2000,-1.5,"0.1(log(n))^2",0.93
385,1000,2,"T_Copula_Sine",2000,-1.5,"0.1(log(n))^2",0.17
386,1000,2,"T_Copula_Sine",2000,-1.5,"0.1(log(n))^2",0.09
387,1000,2,"T_Copula_Sine",2000,-1.5,"0.1(log(n))^2",0.24
388,1000,2,"T_Copula_Sine",2000,-1.5,"0.1(log(n))^2",0.18
389,1000,2,"T_Copula_Sine",2000,-1.5,"0.1(log(n))^2",0.46
390,1000,2,"T_Copula_Sine",2000,-1.5,"0.1(log(n))^2",0.44
391,1000,2,"T_Copula_Sine",2000,-1.5,"0.1(log(n))^2",0.25
392,1000,2,"T_Copula_Sine",2000,-1.5,"0.1(log(n))^2",0.81
393,1000,2,"T_Copula_Sine",2000,-1.5,"0.1(log(n))^2",0.39
394,1000,2,"T_Copula_Sine",2000,-1.5,"0.1(log(n))^2",0.66
395,1000,2,"T_Copula_Sine",2000,-1.5,"0.1(log(n))^2",0.76
396,1000,2,"T_Copula_Sine",2000,-1.5,"0.1(log(n))^2",0.41
397,1000,2,"T_Copula_Sine",2000,-1.5,"0.1(log(n))^2",0.48
398,1000,2,"T_Copula_Sine",2000,-1.5,"0.1(log(n))^2",0.52
399,1000,2,"T_Copula_Sine",2000,-1.5,"0.1(log(n))^2",0.66
400,1000,2,"T_Copula_Sine",2000,-1.5,"0.1(log(n))^2",0.79
401,1000,2,"T_Copula_Sine",2000,-1.5,"0.1(log(n))^2",0.85
402,1000,2,"T_Copula_Sine",2000,-1.5,"0.1(log(n))^2",0.09
403,1000,2,"T_Copula_Sine",2000,-1.5,"0.1(log(n))^2",0.87
404,1000,2,"T_Copula_Sine",2000,-1.5,"0.1(log(n))^2",0.6
405,1000,2,"T_Copula_Sine",2000,-1.5,"0.1(log(n))^2",0.47
406,1000,2,"T_Copula_Sine",2000,-1.5,"0.1(log(n))^2",0.15
407,1000,2,"T_Copula_Sine",2000,-1.5,"0.1(log(n))^2",0.67
408,1000,2,"T_Copula_Sine",2000,-1.5,"0.1(log(n))^2",0.2
409,1000,2,"T_Copula_Sine",2000,-1.5,"0.1(log(n))^2",0.36
410,1000,2,"T_Copula_Sine",2000,-1.5,"0.1(log(n))^2",0.78
411,1000,2,"T_Copula_Sine",2000,-1.5,"0.1(log(n))^2",0.09
412,1000,2,"T_Copula_Sine",2000,-1.5,"0.1(log(n))^2",0.6
413,1000,2,"T_Copula_Sine",2000,-1.5,"0.1(log(n))^2",0.27
414,1000,2,"T_Copula_Sine",2000,-1.5,"0.1(log(n))^2",0.39
415,1000,2,"T_Copula_Sine",2000,-1.5,"0.1(log(n))^2",0.52
416,1000,2,"T_Copula_Sine",2000,-1.5,"0.1(log(n))^2",0.48
417,1000,2,"T_Copula_Sine",2000,-1.5,"0.1(log(n))^2",0.12
418,1000,2,"T_Copula_Sine",2000,-1.5,"0.1(log(n))^2",0.93
419,1000,2,"T_Copula_Sine",2000,-1.5,"0.1(log(n))^2",0.69
420,1000,2,"T_Copula_Sine",2000,-1.5,"0.1(log(n))^2",0.57
421,1000,2,"T_Copula_Sine",2000,-1.5,"0.1(log(n))^2",0.22
422,1000,2,"T_Copula_Sine",2000,-1.5,"0.1(log(n))^2",0.36
423,1000,2,"T_Copula_Sine",2000,-1.5,"0.1(log(n))^2",0.53
424,1000,2,"T_Copula_Sine",2000,-1.5,"0.1(log(n))^2",0.66
425,1000,2,"T_Copula_Sine",2000,-1.5,"0.1(log(n))^2",0.26
426,1000,2,"T_Copula_Sine",2000,-1.5,"0.1(log(n))^2",0.61
427,1000,2,"T_Copula_Sine",2000,-1.5,"0.1(log(n))^2",0.36
428,1000,2,"T_Copula_Sine",2000,-1.5,"0.1(log(n))^2",0.01
429,1000,2,"T_Copula_Sine",2000,-1.5,"0.1(log(n))^2",0.11
430,1000,2,"T_Copula_Sine",2000,-1.5,"0.1(log(n))^2",0.67
431,1000,2,"T_Copula_Sine",2000,-1.5,"0.1(log(n))^2",0.65
432,1000,2,"T_Copula_Sine",2000,-1.5,"0.1(log(n))^2",0.02
433,1000,2,"T_Copula_Sine",2000,-1.5,"0.1(log(n))^2",0.88
434,1000,2,"T_Copula_Sine",2000,-1.5,"0.1(log(n))^2",0.58
435,1000,2,"T_Copula_Sine",2000,-1.5,"0.1(log(n))^2",0.57
436,1000,2,"T_Copula_Sine",2000,-1.5,"0.1(log(n))^2",0.93
437,1000,2,"T_Copula_Sine",2000,-1.5,"0.1(log(n))^2",0.75
438,1000,2,"T_Copula_Sine",2000,-1.5,"0.1(log(n))^2",0.05
439,1000,2,"T_Copula_Sine",2000,-1.5,"0.1(log(n))^2",0.78
440,1000,2,"T_Copula_Sine",2000,-1.5,"0.1(log(n))^2",0.39
441,1000,2,"T_Copula_Sine",2000,-1.5,"0.1(log(n))^2",0.83
442,1000,2,"T_Copula_Sine",2000,-1.5,"0.1(log(n))^2",0.8
443,1000,2,"T_Copula_Sine",2000,-1.5,"0.1(log(n))^2",0.95
444,1000,2,"T_Copula_Sine",2000,-1.5,"0.1(log(n))^2",0.11
445,1000,2,"T_Copula_Sine",2000,-1.5,"0.1(log(n))^2",0.41
446,1000,2,"T_Copula_Sine",2000,-1.5,"0.1(log(n))^2",0.61
447,1000,2,"T_Copula_Sine",2000,-1.5,"0.1(log(n))^2",0.57
448,1000,2,"T_Copula_Sine",2000,-1.5,"0.1(log(n))^2",0.17
449,1000,2,"T_Copula_Sine",2000,-1.5,"0.1(log(n))^2",0.83
450,1000,2,"T_Copula_Sine",2000,-1.5,"0.1(log(n))^2",0.65
451,1000,2,"T_Copula_Sine",2000,-1.5,"0.1(log(n))^2",0.79
452,1000,2,"T_Copula_Sine",2000,-1.5,"0.1(log(n))^2",0.55
453,1000,2,"T_Copula_Sine",2000,-1.5,"0.1(log(n))^2",0.27
454,1000,2,"T_Copula_Sine",2000,-1.5,"0.1(log(n))^2",0.62
455,1000,2,"T_Copula_Sine",2000,-1.5,"0.1(log(n))^2",0.45
456,1000,2,"T_Copula_Sine",2000,-1.5,"0.1(log(n))^2",0.22
457,1000,2,"T_Copula_Sine",2000,-1.5,"0.1(log(n))^2",0.59
458,1000,2,"T_Copula_Sine",2000,-1.5,"0.1(log(n))^2",0.67
459,1000,2,"T_Copula_Sine",2000,-1.5,"0.1(log(n))^2",0.6
460,1000,2,"T_Copula_Sine",2000,-1.5,"0.1(log(n))^2",0.58
461,1000,2,"T_Copula_Sine",2000,-1.5,"0.1(log(n))^2",0.44
462,1000,2,"T_Copula_Sine",2000,-1.5,"0.1(log(n))^2",0.16
463,1000,2,"T_Copula_Sine",2000,-1.5,"0.1(log(n))^2",0.21
464,1000,2,"T_Copula_Sine",2000,-1.5,"0.1(log(n))^2",0.1
465,1000,2,"T_Copula_Sine",2000,-1.5,"0.1(log(n))^2",0.8
466,1000,2,"T_Copula_Sine",2000,-1.5,"0.1(log(n))^2",0.09
467,1000,2,"T_Copula_Sine",2000,-1.5,"0.1(log(n))^2",0.42
468,1000,2,"T_Copula_Sine",2000,-1.5,"0.1(log(n))^2",0.63
469,1000,2,"T_Copula_Sine",2000,-1.5,"0.1(log(n))^2",0.74
470,1000,2,"T_Copula_Sine",2000,-1.5,"0.1(log(n))^2",0.74
471,1000,2,"T_Copula_Sine",2000,-1.5,"0.1(log(n))^2",0.42
472,1000,2,"T_Copula_Sine",2000,-1.5,"0.1(log(n))^2",0.62
473,1000,2,"T_Copula_Sine",2000,-1.5,"0.1(log(n))^2",0.88
474,1000,2,"T_Copula_Sine",2000,-1.5,"0.1(log(n))^2",0.13
475,1000,2,"T_Copula_Sine",2000,-1.5,"0.1(log(n))^2",0.82
476,1000,2,"T_Copula_Sine",2000,-1.5,"0.1(log(n))^2",0.77
477,1000,2,"T_Copula_Sine",2000,-1.5,"0.1(log(n))^2",0.16
478,1000,2,"T_Copula_Sine",2000,-1.5,"0.1(log(n))^2",0.42
479,1000,2,"T_Copula_Sine",2000,-1.5,"0.1(log(n))^2",0.66
480,1000,2,"T_Copula_Sine",2000,-1.5,"0.1(log(n))^2",0
481,1000,2,"T_Copula_Sine",2000,-1.5,"0.1(log(n))^2",0.72
482,1000,2,"T_Copula_Sine",2000,-1.5,"0.1(log(n))^2",0.49
483,1000,2,"T_Copula_Sine",2000,-1.5,"0.1(log(n))^2",0.53
484,1000,2,"T_Copula_Sine",2000,-1.5,"0.1(log(n))^2",0.88
485,1000,2,"T_Copula_Sine",2000,-1.5,"0.1(log(n))^2",0.3
486,1000,2,"T_Copula_Sine",2000,-1.5,"0.1(log(n))^2",0.87
487,1000,2,"T_Copula_Sine",2000,-1.5,"0.1(log(n))^2",0.55
488,1000,2,"T_Copula_Sine",2000,-1.5,"0.1(log(n))^2",0.53
489,1000,2,"T_Copula_Sine",2000,-1.5,"0.1(log(n))^2",0.79
490,1000,2,"T_Copula_Sine",2000,-1.5,"0.1(log(n))^2",0.18
491,1000,2,"T_Copula_Sine",2000,-1.5,"0.1(log(n))^2",0.58
492,1000,2,"T_Copula_Sine",2000,-1.5,"0.1(log(n))^2",0.4
493,1000,2,"T_Copula_Sine",2000,-1.5,"0.1(log(n))^2",0.52
494,1000,2,"T_Copula_Sine",2000,-1.5,"0.1(log(n))^2",0.83
495,1000,2,"T_Copula_Sine",2000,-1.5,"0.1(log(n))^2",0.75
496,1000,2,"T_Copula_Sine",2000,-1.5,"0.1(log(n))^2",0.87
497,1000,2,"T_Copula_Sine",2000,-1.5,"0.1(log(n))^2",0.55
498,1000,2,"T_Copula_Sine",2000,-1.5,"0.1(log(n))^2",0.06
499,1000,2,"T_Copula_Sine",2000,-1.5,"0.1(log(n))^2",0.64
500,1000,2,"T_Copula_Sine",2000,-1.5,"0.1(log(n))^2",0.57
501,1000,2,"T_Copula_Sine",2000,-1.5,"0.1(log(n))^2",0.35
502,1000,2,"T_Copula_Sine",2000,-1.5,"0.1(log(n))^2",0.47
503,1000,2,"T_Copula_Sine",2000,-1.5,"0.1(log(n))^2",0.48
504,1000,2,"T_Copula_Sine",2000,-1.5,"0.1(log(n))^2",0.51
505,1000,2,"T_Copula_Sine",2000,-1.5,"0.1(log(n))^2",0.63
506,1000,2,"T_Copula_Sine",2000,-1.5,"0.1(log(n))^2",0.46
507,1000,2,"T_Copula_Sine",2000,-1.5,"0.1(log(n))^2",0.41
508,1000,2,"T_Copula_Sine",2000,-1.5,"0.1(log(n))^2",0.66
509,1000,2,"T_Copula_Sine",2000,-1.5,"0.1(log(n))^2",0.43
510,1000,2,"T_Copula_Sine",2000,-1.5,"0.1(log(n))^2",0.33
511,1000,2,"T_Copula_Sine",2000,-1.5,"0.1(log(n))^2",0.69
512,1000,2,"T_Copula_Sine",2000,-1.5,"0.1(log(n))^2",0.49
513,1000,2,"T_Copula_Sine",2000,-1.5,"0.1(log(n))^2",0.5
514,1000,2,"T_Copula_Sine",2000,-1.5,"0.1(log(n))^2",0.54
515,1000,2,"T_Copula_Sine",2000,-1.5,"0.1(log(n))^2",0.35
516,1000,2,"T_Copula_Sine",2000,-1.5,"0.1(log(n))^2",0.68
517,1000,2,"T_Copula_Sine",2000,-1.5,"0.1(log(n))^2",0.55
518,1000,2,"T_Copula_Sine",2000,-1.5,"0.1(log(n))^2",0.58
519,1000,2,"T_Copula_Sine",2000,-1.5,"0.1(log(n))^2",0.65
520,1000,2,"T_Copula_Sine",2000,-1.5,"0.1(log(n))^2",0.78
521,1000,2,"T_Copula_Sine",2000,-1.5,"0.1(log(n))^2",0.28
522,1000,2,"T_Copula_Sine",2000,-1.5,"0.1(log(n))^2",0.61
523,1000,2,"T_Copula_Sine",2000,-1.5,"0.1(log(n))^2",0.72
524,1000,2,"T_Copula_Sine",2000,-1.5,"0.1(log(n))^2",0.1
525,1000,2,"T_Copula_Sine",2000,-1.5,"0.1(log(n))^2",0.66
526,1000,2,"T_Copula_Sine",2000,-1.5,"0.1(log(n))^2",0.57
527,1000,2,"T_Copula_Sine",2000,-1.5,"0.1(log(n))^2",0.41
528,1000,2,"T_Copula_Sine",2000,-1.5,"0.1(log(n))^2",0.36
529,1000,2,"T_Copula_Sine",2000,-1.5,"0.1(log(n))^2",0.72
530,1000,2,"T_Copula_Sine",2000,-1.5,"0.1(log(n))^2",0.51
531,1000,2,"T_Copula_Sine",2000,-1.5,"0.1(log(n))^2",0.57
532,1000,2,"T_Copula_Sine",2000,-1.5,"0.1(log(n))^2",0.34
533,1000,2,"T_Copula_Sine",2000,-1.5,"0.1(log(n))^2",0.33
534,1000,2,"T_Copula_Sine",2000,-1.5,"0.1(log(n))^2",0.55
535,1000,2,"T_Copula_Sine",2000,-1.5,"0.1(log(n))^2",0.67
536,1000,2,"T_Copula_Sine",2000,-1.5,"0.1(log(n))^2",0.08
537,1000,2,"T_Copula_Sine",2000,-1.5,"0.1(log(n))^2",0.66
538,1000,2,"T_Copula_Sine",2000,-1.5,"0.1(log(n))^2",0.37
539,1000,2,"T_Copula_Sine",2000,-1.5,"0.1(log(n))^2",0.2
540,1000,2,"T_Copula_Sine",2000,-1.5,"0.1(log(n))^2",0.78
541,1000,2,"T_Copula_Sine",2000,-1.5,"0.1(log(n))^2",0.56
542,1000,2,"T_Copula_Sine",2000,-1.5,"0.1(log(n))^2",0.29
543,1000,2,"T_Copula_Sine",2000,-1.5,"0.1(log(n))^2",0.26
544,1000,2,"T_Copula_Sine",2000,-1.5,"0.1(log(n))^2",0.59
545,1000,2,"T_Copula_Sine",2000,-1.5,"0.1(log(n))^2",0.21
546,1000,2,"T_Copula_Sine",2000,-1.5,"0.1(log(n))^2",0.31
547,1000,2,"T_Copula_Sine",2000,-1.5,"0.1(log(n))^2",0.85
548,1000,2,"T_Copula_Sine",2000,-1.5,"0.1(log(n))^2",0.14
549,1000,2,"T_Copula_Sine",2000,-1.5,"0.1(log(n))^2",0.53
550,1000,2,"T_Copula_Sine",2000,-1.5,"0.1(log(n))^2",0.18
551,1000,2,"T_Copula_Sine",2000,-1.5,"0.1(log(n))^2",0.9
552,1000,2,"T_Copula_Sine",2000,-1.5,"0.1(log(n))^2",0.4
553,1000,2,"T_Copula_Sine",2000,-1.5,"0.1(log(n))^2",0.3
554,1000,2,"T_Copula_Sine",2000,-1.5,"0.1(log(n))^2",0.44
555,1000,2,"T_Copula_Sine",2000,-1.5,"0.1(log(n))^2",0.66
556,1000,2,"T_Copula_Sine",2000,-1.5,"0.1(log(n))^2",0.54
557,1000,2,"T_Copula_Sine",2000,-1.5,"0.1(log(n))^2",0.41
558,1000,2,"T_Copula_Sine",2000,-1.5,"0.1(log(n))^2",0.43
559,1000,2,"T_Copula_Sine",2000,-1.5,"0.1(log(n))^2",0.3
560,1000,2,"T_Copula_Sine",2000,-1.5,"0.1(log(n))^2",0.76
561,1000,2,"T_Copula_Sine",2000,-1.5,"0.1(log(n))^2",0.53
562,1000,2,"T_Copula_Sine",2000,-1.5,"0.1(log(n))^2",0.32
563,1000,2,"T_Copula_Sine",2000,-1.5,"0.1(log(n))^2",0.7
564,1000,2,"T_Copula_Sine",2000,-1.5,"0.1(log(n))^2",0.33
565,1000,2,"T_Copula_Sine",2000,-1.5,"0.1(log(n))^2",0.53
566,1000,2,"T_Copula_Sine",2000,-1.5,"0.1(log(n))^2",0.44
567,1000,2,"T_Copula_Sine",2000,-1.5,"0.1(log(n))^2",0.39
568,1000,2,"T_Copula_Sine",2000,-1.5,"0.1(log(n))^2",0.48
569,1000,2,"T_Copula_Sine",2000,-1.5,"0.1(log(n))^2",0.44
570,1000,2,"T_Copula_Sine",2000,-1.5,"0.1(log(n))^2",0.92
571,1000,2,"T_Copula_Sine",2000,-1.5,"0.1(log(n))^2",0.78
572,1000,2,"T_Copula_Sine",2000,-1.5,"0.1(log(n))^2",0.48
573,1000,2,"T_Copula_Sine",2000,-1.5,"0.1(log(n))^2",0.71
574,1000,2,"T_Copula_Sine",2000,-1.5,"0.1(log(n))^2",0.11
575,1000,2,"T_Copula_Sine",2000,-1.5,"0.1(log(n))^2",0.72
576,1000,2,"T_Copula_Sine",2000,-1.5,"0.1(log(n))^2",0.11
577,1000,2,"T_Copula_Sine",2000,-1.5,"0.1(log(n))^2",0.88
578,1000,2,"T_Copula_Sine",2000,-1.5,"0.1(log(n))^2",0.11
579,1000,2,"T_Copula_Sine",2000,-1.5,"0.1(log(n))^2",0.22
580,1000,2,"T_Copula_Sine",2000,-1.5,"0.1(log(n))^2",0.21
581,1000,2,"T_Copula_Sine",2000,-1.5,"0.1(log(n))^2",0.24
582,1000,2,"T_Copula_Sine",2000,-1.5,"0.1(log(n))^2",0.15
583,1000,2,"T_Copula_Sine",2000,-1.5,"0.1(log(n))^2",0.15
584,1000,2,"T_Copula_Sine",2000,-1.5,"0.1(log(n))^2",0.29
585,1000,2,"T_Copula_Sine",2000,-1.5,"0.1(log(n))^2",0.74
586,1000,2,"T_Copula_Sine",2000,-1.5,"0.1(log(n))^2",0.72
587,1000,2,"T_Copula_Sine",2000,-1.5,"0.1(log(n))^2",0.16
588,1000,2,"T_Copula_Sine",2000,-1.5,"0.1(log(n))^2",0.47
589,1000,2,"T_Copula_Sine",2000,-1.5,"0.1(log(n))^2",0.29
590,1000,2,"T_Copula_Sine",2000,-1.5,"0.1(log(n))^2",0.58
591,1000,2,"T_Copula_Sine",2000,-1.5,"0.1(log(n))^2",0.77
592,1000,2,"T_Copula_Sine",2000,-1.5,"0.1(log(n))^2",0.23
593,1000,2,"T_Copula_Sine",2000,-1.5,"0.1(log(n))^2",0.52
594,1000,2,"T_Copula_Sine",2000,-1.5,"0.1(log(n))^2",0.67
595,1000,2,"T_Copula_Sine",2000,-1.5,"0.1(log(n))^2",0.83
596,1000,2,"T_Copula_Sine",2000,-1.5,"0.1(log(n))^2",0.56
597,1000,2,"T_Copula_Sine",2000,-1.5,"0.1(log(n))^2",0.42
598,1000,2,"T_Copula_Sine",2000,-1.5,"0.1(log(n))^2",0.25
599,1000,2,"T_Copula_Sine",2000,-1.5,"0.1(log(n))^2",0.17
600,1000,2,"T_Copula_Sine",2000,-1.5,"0.1(log(n))^2",0.45
601,1000,2,"T_Copula_Sine",2000,-1.5,"0.1(log(n))^2",0.11
602,1000,2,"T_Copula_Sine",2000,-1.5,"0.1(log(n))^2",0.25
603,1000,2,"T_Copula_Sine",2000,-1.5,"0.1(log(n))^2",0.45
604,1000,2,"T_Copula_Sine",2000,-1.5,"0.1(log(n))^2",0
605,1000,2,"T_Copula_Sine",2000,-1.5,"0.1(log(n))^2",0.43
606,1000,2,"T_Copula_Sine",2000,-1.5,"0.1(log(n))^2",0.11
607,1000,2,"T_Copula_Sine",2000,-1.5,"0.1(log(n))^2",0.51
608,1000,2,"T_Copula_Sine",2000,-1.5,"0.1(log(n))^2",0.26
609,1000,2,"T_Copula_Sine",2000,-1.5,"0.1(log(n))^2",0.45
610,1000,2,"T_Copula_Sine",2000,-1.5,"0.1(log(n))^2",0.99
611,1000,2,"T_Copula_Sine",2000,-1.5,"0.1(log(n))^2",0.03
612,1000,2,"T_Copula_Sine",2000,-1.5,"0.1(log(n))^2",0.77
613,1000,2,"T_Copula_Sine",2000,-1.5,"0.1(log(n))^2",0.6
614,1000,2,"T_Copula_Sine",2000,-1.5,"0.1(log(n))^2",0.51
615,1000,2,"T_Copula_Sine",2000,-1.5,"0.1(log(n))^2",0.23
616,1000,2,"T_Copula_Sine",2000,-1.5,"0.1(log(n))^2",0.53
617,1000,2,"T_Copula_Sine",2000,-1.5,"0.1(log(n))^2",0
618,1000,2,"T_Copula_Sine",2000,-1.5,"0.1(log(n))^2",0.73
619,1000,2,"T_Copula_Sine",2000,-1.5,"0.1(log(n))^2",0.29
620,1000,2,"T_Copula_Sine",2000,-1.5,"0.1(log(n))^2",0.07
621,1000,2,"T_Copula_Sine",2000,-1.5,"0.1(log(n))^2",0.39
622,1000,2,"T_Copula_Sine",2000,-1.5,"0.1(log(n))^2",0.31
623,1000,2,"T_Copula_Sine",2000,-1.5,"0.1(log(n))^2",0.99
624,1000,2,"T_Copula_Sine",2000,-1.5,"0.1(log(n))^2",0
625,1000,2,"T_Copula_Sine",2000,-1.5,"0.1(log(n))^2",0.36
626,1000,2,"T_Copula_Sine",2000,-1.5,"0.1(log(n))^2",0.15
627,1000,2,"T_Copula_Sine",2000,-1.5,"0.1(log(n))^2",0.29
628,1000,2,"T_Copula_Sine",2000,-1.5,"0.1(log(n))^2",0.39
629,1000,2,"T_Copula_Sine",2000,-1.5,"0.1(log(n))^2",0.24
630,1000,2,"T_Copula_Sine",2000,-1.5,"0.1(log(n))^2",0.13
631,1000,2,"T_Copula_Sine",2000,-1.5,"0.1(log(n))^2",0.56
632,1000,2,"T_Copula_Sine",2000,-1.5,"0.1(log(n))^2",0.51
633,1000,2,"T_Copula_Sine",2000,-1.5,"0.1(log(n))^2",0.42
634,1000,2,"T_Copula_Sine",2000,-1.5,"0.1(log(n))^2",0.23
635,1000,2,"T_Copula_Sine",2000,-1.5,"0.1(log(n))^2",0.85
636,1000,2,"T_Copula_Sine",2000,-1.5,"0.1(log(n))^2",0.58
637,1000,2,"T_Copula_Sine",2000,-1.5,"0.1(log(n))^2",0.55
638,1000,2,"T_Copula_Sine",2000,-1.5,"0.1(log(n))^2",0.42
639,1000,2,"T_Copula_Sine",2000,-1.5,"0.1(log(n))^2",0.49
640,1000,2,"T_Copula_Sine",2000,-1.5,"0.1(log(n))^2",0.67
641,1000,2,"T_Copula_Sine",2000,-1.5,"0.1(log(n))^2",0.56
642,1000,2,"T_Copula_Sine",2000,-1.5,"0.1(log(n))^2",0.78
643,1000,2,"T_Copula_Sine",2000,-1.5,"0.1(log(n))^2",0.6
644,1000,2,"T_Copula_Sine",2000,-1.5,"0.1(log(n))^2",0.66
645,1000,2,"T_Copula_Sine",2000,-1.5,"0.1(log(n))^2",0.43
646,1000,2,"T_Copula_Sine",2000,-1.5,"0.1(log(n))^2",0.95
647,1000,2,"T_Copula_Sine",2000,-1.5,"0.1(log(n))^2",0.86
648,1000,2,"T_Copula_Sine",2000,-1.5,"0.1(log(n))^2",0.17
649,1000,2,"T_Copula_Sine",2000,-1.5,"0.1(log(n))^2",0.54
650,1000,2,"T_Copula_Sine",2000,-1.5,"0.1(log(n))^2",0.41
651,1000,2,"T_Copula_Sine",2000,-1.5,"0.1(log(n))^2",0.15
652,1000,2,"T_Copula_Sine",2000,-1.5,"0.1(log(n))^2",0.36
653,1000,2,"T_Copula_Sine",2000,-1.5,"0.1(log(n))^2",0.73
654,1000,2,"T_Copula_Sine",2000,-1.5,"0.1(log(n))^2",0.01
655,1000,2,"T_Copula_Sine",2000,-1.5,"0.1(log(n))^2",0.16
656,1000,2,"T_Copula_Sine",2000,-1.5,"0.1(log(n))^2",0.34
657,1000,2,"T_Copula_Sine",2000,-1.5,"0.1(log(n))^2",0.63
658,1000,2,"T_Copula_Sine",2000,-1.5,"0.1(log(n))^2",0.81
659,1000,2,"T_Copula_Sine",2000,-1.5,"0.1(log(n))^2",0.71
660,1000,2,"T_Copula_Sine",2000,-1.5,"0.1(log(n))^2",0.53
661,1000,2,"T_Copula_Sine",2000,-1.5,"0.1(log(n))^2",0.24
662,1000,2,"T_Copula_Sine",2000,-1.5,"0.1(log(n))^2",0.01
663,1000,2,"T_Copula_Sine",2000,-1.5,"0.1(log(n))^2",0.82
664,1000,2,"T_Copula_Sine",2000,-1.5,"0.1(log(n))^2",0.26
665,1000,2,"T_Copula_Sine",2000,-1.5,"0.1(log(n))^2",0.26
666,1000,2,"T_Copula_Sine",2000,-1.5,"0.1(log(n))^2",0.16
667,1000,2,"T_Copula_Sine",2000,-1.5,"0.1(log(n))^2",0.61
668,1000,2,"T_Copula_Sine",2000,-1.5,"0.1(log(n))^2",0.91
669,1000,2,"T_Copula_Sine",2000,-1.5,"0.1(log(n))^2",0.07
670,1000,2,"T_Copula_Sine",2000,-1.5,"0.1(log(n))^2",0.85
671,1000,2,"T_Copula_Sine",2000,-1.5,"0.1(log(n))^2",0.09
672,1000,2,"T_Copula_Sine",2000,-1.5,"0.1(log(n))^2",0.62
673,1000,2,"T_Copula_Sine",2000,-1.5,"0.1(log(n))^2",0.8
674,1000,2,"T_Copula_Sine",2000,-1.5,"0.1(log(n))^2",0.52
675,1000,2,"T_Copula_Sine",2000,-1.5,"0.1(log(n))^2",0.6
676,1000,2,"T_Copula_Sine",2000,-1.5,"0.1(log(n))^2",0.4
677,1000,2,"T_Copula_Sine",2000,-1.5,"0.1(log(n))^2",0.8
678,1000,2,"T_Copula_Sine",2000,-1.5,"0.1(log(n))^2",0.16
679,1000,2,"T_Copula_Sine",2000,-1.5,"0.1(log(n))^2",0.15
680,1000,2,"T_Copula_Sine",2000,-1.5,"0.1(log(n))^2",0.53
681,1000,2,"T_Copula_Sine",2000,-1.5,"0.1(log(n))^2",0.23
682,1000,2,"T_Copula_Sine",2000,-1.5,"0.1(log(n))^2",0.22
683,1000,2,"T_Copula_Sine",2000,-1.5,"0.1(log(n))^2",0.85
684,1000,2,"T_Copula_Sine",2000,-1.5,"0.1(log(n))^2",0.31
685,1000,2,"T_Copula_Sine",2000,-1.5,"0.1(log(n))^2",0.26
686,1000,2,"T_Copula_Sine",2000,-1.5,"0.1(log(n))^2",0.6
687,1000,2,"T_Copula_Sine",2000,-1.5,"0.1(log(n))^2",0.63
688,1000,2,"T_Copula_Sine",2000,-1.5,"0.1(log(n))^2",0.2
689,1000,2,"T_Copula_Sine",2000,-1.5,"0.1(log(n))^2",0.63
690,1000,2,"T_Copula_Sine",2000,-1.5,"0.1(log(n))^2",0.49
691,1000,2,"T_Copula_Sine",2000,-1.5,"0.1(log(n))^2",0.4
692,1000,2,"T_Copula_Sine",2000,-1.5,"0.1(log(n))^2",0.9
693,1000,2,"T_Copula_Sine",2000,-1.5,"0.1(log(n))^2",0.86
694,1000,2,"T_Copula_Sine",2000,-1.5,"0.1(log(n))^2",0.24
695,1000,2,"T_Copula_Sine",2000,-1.5,"0.1(log(n))^2",0.86
696,1000,2,"T_Copula_Sine",2000,-1.5,"0.1(log(n))^2",0.86
697,1000,2,"T_Copula_Sine",2000,-1.5,"0.1(log(n))^2",0.7
698,1000,2,"T_Copula_Sine",2000,-1.5,"0.1(log(n))^2",0.42
699,1000,2,"T_Copula_Sine",2000,-1.5,"0.1(log(n))^2",0.31
700,1000,2,"T_Copula_Sine",2000,-1.5,"0.1(log(n))^2",0.81
701,1000,2,"T_Copula_Sine",2000,-1.5,"0.1(log(n))^2",0.7
702,1000,2,"T_Copula_Sine",2000,-1.5,"0.1(log(n))^2",0.38
703,1000,2,"T_Copula_Sine",2000,-1.5,"0.1(log(n))^2",0.93
704,1000,2,"T_Copula_Sine",2000,-1.5,"0.1(log(n))^2",0.19
705,1000,2,"T_Copula_Sine",2000,-1.5,"0.1(log(n))^2",0.42
706,1000,2,"T_Copula_Sine",2000,-1.5,"0.1(log(n))^2",0.7
707,1000,2,"T_Copula_Sine",2000,-1.5,"0.1(log(n))^2",0.62
708,1000,2,"T_Copula_Sine",2000,-1.5,"0.1(log(n))^2",0.21
709,1000,2,"T_Copula_Sine",2000,-1.5,"0.1(log(n))^2",0.72
710,1000,2,"T_Copula_Sine",2000,-1.5,"0.1(log(n))^2",0.63
711,1000,2,"T_Copula_Sine",2000,-1.5,"0.1(log(n))^2",0.17
712,1000,2,"T_Copula_Sine",2000,-1.5,"0.1(log(n))^2",0.7
713,1000,2,"T_Copula_Sine",2000,-1.5,"0.1(log(n))^2",0.64
714,1000,2,"T_Copula_Sine",2000,-1.5,"0.1(log(n))^2",0.78
715,1000,2,"T_Copula_Sine",2000,-1.5,"0.1(log(n))^2",0.84
716,1000,2,"T_Copula_Sine",2000,-1.5,"0.1(log(n))^2",0.53
717,1000,2,"T_Copula_Sine",2000,-1.5,"0.1(log(n))^2",0.23
718,1000,2,"T_Copula_Sine",2000,-1.5,"0.1(log(n))^2",0.1
719,1000,2,"T_Copula_Sine",2000,-1.5,"0.1(log(n))^2",0.26
720,1000,2,"T_Copula_Sine",2000,-1.5,"0.1(log(n))^2",0.18
721,1000,2,"T_Copula_Sine",2000,-1.5,"0.1(log(n))^2",0.62
722,1000,2,"T_Copula_Sine",2000,-1.5,"0.1(log(n))^2",0.3
723,1000,2,"T_Copula_Sine",2000,-1.5,"0.1(log(n))^2",0.94
724,1000,2,"T_Copula_Sine",2000,-1.5,"0.1(log(n))^2",0.8
725,1000,2,"T_Copula_Sine",2000,-1.5,"0.1(log(n))^2",0.65
726,1000,2,"T_Copula_Sine",2000,-1.5,"0.1(log(n))^2",0.39
727,1000,2,"T_Copula_Sine",2000,-1.5,"0.1(log(n))^2",0.75
728,1000,2,"T_Copula_Sine",2000,-1.5,"0.1(log(n))^2",0.07
729,1000,2,"T_Copula_Sine",2000,-1.5,"0.1(log(n))^2",0.74
730,1000,2,"T_Copula_Sine",2000,-1.5,"0.1(log(n))^2",0.6
731,1000,2,"T_Copula_Sine",2000,-1.5,"0.1(log(n))^2",0.21
732,1000,2,"T_Copula_Sine",2000,-1.5,"0.1(log(n))^2",0.37
733,1000,2,"T_Copula_Sine",2000,-1.5,"0.1(log(n))^2",0.72
734,1000,2,"T_Copula_Sine",2000,-1.5,"0.1(log(n))^2",0.18
735,1000,2,"T_Copula_Sine",2000,-1.5,"0.1(log(n))^2",0.83
736,1000,2,"T_Copula_Sine",2000,-1.5,"0.1(log(n))^2",0.45
737,1000,2,"T_Copula_Sine",2000,-1.5,"0.1(log(n))^2",0.38
738,1000,2,"T_Copula_Sine",2000,-1.5,"0.1(log(n))^2",0.7
739,1000,2,"T_Copula_Sine",2000,-1.5,"0.1(log(n))^2",0.4
740,1000,2,"T_Copula_Sine",2000,-1.5,"0.1(log(n))^2",0.47
741,1000,2,"T_Copula_Sine",2000,-1.5,"0.1(log(n))^2",0.64
742,1000,2,"T_Copula_Sine",2000,-1.5,"0.1(log(n))^2",0.49
743,1000,2,"T_Copula_Sine",2000,-1.5,"0.1(log(n))^2",0.52
744,1000,2,"T_Copula_Sine",2000,-1.5,"0.1(log(n))^2",0.8
745,1000,2,"T_Copula_Sine",2000,-1.5,"0.1(log(n))^2",0.28
746,1000,2,"T_Copula_Sine",2000,-1.5,"0.1(log(n))^2",0.43
747,1000,2,"T_Copula_Sine",2000,-1.5,"0.1(log(n))^2",0.35
748,1000,2,"T_Copula_Sine",2000,-1.5,"0.1(log(n))^2",0.21
749,1000,2,"T_Copula_Sine",2000,-1.5,"0.1(log(n))^2",0.31
750,1000,2,"T_Copula_Sine",2000,-1.5,"0.1(log(n))^2",0.75
751,1000,2,"T_Copula_Sine",2000,-1.5,"0.1(log(n))^2",0.4
752,1000,2,"T_Copula_Sine",2000,-1.5,"0.1(log(n))^2",0.41
753,1000,2,"T_Copula_Sine",2000,-1.5,"0.1(log(n))^2",0.11
754,1000,2,"T_Copula_Sine",2000,-1.5,"0.1(log(n))^2",0.15
755,1000,2,"T_Copula_Sine",2000,-1.5,"0.1(log(n))^2",0.32
756,1000,2,"T_Copula_Sine",2000,-1.5,"0.1(log(n))^2",0.74
757,1000,2,"T_Copula_Sine",2000,-1.5,"0.1(log(n))^2",0.53
758,1000,2,"T_Copula_Sine",2000,-1.5,"0.1(log(n))^2",1
759,1000,2,"T_Copula_Sine",2000,-1.5,"0.1(log(n))^2",0.48
760,1000,2,"T_Copula_Sine",2000,-1.5,"0.1(log(n))^2",0.37
761,1000,2,"T_Copula_Sine",2000,-1.5,"0.1(log(n))^2",0.57
762,1000,2,"T_Copula_Sine",2000,-1.5,"0.1(log(n))^2",0.05
763,1000,2,"T_Copula_Sine",2000,-1.5,"0.1(log(n))^2",0.35
764,1000,2,"T_Copula_Sine",2000,-1.5,"0.1(log(n))^2",0.46
765,1000,2,"T_Copula_Sine",2000,-1.5,"0.1(log(n))^2",0.62
766,1000,2,"T_Copula_Sine",2000,-1.5,"0.1(log(n))^2",1
767,1000,2,"T_Copula_Sine",2000,-1.5,"0.1(log(n))^2",0.3
768,1000,2,"T_Copula_Sine",2000,-1.5,"0.1(log(n))^2",0.72
769,1000,2,"T_Copula_Sine",2000,-1.5,"0.1(log(n))^2",0.25
770,1000,2,"T_Copula_Sine",2000,-1.5,"0.1(log(n))^2",0.86
771,1000,2,"T_Copula_Sine",2000,-1.5,"0.1(log(n))^2",0.26
772,1000,2,"T_Copula_Sine",2000,-1.5,"0.1(log(n))^2",0.18
773,1000,2,"T_Copula_Sine",2000,-1.5,"0.1(log(n))^2",0.49
774,1000,2,"T_Copula_Sine",2000,-1.5,"0.1(log(n))^2",0.77
775,1000,2,"T_Copula_Sine",2000,-1.5,"0.1(log(n))^2",0.89
776,1000,2,"T_Copula_Sine",2000,-1.5,"0.1(log(n))^2",0.32
777,1000,2,"T_Copula_Sine",2000,-1.5,"0.1(log(n))^2",0.09
778,1000,2,"T_Copula_Sine",2000,-1.5,"0.1(log(n))^2",0.29
779,1000,2,"T_Copula_Sine",2000,-1.5,"0.1(log(n))^2",0.47
780,1000,2,"T_Copula_Sine",2000,-1.5,"0.1(log(n))^2",0.77
781,1000,2,"T_Copula_Sine",2000,-1.5,"0.1(log(n))^2",0.28
782,1000,2,"T_Copula_Sine",2000,-1.5,"0.1(log(n))^2",0.68
783,1000,2,"T_Copula_Sine",2000,-1.5,"0.1(log(n))^2",0.28
784,1000,2,"T_Copula_Sine",2000,-1.5,"0.1(log(n))^2",0.22
785,1000,2,"T_Copula_Sine",2000,-1.5,"0.1(log(n))^2",0.62
786,1000,2,"T_Copula_Sine",2000,-1.5,"0.1(log(n))^2",0.58
787,1000,2,"T_Copula_Sine",2000,-1.5,"0.1(log(n))^2",0.65
788,1000,2,"T_Copula_Sine",2000,-1.5,"0.1(log(n))^2",0.64
789,1000,2,"T_Copula_Sine",2000,-1.5,"0.1(log(n))^2",0.32
790,1000,2,"T_Copula_Sine",2000,-1.5,"0.1(log(n))^2",0.74
791,1000,2,"T_Copula_Sine",2000,-1.5,"0.1(log(n))^2",0.99
792,1000,2,"T_Copula_Sine",2000,-1.5,"0.1(log(n))^2",0.67
793,1000,2,"T_Copula_Sine",2000,-1.5,"0.1(log(n))^2",0.46
794,1000,2,"T_Copula_Sine",2000,-1.5,"0.1(log(n))^2",0.08
795,1000,2,"T_Copula_Sine",2000,-1.5,"0.1(log(n))^2",0.37
796,1000,2,"T_Copula_Sine",2000,-1.5,"0.1(log(n))^2",0.33
797,1000,2,"T_Copula_Sine",2000,-1.5,"0.1(log(n))^2",0.24
798,1000,2,"T_Copula_Sine",2000,-1.5,"0.1(log(n))^2",0.32
799,1000,2,"T_Copula_Sine",2000,-1.5,"0.1(log(n))^2",0.61
800,1000,2,"T_Copula_Sine",2000,-1.5,"0.1(log(n))^2",0.62
801,1000,2,"T_Copula_Sine",2000,-1.5,"0.1(log(n))^2",0.45
802,1000,2,"T_Copula_Sine",2000,-1.5,"0.1(log(n))^2",0.89
803,1000,2,"T_Copula_Sine",2000,-1.5,"0.1(log(n))^2",0.82
804,1000,2,"T_Copula_Sine",2000,-1.5,"0.1(log(n))^2",0.17
805,1000,2,"T_Copula_Sine",2000,-1.5,"0.1(log(n))^2",0.59
806,1000,2,"T_Copula_Sine",2000,-1.5,"0.1(log(n))^2",0.51
807,1000,2,"T_Copula_Sine",2000,-1.5,"0.1(log(n))^2",0.21
808,1000,2,"T_Copula_Sine",2000,-1.5,"0.1(log(n))^2",0.53
809,1000,2,"T_Copula_Sine",2000,-1.5,"0.1(log(n))^2",0.12
810,1000,2,"T_Copula_Sine",2000,-1.5,"0.1(log(n))^2",0.29
811,1000,2,"T_Copula_Sine",2000,-1.5,"0.1(log(n))^2",0.96
812,1000,2,"T_Copula_Sine",2000,-1.5,"0.1(log(n))^2",0.29
813,1000,2,"T_Copula_Sine",2000,-1.5,"0.1(log(n))^2",0.74
814,1000,2,"T_Copula_Sine",2000,-1.5,"0.1(log(n))^2",0.23
815,1000,2,"T_Copula_Sine",2000,-1.5,"0.1(log(n))^2",0.29
816,1000,2,"T_Copula_Sine",2000,-1.5,"0.1(log(n))^2",0.28
817,1000,2,"T_Copula_Sine",2000,-1.5,"0.1(log(n))^2",0.69
818,1000,2,"T_Copula_Sine",2000,-1.5,"0.1(log(n))^2",0.23
819,1000,2,"T_Copula_Sine",2000,-1.5,"0.1(log(n))^2",0.34
820,1000,2,"T_Copula_Sine",2000,-1.5,"0.1(log(n))^2",0.17
821,1000,2,"T_Copula_Sine",2000,-1.5,"0.1(log(n))^2",0.16
822,1000,2,"T_Copula_Sine",2000,-1.5,"0.1(log(n))^2",0.48
823,1000,2,"T_Copula_Sine",2000,-1.5,"0.1(log(n))^2",0.51
824,1000,2,"T_Copula_Sine",2000,-1.5,"0.1(log(n))^2",0.23
825,1000,2,"T_Copula_Sine",2000,-1.5,"0.1(log(n))^2",0.43
826,1000,2,"T_Copula_Sine",2000,-1.5,"0.1(log(n))^2",0.16
827,1000,2,"T_Copula_Sine",2000,-1.5,"0.1(log(n))^2",0.28
828,1000,2,"T_Copula_Sine",2000,-1.5,"0.1(log(n))^2",0.74
829,1000,2,"T_Copula_Sine",2000,-1.5,"0.1(log(n))^2",0.72
830,1000,2,"T_Copula_Sine",2000,-1.5,"0.1(log(n))^2",0.32
831,1000,2,"T_Copula_Sine",2000,-1.5,"0.1(log(n))^2",0.76
832,1000,2,"T_Copula_Sine",2000,-1.5,"0.1(log(n))^2",0.17
833,1000,2,"T_Copula_Sine",2000,-1.5,"0.1(log(n))^2",0.98
834,1000,2,"T_Copula_Sine",2000,-1.5,"0.1(log(n))^2",0.56
835,1000,2,"T_Copula_Sine",2000,-1.5,"0.1(log(n))^2",0.53
836,1000,2,"T_Copula_Sine",2000,-1.5,"0.1(log(n))^2",0.25
837,1000,2,"T_Copula_Sine",2000,-1.5,"0.1(log(n))^2",0.46
838,1000,2,"T_Copula_Sine",2000,-1.5,"0.1(log(n))^2",0.24
839,1000,2,"T_Copula_Sine",2000,-1.5,"0.1(log(n))^2",0.38
840,1000,2,"T_Copula_Sine",2000,-1.5,"0.1(log(n))^2",0.65
841,1000,2,"T_Copula_Sine",2000,-1.5,"0.1(log(n))^2",0.59
842,1000,2,"T_Copula_Sine",2000,-1.5,"0.1(log(n))^2",0.36
843,1000,2,"T_Copula_Sine",2000,-1.5,"0.1(log(n))^2",0.86
844,1000,2,"T_Copula_Sine",2000,-1.5,"0.1(log(n))^2",0.15
845,1000,2,"T_Copula_Sine",2000,-1.5,"0.1(log(n))^2",0.24
846,1000,2,"T_Copula_Sine",2000,-1.5,"0.1(log(n))^2",0.52
847,1000,2,"T_Copula_Sine",2000,-1.5,"0.1(log(n))^2",0.39
848,1000,2,"T_Copula_Sine",2000,-1.5,"0.1(log(n))^2",0.45
849,1000,2,"T_Copula_Sine",2000,-1.5,"0.1(log(n))^2",0.73
850,1000,2,"T_Copula_Sine",2000,-1.5,"0.1(log(n))^2",0.88
851,1000,2,"T_Copula_Sine",2000,-1.5,"0.1(log(n))^2",0.56
852,1000,2,"T_Copula_Sine",2000,-1.5,"0.1(log(n))^2",0.78
853,1000,2,"T_Copula_Sine",2000,-1.5,"0.1(log(n))^2",0.66
854,1000,2,"T_Copula_Sine",2000,-1.5,"0.1(log(n))^2",0.73
855,1000,2,"T_Copula_Sine",2000,-1.5,"0.1(log(n))^2",0.93
856,1000,2,"T_Copula_Sine",2000,-1.5,"0.1(log(n))^2",0.15
857,1000,2,"T_Copula_Sine",2000,-1.5,"0.1(log(n))^2",0.41
858,1000,2,"T_Copula_Sine",2000,-1.5,"0.1(log(n))^2",0.39
859,1000,2,"T_Copula_Sine",2000,-1.5,"0.1(log(n))^2",0.48
860,1000,2,"T_Copula_Sine",2000,-1.5,"0.1(log(n))^2",0.02
861,1000,2,"T_Copula_Sine",2000,-1.5,"0.1(log(n))^2",0.59
862,1000,2,"T_Copula_Sine",2000,-1.5,"0.1(log(n))^2",0.51
863,1000,2,"T_Copula_Sine",2000,-1.5,"0.1(log(n))^2",0.54
864,1000,2,"T_Copula_Sine",2000,-1.5,"0.1(log(n))^2",0.79
865,1000,2,"T_Copula_Sine",2000,-1.5,"0.1(log(n))^2",0.45
866,1000,2,"T_Copula_Sine",2000,-1.5,"0.1(log(n))^2",0.32
867,1000,2,"T_Copula_Sine",2000,-1.5,"0.1(log(n))^2",0.27
868,1000,2,"T_Copula_Sine",2000,-1.5,"0.1(log(n))^2",0.6
869,1000,2,"T_Copula_Sine",2000,-1.5,"0.1(log(n))^2",0.13
870,1000,2,"T_Copula_Sine",2000,-1.5,"0.1(log(n))^2",0.23
871,1000,2,"T_Copula_Sine",2000,-1.5,"0.1(log(n))^2",0.39
872,1000,2,"T_Copula_Sine",2000,-1.5,"0.1(log(n))^2",0.08
873,1000,2,"T_Copula_Sine",2000,-1.5,"0.1(log(n))^2",0.72
874,1000,2,"T_Copula_Sine",2000,-1.5,"0.1(log(n))^2",0.44
875,1000,2,"T_Copula_Sine",2000,-1.5,"0.1(log(n))^2",0.29
876,1000,2,"T_Copula_Sine",2000,-1.5,"0.1(log(n))^2",0.68
877,1000,2,"T_Copula_Sine",2000,-1.5,"0.1(log(n))^2",0.17
878,1000,2,"T_Copula_Sine",2000,-1.5,"0.1(log(n))^2",0.9
879,1000,2,"T_Copula_Sine",2000,-1.5,"0.1(log(n))^2",0.55
880,1000,2,"T_Copula_Sine",2000,-1.5,"0.1(log(n))^2",0.35
881,1000,2,"T_Copula_Sine",2000,-1.5,"0.1(log(n))^2",0.34
882,1000,2,"T_Copula_Sine",2000,-1.5,"0.1(log(n))^2",0.67
883,1000,2,"T_Copula_Sine",2000,-1.5,"0.1(log(n))^2",0.77
884,1000,2,"T_Copula_Sine",2000,-1.5,"0.1(log(n))^2",0.68
885,1000,2,"T_Copula_Sine",2000,-1.5,"0.1(log(n))^2",0.41
886,1000,2,"T_Copula_Sine",2000,-1.5,"0.1(log(n))^2",0.34
887,1000,2,"T_Copula_Sine",2000,-1.5,"0.1(log(n))^2",0.5
888,1000,2,"T_Copula_Sine",2000,-1.5,"0.1(log(n))^2",0.04
889,1000,2,"T_Copula_Sine",2000,-1.5,"0.1(log(n))^2",0.3
890,1000,2,"T_Copula_Sine",2000,-1.5,"0.1(log(n))^2",0.01
891,1000,2,"T_Copula_Sine",2000,-1.5,"0.1(log(n))^2",0.28
892,1000,2,"T_Copula_Sine",2000,-1.5,"0.1(log(n))^2",0.74
893,1000,2,"T_Copula_Sine",2000,-1.5,"0.1(log(n))^2",0.37
894,1000,2,"T_Copula_Sine",2000,-1.5,"0.1(log(n))^2",0.64
895,1000,2,"T_Copula_Sine",2000,-1.5,"0.1(log(n))^2",0.45
896,1000,2,"T_Copula_Sine",2000,-1.5,"0.1(log(n))^2",0.44
897,1000,2,"T_Copula_Sine",2000,-1.5,"0.1(log(n))^2",0.43
898,1000,2,"T_Copula_Sine",2000,-1.5,"0.1(log(n))^2",0.14
899,1000,2,"T_Copula_Sine",2000,-1.5,"0.1(log(n))^2",0.15
900,1000,2,"T_Copula_Sine",2000,-1.5,"0.1(log(n))^2",0.73
901,1000,2,"T_Copula_Sine",2000,-1.5,"0.1(log(n))^2",0.4
902,1000,2,"T_Copula_Sine",2000,-1.5,"0.1(log(n))^2",0.43
903,1000,2,"T_Copula_Sine",2000,-1.5,"0.1(log(n))^2",0.11
904,1000,2,"T_Copula_Sine",2000,-1.5,"0.1(log(n))^2",0.45
905,1000,2,"T_Copula_Sine",2000,-1.5,"0.1(log(n))^2",0.16
906,1000,2,"T_Copula_Sine",2000,-1.5,"0.1(log(n))^2",0.47
907,1000,2,"T_Copula_Sine",2000,-1.5,"0.1(log(n))^2",0.25
908,1000,2,"T_Copula_Sine",2000,-1.5,"0.1(log(n))^2",0.6
909,1000,2,"T_Copula_Sine",2000,-1.5,"0.1(log(n))^2",0.01
910,1000,2,"T_Copula_Sine",2000,-1.5,"0.1(log(n))^2",0.27
911,1000,2,"T_Copula_Sine",2000,-1.5,"0.1(log(n))^2",0.59
912,1000,2,"T_Copula_Sine",2000,-1.5,"0.1(log(n))^2",0.75
913,1000,2,"T_Copula_Sine",2000,-1.5,"0.1(log(n))^2",0.73
914,1000,2,"T_Copula_Sine",2000,-1.5,"0.1(log(n))^2",0.43
915,1000,2,"T_Copula_Sine",2000,-1.5,"0.1(log(n))^2",0.47
916,1000,2,"T_Copula_Sine",2000,-1.5,"0.1(log(n))^2",0.4
917,1000,2,"T_Copula_Sine",2000,-1.5,"0.1(log(n))^2",0.5
918,1000,2,"T_Copula_Sine",2000,-1.5,"0.1(log(n))^2",0.31
919,1000,2,"T_Copula_Sine",2000,-1.5,"0.1(log(n))^2",0.98
920,1000,2,"T_Copula_Sine",2000,-1.5,"0.1(log(n))^2",0.35
921,1000,2,"T_Copula_Sine",2000,-1.5,"0.1(log(n))^2",0.24
922,1000,2,"T_Copula_Sine",2000,-1.5,"0.1(log(n))^2",0.17
923,1000,2,"T_Copula_Sine",2000,-1.5,"0.1(log(n))^2",0.49
924,1000,2,"T_Copula_Sine",2000,-1.5,"0.1(log(n))^2",0.27
925,1000,2,"T_Copula_Sine",2000,-1.5,"0.1(log(n))^2",0.33
926,1000,2,"T_Copula_Sine",2000,-1.5,"0.1(log(n))^2",0.12
927,1000,2,"T_Copula_Sine",2000,-1.5,"0.1(log(n))^2",0.58
928,1000,2,"T_Copula_Sine",2000,-1.5,"0.1(log(n))^2",0.24
929,1000,2,"T_Copula_Sine",2000,-1.5,"0.1(log(n))^2",0.18
930,1000,2,"T_Copula_Sine",2000,-1.5,"0.1(log(n))^2",0.7
931,1000,2,"T_Copula_Sine",2000,-1.5,"0.1(log(n))^2",0.11
932,1000,2,"T_Copula_Sine",2000,-1.5,"0.1(log(n))^2",0.12
933,1000,2,"T_Copula_Sine",2000,-1.5,"0.1(log(n))^2",0.26
934,1000,2,"T_Copula_Sine",2000,-1.5,"0.1(log(n))^2",0.38
935,1000,2,"T_Copula_Sine",2000,-1.5,"0.1(log(n))^2",0.36
936,1000,2,"T_Copula_Sine",2000,-1.5,"0.1(log(n))^2",0.87
937,1000,2,"T_Copula_Sine",2000,-1.5,"0.1(log(n))^2",0.95
938,1000,2,"T_Copula_Sine",2000,-1.5,"0.1(log(n))^2",0.18
939,1000,2,"T_Copula_Sine",2000,-1.5,"0.1(log(n))^2",0.21
940,1000,2,"T_Copula_Sine",2000,-1.5,"0.1(log(n))^2",0.29
941,1000,2,"T_Copula_Sine",2000,-1.5,"0.1(log(n))^2",0.47
942,1000,2,"T_Copula_Sine",2000,-1.5,"0.1(log(n))^2",0.75
943,1000,2,"T_Copula_Sine",2000,-1.5,"0.1(log(n))^2",0.67
944,1000,2,"T_Copula_Sine",2000,-1.5,"0.1(log(n))^2",0.28
945,1000,2,"T_Copula_Sine",2000,-1.5,"0.1(log(n))^2",0.48
946,1000,2,"T_Copula_Sine",2000,-1.5,"0.1(log(n))^2",0.31
947,1000,2,"T_Copula_Sine",2000,-1.5,"0.1(log(n))^2",0.38
948,1000,2,"T_Copula_Sine",2000,-1.5,"0.1(log(n))^2",0.88
949,1000,2,"T_Copula_Sine",2000,-1.5,"0.1(log(n))^2",0.46
950,1000,2,"T_Copula_Sine",2000,-1.5,"0.1(log(n))^2",0.56
951,1000,2,"T_Copula_Sine",2000,-1.5,"0.1(log(n))^2",0.82
952,1000,2,"T_Copula_Sine",2000,-1.5,"0.1(log(n))^2",0.02
953,1000,2,"T_Copula_Sine",2000,-1.5,"0.1(log(n))^2",0.16
954,1000,2,"T_Copula_Sine",2000,-1.5,"0.1(log(n))^2",0.01
955,1000,2,"T_Copula_Sine",2000,-1.5,"0.1(log(n))^2",0.66
956,1000,2,"T_Copula_Sine",2000,-1.5,"0.1(log(n))^2",0.4
957,1000,2,"T_Copula_Sine",2000,-1.5,"0.1(log(n))^2",0.48
958,1000,2,"T_Copula_Sine",2000,-1.5,"0.1(log(n))^2",0.53
959,1000,2,"T_Copula_Sine",2000,-1.5,"0.1(log(n))^2",0.59
960,1000,2,"T_Copula_Sine",2000,-1.5,"0.1(log(n))^2",0.58
961,1000,2,"T_Copula_Sine",2000,-1.5,"0.1(log(n))^2",0.83
962,1000,2,"T_Copula_Sine",2000,-1.5,"0.1(log(n))^2",0.32
963,1000,2,"T_Copula_Sine",2000,-1.5,"0.1(log(n))^2",0.43
964,1000,2,"T_Copula_Sine",2000,-1.5,"0.1(log(n))^2",0.31
965,1000,2,"T_Copula_Sine",2000,-1.5,"0.1(log(n))^2",0.05
966,1000,2,"T_Copula_Sine",2000,-1.5,"0.1(log(n))^2",0.9
967,1000,2,"T_Copula_Sine",2000,-1.5,"0.1(log(n))^2",0.47
968,1000,2,"T_Copula_Sine",2000,-1.5,"0.1(log(n))^2",0.24
969,1000,2,"T_Copula_Sine",2000,-1.5,"0.1(log(n))^2",0.25
970,1000,2,"T_Copula_Sine",2000,-1.5,"0.1(log(n))^2",0.19
971,1000,2,"T_Copula_Sine",2000,-1.5,"0.1(log(n))^2",0.2
972,1000,2,"T_Copula_Sine",2000,-1.5,"0.1(log(n))^2",0.13
973,1000,2,"T_Copula_Sine",2000,-1.5,"0.1(log(n))^2",0.16
974,1000,2,"T_Copula_Sine",2000,-1.5,"0.1(log(n))^2",0.44
975,1000,2,"T_Copula_Sine",2000,-1.5,"0.1(log(n))^2",0.18
976,1000,2,"T_Copula_Sine",2000,-1.5,"0.1(log(n))^2",0.93
977,1000,2,"T_Copula_Sine",2000,-1.5,"0.1(log(n))^2",0.32
978,1000,2,"T_Copula_Sine",2000,-1.5,"0.1(log(n))^2",0.26
979,1000,2,"T_Copula_Sine",2000,-1.5,"0.1(log(n))^2",0.14
980,1000,2,"T_Copula_Sine",2000,-1.5,"0.1(log(n))^2",0.59
981,1000,2,"T_Copula_Sine",2000,-1.5,"0.1(log(n))^2",0.26
982,1000,2,"T_Copula_Sine",2000,-1.5,"0.1(log(n))^2",0.17
983,1000,2,"T_Copula_Sine",2000,-1.5,"0.1(log(n))^2",0.07
984,1000,2,"T_Copula_Sine",2000,-1.5,"0.1(log(n))^2",0.6
985,1000,2,"T_Copula_Sine",2000,-1.5,"0.1(log(n))^2",0.46
986,1000,2,"T_Copula_Sine",2000,-1.5,"0.1(log(n))^2",0.32
987,1000,2,"T_Copula_Sine",2000,-1.5,"0.1(log(n))^2",0.46
988,1000,2,"T_Copula_Sine",2000,-1.5,"0.1(log(n))^2",0.56
989,1000,2,"T_Copula_Sine",2000,-1.5,"0.1(log(n))^2",0.12
990,1000,2,"T_Copula_Sine",2000,-1.5,"0.1(log(n))^2",0.51
991,1000,2,"T_Copula_Sine",2000,-1.5,"0.1(log(n))^2",0.24
992,1000,2,"T_Copula_Sine",2000,-1.5,"0.1(log(n))^2",0.72
993,1000,2,"T_Copula_Sine",2000,-1.5,"0.1(log(n))^2",0.42
994,1000,2,"T_Copula_Sine",2000,-1.5,"0.1(log(n))^2",0.99
995,1000,2,"T_Copula_Sine",2000,-1.5,"0.1(log(n))^2",0.27
996,1000,2,"T_Copula_Sine",2000,-1.5,"0.1(log(n))^2",0.11
997,1000,2,"T_Copula_Sine",2000,-1.5,"0.1(log(n))^2",0.49
998,1000,2,"T_Copula_Sine",2000,-1.5,"0.1(log(n))^2",0
999,1000,2,"T_Copula_Sine",2000,-1.5,"0.1(log(n))^2",0.19
1000,1000,2,"T_Copula_Sine",2000,-1.5,"0.1(log(n))^2",0.17
