"iteration","level","d","dgp_name","n_values","tau","L_n_type","stat"
1,1000,5,"Clayton",2000,-1.5,"1(log(n))^2",0.7
2,1000,5,"Clayton",2000,-1.5,"1(log(n))^2",0.98
3,1000,5,"Clayton",2000,-1.5,"1(log(n))^2",0.87
4,1000,5,"Clayton",2000,-1.5,"1(log(n))^2",0.97
5,1000,5,"Clayton",2000,-1.5,"1(log(n))^2",0.98
6,1000,5,"Clayton",2000,-1.5,"1(log(n))^2",0.67
7,1000,5,"Clayton",2000,-1.5,"1(log(n))^2",0.99
8,1000,5,"Clayton",2000,-1.5,"1(log(n))^2",1
9,1000,5,"Clayton",2000,-1.5,"1(log(n))^2",0.33
10,1000,5,"Clayton",2000,-1.5,"1(log(n))^2",0.29
11,1000,5,"Clayton",2000,-1.5,"1(log(n))^2",1
12,1000,5,"Clayton",2000,-1.5,"1(log(n))^2",0.96
13,1000,5,"Clayton",2000,-1.5,"1(log(n))^2",0.83
14,1000,5,"Clayton",2000,-1.5,"1(log(n))^2",0.92
15,1000,5,"Clayton",2000,-1.5,"1(log(n))^2",1
16,1000,5,"Clayton",2000,-1.5,"1(log(n))^2",0.74
17,1000,5,"Clayton",2000,-1.5,"1(log(n))^2",0.87
18,1000,5,"Clayton",2000,-1.5,"1(log(n))^2",0.9
19,1000,5,"Clayton",2000,-1.5,"1(log(n))^2",0.76
20,1000,5,"Clayton",2000,-1.5,"1(log(n))^2",0.98
21,1000,5,"Clayton",2000,-1.5,"1(log(n))^2",0.57
22,1000,5,"Clayton",2000,-1.5,"1(log(n))^2",0.98
23,1000,5,"Clayton",2000,-1.5,"1(log(n))^2",0.95
24,1000,5,"Clayton",2000,-1.5,"1(log(n))^2",0.36
25,1000,5,"Clayton",2000,-1.5,"1(log(n))^2",0.32
26,1000,5,"Clayton",2000,-1.5,"1(log(n))^2",0.93
27,1000,5,"Clayton",2000,-1.5,"1(log(n))^2",0.99
28,1000,5,"Clayton",2000,-1.5,"1(log(n))^2",0.98
29,1000,5,"Clayton",2000,-1.5,"1(log(n))^2",1
30,1000,5,"Clayton",2000,-1.5,"1(log(n))^2",0.98
31,1000,5,"Clayton",2000,-1.5,"1(log(n))^2",0.77
32,1000,5,"Clayton",2000,-1.5,"1(log(n))^2",0.7
33,1000,5,"Clayton",2000,-1.5,"1(log(n))^2",0.98
34,1000,5,"Clayton",2000,-1.5,"1(log(n))^2",1
35,1000,5,"Clayton",2000,-1.5,"1(log(n))^2",1
36,1000,5,"Clayton",2000,-1.5,"1(log(n))^2",0.98
37,1000,5,"Clayton",2000,-1.5,"1(log(n))^2",0.82
38,1000,5,"Clayton",2000,-1.5,"1(log(n))^2",0.84
39,1000,5,"Clayton",2000,-1.5,"1(log(n))^2",0.61
40,1000,5,"Clayton",2000,-1.5,"1(log(n))^2",1
41,1000,5,"Clayton",2000,-1.5,"1(log(n))^2",1
42,1000,5,"Clayton",2000,-1.5,"1(log(n))^2",0.87
43,1000,5,"Clayton",2000,-1.5,"1(log(n))^2",0.96
44,1000,5,"Clayton",2000,-1.5,"1(log(n))^2",0.93
45,1000,5,"Clayton",2000,-1.5,"1(log(n))^2",0.88
46,1000,5,"Clayton",2000,-1.5,"1(log(n))^2",0.43
47,1000,5,"Clayton",2000,-1.5,"1(log(n))^2",0.97
48,1000,5,"Clayton",2000,-1.5,"1(log(n))^2",0.98
49,1000,5,"Clayton",2000,-1.5,"1(log(n))^2",0.75
50,1000,5,"Clayton",2000,-1.5,"1(log(n))^2",0.99
51,1000,5,"Clayton",2000,-1.5,"1(log(n))^2",0.62
52,1000,5,"Clayton",2000,-1.5,"1(log(n))^2",0.73
53,1000,5,"Clayton",2000,-1.5,"1(log(n))^2",0.98
54,1000,5,"Clayton",2000,-1.5,"1(log(n))^2",0.56
55,1000,5,"Clayton",2000,-1.5,"1(log(n))^2",0.99
56,1000,5,"Clayton",2000,-1.5,"1(log(n))^2",0.25
57,1000,5,"Clayton",2000,-1.5,"1(log(n))^2",0.91
58,1000,5,"Clayton",2000,-1.5,"1(log(n))^2",1
59,1000,5,"Clayton",2000,-1.5,"1(log(n))^2",0.93
60,1000,5,"Clayton",2000,-1.5,"1(log(n))^2",0.99
61,1000,5,"Clayton",2000,-1.5,"1(log(n))^2",1
62,1000,5,"Clayton",2000,-1.5,"1(log(n))^2",1
63,1000,5,"Clayton",2000,-1.5,"1(log(n))^2",0.95
64,1000,5,"Clayton",2000,-1.5,"1(log(n))^2",0.72
65,1000,5,"Clayton",2000,-1.5,"1(log(n))^2",0.64
66,1000,5,"Clayton",2000,-1.5,"1(log(n))^2",0.12
67,1000,5,"Clayton",2000,-1.5,"1(log(n))^2",0.96
68,1000,5,"Clayton",2000,-1.5,"1(log(n))^2",1
69,1000,5,"Clayton",2000,-1.5,"1(log(n))^2",0.33
70,1000,5,"Clayton",2000,-1.5,"1(log(n))^2",0.34
71,1000,5,"Clayton",2000,-1.5,"1(log(n))^2",1
72,1000,5,"Clayton",2000,-1.5,"1(log(n))^2",0.63
73,1000,5,"Clayton",2000,-1.5,"1(log(n))^2",0.82
74,1000,5,"Clayton",2000,-1.5,"1(log(n))^2",0.98
75,1000,5,"Clayton",2000,-1.5,"1(log(n))^2",0.95
76,1000,5,"Clayton",2000,-1.5,"1(log(n))^2",0.42
77,1000,5,"Clayton",2000,-1.5,"1(log(n))^2",0.68
78,1000,5,"Clayton",2000,-1.5,"1(log(n))^2",0.87
79,1000,5,"Clayton",2000,-1.5,"1(log(n))^2",0.68
80,1000,5,"Clayton",2000,-1.5,"1(log(n))^2",0.74
81,1000,5,"Clayton",2000,-1.5,"1(log(n))^2",0.76
82,1000,5,"Clayton",2000,-1.5,"1(log(n))^2",0.96
83,1000,5,"Clayton",2000,-1.5,"1(log(n))^2",0.92
84,1000,5,"Clayton",2000,-1.5,"1(log(n))^2",0.82
85,1000,5,"Clayton",2000,-1.5,"1(log(n))^2",0.88
86,1000,5,"Clayton",2000,-1.5,"1(log(n))^2",1
87,1000,5,"Clayton",2000,-1.5,"1(log(n))^2",0.85
88,1000,5,"Clayton",2000,-1.5,"1(log(n))^2",0.96
89,1000,5,"Clayton",2000,-1.5,"1(log(n))^2",0.76
90,1000,5,"Clayton",2000,-1.5,"1(log(n))^2",0.92
91,1000,5,"Clayton",2000,-1.5,"1(log(n))^2",1
92,1000,5,"Clayton",2000,-1.5,"1(log(n))^2",0.97
93,1000,5,"Clayton",2000,-1.5,"1(log(n))^2",0.65
94,1000,5,"Clayton",2000,-1.5,"1(log(n))^2",0.82
95,1000,5,"Clayton",2000,-1.5,"1(log(n))^2",0.83
96,1000,5,"Clayton",2000,-1.5,"1(log(n))^2",0.93
97,1000,5,"Clayton",2000,-1.5,"1(log(n))^2",0.99
98,1000,5,"Clayton",2000,-1.5,"1(log(n))^2",0.99
99,1000,5,"Clayton",2000,-1.5,"1(log(n))^2",0.67
100,1000,5,"Clayton",2000,-1.5,"1(log(n))^2",1
101,1000,5,"Clayton",2000,-1.5,"1(log(n))^2",0.88
102,1000,5,"Clayton",2000,-1.5,"1(log(n))^2",0.98
103,1000,5,"Clayton",2000,-1.5,"1(log(n))^2",0.31
104,1000,5,"Clayton",2000,-1.5,"1(log(n))^2",0.91
105,1000,5,"Clayton",2000,-1.5,"1(log(n))^2",0.94
106,1000,5,"Clayton",2000,-1.5,"1(log(n))^2",0.62
107,1000,5,"Clayton",2000,-1.5,"1(log(n))^2",0.51
108,1000,5,"Clayton",2000,-1.5,"1(log(n))^2",0.96
109,1000,5,"Clayton",2000,-1.5,"1(log(n))^2",0.68
110,1000,5,"Clayton",2000,-1.5,"1(log(n))^2",1
111,1000,5,"Clayton",2000,-1.5,"1(log(n))^2",0.76
112,1000,5,"Clayton",2000,-1.5,"1(log(n))^2",0.94
113,1000,5,"Clayton",2000,-1.5,"1(log(n))^2",1
114,1000,5,"Clayton",2000,-1.5,"1(log(n))^2",1
115,1000,5,"Clayton",2000,-1.5,"1(log(n))^2",0.98
116,1000,5,"Clayton",2000,-1.5,"1(log(n))^2",0.79
117,1000,5,"Clayton",2000,-1.5,"1(log(n))^2",0.83
118,1000,5,"Clayton",2000,-1.5,"1(log(n))^2",0.16
119,1000,5,"Clayton",2000,-1.5,"1(log(n))^2",0.9
120,1000,5,"Clayton",2000,-1.5,"1(log(n))^2",0.89
121,1000,5,"Clayton",2000,-1.5,"1(log(n))^2",0.48
122,1000,5,"Clayton",2000,-1.5,"1(log(n))^2",0.95
123,1000,5,"Clayton",2000,-1.5,"1(log(n))^2",1
124,1000,5,"Clayton",2000,-1.5,"1(log(n))^2",0.88
125,1000,5,"Clayton",2000,-1.5,"1(log(n))^2",0.86
126,1000,5,"Clayton",2000,-1.5,"1(log(n))^2",0.99
127,1000,5,"Clayton",2000,-1.5,"1(log(n))^2",0.56
128,1000,5,"Clayton",2000,-1.5,"1(log(n))^2",0.99
129,1000,5,"Clayton",2000,-1.5,"1(log(n))^2",0.74
130,1000,5,"Clayton",2000,-1.5,"1(log(n))^2",0.41
131,1000,5,"Clayton",2000,-1.5,"1(log(n))^2",0.9
132,1000,5,"Clayton",2000,-1.5,"1(log(n))^2",0.95
133,1000,5,"Clayton",2000,-1.5,"1(log(n))^2",0.87
134,1000,5,"Clayton",2000,-1.5,"1(log(n))^2",0.86
135,1000,5,"Clayton",2000,-1.5,"1(log(n))^2",0.95
136,1000,5,"Clayton",2000,-1.5,"1(log(n))^2",0.85
137,1000,5,"Clayton",2000,-1.5,"1(log(n))^2",1
138,1000,5,"Clayton",2000,-1.5,"1(log(n))^2",0.8
139,1000,5,"Clayton",2000,-1.5,"1(log(n))^2",0.95
140,1000,5,"Clayton",2000,-1.5,"1(log(n))^2",0.81
141,1000,5,"Clayton",2000,-1.5,"1(log(n))^2",0.44
142,1000,5,"Clayton",2000,-1.5,"1(log(n))^2",0.9
143,1000,5,"Clayton",2000,-1.5,"1(log(n))^2",1
144,1000,5,"Clayton",2000,-1.5,"1(log(n))^2",0.89
145,1000,5,"Clayton",2000,-1.5,"1(log(n))^2",0.99
146,1000,5,"Clayton",2000,-1.5,"1(log(n))^2",1
147,1000,5,"Clayton",2000,-1.5,"1(log(n))^2",0.93
148,1000,5,"Clayton",2000,-1.5,"1(log(n))^2",0.59
149,1000,5,"Clayton",2000,-1.5,"1(log(n))^2",0.97
150,1000,5,"Clayton",2000,-1.5,"1(log(n))^2",0.62
151,1000,5,"Clayton",2000,-1.5,"1(log(n))^2",0.69
152,1000,5,"Clayton",2000,-1.5,"1(log(n))^2",1
153,1000,5,"Clayton",2000,-1.5,"1(log(n))^2",0.99
154,1000,5,"Clayton",2000,-1.5,"1(log(n))^2",0.87
155,1000,5,"Clayton",2000,-1.5,"1(log(n))^2",0.69
156,1000,5,"Clayton",2000,-1.5,"1(log(n))^2",1
157,1000,5,"Clayton",2000,-1.5,"1(log(n))^2",1
158,1000,5,"Clayton",2000,-1.5,"1(log(n))^2",0.53
159,1000,5,"Clayton",2000,-1.5,"1(log(n))^2",1
160,1000,5,"Clayton",2000,-1.5,"1(log(n))^2",0.86
161,1000,5,"Clayton",2000,-1.5,"1(log(n))^2",0.98
162,1000,5,"Clayton",2000,-1.5,"1(log(n))^2",0.75
163,1000,5,"Clayton",2000,-1.5,"1(log(n))^2",0.2
164,1000,5,"Clayton",2000,-1.5,"1(log(n))^2",0.93
165,1000,5,"Clayton",2000,-1.5,"1(log(n))^2",0.6
166,1000,5,"Clayton",2000,-1.5,"1(log(n))^2",0.7
167,1000,5,"Clayton",2000,-1.5,"1(log(n))^2",1
168,1000,5,"Clayton",2000,-1.5,"1(log(n))^2",0.76
169,1000,5,"Clayton",2000,-1.5,"1(log(n))^2",0.96
170,1000,5,"Clayton",2000,-1.5,"1(log(n))^2",1
171,1000,5,"Clayton",2000,-1.5,"1(log(n))^2",0.78
172,1000,5,"Clayton",2000,-1.5,"1(log(n))^2",0.73
173,1000,5,"Clayton",2000,-1.5,"1(log(n))^2",0.23
174,1000,5,"Clayton",2000,-1.5,"1(log(n))^2",0.99
175,1000,5,"Clayton",2000,-1.5,"1(log(n))^2",0.6
176,1000,5,"Clayton",2000,-1.5,"1(log(n))^2",0.88
177,1000,5,"Clayton",2000,-1.5,"1(log(n))^2",0.97
178,1000,5,"Clayton",2000,-1.5,"1(log(n))^2",0.87
179,1000,5,"Clayton",2000,-1.5,"1(log(n))^2",0.86
180,1000,5,"Clayton",2000,-1.5,"1(log(n))^2",0.95
181,1000,5,"Clayton",2000,-1.5,"1(log(n))^2",0.81
182,1000,5,"Clayton",2000,-1.5,"1(log(n))^2",0.97
183,1000,5,"Clayton",2000,-1.5,"1(log(n))^2",0.89
184,1000,5,"Clayton",2000,-1.5,"1(log(n))^2",1
185,1000,5,"Clayton",2000,-1.5,"1(log(n))^2",0.79
186,1000,5,"Clayton",2000,-1.5,"1(log(n))^2",0.61
187,1000,5,"Clayton",2000,-1.5,"1(log(n))^2",0.92
188,1000,5,"Clayton",2000,-1.5,"1(log(n))^2",0.47
189,1000,5,"Clayton",2000,-1.5,"1(log(n))^2",0.98
190,1000,5,"Clayton",2000,-1.5,"1(log(n))^2",0.81
191,1000,5,"Clayton",2000,-1.5,"1(log(n))^2",0.79
192,1000,5,"Clayton",2000,-1.5,"1(log(n))^2",0.94
193,1000,5,"Clayton",2000,-1.5,"1(log(n))^2",1
194,1000,5,"Clayton",2000,-1.5,"1(log(n))^2",0.81
195,1000,5,"Clayton",2000,-1.5,"1(log(n))^2",0.66
196,1000,5,"Clayton",2000,-1.5,"1(log(n))^2",0.99
197,1000,5,"Clayton",2000,-1.5,"1(log(n))^2",0.93
198,1000,5,"Clayton",2000,-1.5,"1(log(n))^2",0.95
199,1000,5,"Clayton",2000,-1.5,"1(log(n))^2",0.83
200,1000,5,"Clayton",2000,-1.5,"1(log(n))^2",0.88
201,1000,5,"Clayton",2000,-1.5,"1(log(n))^2",0.46
202,1000,5,"Clayton",2000,-1.5,"1(log(n))^2",0.46
203,1000,5,"Clayton",2000,-1.5,"1(log(n))^2",0.97
204,1000,5,"Clayton",2000,-1.5,"1(log(n))^2",0.93
205,1000,5,"Clayton",2000,-1.5,"1(log(n))^2",0.95
206,1000,5,"Clayton",2000,-1.5,"1(log(n))^2",0.73
207,1000,5,"Clayton",2000,-1.5,"1(log(n))^2",0.48
208,1000,5,"Clayton",2000,-1.5,"1(log(n))^2",0.97
209,1000,5,"Clayton",2000,-1.5,"1(log(n))^2",0.92
210,1000,5,"Clayton",2000,-1.5,"1(log(n))^2",1
211,1000,5,"Clayton",2000,-1.5,"1(log(n))^2",0.95
212,1000,5,"Clayton",2000,-1.5,"1(log(n))^2",0.97
213,1000,5,"Clayton",2000,-1.5,"1(log(n))^2",0.81
214,1000,5,"Clayton",2000,-1.5,"1(log(n))^2",0.99
215,1000,5,"Clayton",2000,-1.5,"1(log(n))^2",0.87
216,1000,5,"Clayton",2000,-1.5,"1(log(n))^2",0.61
217,1000,5,"Clayton",2000,-1.5,"1(log(n))^2",0.88
218,1000,5,"Clayton",2000,-1.5,"1(log(n))^2",1
219,1000,5,"Clayton",2000,-1.5,"1(log(n))^2",1
220,1000,5,"Clayton",2000,-1.5,"1(log(n))^2",0.79
221,1000,5,"Clayton",2000,-1.5,"1(log(n))^2",0.22
222,1000,5,"Clayton",2000,-1.5,"1(log(n))^2",0.97
223,1000,5,"Clayton",2000,-1.5,"1(log(n))^2",0.99
224,1000,5,"Clayton",2000,-1.5,"1(log(n))^2",0.99
225,1000,5,"Clayton",2000,-1.5,"1(log(n))^2",0.99
226,1000,5,"Clayton",2000,-1.5,"1(log(n))^2",1
227,1000,5,"Clayton",2000,-1.5,"1(log(n))^2",0.89
228,1000,5,"Clayton",2000,-1.5,"1(log(n))^2",1
229,1000,5,"Clayton",2000,-1.5,"1(log(n))^2",0.39
230,1000,5,"Clayton",2000,-1.5,"1(log(n))^2",0.88
231,1000,5,"Clayton",2000,-1.5,"1(log(n))^2",1
232,1000,5,"Clayton",2000,-1.5,"1(log(n))^2",0.92
233,1000,5,"Clayton",2000,-1.5,"1(log(n))^2",0.92
234,1000,5,"Clayton",2000,-1.5,"1(log(n))^2",0.32
235,1000,5,"Clayton",2000,-1.5,"1(log(n))^2",1
236,1000,5,"Clayton",2000,-1.5,"1(log(n))^2",1
237,1000,5,"Clayton",2000,-1.5,"1(log(n))^2",0.68
238,1000,5,"Clayton",2000,-1.5,"1(log(n))^2",0.78
239,1000,5,"Clayton",2000,-1.5,"1(log(n))^2",0.82
240,1000,5,"Clayton",2000,-1.5,"1(log(n))^2",1
241,1000,5,"Clayton",2000,-1.5,"1(log(n))^2",0.99
242,1000,5,"Clayton",2000,-1.5,"1(log(n))^2",0.76
243,1000,5,"Clayton",2000,-1.5,"1(log(n))^2",0.58
244,1000,5,"Clayton",2000,-1.5,"1(log(n))^2",0.99
245,1000,5,"Clayton",2000,-1.5,"1(log(n))^2",0.74
246,1000,5,"Clayton",2000,-1.5,"1(log(n))^2",0.93
247,1000,5,"Clayton",2000,-1.5,"1(log(n))^2",0.91
248,1000,5,"Clayton",2000,-1.5,"1(log(n))^2",1
249,1000,5,"Clayton",2000,-1.5,"1(log(n))^2",0.65
250,1000,5,"Clayton",2000,-1.5,"1(log(n))^2",0.44
251,1000,5,"Clayton",2000,-1.5,"1(log(n))^2",0.28
252,1000,5,"Clayton",2000,-1.5,"1(log(n))^2",0.99
253,1000,5,"Clayton",2000,-1.5,"1(log(n))^2",0.71
254,1000,5,"Clayton",2000,-1.5,"1(log(n))^2",1
255,1000,5,"Clayton",2000,-1.5,"1(log(n))^2",0.9
256,1000,5,"Clayton",2000,-1.5,"1(log(n))^2",0.79
257,1000,5,"Clayton",2000,-1.5,"1(log(n))^2",0.63
258,1000,5,"Clayton",2000,-1.5,"1(log(n))^2",0.98
259,1000,5,"Clayton",2000,-1.5,"1(log(n))^2",0.94
260,1000,5,"Clayton",2000,-1.5,"1(log(n))^2",1
261,1000,5,"Clayton",2000,-1.5,"1(log(n))^2",0.96
262,1000,5,"Clayton",2000,-1.5,"1(log(n))^2",1
263,1000,5,"Clayton",2000,-1.5,"1(log(n))^2",0.88
264,1000,5,"Clayton",2000,-1.5,"1(log(n))^2",1
265,1000,5,"Clayton",2000,-1.5,"1(log(n))^2",1
266,1000,5,"Clayton",2000,-1.5,"1(log(n))^2",0.56
267,1000,5,"Clayton",2000,-1.5,"1(log(n))^2",1
268,1000,5,"Clayton",2000,-1.5,"1(log(n))^2",0.71
269,1000,5,"Clayton",2000,-1.5,"1(log(n))^2",0.68
270,1000,5,"Clayton",2000,-1.5,"1(log(n))^2",0.95
271,1000,5,"Clayton",2000,-1.5,"1(log(n))^2",0.63
272,1000,5,"Clayton",2000,-1.5,"1(log(n))^2",0.7
273,1000,5,"Clayton",2000,-1.5,"1(log(n))^2",0.92
274,1000,5,"Clayton",2000,-1.5,"1(log(n))^2",0.97
275,1000,5,"Clayton",2000,-1.5,"1(log(n))^2",0.67
276,1000,5,"Clayton",2000,-1.5,"1(log(n))^2",0.64
277,1000,5,"Clayton",2000,-1.5,"1(log(n))^2",0.76
278,1000,5,"Clayton",2000,-1.5,"1(log(n))^2",0.42
279,1000,5,"Clayton",2000,-1.5,"1(log(n))^2",0.99
280,1000,5,"Clayton",2000,-1.5,"1(log(n))^2",0.83
281,1000,5,"Clayton",2000,-1.5,"1(log(n))^2",0.96
282,1000,5,"Clayton",2000,-1.5,"1(log(n))^2",1
283,1000,5,"Clayton",2000,-1.5,"1(log(n))^2",0.45
284,1000,5,"Clayton",2000,-1.5,"1(log(n))^2",0.93
285,1000,5,"Clayton",2000,-1.5,"1(log(n))^2",0.96
286,1000,5,"Clayton",2000,-1.5,"1(log(n))^2",1
287,1000,5,"Clayton",2000,-1.5,"1(log(n))^2",0.85
288,1000,5,"Clayton",2000,-1.5,"1(log(n))^2",1
289,1000,5,"Clayton",2000,-1.5,"1(log(n))^2",0.3
290,1000,5,"Clayton",2000,-1.5,"1(log(n))^2",1
291,1000,5,"Clayton",2000,-1.5,"1(log(n))^2",0.98
292,1000,5,"Clayton",2000,-1.5,"1(log(n))^2",0.96
293,1000,5,"Clayton",2000,-1.5,"1(log(n))^2",0.78
294,1000,5,"Clayton",2000,-1.5,"1(log(n))^2",0.64
295,1000,5,"Clayton",2000,-1.5,"1(log(n))^2",0.47
296,1000,5,"Clayton",2000,-1.5,"1(log(n))^2",0.88
297,1000,5,"Clayton",2000,-1.5,"1(log(n))^2",1
298,1000,5,"Clayton",2000,-1.5,"1(log(n))^2",0.77
299,1000,5,"Clayton",2000,-1.5,"1(log(n))^2",1
300,1000,5,"Clayton",2000,-1.5,"1(log(n))^2",0.95
301,1000,5,"Clayton",2000,-1.5,"1(log(n))^2",0.93
302,1000,5,"Clayton",2000,-1.5,"1(log(n))^2",0.93
303,1000,5,"Clayton",2000,-1.5,"1(log(n))^2",0.82
304,1000,5,"Clayton",2000,-1.5,"1(log(n))^2",1
305,1000,5,"Clayton",2000,-1.5,"1(log(n))^2",0.64
306,1000,5,"Clayton",2000,-1.5,"1(log(n))^2",1
307,1000,5,"Clayton",2000,-1.5,"1(log(n))^2",0.94
308,1000,5,"Clayton",2000,-1.5,"1(log(n))^2",0.62
309,1000,5,"Clayton",2000,-1.5,"1(log(n))^2",0.71
310,1000,5,"Clayton",2000,-1.5,"1(log(n))^2",0.99
311,1000,5,"Clayton",2000,-1.5,"1(log(n))^2",0.98
312,1000,5,"Clayton",2000,-1.5,"1(log(n))^2",1
313,1000,5,"Clayton",2000,-1.5,"1(log(n))^2",0.83
314,1000,5,"Clayton",2000,-1.5,"1(log(n))^2",0.67
315,1000,5,"Clayton",2000,-1.5,"1(log(n))^2",0.99
316,1000,5,"Clayton",2000,-1.5,"1(log(n))^2",0.56
317,1000,5,"Clayton",2000,-1.5,"1(log(n))^2",0.7
318,1000,5,"Clayton",2000,-1.5,"1(log(n))^2",0.91
319,1000,5,"Clayton",2000,-1.5,"1(log(n))^2",0.31
320,1000,5,"Clayton",2000,-1.5,"1(log(n))^2",0.37
321,1000,5,"Clayton",2000,-1.5,"1(log(n))^2",0.94
322,1000,5,"Clayton",2000,-1.5,"1(log(n))^2",0.7
323,1000,5,"Clayton",2000,-1.5,"1(log(n))^2",0.98
324,1000,5,"Clayton",2000,-1.5,"1(log(n))^2",0.63
325,1000,5,"Clayton",2000,-1.5,"1(log(n))^2",1
326,1000,5,"Clayton",2000,-1.5,"1(log(n))^2",0.64
327,1000,5,"Clayton",2000,-1.5,"1(log(n))^2",0.72
328,1000,5,"Clayton",2000,-1.5,"1(log(n))^2",1
329,1000,5,"Clayton",2000,-1.5,"1(log(n))^2",1
330,1000,5,"Clayton",2000,-1.5,"1(log(n))^2",0.68
331,1000,5,"Clayton",2000,-1.5,"1(log(n))^2",0.71
332,1000,5,"Clayton",2000,-1.5,"1(log(n))^2",0.99
333,1000,5,"Clayton",2000,-1.5,"1(log(n))^2",0.85
334,1000,5,"Clayton",2000,-1.5,"1(log(n))^2",1
335,1000,5,"Clayton",2000,-1.5,"1(log(n))^2",0.66
336,1000,5,"Clayton",2000,-1.5,"1(log(n))^2",0.79
337,1000,5,"Clayton",2000,-1.5,"1(log(n))^2",0.98
338,1000,5,"Clayton",2000,-1.5,"1(log(n))^2",0.89
339,1000,5,"Clayton",2000,-1.5,"1(log(n))^2",0.9
340,1000,5,"Clayton",2000,-1.5,"1(log(n))^2",1
341,1000,5,"Clayton",2000,-1.5,"1(log(n))^2",1
342,1000,5,"Clayton",2000,-1.5,"1(log(n))^2",0.84
343,1000,5,"Clayton",2000,-1.5,"1(log(n))^2",0.49
344,1000,5,"Clayton",2000,-1.5,"1(log(n))^2",0.73
345,1000,5,"Clayton",2000,-1.5,"1(log(n))^2",0.54
346,1000,5,"Clayton",2000,-1.5,"1(log(n))^2",0.9
347,1000,5,"Clayton",2000,-1.5,"1(log(n))^2",0.95
348,1000,5,"Clayton",2000,-1.5,"1(log(n))^2",0.94
349,1000,5,"Clayton",2000,-1.5,"1(log(n))^2",0.96
350,1000,5,"Clayton",2000,-1.5,"1(log(n))^2",0.99
351,1000,5,"Clayton",2000,-1.5,"1(log(n))^2",0.89
352,1000,5,"Clayton",2000,-1.5,"1(log(n))^2",0.57
353,1000,5,"Clayton",2000,-1.5,"1(log(n))^2",0.99
354,1000,5,"Clayton",2000,-1.5,"1(log(n))^2",0.67
355,1000,5,"Clayton",2000,-1.5,"1(log(n))^2",0.98
356,1000,5,"Clayton",2000,-1.5,"1(log(n))^2",0.98
357,1000,5,"Clayton",2000,-1.5,"1(log(n))^2",0.97
358,1000,5,"Clayton",2000,-1.5,"1(log(n))^2",0.99
359,1000,5,"Clayton",2000,-1.5,"1(log(n))^2",1
360,1000,5,"Clayton",2000,-1.5,"1(log(n))^2",0.58
361,1000,5,"Clayton",2000,-1.5,"1(log(n))^2",0.69
362,1000,5,"Clayton",2000,-1.5,"1(log(n))^2",0.94
363,1000,5,"Clayton",2000,-1.5,"1(log(n))^2",0.93
364,1000,5,"Clayton",2000,-1.5,"1(log(n))^2",0.48
365,1000,5,"Clayton",2000,-1.5,"1(log(n))^2",0.81
366,1000,5,"Clayton",2000,-1.5,"1(log(n))^2",0.85
367,1000,5,"Clayton",2000,-1.5,"1(log(n))^2",0.85
368,1000,5,"Clayton",2000,-1.5,"1(log(n))^2",0.83
369,1000,5,"Clayton",2000,-1.5,"1(log(n))^2",0.98
370,1000,5,"Clayton",2000,-1.5,"1(log(n))^2",0.66
371,1000,5,"Clayton",2000,-1.5,"1(log(n))^2",0.64
372,1000,5,"Clayton",2000,-1.5,"1(log(n))^2",0.68
373,1000,5,"Clayton",2000,-1.5,"1(log(n))^2",0.99
374,1000,5,"Clayton",2000,-1.5,"1(log(n))^2",1
375,1000,5,"Clayton",2000,-1.5,"1(log(n))^2",0.98
376,1000,5,"Clayton",2000,-1.5,"1(log(n))^2",0.34
377,1000,5,"Clayton",2000,-1.5,"1(log(n))^2",0.99
378,1000,5,"Clayton",2000,-1.5,"1(log(n))^2",0.7
379,1000,5,"Clayton",2000,-1.5,"1(log(n))^2",0.3
380,1000,5,"Clayton",2000,-1.5,"1(log(n))^2",0.89
381,1000,5,"Clayton",2000,-1.5,"1(log(n))^2",1
382,1000,5,"Clayton",2000,-1.5,"1(log(n))^2",0.89
383,1000,5,"Clayton",2000,-1.5,"1(log(n))^2",0.25
384,1000,5,"Clayton",2000,-1.5,"1(log(n))^2",0.97
385,1000,5,"Clayton",2000,-1.5,"1(log(n))^2",0.78
386,1000,5,"Clayton",2000,-1.5,"1(log(n))^2",0.98
387,1000,5,"Clayton",2000,-1.5,"1(log(n))^2",0.45
388,1000,5,"Clayton",2000,-1.5,"1(log(n))^2",0.78
389,1000,5,"Clayton",2000,-1.5,"1(log(n))^2",0.86
390,1000,5,"Clayton",2000,-1.5,"1(log(n))^2",0.96
391,1000,5,"Clayton",2000,-1.5,"1(log(n))^2",0.3
392,1000,5,"Clayton",2000,-1.5,"1(log(n))^2",0.85
393,1000,5,"Clayton",2000,-1.5,"1(log(n))^2",0.72
394,1000,5,"Clayton",2000,-1.5,"1(log(n))^2",1
395,1000,5,"Clayton",2000,-1.5,"1(log(n))^2",0.51
396,1000,5,"Clayton",2000,-1.5,"1(log(n))^2",0.84
397,1000,5,"Clayton",2000,-1.5,"1(log(n))^2",1
398,1000,5,"Clayton",2000,-1.5,"1(log(n))^2",1
399,1000,5,"Clayton",2000,-1.5,"1(log(n))^2",0.78
400,1000,5,"Clayton",2000,-1.5,"1(log(n))^2",0.74
401,1000,5,"Clayton",2000,-1.5,"1(log(n))^2",0.96
402,1000,5,"Clayton",2000,-1.5,"1(log(n))^2",1
403,1000,5,"Clayton",2000,-1.5,"1(log(n))^2",0.95
404,1000,5,"Clayton",2000,-1.5,"1(log(n))^2",0.31
405,1000,5,"Clayton",2000,-1.5,"1(log(n))^2",0.58
406,1000,5,"Clayton",2000,-1.5,"1(log(n))^2",0.99
407,1000,5,"Clayton",2000,-1.5,"1(log(n))^2",0.94
408,1000,5,"Clayton",2000,-1.5,"1(log(n))^2",0.48
409,1000,5,"Clayton",2000,-1.5,"1(log(n))^2",0.97
410,1000,5,"Clayton",2000,-1.5,"1(log(n))^2",0.64
411,1000,5,"Clayton",2000,-1.5,"1(log(n))^2",0.51
412,1000,5,"Clayton",2000,-1.5,"1(log(n))^2",0.38
413,1000,5,"Clayton",2000,-1.5,"1(log(n))^2",0.85
414,1000,5,"Clayton",2000,-1.5,"1(log(n))^2",0.76
415,1000,5,"Clayton",2000,-1.5,"1(log(n))^2",0.97
416,1000,5,"Clayton",2000,-1.5,"1(log(n))^2",0.91
417,1000,5,"Clayton",2000,-1.5,"1(log(n))^2",1
418,1000,5,"Clayton",2000,-1.5,"1(log(n))^2",0.63
419,1000,5,"Clayton",2000,-1.5,"1(log(n))^2",0.71
420,1000,5,"Clayton",2000,-1.5,"1(log(n))^2",0.62
421,1000,5,"Clayton",2000,-1.5,"1(log(n))^2",0.68
422,1000,5,"Clayton",2000,-1.5,"1(log(n))^2",0.89
423,1000,5,"Clayton",2000,-1.5,"1(log(n))^2",1
424,1000,5,"Clayton",2000,-1.5,"1(log(n))^2",0.76
425,1000,5,"Clayton",2000,-1.5,"1(log(n))^2",0.87
426,1000,5,"Clayton",2000,-1.5,"1(log(n))^2",0.74
427,1000,5,"Clayton",2000,-1.5,"1(log(n))^2",0.86
428,1000,5,"Clayton",2000,-1.5,"1(log(n))^2",0.96
429,1000,5,"Clayton",2000,-1.5,"1(log(n))^2",0.98
430,1000,5,"Clayton",2000,-1.5,"1(log(n))^2",0.98
431,1000,5,"Clayton",2000,-1.5,"1(log(n))^2",0.48
432,1000,5,"Clayton",2000,-1.5,"1(log(n))^2",1
433,1000,5,"Clayton",2000,-1.5,"1(log(n))^2",0.82
434,1000,5,"Clayton",2000,-1.5,"1(log(n))^2",0.9
435,1000,5,"Clayton",2000,-1.5,"1(log(n))^2",0.99
436,1000,5,"Clayton",2000,-1.5,"1(log(n))^2",0.97
437,1000,5,"Clayton",2000,-1.5,"1(log(n))^2",1
438,1000,5,"Clayton",2000,-1.5,"1(log(n))^2",0.97
439,1000,5,"Clayton",2000,-1.5,"1(log(n))^2",0.95
440,1000,5,"Clayton",2000,-1.5,"1(log(n))^2",0.97
441,1000,5,"Clayton",2000,-1.5,"1(log(n))^2",1
442,1000,5,"Clayton",2000,-1.5,"1(log(n))^2",0.72
443,1000,5,"Clayton",2000,-1.5,"1(log(n))^2",0.73
444,1000,5,"Clayton",2000,-1.5,"1(log(n))^2",1
445,1000,5,"Clayton",2000,-1.5,"1(log(n))^2",0.74
446,1000,5,"Clayton",2000,-1.5,"1(log(n))^2",0.75
447,1000,5,"Clayton",2000,-1.5,"1(log(n))^2",1
448,1000,5,"Clayton",2000,-1.5,"1(log(n))^2",0.6
449,1000,5,"Clayton",2000,-1.5,"1(log(n))^2",0.83
450,1000,5,"Clayton",2000,-1.5,"1(log(n))^2",0.88
451,1000,5,"Clayton",2000,-1.5,"1(log(n))^2",0.73
452,1000,5,"Clayton",2000,-1.5,"1(log(n))^2",0.78
453,1000,5,"Clayton",2000,-1.5,"1(log(n))^2",1
454,1000,5,"Clayton",2000,-1.5,"1(log(n))^2",1
455,1000,5,"Clayton",2000,-1.5,"1(log(n))^2",0.73
456,1000,5,"Clayton",2000,-1.5,"1(log(n))^2",0.79
457,1000,5,"Clayton",2000,-1.5,"1(log(n))^2",0.74
458,1000,5,"Clayton",2000,-1.5,"1(log(n))^2",1
459,1000,5,"Clayton",2000,-1.5,"1(log(n))^2",0.97
460,1000,5,"Clayton",2000,-1.5,"1(log(n))^2",1
461,1000,5,"Clayton",2000,-1.5,"1(log(n))^2",0.68
462,1000,5,"Clayton",2000,-1.5,"1(log(n))^2",0.83
463,1000,5,"Clayton",2000,-1.5,"1(log(n))^2",1
464,1000,5,"Clayton",2000,-1.5,"1(log(n))^2",0.84
465,1000,5,"Clayton",2000,-1.5,"1(log(n))^2",0.31
466,1000,5,"Clayton",2000,-1.5,"1(log(n))^2",0.99
467,1000,5,"Clayton",2000,-1.5,"1(log(n))^2",1
468,1000,5,"Clayton",2000,-1.5,"1(log(n))^2",0.93
469,1000,5,"Clayton",2000,-1.5,"1(log(n))^2",0.96
470,1000,5,"Clayton",2000,-1.5,"1(log(n))^2",0.99
471,1000,5,"Clayton",2000,-1.5,"1(log(n))^2",0.99
472,1000,5,"Clayton",2000,-1.5,"1(log(n))^2",0.43
473,1000,5,"Clayton",2000,-1.5,"1(log(n))^2",0.77
474,1000,5,"Clayton",2000,-1.5,"1(log(n))^2",0.94
475,1000,5,"Clayton",2000,-1.5,"1(log(n))^2",1
476,1000,5,"Clayton",2000,-1.5,"1(log(n))^2",0.72
477,1000,5,"Clayton",2000,-1.5,"1(log(n))^2",0.65
478,1000,5,"Clayton",2000,-1.5,"1(log(n))^2",1
479,1000,5,"Clayton",2000,-1.5,"1(log(n))^2",1
480,1000,5,"Clayton",2000,-1.5,"1(log(n))^2",0.79
481,1000,5,"Clayton",2000,-1.5,"1(log(n))^2",0.99
482,1000,5,"Clayton",2000,-1.5,"1(log(n))^2",0.79
483,1000,5,"Clayton",2000,-1.5,"1(log(n))^2",0.87
484,1000,5,"Clayton",2000,-1.5,"1(log(n))^2",0.96
485,1000,5,"Clayton",2000,-1.5,"1(log(n))^2",0.89
486,1000,5,"Clayton",2000,-1.5,"1(log(n))^2",0.8
487,1000,5,"Clayton",2000,-1.5,"1(log(n))^2",0.99
488,1000,5,"Clayton",2000,-1.5,"1(log(n))^2",0.93
489,1000,5,"Clayton",2000,-1.5,"1(log(n))^2",0.93
490,1000,5,"Clayton",2000,-1.5,"1(log(n))^2",1
491,1000,5,"Clayton",2000,-1.5,"1(log(n))^2",0.55
492,1000,5,"Clayton",2000,-1.5,"1(log(n))^2",0.91
493,1000,5,"Clayton",2000,-1.5,"1(log(n))^2",0.95
494,1000,5,"Clayton",2000,-1.5,"1(log(n))^2",1
495,1000,5,"Clayton",2000,-1.5,"1(log(n))^2",0.76
496,1000,5,"Clayton",2000,-1.5,"1(log(n))^2",0.57
497,1000,5,"Clayton",2000,-1.5,"1(log(n))^2",0.73
498,1000,5,"Clayton",2000,-1.5,"1(log(n))^2",0.98
499,1000,5,"Clayton",2000,-1.5,"1(log(n))^2",0.76
500,1000,5,"Clayton",2000,-1.5,"1(log(n))^2",1
501,1000,5,"Clayton",2000,-1.5,"1(log(n))^2",0.98
502,1000,5,"Clayton",2000,-1.5,"1(log(n))^2",0.99
503,1000,5,"Clayton",2000,-1.5,"1(log(n))^2",0.85
504,1000,5,"Clayton",2000,-1.5,"1(log(n))^2",0.43
505,1000,5,"Clayton",2000,-1.5,"1(log(n))^2",0.81
506,1000,5,"Clayton",2000,-1.5,"1(log(n))^2",0.91
507,1000,5,"Clayton",2000,-1.5,"1(log(n))^2",0.93
508,1000,5,"Clayton",2000,-1.5,"1(log(n))^2",0.91
509,1000,5,"Clayton",2000,-1.5,"1(log(n))^2",0.78
510,1000,5,"Clayton",2000,-1.5,"1(log(n))^2",0.29
511,1000,5,"Clayton",2000,-1.5,"1(log(n))^2",0.86
512,1000,5,"Clayton",2000,-1.5,"1(log(n))^2",0.97
513,1000,5,"Clayton",2000,-1.5,"1(log(n))^2",0.96
514,1000,5,"Clayton",2000,-1.5,"1(log(n))^2",1
515,1000,5,"Clayton",2000,-1.5,"1(log(n))^2",0.64
516,1000,5,"Clayton",2000,-1.5,"1(log(n))^2",0.21
517,1000,5,"Clayton",2000,-1.5,"1(log(n))^2",0.31
518,1000,5,"Clayton",2000,-1.5,"1(log(n))^2",0.9
519,1000,5,"Clayton",2000,-1.5,"1(log(n))^2",0.98
520,1000,5,"Clayton",2000,-1.5,"1(log(n))^2",0.86
521,1000,5,"Clayton",2000,-1.5,"1(log(n))^2",0.97
522,1000,5,"Clayton",2000,-1.5,"1(log(n))^2",0.62
523,1000,5,"Clayton",2000,-1.5,"1(log(n))^2",0.86
524,1000,5,"Clayton",2000,-1.5,"1(log(n))^2",0.95
525,1000,5,"Clayton",2000,-1.5,"1(log(n))^2",0.88
526,1000,5,"Clayton",2000,-1.5,"1(log(n))^2",1
527,1000,5,"Clayton",2000,-1.5,"1(log(n))^2",0.51
528,1000,5,"Clayton",2000,-1.5,"1(log(n))^2",0.67
529,1000,5,"Clayton",2000,-1.5,"1(log(n))^2",0.99
530,1000,5,"Clayton",2000,-1.5,"1(log(n))^2",0.98
531,1000,5,"Clayton",2000,-1.5,"1(log(n))^2",0.84
532,1000,5,"Clayton",2000,-1.5,"1(log(n))^2",0.69
533,1000,5,"Clayton",2000,-1.5,"1(log(n))^2",0.97
534,1000,5,"Clayton",2000,-1.5,"1(log(n))^2",1
535,1000,5,"Clayton",2000,-1.5,"1(log(n))^2",0.72
536,1000,5,"Clayton",2000,-1.5,"1(log(n))^2",0.93
537,1000,5,"Clayton",2000,-1.5,"1(log(n))^2",0.74
538,1000,5,"Clayton",2000,-1.5,"1(log(n))^2",0.99
539,1000,5,"Clayton",2000,-1.5,"1(log(n))^2",0.43
540,1000,5,"Clayton",2000,-1.5,"1(log(n))^2",0.62
541,1000,5,"Clayton",2000,-1.5,"1(log(n))^2",0.88
542,1000,5,"Clayton",2000,-1.5,"1(log(n))^2",0.46
543,1000,5,"Clayton",2000,-1.5,"1(log(n))^2",1
544,1000,5,"Clayton",2000,-1.5,"1(log(n))^2",0.72
545,1000,5,"Clayton",2000,-1.5,"1(log(n))^2",0.99
546,1000,5,"Clayton",2000,-1.5,"1(log(n))^2",0.92
547,1000,5,"Clayton",2000,-1.5,"1(log(n))^2",0.44
548,1000,5,"Clayton",2000,-1.5,"1(log(n))^2",1
549,1000,5,"Clayton",2000,-1.5,"1(log(n))^2",1
550,1000,5,"Clayton",2000,-1.5,"1(log(n))^2",0.98
551,1000,5,"Clayton",2000,-1.5,"1(log(n))^2",0.87
552,1000,5,"Clayton",2000,-1.5,"1(log(n))^2",0.98
553,1000,5,"Clayton",2000,-1.5,"1(log(n))^2",0.34
554,1000,5,"Clayton",2000,-1.5,"1(log(n))^2",0.77
555,1000,5,"Clayton",2000,-1.5,"1(log(n))^2",0.61
556,1000,5,"Clayton",2000,-1.5,"1(log(n))^2",0.95
557,1000,5,"Clayton",2000,-1.5,"1(log(n))^2",0.72
558,1000,5,"Clayton",2000,-1.5,"1(log(n))^2",1
559,1000,5,"Clayton",2000,-1.5,"1(log(n))^2",0.9
560,1000,5,"Clayton",2000,-1.5,"1(log(n))^2",0.84
561,1000,5,"Clayton",2000,-1.5,"1(log(n))^2",0.86
562,1000,5,"Clayton",2000,-1.5,"1(log(n))^2",0.44
563,1000,5,"Clayton",2000,-1.5,"1(log(n))^2",0.99
564,1000,5,"Clayton",2000,-1.5,"1(log(n))^2",1
565,1000,5,"Clayton",2000,-1.5,"1(log(n))^2",0.8
566,1000,5,"Clayton",2000,-1.5,"1(log(n))^2",1
567,1000,5,"Clayton",2000,-1.5,"1(log(n))^2",0.82
568,1000,5,"Clayton",2000,-1.5,"1(log(n))^2",0.99
569,1000,5,"Clayton",2000,-1.5,"1(log(n))^2",0.72
570,1000,5,"Clayton",2000,-1.5,"1(log(n))^2",1
571,1000,5,"Clayton",2000,-1.5,"1(log(n))^2",0.84
572,1000,5,"Clayton",2000,-1.5,"1(log(n))^2",0.44
573,1000,5,"Clayton",2000,-1.5,"1(log(n))^2",0.74
574,1000,5,"Clayton",2000,-1.5,"1(log(n))^2",0.84
575,1000,5,"Clayton",2000,-1.5,"1(log(n))^2",0.91
576,1000,5,"Clayton",2000,-1.5,"1(log(n))^2",0.81
577,1000,5,"Clayton",2000,-1.5,"1(log(n))^2",0.89
578,1000,5,"Clayton",2000,-1.5,"1(log(n))^2",0.31
579,1000,5,"Clayton",2000,-1.5,"1(log(n))^2",1
580,1000,5,"Clayton",2000,-1.5,"1(log(n))^2",0.95
581,1000,5,"Clayton",2000,-1.5,"1(log(n))^2",0.85
582,1000,5,"Clayton",2000,-1.5,"1(log(n))^2",0.98
583,1000,5,"Clayton",2000,-1.5,"1(log(n))^2",0.99
584,1000,5,"Clayton",2000,-1.5,"1(log(n))^2",0.99
585,1000,5,"Clayton",2000,-1.5,"1(log(n))^2",0.84
586,1000,5,"Clayton",2000,-1.5,"1(log(n))^2",0.84
587,1000,5,"Clayton",2000,-1.5,"1(log(n))^2",0.8
588,1000,5,"Clayton",2000,-1.5,"1(log(n))^2",1
589,1000,5,"Clayton",2000,-1.5,"1(log(n))^2",0.51
590,1000,5,"Clayton",2000,-1.5,"1(log(n))^2",1
591,1000,5,"Clayton",2000,-1.5,"1(log(n))^2",0.88
592,1000,5,"Clayton",2000,-1.5,"1(log(n))^2",1
593,1000,5,"Clayton",2000,-1.5,"1(log(n))^2",0.95
594,1000,5,"Clayton",2000,-1.5,"1(log(n))^2",1
595,1000,5,"Clayton",2000,-1.5,"1(log(n))^2",0.8
596,1000,5,"Clayton",2000,-1.5,"1(log(n))^2",0.99
597,1000,5,"Clayton",2000,-1.5,"1(log(n))^2",0.99
598,1000,5,"Clayton",2000,-1.5,"1(log(n))^2",1
599,1000,5,"Clayton",2000,-1.5,"1(log(n))^2",0.97
600,1000,5,"Clayton",2000,-1.5,"1(log(n))^2",0.77
601,1000,5,"Clayton",2000,-1.5,"1(log(n))^2",0.99
602,1000,5,"Clayton",2000,-1.5,"1(log(n))^2",0.91
603,1000,5,"Clayton",2000,-1.5,"1(log(n))^2",0.98
604,1000,5,"Clayton",2000,-1.5,"1(log(n))^2",0.83
605,1000,5,"Clayton",2000,-1.5,"1(log(n))^2",1
606,1000,5,"Clayton",2000,-1.5,"1(log(n))^2",0.93
607,1000,5,"Clayton",2000,-1.5,"1(log(n))^2",0.69
608,1000,5,"Clayton",2000,-1.5,"1(log(n))^2",0.32
609,1000,5,"Clayton",2000,-1.5,"1(log(n))^2",1
610,1000,5,"Clayton",2000,-1.5,"1(log(n))^2",0.98
611,1000,5,"Clayton",2000,-1.5,"1(log(n))^2",0.96
612,1000,5,"Clayton",2000,-1.5,"1(log(n))^2",0.8
613,1000,5,"Clayton",2000,-1.5,"1(log(n))^2",1
614,1000,5,"Clayton",2000,-1.5,"1(log(n))^2",0.97
615,1000,5,"Clayton",2000,-1.5,"1(log(n))^2",1
616,1000,5,"Clayton",2000,-1.5,"1(log(n))^2",0.97
617,1000,5,"Clayton",2000,-1.5,"1(log(n))^2",0.99
618,1000,5,"Clayton",2000,-1.5,"1(log(n))^2",0.86
619,1000,5,"Clayton",2000,-1.5,"1(log(n))^2",1
620,1000,5,"Clayton",2000,-1.5,"1(log(n))^2",0.96
621,1000,5,"Clayton",2000,-1.5,"1(log(n))^2",1
622,1000,5,"Clayton",2000,-1.5,"1(log(n))^2",0.82
623,1000,5,"Clayton",2000,-1.5,"1(log(n))^2",0.72
624,1000,5,"Clayton",2000,-1.5,"1(log(n))^2",1
625,1000,5,"Clayton",2000,-1.5,"1(log(n))^2",0.67
626,1000,5,"Clayton",2000,-1.5,"1(log(n))^2",0.99
627,1000,5,"Clayton",2000,-1.5,"1(log(n))^2",0.48
628,1000,5,"Clayton",2000,-1.5,"1(log(n))^2",0.83
629,1000,5,"Clayton",2000,-1.5,"1(log(n))^2",1
630,1000,5,"Clayton",2000,-1.5,"1(log(n))^2",0.89
631,1000,5,"Clayton",2000,-1.5,"1(log(n))^2",1
632,1000,5,"Clayton",2000,-1.5,"1(log(n))^2",0.76
633,1000,5,"Clayton",2000,-1.5,"1(log(n))^2",0.61
634,1000,5,"Clayton",2000,-1.5,"1(log(n))^2",0.9
635,1000,5,"Clayton",2000,-1.5,"1(log(n))^2",1
636,1000,5,"Clayton",2000,-1.5,"1(log(n))^2",0.57
637,1000,5,"Clayton",2000,-1.5,"1(log(n))^2",0.56
638,1000,5,"Clayton",2000,-1.5,"1(log(n))^2",0.86
639,1000,5,"Clayton",2000,-1.5,"1(log(n))^2",0.98
640,1000,5,"Clayton",2000,-1.5,"1(log(n))^2",0.94
641,1000,5,"Clayton",2000,-1.5,"1(log(n))^2",0.33
642,1000,5,"Clayton",2000,-1.5,"1(log(n))^2",0.37
643,1000,5,"Clayton",2000,-1.5,"1(log(n))^2",0.96
644,1000,5,"Clayton",2000,-1.5,"1(log(n))^2",0.99
645,1000,5,"Clayton",2000,-1.5,"1(log(n))^2",0.85
646,1000,5,"Clayton",2000,-1.5,"1(log(n))^2",0.68
647,1000,5,"Clayton",2000,-1.5,"1(log(n))^2",0.98
648,1000,5,"Clayton",2000,-1.5,"1(log(n))^2",0.5
649,1000,5,"Clayton",2000,-1.5,"1(log(n))^2",1
650,1000,5,"Clayton",2000,-1.5,"1(log(n))^2",0.97
651,1000,5,"Clayton",2000,-1.5,"1(log(n))^2",0.95
652,1000,5,"Clayton",2000,-1.5,"1(log(n))^2",1
653,1000,5,"Clayton",2000,-1.5,"1(log(n))^2",1
654,1000,5,"Clayton",2000,-1.5,"1(log(n))^2",0.74
655,1000,5,"Clayton",2000,-1.5,"1(log(n))^2",0.99
656,1000,5,"Clayton",2000,-1.5,"1(log(n))^2",0.86
657,1000,5,"Clayton",2000,-1.5,"1(log(n))^2",0.77
658,1000,5,"Clayton",2000,-1.5,"1(log(n))^2",0.94
659,1000,5,"Clayton",2000,-1.5,"1(log(n))^2",0.81
660,1000,5,"Clayton",2000,-1.5,"1(log(n))^2",0.89
661,1000,5,"Clayton",2000,-1.5,"1(log(n))^2",0.99
662,1000,5,"Clayton",2000,-1.5,"1(log(n))^2",0.94
663,1000,5,"Clayton",2000,-1.5,"1(log(n))^2",0.82
664,1000,5,"Clayton",2000,-1.5,"1(log(n))^2",1
665,1000,5,"Clayton",2000,-1.5,"1(log(n))^2",0.96
666,1000,5,"Clayton",2000,-1.5,"1(log(n))^2",0.78
667,1000,5,"Clayton",2000,-1.5,"1(log(n))^2",0.98
668,1000,5,"Clayton",2000,-1.5,"1(log(n))^2",0.72
669,1000,5,"Clayton",2000,-1.5,"1(log(n))^2",0.6
670,1000,5,"Clayton",2000,-1.5,"1(log(n))^2",0.94
671,1000,5,"Clayton",2000,-1.5,"1(log(n))^2",0.99
672,1000,5,"Clayton",2000,-1.5,"1(log(n))^2",0.69
673,1000,5,"Clayton",2000,-1.5,"1(log(n))^2",0.64
674,1000,5,"Clayton",2000,-1.5,"1(log(n))^2",0.92
675,1000,5,"Clayton",2000,-1.5,"1(log(n))^2",0.97
676,1000,5,"Clayton",2000,-1.5,"1(log(n))^2",0.8
677,1000,5,"Clayton",2000,-1.5,"1(log(n))^2",0.95
678,1000,5,"Clayton",2000,-1.5,"1(log(n))^2",1
679,1000,5,"Clayton",2000,-1.5,"1(log(n))^2",0.71
680,1000,5,"Clayton",2000,-1.5,"1(log(n))^2",0.59
681,1000,5,"Clayton",2000,-1.5,"1(log(n))^2",0.99
682,1000,5,"Clayton",2000,-1.5,"1(log(n))^2",0.9
683,1000,5,"Clayton",2000,-1.5,"1(log(n))^2",0.91
684,1000,5,"Clayton",2000,-1.5,"1(log(n))^2",1
685,1000,5,"Clayton",2000,-1.5,"1(log(n))^2",0.81
686,1000,5,"Clayton",2000,-1.5,"1(log(n))^2",0.8
687,1000,5,"Clayton",2000,-1.5,"1(log(n))^2",0.4
688,1000,5,"Clayton",2000,-1.5,"1(log(n))^2",0.74
689,1000,5,"Clayton",2000,-1.5,"1(log(n))^2",0.99
690,1000,5,"Clayton",2000,-1.5,"1(log(n))^2",1
691,1000,5,"Clayton",2000,-1.5,"1(log(n))^2",0.55
692,1000,5,"Clayton",2000,-1.5,"1(log(n))^2",0.52
693,1000,5,"Clayton",2000,-1.5,"1(log(n))^2",0.73
694,1000,5,"Clayton",2000,-1.5,"1(log(n))^2",0.86
695,1000,5,"Clayton",2000,-1.5,"1(log(n))^2",0.99
696,1000,5,"Clayton",2000,-1.5,"1(log(n))^2",0.92
697,1000,5,"Clayton",2000,-1.5,"1(log(n))^2",1
698,1000,5,"Clayton",2000,-1.5,"1(log(n))^2",0.42
699,1000,5,"Clayton",2000,-1.5,"1(log(n))^2",0.81
700,1000,5,"Clayton",2000,-1.5,"1(log(n))^2",0.85
701,1000,5,"Clayton",2000,-1.5,"1(log(n))^2",0.47
702,1000,5,"Clayton",2000,-1.5,"1(log(n))^2",0.87
703,1000,5,"Clayton",2000,-1.5,"1(log(n))^2",0.74
704,1000,5,"Clayton",2000,-1.5,"1(log(n))^2",0.96
705,1000,5,"Clayton",2000,-1.5,"1(log(n))^2",0.87
706,1000,5,"Clayton",2000,-1.5,"1(log(n))^2",0.68
707,1000,5,"Clayton",2000,-1.5,"1(log(n))^2",0.75
708,1000,5,"Clayton",2000,-1.5,"1(log(n))^2",0.35
709,1000,5,"Clayton",2000,-1.5,"1(log(n))^2",0.72
710,1000,5,"Clayton",2000,-1.5,"1(log(n))^2",0.9
711,1000,5,"Clayton",2000,-1.5,"1(log(n))^2",0.37
712,1000,5,"Clayton",2000,-1.5,"1(log(n))^2",0.62
713,1000,5,"Clayton",2000,-1.5,"1(log(n))^2",0.92
714,1000,5,"Clayton",2000,-1.5,"1(log(n))^2",0.19
715,1000,5,"Clayton",2000,-1.5,"1(log(n))^2",0.96
716,1000,5,"Clayton",2000,-1.5,"1(log(n))^2",0.92
717,1000,5,"Clayton",2000,-1.5,"1(log(n))^2",0.75
718,1000,5,"Clayton",2000,-1.5,"1(log(n))^2",0.35
719,1000,5,"Clayton",2000,-1.5,"1(log(n))^2",1
720,1000,5,"Clayton",2000,-1.5,"1(log(n))^2",0.47
721,1000,5,"Clayton",2000,-1.5,"1(log(n))^2",0.63
722,1000,5,"Clayton",2000,-1.5,"1(log(n))^2",0.57
723,1000,5,"Clayton",2000,-1.5,"1(log(n))^2",0.61
724,1000,5,"Clayton",2000,-1.5,"1(log(n))^2",0.52
725,1000,5,"Clayton",2000,-1.5,"1(log(n))^2",0.74
726,1000,5,"Clayton",2000,-1.5,"1(log(n))^2",0.71
727,1000,5,"Clayton",2000,-1.5,"1(log(n))^2",0.97
728,1000,5,"Clayton",2000,-1.5,"1(log(n))^2",0.49
729,1000,5,"Clayton",2000,-1.5,"1(log(n))^2",0.28
730,1000,5,"Clayton",2000,-1.5,"1(log(n))^2",1
731,1000,5,"Clayton",2000,-1.5,"1(log(n))^2",0.99
732,1000,5,"Clayton",2000,-1.5,"1(log(n))^2",1
733,1000,5,"Clayton",2000,-1.5,"1(log(n))^2",0.66
734,1000,5,"Clayton",2000,-1.5,"1(log(n))^2",1
735,1000,5,"Clayton",2000,-1.5,"1(log(n))^2",0.99
736,1000,5,"Clayton",2000,-1.5,"1(log(n))^2",0.88
737,1000,5,"Clayton",2000,-1.5,"1(log(n))^2",1
738,1000,5,"Clayton",2000,-1.5,"1(log(n))^2",0.83
739,1000,5,"Clayton",2000,-1.5,"1(log(n))^2",1
740,1000,5,"Clayton",2000,-1.5,"1(log(n))^2",0.9
741,1000,5,"Clayton",2000,-1.5,"1(log(n))^2",0.41
742,1000,5,"Clayton",2000,-1.5,"1(log(n))^2",0.94
743,1000,5,"Clayton",2000,-1.5,"1(log(n))^2",0.43
744,1000,5,"Clayton",2000,-1.5,"1(log(n))^2",0.81
745,1000,5,"Clayton",2000,-1.5,"1(log(n))^2",1
746,1000,5,"Clayton",2000,-1.5,"1(log(n))^2",0.99
747,1000,5,"Clayton",2000,-1.5,"1(log(n))^2",0.83
748,1000,5,"Clayton",2000,-1.5,"1(log(n))^2",0.96
749,1000,5,"Clayton",2000,-1.5,"1(log(n))^2",0.63
750,1000,5,"Clayton",2000,-1.5,"1(log(n))^2",1
751,1000,5,"Clayton",2000,-1.5,"1(log(n))^2",1
752,1000,5,"Clayton",2000,-1.5,"1(log(n))^2",0.54
753,1000,5,"Clayton",2000,-1.5,"1(log(n))^2",0.85
754,1000,5,"Clayton",2000,-1.5,"1(log(n))^2",0.63
755,1000,5,"Clayton",2000,-1.5,"1(log(n))^2",1
756,1000,5,"Clayton",2000,-1.5,"1(log(n))^2",0.41
757,1000,5,"Clayton",2000,-1.5,"1(log(n))^2",0.86
758,1000,5,"Clayton",2000,-1.5,"1(log(n))^2",0.93
759,1000,5,"Clayton",2000,-1.5,"1(log(n))^2",0.97
760,1000,5,"Clayton",2000,-1.5,"1(log(n))^2",1
761,1000,5,"Clayton",2000,-1.5,"1(log(n))^2",0.93
762,1000,5,"Clayton",2000,-1.5,"1(log(n))^2",0.94
763,1000,5,"Clayton",2000,-1.5,"1(log(n))^2",0.52
764,1000,5,"Clayton",2000,-1.5,"1(log(n))^2",0.96
765,1000,5,"Clayton",2000,-1.5,"1(log(n))^2",0.94
766,1000,5,"Clayton",2000,-1.5,"1(log(n))^2",0.95
767,1000,5,"Clayton",2000,-1.5,"1(log(n))^2",0.36
768,1000,5,"Clayton",2000,-1.5,"1(log(n))^2",1
769,1000,5,"Clayton",2000,-1.5,"1(log(n))^2",0.45
770,1000,5,"Clayton",2000,-1.5,"1(log(n))^2",0.98
771,1000,5,"Clayton",2000,-1.5,"1(log(n))^2",1
772,1000,5,"Clayton",2000,-1.5,"1(log(n))^2",0.82
773,1000,5,"Clayton",2000,-1.5,"1(log(n))^2",0.88
774,1000,5,"Clayton",2000,-1.5,"1(log(n))^2",0.93
775,1000,5,"Clayton",2000,-1.5,"1(log(n))^2",0.84
776,1000,5,"Clayton",2000,-1.5,"1(log(n))^2",0.75
777,1000,5,"Clayton",2000,-1.5,"1(log(n))^2",0.65
778,1000,5,"Clayton",2000,-1.5,"1(log(n))^2",0.94
779,1000,5,"Clayton",2000,-1.5,"1(log(n))^2",0.94
780,1000,5,"Clayton",2000,-1.5,"1(log(n))^2",1
781,1000,5,"Clayton",2000,-1.5,"1(log(n))^2",0.15
782,1000,5,"Clayton",2000,-1.5,"1(log(n))^2",0.95
783,1000,5,"Clayton",2000,-1.5,"1(log(n))^2",0.72
784,1000,5,"Clayton",2000,-1.5,"1(log(n))^2",0.94
785,1000,5,"Clayton",2000,-1.5,"1(log(n))^2",0.8
786,1000,5,"Clayton",2000,-1.5,"1(log(n))^2",0.45
787,1000,5,"Clayton",2000,-1.5,"1(log(n))^2",1
788,1000,5,"Clayton",2000,-1.5,"1(log(n))^2",0.76
789,1000,5,"Clayton",2000,-1.5,"1(log(n))^2",0.95
790,1000,5,"Clayton",2000,-1.5,"1(log(n))^2",1
791,1000,5,"Clayton",2000,-1.5,"1(log(n))^2",0.36
792,1000,5,"Clayton",2000,-1.5,"1(log(n))^2",1
793,1000,5,"Clayton",2000,-1.5,"1(log(n))^2",0.88
794,1000,5,"Clayton",2000,-1.5,"1(log(n))^2",0.85
795,1000,5,"Clayton",2000,-1.5,"1(log(n))^2",0.65
796,1000,5,"Clayton",2000,-1.5,"1(log(n))^2",0.65
797,1000,5,"Clayton",2000,-1.5,"1(log(n))^2",0.87
798,1000,5,"Clayton",2000,-1.5,"1(log(n))^2",1
799,1000,5,"Clayton",2000,-1.5,"1(log(n))^2",1
800,1000,5,"Clayton",2000,-1.5,"1(log(n))^2",0.92
801,1000,5,"Clayton",2000,-1.5,"1(log(n))^2",0.78
802,1000,5,"Clayton",2000,-1.5,"1(log(n))^2",0.79
803,1000,5,"Clayton",2000,-1.5,"1(log(n))^2",0.99
804,1000,5,"Clayton",2000,-1.5,"1(log(n))^2",0.87
805,1000,5,"Clayton",2000,-1.5,"1(log(n))^2",0.95
806,1000,5,"Clayton",2000,-1.5,"1(log(n))^2",1
807,1000,5,"Clayton",2000,-1.5,"1(log(n))^2",0.89
808,1000,5,"Clayton",2000,-1.5,"1(log(n))^2",0.69
809,1000,5,"Clayton",2000,-1.5,"1(log(n))^2",0.52
810,1000,5,"Clayton",2000,-1.5,"1(log(n))^2",0.93
811,1000,5,"Clayton",2000,-1.5,"1(log(n))^2",0.99
812,1000,5,"Clayton",2000,-1.5,"1(log(n))^2",0.7
813,1000,5,"Clayton",2000,-1.5,"1(log(n))^2",0.96
814,1000,5,"Clayton",2000,-1.5,"1(log(n))^2",0.9
815,1000,5,"Clayton",2000,-1.5,"1(log(n))^2",0.99
816,1000,5,"Clayton",2000,-1.5,"1(log(n))^2",0.34
817,1000,5,"Clayton",2000,-1.5,"1(log(n))^2",0.75
818,1000,5,"Clayton",2000,-1.5,"1(log(n))^2",0.99
819,1000,5,"Clayton",2000,-1.5,"1(log(n))^2",0.97
820,1000,5,"Clayton",2000,-1.5,"1(log(n))^2",0.99
821,1000,5,"Clayton",2000,-1.5,"1(log(n))^2",0.91
822,1000,5,"Clayton",2000,-1.5,"1(log(n))^2",0.81
823,1000,5,"Clayton",2000,-1.5,"1(log(n))^2",0.91
824,1000,5,"Clayton",2000,-1.5,"1(log(n))^2",0.34
825,1000,5,"Clayton",2000,-1.5,"1(log(n))^2",1
826,1000,5,"Clayton",2000,-1.5,"1(log(n))^2",0.82
827,1000,5,"Clayton",2000,-1.5,"1(log(n))^2",0.46
828,1000,5,"Clayton",2000,-1.5,"1(log(n))^2",0.91
829,1000,5,"Clayton",2000,-1.5,"1(log(n))^2",0.92
830,1000,5,"Clayton",2000,-1.5,"1(log(n))^2",1
831,1000,5,"Clayton",2000,-1.5,"1(log(n))^2",0.78
832,1000,5,"Clayton",2000,-1.5,"1(log(n))^2",0.76
833,1000,5,"Clayton",2000,-1.5,"1(log(n))^2",0.8
834,1000,5,"Clayton",2000,-1.5,"1(log(n))^2",0.66
835,1000,5,"Clayton",2000,-1.5,"1(log(n))^2",0.84
836,1000,5,"Clayton",2000,-1.5,"1(log(n))^2",0.89
837,1000,5,"Clayton",2000,-1.5,"1(log(n))^2",1
838,1000,5,"Clayton",2000,-1.5,"1(log(n))^2",0.9
839,1000,5,"Clayton",2000,-1.5,"1(log(n))^2",0.11
840,1000,5,"Clayton",2000,-1.5,"1(log(n))^2",1
841,1000,5,"Clayton",2000,-1.5,"1(log(n))^2",1
842,1000,5,"Clayton",2000,-1.5,"1(log(n))^2",0.94
843,1000,5,"Clayton",2000,-1.5,"1(log(n))^2",0.51
844,1000,5,"Clayton",2000,-1.5,"1(log(n))^2",0.97
845,1000,5,"Clayton",2000,-1.5,"1(log(n))^2",0.95
846,1000,5,"Clayton",2000,-1.5,"1(log(n))^2",0.99
847,1000,5,"Clayton",2000,-1.5,"1(log(n))^2",0.48
848,1000,5,"Clayton",2000,-1.5,"1(log(n))^2",0.97
849,1000,5,"Clayton",2000,-1.5,"1(log(n))^2",1
850,1000,5,"Clayton",2000,-1.5,"1(log(n))^2",1
851,1000,5,"Clayton",2000,-1.5,"1(log(n))^2",0.95
852,1000,5,"Clayton",2000,-1.5,"1(log(n))^2",1
853,1000,5,"Clayton",2000,-1.5,"1(log(n))^2",0.69
854,1000,5,"Clayton",2000,-1.5,"1(log(n))^2",0.99
855,1000,5,"Clayton",2000,-1.5,"1(log(n))^2",0.87
856,1000,5,"Clayton",2000,-1.5,"1(log(n))^2",0.88
857,1000,5,"Clayton",2000,-1.5,"1(log(n))^2",1
858,1000,5,"Clayton",2000,-1.5,"1(log(n))^2",1
859,1000,5,"Clayton",2000,-1.5,"1(log(n))^2",0.9
860,1000,5,"Clayton",2000,-1.5,"1(log(n))^2",0.35
861,1000,5,"Clayton",2000,-1.5,"1(log(n))^2",0.44
862,1000,5,"Clayton",2000,-1.5,"1(log(n))^2",0.99
863,1000,5,"Clayton",2000,-1.5,"1(log(n))^2",0.93
864,1000,5,"Clayton",2000,-1.5,"1(log(n))^2",0.97
865,1000,5,"Clayton",2000,-1.5,"1(log(n))^2",0.6
866,1000,5,"Clayton",2000,-1.5,"1(log(n))^2",0.94
867,1000,5,"Clayton",2000,-1.5,"1(log(n))^2",1
868,1000,5,"Clayton",2000,-1.5,"1(log(n))^2",0.95
869,1000,5,"Clayton",2000,-1.5,"1(log(n))^2",1
870,1000,5,"Clayton",2000,-1.5,"1(log(n))^2",1
871,1000,5,"Clayton",2000,-1.5,"1(log(n))^2",0.32
872,1000,5,"Clayton",2000,-1.5,"1(log(n))^2",0.81
873,1000,5,"Clayton",2000,-1.5,"1(log(n))^2",1
874,1000,5,"Clayton",2000,-1.5,"1(log(n))^2",0.96
875,1000,5,"Clayton",2000,-1.5,"1(log(n))^2",0.99
876,1000,5,"Clayton",2000,-1.5,"1(log(n))^2",0.8
877,1000,5,"Clayton",2000,-1.5,"1(log(n))^2",0.71
878,1000,5,"Clayton",2000,-1.5,"1(log(n))^2",0.74
879,1000,5,"Clayton",2000,-1.5,"1(log(n))^2",0.66
880,1000,5,"Clayton",2000,-1.5,"1(log(n))^2",1
881,1000,5,"Clayton",2000,-1.5,"1(log(n))^2",0.91
882,1000,5,"Clayton",2000,-1.5,"1(log(n))^2",1
883,1000,5,"Clayton",2000,-1.5,"1(log(n))^2",0.58
884,1000,5,"Clayton",2000,-1.5,"1(log(n))^2",0.76
885,1000,5,"Clayton",2000,-1.5,"1(log(n))^2",0.48
886,1000,5,"Clayton",2000,-1.5,"1(log(n))^2",0.84
887,1000,5,"Clayton",2000,-1.5,"1(log(n))^2",0.61
888,1000,5,"Clayton",2000,-1.5,"1(log(n))^2",0.93
889,1000,5,"Clayton",2000,-1.5,"1(log(n))^2",0.88
890,1000,5,"Clayton",2000,-1.5,"1(log(n))^2",0.39
891,1000,5,"Clayton",2000,-1.5,"1(log(n))^2",0.99
892,1000,5,"Clayton",2000,-1.5,"1(log(n))^2",0.98
893,1000,5,"Clayton",2000,-1.5,"1(log(n))^2",0.93
894,1000,5,"Clayton",2000,-1.5,"1(log(n))^2",0.83
895,1000,5,"Clayton",2000,-1.5,"1(log(n))^2",0.74
896,1000,5,"Clayton",2000,-1.5,"1(log(n))^2",0.93
897,1000,5,"Clayton",2000,-1.5,"1(log(n))^2",0.94
898,1000,5,"Clayton",2000,-1.5,"1(log(n))^2",0.55
899,1000,5,"Clayton",2000,-1.5,"1(log(n))^2",0.99
900,1000,5,"Clayton",2000,-1.5,"1(log(n))^2",0.8
901,1000,5,"Clayton",2000,-1.5,"1(log(n))^2",0.71
902,1000,5,"Clayton",2000,-1.5,"1(log(n))^2",0.99
903,1000,5,"Clayton",2000,-1.5,"1(log(n))^2",0.96
904,1000,5,"Clayton",2000,-1.5,"1(log(n))^2",0.68
905,1000,5,"Clayton",2000,-1.5,"1(log(n))^2",0.99
906,1000,5,"Clayton",2000,-1.5,"1(log(n))^2",0.85
907,1000,5,"Clayton",2000,-1.5,"1(log(n))^2",0.93
908,1000,5,"Clayton",2000,-1.5,"1(log(n))^2",0.76
909,1000,5,"Clayton",2000,-1.5,"1(log(n))^2",1
910,1000,5,"Clayton",2000,-1.5,"1(log(n))^2",0.98
911,1000,5,"Clayton",2000,-1.5,"1(log(n))^2",0.75
912,1000,5,"Clayton",2000,-1.5,"1(log(n))^2",0.84
913,1000,5,"Clayton",2000,-1.5,"1(log(n))^2",0.99
914,1000,5,"Clayton",2000,-1.5,"1(log(n))^2",0.58
915,1000,5,"Clayton",2000,-1.5,"1(log(n))^2",0.95
916,1000,5,"Clayton",2000,-1.5,"1(log(n))^2",0.81
917,1000,5,"Clayton",2000,-1.5,"1(log(n))^2",0.31
918,1000,5,"Clayton",2000,-1.5,"1(log(n))^2",0.17
919,1000,5,"Clayton",2000,-1.5,"1(log(n))^2",0.84
920,1000,5,"Clayton",2000,-1.5,"1(log(n))^2",0.89
921,1000,5,"Clayton",2000,-1.5,"1(log(n))^2",0.69
922,1000,5,"Clayton",2000,-1.5,"1(log(n))^2",0.92
923,1000,5,"Clayton",2000,-1.5,"1(log(n))^2",1
924,1000,5,"Clayton",2000,-1.5,"1(log(n))^2",0.78
925,1000,5,"Clayton",2000,-1.5,"1(log(n))^2",0.83
926,1000,5,"Clayton",2000,-1.5,"1(log(n))^2",1
927,1000,5,"Clayton",2000,-1.5,"1(log(n))^2",0.98
928,1000,5,"Clayton",2000,-1.5,"1(log(n))^2",0.84
929,1000,5,"Clayton",2000,-1.5,"1(log(n))^2",0.59
930,1000,5,"Clayton",2000,-1.5,"1(log(n))^2",0.31
931,1000,5,"Clayton",2000,-1.5,"1(log(n))^2",0.98
932,1000,5,"Clayton",2000,-1.5,"1(log(n))^2",0.67
933,1000,5,"Clayton",2000,-1.5,"1(log(n))^2",0.6
934,1000,5,"Clayton",2000,-1.5,"1(log(n))^2",0.9
935,1000,5,"Clayton",2000,-1.5,"1(log(n))^2",0.85
936,1000,5,"Clayton",2000,-1.5,"1(log(n))^2",1
937,1000,5,"Clayton",2000,-1.5,"1(log(n))^2",0.95
938,1000,5,"Clayton",2000,-1.5,"1(log(n))^2",1
939,1000,5,"Clayton",2000,-1.5,"1(log(n))^2",0.55
940,1000,5,"Clayton",2000,-1.5,"1(log(n))^2",0.2
941,1000,5,"Clayton",2000,-1.5,"1(log(n))^2",0.97
942,1000,5,"Clayton",2000,-1.5,"1(log(n))^2",0.99
943,1000,5,"Clayton",2000,-1.5,"1(log(n))^2",1
944,1000,5,"Clayton",2000,-1.5,"1(log(n))^2",0.97
945,1000,5,"Clayton",2000,-1.5,"1(log(n))^2",0.77
946,1000,5,"Clayton",2000,-1.5,"1(log(n))^2",1
947,1000,5,"Clayton",2000,-1.5,"1(log(n))^2",0.82
948,1000,5,"Clayton",2000,-1.5,"1(log(n))^2",0.39
949,1000,5,"Clayton",2000,-1.5,"1(log(n))^2",0.93
950,1000,5,"Clayton",2000,-1.5,"1(log(n))^2",1
951,1000,5,"Clayton",2000,-1.5,"1(log(n))^2",0.82
952,1000,5,"Clayton",2000,-1.5,"1(log(n))^2",0.97
953,1000,5,"Clayton",2000,-1.5,"1(log(n))^2",0.78
954,1000,5,"Clayton",2000,-1.5,"1(log(n))^2",0.21
955,1000,5,"Clayton",2000,-1.5,"1(log(n))^2",0.26
956,1000,5,"Clayton",2000,-1.5,"1(log(n))^2",0.88
957,1000,5,"Clayton",2000,-1.5,"1(log(n))^2",0.92
958,1000,5,"Clayton",2000,-1.5,"1(log(n))^2",0.98
959,1000,5,"Clayton",2000,-1.5,"1(log(n))^2",0.96
960,1000,5,"Clayton",2000,-1.5,"1(log(n))^2",0.63
961,1000,5,"Clayton",2000,-1.5,"1(log(n))^2",1
962,1000,5,"Clayton",2000,-1.5,"1(log(n))^2",1
963,1000,5,"Clayton",2000,-1.5,"1(log(n))^2",0.95
964,1000,5,"Clayton",2000,-1.5,"1(log(n))^2",0.87
965,1000,5,"Clayton",2000,-1.5,"1(log(n))^2",0.72
966,1000,5,"Clayton",2000,-1.5,"1(log(n))^2",0.99
967,1000,5,"Clayton",2000,-1.5,"1(log(n))^2",0.98
968,1000,5,"Clayton",2000,-1.5,"1(log(n))^2",0.99
969,1000,5,"Clayton",2000,-1.5,"1(log(n))^2",0.92
970,1000,5,"Clayton",2000,-1.5,"1(log(n))^2",0.98
971,1000,5,"Clayton",2000,-1.5,"1(log(n))^2",0.84
972,1000,5,"Clayton",2000,-1.5,"1(log(n))^2",1
973,1000,5,"Clayton",2000,-1.5,"1(log(n))^2",0.96
974,1000,5,"Clayton",2000,-1.5,"1(log(n))^2",0.94
975,1000,5,"Clayton",2000,-1.5,"1(log(n))^2",0.63
976,1000,5,"Clayton",2000,-1.5,"1(log(n))^2",0.66
977,1000,5,"Clayton",2000,-1.5,"1(log(n))^2",0.9
978,1000,5,"Clayton",2000,-1.5,"1(log(n))^2",0.9
979,1000,5,"Clayton",2000,-1.5,"1(log(n))^2",0.93
980,1000,5,"Clayton",2000,-1.5,"1(log(n))^2",0.98
981,1000,5,"Clayton",2000,-1.5,"1(log(n))^2",0.92
982,1000,5,"Clayton",2000,-1.5,"1(log(n))^2",0.83
983,1000,5,"Clayton",2000,-1.5,"1(log(n))^2",0.92
984,1000,5,"Clayton",2000,-1.5,"1(log(n))^2",0.81
985,1000,5,"Clayton",2000,-1.5,"1(log(n))^2",0.58
986,1000,5,"Clayton",2000,-1.5,"1(log(n))^2",0.97
987,1000,5,"Clayton",2000,-1.5,"1(log(n))^2",0.95
988,1000,5,"Clayton",2000,-1.5,"1(log(n))^2",0.26
989,1000,5,"Clayton",2000,-1.5,"1(log(n))^2",0.93
990,1000,5,"Clayton",2000,-1.5,"1(log(n))^2",0.49
991,1000,5,"Clayton",2000,-1.5,"1(log(n))^2",1
992,1000,5,"Clayton",2000,-1.5,"1(log(n))^2",0.67
993,1000,5,"Clayton",2000,-1.5,"1(log(n))^2",0.74
994,1000,5,"Clayton",2000,-1.5,"1(log(n))^2",0.39
995,1000,5,"Clayton",2000,-1.5,"1(log(n))^2",1
996,1000,5,"Clayton",2000,-1.5,"1(log(n))^2",0.41
997,1000,5,"Clayton",2000,-1.5,"1(log(n))^2",0.59
998,1000,5,"Clayton",2000,-1.5,"1(log(n))^2",1
999,1000,5,"Clayton",2000,-1.5,"1(log(n))^2",0.92
1000,1000,5,"Clayton",2000,-1.5,"1(log(n))^2",0.91
1,1000,5,"Clayton",2000,-1.5,"0.75(log(n))^2",0.76
2,1000,5,"Clayton",2000,-1.5,"0.75(log(n))^2",1
3,1000,5,"Clayton",2000,-1.5,"0.75(log(n))^2",1
4,1000,5,"Clayton",2000,-1.5,"0.75(log(n))^2",0.61
5,1000,5,"Clayton",2000,-1.5,"0.75(log(n))^2",0.92
6,1000,5,"Clayton",2000,-1.5,"0.75(log(n))^2",0.57
7,1000,5,"Clayton",2000,-1.5,"0.75(log(n))^2",0.71
8,1000,5,"Clayton",2000,-1.5,"0.75(log(n))^2",0.85
9,1000,5,"Clayton",2000,-1.5,"0.75(log(n))^2",0.89
10,1000,5,"Clayton",2000,-1.5,"0.75(log(n))^2",0.36
11,1000,5,"Clayton",2000,-1.5,"0.75(log(n))^2",0.87
12,1000,5,"Clayton",2000,-1.5,"0.75(log(n))^2",0.96
13,1000,5,"Clayton",2000,-1.5,"0.75(log(n))^2",0.28
14,1000,5,"Clayton",2000,-1.5,"0.75(log(n))^2",0.61
15,1000,5,"Clayton",2000,-1.5,"0.75(log(n))^2",0.87
16,1000,5,"Clayton",2000,-1.5,"0.75(log(n))^2",0.49
17,1000,5,"Clayton",2000,-1.5,"0.75(log(n))^2",0.98
18,1000,5,"Clayton",2000,-1.5,"0.75(log(n))^2",0.72
19,1000,5,"Clayton",2000,-1.5,"0.75(log(n))^2",0.99
20,1000,5,"Clayton",2000,-1.5,"0.75(log(n))^2",1
21,1000,5,"Clayton",2000,-1.5,"0.75(log(n))^2",0.77
22,1000,5,"Clayton",2000,-1.5,"0.75(log(n))^2",0.39
23,1000,5,"Clayton",2000,-1.5,"0.75(log(n))^2",0.84
24,1000,5,"Clayton",2000,-1.5,"0.75(log(n))^2",0.7
25,1000,5,"Clayton",2000,-1.5,"0.75(log(n))^2",0.89
26,1000,5,"Clayton",2000,-1.5,"0.75(log(n))^2",0.89
27,1000,5,"Clayton",2000,-1.5,"0.75(log(n))^2",0.26
28,1000,5,"Clayton",2000,-1.5,"0.75(log(n))^2",0.4
29,1000,5,"Clayton",2000,-1.5,"0.75(log(n))^2",0.23
30,1000,5,"Clayton",2000,-1.5,"0.75(log(n))^2",0.85
31,1000,5,"Clayton",2000,-1.5,"0.75(log(n))^2",0.96
32,1000,5,"Clayton",2000,-1.5,"0.75(log(n))^2",0.68
33,1000,5,"Clayton",2000,-1.5,"0.75(log(n))^2",0.78
34,1000,5,"Clayton",2000,-1.5,"0.75(log(n))^2",0.9
35,1000,5,"Clayton",2000,-1.5,"0.75(log(n))^2",0.96
36,1000,5,"Clayton",2000,-1.5,"0.75(log(n))^2",1
37,1000,5,"Clayton",2000,-1.5,"0.75(log(n))^2",0.79
38,1000,5,"Clayton",2000,-1.5,"0.75(log(n))^2",0.55
39,1000,5,"Clayton",2000,-1.5,"0.75(log(n))^2",0.32
40,1000,5,"Clayton",2000,-1.5,"0.75(log(n))^2",0.91
41,1000,5,"Clayton",2000,-1.5,"0.75(log(n))^2",0.96
42,1000,5,"Clayton",2000,-1.5,"0.75(log(n))^2",0.66
43,1000,5,"Clayton",2000,-1.5,"0.75(log(n))^2",0.04
44,1000,5,"Clayton",2000,-1.5,"0.75(log(n))^2",0.69
45,1000,5,"Clayton",2000,-1.5,"0.75(log(n))^2",0.68
46,1000,5,"Clayton",2000,-1.5,"0.75(log(n))^2",0.85
47,1000,5,"Clayton",2000,-1.5,"0.75(log(n))^2",0.24
48,1000,5,"Clayton",2000,-1.5,"0.75(log(n))^2",1
49,1000,5,"Clayton",2000,-1.5,"0.75(log(n))^2",0.97
50,1000,5,"Clayton",2000,-1.5,"0.75(log(n))^2",0.58
51,1000,5,"Clayton",2000,-1.5,"0.75(log(n))^2",0.97
52,1000,5,"Clayton",2000,-1.5,"0.75(log(n))^2",0.75
53,1000,5,"Clayton",2000,-1.5,"0.75(log(n))^2",0.72
54,1000,5,"Clayton",2000,-1.5,"0.75(log(n))^2",0.87
55,1000,5,"Clayton",2000,-1.5,"0.75(log(n))^2",0.8
56,1000,5,"Clayton",2000,-1.5,"0.75(log(n))^2",0.98
57,1000,5,"Clayton",2000,-1.5,"0.75(log(n))^2",0.79
58,1000,5,"Clayton",2000,-1.5,"0.75(log(n))^2",0.85
59,1000,5,"Clayton",2000,-1.5,"0.75(log(n))^2",0.76
60,1000,5,"Clayton",2000,-1.5,"0.75(log(n))^2",0.69
61,1000,5,"Clayton",2000,-1.5,"0.75(log(n))^2",0.98
62,1000,5,"Clayton",2000,-1.5,"0.75(log(n))^2",0.54
63,1000,5,"Clayton",2000,-1.5,"0.75(log(n))^2",0.95
64,1000,5,"Clayton",2000,-1.5,"0.75(log(n))^2",0.61
65,1000,5,"Clayton",2000,-1.5,"0.75(log(n))^2",0.92
66,1000,5,"Clayton",2000,-1.5,"0.75(log(n))^2",0.76
67,1000,5,"Clayton",2000,-1.5,"0.75(log(n))^2",0.99
68,1000,5,"Clayton",2000,-1.5,"0.75(log(n))^2",0.66
69,1000,5,"Clayton",2000,-1.5,"0.75(log(n))^2",0.84
70,1000,5,"Clayton",2000,-1.5,"0.75(log(n))^2",0.62
71,1000,5,"Clayton",2000,-1.5,"0.75(log(n))^2",0.49
72,1000,5,"Clayton",2000,-1.5,"0.75(log(n))^2",1
73,1000,5,"Clayton",2000,-1.5,"0.75(log(n))^2",1
74,1000,5,"Clayton",2000,-1.5,"0.75(log(n))^2",0.62
75,1000,5,"Clayton",2000,-1.5,"0.75(log(n))^2",0.18
76,1000,5,"Clayton",2000,-1.5,"0.75(log(n))^2",0.53
77,1000,5,"Clayton",2000,-1.5,"0.75(log(n))^2",0.98
78,1000,5,"Clayton",2000,-1.5,"0.75(log(n))^2",0.98
79,1000,5,"Clayton",2000,-1.5,"0.75(log(n))^2",0.96
80,1000,5,"Clayton",2000,-1.5,"0.75(log(n))^2",0.75
81,1000,5,"Clayton",2000,-1.5,"0.75(log(n))^2",0.45
82,1000,5,"Clayton",2000,-1.5,"0.75(log(n))^2",0.97
83,1000,5,"Clayton",2000,-1.5,"0.75(log(n))^2",1
84,1000,5,"Clayton",2000,-1.5,"0.75(log(n))^2",0.77
85,1000,5,"Clayton",2000,-1.5,"0.75(log(n))^2",0.7
86,1000,5,"Clayton",2000,-1.5,"0.75(log(n))^2",0.91
87,1000,5,"Clayton",2000,-1.5,"0.75(log(n))^2",1
88,1000,5,"Clayton",2000,-1.5,"0.75(log(n))^2",1
89,1000,5,"Clayton",2000,-1.5,"0.75(log(n))^2",0.85
90,1000,5,"Clayton",2000,-1.5,"0.75(log(n))^2",0.5
91,1000,5,"Clayton",2000,-1.5,"0.75(log(n))^2",0.71
92,1000,5,"Clayton",2000,-1.5,"0.75(log(n))^2",0.94
93,1000,5,"Clayton",2000,-1.5,"0.75(log(n))^2",0.69
94,1000,5,"Clayton",2000,-1.5,"0.75(log(n))^2",0.88
95,1000,5,"Clayton",2000,-1.5,"0.75(log(n))^2",0.78
96,1000,5,"Clayton",2000,-1.5,"0.75(log(n))^2",0.87
97,1000,5,"Clayton",2000,-1.5,"0.75(log(n))^2",0.91
98,1000,5,"Clayton",2000,-1.5,"0.75(log(n))^2",0.96
99,1000,5,"Clayton",2000,-1.5,"0.75(log(n))^2",0.25
100,1000,5,"Clayton",2000,-1.5,"0.75(log(n))^2",0.11
101,1000,5,"Clayton",2000,-1.5,"0.75(log(n))^2",0.85
102,1000,5,"Clayton",2000,-1.5,"0.75(log(n))^2",0.61
103,1000,5,"Clayton",2000,-1.5,"0.75(log(n))^2",0.96
104,1000,5,"Clayton",2000,-1.5,"0.75(log(n))^2",0.89
105,1000,5,"Clayton",2000,-1.5,"0.75(log(n))^2",0.93
106,1000,5,"Clayton",2000,-1.5,"0.75(log(n))^2",0.99
107,1000,5,"Clayton",2000,-1.5,"0.75(log(n))^2",0.99
108,1000,5,"Clayton",2000,-1.5,"0.75(log(n))^2",0.65
109,1000,5,"Clayton",2000,-1.5,"0.75(log(n))^2",0.99
110,1000,5,"Clayton",2000,-1.5,"0.75(log(n))^2",0.85
111,1000,5,"Clayton",2000,-1.5,"0.75(log(n))^2",0.99
112,1000,5,"Clayton",2000,-1.5,"0.75(log(n))^2",0.29
113,1000,5,"Clayton",2000,-1.5,"0.75(log(n))^2",0.98
114,1000,5,"Clayton",2000,-1.5,"0.75(log(n))^2",0.59
115,1000,5,"Clayton",2000,-1.5,"0.75(log(n))^2",0.52
116,1000,5,"Clayton",2000,-1.5,"0.75(log(n))^2",0.71
117,1000,5,"Clayton",2000,-1.5,"0.75(log(n))^2",0.23
118,1000,5,"Clayton",2000,-1.5,"0.75(log(n))^2",0.98
119,1000,5,"Clayton",2000,-1.5,"0.75(log(n))^2",0.79
120,1000,5,"Clayton",2000,-1.5,"0.75(log(n))^2",0.4
121,1000,5,"Clayton",2000,-1.5,"0.75(log(n))^2",0.94
122,1000,5,"Clayton",2000,-1.5,"0.75(log(n))^2",1
123,1000,5,"Clayton",2000,-1.5,"0.75(log(n))^2",0.99
124,1000,5,"Clayton",2000,-1.5,"0.75(log(n))^2",0.98
125,1000,5,"Clayton",2000,-1.5,"0.75(log(n))^2",0.99
126,1000,5,"Clayton",2000,-1.5,"0.75(log(n))^2",0.99
127,1000,5,"Clayton",2000,-1.5,"0.75(log(n))^2",0.68
128,1000,5,"Clayton",2000,-1.5,"0.75(log(n))^2",0.58
129,1000,5,"Clayton",2000,-1.5,"0.75(log(n))^2",0.27
130,1000,5,"Clayton",2000,-1.5,"0.75(log(n))^2",0.99
131,1000,5,"Clayton",2000,-1.5,"0.75(log(n))^2",0.99
132,1000,5,"Clayton",2000,-1.5,"0.75(log(n))^2",0.67
133,1000,5,"Clayton",2000,-1.5,"0.75(log(n))^2",0.8
134,1000,5,"Clayton",2000,-1.5,"0.75(log(n))^2",0.98
135,1000,5,"Clayton",2000,-1.5,"0.75(log(n))^2",0.41
136,1000,5,"Clayton",2000,-1.5,"0.75(log(n))^2",0.93
137,1000,5,"Clayton",2000,-1.5,"0.75(log(n))^2",0.65
138,1000,5,"Clayton",2000,-1.5,"0.75(log(n))^2",0.76
139,1000,5,"Clayton",2000,-1.5,"0.75(log(n))^2",0.99
140,1000,5,"Clayton",2000,-1.5,"0.75(log(n))^2",0.42
141,1000,5,"Clayton",2000,-1.5,"0.75(log(n))^2",1
142,1000,5,"Clayton",2000,-1.5,"0.75(log(n))^2",0.96
143,1000,5,"Clayton",2000,-1.5,"0.75(log(n))^2",0.88
144,1000,5,"Clayton",2000,-1.5,"0.75(log(n))^2",0.74
145,1000,5,"Clayton",2000,-1.5,"0.75(log(n))^2",1
146,1000,5,"Clayton",2000,-1.5,"0.75(log(n))^2",0.68
147,1000,5,"Clayton",2000,-1.5,"0.75(log(n))^2",0.81
148,1000,5,"Clayton",2000,-1.5,"0.75(log(n))^2",0.96
149,1000,5,"Clayton",2000,-1.5,"0.75(log(n))^2",0.12
150,1000,5,"Clayton",2000,-1.5,"0.75(log(n))^2",0.82
151,1000,5,"Clayton",2000,-1.5,"0.75(log(n))^2",0.97
152,1000,5,"Clayton",2000,-1.5,"0.75(log(n))^2",0.29
153,1000,5,"Clayton",2000,-1.5,"0.75(log(n))^2",1
154,1000,5,"Clayton",2000,-1.5,"0.75(log(n))^2",0.77
155,1000,5,"Clayton",2000,-1.5,"0.75(log(n))^2",0.68
156,1000,5,"Clayton",2000,-1.5,"0.75(log(n))^2",0.88
157,1000,5,"Clayton",2000,-1.5,"0.75(log(n))^2",0.99
158,1000,5,"Clayton",2000,-1.5,"0.75(log(n))^2",0.86
159,1000,5,"Clayton",2000,-1.5,"0.75(log(n))^2",1
160,1000,5,"Clayton",2000,-1.5,"0.75(log(n))^2",0.82
161,1000,5,"Clayton",2000,-1.5,"0.75(log(n))^2",0.86
162,1000,5,"Clayton",2000,-1.5,"0.75(log(n))^2",0.7
163,1000,5,"Clayton",2000,-1.5,"0.75(log(n))^2",0.88
164,1000,5,"Clayton",2000,-1.5,"0.75(log(n))^2",0.97
165,1000,5,"Clayton",2000,-1.5,"0.75(log(n))^2",0.72
166,1000,5,"Clayton",2000,-1.5,"0.75(log(n))^2",0.59
167,1000,5,"Clayton",2000,-1.5,"0.75(log(n))^2",0.7
168,1000,5,"Clayton",2000,-1.5,"0.75(log(n))^2",1
169,1000,5,"Clayton",2000,-1.5,"0.75(log(n))^2",0.54
170,1000,5,"Clayton",2000,-1.5,"0.75(log(n))^2",0.48
171,1000,5,"Clayton",2000,-1.5,"0.75(log(n))^2",0.96
172,1000,5,"Clayton",2000,-1.5,"0.75(log(n))^2",0.76
173,1000,5,"Clayton",2000,-1.5,"0.75(log(n))^2",0.84
174,1000,5,"Clayton",2000,-1.5,"0.75(log(n))^2",1
175,1000,5,"Clayton",2000,-1.5,"0.75(log(n))^2",0.54
176,1000,5,"Clayton",2000,-1.5,"0.75(log(n))^2",1
177,1000,5,"Clayton",2000,-1.5,"0.75(log(n))^2",0.5
178,1000,5,"Clayton",2000,-1.5,"0.75(log(n))^2",0.48
179,1000,5,"Clayton",2000,-1.5,"0.75(log(n))^2",0.94
180,1000,5,"Clayton",2000,-1.5,"0.75(log(n))^2",0.48
181,1000,5,"Clayton",2000,-1.5,"0.75(log(n))^2",0.79
182,1000,5,"Clayton",2000,-1.5,"0.75(log(n))^2",0.56
183,1000,5,"Clayton",2000,-1.5,"0.75(log(n))^2",1
184,1000,5,"Clayton",2000,-1.5,"0.75(log(n))^2",0.91
185,1000,5,"Clayton",2000,-1.5,"0.75(log(n))^2",0.85
186,1000,5,"Clayton",2000,-1.5,"0.75(log(n))^2",0.76
187,1000,5,"Clayton",2000,-1.5,"0.75(log(n))^2",0.96
188,1000,5,"Clayton",2000,-1.5,"0.75(log(n))^2",0.87
189,1000,5,"Clayton",2000,-1.5,"0.75(log(n))^2",1
190,1000,5,"Clayton",2000,-1.5,"0.75(log(n))^2",1
191,1000,5,"Clayton",2000,-1.5,"0.75(log(n))^2",0.68
192,1000,5,"Clayton",2000,-1.5,"0.75(log(n))^2",0.93
193,1000,5,"Clayton",2000,-1.5,"0.75(log(n))^2",0.97
194,1000,5,"Clayton",2000,-1.5,"0.75(log(n))^2",0.99
195,1000,5,"Clayton",2000,-1.5,"0.75(log(n))^2",0.91
196,1000,5,"Clayton",2000,-1.5,"0.75(log(n))^2",0.44
197,1000,5,"Clayton",2000,-1.5,"0.75(log(n))^2",1
198,1000,5,"Clayton",2000,-1.5,"0.75(log(n))^2",0.43
199,1000,5,"Clayton",2000,-1.5,"0.75(log(n))^2",0.95
200,1000,5,"Clayton",2000,-1.5,"0.75(log(n))^2",0.9
201,1000,5,"Clayton",2000,-1.5,"0.75(log(n))^2",1
202,1000,5,"Clayton",2000,-1.5,"0.75(log(n))^2",0.98
203,1000,5,"Clayton",2000,-1.5,"0.75(log(n))^2",0.48
204,1000,5,"Clayton",2000,-1.5,"0.75(log(n))^2",0.99
205,1000,5,"Clayton",2000,-1.5,"0.75(log(n))^2",1
206,1000,5,"Clayton",2000,-1.5,"0.75(log(n))^2",0.75
207,1000,5,"Clayton",2000,-1.5,"0.75(log(n))^2",0.88
208,1000,5,"Clayton",2000,-1.5,"0.75(log(n))^2",1
209,1000,5,"Clayton",2000,-1.5,"0.75(log(n))^2",1
210,1000,5,"Clayton",2000,-1.5,"0.75(log(n))^2",0.71
211,1000,5,"Clayton",2000,-1.5,"0.75(log(n))^2",0.76
212,1000,5,"Clayton",2000,-1.5,"0.75(log(n))^2",0.65
213,1000,5,"Clayton",2000,-1.5,"0.75(log(n))^2",0.72
214,1000,5,"Clayton",2000,-1.5,"0.75(log(n))^2",0.72
215,1000,5,"Clayton",2000,-1.5,"0.75(log(n))^2",0.62
216,1000,5,"Clayton",2000,-1.5,"0.75(log(n))^2",0.84
217,1000,5,"Clayton",2000,-1.5,"0.75(log(n))^2",0.61
218,1000,5,"Clayton",2000,-1.5,"0.75(log(n))^2",0.8
219,1000,5,"Clayton",2000,-1.5,"0.75(log(n))^2",0.21
220,1000,5,"Clayton",2000,-1.5,"0.75(log(n))^2",0.47
221,1000,5,"Clayton",2000,-1.5,"0.75(log(n))^2",0.88
222,1000,5,"Clayton",2000,-1.5,"0.75(log(n))^2",0.51
223,1000,5,"Clayton",2000,-1.5,"0.75(log(n))^2",0.69
224,1000,5,"Clayton",2000,-1.5,"0.75(log(n))^2",0.89
225,1000,5,"Clayton",2000,-1.5,"0.75(log(n))^2",0.93
226,1000,5,"Clayton",2000,-1.5,"0.75(log(n))^2",0.31
227,1000,5,"Clayton",2000,-1.5,"0.75(log(n))^2",0.73
228,1000,5,"Clayton",2000,-1.5,"0.75(log(n))^2",0.86
229,1000,5,"Clayton",2000,-1.5,"0.75(log(n))^2",0.81
230,1000,5,"Clayton",2000,-1.5,"0.75(log(n))^2",0.57
231,1000,5,"Clayton",2000,-1.5,"0.75(log(n))^2",1
232,1000,5,"Clayton",2000,-1.5,"0.75(log(n))^2",0.69
233,1000,5,"Clayton",2000,-1.5,"0.75(log(n))^2",0.62
234,1000,5,"Clayton",2000,-1.5,"0.75(log(n))^2",0.78
235,1000,5,"Clayton",2000,-1.5,"0.75(log(n))^2",0.95
236,1000,5,"Clayton",2000,-1.5,"0.75(log(n))^2",1
237,1000,5,"Clayton",2000,-1.5,"0.75(log(n))^2",0.55
238,1000,5,"Clayton",2000,-1.5,"0.75(log(n))^2",0.45
239,1000,5,"Clayton",2000,-1.5,"0.75(log(n))^2",0.79
240,1000,5,"Clayton",2000,-1.5,"0.75(log(n))^2",0.64
241,1000,5,"Clayton",2000,-1.5,"0.75(log(n))^2",0.93
242,1000,5,"Clayton",2000,-1.5,"0.75(log(n))^2",0.83
243,1000,5,"Clayton",2000,-1.5,"0.75(log(n))^2",0.98
244,1000,5,"Clayton",2000,-1.5,"0.75(log(n))^2",0.91
245,1000,5,"Clayton",2000,-1.5,"0.75(log(n))^2",0.8
246,1000,5,"Clayton",2000,-1.5,"0.75(log(n))^2",0.32
247,1000,5,"Clayton",2000,-1.5,"0.75(log(n))^2",1
248,1000,5,"Clayton",2000,-1.5,"0.75(log(n))^2",0.88
249,1000,5,"Clayton",2000,-1.5,"0.75(log(n))^2",1
250,1000,5,"Clayton",2000,-1.5,"0.75(log(n))^2",1
251,1000,5,"Clayton",2000,-1.5,"0.75(log(n))^2",0.94
252,1000,5,"Clayton",2000,-1.5,"0.75(log(n))^2",0.94
253,1000,5,"Clayton",2000,-1.5,"0.75(log(n))^2",1
254,1000,5,"Clayton",2000,-1.5,"0.75(log(n))^2",0.64
255,1000,5,"Clayton",2000,-1.5,"0.75(log(n))^2",0.84
256,1000,5,"Clayton",2000,-1.5,"0.75(log(n))^2",0.97
257,1000,5,"Clayton",2000,-1.5,"0.75(log(n))^2",0.95
258,1000,5,"Clayton",2000,-1.5,"0.75(log(n))^2",0.92
259,1000,5,"Clayton",2000,-1.5,"0.75(log(n))^2",0.73
260,1000,5,"Clayton",2000,-1.5,"0.75(log(n))^2",0.93
261,1000,5,"Clayton",2000,-1.5,"0.75(log(n))^2",0.67
262,1000,5,"Clayton",2000,-1.5,"0.75(log(n))^2",0.55
263,1000,5,"Clayton",2000,-1.5,"0.75(log(n))^2",0.97
264,1000,5,"Clayton",2000,-1.5,"0.75(log(n))^2",1
265,1000,5,"Clayton",2000,-1.5,"0.75(log(n))^2",0.45
266,1000,5,"Clayton",2000,-1.5,"0.75(log(n))^2",0.95
267,1000,5,"Clayton",2000,-1.5,"0.75(log(n))^2",0.58
268,1000,5,"Clayton",2000,-1.5,"0.75(log(n))^2",0.92
269,1000,5,"Clayton",2000,-1.5,"0.75(log(n))^2",1
270,1000,5,"Clayton",2000,-1.5,"0.75(log(n))^2",0.65
271,1000,5,"Clayton",2000,-1.5,"0.75(log(n))^2",0.66
272,1000,5,"Clayton",2000,-1.5,"0.75(log(n))^2",0.88
273,1000,5,"Clayton",2000,-1.5,"0.75(log(n))^2",0.95
274,1000,5,"Clayton",2000,-1.5,"0.75(log(n))^2",0.91
275,1000,5,"Clayton",2000,-1.5,"0.75(log(n))^2",0.95
276,1000,5,"Clayton",2000,-1.5,"0.75(log(n))^2",0.67
277,1000,5,"Clayton",2000,-1.5,"0.75(log(n))^2",1
278,1000,5,"Clayton",2000,-1.5,"0.75(log(n))^2",0.77
279,1000,5,"Clayton",2000,-1.5,"0.75(log(n))^2",0.7
280,1000,5,"Clayton",2000,-1.5,"0.75(log(n))^2",0.93
281,1000,5,"Clayton",2000,-1.5,"0.75(log(n))^2",0.88
282,1000,5,"Clayton",2000,-1.5,"0.75(log(n))^2",0.73
283,1000,5,"Clayton",2000,-1.5,"0.75(log(n))^2",0.87
284,1000,5,"Clayton",2000,-1.5,"0.75(log(n))^2",0.99
285,1000,5,"Clayton",2000,-1.5,"0.75(log(n))^2",0.45
286,1000,5,"Clayton",2000,-1.5,"0.75(log(n))^2",0.51
287,1000,5,"Clayton",2000,-1.5,"0.75(log(n))^2",0.95
288,1000,5,"Clayton",2000,-1.5,"0.75(log(n))^2",0.99
289,1000,5,"Clayton",2000,-1.5,"0.75(log(n))^2",0.91
290,1000,5,"Clayton",2000,-1.5,"0.75(log(n))^2",0.76
291,1000,5,"Clayton",2000,-1.5,"0.75(log(n))^2",0.76
292,1000,5,"Clayton",2000,-1.5,"0.75(log(n))^2",0.94
293,1000,5,"Clayton",2000,-1.5,"0.75(log(n))^2",0.98
294,1000,5,"Clayton",2000,-1.5,"0.75(log(n))^2",0.98
295,1000,5,"Clayton",2000,-1.5,"0.75(log(n))^2",0.82
296,1000,5,"Clayton",2000,-1.5,"0.75(log(n))^2",0.99
297,1000,5,"Clayton",2000,-1.5,"0.75(log(n))^2",0.33
298,1000,5,"Clayton",2000,-1.5,"0.75(log(n))^2",0.49
299,1000,5,"Clayton",2000,-1.5,"0.75(log(n))^2",1
300,1000,5,"Clayton",2000,-1.5,"0.75(log(n))^2",0.2
301,1000,5,"Clayton",2000,-1.5,"0.75(log(n))^2",0.97
302,1000,5,"Clayton",2000,-1.5,"0.75(log(n))^2",0.5
303,1000,5,"Clayton",2000,-1.5,"0.75(log(n))^2",1
304,1000,5,"Clayton",2000,-1.5,"0.75(log(n))^2",0.66
305,1000,5,"Clayton",2000,-1.5,"0.75(log(n))^2",0.74
306,1000,5,"Clayton",2000,-1.5,"0.75(log(n))^2",0.77
307,1000,5,"Clayton",2000,-1.5,"0.75(log(n))^2",1
308,1000,5,"Clayton",2000,-1.5,"0.75(log(n))^2",0.93
309,1000,5,"Clayton",2000,-1.5,"0.75(log(n))^2",1
310,1000,5,"Clayton",2000,-1.5,"0.75(log(n))^2",0.87
311,1000,5,"Clayton",2000,-1.5,"0.75(log(n))^2",1
312,1000,5,"Clayton",2000,-1.5,"0.75(log(n))^2",0.93
313,1000,5,"Clayton",2000,-1.5,"0.75(log(n))^2",0.92
314,1000,5,"Clayton",2000,-1.5,"0.75(log(n))^2",0.74
315,1000,5,"Clayton",2000,-1.5,"0.75(log(n))^2",0.31
316,1000,5,"Clayton",2000,-1.5,"0.75(log(n))^2",0.86
317,1000,5,"Clayton",2000,-1.5,"0.75(log(n))^2",0.93
318,1000,5,"Clayton",2000,-1.5,"0.75(log(n))^2",0.55
319,1000,5,"Clayton",2000,-1.5,"0.75(log(n))^2",0.88
320,1000,5,"Clayton",2000,-1.5,"0.75(log(n))^2",0.99
321,1000,5,"Clayton",2000,-1.5,"0.75(log(n))^2",0.98
322,1000,5,"Clayton",2000,-1.5,"0.75(log(n))^2",1
323,1000,5,"Clayton",2000,-1.5,"0.75(log(n))^2",0.78
324,1000,5,"Clayton",2000,-1.5,"0.75(log(n))^2",0.86
325,1000,5,"Clayton",2000,-1.5,"0.75(log(n))^2",0.51
326,1000,5,"Clayton",2000,-1.5,"0.75(log(n))^2",0.75
327,1000,5,"Clayton",2000,-1.5,"0.75(log(n))^2",0.84
328,1000,5,"Clayton",2000,-1.5,"0.75(log(n))^2",0.93
329,1000,5,"Clayton",2000,-1.5,"0.75(log(n))^2",1
330,1000,5,"Clayton",2000,-1.5,"0.75(log(n))^2",0.96
331,1000,5,"Clayton",2000,-1.5,"0.75(log(n))^2",0.62
332,1000,5,"Clayton",2000,-1.5,"0.75(log(n))^2",0.44
333,1000,5,"Clayton",2000,-1.5,"0.75(log(n))^2",0.97
334,1000,5,"Clayton",2000,-1.5,"0.75(log(n))^2",0.51
335,1000,5,"Clayton",2000,-1.5,"0.75(log(n))^2",0.88
336,1000,5,"Clayton",2000,-1.5,"0.75(log(n))^2",0.84
337,1000,5,"Clayton",2000,-1.5,"0.75(log(n))^2",0.92
338,1000,5,"Clayton",2000,-1.5,"0.75(log(n))^2",0.93
339,1000,5,"Clayton",2000,-1.5,"0.75(log(n))^2",1
340,1000,5,"Clayton",2000,-1.5,"0.75(log(n))^2",0.57
341,1000,5,"Clayton",2000,-1.5,"0.75(log(n))^2",0.62
342,1000,5,"Clayton",2000,-1.5,"0.75(log(n))^2",1
343,1000,5,"Clayton",2000,-1.5,"0.75(log(n))^2",0.66
344,1000,5,"Clayton",2000,-1.5,"0.75(log(n))^2",1
345,1000,5,"Clayton",2000,-1.5,"0.75(log(n))^2",0.96
346,1000,5,"Clayton",2000,-1.5,"0.75(log(n))^2",0.31
347,1000,5,"Clayton",2000,-1.5,"0.75(log(n))^2",0.54
348,1000,5,"Clayton",2000,-1.5,"0.75(log(n))^2",0.82
349,1000,5,"Clayton",2000,-1.5,"0.75(log(n))^2",0.83
350,1000,5,"Clayton",2000,-1.5,"0.75(log(n))^2",0.51
351,1000,5,"Clayton",2000,-1.5,"0.75(log(n))^2",0.9
352,1000,5,"Clayton",2000,-1.5,"0.75(log(n))^2",0.93
353,1000,5,"Clayton",2000,-1.5,"0.75(log(n))^2",0.95
354,1000,5,"Clayton",2000,-1.5,"0.75(log(n))^2",0.74
355,1000,5,"Clayton",2000,-1.5,"0.75(log(n))^2",0.91
356,1000,5,"Clayton",2000,-1.5,"0.75(log(n))^2",0.78
357,1000,5,"Clayton",2000,-1.5,"0.75(log(n))^2",0.8
358,1000,5,"Clayton",2000,-1.5,"0.75(log(n))^2",0.48
359,1000,5,"Clayton",2000,-1.5,"0.75(log(n))^2",0.88
360,1000,5,"Clayton",2000,-1.5,"0.75(log(n))^2",0.89
361,1000,5,"Clayton",2000,-1.5,"0.75(log(n))^2",0.87
362,1000,5,"Clayton",2000,-1.5,"0.75(log(n))^2",0.17
363,1000,5,"Clayton",2000,-1.5,"0.75(log(n))^2",0.99
364,1000,5,"Clayton",2000,-1.5,"0.75(log(n))^2",1
365,1000,5,"Clayton",2000,-1.5,"0.75(log(n))^2",0.29
366,1000,5,"Clayton",2000,-1.5,"0.75(log(n))^2",1
367,1000,5,"Clayton",2000,-1.5,"0.75(log(n))^2",0.96
368,1000,5,"Clayton",2000,-1.5,"0.75(log(n))^2",0.84
369,1000,5,"Clayton",2000,-1.5,"0.75(log(n))^2",0.98
370,1000,5,"Clayton",2000,-1.5,"0.75(log(n))^2",0.98
371,1000,5,"Clayton",2000,-1.5,"0.75(log(n))^2",0.86
372,1000,5,"Clayton",2000,-1.5,"0.75(log(n))^2",0.98
373,1000,5,"Clayton",2000,-1.5,"0.75(log(n))^2",0.41
374,1000,5,"Clayton",2000,-1.5,"0.75(log(n))^2",0.61
375,1000,5,"Clayton",2000,-1.5,"0.75(log(n))^2",0.78
376,1000,5,"Clayton",2000,-1.5,"0.75(log(n))^2",0.14
377,1000,5,"Clayton",2000,-1.5,"0.75(log(n))^2",0.85
378,1000,5,"Clayton",2000,-1.5,"0.75(log(n))^2",1
379,1000,5,"Clayton",2000,-1.5,"0.75(log(n))^2",0.52
380,1000,5,"Clayton",2000,-1.5,"0.75(log(n))^2",0.61
381,1000,5,"Clayton",2000,-1.5,"0.75(log(n))^2",0.89
382,1000,5,"Clayton",2000,-1.5,"0.75(log(n))^2",0.87
383,1000,5,"Clayton",2000,-1.5,"0.75(log(n))^2",0.99
384,1000,5,"Clayton",2000,-1.5,"0.75(log(n))^2",0.83
385,1000,5,"Clayton",2000,-1.5,"0.75(log(n))^2",0.39
386,1000,5,"Clayton",2000,-1.5,"0.75(log(n))^2",0.92
387,1000,5,"Clayton",2000,-1.5,"0.75(log(n))^2",0.22
388,1000,5,"Clayton",2000,-1.5,"0.75(log(n))^2",0.95
389,1000,5,"Clayton",2000,-1.5,"0.75(log(n))^2",0.99
390,1000,5,"Clayton",2000,-1.5,"0.75(log(n))^2",0.82
391,1000,5,"Clayton",2000,-1.5,"0.75(log(n))^2",0.79
392,1000,5,"Clayton",2000,-1.5,"0.75(log(n))^2",0.79
393,1000,5,"Clayton",2000,-1.5,"0.75(log(n))^2",0.92
394,1000,5,"Clayton",2000,-1.5,"0.75(log(n))^2",0.3
395,1000,5,"Clayton",2000,-1.5,"0.75(log(n))^2",0.56
396,1000,5,"Clayton",2000,-1.5,"0.75(log(n))^2",0.98
397,1000,5,"Clayton",2000,-1.5,"0.75(log(n))^2",1
398,1000,5,"Clayton",2000,-1.5,"0.75(log(n))^2",0.68
399,1000,5,"Clayton",2000,-1.5,"0.75(log(n))^2",0.73
400,1000,5,"Clayton",2000,-1.5,"0.75(log(n))^2",0.96
401,1000,5,"Clayton",2000,-1.5,"0.75(log(n))^2",0.23
402,1000,5,"Clayton",2000,-1.5,"0.75(log(n))^2",0.63
403,1000,5,"Clayton",2000,-1.5,"0.75(log(n))^2",0.74
404,1000,5,"Clayton",2000,-1.5,"0.75(log(n))^2",0.31
405,1000,5,"Clayton",2000,-1.5,"0.75(log(n))^2",0.39
406,1000,5,"Clayton",2000,-1.5,"0.75(log(n))^2",0.97
407,1000,5,"Clayton",2000,-1.5,"0.75(log(n))^2",0.94
408,1000,5,"Clayton",2000,-1.5,"0.75(log(n))^2",0.88
409,1000,5,"Clayton",2000,-1.5,"0.75(log(n))^2",0.87
410,1000,5,"Clayton",2000,-1.5,"0.75(log(n))^2",0.46
411,1000,5,"Clayton",2000,-1.5,"0.75(log(n))^2",0.54
412,1000,5,"Clayton",2000,-1.5,"0.75(log(n))^2",0.94
413,1000,5,"Clayton",2000,-1.5,"0.75(log(n))^2",0.44
414,1000,5,"Clayton",2000,-1.5,"0.75(log(n))^2",1
415,1000,5,"Clayton",2000,-1.5,"0.75(log(n))^2",0.84
416,1000,5,"Clayton",2000,-1.5,"0.75(log(n))^2",1
417,1000,5,"Clayton",2000,-1.5,"0.75(log(n))^2",0.4
418,1000,5,"Clayton",2000,-1.5,"0.75(log(n))^2",0.46
419,1000,5,"Clayton",2000,-1.5,"0.75(log(n))^2",0.86
420,1000,5,"Clayton",2000,-1.5,"0.75(log(n))^2",0.93
421,1000,5,"Clayton",2000,-1.5,"0.75(log(n))^2",0.94
422,1000,5,"Clayton",2000,-1.5,"0.75(log(n))^2",0.37
423,1000,5,"Clayton",2000,-1.5,"0.75(log(n))^2",0.99
424,1000,5,"Clayton",2000,-1.5,"0.75(log(n))^2",0.37
425,1000,5,"Clayton",2000,-1.5,"0.75(log(n))^2",0.88
426,1000,5,"Clayton",2000,-1.5,"0.75(log(n))^2",0.98
427,1000,5,"Clayton",2000,-1.5,"0.75(log(n))^2",0.98
428,1000,5,"Clayton",2000,-1.5,"0.75(log(n))^2",0.98
429,1000,5,"Clayton",2000,-1.5,"0.75(log(n))^2",0.79
430,1000,5,"Clayton",2000,-1.5,"0.75(log(n))^2",0.83
431,1000,5,"Clayton",2000,-1.5,"0.75(log(n))^2",0.99
432,1000,5,"Clayton",2000,-1.5,"0.75(log(n))^2",0.94
433,1000,5,"Clayton",2000,-1.5,"0.75(log(n))^2",0.99
434,1000,5,"Clayton",2000,-1.5,"0.75(log(n))^2",0.85
435,1000,5,"Clayton",2000,-1.5,"0.75(log(n))^2",0.97
436,1000,5,"Clayton",2000,-1.5,"0.75(log(n))^2",0.98
437,1000,5,"Clayton",2000,-1.5,"0.75(log(n))^2",0.98
438,1000,5,"Clayton",2000,-1.5,"0.75(log(n))^2",0.86
439,1000,5,"Clayton",2000,-1.5,"0.75(log(n))^2",0.31
440,1000,5,"Clayton",2000,-1.5,"0.75(log(n))^2",1
441,1000,5,"Clayton",2000,-1.5,"0.75(log(n))^2",0.81
442,1000,5,"Clayton",2000,-1.5,"0.75(log(n))^2",0.77
443,1000,5,"Clayton",2000,-1.5,"0.75(log(n))^2",0.92
444,1000,5,"Clayton",2000,-1.5,"0.75(log(n))^2",0.55
445,1000,5,"Clayton",2000,-1.5,"0.75(log(n))^2",0.99
446,1000,5,"Clayton",2000,-1.5,"0.75(log(n))^2",0.79
447,1000,5,"Clayton",2000,-1.5,"0.75(log(n))^2",0.75
448,1000,5,"Clayton",2000,-1.5,"0.75(log(n))^2",0.98
449,1000,5,"Clayton",2000,-1.5,"0.75(log(n))^2",1
450,1000,5,"Clayton",2000,-1.5,"0.75(log(n))^2",0.66
451,1000,5,"Clayton",2000,-1.5,"0.75(log(n))^2",0.61
452,1000,5,"Clayton",2000,-1.5,"0.75(log(n))^2",0.5
453,1000,5,"Clayton",2000,-1.5,"0.75(log(n))^2",0.92
454,1000,5,"Clayton",2000,-1.5,"0.75(log(n))^2",0.64
455,1000,5,"Clayton",2000,-1.5,"0.75(log(n))^2",0.81
456,1000,5,"Clayton",2000,-1.5,"0.75(log(n))^2",0.92
457,1000,5,"Clayton",2000,-1.5,"0.75(log(n))^2",0.63
458,1000,5,"Clayton",2000,-1.5,"0.75(log(n))^2",0.81
459,1000,5,"Clayton",2000,-1.5,"0.75(log(n))^2",0.39
460,1000,5,"Clayton",2000,-1.5,"0.75(log(n))^2",0.66
461,1000,5,"Clayton",2000,-1.5,"0.75(log(n))^2",0.99
462,1000,5,"Clayton",2000,-1.5,"0.75(log(n))^2",0.37
463,1000,5,"Clayton",2000,-1.5,"0.75(log(n))^2",0.81
464,1000,5,"Clayton",2000,-1.5,"0.75(log(n))^2",0.88
465,1000,5,"Clayton",2000,-1.5,"0.75(log(n))^2",0.84
466,1000,5,"Clayton",2000,-1.5,"0.75(log(n))^2",1
467,1000,5,"Clayton",2000,-1.5,"0.75(log(n))^2",0.95
468,1000,5,"Clayton",2000,-1.5,"0.75(log(n))^2",1
469,1000,5,"Clayton",2000,-1.5,"0.75(log(n))^2",0.93
470,1000,5,"Clayton",2000,-1.5,"0.75(log(n))^2",1
471,1000,5,"Clayton",2000,-1.5,"0.75(log(n))^2",1
472,1000,5,"Clayton",2000,-1.5,"0.75(log(n))^2",0.87
473,1000,5,"Clayton",2000,-1.5,"0.75(log(n))^2",0.96
474,1000,5,"Clayton",2000,-1.5,"0.75(log(n))^2",0.53
475,1000,5,"Clayton",2000,-1.5,"0.75(log(n))^2",0.9
476,1000,5,"Clayton",2000,-1.5,"0.75(log(n))^2",0.82
477,1000,5,"Clayton",2000,-1.5,"0.75(log(n))^2",0.98
478,1000,5,"Clayton",2000,-1.5,"0.75(log(n))^2",0.95
479,1000,5,"Clayton",2000,-1.5,"0.75(log(n))^2",0.5
480,1000,5,"Clayton",2000,-1.5,"0.75(log(n))^2",0.89
481,1000,5,"Clayton",2000,-1.5,"0.75(log(n))^2",0.98
482,1000,5,"Clayton",2000,-1.5,"0.75(log(n))^2",0.95
483,1000,5,"Clayton",2000,-1.5,"0.75(log(n))^2",0.95
484,1000,5,"Clayton",2000,-1.5,"0.75(log(n))^2",0.58
485,1000,5,"Clayton",2000,-1.5,"0.75(log(n))^2",0.87
486,1000,5,"Clayton",2000,-1.5,"0.75(log(n))^2",0.54
487,1000,5,"Clayton",2000,-1.5,"0.75(log(n))^2",0.44
488,1000,5,"Clayton",2000,-1.5,"0.75(log(n))^2",0.83
489,1000,5,"Clayton",2000,-1.5,"0.75(log(n))^2",0.91
490,1000,5,"Clayton",2000,-1.5,"0.75(log(n))^2",0.58
491,1000,5,"Clayton",2000,-1.5,"0.75(log(n))^2",0.86
492,1000,5,"Clayton",2000,-1.5,"0.75(log(n))^2",0.65
493,1000,5,"Clayton",2000,-1.5,"0.75(log(n))^2",0.94
494,1000,5,"Clayton",2000,-1.5,"0.75(log(n))^2",0.72
495,1000,5,"Clayton",2000,-1.5,"0.75(log(n))^2",0.96
496,1000,5,"Clayton",2000,-1.5,"0.75(log(n))^2",0.28
497,1000,5,"Clayton",2000,-1.5,"0.75(log(n))^2",0.62
498,1000,5,"Clayton",2000,-1.5,"0.75(log(n))^2",1
499,1000,5,"Clayton",2000,-1.5,"0.75(log(n))^2",0.94
500,1000,5,"Clayton",2000,-1.5,"0.75(log(n))^2",0.53
501,1000,5,"Clayton",2000,-1.5,"0.75(log(n))^2",0.61
502,1000,5,"Clayton",2000,-1.5,"0.75(log(n))^2",0.64
503,1000,5,"Clayton",2000,-1.5,"0.75(log(n))^2",0.75
504,1000,5,"Clayton",2000,-1.5,"0.75(log(n))^2",0.68
505,1000,5,"Clayton",2000,-1.5,"0.75(log(n))^2",0.87
506,1000,5,"Clayton",2000,-1.5,"0.75(log(n))^2",0.48
507,1000,5,"Clayton",2000,-1.5,"0.75(log(n))^2",0.55
508,1000,5,"Clayton",2000,-1.5,"0.75(log(n))^2",0.87
509,1000,5,"Clayton",2000,-1.5,"0.75(log(n))^2",0.97
510,1000,5,"Clayton",2000,-1.5,"0.75(log(n))^2",1
511,1000,5,"Clayton",2000,-1.5,"0.75(log(n))^2",0.75
512,1000,5,"Clayton",2000,-1.5,"0.75(log(n))^2",0.59
513,1000,5,"Clayton",2000,-1.5,"0.75(log(n))^2",0.64
514,1000,5,"Clayton",2000,-1.5,"0.75(log(n))^2",0.99
515,1000,5,"Clayton",2000,-1.5,"0.75(log(n))^2",0.99
516,1000,5,"Clayton",2000,-1.5,"0.75(log(n))^2",0.88
517,1000,5,"Clayton",2000,-1.5,"0.75(log(n))^2",0.91
518,1000,5,"Clayton",2000,-1.5,"0.75(log(n))^2",0.99
519,1000,5,"Clayton",2000,-1.5,"0.75(log(n))^2",0.89
520,1000,5,"Clayton",2000,-1.5,"0.75(log(n))^2",0.85
521,1000,5,"Clayton",2000,-1.5,"0.75(log(n))^2",0.78
522,1000,5,"Clayton",2000,-1.5,"0.75(log(n))^2",0.99
523,1000,5,"Clayton",2000,-1.5,"0.75(log(n))^2",0.94
524,1000,5,"Clayton",2000,-1.5,"0.75(log(n))^2",1
525,1000,5,"Clayton",2000,-1.5,"0.75(log(n))^2",0.7
526,1000,5,"Clayton",2000,-1.5,"0.75(log(n))^2",0.46
527,1000,5,"Clayton",2000,-1.5,"0.75(log(n))^2",0.99
528,1000,5,"Clayton",2000,-1.5,"0.75(log(n))^2",0.39
529,1000,5,"Clayton",2000,-1.5,"0.75(log(n))^2",0.81
530,1000,5,"Clayton",2000,-1.5,"0.75(log(n))^2",0.34
531,1000,5,"Clayton",2000,-1.5,"0.75(log(n))^2",0.91
532,1000,5,"Clayton",2000,-1.5,"0.75(log(n))^2",0.84
533,1000,5,"Clayton",2000,-1.5,"0.75(log(n))^2",0.92
534,1000,5,"Clayton",2000,-1.5,"0.75(log(n))^2",0.86
535,1000,5,"Clayton",2000,-1.5,"0.75(log(n))^2",0.93
536,1000,5,"Clayton",2000,-1.5,"0.75(log(n))^2",0.94
537,1000,5,"Clayton",2000,-1.5,"0.75(log(n))^2",0.89
538,1000,5,"Clayton",2000,-1.5,"0.75(log(n))^2",0.78
539,1000,5,"Clayton",2000,-1.5,"0.75(log(n))^2",1
540,1000,5,"Clayton",2000,-1.5,"0.75(log(n))^2",1
541,1000,5,"Clayton",2000,-1.5,"0.75(log(n))^2",0.94
542,1000,5,"Clayton",2000,-1.5,"0.75(log(n))^2",0.7
543,1000,5,"Clayton",2000,-1.5,"0.75(log(n))^2",0.82
544,1000,5,"Clayton",2000,-1.5,"0.75(log(n))^2",0.99
545,1000,5,"Clayton",2000,-1.5,"0.75(log(n))^2",1
546,1000,5,"Clayton",2000,-1.5,"0.75(log(n))^2",0.7
547,1000,5,"Clayton",2000,-1.5,"0.75(log(n))^2",0.95
548,1000,5,"Clayton",2000,-1.5,"0.75(log(n))^2",0.79
549,1000,5,"Clayton",2000,-1.5,"0.75(log(n))^2",0.99
550,1000,5,"Clayton",2000,-1.5,"0.75(log(n))^2",0.93
551,1000,5,"Clayton",2000,-1.5,"0.75(log(n))^2",0.92
552,1000,5,"Clayton",2000,-1.5,"0.75(log(n))^2",0.73
553,1000,5,"Clayton",2000,-1.5,"0.75(log(n))^2",0.95
554,1000,5,"Clayton",2000,-1.5,"0.75(log(n))^2",0.23
555,1000,5,"Clayton",2000,-1.5,"0.75(log(n))^2",0.9
556,1000,5,"Clayton",2000,-1.5,"0.75(log(n))^2",0.99
557,1000,5,"Clayton",2000,-1.5,"0.75(log(n))^2",1
558,1000,5,"Clayton",2000,-1.5,"0.75(log(n))^2",0.77
559,1000,5,"Clayton",2000,-1.5,"0.75(log(n))^2",1
560,1000,5,"Clayton",2000,-1.5,"0.75(log(n))^2",1
561,1000,5,"Clayton",2000,-1.5,"0.75(log(n))^2",0.86
562,1000,5,"Clayton",2000,-1.5,"0.75(log(n))^2",0.9
563,1000,5,"Clayton",2000,-1.5,"0.75(log(n))^2",0.92
564,1000,5,"Clayton",2000,-1.5,"0.75(log(n))^2",0.65
565,1000,5,"Clayton",2000,-1.5,"0.75(log(n))^2",1
566,1000,5,"Clayton",2000,-1.5,"0.75(log(n))^2",0.88
567,1000,5,"Clayton",2000,-1.5,"0.75(log(n))^2",0.54
568,1000,5,"Clayton",2000,-1.5,"0.75(log(n))^2",0.8
569,1000,5,"Clayton",2000,-1.5,"0.75(log(n))^2",0.69
570,1000,5,"Clayton",2000,-1.5,"0.75(log(n))^2",0.23
571,1000,5,"Clayton",2000,-1.5,"0.75(log(n))^2",0.47
572,1000,5,"Clayton",2000,-1.5,"0.75(log(n))^2",0.67
573,1000,5,"Clayton",2000,-1.5,"0.75(log(n))^2",0.95
574,1000,5,"Clayton",2000,-1.5,"0.75(log(n))^2",0.95
575,1000,5,"Clayton",2000,-1.5,"0.75(log(n))^2",0.99
576,1000,5,"Clayton",2000,-1.5,"0.75(log(n))^2",1
577,1000,5,"Clayton",2000,-1.5,"0.75(log(n))^2",0.54
578,1000,5,"Clayton",2000,-1.5,"0.75(log(n))^2",0.98
579,1000,5,"Clayton",2000,-1.5,"0.75(log(n))^2",0.87
580,1000,5,"Clayton",2000,-1.5,"0.75(log(n))^2",0.48
581,1000,5,"Clayton",2000,-1.5,"0.75(log(n))^2",1
582,1000,5,"Clayton",2000,-1.5,"0.75(log(n))^2",0.96
583,1000,5,"Clayton",2000,-1.5,"0.75(log(n))^2",0.92
584,1000,5,"Clayton",2000,-1.5,"0.75(log(n))^2",0.57
585,1000,5,"Clayton",2000,-1.5,"0.75(log(n))^2",0.6
586,1000,5,"Clayton",2000,-1.5,"0.75(log(n))^2",1
587,1000,5,"Clayton",2000,-1.5,"0.75(log(n))^2",0.96
588,1000,5,"Clayton",2000,-1.5,"0.75(log(n))^2",0.45
589,1000,5,"Clayton",2000,-1.5,"0.75(log(n))^2",0.05
590,1000,5,"Clayton",2000,-1.5,"0.75(log(n))^2",0.64
591,1000,5,"Clayton",2000,-1.5,"0.75(log(n))^2",0.92
592,1000,5,"Clayton",2000,-1.5,"0.75(log(n))^2",0.22
593,1000,5,"Clayton",2000,-1.5,"0.75(log(n))^2",0.37
594,1000,5,"Clayton",2000,-1.5,"0.75(log(n))^2",0.81
595,1000,5,"Clayton",2000,-1.5,"0.75(log(n))^2",0.93
596,1000,5,"Clayton",2000,-1.5,"0.75(log(n))^2",1
597,1000,5,"Clayton",2000,-1.5,"0.75(log(n))^2",0.98
598,1000,5,"Clayton",2000,-1.5,"0.75(log(n))^2",0.92
599,1000,5,"Clayton",2000,-1.5,"0.75(log(n))^2",0.24
600,1000,5,"Clayton",2000,-1.5,"0.75(log(n))^2",0.72
601,1000,5,"Clayton",2000,-1.5,"0.75(log(n))^2",0.3
602,1000,5,"Clayton",2000,-1.5,"0.75(log(n))^2",0.71
603,1000,5,"Clayton",2000,-1.5,"0.75(log(n))^2",0.79
604,1000,5,"Clayton",2000,-1.5,"0.75(log(n))^2",0.86
605,1000,5,"Clayton",2000,-1.5,"0.75(log(n))^2",0.88
606,1000,5,"Clayton",2000,-1.5,"0.75(log(n))^2",0.96
607,1000,5,"Clayton",2000,-1.5,"0.75(log(n))^2",0.94
608,1000,5,"Clayton",2000,-1.5,"0.75(log(n))^2",0.21
609,1000,5,"Clayton",2000,-1.5,"0.75(log(n))^2",0.75
610,1000,5,"Clayton",2000,-1.5,"0.75(log(n))^2",0.92
611,1000,5,"Clayton",2000,-1.5,"0.75(log(n))^2",0.89
612,1000,5,"Clayton",2000,-1.5,"0.75(log(n))^2",0.2
613,1000,5,"Clayton",2000,-1.5,"0.75(log(n))^2",0.49
614,1000,5,"Clayton",2000,-1.5,"0.75(log(n))^2",0.45
615,1000,5,"Clayton",2000,-1.5,"0.75(log(n))^2",0.95
616,1000,5,"Clayton",2000,-1.5,"0.75(log(n))^2",1
617,1000,5,"Clayton",2000,-1.5,"0.75(log(n))^2",0.72
618,1000,5,"Clayton",2000,-1.5,"0.75(log(n))^2",1
619,1000,5,"Clayton",2000,-1.5,"0.75(log(n))^2",0.97
620,1000,5,"Clayton",2000,-1.5,"0.75(log(n))^2",0.81
621,1000,5,"Clayton",2000,-1.5,"0.75(log(n))^2",0.84
622,1000,5,"Clayton",2000,-1.5,"0.75(log(n))^2",0.69
623,1000,5,"Clayton",2000,-1.5,"0.75(log(n))^2",0.34
624,1000,5,"Clayton",2000,-1.5,"0.75(log(n))^2",0.98
625,1000,5,"Clayton",2000,-1.5,"0.75(log(n))^2",1
626,1000,5,"Clayton",2000,-1.5,"0.75(log(n))^2",0.67
627,1000,5,"Clayton",2000,-1.5,"0.75(log(n))^2",0.89
628,1000,5,"Clayton",2000,-1.5,"0.75(log(n))^2",0.99
629,1000,5,"Clayton",2000,-1.5,"0.75(log(n))^2",0.38
630,1000,5,"Clayton",2000,-1.5,"0.75(log(n))^2",0.92
631,1000,5,"Clayton",2000,-1.5,"0.75(log(n))^2",0.85
632,1000,5,"Clayton",2000,-1.5,"0.75(log(n))^2",0.91
633,1000,5,"Clayton",2000,-1.5,"0.75(log(n))^2",0.75
634,1000,5,"Clayton",2000,-1.5,"0.75(log(n))^2",0.86
635,1000,5,"Clayton",2000,-1.5,"0.75(log(n))^2",0.83
636,1000,5,"Clayton",2000,-1.5,"0.75(log(n))^2",0.63
637,1000,5,"Clayton",2000,-1.5,"0.75(log(n))^2",0.8
638,1000,5,"Clayton",2000,-1.5,"0.75(log(n))^2",0.94
639,1000,5,"Clayton",2000,-1.5,"0.75(log(n))^2",0.95
640,1000,5,"Clayton",2000,-1.5,"0.75(log(n))^2",0.15
641,1000,5,"Clayton",2000,-1.5,"0.75(log(n))^2",0.62
642,1000,5,"Clayton",2000,-1.5,"0.75(log(n))^2",0.7
643,1000,5,"Clayton",2000,-1.5,"0.75(log(n))^2",0.97
644,1000,5,"Clayton",2000,-1.5,"0.75(log(n))^2",0.83
645,1000,5,"Clayton",2000,-1.5,"0.75(log(n))^2",0.49
646,1000,5,"Clayton",2000,-1.5,"0.75(log(n))^2",0.67
647,1000,5,"Clayton",2000,-1.5,"0.75(log(n))^2",0.63
648,1000,5,"Clayton",2000,-1.5,"0.75(log(n))^2",0.88
649,1000,5,"Clayton",2000,-1.5,"0.75(log(n))^2",1
650,1000,5,"Clayton",2000,-1.5,"0.75(log(n))^2",0.03
651,1000,5,"Clayton",2000,-1.5,"0.75(log(n))^2",0.68
652,1000,5,"Clayton",2000,-1.5,"0.75(log(n))^2",0.9
653,1000,5,"Clayton",2000,-1.5,"0.75(log(n))^2",0.99
654,1000,5,"Clayton",2000,-1.5,"0.75(log(n))^2",0.87
655,1000,5,"Clayton",2000,-1.5,"0.75(log(n))^2",1
656,1000,5,"Clayton",2000,-1.5,"0.75(log(n))^2",1
657,1000,5,"Clayton",2000,-1.5,"0.75(log(n))^2",0.9
658,1000,5,"Clayton",2000,-1.5,"0.75(log(n))^2",1
659,1000,5,"Clayton",2000,-1.5,"0.75(log(n))^2",0.95
660,1000,5,"Clayton",2000,-1.5,"0.75(log(n))^2",0.79
661,1000,5,"Clayton",2000,-1.5,"0.75(log(n))^2",0.51
662,1000,5,"Clayton",2000,-1.5,"0.75(log(n))^2",0.84
663,1000,5,"Clayton",2000,-1.5,"0.75(log(n))^2",0.71
664,1000,5,"Clayton",2000,-1.5,"0.75(log(n))^2",0.92
665,1000,5,"Clayton",2000,-1.5,"0.75(log(n))^2",0.93
666,1000,5,"Clayton",2000,-1.5,"0.75(log(n))^2",0.92
667,1000,5,"Clayton",2000,-1.5,"0.75(log(n))^2",0.89
668,1000,5,"Clayton",2000,-1.5,"0.75(log(n))^2",0.66
669,1000,5,"Clayton",2000,-1.5,"0.75(log(n))^2",0.65
670,1000,5,"Clayton",2000,-1.5,"0.75(log(n))^2",0.92
671,1000,5,"Clayton",2000,-1.5,"0.75(log(n))^2",0.5
672,1000,5,"Clayton",2000,-1.5,"0.75(log(n))^2",0.97
673,1000,5,"Clayton",2000,-1.5,"0.75(log(n))^2",0.78
674,1000,5,"Clayton",2000,-1.5,"0.75(log(n))^2",0.98
675,1000,5,"Clayton",2000,-1.5,"0.75(log(n))^2",0.8
676,1000,5,"Clayton",2000,-1.5,"0.75(log(n))^2",0.98
677,1000,5,"Clayton",2000,-1.5,"0.75(log(n))^2",0.83
678,1000,5,"Clayton",2000,-1.5,"0.75(log(n))^2",0.95
679,1000,5,"Clayton",2000,-1.5,"0.75(log(n))^2",0.13
680,1000,5,"Clayton",2000,-1.5,"0.75(log(n))^2",1
681,1000,5,"Clayton",2000,-1.5,"0.75(log(n))^2",0.46
682,1000,5,"Clayton",2000,-1.5,"0.75(log(n))^2",0.77
683,1000,5,"Clayton",2000,-1.5,"0.75(log(n))^2",0.93
684,1000,5,"Clayton",2000,-1.5,"0.75(log(n))^2",0.84
685,1000,5,"Clayton",2000,-1.5,"0.75(log(n))^2",0.95
686,1000,5,"Clayton",2000,-1.5,"0.75(log(n))^2",0.59
687,1000,5,"Clayton",2000,-1.5,"0.75(log(n))^2",1
688,1000,5,"Clayton",2000,-1.5,"0.75(log(n))^2",0.84
689,1000,5,"Clayton",2000,-1.5,"0.75(log(n))^2",0.82
690,1000,5,"Clayton",2000,-1.5,"0.75(log(n))^2",0.99
691,1000,5,"Clayton",2000,-1.5,"0.75(log(n))^2",0.92
692,1000,5,"Clayton",2000,-1.5,"0.75(log(n))^2",0.71
693,1000,5,"Clayton",2000,-1.5,"0.75(log(n))^2",0.99
694,1000,5,"Clayton",2000,-1.5,"0.75(log(n))^2",0.94
695,1000,5,"Clayton",2000,-1.5,"0.75(log(n))^2",0.86
696,1000,5,"Clayton",2000,-1.5,"0.75(log(n))^2",0.76
697,1000,5,"Clayton",2000,-1.5,"0.75(log(n))^2",0.96
698,1000,5,"Clayton",2000,-1.5,"0.75(log(n))^2",0.16
699,1000,5,"Clayton",2000,-1.5,"0.75(log(n))^2",0.74
700,1000,5,"Clayton",2000,-1.5,"0.75(log(n))^2",0.85
701,1000,5,"Clayton",2000,-1.5,"0.75(log(n))^2",0.48
702,1000,5,"Clayton",2000,-1.5,"0.75(log(n))^2",0.98
703,1000,5,"Clayton",2000,-1.5,"0.75(log(n))^2",0.74
704,1000,5,"Clayton",2000,-1.5,"0.75(log(n))^2",0.96
705,1000,5,"Clayton",2000,-1.5,"0.75(log(n))^2",0.44
706,1000,5,"Clayton",2000,-1.5,"0.75(log(n))^2",0.7
707,1000,5,"Clayton",2000,-1.5,"0.75(log(n))^2",0.97
708,1000,5,"Clayton",2000,-1.5,"0.75(log(n))^2",0.67
709,1000,5,"Clayton",2000,-1.5,"0.75(log(n))^2",0.9
710,1000,5,"Clayton",2000,-1.5,"0.75(log(n))^2",0.83
711,1000,5,"Clayton",2000,-1.5,"0.75(log(n))^2",0.97
712,1000,5,"Clayton",2000,-1.5,"0.75(log(n))^2",0.96
713,1000,5,"Clayton",2000,-1.5,"0.75(log(n))^2",0.99
714,1000,5,"Clayton",2000,-1.5,"0.75(log(n))^2",0.93
715,1000,5,"Clayton",2000,-1.5,"0.75(log(n))^2",0.65
716,1000,5,"Clayton",2000,-1.5,"0.75(log(n))^2",0.97
717,1000,5,"Clayton",2000,-1.5,"0.75(log(n))^2",0.74
718,1000,5,"Clayton",2000,-1.5,"0.75(log(n))^2",0.77
719,1000,5,"Clayton",2000,-1.5,"0.75(log(n))^2",0.91
720,1000,5,"Clayton",2000,-1.5,"0.75(log(n))^2",1
721,1000,5,"Clayton",2000,-1.5,"0.75(log(n))^2",0.56
722,1000,5,"Clayton",2000,-1.5,"0.75(log(n))^2",0.61
723,1000,5,"Clayton",2000,-1.5,"0.75(log(n))^2",1
724,1000,5,"Clayton",2000,-1.5,"0.75(log(n))^2",0.13
725,1000,5,"Clayton",2000,-1.5,"0.75(log(n))^2",0.68
726,1000,5,"Clayton",2000,-1.5,"0.75(log(n))^2",1
727,1000,5,"Clayton",2000,-1.5,"0.75(log(n))^2",0.93
728,1000,5,"Clayton",2000,-1.5,"0.75(log(n))^2",0.51
729,1000,5,"Clayton",2000,-1.5,"0.75(log(n))^2",1
730,1000,5,"Clayton",2000,-1.5,"0.75(log(n))^2",0.74
731,1000,5,"Clayton",2000,-1.5,"0.75(log(n))^2",0.8
732,1000,5,"Clayton",2000,-1.5,"0.75(log(n))^2",1
733,1000,5,"Clayton",2000,-1.5,"0.75(log(n))^2",0.88
734,1000,5,"Clayton",2000,-1.5,"0.75(log(n))^2",0.84
735,1000,5,"Clayton",2000,-1.5,"0.75(log(n))^2",1
736,1000,5,"Clayton",2000,-1.5,"0.75(log(n))^2",0.91
737,1000,5,"Clayton",2000,-1.5,"0.75(log(n))^2",0.95
738,1000,5,"Clayton",2000,-1.5,"0.75(log(n))^2",0.67
739,1000,5,"Clayton",2000,-1.5,"0.75(log(n))^2",0.43
740,1000,5,"Clayton",2000,-1.5,"0.75(log(n))^2",0.58
741,1000,5,"Clayton",2000,-1.5,"0.75(log(n))^2",0.94
742,1000,5,"Clayton",2000,-1.5,"0.75(log(n))^2",0.95
743,1000,5,"Clayton",2000,-1.5,"0.75(log(n))^2",0.97
744,1000,5,"Clayton",2000,-1.5,"0.75(log(n))^2",0.99
745,1000,5,"Clayton",2000,-1.5,"0.75(log(n))^2",0.84
746,1000,5,"Clayton",2000,-1.5,"0.75(log(n))^2",0.72
747,1000,5,"Clayton",2000,-1.5,"0.75(log(n))^2",0.6
748,1000,5,"Clayton",2000,-1.5,"0.75(log(n))^2",0.65
749,1000,5,"Clayton",2000,-1.5,"0.75(log(n))^2",0.88
750,1000,5,"Clayton",2000,-1.5,"0.75(log(n))^2",0.69
751,1000,5,"Clayton",2000,-1.5,"0.75(log(n))^2",0.96
752,1000,5,"Clayton",2000,-1.5,"0.75(log(n))^2",0.5
753,1000,5,"Clayton",2000,-1.5,"0.75(log(n))^2",0.88
754,1000,5,"Clayton",2000,-1.5,"0.75(log(n))^2",1
755,1000,5,"Clayton",2000,-1.5,"0.75(log(n))^2",0.93
756,1000,5,"Clayton",2000,-1.5,"0.75(log(n))^2",0.92
757,1000,5,"Clayton",2000,-1.5,"0.75(log(n))^2",0.8
758,1000,5,"Clayton",2000,-1.5,"0.75(log(n))^2",0.97
759,1000,5,"Clayton",2000,-1.5,"0.75(log(n))^2",0.94
760,1000,5,"Clayton",2000,-1.5,"0.75(log(n))^2",0.94
761,1000,5,"Clayton",2000,-1.5,"0.75(log(n))^2",0.74
762,1000,5,"Clayton",2000,-1.5,"0.75(log(n))^2",0.59
763,1000,5,"Clayton",2000,-1.5,"0.75(log(n))^2",0.99
764,1000,5,"Clayton",2000,-1.5,"0.75(log(n))^2",1
765,1000,5,"Clayton",2000,-1.5,"0.75(log(n))^2",0.99
766,1000,5,"Clayton",2000,-1.5,"0.75(log(n))^2",0.74
767,1000,5,"Clayton",2000,-1.5,"0.75(log(n))^2",1
768,1000,5,"Clayton",2000,-1.5,"0.75(log(n))^2",0.14
769,1000,5,"Clayton",2000,-1.5,"0.75(log(n))^2",0.79
770,1000,5,"Clayton",2000,-1.5,"0.75(log(n))^2",1
771,1000,5,"Clayton",2000,-1.5,"0.75(log(n))^2",1
772,1000,5,"Clayton",2000,-1.5,"0.75(log(n))^2",0.76
773,1000,5,"Clayton",2000,-1.5,"0.75(log(n))^2",0.82
774,1000,5,"Clayton",2000,-1.5,"0.75(log(n))^2",0.88
775,1000,5,"Clayton",2000,-1.5,"0.75(log(n))^2",0.93
776,1000,5,"Clayton",2000,-1.5,"0.75(log(n))^2",0.84
777,1000,5,"Clayton",2000,-1.5,"0.75(log(n))^2",0.86
778,1000,5,"Clayton",2000,-1.5,"0.75(log(n))^2",0.63
779,1000,5,"Clayton",2000,-1.5,"0.75(log(n))^2",1
780,1000,5,"Clayton",2000,-1.5,"0.75(log(n))^2",0.98
781,1000,5,"Clayton",2000,-1.5,"0.75(log(n))^2",0.94
782,1000,5,"Clayton",2000,-1.5,"0.75(log(n))^2",0.98
783,1000,5,"Clayton",2000,-1.5,"0.75(log(n))^2",0.84
784,1000,5,"Clayton",2000,-1.5,"0.75(log(n))^2",1
785,1000,5,"Clayton",2000,-1.5,"0.75(log(n))^2",0.41
786,1000,5,"Clayton",2000,-1.5,"0.75(log(n))^2",0.91
787,1000,5,"Clayton",2000,-1.5,"0.75(log(n))^2",0.81
788,1000,5,"Clayton",2000,-1.5,"0.75(log(n))^2",0.73
789,1000,5,"Clayton",2000,-1.5,"0.75(log(n))^2",0.76
790,1000,5,"Clayton",2000,-1.5,"0.75(log(n))^2",1
791,1000,5,"Clayton",2000,-1.5,"0.75(log(n))^2",0.93
792,1000,5,"Clayton",2000,-1.5,"0.75(log(n))^2",0.97
793,1000,5,"Clayton",2000,-1.5,"0.75(log(n))^2",0.97
794,1000,5,"Clayton",2000,-1.5,"0.75(log(n))^2",0.48
795,1000,5,"Clayton",2000,-1.5,"0.75(log(n))^2",0.42
796,1000,5,"Clayton",2000,-1.5,"0.75(log(n))^2",1
797,1000,5,"Clayton",2000,-1.5,"0.75(log(n))^2",0.62
798,1000,5,"Clayton",2000,-1.5,"0.75(log(n))^2",0.21
799,1000,5,"Clayton",2000,-1.5,"0.75(log(n))^2",0.47
800,1000,5,"Clayton",2000,-1.5,"0.75(log(n))^2",0.5
801,1000,5,"Clayton",2000,-1.5,"0.75(log(n))^2",0.55
802,1000,5,"Clayton",2000,-1.5,"0.75(log(n))^2",0.96
803,1000,5,"Clayton",2000,-1.5,"0.75(log(n))^2",1
804,1000,5,"Clayton",2000,-1.5,"0.75(log(n))^2",0.98
805,1000,5,"Clayton",2000,-1.5,"0.75(log(n))^2",0.98
806,1000,5,"Clayton",2000,-1.5,"0.75(log(n))^2",0.52
807,1000,5,"Clayton",2000,-1.5,"0.75(log(n))^2",0.42
808,1000,5,"Clayton",2000,-1.5,"0.75(log(n))^2",0.93
809,1000,5,"Clayton",2000,-1.5,"0.75(log(n))^2",0.95
810,1000,5,"Clayton",2000,-1.5,"0.75(log(n))^2",1
811,1000,5,"Clayton",2000,-1.5,"0.75(log(n))^2",0.6
812,1000,5,"Clayton",2000,-1.5,"0.75(log(n))^2",0.88
813,1000,5,"Clayton",2000,-1.5,"0.75(log(n))^2",0.94
814,1000,5,"Clayton",2000,-1.5,"0.75(log(n))^2",0.97
815,1000,5,"Clayton",2000,-1.5,"0.75(log(n))^2",0.54
816,1000,5,"Clayton",2000,-1.5,"0.75(log(n))^2",0.98
817,1000,5,"Clayton",2000,-1.5,"0.75(log(n))^2",0.82
818,1000,5,"Clayton",2000,-1.5,"0.75(log(n))^2",1
819,1000,5,"Clayton",2000,-1.5,"0.75(log(n))^2",0.84
820,1000,5,"Clayton",2000,-1.5,"0.75(log(n))^2",0.6
821,1000,5,"Clayton",2000,-1.5,"0.75(log(n))^2",0.67
822,1000,5,"Clayton",2000,-1.5,"0.75(log(n))^2",0.99
823,1000,5,"Clayton",2000,-1.5,"0.75(log(n))^2",0.82
824,1000,5,"Clayton",2000,-1.5,"0.75(log(n))^2",0.92
825,1000,5,"Clayton",2000,-1.5,"0.75(log(n))^2",0.98
826,1000,5,"Clayton",2000,-1.5,"0.75(log(n))^2",0.93
827,1000,5,"Clayton",2000,-1.5,"0.75(log(n))^2",0.96
828,1000,5,"Clayton",2000,-1.5,"0.75(log(n))^2",0.89
829,1000,5,"Clayton",2000,-1.5,"0.75(log(n))^2",0.97
830,1000,5,"Clayton",2000,-1.5,"0.75(log(n))^2",0.72
831,1000,5,"Clayton",2000,-1.5,"0.75(log(n))^2",0.98
832,1000,5,"Clayton",2000,-1.5,"0.75(log(n))^2",0.72
833,1000,5,"Clayton",2000,-1.5,"0.75(log(n))^2",0.69
834,1000,5,"Clayton",2000,-1.5,"0.75(log(n))^2",0.97
835,1000,5,"Clayton",2000,-1.5,"0.75(log(n))^2",0.26
836,1000,5,"Clayton",2000,-1.5,"0.75(log(n))^2",0.98
837,1000,5,"Clayton",2000,-1.5,"0.75(log(n))^2",0.82
838,1000,5,"Clayton",2000,-1.5,"0.75(log(n))^2",0.78
839,1000,5,"Clayton",2000,-1.5,"0.75(log(n))^2",0.99
840,1000,5,"Clayton",2000,-1.5,"0.75(log(n))^2",0.56
841,1000,5,"Clayton",2000,-1.5,"0.75(log(n))^2",0.99
842,1000,5,"Clayton",2000,-1.5,"0.75(log(n))^2",0.99
843,1000,5,"Clayton",2000,-1.5,"0.75(log(n))^2",0.76
844,1000,5,"Clayton",2000,-1.5,"0.75(log(n))^2",0.32
845,1000,5,"Clayton",2000,-1.5,"0.75(log(n))^2",0.95
846,1000,5,"Clayton",2000,-1.5,"0.75(log(n))^2",1
847,1000,5,"Clayton",2000,-1.5,"0.75(log(n))^2",0.96
848,1000,5,"Clayton",2000,-1.5,"0.75(log(n))^2",0.56
849,1000,5,"Clayton",2000,-1.5,"0.75(log(n))^2",0.5
850,1000,5,"Clayton",2000,-1.5,"0.75(log(n))^2",0.98
851,1000,5,"Clayton",2000,-1.5,"0.75(log(n))^2",0.97
852,1000,5,"Clayton",2000,-1.5,"0.75(log(n))^2",1
853,1000,5,"Clayton",2000,-1.5,"0.75(log(n))^2",0.83
854,1000,5,"Clayton",2000,-1.5,"0.75(log(n))^2",0.99
855,1000,5,"Clayton",2000,-1.5,"0.75(log(n))^2",0.68
856,1000,5,"Clayton",2000,-1.5,"0.75(log(n))^2",0.84
857,1000,5,"Clayton",2000,-1.5,"0.75(log(n))^2",0.94
858,1000,5,"Clayton",2000,-1.5,"0.75(log(n))^2",1
859,1000,5,"Clayton",2000,-1.5,"0.75(log(n))^2",0.95
860,1000,5,"Clayton",2000,-1.5,"0.75(log(n))^2",0.9
861,1000,5,"Clayton",2000,-1.5,"0.75(log(n))^2",0.13
862,1000,5,"Clayton",2000,-1.5,"0.75(log(n))^2",0.63
863,1000,5,"Clayton",2000,-1.5,"0.75(log(n))^2",0.99
864,1000,5,"Clayton",2000,-1.5,"0.75(log(n))^2",0.69
865,1000,5,"Clayton",2000,-1.5,"0.75(log(n))^2",1
866,1000,5,"Clayton",2000,-1.5,"0.75(log(n))^2",0.94
867,1000,5,"Clayton",2000,-1.5,"0.75(log(n))^2",0.32
868,1000,5,"Clayton",2000,-1.5,"0.75(log(n))^2",1
869,1000,5,"Clayton",2000,-1.5,"0.75(log(n))^2",0.66
870,1000,5,"Clayton",2000,-1.5,"0.75(log(n))^2",0.97
871,1000,5,"Clayton",2000,-1.5,"0.75(log(n))^2",0.76
872,1000,5,"Clayton",2000,-1.5,"0.75(log(n))^2",0.88
873,1000,5,"Clayton",2000,-1.5,"0.75(log(n))^2",0.99
874,1000,5,"Clayton",2000,-1.5,"0.75(log(n))^2",0.5
875,1000,5,"Clayton",2000,-1.5,"0.75(log(n))^2",0.83
876,1000,5,"Clayton",2000,-1.5,"0.75(log(n))^2",0.91
877,1000,5,"Clayton",2000,-1.5,"0.75(log(n))^2",0.76
878,1000,5,"Clayton",2000,-1.5,"0.75(log(n))^2",0.99
879,1000,5,"Clayton",2000,-1.5,"0.75(log(n))^2",0.99
880,1000,5,"Clayton",2000,-1.5,"0.75(log(n))^2",0.68
881,1000,5,"Clayton",2000,-1.5,"0.75(log(n))^2",0.97
882,1000,5,"Clayton",2000,-1.5,"0.75(log(n))^2",0.99
883,1000,5,"Clayton",2000,-1.5,"0.75(log(n))^2",0.7
884,1000,5,"Clayton",2000,-1.5,"0.75(log(n))^2",0.98
885,1000,5,"Clayton",2000,-1.5,"0.75(log(n))^2",0.27
886,1000,5,"Clayton",2000,-1.5,"0.75(log(n))^2",0.61
887,1000,5,"Clayton",2000,-1.5,"0.75(log(n))^2",0.77
888,1000,5,"Clayton",2000,-1.5,"0.75(log(n))^2",0.95
889,1000,5,"Clayton",2000,-1.5,"0.75(log(n))^2",1
890,1000,5,"Clayton",2000,-1.5,"0.75(log(n))^2",0.72
891,1000,5,"Clayton",2000,-1.5,"0.75(log(n))^2",0.98
892,1000,5,"Clayton",2000,-1.5,"0.75(log(n))^2",0.36
893,1000,5,"Clayton",2000,-1.5,"0.75(log(n))^2",0.66
894,1000,5,"Clayton",2000,-1.5,"0.75(log(n))^2",0.93
895,1000,5,"Clayton",2000,-1.5,"0.75(log(n))^2",0.83
896,1000,5,"Clayton",2000,-1.5,"0.75(log(n))^2",0.73
897,1000,5,"Clayton",2000,-1.5,"0.75(log(n))^2",0.66
898,1000,5,"Clayton",2000,-1.5,"0.75(log(n))^2",0.93
899,1000,5,"Clayton",2000,-1.5,"0.75(log(n))^2",0.56
900,1000,5,"Clayton",2000,-1.5,"0.75(log(n))^2",0.87
901,1000,5,"Clayton",2000,-1.5,"0.75(log(n))^2",0.83
902,1000,5,"Clayton",2000,-1.5,"0.75(log(n))^2",1
903,1000,5,"Clayton",2000,-1.5,"0.75(log(n))^2",0.85
904,1000,5,"Clayton",2000,-1.5,"0.75(log(n))^2",0.94
905,1000,5,"Clayton",2000,-1.5,"0.75(log(n))^2",0.96
906,1000,5,"Clayton",2000,-1.5,"0.75(log(n))^2",0.81
907,1000,5,"Clayton",2000,-1.5,"0.75(log(n))^2",0.88
908,1000,5,"Clayton",2000,-1.5,"0.75(log(n))^2",0.32
909,1000,5,"Clayton",2000,-1.5,"0.75(log(n))^2",0.45
910,1000,5,"Clayton",2000,-1.5,"0.75(log(n))^2",0.98
911,1000,5,"Clayton",2000,-1.5,"0.75(log(n))^2",0.84
912,1000,5,"Clayton",2000,-1.5,"0.75(log(n))^2",0.87
913,1000,5,"Clayton",2000,-1.5,"0.75(log(n))^2",0.97
914,1000,5,"Clayton",2000,-1.5,"0.75(log(n))^2",0.67
915,1000,5,"Clayton",2000,-1.5,"0.75(log(n))^2",0.78
916,1000,5,"Clayton",2000,-1.5,"0.75(log(n))^2",0.98
917,1000,5,"Clayton",2000,-1.5,"0.75(log(n))^2",0.97
918,1000,5,"Clayton",2000,-1.5,"0.75(log(n))^2",0.8
919,1000,5,"Clayton",2000,-1.5,"0.75(log(n))^2",0.99
920,1000,5,"Clayton",2000,-1.5,"0.75(log(n))^2",0.82
921,1000,5,"Clayton",2000,-1.5,"0.75(log(n))^2",1
922,1000,5,"Clayton",2000,-1.5,"0.75(log(n))^2",0.78
923,1000,5,"Clayton",2000,-1.5,"0.75(log(n))^2",1
924,1000,5,"Clayton",2000,-1.5,"0.75(log(n))^2",0.48
925,1000,5,"Clayton",2000,-1.5,"0.75(log(n))^2",0.97
926,1000,5,"Clayton",2000,-1.5,"0.75(log(n))^2",1
927,1000,5,"Clayton",2000,-1.5,"0.75(log(n))^2",0.93
928,1000,5,"Clayton",2000,-1.5,"0.75(log(n))^2",0.56
929,1000,5,"Clayton",2000,-1.5,"0.75(log(n))^2",0.75
930,1000,5,"Clayton",2000,-1.5,"0.75(log(n))^2",0.85
931,1000,5,"Clayton",2000,-1.5,"0.75(log(n))^2",0.98
932,1000,5,"Clayton",2000,-1.5,"0.75(log(n))^2",0.74
933,1000,5,"Clayton",2000,-1.5,"0.75(log(n))^2",1
934,1000,5,"Clayton",2000,-1.5,"0.75(log(n))^2",0.96
935,1000,5,"Clayton",2000,-1.5,"0.75(log(n))^2",0.32
936,1000,5,"Clayton",2000,-1.5,"0.75(log(n))^2",0.43
937,1000,5,"Clayton",2000,-1.5,"0.75(log(n))^2",0.94
938,1000,5,"Clayton",2000,-1.5,"0.75(log(n))^2",0.84
939,1000,5,"Clayton",2000,-1.5,"0.75(log(n))^2",0.79
940,1000,5,"Clayton",2000,-1.5,"0.75(log(n))^2",0.98
941,1000,5,"Clayton",2000,-1.5,"0.75(log(n))^2",0.88
942,1000,5,"Clayton",2000,-1.5,"0.75(log(n))^2",1
943,1000,5,"Clayton",2000,-1.5,"0.75(log(n))^2",0.77
944,1000,5,"Clayton",2000,-1.5,"0.75(log(n))^2",0.59
945,1000,5,"Clayton",2000,-1.5,"0.75(log(n))^2",0.99
946,1000,5,"Clayton",2000,-1.5,"0.75(log(n))^2",0.88
947,1000,5,"Clayton",2000,-1.5,"0.75(log(n))^2",0.78
948,1000,5,"Clayton",2000,-1.5,"0.75(log(n))^2",0.4
949,1000,5,"Clayton",2000,-1.5,"0.75(log(n))^2",0.99
950,1000,5,"Clayton",2000,-1.5,"0.75(log(n))^2",0.71
951,1000,5,"Clayton",2000,-1.5,"0.75(log(n))^2",0.65
952,1000,5,"Clayton",2000,-1.5,"0.75(log(n))^2",0.77
953,1000,5,"Clayton",2000,-1.5,"0.75(log(n))^2",0.94
954,1000,5,"Clayton",2000,-1.5,"0.75(log(n))^2",0.8
955,1000,5,"Clayton",2000,-1.5,"0.75(log(n))^2",1
956,1000,5,"Clayton",2000,-1.5,"0.75(log(n))^2",0.79
957,1000,5,"Clayton",2000,-1.5,"0.75(log(n))^2",0.45
958,1000,5,"Clayton",2000,-1.5,"0.75(log(n))^2",1
959,1000,5,"Clayton",2000,-1.5,"0.75(log(n))^2",0.42
960,1000,5,"Clayton",2000,-1.5,"0.75(log(n))^2",0.96
961,1000,5,"Clayton",2000,-1.5,"0.75(log(n))^2",0.87
962,1000,5,"Clayton",2000,-1.5,"0.75(log(n))^2",0.88
963,1000,5,"Clayton",2000,-1.5,"0.75(log(n))^2",0.78
964,1000,5,"Clayton",2000,-1.5,"0.75(log(n))^2",0.95
965,1000,5,"Clayton",2000,-1.5,"0.75(log(n))^2",0.76
966,1000,5,"Clayton",2000,-1.5,"0.75(log(n))^2",0.93
967,1000,5,"Clayton",2000,-1.5,"0.75(log(n))^2",0.63
968,1000,5,"Clayton",2000,-1.5,"0.75(log(n))^2",0.11
969,1000,5,"Clayton",2000,-1.5,"0.75(log(n))^2",0.87
970,1000,5,"Clayton",2000,-1.5,"0.75(log(n))^2",0.58
971,1000,5,"Clayton",2000,-1.5,"0.75(log(n))^2",0.89
972,1000,5,"Clayton",2000,-1.5,"0.75(log(n))^2",0.19
973,1000,5,"Clayton",2000,-1.5,"0.75(log(n))^2",0.5
974,1000,5,"Clayton",2000,-1.5,"0.75(log(n))^2",0.3
975,1000,5,"Clayton",2000,-1.5,"0.75(log(n))^2",0.92
976,1000,5,"Clayton",2000,-1.5,"0.75(log(n))^2",0.75
977,1000,5,"Clayton",2000,-1.5,"0.75(log(n))^2",0.94
978,1000,5,"Clayton",2000,-1.5,"0.75(log(n))^2",0.59
979,1000,5,"Clayton",2000,-1.5,"0.75(log(n))^2",0.94
980,1000,5,"Clayton",2000,-1.5,"0.75(log(n))^2",0.73
981,1000,5,"Clayton",2000,-1.5,"0.75(log(n))^2",0.67
982,1000,5,"Clayton",2000,-1.5,"0.75(log(n))^2",0.95
983,1000,5,"Clayton",2000,-1.5,"0.75(log(n))^2",0.78
984,1000,5,"Clayton",2000,-1.5,"0.75(log(n))^2",0.95
985,1000,5,"Clayton",2000,-1.5,"0.75(log(n))^2",0.78
986,1000,5,"Clayton",2000,-1.5,"0.75(log(n))^2",0.77
987,1000,5,"Clayton",2000,-1.5,"0.75(log(n))^2",0.23
988,1000,5,"Clayton",2000,-1.5,"0.75(log(n))^2",0.86
989,1000,5,"Clayton",2000,-1.5,"0.75(log(n))^2",0.15
990,1000,5,"Clayton",2000,-1.5,"0.75(log(n))^2",0.97
991,1000,5,"Clayton",2000,-1.5,"0.75(log(n))^2",0.93
992,1000,5,"Clayton",2000,-1.5,"0.75(log(n))^2",0.69
993,1000,5,"Clayton",2000,-1.5,"0.75(log(n))^2",0.52
994,1000,5,"Clayton",2000,-1.5,"0.75(log(n))^2",0.97
995,1000,5,"Clayton",2000,-1.5,"0.75(log(n))^2",0.92
996,1000,5,"Clayton",2000,-1.5,"0.75(log(n))^2",0.78
997,1000,5,"Clayton",2000,-1.5,"0.75(log(n))^2",0.52
998,1000,5,"Clayton",2000,-1.5,"0.75(log(n))^2",1
999,1000,5,"Clayton",2000,-1.5,"0.75(log(n))^2",0.8
1000,1000,5,"Clayton",2000,-1.5,"0.75(log(n))^2",0.72
1,1000,5,"Clayton",2000,-1.5,"0.5(log(n))^2",0.65
2,1000,5,"Clayton",2000,-1.5,"0.5(log(n))^2",0.37
3,1000,5,"Clayton",2000,-1.5,"0.5(log(n))^2",0.57
4,1000,5,"Clayton",2000,-1.5,"0.5(log(n))^2",0.76
5,1000,5,"Clayton",2000,-1.5,"0.5(log(n))^2",0.64
6,1000,5,"Clayton",2000,-1.5,"0.5(log(n))^2",0.5
7,1000,5,"Clayton",2000,-1.5,"0.5(log(n))^2",0.68
8,1000,5,"Clayton",2000,-1.5,"0.5(log(n))^2",0.79
9,1000,5,"Clayton",2000,-1.5,"0.5(log(n))^2",0.7
10,1000,5,"Clayton",2000,-1.5,"0.5(log(n))^2",0.98
11,1000,5,"Clayton",2000,-1.5,"0.5(log(n))^2",0.66
12,1000,5,"Clayton",2000,-1.5,"0.5(log(n))^2",0.96
13,1000,5,"Clayton",2000,-1.5,"0.5(log(n))^2",0.94
14,1000,5,"Clayton",2000,-1.5,"0.5(log(n))^2",0.72
15,1000,5,"Clayton",2000,-1.5,"0.5(log(n))^2",0.99
16,1000,5,"Clayton",2000,-1.5,"0.5(log(n))^2",0.52
17,1000,5,"Clayton",2000,-1.5,"0.5(log(n))^2",0.75
18,1000,5,"Clayton",2000,-1.5,"0.5(log(n))^2",0.42
19,1000,5,"Clayton",2000,-1.5,"0.5(log(n))^2",0.52
20,1000,5,"Clayton",2000,-1.5,"0.5(log(n))^2",0.99
21,1000,5,"Clayton",2000,-1.5,"0.5(log(n))^2",0.25
22,1000,5,"Clayton",2000,-1.5,"0.5(log(n))^2",0.99
23,1000,5,"Clayton",2000,-1.5,"0.5(log(n))^2",0.68
24,1000,5,"Clayton",2000,-1.5,"0.5(log(n))^2",0.95
25,1000,5,"Clayton",2000,-1.5,"0.5(log(n))^2",0.78
26,1000,5,"Clayton",2000,-1.5,"0.5(log(n))^2",0.63
27,1000,5,"Clayton",2000,-1.5,"0.5(log(n))^2",0.91
28,1000,5,"Clayton",2000,-1.5,"0.5(log(n))^2",0.65
29,1000,5,"Clayton",2000,-1.5,"0.5(log(n))^2",0.87
30,1000,5,"Clayton",2000,-1.5,"0.5(log(n))^2",0.81
31,1000,5,"Clayton",2000,-1.5,"0.5(log(n))^2",0.98
32,1000,5,"Clayton",2000,-1.5,"0.5(log(n))^2",0.94
33,1000,5,"Clayton",2000,-1.5,"0.5(log(n))^2",0.9
34,1000,5,"Clayton",2000,-1.5,"0.5(log(n))^2",0.74
35,1000,5,"Clayton",2000,-1.5,"0.5(log(n))^2",0.47
36,1000,5,"Clayton",2000,-1.5,"0.5(log(n))^2",0.94
37,1000,5,"Clayton",2000,-1.5,"0.5(log(n))^2",0.86
38,1000,5,"Clayton",2000,-1.5,"0.5(log(n))^2",0.1
39,1000,5,"Clayton",2000,-1.5,"0.5(log(n))^2",0.99
40,1000,5,"Clayton",2000,-1.5,"0.5(log(n))^2",0.59
41,1000,5,"Clayton",2000,-1.5,"0.5(log(n))^2",0.66
42,1000,5,"Clayton",2000,-1.5,"0.5(log(n))^2",0.2
43,1000,5,"Clayton",2000,-1.5,"0.5(log(n))^2",0.97
44,1000,5,"Clayton",2000,-1.5,"0.5(log(n))^2",0.72
45,1000,5,"Clayton",2000,-1.5,"0.5(log(n))^2",0.56
46,1000,5,"Clayton",2000,-1.5,"0.5(log(n))^2",0.94
47,1000,5,"Clayton",2000,-1.5,"0.5(log(n))^2",1
48,1000,5,"Clayton",2000,-1.5,"0.5(log(n))^2",0.97
49,1000,5,"Clayton",2000,-1.5,"0.5(log(n))^2",0.9
50,1000,5,"Clayton",2000,-1.5,"0.5(log(n))^2",1
51,1000,5,"Clayton",2000,-1.5,"0.5(log(n))^2",1
52,1000,5,"Clayton",2000,-1.5,"0.5(log(n))^2",0.55
53,1000,5,"Clayton",2000,-1.5,"0.5(log(n))^2",0.82
54,1000,5,"Clayton",2000,-1.5,"0.5(log(n))^2",0.56
55,1000,5,"Clayton",2000,-1.5,"0.5(log(n))^2",0.82
56,1000,5,"Clayton",2000,-1.5,"0.5(log(n))^2",0.99
57,1000,5,"Clayton",2000,-1.5,"0.5(log(n))^2",0.36
58,1000,5,"Clayton",2000,-1.5,"0.5(log(n))^2",0.71
59,1000,5,"Clayton",2000,-1.5,"0.5(log(n))^2",0.8
60,1000,5,"Clayton",2000,-1.5,"0.5(log(n))^2",0.94
61,1000,5,"Clayton",2000,-1.5,"0.5(log(n))^2",0.96
62,1000,5,"Clayton",2000,-1.5,"0.5(log(n))^2",0.57
63,1000,5,"Clayton",2000,-1.5,"0.5(log(n))^2",0.96
64,1000,5,"Clayton",2000,-1.5,"0.5(log(n))^2",0.6
65,1000,5,"Clayton",2000,-1.5,"0.5(log(n))^2",0.44
66,1000,5,"Clayton",2000,-1.5,"0.5(log(n))^2",0.99
67,1000,5,"Clayton",2000,-1.5,"0.5(log(n))^2",0.94
68,1000,5,"Clayton",2000,-1.5,"0.5(log(n))^2",0.78
69,1000,5,"Clayton",2000,-1.5,"0.5(log(n))^2",0.23
70,1000,5,"Clayton",2000,-1.5,"0.5(log(n))^2",0.47
71,1000,5,"Clayton",2000,-1.5,"0.5(log(n))^2",0.29
72,1000,5,"Clayton",2000,-1.5,"0.5(log(n))^2",0.84
73,1000,5,"Clayton",2000,-1.5,"0.5(log(n))^2",0.75
74,1000,5,"Clayton",2000,-1.5,"0.5(log(n))^2",0.97
75,1000,5,"Clayton",2000,-1.5,"0.5(log(n))^2",0.3
76,1000,5,"Clayton",2000,-1.5,"0.5(log(n))^2",0.44
77,1000,5,"Clayton",2000,-1.5,"0.5(log(n))^2",0.3
78,1000,5,"Clayton",2000,-1.5,"0.5(log(n))^2",0.98
79,1000,5,"Clayton",2000,-1.5,"0.5(log(n))^2",0.22
80,1000,5,"Clayton",2000,-1.5,"0.5(log(n))^2",0.7
81,1000,5,"Clayton",2000,-1.5,"0.5(log(n))^2",0.8
82,1000,5,"Clayton",2000,-1.5,"0.5(log(n))^2",1
83,1000,5,"Clayton",2000,-1.5,"0.5(log(n))^2",0.96
84,1000,5,"Clayton",2000,-1.5,"0.5(log(n))^2",0.25
85,1000,5,"Clayton",2000,-1.5,"0.5(log(n))^2",0.82
86,1000,5,"Clayton",2000,-1.5,"0.5(log(n))^2",0.91
87,1000,5,"Clayton",2000,-1.5,"0.5(log(n))^2",0.7
88,1000,5,"Clayton",2000,-1.5,"0.5(log(n))^2",0.58
89,1000,5,"Clayton",2000,-1.5,"0.5(log(n))^2",0.7
90,1000,5,"Clayton",2000,-1.5,"0.5(log(n))^2",0.76
91,1000,5,"Clayton",2000,-1.5,"0.5(log(n))^2",0.93
92,1000,5,"Clayton",2000,-1.5,"0.5(log(n))^2",0.95
93,1000,5,"Clayton",2000,-1.5,"0.5(log(n))^2",0.7
94,1000,5,"Clayton",2000,-1.5,"0.5(log(n))^2",0.9
95,1000,5,"Clayton",2000,-1.5,"0.5(log(n))^2",0.58
96,1000,5,"Clayton",2000,-1.5,"0.5(log(n))^2",0.9
97,1000,5,"Clayton",2000,-1.5,"0.5(log(n))^2",0.37
98,1000,5,"Clayton",2000,-1.5,"0.5(log(n))^2",0.92
99,1000,5,"Clayton",2000,-1.5,"0.5(log(n))^2",0.7
100,1000,5,"Clayton",2000,-1.5,"0.5(log(n))^2",0.93
101,1000,5,"Clayton",2000,-1.5,"0.5(log(n))^2",0.62
102,1000,5,"Clayton",2000,-1.5,"0.5(log(n))^2",0.9
103,1000,5,"Clayton",2000,-1.5,"0.5(log(n))^2",0.33
104,1000,5,"Clayton",2000,-1.5,"0.5(log(n))^2",0.31
105,1000,5,"Clayton",2000,-1.5,"0.5(log(n))^2",0.74
106,1000,5,"Clayton",2000,-1.5,"0.5(log(n))^2",0.97
107,1000,5,"Clayton",2000,-1.5,"0.5(log(n))^2",0.96
108,1000,5,"Clayton",2000,-1.5,"0.5(log(n))^2",0.57
109,1000,5,"Clayton",2000,-1.5,"0.5(log(n))^2",0.78
110,1000,5,"Clayton",2000,-1.5,"0.5(log(n))^2",0.48
111,1000,5,"Clayton",2000,-1.5,"0.5(log(n))^2",0.69
112,1000,5,"Clayton",2000,-1.5,"0.5(log(n))^2",0.93
113,1000,5,"Clayton",2000,-1.5,"0.5(log(n))^2",0.75
114,1000,5,"Clayton",2000,-1.5,"0.5(log(n))^2",1
115,1000,5,"Clayton",2000,-1.5,"0.5(log(n))^2",0.31
116,1000,5,"Clayton",2000,-1.5,"0.5(log(n))^2",0.91
117,1000,5,"Clayton",2000,-1.5,"0.5(log(n))^2",0.41
118,1000,5,"Clayton",2000,-1.5,"0.5(log(n))^2",0.99
119,1000,5,"Clayton",2000,-1.5,"0.5(log(n))^2",0.64
120,1000,5,"Clayton",2000,-1.5,"0.5(log(n))^2",0.87
121,1000,5,"Clayton",2000,-1.5,"0.5(log(n))^2",0.93
122,1000,5,"Clayton",2000,-1.5,"0.5(log(n))^2",0.32
123,1000,5,"Clayton",2000,-1.5,"0.5(log(n))^2",1
124,1000,5,"Clayton",2000,-1.5,"0.5(log(n))^2",0.99
125,1000,5,"Clayton",2000,-1.5,"0.5(log(n))^2",0.82
126,1000,5,"Clayton",2000,-1.5,"0.5(log(n))^2",0.98
127,1000,5,"Clayton",2000,-1.5,"0.5(log(n))^2",0.76
128,1000,5,"Clayton",2000,-1.5,"0.5(log(n))^2",0.17
129,1000,5,"Clayton",2000,-1.5,"0.5(log(n))^2",1
130,1000,5,"Clayton",2000,-1.5,"0.5(log(n))^2",0.87
131,1000,5,"Clayton",2000,-1.5,"0.5(log(n))^2",0.9
132,1000,5,"Clayton",2000,-1.5,"0.5(log(n))^2",0.58
133,1000,5,"Clayton",2000,-1.5,"0.5(log(n))^2",0.61
134,1000,5,"Clayton",2000,-1.5,"0.5(log(n))^2",0.98
135,1000,5,"Clayton",2000,-1.5,"0.5(log(n))^2",0.78
136,1000,5,"Clayton",2000,-1.5,"0.5(log(n))^2",0.77
137,1000,5,"Clayton",2000,-1.5,"0.5(log(n))^2",1
138,1000,5,"Clayton",2000,-1.5,"0.5(log(n))^2",0.75
139,1000,5,"Clayton",2000,-1.5,"0.5(log(n))^2",0.97
140,1000,5,"Clayton",2000,-1.5,"0.5(log(n))^2",0.93
141,1000,5,"Clayton",2000,-1.5,"0.5(log(n))^2",0.89
142,1000,5,"Clayton",2000,-1.5,"0.5(log(n))^2",0.39
143,1000,5,"Clayton",2000,-1.5,"0.5(log(n))^2",1
144,1000,5,"Clayton",2000,-1.5,"0.5(log(n))^2",0.16
145,1000,5,"Clayton",2000,-1.5,"0.5(log(n))^2",0.71
146,1000,5,"Clayton",2000,-1.5,"0.5(log(n))^2",0.87
147,1000,5,"Clayton",2000,-1.5,"0.5(log(n))^2",0.87
148,1000,5,"Clayton",2000,-1.5,"0.5(log(n))^2",0.7
149,1000,5,"Clayton",2000,-1.5,"0.5(log(n))^2",0.38
150,1000,5,"Clayton",2000,-1.5,"0.5(log(n))^2",0.66
151,1000,5,"Clayton",2000,-1.5,"0.5(log(n))^2",0.95
152,1000,5,"Clayton",2000,-1.5,"0.5(log(n))^2",1
153,1000,5,"Clayton",2000,-1.5,"0.5(log(n))^2",0.62
154,1000,5,"Clayton",2000,-1.5,"0.5(log(n))^2",0.35
155,1000,5,"Clayton",2000,-1.5,"0.5(log(n))^2",0.79
156,1000,5,"Clayton",2000,-1.5,"0.5(log(n))^2",0.91
157,1000,5,"Clayton",2000,-1.5,"0.5(log(n))^2",0.24
158,1000,5,"Clayton",2000,-1.5,"0.5(log(n))^2",0.81
159,1000,5,"Clayton",2000,-1.5,"0.5(log(n))^2",1
160,1000,5,"Clayton",2000,-1.5,"0.5(log(n))^2",0.89
161,1000,5,"Clayton",2000,-1.5,"0.5(log(n))^2",0.94
162,1000,5,"Clayton",2000,-1.5,"0.5(log(n))^2",0.79
163,1000,5,"Clayton",2000,-1.5,"0.5(log(n))^2",0.81
164,1000,5,"Clayton",2000,-1.5,"0.5(log(n))^2",0.94
165,1000,5,"Clayton",2000,-1.5,"0.5(log(n))^2",0.98
166,1000,5,"Clayton",2000,-1.5,"0.5(log(n))^2",0.82
167,1000,5,"Clayton",2000,-1.5,"0.5(log(n))^2",0.85
168,1000,5,"Clayton",2000,-1.5,"0.5(log(n))^2",1
169,1000,5,"Clayton",2000,-1.5,"0.5(log(n))^2",0.34
170,1000,5,"Clayton",2000,-1.5,"0.5(log(n))^2",1
171,1000,5,"Clayton",2000,-1.5,"0.5(log(n))^2",0.44
172,1000,5,"Clayton",2000,-1.5,"0.5(log(n))^2",0.61
173,1000,5,"Clayton",2000,-1.5,"0.5(log(n))^2",0.96
174,1000,5,"Clayton",2000,-1.5,"0.5(log(n))^2",0.84
175,1000,5,"Clayton",2000,-1.5,"0.5(log(n))^2",1
176,1000,5,"Clayton",2000,-1.5,"0.5(log(n))^2",0.64
177,1000,5,"Clayton",2000,-1.5,"0.5(log(n))^2",0.71
178,1000,5,"Clayton",2000,-1.5,"0.5(log(n))^2",0.77
179,1000,5,"Clayton",2000,-1.5,"0.5(log(n))^2",1
180,1000,5,"Clayton",2000,-1.5,"0.5(log(n))^2",0.6
181,1000,5,"Clayton",2000,-1.5,"0.5(log(n))^2",0.4
182,1000,5,"Clayton",2000,-1.5,"0.5(log(n))^2",0.44
183,1000,5,"Clayton",2000,-1.5,"0.5(log(n))^2",0.65
184,1000,5,"Clayton",2000,-1.5,"0.5(log(n))^2",0.83
185,1000,5,"Clayton",2000,-1.5,"0.5(log(n))^2",0.33
186,1000,5,"Clayton",2000,-1.5,"0.5(log(n))^2",0.43
187,1000,5,"Clayton",2000,-1.5,"0.5(log(n))^2",0.95
188,1000,5,"Clayton",2000,-1.5,"0.5(log(n))^2",1
189,1000,5,"Clayton",2000,-1.5,"0.5(log(n))^2",0.62
190,1000,5,"Clayton",2000,-1.5,"0.5(log(n))^2",0.97
191,1000,5,"Clayton",2000,-1.5,"0.5(log(n))^2",0.44
192,1000,5,"Clayton",2000,-1.5,"0.5(log(n))^2",1
193,1000,5,"Clayton",2000,-1.5,"0.5(log(n))^2",1
194,1000,5,"Clayton",2000,-1.5,"0.5(log(n))^2",0.42
195,1000,5,"Clayton",2000,-1.5,"0.5(log(n))^2",0.7
196,1000,5,"Clayton",2000,-1.5,"0.5(log(n))^2",0.98
197,1000,5,"Clayton",2000,-1.5,"0.5(log(n))^2",1
198,1000,5,"Clayton",2000,-1.5,"0.5(log(n))^2",0.95
199,1000,5,"Clayton",2000,-1.5,"0.5(log(n))^2",0.8
200,1000,5,"Clayton",2000,-1.5,"0.5(log(n))^2",0.99
201,1000,5,"Clayton",2000,-1.5,"0.5(log(n))^2",0.99
202,1000,5,"Clayton",2000,-1.5,"0.5(log(n))^2",0.99
203,1000,5,"Clayton",2000,-1.5,"0.5(log(n))^2",0.96
204,1000,5,"Clayton",2000,-1.5,"0.5(log(n))^2",0.99
205,1000,5,"Clayton",2000,-1.5,"0.5(log(n))^2",0.93
206,1000,5,"Clayton",2000,-1.5,"0.5(log(n))^2",0.95
207,1000,5,"Clayton",2000,-1.5,"0.5(log(n))^2",0.37
208,1000,5,"Clayton",2000,-1.5,"0.5(log(n))^2",0.43
209,1000,5,"Clayton",2000,-1.5,"0.5(log(n))^2",1
210,1000,5,"Clayton",2000,-1.5,"0.5(log(n))^2",0.75
211,1000,5,"Clayton",2000,-1.5,"0.5(log(n))^2",0.89
212,1000,5,"Clayton",2000,-1.5,"0.5(log(n))^2",0.63
213,1000,5,"Clayton",2000,-1.5,"0.5(log(n))^2",0.85
214,1000,5,"Clayton",2000,-1.5,"0.5(log(n))^2",0.66
215,1000,5,"Clayton",2000,-1.5,"0.5(log(n))^2",0.72
216,1000,5,"Clayton",2000,-1.5,"0.5(log(n))^2",0.96
217,1000,5,"Clayton",2000,-1.5,"0.5(log(n))^2",0.94
218,1000,5,"Clayton",2000,-1.5,"0.5(log(n))^2",0.97
219,1000,5,"Clayton",2000,-1.5,"0.5(log(n))^2",0.77
220,1000,5,"Clayton",2000,-1.5,"0.5(log(n))^2",0.75
221,1000,5,"Clayton",2000,-1.5,"0.5(log(n))^2",0.74
222,1000,5,"Clayton",2000,-1.5,"0.5(log(n))^2",0.97
223,1000,5,"Clayton",2000,-1.5,"0.5(log(n))^2",0.71
224,1000,5,"Clayton",2000,-1.5,"0.5(log(n))^2",0.79
225,1000,5,"Clayton",2000,-1.5,"0.5(log(n))^2",0.68
226,1000,5,"Clayton",2000,-1.5,"0.5(log(n))^2",0.99
227,1000,5,"Clayton",2000,-1.5,"0.5(log(n))^2",0.84
228,1000,5,"Clayton",2000,-1.5,"0.5(log(n))^2",0.99
229,1000,5,"Clayton",2000,-1.5,"0.5(log(n))^2",0.89
230,1000,5,"Clayton",2000,-1.5,"0.5(log(n))^2",0.99
231,1000,5,"Clayton",2000,-1.5,"0.5(log(n))^2",0.57
232,1000,5,"Clayton",2000,-1.5,"0.5(log(n))^2",0.35
233,1000,5,"Clayton",2000,-1.5,"0.5(log(n))^2",0.61
234,1000,5,"Clayton",2000,-1.5,"0.5(log(n))^2",0.27
235,1000,5,"Clayton",2000,-1.5,"0.5(log(n))^2",0.9
236,1000,5,"Clayton",2000,-1.5,"0.5(log(n))^2",0.88
237,1000,5,"Clayton",2000,-1.5,"0.5(log(n))^2",0.98
238,1000,5,"Clayton",2000,-1.5,"0.5(log(n))^2",0.77
239,1000,5,"Clayton",2000,-1.5,"0.5(log(n))^2",0.56
240,1000,5,"Clayton",2000,-1.5,"0.5(log(n))^2",0.73
241,1000,5,"Clayton",2000,-1.5,"0.5(log(n))^2",0.47
242,1000,5,"Clayton",2000,-1.5,"0.5(log(n))^2",0.33
243,1000,5,"Clayton",2000,-1.5,"0.5(log(n))^2",0.32
244,1000,5,"Clayton",2000,-1.5,"0.5(log(n))^2",0.68
245,1000,5,"Clayton",2000,-1.5,"0.5(log(n))^2",0.7
246,1000,5,"Clayton",2000,-1.5,"0.5(log(n))^2",0.75
247,1000,5,"Clayton",2000,-1.5,"0.5(log(n))^2",0.49
248,1000,5,"Clayton",2000,-1.5,"0.5(log(n))^2",0.81
249,1000,5,"Clayton",2000,-1.5,"0.5(log(n))^2",0.72
250,1000,5,"Clayton",2000,-1.5,"0.5(log(n))^2",0.69
251,1000,5,"Clayton",2000,-1.5,"0.5(log(n))^2",0.57
252,1000,5,"Clayton",2000,-1.5,"0.5(log(n))^2",0.74
253,1000,5,"Clayton",2000,-1.5,"0.5(log(n))^2",0.94
254,1000,5,"Clayton",2000,-1.5,"0.5(log(n))^2",0.81
255,1000,5,"Clayton",2000,-1.5,"0.5(log(n))^2",0.29
256,1000,5,"Clayton",2000,-1.5,"0.5(log(n))^2",0.83
257,1000,5,"Clayton",2000,-1.5,"0.5(log(n))^2",0.75
258,1000,5,"Clayton",2000,-1.5,"0.5(log(n))^2",0.68
259,1000,5,"Clayton",2000,-1.5,"0.5(log(n))^2",0.08
260,1000,5,"Clayton",2000,-1.5,"0.5(log(n))^2",0.78
261,1000,5,"Clayton",2000,-1.5,"0.5(log(n))^2",0.88
262,1000,5,"Clayton",2000,-1.5,"0.5(log(n))^2",0.98
263,1000,5,"Clayton",2000,-1.5,"0.5(log(n))^2",0.92
264,1000,5,"Clayton",2000,-1.5,"0.5(log(n))^2",0.95
265,1000,5,"Clayton",2000,-1.5,"0.5(log(n))^2",1
266,1000,5,"Clayton",2000,-1.5,"0.5(log(n))^2",0.95
267,1000,5,"Clayton",2000,-1.5,"0.5(log(n))^2",0.95
268,1000,5,"Clayton",2000,-1.5,"0.5(log(n))^2",0.83
269,1000,5,"Clayton",2000,-1.5,"0.5(log(n))^2",0.96
270,1000,5,"Clayton",2000,-1.5,"0.5(log(n))^2",0.78
271,1000,5,"Clayton",2000,-1.5,"0.5(log(n))^2",0.65
272,1000,5,"Clayton",2000,-1.5,"0.5(log(n))^2",0.66
273,1000,5,"Clayton",2000,-1.5,"0.5(log(n))^2",0.91
274,1000,5,"Clayton",2000,-1.5,"0.5(log(n))^2",0.13
275,1000,5,"Clayton",2000,-1.5,"0.5(log(n))^2",0.74
276,1000,5,"Clayton",2000,-1.5,"0.5(log(n))^2",0.99
277,1000,5,"Clayton",2000,-1.5,"0.5(log(n))^2",0.99
278,1000,5,"Clayton",2000,-1.5,"0.5(log(n))^2",0.99
279,1000,5,"Clayton",2000,-1.5,"0.5(log(n))^2",0.33
280,1000,5,"Clayton",2000,-1.5,"0.5(log(n))^2",0.77
281,1000,5,"Clayton",2000,-1.5,"0.5(log(n))^2",0.87
282,1000,5,"Clayton",2000,-1.5,"0.5(log(n))^2",0.5
283,1000,5,"Clayton",2000,-1.5,"0.5(log(n))^2",0.87
284,1000,5,"Clayton",2000,-1.5,"0.5(log(n))^2",0.43
285,1000,5,"Clayton",2000,-1.5,"0.5(log(n))^2",0.21
286,1000,5,"Clayton",2000,-1.5,"0.5(log(n))^2",0.72
287,1000,5,"Clayton",2000,-1.5,"0.5(log(n))^2",0.5
288,1000,5,"Clayton",2000,-1.5,"0.5(log(n))^2",0.56
289,1000,5,"Clayton",2000,-1.5,"0.5(log(n))^2",0.62
290,1000,5,"Clayton",2000,-1.5,"0.5(log(n))^2",0.99
291,1000,5,"Clayton",2000,-1.5,"0.5(log(n))^2",0.62
292,1000,5,"Clayton",2000,-1.5,"0.5(log(n))^2",0.3
293,1000,5,"Clayton",2000,-1.5,"0.5(log(n))^2",0.29
294,1000,5,"Clayton",2000,-1.5,"0.5(log(n))^2",0.63
295,1000,5,"Clayton",2000,-1.5,"0.5(log(n))^2",0.29
296,1000,5,"Clayton",2000,-1.5,"0.5(log(n))^2",0.93
297,1000,5,"Clayton",2000,-1.5,"0.5(log(n))^2",0.28
298,1000,5,"Clayton",2000,-1.5,"0.5(log(n))^2",1
299,1000,5,"Clayton",2000,-1.5,"0.5(log(n))^2",0.99
300,1000,5,"Clayton",2000,-1.5,"0.5(log(n))^2",0.98
301,1000,5,"Clayton",2000,-1.5,"0.5(log(n))^2",0.93
302,1000,5,"Clayton",2000,-1.5,"0.5(log(n))^2",0.61
303,1000,5,"Clayton",2000,-1.5,"0.5(log(n))^2",0.4
304,1000,5,"Clayton",2000,-1.5,"0.5(log(n))^2",0.59
305,1000,5,"Clayton",2000,-1.5,"0.5(log(n))^2",0.76
306,1000,5,"Clayton",2000,-1.5,"0.5(log(n))^2",0.72
307,1000,5,"Clayton",2000,-1.5,"0.5(log(n))^2",0.92
308,1000,5,"Clayton",2000,-1.5,"0.5(log(n))^2",0.44
309,1000,5,"Clayton",2000,-1.5,"0.5(log(n))^2",0.5
310,1000,5,"Clayton",2000,-1.5,"0.5(log(n))^2",0.29
311,1000,5,"Clayton",2000,-1.5,"0.5(log(n))^2",0.62
312,1000,5,"Clayton",2000,-1.5,"0.5(log(n))^2",0.31
313,1000,5,"Clayton",2000,-1.5,"0.5(log(n))^2",0.76
314,1000,5,"Clayton",2000,-1.5,"0.5(log(n))^2",0.77
315,1000,5,"Clayton",2000,-1.5,"0.5(log(n))^2",0.5
316,1000,5,"Clayton",2000,-1.5,"0.5(log(n))^2",0.42
317,1000,5,"Clayton",2000,-1.5,"0.5(log(n))^2",1
318,1000,5,"Clayton",2000,-1.5,"0.5(log(n))^2",0.82
319,1000,5,"Clayton",2000,-1.5,"0.5(log(n))^2",0.99
320,1000,5,"Clayton",2000,-1.5,"0.5(log(n))^2",1
321,1000,5,"Clayton",2000,-1.5,"0.5(log(n))^2",0.81
322,1000,5,"Clayton",2000,-1.5,"0.5(log(n))^2",0.44
323,1000,5,"Clayton",2000,-1.5,"0.5(log(n))^2",0.97
324,1000,5,"Clayton",2000,-1.5,"0.5(log(n))^2",0.89
325,1000,5,"Clayton",2000,-1.5,"0.5(log(n))^2",0.99
326,1000,5,"Clayton",2000,-1.5,"0.5(log(n))^2",0.9
327,1000,5,"Clayton",2000,-1.5,"0.5(log(n))^2",0.27
328,1000,5,"Clayton",2000,-1.5,"0.5(log(n))^2",0.88
329,1000,5,"Clayton",2000,-1.5,"0.5(log(n))^2",0.68
330,1000,5,"Clayton",2000,-1.5,"0.5(log(n))^2",0.92
331,1000,5,"Clayton",2000,-1.5,"0.5(log(n))^2",0.59
332,1000,5,"Clayton",2000,-1.5,"0.5(log(n))^2",0.97
333,1000,5,"Clayton",2000,-1.5,"0.5(log(n))^2",0.59
334,1000,5,"Clayton",2000,-1.5,"0.5(log(n))^2",0.11
335,1000,5,"Clayton",2000,-1.5,"0.5(log(n))^2",0.37
336,1000,5,"Clayton",2000,-1.5,"0.5(log(n))^2",0.62
337,1000,5,"Clayton",2000,-1.5,"0.5(log(n))^2",0.82
338,1000,5,"Clayton",2000,-1.5,"0.5(log(n))^2",0.9
339,1000,5,"Clayton",2000,-1.5,"0.5(log(n))^2",0.99
340,1000,5,"Clayton",2000,-1.5,"0.5(log(n))^2",0.73
341,1000,5,"Clayton",2000,-1.5,"0.5(log(n))^2",0.95
342,1000,5,"Clayton",2000,-1.5,"0.5(log(n))^2",1
343,1000,5,"Clayton",2000,-1.5,"0.5(log(n))^2",0.77
344,1000,5,"Clayton",2000,-1.5,"0.5(log(n))^2",0.77
345,1000,5,"Clayton",2000,-1.5,"0.5(log(n))^2",0.85
346,1000,5,"Clayton",2000,-1.5,"0.5(log(n))^2",1
347,1000,5,"Clayton",2000,-1.5,"0.5(log(n))^2",0.87
348,1000,5,"Clayton",2000,-1.5,"0.5(log(n))^2",0.97
349,1000,5,"Clayton",2000,-1.5,"0.5(log(n))^2",0.61
350,1000,5,"Clayton",2000,-1.5,"0.5(log(n))^2",0.97
351,1000,5,"Clayton",2000,-1.5,"0.5(log(n))^2",0.98
352,1000,5,"Clayton",2000,-1.5,"0.5(log(n))^2",0.56
353,1000,5,"Clayton",2000,-1.5,"0.5(log(n))^2",0.44
354,1000,5,"Clayton",2000,-1.5,"0.5(log(n))^2",0.4
355,1000,5,"Clayton",2000,-1.5,"0.5(log(n))^2",0.99
356,1000,5,"Clayton",2000,-1.5,"0.5(log(n))^2",1
357,1000,5,"Clayton",2000,-1.5,"0.5(log(n))^2",1
358,1000,5,"Clayton",2000,-1.5,"0.5(log(n))^2",0.69
359,1000,5,"Clayton",2000,-1.5,"0.5(log(n))^2",0.97
360,1000,5,"Clayton",2000,-1.5,"0.5(log(n))^2",0.86
361,1000,5,"Clayton",2000,-1.5,"0.5(log(n))^2",0.38
362,1000,5,"Clayton",2000,-1.5,"0.5(log(n))^2",0.2
363,1000,5,"Clayton",2000,-1.5,"0.5(log(n))^2",0.97
364,1000,5,"Clayton",2000,-1.5,"0.5(log(n))^2",0.95
365,1000,5,"Clayton",2000,-1.5,"0.5(log(n))^2",0.98
366,1000,5,"Clayton",2000,-1.5,"0.5(log(n))^2",0.83
367,1000,5,"Clayton",2000,-1.5,"0.5(log(n))^2",0.83
368,1000,5,"Clayton",2000,-1.5,"0.5(log(n))^2",0.88
369,1000,5,"Clayton",2000,-1.5,"0.5(log(n))^2",0.74
370,1000,5,"Clayton",2000,-1.5,"0.5(log(n))^2",0.89
371,1000,5,"Clayton",2000,-1.5,"0.5(log(n))^2",0.46
372,1000,5,"Clayton",2000,-1.5,"0.5(log(n))^2",0.81
373,1000,5,"Clayton",2000,-1.5,"0.5(log(n))^2",0.42
374,1000,5,"Clayton",2000,-1.5,"0.5(log(n))^2",0.97
375,1000,5,"Clayton",2000,-1.5,"0.5(log(n))^2",0.92
376,1000,5,"Clayton",2000,-1.5,"0.5(log(n))^2",0.93
377,1000,5,"Clayton",2000,-1.5,"0.5(log(n))^2",0.18
378,1000,5,"Clayton",2000,-1.5,"0.5(log(n))^2",0.29
379,1000,5,"Clayton",2000,-1.5,"0.5(log(n))^2",0.21
380,1000,5,"Clayton",2000,-1.5,"0.5(log(n))^2",0.77
381,1000,5,"Clayton",2000,-1.5,"0.5(log(n))^2",0.38
382,1000,5,"Clayton",2000,-1.5,"0.5(log(n))^2",0.34
383,1000,5,"Clayton",2000,-1.5,"0.5(log(n))^2",0.55
384,1000,5,"Clayton",2000,-1.5,"0.5(log(n))^2",0.97
385,1000,5,"Clayton",2000,-1.5,"0.5(log(n))^2",0.56
386,1000,5,"Clayton",2000,-1.5,"0.5(log(n))^2",0.46
387,1000,5,"Clayton",2000,-1.5,"0.5(log(n))^2",0.98
388,1000,5,"Clayton",2000,-1.5,"0.5(log(n))^2",0.87
389,1000,5,"Clayton",2000,-1.5,"0.5(log(n))^2",0.63
390,1000,5,"Clayton",2000,-1.5,"0.5(log(n))^2",0.6
391,1000,5,"Clayton",2000,-1.5,"0.5(log(n))^2",0.58
392,1000,5,"Clayton",2000,-1.5,"0.5(log(n))^2",0.88
393,1000,5,"Clayton",2000,-1.5,"0.5(log(n))^2",0.86
394,1000,5,"Clayton",2000,-1.5,"0.5(log(n))^2",0.75
395,1000,5,"Clayton",2000,-1.5,"0.5(log(n))^2",0.57
396,1000,5,"Clayton",2000,-1.5,"0.5(log(n))^2",0.7
397,1000,5,"Clayton",2000,-1.5,"0.5(log(n))^2",0.96
398,1000,5,"Clayton",2000,-1.5,"0.5(log(n))^2",0.94
399,1000,5,"Clayton",2000,-1.5,"0.5(log(n))^2",0.83
400,1000,5,"Clayton",2000,-1.5,"0.5(log(n))^2",0.88
401,1000,5,"Clayton",2000,-1.5,"0.5(log(n))^2",0.77
402,1000,5,"Clayton",2000,-1.5,"0.5(log(n))^2",0.32
403,1000,5,"Clayton",2000,-1.5,"0.5(log(n))^2",0.53
404,1000,5,"Clayton",2000,-1.5,"0.5(log(n))^2",0.92
405,1000,5,"Clayton",2000,-1.5,"0.5(log(n))^2",0.32
406,1000,5,"Clayton",2000,-1.5,"0.5(log(n))^2",0.93
407,1000,5,"Clayton",2000,-1.5,"0.5(log(n))^2",0.99
408,1000,5,"Clayton",2000,-1.5,"0.5(log(n))^2",0.89
409,1000,5,"Clayton",2000,-1.5,"0.5(log(n))^2",1
410,1000,5,"Clayton",2000,-1.5,"0.5(log(n))^2",1
411,1000,5,"Clayton",2000,-1.5,"0.5(log(n))^2",0.82
412,1000,5,"Clayton",2000,-1.5,"0.5(log(n))^2",0.27
413,1000,5,"Clayton",2000,-1.5,"0.5(log(n))^2",0.57
414,1000,5,"Clayton",2000,-1.5,"0.5(log(n))^2",0.51
415,1000,5,"Clayton",2000,-1.5,"0.5(log(n))^2",0.89
416,1000,5,"Clayton",2000,-1.5,"0.5(log(n))^2",0.79
417,1000,5,"Clayton",2000,-1.5,"0.5(log(n))^2",0.97
418,1000,5,"Clayton",2000,-1.5,"0.5(log(n))^2",0.37
419,1000,5,"Clayton",2000,-1.5,"0.5(log(n))^2",0.51
420,1000,5,"Clayton",2000,-1.5,"0.5(log(n))^2",1
421,1000,5,"Clayton",2000,-1.5,"0.5(log(n))^2",0.67
422,1000,5,"Clayton",2000,-1.5,"0.5(log(n))^2",0.97
423,1000,5,"Clayton",2000,-1.5,"0.5(log(n))^2",0.38
424,1000,5,"Clayton",2000,-1.5,"0.5(log(n))^2",0.72
425,1000,5,"Clayton",2000,-1.5,"0.5(log(n))^2",0.56
426,1000,5,"Clayton",2000,-1.5,"0.5(log(n))^2",0.79
427,1000,5,"Clayton",2000,-1.5,"0.5(log(n))^2",0.99
428,1000,5,"Clayton",2000,-1.5,"0.5(log(n))^2",0.37
429,1000,5,"Clayton",2000,-1.5,"0.5(log(n))^2",1
430,1000,5,"Clayton",2000,-1.5,"0.5(log(n))^2",0.89
431,1000,5,"Clayton",2000,-1.5,"0.5(log(n))^2",0.99
432,1000,5,"Clayton",2000,-1.5,"0.5(log(n))^2",0.77
433,1000,5,"Clayton",2000,-1.5,"0.5(log(n))^2",1
434,1000,5,"Clayton",2000,-1.5,"0.5(log(n))^2",0.85
435,1000,5,"Clayton",2000,-1.5,"0.5(log(n))^2",0.75
436,1000,5,"Clayton",2000,-1.5,"0.5(log(n))^2",0.95
437,1000,5,"Clayton",2000,-1.5,"0.5(log(n))^2",0.82
438,1000,5,"Clayton",2000,-1.5,"0.5(log(n))^2",0.47
439,1000,5,"Clayton",2000,-1.5,"0.5(log(n))^2",0.93
440,1000,5,"Clayton",2000,-1.5,"0.5(log(n))^2",0.94
441,1000,5,"Clayton",2000,-1.5,"0.5(log(n))^2",0.66
442,1000,5,"Clayton",2000,-1.5,"0.5(log(n))^2",0.55
443,1000,5,"Clayton",2000,-1.5,"0.5(log(n))^2",0.91
444,1000,5,"Clayton",2000,-1.5,"0.5(log(n))^2",0.96
445,1000,5,"Clayton",2000,-1.5,"0.5(log(n))^2",0.75
446,1000,5,"Clayton",2000,-1.5,"0.5(log(n))^2",0.97
447,1000,5,"Clayton",2000,-1.5,"0.5(log(n))^2",0.96
448,1000,5,"Clayton",2000,-1.5,"0.5(log(n))^2",0.55
449,1000,5,"Clayton",2000,-1.5,"0.5(log(n))^2",0.78
450,1000,5,"Clayton",2000,-1.5,"0.5(log(n))^2",0.53
451,1000,5,"Clayton",2000,-1.5,"0.5(log(n))^2",0.04
452,1000,5,"Clayton",2000,-1.5,"0.5(log(n))^2",0.35
453,1000,5,"Clayton",2000,-1.5,"0.5(log(n))^2",0.48
454,1000,5,"Clayton",2000,-1.5,"0.5(log(n))^2",0.96
455,1000,5,"Clayton",2000,-1.5,"0.5(log(n))^2",0.81
456,1000,5,"Clayton",2000,-1.5,"0.5(log(n))^2",0.49
457,1000,5,"Clayton",2000,-1.5,"0.5(log(n))^2",0.81
458,1000,5,"Clayton",2000,-1.5,"0.5(log(n))^2",0.97
459,1000,5,"Clayton",2000,-1.5,"0.5(log(n))^2",0.4
460,1000,5,"Clayton",2000,-1.5,"0.5(log(n))^2",0.96
461,1000,5,"Clayton",2000,-1.5,"0.5(log(n))^2",0.77
462,1000,5,"Clayton",2000,-1.5,"0.5(log(n))^2",0.5
463,1000,5,"Clayton",2000,-1.5,"0.5(log(n))^2",0.97
464,1000,5,"Clayton",2000,-1.5,"0.5(log(n))^2",0.96
465,1000,5,"Clayton",2000,-1.5,"0.5(log(n))^2",0.95
466,1000,5,"Clayton",2000,-1.5,"0.5(log(n))^2",0.9
467,1000,5,"Clayton",2000,-1.5,"0.5(log(n))^2",1
468,1000,5,"Clayton",2000,-1.5,"0.5(log(n))^2",1
469,1000,5,"Clayton",2000,-1.5,"0.5(log(n))^2",0.72
470,1000,5,"Clayton",2000,-1.5,"0.5(log(n))^2",0.93
471,1000,5,"Clayton",2000,-1.5,"0.5(log(n))^2",0.13
472,1000,5,"Clayton",2000,-1.5,"0.5(log(n))^2",0.95
473,1000,5,"Clayton",2000,-1.5,"0.5(log(n))^2",0.97
474,1000,5,"Clayton",2000,-1.5,"0.5(log(n))^2",0.99
475,1000,5,"Clayton",2000,-1.5,"0.5(log(n))^2",0.93
476,1000,5,"Clayton",2000,-1.5,"0.5(log(n))^2",0.99
477,1000,5,"Clayton",2000,-1.5,"0.5(log(n))^2",0.96
478,1000,5,"Clayton",2000,-1.5,"0.5(log(n))^2",0.95
479,1000,5,"Clayton",2000,-1.5,"0.5(log(n))^2",0.5
480,1000,5,"Clayton",2000,-1.5,"0.5(log(n))^2",0.74
481,1000,5,"Clayton",2000,-1.5,"0.5(log(n))^2",0.96
482,1000,5,"Clayton",2000,-1.5,"0.5(log(n))^2",0.42
483,1000,5,"Clayton",2000,-1.5,"0.5(log(n))^2",0.62
484,1000,5,"Clayton",2000,-1.5,"0.5(log(n))^2",0.9
485,1000,5,"Clayton",2000,-1.5,"0.5(log(n))^2",0.71
486,1000,5,"Clayton",2000,-1.5,"0.5(log(n))^2",0.8
487,1000,5,"Clayton",2000,-1.5,"0.5(log(n))^2",1
488,1000,5,"Clayton",2000,-1.5,"0.5(log(n))^2",0.7
489,1000,5,"Clayton",2000,-1.5,"0.5(log(n))^2",1
490,1000,5,"Clayton",2000,-1.5,"0.5(log(n))^2",0.93
491,1000,5,"Clayton",2000,-1.5,"0.5(log(n))^2",0.36
492,1000,5,"Clayton",2000,-1.5,"0.5(log(n))^2",0.95
493,1000,5,"Clayton",2000,-1.5,"0.5(log(n))^2",0.87
494,1000,5,"Clayton",2000,-1.5,"0.5(log(n))^2",0.24
495,1000,5,"Clayton",2000,-1.5,"0.5(log(n))^2",0.33
496,1000,5,"Clayton",2000,-1.5,"0.5(log(n))^2",0.48
497,1000,5,"Clayton",2000,-1.5,"0.5(log(n))^2",0.87
498,1000,5,"Clayton",2000,-1.5,"0.5(log(n))^2",0.86
499,1000,5,"Clayton",2000,-1.5,"0.5(log(n))^2",0.73
500,1000,5,"Clayton",2000,-1.5,"0.5(log(n))^2",0.82
501,1000,5,"Clayton",2000,-1.5,"0.5(log(n))^2",0.98
502,1000,5,"Clayton",2000,-1.5,"0.5(log(n))^2",0.71
503,1000,5,"Clayton",2000,-1.5,"0.5(log(n))^2",0.98
504,1000,5,"Clayton",2000,-1.5,"0.5(log(n))^2",0.29
505,1000,5,"Clayton",2000,-1.5,"0.5(log(n))^2",0.95
506,1000,5,"Clayton",2000,-1.5,"0.5(log(n))^2",0.4
507,1000,5,"Clayton",2000,-1.5,"0.5(log(n))^2",1
508,1000,5,"Clayton",2000,-1.5,"0.5(log(n))^2",0.67
509,1000,5,"Clayton",2000,-1.5,"0.5(log(n))^2",0.65
510,1000,5,"Clayton",2000,-1.5,"0.5(log(n))^2",0.81
511,1000,5,"Clayton",2000,-1.5,"0.5(log(n))^2",0.9
512,1000,5,"Clayton",2000,-1.5,"0.5(log(n))^2",0.22
513,1000,5,"Clayton",2000,-1.5,"0.5(log(n))^2",0.95
514,1000,5,"Clayton",2000,-1.5,"0.5(log(n))^2",0.85
515,1000,5,"Clayton",2000,-1.5,"0.5(log(n))^2",0.36
516,1000,5,"Clayton",2000,-1.5,"0.5(log(n))^2",0.73
517,1000,5,"Clayton",2000,-1.5,"0.5(log(n))^2",0.9
518,1000,5,"Clayton",2000,-1.5,"0.5(log(n))^2",0.8
519,1000,5,"Clayton",2000,-1.5,"0.5(log(n))^2",0.48
520,1000,5,"Clayton",2000,-1.5,"0.5(log(n))^2",0.89
521,1000,5,"Clayton",2000,-1.5,"0.5(log(n))^2",0.67
522,1000,5,"Clayton",2000,-1.5,"0.5(log(n))^2",0.98
523,1000,5,"Clayton",2000,-1.5,"0.5(log(n))^2",0.8
524,1000,5,"Clayton",2000,-1.5,"0.5(log(n))^2",0.36
525,1000,5,"Clayton",2000,-1.5,"0.5(log(n))^2",0.85
526,1000,5,"Clayton",2000,-1.5,"0.5(log(n))^2",0.8
527,1000,5,"Clayton",2000,-1.5,"0.5(log(n))^2",1
528,1000,5,"Clayton",2000,-1.5,"0.5(log(n))^2",0.62
529,1000,5,"Clayton",2000,-1.5,"0.5(log(n))^2",0.2
530,1000,5,"Clayton",2000,-1.5,"0.5(log(n))^2",0.95
531,1000,5,"Clayton",2000,-1.5,"0.5(log(n))^2",0.34
532,1000,5,"Clayton",2000,-1.5,"0.5(log(n))^2",0.98
533,1000,5,"Clayton",2000,-1.5,"0.5(log(n))^2",0.97
534,1000,5,"Clayton",2000,-1.5,"0.5(log(n))^2",0.94
535,1000,5,"Clayton",2000,-1.5,"0.5(log(n))^2",0.26
536,1000,5,"Clayton",2000,-1.5,"0.5(log(n))^2",0.43
537,1000,5,"Clayton",2000,-1.5,"0.5(log(n))^2",0.75
538,1000,5,"Clayton",2000,-1.5,"0.5(log(n))^2",1
539,1000,5,"Clayton",2000,-1.5,"0.5(log(n))^2",0.78
540,1000,5,"Clayton",2000,-1.5,"0.5(log(n))^2",0.78
541,1000,5,"Clayton",2000,-1.5,"0.5(log(n))^2",0.98
542,1000,5,"Clayton",2000,-1.5,"0.5(log(n))^2",0.95
543,1000,5,"Clayton",2000,-1.5,"0.5(log(n))^2",0.97
544,1000,5,"Clayton",2000,-1.5,"0.5(log(n))^2",0.78
545,1000,5,"Clayton",2000,-1.5,"0.5(log(n))^2",0.28
546,1000,5,"Clayton",2000,-1.5,"0.5(log(n))^2",0.89
547,1000,5,"Clayton",2000,-1.5,"0.5(log(n))^2",0.77
548,1000,5,"Clayton",2000,-1.5,"0.5(log(n))^2",0.89
549,1000,5,"Clayton",2000,-1.5,"0.5(log(n))^2",0.89
550,1000,5,"Clayton",2000,-1.5,"0.5(log(n))^2",0.56
551,1000,5,"Clayton",2000,-1.5,"0.5(log(n))^2",0.9
552,1000,5,"Clayton",2000,-1.5,"0.5(log(n))^2",0.41
553,1000,5,"Clayton",2000,-1.5,"0.5(log(n))^2",0.76
554,1000,5,"Clayton",2000,-1.5,"0.5(log(n))^2",0.85
555,1000,5,"Clayton",2000,-1.5,"0.5(log(n))^2",0.41
556,1000,5,"Clayton",2000,-1.5,"0.5(log(n))^2",0.74
557,1000,5,"Clayton",2000,-1.5,"0.5(log(n))^2",0.47
558,1000,5,"Clayton",2000,-1.5,"0.5(log(n))^2",0.64
559,1000,5,"Clayton",2000,-1.5,"0.5(log(n))^2",1
560,1000,5,"Clayton",2000,-1.5,"0.5(log(n))^2",0.68
561,1000,5,"Clayton",2000,-1.5,"0.5(log(n))^2",0.94
562,1000,5,"Clayton",2000,-1.5,"0.5(log(n))^2",0.85
563,1000,5,"Clayton",2000,-1.5,"0.5(log(n))^2",0.99
564,1000,5,"Clayton",2000,-1.5,"0.5(log(n))^2",0.65
565,1000,5,"Clayton",2000,-1.5,"0.5(log(n))^2",0.45
566,1000,5,"Clayton",2000,-1.5,"0.5(log(n))^2",0.31
567,1000,5,"Clayton",2000,-1.5,"0.5(log(n))^2",0.99
568,1000,5,"Clayton",2000,-1.5,"0.5(log(n))^2",0.45
569,1000,5,"Clayton",2000,-1.5,"0.5(log(n))^2",0.03
570,1000,5,"Clayton",2000,-1.5,"0.5(log(n))^2",0.78
571,1000,5,"Clayton",2000,-1.5,"0.5(log(n))^2",0.77
572,1000,5,"Clayton",2000,-1.5,"0.5(log(n))^2",0.9
573,1000,5,"Clayton",2000,-1.5,"0.5(log(n))^2",0.81
574,1000,5,"Clayton",2000,-1.5,"0.5(log(n))^2",0.51
575,1000,5,"Clayton",2000,-1.5,"0.5(log(n))^2",1
576,1000,5,"Clayton",2000,-1.5,"0.5(log(n))^2",1
577,1000,5,"Clayton",2000,-1.5,"0.5(log(n))^2",0.99
578,1000,5,"Clayton",2000,-1.5,"0.5(log(n))^2",0.95
579,1000,5,"Clayton",2000,-1.5,"0.5(log(n))^2",0.63
580,1000,5,"Clayton",2000,-1.5,"0.5(log(n))^2",0.98
581,1000,5,"Clayton",2000,-1.5,"0.5(log(n))^2",0.38
582,1000,5,"Clayton",2000,-1.5,"0.5(log(n))^2",0.97
583,1000,5,"Clayton",2000,-1.5,"0.5(log(n))^2",0.8
584,1000,5,"Clayton",2000,-1.5,"0.5(log(n))^2",0.47
585,1000,5,"Clayton",2000,-1.5,"0.5(log(n))^2",0.88
586,1000,5,"Clayton",2000,-1.5,"0.5(log(n))^2",0.59
587,1000,5,"Clayton",2000,-1.5,"0.5(log(n))^2",1
588,1000,5,"Clayton",2000,-1.5,"0.5(log(n))^2",0.87
589,1000,5,"Clayton",2000,-1.5,"0.5(log(n))^2",0.52
590,1000,5,"Clayton",2000,-1.5,"0.5(log(n))^2",0.32
591,1000,5,"Clayton",2000,-1.5,"0.5(log(n))^2",0.98
592,1000,5,"Clayton",2000,-1.5,"0.5(log(n))^2",0.7
593,1000,5,"Clayton",2000,-1.5,"0.5(log(n))^2",0.95
594,1000,5,"Clayton",2000,-1.5,"0.5(log(n))^2",0.93
595,1000,5,"Clayton",2000,-1.5,"0.5(log(n))^2",0.71
596,1000,5,"Clayton",2000,-1.5,"0.5(log(n))^2",0.37
597,1000,5,"Clayton",2000,-1.5,"0.5(log(n))^2",0.41
598,1000,5,"Clayton",2000,-1.5,"0.5(log(n))^2",0.13
599,1000,5,"Clayton",2000,-1.5,"0.5(log(n))^2",0.99
600,1000,5,"Clayton",2000,-1.5,"0.5(log(n))^2",0.9
601,1000,5,"Clayton",2000,-1.5,"0.5(log(n))^2",0.95
602,1000,5,"Clayton",2000,-1.5,"0.5(log(n))^2",0.28
603,1000,5,"Clayton",2000,-1.5,"0.5(log(n))^2",0.96
604,1000,5,"Clayton",2000,-1.5,"0.5(log(n))^2",0.18
605,1000,5,"Clayton",2000,-1.5,"0.5(log(n))^2",0.46
606,1000,5,"Clayton",2000,-1.5,"0.5(log(n))^2",0.99
607,1000,5,"Clayton",2000,-1.5,"0.5(log(n))^2",0.86
608,1000,5,"Clayton",2000,-1.5,"0.5(log(n))^2",0.99
609,1000,5,"Clayton",2000,-1.5,"0.5(log(n))^2",0.95
610,1000,5,"Clayton",2000,-1.5,"0.5(log(n))^2",0.62
611,1000,5,"Clayton",2000,-1.5,"0.5(log(n))^2",0.76
612,1000,5,"Clayton",2000,-1.5,"0.5(log(n))^2",0.86
613,1000,5,"Clayton",2000,-1.5,"0.5(log(n))^2",0.55
614,1000,5,"Clayton",2000,-1.5,"0.5(log(n))^2",1
615,1000,5,"Clayton",2000,-1.5,"0.5(log(n))^2",0.94
616,1000,5,"Clayton",2000,-1.5,"0.5(log(n))^2",0.19
617,1000,5,"Clayton",2000,-1.5,"0.5(log(n))^2",0.72
618,1000,5,"Clayton",2000,-1.5,"0.5(log(n))^2",0.27
619,1000,5,"Clayton",2000,-1.5,"0.5(log(n))^2",1
620,1000,5,"Clayton",2000,-1.5,"0.5(log(n))^2",0.85
621,1000,5,"Clayton",2000,-1.5,"0.5(log(n))^2",0.8
622,1000,5,"Clayton",2000,-1.5,"0.5(log(n))^2",0.09
623,1000,5,"Clayton",2000,-1.5,"0.5(log(n))^2",0.9
624,1000,5,"Clayton",2000,-1.5,"0.5(log(n))^2",0.33
625,1000,5,"Clayton",2000,-1.5,"0.5(log(n))^2",0.83
626,1000,5,"Clayton",2000,-1.5,"0.5(log(n))^2",1
627,1000,5,"Clayton",2000,-1.5,"0.5(log(n))^2",0.73
628,1000,5,"Clayton",2000,-1.5,"0.5(log(n))^2",0.88
629,1000,5,"Clayton",2000,-1.5,"0.5(log(n))^2",0.96
630,1000,5,"Clayton",2000,-1.5,"0.5(log(n))^2",0.98
631,1000,5,"Clayton",2000,-1.5,"0.5(log(n))^2",1
632,1000,5,"Clayton",2000,-1.5,"0.5(log(n))^2",0.11
633,1000,5,"Clayton",2000,-1.5,"0.5(log(n))^2",0.9
634,1000,5,"Clayton",2000,-1.5,"0.5(log(n))^2",0.62
635,1000,5,"Clayton",2000,-1.5,"0.5(log(n))^2",0.72
636,1000,5,"Clayton",2000,-1.5,"0.5(log(n))^2",0.59
637,1000,5,"Clayton",2000,-1.5,"0.5(log(n))^2",0.54
638,1000,5,"Clayton",2000,-1.5,"0.5(log(n))^2",0.68
639,1000,5,"Clayton",2000,-1.5,"0.5(log(n))^2",0.57
640,1000,5,"Clayton",2000,-1.5,"0.5(log(n))^2",0.14
641,1000,5,"Clayton",2000,-1.5,"0.5(log(n))^2",0.82
642,1000,5,"Clayton",2000,-1.5,"0.5(log(n))^2",0.86
643,1000,5,"Clayton",2000,-1.5,"0.5(log(n))^2",0.98
644,1000,5,"Clayton",2000,-1.5,"0.5(log(n))^2",0.75
645,1000,5,"Clayton",2000,-1.5,"0.5(log(n))^2",0.41
646,1000,5,"Clayton",2000,-1.5,"0.5(log(n))^2",0.44
647,1000,5,"Clayton",2000,-1.5,"0.5(log(n))^2",0.89
648,1000,5,"Clayton",2000,-1.5,"0.5(log(n))^2",0.53
649,1000,5,"Clayton",2000,-1.5,"0.5(log(n))^2",0.99
650,1000,5,"Clayton",2000,-1.5,"0.5(log(n))^2",0.23
651,1000,5,"Clayton",2000,-1.5,"0.5(log(n))^2",0.95
652,1000,5,"Clayton",2000,-1.5,"0.5(log(n))^2",0.69
653,1000,5,"Clayton",2000,-1.5,"0.5(log(n))^2",0.33
654,1000,5,"Clayton",2000,-1.5,"0.5(log(n))^2",0.87
655,1000,5,"Clayton",2000,-1.5,"0.5(log(n))^2",0.5
656,1000,5,"Clayton",2000,-1.5,"0.5(log(n))^2",0.93
657,1000,5,"Clayton",2000,-1.5,"0.5(log(n))^2",0.69
658,1000,5,"Clayton",2000,-1.5,"0.5(log(n))^2",0.62
659,1000,5,"Clayton",2000,-1.5,"0.5(log(n))^2",0.75
660,1000,5,"Clayton",2000,-1.5,"0.5(log(n))^2",0.78
661,1000,5,"Clayton",2000,-1.5,"0.5(log(n))^2",0.86
662,1000,5,"Clayton",2000,-1.5,"0.5(log(n))^2",0.94
663,1000,5,"Clayton",2000,-1.5,"0.5(log(n))^2",0.9
664,1000,5,"Clayton",2000,-1.5,"0.5(log(n))^2",0.88
665,1000,5,"Clayton",2000,-1.5,"0.5(log(n))^2",0.47
666,1000,5,"Clayton",2000,-1.5,"0.5(log(n))^2",0.84
667,1000,5,"Clayton",2000,-1.5,"0.5(log(n))^2",0.34
668,1000,5,"Clayton",2000,-1.5,"0.5(log(n))^2",0.76
669,1000,5,"Clayton",2000,-1.5,"0.5(log(n))^2",0.77
670,1000,5,"Clayton",2000,-1.5,"0.5(log(n))^2",0.91
671,1000,5,"Clayton",2000,-1.5,"0.5(log(n))^2",0.86
672,1000,5,"Clayton",2000,-1.5,"0.5(log(n))^2",0.96
673,1000,5,"Clayton",2000,-1.5,"0.5(log(n))^2",0.97
674,1000,5,"Clayton",2000,-1.5,"0.5(log(n))^2",0.95
675,1000,5,"Clayton",2000,-1.5,"0.5(log(n))^2",0.59
676,1000,5,"Clayton",2000,-1.5,"0.5(log(n))^2",0.72
677,1000,5,"Clayton",2000,-1.5,"0.5(log(n))^2",0.85
678,1000,5,"Clayton",2000,-1.5,"0.5(log(n))^2",0.69
679,1000,5,"Clayton",2000,-1.5,"0.5(log(n))^2",0.76
680,1000,5,"Clayton",2000,-1.5,"0.5(log(n))^2",0.37
681,1000,5,"Clayton",2000,-1.5,"0.5(log(n))^2",0.98
682,1000,5,"Clayton",2000,-1.5,"0.5(log(n))^2",0.2
683,1000,5,"Clayton",2000,-1.5,"0.5(log(n))^2",0.97
684,1000,5,"Clayton",2000,-1.5,"0.5(log(n))^2",1
685,1000,5,"Clayton",2000,-1.5,"0.5(log(n))^2",0.97
686,1000,5,"Clayton",2000,-1.5,"0.5(log(n))^2",0.88
687,1000,5,"Clayton",2000,-1.5,"0.5(log(n))^2",0.56
688,1000,5,"Clayton",2000,-1.5,"0.5(log(n))^2",1
689,1000,5,"Clayton",2000,-1.5,"0.5(log(n))^2",0.88
690,1000,5,"Clayton",2000,-1.5,"0.5(log(n))^2",0.97
691,1000,5,"Clayton",2000,-1.5,"0.5(log(n))^2",0.75
692,1000,5,"Clayton",2000,-1.5,"0.5(log(n))^2",0.99
693,1000,5,"Clayton",2000,-1.5,"0.5(log(n))^2",0.2
694,1000,5,"Clayton",2000,-1.5,"0.5(log(n))^2",0.67
695,1000,5,"Clayton",2000,-1.5,"0.5(log(n))^2",0.97
696,1000,5,"Clayton",2000,-1.5,"0.5(log(n))^2",0.22
697,1000,5,"Clayton",2000,-1.5,"0.5(log(n))^2",0.92
698,1000,5,"Clayton",2000,-1.5,"0.5(log(n))^2",0.87
699,1000,5,"Clayton",2000,-1.5,"0.5(log(n))^2",0.39
700,1000,5,"Clayton",2000,-1.5,"0.5(log(n))^2",0.48
701,1000,5,"Clayton",2000,-1.5,"0.5(log(n))^2",0.91
702,1000,5,"Clayton",2000,-1.5,"0.5(log(n))^2",0.88
703,1000,5,"Clayton",2000,-1.5,"0.5(log(n))^2",0.46
704,1000,5,"Clayton",2000,-1.5,"0.5(log(n))^2",0.72
705,1000,5,"Clayton",2000,-1.5,"0.5(log(n))^2",0.62
706,1000,5,"Clayton",2000,-1.5,"0.5(log(n))^2",0.25
707,1000,5,"Clayton",2000,-1.5,"0.5(log(n))^2",0.36
708,1000,5,"Clayton",2000,-1.5,"0.5(log(n))^2",0.73
709,1000,5,"Clayton",2000,-1.5,"0.5(log(n))^2",0.82
710,1000,5,"Clayton",2000,-1.5,"0.5(log(n))^2",0.95
711,1000,5,"Clayton",2000,-1.5,"0.5(log(n))^2",0.69
712,1000,5,"Clayton",2000,-1.5,"0.5(log(n))^2",0.77
713,1000,5,"Clayton",2000,-1.5,"0.5(log(n))^2",0.52
714,1000,5,"Clayton",2000,-1.5,"0.5(log(n))^2",0.92
715,1000,5,"Clayton",2000,-1.5,"0.5(log(n))^2",0.3
716,1000,5,"Clayton",2000,-1.5,"0.5(log(n))^2",0.94
717,1000,5,"Clayton",2000,-1.5,"0.5(log(n))^2",0.93
718,1000,5,"Clayton",2000,-1.5,"0.5(log(n))^2",0.62
719,1000,5,"Clayton",2000,-1.5,"0.5(log(n))^2",0.56
720,1000,5,"Clayton",2000,-1.5,"0.5(log(n))^2",0.91
721,1000,5,"Clayton",2000,-1.5,"0.5(log(n))^2",0.14
722,1000,5,"Clayton",2000,-1.5,"0.5(log(n))^2",0.88
723,1000,5,"Clayton",2000,-1.5,"0.5(log(n))^2",0.89
724,1000,5,"Clayton",2000,-1.5,"0.5(log(n))^2",0.82
725,1000,5,"Clayton",2000,-1.5,"0.5(log(n))^2",0.82
726,1000,5,"Clayton",2000,-1.5,"0.5(log(n))^2",0.68
727,1000,5,"Clayton",2000,-1.5,"0.5(log(n))^2",0.78
728,1000,5,"Clayton",2000,-1.5,"0.5(log(n))^2",0.69
729,1000,5,"Clayton",2000,-1.5,"0.5(log(n))^2",0.9
730,1000,5,"Clayton",2000,-1.5,"0.5(log(n))^2",0.63
731,1000,5,"Clayton",2000,-1.5,"0.5(log(n))^2",0.94
732,1000,5,"Clayton",2000,-1.5,"0.5(log(n))^2",0.28
733,1000,5,"Clayton",2000,-1.5,"0.5(log(n))^2",0.74
734,1000,5,"Clayton",2000,-1.5,"0.5(log(n))^2",0.95
735,1000,5,"Clayton",2000,-1.5,"0.5(log(n))^2",0.78
736,1000,5,"Clayton",2000,-1.5,"0.5(log(n))^2",0.82
737,1000,5,"Clayton",2000,-1.5,"0.5(log(n))^2",0.38
738,1000,5,"Clayton",2000,-1.5,"0.5(log(n))^2",0.79
739,1000,5,"Clayton",2000,-1.5,"0.5(log(n))^2",0.96
740,1000,5,"Clayton",2000,-1.5,"0.5(log(n))^2",0.83
741,1000,5,"Clayton",2000,-1.5,"0.5(log(n))^2",0.87
742,1000,5,"Clayton",2000,-1.5,"0.5(log(n))^2",0.88
743,1000,5,"Clayton",2000,-1.5,"0.5(log(n))^2",0.92
744,1000,5,"Clayton",2000,-1.5,"0.5(log(n))^2",0.27
745,1000,5,"Clayton",2000,-1.5,"0.5(log(n))^2",0.85
746,1000,5,"Clayton",2000,-1.5,"0.5(log(n))^2",0.58
747,1000,5,"Clayton",2000,-1.5,"0.5(log(n))^2",0.94
748,1000,5,"Clayton",2000,-1.5,"0.5(log(n))^2",0.98
749,1000,5,"Clayton",2000,-1.5,"0.5(log(n))^2",0.99
750,1000,5,"Clayton",2000,-1.5,"0.5(log(n))^2",0.99
751,1000,5,"Clayton",2000,-1.5,"0.5(log(n))^2",0.79
752,1000,5,"Clayton",2000,-1.5,"0.5(log(n))^2",0.43
753,1000,5,"Clayton",2000,-1.5,"0.5(log(n))^2",0.22
754,1000,5,"Clayton",2000,-1.5,"0.5(log(n))^2",0.8
755,1000,5,"Clayton",2000,-1.5,"0.5(log(n))^2",0.96
756,1000,5,"Clayton",2000,-1.5,"0.5(log(n))^2",0.23
757,1000,5,"Clayton",2000,-1.5,"0.5(log(n))^2",0.99
758,1000,5,"Clayton",2000,-1.5,"0.5(log(n))^2",0.91
759,1000,5,"Clayton",2000,-1.5,"0.5(log(n))^2",0.99
760,1000,5,"Clayton",2000,-1.5,"0.5(log(n))^2",0.99
761,1000,5,"Clayton",2000,-1.5,"0.5(log(n))^2",1
762,1000,5,"Clayton",2000,-1.5,"0.5(log(n))^2",0.37
763,1000,5,"Clayton",2000,-1.5,"0.5(log(n))^2",1
764,1000,5,"Clayton",2000,-1.5,"0.5(log(n))^2",0.74
765,1000,5,"Clayton",2000,-1.5,"0.5(log(n))^2",0.4
766,1000,5,"Clayton",2000,-1.5,"0.5(log(n))^2",0.13
767,1000,5,"Clayton",2000,-1.5,"0.5(log(n))^2",0.75
768,1000,5,"Clayton",2000,-1.5,"0.5(log(n))^2",0.72
769,1000,5,"Clayton",2000,-1.5,"0.5(log(n))^2",0.76
770,1000,5,"Clayton",2000,-1.5,"0.5(log(n))^2",0.42
771,1000,5,"Clayton",2000,-1.5,"0.5(log(n))^2",0.94
772,1000,5,"Clayton",2000,-1.5,"0.5(log(n))^2",0.17
773,1000,5,"Clayton",2000,-1.5,"0.5(log(n))^2",0.84
774,1000,5,"Clayton",2000,-1.5,"0.5(log(n))^2",0.22
775,1000,5,"Clayton",2000,-1.5,"0.5(log(n))^2",0.4
776,1000,5,"Clayton",2000,-1.5,"0.5(log(n))^2",0.72
777,1000,5,"Clayton",2000,-1.5,"0.5(log(n))^2",0.86
778,1000,5,"Clayton",2000,-1.5,"0.5(log(n))^2",0.6
779,1000,5,"Clayton",2000,-1.5,"0.5(log(n))^2",1
780,1000,5,"Clayton",2000,-1.5,"0.5(log(n))^2",0.79
781,1000,5,"Clayton",2000,-1.5,"0.5(log(n))^2",0.95
782,1000,5,"Clayton",2000,-1.5,"0.5(log(n))^2",0.92
783,1000,5,"Clayton",2000,-1.5,"0.5(log(n))^2",0.99
784,1000,5,"Clayton",2000,-1.5,"0.5(log(n))^2",0.93
785,1000,5,"Clayton",2000,-1.5,"0.5(log(n))^2",0.44
786,1000,5,"Clayton",2000,-1.5,"0.5(log(n))^2",0.93
787,1000,5,"Clayton",2000,-1.5,"0.5(log(n))^2",0.43
788,1000,5,"Clayton",2000,-1.5,"0.5(log(n))^2",1
789,1000,5,"Clayton",2000,-1.5,"0.5(log(n))^2",0.85
790,1000,5,"Clayton",2000,-1.5,"0.5(log(n))^2",1
791,1000,5,"Clayton",2000,-1.5,"0.5(log(n))^2",0.98
792,1000,5,"Clayton",2000,-1.5,"0.5(log(n))^2",1
793,1000,5,"Clayton",2000,-1.5,"0.5(log(n))^2",0.34
794,1000,5,"Clayton",2000,-1.5,"0.5(log(n))^2",0.76
795,1000,5,"Clayton",2000,-1.5,"0.5(log(n))^2",0.5
796,1000,5,"Clayton",2000,-1.5,"0.5(log(n))^2",0.22
797,1000,5,"Clayton",2000,-1.5,"0.5(log(n))^2",0.61
798,1000,5,"Clayton",2000,-1.5,"0.5(log(n))^2",0.98
799,1000,5,"Clayton",2000,-1.5,"0.5(log(n))^2",0.74
800,1000,5,"Clayton",2000,-1.5,"0.5(log(n))^2",0.42
801,1000,5,"Clayton",2000,-1.5,"0.5(log(n))^2",0.95
802,1000,5,"Clayton",2000,-1.5,"0.5(log(n))^2",0.3
803,1000,5,"Clayton",2000,-1.5,"0.5(log(n))^2",0.85
804,1000,5,"Clayton",2000,-1.5,"0.5(log(n))^2",0.89
805,1000,5,"Clayton",2000,-1.5,"0.5(log(n))^2",0.97
806,1000,5,"Clayton",2000,-1.5,"0.5(log(n))^2",0.22
807,1000,5,"Clayton",2000,-1.5,"0.5(log(n))^2",0.59
808,1000,5,"Clayton",2000,-1.5,"0.5(log(n))^2",0.96
809,1000,5,"Clayton",2000,-1.5,"0.5(log(n))^2",0.07
810,1000,5,"Clayton",2000,-1.5,"0.5(log(n))^2",0.73
811,1000,5,"Clayton",2000,-1.5,"0.5(log(n))^2",0.3
812,1000,5,"Clayton",2000,-1.5,"0.5(log(n))^2",0.89
813,1000,5,"Clayton",2000,-1.5,"0.5(log(n))^2",0.94
814,1000,5,"Clayton",2000,-1.5,"0.5(log(n))^2",0.86
815,1000,5,"Clayton",2000,-1.5,"0.5(log(n))^2",0.98
816,1000,5,"Clayton",2000,-1.5,"0.5(log(n))^2",0.98
817,1000,5,"Clayton",2000,-1.5,"0.5(log(n))^2",0.17
818,1000,5,"Clayton",2000,-1.5,"0.5(log(n))^2",0.97
819,1000,5,"Clayton",2000,-1.5,"0.5(log(n))^2",0.52
820,1000,5,"Clayton",2000,-1.5,"0.5(log(n))^2",0.62
821,1000,5,"Clayton",2000,-1.5,"0.5(log(n))^2",0.95
822,1000,5,"Clayton",2000,-1.5,"0.5(log(n))^2",0.24
823,1000,5,"Clayton",2000,-1.5,"0.5(log(n))^2",0.31
824,1000,5,"Clayton",2000,-1.5,"0.5(log(n))^2",0.8
825,1000,5,"Clayton",2000,-1.5,"0.5(log(n))^2",0.94
826,1000,5,"Clayton",2000,-1.5,"0.5(log(n))^2",0.99
827,1000,5,"Clayton",2000,-1.5,"0.5(log(n))^2",0.41
828,1000,5,"Clayton",2000,-1.5,"0.5(log(n))^2",0.39
829,1000,5,"Clayton",2000,-1.5,"0.5(log(n))^2",0.86
830,1000,5,"Clayton",2000,-1.5,"0.5(log(n))^2",0.84
831,1000,5,"Clayton",2000,-1.5,"0.5(log(n))^2",0.88
832,1000,5,"Clayton",2000,-1.5,"0.5(log(n))^2",0.99
833,1000,5,"Clayton",2000,-1.5,"0.5(log(n))^2",0.27
834,1000,5,"Clayton",2000,-1.5,"0.5(log(n))^2",1
835,1000,5,"Clayton",2000,-1.5,"0.5(log(n))^2",0.74
836,1000,5,"Clayton",2000,-1.5,"0.5(log(n))^2",0.6
837,1000,5,"Clayton",2000,-1.5,"0.5(log(n))^2",1
838,1000,5,"Clayton",2000,-1.5,"0.5(log(n))^2",0.94
839,1000,5,"Clayton",2000,-1.5,"0.5(log(n))^2",0.12
840,1000,5,"Clayton",2000,-1.5,"0.5(log(n))^2",0.41
841,1000,5,"Clayton",2000,-1.5,"0.5(log(n))^2",0.81
842,1000,5,"Clayton",2000,-1.5,"0.5(log(n))^2",0.96
843,1000,5,"Clayton",2000,-1.5,"0.5(log(n))^2",0.26
844,1000,5,"Clayton",2000,-1.5,"0.5(log(n))^2",0.47
845,1000,5,"Clayton",2000,-1.5,"0.5(log(n))^2",0.41
846,1000,5,"Clayton",2000,-1.5,"0.5(log(n))^2",0.16
847,1000,5,"Clayton",2000,-1.5,"0.5(log(n))^2",0.95
848,1000,5,"Clayton",2000,-1.5,"0.5(log(n))^2",0.78
849,1000,5,"Clayton",2000,-1.5,"0.5(log(n))^2",0.92
850,1000,5,"Clayton",2000,-1.5,"0.5(log(n))^2",0.88
851,1000,5,"Clayton",2000,-1.5,"0.5(log(n))^2",0.84
852,1000,5,"Clayton",2000,-1.5,"0.5(log(n))^2",0.78
853,1000,5,"Clayton",2000,-1.5,"0.5(log(n))^2",0.99
854,1000,5,"Clayton",2000,-1.5,"0.5(log(n))^2",0.84
855,1000,5,"Clayton",2000,-1.5,"0.5(log(n))^2",0.1
856,1000,5,"Clayton",2000,-1.5,"0.5(log(n))^2",0.97
857,1000,5,"Clayton",2000,-1.5,"0.5(log(n))^2",1
858,1000,5,"Clayton",2000,-1.5,"0.5(log(n))^2",0.1
859,1000,5,"Clayton",2000,-1.5,"0.5(log(n))^2",1
860,1000,5,"Clayton",2000,-1.5,"0.5(log(n))^2",0.9
861,1000,5,"Clayton",2000,-1.5,"0.5(log(n))^2",0.06
862,1000,5,"Clayton",2000,-1.5,"0.5(log(n))^2",0.5
863,1000,5,"Clayton",2000,-1.5,"0.5(log(n))^2",0.98
864,1000,5,"Clayton",2000,-1.5,"0.5(log(n))^2",1
865,1000,5,"Clayton",2000,-1.5,"0.5(log(n))^2",0.8
866,1000,5,"Clayton",2000,-1.5,"0.5(log(n))^2",0.57
867,1000,5,"Clayton",2000,-1.5,"0.5(log(n))^2",0.56
868,1000,5,"Clayton",2000,-1.5,"0.5(log(n))^2",0.95
869,1000,5,"Clayton",2000,-1.5,"0.5(log(n))^2",0.13
870,1000,5,"Clayton",2000,-1.5,"0.5(log(n))^2",0.57
871,1000,5,"Clayton",2000,-1.5,"0.5(log(n))^2",0.72
872,1000,5,"Clayton",2000,-1.5,"0.5(log(n))^2",0.97
873,1000,5,"Clayton",2000,-1.5,"0.5(log(n))^2",0.93
874,1000,5,"Clayton",2000,-1.5,"0.5(log(n))^2",0.99
875,1000,5,"Clayton",2000,-1.5,"0.5(log(n))^2",0.6
876,1000,5,"Clayton",2000,-1.5,"0.5(log(n))^2",0.66
877,1000,5,"Clayton",2000,-1.5,"0.5(log(n))^2",1
878,1000,5,"Clayton",2000,-1.5,"0.5(log(n))^2",0.57
879,1000,5,"Clayton",2000,-1.5,"0.5(log(n))^2",0.99
880,1000,5,"Clayton",2000,-1.5,"0.5(log(n))^2",0.36
881,1000,5,"Clayton",2000,-1.5,"0.5(log(n))^2",0.77
882,1000,5,"Clayton",2000,-1.5,"0.5(log(n))^2",0.34
883,1000,5,"Clayton",2000,-1.5,"0.5(log(n))^2",0.23
884,1000,5,"Clayton",2000,-1.5,"0.5(log(n))^2",0.31
885,1000,5,"Clayton",2000,-1.5,"0.5(log(n))^2",0.95
886,1000,5,"Clayton",2000,-1.5,"0.5(log(n))^2",0.9
887,1000,5,"Clayton",2000,-1.5,"0.5(log(n))^2",0.98
888,1000,5,"Clayton",2000,-1.5,"0.5(log(n))^2",0.17
889,1000,5,"Clayton",2000,-1.5,"0.5(log(n))^2",0.93
890,1000,5,"Clayton",2000,-1.5,"0.5(log(n))^2",0.32
891,1000,5,"Clayton",2000,-1.5,"0.5(log(n))^2",0.98
892,1000,5,"Clayton",2000,-1.5,"0.5(log(n))^2",0.98
893,1000,5,"Clayton",2000,-1.5,"0.5(log(n))^2",0.47
894,1000,5,"Clayton",2000,-1.5,"0.5(log(n))^2",0.8
895,1000,5,"Clayton",2000,-1.5,"0.5(log(n))^2",0.93
896,1000,5,"Clayton",2000,-1.5,"0.5(log(n))^2",0.34
897,1000,5,"Clayton",2000,-1.5,"0.5(log(n))^2",0.91
898,1000,5,"Clayton",2000,-1.5,"0.5(log(n))^2",0.99
899,1000,5,"Clayton",2000,-1.5,"0.5(log(n))^2",0.85
900,1000,5,"Clayton",2000,-1.5,"0.5(log(n))^2",0.04
901,1000,5,"Clayton",2000,-1.5,"0.5(log(n))^2",0.97
902,1000,5,"Clayton",2000,-1.5,"0.5(log(n))^2",0.39
903,1000,5,"Clayton",2000,-1.5,"0.5(log(n))^2",0.36
904,1000,5,"Clayton",2000,-1.5,"0.5(log(n))^2",0.38
905,1000,5,"Clayton",2000,-1.5,"0.5(log(n))^2",0.62
906,1000,5,"Clayton",2000,-1.5,"0.5(log(n))^2",0.18
907,1000,5,"Clayton",2000,-1.5,"0.5(log(n))^2",0.64
908,1000,5,"Clayton",2000,-1.5,"0.5(log(n))^2",0.06
909,1000,5,"Clayton",2000,-1.5,"0.5(log(n))^2",0.05
910,1000,5,"Clayton",2000,-1.5,"0.5(log(n))^2",0.85
911,1000,5,"Clayton",2000,-1.5,"0.5(log(n))^2",0.4
912,1000,5,"Clayton",2000,-1.5,"0.5(log(n))^2",0.7
913,1000,5,"Clayton",2000,-1.5,"0.5(log(n))^2",1
914,1000,5,"Clayton",2000,-1.5,"0.5(log(n))^2",0.32
915,1000,5,"Clayton",2000,-1.5,"0.5(log(n))^2",0.94
916,1000,5,"Clayton",2000,-1.5,"0.5(log(n))^2",0.99
917,1000,5,"Clayton",2000,-1.5,"0.5(log(n))^2",0.99
918,1000,5,"Clayton",2000,-1.5,"0.5(log(n))^2",1
919,1000,5,"Clayton",2000,-1.5,"0.5(log(n))^2",0.87
920,1000,5,"Clayton",2000,-1.5,"0.5(log(n))^2",0.88
921,1000,5,"Clayton",2000,-1.5,"0.5(log(n))^2",0.95
922,1000,5,"Clayton",2000,-1.5,"0.5(log(n))^2",0.85
923,1000,5,"Clayton",2000,-1.5,"0.5(log(n))^2",0.87
924,1000,5,"Clayton",2000,-1.5,"0.5(log(n))^2",1
925,1000,5,"Clayton",2000,-1.5,"0.5(log(n))^2",0.97
926,1000,5,"Clayton",2000,-1.5,"0.5(log(n))^2",0.67
927,1000,5,"Clayton",2000,-1.5,"0.5(log(n))^2",0.98
928,1000,5,"Clayton",2000,-1.5,"0.5(log(n))^2",0.84
929,1000,5,"Clayton",2000,-1.5,"0.5(log(n))^2",0.94
930,1000,5,"Clayton",2000,-1.5,"0.5(log(n))^2",0.93
931,1000,5,"Clayton",2000,-1.5,"0.5(log(n))^2",0.98
932,1000,5,"Clayton",2000,-1.5,"0.5(log(n))^2",0.74
933,1000,5,"Clayton",2000,-1.5,"0.5(log(n))^2",0.62
934,1000,5,"Clayton",2000,-1.5,"0.5(log(n))^2",0.46
935,1000,5,"Clayton",2000,-1.5,"0.5(log(n))^2",0.44
936,1000,5,"Clayton",2000,-1.5,"0.5(log(n))^2",0.98
937,1000,5,"Clayton",2000,-1.5,"0.5(log(n))^2",0.7
938,1000,5,"Clayton",2000,-1.5,"0.5(log(n))^2",0.9
939,1000,5,"Clayton",2000,-1.5,"0.5(log(n))^2",0.96
940,1000,5,"Clayton",2000,-1.5,"0.5(log(n))^2",0.79
941,1000,5,"Clayton",2000,-1.5,"0.5(log(n))^2",0.88
942,1000,5,"Clayton",2000,-1.5,"0.5(log(n))^2",0.61
943,1000,5,"Clayton",2000,-1.5,"0.5(log(n))^2",1
944,1000,5,"Clayton",2000,-1.5,"0.5(log(n))^2",0.55
945,1000,5,"Clayton",2000,-1.5,"0.5(log(n))^2",0.84
946,1000,5,"Clayton",2000,-1.5,"0.5(log(n))^2",0.53
947,1000,5,"Clayton",2000,-1.5,"0.5(log(n))^2",0.99
948,1000,5,"Clayton",2000,-1.5,"0.5(log(n))^2",0.82
949,1000,5,"Clayton",2000,-1.5,"0.5(log(n))^2",0.33
950,1000,5,"Clayton",2000,-1.5,"0.5(log(n))^2",0.83
951,1000,5,"Clayton",2000,-1.5,"0.5(log(n))^2",0.43
952,1000,5,"Clayton",2000,-1.5,"0.5(log(n))^2",0.92
953,1000,5,"Clayton",2000,-1.5,"0.5(log(n))^2",0.39
954,1000,5,"Clayton",2000,-1.5,"0.5(log(n))^2",0.46
955,1000,5,"Clayton",2000,-1.5,"0.5(log(n))^2",0.63
956,1000,5,"Clayton",2000,-1.5,"0.5(log(n))^2",0.49
957,1000,5,"Clayton",2000,-1.5,"0.5(log(n))^2",0.64
958,1000,5,"Clayton",2000,-1.5,"0.5(log(n))^2",0.69
959,1000,5,"Clayton",2000,-1.5,"0.5(log(n))^2",0.96
960,1000,5,"Clayton",2000,-1.5,"0.5(log(n))^2",0.88
961,1000,5,"Clayton",2000,-1.5,"0.5(log(n))^2",1
962,1000,5,"Clayton",2000,-1.5,"0.5(log(n))^2",0.3
963,1000,5,"Clayton",2000,-1.5,"0.5(log(n))^2",0.96
964,1000,5,"Clayton",2000,-1.5,"0.5(log(n))^2",1
965,1000,5,"Clayton",2000,-1.5,"0.5(log(n))^2",0.36
966,1000,5,"Clayton",2000,-1.5,"0.5(log(n))^2",0.66
967,1000,5,"Clayton",2000,-1.5,"0.5(log(n))^2",0.81
968,1000,5,"Clayton",2000,-1.5,"0.5(log(n))^2",0.94
969,1000,5,"Clayton",2000,-1.5,"0.5(log(n))^2",0.91
970,1000,5,"Clayton",2000,-1.5,"0.5(log(n))^2",0.99
971,1000,5,"Clayton",2000,-1.5,"0.5(log(n))^2",0.95
972,1000,5,"Clayton",2000,-1.5,"0.5(log(n))^2",0.22
973,1000,5,"Clayton",2000,-1.5,"0.5(log(n))^2",0.6
974,1000,5,"Clayton",2000,-1.5,"0.5(log(n))^2",0.67
975,1000,5,"Clayton",2000,-1.5,"0.5(log(n))^2",0.56
976,1000,5,"Clayton",2000,-1.5,"0.5(log(n))^2",0.5
977,1000,5,"Clayton",2000,-1.5,"0.5(log(n))^2",0.45
978,1000,5,"Clayton",2000,-1.5,"0.5(log(n))^2",0.38
979,1000,5,"Clayton",2000,-1.5,"0.5(log(n))^2",0.2
980,1000,5,"Clayton",2000,-1.5,"0.5(log(n))^2",0.38
981,1000,5,"Clayton",2000,-1.5,"0.5(log(n))^2",0.23
982,1000,5,"Clayton",2000,-1.5,"0.5(log(n))^2",0.69
983,1000,5,"Clayton",2000,-1.5,"0.5(log(n))^2",0.27
984,1000,5,"Clayton",2000,-1.5,"0.5(log(n))^2",0.87
985,1000,5,"Clayton",2000,-1.5,"0.5(log(n))^2",0.99
986,1000,5,"Clayton",2000,-1.5,"0.5(log(n))^2",0.31
987,1000,5,"Clayton",2000,-1.5,"0.5(log(n))^2",1
988,1000,5,"Clayton",2000,-1.5,"0.5(log(n))^2",0.84
989,1000,5,"Clayton",2000,-1.5,"0.5(log(n))^2",0.16
990,1000,5,"Clayton",2000,-1.5,"0.5(log(n))^2",0.37
991,1000,5,"Clayton",2000,-1.5,"0.5(log(n))^2",0.77
992,1000,5,"Clayton",2000,-1.5,"0.5(log(n))^2",0.59
993,1000,5,"Clayton",2000,-1.5,"0.5(log(n))^2",0.85
994,1000,5,"Clayton",2000,-1.5,"0.5(log(n))^2",0.58
995,1000,5,"Clayton",2000,-1.5,"0.5(log(n))^2",0.89
996,1000,5,"Clayton",2000,-1.5,"0.5(log(n))^2",0.77
997,1000,5,"Clayton",2000,-1.5,"0.5(log(n))^2",0.51
998,1000,5,"Clayton",2000,-1.5,"0.5(log(n))^2",1
999,1000,5,"Clayton",2000,-1.5,"0.5(log(n))^2",0.74
1000,1000,5,"Clayton",2000,-1.5,"0.5(log(n))^2",1
1,1000,5,"Clayton",2000,-1.5,"0.25(log(n))^2",0.82
2,1000,5,"Clayton",2000,-1.5,"0.25(log(n))^2",0.75
3,1000,5,"Clayton",2000,-1.5,"0.25(log(n))^2",0.96
4,1000,5,"Clayton",2000,-1.5,"0.25(log(n))^2",0.51
5,1000,5,"Clayton",2000,-1.5,"0.25(log(n))^2",0.28
6,1000,5,"Clayton",2000,-1.5,"0.25(log(n))^2",0.1
7,1000,5,"Clayton",2000,-1.5,"0.25(log(n))^2",0.58
8,1000,5,"Clayton",2000,-1.5,"0.25(log(n))^2",0.83
9,1000,5,"Clayton",2000,-1.5,"0.25(log(n))^2",0.99
10,1000,5,"Clayton",2000,-1.5,"0.25(log(n))^2",0.46
11,1000,5,"Clayton",2000,-1.5,"0.25(log(n))^2",0.56
12,1000,5,"Clayton",2000,-1.5,"0.25(log(n))^2",0.32
13,1000,5,"Clayton",2000,-1.5,"0.25(log(n))^2",0.36
14,1000,5,"Clayton",2000,-1.5,"0.25(log(n))^2",0.62
15,1000,5,"Clayton",2000,-1.5,"0.25(log(n))^2",1
16,1000,5,"Clayton",2000,-1.5,"0.25(log(n))^2",0.79
17,1000,5,"Clayton",2000,-1.5,"0.25(log(n))^2",0.82
18,1000,5,"Clayton",2000,-1.5,"0.25(log(n))^2",0.8
19,1000,5,"Clayton",2000,-1.5,"0.25(log(n))^2",0.76
20,1000,5,"Clayton",2000,-1.5,"0.25(log(n))^2",0.37
21,1000,5,"Clayton",2000,-1.5,"0.25(log(n))^2",0.72
22,1000,5,"Clayton",2000,-1.5,"0.25(log(n))^2",0.62
23,1000,5,"Clayton",2000,-1.5,"0.25(log(n))^2",0.91
24,1000,5,"Clayton",2000,-1.5,"0.25(log(n))^2",0.91
25,1000,5,"Clayton",2000,-1.5,"0.25(log(n))^2",0.2
26,1000,5,"Clayton",2000,-1.5,"0.25(log(n))^2",1
27,1000,5,"Clayton",2000,-1.5,"0.25(log(n))^2",0.34
28,1000,5,"Clayton",2000,-1.5,"0.25(log(n))^2",0.98
29,1000,5,"Clayton",2000,-1.5,"0.25(log(n))^2",0.13
30,1000,5,"Clayton",2000,-1.5,"0.25(log(n))^2",0.77
31,1000,5,"Clayton",2000,-1.5,"0.25(log(n))^2",0.97
32,1000,5,"Clayton",2000,-1.5,"0.25(log(n))^2",0.78
33,1000,5,"Clayton",2000,-1.5,"0.25(log(n))^2",0.98
34,1000,5,"Clayton",2000,-1.5,"0.25(log(n))^2",0.22
35,1000,5,"Clayton",2000,-1.5,"0.25(log(n))^2",0.97
36,1000,5,"Clayton",2000,-1.5,"0.25(log(n))^2",0.66
37,1000,5,"Clayton",2000,-1.5,"0.25(log(n))^2",0.94
38,1000,5,"Clayton",2000,-1.5,"0.25(log(n))^2",0.97
39,1000,5,"Clayton",2000,-1.5,"0.25(log(n))^2",0.68
40,1000,5,"Clayton",2000,-1.5,"0.25(log(n))^2",0.56
41,1000,5,"Clayton",2000,-1.5,"0.25(log(n))^2",0.79
42,1000,5,"Clayton",2000,-1.5,"0.25(log(n))^2",0.93
43,1000,5,"Clayton",2000,-1.5,"0.25(log(n))^2",0.7
44,1000,5,"Clayton",2000,-1.5,"0.25(log(n))^2",0.49
45,1000,5,"Clayton",2000,-1.5,"0.25(log(n))^2",0.3
46,1000,5,"Clayton",2000,-1.5,"0.25(log(n))^2",0.07
47,1000,5,"Clayton",2000,-1.5,"0.25(log(n))^2",0.95
48,1000,5,"Clayton",2000,-1.5,"0.25(log(n))^2",0.75
49,1000,5,"Clayton",2000,-1.5,"0.25(log(n))^2",1
50,1000,5,"Clayton",2000,-1.5,"0.25(log(n))^2",0.99
51,1000,5,"Clayton",2000,-1.5,"0.25(log(n))^2",0.87
52,1000,5,"Clayton",2000,-1.5,"0.25(log(n))^2",0.9
53,1000,5,"Clayton",2000,-1.5,"0.25(log(n))^2",0.23
54,1000,5,"Clayton",2000,-1.5,"0.25(log(n))^2",0.6
55,1000,5,"Clayton",2000,-1.5,"0.25(log(n))^2",0.71
56,1000,5,"Clayton",2000,-1.5,"0.25(log(n))^2",0.71
57,1000,5,"Clayton",2000,-1.5,"0.25(log(n))^2",0.94
58,1000,5,"Clayton",2000,-1.5,"0.25(log(n))^2",0.73
59,1000,5,"Clayton",2000,-1.5,"0.25(log(n))^2",0.84
60,1000,5,"Clayton",2000,-1.5,"0.25(log(n))^2",0.13
61,1000,5,"Clayton",2000,-1.5,"0.25(log(n))^2",0.88
62,1000,5,"Clayton",2000,-1.5,"0.25(log(n))^2",0.68
63,1000,5,"Clayton",2000,-1.5,"0.25(log(n))^2",0.72
64,1000,5,"Clayton",2000,-1.5,"0.25(log(n))^2",0.94
65,1000,5,"Clayton",2000,-1.5,"0.25(log(n))^2",0.2
66,1000,5,"Clayton",2000,-1.5,"0.25(log(n))^2",0.65
67,1000,5,"Clayton",2000,-1.5,"0.25(log(n))^2",0.53
68,1000,5,"Clayton",2000,-1.5,"0.25(log(n))^2",0.72
69,1000,5,"Clayton",2000,-1.5,"0.25(log(n))^2",0.99
70,1000,5,"Clayton",2000,-1.5,"0.25(log(n))^2",0.56
71,1000,5,"Clayton",2000,-1.5,"0.25(log(n))^2",0.88
72,1000,5,"Clayton",2000,-1.5,"0.25(log(n))^2",0.86
73,1000,5,"Clayton",2000,-1.5,"0.25(log(n))^2",0.34
74,1000,5,"Clayton",2000,-1.5,"0.25(log(n))^2",0.45
75,1000,5,"Clayton",2000,-1.5,"0.25(log(n))^2",0.49
76,1000,5,"Clayton",2000,-1.5,"0.25(log(n))^2",0.89
77,1000,5,"Clayton",2000,-1.5,"0.25(log(n))^2",0.14
78,1000,5,"Clayton",2000,-1.5,"0.25(log(n))^2",0.92
79,1000,5,"Clayton",2000,-1.5,"0.25(log(n))^2",0.44
80,1000,5,"Clayton",2000,-1.5,"0.25(log(n))^2",0.41
81,1000,5,"Clayton",2000,-1.5,"0.25(log(n))^2",0.17
82,1000,5,"Clayton",2000,-1.5,"0.25(log(n))^2",0.88
83,1000,5,"Clayton",2000,-1.5,"0.25(log(n))^2",0.62
84,1000,5,"Clayton",2000,-1.5,"0.25(log(n))^2",0.57
85,1000,5,"Clayton",2000,-1.5,"0.25(log(n))^2",0.86
86,1000,5,"Clayton",2000,-1.5,"0.25(log(n))^2",0.84
87,1000,5,"Clayton",2000,-1.5,"0.25(log(n))^2",0.58
88,1000,5,"Clayton",2000,-1.5,"0.25(log(n))^2",0.63
89,1000,5,"Clayton",2000,-1.5,"0.25(log(n))^2",0.21
90,1000,5,"Clayton",2000,-1.5,"0.25(log(n))^2",0.04
91,1000,5,"Clayton",2000,-1.5,"0.25(log(n))^2",0.62
92,1000,5,"Clayton",2000,-1.5,"0.25(log(n))^2",0.56
93,1000,5,"Clayton",2000,-1.5,"0.25(log(n))^2",0.7
94,1000,5,"Clayton",2000,-1.5,"0.25(log(n))^2",0.1
95,1000,5,"Clayton",2000,-1.5,"0.25(log(n))^2",0.19
96,1000,5,"Clayton",2000,-1.5,"0.25(log(n))^2",0.48
97,1000,5,"Clayton",2000,-1.5,"0.25(log(n))^2",0.3
98,1000,5,"Clayton",2000,-1.5,"0.25(log(n))^2",0.76
99,1000,5,"Clayton",2000,-1.5,"0.25(log(n))^2",0.92
100,1000,5,"Clayton",2000,-1.5,"0.25(log(n))^2",0.6
101,1000,5,"Clayton",2000,-1.5,"0.25(log(n))^2",0.74
102,1000,5,"Clayton",2000,-1.5,"0.25(log(n))^2",0.25
103,1000,5,"Clayton",2000,-1.5,"0.25(log(n))^2",0.68
104,1000,5,"Clayton",2000,-1.5,"0.25(log(n))^2",0.81
105,1000,5,"Clayton",2000,-1.5,"0.25(log(n))^2",0.68
106,1000,5,"Clayton",2000,-1.5,"0.25(log(n))^2",0.91
107,1000,5,"Clayton",2000,-1.5,"0.25(log(n))^2",0.85
108,1000,5,"Clayton",2000,-1.5,"0.25(log(n))^2",1
109,1000,5,"Clayton",2000,-1.5,"0.25(log(n))^2",0.42
110,1000,5,"Clayton",2000,-1.5,"0.25(log(n))^2",0.32
111,1000,5,"Clayton",2000,-1.5,"0.25(log(n))^2",0.7
112,1000,5,"Clayton",2000,-1.5,"0.25(log(n))^2",0.23
113,1000,5,"Clayton",2000,-1.5,"0.25(log(n))^2",0.99
114,1000,5,"Clayton",2000,-1.5,"0.25(log(n))^2",0.69
115,1000,5,"Clayton",2000,-1.5,"0.25(log(n))^2",0.13
116,1000,5,"Clayton",2000,-1.5,"0.25(log(n))^2",0.79
117,1000,5,"Clayton",2000,-1.5,"0.25(log(n))^2",0.94
118,1000,5,"Clayton",2000,-1.5,"0.25(log(n))^2",0.72
119,1000,5,"Clayton",2000,-1.5,"0.25(log(n))^2",0.39
120,1000,5,"Clayton",2000,-1.5,"0.25(log(n))^2",0.34
121,1000,5,"Clayton",2000,-1.5,"0.25(log(n))^2",0.36
122,1000,5,"Clayton",2000,-1.5,"0.25(log(n))^2",0.79
123,1000,5,"Clayton",2000,-1.5,"0.25(log(n))^2",0.96
124,1000,5,"Clayton",2000,-1.5,"0.25(log(n))^2",0.77
125,1000,5,"Clayton",2000,-1.5,"0.25(log(n))^2",0.9
126,1000,5,"Clayton",2000,-1.5,"0.25(log(n))^2",0.56
127,1000,5,"Clayton",2000,-1.5,"0.25(log(n))^2",0.72
128,1000,5,"Clayton",2000,-1.5,"0.25(log(n))^2",0.66
129,1000,5,"Clayton",2000,-1.5,"0.25(log(n))^2",0.83
130,1000,5,"Clayton",2000,-1.5,"0.25(log(n))^2",0.67
131,1000,5,"Clayton",2000,-1.5,"0.25(log(n))^2",1
132,1000,5,"Clayton",2000,-1.5,"0.25(log(n))^2",0.5
133,1000,5,"Clayton",2000,-1.5,"0.25(log(n))^2",0.95
134,1000,5,"Clayton",2000,-1.5,"0.25(log(n))^2",0.67
135,1000,5,"Clayton",2000,-1.5,"0.25(log(n))^2",0.66
136,1000,5,"Clayton",2000,-1.5,"0.25(log(n))^2",0.14
137,1000,5,"Clayton",2000,-1.5,"0.25(log(n))^2",0.93
138,1000,5,"Clayton",2000,-1.5,"0.25(log(n))^2",0.31
139,1000,5,"Clayton",2000,-1.5,"0.25(log(n))^2",0.01
140,1000,5,"Clayton",2000,-1.5,"0.25(log(n))^2",0.5
141,1000,5,"Clayton",2000,-1.5,"0.25(log(n))^2",0.36
142,1000,5,"Clayton",2000,-1.5,"0.25(log(n))^2",0.44
143,1000,5,"Clayton",2000,-1.5,"0.25(log(n))^2",0.51
144,1000,5,"Clayton",2000,-1.5,"0.25(log(n))^2",0.54
145,1000,5,"Clayton",2000,-1.5,"0.25(log(n))^2",0.25
146,1000,5,"Clayton",2000,-1.5,"0.25(log(n))^2",0.89
147,1000,5,"Clayton",2000,-1.5,"0.25(log(n))^2",0.38
148,1000,5,"Clayton",2000,-1.5,"0.25(log(n))^2",0.92
149,1000,5,"Clayton",2000,-1.5,"0.25(log(n))^2",0.93
150,1000,5,"Clayton",2000,-1.5,"0.25(log(n))^2",1
151,1000,5,"Clayton",2000,-1.5,"0.25(log(n))^2",0.16
152,1000,5,"Clayton",2000,-1.5,"0.25(log(n))^2",0.7
153,1000,5,"Clayton",2000,-1.5,"0.25(log(n))^2",0.14
154,1000,5,"Clayton",2000,-1.5,"0.25(log(n))^2",0.37
155,1000,5,"Clayton",2000,-1.5,"0.25(log(n))^2",0.59
156,1000,5,"Clayton",2000,-1.5,"0.25(log(n))^2",0.33
157,1000,5,"Clayton",2000,-1.5,"0.25(log(n))^2",0.8
158,1000,5,"Clayton",2000,-1.5,"0.25(log(n))^2",0.23
159,1000,5,"Clayton",2000,-1.5,"0.25(log(n))^2",0.91
160,1000,5,"Clayton",2000,-1.5,"0.25(log(n))^2",0.88
161,1000,5,"Clayton",2000,-1.5,"0.25(log(n))^2",0.54
162,1000,5,"Clayton",2000,-1.5,"0.25(log(n))^2",0.81
163,1000,5,"Clayton",2000,-1.5,"0.25(log(n))^2",0.38
164,1000,5,"Clayton",2000,-1.5,"0.25(log(n))^2",0.62
165,1000,5,"Clayton",2000,-1.5,"0.25(log(n))^2",0.52
166,1000,5,"Clayton",2000,-1.5,"0.25(log(n))^2",0.32
167,1000,5,"Clayton",2000,-1.5,"0.25(log(n))^2",0.96
168,1000,5,"Clayton",2000,-1.5,"0.25(log(n))^2",0.03
169,1000,5,"Clayton",2000,-1.5,"0.25(log(n))^2",0.24
170,1000,5,"Clayton",2000,-1.5,"0.25(log(n))^2",0.54
171,1000,5,"Clayton",2000,-1.5,"0.25(log(n))^2",0.15
172,1000,5,"Clayton",2000,-1.5,"0.25(log(n))^2",0.31
173,1000,5,"Clayton",2000,-1.5,"0.25(log(n))^2",0.61
174,1000,5,"Clayton",2000,-1.5,"0.25(log(n))^2",0.37
175,1000,5,"Clayton",2000,-1.5,"0.25(log(n))^2",0.28
176,1000,5,"Clayton",2000,-1.5,"0.25(log(n))^2",0.58
177,1000,5,"Clayton",2000,-1.5,"0.25(log(n))^2",0.99
178,1000,5,"Clayton",2000,-1.5,"0.25(log(n))^2",0.39
179,1000,5,"Clayton",2000,-1.5,"0.25(log(n))^2",0.99
180,1000,5,"Clayton",2000,-1.5,"0.25(log(n))^2",0.91
181,1000,5,"Clayton",2000,-1.5,"0.25(log(n))^2",0.44
182,1000,5,"Clayton",2000,-1.5,"0.25(log(n))^2",0.66
183,1000,5,"Clayton",2000,-1.5,"0.25(log(n))^2",0.38
184,1000,5,"Clayton",2000,-1.5,"0.25(log(n))^2",0.57
185,1000,5,"Clayton",2000,-1.5,"0.25(log(n))^2",0.31
186,1000,5,"Clayton",2000,-1.5,"0.25(log(n))^2",0.37
187,1000,5,"Clayton",2000,-1.5,"0.25(log(n))^2",0.52
188,1000,5,"Clayton",2000,-1.5,"0.25(log(n))^2",0.09
189,1000,5,"Clayton",2000,-1.5,"0.25(log(n))^2",1
190,1000,5,"Clayton",2000,-1.5,"0.25(log(n))^2",0.96
191,1000,5,"Clayton",2000,-1.5,"0.25(log(n))^2",0.92
192,1000,5,"Clayton",2000,-1.5,"0.25(log(n))^2",0.92
193,1000,5,"Clayton",2000,-1.5,"0.25(log(n))^2",0.91
194,1000,5,"Clayton",2000,-1.5,"0.25(log(n))^2",0.91
195,1000,5,"Clayton",2000,-1.5,"0.25(log(n))^2",0.26
196,1000,5,"Clayton",2000,-1.5,"0.25(log(n))^2",0.98
197,1000,5,"Clayton",2000,-1.5,"0.25(log(n))^2",0.82
198,1000,5,"Clayton",2000,-1.5,"0.25(log(n))^2",0.73
199,1000,5,"Clayton",2000,-1.5,"0.25(log(n))^2",0.67
200,1000,5,"Clayton",2000,-1.5,"0.25(log(n))^2",0.95
201,1000,5,"Clayton",2000,-1.5,"0.25(log(n))^2",0.56
202,1000,5,"Clayton",2000,-1.5,"0.25(log(n))^2",0.93
203,1000,5,"Clayton",2000,-1.5,"0.25(log(n))^2",0.85
204,1000,5,"Clayton",2000,-1.5,"0.25(log(n))^2",0.98
205,1000,5,"Clayton",2000,-1.5,"0.25(log(n))^2",0.79
206,1000,5,"Clayton",2000,-1.5,"0.25(log(n))^2",0.61
207,1000,5,"Clayton",2000,-1.5,"0.25(log(n))^2",0.36
208,1000,5,"Clayton",2000,-1.5,"0.25(log(n))^2",0.59
209,1000,5,"Clayton",2000,-1.5,"0.25(log(n))^2",0.61
210,1000,5,"Clayton",2000,-1.5,"0.25(log(n))^2",0.77
211,1000,5,"Clayton",2000,-1.5,"0.25(log(n))^2",0.88
212,1000,5,"Clayton",2000,-1.5,"0.25(log(n))^2",0.82
213,1000,5,"Clayton",2000,-1.5,"0.25(log(n))^2",0.93
214,1000,5,"Clayton",2000,-1.5,"0.25(log(n))^2",0.26
215,1000,5,"Clayton",2000,-1.5,"0.25(log(n))^2",0.44
216,1000,5,"Clayton",2000,-1.5,"0.25(log(n))^2",0.22
217,1000,5,"Clayton",2000,-1.5,"0.25(log(n))^2",0.72
218,1000,5,"Clayton",2000,-1.5,"0.25(log(n))^2",0.75
219,1000,5,"Clayton",2000,-1.5,"0.25(log(n))^2",0.28
220,1000,5,"Clayton",2000,-1.5,"0.25(log(n))^2",0.13
221,1000,5,"Clayton",2000,-1.5,"0.25(log(n))^2",0.56
222,1000,5,"Clayton",2000,-1.5,"0.25(log(n))^2",0.37
223,1000,5,"Clayton",2000,-1.5,"0.25(log(n))^2",0.42
224,1000,5,"Clayton",2000,-1.5,"0.25(log(n))^2",1
225,1000,5,"Clayton",2000,-1.5,"0.25(log(n))^2",0.68
226,1000,5,"Clayton",2000,-1.5,"0.25(log(n))^2",0.48
227,1000,5,"Clayton",2000,-1.5,"0.25(log(n))^2",0.86
228,1000,5,"Clayton",2000,-1.5,"0.25(log(n))^2",0.7
229,1000,5,"Clayton",2000,-1.5,"0.25(log(n))^2",0.96
230,1000,5,"Clayton",2000,-1.5,"0.25(log(n))^2",0.18
231,1000,5,"Clayton",2000,-1.5,"0.25(log(n))^2",0.4
232,1000,5,"Clayton",2000,-1.5,"0.25(log(n))^2",0.94
233,1000,5,"Clayton",2000,-1.5,"0.25(log(n))^2",0.65
234,1000,5,"Clayton",2000,-1.5,"0.25(log(n))^2",1
235,1000,5,"Clayton",2000,-1.5,"0.25(log(n))^2",0.83
236,1000,5,"Clayton",2000,-1.5,"0.25(log(n))^2",0.8
237,1000,5,"Clayton",2000,-1.5,"0.25(log(n))^2",0.59
238,1000,5,"Clayton",2000,-1.5,"0.25(log(n))^2",0.97
239,1000,5,"Clayton",2000,-1.5,"0.25(log(n))^2",0.85
240,1000,5,"Clayton",2000,-1.5,"0.25(log(n))^2",0.2
241,1000,5,"Clayton",2000,-1.5,"0.25(log(n))^2",0.26
242,1000,5,"Clayton",2000,-1.5,"0.25(log(n))^2",0.89
243,1000,5,"Clayton",2000,-1.5,"0.25(log(n))^2",0.67
244,1000,5,"Clayton",2000,-1.5,"0.25(log(n))^2",0.72
245,1000,5,"Clayton",2000,-1.5,"0.25(log(n))^2",0.99
246,1000,5,"Clayton",2000,-1.5,"0.25(log(n))^2",0.54
247,1000,5,"Clayton",2000,-1.5,"0.25(log(n))^2",0.55
248,1000,5,"Clayton",2000,-1.5,"0.25(log(n))^2",0.64
249,1000,5,"Clayton",2000,-1.5,"0.25(log(n))^2",0.95
250,1000,5,"Clayton",2000,-1.5,"0.25(log(n))^2",0.89
251,1000,5,"Clayton",2000,-1.5,"0.25(log(n))^2",0.62
252,1000,5,"Clayton",2000,-1.5,"0.25(log(n))^2",0.7
253,1000,5,"Clayton",2000,-1.5,"0.25(log(n))^2",0.53
254,1000,5,"Clayton",2000,-1.5,"0.25(log(n))^2",0.53
255,1000,5,"Clayton",2000,-1.5,"0.25(log(n))^2",0.27
256,1000,5,"Clayton",2000,-1.5,"0.25(log(n))^2",0.91
257,1000,5,"Clayton",2000,-1.5,"0.25(log(n))^2",0.39
258,1000,5,"Clayton",2000,-1.5,"0.25(log(n))^2",0.72
259,1000,5,"Clayton",2000,-1.5,"0.25(log(n))^2",0.32
260,1000,5,"Clayton",2000,-1.5,"0.25(log(n))^2",0.96
261,1000,5,"Clayton",2000,-1.5,"0.25(log(n))^2",0.98
262,1000,5,"Clayton",2000,-1.5,"0.25(log(n))^2",0.33
263,1000,5,"Clayton",2000,-1.5,"0.25(log(n))^2",0.37
264,1000,5,"Clayton",2000,-1.5,"0.25(log(n))^2",0.48
265,1000,5,"Clayton",2000,-1.5,"0.25(log(n))^2",0.32
266,1000,5,"Clayton",2000,-1.5,"0.25(log(n))^2",0.85
267,1000,5,"Clayton",2000,-1.5,"0.25(log(n))^2",1
268,1000,5,"Clayton",2000,-1.5,"0.25(log(n))^2",0.9
269,1000,5,"Clayton",2000,-1.5,"0.25(log(n))^2",0.49
270,1000,5,"Clayton",2000,-1.5,"0.25(log(n))^2",0.74
271,1000,5,"Clayton",2000,-1.5,"0.25(log(n))^2",0.89
272,1000,5,"Clayton",2000,-1.5,"0.25(log(n))^2",0.79
273,1000,5,"Clayton",2000,-1.5,"0.25(log(n))^2",0.77
274,1000,5,"Clayton",2000,-1.5,"0.25(log(n))^2",0.86
275,1000,5,"Clayton",2000,-1.5,"0.25(log(n))^2",0.88
276,1000,5,"Clayton",2000,-1.5,"0.25(log(n))^2",0.58
277,1000,5,"Clayton",2000,-1.5,"0.25(log(n))^2",0.76
278,1000,5,"Clayton",2000,-1.5,"0.25(log(n))^2",0.83
279,1000,5,"Clayton",2000,-1.5,"0.25(log(n))^2",0.13
280,1000,5,"Clayton",2000,-1.5,"0.25(log(n))^2",0.76
281,1000,5,"Clayton",2000,-1.5,"0.25(log(n))^2",0.79
282,1000,5,"Clayton",2000,-1.5,"0.25(log(n))^2",0.32
283,1000,5,"Clayton",2000,-1.5,"0.25(log(n))^2",0.84
284,1000,5,"Clayton",2000,-1.5,"0.25(log(n))^2",0.54
285,1000,5,"Clayton",2000,-1.5,"0.25(log(n))^2",0.87
286,1000,5,"Clayton",2000,-1.5,"0.25(log(n))^2",0.77
287,1000,5,"Clayton",2000,-1.5,"0.25(log(n))^2",0.82
288,1000,5,"Clayton",2000,-1.5,"0.25(log(n))^2",0.95
289,1000,5,"Clayton",2000,-1.5,"0.25(log(n))^2",0.27
290,1000,5,"Clayton",2000,-1.5,"0.25(log(n))^2",0.14
291,1000,5,"Clayton",2000,-1.5,"0.25(log(n))^2",0.55
292,1000,5,"Clayton",2000,-1.5,"0.25(log(n))^2",0.61
293,1000,5,"Clayton",2000,-1.5,"0.25(log(n))^2",0.39
294,1000,5,"Clayton",2000,-1.5,"0.25(log(n))^2",0.87
295,1000,5,"Clayton",2000,-1.5,"0.25(log(n))^2",0.99
296,1000,5,"Clayton",2000,-1.5,"0.25(log(n))^2",0.89
297,1000,5,"Clayton",2000,-1.5,"0.25(log(n))^2",0.64
298,1000,5,"Clayton",2000,-1.5,"0.25(log(n))^2",0.53
299,1000,5,"Clayton",2000,-1.5,"0.25(log(n))^2",0.68
300,1000,5,"Clayton",2000,-1.5,"0.25(log(n))^2",0.4
301,1000,5,"Clayton",2000,-1.5,"0.25(log(n))^2",0.74
302,1000,5,"Clayton",2000,-1.5,"0.25(log(n))^2",0.36
303,1000,5,"Clayton",2000,-1.5,"0.25(log(n))^2",0.68
304,1000,5,"Clayton",2000,-1.5,"0.25(log(n))^2",0.68
305,1000,5,"Clayton",2000,-1.5,"0.25(log(n))^2",0.43
306,1000,5,"Clayton",2000,-1.5,"0.25(log(n))^2",0.97
307,1000,5,"Clayton",2000,-1.5,"0.25(log(n))^2",0.35
308,1000,5,"Clayton",2000,-1.5,"0.25(log(n))^2",0.79
309,1000,5,"Clayton",2000,-1.5,"0.25(log(n))^2",0.54
310,1000,5,"Clayton",2000,-1.5,"0.25(log(n))^2",0.5
311,1000,5,"Clayton",2000,-1.5,"0.25(log(n))^2",0.94
312,1000,5,"Clayton",2000,-1.5,"0.25(log(n))^2",0.67
313,1000,5,"Clayton",2000,-1.5,"0.25(log(n))^2",0.2
314,1000,5,"Clayton",2000,-1.5,"0.25(log(n))^2",0.85
315,1000,5,"Clayton",2000,-1.5,"0.25(log(n))^2",0.96
316,1000,5,"Clayton",2000,-1.5,"0.25(log(n))^2",0.9
317,1000,5,"Clayton",2000,-1.5,"0.25(log(n))^2",0.4
318,1000,5,"Clayton",2000,-1.5,"0.25(log(n))^2",0.2
319,1000,5,"Clayton",2000,-1.5,"0.25(log(n))^2",0.47
320,1000,5,"Clayton",2000,-1.5,"0.25(log(n))^2",0.79
321,1000,5,"Clayton",2000,-1.5,"0.25(log(n))^2",0.14
322,1000,5,"Clayton",2000,-1.5,"0.25(log(n))^2",0.82
323,1000,5,"Clayton",2000,-1.5,"0.25(log(n))^2",0.76
324,1000,5,"Clayton",2000,-1.5,"0.25(log(n))^2",0.95
325,1000,5,"Clayton",2000,-1.5,"0.25(log(n))^2",0.96
326,1000,5,"Clayton",2000,-1.5,"0.25(log(n))^2",0.76
327,1000,5,"Clayton",2000,-1.5,"0.25(log(n))^2",1
328,1000,5,"Clayton",2000,-1.5,"0.25(log(n))^2",0.97
329,1000,5,"Clayton",2000,-1.5,"0.25(log(n))^2",0.77
330,1000,5,"Clayton",2000,-1.5,"0.25(log(n))^2",0.74
331,1000,5,"Clayton",2000,-1.5,"0.25(log(n))^2",0.79
332,1000,5,"Clayton",2000,-1.5,"0.25(log(n))^2",0.79
333,1000,5,"Clayton",2000,-1.5,"0.25(log(n))^2",0.15
334,1000,5,"Clayton",2000,-1.5,"0.25(log(n))^2",0.65
335,1000,5,"Clayton",2000,-1.5,"0.25(log(n))^2",0.4
336,1000,5,"Clayton",2000,-1.5,"0.25(log(n))^2",1
337,1000,5,"Clayton",2000,-1.5,"0.25(log(n))^2",0.63
338,1000,5,"Clayton",2000,-1.5,"0.25(log(n))^2",0.64
339,1000,5,"Clayton",2000,-1.5,"0.25(log(n))^2",0.91
340,1000,5,"Clayton",2000,-1.5,"0.25(log(n))^2",0.83
341,1000,5,"Clayton",2000,-1.5,"0.25(log(n))^2",0.74
342,1000,5,"Clayton",2000,-1.5,"0.25(log(n))^2",0.97
343,1000,5,"Clayton",2000,-1.5,"0.25(log(n))^2",0.85
344,1000,5,"Clayton",2000,-1.5,"0.25(log(n))^2",0.1
345,1000,5,"Clayton",2000,-1.5,"0.25(log(n))^2",0.9
346,1000,5,"Clayton",2000,-1.5,"0.25(log(n))^2",0.55
347,1000,5,"Clayton",2000,-1.5,"0.25(log(n))^2",0.88
348,1000,5,"Clayton",2000,-1.5,"0.25(log(n))^2",0.9
349,1000,5,"Clayton",2000,-1.5,"0.25(log(n))^2",0.92
350,1000,5,"Clayton",2000,-1.5,"0.25(log(n))^2",0.93
351,1000,5,"Clayton",2000,-1.5,"0.25(log(n))^2",0.56
352,1000,5,"Clayton",2000,-1.5,"0.25(log(n))^2",0.93
353,1000,5,"Clayton",2000,-1.5,"0.25(log(n))^2",0.67
354,1000,5,"Clayton",2000,-1.5,"0.25(log(n))^2",0.2
355,1000,5,"Clayton",2000,-1.5,"0.25(log(n))^2",0.49
356,1000,5,"Clayton",2000,-1.5,"0.25(log(n))^2",0.11
357,1000,5,"Clayton",2000,-1.5,"0.25(log(n))^2",0.55
358,1000,5,"Clayton",2000,-1.5,"0.25(log(n))^2",0.98
359,1000,5,"Clayton",2000,-1.5,"0.25(log(n))^2",0.84
360,1000,5,"Clayton",2000,-1.5,"0.25(log(n))^2",0.75
361,1000,5,"Clayton",2000,-1.5,"0.25(log(n))^2",0.82
362,1000,5,"Clayton",2000,-1.5,"0.25(log(n))^2",0.86
363,1000,5,"Clayton",2000,-1.5,"0.25(log(n))^2",0.47
364,1000,5,"Clayton",2000,-1.5,"0.25(log(n))^2",0.62
365,1000,5,"Clayton",2000,-1.5,"0.25(log(n))^2",0.49
366,1000,5,"Clayton",2000,-1.5,"0.25(log(n))^2",0.65
367,1000,5,"Clayton",2000,-1.5,"0.25(log(n))^2",0.02
368,1000,5,"Clayton",2000,-1.5,"0.25(log(n))^2",0.4
369,1000,5,"Clayton",2000,-1.5,"0.25(log(n))^2",0.61
370,1000,5,"Clayton",2000,-1.5,"0.25(log(n))^2",0.89
371,1000,5,"Clayton",2000,-1.5,"0.25(log(n))^2",0.53
372,1000,5,"Clayton",2000,-1.5,"0.25(log(n))^2",0.75
373,1000,5,"Clayton",2000,-1.5,"0.25(log(n))^2",0.97
374,1000,5,"Clayton",2000,-1.5,"0.25(log(n))^2",0.5
375,1000,5,"Clayton",2000,-1.5,"0.25(log(n))^2",0.98
376,1000,5,"Clayton",2000,-1.5,"0.25(log(n))^2",1
377,1000,5,"Clayton",2000,-1.5,"0.25(log(n))^2",0.55
378,1000,5,"Clayton",2000,-1.5,"0.25(log(n))^2",0.09
379,1000,5,"Clayton",2000,-1.5,"0.25(log(n))^2",0.92
380,1000,5,"Clayton",2000,-1.5,"0.25(log(n))^2",0.2
381,1000,5,"Clayton",2000,-1.5,"0.25(log(n))^2",0.59
382,1000,5,"Clayton",2000,-1.5,"0.25(log(n))^2",0.82
383,1000,5,"Clayton",2000,-1.5,"0.25(log(n))^2",0.85
384,1000,5,"Clayton",2000,-1.5,"0.25(log(n))^2",0.17
385,1000,5,"Clayton",2000,-1.5,"0.25(log(n))^2",0.74
386,1000,5,"Clayton",2000,-1.5,"0.25(log(n))^2",0.88
387,1000,5,"Clayton",2000,-1.5,"0.25(log(n))^2",0.13
388,1000,5,"Clayton",2000,-1.5,"0.25(log(n))^2",0.99
389,1000,5,"Clayton",2000,-1.5,"0.25(log(n))^2",0.26
390,1000,5,"Clayton",2000,-1.5,"0.25(log(n))^2",0.39
391,1000,5,"Clayton",2000,-1.5,"0.25(log(n))^2",0.83
392,1000,5,"Clayton",2000,-1.5,"0.25(log(n))^2",0.75
393,1000,5,"Clayton",2000,-1.5,"0.25(log(n))^2",0.67
394,1000,5,"Clayton",2000,-1.5,"0.25(log(n))^2",0.94
395,1000,5,"Clayton",2000,-1.5,"0.25(log(n))^2",0.79
396,1000,5,"Clayton",2000,-1.5,"0.25(log(n))^2",0.34
397,1000,5,"Clayton",2000,-1.5,"0.25(log(n))^2",0.78
398,1000,5,"Clayton",2000,-1.5,"0.25(log(n))^2",0.77
399,1000,5,"Clayton",2000,-1.5,"0.25(log(n))^2",0.92
400,1000,5,"Clayton",2000,-1.5,"0.25(log(n))^2",0.94
401,1000,5,"Clayton",2000,-1.5,"0.25(log(n))^2",0.88
402,1000,5,"Clayton",2000,-1.5,"0.25(log(n))^2",0.59
403,1000,5,"Clayton",2000,-1.5,"0.25(log(n))^2",0.51
404,1000,5,"Clayton",2000,-1.5,"0.25(log(n))^2",0.08
405,1000,5,"Clayton",2000,-1.5,"0.25(log(n))^2",0.9
406,1000,5,"Clayton",2000,-1.5,"0.25(log(n))^2",0.43
407,1000,5,"Clayton",2000,-1.5,"0.25(log(n))^2",0.9
408,1000,5,"Clayton",2000,-1.5,"0.25(log(n))^2",0.19
409,1000,5,"Clayton",2000,-1.5,"0.25(log(n))^2",0.88
410,1000,5,"Clayton",2000,-1.5,"0.25(log(n))^2",0.98
411,1000,5,"Clayton",2000,-1.5,"0.25(log(n))^2",0.96
412,1000,5,"Clayton",2000,-1.5,"0.25(log(n))^2",0.8
413,1000,5,"Clayton",2000,-1.5,"0.25(log(n))^2",0.42
414,1000,5,"Clayton",2000,-1.5,"0.25(log(n))^2",0.75
415,1000,5,"Clayton",2000,-1.5,"0.25(log(n))^2",0.93
416,1000,5,"Clayton",2000,-1.5,"0.25(log(n))^2",0.77
417,1000,5,"Clayton",2000,-1.5,"0.25(log(n))^2",0.6
418,1000,5,"Clayton",2000,-1.5,"0.25(log(n))^2",0.9
419,1000,5,"Clayton",2000,-1.5,"0.25(log(n))^2",0.73
420,1000,5,"Clayton",2000,-1.5,"0.25(log(n))^2",0.24
421,1000,5,"Clayton",2000,-1.5,"0.25(log(n))^2",0.97
422,1000,5,"Clayton",2000,-1.5,"0.25(log(n))^2",0.6
423,1000,5,"Clayton",2000,-1.5,"0.25(log(n))^2",0.75
424,1000,5,"Clayton",2000,-1.5,"0.25(log(n))^2",0.99
425,1000,5,"Clayton",2000,-1.5,"0.25(log(n))^2",0.46
426,1000,5,"Clayton",2000,-1.5,"0.25(log(n))^2",0.49
427,1000,5,"Clayton",2000,-1.5,"0.25(log(n))^2",0.78
428,1000,5,"Clayton",2000,-1.5,"0.25(log(n))^2",0.91
429,1000,5,"Clayton",2000,-1.5,"0.25(log(n))^2",0.81
430,1000,5,"Clayton",2000,-1.5,"0.25(log(n))^2",0.99
431,1000,5,"Clayton",2000,-1.5,"0.25(log(n))^2",0.39
432,1000,5,"Clayton",2000,-1.5,"0.25(log(n))^2",0.09
433,1000,5,"Clayton",2000,-1.5,"0.25(log(n))^2",0.94
434,1000,5,"Clayton",2000,-1.5,"0.25(log(n))^2",0.9
435,1000,5,"Clayton",2000,-1.5,"0.25(log(n))^2",0.88
436,1000,5,"Clayton",2000,-1.5,"0.25(log(n))^2",0.29
437,1000,5,"Clayton",2000,-1.5,"0.25(log(n))^2",0.18
438,1000,5,"Clayton",2000,-1.5,"0.25(log(n))^2",0.76
439,1000,5,"Clayton",2000,-1.5,"0.25(log(n))^2",0.76
440,1000,5,"Clayton",2000,-1.5,"0.25(log(n))^2",1
441,1000,5,"Clayton",2000,-1.5,"0.25(log(n))^2",0.46
442,1000,5,"Clayton",2000,-1.5,"0.25(log(n))^2",0.49
443,1000,5,"Clayton",2000,-1.5,"0.25(log(n))^2",0.76
444,1000,5,"Clayton",2000,-1.5,"0.25(log(n))^2",0.23
445,1000,5,"Clayton",2000,-1.5,"0.25(log(n))^2",0.63
446,1000,5,"Clayton",2000,-1.5,"0.25(log(n))^2",0.9
447,1000,5,"Clayton",2000,-1.5,"0.25(log(n))^2",0.57
448,1000,5,"Clayton",2000,-1.5,"0.25(log(n))^2",0.94
449,1000,5,"Clayton",2000,-1.5,"0.25(log(n))^2",0.64
450,1000,5,"Clayton",2000,-1.5,"0.25(log(n))^2",0.32
451,1000,5,"Clayton",2000,-1.5,"0.25(log(n))^2",0.99
452,1000,5,"Clayton",2000,-1.5,"0.25(log(n))^2",0.98
453,1000,5,"Clayton",2000,-1.5,"0.25(log(n))^2",0.58
454,1000,5,"Clayton",2000,-1.5,"0.25(log(n))^2",0.8
455,1000,5,"Clayton",2000,-1.5,"0.25(log(n))^2",0.62
456,1000,5,"Clayton",2000,-1.5,"0.25(log(n))^2",0.9
457,1000,5,"Clayton",2000,-1.5,"0.25(log(n))^2",1
458,1000,5,"Clayton",2000,-1.5,"0.25(log(n))^2",0.68
459,1000,5,"Clayton",2000,-1.5,"0.25(log(n))^2",0.63
460,1000,5,"Clayton",2000,-1.5,"0.25(log(n))^2",0.67
461,1000,5,"Clayton",2000,-1.5,"0.25(log(n))^2",0.47
462,1000,5,"Clayton",2000,-1.5,"0.25(log(n))^2",0.1
463,1000,5,"Clayton",2000,-1.5,"0.25(log(n))^2",0.64
464,1000,5,"Clayton",2000,-1.5,"0.25(log(n))^2",0.84
465,1000,5,"Clayton",2000,-1.5,"0.25(log(n))^2",0.91
466,1000,5,"Clayton",2000,-1.5,"0.25(log(n))^2",0.34
467,1000,5,"Clayton",2000,-1.5,"0.25(log(n))^2",0.86
468,1000,5,"Clayton",2000,-1.5,"0.25(log(n))^2",0.67
469,1000,5,"Clayton",2000,-1.5,"0.25(log(n))^2",0.72
470,1000,5,"Clayton",2000,-1.5,"0.25(log(n))^2",0.82
471,1000,5,"Clayton",2000,-1.5,"0.25(log(n))^2",0.32
472,1000,5,"Clayton",2000,-1.5,"0.25(log(n))^2",0.18
473,1000,5,"Clayton",2000,-1.5,"0.25(log(n))^2",0.93
474,1000,5,"Clayton",2000,-1.5,"0.25(log(n))^2",0.51
475,1000,5,"Clayton",2000,-1.5,"0.25(log(n))^2",0.08
476,1000,5,"Clayton",2000,-1.5,"0.25(log(n))^2",0.93
477,1000,5,"Clayton",2000,-1.5,"0.25(log(n))^2",0.3
478,1000,5,"Clayton",2000,-1.5,"0.25(log(n))^2",0.83
479,1000,5,"Clayton",2000,-1.5,"0.25(log(n))^2",0.75
480,1000,5,"Clayton",2000,-1.5,"0.25(log(n))^2",0.88
481,1000,5,"Clayton",2000,-1.5,"0.25(log(n))^2",1
482,1000,5,"Clayton",2000,-1.5,"0.25(log(n))^2",0.15
483,1000,5,"Clayton",2000,-1.5,"0.25(log(n))^2",0.07
484,1000,5,"Clayton",2000,-1.5,"0.25(log(n))^2",0.12
485,1000,5,"Clayton",2000,-1.5,"0.25(log(n))^2",0.41
486,1000,5,"Clayton",2000,-1.5,"0.25(log(n))^2",0.81
487,1000,5,"Clayton",2000,-1.5,"0.25(log(n))^2",0.24
488,1000,5,"Clayton",2000,-1.5,"0.25(log(n))^2",0.54
489,1000,5,"Clayton",2000,-1.5,"0.25(log(n))^2",0.71
490,1000,5,"Clayton",2000,-1.5,"0.25(log(n))^2",0.94
491,1000,5,"Clayton",2000,-1.5,"0.25(log(n))^2",0.93
492,1000,5,"Clayton",2000,-1.5,"0.25(log(n))^2",0.43
493,1000,5,"Clayton",2000,-1.5,"0.25(log(n))^2",0.95
494,1000,5,"Clayton",2000,-1.5,"0.25(log(n))^2",0.74
495,1000,5,"Clayton",2000,-1.5,"0.25(log(n))^2",0.56
496,1000,5,"Clayton",2000,-1.5,"0.25(log(n))^2",0.79
497,1000,5,"Clayton",2000,-1.5,"0.25(log(n))^2",0.33
498,1000,5,"Clayton",2000,-1.5,"0.25(log(n))^2",0.17
499,1000,5,"Clayton",2000,-1.5,"0.25(log(n))^2",0.48
500,1000,5,"Clayton",2000,-1.5,"0.25(log(n))^2",0.4
501,1000,5,"Clayton",2000,-1.5,"0.25(log(n))^2",0.07
502,1000,5,"Clayton",2000,-1.5,"0.25(log(n))^2",0.76
503,1000,5,"Clayton",2000,-1.5,"0.25(log(n))^2",0.95
504,1000,5,"Clayton",2000,-1.5,"0.25(log(n))^2",0.65
505,1000,5,"Clayton",2000,-1.5,"0.25(log(n))^2",0.17
506,1000,5,"Clayton",2000,-1.5,"0.25(log(n))^2",0.98
507,1000,5,"Clayton",2000,-1.5,"0.25(log(n))^2",0.58
508,1000,5,"Clayton",2000,-1.5,"0.25(log(n))^2",0.99
509,1000,5,"Clayton",2000,-1.5,"0.25(log(n))^2",0.23
510,1000,5,"Clayton",2000,-1.5,"0.25(log(n))^2",0.69
511,1000,5,"Clayton",2000,-1.5,"0.25(log(n))^2",0.1
512,1000,5,"Clayton",2000,-1.5,"0.25(log(n))^2",0.38
513,1000,5,"Clayton",2000,-1.5,"0.25(log(n))^2",0.96
514,1000,5,"Clayton",2000,-1.5,"0.25(log(n))^2",0.57
515,1000,5,"Clayton",2000,-1.5,"0.25(log(n))^2",0.41
516,1000,5,"Clayton",2000,-1.5,"0.25(log(n))^2",0.33
517,1000,5,"Clayton",2000,-1.5,"0.25(log(n))^2",0.99
518,1000,5,"Clayton",2000,-1.5,"0.25(log(n))^2",0.68
519,1000,5,"Clayton",2000,-1.5,"0.25(log(n))^2",0.91
520,1000,5,"Clayton",2000,-1.5,"0.25(log(n))^2",0.95
521,1000,5,"Clayton",2000,-1.5,"0.25(log(n))^2",0.8
522,1000,5,"Clayton",2000,-1.5,"0.25(log(n))^2",0.64
523,1000,5,"Clayton",2000,-1.5,"0.25(log(n))^2",0.94
524,1000,5,"Clayton",2000,-1.5,"0.25(log(n))^2",0.94
525,1000,5,"Clayton",2000,-1.5,"0.25(log(n))^2",0.65
526,1000,5,"Clayton",2000,-1.5,"0.25(log(n))^2",0.85
527,1000,5,"Clayton",2000,-1.5,"0.25(log(n))^2",0.55
528,1000,5,"Clayton",2000,-1.5,"0.25(log(n))^2",0.51
529,1000,5,"Clayton",2000,-1.5,"0.25(log(n))^2",0.56
530,1000,5,"Clayton",2000,-1.5,"0.25(log(n))^2",0.68
531,1000,5,"Clayton",2000,-1.5,"0.25(log(n))^2",0.35
532,1000,5,"Clayton",2000,-1.5,"0.25(log(n))^2",0.98
533,1000,5,"Clayton",2000,-1.5,"0.25(log(n))^2",0.71
534,1000,5,"Clayton",2000,-1.5,"0.25(log(n))^2",0.94
535,1000,5,"Clayton",2000,-1.5,"0.25(log(n))^2",0.54
536,1000,5,"Clayton",2000,-1.5,"0.25(log(n))^2",0.41
537,1000,5,"Clayton",2000,-1.5,"0.25(log(n))^2",0.27
538,1000,5,"Clayton",2000,-1.5,"0.25(log(n))^2",0.32
539,1000,5,"Clayton",2000,-1.5,"0.25(log(n))^2",0.81
540,1000,5,"Clayton",2000,-1.5,"0.25(log(n))^2",0.75
541,1000,5,"Clayton",2000,-1.5,"0.25(log(n))^2",0.54
542,1000,5,"Clayton",2000,-1.5,"0.25(log(n))^2",0.65
543,1000,5,"Clayton",2000,-1.5,"0.25(log(n))^2",0.96
544,1000,5,"Clayton",2000,-1.5,"0.25(log(n))^2",0.53
545,1000,5,"Clayton",2000,-1.5,"0.25(log(n))^2",0.9
546,1000,5,"Clayton",2000,-1.5,"0.25(log(n))^2",0.93
547,1000,5,"Clayton",2000,-1.5,"0.25(log(n))^2",0.28
548,1000,5,"Clayton",2000,-1.5,"0.25(log(n))^2",0.94
549,1000,5,"Clayton",2000,-1.5,"0.25(log(n))^2",0.87
550,1000,5,"Clayton",2000,-1.5,"0.25(log(n))^2",0.93
551,1000,5,"Clayton",2000,-1.5,"0.25(log(n))^2",0.94
552,1000,5,"Clayton",2000,-1.5,"0.25(log(n))^2",0.94
553,1000,5,"Clayton",2000,-1.5,"0.25(log(n))^2",0.28
554,1000,5,"Clayton",2000,-1.5,"0.25(log(n))^2",0.89
555,1000,5,"Clayton",2000,-1.5,"0.25(log(n))^2",0.42
556,1000,5,"Clayton",2000,-1.5,"0.25(log(n))^2",0.89
557,1000,5,"Clayton",2000,-1.5,"0.25(log(n))^2",0.6
558,1000,5,"Clayton",2000,-1.5,"0.25(log(n))^2",0.35
559,1000,5,"Clayton",2000,-1.5,"0.25(log(n))^2",0.76
560,1000,5,"Clayton",2000,-1.5,"0.25(log(n))^2",0.47
561,1000,5,"Clayton",2000,-1.5,"0.25(log(n))^2",0.89
562,1000,5,"Clayton",2000,-1.5,"0.25(log(n))^2",0.37
563,1000,5,"Clayton",2000,-1.5,"0.25(log(n))^2",0.97
564,1000,5,"Clayton",2000,-1.5,"0.25(log(n))^2",1
565,1000,5,"Clayton",2000,-1.5,"0.25(log(n))^2",0.11
566,1000,5,"Clayton",2000,-1.5,"0.25(log(n))^2",0.87
567,1000,5,"Clayton",2000,-1.5,"0.25(log(n))^2",0.5
568,1000,5,"Clayton",2000,-1.5,"0.25(log(n))^2",0.89
569,1000,5,"Clayton",2000,-1.5,"0.25(log(n))^2",0.9
570,1000,5,"Clayton",2000,-1.5,"0.25(log(n))^2",0.86
571,1000,5,"Clayton",2000,-1.5,"0.25(log(n))^2",0.89
572,1000,5,"Clayton",2000,-1.5,"0.25(log(n))^2",0.46
573,1000,5,"Clayton",2000,-1.5,"0.25(log(n))^2",0.53
574,1000,5,"Clayton",2000,-1.5,"0.25(log(n))^2",0.15
575,1000,5,"Clayton",2000,-1.5,"0.25(log(n))^2",0.65
576,1000,5,"Clayton",2000,-1.5,"0.25(log(n))^2",0.39
577,1000,5,"Clayton",2000,-1.5,"0.25(log(n))^2",0.31
578,1000,5,"Clayton",2000,-1.5,"0.25(log(n))^2",0.8
579,1000,5,"Clayton",2000,-1.5,"0.25(log(n))^2",0.72
580,1000,5,"Clayton",2000,-1.5,"0.25(log(n))^2",0.84
581,1000,5,"Clayton",2000,-1.5,"0.25(log(n))^2",0.59
582,1000,5,"Clayton",2000,-1.5,"0.25(log(n))^2",0.26
583,1000,5,"Clayton",2000,-1.5,"0.25(log(n))^2",0.96
584,1000,5,"Clayton",2000,-1.5,"0.25(log(n))^2",0.35
585,1000,5,"Clayton",2000,-1.5,"0.25(log(n))^2",0.77
586,1000,5,"Clayton",2000,-1.5,"0.25(log(n))^2",0.39
587,1000,5,"Clayton",2000,-1.5,"0.25(log(n))^2",1
588,1000,5,"Clayton",2000,-1.5,"0.25(log(n))^2",0.95
589,1000,5,"Clayton",2000,-1.5,"0.25(log(n))^2",0.48
590,1000,5,"Clayton",2000,-1.5,"0.25(log(n))^2",0.51
591,1000,5,"Clayton",2000,-1.5,"0.25(log(n))^2",0.42
592,1000,5,"Clayton",2000,-1.5,"0.25(log(n))^2",0.77
593,1000,5,"Clayton",2000,-1.5,"0.25(log(n))^2",0.8
594,1000,5,"Clayton",2000,-1.5,"0.25(log(n))^2",0.48
595,1000,5,"Clayton",2000,-1.5,"0.25(log(n))^2",0.15
596,1000,5,"Clayton",2000,-1.5,"0.25(log(n))^2",0.66
597,1000,5,"Clayton",2000,-1.5,"0.25(log(n))^2",0.72
598,1000,5,"Clayton",2000,-1.5,"0.25(log(n))^2",0.54
599,1000,5,"Clayton",2000,-1.5,"0.25(log(n))^2",0.7
600,1000,5,"Clayton",2000,-1.5,"0.25(log(n))^2",0.65
601,1000,5,"Clayton",2000,-1.5,"0.25(log(n))^2",0.47
602,1000,5,"Clayton",2000,-1.5,"0.25(log(n))^2",0.75
603,1000,5,"Clayton",2000,-1.5,"0.25(log(n))^2",0.65
604,1000,5,"Clayton",2000,-1.5,"0.25(log(n))^2",0.93
605,1000,5,"Clayton",2000,-1.5,"0.25(log(n))^2",0.9
606,1000,5,"Clayton",2000,-1.5,"0.25(log(n))^2",0.79
607,1000,5,"Clayton",2000,-1.5,"0.25(log(n))^2",0.72
608,1000,5,"Clayton",2000,-1.5,"0.25(log(n))^2",0.99
609,1000,5,"Clayton",2000,-1.5,"0.25(log(n))^2",0.96
610,1000,5,"Clayton",2000,-1.5,"0.25(log(n))^2",0.97
611,1000,5,"Clayton",2000,-1.5,"0.25(log(n))^2",0.68
612,1000,5,"Clayton",2000,-1.5,"0.25(log(n))^2",0.3
613,1000,5,"Clayton",2000,-1.5,"0.25(log(n))^2",0.19
614,1000,5,"Clayton",2000,-1.5,"0.25(log(n))^2",0.96
615,1000,5,"Clayton",2000,-1.5,"0.25(log(n))^2",0.42
616,1000,5,"Clayton",2000,-1.5,"0.25(log(n))^2",1
617,1000,5,"Clayton",2000,-1.5,"0.25(log(n))^2",0.16
618,1000,5,"Clayton",2000,-1.5,"0.25(log(n))^2",0.71
619,1000,5,"Clayton",2000,-1.5,"0.25(log(n))^2",0.1
620,1000,5,"Clayton",2000,-1.5,"0.25(log(n))^2",0.85
621,1000,5,"Clayton",2000,-1.5,"0.25(log(n))^2",0.67
622,1000,5,"Clayton",2000,-1.5,"0.25(log(n))^2",0.51
623,1000,5,"Clayton",2000,-1.5,"0.25(log(n))^2",0.47
624,1000,5,"Clayton",2000,-1.5,"0.25(log(n))^2",0.63
625,1000,5,"Clayton",2000,-1.5,"0.25(log(n))^2",0.98
626,1000,5,"Clayton",2000,-1.5,"0.25(log(n))^2",0.72
627,1000,5,"Clayton",2000,-1.5,"0.25(log(n))^2",0.84
628,1000,5,"Clayton",2000,-1.5,"0.25(log(n))^2",0.22
629,1000,5,"Clayton",2000,-1.5,"0.25(log(n))^2",0.48
630,1000,5,"Clayton",2000,-1.5,"0.25(log(n))^2",0.75
631,1000,5,"Clayton",2000,-1.5,"0.25(log(n))^2",1
632,1000,5,"Clayton",2000,-1.5,"0.25(log(n))^2",0.63
633,1000,5,"Clayton",2000,-1.5,"0.25(log(n))^2",0.9
634,1000,5,"Clayton",2000,-1.5,"0.25(log(n))^2",0.19
635,1000,5,"Clayton",2000,-1.5,"0.25(log(n))^2",0.89
636,1000,5,"Clayton",2000,-1.5,"0.25(log(n))^2",0.97
637,1000,5,"Clayton",2000,-1.5,"0.25(log(n))^2",1
638,1000,5,"Clayton",2000,-1.5,"0.25(log(n))^2",0.97
639,1000,5,"Clayton",2000,-1.5,"0.25(log(n))^2",0.98
640,1000,5,"Clayton",2000,-1.5,"0.25(log(n))^2",0.77
641,1000,5,"Clayton",2000,-1.5,"0.25(log(n))^2",0.54
642,1000,5,"Clayton",2000,-1.5,"0.25(log(n))^2",0.34
643,1000,5,"Clayton",2000,-1.5,"0.25(log(n))^2",0.58
644,1000,5,"Clayton",2000,-1.5,"0.25(log(n))^2",0.53
645,1000,5,"Clayton",2000,-1.5,"0.25(log(n))^2",0.97
646,1000,5,"Clayton",2000,-1.5,"0.25(log(n))^2",0.41
647,1000,5,"Clayton",2000,-1.5,"0.25(log(n))^2",0.34
648,1000,5,"Clayton",2000,-1.5,"0.25(log(n))^2",0.97
649,1000,5,"Clayton",2000,-1.5,"0.25(log(n))^2",0.7
650,1000,5,"Clayton",2000,-1.5,"0.25(log(n))^2",1
651,1000,5,"Clayton",2000,-1.5,"0.25(log(n))^2",1
652,1000,5,"Clayton",2000,-1.5,"0.25(log(n))^2",0.98
653,1000,5,"Clayton",2000,-1.5,"0.25(log(n))^2",0.98
654,1000,5,"Clayton",2000,-1.5,"0.25(log(n))^2",0.9
655,1000,5,"Clayton",2000,-1.5,"0.25(log(n))^2",0.51
656,1000,5,"Clayton",2000,-1.5,"0.25(log(n))^2",0.64
657,1000,5,"Clayton",2000,-1.5,"0.25(log(n))^2",0.67
658,1000,5,"Clayton",2000,-1.5,"0.25(log(n))^2",0.89
659,1000,5,"Clayton",2000,-1.5,"0.25(log(n))^2",0.45
660,1000,5,"Clayton",2000,-1.5,"0.25(log(n))^2",0.31
661,1000,5,"Clayton",2000,-1.5,"0.25(log(n))^2",0.7
662,1000,5,"Clayton",2000,-1.5,"0.25(log(n))^2",0.25
663,1000,5,"Clayton",2000,-1.5,"0.25(log(n))^2",0.88
664,1000,5,"Clayton",2000,-1.5,"0.25(log(n))^2",0.69
665,1000,5,"Clayton",2000,-1.5,"0.25(log(n))^2",0.97
666,1000,5,"Clayton",2000,-1.5,"0.25(log(n))^2",0.74
667,1000,5,"Clayton",2000,-1.5,"0.25(log(n))^2",0.63
668,1000,5,"Clayton",2000,-1.5,"0.25(log(n))^2",0.08
669,1000,5,"Clayton",2000,-1.5,"0.25(log(n))^2",0.6
670,1000,5,"Clayton",2000,-1.5,"0.25(log(n))^2",0.77
671,1000,5,"Clayton",2000,-1.5,"0.25(log(n))^2",0.47
672,1000,5,"Clayton",2000,-1.5,"0.25(log(n))^2",0.36
673,1000,5,"Clayton",2000,-1.5,"0.25(log(n))^2",0.43
674,1000,5,"Clayton",2000,-1.5,"0.25(log(n))^2",0.81
675,1000,5,"Clayton",2000,-1.5,"0.25(log(n))^2",0.36
676,1000,5,"Clayton",2000,-1.5,"0.25(log(n))^2",0.27
677,1000,5,"Clayton",2000,-1.5,"0.25(log(n))^2",0.97
678,1000,5,"Clayton",2000,-1.5,"0.25(log(n))^2",0.08
679,1000,5,"Clayton",2000,-1.5,"0.25(log(n))^2",0.64
680,1000,5,"Clayton",2000,-1.5,"0.25(log(n))^2",0.75
681,1000,5,"Clayton",2000,-1.5,"0.25(log(n))^2",0.95
682,1000,5,"Clayton",2000,-1.5,"0.25(log(n))^2",0.69
683,1000,5,"Clayton",2000,-1.5,"0.25(log(n))^2",0.93
684,1000,5,"Clayton",2000,-1.5,"0.25(log(n))^2",0.67
685,1000,5,"Clayton",2000,-1.5,"0.25(log(n))^2",0.7
686,1000,5,"Clayton",2000,-1.5,"0.25(log(n))^2",0.73
687,1000,5,"Clayton",2000,-1.5,"0.25(log(n))^2",0.96
688,1000,5,"Clayton",2000,-1.5,"0.25(log(n))^2",0.81
689,1000,5,"Clayton",2000,-1.5,"0.25(log(n))^2",0.47
690,1000,5,"Clayton",2000,-1.5,"0.25(log(n))^2",0.94
691,1000,5,"Clayton",2000,-1.5,"0.25(log(n))^2",0.64
692,1000,5,"Clayton",2000,-1.5,"0.25(log(n))^2",0.61
693,1000,5,"Clayton",2000,-1.5,"0.25(log(n))^2",0.99
694,1000,5,"Clayton",2000,-1.5,"0.25(log(n))^2",0.81
695,1000,5,"Clayton",2000,-1.5,"0.25(log(n))^2",0.59
696,1000,5,"Clayton",2000,-1.5,"0.25(log(n))^2",0.92
697,1000,5,"Clayton",2000,-1.5,"0.25(log(n))^2",0.98
698,1000,5,"Clayton",2000,-1.5,"0.25(log(n))^2",0.71
699,1000,5,"Clayton",2000,-1.5,"0.25(log(n))^2",0.33
700,1000,5,"Clayton",2000,-1.5,"0.25(log(n))^2",0.03
701,1000,5,"Clayton",2000,-1.5,"0.25(log(n))^2",0.77
702,1000,5,"Clayton",2000,-1.5,"0.25(log(n))^2",0.91
703,1000,5,"Clayton",2000,-1.5,"0.25(log(n))^2",0.56
704,1000,5,"Clayton",2000,-1.5,"0.25(log(n))^2",0.91
705,1000,5,"Clayton",2000,-1.5,"0.25(log(n))^2",0.84
706,1000,5,"Clayton",2000,-1.5,"0.25(log(n))^2",0.74
707,1000,5,"Clayton",2000,-1.5,"0.25(log(n))^2",0.87
708,1000,5,"Clayton",2000,-1.5,"0.25(log(n))^2",0.65
709,1000,5,"Clayton",2000,-1.5,"0.25(log(n))^2",0.99
710,1000,5,"Clayton",2000,-1.5,"0.25(log(n))^2",0.71
711,1000,5,"Clayton",2000,-1.5,"0.25(log(n))^2",0.51
712,1000,5,"Clayton",2000,-1.5,"0.25(log(n))^2",0.73
713,1000,5,"Clayton",2000,-1.5,"0.25(log(n))^2",0.45
714,1000,5,"Clayton",2000,-1.5,"0.25(log(n))^2",0.37
715,1000,5,"Clayton",2000,-1.5,"0.25(log(n))^2",0.91
716,1000,5,"Clayton",2000,-1.5,"0.25(log(n))^2",0.32
717,1000,5,"Clayton",2000,-1.5,"0.25(log(n))^2",0.52
718,1000,5,"Clayton",2000,-1.5,"0.25(log(n))^2",0.37
719,1000,5,"Clayton",2000,-1.5,"0.25(log(n))^2",0.56
720,1000,5,"Clayton",2000,-1.5,"0.25(log(n))^2",0.77
721,1000,5,"Clayton",2000,-1.5,"0.25(log(n))^2",0.26
722,1000,5,"Clayton",2000,-1.5,"0.25(log(n))^2",0.19
723,1000,5,"Clayton",2000,-1.5,"0.25(log(n))^2",0.8
724,1000,5,"Clayton",2000,-1.5,"0.25(log(n))^2",0.99
725,1000,5,"Clayton",2000,-1.5,"0.25(log(n))^2",0.35
726,1000,5,"Clayton",2000,-1.5,"0.25(log(n))^2",0.14
727,1000,5,"Clayton",2000,-1.5,"0.25(log(n))^2",0.98
728,1000,5,"Clayton",2000,-1.5,"0.25(log(n))^2",0.96
729,1000,5,"Clayton",2000,-1.5,"0.25(log(n))^2",0.31
730,1000,5,"Clayton",2000,-1.5,"0.25(log(n))^2",0.2
731,1000,5,"Clayton",2000,-1.5,"0.25(log(n))^2",0.86
732,1000,5,"Clayton",2000,-1.5,"0.25(log(n))^2",0.57
733,1000,5,"Clayton",2000,-1.5,"0.25(log(n))^2",0.83
734,1000,5,"Clayton",2000,-1.5,"0.25(log(n))^2",0.86
735,1000,5,"Clayton",2000,-1.5,"0.25(log(n))^2",0.58
736,1000,5,"Clayton",2000,-1.5,"0.25(log(n))^2",0.35
737,1000,5,"Clayton",2000,-1.5,"0.25(log(n))^2",0.63
738,1000,5,"Clayton",2000,-1.5,"0.25(log(n))^2",0.31
739,1000,5,"Clayton",2000,-1.5,"0.25(log(n))^2",0.85
740,1000,5,"Clayton",2000,-1.5,"0.25(log(n))^2",0.32
741,1000,5,"Clayton",2000,-1.5,"0.25(log(n))^2",0.48
742,1000,5,"Clayton",2000,-1.5,"0.25(log(n))^2",0.96
743,1000,5,"Clayton",2000,-1.5,"0.25(log(n))^2",0.2
744,1000,5,"Clayton",2000,-1.5,"0.25(log(n))^2",0.5
745,1000,5,"Clayton",2000,-1.5,"0.25(log(n))^2",0.79
746,1000,5,"Clayton",2000,-1.5,"0.25(log(n))^2",0.81
747,1000,5,"Clayton",2000,-1.5,"0.25(log(n))^2",0.19
748,1000,5,"Clayton",2000,-1.5,"0.25(log(n))^2",0.78
749,1000,5,"Clayton",2000,-1.5,"0.25(log(n))^2",0.67
750,1000,5,"Clayton",2000,-1.5,"0.25(log(n))^2",0.81
751,1000,5,"Clayton",2000,-1.5,"0.25(log(n))^2",0.35
752,1000,5,"Clayton",2000,-1.5,"0.25(log(n))^2",0.53
753,1000,5,"Clayton",2000,-1.5,"0.25(log(n))^2",0.91
754,1000,5,"Clayton",2000,-1.5,"0.25(log(n))^2",0.5
755,1000,5,"Clayton",2000,-1.5,"0.25(log(n))^2",0.99
756,1000,5,"Clayton",2000,-1.5,"0.25(log(n))^2",0.97
757,1000,5,"Clayton",2000,-1.5,"0.25(log(n))^2",0.89
758,1000,5,"Clayton",2000,-1.5,"0.25(log(n))^2",0.07
759,1000,5,"Clayton",2000,-1.5,"0.25(log(n))^2",0.08
760,1000,5,"Clayton",2000,-1.5,"0.25(log(n))^2",0.63
761,1000,5,"Clayton",2000,-1.5,"0.25(log(n))^2",0.99
762,1000,5,"Clayton",2000,-1.5,"0.25(log(n))^2",0.26
763,1000,5,"Clayton",2000,-1.5,"0.25(log(n))^2",0.7
764,1000,5,"Clayton",2000,-1.5,"0.25(log(n))^2",0.82
765,1000,5,"Clayton",2000,-1.5,"0.25(log(n))^2",0.58
766,1000,5,"Clayton",2000,-1.5,"0.25(log(n))^2",0.65
767,1000,5,"Clayton",2000,-1.5,"0.25(log(n))^2",0.63
768,1000,5,"Clayton",2000,-1.5,"0.25(log(n))^2",0.57
769,1000,5,"Clayton",2000,-1.5,"0.25(log(n))^2",0.56
770,1000,5,"Clayton",2000,-1.5,"0.25(log(n))^2",0.78
771,1000,5,"Clayton",2000,-1.5,"0.25(log(n))^2",0.91
772,1000,5,"Clayton",2000,-1.5,"0.25(log(n))^2",0.22
773,1000,5,"Clayton",2000,-1.5,"0.25(log(n))^2",0.49
774,1000,5,"Clayton",2000,-1.5,"0.25(log(n))^2",0.78
775,1000,5,"Clayton",2000,-1.5,"0.25(log(n))^2",0.2
776,1000,5,"Clayton",2000,-1.5,"0.25(log(n))^2",0.95
777,1000,5,"Clayton",2000,-1.5,"0.25(log(n))^2",0.89
778,1000,5,"Clayton",2000,-1.5,"0.25(log(n))^2",0.98
779,1000,5,"Clayton",2000,-1.5,"0.25(log(n))^2",0.36
780,1000,5,"Clayton",2000,-1.5,"0.25(log(n))^2",0.43
781,1000,5,"Clayton",2000,-1.5,"0.25(log(n))^2",0.52
782,1000,5,"Clayton",2000,-1.5,"0.25(log(n))^2",0.8
783,1000,5,"Clayton",2000,-1.5,"0.25(log(n))^2",0.95
784,1000,5,"Clayton",2000,-1.5,"0.25(log(n))^2",0.67
785,1000,5,"Clayton",2000,-1.5,"0.25(log(n))^2",0.13
786,1000,5,"Clayton",2000,-1.5,"0.25(log(n))^2",0.99
787,1000,5,"Clayton",2000,-1.5,"0.25(log(n))^2",0.29
788,1000,5,"Clayton",2000,-1.5,"0.25(log(n))^2",0.88
789,1000,5,"Clayton",2000,-1.5,"0.25(log(n))^2",1
790,1000,5,"Clayton",2000,-1.5,"0.25(log(n))^2",0.89
791,1000,5,"Clayton",2000,-1.5,"0.25(log(n))^2",0.83
792,1000,5,"Clayton",2000,-1.5,"0.25(log(n))^2",0.02
793,1000,5,"Clayton",2000,-1.5,"0.25(log(n))^2",0.45
794,1000,5,"Clayton",2000,-1.5,"0.25(log(n))^2",0.21
795,1000,5,"Clayton",2000,-1.5,"0.25(log(n))^2",0.46
796,1000,5,"Clayton",2000,-1.5,"0.25(log(n))^2",0.56
797,1000,5,"Clayton",2000,-1.5,"0.25(log(n))^2",0.14
798,1000,5,"Clayton",2000,-1.5,"0.25(log(n))^2",0.86
799,1000,5,"Clayton",2000,-1.5,"0.25(log(n))^2",0.25
800,1000,5,"Clayton",2000,-1.5,"0.25(log(n))^2",0.97
801,1000,5,"Clayton",2000,-1.5,"0.25(log(n))^2",0.27
802,1000,5,"Clayton",2000,-1.5,"0.25(log(n))^2",1
803,1000,5,"Clayton",2000,-1.5,"0.25(log(n))^2",0.56
804,1000,5,"Clayton",2000,-1.5,"0.25(log(n))^2",0.17
805,1000,5,"Clayton",2000,-1.5,"0.25(log(n))^2",0.93
806,1000,5,"Clayton",2000,-1.5,"0.25(log(n))^2",0.97
807,1000,5,"Clayton",2000,-1.5,"0.25(log(n))^2",0.9
808,1000,5,"Clayton",2000,-1.5,"0.25(log(n))^2",0.28
809,1000,5,"Clayton",2000,-1.5,"0.25(log(n))^2",0.79
810,1000,5,"Clayton",2000,-1.5,"0.25(log(n))^2",0.97
811,1000,5,"Clayton",2000,-1.5,"0.25(log(n))^2",0.78
812,1000,5,"Clayton",2000,-1.5,"0.25(log(n))^2",0.97
813,1000,5,"Clayton",2000,-1.5,"0.25(log(n))^2",0.95
814,1000,5,"Clayton",2000,-1.5,"0.25(log(n))^2",0.97
815,1000,5,"Clayton",2000,-1.5,"0.25(log(n))^2",0.96
816,1000,5,"Clayton",2000,-1.5,"0.25(log(n))^2",0.39
817,1000,5,"Clayton",2000,-1.5,"0.25(log(n))^2",0.82
818,1000,5,"Clayton",2000,-1.5,"0.25(log(n))^2",0.99
819,1000,5,"Clayton",2000,-1.5,"0.25(log(n))^2",1
820,1000,5,"Clayton",2000,-1.5,"0.25(log(n))^2",0.22
821,1000,5,"Clayton",2000,-1.5,"0.25(log(n))^2",0.97
822,1000,5,"Clayton",2000,-1.5,"0.25(log(n))^2",0.51
823,1000,5,"Clayton",2000,-1.5,"0.25(log(n))^2",0.55
824,1000,5,"Clayton",2000,-1.5,"0.25(log(n))^2",0.75
825,1000,5,"Clayton",2000,-1.5,"0.25(log(n))^2",0.4
826,1000,5,"Clayton",2000,-1.5,"0.25(log(n))^2",0.77
827,1000,5,"Clayton",2000,-1.5,"0.25(log(n))^2",0.75
828,1000,5,"Clayton",2000,-1.5,"0.25(log(n))^2",0.46
829,1000,5,"Clayton",2000,-1.5,"0.25(log(n))^2",0.1
830,1000,5,"Clayton",2000,-1.5,"0.25(log(n))^2",0.26
831,1000,5,"Clayton",2000,-1.5,"0.25(log(n))^2",0.82
832,1000,5,"Clayton",2000,-1.5,"0.25(log(n))^2",0.27
833,1000,5,"Clayton",2000,-1.5,"0.25(log(n))^2",0.93
834,1000,5,"Clayton",2000,-1.5,"0.25(log(n))^2",0.91
835,1000,5,"Clayton",2000,-1.5,"0.25(log(n))^2",0.48
836,1000,5,"Clayton",2000,-1.5,"0.25(log(n))^2",0.31
837,1000,5,"Clayton",2000,-1.5,"0.25(log(n))^2",0.98
838,1000,5,"Clayton",2000,-1.5,"0.25(log(n))^2",0.49
839,1000,5,"Clayton",2000,-1.5,"0.25(log(n))^2",0.31
840,1000,5,"Clayton",2000,-1.5,"0.25(log(n))^2",0.97
841,1000,5,"Clayton",2000,-1.5,"0.25(log(n))^2",0.5
842,1000,5,"Clayton",2000,-1.5,"0.25(log(n))^2",0.79
843,1000,5,"Clayton",2000,-1.5,"0.25(log(n))^2",0.46
844,1000,5,"Clayton",2000,-1.5,"0.25(log(n))^2",0.65
845,1000,5,"Clayton",2000,-1.5,"0.25(log(n))^2",0.31
846,1000,5,"Clayton",2000,-1.5,"0.25(log(n))^2",0.27
847,1000,5,"Clayton",2000,-1.5,"0.25(log(n))^2",0.78
848,1000,5,"Clayton",2000,-1.5,"0.25(log(n))^2",0.14
849,1000,5,"Clayton",2000,-1.5,"0.25(log(n))^2",0.53
850,1000,5,"Clayton",2000,-1.5,"0.25(log(n))^2",0.54
851,1000,5,"Clayton",2000,-1.5,"0.25(log(n))^2",0.92
852,1000,5,"Clayton",2000,-1.5,"0.25(log(n))^2",0.85
853,1000,5,"Clayton",2000,-1.5,"0.25(log(n))^2",0.22
854,1000,5,"Clayton",2000,-1.5,"0.25(log(n))^2",0.84
855,1000,5,"Clayton",2000,-1.5,"0.25(log(n))^2",0.08
856,1000,5,"Clayton",2000,-1.5,"0.25(log(n))^2",0.98
857,1000,5,"Clayton",2000,-1.5,"0.25(log(n))^2",0.86
858,1000,5,"Clayton",2000,-1.5,"0.25(log(n))^2",0.52
859,1000,5,"Clayton",2000,-1.5,"0.25(log(n))^2",0.1
860,1000,5,"Clayton",2000,-1.5,"0.25(log(n))^2",0.99
861,1000,5,"Clayton",2000,-1.5,"0.25(log(n))^2",0.98
862,1000,5,"Clayton",2000,-1.5,"0.25(log(n))^2",0.76
863,1000,5,"Clayton",2000,-1.5,"0.25(log(n))^2",0.85
864,1000,5,"Clayton",2000,-1.5,"0.25(log(n))^2",0.92
865,1000,5,"Clayton",2000,-1.5,"0.25(log(n))^2",0.55
866,1000,5,"Clayton",2000,-1.5,"0.25(log(n))^2",0.48
867,1000,5,"Clayton",2000,-1.5,"0.25(log(n))^2",0.32
868,1000,5,"Clayton",2000,-1.5,"0.25(log(n))^2",0.85
869,1000,5,"Clayton",2000,-1.5,"0.25(log(n))^2",0.9
870,1000,5,"Clayton",2000,-1.5,"0.25(log(n))^2",0.84
871,1000,5,"Clayton",2000,-1.5,"0.25(log(n))^2",0.82
872,1000,5,"Clayton",2000,-1.5,"0.25(log(n))^2",0.98
873,1000,5,"Clayton",2000,-1.5,"0.25(log(n))^2",0.91
874,1000,5,"Clayton",2000,-1.5,"0.25(log(n))^2",0.97
875,1000,5,"Clayton",2000,-1.5,"0.25(log(n))^2",0.17
876,1000,5,"Clayton",2000,-1.5,"0.25(log(n))^2",0.77
877,1000,5,"Clayton",2000,-1.5,"0.25(log(n))^2",0.82
878,1000,5,"Clayton",2000,-1.5,"0.25(log(n))^2",0.49
879,1000,5,"Clayton",2000,-1.5,"0.25(log(n))^2",0.35
880,1000,5,"Clayton",2000,-1.5,"0.25(log(n))^2",0.75
881,1000,5,"Clayton",2000,-1.5,"0.25(log(n))^2",0.62
882,1000,5,"Clayton",2000,-1.5,"0.25(log(n))^2",0.98
883,1000,5,"Clayton",2000,-1.5,"0.25(log(n))^2",0.32
884,1000,5,"Clayton",2000,-1.5,"0.25(log(n))^2",0.69
885,1000,5,"Clayton",2000,-1.5,"0.25(log(n))^2",0.4
886,1000,5,"Clayton",2000,-1.5,"0.25(log(n))^2",0.74
887,1000,5,"Clayton",2000,-1.5,"0.25(log(n))^2",0.76
888,1000,5,"Clayton",2000,-1.5,"0.25(log(n))^2",0.95
889,1000,5,"Clayton",2000,-1.5,"0.25(log(n))^2",0.77
890,1000,5,"Clayton",2000,-1.5,"0.25(log(n))^2",0.17
891,1000,5,"Clayton",2000,-1.5,"0.25(log(n))^2",0.62
892,1000,5,"Clayton",2000,-1.5,"0.25(log(n))^2",0.21
893,1000,5,"Clayton",2000,-1.5,"0.25(log(n))^2",1
894,1000,5,"Clayton",2000,-1.5,"0.25(log(n))^2",0.74
895,1000,5,"Clayton",2000,-1.5,"0.25(log(n))^2",0.06
896,1000,5,"Clayton",2000,-1.5,"0.25(log(n))^2",0.79
897,1000,5,"Clayton",2000,-1.5,"0.25(log(n))^2",0.91
898,1000,5,"Clayton",2000,-1.5,"0.25(log(n))^2",0.03
899,1000,5,"Clayton",2000,-1.5,"0.25(log(n))^2",0.31
900,1000,5,"Clayton",2000,-1.5,"0.25(log(n))^2",0.53
901,1000,5,"Clayton",2000,-1.5,"0.25(log(n))^2",0.36
902,1000,5,"Clayton",2000,-1.5,"0.25(log(n))^2",0.61
903,1000,5,"Clayton",2000,-1.5,"0.25(log(n))^2",0.51
904,1000,5,"Clayton",2000,-1.5,"0.25(log(n))^2",0.73
905,1000,5,"Clayton",2000,-1.5,"0.25(log(n))^2",0.94
906,1000,5,"Clayton",2000,-1.5,"0.25(log(n))^2",0.98
907,1000,5,"Clayton",2000,-1.5,"0.25(log(n))^2",0.11
908,1000,5,"Clayton",2000,-1.5,"0.25(log(n))^2",0.22
909,1000,5,"Clayton",2000,-1.5,"0.25(log(n))^2",0.27
910,1000,5,"Clayton",2000,-1.5,"0.25(log(n))^2",0.25
911,1000,5,"Clayton",2000,-1.5,"0.25(log(n))^2",0.82
912,1000,5,"Clayton",2000,-1.5,"0.25(log(n))^2",0.24
913,1000,5,"Clayton",2000,-1.5,"0.25(log(n))^2",0.51
914,1000,5,"Clayton",2000,-1.5,"0.25(log(n))^2",0.95
915,1000,5,"Clayton",2000,-1.5,"0.25(log(n))^2",0.37
916,1000,5,"Clayton",2000,-1.5,"0.25(log(n))^2",0.71
917,1000,5,"Clayton",2000,-1.5,"0.25(log(n))^2",0.07
918,1000,5,"Clayton",2000,-1.5,"0.25(log(n))^2",0.4
919,1000,5,"Clayton",2000,-1.5,"0.25(log(n))^2",0.91
920,1000,5,"Clayton",2000,-1.5,"0.25(log(n))^2",0.74
921,1000,5,"Clayton",2000,-1.5,"0.25(log(n))^2",0.98
922,1000,5,"Clayton",2000,-1.5,"0.25(log(n))^2",0.93
923,1000,5,"Clayton",2000,-1.5,"0.25(log(n))^2",0.16
924,1000,5,"Clayton",2000,-1.5,"0.25(log(n))^2",0.25
925,1000,5,"Clayton",2000,-1.5,"0.25(log(n))^2",0.73
926,1000,5,"Clayton",2000,-1.5,"0.25(log(n))^2",0.1
927,1000,5,"Clayton",2000,-1.5,"0.25(log(n))^2",0.76
928,1000,5,"Clayton",2000,-1.5,"0.25(log(n))^2",0.98
929,1000,5,"Clayton",2000,-1.5,"0.25(log(n))^2",0.88
930,1000,5,"Clayton",2000,-1.5,"0.25(log(n))^2",0.92
931,1000,5,"Clayton",2000,-1.5,"0.25(log(n))^2",0.64
932,1000,5,"Clayton",2000,-1.5,"0.25(log(n))^2",1
933,1000,5,"Clayton",2000,-1.5,"0.25(log(n))^2",0.69
934,1000,5,"Clayton",2000,-1.5,"0.25(log(n))^2",0.98
935,1000,5,"Clayton",2000,-1.5,"0.25(log(n))^2",0.21
936,1000,5,"Clayton",2000,-1.5,"0.25(log(n))^2",1
937,1000,5,"Clayton",2000,-1.5,"0.25(log(n))^2",0.66
938,1000,5,"Clayton",2000,-1.5,"0.25(log(n))^2",0.64
939,1000,5,"Clayton",2000,-1.5,"0.25(log(n))^2",0.11
940,1000,5,"Clayton",2000,-1.5,"0.25(log(n))^2",0.35
941,1000,5,"Clayton",2000,-1.5,"0.25(log(n))^2",0.96
942,1000,5,"Clayton",2000,-1.5,"0.25(log(n))^2",0.93
943,1000,5,"Clayton",2000,-1.5,"0.25(log(n))^2",0.98
944,1000,5,"Clayton",2000,-1.5,"0.25(log(n))^2",0.81
945,1000,5,"Clayton",2000,-1.5,"0.25(log(n))^2",0.81
946,1000,5,"Clayton",2000,-1.5,"0.25(log(n))^2",0.64
947,1000,5,"Clayton",2000,-1.5,"0.25(log(n))^2",0.65
948,1000,5,"Clayton",2000,-1.5,"0.25(log(n))^2",0.87
949,1000,5,"Clayton",2000,-1.5,"0.25(log(n))^2",0.76
950,1000,5,"Clayton",2000,-1.5,"0.25(log(n))^2",0.39
951,1000,5,"Clayton",2000,-1.5,"0.25(log(n))^2",0.42
952,1000,5,"Clayton",2000,-1.5,"0.25(log(n))^2",0.41
953,1000,5,"Clayton",2000,-1.5,"0.25(log(n))^2",0.22
954,1000,5,"Clayton",2000,-1.5,"0.25(log(n))^2",0.58
955,1000,5,"Clayton",2000,-1.5,"0.25(log(n))^2",0.69
956,1000,5,"Clayton",2000,-1.5,"0.25(log(n))^2",0.81
957,1000,5,"Clayton",2000,-1.5,"0.25(log(n))^2",0.85
958,1000,5,"Clayton",2000,-1.5,"0.25(log(n))^2",0.89
959,1000,5,"Clayton",2000,-1.5,"0.25(log(n))^2",1
960,1000,5,"Clayton",2000,-1.5,"0.25(log(n))^2",0.51
961,1000,5,"Clayton",2000,-1.5,"0.25(log(n))^2",0.39
962,1000,5,"Clayton",2000,-1.5,"0.25(log(n))^2",0.37
963,1000,5,"Clayton",2000,-1.5,"0.25(log(n))^2",0.28
964,1000,5,"Clayton",2000,-1.5,"0.25(log(n))^2",1
965,1000,5,"Clayton",2000,-1.5,"0.25(log(n))^2",0.75
966,1000,5,"Clayton",2000,-1.5,"0.25(log(n))^2",0.3
967,1000,5,"Clayton",2000,-1.5,"0.25(log(n))^2",0.41
968,1000,5,"Clayton",2000,-1.5,"0.25(log(n))^2",0.47
969,1000,5,"Clayton",2000,-1.5,"0.25(log(n))^2",0.98
970,1000,5,"Clayton",2000,-1.5,"0.25(log(n))^2",0.89
971,1000,5,"Clayton",2000,-1.5,"0.25(log(n))^2",0.98
972,1000,5,"Clayton",2000,-1.5,"0.25(log(n))^2",0.6
973,1000,5,"Clayton",2000,-1.5,"0.25(log(n))^2",0.25
974,1000,5,"Clayton",2000,-1.5,"0.25(log(n))^2",0.79
975,1000,5,"Clayton",2000,-1.5,"0.25(log(n))^2",0.94
976,1000,5,"Clayton",2000,-1.5,"0.25(log(n))^2",0.91
977,1000,5,"Clayton",2000,-1.5,"0.25(log(n))^2",0.39
978,1000,5,"Clayton",2000,-1.5,"0.25(log(n))^2",0.93
979,1000,5,"Clayton",2000,-1.5,"0.25(log(n))^2",0.35
980,1000,5,"Clayton",2000,-1.5,"0.25(log(n))^2",0.64
981,1000,5,"Clayton",2000,-1.5,"0.25(log(n))^2",0.63
982,1000,5,"Clayton",2000,-1.5,"0.25(log(n))^2",0.83
983,1000,5,"Clayton",2000,-1.5,"0.25(log(n))^2",0.46
984,1000,5,"Clayton",2000,-1.5,"0.25(log(n))^2",0.95
985,1000,5,"Clayton",2000,-1.5,"0.25(log(n))^2",1
986,1000,5,"Clayton",2000,-1.5,"0.25(log(n))^2",0.46
987,1000,5,"Clayton",2000,-1.5,"0.25(log(n))^2",0.57
988,1000,5,"Clayton",2000,-1.5,"0.25(log(n))^2",0.4
989,1000,5,"Clayton",2000,-1.5,"0.25(log(n))^2",0.82
990,1000,5,"Clayton",2000,-1.5,"0.25(log(n))^2",0.86
991,1000,5,"Clayton",2000,-1.5,"0.25(log(n))^2",0.7
992,1000,5,"Clayton",2000,-1.5,"0.25(log(n))^2",0.73
993,1000,5,"Clayton",2000,-1.5,"0.25(log(n))^2",0.63
994,1000,5,"Clayton",2000,-1.5,"0.25(log(n))^2",0.8
995,1000,5,"Clayton",2000,-1.5,"0.25(log(n))^2",0.46
996,1000,5,"Clayton",2000,-1.5,"0.25(log(n))^2",0.7
997,1000,5,"Clayton",2000,-1.5,"0.25(log(n))^2",0.97
998,1000,5,"Clayton",2000,-1.5,"0.25(log(n))^2",0.41
999,1000,5,"Clayton",2000,-1.5,"0.25(log(n))^2",0.47
1000,1000,5,"Clayton",2000,-1.5,"0.25(log(n))^2",0.64
1,1000,5,"Clayton",2000,-1.5,"0.1(log(n))^2",0.09
2,1000,5,"Clayton",2000,-1.5,"0.1(log(n))^2",0.92
3,1000,5,"Clayton",2000,-1.5,"0.1(log(n))^2",0.09
4,1000,5,"Clayton",2000,-1.5,"0.1(log(n))^2",0.29
5,1000,5,"Clayton",2000,-1.5,"0.1(log(n))^2",0.54
6,1000,5,"Clayton",2000,-1.5,"0.1(log(n))^2",0.55
7,1000,5,"Clayton",2000,-1.5,"0.1(log(n))^2",0.7
8,1000,5,"Clayton",2000,-1.5,"0.1(log(n))^2",0.8
9,1000,5,"Clayton",2000,-1.5,"0.1(log(n))^2",0.96
10,1000,5,"Clayton",2000,-1.5,"0.1(log(n))^2",0.69
11,1000,5,"Clayton",2000,-1.5,"0.1(log(n))^2",0.89
12,1000,5,"Clayton",2000,-1.5,"0.1(log(n))^2",0.18
13,1000,5,"Clayton",2000,-1.5,"0.1(log(n))^2",0.36
14,1000,5,"Clayton",2000,-1.5,"0.1(log(n))^2",0.16
15,1000,5,"Clayton",2000,-1.5,"0.1(log(n))^2",0.68
16,1000,5,"Clayton",2000,-1.5,"0.1(log(n))^2",0.3
17,1000,5,"Clayton",2000,-1.5,"0.1(log(n))^2",0.81
18,1000,5,"Clayton",2000,-1.5,"0.1(log(n))^2",0.87
19,1000,5,"Clayton",2000,-1.5,"0.1(log(n))^2",0.14
20,1000,5,"Clayton",2000,-1.5,"0.1(log(n))^2",0.05
21,1000,5,"Clayton",2000,-1.5,"0.1(log(n))^2",0.64
22,1000,5,"Clayton",2000,-1.5,"0.1(log(n))^2",0.22
23,1000,5,"Clayton",2000,-1.5,"0.1(log(n))^2",0.21
24,1000,5,"Clayton",2000,-1.5,"0.1(log(n))^2",0.66
25,1000,5,"Clayton",2000,-1.5,"0.1(log(n))^2",0.78
26,1000,5,"Clayton",2000,-1.5,"0.1(log(n))^2",0.65
27,1000,5,"Clayton",2000,-1.5,"0.1(log(n))^2",0.99
28,1000,5,"Clayton",2000,-1.5,"0.1(log(n))^2",0.75
29,1000,5,"Clayton",2000,-1.5,"0.1(log(n))^2",0.32
30,1000,5,"Clayton",2000,-1.5,"0.1(log(n))^2",0.91
31,1000,5,"Clayton",2000,-1.5,"0.1(log(n))^2",0.87
32,1000,5,"Clayton",2000,-1.5,"0.1(log(n))^2",0.48
33,1000,5,"Clayton",2000,-1.5,"0.1(log(n))^2",0.62
34,1000,5,"Clayton",2000,-1.5,"0.1(log(n))^2",0.97
35,1000,5,"Clayton",2000,-1.5,"0.1(log(n))^2",0.41
36,1000,5,"Clayton",2000,-1.5,"0.1(log(n))^2",0.54
37,1000,5,"Clayton",2000,-1.5,"0.1(log(n))^2",0.26
38,1000,5,"Clayton",2000,-1.5,"0.1(log(n))^2",0.67
39,1000,5,"Clayton",2000,-1.5,"0.1(log(n))^2",0.62
40,1000,5,"Clayton",2000,-1.5,"0.1(log(n))^2",0.45
41,1000,5,"Clayton",2000,-1.5,"0.1(log(n))^2",0.52
42,1000,5,"Clayton",2000,-1.5,"0.1(log(n))^2",0.54
43,1000,5,"Clayton",2000,-1.5,"0.1(log(n))^2",0.2
44,1000,5,"Clayton",2000,-1.5,"0.1(log(n))^2",0.67
45,1000,5,"Clayton",2000,-1.5,"0.1(log(n))^2",0.15
46,1000,5,"Clayton",2000,-1.5,"0.1(log(n))^2",0.66
47,1000,5,"Clayton",2000,-1.5,"0.1(log(n))^2",0.76
48,1000,5,"Clayton",2000,-1.5,"0.1(log(n))^2",0.95
49,1000,5,"Clayton",2000,-1.5,"0.1(log(n))^2",0.87
50,1000,5,"Clayton",2000,-1.5,"0.1(log(n))^2",0.72
51,1000,5,"Clayton",2000,-1.5,"0.1(log(n))^2",1
52,1000,5,"Clayton",2000,-1.5,"0.1(log(n))^2",0.95
53,1000,5,"Clayton",2000,-1.5,"0.1(log(n))^2",0.84
54,1000,5,"Clayton",2000,-1.5,"0.1(log(n))^2",0.81
55,1000,5,"Clayton",2000,-1.5,"0.1(log(n))^2",0.54
56,1000,5,"Clayton",2000,-1.5,"0.1(log(n))^2",0.54
57,1000,5,"Clayton",2000,-1.5,"0.1(log(n))^2",0.31
58,1000,5,"Clayton",2000,-1.5,"0.1(log(n))^2",0.06
59,1000,5,"Clayton",2000,-1.5,"0.1(log(n))^2",0.62
60,1000,5,"Clayton",2000,-1.5,"0.1(log(n))^2",0.65
61,1000,5,"Clayton",2000,-1.5,"0.1(log(n))^2",0.7
62,1000,5,"Clayton",2000,-1.5,"0.1(log(n))^2",0.42
63,1000,5,"Clayton",2000,-1.5,"0.1(log(n))^2",0.24
64,1000,5,"Clayton",2000,-1.5,"0.1(log(n))^2",0.76
65,1000,5,"Clayton",2000,-1.5,"0.1(log(n))^2",0.95
66,1000,5,"Clayton",2000,-1.5,"0.1(log(n))^2",0.83
67,1000,5,"Clayton",2000,-1.5,"0.1(log(n))^2",0.37
68,1000,5,"Clayton",2000,-1.5,"0.1(log(n))^2",0.64
69,1000,5,"Clayton",2000,-1.5,"0.1(log(n))^2",0.45
70,1000,5,"Clayton",2000,-1.5,"0.1(log(n))^2",0.36
71,1000,5,"Clayton",2000,-1.5,"0.1(log(n))^2",0.93
72,1000,5,"Clayton",2000,-1.5,"0.1(log(n))^2",0.28
73,1000,5,"Clayton",2000,-1.5,"0.1(log(n))^2",0.98
74,1000,5,"Clayton",2000,-1.5,"0.1(log(n))^2",0.65
75,1000,5,"Clayton",2000,-1.5,"0.1(log(n))^2",0.43
76,1000,5,"Clayton",2000,-1.5,"0.1(log(n))^2",0.87
77,1000,5,"Clayton",2000,-1.5,"0.1(log(n))^2",0.68
78,1000,5,"Clayton",2000,-1.5,"0.1(log(n))^2",0.27
79,1000,5,"Clayton",2000,-1.5,"0.1(log(n))^2",0.91
80,1000,5,"Clayton",2000,-1.5,"0.1(log(n))^2",0.25
81,1000,5,"Clayton",2000,-1.5,"0.1(log(n))^2",0.83
82,1000,5,"Clayton",2000,-1.5,"0.1(log(n))^2",0.6
83,1000,5,"Clayton",2000,-1.5,"0.1(log(n))^2",0.75
84,1000,5,"Clayton",2000,-1.5,"0.1(log(n))^2",0.55
85,1000,5,"Clayton",2000,-1.5,"0.1(log(n))^2",0.82
86,1000,5,"Clayton",2000,-1.5,"0.1(log(n))^2",0.45
87,1000,5,"Clayton",2000,-1.5,"0.1(log(n))^2",0.25
88,1000,5,"Clayton",2000,-1.5,"0.1(log(n))^2",0.71
89,1000,5,"Clayton",2000,-1.5,"0.1(log(n))^2",0.38
90,1000,5,"Clayton",2000,-1.5,"0.1(log(n))^2",0.91
91,1000,5,"Clayton",2000,-1.5,"0.1(log(n))^2",0.36
92,1000,5,"Clayton",2000,-1.5,"0.1(log(n))^2",0.57
93,1000,5,"Clayton",2000,-1.5,"0.1(log(n))^2",0.57
94,1000,5,"Clayton",2000,-1.5,"0.1(log(n))^2",0.88
95,1000,5,"Clayton",2000,-1.5,"0.1(log(n))^2",0.52
96,1000,5,"Clayton",2000,-1.5,"0.1(log(n))^2",0.77
97,1000,5,"Clayton",2000,-1.5,"0.1(log(n))^2",0.14
98,1000,5,"Clayton",2000,-1.5,"0.1(log(n))^2",0.11
99,1000,5,"Clayton",2000,-1.5,"0.1(log(n))^2",0.53
100,1000,5,"Clayton",2000,-1.5,"0.1(log(n))^2",0.69
101,1000,5,"Clayton",2000,-1.5,"0.1(log(n))^2",0.91
102,1000,5,"Clayton",2000,-1.5,"0.1(log(n))^2",0.99
103,1000,5,"Clayton",2000,-1.5,"0.1(log(n))^2",0.44
104,1000,5,"Clayton",2000,-1.5,"0.1(log(n))^2",0.49
105,1000,5,"Clayton",2000,-1.5,"0.1(log(n))^2",0.08
106,1000,5,"Clayton",2000,-1.5,"0.1(log(n))^2",0.44
107,1000,5,"Clayton",2000,-1.5,"0.1(log(n))^2",0.5
108,1000,5,"Clayton",2000,-1.5,"0.1(log(n))^2",0.98
109,1000,5,"Clayton",2000,-1.5,"0.1(log(n))^2",0.52
110,1000,5,"Clayton",2000,-1.5,"0.1(log(n))^2",0.88
111,1000,5,"Clayton",2000,-1.5,"0.1(log(n))^2",0.36
112,1000,5,"Clayton",2000,-1.5,"0.1(log(n))^2",0.54
113,1000,5,"Clayton",2000,-1.5,"0.1(log(n))^2",0.26
114,1000,5,"Clayton",2000,-1.5,"0.1(log(n))^2",0.52
115,1000,5,"Clayton",2000,-1.5,"0.1(log(n))^2",0.02
116,1000,5,"Clayton",2000,-1.5,"0.1(log(n))^2",0.61
117,1000,5,"Clayton",2000,-1.5,"0.1(log(n))^2",0.75
118,1000,5,"Clayton",2000,-1.5,"0.1(log(n))^2",0.29
119,1000,5,"Clayton",2000,-1.5,"0.1(log(n))^2",0.12
120,1000,5,"Clayton",2000,-1.5,"0.1(log(n))^2",0.3
121,1000,5,"Clayton",2000,-1.5,"0.1(log(n))^2",0.39
122,1000,5,"Clayton",2000,-1.5,"0.1(log(n))^2",0.49
123,1000,5,"Clayton",2000,-1.5,"0.1(log(n))^2",0.03
124,1000,5,"Clayton",2000,-1.5,"0.1(log(n))^2",0.84
125,1000,5,"Clayton",2000,-1.5,"0.1(log(n))^2",0.84
126,1000,5,"Clayton",2000,-1.5,"0.1(log(n))^2",0.49
127,1000,5,"Clayton",2000,-1.5,"0.1(log(n))^2",0.92
128,1000,5,"Clayton",2000,-1.5,"0.1(log(n))^2",0.52
129,1000,5,"Clayton",2000,-1.5,"0.1(log(n))^2",0.63
130,1000,5,"Clayton",2000,-1.5,"0.1(log(n))^2",0.74
131,1000,5,"Clayton",2000,-1.5,"0.1(log(n))^2",0.33
132,1000,5,"Clayton",2000,-1.5,"0.1(log(n))^2",0.63
133,1000,5,"Clayton",2000,-1.5,"0.1(log(n))^2",0.03
134,1000,5,"Clayton",2000,-1.5,"0.1(log(n))^2",0.61
135,1000,5,"Clayton",2000,-1.5,"0.1(log(n))^2",0.87
136,1000,5,"Clayton",2000,-1.5,"0.1(log(n))^2",0.85
137,1000,5,"Clayton",2000,-1.5,"0.1(log(n))^2",0.66
138,1000,5,"Clayton",2000,-1.5,"0.1(log(n))^2",0.93
139,1000,5,"Clayton",2000,-1.5,"0.1(log(n))^2",0.81
140,1000,5,"Clayton",2000,-1.5,"0.1(log(n))^2",0.79
141,1000,5,"Clayton",2000,-1.5,"0.1(log(n))^2",0.72
142,1000,5,"Clayton",2000,-1.5,"0.1(log(n))^2",0.84
143,1000,5,"Clayton",2000,-1.5,"0.1(log(n))^2",0.76
144,1000,5,"Clayton",2000,-1.5,"0.1(log(n))^2",1
145,1000,5,"Clayton",2000,-1.5,"0.1(log(n))^2",0.91
146,1000,5,"Clayton",2000,-1.5,"0.1(log(n))^2",0.36
147,1000,5,"Clayton",2000,-1.5,"0.1(log(n))^2",0.29
148,1000,5,"Clayton",2000,-1.5,"0.1(log(n))^2",0.4
149,1000,5,"Clayton",2000,-1.5,"0.1(log(n))^2",0.73
150,1000,5,"Clayton",2000,-1.5,"0.1(log(n))^2",0.9
151,1000,5,"Clayton",2000,-1.5,"0.1(log(n))^2",0.97
152,1000,5,"Clayton",2000,-1.5,"0.1(log(n))^2",0.45
153,1000,5,"Clayton",2000,-1.5,"0.1(log(n))^2",0.79
154,1000,5,"Clayton",2000,-1.5,"0.1(log(n))^2",0.94
155,1000,5,"Clayton",2000,-1.5,"0.1(log(n))^2",0.87
156,1000,5,"Clayton",2000,-1.5,"0.1(log(n))^2",0.58
157,1000,5,"Clayton",2000,-1.5,"0.1(log(n))^2",0.58
158,1000,5,"Clayton",2000,-1.5,"0.1(log(n))^2",0.66
159,1000,5,"Clayton",2000,-1.5,"0.1(log(n))^2",0.23
160,1000,5,"Clayton",2000,-1.5,"0.1(log(n))^2",0.98
161,1000,5,"Clayton",2000,-1.5,"0.1(log(n))^2",0.7
162,1000,5,"Clayton",2000,-1.5,"0.1(log(n))^2",0.17
163,1000,5,"Clayton",2000,-1.5,"0.1(log(n))^2",0.2
164,1000,5,"Clayton",2000,-1.5,"0.1(log(n))^2",0.56
165,1000,5,"Clayton",2000,-1.5,"0.1(log(n))^2",0.83
166,1000,5,"Clayton",2000,-1.5,"0.1(log(n))^2",0.96
167,1000,5,"Clayton",2000,-1.5,"0.1(log(n))^2",0.79
168,1000,5,"Clayton",2000,-1.5,"0.1(log(n))^2",0.35
169,1000,5,"Clayton",2000,-1.5,"0.1(log(n))^2",0.14
170,1000,5,"Clayton",2000,-1.5,"0.1(log(n))^2",0.71
171,1000,5,"Clayton",2000,-1.5,"0.1(log(n))^2",0.8
172,1000,5,"Clayton",2000,-1.5,"0.1(log(n))^2",0.45
173,1000,5,"Clayton",2000,-1.5,"0.1(log(n))^2",0.17
174,1000,5,"Clayton",2000,-1.5,"0.1(log(n))^2",0.33
175,1000,5,"Clayton",2000,-1.5,"0.1(log(n))^2",0.72
176,1000,5,"Clayton",2000,-1.5,"0.1(log(n))^2",0.24
177,1000,5,"Clayton",2000,-1.5,"0.1(log(n))^2",0.74
178,1000,5,"Clayton",2000,-1.5,"0.1(log(n))^2",0.49
179,1000,5,"Clayton",2000,-1.5,"0.1(log(n))^2",0.7
180,1000,5,"Clayton",2000,-1.5,"0.1(log(n))^2",0.95
181,1000,5,"Clayton",2000,-1.5,"0.1(log(n))^2",0.86
182,1000,5,"Clayton",2000,-1.5,"0.1(log(n))^2",0.13
183,1000,5,"Clayton",2000,-1.5,"0.1(log(n))^2",0.32
184,1000,5,"Clayton",2000,-1.5,"0.1(log(n))^2",0.65
185,1000,5,"Clayton",2000,-1.5,"0.1(log(n))^2",0.72
186,1000,5,"Clayton",2000,-1.5,"0.1(log(n))^2",0.36
187,1000,5,"Clayton",2000,-1.5,"0.1(log(n))^2",0.95
188,1000,5,"Clayton",2000,-1.5,"0.1(log(n))^2",0.91
189,1000,5,"Clayton",2000,-1.5,"0.1(log(n))^2",0.71
190,1000,5,"Clayton",2000,-1.5,"0.1(log(n))^2",0.35
191,1000,5,"Clayton",2000,-1.5,"0.1(log(n))^2",0.48
192,1000,5,"Clayton",2000,-1.5,"0.1(log(n))^2",0.72
193,1000,5,"Clayton",2000,-1.5,"0.1(log(n))^2",0.91
194,1000,5,"Clayton",2000,-1.5,"0.1(log(n))^2",0.43
195,1000,5,"Clayton",2000,-1.5,"0.1(log(n))^2",1
196,1000,5,"Clayton",2000,-1.5,"0.1(log(n))^2",0.27
197,1000,5,"Clayton",2000,-1.5,"0.1(log(n))^2",0.78
198,1000,5,"Clayton",2000,-1.5,"0.1(log(n))^2",0.62
199,1000,5,"Clayton",2000,-1.5,"0.1(log(n))^2",0.68
200,1000,5,"Clayton",2000,-1.5,"0.1(log(n))^2",0.69
201,1000,5,"Clayton",2000,-1.5,"0.1(log(n))^2",0.69
202,1000,5,"Clayton",2000,-1.5,"0.1(log(n))^2",0.74
203,1000,5,"Clayton",2000,-1.5,"0.1(log(n))^2",0.02
204,1000,5,"Clayton",2000,-1.5,"0.1(log(n))^2",0.42
205,1000,5,"Clayton",2000,-1.5,"0.1(log(n))^2",0.93
206,1000,5,"Clayton",2000,-1.5,"0.1(log(n))^2",0.76
207,1000,5,"Clayton",2000,-1.5,"0.1(log(n))^2",1
208,1000,5,"Clayton",2000,-1.5,"0.1(log(n))^2",0.84
209,1000,5,"Clayton",2000,-1.5,"0.1(log(n))^2",0.21
210,1000,5,"Clayton",2000,-1.5,"0.1(log(n))^2",0.16
211,1000,5,"Clayton",2000,-1.5,"0.1(log(n))^2",0.65
212,1000,5,"Clayton",2000,-1.5,"0.1(log(n))^2",0.87
213,1000,5,"Clayton",2000,-1.5,"0.1(log(n))^2",0.36
214,1000,5,"Clayton",2000,-1.5,"0.1(log(n))^2",0.3
215,1000,5,"Clayton",2000,-1.5,"0.1(log(n))^2",0.97
216,1000,5,"Clayton",2000,-1.5,"0.1(log(n))^2",0.23
217,1000,5,"Clayton",2000,-1.5,"0.1(log(n))^2",0.2
218,1000,5,"Clayton",2000,-1.5,"0.1(log(n))^2",0.46
219,1000,5,"Clayton",2000,-1.5,"0.1(log(n))^2",0.75
220,1000,5,"Clayton",2000,-1.5,"0.1(log(n))^2",0.91
221,1000,5,"Clayton",2000,-1.5,"0.1(log(n))^2",0.17
222,1000,5,"Clayton",2000,-1.5,"0.1(log(n))^2",0.3
223,1000,5,"Clayton",2000,-1.5,"0.1(log(n))^2",0.52
224,1000,5,"Clayton",2000,-1.5,"0.1(log(n))^2",0.11
225,1000,5,"Clayton",2000,-1.5,"0.1(log(n))^2",0.66
226,1000,5,"Clayton",2000,-1.5,"0.1(log(n))^2",0.57
227,1000,5,"Clayton",2000,-1.5,"0.1(log(n))^2",0.96
228,1000,5,"Clayton",2000,-1.5,"0.1(log(n))^2",0.85
229,1000,5,"Clayton",2000,-1.5,"0.1(log(n))^2",0.38
230,1000,5,"Clayton",2000,-1.5,"0.1(log(n))^2",0.92
231,1000,5,"Clayton",2000,-1.5,"0.1(log(n))^2",0.3
232,1000,5,"Clayton",2000,-1.5,"0.1(log(n))^2",0.54
233,1000,5,"Clayton",2000,-1.5,"0.1(log(n))^2",0.48
234,1000,5,"Clayton",2000,-1.5,"0.1(log(n))^2",0.57
235,1000,5,"Clayton",2000,-1.5,"0.1(log(n))^2",0.06
236,1000,5,"Clayton",2000,-1.5,"0.1(log(n))^2",0.77
237,1000,5,"Clayton",2000,-1.5,"0.1(log(n))^2",0.36
238,1000,5,"Clayton",2000,-1.5,"0.1(log(n))^2",0.69
239,1000,5,"Clayton",2000,-1.5,"0.1(log(n))^2",0.66
240,1000,5,"Clayton",2000,-1.5,"0.1(log(n))^2",0.75
241,1000,5,"Clayton",2000,-1.5,"0.1(log(n))^2",0.2
242,1000,5,"Clayton",2000,-1.5,"0.1(log(n))^2",0.65
243,1000,5,"Clayton",2000,-1.5,"0.1(log(n))^2",0.31
244,1000,5,"Clayton",2000,-1.5,"0.1(log(n))^2",0.88
245,1000,5,"Clayton",2000,-1.5,"0.1(log(n))^2",0.96
246,1000,5,"Clayton",2000,-1.5,"0.1(log(n))^2",0.6
247,1000,5,"Clayton",2000,-1.5,"0.1(log(n))^2",0.66
248,1000,5,"Clayton",2000,-1.5,"0.1(log(n))^2",0.17
249,1000,5,"Clayton",2000,-1.5,"0.1(log(n))^2",0.88
250,1000,5,"Clayton",2000,-1.5,"0.1(log(n))^2",0.57
251,1000,5,"Clayton",2000,-1.5,"0.1(log(n))^2",0.82
252,1000,5,"Clayton",2000,-1.5,"0.1(log(n))^2",0.9
253,1000,5,"Clayton",2000,-1.5,"0.1(log(n))^2",0.7
254,1000,5,"Clayton",2000,-1.5,"0.1(log(n))^2",0.88
255,1000,5,"Clayton",2000,-1.5,"0.1(log(n))^2",0.9
256,1000,5,"Clayton",2000,-1.5,"0.1(log(n))^2",0.77
257,1000,5,"Clayton",2000,-1.5,"0.1(log(n))^2",0.72
258,1000,5,"Clayton",2000,-1.5,"0.1(log(n))^2",0.92
259,1000,5,"Clayton",2000,-1.5,"0.1(log(n))^2",0.32
260,1000,5,"Clayton",2000,-1.5,"0.1(log(n))^2",0.23
261,1000,5,"Clayton",2000,-1.5,"0.1(log(n))^2",0.54
262,1000,5,"Clayton",2000,-1.5,"0.1(log(n))^2",0.5
263,1000,5,"Clayton",2000,-1.5,"0.1(log(n))^2",0.77
264,1000,5,"Clayton",2000,-1.5,"0.1(log(n))^2",0.34
265,1000,5,"Clayton",2000,-1.5,"0.1(log(n))^2",0.48
266,1000,5,"Clayton",2000,-1.5,"0.1(log(n))^2",0.29
267,1000,5,"Clayton",2000,-1.5,"0.1(log(n))^2",0.7
268,1000,5,"Clayton",2000,-1.5,"0.1(log(n))^2",0.07
269,1000,5,"Clayton",2000,-1.5,"0.1(log(n))^2",0.8
270,1000,5,"Clayton",2000,-1.5,"0.1(log(n))^2",0.76
271,1000,5,"Clayton",2000,-1.5,"0.1(log(n))^2",0.6
272,1000,5,"Clayton",2000,-1.5,"0.1(log(n))^2",0.6
273,1000,5,"Clayton",2000,-1.5,"0.1(log(n))^2",0.28
274,1000,5,"Clayton",2000,-1.5,"0.1(log(n))^2",0.34
275,1000,5,"Clayton",2000,-1.5,"0.1(log(n))^2",0.1
276,1000,5,"Clayton",2000,-1.5,"0.1(log(n))^2",0.92
277,1000,5,"Clayton",2000,-1.5,"0.1(log(n))^2",0.6
278,1000,5,"Clayton",2000,-1.5,"0.1(log(n))^2",0.67
279,1000,5,"Clayton",2000,-1.5,"0.1(log(n))^2",0.96
280,1000,5,"Clayton",2000,-1.5,"0.1(log(n))^2",0.57
281,1000,5,"Clayton",2000,-1.5,"0.1(log(n))^2",0.77
282,1000,5,"Clayton",2000,-1.5,"0.1(log(n))^2",0.64
283,1000,5,"Clayton",2000,-1.5,"0.1(log(n))^2",0.85
284,1000,5,"Clayton",2000,-1.5,"0.1(log(n))^2",0.8
285,1000,5,"Clayton",2000,-1.5,"0.1(log(n))^2",0.53
286,1000,5,"Clayton",2000,-1.5,"0.1(log(n))^2",0.8
287,1000,5,"Clayton",2000,-1.5,"0.1(log(n))^2",0.25
288,1000,5,"Clayton",2000,-1.5,"0.1(log(n))^2",0.97
289,1000,5,"Clayton",2000,-1.5,"0.1(log(n))^2",0.4
290,1000,5,"Clayton",2000,-1.5,"0.1(log(n))^2",0.86
291,1000,5,"Clayton",2000,-1.5,"0.1(log(n))^2",0.36
292,1000,5,"Clayton",2000,-1.5,"0.1(log(n))^2",0.52
293,1000,5,"Clayton",2000,-1.5,"0.1(log(n))^2",0.42
294,1000,5,"Clayton",2000,-1.5,"0.1(log(n))^2",0.76
295,1000,5,"Clayton",2000,-1.5,"0.1(log(n))^2",0.62
296,1000,5,"Clayton",2000,-1.5,"0.1(log(n))^2",0.52
297,1000,5,"Clayton",2000,-1.5,"0.1(log(n))^2",0.34
298,1000,5,"Clayton",2000,-1.5,"0.1(log(n))^2",0.86
299,1000,5,"Clayton",2000,-1.5,"0.1(log(n))^2",0.53
300,1000,5,"Clayton",2000,-1.5,"0.1(log(n))^2",0.56
301,1000,5,"Clayton",2000,-1.5,"0.1(log(n))^2",0.73
302,1000,5,"Clayton",2000,-1.5,"0.1(log(n))^2",0.87
303,1000,5,"Clayton",2000,-1.5,"0.1(log(n))^2",0.25
304,1000,5,"Clayton",2000,-1.5,"0.1(log(n))^2",0.13
305,1000,5,"Clayton",2000,-1.5,"0.1(log(n))^2",0.28
306,1000,5,"Clayton",2000,-1.5,"0.1(log(n))^2",0.65
307,1000,5,"Clayton",2000,-1.5,"0.1(log(n))^2",0.71
308,1000,5,"Clayton",2000,-1.5,"0.1(log(n))^2",0.97
309,1000,5,"Clayton",2000,-1.5,"0.1(log(n))^2",0.64
310,1000,5,"Clayton",2000,-1.5,"0.1(log(n))^2",0.11
311,1000,5,"Clayton",2000,-1.5,"0.1(log(n))^2",0.53
312,1000,5,"Clayton",2000,-1.5,"0.1(log(n))^2",0.8
313,1000,5,"Clayton",2000,-1.5,"0.1(log(n))^2",0.53
314,1000,5,"Clayton",2000,-1.5,"0.1(log(n))^2",0.43
315,1000,5,"Clayton",2000,-1.5,"0.1(log(n))^2",0.52
316,1000,5,"Clayton",2000,-1.5,"0.1(log(n))^2",0.81
317,1000,5,"Clayton",2000,-1.5,"0.1(log(n))^2",0.32
318,1000,5,"Clayton",2000,-1.5,"0.1(log(n))^2",0.98
319,1000,5,"Clayton",2000,-1.5,"0.1(log(n))^2",0.88
320,1000,5,"Clayton",2000,-1.5,"0.1(log(n))^2",0.9
321,1000,5,"Clayton",2000,-1.5,"0.1(log(n))^2",0.83
322,1000,5,"Clayton",2000,-1.5,"0.1(log(n))^2",0.7
323,1000,5,"Clayton",2000,-1.5,"0.1(log(n))^2",0.41
324,1000,5,"Clayton",2000,-1.5,"0.1(log(n))^2",0.51
325,1000,5,"Clayton",2000,-1.5,"0.1(log(n))^2",0.77
326,1000,5,"Clayton",2000,-1.5,"0.1(log(n))^2",0.57
327,1000,5,"Clayton",2000,-1.5,"0.1(log(n))^2",0.96
328,1000,5,"Clayton",2000,-1.5,"0.1(log(n))^2",0.42
329,1000,5,"Clayton",2000,-1.5,"0.1(log(n))^2",0.91
330,1000,5,"Clayton",2000,-1.5,"0.1(log(n))^2",0.37
331,1000,5,"Clayton",2000,-1.5,"0.1(log(n))^2",0.17
332,1000,5,"Clayton",2000,-1.5,"0.1(log(n))^2",0.95
333,1000,5,"Clayton",2000,-1.5,"0.1(log(n))^2",0.59
334,1000,5,"Clayton",2000,-1.5,"0.1(log(n))^2",0.99
335,1000,5,"Clayton",2000,-1.5,"0.1(log(n))^2",0.91
336,1000,5,"Clayton",2000,-1.5,"0.1(log(n))^2",0.7
337,1000,5,"Clayton",2000,-1.5,"0.1(log(n))^2",0.05
338,1000,5,"Clayton",2000,-1.5,"0.1(log(n))^2",0.95
339,1000,5,"Clayton",2000,-1.5,"0.1(log(n))^2",0.87
340,1000,5,"Clayton",2000,-1.5,"0.1(log(n))^2",0.96
341,1000,5,"Clayton",2000,-1.5,"0.1(log(n))^2",0.19
342,1000,5,"Clayton",2000,-1.5,"0.1(log(n))^2",0.68
343,1000,5,"Clayton",2000,-1.5,"0.1(log(n))^2",0.61
344,1000,5,"Clayton",2000,-1.5,"0.1(log(n))^2",0.41
345,1000,5,"Clayton",2000,-1.5,"0.1(log(n))^2",0.26
346,1000,5,"Clayton",2000,-1.5,"0.1(log(n))^2",0.7
347,1000,5,"Clayton",2000,-1.5,"0.1(log(n))^2",0.26
348,1000,5,"Clayton",2000,-1.5,"0.1(log(n))^2",0.3
349,1000,5,"Clayton",2000,-1.5,"0.1(log(n))^2",0.55
350,1000,5,"Clayton",2000,-1.5,"0.1(log(n))^2",0.76
351,1000,5,"Clayton",2000,-1.5,"0.1(log(n))^2",0.7
352,1000,5,"Clayton",2000,-1.5,"0.1(log(n))^2",0.39
353,1000,5,"Clayton",2000,-1.5,"0.1(log(n))^2",0.68
354,1000,5,"Clayton",2000,-1.5,"0.1(log(n))^2",0.47
355,1000,5,"Clayton",2000,-1.5,"0.1(log(n))^2",0.69
356,1000,5,"Clayton",2000,-1.5,"0.1(log(n))^2",0.44
357,1000,5,"Clayton",2000,-1.5,"0.1(log(n))^2",0.86
358,1000,5,"Clayton",2000,-1.5,"0.1(log(n))^2",0.53
359,1000,5,"Clayton",2000,-1.5,"0.1(log(n))^2",0.44
360,1000,5,"Clayton",2000,-1.5,"0.1(log(n))^2",0.14
361,1000,5,"Clayton",2000,-1.5,"0.1(log(n))^2",0.14
362,1000,5,"Clayton",2000,-1.5,"0.1(log(n))^2",0.57
363,1000,5,"Clayton",2000,-1.5,"0.1(log(n))^2",0.54
364,1000,5,"Clayton",2000,-1.5,"0.1(log(n))^2",0.88
365,1000,5,"Clayton",2000,-1.5,"0.1(log(n))^2",0.81
366,1000,5,"Clayton",2000,-1.5,"0.1(log(n))^2",0.08
367,1000,5,"Clayton",2000,-1.5,"0.1(log(n))^2",0.6
368,1000,5,"Clayton",2000,-1.5,"0.1(log(n))^2",0.74
369,1000,5,"Clayton",2000,-1.5,"0.1(log(n))^2",0.15
370,1000,5,"Clayton",2000,-1.5,"0.1(log(n))^2",0.12
371,1000,5,"Clayton",2000,-1.5,"0.1(log(n))^2",0.99
372,1000,5,"Clayton",2000,-1.5,"0.1(log(n))^2",0.66
373,1000,5,"Clayton",2000,-1.5,"0.1(log(n))^2",0.97
374,1000,5,"Clayton",2000,-1.5,"0.1(log(n))^2",0.52
375,1000,5,"Clayton",2000,-1.5,"0.1(log(n))^2",0.6
376,1000,5,"Clayton",2000,-1.5,"0.1(log(n))^2",0.3
377,1000,5,"Clayton",2000,-1.5,"0.1(log(n))^2",0.99
378,1000,5,"Clayton",2000,-1.5,"0.1(log(n))^2",0.75
379,1000,5,"Clayton",2000,-1.5,"0.1(log(n))^2",0.78
380,1000,5,"Clayton",2000,-1.5,"0.1(log(n))^2",0.51
381,1000,5,"Clayton",2000,-1.5,"0.1(log(n))^2",0.03
382,1000,5,"Clayton",2000,-1.5,"0.1(log(n))^2",0.85
383,1000,5,"Clayton",2000,-1.5,"0.1(log(n))^2",0.69
384,1000,5,"Clayton",2000,-1.5,"0.1(log(n))^2",0.38
385,1000,5,"Clayton",2000,-1.5,"0.1(log(n))^2",0.85
386,1000,5,"Clayton",2000,-1.5,"0.1(log(n))^2",0.62
387,1000,5,"Clayton",2000,-1.5,"0.1(log(n))^2",0.37
388,1000,5,"Clayton",2000,-1.5,"0.1(log(n))^2",0.37
389,1000,5,"Clayton",2000,-1.5,"0.1(log(n))^2",0.21
390,1000,5,"Clayton",2000,-1.5,"0.1(log(n))^2",0.47
391,1000,5,"Clayton",2000,-1.5,"0.1(log(n))^2",0.75
392,1000,5,"Clayton",2000,-1.5,"0.1(log(n))^2",0.43
393,1000,5,"Clayton",2000,-1.5,"0.1(log(n))^2",0.24
394,1000,5,"Clayton",2000,-1.5,"0.1(log(n))^2",0.43
395,1000,5,"Clayton",2000,-1.5,"0.1(log(n))^2",0.48
396,1000,5,"Clayton",2000,-1.5,"0.1(log(n))^2",0.68
397,1000,5,"Clayton",2000,-1.5,"0.1(log(n))^2",0.53
398,1000,5,"Clayton",2000,-1.5,"0.1(log(n))^2",0.29
399,1000,5,"Clayton",2000,-1.5,"0.1(log(n))^2",0.19
400,1000,5,"Clayton",2000,-1.5,"0.1(log(n))^2",0.9
401,1000,5,"Clayton",2000,-1.5,"0.1(log(n))^2",0.45
402,1000,5,"Clayton",2000,-1.5,"0.1(log(n))^2",0.81
403,1000,5,"Clayton",2000,-1.5,"0.1(log(n))^2",0.37
404,1000,5,"Clayton",2000,-1.5,"0.1(log(n))^2",0.98
405,1000,5,"Clayton",2000,-1.5,"0.1(log(n))^2",0.44
406,1000,5,"Clayton",2000,-1.5,"0.1(log(n))^2",0.36
407,1000,5,"Clayton",2000,-1.5,"0.1(log(n))^2",0.79
408,1000,5,"Clayton",2000,-1.5,"0.1(log(n))^2",0.97
409,1000,5,"Clayton",2000,-1.5,"0.1(log(n))^2",0.8
410,1000,5,"Clayton",2000,-1.5,"0.1(log(n))^2",0.97
411,1000,5,"Clayton",2000,-1.5,"0.1(log(n))^2",0.34
412,1000,5,"Clayton",2000,-1.5,"0.1(log(n))^2",0.86
413,1000,5,"Clayton",2000,-1.5,"0.1(log(n))^2",0.88
414,1000,5,"Clayton",2000,-1.5,"0.1(log(n))^2",0.97
415,1000,5,"Clayton",2000,-1.5,"0.1(log(n))^2",0.87
416,1000,5,"Clayton",2000,-1.5,"0.1(log(n))^2",0.97
417,1000,5,"Clayton",2000,-1.5,"0.1(log(n))^2",0.63
418,1000,5,"Clayton",2000,-1.5,"0.1(log(n))^2",0.1
419,1000,5,"Clayton",2000,-1.5,"0.1(log(n))^2",0.93
420,1000,5,"Clayton",2000,-1.5,"0.1(log(n))^2",0.83
421,1000,5,"Clayton",2000,-1.5,"0.1(log(n))^2",0.35
422,1000,5,"Clayton",2000,-1.5,"0.1(log(n))^2",0.02
423,1000,5,"Clayton",2000,-1.5,"0.1(log(n))^2",0.93
424,1000,5,"Clayton",2000,-1.5,"0.1(log(n))^2",0.6
425,1000,5,"Clayton",2000,-1.5,"0.1(log(n))^2",0.53
426,1000,5,"Clayton",2000,-1.5,"0.1(log(n))^2",0.49
427,1000,5,"Clayton",2000,-1.5,"0.1(log(n))^2",0.93
428,1000,5,"Clayton",2000,-1.5,"0.1(log(n))^2",0.85
429,1000,5,"Clayton",2000,-1.5,"0.1(log(n))^2",0.98
430,1000,5,"Clayton",2000,-1.5,"0.1(log(n))^2",0.43
431,1000,5,"Clayton",2000,-1.5,"0.1(log(n))^2",0.1
432,1000,5,"Clayton",2000,-1.5,"0.1(log(n))^2",0.9
433,1000,5,"Clayton",2000,-1.5,"0.1(log(n))^2",0.49
434,1000,5,"Clayton",2000,-1.5,"0.1(log(n))^2",0.46
435,1000,5,"Clayton",2000,-1.5,"0.1(log(n))^2",0.53
436,1000,5,"Clayton",2000,-1.5,"0.1(log(n))^2",0.39
437,1000,5,"Clayton",2000,-1.5,"0.1(log(n))^2",0.62
438,1000,5,"Clayton",2000,-1.5,"0.1(log(n))^2",0.72
439,1000,5,"Clayton",2000,-1.5,"0.1(log(n))^2",0.64
440,1000,5,"Clayton",2000,-1.5,"0.1(log(n))^2",1
441,1000,5,"Clayton",2000,-1.5,"0.1(log(n))^2",0.33
442,1000,5,"Clayton",2000,-1.5,"0.1(log(n))^2",0.48
443,1000,5,"Clayton",2000,-1.5,"0.1(log(n))^2",0.63
444,1000,5,"Clayton",2000,-1.5,"0.1(log(n))^2",0.75
445,1000,5,"Clayton",2000,-1.5,"0.1(log(n))^2",0.39
446,1000,5,"Clayton",2000,-1.5,"0.1(log(n))^2",0.68
447,1000,5,"Clayton",2000,-1.5,"0.1(log(n))^2",0.74
448,1000,5,"Clayton",2000,-1.5,"0.1(log(n))^2",0.64
449,1000,5,"Clayton",2000,-1.5,"0.1(log(n))^2",0.96
450,1000,5,"Clayton",2000,-1.5,"0.1(log(n))^2",0.95
451,1000,5,"Clayton",2000,-1.5,"0.1(log(n))^2",0.41
452,1000,5,"Clayton",2000,-1.5,"0.1(log(n))^2",0.88
453,1000,5,"Clayton",2000,-1.5,"0.1(log(n))^2",0.79
454,1000,5,"Clayton",2000,-1.5,"0.1(log(n))^2",0.04
455,1000,5,"Clayton",2000,-1.5,"0.1(log(n))^2",0.27
456,1000,5,"Clayton",2000,-1.5,"0.1(log(n))^2",0.2
457,1000,5,"Clayton",2000,-1.5,"0.1(log(n))^2",0.91
458,1000,5,"Clayton",2000,-1.5,"0.1(log(n))^2",0.65
459,1000,5,"Clayton",2000,-1.5,"0.1(log(n))^2",0.72
460,1000,5,"Clayton",2000,-1.5,"0.1(log(n))^2",0.66
461,1000,5,"Clayton",2000,-1.5,"0.1(log(n))^2",0.6
462,1000,5,"Clayton",2000,-1.5,"0.1(log(n))^2",0
463,1000,5,"Clayton",2000,-1.5,"0.1(log(n))^2",0.48
464,1000,5,"Clayton",2000,-1.5,"0.1(log(n))^2",0.31
465,1000,5,"Clayton",2000,-1.5,"0.1(log(n))^2",0.2
466,1000,5,"Clayton",2000,-1.5,"0.1(log(n))^2",0.4
467,1000,5,"Clayton",2000,-1.5,"0.1(log(n))^2",0.85
468,1000,5,"Clayton",2000,-1.5,"0.1(log(n))^2",0.37
469,1000,5,"Clayton",2000,-1.5,"0.1(log(n))^2",0.7
470,1000,5,"Clayton",2000,-1.5,"0.1(log(n))^2",0.59
471,1000,5,"Clayton",2000,-1.5,"0.1(log(n))^2",0.29
472,1000,5,"Clayton",2000,-1.5,"0.1(log(n))^2",0.23
473,1000,5,"Clayton",2000,-1.5,"0.1(log(n))^2",0.6
474,1000,5,"Clayton",2000,-1.5,"0.1(log(n))^2",0.64
475,1000,5,"Clayton",2000,-1.5,"0.1(log(n))^2",0.61
476,1000,5,"Clayton",2000,-1.5,"0.1(log(n))^2",0.95
477,1000,5,"Clayton",2000,-1.5,"0.1(log(n))^2",0.92
478,1000,5,"Clayton",2000,-1.5,"0.1(log(n))^2",0.93
479,1000,5,"Clayton",2000,-1.5,"0.1(log(n))^2",0.64
480,1000,5,"Clayton",2000,-1.5,"0.1(log(n))^2",0.41
481,1000,5,"Clayton",2000,-1.5,"0.1(log(n))^2",0.87
482,1000,5,"Clayton",2000,-1.5,"0.1(log(n))^2",0.96
483,1000,5,"Clayton",2000,-1.5,"0.1(log(n))^2",0.28
484,1000,5,"Clayton",2000,-1.5,"0.1(log(n))^2",0.79
485,1000,5,"Clayton",2000,-1.5,"0.1(log(n))^2",0.76
486,1000,5,"Clayton",2000,-1.5,"0.1(log(n))^2",0.94
487,1000,5,"Clayton",2000,-1.5,"0.1(log(n))^2",0.16
488,1000,5,"Clayton",2000,-1.5,"0.1(log(n))^2",0.16
489,1000,5,"Clayton",2000,-1.5,"0.1(log(n))^2",0.82
490,1000,5,"Clayton",2000,-1.5,"0.1(log(n))^2",1
491,1000,5,"Clayton",2000,-1.5,"0.1(log(n))^2",0.3
492,1000,5,"Clayton",2000,-1.5,"0.1(log(n))^2",0.93
493,1000,5,"Clayton",2000,-1.5,"0.1(log(n))^2",0.3
494,1000,5,"Clayton",2000,-1.5,"0.1(log(n))^2",0.97
495,1000,5,"Clayton",2000,-1.5,"0.1(log(n))^2",0.33
496,1000,5,"Clayton",2000,-1.5,"0.1(log(n))^2",0.68
497,1000,5,"Clayton",2000,-1.5,"0.1(log(n))^2",0.87
498,1000,5,"Clayton",2000,-1.5,"0.1(log(n))^2",0.37
499,1000,5,"Clayton",2000,-1.5,"0.1(log(n))^2",0.53
500,1000,5,"Clayton",2000,-1.5,"0.1(log(n))^2",0.41
501,1000,5,"Clayton",2000,-1.5,"0.1(log(n))^2",0.77
502,1000,5,"Clayton",2000,-1.5,"0.1(log(n))^2",0.45
503,1000,5,"Clayton",2000,-1.5,"0.1(log(n))^2",0.47
504,1000,5,"Clayton",2000,-1.5,"0.1(log(n))^2",0.39
505,1000,5,"Clayton",2000,-1.5,"0.1(log(n))^2",0.58
506,1000,5,"Clayton",2000,-1.5,"0.1(log(n))^2",0.52
507,1000,5,"Clayton",2000,-1.5,"0.1(log(n))^2",0.78
508,1000,5,"Clayton",2000,-1.5,"0.1(log(n))^2",0.43
509,1000,5,"Clayton",2000,-1.5,"0.1(log(n))^2",0.28
510,1000,5,"Clayton",2000,-1.5,"0.1(log(n))^2",0.56
511,1000,5,"Clayton",2000,-1.5,"0.1(log(n))^2",0.29
512,1000,5,"Clayton",2000,-1.5,"0.1(log(n))^2",0.57
513,1000,5,"Clayton",2000,-1.5,"0.1(log(n))^2",0.43
514,1000,5,"Clayton",2000,-1.5,"0.1(log(n))^2",0.3
515,1000,5,"Clayton",2000,-1.5,"0.1(log(n))^2",0.76
516,1000,5,"Clayton",2000,-1.5,"0.1(log(n))^2",0.13
517,1000,5,"Clayton",2000,-1.5,"0.1(log(n))^2",0.73
518,1000,5,"Clayton",2000,-1.5,"0.1(log(n))^2",0.8
519,1000,5,"Clayton",2000,-1.5,"0.1(log(n))^2",0.86
520,1000,5,"Clayton",2000,-1.5,"0.1(log(n))^2",0.7
521,1000,5,"Clayton",2000,-1.5,"0.1(log(n))^2",0.07
522,1000,5,"Clayton",2000,-1.5,"0.1(log(n))^2",0.42
523,1000,5,"Clayton",2000,-1.5,"0.1(log(n))^2",0.37
524,1000,5,"Clayton",2000,-1.5,"0.1(log(n))^2",0.8
525,1000,5,"Clayton",2000,-1.5,"0.1(log(n))^2",0.62
526,1000,5,"Clayton",2000,-1.5,"0.1(log(n))^2",0.67
527,1000,5,"Clayton",2000,-1.5,"0.1(log(n))^2",0.79
528,1000,5,"Clayton",2000,-1.5,"0.1(log(n))^2",0.89
529,1000,5,"Clayton",2000,-1.5,"0.1(log(n))^2",0.63
530,1000,5,"Clayton",2000,-1.5,"0.1(log(n))^2",0.78
531,1000,5,"Clayton",2000,-1.5,"0.1(log(n))^2",0.42
532,1000,5,"Clayton",2000,-1.5,"0.1(log(n))^2",0.91
533,1000,5,"Clayton",2000,-1.5,"0.1(log(n))^2",0.41
534,1000,5,"Clayton",2000,-1.5,"0.1(log(n))^2",0.09
535,1000,5,"Clayton",2000,-1.5,"0.1(log(n))^2",0.1
536,1000,5,"Clayton",2000,-1.5,"0.1(log(n))^2",0.19
537,1000,5,"Clayton",2000,-1.5,"0.1(log(n))^2",0.87
538,1000,5,"Clayton",2000,-1.5,"0.1(log(n))^2",0.55
539,1000,5,"Clayton",2000,-1.5,"0.1(log(n))^2",0.99
540,1000,5,"Clayton",2000,-1.5,"0.1(log(n))^2",0.39
541,1000,5,"Clayton",2000,-1.5,"0.1(log(n))^2",0.8
542,1000,5,"Clayton",2000,-1.5,"0.1(log(n))^2",0.09
543,1000,5,"Clayton",2000,-1.5,"0.1(log(n))^2",0.12
544,1000,5,"Clayton",2000,-1.5,"0.1(log(n))^2",1
545,1000,5,"Clayton",2000,-1.5,"0.1(log(n))^2",0.03
546,1000,5,"Clayton",2000,-1.5,"0.1(log(n))^2",0.58
547,1000,5,"Clayton",2000,-1.5,"0.1(log(n))^2",0.79
548,1000,5,"Clayton",2000,-1.5,"0.1(log(n))^2",0.07
549,1000,5,"Clayton",2000,-1.5,"0.1(log(n))^2",0.96
550,1000,5,"Clayton",2000,-1.5,"0.1(log(n))^2",0.33
551,1000,5,"Clayton",2000,-1.5,"0.1(log(n))^2",0.34
552,1000,5,"Clayton",2000,-1.5,"0.1(log(n))^2",0.7
553,1000,5,"Clayton",2000,-1.5,"0.1(log(n))^2",0.92
554,1000,5,"Clayton",2000,-1.5,"0.1(log(n))^2",0.95
555,1000,5,"Clayton",2000,-1.5,"0.1(log(n))^2",0.9
556,1000,5,"Clayton",2000,-1.5,"0.1(log(n))^2",0.68
557,1000,5,"Clayton",2000,-1.5,"0.1(log(n))^2",0.59
558,1000,5,"Clayton",2000,-1.5,"0.1(log(n))^2",0.84
559,1000,5,"Clayton",2000,-1.5,"0.1(log(n))^2",0.45
560,1000,5,"Clayton",2000,-1.5,"0.1(log(n))^2",0.58
561,1000,5,"Clayton",2000,-1.5,"0.1(log(n))^2",0.85
562,1000,5,"Clayton",2000,-1.5,"0.1(log(n))^2",0.26
563,1000,5,"Clayton",2000,-1.5,"0.1(log(n))^2",0.47
564,1000,5,"Clayton",2000,-1.5,"0.1(log(n))^2",1
565,1000,5,"Clayton",2000,-1.5,"0.1(log(n))^2",0.45
566,1000,5,"Clayton",2000,-1.5,"0.1(log(n))^2",0.5
567,1000,5,"Clayton",2000,-1.5,"0.1(log(n))^2",0.79
568,1000,5,"Clayton",2000,-1.5,"0.1(log(n))^2",0.91
569,1000,5,"Clayton",2000,-1.5,"0.1(log(n))^2",0.75
570,1000,5,"Clayton",2000,-1.5,"0.1(log(n))^2",0.16
571,1000,5,"Clayton",2000,-1.5,"0.1(log(n))^2",0.84
572,1000,5,"Clayton",2000,-1.5,"0.1(log(n))^2",0.27
573,1000,5,"Clayton",2000,-1.5,"0.1(log(n))^2",0.69
574,1000,5,"Clayton",2000,-1.5,"0.1(log(n))^2",0.45
575,1000,5,"Clayton",2000,-1.5,"0.1(log(n))^2",0.79
576,1000,5,"Clayton",2000,-1.5,"0.1(log(n))^2",0.41
577,1000,5,"Clayton",2000,-1.5,"0.1(log(n))^2",0.43
578,1000,5,"Clayton",2000,-1.5,"0.1(log(n))^2",1
579,1000,5,"Clayton",2000,-1.5,"0.1(log(n))^2",0.63
580,1000,5,"Clayton",2000,-1.5,"0.1(log(n))^2",0.38
581,1000,5,"Clayton",2000,-1.5,"0.1(log(n))^2",0.46
582,1000,5,"Clayton",2000,-1.5,"0.1(log(n))^2",0.71
583,1000,5,"Clayton",2000,-1.5,"0.1(log(n))^2",0.65
584,1000,5,"Clayton",2000,-1.5,"0.1(log(n))^2",0.67
585,1000,5,"Clayton",2000,-1.5,"0.1(log(n))^2",0.64
586,1000,5,"Clayton",2000,-1.5,"0.1(log(n))^2",0.4
587,1000,5,"Clayton",2000,-1.5,"0.1(log(n))^2",0.51
588,1000,5,"Clayton",2000,-1.5,"0.1(log(n))^2",0.07
589,1000,5,"Clayton",2000,-1.5,"0.1(log(n))^2",0.96
590,1000,5,"Clayton",2000,-1.5,"0.1(log(n))^2",0.97
591,1000,5,"Clayton",2000,-1.5,"0.1(log(n))^2",0.45
592,1000,5,"Clayton",2000,-1.5,"0.1(log(n))^2",0.84
593,1000,5,"Clayton",2000,-1.5,"0.1(log(n))^2",0.81
594,1000,5,"Clayton",2000,-1.5,"0.1(log(n))^2",0.56
595,1000,5,"Clayton",2000,-1.5,"0.1(log(n))^2",0.24
596,1000,5,"Clayton",2000,-1.5,"0.1(log(n))^2",0.76
597,1000,5,"Clayton",2000,-1.5,"0.1(log(n))^2",0.32
598,1000,5,"Clayton",2000,-1.5,"0.1(log(n))^2",0.29
599,1000,5,"Clayton",2000,-1.5,"0.1(log(n))^2",0.29
600,1000,5,"Clayton",2000,-1.5,"0.1(log(n))^2",0.73
601,1000,5,"Clayton",2000,-1.5,"0.1(log(n))^2",0.38
602,1000,5,"Clayton",2000,-1.5,"0.1(log(n))^2",0.74
603,1000,5,"Clayton",2000,-1.5,"0.1(log(n))^2",0.13
604,1000,5,"Clayton",2000,-1.5,"0.1(log(n))^2",0.46
605,1000,5,"Clayton",2000,-1.5,"0.1(log(n))^2",0.16
606,1000,5,"Clayton",2000,-1.5,"0.1(log(n))^2",0.65
607,1000,5,"Clayton",2000,-1.5,"0.1(log(n))^2",0.5
608,1000,5,"Clayton",2000,-1.5,"0.1(log(n))^2",0.23
609,1000,5,"Clayton",2000,-1.5,"0.1(log(n))^2",0.62
610,1000,5,"Clayton",2000,-1.5,"0.1(log(n))^2",0.68
611,1000,5,"Clayton",2000,-1.5,"0.1(log(n))^2",0.49
612,1000,5,"Clayton",2000,-1.5,"0.1(log(n))^2",0.9
613,1000,5,"Clayton",2000,-1.5,"0.1(log(n))^2",0.77
614,1000,5,"Clayton",2000,-1.5,"0.1(log(n))^2",0.53
615,1000,5,"Clayton",2000,-1.5,"0.1(log(n))^2",0.39
616,1000,5,"Clayton",2000,-1.5,"0.1(log(n))^2",0.84
617,1000,5,"Clayton",2000,-1.5,"0.1(log(n))^2",0.1
618,1000,5,"Clayton",2000,-1.5,"0.1(log(n))^2",0.84
619,1000,5,"Clayton",2000,-1.5,"0.1(log(n))^2",0.56
620,1000,5,"Clayton",2000,-1.5,"0.1(log(n))^2",0.81
621,1000,5,"Clayton",2000,-1.5,"0.1(log(n))^2",0.58
622,1000,5,"Clayton",2000,-1.5,"0.1(log(n))^2",0.25
623,1000,5,"Clayton",2000,-1.5,"0.1(log(n))^2",0.83
624,1000,5,"Clayton",2000,-1.5,"0.1(log(n))^2",0.22
625,1000,5,"Clayton",2000,-1.5,"0.1(log(n))^2",0.78
626,1000,5,"Clayton",2000,-1.5,"0.1(log(n))^2",0.94
627,1000,5,"Clayton",2000,-1.5,"0.1(log(n))^2",0.41
628,1000,5,"Clayton",2000,-1.5,"0.1(log(n))^2",0.28
629,1000,5,"Clayton",2000,-1.5,"0.1(log(n))^2",0.84
630,1000,5,"Clayton",2000,-1.5,"0.1(log(n))^2",0.98
631,1000,5,"Clayton",2000,-1.5,"0.1(log(n))^2",0.28
632,1000,5,"Clayton",2000,-1.5,"0.1(log(n))^2",0.47
633,1000,5,"Clayton",2000,-1.5,"0.1(log(n))^2",0.9
634,1000,5,"Clayton",2000,-1.5,"0.1(log(n))^2",0.59
635,1000,5,"Clayton",2000,-1.5,"0.1(log(n))^2",0.28
636,1000,5,"Clayton",2000,-1.5,"0.1(log(n))^2",0.51
637,1000,5,"Clayton",2000,-1.5,"0.1(log(n))^2",0.44
638,1000,5,"Clayton",2000,-1.5,"0.1(log(n))^2",0.67
639,1000,5,"Clayton",2000,-1.5,"0.1(log(n))^2",0.68
640,1000,5,"Clayton",2000,-1.5,"0.1(log(n))^2",0.7
641,1000,5,"Clayton",2000,-1.5,"0.1(log(n))^2",0.81
642,1000,5,"Clayton",2000,-1.5,"0.1(log(n))^2",0.29
643,1000,5,"Clayton",2000,-1.5,"0.1(log(n))^2",0.57
644,1000,5,"Clayton",2000,-1.5,"0.1(log(n))^2",0.44
645,1000,5,"Clayton",2000,-1.5,"0.1(log(n))^2",0.57
646,1000,5,"Clayton",2000,-1.5,"0.1(log(n))^2",0.43
647,1000,5,"Clayton",2000,-1.5,"0.1(log(n))^2",0.41
648,1000,5,"Clayton",2000,-1.5,"0.1(log(n))^2",0.46
649,1000,5,"Clayton",2000,-1.5,"0.1(log(n))^2",0.33
650,1000,5,"Clayton",2000,-1.5,"0.1(log(n))^2",0.12
651,1000,5,"Clayton",2000,-1.5,"0.1(log(n))^2",0.9
652,1000,5,"Clayton",2000,-1.5,"0.1(log(n))^2",0.27
653,1000,5,"Clayton",2000,-1.5,"0.1(log(n))^2",0.54
654,1000,5,"Clayton",2000,-1.5,"0.1(log(n))^2",0.88
655,1000,5,"Clayton",2000,-1.5,"0.1(log(n))^2",0.26
656,1000,5,"Clayton",2000,-1.5,"0.1(log(n))^2",0.93
657,1000,5,"Clayton",2000,-1.5,"0.1(log(n))^2",0.23
658,1000,5,"Clayton",2000,-1.5,"0.1(log(n))^2",0.92
659,1000,5,"Clayton",2000,-1.5,"0.1(log(n))^2",0.89
660,1000,5,"Clayton",2000,-1.5,"0.1(log(n))^2",0.44
661,1000,5,"Clayton",2000,-1.5,"0.1(log(n))^2",0.19
662,1000,5,"Clayton",2000,-1.5,"0.1(log(n))^2",0.38
663,1000,5,"Clayton",2000,-1.5,"0.1(log(n))^2",0.24
664,1000,5,"Clayton",2000,-1.5,"0.1(log(n))^2",0.63
665,1000,5,"Clayton",2000,-1.5,"0.1(log(n))^2",0.61
666,1000,5,"Clayton",2000,-1.5,"0.1(log(n))^2",0.53
667,1000,5,"Clayton",2000,-1.5,"0.1(log(n))^2",0.73
668,1000,5,"Clayton",2000,-1.5,"0.1(log(n))^2",0.53
669,1000,5,"Clayton",2000,-1.5,"0.1(log(n))^2",0.74
670,1000,5,"Clayton",2000,-1.5,"0.1(log(n))^2",0.53
671,1000,5,"Clayton",2000,-1.5,"0.1(log(n))^2",0.83
672,1000,5,"Clayton",2000,-1.5,"0.1(log(n))^2",0.78
673,1000,5,"Clayton",2000,-1.5,"0.1(log(n))^2",0.25
674,1000,5,"Clayton",2000,-1.5,"0.1(log(n))^2",0.59
675,1000,5,"Clayton",2000,-1.5,"0.1(log(n))^2",0.22
676,1000,5,"Clayton",2000,-1.5,"0.1(log(n))^2",0.58
677,1000,5,"Clayton",2000,-1.5,"0.1(log(n))^2",0.4
678,1000,5,"Clayton",2000,-1.5,"0.1(log(n))^2",0.92
679,1000,5,"Clayton",2000,-1.5,"0.1(log(n))^2",0.88
680,1000,5,"Clayton",2000,-1.5,"0.1(log(n))^2",0.87
681,1000,5,"Clayton",2000,-1.5,"0.1(log(n))^2",0.41
682,1000,5,"Clayton",2000,-1.5,"0.1(log(n))^2",0.53
683,1000,5,"Clayton",2000,-1.5,"0.1(log(n))^2",0.23
684,1000,5,"Clayton",2000,-1.5,"0.1(log(n))^2",0.83
685,1000,5,"Clayton",2000,-1.5,"0.1(log(n))^2",0.6
686,1000,5,"Clayton",2000,-1.5,"0.1(log(n))^2",0.68
687,1000,5,"Clayton",2000,-1.5,"0.1(log(n))^2",0.6
688,1000,5,"Clayton",2000,-1.5,"0.1(log(n))^2",0.31
689,1000,5,"Clayton",2000,-1.5,"0.1(log(n))^2",0.51
690,1000,5,"Clayton",2000,-1.5,"0.1(log(n))^2",0.3
691,1000,5,"Clayton",2000,-1.5,"0.1(log(n))^2",0.33
692,1000,5,"Clayton",2000,-1.5,"0.1(log(n))^2",0.45
693,1000,5,"Clayton",2000,-1.5,"0.1(log(n))^2",0.71
694,1000,5,"Clayton",2000,-1.5,"0.1(log(n))^2",0.14
695,1000,5,"Clayton",2000,-1.5,"0.1(log(n))^2",0.21
696,1000,5,"Clayton",2000,-1.5,"0.1(log(n))^2",0.65
697,1000,5,"Clayton",2000,-1.5,"0.1(log(n))^2",0.35
698,1000,5,"Clayton",2000,-1.5,"0.1(log(n))^2",0.75
699,1000,5,"Clayton",2000,-1.5,"0.1(log(n))^2",0.21
700,1000,5,"Clayton",2000,-1.5,"0.1(log(n))^2",0.52
701,1000,5,"Clayton",2000,-1.5,"0.1(log(n))^2",0.61
702,1000,5,"Clayton",2000,-1.5,"0.1(log(n))^2",0.29
703,1000,5,"Clayton",2000,-1.5,"0.1(log(n))^2",1
704,1000,5,"Clayton",2000,-1.5,"0.1(log(n))^2",0.74
705,1000,5,"Clayton",2000,-1.5,"0.1(log(n))^2",0.39
706,1000,5,"Clayton",2000,-1.5,"0.1(log(n))^2",0.68
707,1000,5,"Clayton",2000,-1.5,"0.1(log(n))^2",0.17
708,1000,5,"Clayton",2000,-1.5,"0.1(log(n))^2",0.87
709,1000,5,"Clayton",2000,-1.5,"0.1(log(n))^2",0.53
710,1000,5,"Clayton",2000,-1.5,"0.1(log(n))^2",0.67
711,1000,5,"Clayton",2000,-1.5,"0.1(log(n))^2",0.06
712,1000,5,"Clayton",2000,-1.5,"0.1(log(n))^2",0.47
713,1000,5,"Clayton",2000,-1.5,"0.1(log(n))^2",0.63
714,1000,5,"Clayton",2000,-1.5,"0.1(log(n))^2",0.65
715,1000,5,"Clayton",2000,-1.5,"0.1(log(n))^2",0.81
716,1000,5,"Clayton",2000,-1.5,"0.1(log(n))^2",0.63
717,1000,5,"Clayton",2000,-1.5,"0.1(log(n))^2",0.54
718,1000,5,"Clayton",2000,-1.5,"0.1(log(n))^2",0.66
719,1000,5,"Clayton",2000,-1.5,"0.1(log(n))^2",0.58
720,1000,5,"Clayton",2000,-1.5,"0.1(log(n))^2",0.24
721,1000,5,"Clayton",2000,-1.5,"0.1(log(n))^2",0.33
722,1000,5,"Clayton",2000,-1.5,"0.1(log(n))^2",0.21
723,1000,5,"Clayton",2000,-1.5,"0.1(log(n))^2",0.07
724,1000,5,"Clayton",2000,-1.5,"0.1(log(n))^2",0.69
725,1000,5,"Clayton",2000,-1.5,"0.1(log(n))^2",0.64
726,1000,5,"Clayton",2000,-1.5,"0.1(log(n))^2",0.74
727,1000,5,"Clayton",2000,-1.5,"0.1(log(n))^2",0.29
728,1000,5,"Clayton",2000,-1.5,"0.1(log(n))^2",0.54
729,1000,5,"Clayton",2000,-1.5,"0.1(log(n))^2",0.89
730,1000,5,"Clayton",2000,-1.5,"0.1(log(n))^2",0.64
731,1000,5,"Clayton",2000,-1.5,"0.1(log(n))^2",0.41
732,1000,5,"Clayton",2000,-1.5,"0.1(log(n))^2",0.34
733,1000,5,"Clayton",2000,-1.5,"0.1(log(n))^2",0.62
734,1000,5,"Clayton",2000,-1.5,"0.1(log(n))^2",0.16
735,1000,5,"Clayton",2000,-1.5,"0.1(log(n))^2",0.88
736,1000,5,"Clayton",2000,-1.5,"0.1(log(n))^2",0.44
737,1000,5,"Clayton",2000,-1.5,"0.1(log(n))^2",0.31
738,1000,5,"Clayton",2000,-1.5,"0.1(log(n))^2",0.26
739,1000,5,"Clayton",2000,-1.5,"0.1(log(n))^2",0.7
740,1000,5,"Clayton",2000,-1.5,"0.1(log(n))^2",0.7
741,1000,5,"Clayton",2000,-1.5,"0.1(log(n))^2",0.09
742,1000,5,"Clayton",2000,-1.5,"0.1(log(n))^2",0.54
743,1000,5,"Clayton",2000,-1.5,"0.1(log(n))^2",0.51
744,1000,5,"Clayton",2000,-1.5,"0.1(log(n))^2",0.1
745,1000,5,"Clayton",2000,-1.5,"0.1(log(n))^2",0.41
746,1000,5,"Clayton",2000,-1.5,"0.1(log(n))^2",0.99
747,1000,5,"Clayton",2000,-1.5,"0.1(log(n))^2",0.47
748,1000,5,"Clayton",2000,-1.5,"0.1(log(n))^2",0.25
749,1000,5,"Clayton",2000,-1.5,"0.1(log(n))^2",0.1
750,1000,5,"Clayton",2000,-1.5,"0.1(log(n))^2",0.99
751,1000,5,"Clayton",2000,-1.5,"0.1(log(n))^2",0.5
752,1000,5,"Clayton",2000,-1.5,"0.1(log(n))^2",0.51
753,1000,5,"Clayton",2000,-1.5,"0.1(log(n))^2",0.2
754,1000,5,"Clayton",2000,-1.5,"0.1(log(n))^2",0.38
755,1000,5,"Clayton",2000,-1.5,"0.1(log(n))^2",0.7
756,1000,5,"Clayton",2000,-1.5,"0.1(log(n))^2",0.6
757,1000,5,"Clayton",2000,-1.5,"0.1(log(n))^2",0.46
758,1000,5,"Clayton",2000,-1.5,"0.1(log(n))^2",0.82
759,1000,5,"Clayton",2000,-1.5,"0.1(log(n))^2",0.8
760,1000,5,"Clayton",2000,-1.5,"0.1(log(n))^2",0.94
761,1000,5,"Clayton",2000,-1.5,"0.1(log(n))^2",0.59
762,1000,5,"Clayton",2000,-1.5,"0.1(log(n))^2",0.65
763,1000,5,"Clayton",2000,-1.5,"0.1(log(n))^2",0.93
764,1000,5,"Clayton",2000,-1.5,"0.1(log(n))^2",0.21
765,1000,5,"Clayton",2000,-1.5,"0.1(log(n))^2",0.29
766,1000,5,"Clayton",2000,-1.5,"0.1(log(n))^2",0.76
767,1000,5,"Clayton",2000,-1.5,"0.1(log(n))^2",0.79
768,1000,5,"Clayton",2000,-1.5,"0.1(log(n))^2",0.71
769,1000,5,"Clayton",2000,-1.5,"0.1(log(n))^2",0.45
770,1000,5,"Clayton",2000,-1.5,"0.1(log(n))^2",0.13
771,1000,5,"Clayton",2000,-1.5,"0.1(log(n))^2",0.65
772,1000,5,"Clayton",2000,-1.5,"0.1(log(n))^2",0.87
773,1000,5,"Clayton",2000,-1.5,"0.1(log(n))^2",0.06
774,1000,5,"Clayton",2000,-1.5,"0.1(log(n))^2",0.41
775,1000,5,"Clayton",2000,-1.5,"0.1(log(n))^2",0.22
776,1000,5,"Clayton",2000,-1.5,"0.1(log(n))^2",0.97
777,1000,5,"Clayton",2000,-1.5,"0.1(log(n))^2",0.56
778,1000,5,"Clayton",2000,-1.5,"0.1(log(n))^2",0.98
779,1000,5,"Clayton",2000,-1.5,"0.1(log(n))^2",0.49
780,1000,5,"Clayton",2000,-1.5,"0.1(log(n))^2",0.07
781,1000,5,"Clayton",2000,-1.5,"0.1(log(n))^2",0.41
782,1000,5,"Clayton",2000,-1.5,"0.1(log(n))^2",0.65
783,1000,5,"Clayton",2000,-1.5,"0.1(log(n))^2",0.75
784,1000,5,"Clayton",2000,-1.5,"0.1(log(n))^2",0.86
785,1000,5,"Clayton",2000,-1.5,"0.1(log(n))^2",0.82
786,1000,5,"Clayton",2000,-1.5,"0.1(log(n))^2",0.18
787,1000,5,"Clayton",2000,-1.5,"0.1(log(n))^2",0.16
788,1000,5,"Clayton",2000,-1.5,"0.1(log(n))^2",0.17
789,1000,5,"Clayton",2000,-1.5,"0.1(log(n))^2",0.36
790,1000,5,"Clayton",2000,-1.5,"0.1(log(n))^2",0.69
791,1000,5,"Clayton",2000,-1.5,"0.1(log(n))^2",0.31
792,1000,5,"Clayton",2000,-1.5,"0.1(log(n))^2",0.46
793,1000,5,"Clayton",2000,-1.5,"0.1(log(n))^2",0.85
794,1000,5,"Clayton",2000,-1.5,"0.1(log(n))^2",0.39
795,1000,5,"Clayton",2000,-1.5,"0.1(log(n))^2",0.39
796,1000,5,"Clayton",2000,-1.5,"0.1(log(n))^2",0.1
797,1000,5,"Clayton",2000,-1.5,"0.1(log(n))^2",0.9
798,1000,5,"Clayton",2000,-1.5,"0.1(log(n))^2",0.02
799,1000,5,"Clayton",2000,-1.5,"0.1(log(n))^2",0.83
800,1000,5,"Clayton",2000,-1.5,"0.1(log(n))^2",0.7
801,1000,5,"Clayton",2000,-1.5,"0.1(log(n))^2",0.8
802,1000,5,"Clayton",2000,-1.5,"0.1(log(n))^2",0.28
803,1000,5,"Clayton",2000,-1.5,"0.1(log(n))^2",0.44
804,1000,5,"Clayton",2000,-1.5,"0.1(log(n))^2",0.71
805,1000,5,"Clayton",2000,-1.5,"0.1(log(n))^2",0.9
806,1000,5,"Clayton",2000,-1.5,"0.1(log(n))^2",0.21
807,1000,5,"Clayton",2000,-1.5,"0.1(log(n))^2",0.03
808,1000,5,"Clayton",2000,-1.5,"0.1(log(n))^2",0.49
809,1000,5,"Clayton",2000,-1.5,"0.1(log(n))^2",0.83
810,1000,5,"Clayton",2000,-1.5,"0.1(log(n))^2",0.76
811,1000,5,"Clayton",2000,-1.5,"0.1(log(n))^2",0.08
812,1000,5,"Clayton",2000,-1.5,"0.1(log(n))^2",0.1
813,1000,5,"Clayton",2000,-1.5,"0.1(log(n))^2",0.88
814,1000,5,"Clayton",2000,-1.5,"0.1(log(n))^2",0.12
815,1000,5,"Clayton",2000,-1.5,"0.1(log(n))^2",0.04
816,1000,5,"Clayton",2000,-1.5,"0.1(log(n))^2",0.31
817,1000,5,"Clayton",2000,-1.5,"0.1(log(n))^2",0.08
818,1000,5,"Clayton",2000,-1.5,"0.1(log(n))^2",0.46
819,1000,5,"Clayton",2000,-1.5,"0.1(log(n))^2",0.83
820,1000,5,"Clayton",2000,-1.5,"0.1(log(n))^2",0.66
821,1000,5,"Clayton",2000,-1.5,"0.1(log(n))^2",0.41
822,1000,5,"Clayton",2000,-1.5,"0.1(log(n))^2",0.47
823,1000,5,"Clayton",2000,-1.5,"0.1(log(n))^2",0.58
824,1000,5,"Clayton",2000,-1.5,"0.1(log(n))^2",0.26
825,1000,5,"Clayton",2000,-1.5,"0.1(log(n))^2",0.67
826,1000,5,"Clayton",2000,-1.5,"0.1(log(n))^2",0.5
827,1000,5,"Clayton",2000,-1.5,"0.1(log(n))^2",0.44
828,1000,5,"Clayton",2000,-1.5,"0.1(log(n))^2",0.45
829,1000,5,"Clayton",2000,-1.5,"0.1(log(n))^2",0.53
830,1000,5,"Clayton",2000,-1.5,"0.1(log(n))^2",0.94
831,1000,5,"Clayton",2000,-1.5,"0.1(log(n))^2",0.46
832,1000,5,"Clayton",2000,-1.5,"0.1(log(n))^2",0.99
833,1000,5,"Clayton",2000,-1.5,"0.1(log(n))^2",0.74
834,1000,5,"Clayton",2000,-1.5,"0.1(log(n))^2",0.48
835,1000,5,"Clayton",2000,-1.5,"0.1(log(n))^2",0.33
836,1000,5,"Clayton",2000,-1.5,"0.1(log(n))^2",0.37
837,1000,5,"Clayton",2000,-1.5,"0.1(log(n))^2",0.94
838,1000,5,"Clayton",2000,-1.5,"0.1(log(n))^2",0.37
839,1000,5,"Clayton",2000,-1.5,"0.1(log(n))^2",0.98
840,1000,5,"Clayton",2000,-1.5,"0.1(log(n))^2",0.28
841,1000,5,"Clayton",2000,-1.5,"0.1(log(n))^2",0.18
842,1000,5,"Clayton",2000,-1.5,"0.1(log(n))^2",0.61
843,1000,5,"Clayton",2000,-1.5,"0.1(log(n))^2",0.42
844,1000,5,"Clayton",2000,-1.5,"0.1(log(n))^2",0.75
845,1000,5,"Clayton",2000,-1.5,"0.1(log(n))^2",0.94
846,1000,5,"Clayton",2000,-1.5,"0.1(log(n))^2",0.72
847,1000,5,"Clayton",2000,-1.5,"0.1(log(n))^2",0.15
848,1000,5,"Clayton",2000,-1.5,"0.1(log(n))^2",0.12
849,1000,5,"Clayton",2000,-1.5,"0.1(log(n))^2",0.72
850,1000,5,"Clayton",2000,-1.5,"0.1(log(n))^2",0.81
851,1000,5,"Clayton",2000,-1.5,"0.1(log(n))^2",0.94
852,1000,5,"Clayton",2000,-1.5,"0.1(log(n))^2",0.88
853,1000,5,"Clayton",2000,-1.5,"0.1(log(n))^2",0.14
854,1000,5,"Clayton",2000,-1.5,"0.1(log(n))^2",0.38
855,1000,5,"Clayton",2000,-1.5,"0.1(log(n))^2",0.74
856,1000,5,"Clayton",2000,-1.5,"0.1(log(n))^2",0.63
857,1000,5,"Clayton",2000,-1.5,"0.1(log(n))^2",0.96
858,1000,5,"Clayton",2000,-1.5,"0.1(log(n))^2",0.53
859,1000,5,"Clayton",2000,-1.5,"0.1(log(n))^2",0.89
860,1000,5,"Clayton",2000,-1.5,"0.1(log(n))^2",0.02
861,1000,5,"Clayton",2000,-1.5,"0.1(log(n))^2",0.75
862,1000,5,"Clayton",2000,-1.5,"0.1(log(n))^2",0.65
863,1000,5,"Clayton",2000,-1.5,"0.1(log(n))^2",0.96
864,1000,5,"Clayton",2000,-1.5,"0.1(log(n))^2",0.3
865,1000,5,"Clayton",2000,-1.5,"0.1(log(n))^2",0.71
866,1000,5,"Clayton",2000,-1.5,"0.1(log(n))^2",0.57
867,1000,5,"Clayton",2000,-1.5,"0.1(log(n))^2",0.65
868,1000,5,"Clayton",2000,-1.5,"0.1(log(n))^2",0.62
869,1000,5,"Clayton",2000,-1.5,"0.1(log(n))^2",0.95
870,1000,5,"Clayton",2000,-1.5,"0.1(log(n))^2",0.74
871,1000,5,"Clayton",2000,-1.5,"0.1(log(n))^2",0.07
872,1000,5,"Clayton",2000,-1.5,"0.1(log(n))^2",0.08
873,1000,5,"Clayton",2000,-1.5,"0.1(log(n))^2",0.34
874,1000,5,"Clayton",2000,-1.5,"0.1(log(n))^2",0.38
875,1000,5,"Clayton",2000,-1.5,"0.1(log(n))^2",0.53
876,1000,5,"Clayton",2000,-1.5,"0.1(log(n))^2",0.53
877,1000,5,"Clayton",2000,-1.5,"0.1(log(n))^2",0.65
878,1000,5,"Clayton",2000,-1.5,"0.1(log(n))^2",0.29
879,1000,5,"Clayton",2000,-1.5,"0.1(log(n))^2",0.04
880,1000,5,"Clayton",2000,-1.5,"0.1(log(n))^2",0.91
881,1000,5,"Clayton",2000,-1.5,"0.1(log(n))^2",0.75
882,1000,5,"Clayton",2000,-1.5,"0.1(log(n))^2",0.65
883,1000,5,"Clayton",2000,-1.5,"0.1(log(n))^2",0.03
884,1000,5,"Clayton",2000,-1.5,"0.1(log(n))^2",0.18
885,1000,5,"Clayton",2000,-1.5,"0.1(log(n))^2",0.59
886,1000,5,"Clayton",2000,-1.5,"0.1(log(n))^2",0.05
887,1000,5,"Clayton",2000,-1.5,"0.1(log(n))^2",0.94
888,1000,5,"Clayton",2000,-1.5,"0.1(log(n))^2",0.54
889,1000,5,"Clayton",2000,-1.5,"0.1(log(n))^2",0.35
890,1000,5,"Clayton",2000,-1.5,"0.1(log(n))^2",0.23
891,1000,5,"Clayton",2000,-1.5,"0.1(log(n))^2",0.42
892,1000,5,"Clayton",2000,-1.5,"0.1(log(n))^2",0.01
893,1000,5,"Clayton",2000,-1.5,"0.1(log(n))^2",0.07
894,1000,5,"Clayton",2000,-1.5,"0.1(log(n))^2",0.64
895,1000,5,"Clayton",2000,-1.5,"0.1(log(n))^2",0.87
896,1000,5,"Clayton",2000,-1.5,"0.1(log(n))^2",0.83
897,1000,5,"Clayton",2000,-1.5,"0.1(log(n))^2",0.84
898,1000,5,"Clayton",2000,-1.5,"0.1(log(n))^2",0.44
899,1000,5,"Clayton",2000,-1.5,"0.1(log(n))^2",0.95
900,1000,5,"Clayton",2000,-1.5,"0.1(log(n))^2",0.65
901,1000,5,"Clayton",2000,-1.5,"0.1(log(n))^2",0.52
902,1000,5,"Clayton",2000,-1.5,"0.1(log(n))^2",0.62
903,1000,5,"Clayton",2000,-1.5,"0.1(log(n))^2",0.17
904,1000,5,"Clayton",2000,-1.5,"0.1(log(n))^2",0.59
905,1000,5,"Clayton",2000,-1.5,"0.1(log(n))^2",0.65
906,1000,5,"Clayton",2000,-1.5,"0.1(log(n))^2",0.14
907,1000,5,"Clayton",2000,-1.5,"0.1(log(n))^2",0.11
908,1000,5,"Clayton",2000,-1.5,"0.1(log(n))^2",0.88
909,1000,5,"Clayton",2000,-1.5,"0.1(log(n))^2",0.24
910,1000,5,"Clayton",2000,-1.5,"0.1(log(n))^2",0.85
911,1000,5,"Clayton",2000,-1.5,"0.1(log(n))^2",0.36
912,1000,5,"Clayton",2000,-1.5,"0.1(log(n))^2",0.56
913,1000,5,"Clayton",2000,-1.5,"0.1(log(n))^2",0.46
914,1000,5,"Clayton",2000,-1.5,"0.1(log(n))^2",0.98
915,1000,5,"Clayton",2000,-1.5,"0.1(log(n))^2",0.86
916,1000,5,"Clayton",2000,-1.5,"0.1(log(n))^2",0.94
917,1000,5,"Clayton",2000,-1.5,"0.1(log(n))^2",0.39
918,1000,5,"Clayton",2000,-1.5,"0.1(log(n))^2",0.05
919,1000,5,"Clayton",2000,-1.5,"0.1(log(n))^2",0.94
920,1000,5,"Clayton",2000,-1.5,"0.1(log(n))^2",0.13
921,1000,5,"Clayton",2000,-1.5,"0.1(log(n))^2",0.21
922,1000,5,"Clayton",2000,-1.5,"0.1(log(n))^2",0.02
923,1000,5,"Clayton",2000,-1.5,"0.1(log(n))^2",0.88
924,1000,5,"Clayton",2000,-1.5,"0.1(log(n))^2",0.41
925,1000,5,"Clayton",2000,-1.5,"0.1(log(n))^2",0.19
926,1000,5,"Clayton",2000,-1.5,"0.1(log(n))^2",0.79
927,1000,5,"Clayton",2000,-1.5,"0.1(log(n))^2",0.77
928,1000,5,"Clayton",2000,-1.5,"0.1(log(n))^2",0.44
929,1000,5,"Clayton",2000,-1.5,"0.1(log(n))^2",0.62
930,1000,5,"Clayton",2000,-1.5,"0.1(log(n))^2",0.07
931,1000,5,"Clayton",2000,-1.5,"0.1(log(n))^2",0.93
932,1000,5,"Clayton",2000,-1.5,"0.1(log(n))^2",0.54
933,1000,5,"Clayton",2000,-1.5,"0.1(log(n))^2",0.63
934,1000,5,"Clayton",2000,-1.5,"0.1(log(n))^2",0.02
935,1000,5,"Clayton",2000,-1.5,"0.1(log(n))^2",0.77
936,1000,5,"Clayton",2000,-1.5,"0.1(log(n))^2",0.43
937,1000,5,"Clayton",2000,-1.5,"0.1(log(n))^2",0.89
938,1000,5,"Clayton",2000,-1.5,"0.1(log(n))^2",0.37
939,1000,5,"Clayton",2000,-1.5,"0.1(log(n))^2",0.66
940,1000,5,"Clayton",2000,-1.5,"0.1(log(n))^2",0.47
941,1000,5,"Clayton",2000,-1.5,"0.1(log(n))^2",0.54
942,1000,5,"Clayton",2000,-1.5,"0.1(log(n))^2",1
943,1000,5,"Clayton",2000,-1.5,"0.1(log(n))^2",0.75
944,1000,5,"Clayton",2000,-1.5,"0.1(log(n))^2",0.73
945,1000,5,"Clayton",2000,-1.5,"0.1(log(n))^2",0.16
946,1000,5,"Clayton",2000,-1.5,"0.1(log(n))^2",0.74
947,1000,5,"Clayton",2000,-1.5,"0.1(log(n))^2",0.97
948,1000,5,"Clayton",2000,-1.5,"0.1(log(n))^2",0.21
949,1000,5,"Clayton",2000,-1.5,"0.1(log(n))^2",0.9
950,1000,5,"Clayton",2000,-1.5,"0.1(log(n))^2",0.86
951,1000,5,"Clayton",2000,-1.5,"0.1(log(n))^2",0.46
952,1000,5,"Clayton",2000,-1.5,"0.1(log(n))^2",0.35
953,1000,5,"Clayton",2000,-1.5,"0.1(log(n))^2",0.82
954,1000,5,"Clayton",2000,-1.5,"0.1(log(n))^2",0.89
955,1000,5,"Clayton",2000,-1.5,"0.1(log(n))^2",0.5
956,1000,5,"Clayton",2000,-1.5,"0.1(log(n))^2",0.74
957,1000,5,"Clayton",2000,-1.5,"0.1(log(n))^2",0.8
958,1000,5,"Clayton",2000,-1.5,"0.1(log(n))^2",0.1
959,1000,5,"Clayton",2000,-1.5,"0.1(log(n))^2",0.33
960,1000,5,"Clayton",2000,-1.5,"0.1(log(n))^2",0.93
961,1000,5,"Clayton",2000,-1.5,"0.1(log(n))^2",0.53
962,1000,5,"Clayton",2000,-1.5,"0.1(log(n))^2",0.29
963,1000,5,"Clayton",2000,-1.5,"0.1(log(n))^2",0.46
964,1000,5,"Clayton",2000,-1.5,"0.1(log(n))^2",0.01
965,1000,5,"Clayton",2000,-1.5,"0.1(log(n))^2",0.36
966,1000,5,"Clayton",2000,-1.5,"0.1(log(n))^2",0.74
967,1000,5,"Clayton",2000,-1.5,"0.1(log(n))^2",0.66
968,1000,5,"Clayton",2000,-1.5,"0.1(log(n))^2",0.88
969,1000,5,"Clayton",2000,-1.5,"0.1(log(n))^2",0.74
970,1000,5,"Clayton",2000,-1.5,"0.1(log(n))^2",0.17
971,1000,5,"Clayton",2000,-1.5,"0.1(log(n))^2",0.34
972,1000,5,"Clayton",2000,-1.5,"0.1(log(n))^2",0.58
973,1000,5,"Clayton",2000,-1.5,"0.1(log(n))^2",0.59
974,1000,5,"Clayton",2000,-1.5,"0.1(log(n))^2",0.31
975,1000,5,"Clayton",2000,-1.5,"0.1(log(n))^2",0.86
976,1000,5,"Clayton",2000,-1.5,"0.1(log(n))^2",0.89
977,1000,5,"Clayton",2000,-1.5,"0.1(log(n))^2",0.96
978,1000,5,"Clayton",2000,-1.5,"0.1(log(n))^2",0.97
979,1000,5,"Clayton",2000,-1.5,"0.1(log(n))^2",0.75
980,1000,5,"Clayton",2000,-1.5,"0.1(log(n))^2",0.46
981,1000,5,"Clayton",2000,-1.5,"0.1(log(n))^2",0.96
982,1000,5,"Clayton",2000,-1.5,"0.1(log(n))^2",0.33
983,1000,5,"Clayton",2000,-1.5,"0.1(log(n))^2",1
984,1000,5,"Clayton",2000,-1.5,"0.1(log(n))^2",0.11
985,1000,5,"Clayton",2000,-1.5,"0.1(log(n))^2",0.37
986,1000,5,"Clayton",2000,-1.5,"0.1(log(n))^2",0.93
987,1000,5,"Clayton",2000,-1.5,"0.1(log(n))^2",0.23
988,1000,5,"Clayton",2000,-1.5,"0.1(log(n))^2",0.71
989,1000,5,"Clayton",2000,-1.5,"0.1(log(n))^2",0.35
990,1000,5,"Clayton",2000,-1.5,"0.1(log(n))^2",0.43
991,1000,5,"Clayton",2000,-1.5,"0.1(log(n))^2",0.96
992,1000,5,"Clayton",2000,-1.5,"0.1(log(n))^2",0.61
993,1000,5,"Clayton",2000,-1.5,"0.1(log(n))^2",0.96
994,1000,5,"Clayton",2000,-1.5,"0.1(log(n))^2",0.79
995,1000,5,"Clayton",2000,-1.5,"0.1(log(n))^2",0.31
996,1000,5,"Clayton",2000,-1.5,"0.1(log(n))^2",0.72
997,1000,5,"Clayton",2000,-1.5,"0.1(log(n))^2",0.68
998,1000,5,"Clayton",2000,-1.5,"0.1(log(n))^2",0.69
999,1000,5,"Clayton",2000,-1.5,"0.1(log(n))^2",0.97
1000,1000,5,"Clayton",2000,-1.5,"0.1(log(n))^2",0.63
